# Blender 4.5.3 LTS
# www.blender.org
o mesh_node
v -0.271587 -0.948506 0.025195
v -0.272519 -0.918004 0.002946
v -0.271034 -0.917763 -0.030071
v -0.270726 -0.949689 -0.024205
v -0.269669 -0.917646 0.037075
v -0.269066 -0.948881 -0.042415
v -0.264995 -0.917907 -0.064321
v -0.266631 -0.918384 0.055100
v -0.264552 -0.950393 -0.061700
v -0.262910 -0.950426 0.068288
v -0.263203 -0.915624 0.025203
v -0.264597 -0.895131 0.003811
v -0.263077 -0.915120 -0.023286
v -0.262088 -0.895634 -0.038778
v -0.262322 -0.901587 0.043268
v -0.262168 -0.917711 0.073245
v -0.258952 -0.949993 -0.083925
v -0.260606 -0.915477 -0.042549
v -0.260404 -0.915317 0.040722
v -0.258788 -0.913185 -0.051676
v -0.256599 -0.917816 -0.092812
v -0.259391 -0.894800 0.048678
v -0.258804 -0.915402 0.050976
v -0.256555 -0.915173 -0.061096
v -0.255686 -0.917811 0.092982
v -0.251598 -0.894983 -0.081991
v -0.256524 -0.915434 0.060546
v -0.254585 -0.915657 -0.071741
v -0.254489 -0.914901 0.068160
v -0.252677 -0.949953 0.100169
v -0.252243 -0.895711 0.078842
v -0.254244 -0.949080 -0.098609
v -0.249076 -0.904969 -0.092116
v -0.252221 -0.915634 0.077042
v -0.251399 -0.915266 -0.080614
v -0.250666 -0.917732 0.105598
v -0.248049 -0.882711 -0.025854
v -0.240689 -0.917641 -0.128702
v -0.247900 -0.915392 -0.090543
v -0.244381 -0.880547 0.034090
v -0.239647 -0.883951 0.071482
v -0.244418 -0.902946 0.102726
v -0.242509 -0.949575 0.122324
v -0.251026 -0.782579 0.000475
v -0.247843 -0.915784 0.090451
v -0.246123 -0.949506 -0.116846
v -0.250963 -0.753604 -0.004692
v -0.248476 -0.784283 0.030397
v -0.247400 -0.784452 -0.036522
v -0.238499 -0.882439 -0.071754
v -0.241052 -0.748813 0.024621
v -0.243452 -0.753655 -0.059587
v -0.244092 -0.915380 -0.101206
v -0.242723 -0.894639 0.102524
v -0.243456 -0.915223 0.100095
v -0.243914 -0.784075 -0.056615
v -0.246090 -0.753753 0.045229
v -0.241624 -0.748843 -0.024309
v -0.243138 -0.784312 0.056644
v -0.242236 -0.787155 -0.025711
v -0.238069 -0.894858 -0.115154
v -0.238764 -0.914930 -0.113218
v -0.241195 -0.753398 0.065788
v -0.233145 -0.862106 0.029085
v -0.238927 -0.915834 0.111458
v -0.240719 -0.786982 0.032636
v -0.234537 -0.917674 0.137842
v -0.237012 -0.783989 0.080208
v -0.241159 -0.794537 -0.021296
v -0.240900 -0.794881 0.020709
v -0.235395 -0.868639 -0.038932
v -0.240095 -0.950099 -0.126576
v -0.237651 -0.784194 -0.078946
v -0.238565 -0.787363 -0.046924
v -0.230129 -0.901910 -0.133855
v -0.235219 -0.794286 0.056637
v -0.233865 -0.949259 -0.140104
v -0.237621 -0.794185 -0.046457
v -0.235129 -0.915981 -0.122147
v -0.232890 -0.754102 -0.093387
v -0.236367 -0.787842 0.054041
v -0.236137 -0.753816 0.081908
v -0.233747 -0.857356 0.006100
v -0.233283 -0.748828 -0.065903
v -0.217079 -0.878975 0.111818
v -0.234873 -0.915473 0.119792
v -0.234969 -0.786449 -0.064558
v -0.234348 -0.803027 0.018712
v -0.233194 -0.803952 -0.029159
v -0.232876 -0.786721 0.069666
v -0.229056 -0.748824 0.078149
v -0.230231 -0.949796 0.144191
v -0.229205 -0.915244 0.128894
v -0.229651 -0.786863 -0.080367
v -0.230642 -0.794538 -0.073471
v -0.220410 -0.865202 -0.087694
v -0.230088 -0.754003 0.097643
v -0.223400 -0.882237 -0.109648
v -0.227993 -0.895989 0.133160
v -0.229311 -0.870138 0.067264
v -0.223578 -0.805590 0.068921
v -0.229803 -0.916112 -0.132571
v -0.230375 -0.783730 -0.098995
v -0.219474 -0.901524 0.149133
v -0.227125 -0.848852 -0.043615
v -0.228076 -0.912972 -0.132356
v -0.226168 -0.786552 0.088561
v -0.221788 -0.894107 -0.143119
v -0.228485 -0.828932 0.016900
v -0.228701 -0.825937 -0.016074
v -0.217014 -0.918052 -0.166227
v -0.225033 -0.818886 0.046593
v -0.222949 -0.949733 -0.156774
v -0.223222 -0.803372 -0.074755
v -0.226882 -0.916039 0.134906
v -0.225130 -0.784276 -0.109279
v -0.221803 -0.819296 -0.064309
v -0.225094 -0.917831 0.152524
v -0.218824 -0.794260 0.102675
v -0.213455 -0.748877 -0.115610
v -0.225661 -0.783936 0.107361
v -0.212655 -0.949508 0.168873
v -0.220184 -0.754044 0.118006
v -0.223858 -0.787152 -0.094759
v -0.215440 -0.851062 0.085034
v -0.213883 -0.894494 0.153644
v -0.221078 -0.914814 -0.144501
v -0.220815 -0.794576 -0.099446
v -0.213369 -0.753836 -0.131801
v -0.221596 -0.915593 0.142744
v -0.220013 -0.787877 0.100952
v -0.210965 -0.897225 -0.161388
v -0.219027 -0.783942 -0.121767
v -0.216978 -0.917617 0.163219
v -0.218806 -0.787028 -0.106160
v -0.209387 -0.784060 0.136330
v -0.209327 -0.839090 -0.096782
v -0.215979 -0.829403 0.076531
v -0.216032 -0.915780 0.150782
v -0.213844 -0.787046 -0.114996
v -0.213237 -0.916182 -0.157560
v -0.212459 -0.748875 0.115007
v -0.207490 -0.913429 -0.163160
v -0.213610 -0.787002 0.113684
v -0.209719 -0.794618 -0.120397
v -0.212867 -0.950605 -0.168166
v -0.204104 -0.853232 -0.112367
v -0.201775 -0.813092 -0.114474
v -0.211155 -0.753576 0.132583
v -0.207356 -0.915805 0.162061
v -0.207069 -0.787041 0.125910
v -0.204669 -0.754125 0.143328
v -0.207582 -0.786918 -0.127041
v -0.198992 -0.819084 0.116071
v -0.199790 -0.794108 0.136386
v -0.202027 -0.916216 -0.172031
v -0.206541 -0.917911 0.176806
v -0.201586 -0.856622 0.116370
v -0.210520 0.407712 -0.055027
v -0.203929 -0.949098 -0.181553
v -0.193647 -0.868234 0.137813
v -0.195948 -0.883395 0.154313
v -0.209048 0.388195 -0.086489
v -0.208279 -0.783845 -0.139596
v -0.205330 0.417905 -0.085909
v -0.200104 -0.803857 0.122323
v -0.191044 -0.904697 -0.185096
v -0.205435 0.380052 -0.068535
v -0.205870 0.434400 -0.024426
v -0.192979 -0.882869 -0.158962
v -0.204961 0.419641 -0.018495
v -0.201701 0.389963 -0.118578
v -0.196617 -0.949908 -0.187810
v -0.198564 -0.749049 0.137132
v -0.195988 -0.753912 -0.156741
v -0.193844 -0.950208 0.189839
v -0.201670 -0.869651 -0.129250
v -0.193113 -0.786614 0.147087
v -0.197446 0.411631 -0.109617
v -0.193589 -0.917555 -0.192160
v -0.199991 -0.916147 0.172014
v -0.199575 0.447725 -0.030230
v -0.199604 -0.786906 -0.139207
v -0.190183 -0.749040 -0.150452
v -0.196482 0.389695 -0.030709
v -0.200330 0.467777 0.016597
v -0.198709 -0.787799 0.138010
v -0.198968 -0.783994 -0.152520
v -0.193781 0.365812 -0.064594
v -0.194574 -0.917658 0.189324
v -0.190413 -0.794432 -0.150725
v -0.197255 -0.753652 0.152540
v -0.194366 0.484994 0.022993
v -0.196961 0.451034 0.029944
v -0.199094 0.475357 0.036553
v -0.187060 -0.783810 0.165535
v -0.193341 0.432362 -0.080296
v -0.184651 -0.839540 -0.138421
v -0.194710 -0.915222 -0.179011
v -0.190626 0.415091 -0.133661
v -0.181817 -0.894413 -0.191924
v -0.192685 -0.786703 -0.149215
v -0.181403 -0.847161 0.142072
v -0.190049 0.351546 -0.126877
v -0.193418 -0.915170 0.178179
v -0.193589 0.421013 -0.115665
v -0.177145 -0.901006 0.197161
v -0.191030 0.493969 0.077484
v -0.191129 0.419777 -0.104202
v -0.177497 -0.893820 0.193281
v -0.190739 0.384762 -0.134718
v -0.194344 0.513296 0.069754
v -0.187508 -0.749064 0.152304
v -0.187571 -0.753720 0.164423
v -0.179368 -0.802310 -0.153743
v -0.189773 -0.784130 -0.163164
v -0.188481 0.519855 0.057931
v -0.189502 0.444201 0.036032
v -0.187774 0.425090 -0.099025
v -0.182405 0.412460 0.009490
v -0.187098 0.488128 0.016556
v -0.186383 0.529608 0.073213
v -0.186865 0.510178 0.088808
v -0.185566 0.457171 -0.036113
v -0.183464 -0.916116 -0.191974
v -0.186390 -0.787108 -0.156870
v -0.184820 -0.949449 -0.200159
v -0.181549 -0.787724 0.159941
v -0.178707 -0.754046 -0.175881
v -0.172625 -0.865985 -0.162864
v -0.176673 -0.913123 -0.195971
v -0.185496 0.428941 -0.093805
v -0.179997 0.530621 0.089081
v -0.179547 -0.783951 -0.174949
v -0.184730 0.340581 -0.115993
v -0.180275 0.377549 -0.031640
v -0.182271 0.449281 -0.122837
v -0.187224 -0.916309 0.186342
v -0.180284 0.364694 -0.142561
v -0.180696 0.513576 0.045164
v -0.175911 -0.802778 0.155364
v -0.175590 0.438239 -0.080325
v -0.167726 -0.787079 0.174369
v -0.156845 -0.748618 0.006096
v -0.182383 0.433581 -0.088397
v -0.172556 -0.918478 -0.212154
v -0.179893 0.530492 0.059463
v -0.179654 0.340793 -0.129512
v -0.177302 -0.748818 0.162425
v -0.166568 -0.821077 -0.159831
v -0.178803 0.484165 0.006201
v -0.167420 -0.949546 0.213772
v -0.179503 0.453797 -0.089566
v -0.177426 -0.786587 -0.166624
v -0.178115 -0.915352 0.193431
v -0.172384 -0.795339 0.168933
v -0.170196 -0.821264 0.153798
v -0.178475 0.503411 0.096921
v -0.167454 0.351972 -0.067872
v -0.179139 0.492452 -0.100787
v -0.172622 0.332376 -0.110227
v -0.169789 0.443219 -0.143589
v -0.173032 0.491022 0.094252
v -0.171154 0.498309 -0.127427
v -0.170599 0.551328 0.074391
v -0.172666 0.499146 -0.075460
v -0.168483 0.406664 -0.149817
v -0.174142 -0.950185 -0.208979
v -0.172054 0.525131 0.053138
v -0.172487 -0.753759 0.180217
v -0.157719 -0.902272 -0.214500
v -0.159539 -0.861586 0.171436
v -0.173515 -0.916098 -0.200596
v -0.164698 -0.783693 0.187787
v -0.153911 -0.794659 -0.187475
v -0.156589 -0.848801 -0.170978
v -0.166978 0.355958 -0.144270
v -0.180123 -0.917983 0.203183
v -0.166313 0.548687 -0.075841
v -0.166088 0.486588 0.090590
v -0.157261 -0.880936 0.189462
v -0.154651 -0.881807 -0.194713
v -0.167122 0.466754 -0.018811
v -0.169331 0.537546 -0.101644
v -0.165304 -0.917735 0.214977
v -0.171483 0.452939 -0.046054
v -0.167702 0.507057 0.040178
v -0.158317 0.570105 0.052513
v -0.165481 -0.915948 0.204537
v -0.168534 0.397007 -0.004916
v -0.167053 0.542762 0.048748
v -0.168423 -0.786524 -0.175684
v -0.164943 -0.748974 0.175493
v -0.168379 0.440003 -0.074696
v -0.149614 -0.748257 -0.111098
v -0.164622 -0.784002 -0.188735
v -0.164470 0.525974 0.102975
v -0.164115 -0.949902 -0.217310
v -0.140878 -0.748818 -0.197709
v -0.169940 0.587814 -0.090779
v -0.164331 0.333752 -0.125940
v -0.162186 0.439779 -0.071395
v -0.162954 0.448558 0.048013
v -0.154148 -0.917627 -0.224715
v -0.161936 0.493859 -0.064105
v -0.161862 0.456718 -0.071165
v -0.164735 0.590209 -0.064609
v -0.154946 -0.753897 -0.197362
v -0.161186 0.490720 -0.141768
v -0.161659 0.536458 -0.123919
v -0.163407 -0.915559 -0.207899
v -0.152588 -0.894628 -0.215889
v -0.158179 0.547619 0.096537
v -0.165700 0.580526 -0.110263
v -0.152457 0.373094 -0.039329
v -0.160621 -0.786783 -0.183037
v -0.139546 0.579617 0.081649
v -0.151555 -0.802519 0.179028
v -0.152966 -0.794071 0.186653
v -0.152839 0.332984 -0.109115
v -0.156257 0.638054 -0.073799
v -0.150615 0.405933 -0.152038
v -0.152332 -0.895001 0.214359
v -0.158839 0.627699 -0.092988
v -0.158684 0.512516 0.053468
v -0.145288 0.519180 0.112177
v -0.158661 0.468014 0.064037
v -0.159334 0.521977 0.053455
v -0.152133 -0.917732 0.224591
v -0.161280 -0.753790 0.190074
v -0.156854 0.609857 -0.114053
v -0.151423 0.400249 -0.008724
v -0.153297 -0.747530 -0.036603
v -0.153580 0.444725 -0.046373
v -0.157407 0.428333 0.022630
v -0.145861 -0.786753 0.193372
v -0.157743 -0.787770 0.183123
v -0.161949 0.208388 -0.026646
v -0.150809 0.570312 0.042464
v -0.160622 0.234337 -0.038373
v -0.159029 0.101962 -0.055334
v -0.162049 0.103775 -0.030701
v -0.155018 0.587152 -0.125303
v -0.157955 0.531822 0.046009
v -0.159460 0.221026 -0.014643
v -0.155728 0.496719 0.036189
v -0.153338 0.554713 -0.056278
v -0.154538 0.473222 0.003066
v -0.153738 0.569605 0.066343
v -0.153376 -0.949790 -0.225063
v -0.158439 0.504028 0.043697
v -0.153841 0.478203 0.011026
v -0.156565 0.240733 -0.058112
v -0.156789 0.492982 0.030993
v -0.159136 0.199534 -0.031848
v -0.156565 0.209139 -0.056844
v -0.154542 0.493032 0.090754
v -0.153228 0.630362 -0.055989
v -0.155814 0.172316 -0.053685
v -0.159452 0.181747 -0.040232
v -0.156598 0.099106 -0.003499
v -0.152088 -0.915516 -0.216062
v -0.143215 -0.806035 -0.185194
v -0.158727 0.529571 0.019883
v -0.156954 0.135085 -0.008003
v -0.141137 -0.843140 0.180739
v -0.158218 0.156360 -0.024904
v -0.145446 0.483607 -0.150796
v -0.157909 0.522554 0.006991
v -0.155884 0.231946 -0.025298
v -0.157042 0.487464 0.022462
v -0.152491 0.545544 0.041673
v -0.156419 0.515026 0.052107
v -0.149054 0.539474 -0.137222
v -0.153477 0.438468 -0.068475
v -0.153039 -0.747486 -0.083681
v -0.153658 0.222508 -0.007550
v -0.138140 -0.863223 -0.191392
v -0.153625 0.242100 -0.044077
v -0.153270 0.020901 -0.040460
v -0.152097 -0.783976 -0.199231
v -0.154704 0.164515 -0.007113
v -0.156012 0.532430 0.040675
v -0.154825 0.497589 0.014765
v -0.150161 0.191532 0.002970
v -0.154910 0.542269 0.033081
v -0.151625 -0.749029 0.187649
v -0.155985 0.505125 0.039502
v -0.135284 0.504671 0.103094
v -0.155238 0.513067 -0.005623
v -0.150573 0.228008 -0.065353
v -0.154660 0.489693 0.021611
v -0.153646 0.482467 0.015979
v -0.148898 0.355122 -0.141266
v -0.149523 0.459553 -0.010753
v -0.152888 0.466261 -0.004833
v -0.145611 0.580867 0.041988
v -0.154238 0.015139 -0.017210
v -0.146902 0.498009 0.077696
v -0.155683 -0.736798 -0.037860
v -0.151562 -0.786846 -0.190439
v -0.146923 0.553682 0.041660
v -0.155372 -0.915866 0.212531
v -0.146187 0.019154 0.013123
v -0.150562 0.497287 -0.003246
v -0.148756 0.491147 -0.058398
v -0.152478 0.500890 -0.014225
v -0.152411 0.494487 0.007152
v -0.154013 0.225843 0.008080
v -0.153634 0.242773 0.005599
v -0.154646 -0.731698 -0.037513
v -0.153197 0.477006 0.061799
v -0.151437 0.216201 0.003194
v -0.150805 0.487421 0.071147
v -0.153716 0.563432 0.022589
v -0.151211 0.540850 0.021627
v -0.149003 -0.736381 -0.049638
v -0.145180 0.643233 -0.056443
v -0.144823 0.195879 0.016977
v -0.136780 0.512296 0.111820
v -0.152249 0.487020 0.000120
v -0.134094 0.563370 0.100399
v -0.151300 -0.742221 -0.035464
v -0.151044 0.524544 0.007831
v -0.150572 0.550538 0.029369
v -0.151524 0.270956 -0.004643
v -0.150957 0.476560 0.055290
v -0.149963 0.049420 -0.065128
v -0.147193 -0.753783 0.201171
v -0.148415 0.141262 -0.075917
v -0.145196 -0.743937 -0.052634
v -0.150762 0.471675 0.049565
v -0.147618 0.209776 -0.073626
v -0.150633 -0.725652 -0.026940
v -0.143969 0.133428 0.015584
v -0.150835 0.550104 0.017775
v -0.139759 -0.816725 0.182557
v -0.145330 0.452054 -0.018230
v -0.147868 0.290623 -0.041271
v -0.149968 0.572954 0.029750
v -0.149074 0.480831 0.065806
v -0.150469 0.503244 -0.018888
v -0.151308 0.471393 -0.000553
v -0.149784 -0.729513 -0.024471
v -0.146924 0.220027 0.023371
v -0.149803 0.472107 -0.014296
v -0.125543 -0.894382 -0.232912
v -0.149886 0.284657 -0.014035
v -0.149613 0.514386 -0.006105
v -0.145045 -0.948820 0.229382
v -0.147195 0.442345 0.018240
v -0.147645 -0.746135 -0.026431
v -0.149590 -0.743049 -0.045840
v -0.143808 0.350654 -0.081095
v -0.148097 0.487917 -0.002941
v -0.148822 0.480842 -0.008569
v -0.145326 0.645978 -0.099850
v -0.140731 0.594315 -0.026525
v -0.144984 0.431523 0.007352
v -0.148547 -0.738526 -0.022588
v -0.147396 0.436155 -0.067498
v -0.148528 0.465600 -0.008046
v -0.148474 0.466072 0.038140
v -0.147371 -0.734671 -0.025434
v -0.147616 0.574551 0.021775
v -0.148277 -0.000118 -0.000740
v -0.147453 0.250134 0.005898
v -0.143600 0.552233 -0.049425
v -0.119104 -0.878727 -0.214108
v -0.146218 -0.724268 -0.043583
v -0.144970 -0.737531 -0.061663
v -0.146729 0.453384 0.026317
v -0.147767 0.471743 0.047322
v -0.142106 -0.729569 -0.045385
v -0.146118 0.568388 0.017987
v -0.142956 0.266167 -0.066913
v -0.149492 0.608570 -0.000415
v -0.147029 0.572662 -0.038823
v -0.146685 0.578859 0.054636
v -0.145132 0.236022 0.013106
v -0.143581 -0.739726 -0.075616
v -0.147148 0.505365 -0.020270
v -0.147147 0.263908 0.000622
v -0.144154 0.559461 0.032388
v -0.144586 -0.916108 0.220429
v -0.138285 -0.784071 0.207377
v -0.138713 0.338746 -0.116684
v -0.145473 0.487633 0.071971
v -0.145790 0.463026 0.031542
v -0.143364 0.445411 -0.025892
v -0.126116 0.551300 0.110533
v -0.142050 -0.783696 -0.206714
v -0.145617 0.497748 0.073651
v -0.145971 0.306727 -0.019257
v -0.146895 0.467820 -0.024238
v -0.141978 0.065207 0.022384
v -0.143802 -0.742635 -0.064323
v -0.146353 0.594532 0.013497
v -0.139990 -0.744966 -0.121861
v -0.147329 0.601879 0.010088
v -0.145407 0.281647 -0.005491
v -0.136608 0.201872 0.041675
v -0.137144 -0.914955 0.223827
v -0.144891 0.456855 -0.015477
v -0.142121 0.561919 0.041905
v -0.138393 -0.715855 -0.049258
v -0.143494 -0.786960 -0.196329
v -0.144126 0.490638 -0.031158
v -0.134321 0.468296 -0.062954
v -0.147435 0.558409 -0.018292
v -0.140644 0.237950 -0.085143
v -0.139281 0.067611 -0.085853
v -0.145461 -0.741579 -0.091874
v -0.146002 0.549572 -0.027766
v -0.141174 -0.915095 -0.223161
v -0.140436 0.461663 0.071051
v -0.142191 0.432626 -0.064379
v -0.143576 -0.746184 -0.016190
v -0.144218 0.553044 0.021027
v -0.143279 0.569162 0.040300
v -0.144051 0.482397 -0.010945
v -0.140397 0.469554 0.071789
v -0.143295 0.423294 -0.001229
v -0.133287 -0.917948 -0.238081
v -0.140857 0.456169 -0.044264
v -0.136286 0.587928 -0.137528
v -0.144140 0.570689 0.036066
v -0.143903 0.544133 0.016730
v -0.145771 0.602519 -0.005513
v -0.144203 0.618419 0.002344
v -0.140819 0.592707 0.001751
v -0.143064 -0.744449 -0.114007
v -0.141019 0.263341 -0.076786
v -0.132123 0.112452 -0.095716
v -0.143862 0.438508 0.012434
v -0.136894 0.390023 -0.036736
v -0.138424 0.199176 0.021805
v -0.143391 0.571503 -0.026074
v -0.137247 -0.748972 0.197785
v -0.142590 0.490854 0.073100
v -0.140816 0.474358 -0.019560
v -0.142874 0.458190 0.030425
v -0.139805 0.442458 -0.029602
v -0.138395 0.437608 -0.035054
v -0.145354 0.466251 0.043746
v -0.141740 0.449354 -0.040165
v -0.141988 0.607920 0.009978
v -0.140642 0.515618 -0.019601
v -0.128042 -0.802308 -0.198592
v -0.132845 0.634680 -0.123344
v -0.140746 -0.735146 -0.074064
v -0.140675 -0.737660 -0.008303
v -0.129367 -0.904923 0.230368
v -0.143017 0.265441 0.014072
v -0.141778 0.562374 -0.033816
v -0.142928 0.536720 -0.012589
v -0.138263 0.178029 0.017637
v -0.143346 -0.719042 -0.051828
v -0.138449 0.445395 0.028612
v -0.142266 0.496509 -0.030001
v -0.141707 0.440419 0.023523
v -0.142188 0.617714 0.012486
v -0.134686 -0.088908 -0.002750
v -0.143980 0.533503 0.003614
v -0.137479 0.655703 -0.071736
v -0.144447 -0.727410 -0.077283
v -0.136978 0.308950 -0.058724
v -0.142171 -0.718729 -0.071837
v -0.141616 0.159084 0.020136
v -0.139561 0.210176 0.036254
v -0.142356 0.305984 -0.016053
v -0.138246 0.615233 -0.008880
v -0.140123 0.628725 0.009922
v -0.141925 0.449055 -0.023146
v -0.139678 -0.714962 -0.055418
v -0.138084 -0.746309 0.017171
v -0.131250 0.352069 -0.043486
v -0.141956 -0.949670 -0.232500
v -0.139361 -0.730725 -0.027509
v -0.141622 0.429134 0.005168
v -0.132016 0.179899 0.035023
v -0.135229 0.570889 0.019888
v -0.141230 0.546468 0.013607
v -0.134210 -0.731182 -0.055274
v -0.138842 0.563527 0.037928
v -0.122501 -0.753885 -0.218888
v -0.138871 -0.917729 0.232852
v -0.141408 0.498355 -0.039199
v -0.137993 0.557832 -0.041064
v -0.135548 0.618510 -0.030562
v -0.128417 -0.833479 -0.190830
v -0.141932 0.292405 0.021872
v -0.134466 0.435048 0.041581
v -0.142648 0.584269 -0.002228
v -0.136875 -0.738084 -0.088766
v -0.140411 0.422177 -0.002225
v -0.125656 -0.949881 0.239633
v -0.134964 -0.894827 0.225366
v -0.141557 0.417430 -0.007796
v -0.141953 0.579643 -0.008403
v -0.141958 0.590450 0.007552
v -0.138499 0.561369 0.020628
v -0.137079 0.585770 0.024606
v -0.139998 0.313343 -0.007731
v -0.133501 0.575591 0.059620
v -0.139214 0.412196 -0.015368
v -0.138216 0.481913 -0.045205
v -0.132324 0.350044 -0.057497
v -0.138153 -0.060866 -0.044857
v -0.140412 0.579532 0.036459
v -0.139825 -0.746414 -0.000044
v -0.138010 0.555621 0.019431
v -0.139912 -0.728503 -0.085409
v -0.137172 0.432706 -0.043002
v -0.140435 -0.714416 -0.064433
v -0.139420 -0.004411 0.017204
v -0.134840 0.588758 0.031516
v -0.137854 0.418282 0.020779
v -0.137590 0.500749 0.086461
v -0.139859 0.275474 0.029800
v -0.136720 -0.786895 -0.201290
v -0.136957 0.216625 0.030243
v -0.132828 -0.786780 0.202199
v -0.137452 0.244698 0.036238
v -0.129417 0.156753 -0.103641
v -0.138365 0.468091 -0.029504
v -0.140719 0.310596 0.005998
v -0.136105 0.594161 -0.008593
v -0.136053 -0.728309 -0.050491
v -0.136419 0.579794 0.003922
v -0.137950 0.490492 -0.039271
v -0.137053 0.326450 -0.024279
v -0.137101 0.528959 -0.034091
v -0.137646 0.477221 0.069347
v -0.133569 0.344984 -0.117820
v -0.138947 0.327565 0.001313
v -0.137105 0.580845 0.072777
v -0.136406 0.611367 0.017049
v -0.133916 0.394282 -0.144577
v -0.135481 -0.727499 -0.069409
v -0.134900 -0.753904 0.209407
v -0.135940 -0.726937 -0.059374
v -0.136454 0.435756 -0.041815
v -0.127712 -0.000284 0.033578
v -0.137036 -0.083226 -0.023250
v -0.137859 0.406446 -0.022102
v -0.136451 -0.719500 -0.032669
v -0.137555 0.395845 -0.031855
v -0.138087 0.416851 -0.008066
v -0.139978 -0.731552 0.013692
v -0.135059 0.491347 -0.056726
v -0.137861 0.313037 0.015580
v -0.131420 0.372462 -0.064717
v -0.134807 0.462399 -0.041462
v -0.138842 -0.743722 0.013498
v -0.135359 0.586978 0.015431
v -0.135573 -0.744772 -0.127383
v -0.137331 -0.743654 -0.003676
v -0.132539 0.594486 0.047011
v -0.127525 0.656957 -0.102313
v -0.134560 0.552801 -0.044190
v -0.136938 0.141883 0.026920
v -0.137092 0.588749 -0.005923
v -0.128357 0.539288 -0.145166
v -0.114784 -0.806656 0.202141
v -0.134165 -0.723577 -0.064223
v -0.135797 0.319785 0.007454
v -0.127244 -0.949094 -0.241215
v -0.134149 0.468400 0.067804
v -0.135737 -0.737195 0.017361
v -0.129693 0.356793 -0.090447
v -0.138761 -0.090912 -0.023554
v -0.128865 0.169592 0.036740
v -0.135209 0.618353 -0.023878
v -0.131502 0.356086 -0.128816
v -0.134064 0.352210 -0.018441
v -0.127464 0.424181 0.061840
v -0.129955 0.066724 0.033295
v -0.130637 0.249373 0.049465
v -0.135273 0.394406 0.004442
v -0.136338 0.488359 -0.051851
v -0.138904 0.328620 -0.029504
v -0.129696 -0.794709 0.202945
v -0.136030 0.412961 0.009535
v -0.130542 -0.707590 -0.060770
v -0.132711 0.226489 0.035195
v -0.136375 0.584333 0.026393
v -0.131663 0.502139 -0.052686
v -0.134912 0.493070 -0.054359
v -0.134176 0.299590 0.022532
v -0.126521 0.291437 -0.083535
v -0.127677 -0.747739 -0.145458
v -0.134280 0.544412 -0.048289
v -0.135142 -0.104092 0.007318
v -0.134289 0.157368 0.021495
v -0.135628 0.566654 0.017516
v -0.132308 0.460081 -0.048962
v -0.134364 -0.716935 -0.035336
v -0.124737 -0.863173 0.198358
v -0.138603 0.602764 0.016958
v -0.135809 0.283548 0.027407
v -0.131750 -0.707976 -0.044502
v -0.134286 0.265976 0.039367
v -0.128261 0.417727 0.057371
v -0.133343 0.602445 -0.013132
v -0.097890 -0.748341 0.132150
v -0.134871 0.435223 0.025098
v -0.132176 0.446010 0.074169
v -0.133264 0.427287 -0.057034
v -0.136983 -0.717841 -0.011121
v -0.132835 0.430620 -0.049459
v -0.129475 0.189579 0.032715
v -0.134406 -0.733596 -0.002869
v -0.129862 0.427765 0.072081
v -0.135562 0.410758 -0.015864
v -0.133725 0.331254 0.002775
v -0.134551 -0.715847 -0.000234
v -0.131365 -0.743978 -0.136053
v -0.132192 -0.728666 0.003799
v -0.133631 0.388087 -0.042952
v -0.136404 -0.111576 -0.019432
v -0.131283 0.339700 -0.064496
v -0.130752 0.458597 -0.065198
v -0.131673 -0.915595 -0.229429
v -0.133504 0.542504 -0.045138
v -0.133540 0.406272 -0.024035
v -0.131395 -0.739280 -0.133643
v -0.133949 0.504592 -0.055176
v -0.133351 -0.743300 0.014128
v -0.133265 0.526432 -0.051139
v -0.131350 0.518543 -0.051975
v -0.131244 0.385410 -0.002268
v -0.132091 0.577106 0.090542
v -0.134798 0.483867 -0.049370
v -0.134614 0.401945 -0.030255
v -0.133273 0.388601 -0.038948
v -0.131538 -0.727853 -0.026335
v -0.127084 0.580631 0.064494
v -0.130132 -0.079180 -0.061094
v -0.129462 -0.722496 -0.083278
v -0.133775 -0.099586 -0.030206
v -0.131715 -0.099300 -0.046389
v -0.131958 -0.735782 -0.095274
v -0.131987 0.203286 0.045968
v -0.129241 -0.072841 -0.060402
v -0.128158 0.078590 0.037847
v -0.131998 0.319004 0.018723
v -0.126550 0.438118 -0.148655
v -0.133603 -0.730003 -0.012897
v -0.128939 -0.729558 -0.096563
v -0.127935 0.636567 -0.006699
v -0.134138 0.392244 -0.030505
v -0.130829 0.462199 0.068024
v -0.132651 -0.784159 -0.211969
v -0.130556 0.454698 0.069156
v -0.130256 0.504586 0.092244
v -0.128829 -0.122486 -0.009174
v -0.131673 0.385162 -0.049922
v -0.125233 0.222887 -0.102648
v -0.130512 0.125115 0.034022
v -0.126802 0.141386 0.027681
v -0.115699 0.175663 0.068208
v -0.130803 0.577774 0.018246
v -0.130701 0.419771 0.023714
v -0.131752 -0.716928 -0.044495
v -0.131905 0.349377 0.004268
v -0.133275 0.379416 -0.020001
v -0.129491 -0.099633 0.022298
v -0.126167 0.490446 -0.150443
v -0.131847 0.432236 -0.063379
v -0.132066 0.385034 0.022090
v -0.131438 0.611560 -0.019035
v -0.133089 -0.709688 -0.029938
v -0.126751 -0.090834 0.019441
v -0.129204 -0.787141 -0.205950
v -0.132159 0.471573 -0.060200
v -0.132995 0.621331 -0.015947
v -0.127348 -0.915970 0.230100
v -0.119431 0.592559 0.064073
v -0.107504 -0.883000 0.223873
v -0.132122 0.479538 -0.058679
v -0.129574 0.370225 -0.070485
v -0.131458 0.583375 0.021994
v -0.131313 0.362520 -0.008714
v -0.132038 -0.721036 -0.030283
v -0.132297 0.355266 0.018109
v -0.130817 0.323511 0.027675
v -0.129031 0.597096 0.032362
v -0.129568 0.349010 -0.034997
v -0.128545 0.407051 0.022429
v -0.130249 0.629502 -0.018036
v -0.129239 0.380043 -0.058175
v -0.124199 0.626663 0.014358
v -0.128451 0.626014 -0.026243
v -0.126413 -0.128341 -0.035989
v -0.130859 -0.713805 -0.023343
v -0.119335 -0.081587 0.028438
v -0.127154 -0.117320 -0.054495
v -0.127506 0.613376 0.012274
v -0.126767 0.407644 0.038942
v -0.126032 0.586940 0.052449
v -0.129072 0.209433 0.039085
v -0.129559 0.455171 -0.062107
v -0.109532 -0.918846 0.248669
v -0.129607 -0.712646 -0.011089
v -0.123627 0.268172 -0.092674
v -0.130025 0.444427 -0.065084
v -0.129109 -0.736744 0.017375
v -0.128925 0.471958 0.077537
v -0.122837 -0.112598 0.016405
v -0.123973 -0.737513 -0.107206
v -0.127421 -0.731609 0.018629
v -0.130064 0.390061 -0.020844
v -0.129925 0.341971 0.011519
v -0.124104 -0.724745 0.008256
v -0.130050 0.325201 -0.063541
v -0.127433 0.638181 0.004650
v -0.128218 0.379109 -0.016296
v -0.129377 0.432503 -0.059638
v -0.126953 0.167532 0.027559
v -0.120686 -0.718513 -0.074819
v -0.128892 0.361929 0.021802
v -0.127581 -0.738942 0.012877
v -0.128374 0.307737 0.033293
v -0.119705 0.607693 0.032440
v -0.128329 -0.706152 -0.013173
v -0.115663 -0.794423 -0.212821
v -0.128864 0.357266 0.003906
v -0.129233 0.385911 -0.044766
v -0.126246 -0.742763 -0.142160
v -0.127739 0.382288 -0.052097
v -0.120096 -0.786821 0.209544
v -0.119919 -0.717717 -0.095825
v -0.123500 0.129320 0.031370
v -0.123677 0.605951 0.041709
v -0.120819 -0.914150 -0.234868
v -0.124781 0.390428 0.022824
v -0.124695 0.088068 0.036460
v -0.123044 0.217456 0.058459
v -0.128125 0.274188 0.045871
v -0.126467 -0.715354 -0.040898
v -0.087659 -0.950613 0.255725
v -0.125835 0.371296 -0.075530
v -0.118572 -0.829724 0.195232
v -0.124207 0.339253 -0.068560
v -0.122118 -0.784032 -0.218461
v -0.122430 0.193440 0.058039
v -0.124518 -0.917612 0.240419
v -0.127693 0.373646 -0.062178
v -0.117505 -0.754303 0.219905
v -0.119641 -0.734296 -0.115084
v -0.124076 0.232859 0.056469
v -0.122828 -0.090936 0.031609
v -0.125097 0.442234 0.070014
v -0.122679 0.341047 0.025161
v -0.124560 -0.746373 0.013258
v -0.124597 0.204742 0.044691
v -0.124942 0.610516 0.021605
v -0.123576 0.109417 0.040874
v -0.109728 0.531268 0.118461
v -0.125661 0.399482 0.025139
v -0.108941 0.242408 -0.111275
v -0.126909 0.366760 -0.070820
v -0.123872 0.183655 0.039485
v -0.119369 0.395710 -0.131911
v -0.122190 0.419758 0.076357
v -0.117522 -0.718685 0.007416
v -0.120481 0.640711 -0.005666
v -0.111687 -0.102550 -0.078328
v -0.123185 0.274764 0.047941
v -0.122522 0.377104 0.021759
v -0.122804 0.509550 0.097922
v -0.120895 -0.728418 -0.107495
v -0.116632 -0.748907 0.210552
v -0.122433 -0.746573 0.027326
v -0.124009 0.318883 0.030310
v -0.125399 0.452332 0.069398
v -0.116242 0.200794 0.053390
v -0.120451 0.168298 0.048532
v -0.122865 0.612938 0.014599
v -0.119677 -0.071241 -0.080523
v -0.124665 -0.712408 -0.037345
v -0.123047 -0.708980 -0.039584
v -0.104821 -0.901417 -0.244955
v -0.112842 0.611776 0.066725
v -0.112812 0.648382 -0.034868
v -0.122445 0.352298 0.022780
v -0.121387 0.412498 0.062325
v -0.117181 0.579699 0.095525
v -0.123030 0.295805 0.041596
v -0.114354 0.572983 -0.143541
v -0.118991 0.370230 -0.107886
v -0.120976 0.640473 -0.016547
v -0.123710 0.374089 -0.078187
v -0.122001 0.393364 0.060032
v -0.123162 0.495997 0.094552
v -0.121881 0.630735 -0.021430
v -0.117809 0.597546 0.047696
v -0.120818 0.442521 0.070145
v -0.107725 -0.071246 0.042425
v -0.119508 0.177566 0.044484
v -0.116824 -0.705075 -0.000396
v -0.108952 0.322150 -0.086850
v -0.116213 0.643283 0.003099
v -0.119508 -0.713426 -0.001609
v -0.120233 0.614142 0.027700
v -0.115311 -0.916048 -0.238501
v -0.119247 -0.787080 -0.211687
v -0.122346 0.334209 0.028225
v -0.116718 0.541296 0.114527
v -0.111409 -0.702995 -0.040043
v -0.116135 0.582794 0.086528
v -0.118520 -0.736144 0.029213
v -0.119091 0.336790 -0.075686
v -0.118791 0.432056 0.071073
v -0.115997 -0.701899 -0.025882
v -0.101856 -0.747637 0.092522
v -0.121022 0.379716 -0.081142
v -0.117763 0.055754 0.046578
v -0.112838 0.567593 0.101375
v -0.119160 0.100389 0.044440
v -0.119285 0.243076 0.053804
v -0.115476 -0.055017 -0.084065
v -0.104956 -0.895023 0.240954
v -0.114670 -0.084609 0.043113
v -0.121487 0.200042 0.049142
v -0.120668 0.380377 0.041319
v -0.116914 -0.124198 -0.068573
v -0.121005 0.120138 0.035321
v -0.114527 0.088672 0.049332
v -0.107261 -0.748863 -0.216997
v -0.106735 0.664474 -0.054780
v -0.119482 -0.915591 0.233550
v -0.110574 -0.712587 -0.062719
v -0.112796 -0.916186 0.237662
v -0.111043 0.614096 0.072910
v -0.110067 0.097303 -0.110067
v -0.114194 -0.154952 -0.059884
v -0.110777 0.155839 0.050775
v -0.109346 -0.950352 -0.249091
v -0.117066 0.607442 0.017531
v -0.110602 -0.918047 -0.249383
v -0.109916 0.486798 -0.143737
v -0.114961 0.158601 0.041403
v -0.117375 -0.722939 -0.114489
v -0.097391 -0.862967 0.212812
v -0.119368 0.401909 0.059984
v -0.109688 -0.003831 0.046036
v -0.115874 -0.701320 -0.047697
v -0.117634 0.608066 0.013661
v -0.116466 0.229739 0.057019
v -0.116100 0.517410 0.102779
v -0.103470 0.148788 -0.126299
v -0.118045 0.375627 -0.078500
v -0.115773 0.479325 0.092883
v -0.110700 -0.786450 -0.216974
v -0.116277 -0.746324 0.036518
v -0.119963 -0.165500 -0.021714
v -0.115607 0.274915 0.065925
v -0.105877 0.527823 0.113425
v -0.104630 -0.858300 -0.209490
v -0.116783 -0.736881 0.035203
v -0.099554 -0.015267 -0.106542
v -0.118295 0.217570 0.062517
v -0.117539 0.111586 0.038947
v -0.114137 0.641930 -0.025016
v -0.097431 -0.794631 0.220341
v -0.117912 0.391654 -0.084616
v -0.107557 -0.705286 -0.088366
v -0.107641 -0.786433 0.216691
v -0.107295 0.604313 0.079597
v -0.112824 0.114811 0.043578
v -0.115935 0.395734 0.060169
v -0.112800 -0.745138 -0.142779
v -0.116443 0.195495 0.054141
v -0.114174 0.144501 0.038911
v -0.117912 0.364737 0.053801
v -0.117930 0.650356 -0.010474
v -0.108831 0.038991 0.049687
v -0.113755 0.617649 0.009716
v -0.115696 0.388736 -0.081870
v -0.118370 0.349344 0.029526
v -0.115991 0.400573 0.065162
v -0.113953 0.372881 0.065288
v -0.117494 0.073806 0.042858
v -0.114534 0.430942 0.072228
v -0.112134 0.348246 0.065319
v -0.104233 0.424976 0.079869
v -0.111013 -0.185921 -0.037982
v -0.110386 0.604451 0.061484
v -0.108263 -0.099193 0.038831
v -0.112359 -0.075911 0.038072
v -0.108055 -0.746133 0.043697
v -0.115948 0.402488 -0.086406
v -0.113192 0.602835 0.041505
v -0.112804 0.404950 0.079238
v -0.110826 0.638839 -0.129011
v -0.109371 0.175506 0.079367
v -0.111143 0.162685 0.055178
v -0.113719 -0.179849 -0.011239
v -0.110612 0.659726 -0.028832
v -0.109963 0.444927 -0.136302
v -0.110925 0.191519 0.058877
v -0.110808 0.418280 0.073307
v -0.109542 0.355701 0.069932
v -0.112862 0.475571 0.098363
v -0.106378 0.501658 0.105745
v -0.113884 -0.722442 0.008923
v -0.113720 -0.720989 -0.098316
v -0.115152 -0.736917 0.041647
v -0.109974 -0.714559 -0.126647
v -0.114342 0.103012 0.042432
v -0.099099 -0.103336 -0.092928
v -0.108021 -0.728408 0.014142
v -0.110026 0.182402 0.073892
v -0.109302 0.520386 0.103020
v -0.112932 0.172543 0.051137
v -0.111638 -0.714147 -0.070426
v -0.106421 -0.784060 -0.226845
v -0.113471 -0.729186 0.045115
v -0.107403 0.547804 0.110231
v -0.106105 0.428108 -0.112520
v -0.109371 0.200972 0.066242
v -0.111912 -0.075849 -0.083475
v -0.115330 -0.196476 -0.017172
v -0.100585 0.568633 0.107140
v -0.113669 0.409087 -0.087590
v -0.110112 0.077957 0.053469
v -0.108228 0.225202 0.065866
v -0.095892 -0.820140 -0.209883
v -0.111554 0.384716 0.062211
v -0.109454 0.628463 0.012359
v -0.111115 -0.050425 -0.093749
v -0.112662 0.220248 0.060617
v -0.094151 0.673564 -0.076988
v -0.112425 -0.184647 0.011412
v -0.111659 0.399735 -0.084402
v -0.101998 -0.179469 -0.064035
v -0.105118 0.390097 0.084173
v -0.108714 0.614614 0.026942
v -0.111640 0.062284 0.048430
v -0.107399 -0.732143 -0.126809
v -0.095406 0.590812 0.096299
v -0.111744 -0.731977 0.046923
v -0.109306 -0.173101 0.010863
v -0.110080 -0.709461 0.002989
v -0.109888 0.325341 0.064329
v -0.104827 -0.166212 0.021375
v -0.110938 0.469086 0.092928
v -0.091298 -0.804453 -0.216327
v -0.100294 0.670544 -0.068325
v -0.111174 -0.700934 -0.008979
v -0.108343 -0.706498 -0.054686
v -0.109612 0.653615 -0.003329
v -0.105856 0.455416 0.090417
v -0.111406 0.418253 -0.091288
v -0.108701 0.374173 0.063973
v -0.105059 -0.730861 0.019393
v -0.111531 0.252885 0.072212
v -0.105437 0.001870 0.050270
v -0.106248 0.577230 0.098747
v -0.109932 0.655163 -0.036018
v -0.102165 0.456960 -0.128138
v -0.110659 -0.734575 0.029053
v -0.089537 -0.846781 -0.213326
v -0.109345 0.584677 0.078842
v -0.102850 -0.724035 0.026991
v -0.103213 -0.696555 -0.078422
v -0.106482 -0.949093 0.249205
v -0.111151 0.167659 0.053581
v -0.100262 -0.064141 0.048072
v -0.103022 -0.701807 -0.089571
v -0.107396 0.586210 0.087870
v -0.106352 0.647044 0.002648
v -0.094846 0.548626 0.113846
v -0.105110 0.385813 0.071841
v -0.113758 -0.748461 -0.167632
v -0.106344 0.570954 0.099009
v -0.106484 0.527450 0.105474
v -0.106188 -0.701789 -0.047194
v -0.106517 0.122800 0.041703
v -0.110347 -0.708141 -0.035815
v -0.107242 -0.742006 0.042973
v -0.104753 -0.707858 -0.133350
v -0.107289 -0.204380 -0.047546
v -0.106396 0.611408 0.018331
v -0.104654 0.185642 0.066583
v -0.102938 -0.221074 -0.041770
v -0.103069 -0.915348 -0.243122
v -0.102328 -0.203227 0.005581
v -0.103735 0.361272 -0.086761
v -0.101051 0.019650 0.049645
v -0.104181 -0.214956 -0.015433
v -0.104172 -0.718252 0.022547
v -0.094222 -0.753830 -0.232340
v -0.101710 0.304769 0.084063
v -0.095611 -0.150700 -0.083782
v -0.108155 0.421520 -0.090938
v -0.108287 -0.714724 -0.140199
v -0.105524 -0.716911 -0.104657
v -0.105392 0.363227 0.065380
v -0.101330 0.618167 0.050502
v -0.107418 0.428772 -0.093219
v -0.106861 -0.171907 0.030988
v -0.103726 -0.708205 -0.120735
v -0.106481 0.457925 0.097260
v -0.105120 0.149517 0.049220
v -0.103540 0.626399 0.007874
v -0.108272 -0.719712 -0.140435
v -0.104513 -0.741062 -0.137937
v -0.107331 0.093200 0.047875
v -0.107667 0.210361 0.063859
v -0.103094 0.358802 0.067032
v -0.105211 0.596897 0.070017
v -0.104924 0.589906 0.064406
v -0.102735 -0.718030 -0.110212
v -0.096431 0.668440 -0.098112
v -0.105722 -0.715966 -0.096884
v -0.101492 -0.787182 -0.220775
v -0.103679 -0.704101 -0.033998
v -0.097567 -0.794545 -0.221700
v -0.094030 -0.877322 -0.225335
v -0.103770 0.557825 0.109450
v -0.094513 0.595840 0.089145
v -0.100106 -0.132262 -0.083202
v -0.105998 0.434528 -0.096564
v -0.100206 0.226964 0.079506
v -0.098909 -0.051898 -0.099580
v -0.094851 0.672765 -0.041406
v -0.080092 0.236710 -0.124911
v -0.101992 0.152029 0.063354
v -0.101468 0.551021 0.106805
v -0.105777 0.164275 0.057982
v -0.096776 0.471690 0.109536
v -0.096072 0.675109 -0.023693
v -0.101110 0.617710 0.055707
v -0.104720 0.314753 -0.088040
v -0.100081 0.179076 0.085822
v -0.101799 -0.705736 -0.001428
v -0.099067 -0.783887 0.228970
v -0.100189 0.582873 0.077782
v -0.103320 0.106109 0.044915
v -0.100798 0.622693 0.064434
v -0.102714 -0.720626 -0.128335
v -0.096856 -0.949452 -0.254385
v -0.102949 0.637620 0.005118
v -0.099749 -0.711302 0.013310
v -0.103625 0.331879 0.075016
v -0.095810 0.615477 0.028337
v -0.100250 -0.026509 -0.105415
v -0.104384 0.323488 0.077993
v -0.099282 -0.702815 -0.030607
v -0.106478 0.348243 0.071776
v -0.097521 -0.207889 -0.065384
v -0.092702 -0.186807 0.033561
v -0.103576 -0.164536 0.038732
v -0.084299 -0.917455 -0.259117
v -0.105614 0.725649 -0.053913
v -0.103675 0.403169 0.078110
v -0.104394 0.711776 -0.057495
v -0.082715 -0.904512 0.250721
v -0.098046 -0.754050 0.228837
v -0.098373 -0.731589 0.041921
v -0.102364 -0.727066 -0.149445
v -0.097672 0.515667 -0.133606
v -0.102701 0.441001 -0.097518
v -0.094811 0.662646 -0.109060
v -0.101142 0.503570 0.105019
v -0.095964 0.125685 0.051319
v -0.099625 0.054717 0.061875
v -0.100749 -0.746932 0.115731
v -0.093107 -0.786585 0.222981
v -0.093699 -0.786482 -0.224672
v -0.102233 0.596982 0.062762
v -0.102444 0.445772 -0.101342
v -0.103572 -0.719583 -0.148677
v -0.101037 0.380814 -0.088225
v -0.096699 -0.697226 -0.056051
v -0.083887 -0.894731 -0.250571
v -0.101098 0.573456 0.095049
v -0.100763 0.584510 0.063612
v -0.101528 0.339336 0.074428
v -0.093808 -0.917858 0.254058
v -0.098451 -0.066799 0.058397
v -0.097073 0.556227 -0.136415
v -0.093505 0.163462 0.087831
v -0.099780 -0.695309 -0.043188
v -0.098247 -0.699975 -0.018371
v -0.101412 0.596897 0.047311
v -0.100147 0.603447 0.062714
v -0.097449 0.620781 0.014516
v -0.095575 0.615903 0.041577
v -0.101159 -0.159412 0.028448
v -0.080982 -0.805484 0.217619
v -0.099060 0.615343 0.018710
v -0.097344 0.192742 0.075402
v -0.097839 -0.746688 0.037167
v -0.103043 0.591293 0.047059
v -0.094792 0.618478 0.070308
v -0.094615 0.382058 0.091393
v -0.102756 0.675012 -0.057406
v -0.100464 0.344594 -0.084384
v -0.101201 0.710322 -0.048169
v -0.099243 0.437487 0.095440
v -0.096577 0.534690 0.101810
v -0.094183 0.138157 0.072960
v -0.100845 0.347763 0.071944
v -0.101958 -0.915706 0.241988
v -0.100328 -0.681306 -0.075967
v -0.099472 0.640452 0.004308
v -0.094290 -0.734504 -0.139132
v -0.100362 -0.745374 0.101544
v -0.090404 -0.748958 0.223104
v -0.100893 -0.681945 -0.070169
v -0.093065 -0.213286 0.021543
v -0.097467 -0.733778 -0.131269
v -0.091064 0.152200 0.071296
v -0.100772 0.431589 0.081978
v -0.094822 0.248138 0.093557
v -0.098867 0.584116 0.052603
v -0.092444 -0.115581 -0.099062
v -0.098715 0.089361 0.048067
v -0.099484 0.143691 0.053887
v -0.098940 -0.728113 -0.130875
v -0.096332 0.710993 -0.072465
v -0.091076 0.576680 -0.138864
v -0.099359 0.452767 -0.101940
v -0.089453 -0.835838 0.209887
v -0.095895 -0.743343 0.033868
v -0.089382 0.544641 0.110072
v -0.099548 0.819938 0.030455
v -0.090516 -0.744335 0.060292
v -0.099250 -0.707113 0.013317
v -0.099162 0.439754 0.089524
v -0.100295 0.812473 0.009357
v -0.085049 -0.743164 -0.172105
v -0.097850 0.323881 0.076754
v -0.096665 0.314311 0.079879
v -0.097865 0.825193 0.006252
v -0.097008 -0.163750 0.046287
v -0.098965 -0.157741 0.033341
v -0.099605 0.812419 0.028679
v -0.098942 0.577488 0.095359
v -0.094609 0.452200 0.105135
v -0.095738 -0.715421 0.015114
v -0.097023 0.553985 0.102034
v -0.094880 0.180185 0.076630
v -0.099644 0.718102 -0.062846
v -0.095792 -0.708726 -0.101678
v -0.098504 0.155314 0.062248
v -0.094923 0.391716 0.084738
v -0.099033 0.069305 0.056577
v -0.098091 -0.149951 0.048097
v -0.097550 -0.708438 -0.094041
v -0.099292 0.174353 0.088482
v -0.094306 -0.151694 0.036588
v -0.097525 0.596469 0.039899
v -0.099108 0.201156 0.070472
v -0.098006 0.362587 -0.084839
v -0.097961 0.573032 0.091005
v -0.100376 -0.266385 0.014152
v -0.098100 0.459891 -0.104400
v -0.099089 -0.741542 0.111056
v -0.098903 -0.276566 -0.000730
v -0.096331 0.471079 -0.111375
v -0.092638 -0.055103 0.052883
v -0.094259 -0.701756 -0.003263
v -0.099525 0.397056 -0.090682
v -0.094561 0.743369 -0.054783
v -0.093132 0.604024 0.058565
v -0.088577 0.553781 0.108823
v -0.097487 0.607266 0.068288
v -0.094679 0.505620 0.106128
v -0.093518 -0.022292 0.055600
v -0.094978 0.405786 0.080694
v -0.092857 0.127119 0.057799
v -0.084447 0.422647 -0.101514
v -0.090943 0.696424 -0.059148
v -0.095231 -0.701565 -0.091890
v -0.089724 0.006849 -0.115019
v -0.098500 0.184986 0.071437
v -0.093806 0.727652 -0.040374
v -0.099275 -0.246067 -0.020380
v -0.096411 -0.714711 -0.108264
v -0.094289 -0.724132 0.029543
v -0.094643 -0.739573 -0.151201
v -0.097028 -0.282695 0.021980
v -0.093198 -0.702081 -0.015367
v -0.095534 0.409853 -0.094306
v -0.096212 0.728972 -0.063079
v -0.095355 -0.286655 0.005624
v -0.087027 -0.045380 0.055575
v -0.094699 0.138111 0.055887
v -0.093741 -0.914793 0.244827
v -0.091060 0.648715 -0.009928
v -0.094048 0.575565 0.093752
v -0.096062 0.147415 0.070850
v -0.096964 0.801162 0.020273
v -0.088464 -0.095493 -0.098606
v -0.092008 -0.783856 -0.233089
v -0.098240 -0.295637 -0.012801
v -0.094176 -0.744929 0.128040
v -0.095405 0.464518 -0.107991
v -0.094587 -0.724591 -0.157376
v -0.094879 -0.241462 0.027575
v -0.094067 0.601076 0.053362
v -0.097980 0.807235 -0.008859
v -0.091382 -0.695082 -0.031836
v -0.096172 -0.305300 0.005192
v -0.095516 0.558882 0.105308
v -0.096094 0.808172 0.024071
v -0.093427 0.642166 -0.002054
v -0.097408 -0.306223 -0.024226
v -0.090069 0.663441 -0.010102
v -0.097129 0.699115 -0.020313
v -0.097281 0.794491 -0.008427
v -0.096374 0.685009 -0.026997
v -0.094674 0.281388 0.094389
v -0.093651 0.706874 -0.044451
v -0.094081 -0.144704 0.058318
v -0.061532 -0.869782 0.229734
v -0.089436 0.262550 0.101540
v -0.096134 -0.290706 -0.015537
v -0.096554 0.712247 -0.019684
v -0.090654 -0.915365 -0.247879
v -0.090527 0.294743 -0.101872
v -0.093123 0.671797 -0.013886
v -0.096148 0.107465 0.052472
v -0.090243 0.584682 0.069614
v -0.094424 0.609611 0.060191
v -0.092150 0.577329 0.089820
v -0.095999 0.641217 0.007508
v -0.095125 0.427372 0.086591
v -0.091354 -0.250049 -0.061808
v -0.093221 0.369121 0.086059
v -0.095194 0.683166 -0.013362
v -0.095100 0.600467 0.042826
v -0.092989 -0.730333 0.085047
v -0.094113 0.707445 -0.033423
v -0.095930 0.303940 0.084710
v -0.097093 0.690534 -0.021991
v -0.094349 -0.746077 0.085281
v -0.095575 0.812509 -0.004777
v -0.091732 -0.253778 0.039133
v -0.094493 0.151044 0.067571
v -0.093130 0.557520 0.097663
v -0.095348 -0.322363 -0.041982
v -0.096483 0.794827 -0.018279
v -0.094476 0.818404 -0.021000
v -0.093618 0.795462 0.004245
v -0.087772 -0.728267 0.104193
v -0.090028 -0.732046 0.096146
v -0.082952 -0.087191 -0.101578
v -0.095501 0.719814 -0.039635
v -0.088430 -0.741796 -0.162874
v -0.093442 0.682036 -0.047942
v -0.092789 0.713459 -0.031326
v -0.082912 -0.718429 -0.153207
v -0.095825 0.874141 -0.081143
v -0.095156 -0.328432 -0.038996
v -0.093403 0.866837 -0.070905
v -0.092895 0.625822 0.017788
v -0.087569 -0.673733 -0.078437
v -0.089317 0.656048 -0.117733
v -0.093297 0.071419 0.052522
v -0.091146 -0.702284 0.006768
v -0.094362 0.478604 -0.109910
v -0.094310 -0.310140 -0.033243
v -0.092366 -0.297391 0.000500
v -0.092111 0.803314 0.002032
v -0.084161 0.096641 -0.121141
v -0.088881 0.473947 0.107306
v -0.090194 0.062667 0.054598
v -0.094506 -0.250640 0.015938
v -0.089760 -0.131660 0.063325
v -0.086229 -0.723422 0.086832
v -0.088601 -0.051235 0.062708
v -0.089760 0.801270 0.032930
v -0.092547 -0.258829 -0.017418
v -0.087643 -0.683473 -0.034206
v -0.091322 0.719750 -0.027844
v -0.094291 -0.697092 -0.102108
v -0.093789 0.574146 0.087095
v -0.090526 0.820014 -0.011572
v -0.092513 0.882181 -0.069229
v -0.093455 0.676021 -0.100597
v -0.090810 -0.735355 -0.152548
v -0.092268 -0.337343 -0.053079
v -0.093027 -0.674324 -0.054523
v -0.094102 0.726608 -0.030520
v -0.088755 -0.244405 0.012156
v -0.092957 0.685085 -0.075700
v -0.092697 0.668010 -0.113649
v -0.090446 0.416843 0.096634
v -0.089421 -0.272756 -0.004461
v -0.088158 0.028976 0.070010
v -0.088009 0.829489 0.030754
v -0.094699 0.394200 -0.089593
v -0.088787 0.641651 0.010519
v -0.089825 0.554962 -0.129436
v -0.092796 -0.342077 -0.004323
v -0.091903 0.860995 -0.091237
v -0.093330 0.734409 -0.034953
v -0.087575 0.595344 0.042235
v -0.092180 0.672577 -0.093113
v -0.091422 0.494598 -0.114247
v -0.087512 0.132181 0.061781
v -0.094097 -0.469984 -0.006980
v -0.092353 -0.229407 0.033209
v -0.091598 0.326347 -0.092551
v -0.087157 -0.685543 -0.041900
v -0.092167 -0.111511 0.045895
v -0.090044 -0.693146 -0.094219
v -0.089719 -0.281636 -0.044245
v -0.090968 -0.147572 0.040405
v -0.092995 0.701480 -0.075817
v -0.079885 -0.199568 -0.086962
v -0.092496 -0.478789 0.007791
v -0.091630 0.488576 -0.111520
v -0.078753 -0.144075 -0.098013
v -0.092021 0.510035 0.103441
v -0.083898 0.618878 0.058646
v -0.088024 0.887980 -0.080923
v -0.089893 0.507450 -0.116919
v -0.086516 -0.732505 -0.156430
v -0.088451 -0.117491 0.049072
v -0.091805 -0.298422 0.019015
v -0.087965 0.725721 -0.024929
v -0.085960 0.727834 -0.013423
v -0.087528 -0.709007 -0.109899
v -0.087327 0.701250 -0.012404
v -0.090150 -0.689626 -0.046493
v -0.092244 0.798826 -0.027696
v -0.090616 -0.305261 -0.004465
v -0.085287 -0.690931 -0.088256
v -0.089634 0.008718 0.055261
v -0.087444 -0.129822 0.059481
v -0.081356 0.483397 0.110240
v -0.092873 -0.743958 0.072856
v -0.090736 -0.336931 0.001953
v -0.088969 -0.263717 0.001885
v -0.088904 -0.278295 -0.007592
v -0.091247 -0.737327 0.065119
v -0.090626 0.809869 0.040830
v -0.087543 -0.292706 -0.020615
v -0.089214 0.540278 0.100745
v -0.088094 0.148238 0.074337
v -0.090767 -0.736131 0.079332
v -0.088520 -0.743465 0.078866
v -0.077098 0.014638 0.077195
v -0.086835 -0.302855 -0.028856
v -0.089992 0.455834 0.106931
v -0.089447 0.478149 -0.109974
v -0.090602 -0.365017 -0.021313
v -0.090864 -0.458028 -0.010527
v -0.090225 -0.696802 -0.089614
v -0.090683 0.800123 0.005469
v -0.090305 0.168302 0.089328
v -0.086742 0.885023 -0.088613
v -0.086454 0.142394 0.081167
v -0.090542 -0.733651 0.074758
v -0.090180 0.700867 -0.036977
v -0.085710 -0.733792 0.113125
v -0.089914 -0.210757 0.053978
v -0.085564 -0.686269 -0.018726
v -0.079200 0.199680 0.089411
v -0.086623 0.707885 -0.080740
v -0.086217 -0.915969 0.248146
v -0.081408 -0.947379 -0.260633
v -0.076926 0.591656 0.062209
v -0.089574 -0.450944 0.002623
v -0.087977 0.830848 0.005407
v -0.087135 0.820328 -0.031793
v -0.088282 -0.343539 -0.064735
v -0.083833 0.724569 -0.006252
v -0.089214 -0.508286 -0.028673
v -0.085545 0.737532 -0.070028
v -0.087445 0.588118 0.094638
v -0.075746 0.365356 0.102856
v -0.087485 0.458984 0.111133
v -0.086357 0.348595 -0.090918
v -0.084486 0.720641 -0.064697
v -0.091159 -0.419281 0.011325
v -0.088882 -0.055834 0.065575
v -0.091344 -0.409419 0.007068
v -0.090314 0.679274 -0.110522
v -0.075356 -0.126225 -0.098961
v -0.088717 0.531552 -0.122671
v -0.091138 -0.378688 0.021878
v -0.087739 -0.234093 0.018973
v -0.087241 0.737497 -0.019629
v -0.088834 0.561838 0.097421
v -0.088443 0.545634 -0.125260
v -0.085426 -0.724654 0.018960
v -0.090431 0.522451 -0.121562
v -0.087731 0.409043 -0.100647
v -0.088360 0.693302 -0.084532
v -0.088388 -0.718907 0.012501
v -0.090952 0.635089 0.012231
v -0.088525 -0.314215 -0.009996
v -0.084056 0.178801 0.102020
v -0.086303 0.449414 0.105596
v -0.088438 -0.284623 -0.013235
v -0.088722 0.574597 0.083114
v -0.087211 -0.018812 0.054820
v -0.088803 0.695850 -0.045733
v -0.088879 0.778538 -0.008540
v -0.086374 -0.069823 0.062383
v -0.087544 0.782446 -0.018627
v -0.085191 -0.709520 0.018476
v -0.088377 0.661047 -0.121231
v -0.089079 0.856312 0.019313
v -0.089211 0.439419 0.105137
v -0.076115 0.429923 -0.106489
v -0.090067 0.849628 0.004474
v -0.077935 0.312113 0.101025
v -0.088567 -0.143546 0.045167
v -0.085317 0.526553 0.104350
v -0.091470 0.823972 0.054648
v -0.090021 -0.209538 0.046508
v -0.087011 -0.232104 0.025506
v -0.090349 0.868410 -0.097124
v -0.085639 -0.744085 0.038258
v -0.086424 -0.329238 -0.024749
v -0.084378 0.656248 -0.015605
v -0.089143 -0.252318 0.010601
v -0.088945 -0.242434 0.019338
v -0.090115 -0.460355 0.020695
v -0.083004 -0.318265 -0.045126
v -0.087531 0.697593 -0.065630
v -0.088324 0.821206 0.038247
v -0.088979 0.686689 -0.063329
v -0.087272 0.559739 0.093789
v -0.087864 -0.524396 -0.027630
v -0.078348 0.573869 0.105123
v -0.086285 0.691798 -0.068128
v -0.086845 -0.138805 0.043945
v -0.090004 0.836218 0.010305
v -0.081700 0.752980 -0.066602
v -0.088685 0.858616 -0.071541
v -0.086476 0.794431 0.015529
v -0.079197 0.064847 -0.119331
v -0.087179 -0.480314 0.014798
v -0.089165 -0.380604 -0.024625
v -0.089772 0.846799 -0.014266
v -0.079525 0.715068 -0.070063
v -0.084400 0.614005 0.055197
v -0.087325 -0.327849 -0.055730
v -0.086934 -0.326815 -0.014926
v -0.079805 -0.894645 0.249912
v -0.077226 -0.786599 0.229133
v -0.083578 0.181500 0.099777
v -0.086035 -0.668766 -0.038224
v -0.089219 -0.187904 0.058930
v -0.086563 0.683353 -0.007722
v -0.088830 0.684022 -0.057091
v -0.086897 0.841550 -0.060608
v -0.088030 -0.422678 -0.002966
v -0.088373 -0.450235 0.029543
v -0.085477 -0.244622 -0.074792
v -0.087592 -0.366666 0.016645
v -0.084479 0.624725 0.036150
v -0.087307 -0.500897 -0.000771
v -0.087758 -0.396717 -0.035055
v -0.085735 0.830510 -0.004578
v -0.087611 0.871424 0.016525
v -0.085280 -0.320604 0.028942
v -0.087148 -0.462804 0.010295
v -0.085548 0.499207 0.103614
v -0.085866 0.856739 -0.051205
v -0.084649 -0.348744 -0.024194
v -0.082151 0.154590 0.097270
v -0.088440 0.874656 0.001234
v -0.086067 -0.723338 0.014471
v -0.085472 0.736738 -0.045459
v -0.069387 -0.748784 -0.232228
v -0.087300 0.846958 0.022118
v -0.080830 -0.041718 0.060630
v -0.082645 0.625995 0.048710
v -0.083851 0.870061 -0.022938
v -0.081693 -0.729071 -0.158135
v -0.086570 0.677197 -0.086507
v -0.086848 0.038948 0.067953
v -0.084719 0.681560 -0.082309
v -0.066704 -0.950328 0.261545
v -0.086268 -0.691078 -0.102875
v -0.081245 -0.704664 -0.111981
v -0.086961 0.630965 0.010714
v -0.089656 0.111277 0.053983
v -0.084043 0.578067 0.080219
v -0.086346 -0.225632 0.031796
v -0.084155 -0.718302 -0.140893
v -0.087887 -0.150735 0.078547
v -0.084231 0.785561 0.019066
v -0.084262 -0.312005 -0.037808
v -0.087411 -0.335940 0.032441
v -0.087795 0.855437 -0.006613
v -0.086969 0.573633 0.087838
v -0.085108 0.879527 -0.062280
v -0.071695 0.378225 0.103344
v -0.088423 -0.168683 0.070447
v -0.085674 -0.217398 0.036917
v -0.080084 -0.732300 0.122958
v -0.082189 0.847534 -0.081677
v -0.083066 0.125001 0.063502
v -0.085809 -0.049298 0.059562
v -0.082843 -0.724640 0.089727
v -0.087340 -0.512246 -0.013351
v -0.084642 -0.733683 0.036060
v -0.087516 0.891704 -0.086681
v -0.085563 -0.136887 0.086102
v -0.085544 -0.206843 0.030980
v -0.084336 -0.196584 0.050113
v -0.084449 0.836675 0.049778
v -0.084744 -0.339327 -0.021618
v -0.080171 -0.177795 -0.086335
v -0.078735 0.794889 0.048248
v -0.086699 -0.412542 -0.035961
v -0.086604 0.860672 0.030086
v -0.084192 -0.178433 0.043559
v -0.086311 0.823126 0.066389
v -0.077263 0.387985 0.097703
v -0.085633 -0.480416 -0.022666
v -0.085266 -0.731508 0.064811
v -0.085177 -0.336943 -0.034766
v -0.084280 0.895531 -0.077097
v -0.078665 -0.715282 0.077776
v -0.087332 -0.241598 0.069630
v -0.087029 -0.256655 0.069345
v -0.084784 -0.368642 0.032245
v -0.085425 -0.122555 0.071652
v -0.080684 0.598156 0.048891
v -0.082196 0.580716 0.100720
v -0.086294 0.813248 0.043363
v -0.071306 0.160620 -0.139367
v -0.086588 -0.420694 0.029351
v -0.076676 0.473848 -0.117814
v -0.084082 0.891058 -0.075568
v -0.084377 0.853105 -0.023759
v -0.084860 0.614257 0.027529
v -0.082325 0.832177 0.022088
v -0.082678 0.351434 -0.096138
v -0.083562 -0.281453 0.026988
v -0.086501 -0.175166 0.083447
v -0.086241 -0.155671 0.071522
v -0.083296 -0.695074 -0.005759
v -0.086193 -0.533968 -0.040669
v -0.082283 0.051700 0.056578
v -0.085055 0.741568 -0.039240
v -0.083234 -0.668831 -0.057747
v -0.079131 -0.316882 -0.084227
v -0.083294 -0.271013 0.032110
v -0.086394 0.614850 0.033320
v -0.080957 -0.395756 0.001991
v -0.086269 -0.702775 -0.001535
v -0.083685 -0.291807 0.022479
v -0.076797 -0.717301 0.095859
v -0.087135 -0.362874 0.048343
v -0.087154 0.179634 0.082944
v -0.081485 -0.682239 -0.086355
v -0.079181 -0.148784 0.066594
v -0.080745 -0.722065 0.069418
v -0.085573 0.865681 -0.056477
v -0.084441 -0.438325 0.011249
v -0.082089 0.842574 -0.075146
v -0.083165 -0.524554 -0.042541
v -0.083550 -0.359518 -0.029822
v -0.080218 0.813612 -0.038128
v -0.082205 -0.787259 -0.228501
v -0.084989 -0.393777 0.045571
v -0.084670 -0.277542 0.051858
v -0.082912 0.803526 0.067616
v -0.083643 -0.165312 0.051530
v -0.084650 -0.291473 0.038688
v -0.085075 -0.187548 0.069660
v -0.086777 -0.298339 0.056018
v -0.081901 0.730649 -0.020227
v -0.079580 0.847107 -0.088497
v -0.078999 0.648013 -0.003562
v -0.082439 0.790208 -0.031115
v -0.085015 -0.207583 0.042796
v -0.083411 0.654966 -0.120971
v -0.077058 0.134851 -0.135111
v -0.080113 -0.345315 0.000694
v -0.084312 -0.446948 0.016252
v -0.086454 -0.346618 -0.034242
v -0.083642 -0.393966 0.026342
v -0.083097 0.831035 0.014828
v -0.083327 -0.190759 0.039115
v -0.080521 -0.368040 -0.011880
v -0.082949 -0.696211 -0.016171
v -0.084297 -0.352844 0.057439
v -0.084448 -0.745796 0.130773
v -0.082479 -0.729440 0.068985
v -0.079495 0.588980 0.050727
v -0.080366 0.836531 -0.064861
v -0.083437 -0.425303 0.015690
v -0.084760 -0.383362 0.028119
v -0.082738 -0.187964 0.053447
v -0.080472 0.692836 -0.094814
v -0.080307 -0.337416 0.004193
v -0.084084 -0.539035 -0.039601
v -0.081588 0.539835 0.096486
v -0.079957 0.791824 0.024914
v -0.080812 -0.348451 -0.043290
v -0.083852 -0.529440 -0.030402
v -0.052461 -0.819740 -0.224745
v -0.076640 0.546157 0.099863
v -0.075123 -0.105155 -0.109602
v -0.084217 -0.118712 0.066541
v -0.077202 0.272516 0.109943
v -0.081769 0.113861 0.066684
v -0.081124 0.038717 -0.119793
v -0.084980 -0.360269 -0.040884
v -0.082007 -0.176206 0.058776
v -0.077575 -0.707157 -0.120052
v -0.082569 0.842121 -0.022137
v -0.082180 0.887485 -0.063208
v -0.085112 -0.720262 0.062235
v -0.084092 -0.358201 0.035951
v -0.083049 0.878856 -0.099032
v -0.083170 -0.548979 -0.049388
v -0.084236 -0.502941 -0.003628
v -0.083267 -0.311320 0.063708
v -0.074927 0.461167 -0.112301
v -0.084356 -0.336826 0.041246
v -0.079463 -0.682958 -0.030473
v -0.078847 0.165412 0.094508
v -0.081939 0.331713 -0.092541
v -0.077060 0.745622 -0.051809
v -0.083152 -0.306139 0.016497
v -0.075800 0.528455 0.101334
v -0.083240 -0.187028 0.091956
v -0.082688 -0.417720 0.037969
v -0.082468 0.443853 0.104513
v -0.085038 -0.235156 0.080455
v -0.081815 -0.260906 0.037419
v -0.078952 0.569009 0.103781
v -0.082908 -0.674716 -0.097909
v -0.081596 -0.317744 0.012099
v -0.083417 -0.409561 0.021624
v -0.081745 0.148556 0.080732
v -0.082211 0.391979 -0.099025
v -0.083358 -0.269035 0.046742
v -0.078825 -0.387431 -0.019024
v -0.074769 0.672047 -0.124179
v -0.083502 -0.733908 -0.170211
v -0.083073 -0.916205 -0.251686
v -0.070574 0.750658 -0.053409
v -0.080743 -0.663930 -0.048936
v -0.075390 -0.076590 -0.106188
v -0.071325 -0.786808 -0.232298
v -0.082581 -0.203128 0.064784
v -0.084848 0.888024 -0.057561
v -0.082395 0.839056 0.030593
v -0.080167 -0.247389 0.044864
v -0.080144 0.607878 0.058158
v -0.081595 -0.723133 0.046604
v -0.080140 0.897815 -0.095828
v -0.078088 0.839273 -0.047883
v -0.084828 -0.139069 0.048666
v -0.084286 0.881998 0.000257
v -0.082273 0.783138 -0.022801
v -0.083901 -0.672315 -0.029892
v -0.073617 0.642237 -0.127626
v -0.076111 0.479824 -0.115959
v -0.080487 0.144652 0.081742
v -0.081172 -0.327962 0.007978
v -0.077601 -0.451636 -0.017857
v -0.079294 -0.212421 -0.084109
v -0.084462 0.828037 0.014349
v -0.081934 -0.736777 0.055783
v -0.080973 -0.212716 0.059227
v -0.084714 -0.392739 -0.009780
v -0.084223 -0.186009 0.047371
v -0.085154 0.895408 -0.002351
v -0.080732 -0.407557 -0.003227
v -0.083910 -0.372921 -0.001272
v -0.081129 -0.322124 -0.083870
v -0.082379 0.250231 0.106376
v -0.079537 -0.376790 -0.015419
v -0.075193 0.358657 0.100843
v -0.083284 -0.720158 0.020455
v -0.080757 0.411809 -0.097127
v -0.083990 0.856403 -0.027376
v -0.082314 -0.440455 -0.044253
v -0.081146 0.180627 0.089497
v -0.080734 -0.419796 -0.006927
v -0.081043 -0.134365 0.050023
v -0.078995 -0.311079 0.026012
v -0.080453 -0.358471 -0.083977
v -0.082497 -0.343425 -0.038978
v -0.083134 0.890685 -0.050909
v -0.082177 0.879927 -0.055630
v -0.080305 -0.167248 0.061748
v -0.070752 0.136728 0.093666
v -0.074846 0.155519 0.105296
v -0.082210 -0.373012 -0.036156
v -0.072605 0.634088 -0.130971
v -0.077986 0.039943 0.060042
v -0.078232 0.651574 0.005420
v -0.080549 0.859040 -0.102005
v -0.076396 0.129852 0.083767
v -0.076193 -0.465775 -0.022022
v -0.079511 0.686703 -0.087123
v -0.081701 0.679722 -0.111852
v -0.078965 0.869151 -0.103231
v -0.075232 -0.716189 0.067906
v -0.080140 0.437688 0.101914
v -0.074613 0.842930 0.049013
v -0.076948 -0.061729 0.072023
v -0.075599 0.348177 0.101325
v -0.081686 0.801732 0.049957
v -0.082245 -0.115667 0.093354
v -0.066234 -0.950257 -0.262768
v -0.079011 -0.334996 0.019229
v -0.079023 -0.483277 0.014165
v -0.078932 -0.397911 -0.023479
v -0.068277 -0.024754 0.064850
v -0.080599 -0.281533 0.070386
v -0.074149 -0.706442 -0.000379
v -0.082332 -0.374237 -0.046892
v -0.083655 -0.375737 -0.007885
v -0.073253 -0.115666 -0.102462
v -0.078920 -0.159327 0.064455
v -0.080373 -0.111419 0.089595
v -0.079418 -0.152582 0.069078
v -0.083125 0.831259 -0.078561
v -0.079039 0.627822 0.039649
v -0.078638 0.097371 0.059519
v -0.080720 -0.748285 -0.182326
v -0.079036 0.410761 0.105081
v -0.073109 -0.656862 -0.035813
v -0.078978 -0.131161 0.055629
v -0.081111 -0.220994 0.054309
v 0.237784 -0.950583 -0.128646
v -0.078503 0.778668 0.018266
v -0.082819 -0.624192 -0.038997
v -0.079915 0.905489 -0.076942
v -0.078723 -0.144270 0.072458
v -0.076794 0.852331 -0.045206
v -0.079139 0.777232 -0.028007
v -0.070896 -0.691954 -0.016280
v -0.071949 -0.722204 0.102167
v -0.073673 0.769797 -0.003547
v -0.079869 -0.730811 0.016554
v -0.080758 -0.102011 0.077989
v -0.081604 0.828503 0.064058
v -0.075027 -0.656100 -0.026707
v -0.077959 -0.132657 0.096207
v -0.079142 0.750549 -0.019630
v -0.082378 -0.622536 -0.031744
v -0.079483 -0.231364 0.050851
v -0.080877 -0.360424 -0.008326
v -0.078641 0.443483 0.114350
v -0.078637 -0.239536 0.049446
v -0.077257 0.456135 0.111712
v -0.077419 -0.345338 -0.085546
v -0.078477 0.333049 0.101738
v -0.075193 -0.784167 -0.238931
v -0.080376 0.829206 -0.096262
v -0.082047 -0.354100 0.004799
v -0.074548 -0.917664 0.260336
v -0.078939 0.841882 0.039839
v -0.081879 -0.647445 -0.043903
v -0.075414 0.695383 -0.015297
v -0.080100 0.828877 -0.033537
v -0.079759 -0.434079 -0.011369
v -0.079921 -0.107532 0.055273
v -0.079031 -0.738813 0.039079
v -0.079402 0.558477 0.089915
v -0.079515 0.910006 0.004751
v -0.079035 -0.754061 0.235935
v -0.078501 0.884234 -0.096567
v -0.062386 -0.031980 -0.114045
v -0.078847 -0.356525 -0.044394
v -0.050868 -0.805038 0.227076
v -0.078977 0.881878 -0.026752
v -0.073807 0.687340 -0.014313
v -0.064558 -0.883344 -0.241202
v -0.076295 0.739518 -0.048055
v -0.079279 -0.278713 0.037969
v -0.080160 0.902111 0.022027
v -0.079915 0.664000 -0.012861
v -0.076750 0.019157 0.077079
v -0.079434 -0.297167 0.030435
v -0.078815 -0.347416 0.016093
v -0.075836 0.904964 -0.065331
v -0.079002 -0.657958 -0.061086
v -0.071096 0.646142 0.012857
v -0.081358 0.751467 -0.035677
v -0.079885 -0.394495 -0.041418
v -0.079028 0.829211 -0.021794
v -0.079997 -0.265969 0.042953
v -0.080135 -0.363086 -0.004318
v -0.069397 0.589026 0.065434
v -0.066915 0.611574 -0.135869
v -0.079506 -0.384989 -0.014410
v -0.079148 -0.385446 0.000625
v -0.078106 -0.034182 0.070602
v -0.080770 0.405073 -0.094758
v -0.078328 0.878688 0.038125
v -0.075548 0.546220 -0.131010
v -0.078684 -0.353173 -0.002415
v -0.075215 0.863680 -0.050574
v -0.081454 -0.714511 0.061853
v -0.078244 0.859403 0.042295
v -0.078226 -0.319532 0.072272
v -0.072280 -0.241989 -0.087805
v -0.079182 -0.381615 0.005876
v -0.080013 -0.158704 0.102146
v -0.079304 -0.648757 -0.040122
v -0.080900 0.832156 -0.042290
v -0.080533 0.823693 -0.052272
v -0.074997 -0.660141 -0.024882
v -0.075607 -0.668246 -0.085614
v -0.064634 -0.158943 -0.097322
v -0.077312 -0.493684 -0.010433
v -0.077275 -0.130036 0.078614
v -0.077657 0.838224 -0.070562
v -0.080301 -0.656749 -0.051802
v -0.077035 -0.541569 -0.056769
v -0.081882 -0.555292 -0.058699
v -0.078866 -0.284411 0.034655
v -0.078995 -0.373751 -0.011169
v -0.078771 -0.360004 0.012653
v -0.076921 0.815052 -0.088945
v -0.076025 0.660749 -0.127452
v -0.079992 0.895756 -0.050203
v -0.074862 0.849816 -0.095609
v -0.077359 -0.360177 0.061278
v -0.075376 -0.718650 0.084719
v -0.076697 0.580315 0.075134
v -0.079123 0.023480 0.072457
v -0.079690 -0.340496 0.013125
v -0.076813 0.361919 -0.097960
v -0.076043 0.844843 -0.098043
v -0.078940 -0.224623 0.057104
v -0.077489 0.576782 0.078751
v -0.077112 -0.138109 0.075527
v -0.077371 -0.137110 0.072122
v -0.076618 -0.669941 -0.082594
v -0.078701 0.655820 -0.012412
v -0.078950 0.821772 0.070890
v -0.080692 0.900656 -0.046433
v -0.078536 0.616200 0.050824
v -0.078141 0.886471 0.024960
v -0.075885 -0.433489 -0.029464
v -0.075412 0.811596 0.073273
v -0.078352 -0.322925 0.021984
v -0.079134 -0.466608 -0.049621
v -0.072335 0.803499 0.077936
v -0.078403 -0.370579 0.004739
v -0.075214 -0.469600 0.023295
v -0.071528 -0.374620 -0.082677
v -0.077431 -0.415614 -0.045887
v -0.077354 0.396940 -0.093819
v -0.074506 -0.677360 -0.026756
v -0.074681 -0.664737 -0.093069
v -0.079800 0.818327 -0.061870
v -0.075178 0.760997 -0.013521
v -0.076361 -0.402297 -0.057918
v -0.078831 -0.399804 -0.020281
v -0.076824 -0.673727 -0.017168
v -0.078335 -0.659482 -0.048306
v -0.075532 -0.524590 -0.030983
v -0.075143 -0.623314 -0.024655
v -0.077536 0.692478 -0.085019
v -0.076860 -0.509858 -0.021118
v -0.073576 -0.105245 0.085494
v -0.076642 -0.604088 -0.022649
v -0.076561 -0.719337 -0.159058
v -0.073555 -0.250052 -0.091778
v -0.073921 -0.735899 0.039270
v -0.073474 0.312951 -0.100057
v -0.075191 -0.111271 0.085623
v -0.071990 0.868887 -0.045938
v -0.078784 0.815794 -0.054633
v -0.076930 0.900027 -0.066165
v -0.075773 -0.745748 0.128756
v -0.076770 0.612692 0.036412
v -0.077182 -0.561444 -0.070673
v -0.075111 0.694358 -0.101021
v -0.074677 -0.035498 0.063457
v -0.076858 0.844452 -0.043546
v -0.077067 -0.356243 0.010363
v -0.070538 0.757640 -0.074081
v -0.077323 0.486372 0.104337
v -0.073739 -0.463789 -0.037447
v -0.071446 -0.417072 0.046956
v -0.072495 0.689051 -0.104595
v -0.078314 -0.036270 0.073291
v -0.075138 0.597055 0.046797
v -0.066762 -0.368145 -0.109768
v -0.078790 0.867419 0.051071
v -0.078014 -0.089641 0.105081
v -0.075755 0.183083 0.094310
v -0.075821 -0.125183 0.059016
v -0.076281 -0.128766 0.110993
v -0.077724 0.809187 -0.043184
v -0.078073 -0.484410 -0.003402
v -0.077036 -0.455017 -0.026937
v -0.074151 -0.075717 0.104118
v -0.074897 0.734924 -0.018080
v -0.074952 -0.480564 -0.026575
v -0.072836 0.650603 -0.124182
v -0.074224 0.833508 -0.051721
v -0.076766 0.906154 -0.020426
v -0.073301 0.769010 -0.020250
v -0.077539 0.879946 -0.052936
v -0.078003 0.804046 -0.046572
v -0.074952 0.109115 0.069846
v -0.075577 -0.123039 0.079047
v -0.076747 0.833706 0.064751
v -0.076233 -0.194256 0.092819
v -0.075190 -0.714237 -0.135737
v -0.072275 0.578589 0.085197
v -0.071458 0.392604 0.107219
v -0.076486 0.890683 -0.068303
v -0.075010 -0.636590 -0.053754
v -0.078764 -0.642541 -0.073647
v -0.074494 -0.116458 0.082353
v -0.072960 0.788598 0.031180
v -0.073544 0.778420 -0.034056
v -0.072923 -0.678746 -0.014204
v -0.073973 -0.437275 -0.061172
v -0.066313 0.734034 -0.073610
v -0.076914 0.664611 -0.004729
v -0.075726 0.833639 -0.072573
v -0.077532 -0.651232 -0.084471
v -0.075758 0.669817 -0.012379
v -0.071630 0.815551 -0.072102
v -0.075991 0.702715 -0.078588
v -0.074969 0.788495 -0.028881
v -0.072368 -0.915490 -0.254192
v -0.068789 0.538475 0.092176
v -0.068515 -0.794638 -0.231963
v -0.077229 -0.621863 -0.057145
v -0.076295 -0.422217 -0.025959
v -0.077614 0.420887 0.102345
v -0.072420 0.329125 -0.103260
v -0.075229 -0.734328 0.122589
v -0.073087 -0.915029 0.251820
v -0.061259 0.452597 -0.116890
v -0.075016 0.611746 0.032990
v -0.074023 -0.452108 -0.053018
v -0.075667 0.887809 -0.045957
v -0.063320 0.059290 0.064569
v -0.074880 0.810882 -0.066149
v -0.070544 0.092743 0.073172
v -0.069713 -0.745696 -0.173352
v -0.073713 -0.542093 -0.043413
v -0.072231 0.910915 -0.045298
v -0.077112 0.803516 -0.054185
v -0.072645 -0.731795 0.022660
v -0.075768 -0.087751 0.087006
v -0.075391 0.382658 -0.092346
v -0.075070 -0.725474 0.016852
v -0.071028 0.636246 0.011177
v -0.075249 -0.077021 0.087367
v -0.073419 0.856865 -0.048397
v -0.074268 0.747181 -0.050039
v -0.074435 -0.165229 0.102557
v -0.072828 0.603560 0.052517
v -0.072459 0.469694 0.113067
v -0.074220 -0.437240 -0.050494
v -0.076496 -0.089793 0.078061
v -0.071809 -0.746685 0.135950
v -0.073195 -0.490058 -0.030035
v -0.074594 0.764892 -0.014982
v -0.076120 -0.363541 -0.048844
v -0.070273 0.820614 0.086943
v -0.073631 0.912342 -0.053214
v -0.073935 -0.263486 0.075330
v -0.065094 -0.042088 -0.113469
v -0.075901 -0.631718 -0.074343
v -0.072919 0.143847 0.088278
v -0.074192 -0.116305 0.064964
v -0.071587 -0.314238 -0.101941
v -0.060460 0.120177 0.076123
v -0.076957 0.840764 0.061055
v -0.071256 -0.721963 -0.159146
v -0.073030 -0.109485 0.068105
v -0.073511 -0.500070 -0.014333
v -0.072521 -0.689634 -0.113108
v -0.052919 -0.754016 -0.245294
v -0.076417 0.727114 -0.070126
v -0.065188 0.288830 -0.108289
v -0.074682 -0.627130 -0.049833
v -0.075493 0.625699 0.041358
v -0.074590 0.124049 0.064058
v -0.072617 -0.075224 0.069072
v -0.072778 -0.662166 -0.078439
v -0.073270 0.799262 -0.038930
v -0.069616 -0.717234 0.033545
v -0.071968 0.889666 0.039293
v -0.073557 -0.659324 -0.043567
v -0.068908 0.096585 -0.124815
v -0.073212 -0.377328 -0.053971
v -0.073138 0.808334 -0.059474
v -0.072137 -0.294132 0.069038
v -0.071983 0.477710 0.105416
v -0.071461 -0.737771 0.032906
v -0.071937 -0.716729 0.012579
v -0.070274 -0.719836 0.107386
v -0.073826 0.823113 -0.065379
v -0.073162 -0.617149 -0.046465
v -0.078470 0.702872 -0.011307
v -0.073587 0.678953 -0.106851
v -0.069694 0.920794 0.022467
v -0.071779 -0.448580 0.035777
v -0.057645 -0.882851 0.240708
v -0.072874 0.883921 0.050841
v -0.071868 -0.553469 -0.051369
v -0.061767 0.571303 -0.136446
v -0.072820 -0.569015 -0.024611
v -0.071518 0.115847 0.063335
v -0.067391 0.393636 -0.101699
v -0.074596 -0.468774 0.005340
v -0.073938 0.854556 0.060922
v -0.071451 0.236945 0.111687
v -0.074267 0.826869 -0.053209
v -0.073678 -0.645183 -0.063937
v -0.070746 -0.509305 -0.038603
v -0.075349 -0.660783 -0.087540
v -0.073262 -0.656668 -0.097112
v -0.072716 0.070226 -0.123237
v -0.074560 0.556107 0.084522
v -0.073189 0.372131 -0.091779
v -0.071174 0.611862 0.052528
v -0.071353 -0.672379 -0.026823
v -0.073571 -0.477504 -0.000924
v -0.069851 0.863482 0.062534
v -0.074403 -0.570582 -0.073072
v -0.072263 0.186839 0.106019
v -0.072944 -0.748369 -0.201613
v -0.070650 -0.649747 -0.040556
v -0.069340 -0.057319 -0.110947
v -0.072116 -0.497470 -0.033523
v -0.073928 0.707192 -0.073357
v -0.072274 0.834871 -0.059385
v -0.068263 -0.570199 -0.031985
v -0.071488 -0.329177 -0.097487
v -0.071707 0.022195 0.064347
v -0.074423 -0.733941 -0.169808
v -0.073691 -0.118173 0.061905
v -0.072239 0.886076 -0.101006
v -0.070741 -0.088119 0.093827
v -0.070456 -0.071711 0.116670
v -0.069646 -0.592158 -0.039002
v -0.070180 -0.709715 -0.126456
v -0.075566 -0.080626 -0.111889
v -0.071926 0.747074 -0.016162
v -0.068696 0.441003 -0.111719
v -0.070066 -0.095449 0.072594
v -0.067271 0.590651 0.051964
v -0.072477 -0.469770 -0.062292
v -0.073129 -0.488940 -0.005461
v -0.064068 0.724578 0.003637
v -0.072448 -0.509516 -0.019969
v -0.066341 -0.721107 0.113173
v -0.068363 0.185985 0.099996
v -0.072666 0.669023 -0.009003
v -0.072855 -0.531039 -0.034094
v -0.067458 0.790325 0.068022
v -0.070914 0.773288 0.006488
v -0.070803 0.165382 0.098522
v -0.072193 0.824785 -0.068354
v -0.069459 -0.393710 -0.059162
v -0.069436 -0.233788 0.080879
v -0.067593 0.143777 0.093173
v -0.074321 -0.731057 0.134924
v -0.073544 -0.734474 0.126072
v -0.072061 0.845346 0.056921
v -0.070126 -0.561204 -0.056491
v -0.071675 0.830044 0.076097
v -0.070834 -0.723974 -0.167396
v -0.066089 -0.707149 -0.146629
v -0.073512 0.181589 0.111088
v -0.069269 0.100923 0.073491
v -0.066873 0.401637 -0.102172
v -0.069944 -0.553128 -0.014821
v -0.071144 0.656929 -0.128571
v -0.069393 0.855663 -0.103154
v -0.064860 0.768535 -0.029222
v -0.071251 0.359175 -0.092669
v -0.072147 -0.654318 -0.071954
v -0.065956 -0.197864 -0.096713
v -0.068694 0.024438 0.062814
v -0.073306 -0.598724 -0.054646
v -0.071522 -0.460783 0.008994
v -0.066930 -0.506659 -0.062953
v -0.058125 0.489556 -0.121484
v -0.069981 0.404550 0.103588
v -0.071210 0.020229 0.073515
v -0.057557 -0.848017 0.222253
v -0.069804 -0.711979 0.006145
v -0.069164 0.876379 -0.098406
v -0.064373 0.771249 0.025452
v -0.062108 0.294786 0.112195
v -0.069733 0.790107 0.045455
v -0.068993 -0.082975 0.093986
v -0.067053 0.655119 0.008439
v -0.071719 0.606391 0.040976
v -0.069264 -0.521316 -0.044410
v -0.070447 -0.059382 0.089124
v -0.072132 0.612219 0.043887
v -0.072538 -0.098857 0.088542
v -0.069957 -0.744346 0.138658
v -0.070681 0.736988 -0.005166
v -0.062795 0.073005 0.069425
v -0.070247 -0.471249 0.003957
v -0.071261 0.758906 0.001569
v -0.069309 -0.490761 -0.044466
v -0.069006 0.890207 -0.041020
v -0.071414 0.601769 0.042726
v -0.057778 -0.915111 -0.257645
v -0.069732 0.580753 0.066629
v -0.055554 -0.689349 -0.007171
v -0.066046 -0.315893 0.076245
v -0.071657 0.792956 -0.034225
v -0.065970 0.899748 -0.100315
v -0.070688 0.868502 0.065219
v -0.070798 -0.104103 0.068997
v -0.071302 0.810699 -0.069854
v -0.067251 -0.666458 -0.024891
v -0.069648 0.896064 -0.039462
v -0.055856 -0.710768 0.062653
v -0.069720 0.910355 -0.080027
v -0.063588 0.805165 -0.079658
v -0.068449 -0.086684 0.075829
v -0.057235 0.028338 -0.120015
v -0.070585 -0.604292 -0.043404
v -0.069449 0.792547 -0.042813
v -0.066680 -0.301761 0.078869
v -0.070947 0.798338 -0.044623
v -0.064406 0.767641 -0.063228
v -0.070090 0.697829 -0.088320
v -0.065366 -0.061358 -0.118903
v -0.064151 0.762664 -0.048887
v -0.068194 -0.682654 -0.107013
v -0.062152 -0.251905 -0.101633
v -0.069793 0.840360 -0.102166
v -0.066767 0.533330 0.093579
v -0.067083 0.796785 -0.050474
v -0.068623 0.768692 -0.025709
v -0.071897 -0.585880 -0.044027
v -0.068381 0.761562 -0.058085
v -0.066688 -0.511869 -0.051938
v -0.067585 0.470391 0.106313
v -0.061559 -0.715089 0.073838
v -0.070117 -0.729742 0.140235
v -0.060310 0.721103 0.002939
v -0.067040 -0.533268 -0.052034
v -0.065114 0.808760 0.083267
v -0.067176 0.424699 0.105986
v -0.065889 -0.552392 -0.012631
v -0.069436 0.858050 0.066395
v -0.060905 0.930761 -0.007290
v -0.068845 0.835177 -0.070396
v -0.063213 0.207853 -0.133738
v -0.070921 0.697633 -0.013426
v -0.053038 -0.918699 0.265848
v -0.071358 0.647203 -0.134443
v -0.068124 -0.691476 -0.006812
v -0.066269 -0.575829 -0.084477
v -0.069345 0.683048 -0.010704
v -0.072053 0.844129 0.070682
v -0.067969 0.022088 0.085308
v -0.069663 -0.275346 0.071685
v -0.070523 -0.383015 0.052429
v -0.070359 0.837144 -0.063709
v -0.070749 0.737593 -0.015910
v -0.063986 0.716377 -0.078707
v -0.068481 -0.075972 0.098008
v -0.066380 -0.710318 0.008749
v -0.068890 -0.595499 -0.059626
v -0.067510 0.803154 -0.057617
v -0.064885 0.669843 -0.118542
v -0.069670 -0.091967 0.070049
v -0.068917 -0.028651 0.067961
v -0.059385 0.315560 0.112200
v -0.066844 0.546344 0.091438
v -0.067154 0.560138 0.081038
v -0.066889 -0.707119 -0.000758
v -0.059997 0.233650 0.114467
v -0.067350 -0.512207 -0.004457
v -0.070013 -0.668967 -0.099830
v -0.068670 -0.583239 -0.036909
v -0.068896 0.839527 0.082969
v -0.065165 0.527799 0.092587
v -0.055873 -0.804779 -0.227769
v -0.061084 0.911582 0.049917
v -0.063838 -0.130815 0.109949
v -0.066822 -0.075547 0.079600
v -0.063697 -0.311594 -0.109056
v -0.061455 0.865796 -0.105536
v -0.069312 0.640911 -0.136739
v -0.065886 -0.786551 0.232385
v -0.069387 0.883175 -0.047017
v -0.066394 -0.632642 -0.082021
v -0.058879 -0.667723 -0.117661
v -0.070500 -0.544779 -0.040882
v -0.068341 0.847838 0.062990
v -0.070063 -0.554025 -0.035237
v -0.048120 -0.784247 0.244362
v -0.066372 -0.450527 0.021023
v -0.067923 0.666307 -0.127635
v -0.066822 0.784496 0.043629
v -0.061548 0.480445 -0.121017
v -0.066829 -0.017776 0.081558
v -0.067867 0.823038 -0.102879
v -0.064696 0.853309 -0.108462
v -0.064113 0.704240 -0.085611
v -0.060671 -0.656794 -0.103200
v -0.063500 -0.728837 -0.171046
v -0.067436 0.755779 -0.052059
v -0.047968 -0.917687 -0.268544
v -0.062903 0.447592 0.118121
v -0.062307 -0.011167 0.071718
v -0.066724 -0.745445 -0.192630
v -0.054945 0.494480 0.106228
v -0.066299 0.682103 -0.109022
v -0.068221 -0.569569 -0.061859
v -0.065331 0.789487 0.054678
v -0.065064 -0.160762 0.097568
v -0.064570 -0.753768 0.239941
v -0.067191 0.087897 -0.126889
v -0.063190 -0.088432 0.124217
v -0.068224 0.434211 -0.103300
v -0.063661 -0.639678 -0.033968
v -0.056414 0.488659 0.109028
v -0.065490 -0.541715 -0.057341
v -0.065435 -0.647475 -0.017260
v -0.068213 -0.864504 -0.225766
v -0.065906 -0.216341 0.084507
v -0.067976 -0.732102 0.118085
v -0.066047 -0.732415 -0.167949
v -0.067450 -0.252754 0.075729
v -0.068740 -0.244904 0.077404
v -0.065713 -0.467890 -0.069320
v -0.066278 0.900567 -0.038363
v -0.066198 -0.203619 0.088953
v -0.066659 0.669664 -0.012127
v -0.067541 -0.264172 0.073365
v -0.057304 0.806996 -0.092244
v -0.062348 0.575097 0.073123
v -0.064476 0.021303 0.090220
v -0.065631 0.874334 -0.100570
v -0.055424 0.144424 0.111849
v -0.062121 -0.441552 0.030852
v -0.068285 0.592635 0.058098
v -0.061832 -0.033071 0.115626
v -0.066232 -0.735480 0.030242
v -0.065138 0.104119 0.065798
v -0.066191 0.911474 -0.063561
v -0.068340 -0.572310 -0.050784
v -0.065178 0.875389 0.064160
v -0.063784 0.338094 -0.093941
v -0.064616 0.663281 -0.001796
v -0.063907 0.765427 0.015332
v -0.064487 -0.734370 0.022969
v -0.061179 0.112407 -0.130264
v -0.067825 -0.453012 0.014630
v -0.060382 -0.353488 0.059817
v -0.065231 -0.059335 0.101186
v -0.066282 0.359619 0.112920
v -0.062609 0.164702 0.102339
v -0.062451 -0.044776 0.086328
v -0.062088 0.777990 -0.031363
v -0.065432 -0.411040 -0.064668
v -0.066632 -0.699834 -0.129257
v -0.063564 -0.051152 0.104239
v -0.058421 -0.127681 -0.107124
v -0.065213 -0.586541 -0.072876
v -0.065201 0.684490 -0.012652
v -0.064114 -0.029153 0.099601
v -0.065227 0.895913 0.048723
v -0.066949 0.733639 0.001257
v -0.067962 -0.278631 0.079333
v -0.067992 -0.552866 -0.028022
v -0.065180 0.655807 -0.139614
v -0.063877 -0.065293 0.081602
v -0.050896 -0.748614 0.146607
v -0.064036 0.797554 -0.064270
v -0.065921 -0.733014 0.143375
v -0.062315 -0.352254 -0.111253
v -0.058482 0.768807 -0.044577
v -0.054203 0.132518 0.104436
v -0.063796 0.089367 0.078071
v -0.063158 -0.710575 0.039874
v -0.067026 -0.070055 0.097749
v -0.053310 -0.205114 -0.099349
v -0.062639 0.827686 0.091888
v -0.064925 0.786668 0.033204
v -0.064912 0.847232 0.072901
v -0.064019 0.376795 0.111239
v -0.053493 -0.895462 -0.259229
v -0.065101 0.632848 -0.137899
v -0.061679 0.666529 -0.128718
v -0.066088 0.794229 -0.054266
v -0.064702 -0.054290 0.086510
v -0.061173 -0.718923 0.092723
v -0.062809 -0.181414 0.094888
v -0.069999 -0.129365 0.114292
v -0.064010 -0.011313 0.080045
v -0.063049 0.441651 -0.108363
v -0.062825 0.354860 0.111060
v -0.069550 0.340042 -0.099917
v -0.060437 0.647156 0.006528
v -0.064267 -0.494588 0.002023
v -0.063725 -0.737628 -0.172275
v -0.063922 0.017945 0.067039
v -0.066934 -0.649572 -0.037152
v -0.060880 0.809590 0.093866
v -0.061354 0.877322 -0.108982
v -0.057023 -0.112096 -0.105509
v -0.061364 -0.687783 -0.015543
v -0.062961 0.886300 -0.109587
v -0.062107 0.294388 -0.110368
v -0.060684 -0.457545 -0.075607
v -0.062170 0.192715 0.116188
v -0.065296 -0.234064 0.080737
v -0.063154 -0.549963 -0.063048
v -0.066301 0.112218 0.065171
v -0.064459 0.804715 -0.068750
v -0.063225 -0.057373 0.083576
v -0.065564 -0.074534 0.076911
v -0.063753 0.587602 0.065411
v -0.050020 -0.949062 -0.267907
v -0.060390 0.570754 0.077244
v -0.061634 0.922388 -0.025001
v -0.047677 -0.894929 0.258251
v -0.045370 0.254323 0.125724
v -0.063284 0.397802 0.104296
v -0.059495 0.356704 -0.098857
v -0.062700 -0.710055 -0.154054
v -0.060113 -0.003256 0.078980
v -0.061737 0.852828 0.070360
v -0.063708 -0.744766 -0.176579
v -0.064575 0.563555 0.075029
v -0.064919 -0.257034 0.085285
v -0.062978 -0.145972 0.101870
v -0.062406 0.759858 0.009600
v -0.062794 0.835641 0.100588
v -0.056031 -0.786908 -0.236531
v -0.059527 -0.745160 0.138893
v -0.052922 0.551048 0.085391
v -0.058025 0.449230 0.115821
v -0.063380 -0.044499 0.089472
v -0.063372 0.391082 0.104375
v -0.049633 0.500439 -0.122461
v -0.062600 0.413594 -0.099884
v -0.060801 -0.730154 0.113706
v -0.065369 0.918471 -0.054626
v -0.056106 -0.586886 -0.093657
v -0.064393 0.906365 -0.088411
v -0.058387 -0.624607 -0.027176
v -0.062073 0.461566 0.108495
v -0.064920 0.913064 -0.075233
v -0.064276 0.585663 0.056481
v -0.058547 0.270713 -0.115563
v -0.059714 0.853395 0.089684
v -0.063448 -0.565874 -0.015010
v -0.065307 0.703994 -0.107638
v -0.064146 0.579770 0.064805
v -0.062900 -0.136843 0.105572
v -0.063934 0.865170 0.065157
v -0.056671 0.803923 -0.085433
v -0.057337 -0.684184 -0.016820
v -0.060862 -0.625246 -0.085156
v -0.062711 0.904240 -0.040998
v -0.060762 -0.473122 0.005735
v -0.060212 -0.591513 -0.092886
v -0.057203 -0.915518 0.255950
v -0.060853 0.308276 -0.107424
v -0.058467 -0.649383 -0.096273
v -0.063007 -0.424491 0.040791
v -0.062387 0.748734 0.004421
v -0.056401 0.786034 -0.042515
v -0.056891 -0.702243 -0.003967
v -0.061576 -0.663683 -0.020304
v -0.064237 -0.019547 0.072168
v -0.055397 0.417531 0.118877
v -0.057745 0.345627 -0.094426
v -0.059097 0.512446 0.096097
v -0.058156 -0.725949 0.011713
v -0.061739 0.022174 0.065961
v -0.063792 0.190919 0.100277
v -0.060783 -0.449189 0.022121
v -0.056354 -0.187504 -0.097656
v -0.057893 0.710126 -0.010089
v -0.036555 -0.794394 0.238095
v -0.064122 0.613675 -0.140622
v -0.062085 -0.643197 -0.031878
v -0.058704 0.781794 -0.036993
v -0.063287 -0.459869 0.010738
v -0.056219 -0.784157 -0.243831
v -0.063574 0.579902 0.060410
v -0.059795 0.931843 0.020439
v -0.054584 0.771437 -0.065069
v -0.062782 -0.730597 -0.190788
v -0.062005 0.903195 -0.094922
v -0.062476 -0.223769 0.093640
v -0.062411 0.674700 -0.008720
v -0.060382 -0.533863 -0.004801
v -0.061016 -0.645624 -0.013046
v -0.057120 0.917095 -0.049861
v -0.061011 0.521886 0.092508
v -0.061156 -0.507085 -0.067904
v -0.060526 0.029286 0.091460
v -0.058791 0.398741 -0.097761
v -0.060968 -0.584810 -0.018695
v -0.061002 0.538797 0.088700
v -0.057873 -0.386061 -0.110594
v -0.049738 -0.300642 -0.118623
v -0.062568 -0.739828 -0.188540
v -0.061243 -0.043240 0.105236
v -0.059665 -0.556886 -0.067608
v -0.060740 -0.730692 0.019561
v -0.056169 0.895039 -0.104401
v -0.059462 0.715335 -0.088038
v -0.060030 0.141363 0.098355
v -0.057819 -0.091121 0.123143
v -0.058705 0.362545 0.117335
v -0.062975 -0.405957 0.049769
v -0.062019 -0.158038 0.100476
v -0.058196 0.699074 -0.120665
v -0.062379 0.872145 -0.099618
v -0.058574 0.106574 -0.131092
v -0.057247 0.535700 0.088683
v -0.054446 -0.746353 0.136999
v -0.062072 0.640161 -0.135726
v -0.054677 0.158425 0.115903
v -0.051629 0.547578 0.090323
v -0.059502 -0.442842 0.028037
v -0.058176 -0.038446 0.125924
v -0.056352 0.691071 -0.017738
v -0.060342 0.910647 -0.081971
v -0.057286 0.784262 0.053641
v -0.053596 -0.322024 0.066669
v -0.055605 -0.004578 0.105721
v -0.049037 -0.717584 0.002173
v -0.050985 0.800855 -0.065301
v -0.060197 -0.426870 -0.068467
v -0.058663 0.848365 0.100101
v -0.052235 -0.718087 0.095949
v -0.052375 -0.488247 -0.070620
v -0.055113 -0.728175 0.129444
v -0.049733 -0.441607 -0.096912
v -0.060334 0.444979 -0.111269
v -0.049528 0.393535 0.112561
v -0.055201 0.022985 0.078268
v -0.061968 0.075118 0.078892
v -0.059086 0.868851 -0.101757
v -0.056779 0.413191 0.110222
v -0.054178 0.342152 0.111705
v -0.058644 -0.031501 0.089723
v -0.054827 -0.028972 -0.120403
v -0.057074 0.094370 0.066933
v -0.060897 0.919633 -0.087872
v -0.060863 -0.122620 0.111260
v -0.055946 -0.013313 0.098537
v -0.060406 0.878986 0.069173
v -0.048201 -0.092974 -0.108674
v -0.055147 0.223170 0.115592
v -0.054958 -0.374510 0.057521
v -0.058622 -0.428153 0.037232
v -0.059671 0.632877 -0.142155
v -0.046899 -0.246135 -0.105953
v -0.057332 0.909325 -0.041473
v -0.059492 -0.206228 0.100231
v -0.060044 -0.235327 0.093546
v -0.057745 -0.542074 -0.071957
v -0.059098 0.576633 0.068922
v -0.054066 0.817970 -0.098370
v -0.059840 -0.724645 -0.169202
v -0.058273 0.654168 -0.000906
v -0.054610 0.629919 -0.143141
v -0.058856 -0.634586 -0.029352
v -0.058105 0.832406 -0.104864
v -0.054485 -0.012438 -0.116044
v -0.058128 0.791864 -0.049719
v -0.056512 0.458729 0.107875
v -0.051799 0.109474 0.073730
v -0.056623 -0.554732 -0.009169
v -0.058891 -0.031593 0.108268
v -0.058017 0.604963 -0.137373
v -0.055552 0.803976 0.083814
v -0.057974 0.193325 0.104835
v -0.057826 0.005951 0.086850
v -0.058490 0.785473 0.037802
v -0.048494 0.426649 0.123124
v -0.040204 0.206222 0.115537
v -0.056965 0.779023 -0.059567
v -0.059770 -0.134797 0.108705
v -0.056931 0.782861 -0.050839
v -0.059675 0.103408 0.066715
v -0.051872 0.140700 0.103672
v -0.056713 -0.565042 -0.073525
v -0.056362 -0.230474 -0.095731
v -0.045379 -0.666097 -0.015308
v -0.057214 0.823572 -0.103115
v -0.051666 0.769590 0.050153
v -0.056684 0.663937 -0.126162
v -0.051155 -0.689638 -0.128502
v -0.051407 0.464021 -0.120194
v -0.059376 -0.107764 0.116307
v -0.054985 0.639110 -0.139728
v -0.057165 0.575826 0.063920
v -0.057469 0.754043 0.005884
v -0.050762 0.556618 0.083168
v -0.057510 0.748584 -0.074620
v -0.058056 -0.117782 0.114083
v -0.058068 0.560073 0.073456
v -0.055066 0.701530 -0.016601
v -0.058248 -0.483609 0.003643
v -0.058795 -0.748785 0.233310
v -0.049451 -0.719116 -0.160414
v -0.053914 -0.084135 0.126682
v -0.051232 0.814025 0.101854
v -0.056508 0.376867 0.108909
v -0.054424 0.356488 0.112474
v -0.056386 -0.493370 0.001719
v -0.057901 0.791637 0.055576
v -0.059160 -0.137437 0.129328
v -0.056962 0.925670 -0.064795
v -0.057846 0.708325 -0.106049
v -0.056380 -0.743274 -0.188212
v -0.056076 -0.612863 -0.085927
v -0.054645 0.845726 -0.105394
v -0.051512 0.278226 -0.116269
v -0.055938 0.676349 -0.117862
v -0.039852 0.200192 0.130239
v -0.057700 -0.203958 0.113242
v -0.053713 0.725266 -0.080581
v -0.057347 0.020900 0.073702
v -0.045156 -0.356356 -0.129122
v -0.030389 -0.816962 0.227458
v -0.058248 -0.165124 0.123452
v -0.056956 -0.614957 -0.024087
v -0.046277 0.051782 0.079324
v -0.057241 -0.439332 -0.071699
v -0.056437 -0.624857 -0.013870
v -0.050740 -0.000987 0.122439
v -0.054153 0.080610 0.086582
v -0.055505 0.856386 0.076316
v -0.054775 -0.722499 -0.183335
v -0.045686 0.677084 -0.011023
v -0.055358 0.653573 -0.138863
v -0.055957 -0.022434 0.092960
v -0.054683 -0.395984 0.048014
v -0.055399 -0.223393 0.098189
v -0.057433 -0.180616 0.119222
v -0.057445 0.565207 0.072449
v -0.052031 0.877938 0.074345
v -0.045778 -0.167557 -0.103518
v -0.056825 0.684902 -0.123522
v -0.055063 0.082478 0.081684
v -0.047411 0.020896 0.097703
v -0.052696 -0.404240 0.043101
v -0.045959 0.148788 0.121621
v -0.053515 -0.575094 -0.080853
v -0.054508 -0.502387 -0.000055
v -0.052816 -0.510380 -0.001740
v -0.055477 -0.095059 0.121921
v -0.055246 0.666533 -0.124315
v -0.052649 0.197403 0.110865
v -0.053103 -0.233521 0.093803
v -0.054551 0.747488 0.002635
v -0.054263 -0.722170 0.012093
v -0.049003 -0.264178 0.084477
v -0.054023 0.087877 0.069381
v -0.054840 0.026069 0.074475
v -0.053972 0.921870 -0.095212
v -0.049586 0.922875 0.052452
v -0.055840 0.792256 -0.056500
v -0.055564 -0.606846 -0.022379
v -0.051786 0.528122 0.096059
v -0.050232 0.792894 0.063217
v -0.051262 0.449945 0.109208
v -0.055641 -0.103895 0.118053
v -0.053372 -0.448443 -0.075234
v -0.050065 -0.702078 -0.155325
v -0.053877 -0.657372 -0.107924
v -0.051533 -0.662273 -0.019064
v -0.053729 -0.099124 0.135801
v -0.054407 -0.419939 0.037673
v -0.047376 -0.786906 0.236698
v -0.053214 0.499895 0.096434
v -0.054196 -0.228636 0.102232
v -0.052184 -0.663406 -0.115913
v -0.052073 -0.738838 -0.184232
v -0.053511 0.569367 0.068534
v -0.055443 -0.020072 0.110368
v -0.050760 0.519970 0.092424
v -0.051569 -0.551690 -0.077039
v -0.053975 0.824795 0.098011
v -0.055121 0.917857 -0.079211
v -0.053460 0.730572 -0.077630
v -0.049873 0.165561 0.108864
v -0.055063 -0.169299 0.124008
v -0.048746 -0.793991 -0.236962
v -0.052594 -0.075214 -0.116446
v -0.054330 0.385971 -0.095899
v -0.049424 0.255149 -0.123423
v -0.052877 -0.729277 -0.192392
v -0.053708 0.795680 0.056741
v -0.042507 -0.691755 -0.153590
v -0.053548 0.708398 -0.012919
v -0.054638 -0.155267 0.131049
v -0.052898 -0.604082 -0.103494
v -0.054416 -0.192445 0.116273
v -0.032628 -0.851106 -0.229480
v -0.049742 -0.702252 0.036225
v -0.049384 0.911051 -0.044953
v -0.052261 0.740918 0.003410
v -0.047353 0.940509 0.013681
v -0.052674 -0.697769 -0.007929
v -0.051663 -0.246268 0.089243
v -0.049703 0.726712 -0.095103
v -0.054872 0.742150 -0.078286
v -0.049123 0.924536 -0.056268
v -0.054745 0.452345 -0.114514
v -0.050188 0.656717 -0.130297
v -0.047376 0.931691 -0.080871
v -0.052835 0.556342 0.077747
v -0.047886 0.202430 0.124255
v -0.050121 -0.251563 0.087486
v -0.052184 0.886821 -0.109171
v -0.052173 -0.529345 -0.006694
v -0.047918 -0.722139 0.100394
v -0.051484 0.873308 -0.102546
v -0.055852 0.473875 -0.118633
v -0.052023 0.839803 -0.112630
v -0.052438 0.618576 -0.136268
v -0.054133 0.679695 -0.129416
v -0.051293 -0.733821 -0.193872
v -0.050543 0.802327 -0.079367
v -0.053825 -0.184253 0.119351
v -0.047220 0.832880 0.115432
v -0.053122 0.766430 0.023495
v -0.047778 0.799741 -0.093282
v -0.045049 0.054196 0.087297
v -0.049989 0.822466 -0.113348
v -0.048961 0.326667 -0.096236
v -0.046904 -0.671064 -0.136859
v -0.052936 0.781981 0.034607
v -0.045689 0.007661 -0.116936
v -0.030799 -0.860723 0.231014
v -0.050708 0.169132 0.107784
v -0.051029 -0.700185 -0.000370
v -0.050478 -0.512422 -0.069752
v -0.051205 0.045358 0.101432
v -0.048450 -0.629292 -0.098953
v -0.051953 0.367471 -0.100567
v -0.052355 -0.547677 -0.010216
v -0.049119 -0.378355 0.051966
v -0.036577 -0.708725 -0.000755
v -0.051479 -0.635806 -0.010264
v -0.049428 0.300624 -0.100850
v -0.050130 -0.003337 0.113946
v -0.051061 0.790275 0.054306
v -0.042381 -0.264410 -0.110759
v -0.053031 -0.647800 -0.109482
v -0.047942 0.078317 0.094489
v -0.050755 -0.003704 0.099905
v -0.044922 -0.333792 0.067654
v -0.052726 -0.133937 0.134759
v -0.046863 0.437578 -0.112715
v -0.049389 -0.745550 0.131389
v -0.025935 -0.900108 0.263212
v -0.054010 -0.595917 -0.019378
v -0.050198 -0.479071 -0.087035
v -0.051740 -0.565355 -0.013620
v -0.052950 -0.009054 0.094779
v -0.050070 0.911109 -0.048288
v -0.052074 0.040503 0.094501
v -0.040970 -0.189674 -0.104264
v -0.051711 0.922356 -0.075523
v -0.051240 0.533614 0.088942
v -0.046999 0.918002 -0.101789
v -0.051007 -0.457850 -0.079731
v -0.048196 0.892978 -0.103276
v -0.036068 -0.949372 0.268221
v -0.050552 0.027287 0.080325
v -0.049012 0.858104 0.081592
v -0.046573 0.663801 -0.007090
v -0.050782 0.846781 0.110931
v -0.046621 0.821386 0.100279
v -0.040601 0.904377 0.068833
v -0.051625 -0.214237 0.110976
v -0.050122 -0.223216 0.107116
v -0.051177 -0.580795 -0.014959
v -0.050598 -0.063275 0.127465
v -0.045031 0.824929 0.113187
v -0.050055 0.124934 -0.134833
v -0.046110 0.776662 0.031441
v -0.051442 -0.204420 0.115743
v -0.050338 0.851444 0.105844
v -0.043930 0.386403 0.110542
v -0.051288 -0.192761 0.147801
v -0.042244 -0.431909 -0.116718
v -0.042508 -0.712045 0.079791
v -0.049804 -0.115108 0.137773
v -0.052590 -0.728236 0.107136
v -0.048924 0.368621 -0.095389
v -0.048287 0.725012 -0.007588
v -0.026712 -0.877671 -0.242449
v -0.048720 0.005990 0.104877
v -0.048785 -0.302432 0.072313
v -0.045796 0.153635 0.120830
v -0.046662 0.793365 -0.082495
v -0.038334 0.544356 0.093739
v -0.050560 0.083815 0.072169
v -0.047710 0.699972 -0.110588
v -0.051931 0.696998 -0.013818
v -0.038123 0.456501 0.115474
v -0.047842 -0.160644 0.155548
v -0.046549 0.880002 -0.102882
v -0.044754 -0.723560 0.111885
v -0.049097 -0.584709 -0.089468
v -0.046182 0.694252 -0.124631
v -0.042689 -0.105657 -0.109364
v -0.048936 0.032530 0.080993
v -0.048744 0.490907 0.098284
v -0.050572 0.747104 0.012183
v -0.048639 -0.735678 0.133203
v -0.047036 -0.753824 0.244317
v -0.039725 0.812745 0.105466
v -0.051311 0.750321 -0.077016
v -0.046959 -0.272625 0.081589
v -0.047395 -0.384683 0.046676
v -0.050414 0.742903 -0.085923
v -0.048802 0.903622 -0.098513
v -0.051425 0.428408 -0.107445
v -0.049841 -0.521124 -0.003919
v -0.049533 0.762375 -0.071040
v -0.048536 -0.742523 -0.182864
v -0.047305 0.441437 0.112095
v -0.045667 0.851179 -0.107279
v -0.037891 0.507277 0.101546
v -0.044657 0.340173 -0.103555
v -0.049086 -0.743877 -0.191181
v -0.045565 0.661439 -0.134876
v -0.049148 0.630233 -0.135627
v -0.048504 -0.014633 0.131650
v -0.044593 0.684345 -0.130652
v -0.036405 0.398815 0.125037
v -0.048146 0.853599 0.096205
v -0.048235 -0.598329 -0.012564
v -0.048628 0.732857 -0.094836
v -0.049381 -0.719866 0.005049
v -0.042700 0.399437 0.115784
v -0.050127 0.793526 -0.060157
v -0.042454 -0.634957 -0.111643
v -0.046651 0.201689 0.112412
v -0.046511 -0.469297 -0.086862
v -0.048179 -0.697691 -0.009013
v -0.040888 0.153803 -0.138337
v -0.044663 0.929751 -0.031559
v -0.048215 -0.489123 -0.081202
v -0.043111 0.269838 -0.112692
v -0.047209 -0.288780 0.075896
v -0.048690 -0.614384 -0.111945
v -0.042992 -0.915679 0.258506
v -0.042525 0.792511 0.078375
v -0.046845 0.078998 0.076830
v -0.045825 -0.375992 -0.129709
v -0.040810 0.120104 0.096792
v -0.042126 0.382246 -0.102096
v -0.046392 0.771721 0.026331
v -0.047727 0.732401 -0.000381
v -0.043865 0.862333 -0.109047
v -0.043191 0.465797 -0.119286
v -0.043931 -0.706317 -0.154437
v -0.044754 0.784119 -0.061238
v -0.046199 -0.545093 -0.076128
v -0.044512 0.771615 -0.063317
v -0.043566 0.025834 0.113261
v -0.035873 -0.041163 -0.118394
v -0.048793 0.689422 -0.016683
v -0.033170 0.945816 -0.003416
v -0.045139 0.790958 0.069279
v -0.045660 0.034372 0.087464
v -0.042160 0.142434 0.110546
v -0.035025 -0.784227 -0.247926
v -0.045689 0.643056 -0.135313
v -0.040661 -0.678910 -0.016546
v -0.047474 -0.231371 0.103891
v -0.041618 0.003701 0.136109
v -0.049756 -0.503290 0.010327
v -0.047745 0.923897 -0.071710
v -0.047822 -0.726542 0.106927
v -0.036015 -0.338987 -0.128672
v -0.043519 -0.085608 0.141668
v -0.042554 0.773719 0.043743
v -0.047108 -0.228857 0.127003
v -0.042889 0.751645 0.021635
v -0.037631 -0.468724 0.032916
v -0.041166 -0.396217 -0.126209
v -0.039019 -0.221545 -0.099594
v -0.041942 0.295864 0.115334
v -0.047187 -0.554416 -0.009828
v -0.045472 0.008260 0.101045
v -0.041541 -0.681436 -0.013771
v -0.039977 0.237322 -0.126272
v -0.034723 0.942182 0.036302
v -0.034734 -0.177809 -0.100392
v -0.045614 0.700132 -0.014350
v -0.040742 -0.915294 -0.260569
v -0.048323 0.735358 0.005175
v -0.022813 -0.917950 0.270004
v -0.042293 -0.657631 -0.018295
v -0.037939 0.348434 0.113833
v -0.044610 -0.596192 -0.098266
v -0.048223 -0.242458 0.099131
v -0.041304 0.304402 0.110910
v -0.047331 -0.069701 0.140004
v -0.044212 0.455254 -0.114811
v -0.044226 -0.543850 -0.008007
v -0.044469 0.547600 0.085193
v -0.045546 -0.662460 -0.133632
v -0.044551 0.013643 0.117650
v -0.045952 0.423834 -0.102454
v -0.045326 0.484175 0.100723
v -0.046483 -0.532022 -0.073142
v -0.045204 0.353412 0.112058
v -0.033328 -0.679917 0.034635
v -0.036293 -0.748403 -0.206546
v -0.043851 0.760637 0.026412
v -0.046153 -0.035926 0.128110
v -0.046133 -0.534586 -0.006340
v -0.043489 0.708807 -0.106250
v -0.044189 -0.555706 -0.080372
v -0.037107 0.313978 -0.104709
v -0.011860 0.624815 0.041033
v -0.041521 0.356038 0.116024
v -0.046591 -0.742989 -0.196145
v -0.044068 0.710361 -0.012460
v -0.040121 0.369281 0.114563
v -0.043559 0.817992 0.102308
v -0.037989 0.753487 -0.076503
v -0.040558 0.514545 0.094455
v -0.039651 0.822645 -0.117197
v -0.043840 0.086172 0.096406
v -0.042737 0.139657 0.109494
v -0.039864 -0.511503 0.019825
v -0.042329 0.412810 -0.100585
v -0.045903 -0.208503 0.155228
v -0.037860 0.800005 0.086789
v -0.043889 0.807428 -0.099400
v -0.042290 0.313538 -0.098650
v -0.045652 0.058296 0.103642
v -0.043612 0.743455 0.013749
v -0.042595 -0.493669 -0.100282
v -0.045149 0.895045 -0.106667
v -0.019038 0.648261 0.020253
v -0.035248 0.113483 0.087361
v -0.040432 -0.787148 -0.239400
v -0.044210 -0.625115 -0.120390
v -0.043758 -0.363630 0.060148
v -0.045986 -0.255316 0.095906
v -0.042257 0.801846 0.094440
v -0.041857 -0.728508 0.119349
v -0.038616 -0.136395 -0.104303
v -0.044700 -0.511273 -0.082700
v -0.043939 0.722976 -0.010527
v -0.040359 0.502089 -0.125478
v -0.039387 0.003316 -0.120081
v -0.043893 0.635390 -0.133185
v -0.043854 0.885508 -0.100700
v -0.043123 0.922884 -0.070057
v -0.033245 -0.011187 -0.116192
v -0.045618 -0.267302 0.090737
v -0.044926 -0.745504 0.124312
v -0.039242 0.029178 0.133491
v -0.042174 0.041186 0.088540
v -0.027992 -0.903853 -0.264128
v -0.035414 0.601131 -0.133716
v -0.038261 0.388911 -0.102705
v -0.043734 -0.025640 0.129998
v -0.044089 -0.368138 0.050131
v -0.039113 -0.716114 -0.158200
v -0.042894 -0.714829 -0.000162
v -0.040345 0.531177 0.090947
v -0.035808 0.165945 0.121468
v -0.042916 -0.280964 0.079812
v -0.042760 0.717472 -0.101157
v -0.043113 0.790693 -0.067803
v -0.039060 0.621185 -0.137035
v -0.035172 -0.431982 0.040112
v -0.042112 -0.692246 -0.004742
v -0.043732 -0.565726 -0.084086
v -0.044249 0.730272 -0.004713
v -0.041640 -0.640935 -0.114058
v -0.040957 0.700689 -0.110755
v -0.039705 -0.343739 0.065282
v -0.044562 0.082135 0.074019
v -0.042151 0.911924 -0.050355
v -0.040104 -0.480098 -0.097219
v -0.036659 0.090403 -0.121250
v -0.043608 0.812493 -0.108238
v -0.043965 0.673355 -0.132464
v -0.041000 -0.201291 0.170823
v -0.040254 -0.612801 -0.017986
v -0.043216 0.861365 0.087898
v -0.043218 -0.298166 0.076282
v -0.038855 -0.684924 -0.152274
v -0.042816 -0.691530 -0.012396
v -0.039465 0.555041 0.075613
v -0.037508 0.516506 -0.124808
v -0.040198 0.433773 0.113053
v -0.046625 0.433102 0.120293
v -0.040264 0.738806 -0.091283
v -0.043232 -0.219839 0.170468
v -0.043451 0.761089 -0.076505
v -0.036823 -0.032730 0.143852
v -0.039605 0.356096 -0.095155
v -0.036586 0.027942 -0.116877
v -0.039500 0.722627 -0.096989
v -0.041165 0.690877 -0.114487
v -0.039137 -0.281676 0.086484
v -0.040154 0.027395 0.120054
v -0.041759 0.733303 0.010747
v -0.038854 -0.237347 0.145448
v -0.041963 0.798333 -0.090161
v -0.036978 0.067103 0.097383
v -0.036658 0.086791 0.079287
v -0.041919 -0.552294 -0.010439
v -0.040196 0.347280 -0.096371
v -0.037264 0.315372 0.116363
v -0.042859 0.062346 0.109862
v -0.042347 -0.243333 0.100788
v -0.040702 0.169932 0.111874
v -0.040764 0.928750 -0.089545
v -0.039327 0.918904 -0.067115
v -0.039166 0.525377 0.099347
v -0.042154 0.045470 0.094235
v -0.036568 0.769966 0.060758
v -0.043794 0.275552 0.126372
v -0.042019 0.015115 0.105104
v -0.040078 0.048899 0.091182
v -0.041212 -0.012485 0.132976
v -0.039853 0.429634 -0.108242
v -0.028030 -0.048582 -0.110387
v -0.039432 0.023350 0.107926
v -0.040879 -0.579463 -0.091625
v -0.038194 -0.626179 -0.126381
v -0.035674 0.044032 0.129339
v -0.037608 0.929241 -0.068045
v -0.037172 0.873797 0.088906
v -0.038932 0.789121 -0.072374
v -0.040373 0.779313 0.061166
v -0.038952 -0.453746 -0.116648
v -0.022458 -0.748913 -0.241542
v -0.023356 0.567905 -0.131260
v -0.042721 0.842504 0.116367
v -0.038790 0.859833 -0.104801
v -0.024039 -0.225810 -0.103590
v -0.037505 -0.665883 -0.018426
v -0.040207 -0.710897 -0.002454
v -0.040070 -0.568890 -0.013479
v -0.035330 -0.738959 -0.189909
v -0.035052 0.915586 -0.061783
v -0.040738 -0.744614 0.117642
v -0.038088 0.473439 0.101108
v -0.035149 0.927285 -0.100511
v -0.035897 -0.258701 0.116556
v -0.037675 0.078698 0.112640
v -0.032530 0.213495 0.122342
v -0.039121 0.695472 0.001301
v -0.018119 0.581394 0.068005
v -0.040710 0.719223 -0.111183
v -0.036653 -0.731890 -0.184722
v -0.039539 0.081380 0.081139
v -0.038721 0.469057 0.111730
v -0.041409 -0.358385 0.051798
v -0.038239 0.552126 0.083299
v -0.035099 0.910127 -0.110744
v -0.036513 0.209631 0.121130
v -0.039602 0.711877 -0.118116
v -0.040729 0.853882 0.105341
v -0.042023 -0.499000 -0.085364
v -0.038301 0.611997 -0.136131
v -0.035358 -0.257842 0.094626
v -0.037558 -0.604972 -0.105837
v -0.037022 0.769704 -0.076973
v -0.040768 0.799037 -0.082192
v -0.019941 0.143170 0.123055
v -0.038730 0.655992 0.004718
v -0.035777 -0.727254 -0.178367
v -0.037682 0.053295 0.094964
v -0.035053 0.851397 0.115099
v -0.038736 -0.590069 -0.098410
v -0.036372 -0.585004 -0.016353
v -0.032663 0.532697 0.093250
v -0.037047 0.476387 0.100653
v -0.034237 -0.098452 0.159741
v -0.035024 0.409432 0.127418
v -0.037223 0.039444 0.118090
v -0.023690 0.488148 0.102017
v -0.034482 0.818834 0.103868
v -0.028785 0.843889 -0.113603
v -0.030585 0.793627 -0.079187
v -0.036704 0.797146 -0.100689
v -0.037194 0.858386 0.105251
v -0.037298 0.762583 0.050958
v -0.026512 0.435100 -0.110575
v -0.038692 0.777368 0.069435
v -0.037184 -0.555001 -0.097784
v -0.036505 0.627711 -0.138246
v -0.037401 -0.253437 0.097359
v -0.032231 0.146005 0.113719
v -0.033679 0.161527 0.123138
v -0.036749 0.399105 -0.098504
v -0.038397 -0.346435 0.055441
v -0.037121 0.922012 0.062569
v -0.036690 0.060729 0.100184
v -0.038017 -0.668324 -0.135970
v -0.040028 -0.686141 -0.008136
v -0.036472 -0.293280 0.077712
v -0.034684 -0.702865 -0.149551
v -0.038605 -0.562511 -0.011144
v -0.039583 -0.614402 -0.110936
v -0.020858 -0.667425 0.001700
v -0.036439 -0.597312 -0.015668
v -0.037663 0.862387 -0.109359
v -0.030060 -0.488747 -0.120377
v -0.039966 0.875125 0.096323
v -0.032575 0.087765 0.085153
v -0.033419 0.038345 0.112015
v -0.032763 0.635728 -0.138451
v -0.030149 0.737700 0.038825
v -0.035127 -0.017222 0.140277
v -0.031527 0.787979 0.076621
v -0.028606 0.382685 0.120654
v -0.035140 0.210065 0.129354
v -0.032254 -0.211724 0.181824
v -0.034018 -0.260385 0.090903
v -0.034837 0.664985 -0.132275
v -0.032791 0.753086 -0.085711
v -0.037182 0.876837 -0.109461
v -0.031318 0.668103 0.008384
v -0.030314 0.421839 0.115812
v -0.027639 0.539943 0.098954
v -0.035627 -0.592008 -0.108594
v -0.035572 -0.747642 0.114340
v -0.037304 -0.061890 0.143599
v -0.026652 0.127105 0.111041
v -0.034366 -0.706643 -0.005556
v -0.037563 0.882221 0.099204
v -0.036556 0.002781 0.135135
v -0.034006 0.863082 0.100679
v -0.033739 0.080095 0.103271
v -0.034696 0.677869 -0.124715
v -0.035678 0.729298 -0.090453
v -0.032056 0.416425 -0.102883
v -0.035855 0.033385 0.111590
v -0.033228 -0.303142 0.074214
v -0.033417 -0.695753 -0.152790
v -0.036828 0.873011 0.102722
v -0.037220 0.332768 -0.102861
v -0.033275 0.295761 -0.102182
v -0.034108 -0.669738 -0.013308
v -0.035000 0.334320 -0.096626
v -0.031012 -0.143603 0.170978
v -0.032488 -0.292824 -0.123360
v -0.029111 -0.511498 -0.108367
v -0.037950 0.865458 0.095321
v -0.034145 -0.628030 -0.017525
v -0.035405 0.832275 0.117811
v -0.030857 -0.571916 0.006556
v -0.035241 -0.528355 -0.094732
v -0.021359 0.162567 0.132813
v -0.024591 -0.754103 0.247779
v -0.028887 0.884469 0.089692
v -0.034299 0.851530 -0.109139
v -0.034375 0.877516 0.091925
v -0.033143 0.045039 0.123503
v -0.032340 0.760742 -0.076878
v -0.032670 0.390249 0.119515
v -0.030333 0.038439 0.141028
v -0.034663 0.067937 0.102104
v -0.009074 -0.208858 -0.098527
v -0.034611 -0.723714 -0.170633
v -0.029338 0.551821 0.077261
v -0.027955 -0.391218 -0.135472
v -0.032877 -0.266830 0.087459
v -0.030087 0.730682 -0.102916
v -0.036504 0.606900 -0.147224
v -0.035816 0.095600 0.103846
v -0.033756 0.417887 0.124114
v -0.025138 -0.124881 -0.104851
v -0.032403 0.546311 0.088139
v -0.031805 0.090840 0.120388
v -0.031585 -0.647283 -0.133325
v -0.035650 -0.574630 -0.014091
v -0.031002 0.683104 -0.120324
v -0.030962 0.869787 -0.120900
v -0.027578 -0.659834 -0.016489
v -0.032874 0.616562 -0.152825
v -0.021111 0.584271 -0.131340
v -0.028291 -0.786856 0.239742
v -0.033712 0.512062 0.097089
v -0.032029 0.514629 -0.127159
v -0.026877 0.349649 0.120186
v -0.030166 -0.227242 0.178041
v -0.032626 0.887734 -0.107114
v -0.032246 0.381244 0.114161
v -0.032553 -0.699399 -0.007813
v -0.031970 0.932956 -0.080119
v -0.032029 -0.733799 -0.190040
v -0.028375 0.691489 -0.116103
v -0.026176 0.164598 0.130464
v -0.018314 -0.742292 -0.199775
v -0.027650 -0.721220 0.102983
v -0.031540 -0.630704 -0.129132
v 0.000091 -0.894831 -0.264561
v -0.030685 -0.169209 -0.099371
v -0.031837 0.920404 -0.061328
v -0.025401 0.820017 0.115583
v -0.029868 0.333045 -0.094591
v -0.030155 -0.336289 0.066765
v -0.033747 -0.719004 -0.193114
v -0.023229 0.843998 0.125468
v -0.032446 0.676444 -0.127821
v -0.033263 0.464881 0.102024
v -0.031307 -0.594334 -0.017749
v -0.032645 0.078994 0.107144
v -0.032118 0.855473 -0.111460
v -0.032518 -0.614413 -0.117968
v -0.016172 0.432635 -0.117808
v -0.027435 -0.915421 0.260901
v -0.031997 0.050747 0.120406
v -0.026029 0.813804 0.101966
v -0.024001 0.275387 -0.104221
v -0.022583 -0.363648 -0.135262
v -0.028433 0.050343 -0.114672
v -0.030083 0.172706 0.117080
v -0.029098 0.417410 -0.109265
v -0.027854 0.528000 0.098771
v -0.026345 0.746333 -0.090275
v -0.029084 0.895899 -0.110068
v -0.027959 0.060149 0.116348
v -0.022135 -0.729179 0.103568
v -0.034076 0.432206 0.114476
v -0.033015 0.658139 -0.135401
v -0.031460 0.790910 -0.076007
v -0.032351 -0.584882 -0.014936
v -0.032724 -0.715216 -0.179945
v -0.026368 -0.688418 -0.012590
v -0.023051 -0.677630 0.047213
v -0.030386 0.091298 0.090254
v -0.027466 0.838084 0.119754
v -0.026909 0.882298 -0.110665
v -0.030214 -0.552641 -0.100141
v -0.029607 0.088937 0.109490
v -0.032981 0.727899 -0.093470
v -0.030042 0.912564 -0.061157
v -0.029075 -0.711808 0.084538
v -0.026482 -0.247400 0.161663
v -0.031063 0.045888 0.113947
v -0.029126 0.768842 -0.081746
v -0.021366 -0.748527 0.104969
v -0.032564 0.670143 -0.140292
v -0.034203 0.912188 -0.055977
v -0.016334 0.305587 0.128171
v -0.018703 -0.559132 0.019902
v -0.022879 0.504677 0.108454
v -0.028940 -0.723136 -0.197177
v -0.026417 -0.375410 0.047372
v -0.031277 -0.702904 -0.003831
v -0.025538 -0.949503 -0.270805
v -0.031747 -0.604529 -0.018983
v -0.026753 0.807151 -0.110383
v -0.024217 0.171140 0.125668
v -0.023887 0.524529 0.107236
v -0.021743 0.915088 0.073867
v -0.027152 0.555988 0.075145
v -0.026320 0.150796 0.117505
v -0.028316 0.541912 -0.127951
v -0.023518 -0.311596 0.078027
v -0.027289 0.030882 -0.118502
v -0.023620 0.911353 -0.107729
v -0.032461 -0.722906 -0.173906
v -0.026410 0.634253 -0.139818
v -0.028635 0.592788 -0.134197
v -0.030460 0.882707 0.095764
v -0.028348 0.319472 -0.096726
v -0.028475 -0.745326 0.106282
v -0.029949 -0.698144 -0.147139
v -0.029778 -0.287768 0.085612
v -0.022984 0.298420 -0.107819
v -0.024521 0.403562 -0.100915
v -0.029548 0.465745 0.101066
v -0.024746 0.443424 0.118962
v -0.021464 0.480199 -0.121390
v -0.026809 0.553535 0.083791
v -0.025547 -0.333060 0.060778
v -0.020236 -0.915014 -0.263509
v -0.025306 -0.187555 0.179415
v -0.021355 0.335829 -0.100022
v -0.028275 0.593616 -0.150148
v -0.006926 0.188559 0.126844
v -0.027074 -0.672829 -0.141151
v -0.022691 0.926843 -0.068392
v -0.026974 -0.712606 -0.192247
v -0.024893 -0.278060 0.084955
v -0.026108 0.863672 -0.123530
v -0.023328 0.826601 -0.115414
v -0.026982 0.802738 0.086749
v -0.026445 -0.787475 -0.241947
v 0.000682 -0.794839 -0.242455
v -0.025427 -0.716743 -0.161158
v -0.030582 0.772389 0.072227
v -0.028411 0.651049 -0.133334
v -0.020110 -0.193660 -0.099814
v -0.022506 0.350867 -0.101148
v -0.028073 0.904602 -0.109431
v -0.026047 0.545777 0.096489
v -0.031291 0.010219 0.135314
v -0.030044 0.682395 -0.134881
v -0.028030 0.104611 0.109359
v -0.028508 -0.620884 -0.019621
v -0.023917 0.932342 -0.034365
v -0.027193 -0.612966 -0.019821
v -0.023072 0.075462 0.120443
v -0.026977 0.378148 -0.096305
v -0.027758 -0.270431 0.087979
v -0.027877 -0.567655 -0.103379
v -0.018541 0.077361 0.144587
v -0.027888 0.103119 0.119647
v -0.028865 -0.720262 -0.167291
v -0.024481 0.883494 0.102883
v -0.020512 0.385646 0.128801
v -0.034248 0.198057 -0.135487
v -0.022110 0.780676 -0.080373
v -0.014500 -0.230362 -0.099823
v -0.015716 0.224128 0.126482
v -0.025484 0.511036 0.102031
v -0.025528 0.852108 -0.116691
v -0.023325 0.695859 -0.122218
v -0.024825 0.097410 0.092258
v -0.015267 -0.336635 -0.134660
v -0.028422 0.096553 0.112336
v -0.019820 0.663779 0.020029
v -0.021357 0.866586 0.107483
v -0.011457 0.103073 -0.112960
v -0.013646 -0.375670 -0.141209
v -0.021469 -0.004056 -0.115507
v -0.024949 0.732915 -0.103042
v -0.026145 -0.582406 -0.106206
v -0.023108 0.316074 -0.093299
v -0.021941 -0.180766 -0.106225
v -0.025482 -0.692166 -0.144258
v -0.025830 0.735969 -0.089856
v -0.024476 0.644791 -0.135438
v -0.023658 0.044263 0.142557
v -0.018187 -0.063315 -0.108386
v -0.028279 -0.027427 0.144806
v -0.028580 -0.603763 -0.017698
v -0.006455 -0.879959 0.244077
v -0.023740 0.028294 0.137808
v -0.022055 0.436371 0.120637
v -0.024573 0.022278 0.137796
v -0.025914 0.062379 0.125483
v -0.012900 0.231048 -0.119153
v -0.022591 0.868986 0.105379
v -0.025704 -0.000724 0.146339
v -0.027690 -0.697219 -0.007996
v -0.023122 0.218966 0.124123
v -0.023717 0.799496 -0.095617
v -0.014775 0.865649 0.120290
v -0.014676 0.860056 0.125720
v -0.015704 0.387107 -0.097534
v -0.022753 0.718859 -0.117688
v -0.022166 0.933035 0.059336
v -0.016035 -0.703868 -0.162184
v 0.013355 -0.753621 -0.250284
v 0.007817 -0.918932 -0.273070
v -0.022725 0.890108 0.091033
v -0.026125 -0.639562 -0.020585
v -0.015373 -0.289910 0.094807
v 0.008689 -0.819512 -0.231027
v -0.025261 0.104370 0.115467
v -0.022747 0.696159 0.027735
v -0.011813 -0.746180 -0.201233
v -0.013635 -0.252035 -0.105138
v -0.022228 -0.709087 -0.153757
v -0.022910 -0.735126 -0.190601
v -0.025097 0.456575 0.103077
v -0.021416 0.653054 -0.145525
v -0.019977 -0.729815 -0.187492
v -0.023935 0.889272 0.097754
v -0.023670 0.376375 0.116986
v -0.022512 0.413137 0.117794
v -0.023776 -0.283949 0.082925
v 0.000355 -0.068892 -0.099663
v -0.002805 -0.803994 -0.235111
v -0.023845 -0.595036 -0.109419
v -0.019825 0.176716 0.121912
v -0.013040 0.811025 0.098728
v -0.020066 0.914504 -0.061425
v -0.022469 0.454768 -0.119282
v -0.024216 -0.669584 -0.017518
v -0.024742 0.624542 -0.154625
v -0.022776 0.817224 -0.111041
v -0.018309 0.926091 -0.050180
v -0.022151 0.544985 -0.130837
v -0.023979 -0.543117 -0.111768
v -0.019172 0.019764 -0.113055
v -0.015276 0.091559 0.139802
v -0.009634 0.395142 -0.107496
v -0.017828 -0.083844 0.170605
v -0.022851 0.549357 0.090310
v -0.021780 -0.585256 -0.114677
v -0.018903 0.120688 0.102729
v -0.012381 -0.529125 0.025494
v -0.020689 0.303899 -0.103944
v -0.024560 -0.623801 -0.019449
v -0.018162 0.053390 -0.115847
v -0.018572 0.219922 0.135233
v -0.018519 0.447498 0.110637
v -0.022755 -0.639868 -0.124205
v -0.022888 -0.613125 -0.113959
v -0.024781 0.891596 0.113215
v -0.021786 0.110770 0.128785
v -0.020153 -0.662065 -0.131631
v -0.022437 -0.639920 -0.020054
v -0.018810 0.920550 -0.095231
v -0.012530 0.833718 0.124342
v -0.014810 0.799652 -0.087789
v -0.021813 0.834742 -0.113427
v -0.021187 -0.710687 0.081083
v -0.021805 -0.681266 -0.139168
v -0.023653 -0.654277 -0.019980
v -0.022162 -0.745592 0.094334
v -0.020900 0.808390 -0.104052
v -0.021056 0.739323 -0.088806
v -0.011884 0.788532 -0.078911
v -0.019446 -0.170633 -0.098875
v -0.012291 0.476007 0.107971
v -0.016669 0.818461 0.109149
v -0.018183 0.406713 0.119959
v -0.020200 0.363121 -0.094655
v -0.018585 -0.293901 0.080177
v -0.018825 0.302880 -0.094609
v -0.021923 0.899702 0.107560
v -0.021082 0.887777 -0.110463
v -0.013952 0.764794 0.088989
v -0.010087 0.312260 0.129816
v -0.015938 0.732563 0.065148
v -0.018425 0.689507 -0.135026
v -0.016587 0.927482 -0.079960
v -0.017289 -0.660204 0.015467
v -0.011107 0.338277 0.123943
v -0.022957 -0.687554 -0.010230
v -0.017055 0.766038 -0.090949
v -0.021485 0.102800 0.096681
v -0.017492 -0.699479 -0.148141
v -0.001378 -0.291877 0.125605
v -0.017065 0.158951 0.125847
v -0.021813 0.672966 -0.144792
v -0.010067 0.948568 0.026837
v -0.021278 0.916621 -0.101366
v -0.018850 -0.626592 -0.118214
v -0.015921 0.080049 -0.112339
v -0.020756 0.880566 0.107004
v -0.018109 0.914376 -0.065880
v -0.019327 0.884786 0.115601
v -0.016928 0.117528 0.117032
v -0.019367 0.550901 -0.135975
v -0.017030 0.021742 0.149725
v -0.019709 -0.633180 0.000157
v -0.015348 0.420051 -0.107845
v -0.015916 0.639701 -0.145779
v -0.020469 -0.673374 -0.016173
v -0.012053 -0.711956 -0.191233
v -0.017181 0.089207 0.124926
v -0.019397 0.077298 0.128990
v -0.010648 0.885324 -0.121974
v -0.018128 0.465706 -0.115767
v -0.014793 0.941625 -0.015778
v -0.020941 -0.736161 0.062752
v -0.019916 0.564777 -0.138324
v -0.017719 0.726038 -0.118043
v -0.015207 0.437961 0.115159
v -0.018238 0.108242 0.099347
v -0.019679 -0.747772 0.061704
v -0.012533 0.717848 0.040343
v -0.014291 -0.723304 -0.185108
v -0.018646 0.039689 0.139204
v -0.016252 0.157341 -0.130011
v -0.007422 -0.177848 -0.104874
v -0.016274 0.448919 0.104812
v -0.013780 0.172983 0.134656
v -0.020048 -0.004038 0.145508
v -0.014235 0.860829 -0.118923
v 0.000995 -0.749021 0.240968
v -0.019294 0.456018 -0.113048
v -0.018415 0.121996 0.127710
v -0.016798 0.597756 -0.151482
v -0.019459 -0.288884 0.082807
v -0.014728 -0.715385 0.077473
v -0.005628 -0.465231 -0.139122
v -0.014972 -0.314960 0.066901
v -0.015958 0.699715 -0.123535
v -0.017032 0.868793 -0.123624
v -0.015679 0.908874 -0.116070
v -0.008383 0.640013 -0.147906
v -0.012086 0.897686 -0.121686
v -0.016893 -0.305103 0.074891
v -0.004251 0.530970 -0.125778
v -0.019606 -0.612240 -0.115432
v -0.006546 -0.024665 0.163792
v -0.011851 0.896901 0.092245
v -0.012877 -0.225550 0.182604
v -0.008411 0.419914 0.124631
v -0.002831 0.376045 -0.102008
v -0.007911 0.661928 -0.146867
v -0.014426 0.276131 0.135812
v -0.020760 0.610183 -0.156476
v -0.013232 0.257402 -0.105785
v 0.004067 -0.783807 0.248893
v -0.011082 -0.186990 0.181867
v -0.013006 0.051840 0.140853
v -0.015175 -0.691819 -0.144564
v -0.014786 -0.737091 0.040544
v -0.017012 0.559843 0.080078
v -0.015968 0.348395 -0.095319
v -0.016776 0.710396 -0.117932
v -0.009643 -0.683779 0.056790
v -0.016842 -0.748581 0.049991
v -0.021017 0.403547 0.127825
v -0.001442 -0.266311 -0.112805
v -0.016237 -0.745370 0.045039
v -0.013618 0.125056 0.109670
v -0.017130 -0.635881 -0.122582
v -0.017619 0.917425 -0.086070
v -0.008416 0.138958 0.122888
v -0.004528 0.878166 0.107930
v -0.018040 -0.735563 -0.192887
v -0.015565 0.114946 0.104272
v -0.009910 -0.216117 0.184957
v -0.016041 0.533806 0.107011
v -0.007932 0.784059 -0.076725
v -0.008690 -0.291096 -0.119882
v -0.011397 -0.501993 -0.129430
v -0.012736 -0.724119 0.073470
v -0.008571 0.020831 -0.110529
v -0.010643 0.132117 0.118667
v -0.009893 0.799777 -0.095527
v 0.010118 -0.783052 -0.250947
v -0.008958 0.283868 -0.107881
v -0.012882 0.747633 -0.089979
v -0.008863 0.914732 -0.108098
v -0.017361 -0.731481 0.046580
v -0.014702 0.819029 -0.117767
v -0.011434 0.021992 0.147672
v -0.014191 0.671013 -0.142068
v -0.014931 -0.678537 -0.138362
v -0.010394 -0.657106 0.023484
v -0.007969 0.619752 -0.151564
v -0.016160 0.603485 -0.145024
v -0.013682 0.849147 -0.120636
v -0.015374 0.915119 -0.077389
v -0.014132 -0.630469 0.010875
v -0.014336 0.577388 -0.141633
v -0.011414 0.888366 -0.118157
v -0.014604 -0.651106 -0.128492
v -0.013712 -0.665255 -0.134141
v -0.006944 0.872900 0.108168
v -0.003304 0.367828 0.121135
v -0.008864 0.748346 -0.096940
v -0.003656 0.572470 -0.147393
v 0.000531 -0.169576 -0.103160
v -0.000658 0.248218 -0.110438
v -0.005206 -0.350329 0.052139
v -0.007051 0.089173 0.150149
v 0.004922 0.231828 0.141545
v -0.011685 0.096901 0.131340
v -0.012028 0.534478 0.113300
v -0.012412 0.404102 0.119882
v -0.012773 0.677238 -0.136161
v -0.006884 0.507843 0.122256
v -0.013687 0.914227 -0.080162
v -0.011990 -0.581442 -0.118288
v -0.013082 0.892231 0.118979
v -0.013877 -0.730413 0.035481
v -0.008498 0.409546 -0.105972
v 0.004231 0.557341 0.114403
v 0.019447 -0.795176 0.238687
v -0.008283 -0.603114 0.017794
v -0.007239 0.708467 -0.121377
v -0.010918 0.289731 -0.096815
v -0.012112 0.446833 -0.109894
v -0.012382 -0.322474 0.064154
v -0.014536 -0.643264 -0.126610
v -0.013124 0.917846 -0.089337
v -0.013061 0.540243 0.114034
v -0.013709 0.604294 -0.137840
v -0.010369 -0.332097 0.059940
v -0.009252 0.080903 -0.113217
v -0.012341 0.911648 -0.074455
v -0.012391 0.903633 0.105558
v -0.014473 -0.302858 0.077438
v -0.008161 -0.722999 0.059115
v -0.001774 0.540740 -0.134601
v -0.009314 0.569101 -0.142142
v -0.010456 0.182603 0.125432
v -0.010990 0.882650 0.112346
v -0.012608 0.118348 -0.119098
v -0.003637 0.854130 0.129302
v -0.007162 0.753888 -0.091260
v -0.005255 0.797613 0.098511
v -0.003557 0.318787 -0.100669
v -0.011167 0.557010 -0.137092
v -0.005151 0.138884 0.127032
v -0.009603 0.731782 -0.113557
v -0.008155 0.063646 0.143407
v 0.008268 -0.827528 0.227673
v -0.003248 0.940498 -0.036152
v 0.001581 0.939685 0.052381
v -0.008164 0.106787 0.132672
v -0.008921 0.129462 0.122427
v -0.010802 -0.748469 0.036370
v -0.009523 0.719924 -0.116477
v -0.011722 -0.685361 -0.147130
v 0.015093 -0.894833 0.261989
v -0.010112 -0.644230 -0.133545
v -0.007147 0.803945 -0.100298
v -0.010300 -0.730722 0.029237
v 0.000528 -0.660654 0.031529
v -0.011177 0.704709 -0.119828
v 0.010808 -0.843029 -0.230427
v -0.008526 0.020010 0.146947
v -0.010944 0.126721 0.115865
v -0.000695 0.351214 0.123092
v -0.007035 0.612579 -0.136685
v -0.002923 0.778274 0.099005
v -0.009441 -0.696313 -0.159470
v 0.001847 -0.093996 -0.097010
v -0.008427 0.230388 0.130388
v -0.002570 0.717362 0.059609
v -0.009510 0.338491 -0.092266
v 0.001866 0.261124 0.137913
v -0.003361 0.869599 -0.127535
v -0.003243 0.842498 0.125292
v -0.003314 0.431429 -0.116940
v -0.005466 0.053261 -0.108445
v -0.000871 -0.366525 0.044838
v -0.008759 0.894933 0.117348
v 0.035041 -0.747246 -0.201685
v -0.002308 -0.269302 0.150621
v -0.002865 0.117958 0.135216
v -0.006193 -0.607111 -0.128687
v -0.007693 -0.718931 -0.182906
v -0.007271 -0.705964 -0.187772
v -0.008646 0.428573 0.118354
v -0.009669 -0.672298 -0.144088
v -0.004571 0.905850 0.088287
v 0.023809 -0.786998 0.240445
v -0.010474 0.456749 0.103812
v -0.002030 0.243749 -0.107730
v 0.001899 0.286630 -0.096018
v -0.007994 0.910547 -0.069960
v -0.007497 -0.340144 0.057441
v -0.006942 0.920829 -0.081456
v -0.004449 0.945966 0.003476
v -0.006545 -0.165542 -0.097450
v -0.002453 0.044963 0.154963
v 0.006689 0.188462 -0.120430
v -0.006548 0.155010 0.127854
v -0.007019 0.795500 -0.091399
v -0.009658 -0.724957 -0.184940
v -0.007256 -0.726756 0.025537
v 0.006146 -0.292922 0.130454
v 0.014252 -0.360322 -0.136337
v 0.001444 0.373303 0.129821
v -0.006897 0.439506 0.106923
v -0.004496 0.402130 0.121871
v -0.002135 -0.246362 0.167192
v -0.005489 0.855097 -0.124824
v -0.010470 0.672915 -0.133871
v 0.001543 0.911261 -0.068786
v 0.003260 0.710111 0.039911
v -0.006639 0.373318 -0.094206
v -0.002261 -0.200085 0.180277
v -0.000980 0.823341 -0.118869
v 0.004956 0.147805 0.143251
v -0.001123 0.645040 0.020292
v -0.004267 -0.745632 0.024043
v 0.010428 0.344276 0.128614
v 0.005384 0.367051 0.127307
v -0.006854 0.844844 -0.117085
v -0.004106 0.397873 0.122085
v -0.006081 0.565618 0.082424
v -0.007148 0.598158 -0.137334
v 0.002682 0.821063 0.110638
v 0.001920 -0.697946 -0.163534
v -0.006265 0.912092 0.110692
v -0.007149 0.908647 0.095734
v 0.006390 0.702829 -0.123597
v -0.009239 0.172143 0.136077
v -0.004226 0.433962 0.115588
v 0.007480 0.925767 -0.059144
v -0.002049 0.728007 0.075597
v -0.007707 0.135505 0.136065
v 0.001390 -0.586214 0.018609
v 0.007065 0.379280 0.126203
v 0.019260 -0.948666 -0.272049
v 0.000122 0.946589 -0.018376
v -0.004518 0.648041 -0.147884
v -0.001360 -0.681443 -0.154500
v -0.000297 -0.636304 0.020563
v 0.000360 -0.160938 -0.094490
v -0.006248 0.727810 -0.105695
v -0.001822 0.502845 -0.122946
v 0.019868 -0.949589 0.269711
v -0.002921 -0.748622 0.026716
v -0.004497 0.437780 -0.110171
v -0.000198 0.904992 -0.116094
v -0.007082 0.807689 -0.106790
v -0.000531 0.921999 0.070784
v -0.002640 0.661026 -0.136185
v -0.001623 0.281900 -0.095880
v -0.004816 0.795985 -0.098198
v -0.003846 -0.725450 -0.192777
v 0.004011 0.128664 0.147613
v -0.003725 -0.734243 -0.191743
v -0.003285 0.904848 0.120196
v 0.003705 0.388774 0.126641
v 0.000327 0.592243 -0.144677
v -0.003890 0.186079 0.128594
v 0.002568 0.236145 0.140658
v -0.002349 0.551241 -0.129102
v 0.000631 0.303645 0.132353
v -0.003272 0.843292 -0.116675
v -0.000956 0.911053 -0.095116
v 0.005068 -0.383603 0.037828
v -0.000664 0.656457 -0.144112
v 0.000975 0.622695 -0.138027
v -0.001613 0.276713 -0.099119
v -0.002349 0.535618 0.126233
v -0.002842 0.692554 -0.134215
v 0.007582 -0.721233 -0.194749
v -0.003319 0.889006 -0.116825
v -0.001595 0.399510 -0.104382
v -0.001839 0.146925 0.130808
v 0.002427 -0.715643 -0.179372
v -0.002365 -0.728720 0.016058
v -0.001567 0.568476 0.090323
v -0.001976 0.867766 0.120651
v -0.000460 0.478685 -0.121786
v 0.000242 0.237937 0.134788
v 0.000626 0.895363 -0.116731
v -0.000659 0.582380 -0.150847
v -0.000811 0.715343 -0.111541
v 0.004869 0.228869 -0.108166
v -0.003843 0.673907 -0.130601
v 0.000209 0.076865 0.145257
v 0.001289 0.779559 -0.079468
v 0.003547 -0.250159 -0.096954
v -0.000164 0.808896 -0.101365
v 0.031810 -0.917406 -0.270011
v 0.006506 0.743793 0.090559
v 0.000441 0.432416 0.108168
v 0.005527 -0.368540 0.057300
v 0.000171 0.323556 -0.090767
v 0.000926 0.165088 0.131030
v 0.005040 0.570679 0.081495
v 0.004646 0.916741 -0.089407
v 0.009687 -0.681859 0.041599
v 0.000618 0.417759 0.121054
v 0.016379 -0.874152 -0.241071
v 0.013099 -0.413069 0.028631
v 0.000972 0.814482 -0.112670
v 0.000653 -0.535802 0.020222
v -0.000409 0.732203 -0.101413
v -0.001423 0.032359 0.148872
v -0.000878 -0.361212 0.048164
v 0.011896 0.074497 -0.104393
v 0.003841 0.917074 0.103885
v -0.003567 0.721459 -0.107002
v 0.003937 -0.693878 -0.158364
v 0.004885 -0.704437 -0.185355
v 0.008419 0.771795 -0.080831
v 0.010740 -0.706731 0.036807
v -0.001683 -0.720482 -0.182028
v 0.000773 -0.630614 -0.135484
v -0.000740 -0.083960 0.177154
v 0.021220 -0.915494 0.261377
v 0.015505 0.284451 0.139123
v -0.002084 0.740312 -0.101901
v 0.002869 0.910125 0.086265
v 0.001171 0.125637 0.137590
v 0.002987 -0.666037 -0.145745
v 0.005145 0.878277 0.109740
v 0.018496 0.435863 -0.112496
v 0.012113 0.168653 -0.116236
v 0.000744 0.885526 -0.119823
v 0.010179 -0.514971 -0.137772
v 0.012516 0.772329 -0.086521
v 0.009418 0.423560 0.118662
v 0.000957 -0.646151 -0.145846
v 0.001882 0.796749 -0.101983
v 0.006084 -0.182216 -0.091888
v 0.022673 -0.861009 -0.233731
v 0.010608 -0.564641 -0.135736
v 0.006486 -0.732215 -0.192672
v 0.003534 0.758424 -0.088103
v 0.003097 -0.375444 0.041568
v 0.003645 0.918358 -0.078018
v 0.003802 0.125541 -0.111103
v 0.002820 0.636835 -0.141881
v 0.016706 -0.020103 -0.094693
v 0.000438 0.838741 -0.111311
v -0.000764 0.841899 -0.105300
v 0.010923 -0.695467 -0.178852
v 0.006318 0.561206 -0.131870
v -0.000448 0.887676 -0.108444
v 0.008221 -0.267933 0.149285
v 0.034976 0.444317 0.118812
v 0.001961 -0.726273 0.011315
v 0.008366 -0.313209 -0.125277
v 0.003255 0.192561 0.129649
v 0.007531 0.571445 -0.136645
v 0.006227 0.089991 -0.105620
v 0.009254 -0.394736 0.034436
v 0.004998 0.169410 0.134069
v 0.020297 0.245631 -0.112680
v 0.007754 0.673086 -0.127040
v 0.010987 0.102829 0.146607
v 0.005157 0.392012 0.123274
v 0.006694 -0.856539 0.231240
v 0.048927 -0.748784 0.235502
v 0.003659 0.430950 -0.108014
v 0.010341 0.874470 0.121293
v 0.008610 0.382367 -0.101223
v 0.000771 0.550854 -0.130684
v 0.001056 0.614648 -0.135942
v 0.003228 0.653071 -0.138124
v 0.004638 0.361504 -0.091722
v 0.003818 0.881677 0.110324
v 0.002134 0.893913 -0.102644
v 0.002886 0.911041 0.116359
v 0.014296 0.284183 -0.103705
v 0.012132 0.293422 -0.103163
v 0.004347 0.132927 0.140511
v 0.009467 -0.650740 0.025594
v 0.011458 0.803715 0.111128
v 0.008671 0.794532 0.099577
v 0.015604 0.191741 0.142480
v 0.006177 0.693496 -0.128913
v 0.005001 0.722558 -0.115331
v 0.003114 0.150768 0.134199
v 0.012553 -0.662480 -0.152566
v 0.008498 0.897063 0.119196
v 0.005487 0.469941 -0.118501
v 0.007177 0.859193 -0.122932
v 0.004695 0.846723 -0.103896
v 0.007151 0.583968 -0.145391
v 0.003508 0.500048 -0.119021
v 0.006397 0.042618 0.150897
v 0.006469 0.621876 -0.133272
v 0.003759 0.679934 -0.123037
v 0.005470 0.487322 -0.114334
v 0.007925 0.404406 0.127109
v 0.003967 0.429290 0.110647
v 0.005870 0.309890 -0.091425
v 0.003641 0.840111 -0.102896
v 0.001708 0.858842 0.126688
v 0.004338 0.900362 -0.102840
v 0.002931 0.812973 -0.096564
v 0.007203 0.845398 0.129055
v 0.020516 -0.165941 -0.097381
v 0.011055 0.861510 0.129542
v 0.005328 0.904686 -0.097854
v 0.050758 -0.894426 -0.258395
v 0.005732 0.707840 -0.115382
v 0.004431 0.736085 -0.098352
v 0.006841 -0.745560 0.009434
v 0.007379 -0.158319 -0.091573
v 0.005324 0.269120 -0.098735
v 0.019114 0.676803 0.025707
v 0.044400 -0.950077 -0.267284
v 0.008458 0.665681 -0.136168
v 0.014015 -0.754234 0.248182
v 0.014135 0.339476 0.125308
v 0.009087 0.362843 0.121787
v 0.010022 -0.653231 -0.144763
v 0.020039 -0.912198 -0.262672
v 0.010308 0.942980 0.029989
v 0.005372 0.811027 -0.090783
v 0.013450 0.855963 -0.109443
v 0.009728 -0.717728 0.017961
v 0.007482 0.575263 -0.143399
v 0.011897 0.949454 0.004512
v 0.020511 0.187008 0.139334
v 0.005990 0.829739 -0.096771
v 0.004728 0.479327 -0.112996
v 0.010041 -0.243647 -0.092108
v 0.010258 0.851637 0.126137
v 0.012796 -0.601576 -0.140233
v 0.008871 0.884642 -0.106284
v 0.019276 -0.159672 -0.096860
v 0.004756 0.835077 -0.101586
v 0.008897 0.787451 -0.095731
v 0.035261 -0.804684 0.229604
v 0.014344 -0.129357 -0.084522
v 0.022194 -0.272524 -0.099257
v 0.006635 0.609906 -0.138887
v 0.006199 0.821119 -0.094081
v 0.007724 0.595378 -0.144446
v 0.017536 -0.660803 0.022856
v 0.007006 0.542872 -0.129017
v 0.014975 0.751029 -0.094744
v 0.010806 -0.727280 0.001778
v 0.013839 0.413250 -0.112305
v 0.009039 0.247362 0.137170
v 0.010697 0.260859 -0.100870
v 0.015847 0.573744 0.093526
v 0.016819 0.566499 0.109902
v 0.006824 0.798638 -0.089613
v 0.010646 0.198135 0.131560
v 0.011236 -0.216764 -0.089480
v 0.005942 0.491415 0.126146
v 0.007031 0.140992 0.144247
v 0.013946 -0.734577 0.001795
v 0.012895 0.119443 0.150955
v 0.031327 -0.879151 0.241272
v 0.007322 0.793961 -0.098274
v 0.008738 0.851148 -0.101795
v 0.010431 -0.613914 0.016506
v 0.020622 -0.321032 -0.121253
v 0.007003 0.827560 -0.107315
v 0.008488 0.907581 0.112296
v 0.011310 -0.617809 -0.141803
v 0.019251 -0.296253 0.129489
v 0.008723 0.469763 -0.109276
v 0.007010 0.915753 0.099618
v 0.014527 -0.190638 0.173387
v 0.007952 0.686468 -0.117715
v 0.009407 0.872672 -0.121089
v 0.015395 0.783445 0.099705
v 0.015100 -0.644670 -0.144409
v 0.009433 0.886781 0.107622
v 0.008763 -0.635590 -0.148360
v 0.012459 0.916954 0.091127
v 0.006803 0.857982 -0.095105
v 0.011392 -0.249090 -0.101852
v 0.015855 0.813422 -0.090543
v 0.015353 0.527894 -0.122237
v 0.010495 0.424551 0.110516
v 0.006733 0.883341 -0.088423
v 0.024621 -0.429585 -0.141631
v 0.008821 0.855873 -0.091560
v 0.016925 0.184959 -0.110569
v 0.013633 -0.317312 0.114283
v 0.010421 0.157352 0.137792
v 0.008364 0.737558 -0.095246
v 0.008520 -0.389548 0.036785
v 0.011770 0.420724 -0.106828
v 0.010115 0.898627 -0.103540
v 0.031293 -0.787394 -0.240675
v 0.013598 0.156318 0.148000
v 0.026233 0.030344 0.163262
v 0.014986 0.056150 0.152250
v 0.015189 0.647693 0.025938
v 0.017312 -0.689547 0.031811
v 0.024835 0.244808 -0.110214
v 0.018023 0.509149 0.137445
v 0.026906 0.523994 0.141053
v 0.012196 0.696970 -0.112803
v 0.033099 -0.904611 -0.263535
v 0.021787 0.631233 0.041283
v 0.019658 0.708993 0.067882
v 0.020419 0.756115 -0.093583
v 0.013525 0.877759 -0.111236
v 0.008781 0.475530 -0.108933
v 0.020734 0.232681 -0.110301
v 0.011642 0.649938 -0.137311
v 0.010532 0.607134 -0.147240
v 0.017878 -0.730210 -0.197988
v 0.020000 0.935367 0.044250
v 0.013454 0.386357 0.123911
v 0.015996 -0.682306 -0.154232
v 0.018209 0.400414 -0.111301
v 0.011547 0.884984 0.105049
v 0.010841 0.298688 -0.092891
v 0.016111 0.707443 0.036087
v 0.011203 0.906535 -0.072966
v 0.009571 0.701597 -0.114731
v 0.020001 -0.249531 -0.103084
v 0.011892 0.915796 0.102478
v 0.014413 0.912217 0.083727
v 0.011748 0.864665 -0.091249
v 0.010783 -0.719194 -0.179135
v 0.011046 0.906448 -0.087739
v 0.012655 0.876715 -0.092284
v 0.018572 0.314100 0.128212
v 0.011144 0.729641 -0.112453
v 0.015144 0.761656 -0.085646
v 0.012750 0.891262 -0.086701
v 0.027966 0.430919 0.113288
v 0.020526 0.361217 -0.097918
v 0.015241 0.892996 0.112240
v 0.012034 0.572575 -0.143048
v 0.021681 0.313595 -0.088292
v 0.019304 0.482059 -0.117260
v 0.011010 0.867167 -0.095899
v 0.028106 -0.353169 0.098692
v 0.019668 0.268113 -0.098919
v 0.012552 0.793979 -0.088804
v 0.014055 -0.690955 -0.163409
v 0.010014 0.899298 -0.076056
v 0.017860 0.249303 0.143455
v 0.016247 0.762132 0.097495
v 0.014067 -0.155005 -0.087964
v 0.011522 0.882788 -0.081203
v 0.016824 0.540443 -0.128818
v 0.012082 0.554514 -0.133629
v 0.014765 -0.405614 0.031566
v 0.020096 -0.050798 0.176494
v 0.017300 0.378161 0.127162
v 0.018290 0.724045 0.080892
v 0.014841 0.632956 -0.133624
v 0.017090 0.817009 -0.095624
v 0.013738 0.679157 -0.122635
v 0.014714 0.596969 -0.153967
v 0.015942 -0.528316 0.010959
v 0.014540 0.906896 0.115403
v 0.013681 0.740122 -0.093089
v 0.021094 0.219959 -0.112068
v 0.014236 0.566151 -0.138837
v 0.014500 0.903570 -0.091240
v 0.019402 0.542277 0.133046
v 0.016175 0.585417 -0.149051
v 0.015354 0.130475 -0.105028
v 0.017289 0.705236 -0.121177
v 0.014119 0.911324 0.111758
v 0.018176 0.736397 -0.111173
v 0.021638 0.297482 0.134462
v 0.015607 -0.745557 0.000159
v 0.017191 -0.235829 -0.087055
v 0.013631 0.891867 -0.079586
v 0.014538 0.892716 0.104852
v 0.012979 0.876774 -0.100815
v 0.015683 -0.712718 0.014693
v 0.014433 0.664265 -0.143635
v 0.028816 0.357868 0.121266
v 0.014617 0.690287 -0.113818
v 0.017068 0.851842 -0.096429
v 0.017464 0.832768 0.115555
v 0.039596 -0.748854 -0.239131
v 0.015343 0.863526 -0.089320
v 0.017790 0.886329 -0.097109
v 0.020488 0.446194 -0.111776
v 0.022826 0.206985 0.133524
v 0.020818 -0.100687 -0.091195
v 0.019208 0.844223 0.124069
v 0.018374 0.799727 -0.090935
v 0.020514 0.826225 -0.100043
v 0.019025 0.167413 0.139735
v 0.027547 0.778834 -0.088535
v 0.015460 0.878476 -0.095531
v 0.025596 0.202397 -0.106467
v 0.023899 0.346768 -0.088208
v 0.016106 0.459335 -0.106725
v 0.017734 0.418901 0.111899
v 0.014875 0.069920 0.157331
v 0.009035 0.922141 0.073097
v 0.020573 0.795766 0.105385
v 0.025843 -0.234650 -0.097044
v 0.020596 0.574487 0.081248
v 0.016170 0.874214 -0.084076
v 0.020636 0.368659 0.125646
v 0.017611 0.743676 -0.090485
v 0.018913 0.371600 -0.098680
v 0.018137 0.679029 -0.133946
v 0.021012 0.378601 -0.104314
v 0.022795 -0.744179 -0.196311
v 0.016285 0.465456 -0.106523
v 0.034893 -0.748512 0.047316
v 0.018174 0.413911 -0.104900
v 0.024671 -0.646685 -0.152542
v 0.025367 0.810901 0.115640
v 0.022350 -0.688701 -0.177482
v 0.022707 -0.228593 -0.083287
v 0.022833 0.840203 -0.103384
v 0.029387 0.944846 0.023747
v 0.018473 0.553773 -0.127849
v 0.020268 0.066656 0.152928
v 0.022587 0.614448 -0.142783
v 0.018033 0.788908 -0.086707
v 0.029627 -0.918219 0.269199
v 0.019306 -0.420892 0.024998
v 0.020007 0.916086 0.088997
v 0.028747 0.093441 -0.100248
v 0.021505 0.287916 -0.093867
v 0.022502 0.556037 -0.133660
v 0.022187 0.718008 -0.110750
v 0.022393 -0.597195 -0.141692
v 0.019667 0.741778 -0.103052
v 0.019341 -0.713582 -0.173922
v 0.019663 -0.618235 -0.150419
v 0.022192 0.135298 -0.105914
v 0.019277 0.509063 -0.116667
v 0.023079 0.668530 -0.142470
v 0.023572 0.595908 -0.154858
v 0.020051 0.259465 0.138995
v 0.021410 -0.617429 0.008494
v 0.022667 -0.228406 0.157593
v 0.021121 0.577154 -0.142241
v 0.025927 0.690818 -0.119074
v 0.019358 0.911598 0.106392
v 0.017966 -0.413817 0.029354
v 0.029534 0.703533 -0.119862
v 0.023182 -0.634959 -0.145095
v 0.023736 0.128304 0.146947
v 0.027742 0.872148 0.126156
v 0.019555 -0.428232 0.022347
v 0.022482 0.746851 -0.087823
v 0.023585 0.584127 -0.152424
v 0.024211 -0.678927 -0.158278
v 0.021588 -0.151664 -0.085397
v 0.019169 -0.563293 -0.136533
v 0.022183 0.414295 0.112922
v 0.019136 0.899378 0.107649
v 0.026898 0.299678 0.136887
v 0.025535 0.630503 -0.134118
v 0.023250 0.488007 -0.116300
v 0.022603 0.452831 -0.105255
v 0.034297 0.281618 0.136523
v 0.022696 0.854221 -0.096705
v 0.036026 -0.784313 0.245727
v 0.031097 0.742960 0.088727
v 0.037666 -0.055254 0.174695
v 0.039397 -0.173356 -0.078736
v 0.031449 -0.082850 -0.085760
v 0.024578 -0.438691 0.016189
v 0.029658 0.904113 -0.073113
v 0.022493 0.550991 -0.125278
v 0.021823 -0.746093 -0.003267
v 0.023355 0.847798 -0.095193
v 0.025829 0.545211 -0.125270
v 0.025839 0.645080 -0.145588
v 0.025444 0.408197 0.121832
v 0.022100 -0.728556 -0.006944
v 0.023696 0.534869 -0.122574
v 0.026943 0.244753 -0.101193
v 0.023698 0.495746 -0.112421
v 0.023760 -0.561352 -0.001205
v 0.026358 0.947670 -0.008646
v 0.024211 0.768088 -0.092621
v 0.022962 -0.431874 0.019888
v 0.024173 -0.719030 -0.176783
v 0.020740 0.897333 0.101326
v 0.036753 -0.698211 -0.171914
v 0.023145 0.912303 0.080775
v 0.024743 0.813927 -0.091490
v 0.032342 -0.727236 -0.199893
v 0.020766 -0.224553 0.042549
v 0.024205 0.174094 0.142095
v 0.026205 0.746033 -0.095321
v 0.025205 0.162337 -0.105974
v 0.025927 -0.733726 -0.004792
v 0.024432 0.707525 0.032145
v 0.027679 0.863046 -0.089050
v 0.029868 0.624440 -0.138529
v 0.028260 -0.518732 -0.140082
v 0.033104 -0.278751 0.132175
v 0.025780 -0.697790 0.001535
v 0.022790 0.886849 0.101123
v 0.031631 0.155505 0.154078
v 0.040342 0.923721 0.059822
v 0.031503 0.705738 0.060805
v 0.026318 0.405413 -0.103350
v 0.029381 0.178166 0.149292
v 0.044516 0.220070 0.141855
v 0.027653 -0.563662 -0.142628
v 0.024961 0.605408 -0.144577
v 0.022626 -0.226111 0.039219
v 0.025182 0.783991 -0.083583
v 0.022665 -0.214860 0.043932
v 0.023290 0.914410 0.105460
v 0.031965 0.482348 0.132741
v 0.034441 0.386263 0.127173
v 0.025324 -0.670370 -0.152347
v 0.030801 0.378306 0.124268
v 0.023290 -0.233847 0.037714
v 0.026076 0.802608 -0.086914
v 0.021783 0.587448 -0.131391
v 0.023055 0.721079 -0.104622
v 0.025152 0.500386 -0.113415
v 0.028526 0.918442 0.098406
v 0.026139 0.684410 -0.127779
v 0.029545 -0.742822 -0.196532
v 0.035329 0.366173 0.126291
v 0.022187 0.250765 -0.100263
v 0.043846 -0.753894 -0.246369
v 0.026947 0.597195 -0.126846
v 0.029459 0.737886 -0.099518
v 0.030909 0.184978 0.141741
v 0.025213 -0.205365 0.050901
v 0.027173 0.899958 0.107655
v 0.046961 -0.753749 0.243907
v 0.028086 0.898935 0.098389
v 0.026214 -0.449965 0.010370
v 0.033396 -0.258553 -0.092395
v 0.051562 -0.784507 -0.244281
v 0.026780 0.789537 -0.085354
v 0.038265 0.037466 -0.097105
v 0.025323 0.717037 -0.093284
v 0.035407 0.932494 -0.044600
v 0.025413 0.594167 -0.133843
v 0.031312 -0.146323 -0.081629
v 0.029499 0.801571 0.107685
v 0.024203 -0.614448 -0.053404
v 0.030900 -0.287635 -0.105284
v 0.036170 0.365125 -0.101692
v 0.025836 0.675510 -0.135852
v 0.032055 -0.579846 -0.142321
v 0.035533 -0.195928 0.152905
v 0.031458 0.562882 0.115372
v 0.027698 -0.607454 -0.151216
v 0.028114 0.409875 0.112764
v 0.031861 0.403028 -0.100257
v 0.024479 -0.595418 -0.049821
v 0.024846 -0.623480 -0.052119
v 0.028962 -0.661147 -0.151702
v 0.026510 0.749759 -0.087153
v 0.028325 -0.666915 0.007185
v 0.024636 -0.582863 -0.048872
v 0.028299 -0.916135 -0.263649
v 0.031865 -0.205438 -0.076455
v 0.031452 -0.624961 -0.145889
v 0.029162 0.730456 0.082344
v 0.025862 -0.219963 0.052014
v 0.026035 -0.206990 0.046150
v 0.027593 -0.443670 0.014014
v 0.031177 0.917960 0.087001
v 0.036056 -0.234695 -0.096431
v 0.032637 0.712214 0.078931
v 0.026028 -0.190881 0.055549
v 0.043897 -0.163866 -0.080336
v 0.038945 0.575332 0.082126
v 0.031110 0.830826 -0.097638
v 0.028783 -0.726418 -0.010810
v 0.043081 0.268709 -0.100937
v 0.028299 0.825398 -0.093667
v 0.035879 0.764777 -0.087940
v 0.030678 -0.707337 -0.171185
v 0.057381 -0.794602 -0.234860
v 0.029566 0.850165 -0.092802
v 0.030011 0.723791 -0.087711
v 0.032350 0.574426 0.096971
v 0.028895 -0.744494 -0.007127
v 0.026707 0.584197 -0.129835
v 0.025236 -0.204040 0.060766
v 0.035979 0.358316 -0.094764
v 0.030581 -0.440206 0.024347
v 0.039676 0.884418 0.113556
v 0.027990 -0.615881 -0.053764
v 0.027068 -0.612431 -0.004013
v 0.026366 -0.634303 -0.052598
v 0.026976 -0.564625 -0.046744
v 0.026353 -0.520198 -0.037296
v 0.030260 0.487402 -0.108647
v 0.027189 -0.532264 -0.042023
v 0.025976 -0.544605 -0.043151
v 0.026293 0.668217 -0.134596
v 0.025918 0.570130 -0.135750
v 0.027614 0.797748 -0.081340
v 0.027976 0.826463 -0.089272
v 0.035822 0.099200 -0.102503
v 0.028114 -0.224139 -0.081410
v 0.037397 0.768656 0.093814
v 0.036761 0.269645 0.141719
v 0.027510 0.568861 -0.122542
v 0.036226 -0.722587 -0.180478
v 0.029720 0.308125 0.129591
v 0.028057 -0.240746 0.036841
v 0.030026 0.808382 -0.094749
v 0.028056 -0.509135 -0.037921
v 0.039445 0.791451 0.092501
v 0.031366 0.554297 -0.128765
v 0.027914 -0.237493 0.034004
v 0.041573 0.839769 0.113960
v 0.045743 -0.144077 0.161278
v 0.030160 -0.676139 -0.171072
v 0.032411 -0.721950 -0.193680
v 0.042081 -0.128081 -0.076087
v 0.034601 0.345227 -0.086230
v 0.036957 0.643575 -0.144254
v 0.030674 0.908583 0.105251
v 0.027162 -0.505781 -0.032759
v 0.029853 -0.454585 0.005339
v 0.029232 0.656983 -0.133991
v 0.034032 0.797512 -0.092273
v 0.035649 -0.715577 -0.172263
v 0.029514 -0.553256 -0.014989
v 0.035313 -0.648056 0.002159
v 0.028946 0.562862 -0.120585
v 0.029175 0.573536 -0.127101
v 0.029378 -0.519972 -0.039921
v 0.028195 -0.645583 -0.052863
v 0.031348 0.143778 0.148732
v 0.029931 -0.465927 -0.001765
v 0.029842 0.596072 -0.139576
v 0.030091 -0.479584 -0.021163
v 0.028551 -0.188002 0.051888
v 0.030222 0.543841 -0.122931
v 0.029380 -0.630394 -0.054339
v 0.040591 -0.238291 0.053077
v 0.033116 -0.218715 -0.077886
v 0.030099 -0.459562 0.000822
v 0.048560 0.865841 0.123549
v 0.030079 -0.449918 0.010598
v 0.039599 0.923842 0.052238
v 0.029570 -0.590175 -0.032027
v 0.028398 -0.491076 -0.028914
v 0.029124 -0.501279 -0.035322
v 0.033480 0.820371 -0.085396
v 0.032166 -0.600483 -0.052150
v 0.044463 0.895611 0.096862
v 0.030643 0.584004 -0.124892
v 0.035582 -0.538281 -0.142164
v 0.034786 0.753469 -0.083903
v 0.031597 0.711170 -0.106141
v 0.031422 0.583037 -0.148425
v 0.029101 0.777552 -0.076027
v 0.033809 0.435880 -0.104179
v 0.060391 -0.459127 0.040810
v 0.033856 0.213655 0.135895
v 0.041910 0.355613 0.114211
v 0.035535 -0.740942 -0.009851
v 0.038702 -0.141488 -0.078943
v 0.029727 0.780980 -0.080633
v 0.038563 -0.743829 0.001465
v 0.037071 0.512734 -0.121697
v 0.038423 0.139543 0.145766
v 0.036989 0.393483 -0.105906
v 0.031912 0.709349 0.027835
v 0.033238 0.842508 -0.093808
v 0.035038 0.529249 -0.116231
v 0.032019 0.672078 -0.131713
v 0.032787 0.833101 -0.087777
v 0.039870 -0.003341 -0.091470
v 0.043258 0.264188 -0.102512
v 0.033447 0.888527 0.098459
v 0.031015 -0.628238 -0.015256
v 0.036173 -0.155048 -0.093148
v 0.030993 -0.654336 -0.053642
v 0.032871 0.908145 0.098434
v 0.031618 -0.242509 0.031702
v 0.032464 -0.723164 -0.013968
v 0.035026 -0.718341 -0.017185
v 0.032198 0.578526 -0.128603
v 0.038636 0.644492 -0.140683
v 0.040539 -0.794384 0.236604
v 0.034581 0.859131 -0.086892
v 0.030949 -0.179537 0.053225
v 0.031652 -0.485764 -0.028376
v 0.031673 0.911328 0.079579
v 0.046195 -0.143049 -0.086329
v 0.038328 0.319911 0.122340
v 0.043178 0.655110 0.019741
v 0.034585 0.405909 0.111217
v 0.034635 0.694442 -0.119559
v 0.031582 0.657997 -0.131007
v 0.030718 0.749052 -0.086990
v 0.038663 0.492175 -0.118822
v 0.038128 0.196717 0.141305
v 0.038406 0.727831 -0.085256
v 0.037395 0.680922 -0.126268
v 0.033681 0.879095 -0.080229
v 0.048925 0.398014 0.119318
v 0.033388 -0.247201 0.032301
v 0.032354 -0.663462 -0.050007
v 0.033329 0.777768 -0.072507
v 0.043186 0.731792 0.086543
v 0.034260 0.564004 -0.117295
v 0.040915 0.720469 -0.080306
v 0.032886 -0.466464 -0.008749
v 0.032359 0.607487 -0.140706
v 0.043780 0.810121 0.111758
v 0.035587 0.327273 -0.082407
v 0.036517 0.276820 -0.094342
v 0.060791 -0.826508 0.219699
v 0.044274 0.413866 -0.104586
v 0.035099 -0.175697 0.048613
v 0.032976 -0.666093 -0.016914
v 0.033551 0.580057 -0.134748
v 0.033551 0.793694 -0.080990
v 0.037811 -0.711157 -0.027245
v 0.034280 0.710397 -0.091927
v 0.040877 0.620720 -0.137488
v 0.033606 0.480964 -0.108075
v 0.037076 -0.577225 -0.048198
v 0.040781 -0.649729 -0.150236
v 0.038953 0.463082 -0.113263
v 0.038617 0.236030 -0.100449
v 0.036267 0.701836 -0.112899
v 0.033287 0.549034 -0.121511
v 0.047604 -0.949193 0.265843
v 0.039498 -0.612404 -0.145362
v 0.033159 -0.460982 0.000967
v 0.033672 0.605815 -0.126007
v 0.063525 0.369474 -0.097098
v 0.041953 -0.229437 0.068658
v 0.038293 -0.614761 -0.038098
v 0.037879 -0.591123 -0.150601
v 0.036207 0.755918 0.091999
v 0.035833 -0.710215 -0.172799
v 0.043605 0.846882 0.120817
v 0.043612 0.737028 0.087148
v 0.037849 -0.727727 -0.002590
v 0.040249 0.098577 0.155149
v 0.039986 0.934828 0.036536
v 0.037642 -0.660861 -0.154216
v 0.038024 0.819662 -0.090652
v 0.034261 -0.675737 -0.049225
v 0.040547 -0.787079 0.237442
v 0.052845 -0.066285 0.168882
v 0.047545 -0.498793 -0.136619
v 0.034854 -0.172272 0.051896
v 0.035650 0.574963 0.089238
v 0.045233 -0.190932 0.079615
v 0.048804 0.097177 0.149790
v 0.037188 -0.691291 -0.034897
v 0.034058 0.666434 -0.118214
v 0.042152 -0.701746 -0.169159
v 0.038919 0.727981 0.079076
v 0.036793 0.653295 -0.123541
v 0.035373 -0.684633 -0.042609
v 0.034754 0.357713 0.118909
v 0.036711 0.648917 -0.133826
v 0.035815 -0.470372 -0.012551
v 0.035213 0.769962 -0.075615
v 0.039790 -0.565589 -0.141469
v 0.036589 0.911630 0.092657
v 0.043987 -0.214437 0.082278
v 0.051448 -0.858047 0.225755
v 0.046144 -0.915396 0.257712
v 0.033945 -0.197500 0.022697
v 0.035171 -0.192957 0.019967
v 0.037149 -0.672419 -0.049667
v 0.036509 0.853118 -0.083083
v 0.038399 -0.225004 -0.093476
v 0.043791 0.208614 -0.109091
v 0.046941 -0.683508 -0.165854
v 0.037503 -0.476838 -0.020192
v 0.041572 0.104040 -0.096885
v 0.045410 0.231114 0.134685
v 0.052557 -0.802576 -0.229508
v 0.041422 -0.589466 -0.035540
v 0.055896 -0.717498 -0.178004
v 0.042699 0.785608 -0.072824
v 0.037551 0.710936 0.022111
v 0.037338 -0.216316 0.040922
v 0.046792 -0.368302 -0.123420
v 0.039653 0.797396 0.094379
v 0.058436 -0.356388 0.098561
v 0.045170 0.322405 0.127702
v 0.036018 -0.202083 0.029146
v 0.056055 0.175515 -0.111271
v 0.038599 0.153134 0.145327
v 0.036399 -0.718208 -0.021239
v 0.038874 0.669585 -0.117210
v 0.038324 0.396606 -0.098839
v 0.046861 0.533578 -0.114468
v 0.065335 0.238240 -0.099584
v 0.041303 0.823451 -0.084403
v 0.043337 0.224920 -0.113560
v 0.045556 -0.176355 0.046450
v 0.039772 -0.671274 -0.170273
v 0.043584 0.357115 0.121836
v 0.040617 -0.504947 -0.034915
v 0.036340 -0.249121 0.028266
v 0.046002 -0.621833 -0.150319
v 0.038401 -0.698004 -0.030594
v 0.036632 0.756844 -0.075968
v 0.043518 0.798063 -0.094814
v 0.039902 0.478259 -0.107318
v 0.040768 -0.735421 -0.004490
v 0.045400 0.879158 -0.075451
v 0.041464 0.607868 -0.126045
v 0.043755 0.332563 -0.081812
v 0.038662 -0.213298 -0.074973
v 0.039894 -0.560080 -0.044365
v 0.041543 -0.182119 0.023191
v 0.043731 0.600723 -0.129191
v 0.045471 -0.745392 -0.201336
v 0.048864 0.913173 0.069189
v 0.047123 -0.250722 -0.082967
v 0.042329 0.643110 -0.132548
v 0.045603 0.740424 0.091820
v 0.052657 0.367318 -0.096541
v 0.048269 -0.405455 -0.132264
v 0.038462 0.574559 -0.127837
v 0.048617 0.565962 0.109613
v 0.042662 0.402560 0.108906
v 0.038509 -0.206333 0.030453
v 0.041896 0.511701 0.140484
v 0.038241 0.911204 0.087163
v 0.042321 0.790163 -0.075549
v 0.044769 0.205856 0.143009
v 0.043450 0.544834 -0.112820
v 0.041705 0.581523 -0.126860
v 0.040973 0.840555 -0.079086
v 0.040102 -0.163086 0.049061
v 0.048415 0.074997 -0.099350
v 0.047717 0.909777 -0.061173
v 0.042441 -0.208293 -0.072062
v 0.040195 -0.728325 -0.189761
v 0.039192 -0.707289 -0.033635
v 0.042535 -0.638856 -0.049724
v 0.041055 0.612187 -0.123731
v 0.049876 -0.895000 0.257205
v 0.040355 -0.684064 -0.044997
v 0.038966 0.472820 -0.106436
v 0.045026 0.888790 0.093875
v 0.037837 -0.195665 0.043577
v 0.040079 0.518054 -0.114100
v 0.042420 0.395826 -0.096239
v 0.040991 -0.915338 -0.260448
v 0.051591 -0.075064 -0.081423
v 0.041002 0.449004 0.119605
v 0.043144 0.547770 0.129312
v 0.048262 0.039367 -0.093564
v 0.042584 0.497758 -0.118805
v 0.044533 0.705366 -0.095538
v 0.045674 0.559652 -0.116437
v 0.045978 -0.728751 0.001598
v 0.047020 0.531096 0.138184
v 0.069142 -0.903165 0.254840
v 0.039558 -0.714940 -0.026107
v 0.044284 -0.299783 -0.092251
v 0.044772 -0.737515 -0.199078
v 0.073543 -0.870805 -0.228116
v 0.056018 0.641702 0.032872
v 0.042619 0.433527 0.112729
v 0.046162 0.746099 -0.081784
v 0.048208 0.699514 -0.110217
v 0.039709 0.714877 0.022049
v 0.052247 0.937236 -0.011884
v 0.045553 0.528395 -0.116457
v 0.044168 0.907695 0.093258
v 0.047728 0.495412 0.138745
v 0.040385 -0.256495 0.027184
v 0.047965 -0.257779 0.123215
v 0.045313 0.370392 0.123138
v 0.070399 -0.949939 0.260391
v 0.045441 0.390216 0.120724
v 0.043087 0.341296 -0.081953
v 0.047311 0.227541 0.135945
v 0.044457 -0.137036 -0.076657
v 0.042042 -0.225135 0.034131
v 0.047621 0.754184 0.102050
v 0.040494 -0.212275 0.028900
v 0.044370 0.655948 -0.118665
v 0.039234 0.571387 0.094938
v 0.042733 0.826950 -0.076874
v 0.053188 -0.918366 -0.266950
v 0.056434 0.054015 0.159176
v 0.049992 0.775802 -0.065123
v 0.049604 0.353424 0.112267
v 0.044419 -0.742418 0.006313
v 0.053707 0.112555 -0.097273
v 0.047740 -0.148226 -0.088149
v 0.055103 -0.634630 -0.041429
v 0.046421 0.687492 -0.119458
v 0.051246 0.882470 0.114839
v 0.067079 -0.849942 -0.221276
v 0.045551 0.333851 0.116023
v 0.041426 -0.253754 0.024697
v 0.047638 0.650678 0.021084
v 0.043024 -0.221672 0.025056
v 0.042761 -0.161768 0.045610
v 0.049024 -0.529185 -0.033589
v 0.049362 -0.744319 0.014192
v 0.048950 -0.243621 0.027146
v 0.053447 -0.634125 -0.147062
v 0.046236 0.709826 0.066999
v 0.042962 0.780650 -0.067225
v 0.044324 0.503730 -0.111982
v 0.050727 -0.216175 -0.089213
v 0.043321 0.612864 -0.119357
v 0.046211 0.753292 -0.072966
v 0.049682 0.413883 0.107719
v 0.045825 -0.562340 -0.035513
v 0.042865 0.645571 -0.124618
v 0.085662 -0.748811 0.224458
v 0.046235 0.763602 -0.068646
v 0.047475 0.715993 0.071875
v 0.045943 0.855168 -0.079543
v 0.047854 -0.495803 -0.025182
v 0.047116 -0.709691 -0.028992
v 0.053631 -0.415435 0.068679
v 0.046250 0.672601 -0.111636
v 0.047062 0.199787 0.150087
v 0.047935 0.566875 -0.118002
v 0.051801 -0.493060 -0.000483
v 0.047750 -0.719475 -0.015001
v 0.049329 0.710134 -0.079888
v 0.054122 -0.326787 -0.090818
v 0.051557 0.056400 -0.099209
v 0.046713 0.627922 -0.128547
v 0.043795 0.629886 -0.119885
v 0.049012 0.460429 -0.102828
v 0.051328 0.679653 -0.106755
v 0.043429 0.718725 0.016877
v 0.050290 0.747901 0.091854
v 0.052543 0.472150 0.133193
v 0.052804 -0.188825 0.018774
v 0.050848 -0.196915 0.019435
v 0.040298 -0.354281 0.101836
v 0.049760 -0.223631 0.092339
v 0.047620 0.727497 0.072074
v 0.051572 0.667959 -0.111245
v 0.046837 0.269066 -0.093955
v 0.051042 0.598040 -0.125179
v 0.046922 0.623025 -0.112441
v 0.074764 -0.803137 0.220966
v 0.045360 0.162811 0.143284
v 0.046356 -0.581752 -0.148402
v 0.055846 0.297972 0.130925
v 0.051822 0.565039 0.104561
v 0.044565 -0.261779 0.021280
v 0.048448 -0.699012 -0.024922
v 0.049977 0.175694 0.150051
v 0.054594 -0.715012 -0.169902
v 0.048600 0.345893 -0.089010
v 0.054316 0.146656 0.148342
v 0.046482 0.390325 -0.095548
v 0.047295 -0.203149 -0.070504
v 0.050623 -0.655375 -0.162251
v 0.052910 0.449731 -0.107394
v 0.046286 0.634427 -0.123392
v 0.050772 0.375663 0.124737
v 0.050643 -0.595594 -0.143262
v 0.061764 -0.178900 -0.065254
v 0.062237 -0.817401 -0.221718
v 0.056071 -0.726309 -0.000653
v 0.045579 0.092620 -0.094658
v 0.051093 -0.725078 -0.179822
v 0.056225 0.801914 -0.089169
v 0.055922 0.414782 -0.101591
v 0.054305 0.933651 0.019943
v 0.049817 -0.205020 0.030404
v 0.045380 0.577164 -0.113739
v 0.050436 0.708922 -0.086377
v 0.051950 0.671913 0.008338
v 0.051312 0.300007 0.129459
v 0.047950 0.912457 0.079201
v 0.046552 -0.550681 -0.138849
v 0.047349 -0.233155 0.018381
v 0.048123 0.227170 -0.103352
v 0.046940 -0.228798 0.020777
v 0.052530 -0.031060 -0.084156
v 0.047829 -0.150583 0.047031
v 0.050264 0.699243 -0.095629
v 0.046857 0.724056 0.012670
v 0.052398 0.799168 0.103191
v 0.049070 0.716421 0.032830
v 0.051422 -0.662701 -0.041428
v 0.048379 0.681225 -0.116142
v 0.046946 0.538173 -0.107896
v 0.052285 -0.509512 -0.029331
v 0.053129 0.383211 0.116549
v 0.056476 0.902915 0.087325
v 0.067974 -0.917669 0.261910
v 0.048318 0.590531 -0.110624
v 0.054536 -0.786976 -0.236335
v 0.052224 -0.915291 -0.258531
v 0.057672 -0.189943 -0.066473
v 0.050569 -0.589097 -0.032919
v 0.050962 0.499703 0.135832
v 0.061051 0.911862 0.058189
v 0.049842 0.835988 -0.073995
v 0.051436 0.174444 0.142850
v 0.057963 -0.162378 0.041891
v 0.048144 -0.266451 0.016523
v 0.048246 0.497109 -0.109372
v 0.048026 0.732825 -0.027260
v 0.050333 -0.664386 -0.166820
v 0.050728 0.079846 -0.091385
v 0.051233 -0.713846 -0.025109
v 0.051517 0.911949 0.084882
v 0.055173 0.929797 -0.028585
v 0.047862 0.650079 -0.111972
v 0.061919 -0.143405 0.141323
v 0.049041 0.550592 -0.108872
v 0.048255 0.738999 -0.022188
v 0.049119 -0.271553 0.016652
v 0.049364 -0.287478 0.000421
v 0.060839 0.920347 0.035835
v 0.054148 0.847066 0.109086
v 0.050703 0.856445 -0.075356
v 0.049509 -0.285010 -0.005797
v 0.057298 0.918709 -0.041963
v 0.051935 -0.739995 0.008076
v 0.058148 0.218798 -0.110245
v 0.054050 0.686389 -0.002983
v 0.052099 0.720106 -0.062789
v 0.067515 0.116619 -0.101469
v 0.051633 0.731455 0.078656
v 0.054143 -0.166530 0.028659
v 0.053349 -0.686177 -0.039441
v 0.054166 -0.786847 0.234732
v 0.047397 0.711961 -0.052749
v 0.057989 0.787824 -0.075600
v 0.047983 0.717070 -0.028220
v 0.052669 -0.229805 0.114561
v 0.050944 0.741166 -0.068659
v 0.050956 0.556658 -0.107073
v 0.061069 0.376828 -0.097189
v 0.054702 -0.308971 -0.088561
v 0.054708 0.397820 0.105058
v 0.049358 0.759100 -0.015409
v 0.052769 -0.360747 -0.115096
v 0.055034 -0.350924 -0.104414
v 0.057078 -0.248638 0.015226
v 0.053312 0.170693 0.141086
v 0.049715 0.566563 -0.108307
v 0.050814 -0.734880 0.004106
v 0.051975 0.704001 -0.019129
v 0.052204 0.736792 0.079700
v 0.049061 -0.238682 0.011945
v 0.049881 0.732402 0.005092
v 0.050498 -0.172801 0.025153
v 0.054322 0.842746 -0.078947
v 0.065007 -0.258126 0.095720
v 0.071945 -0.710126 -0.167588
v 0.052633 0.385585 -0.092007
v 0.060667 0.391407 0.116009
v 0.050284 0.721234 -0.051734
v 0.054613 0.360020 0.120180
v 0.050172 -0.277468 0.006185
v 0.050362 -0.559331 -0.144627
v 0.052262 0.891448 0.088503
v 0.052146 -0.132277 -0.073613
v 0.052874 0.701428 -0.054010
v 0.057644 -0.694170 -0.164529
v 0.056204 0.480994 -0.115475
v 0.048937 0.652390 -0.105609
v 0.058242 -0.242465 0.082302
v 0.051873 0.439391 0.122630
v 0.049890 -0.279308 0.008917
v 0.056619 -0.184063 0.120403
v 0.083632 -0.884675 -0.236975
v 0.053443 -0.196683 -0.068846
v 0.051701 0.751214 -0.021466
v 0.056325 0.110458 0.147621
v 0.050480 0.742776 -0.005678
v 0.077321 -0.917897 -0.260949
v 0.054162 0.876606 -0.070894
v 0.058171 -0.676044 -0.159744
v 0.053256 0.921040 0.075407
v 0.052850 0.704023 -0.048597
v 0.057805 0.240063 0.133875
v 0.051403 0.734747 -0.055220
v 0.058683 0.221023 -0.102958
v 0.053223 0.567634 0.099345
v 0.065474 -0.784062 0.239388
v 0.053547 0.691335 -0.109023
v 0.059053 0.505144 0.135972
v 0.054707 -0.140696 0.047883
v 0.067354 -0.203996 0.037481
v 0.051995 -0.146969 0.043739
v 0.055773 -0.721356 -0.017954
v 0.052983 0.491809 -0.107589
v 0.057201 0.895678 0.090028
v 0.055593 0.885759 0.086115
v 0.054924 0.725809 -0.031526
v 0.053775 0.769852 -0.055224
v 0.053038 -0.564568 -0.036576
v 0.062387 -0.575924 -0.137177
v 0.052353 0.654806 -0.097312
v 0.054554 0.748819 0.086330
v 0.052217 0.529317 -0.106078
v 0.052638 0.646242 -0.098875
v 0.059692 0.568429 0.085214
v 0.053217 0.705176 -0.073861
v 0.053424 0.702421 -0.043070
v 0.052054 0.729870 -0.049651
v 0.052931 0.751242 0.104836
v 0.054232 0.739942 0.086208
v 0.052760 0.768297 -0.015057
v 0.054454 0.721500 0.055878
v 0.052971 0.220993 0.142189
v 0.055313 0.790589 0.101898
v 0.057693 0.612882 -0.117873
v 0.061615 0.882802 -0.063946
v 0.053872 0.737422 0.067862
v 0.051191 -0.241927 0.007898
v 0.056232 0.832743 -0.074254
v 0.057000 0.635443 -0.122527
v 0.072345 -0.948885 -0.262289
v 0.054877 -0.231060 0.007098
v 0.056638 0.823164 -0.075545
v 0.060324 0.567508 0.094532
v 0.054308 0.067283 -0.091187
v 0.056650 -0.523121 -0.031911
v 0.056377 -0.707872 -0.020072
v 0.063872 0.345447 -0.087739
v 0.055241 -0.612508 -0.038512
v 0.058034 0.847915 -0.076950
v 0.052914 -0.225331 0.103496
v 0.059516 -0.248941 -0.072860
v 0.054053 0.755601 -0.026274
v 0.059296 0.642473 -0.113065
v 0.065533 0.210352 0.148085
v 0.053821 0.688506 -0.101520
v 0.058062 -0.343541 -0.096556
v 0.066588 -0.457567 -0.124330
v 0.073861 -0.330170 0.094865
v 0.057518 -0.140474 -0.083612
v 0.058542 -0.536533 -0.035726
v 0.055796 0.908776 0.085791
v 0.055464 0.481950 0.130628
v 0.056515 0.744172 -0.024185
v 0.056942 0.735378 -0.047312
v 0.077395 -0.218689 -0.066505
v 0.057102 -0.729176 -0.178688
v 0.059507 -0.126238 -0.069477
v 0.057380 -0.183007 0.100764
v 0.055625 0.750823 -0.063922
v 0.053868 0.747639 -0.055830
v 0.054189 0.771571 -0.043874
v 0.057665 0.723351 -0.050623
v 0.063025 -0.915650 0.254487
v 0.053208 0.764377 -0.041870
v 0.055166 -0.236815 0.005256
v 0.057139 -0.140024 0.043685
v 0.056583 0.448433 0.124838
v 0.058596 -0.629293 -0.041078
v 0.059829 0.620199 -0.116074
v 0.073286 0.148149 -0.108022
v 0.061858 0.222203 0.145857
v 0.057874 0.450796 -0.099998
v 0.059199 0.260085 -0.094501
v 0.054693 0.774756 -0.058723
v 0.063518 -0.747983 -0.199937
v 0.067830 -0.261441 0.010443
v 0.057929 0.519175 -0.106834
v 0.061863 -0.728289 -0.010135
v 0.062128 0.669669 -0.100212
v 0.058760 -0.372998 -0.120481
v 0.068203 -0.147118 0.042936
v 0.071769 -0.519131 0.007500
v 0.083727 -0.748754 -0.226630
v 0.056363 0.469770 0.127175
v 0.071841 -0.679462 -0.161610
v 0.055813 0.595485 -0.108622
v 0.057360 -0.592185 -0.049486
v 0.055111 0.695286 -0.057637
v 0.055687 0.134373 0.149407
v 0.057052 -0.547877 -0.038853
v 0.058501 -0.554893 -0.142862
v 0.065198 0.701600 -0.081748
v 0.057590 0.746804 0.096071
v 0.064867 0.351085 0.107290
v 0.056677 0.856339 -0.073654
v 0.059102 0.881077 0.102873
v 0.058047 -0.244659 0.011191
v 0.063586 -0.602802 -0.147419
v 0.063410 0.682219 -0.098086
v 0.060471 0.511367 -0.111880
v 0.057301 0.636981 -0.100517
v 0.060540 -0.538270 -0.139750
v 0.066998 0.384722 -0.086960
v 0.060788 0.661582 -0.093885
v 0.058601 0.015995 -0.090009
v 0.072981 -0.203151 -0.078495
v 0.064179 0.872400 0.108480
v 0.071192 0.425945 -0.102426
v 0.066890 0.035309 -0.094290
v 0.057814 0.381969 -0.089293
v 0.056974 0.353527 0.111052
v 0.079555 0.199997 -0.110809
v 0.063613 0.248717 0.131546
v 0.062257 0.818867 0.104260
v 0.057934 -0.575354 -0.045111
v 0.064424 0.363882 0.120029
v 0.062790 0.914109 0.086646
v 0.063812 0.694580 -0.090283
v 0.057798 0.923357 0.076077
v 0.076678 -0.748705 0.067374
v 0.062189 0.694745 -0.032640
v 0.073058 -0.421803 0.065878
v 0.060560 -0.915645 -0.256906
v 0.059784 0.708252 -0.064901
v 0.065843 0.291662 0.130166
v 0.065572 -0.120693 -0.066281
v 0.057860 0.743155 0.070521
v 0.061799 0.765205 -0.002614
v 0.071414 -0.616227 -0.142128
v 0.062185 0.419629 0.116237
v 0.062065 -0.739073 -0.007165
v 0.061993 -0.289638 0.009588
v 0.060480 0.759712 -0.035375
v 0.071597 -0.722691 -0.180395
v 0.060103 -0.338126 -0.091681
v 0.063564 0.691327 -0.020020
v 0.057082 -0.656349 -0.043960
v 0.059009 0.756147 -0.028385
v 0.057729 0.753225 0.075339
v 0.066054 0.811762 -0.080481
v 0.063253 0.558773 0.105914
v 0.063031 -0.352975 -0.108896
v 0.073698 -0.185133 -0.074851
v 0.062818 -0.753838 -0.241868
v 0.060711 0.791151 -0.076173
v 0.064213 0.657831 -0.092590
v 0.061755 -0.677109 -0.039525
v 0.068931 -0.646615 -0.159009
v 0.067220 0.794786 -0.080702
v 0.063225 0.483086 -0.106633
v 0.056553 0.699850 -0.069830
v 0.053854 -0.533347 -0.135150
v 0.058335 0.143329 0.142806
v 0.063714 0.441463 -0.099245
v 0.059580 0.184990 0.139344
v 0.055946 0.336329 -0.074542
v 0.072720 -0.649512 -0.158951
v 0.061856 0.752130 0.101843
v 0.058375 0.062619 -0.088201
v 0.070625 0.349576 0.105158
v 0.054342 -0.281637 -0.008097
v 0.060668 -0.227046 0.009666
v 0.058516 0.459527 0.123183
v 0.058848 0.691951 -0.064662
v 0.060248 0.760248 0.076914
v 0.062357 -0.061397 -0.072824
v 0.062622 0.742565 -0.042900
v 0.059543 0.773456 -0.018658
v 0.059716 0.754924 -0.043689
v 0.071626 0.493496 -0.109642
v 0.059178 0.695980 -0.071931
v 0.063369 -0.205593 -0.083885
v 0.073146 0.011660 -0.092608
v 0.062390 0.242575 0.139068
v 0.060943 -0.718276 -0.014779
v 0.214013 -0.950589 0.160763
v 0.067174 -0.188995 0.022308
v 0.061594 -0.398494 -0.119796
v 0.063932 0.915810 0.067429
v 0.063185 0.740493 0.016669
v 0.061047 0.525860 0.133334
v 0.067312 0.235411 0.139841
v 0.060060 -0.608518 -0.054692
v 0.073214 -0.136073 0.079508
v 0.066619 0.690780 -0.047635
v 0.061280 0.678351 -0.002840
v 0.073580 0.285215 -0.081227
v 0.063342 -0.512993 -0.129232
v 0.063559 0.392707 0.102776
v 0.068107 -0.740465 0.011388
v 0.061325 0.850738 0.103609
v 0.064492 -0.220056 0.016513
v 0.060794 0.448757 0.119516
v 0.061553 0.052593 -0.087642
v 0.064519 0.889810 0.081490
v 0.062421 -0.130278 0.047115
v 0.061590 0.603597 -0.107172
v 0.062745 0.775945 -0.053017
v 0.062755 0.769171 -0.034761
v 0.064113 0.858038 0.107638
v 0.065411 0.876803 -0.067404
v 0.061655 0.735948 -0.037854
v 0.079274 0.344371 -0.079880
v 0.062662 0.840170 -0.066481
v 0.073159 -0.063579 0.154147
v 0.064747 -0.554506 -0.041827
v 0.063281 0.634712 -0.113064
v 0.063495 0.155273 0.136452
v 0.061099 0.796591 0.099696
v 0.062685 0.770373 -0.028416
v 0.068362 -0.197891 -0.081240
v 0.062431 -0.539211 -0.033968
v 0.066912 -0.692895 -0.033198
v 0.071698 0.136588 0.144862
v 0.059809 0.789416 0.077789
v 0.061694 -0.663534 -0.056108
v 0.068506 -0.734965 -0.177503
v 0.069251 0.914234 0.037869
v 0.062889 -0.636026 -0.061137
v 0.064872 0.498029 0.128745
v 0.068102 -0.546998 -0.018747
v 0.061448 -0.646861 -0.059019
v 0.065254 -0.713649 -0.167467
v 0.072653 0.354001 -0.082315
v 0.071257 -0.423498 -0.117921
v 0.064400 0.857156 -0.068479
v 0.067626 -0.268666 -0.004288
v 0.091095 0.612081 0.049306
v 0.065619 0.679268 -0.068319
v 0.064869 0.561875 0.098374
v 0.073360 0.249374 -0.097051
v 0.065281 -0.329533 -0.085097
v 0.069532 0.069473 -0.088610
v 0.065701 0.194927 0.137776
v 0.065481 0.434156 0.116886
v 0.064341 0.377214 -0.086614
v 0.065367 -0.565902 -0.046337
v 0.071777 -0.877847 0.230997
v 0.064181 0.514059 -0.104106
v 0.063460 0.786840 -0.068771
v 0.068694 -0.669028 -0.154153
v 0.071285 0.745414 0.040011
v 0.069161 -0.215431 0.025384
v 0.067232 0.886397 0.080513
v 0.063258 0.904388 0.081700
v 0.063144 0.464909 -0.111127
v 0.065783 0.768774 -0.007247
v 0.065432 -0.786699 0.232051
v 0.073820 0.391290 -0.090763
v 0.063637 -0.579488 -0.048275
v 0.069996 0.317370 0.122634
v 0.067816 0.898734 -0.046861
v 0.066048 -0.198102 0.034709
v 0.071555 -0.165154 0.026849
v 0.062844 -0.547511 -0.038898
v 0.084966 -0.316431 0.082606
v 0.066241 0.180055 0.139468
v 0.067990 0.788059 -0.073392
v 0.065894 -0.182506 -0.065092
v 0.069998 -0.716855 -0.167791
v 0.062589 0.625599 -0.102056
v 0.064863 0.752019 0.095521
v 0.065130 -0.130890 -0.078952
v 0.065703 0.491681 0.130461
v 0.068954 0.919352 -0.020880
v 0.065611 -0.702954 -0.165089
v 0.080483 -0.852305 0.215067
v 0.063836 -0.673464 -0.052351
v 0.068474 -0.786685 -0.232829
v 0.065892 0.120827 0.143860
v 0.080795 -0.753949 0.234789
v 0.066137 0.472766 0.126806
v 0.065231 0.891153 -0.054454
v 0.067638 0.895988 0.079717
v 0.069320 0.561931 0.089796
v 0.074246 0.548055 0.110774
v 0.068097 0.777204 -0.023783
v 0.070914 -0.286085 -0.006909
v 0.064011 0.791729 0.094387
v 0.066006 -0.153786 0.035305
v 0.067307 0.781989 -0.052632
v 0.066380 0.818493 -0.072049
v 0.078810 0.183041 -0.108361
v 0.070773 0.259190 0.128694
v 0.063964 0.798388 0.079260
v 0.070397 0.847006 0.098385
v 0.065651 -0.619131 -0.063111
v 0.067565 -0.625330 -0.144330
v 0.077542 -0.746983 0.048856
v 0.067000 -0.251957 0.014632
v 0.068455 -0.234457 0.017342
v 0.076553 -0.502004 -0.127588
v 0.074364 -0.305355 -0.071665
v 0.073924 -0.471054 0.038514
v 0.066836 0.667227 -0.079385
v 0.069037 0.922712 0.004970
v 0.070763 -0.794435 0.229332
v 0.069607 -0.914917 -0.254231
v 0.065710 0.636643 -0.096010
v 0.067365 -0.729594 -0.008667
v 0.064317 0.846003 -0.065692
v 0.075658 -0.784171 -0.238161
v 0.067948 0.334224 -0.069911
v 0.069059 -0.320516 -0.079716
v 0.069911 0.914716 0.072242
v 0.071865 0.907650 0.083627
v 0.068775 -0.499983 -0.124197
v 0.075224 0.409945 -0.099307
v 0.068878 0.783072 -0.057901
v 0.069548 0.387788 0.110958
v 0.068076 0.858076 -0.066391
v 0.068367 0.038069 -0.084653
v 0.069785 -0.346713 -0.102935
v 0.066421 -0.683259 -0.047525
v 0.067885 0.436786 0.110717
v 0.074112 0.210809 0.141347
v 0.067118 0.684733 -0.075326
v 0.087639 0.060627 -0.080610
v 0.069281 0.802600 0.093023
v 0.070140 -0.603503 -0.056418
v 0.067258 -0.561929 -0.044179
v 0.074049 0.882265 0.097070
v 0.084092 -0.076340 0.136673
v 0.071460 -0.004983 -0.084065
v 0.074641 0.470385 0.121339
v 0.075409 0.910964 0.075860
v 0.075042 0.258279 0.133810
v 0.068231 -0.585966 -0.052493
v 0.077972 -0.748261 -0.195180
v 0.073887 0.905903 0.042949
v 0.071037 0.387993 0.101999
v 0.071669 0.431581 -0.095707
v 0.069963 -0.559291 -0.132560
v 0.077396 -0.109842 -0.061970
v 0.069837 0.411951 0.109773
v 0.069145 0.374429 -0.082814
v 0.073900 0.365480 0.113577
v 0.075177 -0.912990 0.250396
v 0.070348 -0.122423 0.046027
v 0.071058 0.504248 -0.103076
v 0.071420 0.844262 -0.062787
v 0.069321 0.215379 -0.104758
v 0.070203 0.898802 0.076308
v 0.069500 0.652087 -0.087603
v 0.072871 -0.333434 -0.094696
v 0.070221 -0.175425 -0.062541
v 0.072621 -0.656635 -0.061052
v 0.068456 0.869992 -0.068866
v 0.073073 -0.291138 0.011420
v 0.077867 -0.510083 -0.129328
v 0.072311 0.151804 0.137531
v 0.072067 -0.643762 -0.061387
v 0.070292 0.170002 0.133269
v 0.098379 0.663075 0.004741
v 0.093088 -0.086395 0.110607
v 0.072516 -0.117575 0.050090
v 0.073474 0.778207 0.009738
v 0.069345 -0.573483 -0.047621
v 0.073422 0.298450 -0.075483
v 0.078582 -0.742872 -0.012517
v 0.080667 0.870377 0.103826
v 0.073152 -0.054577 -0.070161
v 0.075116 -0.294107 0.017580
v 0.070480 0.776579 -0.037445
v 0.069523 0.798270 0.075744
v 0.069382 0.427102 0.104905
v 0.072021 -0.312905 -0.075682
v 0.083468 0.632102 0.035192
v 0.076004 0.499849 0.120604
v 0.072695 0.685633 -0.083111
v 0.069796 0.919425 0.063062
v 0.078185 -0.276545 0.056761
v 0.071001 -0.615580 -0.060376
v 0.070474 0.891570 -0.044051
v 0.070908 -0.691745 -0.044799
v 0.071749 -0.740210 -0.011134
v 0.071745 -0.155818 0.030592
v 0.070361 0.483233 0.120204
v 0.072923 0.181770 0.133384
v 0.075990 -0.245069 0.015199
v 0.090237 0.077145 0.145724
v 0.075368 -0.688071 -0.158879
v 0.069214 0.874256 -0.061801
v 0.079912 -0.786794 0.227197
v 0.069947 0.787649 -0.007426
v 0.079735 0.354143 0.110218
v 0.076900 0.765692 0.050823
v 0.070806 0.783736 -0.017925
v 0.069687 0.791275 -0.015460
v 0.072476 -0.116972 -0.064448
v 0.076638 0.892882 0.064749
v 0.073419 -0.589184 -0.029570
v 0.082626 -0.357743 -0.084983
v 0.084431 0.365090 -0.083583
v 0.079165 0.557025 0.086582
v 0.071213 -0.596755 -0.053135
v 0.077460 0.829804 -0.067441
v 0.074430 0.132525 0.139760
v 0.074969 0.469533 -0.109210
v 0.071926 -0.179014 0.025031
v 0.087605 -0.894721 0.246979
v 0.091926 -0.027741 -0.068701
v 0.075550 0.786942 0.059449
v 0.076174 0.279484 0.123331
v 0.075217 0.590880 -0.105643
v 0.077080 0.839833 0.092093
v 0.089902 -0.804990 -0.215786
v 0.071644 0.784870 -0.001176
v 0.071926 0.421874 0.101450
v 0.078852 -0.122229 -0.072951
v 0.077111 -0.245049 -0.066135
v 0.072739 -0.489792 -0.120570
v 0.077576 0.140551 0.140535
v 0.077754 -0.219084 0.028107
v 0.076805 0.473842 -0.103414
v 0.076936 -0.743493 0.012916
v 0.073719 0.787950 -0.043426
v 0.093831 -0.832798 -0.208936
v 0.085574 -0.399947 0.067781
v 0.075663 0.350597 0.101429
v 0.071606 -0.615106 -0.032124
v 0.074857 -0.686414 -0.050549
v 0.073893 -0.259495 -0.001384
v 0.073246 0.796305 -0.028146
v 0.090240 0.649980 0.022690
v 0.077094 -0.182420 0.041138
v 0.079880 0.856774 0.103008
v 0.073487 -0.628565 -0.058389
v 0.081209 -0.714412 -0.164562
v 0.081206 0.442022 0.110030
v 0.074766 0.157922 0.140971
v 0.086347 -0.713502 -0.035964
v 0.078229 0.369871 -0.078290
v 0.079883 -0.742011 -0.182267
v 0.087450 -0.123836 -0.069285
v 0.083771 -0.895997 -0.250936
v 0.075157 0.863201 -0.051496
v 0.073628 0.797178 -0.014247
v 0.072953 0.205426 0.135507
v 0.074508 0.898285 0.068372
v 0.075660 0.900738 -0.024399
v 0.077352 -0.335043 -0.094828
v 0.074136 0.471458 0.112255
v 0.073265 0.846394 -0.056700
v 0.077965 -0.916246 0.250427
v 0.076848 0.891370 -0.029342
v 0.075572 -0.168312 -0.060165
v 0.074870 0.415951 0.098080
v 0.076819 0.021538 -0.080958
v 0.079896 0.903337 0.008114
v 0.077854 0.797360 -0.066607
v 0.076359 -0.546044 -0.129204
v 0.080132 0.916411 0.069589
v 0.076593 0.810458 -0.064703
v 0.075075 -0.664014 -0.060579
v 0.081907 0.005075 -0.086937
v 0.075565 0.796872 -0.039586
v 0.079491 0.543806 0.101575
v 0.078719 0.521181 0.119516
v 0.084501 -0.151111 -0.056178
v 0.083848 0.235931 0.132644
v 0.081475 0.899910 0.071130
v 0.090801 -0.555050 -0.128780
v 0.079935 0.912984 0.053900
v 0.076122 0.463351 0.109768
v 0.082717 0.334249 -0.064687
v 0.077431 0.423646 -0.092438
v 0.079088 0.817053 -0.066598
v 0.076909 -0.476993 -0.115428
v 0.079856 -0.465414 -0.110618
v 0.076455 0.792945 0.068316
v 0.077080 0.879565 -0.046380
v 0.077107 -0.672056 -0.060666
v 0.080869 -0.130323 0.046561
v 0.075191 -0.649753 -0.060729
v 0.079704 -0.292510 -0.066964
v 0.076896 0.384883 0.099879
v 0.079248 0.800728 0.070960
v 0.089295 0.426740 -0.091788
v 0.076796 -0.660060 -0.059244
v 0.080718 0.304149 0.115466
v 0.079005 -0.293582 0.014847
v 0.085304 0.808872 0.075307
v 0.075049 0.844787 -0.046204
v 0.077318 -0.253378 0.001365
v 0.076028 -0.634027 -0.027843
v 0.079802 -0.754123 -0.236868
v 0.083993 -0.784101 0.233521
v 0.077911 -0.137095 0.042181
v 0.087971 -0.264963 -0.058253
v 0.088028 -0.297472 0.066622
v 0.077626 -0.115369 0.048528
v 0.076658 0.789053 -0.048604
v 0.087026 -0.082248 -0.061717
v 0.077008 -0.144471 0.037384
v 0.080480 0.269577 0.124725
v 0.078659 -0.663253 -0.149064
v 0.076553 -0.152801 0.033703
v 0.075989 0.791882 -0.007977
v 0.077256 -0.675796 -0.008045
v 0.079186 0.194472 0.131680
v 0.074572 -0.726803 0.039102
v 0.079781 0.773752 0.032200
v 0.077199 0.790036 0.050029
v 0.079956 -0.399291 -0.102729
v 0.079679 -0.244948 0.006082
v 0.079327 0.211594 0.132069
v 0.093339 -0.917812 -0.255531
v 0.078627 -0.722639 0.058808
v 0.099586 -0.080404 0.075327
v 0.084341 0.909742 0.072349
v 0.078896 -0.680141 -0.059838
v 0.077653 0.798516 0.017007
v 0.078922 -0.703517 0.021943
v 0.082235 0.317280 0.109082
v 0.078518 0.843323 -0.040437
v 0.080204 0.409199 0.092212
v 0.089245 0.090786 0.143284
v 0.082428 0.899469 0.033561
v 0.087902 0.449279 -0.103346
v 0.082071 0.365269 0.111675
v 0.077902 0.805184 -0.057508
v 0.082151 -0.544947 -0.000570
v 0.082561 -0.308865 -0.081543
v 0.079562 -0.298350 -0.069697
v 0.077732 0.495500 -0.100325
v 0.091952 0.470505 -0.097911
v 0.081461 -0.747947 0.080279
v 0.079059 -0.281871 -0.003468
v 0.082186 0.797783 -0.042677
v 0.079006 -0.111135 0.055193
v 0.079604 -0.669414 -0.059261
v 0.077862 0.784337 0.006057
v 0.078289 -0.656524 -0.007604
v 0.087674 0.534279 0.105042
v 0.086025 0.408994 -0.094829
v 0.081276 0.882515 0.069313
v 0.081169 -0.685504 -0.058121
v 0.081036 0.884226 -0.029448
v 0.086689 -0.599697 -0.138386
v 0.085085 -0.915744 -0.249643
v 0.082731 -0.141302 0.047767
v 0.080707 -0.707712 0.002408
v 0.081964 -0.420675 -0.099287
v 0.085430 -0.522576 -0.121253
v 0.083762 0.132475 0.140011
v 0.092627 -0.158955 -0.065269
v 0.142376 -0.748813 0.193376
v 0.079716 0.798508 0.012483
v 0.081789 -0.160582 -0.057943
v 0.083616 0.330914 -0.062956
v 0.091371 0.046339 -0.082213
v 0.081501 0.176865 0.140012
v 0.090088 -0.616325 -0.146718
v 0.089737 0.544873 0.091861
v 0.080592 0.841667 -0.043270
v 0.082542 -0.786507 -0.228134
v 0.096778 0.338266 -0.067418
v 0.084962 -0.590707 -0.016995
v 0.080999 -0.182704 -0.074457
v 0.083576 0.794970 0.001596
v 0.093216 0.042623 0.144467
v 0.080819 -0.680607 -0.030123
v 0.081907 -0.742219 0.049100
v 0.080905 0.287939 0.116707
v 0.083923 -0.744519 0.023677
v 0.081375 0.793010 0.040179
v 0.092963 -0.794727 0.220940
v 0.088462 -0.624062 -0.014854
v 0.081610 -0.727877 0.079286
v 0.088247 -0.483861 0.031073
v 0.085315 0.258289 0.130462
v 0.085258 0.168796 0.139976
v 0.081376 0.296569 0.112427
v 0.081734 -0.202199 0.036317
v 0.083975 0.114783 0.141393
v 0.083009 -0.301230 0.016560
v 0.084942 0.909415 0.042619
v 0.086392 0.277538 0.120749
v 0.108813 0.666450 -0.003425
v 0.082833 0.416496 -0.088661
v 0.091686 -0.662906 -0.153324
v 0.097199 0.393418 -0.085894
v 0.082600 -0.691749 -0.054322
v 0.092531 0.378885 0.080179
v 0.116205 0.647744 -0.061950
v 0.082941 -0.741997 0.076114
v 0.084596 0.886612 0.062175
v 0.083338 -0.284824 -0.064724
v 0.082495 -0.238204 0.008245
v 0.082972 0.381679 0.093703
v 0.082196 0.348387 0.095649
v 0.085677 0.359585 0.106737
v 0.085863 -0.224900 0.014799
v 0.085788 0.445565 0.101306
v 0.085103 0.103876 -0.096342
v 0.086372 -0.177560 0.043361
v 0.084538 -0.703892 0.036247
v 0.088766 0.032809 -0.074911
v 0.082854 0.802369 -0.044122
v 0.084544 -0.690786 0.020202
v 0.082870 0.304355 0.107995
v 0.091578 0.457368 -0.100950
v 0.086240 0.881610 0.060235
v 0.087785 0.429411 0.099702
v 0.086083 -0.272491 0.001167
v 0.090280 0.844028 -0.044147
v 0.083557 -0.742172 0.031818
v 0.090321 0.835605 -0.055939
v 0.085506 0.486040 -0.097091
v 0.089574 0.912714 0.055925
v 0.086407 -0.715701 0.059366
v 0.088744 -0.277970 0.016289
v 0.091889 -0.948746 0.254458
v 0.087776 -0.741103 0.020814
v 0.083885 -0.683130 -0.056238
v 0.086171 0.465951 -0.098864
v 0.083862 -0.450946 -0.104036
v 0.089582 0.347175 -0.072835
v 0.089397 -0.425114 -0.091437
v 0.088808 0.812082 0.035148
v 0.083260 0.834133 0.082107
v 0.087383 -0.655277 0.004000
v 0.084956 -0.105283 -0.057585
v 0.087579 -0.669897 -0.155870
v 0.086960 -0.274868 -0.061462
v 0.086181 0.445469 0.092261
v 0.085115 -0.659993 -0.146779
v 0.081308 -0.111656 -0.061559
v 0.084228 0.315727 0.102147
v 0.086194 0.219456 0.129213
v 0.083818 -0.110239 0.054024
v 0.088409 -0.653537 -0.144900
v 0.093811 0.375907 0.094593
v 0.082690 0.842266 -0.035999
v 0.087988 0.801653 -0.028206
v 0.089165 -0.303539 -0.080039
v 0.091214 -0.643789 -0.144911
v 0.084105 0.333193 0.099824
v 0.089351 -0.747218 0.089595
v 0.102687 0.623422 -0.085938
v 0.089688 0.808665 -0.048087
v 0.086465 -0.318678 -0.085111
v 0.093971 0.367415 -0.069477
v 0.085311 0.894706 0.025847
v 0.086345 0.365807 -0.073731
v 0.095669 0.066117 -0.083460
v 0.101921 0.016056 0.135310
v 0.096121 -0.381375 0.061849
v 0.086656 -0.703536 -0.045458
v 0.113616 -0.794765 -0.213580
v 0.085675 0.876366 -0.011454
v 0.099011 -0.784525 -0.229312
v 0.086237 0.849263 -0.030622
v 0.088400 0.402044 0.083337
v 0.086823 -0.370529 -0.076905
v 0.092339 -0.748218 -0.187093
v 0.085294 0.329643 0.093990
v 0.087893 0.802430 0.056484
v 0.096469 0.583826 0.064553
v 0.088504 0.529007 0.097995
v 0.084222 -0.298765 0.014990
v 0.094404 -0.740566 -0.015427
v 0.085793 0.868708 -0.035837
v 0.096924 -0.315092 0.027870
v 0.110744 0.661238 -0.050735
v 0.087390 0.052158 0.148483
v 0.088362 0.548931 0.084025
v 0.089239 -0.916178 0.246867
v 0.085951 0.156797 0.139219
v 0.088549 -0.139928 0.051268
v 0.087256 0.212572 0.130841
v 0.089304 -0.743218 0.011785
v 0.090509 0.870002 -0.025984
v 0.086252 0.346460 0.089681
v 0.084416 0.166548 0.136014
v 0.092132 -0.324491 -0.071666
v 0.095089 -0.721116 -0.170080
v 0.092963 -0.110748 -0.064814
v 0.093710 -0.278837 0.020108
v 0.089886 0.873426 0.092322
v 0.089621 -0.172476 -0.069736
v 0.088200 0.131865 0.143706
v 0.087363 0.829133 0.070423
v 0.090643 -0.100330 -0.054564
v 0.094015 -0.705562 -0.158037
v 0.089570 0.244957 0.128006
v 0.090313 -0.741843 0.087572
v 0.091519 0.497629 0.101293
v 0.108753 -0.882823 0.222084
v 0.087048 0.853166 -0.023481
v 0.088786 -0.103449 0.060334
v 0.092460 -0.915124 -0.246465
v 0.089964 0.204570 0.132453
v 0.089836 -0.722791 -0.029267
v 0.094764 -0.739880 0.003809
v 0.094896 -0.546567 0.001283
v 0.088164 -0.434086 -0.096085
v 0.089288 -0.210426 0.020720
v 0.087379 0.410143 -0.085035
v 0.087679 -0.696196 -0.049690
v 0.088484 0.432312 0.096017
v 0.095726 -0.625190 -0.146169
v 0.090876 0.888766 0.024982
v 0.089572 -0.462589 -0.110347
v 0.087928 -0.101287 0.063815
v 0.090756 0.843194 -0.032509
v 0.099945 0.279325 -0.070077
v 0.087910 -0.732482 0.092659
v 0.092828 0.292586 0.113252
v 0.088169 0.104624 0.143575
v 0.104257 -0.010603 0.125807
v 0.092729 0.349489 0.093417
v 0.090081 0.818345 0.049478
v 0.088579 0.223169 0.127528
v 0.092043 -0.701427 -0.031685
v 0.094105 -0.012282 -0.077368
v 0.091468 0.274859 0.122038
v 0.086223 0.538696 -0.104305
v 0.089447 0.845168 0.082996
v 0.103274 -0.917759 0.249926
v 0.090598 0.881971 0.015322
v 0.091883 0.897161 0.027327
v 0.090997 -0.254179 0.007120
v 0.093487 -0.787732 -0.223154
v 0.090535 0.853714 -0.015836
v 0.092924 0.377852 0.073111
v 0.091669 0.362432 0.104829
v 0.090519 0.104158 0.147660
v 0.091334 -0.735379 -0.023503
v 0.088403 0.859609 -0.013172
v 0.089522 -0.149844 -0.054134
v 0.090886 0.376746 0.085239
v 0.093903 0.902249 0.037431
v 0.093830 -0.142905 -0.051027
v 0.089901 0.344680 0.083441
v 0.091899 -0.629799 -0.011046
v 0.089845 0.440000 0.084974
v 0.094754 0.473470 -0.091481
v 0.091802 -0.192409 0.027568
v 0.094751 -0.594726 -0.013991
v 0.091829 0.796525 0.000232
v 0.092089 -0.413423 -0.085939
v 0.093671 0.821770 -0.054654
v 0.089746 0.809331 0.027305
v 0.093148 -0.711024 -0.158253
v 0.092219 -0.109336 0.059840
v 0.091960 -0.309684 0.013278
v 0.100458 0.511016 0.098587
v 0.086608 0.143683 0.144610
v 0.090520 0.907255 0.062443
v 0.095616 0.239510 0.119126
v 0.098839 -0.950492 -0.252951
v 0.092340 -0.732799 0.006949
v 0.092936 -0.242526 0.011009
v 0.091315 0.206746 0.139437
v 0.092877 -0.686292 0.023940
v 0.092937 0.178586 0.137500
v 0.098467 -0.784237 0.227401
v 0.097482 -0.703464 0.038175
v 0.092095 -0.740021 0.012525
v 0.092611 -0.726647 -0.026228
v 0.094566 0.875507 0.048775
v 0.094149 0.409483 0.085445
v 0.092035 0.827237 0.059173
v 0.093904 -0.255592 -0.055849
v 0.093528 -0.400461 -0.079967
v 0.110565 -0.903760 -0.240973
v 0.104270 -0.330973 0.024857
v 0.104901 -0.055001 -0.049436
v 0.090679 0.425242 0.089788
v 0.098424 -0.006471 -0.064260
v 0.100944 0.396667 -0.082828
v 0.089573 0.171797 0.132971
v 0.092441 0.859529 -0.002417
v 0.094156 0.222841 0.133424
v 0.102618 0.443220 0.071170
v 0.093173 0.461768 -0.094480
v 0.100776 0.455333 0.069543
v 0.093670 -0.745975 -0.182724
v 0.093852 0.096585 0.149156
v 0.092596 0.802485 0.015233
v 0.092147 0.418620 0.085612
v 0.103036 0.833780 0.061613
v 0.100653 0.870055 0.058656
v 0.092236 0.406039 -0.080388
v 0.093896 -0.175223 0.034304
v 0.095453 -0.146481 0.044846
v 0.097501 -0.950517 0.250266
v 0.090915 -0.709111 -0.038627
v 0.092985 0.886637 0.056093
v 0.093973 0.231435 0.124306
v 0.096174 0.850297 -0.026095
v 0.101572 0.243555 -0.089543
v 0.096957 0.905413 0.042229
v 0.095518 0.388880 0.072374
v 0.118442 -0.814403 0.196234
v 0.096078 0.433363 0.086677
v 0.094172 -0.720678 -0.010437
v 0.100252 0.837746 -0.042644
v 0.099198 -0.101112 -0.059228
v 0.100017 0.319126 0.090782
v 0.106068 0.140010 -0.104293
v 0.124589 -0.854525 0.194609
v 0.100066 0.152075 0.129405
v 0.096201 0.195430 0.134813
v 0.104517 -0.024298 -0.069778
v 0.093461 -0.181954 0.031431
v 0.096907 -0.723103 0.074676
v 0.094564 -0.233746 0.015090
v 0.096592 0.802952 -0.030916
v 0.094410 0.359393 -0.078126
v 0.092501 0.864093 0.007623
v 0.108111 -0.100354 -0.054961
v 0.093125 -0.165084 0.039798
v 0.094398 0.896309 0.061815
v 0.095782 -0.676394 -0.148530
v 0.095636 -0.488465 -0.106899
v 0.092212 0.517977 0.094066
v 0.108956 -0.150346 -0.057639
v 0.096805 -0.725909 0.091883
v 0.093886 0.808342 0.016784
v 0.101132 -0.231353 -0.048802
v 0.095636 0.362557 -0.069710
v 0.096123 0.179117 0.128994
v 0.097056 -0.433727 -0.096918
v 0.091040 -0.787464 0.222673
v 0.096365 -0.087918 0.067713
v 0.096832 -0.135438 -0.050066
v 0.095713 -0.278792 -0.069726
v 0.097049 0.535841 0.077000
v 0.096875 0.489948 0.091002
v 0.093656 -0.708868 -0.092650
v 0.101578 -0.516452 -0.112910
v 0.095324 0.433360 0.075130
v 0.093991 -0.702432 -0.094603
v 0.096608 -0.096554 0.064209
v 0.101429 -0.731617 0.092629
v 0.099238 0.532547 0.084843
v 0.101357 -0.001832 0.131885
v 0.095802 -0.093577 -0.051226
v 0.193895 -0.950326 -0.188944
v 0.097768 -0.244163 -0.052433
v 0.095678 -0.223588 0.019634
v 0.097467 0.077466 0.149789
v 0.099556 0.854838 0.081574
v 0.097025 -0.135317 0.048624
v 0.095550 -0.454445 -0.104039
v 0.098230 -0.588554 -0.130493
v 0.094544 0.345591 0.079370
v 0.096229 -0.294136 -0.073682
v 0.095957 -0.640958 -0.144447
v 0.096842 0.800859 0.002585
v 0.096459 -0.243819 0.024161
v 0.098915 0.280713 0.110918
v 0.100842 0.337791 -0.059234
v 0.097605 0.866165 0.016176
v 0.095120 0.107893 0.145193
v 0.095693 0.885955 0.027966
v 0.097240 -0.753904 -0.229978
v 0.098216 0.802955 -0.012662
v 0.096290 -0.159901 0.040992
v 0.115729 -0.893975 0.234340
v 0.098626 0.842494 0.071315
v 0.099751 0.851661 -0.018153
v 0.096136 0.409178 0.076725
v 0.106258 0.445543 -0.088589
v 0.098747 -0.722460 0.060617
v 0.098545 -0.211482 0.026509
v 0.105415 0.066756 -0.077073
v 0.101943 -0.754092 0.226480
v 0.193237 -0.748973 0.143469
v 0.112036 0.515925 -0.091378
v 0.109608 -0.168270 -0.042907
v 0.097646 0.226699 0.129081
v 0.102749 0.823918 0.045101
v 0.095784 -0.707926 -0.097524
v 0.100222 0.049372 -0.074204
v 0.096119 0.430076 0.089076
v 0.102637 0.274984 0.113040
v 0.102457 -0.354218 -0.062854
v 0.099632 0.197757 0.142930
v 0.097162 0.506949 0.087080
v 0.099110 -0.915363 0.242073
v 0.097381 0.841436 -0.028662
v 0.098914 0.355207 0.093512
v 0.099649 -0.100995 0.059574
v 0.098730 -0.112100 0.055062
v 0.100210 -0.914905 -0.243506
v 0.102879 -0.746928 0.088567
v 0.100276 0.896375 0.058344
v 0.102306 -0.283718 0.014201
v 0.102245 0.137373 0.137702
v 0.099495 0.850601 -0.007718
v 0.098328 -0.383443 -0.072724
v 0.100805 0.187802 0.134601
v 0.100958 0.434734 -0.087888
v 0.096322 0.810916 0.021527
v 0.096169 0.430664 0.077114
v 0.099707 0.333097 0.079990
v 0.098116 -0.122367 0.052148
v 0.096494 -0.701218 -0.090865
v 0.099881 0.054809 0.153142
v 0.100204 0.454957 -0.088625
v 0.101720 0.810681 0.027797
v 0.099742 -0.351460 0.059798
v 0.105270 -0.651149 0.004489
v 0.099262 -0.654239 -0.151192
v 0.102306 -0.257715 -0.061693
v 0.096828 0.810252 0.005055
v 0.100261 -0.368128 -0.067431
v 0.104795 -0.697929 -0.152023
v 0.099836 -0.742056 0.084832
v 0.100428 0.889788 0.051516
v 0.100115 -0.786605 0.219240
v 0.097686 -0.312652 0.016857
v 0.107148 -0.555467 -0.006489
v 0.100313 0.118367 0.137180
v 0.095633 0.871539 0.035693
v 0.097922 0.402087 -0.074249
v 0.103281 0.839538 -0.032297
v 0.104776 0.459229 0.068033
v 0.102778 -0.152887 -0.061821
v 0.097945 0.905795 0.058773
v 0.119167 -0.869008 0.204601
v 0.099352 0.886260 0.019090
v 0.098452 -0.694010 -0.092536
v 0.101019 0.881002 0.015291
v 0.122254 0.254929 -0.073223
v 0.107306 -0.208017 -0.042747
v 0.111342 0.303131 -0.053491
v 0.107631 -0.740258 -0.173045
v 0.100043 0.813925 -0.033595
v 0.102662 0.420179 -0.085319
v 0.100861 -0.185630 0.033799
v 0.103079 0.497345 0.093316
v 0.113066 0.196081 -0.100842
v 0.103281 0.508722 0.069019
v 0.101812 0.883139 0.041182
v 0.098025 0.344534 0.075305
v 0.108587 0.081174 -0.080985
v 0.097304 0.888605 0.045997
v 0.104884 -0.613212 -0.016299
v 0.107597 0.589754 0.060187
v 0.100214 -0.716811 0.053228
v 0.102676 -0.727389 0.073649
v 0.104541 -0.626947 -0.012792
v 0.099818 0.481956 0.081893
v 0.098345 0.890993 0.034471
v 0.098799 -0.714511 -0.095570
v 0.101603 -0.293439 0.011319
v 0.099814 -0.315338 0.023614
v 0.108574 0.184751 0.122879
v 0.097601 0.896578 0.034474
v 0.100212 -0.167361 0.041862
v 0.098938 -0.301065 0.007478
v 0.102747 0.371578 0.056549
v 0.099489 0.400153 0.067984
v 0.100260 -0.089732 -0.048362
v 0.100810 -0.744522 -0.177312
v 0.103729 -0.249412 0.025785
v 0.102385 -0.715959 -0.090525
v 0.101362 -0.271445 0.019059
v 0.102177 0.559780 0.072800
v 0.099450 0.400298 0.074138
v 0.108371 -0.748910 -0.215842
v 0.100664 0.425526 0.065610
v 0.098165 0.866581 0.023728
v 0.105375 -0.748379 -0.175929
v 0.100379 0.812383 0.000626
v 0.102859 0.043119 0.147493
v 0.113111 0.014836 -0.057511
v 0.107614 0.572727 0.061499
v 0.100516 0.038075 0.138734
v 0.099726 -0.707438 -0.149524
v 0.122508 -0.801526 0.199799
v 0.104851 -0.497921 0.016898
v 0.102572 0.302885 0.097623
v 0.102819 -0.737617 0.084633
v 0.100219 -0.136470 -0.049560
v 0.108213 -0.917519 -0.248630
v 0.100489 0.881772 0.030402
v 0.106331 -0.057384 0.100276
v 0.102817 -0.151104 0.048362
v 0.105053 -0.140068 -0.057471
v 0.109065 -0.794163 0.213940
v 0.107600 0.417008 0.074878
v 0.104223 0.460525 -0.082142
v 0.101253 0.865564 0.037281
v 0.100505 -0.305160 0.009574
v 0.110138 -0.651760 -0.141039
v 0.104336 -0.068533 0.091695
v 0.107660 0.291239 0.102328
v 0.102339 0.893229 0.046381
v 0.119380 0.570404 -0.090047
v 0.102597 0.362366 -0.063540
v 0.103115 -0.407250 -0.082748
v 0.100717 0.336141 0.070672
v 0.101952 0.497977 0.079203
v 0.113859 -0.016819 -0.050486
v 0.102749 0.256031 0.115323
v 0.106985 -0.691985 0.026216
v 0.101639 -0.260701 0.022313
v 0.100995 -0.694202 -0.089130
v 0.099707 0.523296 0.068996
v 0.101897 -0.320406 0.025560
v 0.105728 0.848911 0.002465
v 0.101579 0.837559 -0.024513
v 0.104035 0.109837 0.140112
v 0.106637 0.296909 0.098649
v 0.101676 -0.724017 0.066902
v 0.102161 0.396362 -0.069500
v 0.104944 0.237127 0.125533
v 0.103159 0.344136 0.067187
v 0.102053 -0.686617 -0.088475
v 0.110349 -0.786715 -0.215618
v 0.104643 0.356291 -0.069947
v 0.101976 -0.082149 0.071199
v 0.106281 -0.549883 -0.113294
v 0.102449 0.320756 0.076344
v 0.104084 0.841105 0.061827
v 0.103176 0.367735 0.069650
v 0.106344 0.511919 0.064142
v 0.103734 -0.132753 0.055931
v 0.102845 0.191021 0.139074
v 0.106229 0.251194 0.112073
v 0.108081 -0.717243 -0.144798
v 0.107539 -0.044223 0.106736
v 0.104066 -0.029687 0.119298
v 0.104077 -0.099760 0.067265
v 0.103731 0.007658 0.136211
v 0.105043 -0.126663 -0.045482
v 0.103502 0.473714 0.071386
v 0.123099 -0.949796 -0.241970
v 0.104882 -0.210888 0.030886
v 0.106408 0.138285 0.133202
v 0.104196 0.860813 0.008019
v 0.103159 0.490542 0.069117
v 0.109452 0.548807 0.062881
v 0.105461 -0.731731 0.080081
v 0.126922 0.088808 -0.078702
v 0.103127 -0.072352 0.087723
v 0.102456 0.397860 0.061760
v 0.105386 -0.083416 -0.044772
v 0.105523 0.188078 0.126439
v 0.105993 0.830187 0.047072
v 0.104609 -0.338214 -0.056932
v 0.104248 -0.078366 0.076461
v 0.108260 -0.606446 -0.141153
v 0.122794 0.226574 -0.086682
v 0.104980 -0.001603 0.130819
v 0.118670 0.632813 0.050649
v 0.103673 -0.296509 0.027076
v 0.106585 0.818709 -0.005781
v 0.104228 0.347505 0.078854
v 0.110791 0.545535 0.043753
v 0.107458 0.364345 0.050992
v 0.103522 -0.202874 0.033961
v 0.103813 0.879368 0.020163
v 0.107862 -0.092259 -0.053797
v 0.106250 -0.640011 -0.145792
v 0.105700 -0.323907 -0.052034
v 0.105592 -0.036758 -0.059496
v 0.107529 -0.719429 0.066631
v 0.106940 -0.178349 0.036140
v 0.106224 -0.018191 -0.059286
v 0.104866 -0.225990 0.029056
v 0.108118 0.387302 -0.076214
v 0.115836 -0.754023 -0.221403
v 0.108134 0.322953 -0.048652
v 0.111611 -0.598721 -0.021250
v 0.103961 -0.166955 0.039119
v 0.114121 0.373248 -0.065183
v 0.106847 0.386808 0.062966
v 0.106123 0.029048 0.135334
v 0.109348 -0.119088 -0.043306
v 0.106346 -0.683730 -0.092380
v 0.105872 -0.076018 0.085269
v 0.108167 -0.453031 -0.083834
v 0.107633 -0.291765 -0.045013
v 0.106051 0.507320 0.049521
v 0.106740 -0.574639 -0.121416
v 0.113082 -0.716227 0.047198
v 0.102648 0.392376 0.057712
v 0.107811 -0.013455 0.123911
v 0.114239 -0.949174 0.244694
v 0.106843 -0.103436 0.067350
v 0.106486 0.430768 0.055973
v 0.104368 0.311065 0.080375
v 0.104122 -0.269551 0.023134
v 0.111557 -0.730166 -0.152428
v 0.106708 0.845755 0.062976
v 0.108679 0.041032 0.140642
v 0.105912 0.484948 0.059250
v 0.104850 0.831800 -0.019703
v 0.108870 0.862480 0.031587
v 0.110403 -0.704925 -0.088546
v 0.111032 0.225437 0.121279
v 0.106738 0.285553 0.105766
v 0.105888 0.391625 -0.066331
v 0.106966 0.278693 0.111702
v 0.105911 0.086299 0.142794
v 0.105398 -0.221516 -0.046577
v 0.104505 0.826259 -0.013405
v 0.116285 0.357753 0.069597
v 0.125822 -0.904079 0.231511
v 0.119510 0.665120 -0.015598
v 0.112788 0.833659 -0.009233
v 0.105833 -0.233674 0.037012
v 0.117614 -0.783497 -0.220619
v 0.109001 0.828954 -0.030820
v 0.112260 0.863358 0.051307
v 0.110066 -0.740111 0.090805
v 0.109753 -0.515968 -0.098643
v 0.112500 0.419352 -0.071192
v 0.106520 -0.149927 0.045434
v 0.111788 0.441074 0.055874
v 0.120562 -0.894764 -0.234205
v 0.126569 0.117607 -0.093025
v 0.106969 -0.262209 -0.060280
v 0.109561 0.449172 -0.075327
v 0.115547 0.234411 0.117517
v 0.105422 0.388066 0.049258
v 0.108014 -0.111124 0.075149
v 0.109671 0.017349 0.148686
v 0.105510 0.003422 0.139287
v 0.111211 -0.915905 0.236881
v 0.110360 0.021139 0.141157
v 0.108723 -0.363302 -0.064983
v 0.107588 -0.716581 -0.085022
v 0.107097 -0.287667 0.031686
v 0.107291 0.156370 0.126500
v 0.107134 0.358571 -0.061521
v 0.110645 -0.132507 0.055038
v 0.110454 -0.077298 -0.041688
v 0.110269 0.338624 -0.051449
v 0.108873 -0.915469 -0.240104
v 0.108322 -0.786861 0.214984
v 0.106817 -0.339320 0.023087
v 0.111726 -0.784156 0.221274
v 0.107210 0.326729 0.070513
v 0.108160 -0.252369 0.038393
v 0.109367 0.463737 0.058967
v 0.107247 0.304914 0.082649
v 0.108086 -0.036969 0.113208
v 0.107872 -0.308916 -0.046143
v 0.105931 0.253093 0.117273
v 0.106328 0.418798 0.055829
v 0.107489 -0.718717 -0.088511
v 0.114060 0.483317 0.071562
v 0.109635 0.814010 0.020346
v 0.106176 0.240827 0.115951
v 0.108058 -0.065276 0.094206
v 0.109666 -0.338318 0.023006
v 0.107869 0.247869 0.125602
v 0.106101 -0.356843 0.045578
v 0.108294 -0.165990 0.040834
v 0.111658 -0.228261 -0.051844
v 0.108730 0.846502 -0.008422
v 0.109151 0.504191 0.052896
v 0.111434 0.816342 0.004705
v 0.113916 0.305665 0.078076
v 0.111794 -0.117076 0.064172
v 0.109353 -0.027835 0.121466
v 0.112310 0.409246 -0.072695
v 0.119317 -0.677254 -0.140487
v 0.124527 -0.803497 -0.198586
v 0.113508 -0.124821 -0.050344
v 0.114116 -0.028756 -0.062187
v 0.131282 -0.881862 -0.209790
v 0.107946 0.818522 -0.023349
v 0.116774 -0.698753 -0.135874
v 0.111916 0.333751 -0.049054
v 0.109703 0.377666 0.041926
v 0.108952 -0.153956 0.044997
v 0.115261 0.042975 -0.067804
v 0.107881 -0.087667 0.083677
v 0.111603 0.037375 -0.072764
v 0.114683 -0.131776 -0.053408
v 0.111588 -0.195444 -0.039108
v 0.110040 0.212157 0.129102
v 0.107836 0.835343 0.036117
v 0.110353 0.528365 0.034437
v 0.111637 0.500395 0.032586
v 0.108766 -0.352398 0.023208
v 0.110007 0.387788 -0.059609
v 0.111900 0.837551 0.051953
v 0.111071 -0.070628 0.095059
v 0.111280 -0.328001 -0.052956
v 0.108880 0.245227 0.117106
v 0.108017 0.055503 0.143631
v 0.108861 0.381739 0.041579
v 0.117004 -0.748940 0.209591
v 0.107984 -0.724512 -0.080175
v 0.114705 0.417255 0.064525
v 0.109543 0.342984 0.058658
v 0.109285 0.478995 0.050832
v 0.109326 0.416426 0.048990
v 0.108339 0.845371 0.012723
v 0.111811 0.419060 0.040402
v 0.110832 -0.192872 0.048372
v 0.110953 -0.745450 0.091321
v 0.111752 -0.310298 0.028508
v 0.114466 0.854539 0.020407
v 0.110602 0.475026 0.041350
v 0.118622 -0.505010 -0.001042
v 0.119969 0.408576 0.056718
v 0.113044 0.256835 0.119005
v 0.115477 0.438624 -0.079503
v 0.120569 -0.863938 -0.202051
v 0.118962 0.105857 -0.087919
v 0.110587 -0.037616 0.114179
v 0.113144 0.157248 0.123255
v 0.110600 0.490548 0.074239
v 0.111435 -0.280965 -0.038497
v 0.114546 0.358155 0.055992
v 0.111102 0.539324 0.037360
v 0.110688 -0.363125 0.020886
v 0.113271 -0.695050 -0.084398
v 0.117900 0.448380 0.047770
v 0.110577 -0.730290 -0.077823
v 0.113427 0.357773 -0.054404
v 0.113187 0.188011 0.126575
v 0.112828 0.240722 0.123970
v 0.121098 0.347726 0.056430
v 0.111215 -0.453750 -0.070680
v 0.111675 0.562969 0.056273
v 0.110208 0.839038 0.017429
v 0.113644 -0.676469 -0.092662
v 0.109547 -0.735182 -0.073711
v 0.119079 0.350160 -0.055210
v 0.112861 -0.112902 -0.041352
v 0.112456 0.384471 -0.068538
v 0.110155 0.838386 0.027239
v 0.109723 0.188267 0.133405
v 0.115651 -0.682576 -0.081048
v 0.118353 0.366443 0.040953
v 0.110886 -0.294575 -0.041454
v 0.112912 -0.378413 0.019823
v 0.109922 -0.703517 -0.055687
v 0.112434 0.360228 0.045540
v 0.113186 -0.338527 -0.052714
v 0.129307 -0.836411 0.187438
v 0.113918 0.091652 0.130481
v 0.114887 -0.081908 0.086621
v 0.113449 0.053965 0.135591
v 0.112318 0.339318 0.050727
v 0.112358 0.292111 0.111304
v 0.113323 0.192231 0.131349
v 0.112635 0.557971 0.051930
v 0.118937 -0.228239 -0.046102
v 0.112758 -0.061211 0.102742
v 0.129429 -0.918132 -0.239057
v 0.113427 -0.443842 -0.066871
v 0.113473 -0.463054 -0.072602
v 0.113911 -0.719744 0.063412
v 0.112930 0.513818 0.032934
v 0.120971 0.274030 -0.056889
v 0.112585 -0.709672 -0.048864
v 0.113463 0.827505 0.024740
v 0.114368 0.142099 0.125818
v 0.112439 -0.353882 0.022328
v 0.112544 -0.430009 -0.065613
v 0.112370 -0.026358 0.121805
v 0.116004 -0.178158 -0.034116
v 0.117331 -0.488157 0.004163
v 0.131307 -0.753750 0.210568
v 0.113073 0.469929 0.031310
v 0.117927 -0.079836 -0.045707
v 0.111797 -0.700113 -0.072333
v 0.116805 0.321143 -0.040854
v 0.116395 0.001757 0.142858
v 0.116498 -0.786515 0.210582
v 0.115323 0.391454 0.038775
v 0.110088 -0.140110 0.051201
v 0.112613 -0.165164 0.050323
v 0.115484 0.031217 0.155084
v 0.112157 -0.736620 -0.063507
v 0.113212 -0.704260 -0.048658
v 0.115516 -0.017959 0.128535
v 0.117223 -0.739044 0.088976
v 0.115149 -0.478114 -0.077778
v 0.112532 0.225011 0.113123
v 0.114418 0.070075 0.132151
v 0.115327 0.273508 0.112351
v 0.115446 0.122300 0.127864
v 0.115404 -0.741757 -0.071216
v 0.114635 -0.284909 0.032921
v 0.117053 0.299465 0.092413
v 0.116567 -0.681856 -0.097425
v 0.117192 0.827538 0.018098
v 0.117093 -0.576893 -0.024024
v 0.115574 -0.124515 0.076957
v 0.114982 0.429035 0.037369
v 0.113835 -0.366241 0.020165
v 0.116071 -0.003921 0.134607
v 0.113909 0.484263 0.030100
v 0.113495 0.552339 0.047023
v 0.116186 0.319789 0.058234
v 0.116037 -0.103785 -0.039668
v 0.122588 -0.059108 -0.032258
v 0.116111 -0.720822 0.051840
v 0.114815 -0.265144 -0.033538
v 0.116675 -0.069857 -0.037915
v 0.115191 -0.043647 0.109847
v 0.114287 -0.406638 -0.058945
v 0.116936 -0.599869 -0.135521
v 0.123149 -0.744018 -0.162762
v 0.113831 -0.383132 -0.051683
v 0.115151 -0.713215 -0.068823
v 0.114215 -0.392514 0.015376
v 0.113976 -0.393572 -0.055888
v 0.113813 -0.357657 -0.044883
v 0.117072 -0.182648 0.050991
v 0.116858 0.836184 0.013760
v 0.115470 0.038660 0.138564
v 0.119654 0.001772 0.118437
v 0.122161 -0.746078 0.087257
v 0.113897 -0.729374 -0.050608
v 0.114266 -0.369431 -0.047301
v 0.128045 0.422846 -0.063011
v 0.114057 -0.399720 0.017865
v 0.115155 -0.734448 -0.050373
v 0.114950 0.371360 0.028819
v 0.116552 -0.491093 -0.082374
v 0.115720 -0.070716 0.093259
v 0.114243 -0.347018 -0.042032
v 0.116041 -0.432423 0.011267
v 0.116942 -0.256392 0.037297
v 0.125375 -0.748889 -0.206111
v 0.115834 0.193149 0.124645
v 0.118446 -0.512014 -0.090074
v 0.122846 -0.033848 -0.043644
v 0.117802 0.257130 0.115743
v 0.116814 -0.915470 -0.236249
v 0.116296 -0.308585 -0.046034
v 0.118133 0.445640 -0.065780
v 0.117425 -0.100919 0.079830
v 0.121320 -0.678549 0.008356
v 0.116212 -0.430112 -0.065107
v 0.116382 -0.285222 -0.038978
v 0.119029 -0.572600 -0.120313
v 0.123329 0.384580 -0.045224
v 0.113643 0.335023 0.043353
v 0.116808 -0.093769 0.082152
v 0.118074 0.376142 -0.060018
v 0.116524 0.315055 0.053155
v 0.115099 -0.702811 -0.080407
v 0.117464 -0.108056 0.078720
v 0.127226 0.339977 -0.041284
v 0.120329 -0.748156 -0.167038
v 0.115607 -0.418773 -0.061796
v 0.115893 0.503063 0.031929
v 0.118501 -0.502969 -0.086706
v 0.116107 -0.453640 0.011156
v 0.126699 -0.704350 0.024334
v 0.119057 -0.694893 -0.056736
v 0.116359 -0.374939 0.020586
v 0.118883 -0.141490 0.054835
v 0.128673 -0.841935 -0.190321
v 0.116251 -0.330786 -0.038605
v 0.116510 -0.417248 0.011403
v 0.115974 -0.716950 -0.053182
v 0.116027 -0.385394 0.017035
v 0.117689 -0.539716 -0.104705
v 0.122465 0.475844 0.048631
v 0.117337 0.847567 0.031275
v 0.118964 0.422881 0.034832
v 0.115330 0.543735 0.042016
v 0.117960 -0.064012 0.097771
v 0.118916 -0.625809 -0.024163
v 0.123025 -0.783638 0.215402
v 0.121928 0.364872 0.031859
v 0.124185 0.304941 -0.041760
v 0.118115 0.236024 0.108593
v 0.118315 -0.723813 0.062186
v 0.118409 0.335453 -0.041342
v 0.117878 0.484260 0.028424
v 0.118021 0.458575 0.048623
v 0.120513 -0.082604 -0.045634
v 0.117973 -0.250850 -0.029531
v 0.117016 0.375207 -0.047715
v 0.122023 0.298108 0.063868
v 0.118645 -0.216887 0.045001
v 0.117529 0.087434 0.131962
v 0.114187 0.380881 -0.053624
v 0.117804 -0.235561 0.041273
v 0.117869 -0.397095 0.016015
v 0.121044 -0.334416 0.039248
v 0.118922 0.282214 0.106150
v 0.119421 -0.204518 -0.044033
v 0.119197 -0.683352 -0.133900
v 0.127037 -0.608766 -0.046333
v 0.121643 -0.127846 -0.047130
v 0.117810 0.167361 0.127116
v 0.119747 -0.164315 -0.029330
v 0.118704 -0.123289 0.064207
v 0.119417 0.407172 -0.056357
v 0.121074 0.202747 0.114604
v 0.118371 0.051602 0.137806
v 0.117514 -0.129814 0.091680
v 0.117855 -0.407749 0.012970
v 0.124577 0.474602 -0.072747
v 0.117591 0.470844 0.022656
v 0.138734 0.250007 -0.061470
v 0.118154 0.073791 0.133118
v 0.118365 0.041183 0.149965
v 0.118341 0.356162 0.039736
v 0.127187 0.621010 -0.070078
v 0.121590 -0.509656 -0.009580
v 0.118073 -0.315357 -0.036074
v 0.121755 -0.713782 -0.102913
v 0.142680 -0.917709 0.229860
v 0.123063 0.234710 0.115796
v 0.133233 -0.692028 0.003394
v 0.118691 0.367425 0.019434
v 0.120376 0.294216 0.101367
v 0.126607 -0.714642 -0.138508
v 0.120952 -0.729665 0.068664
v 0.121247 0.300966 0.079643
v 0.118287 -0.458765 0.005298
v 0.118047 -0.434580 -0.033988
v 0.121675 -0.669513 -0.095351
v 0.117091 -0.734523 -0.045407
v 0.122989 -0.915531 0.230991
v 0.125292 -0.013653 -0.043070
v 0.121874 -0.194142 0.049677
v 0.118291 -0.451163 -0.047087
v 0.118280 -0.737091 -0.031591
v 0.136988 0.033691 -0.055825
v 0.121576 0.646326 0.039546
v 0.119443 -0.098583 -0.037224
v 0.134776 0.154401 -0.092531
v 0.121561 -0.139878 0.090247
v 0.121420 -0.523194 -0.093829
v 0.118589 -0.742227 -0.030570
v 0.121350 -0.708515 -0.044481
v 0.121541 -0.148280 0.053633
v 0.122360 -0.273055 -0.033709
v 0.119648 0.426356 0.022788
v 0.121888 -0.092427 0.092979
v 0.122060 0.468991 0.031705
v 0.121498 -0.435052 -0.068593
v 0.118816 -0.473826 -0.046139
v 0.118536 -0.400835 -0.031132
v 0.121856 0.370085 -0.051026
v 0.121491 -0.721896 -0.047688
v 0.125963 0.227239 0.105984
v 0.122493 0.000829 0.132295
v 0.130145 -0.717642 0.043426
v 0.122307 -0.057790 0.100141
v 0.124731 -0.399481 0.026436
v 0.121416 -0.501004 -0.002264
v 0.124246 0.329194 -0.037614
v 0.123990 -0.242281 0.048729
v 0.125546 -0.786725 -0.207332
v 0.119974 -0.391479 -0.020863
v 0.120220 0.050695 0.146526
v 0.119795 -0.452709 0.007543
v 0.122374 -0.741863 -0.045664
v 0.122274 0.429686 0.017279
v 0.122062 -0.079358 0.097637
v 0.121810 -0.581040 -0.123220
v 0.120430 0.124840 0.133637
v 0.119263 0.371163 -0.040089
v 0.128873 0.325194 -0.033611
v 0.123679 -0.125916 0.070007
v 0.118433 0.332525 0.034949
v 0.122224 0.341824 0.048533
v 0.122441 -0.548456 -0.101408
v 0.122735 0.248976 0.111872
v 0.123995 0.014638 0.144159
v 0.121943 -0.165811 0.052277
v 0.121804 -0.376041 -0.049103
v 0.126021 -0.471703 -0.079929
v 0.122812 -0.226250 -0.024381
v 0.122195 -0.787718 0.206944
v 0.122498 -0.346815 -0.040303
v 0.125092 -0.723638 -0.081178
v 0.123113 -0.504069 -0.051595
v 0.120170 -0.744752 -0.026408
v 0.122632 -0.278367 0.043126
v 0.125931 -0.404202 -0.057590
v 0.120750 -0.534296 -0.097219
v 0.123244 0.321710 0.029322
v 0.120211 -0.299721 -0.031224
v 0.121809 -0.486817 0.004620
v 0.124583 -0.632648 -0.128624
v 0.122138 0.097838 0.138009
v 0.123283 -0.735050 0.072754
v 0.123737 0.229458 0.108959
v 0.122819 0.185080 0.121947
v 0.119715 -0.434337 0.010412
v 0.124251 -0.720373 0.055932
v 0.123688 0.003022 0.141538
v 0.125049 0.412385 0.045264
v 0.121738 -0.700178 -0.047239
v 0.125088 -0.042788 0.104627
v 0.122793 -0.562677 -0.105267
v 0.121675 -0.331463 -0.013657
v 0.120460 0.353589 -0.043914
v 0.131582 -0.742368 -0.071100
v 0.130694 -0.949808 0.235950
v 0.122790 -0.473663 0.009020
v 0.121820 -0.284196 -0.028266
v 0.125494 -0.022352 -0.050525
v 0.125659 0.449932 0.027369
v 0.122728 0.080581 0.143743
v 0.127193 0.403779 0.032906
v 0.133153 -0.039705 -0.024062
v 0.127063 -0.675597 -0.130336
v 0.123775 0.004280 0.116714
v 0.132374 -0.145964 0.079074
v 0.124850 -0.110848 -0.044465
v 0.122688 0.363506 0.008665
v 0.124112 0.260741 0.116126
v 0.123347 -0.742834 -0.021419
v 0.130070 0.174665 0.122395
v 0.123341 -0.153642 -0.025864
v 0.122510 -0.585960 -0.042363
v 0.122129 -0.589503 -0.057000
v 0.125323 -0.354037 0.038080
v 0.124813 -0.915928 -0.232638
v 0.123037 -0.091891 -0.035863
v 0.124655 -0.329920 -0.035546
v 0.127174 -0.725519 -0.035399
v 0.124203 0.169307 0.122597
v 0.123766 0.318163 -0.031759
v 0.121262 0.368162 -0.035517
v 0.125332 -0.142334 -0.023121
v 0.131159 0.303926 0.035784
v 0.123588 -0.537988 -0.031427
v 0.127970 0.296465 0.097669
v 0.128185 -0.049038 -0.027882
v 0.122433 -0.600119 -0.059092
v 0.122759 -0.140129 0.063764
v 0.122335 -0.566783 -0.041580
v 0.123003 -0.567167 -0.044737
v 0.135513 0.612806 0.058740
v 0.125847 0.332945 -0.030930
v 0.124265 -0.628700 -0.037846
v 0.147347 0.565492 0.057089
v 0.122040 -0.133013 0.093481
v 0.124593 -0.664811 -0.095403
v 0.123845 0.437339 0.018421
v 0.126724 -0.727911 0.065185
v 0.124267 -0.577412 -0.109557
v 0.126943 0.470043 0.033894
v 0.161285 -0.748847 -0.178655
v 0.124581 -0.616470 -0.123147
v 0.124856 0.364004 -0.043975
v 0.125648 0.371808 0.010422
v 0.137444 -0.815444 -0.184684
v 0.124142 -0.506627 -0.008769
v 0.126785 -0.535805 -0.069723
v 0.123717 -0.597814 -0.061352
v 0.127907 0.049533 -0.058352
v 0.124378 0.344090 0.032142
v 0.124191 -0.519427 -0.023216
v 0.123440 -0.574709 -0.049969
v 0.131246 -0.442813 -0.026632
v 0.124041 -0.584149 -0.054416
v 0.124935 -0.551154 -0.037839
v 0.123991 -0.264249 -0.023684
v 0.124265 -0.588406 -0.113535
v 0.124394 -0.530971 -0.060480
v 0.127094 -0.027163 0.104753
v 0.157104 -0.882996 0.191683
v 0.127785 0.028221 0.151438
v 0.123588 0.364391 -0.023000
v 0.126214 0.445770 -0.052846
v 0.126431 -0.134054 0.067811
v 0.128003 -0.649238 -0.021336
v 0.126732 0.161009 0.122719
v 0.124413 -0.202525 0.062098
v 0.126702 0.396445 -0.042171
v 0.123805 -0.617664 -0.064302
v 0.130779 0.123558 -0.088640
v 0.125630 0.331167 0.027985
v 0.126960 -0.302555 -0.028723
v 0.127619 0.216523 0.105820
v 0.124815 -0.606709 -0.064707
v 0.131096 -0.724346 -0.146564
v 0.129876 0.334547 0.019640
v 0.125222 0.294578 0.070072
v 0.125435 0.349596 -0.034021
v 0.129582 -0.162783 -0.028950
v 0.127785 -0.357808 -0.008302
v 0.128358 0.280987 0.102470
v 0.126762 0.425659 0.020721
v 0.124317 0.146419 0.130305
v 0.124355 -0.602198 -0.117766
v 0.124066 -0.742658 0.076765
v 0.126813 -0.356375 0.050879
v 0.123812 -0.740314 0.022334
v 0.125294 -0.511245 -0.016718
v 0.128207 0.441970 -0.052767
v 0.125432 -0.497988 0.014857
v 0.127790 0.466186 0.035943
v 0.124539 -0.248184 -0.025051
v 0.123752 -0.744509 0.020621
v 0.128557 0.345156 -0.039794
v 0.124862 -0.527384 -0.026937
v 0.125956 -0.061293 0.103160
v 0.128908 0.544989 0.050023
v 0.125644 -0.301719 0.053844
v 0.127728 0.276342 0.109083
v 0.127449 0.231728 0.110054
v 0.126825 -0.249646 0.058629
v 0.131745 0.010888 -0.040936
v 0.133487 0.286913 -0.035075
v 0.125760 -0.378484 -0.043619
v 0.126263 -0.246123 -0.020193
v 0.124998 -0.629547 -0.069343
v 0.124493 0.364522 -0.003233
v 0.126131 -0.187961 -0.036840
v 0.151474 0.650783 -0.001152
v 0.128105 0.413241 0.042664
v 0.133399 -0.668149 -0.136054
v 0.128580 -0.681861 -0.052785
v 0.126819 0.437149 -0.055208
v 0.129542 0.397796 0.002020
v 0.127982 -0.441257 -0.067298
v 0.132091 0.053044 0.146783
v 0.126382 -0.084584 -0.035593
v 0.130008 0.394917 -0.003405
v 0.128044 -0.280742 -0.024387
v 0.129481 -0.464639 -0.029275
v 0.128140 -0.047606 0.104130
v 0.128092 0.102825 0.135197
v 0.125920 0.003768 0.132931
v 0.127320 -0.625014 -0.070864
v 0.127529 -0.746718 -0.022252
v 0.133667 -0.711571 -0.101981
v 0.132006 0.247141 0.100750
v 0.130544 -0.914834 -0.228376
v 0.129867 0.082706 0.142432
v 0.134627 -0.783946 0.208319
v 0.128925 -0.188155 -0.030203
v 0.129735 -0.300444 -0.000849
v 0.126996 -0.292655 -0.012322
v 0.127974 -0.548382 -0.056213
v 0.127886 0.443717 0.023521
v 0.133655 -0.732237 0.026227
v 0.130833 -0.140900 0.091008
v 0.127568 -0.613211 -0.065727
v 0.129321 0.075047 0.145617
v 0.129116 0.460645 0.033287
v 0.129474 -0.131312 -0.019375
v 0.130893 0.374851 -0.026076
v 0.129020 -0.433540 -0.058437
v 0.134282 -0.115803 -0.015193
v 0.129509 -0.184310 -0.012075
v 0.130655 0.012853 0.131022
v 0.131174 -0.485847 -0.034336
v 0.133228 -0.144988 0.083234
v 0.131252 -0.424920 -0.021843
v 0.155175 -0.949948 0.220583
v 0.130056 0.358547 -0.005000
v 0.129875 -0.080358 -0.033866
v 0.130136 -0.142688 0.067997
v 0.135632 -0.753844 -0.209506
v 0.129272 0.145840 0.122709
v 0.146938 0.547167 -0.068206
v 0.128981 0.289571 0.069145
v 0.131021 -0.407010 -0.017360
v 0.128182 0.359576 -0.031284
v 0.128464 -0.637816 -0.071589
v 0.130096 -0.392498 -0.013470
v 0.130148 -0.728347 0.058285
v 0.129819 -0.000926 0.111401
v 0.128494 -0.743219 -0.015236
v 0.129082 0.347150 -0.025237
v 0.129836 -0.464234 0.019503
v 0.127762 0.329287 0.018698
v 0.129898 -0.786646 0.202801
v 0.128745 -0.219298 -0.015741
v 0.129103 -0.068565 -0.038217
v 0.132224 -0.678252 -0.017409
v 0.130801 -0.257634 -0.019764
v 0.130066 0.427564 0.018339
v 0.132857 -0.338722 0.057088
v 0.130707 -0.743458 0.001116
v 0.133324 0.258717 0.111261
v 0.129231 0.229946 0.095273
v 0.131077 -0.533103 -0.046510
v 0.131017 -0.062706 0.103735
v 0.131652 -0.067647 0.095961
v 0.129262 -0.658917 -0.093131
v 0.129524 -0.737443 0.007198
v 0.145365 -0.903137 -0.221520
v 0.129111 -0.502357 0.010331
v 0.133718 0.309763 0.017008
v 0.133836 -0.745822 0.074684
v 0.135282 0.037214 0.151766
v 0.131808 0.135106 0.122857
v 0.140886 0.037930 -0.049430
v 0.129173 0.452976 0.029426
v 0.127842 0.434705 0.017151
v 0.130183 0.317320 -0.018059
v 0.131183 -0.668614 -0.048026
v 0.131845 -0.306074 0.057621
v 0.132936 0.289184 0.099666
v 0.133096 0.404511 -0.043492
v 0.134261 -0.514353 -0.017756
v 0.131449 -0.510197 0.006286
v 0.136678 0.006189 0.114820
v 0.129040 0.084005 0.148663
v 0.129700 0.072924 0.155321
v 0.129408 0.432703 -0.045854
v 0.136477 -0.717281 -0.087143
v 0.144462 0.070217 -0.053797
v 0.134359 -0.018032 -0.042706
v 0.139162 -0.730180 -0.078927
v 0.132081 -0.320965 -0.002322
v 0.130902 0.330107 -0.022076
v 0.133181 -0.120519 0.090563
v 0.132119 0.090242 0.139240
v 0.140853 0.462739 0.040497
v 0.138011 -0.099595 -0.012945
v 0.132640 0.139762 0.121059
v 0.133618 -0.364544 0.038647
v 0.132220 0.421150 0.018353
v 0.132309 -0.095392 -0.037577
v 0.133332 -0.748117 -0.157703
v 0.134590 0.288775 0.076137
v 0.132076 -0.246268 0.001504
v 0.133306 -0.087676 0.094555
v 0.131112 -0.638881 -0.073278
v 0.134400 -0.509857 -0.089044
v 0.135024 -0.617987 -0.074375
v 0.135091 -0.105886 0.090969
v 0.129739 0.325732 0.003605
v 0.131947 0.445297 -0.038024
v 0.134788 -0.501235 -0.076950
v 0.131632 0.099903 0.136278
v 0.130446 0.430907 -0.059336
v 0.133629 -0.513146 -0.039817
v 0.132138 -0.055461 0.111827
v 0.131788 0.233383 0.094543
v 0.134736 -0.138586 -0.020825
v 0.132971 0.404762 0.011028
v 0.135639 -0.217536 0.068381
v 0.138178 0.303274 -0.015781
v 0.133000 -0.743745 0.027819
v 0.131475 -0.527742 -0.025964
v 0.137236 -0.696469 -0.131161
v 0.131686 -0.159027 0.067949
v 0.137392 -0.678165 -0.101558
v 0.132364 -0.478041 -0.075066
v 0.132377 -0.178445 0.066159
v 0.131522 -0.172408 -0.008950
v 0.137649 0.017295 0.150783
v 0.132563 0.290555 0.052194
v 0.131345 0.432410 -0.038545
v 0.135801 0.345281 0.005280
v 0.134235 -0.585326 -0.046786
v 0.137246 0.635102 0.050424
v 0.136683 0.291780 0.085778
v 0.131777 0.415589 0.022060
v 0.130783 0.172448 0.119459
v 0.131686 -0.492703 0.020558
v 0.138394 -0.582344 -0.112174
v 0.130303 -0.729573 -0.122211
v 0.133227 -0.665188 -0.128051
v 0.132184 -0.720928 -0.129846
v 0.135098 -0.663144 -0.100057
v 0.134885 -0.394299 0.030297
v 0.132925 -0.646252 -0.074547
v 0.133069 -0.729829 -0.010789
v 0.130948 0.178891 0.112998
v 0.135783 -0.747464 -0.007992
v 0.146468 0.653733 0.015064
v 0.136557 -0.617630 -0.091539
v 0.135954 -0.525695 -0.079101
v 0.135823 -0.915858 0.223938
v 0.137011 -0.723447 -0.079465
v 0.137007 0.262317 -0.046425
v 0.132340 0.384849 -0.015547
v 0.132162 -0.209740 0.068526
v 0.132333 -0.711258 -0.032276
v 0.131228 0.004163 0.142368
v 0.135547 -0.213934 -0.011724
v 0.132774 0.393940 -0.008588
v 0.134973 0.281027 0.064513
v 0.134105 0.178939 0.110279
v 0.157596 -0.858270 -0.171900
v 0.136731 0.143587 0.123768
v 0.133843 -0.537164 -0.099791
v 0.133360 0.392595 -0.028259
v 0.141679 -0.949634 0.229692
v 0.132579 -0.662889 -0.122869
v 0.133771 0.218150 0.096973
v 0.134091 0.074515 0.159594
v 0.133465 -0.570426 -0.056889
v 0.133738 0.400029 0.002545
v 0.151147 -0.867662 0.180736
v 0.135289 -0.711897 0.036286
v 0.131418 0.073212 0.146726
v 0.134721 0.232936 0.089084
v 0.139872 -0.748865 -0.196202
v 0.142405 -0.703761 -0.026045
v 0.134701 -0.358876 -0.008487
v 0.139564 -0.371197 0.034868
v 0.134305 0.336790 -0.023055
v 0.137474 0.008096 0.125638
v 0.132892 0.005269 0.137073
v 0.134553 -0.654182 -0.083597
v 0.161868 -0.895403 0.207316
v 0.134930 -0.740591 0.069833
v 0.135068 0.653139 0.031501
v 0.133525 -0.160022 -0.007111
v 0.138354 -0.786829 0.197012
v 0.136148 0.193771 0.113442
v 0.144421 -0.744688 -0.068794
v 0.133692 0.390823 -0.020904
v 0.134600 -0.497187 0.008791
v 0.140544 -0.894500 -0.222439
v 0.136267 0.312160 0.003585
v 0.135503 -0.727274 0.046488
v 0.142868 -0.627481 -0.127090
v 0.133195 -0.742943 -0.155794
v 0.134127 -0.201943 0.084863
v 0.134260 0.454535 -0.040599
v 0.134797 -0.076707 0.109472
v 0.137048 -0.066741 0.100689
v 0.133817 0.278332 0.096615
v 0.138806 -0.786871 -0.198368
v 0.135366 0.128456 0.122748
v 0.135927 0.094477 0.151279
v 0.134610 0.426613 -0.036888
v 0.133848 0.186076 0.110614
v 0.138558 0.264056 0.103743
v 0.141529 0.497283 -0.056661
v 0.137936 -0.734236 0.055871
v 0.148421 0.584973 -0.063293
v 0.134738 -0.736390 -0.116364
v 0.133926 -0.737098 0.062102
v 0.135569 0.417811 0.019994
v 0.136738 -0.366693 0.048719
v 0.138555 -0.168264 -0.006188
v 0.135612 0.233603 0.101626
v 0.138538 -0.518947 -0.023528
v 0.138934 -0.734338 -0.142797
v 0.133756 0.113110 0.131819
v 0.135376 -0.006810 -0.034608
v 0.137293 -0.200807 0.004515
v 0.135861 0.331079 0.000357
v 0.137211 0.170145 0.112905
v 0.135898 0.409846 -0.032514
v 0.134895 0.388699 -0.011816
v 0.136227 -0.209600 0.085883
v 0.136928 0.016240 0.132134
v 0.134221 -0.745749 0.046160
v 0.137319 0.098357 0.139922
v 0.144182 0.210424 0.093274
v 0.150026 0.206140 -0.069468
v 0.135540 0.409619 0.015686
v 0.135208 -0.747048 -0.032032
v 0.140258 -0.692202 -0.030316
v 0.137188 -0.748404 0.084195
v 0.136481 0.048324 -0.047804
v 0.136784 0.462963 -0.042243
v 0.138996 -0.432232 0.023905
v 0.136229 -0.915444 -0.225237
v 0.151406 -0.873785 -0.187561
v 0.139730 -0.794420 0.194908
v 0.150131 0.101686 -0.067767
v 0.142603 -0.029938 0.116024
v 0.136230 0.401802 -0.030395
v 0.136630 -0.141873 -0.005116
v 0.139616 -0.282488 0.003673
v 0.141057 0.082849 0.157310
v 0.138114 -0.164741 0.084803
v 0.142439 -0.783972 -0.205277
v 0.143830 -0.664056 -0.133745
v 0.139026 0.073085 0.142954
v 0.137109 -0.736030 0.048239
v 0.135986 -0.654841 -0.089732
v 0.139532 0.113111 0.127741
v 0.137673 0.257536 0.090767
v 0.137330 -0.658047 -0.121163
v 0.136259 0.275088 0.089175
v 0.135992 -0.745305 0.062155
v 0.137398 0.421163 -0.035603
v 0.138905 -0.305529 0.056359
v 0.145191 0.531897 0.048754
v 0.143226 -0.685737 -0.117835
v 0.140800 -0.256094 0.063369
v 0.138910 -0.746751 0.052363
v 0.139413 0.296389 0.021791
v 0.139033 -0.516683 0.003397
v 0.137661 -0.640708 -0.072764
v 0.143721 -0.595706 -0.050231
v 0.139318 0.070740 0.154989
v 0.137897 -0.745193 0.032105
v 0.135125 -0.736297 -0.089332
v 0.135811 0.190191 0.108487
v 0.138035 0.285991 0.091841
v 0.139215 0.017394 0.134984
v 0.137185 0.382693 -0.015106
v 0.141582 -0.080147 -0.029856
v 0.137400 0.392186 -0.024655
v 0.145880 -0.143707 0.093225
v 0.139518 0.285259 0.050319
v 0.151522 0.475739 0.044130
v 0.139820 0.379075 0.003965
v 0.137670 -0.490677 0.010514
v 0.139444 -0.720786 0.041991
v 0.138057 -0.745574 0.041952
v 0.137795 0.281781 0.084583
v 0.144985 -0.726617 0.012222
v 0.143247 -0.522991 -0.027476
v 0.143027 0.213667 0.094761
v 0.145992 -0.481836 0.022052
v 0.137384 -0.734451 -0.109383
v 0.139879 0.046639 0.146441
v 0.145666 -0.139824 0.095777
v 0.140016 -0.029871 -0.019273
v 0.143663 -0.490182 0.016047
v 0.143108 -0.712948 -0.102683
v 0.138969 0.472623 -0.044721
v 0.136809 -0.738894 -0.080424
v 0.139864 -0.633126 -0.070700
v 0.144685 -0.737471 -0.093109
v 0.139100 -0.744739 -0.146964
v 0.141043 -0.370517 0.037826
v 0.141011 0.066968 0.141260
v 0.147240 -0.709775 0.020342
v 0.139437 -0.486526 0.005283
v 0.141777 0.103759 0.141215
v 0.138038 0.273235 0.065082
v 0.140100 -0.118817 -0.012102
v 0.139984 -0.312917 -0.003284
v 0.139476 -0.090487 0.107397
v 0.142287 0.000873 -0.027681
v 0.138505 0.235276 0.087884
v 0.144881 -0.220552 0.067679
v 0.150914 -0.658617 -0.135086
v 0.142348 -0.069649 0.114364
v 0.142313 -0.117632 0.095373
v 0.140271 0.237790 0.099033
v 0.144421 -0.720156 -0.010728
v 0.145251 -0.917873 -0.229824
v 0.139919 -0.079040 0.102953
v 0.141435 -0.157616 -0.001351
v 0.143827 -0.517371 0.001915
v 0.158252 0.643050 -0.008781
v 0.140230 -0.125050 -0.002515
v 0.143574 -0.373422 0.045064
v 0.140108 -0.662857 -0.109514
v 0.142428 -0.196946 0.008409
v 0.143939 -0.047496 0.114256
v 0.142997 -0.613085 -0.057882
v 0.139975 0.195675 0.106539
v 0.146071 0.183378 -0.080936
v 0.142019 -0.556204 -0.097668
v 0.145028 -0.126835 0.095666
v 0.144246 -0.452262 0.021581
v 0.147974 -0.704833 0.002524
v 0.140605 -0.741047 -0.092902
v 0.141825 -0.659208 -0.103350
v 0.140712 -0.721176 0.029504
v 0.142054 -0.250084 0.005861
v 0.141231 -0.714266 0.028847
v 0.139971 0.282527 0.066837
v 0.140212 0.240123 0.086659
v 0.139363 -0.164934 0.009140
v 0.143529 0.295873 0.010071
v 0.146479 0.105231 0.133320
v 0.145974 0.015029 0.144266
v 0.139283 0.400150 -0.032127
v 0.142890 -0.078015 -0.008126
v 0.142155 -0.212576 0.082554
v 0.143270 0.041837 0.149242
v 0.141547 -0.729629 -0.096020
v 0.141908 -0.476929 0.007318
v 0.144370 0.094955 0.156897
v 0.143036 -0.565044 -0.093532
v 0.141223 -0.447210 -0.025993
v 0.144059 0.274306 0.084118
v 0.151169 -0.007604 -0.024974
v 0.140604 -0.747340 0.058503
v 0.147030 0.258405 -0.031849
v 0.146487 -0.572211 -0.053769
v 0.142419 0.009504 0.121055
v 0.143293 0.355833 0.004526
v 0.145152 -0.604350 -0.057658
v 0.152523 0.033596 -0.037707
v 0.151916 -0.948784 -0.225581
v 0.161375 -0.801773 0.169830
v 0.142705 0.486633 -0.045753
v 0.150450 -0.437946 -0.032402
v 0.143179 0.201371 0.103075
v 0.144764 0.329094 -0.015938
v 0.141754 -0.732223 -0.090283
v 0.143708 -0.740182 -0.145600
v 0.141061 -0.150801 0.012372
v 0.144454 0.280107 -0.013986
v 0.154250 0.239199 -0.046752
v 0.147471 0.137382 -0.079182
v 0.142673 -0.097281 0.100972
v 0.143415 -0.163095 0.012262
v 0.144743 0.045583 -0.035527
v 0.142721 -0.733238 0.042852
v 0.151194 -0.485073 -0.035997
v 0.143630 -0.915648 0.218730
v 0.152830 -0.794407 -0.186850
v 0.146053 0.232811 0.083107
v 0.150533 0.120840 0.125419
v 0.144882 0.074754 0.150503
v 0.145128 -0.915415 -0.219692
v 0.147147 -0.716663 -0.103968
v 0.140752 0.244280 0.091388
v 0.138594 -0.748247 -0.153229
v 0.144656 0.250196 0.089046
v 0.148573 -0.143602 0.087624
v 0.145544 -0.222783 0.005800
v 0.146469 -0.602312 -0.113946
v 0.153496 0.410525 0.030769
v 0.148223 -0.534704 -0.036527
v 0.142832 0.269248 0.069316
v 0.145836 -0.724167 -0.105385
v 0.145540 -0.744563 -0.135862
v 0.142020 0.325601 0.002404
v 0.154945 0.601180 0.055278
v 0.143396 0.264172 0.061553
v 0.145589 0.288569 0.025084
v 0.143489 0.292874 0.021885
v 0.143030 -0.349161 0.046652
v 0.149322 -0.742937 -0.109597
v 0.147392 0.007205 0.120493
v 0.142349 0.257335 0.057247
v 0.149449 0.022867 0.152696
v 0.144101 -0.476481 0.002091
v 0.147567 -0.753540 -0.200727
v 0.153275 0.002041 -0.023219
v 0.144659 -0.133016 -0.000576
v 0.155014 -0.753690 0.193782
v 0.144697 0.499084 -0.047994
v 0.153800 -0.007904 -0.007746
v 0.145299 -0.144984 0.015586
v 0.148657 0.186393 0.106878
v 0.148220 0.389193 -0.040241
v 0.142780 0.263028 0.073050
v 0.143607 -0.134728 0.014635
v 0.149002 -0.784029 0.198237
v 0.147131 -0.166161 0.082074
v 0.143675 -0.093693 0.109801
v 0.144131 0.248936 0.062383
v 0.146644 -0.526173 -0.030717
v 0.144392 -0.096023 0.000173
v 0.147388 -0.373060 0.032991
v 0.151127 0.059048 -0.030992
v 0.146120 -0.214979 0.077388
v 0.150418 0.111639 0.126338
v 0.148839 -0.711657 -0.109253
v 0.148205 -0.228024 0.063786
v 0.148267 0.241385 0.087616
v 0.147579 -0.200602 0.080343
v 0.151598 -0.442807 -0.026978
v 0.147325 0.022974 0.136388
v 0.153581 -0.383375 -0.026451
v 0.147578 0.008832 -0.021366
v 0.144008 0.248725 0.073293
v 0.148362 0.079322 0.142615
v 0.148127 0.200360 0.092969
v 0.145429 -0.022267 -0.014613
v 0.145100 -0.468718 0.003574
v 0.153079 0.625627 0.050539
v 0.146162 0.112538 0.139321
v 0.150753 0.215877 0.095215
v 0.149039 -0.102672 0.104264
v 0.145980 -0.744240 -0.095784
v 0.146688 0.263462 0.083918
v 0.143787 0.256639 0.084628
v 0.151886 0.375871 0.016412
v 0.167402 -0.827022 0.154682
v 0.151885 -0.749018 -0.186773
v 0.148338 -0.076797 0.004229
v 0.145538 -0.121935 0.014390
v 0.149007 -0.787810 -0.190301
v 0.149814 -0.030403 -0.015604
v 0.156805 -0.354051 -0.025016
v 0.145694 0.298677 0.010422
v 0.148544 -0.786383 0.190071
v 0.147185 0.279786 0.030502
v 0.153521 0.113546 0.148568
v 0.145417 0.289190 0.010411
v 0.146325 0.238881 0.054681
v 0.154698 0.042974 0.158414
v 0.152978 0.299729 0.038233
v 0.147441 0.294470 0.008932
v 0.151251 0.091097 0.152780
v 0.156401 0.110246 -0.060391
v 0.149399 -0.289832 0.045668
v 0.152283 -0.661166 -0.112842
v 0.149616 -0.524703 -0.006659
v 0.151731 -0.043929 -0.013260
v 0.146177 0.292354 0.022715
v 0.149750 -0.607426 -0.105522
v 0.147573 -0.112469 0.014306
v 0.150883 -0.748647 0.023657
v 0.149702 -0.393841 0.023501
v 0.147134 0.282462 0.009671
v 0.150597 0.336474 -0.028588
v 0.153127 -0.381258 0.040869
v 0.149688 -0.744345 -0.129231
v 0.155397 0.079909 -0.044458
v 0.153695 0.220687 0.089078
v 0.148763 -0.571139 -0.049128
v 0.155486 0.638433 0.039722
v 0.175046 -0.949737 -0.207418
v 0.152851 0.017553 -0.012674
v 0.155908 -0.115657 0.101248
v 0.152580 -0.915174 0.212614
v 0.148424 0.511648 -0.046857
v 0.148934 0.015656 0.120587
v 0.151335 0.045872 -0.024693
v 0.151276 0.126706 0.121980
v 0.149906 0.051533 0.147589
v 0.147518 0.058979 0.148039
v 0.151220 -0.060607 0.104045
v 0.149389 0.270620 0.034147
v 0.148918 -0.465626 -0.003923
v 0.150851 -0.033296 0.118821
v 0.151368 0.352473 0.014589
v 0.159432 -0.748520 -0.054385
v 0.153387 -0.254820 0.050641
v 0.154052 0.465094 -0.047705
v 0.155360 0.051003 -0.016604
v 0.149251 -0.104660 0.013421
v 0.152621 -0.432578 -0.034854
v 0.166172 -0.903656 0.204421
v 0.152484 0.236634 0.059772
v 0.149746 -0.151318 0.103769
v 0.149194 0.274020 0.014779
v 0.154795 -0.655494 -0.112117
v 0.155578 -0.298879 -0.017891
v 0.148725 0.284763 0.027246
v 0.151404 0.210386 0.093157
v 0.151257 -0.746152 -0.103213
v 0.151009 0.525248 -0.046223
v 0.155518 -0.533700 -0.017917
v 0.149357 -0.713558 0.002728
v 0.152315 -0.226231 0.072217
v 0.151633 -0.153429 0.009601
v 0.149310 -0.046054 0.109666
v 0.154422 -0.477422 0.013889
v 0.149334 0.286801 0.010478
v 0.164776 -0.812297 0.160189
v 0.152510 -0.305408 0.043511
v 0.149634 -0.464854 0.001888
v 0.150992 -0.088328 0.103130
v 0.151832 0.028558 0.138118
v 0.149797 0.194708 0.092211
v 0.168808 0.604722 -0.031030
v 0.152582 -0.237178 0.057148
v 0.152300 0.227484 0.050788
v 0.152856 -0.559203 -0.051358
v 0.150438 0.277004 0.031036
v 0.153432 0.075510 0.140098
v 0.152395 0.125843 0.137410
v 0.157609 -0.422992 0.012899
v 0.151643 -0.378885 0.043673
v 0.150284 0.268249 0.014488
v 0.153769 -0.211045 0.078175
v 0.152312 -0.079443 0.007483
v 0.150000 0.230578 0.080665
v 0.151104 -0.531293 -0.032899
v 0.152355 -0.160271 0.101184
v 0.154164 0.259180 -0.007637
v 0.151292 0.260276 0.025551
v 0.152011 0.180864 0.098076
v 0.153011 0.233019 0.080037
v 0.151244 0.280085 0.011787
v 0.152207 0.267800 0.030112
v 0.152397 -0.233949 0.059777
v 0.153284 -0.052306 0.008878
v 0.151408 -0.093259 0.013690
v 0.150273 -0.748064 -0.135710
v 0.159228 -0.786672 -0.182924
v 0.155182 -0.915346 -0.212913
v 0.179507 -0.884565 -0.175196
v 0.153248 0.190163 0.088344
v 0.154966 -0.558888 -0.044858
v 0.153780 -0.457136 -0.003230
v 0.157379 0.221094 0.075924
v 0.152746 0.059216 0.145972
v 0.154014 0.536915 -0.045275
v 0.163210 0.092768 -0.048074
v 0.156848 -0.659537 -0.125673
v 0.160380 -0.267589 -0.015753
v 0.155050 -0.042172 0.115282
v 0.152567 -0.108462 0.014849
v 0.168181 -0.857222 0.158142
v 0.153206 0.273784 0.036497
v 0.156686 -0.205465 0.085571
v 0.157998 0.164976 0.107066
v 0.160569 0.558431 -0.048941
v 0.163821 -0.784045 -0.188152
v 0.155088 -0.154402 0.093180
v 0.154387 -0.031934 0.011080
v 0.153740 0.272167 0.014339
v 0.152916 -0.804370 -0.176662
v 0.154631 -0.454063 -0.006257
v 0.153692 -0.079474 0.013907
v 0.158283 0.071214 -0.034722
v 0.153172 0.269479 0.020929
v 0.154901 -0.787379 0.184534
v 0.159702 -0.753568 -0.191500
v 0.155789 0.040022 -0.031749
v 0.156416 0.200729 0.092641
v 0.155655 0.092570 0.142146
v 0.156518 -0.645049 -0.122939
v 0.154718 -0.156281 0.088237
v 0.155112 0.067385 0.143034
v 0.157987 0.334323 -0.033810
v 0.162139 0.137765 0.108479
v 0.152639 -0.048787 0.107130
v 0.156873 0.025942 -0.006327
v 0.158190 0.036089 0.142108
v 0.159449 -0.794505 0.178972
v 0.156075 0.022724 0.119785
v 0.160833 -0.376115 0.032962
v 0.160745 -0.783912 0.189043
v 0.155247 -0.067774 0.013818
v 0.154122 0.263609 0.026695
v 0.159236 -0.514920 -0.040016
v 0.156944 0.087616 0.139691
v 0.157252 0.130172 0.118804
v 0.160217 0.110303 0.149003
v 0.156351 -0.445289 -0.024352
v 0.161201 0.270366 0.002134
v 0.161995 -0.174430 0.103354
v 0.160032 -0.008556 -0.001864
v 0.162111 -0.194776 -0.007244
v 0.158238 -0.242841 0.052725
v 0.175273 -0.753701 0.175216
v 0.158346 -0.467050 -0.015816
v 0.166265 0.157051 -0.061075
v 0.155384 -0.089719 0.014542
v 0.160765 -0.445913 0.010414
v 0.160398 -0.235267 0.066685
v 0.159701 -0.161179 0.105473
v 0.163081 -0.427366 -0.035712
v 0.161566 0.081751 0.150330
v 0.158728 -0.384932 0.044906
v 0.163800 0.038164 0.150559
v 0.157411 -0.237767 0.055407
v 0.158956 -0.012815 0.016583
v 0.156814 0.079537 0.140361
v 0.161047 -0.463341 0.005392
v 0.172192 0.032693 0.133323
v 0.161068 -0.108424 0.103083
v 0.168127 0.636368 0.019408
v 0.162784 -0.836652 -0.160700
v 0.163046 -0.917760 -0.217454
v 0.158875 -0.052671 0.015152
v 0.158566 -0.011900 0.113826
v 0.157890 -0.022192 0.015798
v 0.158219 -0.067535 0.014705
v 0.157753 -0.444752 -0.006211
v 0.158870 0.188851 0.073635
v 0.157904 0.032361 -0.004497
v 0.160355 0.547464 -0.043261
v 0.167408 -0.055238 0.111952
v 0.158228 0.192420 0.087508
v 0.157125 0.025419 0.104154
v 0.163317 -0.195144 0.092975
v 0.160472 0.061453 -0.008891
v 0.158302 -0.475190 -0.027014
v 0.158499 -0.199144 0.068825
v 0.161176 0.208932 0.076155
v 0.160357 0.205608 0.050842
v 0.160626 -0.176599 0.100625
v 0.160641 0.182294 0.068704
v 0.163588 -0.549831 -0.043924
v 0.161016 0.027229 0.114757
v 0.168167 0.217877 -0.024891
v 0.158764 -0.004632 0.103685
v 0.160002 -0.186780 0.079521
v 0.160148 0.629924 -0.023486
v 0.161704 0.006266 0.002188
v 0.162968 -0.915256 0.204902
v 0.163954 0.218824 0.020140
v 0.163890 -0.119463 0.002524
v 0.161653 0.039677 0.139886
v 0.160026 -0.429891 -0.026201
v 0.159478 0.008836 0.102551
v 0.160935 -0.428004 -0.008177
v 0.162981 -0.786965 0.177228
v 0.160149 -0.537406 -0.021916
v 0.162810 0.099857 0.143258
v 0.160693 0.034506 0.000667
v 0.164077 0.154878 0.107134
v 0.161122 -0.431340 -0.020365
v 0.161119 0.012207 -0.013465
v 0.166312 0.245001 0.065062
v 0.162566 0.048372 -0.017868
v 0.164120 0.042991 -0.018198
v 0.175831 -0.380263 0.030596
v 0.164432 -0.523218 -0.023188
v 0.162839 -0.544760 -0.030428
v 0.164879 -0.330283 -0.026478
v 0.166568 0.080050 0.153487
v 0.163381 -0.241367 0.063380
v 0.164699 -0.455601 -0.000095
v 0.162150 -0.020889 0.104711
v 0.180666 0.156015 0.119886
v 0.159632 0.205114 0.069122
v 0.164350 -0.894944 -0.205715
v 0.161711 -0.105672 0.069223
v 0.169793 0.021796 0.005637
v 0.161645 -0.171027 0.067285
v 0.165202 -0.106938 0.096114
v 0.166443 -0.428842 -0.032800
v 0.160874 -0.002927 0.017597
v 0.168287 0.213184 0.066920
v 0.162858 -0.380622 -0.024662
v 0.168361 -0.949869 0.210768
v 0.171960 0.273817 -0.007812
v 0.177598 -0.913089 -0.193693
v 0.169263 0.215138 0.046930
v 0.160709 0.003928 0.083690
v 0.161680 0.032776 0.084138
v 0.164334 -0.027453 0.110429
v 0.161465 -0.003296 0.070007
v 0.161064 0.042708 0.005713
v 0.167125 0.102468 -0.034964
v 0.174158 -0.918602 0.207255
v 0.176236 0.387246 0.024068
v 0.164958 0.135761 0.111908
v 0.179375 0.345971 -0.042615
v 0.162409 -0.053527 0.072471
v 0.162538 0.039879 0.071948
v 0.169369 0.466100 0.038314
v 0.163805 0.005051 0.017330
v 0.188759 -0.748932 -0.148770
v 0.162617 -0.039850 0.083655
v 0.164964 -0.426647 -0.003827
v 0.162851 -0.012876 0.018257
v 0.166146 -0.523591 -0.031128
v 0.162423 0.196093 0.077270
v 0.162619 0.204315 0.057493
v 0.162983 0.173355 0.052748
v 0.170448 0.091502 -0.013987
v 0.164271 0.029306 0.101134
v 0.162787 0.049007 0.009206
v 0.171020 -0.071022 0.106473
v 0.162721 0.039075 0.078959
v 0.164180 0.212621 0.061552
v 0.164019 -0.186009 0.065468
v 0.164705 0.033819 0.120303
v 0.167155 0.042038 0.006317
v 0.163167 0.045814 0.141353
v 0.166330 -0.916206 -0.205035
v 0.163879 0.035615 0.069116
v 0.167698 0.523186 0.038167
v 0.166617 0.028055 -0.001321
v 0.168610 0.029442 0.092512
v 0.164057 -0.066441 0.081467
v 0.166190 0.076673 0.000303
v 0.170202 0.036170 0.139372
v 0.166074 0.047053 0.156006
v 0.166722 0.176775 0.057134
v 0.170500 -0.049907 0.010270
v 0.168454 -0.449304 0.003005
v 0.166975 -0.371138 -0.019327
v 0.168603 -0.406604 -0.028852
v 0.172682 0.177739 -0.038250
v 0.169118 0.063552 -0.001512
v 0.169816 -0.002556 0.099877
v 0.168816 -0.052601 0.066120
v 0.172381 0.613320 0.036815
v 0.164727 0.059162 0.014065
v 0.168368 0.164048 0.082695
v 0.170548 0.148907 0.095066
v 0.170067 0.497626 -0.044602
v 0.164358 0.050991 0.140476
v 0.168624 -0.117588 0.088086
v 0.168037 -0.787867 -0.173694
v 0.166117 0.008308 0.020143
v 0.168888 -0.184387 0.091388
v 0.168490 -0.246524 0.055187
v 0.173801 -0.395485 0.044960
v 0.170763 -0.236718 0.064191
v 0.166526 0.156361 0.050191
v 0.167622 0.018615 0.019973
v 0.173961 0.313789 0.053068
v 0.166574 0.071547 0.019501
v 0.180410 0.577401 -0.024513
v 0.169097 0.029130 0.098286
v 0.174149 -0.274461 -0.017758
v 0.168033 0.057329 0.141014
v 0.173170 -0.356221 -0.026204
v 0.169073 -0.093718 0.102103
v 0.168987 -0.020526 0.103248
v 0.172060 -0.286633 0.052268
v 0.178422 0.238930 0.081269
v 0.171795 0.039961 0.083789
v 0.167655 -0.051184 0.088225
v 0.174502 0.108263 0.148506
v 0.169654 -0.176856 0.098703
v 0.171406 0.142794 0.108145
v 0.171573 -0.331637 0.049401
v 0.188185 0.154680 0.129656
v 0.169011 -0.148191 0.092592
v 0.173246 0.569988 0.044113
v 0.173003 0.176542 0.025530
v 0.168511 -0.081253 0.095441
v 0.172836 0.076907 0.152551
v 0.171990 0.074619 0.024935
v 0.169403 -0.786729 0.171271
v 0.170064 0.028004 0.020341
v 0.172844 -0.096706 0.003684
v 0.174624 -0.425384 0.008841
v 0.174243 0.623844 -0.001695
v 0.171599 0.040679 0.123494
v 0.173985 -0.916041 0.196255
v 0.168589 0.083764 0.027355
v 0.169890 0.138132 0.043245
v 0.180032 -0.917687 -0.203016
v 0.174952 0.177745 0.003802
v 0.172173 0.055549 0.016493
v 0.170485 -0.379601 -0.012239
v 0.174783 -0.372569 -0.014964
v 0.173063 -0.421248 -0.027148
v 0.178261 0.141831 0.093249
v 0.171312 0.154737 0.057148
v 0.173291 -0.378111 0.034027
v 0.170986 -0.165940 -0.005757
v 0.171005 -0.422561 -0.001190
v 0.179347 0.035827 0.113826
v 0.173964 0.158016 0.068084
v 0.170745 0.209999 -0.009785
v 0.172055 -0.082862 0.101292
v 0.175497 0.134017 -0.030136
v 0.170409 0.092509 0.031469
v 0.179845 0.477568 0.030790
v 0.175444 0.040871 0.072959
v 0.174290 0.145619 0.102743
v 0.186728 -0.804756 -0.139777
v 0.178427 -0.794567 0.159956
v 0.186586 -0.877027 -0.155745
v 0.179229 -0.783964 0.171350
v 0.177845 0.542602 -0.031247
v 0.172983 -0.753910 -0.179572
v 0.184903 0.371433 0.024430
v 0.182316 -0.794896 -0.157257
v 0.178030 -0.748893 -0.161866
v 0.173936 -0.392590 0.052937
v 0.172776 -0.443915 -0.001527
v 0.172691 -0.057929 0.106131
v 0.172640 -0.387598 -0.002060
v 0.179389 0.150733 0.108610
v 0.176171 0.036989 0.105953
v 0.175420 -0.345188 -0.028226
v 0.174421 -0.247687 0.063310
v 0.177135 0.181886 0.078753
v 0.177787 -0.787800 -0.163690
v 0.176634 -0.786679 0.163706
v 0.173059 -0.414524 0.002721
v 0.171881 0.060212 0.140541
v 0.176476 -0.388076 0.028015
v 0.174068 0.104720 -0.018450
v 0.174874 0.134498 0.046826
v 0.174883 0.138412 0.056441
v 0.173910 0.098343 0.036587
v 0.173467 0.113264 0.036719
v 0.179262 -0.437837 0.005589
v 0.176999 0.072546 0.146002
v 0.173256 0.098095 0.017119
v 0.175203 0.112470 -0.006917
v 0.177304 -0.916072 -0.195334
v 0.183553 -0.040398 0.068281
v 0.177754 0.102942 -0.008998
v 0.176167 -0.250504 0.053570
v 0.177619 0.038880 0.069242
v 0.202152 -0.881930 0.140763
v 0.174089 -0.393133 0.008145
v 0.172655 0.043964 0.024493
v 0.195091 -0.859560 -0.127880
v 0.176454 -0.429773 0.000887
v 0.173915 0.127129 0.039369
v 0.179342 -0.783825 -0.173148
v 0.173111 -0.358278 -0.022337
v 0.175295 0.125590 0.020628
v 0.174485 -0.000364 0.019727
v 0.179718 0.324187 -0.032645
v 0.174629 0.056158 0.029614
v 0.174572 -0.340201 -0.016740
v 0.178308 0.123453 0.026675
v 0.178377 -0.117603 0.002958
v 0.181335 -0.913220 0.188142
v 0.179125 -0.172478 -0.003140
v 0.174767 0.128162 0.042141
v 0.190309 0.144585 0.136038
v 0.174437 0.151511 0.059879
v 0.177065 0.047214 0.124918
v 0.176448 0.152350 0.080999
v 0.179543 0.145654 0.100848
v 0.177700 -0.387843 0.003775
v 0.180626 -0.391060 0.035601
v 0.175207 -0.322551 -0.009676
v 0.186099 -0.405628 0.046507
v 0.180624 -0.950068 0.199937
v 0.192079 -0.917717 0.189952
v 0.176102 -0.305868 0.002117
v 0.184405 0.042032 0.090411
v 0.179351 0.041689 0.028275
v 0.179926 -0.346634 -0.022480
v 0.192557 -0.850668 0.124561
v 0.177343 -0.330147 -0.013772
v 0.186334 -0.753597 -0.165153
v 0.177401 0.116135 0.004837
v 0.176836 -0.327557 0.012201
v 0.177474 -0.311233 -0.004626
v 0.184649 0.520080 0.018422
v 0.175384 0.069172 0.029994
v 0.181816 0.134698 0.056685
v 0.187912 0.322493 0.053390
v 0.180846 0.165955 0.094628
v 0.185754 -0.401292 0.049838
v 0.178252 -0.379124 0.002519
v 0.179649 0.052456 0.127288
v 0.179423 -0.295891 0.012889
v 0.180216 -0.399770 0.023758
v 0.182012 0.111805 0.043334
v 0.181630 -0.236526 -0.007923
v 0.178480 0.152289 -0.010451
v 0.186594 -0.256662 0.065748
v 0.186920 0.498217 -0.030788
v 0.179702 -0.299600 0.007169
v 0.180911 0.206004 0.041480
v 0.183158 0.563078 0.030661
v 0.190607 0.345751 -0.038972
v 0.190214 -0.901374 -0.184182
v 0.180905 0.059728 0.033254
v 0.182190 -0.343560 -0.024670
v 0.186664 -0.398567 0.012341
v 0.186529 -0.830764 -0.131238
v 0.189114 0.584151 0.008475
v 0.184404 -0.080084 0.012491
v 0.186362 -0.034251 0.019020
v 0.179640 0.093667 0.045440
v 0.181472 -0.329679 0.047633
v 0.186445 0.044628 0.121794
v 0.182343 0.178223 0.106987
v 0.181904 0.128694 0.042109
v 0.183144 0.139670 0.091147
v 0.180762 0.046269 0.070613
v 0.188033 -0.426970 0.017042
v 0.182149 -0.295611 0.018987
v 0.184589 -0.786804 0.154718
v 0.186305 0.045535 0.076638
v 0.185798 0.128829 0.068466
v 0.186601 -0.409052 0.040833
v 0.178273 -0.248565 0.055683
v 0.184028 0.108000 0.049880
v 0.182142 -0.249231 0.048087
v 0.182115 -0.308970 0.044645
v 0.187611 -0.191803 0.070007
v 0.188117 0.401622 0.020670
v 0.180493 0.044608 0.050966
v 0.182241 0.106259 0.056842
v 0.191299 0.368756 0.025573
v 0.189055 0.232563 0.017111
v 0.181238 0.009175 0.047097
v 0.192379 0.412071 -0.032900
v 0.184606 0.094203 0.057600
v 0.190685 -0.921732 -0.194549
v 0.184016 0.041813 0.066740
v 0.183025 0.056896 0.057522
v 0.199117 -0.803209 0.121546
v 0.189052 -0.254379 0.072397
v 0.205484 -0.894997 0.163473
v 0.190182 0.040308 0.085625
v 0.185383 0.042198 0.110747
v 0.181832 -0.030484 0.043261
v 0.188922 -0.916284 0.183018
v 0.185267 0.058711 0.126772
v 0.183727 0.055730 0.044965
v 0.193670 -0.784196 -0.156754
v 0.185200 0.109347 0.057055
v 0.196363 0.038295 0.106604
v 0.206667 -0.894060 -0.162263
v 0.183548 -0.075409 0.038709
v 0.199372 -0.748830 -0.134484
v 0.188279 -0.009942 0.053664
v 0.187454 -0.003180 0.034390
v 0.188430 -0.147978 0.067617
v 0.191859 0.286260 -0.014740
v 0.188086 -0.786949 -0.152439
v 0.186435 0.061166 0.051535
v 0.186298 -0.246252 0.050233
v 0.186209 0.133642 0.087152
v 0.188885 -0.425640 0.010945
v 0.196562 0.040110 0.100606
v 0.186103 0.063307 0.135528
v 0.188128 0.576908 0.015450
v 0.185594 -0.294143 0.025329
v 0.187824 -0.916040 -0.185089
v 0.188835 0.110454 0.044977
v 0.186647 -0.329594 -0.012693
v 0.185862 0.086023 0.059435
v 0.186328 -0.287607 0.036162
v 0.186262 -0.258997 0.041494
v 0.188442 -0.159361 0.011256
v 0.188603 -0.008333 0.062337
v 0.189067 0.118164 0.041996
v 0.186549 0.051272 0.062086
v 0.205476 0.139776 0.133101
v 0.187756 -0.301576 0.005895
v 0.188185 -0.327000 -0.016106
v 0.189305 0.528656 -0.008603
v 0.230747 -0.748834 0.067467
v 0.187037 0.066127 0.039098
v 0.186570 0.045830 0.064546
v 0.187312 -0.343574 0.022756
v 0.186108 -0.086395 0.022011
v 0.191270 -0.248909 0.052319
v 0.185325 0.151544 0.090960
v 0.187024 -0.115668 0.037982
v 0.191023 0.120702 0.065860
v 0.238329 -0.748788 0.031504
v 0.189752 -0.316544 -0.006872
v 0.191588 0.251949 0.082154
v 0.186877 0.021833 0.058796
v 0.191273 -0.949650 0.190935
v 0.188750 -0.253897 0.043763
v 0.191055 -0.077973 0.064737
v 0.191419 -0.246690 0.003911
v 0.188361 -0.278856 0.033021
v 0.188926 -0.287521 0.029222
v 0.191981 -0.394346 0.012773
v 0.189734 0.053226 0.063943
v 0.188930 -0.162977 0.031390
v 0.188154 0.103078 0.054311
v 0.201517 -0.794468 -0.132235
v 0.192474 -0.915547 -0.178976
v 0.196005 -0.794424 0.138303
v 0.204879 -0.753780 0.139747
v 0.189523 0.065619 0.059322
v 0.202649 -0.900471 0.168732
v 0.190511 -0.419478 0.027673
v 0.191631 -0.383899 0.043890
v 0.191681 0.196973 0.107156
v 0.189917 -0.269081 0.036375
v 0.190829 -0.786700 0.147230
v 0.197518 0.052943 0.058982
v 0.194447 -0.753744 0.154330
v 0.194694 -0.262239 0.069922
v 0.194976 0.476418 0.006759
v 0.189925 0.128018 0.083857
v 0.199074 0.242232 0.011937
v 0.191682 0.085525 0.059887
v 0.191170 -0.414110 0.037249
v 0.189297 -0.330829 0.034877
v 0.193054 0.045997 0.094166
v 0.189728 0.047309 0.113792
v 0.194814 0.118405 0.048701
v 0.191604 -0.784178 0.157426
v 0.190637 -0.224856 0.025743
v 0.200793 -0.917761 -0.182331
v 0.193058 -0.294508 0.022285
v 0.198624 0.410631 0.005594
v 0.216191 -0.748943 0.104294
v 0.195422 -0.090911 0.050123
v 0.193930 -0.405566 0.019010
v 0.196466 -0.290137 0.032242
v 0.192195 0.100098 0.048028
v 0.194806 0.349543 -0.036044
v 0.198104 -0.175810 0.064091
v 0.198479 -0.819078 0.112538
v 0.204510 0.146253 0.081423
v 0.204699 0.173612 0.061863
v 0.200259 -0.949744 0.180802
v 0.195552 0.109506 0.082391
v 0.193290 0.119610 0.082922
v 0.200575 0.376500 0.017304
v 0.191886 -0.263307 0.039896
v 0.194837 0.045664 0.069545
v 0.193535 -0.282551 0.019441
v 0.195097 0.108519 0.059850
v 0.194663 -0.300330 0.001742
v 0.195493 0.481422 -0.013891
v 0.195129 0.146864 0.084516
v 0.204290 -0.870506 0.120630
v 0.202014 0.048338 0.085581
v 0.197804 -0.786716 0.137476
v 0.199650 -0.753738 -0.148850
v 0.202253 0.067110 0.056907
v 0.198083 -0.914548 0.170754
v 0.208951 -0.817235 -0.095077
v 0.196783 0.087656 0.061658
v 0.195918 -0.407563 0.029656
v 0.198923 0.069325 0.123542
v 0.194415 0.041144 0.111232
v 0.207629 0.112387 0.129001
v 0.200785 -0.248026 0.070186
v 0.204995 0.331199 0.045574
v 0.198189 -0.267496 0.064077
v 0.199897 0.052976 0.065543
v 0.199161 -0.144387 0.044302
v 0.199228 -0.786754 -0.137349
v 0.195399 0.060074 0.114790
v 0.198882 0.099155 0.083860
v 0.197481 0.098654 0.065893
v 0.200461 0.050365 0.097845
v 0.197594 0.092113 0.084085
v 0.201293 -0.783799 0.145033
v 0.199998 0.402377 -0.019332
v 0.218098 -0.901024 -0.150417
v 0.207892 -0.918219 0.173125
v 0.202849 -0.280398 0.041405
v 0.202638 -0.916010 0.167932
v 0.207624 -0.246328 0.043942
v 0.205049 0.199165 0.107245
v 0.200948 -0.116414 0.053034
v 0.202688 -0.916256 -0.169035
v 0.201416 0.083912 0.087833
v 0.203344 0.253111 0.079976
v 0.203829 0.160377 0.130000
v 0.209557 -0.840733 -0.091850
v 0.212122 0.366501 -0.013806
v 0.206981 -0.274861 0.039084
v 0.204972 -0.871920 -0.122597
v 0.214329 -0.784087 -0.127108
v 0.203424 -0.274575 0.052956
v 0.200936 -0.152486 0.055681
v 0.208278 0.268237 0.002379
v 0.261714 -0.950547 0.060305
v 0.206871 0.108167 0.084183
v 0.219863 -0.748980 -0.098441
v 0.205115 -0.787767 0.125187
v 0.214355 -0.802543 -0.095297
v 0.204895 0.063628 0.112374
v 0.206110 -0.794555 0.122488
v 0.204996 0.050369 0.092782
v 0.204889 0.391554 0.000020
v 0.203641 -0.266128 0.066120
v 0.204358 0.077265 0.068709
v 0.208009 -0.263059 0.063130
v 0.205147 0.082417 0.091713
v 0.214961 0.342419 -0.006291
v 0.220476 -0.883241 -0.114811
v 0.206007 -0.915618 -0.163101
v 0.204702 0.056209 0.060801
v 0.207160 -0.949066 -0.175278
v 0.206963 0.062321 0.098941
v 0.207638 -0.787667 -0.122574
v 0.208055 0.065028 0.107105
v 0.211345 0.138648 0.085655
v 0.214752 -0.845990 0.078630
v 0.207123 -0.231532 0.055512
v 0.207053 0.076196 0.094926
v 0.208137 0.049294 0.079596
v 0.216986 0.132703 0.122010
v 0.211464 -0.949271 0.167923
v 0.207819 -0.753671 -0.136780
v 0.208447 -0.784039 0.134118
v 0.210441 -0.916235 0.157111
v 0.209213 -0.749101 -0.119221
v 0.214163 -0.753768 0.124624
v 0.221445 -0.816218 0.058727
v 0.216145 0.161018 0.122082
v 0.215367 0.359439 0.006527
v 0.210619 0.062524 0.094806
v 0.214504 -0.917701 -0.165988
v 0.211912 -0.915635 -0.155606
v 0.211094 0.057555 0.080606
v 0.213885 0.227521 0.030417
v 0.210392 -0.786520 0.116756
v 0.215912 -0.794858 -0.105915
v 0.214178 0.249002 0.074566
v 0.217972 0.284090 0.006047
v 0.217879 -0.867934 -0.091256
v 0.213769 -0.913610 0.150266
v 0.214543 -0.786623 -0.110807
v 0.215496 -0.753607 -0.124388
v 0.217226 0.127910 0.091892
v 0.214584 -0.783934 0.124508
v 0.221847 -0.801729 0.075708
v 0.220761 0.127105 0.107205
v 0.216008 0.105219 0.093457
v 0.214989 -0.786545 0.108509
v 0.225725 -0.948715 -0.150916
v 0.215303 0.324565 0.038317
v 0.223431 -0.794668 0.088430
v 0.218038 0.170771 0.071596
v 0.220632 0.189017 0.098400
v 0.216360 -0.915392 -0.149136
v 0.220090 -0.786816 0.097805
v 0.222582 -0.949706 0.152526
v 0.220224 -0.787965 -0.097892
v 0.223250 -0.784051 0.108218
v 0.221951 -0.870204 0.082700
v 0.221153 -0.915645 0.140271
v 0.221429 -0.827744 -0.053751
v 0.226114 -0.754027 0.103079
v 0.222088 -0.916067 -0.141336
v 0.226739 -0.917700 -0.149157
v 0.222629 0.268214 0.048913
v 0.223278 0.207943 0.056557
v 0.227178 -0.865519 -0.059782
v 0.223840 0.287316 0.022167
v 0.226495 -0.754096 -0.104090
v 0.227071 -0.849302 -0.037039
v 0.228028 -0.804577 -0.045330
v 0.224345 0.141954 0.095628
v 0.225701 -0.896864 0.135504
v 0.233697 -0.883461 0.083285
v 0.234146 -0.950180 0.132307
v 0.225548 -0.786456 -0.087111
v 0.225892 -0.783541 -0.104883
v 0.225916 -0.915118 -0.133779
v 0.224982 -0.786682 0.086312
v 0.226087 -0.838438 0.026777
v 0.228905 -0.863310 0.045008
v 0.224966 0.224573 0.061122
v 0.225945 0.149143 0.102468
v 0.229955 -0.949132 0.141652
v 0.228010 -0.818478 -0.015303
v 0.232845 -0.803615 0.013563
v 0.228472 -0.915298 0.127019
v 0.230181 -0.917624 0.142055
v 0.235535 -0.894815 -0.116057
v 0.228655 -0.786648 0.076407
v 0.231040 -0.794353 -0.067080
v 0.235463 -0.784276 -0.080707
v 0.229702 -0.783992 0.093394
v 0.230417 -0.787124 -0.072058
v 0.232541 -0.859699 -0.009475
v 0.230945 -0.916137 -0.126210
v 0.240015 -0.900688 0.109234
v 0.232687 -0.786851 0.062188
v 0.240460 -0.748938 -0.018440
v 0.234605 -0.915838 0.116536
v 0.231290 -0.748881 -0.066022
v 0.233424 -0.917549 -0.137191
v 0.244114 -0.893991 0.093516
v 0.243594 -0.882409 0.039265
v 0.235452 -0.784086 0.078119
v 0.235192 -0.794561 0.046407
v 0.234889 -0.753730 -0.081318
v 0.238181 -0.754022 0.070630
v 0.234099 -0.786697 -0.059320
v 0.235994 -0.915853 -0.115562
v 0.255599 -0.949963 -0.088979
v 0.243448 -0.753595 0.047705
v 0.236996 -0.786620 0.044601
v 0.250289 -0.900946 -0.087115
v 0.239419 -0.794885 -0.020282
v 0.239970 -0.915340 0.104304
v 0.239858 -0.753595 -0.064929
v 0.238223 -0.787765 -0.034470
v 0.240923 -0.880279 -0.045082
v 0.239291 -0.794865 0.015112
v 0.244422 -0.880062 0.002321
v 0.239447 -0.786915 0.026872
v 0.243195 -0.784285 -0.050382
v 0.241693 -0.915301 -0.102107
v 0.242063 -0.784358 0.053466
v 0.243206 -0.949765 0.116888
v 0.241005 -0.787414 -0.001703
v 0.244569 -0.753954 -0.045105
v 0.249462 -0.895472 -0.082808
v 0.247375 -0.918147 -0.111403
v 0.247043 -0.948702 -0.111725
v 0.245186 -0.915723 0.091575
v 0.245781 -0.784213 0.034920
v 0.248051 -0.753616 0.015426
v 0.247203 -0.753449 -0.025314
v 0.246799 -0.784436 -0.027537
v 0.255659 -0.906207 0.064673
v 0.250805 -0.949428 0.100407
v 0.246057 -0.915614 -0.091028
v 0.251232 -0.917953 0.099834
v 0.249119 -0.783125 0.005069
v 0.253207 -0.917792 -0.096166
v 0.250197 -0.916297 0.079464
v 0.255010 -0.894884 -0.061351
v 0.251881 -0.915744 -0.073289
v 0.252088 -0.912790 0.069187
v 0.255002 -0.894880 0.060303
v 0.256285 -0.949732 0.083288
v 0.262028 -0.894930 -0.014115
v 0.254876 -0.915749 -0.062749
v 0.258446 -0.917654 -0.079763
v 0.254529 -0.915933 0.063669
v 0.256596 -0.915339 -0.053869
v 0.256691 -0.914966 0.050243
v 0.261693 -0.917661 0.068384
v 0.261781 -0.902418 -0.033402
v 0.258834 -0.915624 -0.041414
v 0.263342 -0.948949 0.060879
v 0.258698 -0.915779 0.038879
v 0.263399 -0.897376 0.015739
v 0.264206 -0.949114 -0.058550
v 0.261011 -0.914922 -0.024731
v 0.260889 -0.915540 0.022451
v 0.264602 -0.918104 -0.057807
v 0.269135 -0.949820 -0.026027
v 0.267928 -0.917719 -0.037431
v 0.268973 -0.949210 0.028092
v 0.269005 -0.917506 0.028717
v 0.270632 -0.918560 -0.013957
s 1
# Daedalon topology-aware UV unwrap v3; Blender 5.2.0 build fbe6228777e7 seam<=6.0% p95<=2.5 p99<=8.0 density=1.25/1.50/2.00/4.00
vt 0.642576873302 0.730671733618
vt 0.636954843998 0.718020856380
vt 0.634967386723 0.748791486025
vt 0.627261340618 0.731321901083
vt 0.648970842361 0.743214786053
vt 0.624256730080 0.725139826536
vt 0.650133728981 0.735835015774
vt 0.640850663185 0.717034131289
vt 0.619664490223 0.719746232033
vt 0.637445271015 0.767133831978
vt 0.650587320328 0.751345664263
vt 0.628229796886 0.706576585770
vt 0.653050303459 0.742101371288
vt 0.635751187801 0.710084319115
vt 0.654278516769 0.746823459864
vt 0.653018116951 0.758923381567
vt 0.653012454510 0.719389796257
vt 0.658913552761 0.737484872341
vt 0.641921818256 0.703386396170
vt 0.614723801613 0.712100118399
vt 0.633964598179 0.705833852291
vt 0.630741178989 0.703431218863
vt 0.620175123215 0.697090297937
vt 0.662641108036 0.736966222525
vt 0.655514121056 0.751095458865
vt 0.627478480339 0.700045555830
vt 0.656744480133 0.754389941692
vt 0.655062794685 0.768039032817
vt 0.628763794899 0.687961876392
vt 0.668069303036 0.721397101879
vt 0.649825811386 0.698824942112
vt 0.611152410507 0.707190394402
vt 0.624835133553 0.696746736765
vt 0.638353347778 0.780637472868
vt 0.666592478752 0.751329839230
vt 0.623581349850 0.688711524010
vt 0.657575070858 0.758730575442
vt 0.634413242340 0.681666493416
vt 0.621739864349 0.693274557590
vt 0.666710555553 0.765631645918
vt 0.674261093140 0.741192519665
vt 0.605889916420 0.701824218035
vt 0.608631134033 0.685745984316
vt 0.655651092529 0.774145588279
vt 0.659134387970 0.765072092414
vt 0.660094976425 0.769757181406
vt 0.676912367344 0.651085823774
vt 0.661313712597 0.642032116652
vt 0.688894331455 0.661404609680
vt 0.677788972855 0.635601341724
vt 0.618211865425 0.689993798733
vt 0.698338508606 0.647942423820
vt 0.690924644470 0.636228084564
vt 0.669611096382 0.626617074013
vt 0.670919120312 0.762390866876
vt 0.654296219349 0.621215015650
vt 0.637492418289 0.791229426861
vt 0.614218533039 0.686019957066
vt 0.652768492699 0.635715395212
vt 0.665030539036 0.648197591305
vt 0.689000308514 0.666603922844
vt 0.616859376431 0.677000135183
vt 0.673336446285 0.708798497915
vt 0.660184383392 0.776054129004
vt 0.655408322811 0.791239783168
vt 0.707469582558 0.654258221388
vt 0.699281215668 0.670043230057
vt 0.708942294121 0.677100867033
vt 0.643064439297 0.628334760666
vt 0.608926832676 0.674286276102
vt 0.598940134048 0.694622009993
vt 0.685733556747 0.760302215815
vt 0.648507475853 0.684955865145
vt 0.655635297298 0.641971588135
vt 0.610820174217 0.683711588383
vt 0.647917330265 0.635693490505
vt 0.665921926498 0.653272002935
vt 0.683127939701 0.667027831078
vt 0.639765977859 0.609469205141
vt 0.635329306126 0.802499473095
vt 0.681040167809 0.672356247902
vt 0.661002933979 0.656476318836
vt 0.602475881577 0.698928952217
vt 0.660370945930 0.780528232455
vt 0.714422404766 0.659213691950
vt 0.697581648827 0.679203897715
vt 0.697536349297 0.674398720264
vt 0.655211091042 0.645262867212
vt 0.606855034828 0.680541336536
vt 0.666484177113 0.697084099054
vt 0.704121053219 0.678912758827
vt 0.619711160660 0.668052643538
vt 0.651596069336 0.614211559296
vt 0.714913249016 0.653189510107
vt 0.634356439114 0.621333062649
vt 0.671663224697 0.779925182462
vt 0.680964767933 0.731520116329
vt 0.700686872005 0.692980170250
vt 0.721818208694 0.663486778736
vt 0.640768349171 0.630537062883
vt 0.660756587982 0.785651564598
vt 0.669170081615 0.791319832206
vt 0.643033564091 0.636372476816
vt 0.629515230656 0.665036857128
vt 0.593991398811 0.675212740898
vt 0.649588108063 0.672846704721
vt 0.711905241013 0.685698896646
vt 0.607218980789 0.678933501244
vt 0.654664576054 0.799834877253
vt 0.663750112057 0.672201931477
vt 0.676093399525 0.686240166426
vt 0.605864346027 0.667768478394
vt 0.689523279667 0.692628622055
vt 0.660013556480 0.789255753160
vt 0.592778027058 0.690928339958
vt 0.587940037251 0.688793718815
vt 0.640661716461 0.640418767929
vt 0.634205400944 0.625639915466
vt 0.720161736012 0.686473041773
vt 0.731279850006 0.668924570084
vt 0.629853248596 0.594249844551
vt 0.716162323952 0.696387082338
vt 0.643581092358 0.651363700628
vt 0.693579196930 0.729935497046
vt 0.623712658882 0.613822996616
vt 0.629482388496 0.618140041828
vt 0.673693358898 0.791975200176
vt 0.602111518383 0.676313728094
vt 0.660288989544 0.793651536107
vt 0.622571647167 0.595968574286
vt 0.624288916588 0.830294147134
vt 0.716870248318 0.691301494837
vt 0.630816578865 0.816655576229
vt 0.653471112251 0.806426048279
vt 0.631285905838 0.627356618643
vt 0.733768701553 0.661672651768
vt 0.626737952232 0.648526579142
vt 0.596788525581 0.673127084970
vt 0.697760045528 0.712686687708
vt 0.597673714161 0.664358377457
vt 0.659756720066 0.798787936568
vt 0.628862082958 0.621684521437
vt 0.732379794121 0.697851240635
vt 0.594407916069 0.669952899218
vt 0.624463915825 0.618729919195
vt 0.722420215607 0.695942580700
vt 0.610269665718 0.653492629528
vt 0.684754729271 0.789385467768
vt 0.620933413506 0.620300531387
vt 0.615163326263 0.608188420534
vt 0.618440508842 0.650101363659
vt 0.620012760162 0.630377262831
vt 0.738073408604 0.673668444157
vt 0.651650965214 0.815190404654
vt 0.590292513371 0.668604016304
vt 0.658727586269 0.806326657534
vt 0.618648886681 0.614704638720
vt 0.742863118649 0.677814692259
vt 0.727447986603 0.700983911753
vt 0.698738992214 0.751497745514
vt 0.715310752392 0.725015074015
vt 0.596713960171 0.652411401272
vt 0.721904695034 0.715429395437
vt 0.696509718895 0.771415829659
vt 0.730104565620 0.710973232985
vt 0.585572540760 0.659455209970
vt 0.583281278610 0.683339327574
vt 0.582270205021 0.666434079409
vt 0.609411656857 0.585909545422
vt 0.545655548573 0.531087368727
vt 0.545251905918 0.514669328928
vt 0.535094320774 0.522327989340
vt 0.532938897610 0.531587988138
vt 0.559787213802 0.539346098900
vt 0.657263576984 0.813069060445
vt 0.744158506393 0.669944614172
vt 0.554736077785 0.544292807579
vt 0.688038527966 0.581217378378
vt 0.608166575432 0.590147048235
vt 0.531130731106 0.508435249329
vt 0.564351975918 0.534389466047
vt 0.737219393253 0.709669351578
vt 0.579938828945 0.681348919868
vt 0.539066195488 0.546820163727
vt 0.612355470657 0.610884279013
vt 0.539412617683 0.504885584116
vt 0.582596957684 0.652367562056
vt 0.607963204384 0.604741156101
vt 0.605153977871 0.610566645861
vt 0.525701820850 0.536270588636
vt 0.605088829994 0.634313911200
vt 0.583113193512 0.547368377447
vt 0.586888372898 0.665510356426
vt 0.710703670979 0.761383205652
vt 0.746421992779 0.709930866957
vt 0.649305105209 0.823759078979
vt 0.732788383961 0.706827431917
vt 0.592271685600 0.545858830214
vt 0.565156936646 0.891212612391
vt 0.666431188583 0.825494334102
vt 0.552012324333 0.511462956667
vt 0.606837868690 0.607771873474
vt 0.517280280590 0.513018250465
vt 0.514094889164 0.518462300301
vt 0.590703547001 0.553076118231
vt 0.533306539059 0.494729995728
vt 0.747750818729 0.680530041456
vt 0.657549321651 0.817347258329
vt 0.578690767288 0.556010454893
vt 0.753949224949 0.684583842754
vt 0.569644212723 0.673837840557
vt 0.601477622986 0.601918965578
vt 0.672563374043 0.820579007268
vt 0.576795935631 0.560716122389
vt 0.540223300457 0.499061465263
vt 0.543721079826 0.503060579300
vt 0.613885283470 0.555607199669
vt 0.525008916855 0.503058642149
vt 0.608204424381 0.563738226891
vt 0.568674206734 0.528654307127
vt 0.580433964729 0.662040501833
vt 0.654623687267 0.823259025812
vt 0.615315675735 0.561284542084
vt 0.600088357925 0.612970829010
vt 0.751857578754 0.674933761358
vt 0.555565476418 0.560077100992
vt 0.614942371845 0.549243509769
vt 0.546822726727 0.502716362476
vt 0.593110620975 0.541643023491
vt 0.578048050404 0.658877760172
vt 0.591527163982 0.638990461826
vt 0.645581722260 0.834385022521
vt 0.602134704590 0.605746924877
vt 0.595466792583 0.585905909538
vt 0.594228208065 0.598743051291
vt 0.616898596287 0.563473254442
vt 0.621924519539 0.552681356668
vt 0.574358463287 0.676804244518
vt 0.571998298168 0.660959511995
vt 0.530063927174 0.551776468754
vt 0.625880360603 0.558810323477
vt 0.549370586872 0.503124535084
vt 0.552292585373 0.503110498190
vt 0.544310569763 0.484048068523
vt 0.742965161800 0.717450469732
vt 0.750388205051 0.724697142839
vt 0.610768079758 0.544058114290
vt 0.516232669353 0.505010187626
vt 0.556577920914 0.504377961159
vt 0.621585130692 0.545428276062
vt 0.613801479340 0.847472980618
vt 0.592866361141 0.618576616049
vt 0.736066937447 0.732299536467
vt 0.511965095997 0.514008700848
vt 0.763295829296 0.690343052149
vt 0.654215395451 0.828858628869
vt 0.616866528988 0.569417893887
vt 0.758118808270 0.676904857159
vt 0.727968871593 0.749585211277
vt 0.556857645512 0.491772174835
vt 0.521974384785 0.489070832729
vt 0.508839070797 0.521231353283
vt 0.511716246605 0.538757860661
vt 0.590848743916 0.536535620689
vt 0.612034916878 0.574493199587
vt 0.595830500126 0.602898776531
vt 0.534116208553 0.478369057178
vt 0.744431614876 0.729098021984
vt 0.758205413818 0.720991075039
vt 0.569316089153 0.648184031248
vt 0.510120987892 0.505748450756
vt 0.563529193401 0.472789704800
vt 0.705330431461 0.793766856194
vt 0.569125413895 0.521600961685
vt 0.689116001129 0.816891983151
vt 0.633851587772 0.547518551350
vt 0.619539439678 0.541205644608
vt 0.575139403343 0.477261841297
vt 0.555263042450 0.463137507439
vt 0.609503805637 0.537838757038
vt 0.650127887726 0.838447153568
vt 0.575700998306 0.659119993448
vt 0.629145920277 0.567396759987
vt 0.559986710548 0.504530787468
vt 0.580164253712 0.600024968386
vt 0.542514085770 0.563456207514
vt 0.582390367985 0.526829242706
vt 0.641234695911 0.844208270311
vt 0.609112024307 0.577254652977
vt 0.565244317055 0.670940339565
vt 0.575092256069 0.638792306185
vt 0.640714168549 0.532695770264
vt 0.592779994011 0.464100062847
vt 0.766386389732 0.681573390961
vt 0.769959032536 0.693178385496
vt 0.578467071056 0.458679795265
vt 0.627854526043 0.535681813955
vt 0.589654326439 0.600272357464
vt 0.571393370628 0.655991017818
vt 0.584494113922 0.627167105675
vt 0.579238474369 0.579676359892
vt 0.505873858929 0.515592694283
vt 0.515040814877 0.557118982077
vt 0.564442276955 0.655377060175
vt 0.638327896595 0.559310853481
vt 0.631618738174 0.577205508947
vt 0.566403985023 0.495497167110
vt 0.562582015991 0.504466712475
vt 0.546341955662 0.460592091084
vt 0.515138030052 0.484854102135
vt 0.579347193241 0.482548356056
vt 0.653049945831 0.545078426600
vt 0.584358096123 0.594889551401
vt 0.632255196571 0.564529120922
vt 0.567906677723 0.644225239754
vt 0.568730711937 0.450871944427
vt 0.661736786366 0.571207851171
vt 0.754197955132 0.738860905170
vt 0.600759685040 0.449358165264
vt 0.612378597260 0.458098888397
vt 0.579556107521 0.573274523020
vt 0.584415674210 0.598203122616
vt 0.590627372265 0.444238662720
vt 0.592012941837 0.578240215778
vt 0.746811866760 0.747803539038
vt 0.501091182232 0.521151423454
vt 0.624046504498 0.530309915543
vt 0.761666536331 0.735354006290
vt 0.666645348072 0.840647175908
vt 0.565738677979 0.503941655159
vt 0.624948620796 0.442301273346
vt 0.574158549309 0.573362708092
vt 0.572571039200 0.516254782677
vt 0.619138896465 0.534787297249
vt 0.643914341927 0.539153456688
vt 0.615848600864 0.534970641136
vt 0.614009737968 0.438105225563
vt 0.599808752537 0.434811949730
vt 0.611668646336 0.532989412546
vt 0.561923980713 0.572805523872
vt 0.604489862919 0.470622360706
vt 0.537523269653 0.569502264261
vt 0.722059249878 0.790528744459
vt 0.576311469078 0.592053353786
vt 0.591306626797 0.871378928423
vt 0.566248118877 0.652694284916
vt 0.755130529404 0.730408936739
vt 0.576231360435 0.604770869017
vt 0.537184476852 0.457045316696
vt 0.594428479671 0.524451404810
vt 0.640687465668 0.526195675135
vt 0.608509719372 0.530700206757
vt 0.586687803268 0.435848832130
vt 0.570837676525 0.627387851477
vt 0.637098312378 0.853166550398
vt 0.767084062099 0.604139834642
vt 0.630177974701 0.450929760933
vt 0.625225484371 0.586828023195
vt 0.563112199306 0.443223834038
vt 0.606226205826 0.530013948679
vt 0.612663567066 0.582103401423
vt 0.598045587540 0.525361329317
vt 0.629760742188 0.526645213366
vt 0.602678835392 0.528781205416
vt 0.503300011158 0.504870802164
vt 0.560668110847 0.668330788612
vt 0.647206246853 0.845764592290
vt 0.440354824066 0.626184731722
vt 0.449678450823 0.626688241959
vt 0.446213573217 0.612073600292
vt 0.387396216393 0.651425600052
vt 0.396282345057 0.660499513149
vt 0.416211068630 0.627534657717
vt 0.441907942295 0.601308196783
vt 0.434948086739 0.627301514149
vt 0.444538444281 0.645738005638
vt 0.416576206684 0.659336656332
vt 0.419669330120 0.645046472549
vt 0.433837145567 0.602125525475
vt 0.424810767174 0.629967480898
vt 0.429794162512 0.613282829523
vt 0.451078057289 0.618126899004
vt 0.590969920158 0.522490799427
vt 0.603004276752 0.860801413655
vt 0.616719305515 0.533978253603
vt 0.403039753437 0.673032730818
vt 0.588155686855 0.520633816719
vt 0.429366379976 0.650067389011
vt 0.619577825069 0.474696516991
vt 0.495220273733 0.516385972500
vt 0.774945735931 0.685022234917
vt 0.740650773048 0.767930105329
vt 0.620467543602 0.518055081367
vt 0.615826010704 0.513785183430
vt 0.606809556484 0.521737486124
vt 0.359086900949 0.684592396021
vt 0.578514814377 0.596142977476
vt 0.448218673468 0.605892658234
vt 0.554579138756 0.639514654875
vt 0.604039549828 0.526834338903
vt 0.600421249866 0.526321530342
vt 0.555890440941 0.665862083435
vt 0.611997306347 0.530609756708
vt 0.453785657883 0.629493296146
vt 0.623900175095 0.527522504330
vt 0.627288639545 0.522105395794
vt 0.633772492409 0.524396091700
vt 0.556776642799 0.629987239838
vt 0.364215463400 0.695469826460
vt 0.608879745007 0.587419390678
vt 0.610512614250 0.510066747665
vt 0.635283648968 0.446571409702
vt 0.625837326050 0.515202820301
vt 0.604451179504 0.514231324196
vt 0.617758154869 0.510966211557
vt 0.633161723614 0.474366188049
vt 0.583649158478 0.486886739731
vt 0.604765236378 0.508541911840
vt 0.645642042160 0.521037101746
vt 0.362352937460 0.665098577738
vt 0.604586541653 0.519358783960
vt 0.607740283012 0.475543558598
vt 0.451769381762 0.650467753410
vt 0.375714361668 0.706515222788
vt 0.423585087061 0.605141341686
vt 0.594103753567 0.583370029926
vt 0.602198719978 0.584858834743
vt 0.593923807144 0.522408783436
vt 0.424486219883 0.671280294657
vt 0.590645134449 0.584452629089
vt 0.554704368114 0.652104109526
vt 0.656986653805 0.563068807125
vt 0.656265795231 0.560391753912
vt 0.649393796921 0.560339212418
vt 0.572842419147 0.556310117245
vt 0.648806035519 0.564244151115
vt 0.395595163107 0.628839462996
vt 0.454815238714 0.636693120003
vt 0.496622473001 0.532271087170
vt 0.580856919289 0.495568037033
vt 0.466434508562 0.627806961536
vt 0.649388790131 0.570284843445
vt 0.672970175743 0.569296687841
vt 0.600625097752 0.518896341324
vt 0.611344754696 0.507479250431
vt 0.585564672947 0.517695605755
vt 0.667173326015 0.569596081972
vt 0.586399078369 0.583850920200
vt 0.460632562637 0.634984016418
vt 0.778266727924 0.696639090776
vt 0.660690009594 0.567061990499
vt 0.649250566959 0.554733484983
vt 0.771489143372 0.731630593538
vt 0.597009837627 0.586156994104
vt 0.635180771351 0.513316333294
vt 0.630551397800 0.518411338329
vt 0.563164949417 0.580636233091
vt 0.630354583263 0.582524061203
vt 0.618051290512 0.429089605808
vt 0.702252268791 0.568613022566
vt 0.694718122482 0.573864072561
vt 0.361401021481 0.649742752314
vt 0.643623173237 0.853570684791
vt 0.464625149965 0.643817722797
vt 0.640376329422 0.514521270990
vt 0.629381716251 0.512336194515
vt 0.553906857967 0.579426825047
vt 0.605121612549 0.503890752792
vt 0.467082142830 0.588567584753
vt 0.783763706684 0.686269193888
vt 0.641369044781 0.561429440975
vt 0.473493754864 0.613402307034
vt 0.475272685289 0.604368925095
vt 0.604704380035 0.505876243114
vt 0.646444618702 0.528662294149
vt 0.580119550228 0.426882803440
vt 0.600855231285 0.516365617514
vt 0.653679370880 0.565490603447
vt 0.643412649632 0.857817992568
vt 0.568229913712 0.504700571299
vt 0.570933341980 0.506223708391
vt 0.661991119385 0.559144407511
vt 0.659869730473 0.557571917772
vt 0.591026306152 0.520206391811
vt 0.363536775112 0.707421183586
vt 0.682325541973 0.570234596729
vt 0.593570053577 0.516449958086
vt 0.570127844810 0.590080827475
vt 0.636923968792 0.509196639061
vt 0.542625725269 0.660880237818
vt 0.471242755651 0.626280993223
vt 0.474356144667 0.619017094374
vt 0.650988757610 0.559959143400
vt 0.635307550430 0.519200950861
vt 0.639742255211 0.510644644499
vt 0.585263609886 0.585271060467
vt 0.642452061176 0.559258878231
vt 0.651196599007 0.860607445240
vt 0.397886663675 0.695949792862
vt 0.651142954826 0.552774578333
vt 0.597470581532 0.516372561455
vt 0.579522073269 0.584087461233
vt 0.570274949074 0.582692593336
vt 0.664465367794 0.561929106712
vt 0.582623362541 0.515547603369
vt 0.468985795975 0.634598672390
vt 0.666732490063 0.564670085907
vt 0.478792190552 0.610043078661
vt 0.623932957649 0.557812809944
vt 0.447857350111 0.585409879684
vt 0.633270442486 0.557806432247
vt 0.565801739693 0.599690049887
vt 0.646464586258 0.544994086027
vt 0.587595105171 0.517999708652
vt 0.607109904289 0.588137596846
vt 0.602709114552 0.588305383921
vt 0.546749114990 0.578301548958
vt 0.626489698887 0.509083807468
vt 0.575468659401 0.584497094154
vt 0.573434829712 0.594647854567
vt 0.482131540775 0.594821512699
vt 0.637694656849 0.522827029228
vt 0.430174499750 0.589042305946
vt 0.465197294950 0.658678233624
vt 0.374928444624 0.628611683846
vt 0.581522881985 0.586235255003
vt 0.453216373920 0.665525317192
vt 0.605013430119 0.420687615871
vt 0.591220021248 0.513041675091
vt 0.597960174084 0.503281235695
vt 0.649018347263 0.485915005207
vt 0.647439777851 0.495397984982
vt 0.649550199509 0.492188870907
vt 0.785048305988 0.700300455093
vt 0.641202688217 0.518385469913
vt 0.605166077614 0.590209990740
vt 0.645319938660 0.484661936760
vt 0.598063647747 0.513763010502
vt 0.620241820812 0.505439072847
vt 0.633871674538 0.435833811760
vt 0.442786127329 0.582324773073
vt 0.581834077835 0.514023005962
vt 0.579812526703 0.512701451778
vt 0.484297245741 0.597075223923
vt 0.642391204834 0.489682972431
vt 0.610865890980 0.557573735714
vt 0.605858564377 0.557782709599
vt 0.456059634686 0.652515172958
vt 0.640715658665 0.521596312523
vt 0.630481660366 0.508917301893
vt 0.653389811516 0.484270036221
vt 0.567713737488 0.613580167294
vt 0.624820709229 0.480979681015
vt 0.641517579556 0.465719997883
vt 0.591111958027 0.595748692751
vt 0.594975173473 0.593798279762
vt 0.594510972500 0.511388778687
vt 0.632607340813 0.861252486706
vt 0.567198574543 0.587492257357
vt 0.652925908566 0.491607308388
vt 0.614064991474 0.479203641415
vt 0.560952544212 0.650616317987
vt 0.514549732208 0.567128270864
vt 0.608504474163 0.500059127808
vt 0.674795925617 0.563788890839
vt 0.651416122913 0.531383305788
vt 0.558645367622 0.581177383661
vt 0.573031604290 0.585526317358
vt 0.563402056694 0.585020810366
vt 0.327336281538 0.737836718559
vt 0.490701109171 0.566756516695
vt 0.623240530491 0.488600969315
vt 0.617576777935 0.487366855145
vt 0.617152929306 0.497547209263
vt 0.568179249763 0.595730900764
vt 0.634122788906 0.555375933647
vt 0.663792550564 0.852357521653
vt 0.480605363846 0.624646484852
vt 0.436944425106 0.665020316839
vt 0.323319286108 0.711608201265
vt 0.706743597984 0.822452619672
vt 0.631561219692 0.506035298109
vt 0.634090483189 0.487673103809
vt 0.599681973457 0.501818150282
vt 0.648794174194 0.478275060654
vt 0.637920916080 0.504289716482
vt 0.584396719933 0.515693992376
vt 0.618655741215 0.480544209480
vt 0.591113984585 0.508498907089
vt 0.583854019642 0.509453415871
vt 0.585044622421 0.506778091192
vt 0.633965373039 0.506044298410
vt 0.466191053391 0.653271824121
vt 0.643654406071 0.553827524185
vt 0.643493771553 0.493326067924
vt 0.597864270210 0.497808218002
vt 0.445423215628 0.658760845661
vt 0.642405331135 0.544390588999
vt 0.468943238258 0.649290204048
vt 0.622418820858 0.552264839411
vt 0.645421802998 0.548033237457
vt 0.368010222912 0.716808110476
vt 0.485087066889 0.527351915836
vt 0.653163433075 0.539493143559
vt 0.607635140419 0.480732738972
vt 0.657314181328 0.548848688602
vt 0.505779802799 0.487726747990
vt 0.551485180855 0.580431729555
vt 0.646268844604 0.507061064243
vt 0.645705401897 0.515490055084
vt 0.654408752918 0.518036097288
vt 0.615908682346 0.590092241764
vt 0.390780568123 0.610401451588
vt 0.653151154518 0.497087657452
vt 0.486865222454 0.582138925791
vt 0.663949310780 0.556237071753
vt 0.646907210350 0.505038172007
vt 0.656640946865 0.489424467087
vt 0.626931607723 0.506301015615
vt 0.541075170040 0.577369689941
vt 0.659153282642 0.484644114971
vt 0.649996638298 0.509117811918
vt 0.639646708965 0.482994377613
vt 0.611058831215 0.479738712311
vt 0.534848511219 0.576020538807
vt 0.555480301380 0.434998989105
vt 0.514700531960 0.466995298862
vt 0.766780078411 0.742914915085
vt 0.638125240803 0.520926862955
vt 0.629991173744 0.549901008606
vt 0.632344186306 0.545832753181
vt 0.624326348305 0.548206895590
vt 0.679323852062 0.567464798689
vt 0.416078329086 0.585194647312
vt 0.490641832352 0.598839581013
vt 0.621734917164 0.420896530151
vt 0.519926786423 0.569645345211
vt 0.529405474663 0.573797315359
vt 0.569158315659 0.593321055174
vt 0.682389080524 0.856507197022
vt 0.756643652916 0.773888483644
vt 0.494851738214 0.506021112204
vt 0.591407895088 0.499128639698
vt 0.587473392487 0.504718035460
vt 0.577115178108 0.511307567358
vt 0.483729720116 0.557659715414
vt 0.608549952507 0.490722119808
vt 0.585924267769 0.494482755661
vt 0.589379668236 0.491784036160
vt 0.645463228226 0.552984088659
vt 0.492645919323 0.544330894947
vt 0.736884593964 0.795084968209
vt 0.559422552586 0.574088931084
vt 0.551573753357 0.589512884617
vt 0.466624408960 0.570874273777
vt 0.488827764988 0.585849046707
vt 0.647752881050 0.465090453625
vt 0.375931948423 0.723740339279
vt 0.545151233673 0.579270184040
vt 0.644182145596 0.468834340572
vt 0.599817395210 0.593851774931
vt 0.636287689209 0.544072836637
vt 0.556318998337 0.649179756641
vt 0.494008451700 0.619413405657
vt 0.495184332132 0.606703966856
vt 0.476642280817 0.556366473436
vt 0.482162088156 0.641345709562
vt 0.490988403559 0.628416210413
vt 0.539758563042 0.578527867794
vt 0.655283570290 0.546130776405
vt 0.578858494759 0.510907769203
vt 0.671514451504 0.556821197271
vt 0.638004183769 0.489598691463
vt 0.637720882893 0.494585394859
vt 0.643618106842 0.499309241772
vt 0.322245061398 0.727931141853
vt 0.572066843510 0.606083959341
vt 0.593724489212 0.489085853100
vt 0.595257699490 0.499200880527
vt 0.638539791107 0.485775887966
vt 0.493285596371 0.513763576746
vt 0.532255887985 0.449012100697
vt 0.743686079979 0.585846245289
vt 0.475224882364 0.648166060448
vt 0.599323570728 0.486998915672
vt 0.575429737568 0.507210910320
vt 0.457243323326 0.662054091692
vt 0.608151316643 0.482541203499
vt 0.657348155975 0.495025455952
vt 0.450593441725 0.670556396246
vt 0.601539790630 0.484814405441
vt 0.762286007404 0.754104360938
vt 0.500639259815 0.611274480820
vt 0.640996575356 0.551587700844
vt 0.601458668709 0.557463437319
vt 0.641612887383 0.478411972523
vt 0.616086184978 0.548531740904
vt 0.654982864857 0.508064836264
vt 0.636140942574 0.551469922066
vt 0.500035405159 0.599584609270
vt 0.594409048557 0.490719914436
vt 0.638223528862 0.549609661102
vt 0.549834966660 0.663004845381
vt 0.409679919481 0.700161874294
vt 0.489891946316 0.645718574524
vt 0.492113322020 0.636138170958
vt 0.603034079075 0.599708080292
vt 0.579883456230 0.498721897602
vt 0.500426888466 0.605517566204
vt 0.584825694561 0.502863496542
vt 0.635665535927 0.503544151783
vt 0.578140854836 0.607697337866
vt 0.635534048080 0.537710964680
vt 0.432217478752 0.674227178097
vt 0.494748383760 0.625782877207
vt 0.567443788052 0.606381654739
vt 0.596950829029 0.597050428391
vt 0.620617210865 0.879799813032
vt 0.690185368061 0.570755362511
vt 0.590990602970 0.492334902287
vt 0.503601431847 0.600760996342
vt 0.403322398663 0.702140480280
vt 0.646060645580 0.584849476814
vt 0.438903570175 0.668657451868
vt 0.448676317930 0.563981711864
vt 0.502528965473 0.583225041628
vt 0.544751346111 0.586208254099
vt 0.533600270748 0.588255047798
vt 0.655787646770 0.550853997469
vt 0.561784863472 0.588972210884
vt 0.509283065796 0.563249409199
vt 0.499648839235 0.619198530912
vt 0.686368763447 0.563198745251
vt 0.689763367176 0.565227031708
vt 0.620843112469 0.540813446045
vt 0.577193200588 0.502524226904
vt 0.645150542259 0.538863271475
vt 0.590693473816 0.494528830051
vt 0.467868953943 0.681119143963
vt 0.533101022243 0.576893776655
vt 0.586428463459 0.602834194899
vt 0.596252381802 0.554101258516
vt 0.428146630526 0.683577477932
vt 0.655878901482 0.523901581764
vt 0.574717342854 0.505558788776
vt 0.577174782753 0.509046316147
vt 0.311956197023 0.709583461285
vt 0.564631104469 0.592123180628
vt 0.564716935158 0.588833868504
vt 0.680626332760 0.557596206665
vt 0.677682936192 0.560375034809
vt 0.505831301212 0.612021118402
vt 0.526063263416 0.587041825056
vt 0.590220332146 0.496598482132
vt 0.595397591591 0.556312859058
vt 0.654828011990 0.531831175089
vt 0.649216830730 0.542709231377
vt 0.319172710180 0.730896145105
vt 0.312920004129 0.732033878565
vt 0.324629276991 0.747130572796
vt 0.517534315586 0.571307241917
vt 0.659525275230 0.473547160625
vt 0.638653635979 0.864511966705
vt 0.589330732822 0.557605594397
vt 0.692135214806 0.569730371237
vt 0.605837166309 0.545759439468
vt 0.493642747402 0.573292642832
vt 0.511062622070 0.566003173590
vt 0.527422845364 0.574738800526
vt 0.664110124111 0.552568614483
vt 0.613404214382 0.543882012367
vt 0.665906965733 0.488073170185
vt 0.643819868565 0.473468363285
vt 0.523137927055 0.572587519884
vt 0.670722484589 0.550108253956
vt 0.675626039505 0.549988657236
vt 0.660130262375 0.528967440128
vt 0.342287987471 0.749176532030
vt 0.595183491707 0.599674105644
vt 0.468128323555 0.660544484854
vt 0.503978908062 0.558529824018
vt 0.660062074661 0.548894613981
vt 0.662304878235 0.494359195232
vt 0.309370875359 0.712155252695
vt 0.621779799461 0.591682344675
vt 0.591872990131 0.601596593857
vt 0.312435418367 0.740865170956
vt 0.649149835110 0.472561180592
vt 0.471113175154 0.656486123800
vt 0.435869932175 0.678312152624
vt 0.445917934179 0.669273376465
vt 0.307023793459 0.725972145796
vt 0.583588957787 0.495948553085
vt 0.580501437187 0.500579684973
vt 0.536285221577 0.597749739885
vt 0.554569244385 0.592673927546
vt 0.299335688353 0.742468208075
vt 0.311654329300 0.749981164932
vt 0.469960749149 0.560252964497
vt 0.640804588795 0.502508580685
vt 0.622298002243 0.534593909979
vt 0.414447426796 0.697825103998
vt 0.331390231848 0.751437261701
vt 0.334566056728 0.747796088457
vt 0.643875956535 0.503564983606
vt 0.551375985146 0.646958291531
vt 0.511607050896 0.596830695868
vt 0.487800002098 0.539816617966
vt 0.690684318542 0.559837102890
vt 0.417453676462 0.570432692766
vt 0.436230957508 0.569568574429
vt 0.297037661076 0.730728685856
vt 0.664001464844 0.479218304157
vt 0.669287383556 0.545164078474
vt 0.324835211039 0.756330400705
vt 0.556717932224 0.593058615923
vt 0.662642657757 0.545459508896
vt 0.512205123901 0.602518379688
vt 0.511894702911 0.587371051311
vt 0.514586329460 0.578215658665
vt 0.526792764664 0.456670880318
vt 0.518903017044 0.455494999886
vt 0.527341246605 0.460944592953
vt 0.511531531811 0.615101486444
vt 0.555476427078 0.602085411549
vt 0.548679172993 0.595695286989
vt 0.627482354641 0.870164394379
vt 0.657753705978 0.542837440968
vt 0.520366489887 0.577740103006
vt 0.520883023739 0.602531075478
vt 0.652174830437 0.469552397728
vt 0.497479259968 0.552454054356
vt 0.424578815699 0.692661583424
vt 0.652153015137 0.436920046806
vt 0.683397412300 0.553274899721
vt 0.544190049171 0.639598608017
vt 0.599136590958 0.543948203325
vt 0.505986988544 0.562193751335
vt 0.515375375748 0.595188200474
vt 0.517207980156 0.581454902887
vt 0.576001644135 0.505901068449
vt 0.499069839716 0.637469261885
vt 0.609265387058 0.534803301096
vt 0.692965447903 0.565684795380
vt 0.692427217960 0.563282459974
vt 0.508378088474 0.622804939747
vt 0.472199976444 0.660923749208
vt 0.695063233376 0.568588316441
vt 0.660368263721 0.512593358755
vt 0.650073349476 0.539852738380
vt 0.525984823704 0.603344291449
vt 0.432544827461 0.684250146151
vt 0.541479468346 0.600069314241
vt 0.482289642096 0.660465896130
vt 0.480090409517 0.531021714211
vt 0.511248052120 0.473784744740
vt 0.521494865417 0.476874589920
vt 0.590535223484 0.555224478245
vt 0.558514356613 0.587034851313
vt 0.471794664860 0.550113677979
vt 0.655969858170 0.453212738037
vt 0.500729501247 0.557410717010
vt 0.663072109222 0.507947683334
vt 0.523927867413 0.483489394188
vt 0.511736690998 0.479283034801
vt 0.498326867819 0.486677467823
vt 0.666199624538 0.541566550732
vt 0.648111164570 0.578005284071
vt 0.338417083025 0.753011032939
vt 0.662434577942 0.500317394733
vt 0.566391289234 0.419835925102
vt 0.470314383507 0.670014739037
vt 0.652496576309 0.875451773405
vt 0.546388804913 0.598781287670
vt 0.587989211082 0.606626838446
vt 0.492031633854 0.548355460167
vt 0.663934826851 0.472576737404
vt 0.592480421066 0.604084968567
vt 0.602624177933 0.540249615908
vt 0.650911569595 0.537822633982
vt 0.291019707918 0.714135497808
vt 0.455107659101 0.676940977573
vt 0.481503486633 0.537854909897
vt 0.669595599174 0.530961662531
vt 0.548607945442 0.646928966045
vt 0.544786274433 0.649052619934
vt 0.521326899529 0.612589091063
vt 0.667956531048 0.528355836868
vt 0.577433764935 0.613009780645
vt 0.458085566759 0.667725563049
vt 0.675399780273 0.542926847935
vt 0.352444708347 0.753644034266
vt 0.628637254238 0.592256337404
vt 0.484096884727 0.504727900028
vt 0.656746447086 0.532337397337
vt 0.487280547619 0.654717087746
vt 0.558767080307 0.590477108955
vt 0.313790857792 0.666106551886
vt 0.475535184145 0.666853010654
vt 0.664475500584 0.495590746403
vt 0.513574719429 0.619882464409
vt 0.472611695528 0.664720535278
vt 0.525364518166 0.608911842108
vt 0.535631120205 0.603316307068
vt 0.548200190067 0.548637717962
vt 0.552679002285 0.568309694529
vt 0.636628508568 0.869265466928
vt 0.659339010715 0.466655492783
vt 0.652967870235 0.465193033218
vt 0.304470598698 0.700900375843
vt 0.501685678959 0.639393061399
vt 0.508066058159 0.630758523941
vt 0.669599056244 0.477248609066
vt 0.661533951759 0.555222809315
vt 0.661515414715 0.518431246281
vt 0.647724092007 0.535424649715
vt 0.681803226471 0.546669125557
vt 0.549519538879 0.585026830435
vt 0.503859639168 0.457088589668
vt 0.525778353214 0.452177524567
vt 0.620684087276 0.596670925617
vt 0.376151591539 0.600290566683
vt 0.708143174648 0.842591762543
vt 0.551812171936 0.619195669889
vt 0.659389555454 0.565138101578
vt 0.429912984371 0.689000606537
vt 0.568058848381 0.611009567976
vt 0.466420859098 0.545195639133
vt 0.454181700945 0.542499542236
vt 0.519577383995 0.615593701601
vt 0.291172593832 0.763894677162
vt 0.287674903870 0.728329598904
vt 0.708225011826 0.568427801132
vt 0.477171719074 0.523800015450
vt 0.419696390629 0.704431176186
vt 0.524407088757 0.444531023502
vt 0.589386522770 0.608122617006
vt 0.492760181427 0.652483463287
vt 0.626424610615 0.527678459883
vt 0.665128231049 0.504409968853
vt 0.411423683167 0.706361979246
vt 0.643414199352 0.527236044407
vt 0.458274334669 0.672639071941
vt 0.672604382038 0.538302004337
vt 0.359665513039 0.624524056911
vt 0.308900684118 0.692342966795
vt 0.404385447502 0.712855190039
vt 0.603200972080 0.410374045372
vt 0.484576821327 0.662719726562
vt 0.648104012012 0.528757393360
vt 0.603884041309 0.533410072327
vt 0.639113485813 0.528963059187
vt 0.380949288607 0.733921647072
vt 0.475644946098 0.514808177948
vt 0.473799616098 0.519075989723
vt 0.448885560036 0.680299371481
vt 0.614270627499 0.603807002306
vt 0.345331400633 0.756396323442
vt 0.666761338711 0.532633334398
vt 0.635752737522 0.591591417789
vt 0.585315167904 0.611464381218
vt 0.422648102045 0.697946757078
vt 0.633159041405 0.874033674598
vt 0.545006453991 0.610539227724
vt 0.558223962784 0.614406764507
vt 0.563412129879 0.613982498646
vt 0.645414710045 0.588503956795
vt 0.511172890663 0.454427897930
vt 0.697618424892 0.559723049402
vt 0.663983821869 0.548960715532
vt 0.583243846893 0.551246881485
vt 0.565583944321 0.616658866405
vt 0.452324956656 0.685109585524
vt 0.606756448746 0.523789525032
vt 0.643830120564 0.418352603912
vt 0.299466103315 0.700696468353
vt 0.701265215874 0.561246663332
vt 0.543601393700 0.619808673859
vt 0.573679387569 0.620319724083
vt 0.547814786434 0.602609157562
vt 0.489439278841 0.658446490765
vt 0.506361484528 0.449114680290
vt 0.427789241076 0.693820595741
vt 0.473994225264 0.669008910656
vt 0.631551563740 0.601352423429
vt 0.279546439648 0.745527565479
vt 0.662602007389 0.571372389793
vt 0.509558379650 0.647580027580
vt 0.657187938690 0.460083484650
vt 0.553600370884 0.588958472013
vt 0.527167975903 0.613123744726
vt 0.442734330893 0.684696346521
vt 0.431079834700 0.695620715618
vt 0.667312324047 0.499532461166
vt 0.520119607449 0.443418264389
vt 0.713491618633 0.565466463566
vt 0.667213976383 0.497619748116
vt 0.595484077930 0.537402689457
vt 0.647035896778 0.425702571869
vt 0.689681112766 0.549403369427
vt 0.339165478945 0.761998221278
vt 0.399744182825 0.721900999546
vt 0.456542074680 0.683752864599
vt 0.282965034246 0.708008706570
vt 0.543970227242 0.612346261740
vt 0.561548829079 0.616496086121
vt 0.586171209812 0.613386303186
vt 0.666259825230 0.467757284641
vt 0.684657037258 0.547394782305
vt 0.669899404049 0.537268757820
vt 0.581416010857 0.617731958628
vt 0.459281742573 0.678462773561
vt 0.587736427784 0.542549014091
vt 0.475516915321 0.498584270477
vt 0.474435597658 0.504209399223
vt 0.416956216097 0.710247516632
vt 0.385126620531 0.734677195549
vt 0.653901398182 0.578630656004
vt 0.472648173571 0.686074078083
vt 0.473865211010 0.681733191013
vt 0.665277242661 0.514321565628
vt 0.665935993195 0.524896979332
vt 0.507336497307 0.459687948227
vt 0.541405439377 0.629392385483
vt 0.621947169304 0.528770446777
vt 0.664213895798 0.562163740396
vt 0.276675283909 0.767783284187
vt 0.289992511272 0.774417474866
vt 0.580065250397 0.881772123277
vt 0.425573825836 0.698506474495
vt 0.463617444038 0.519268423319
vt 0.493070036173 0.469576179981
vt 0.670590102673 0.494281589985
vt 0.475833624601 0.672961473465
vt 0.487831205130 0.663510084152
vt 0.639530479908 0.593563824892
vt 0.610625147820 0.608281672001
vt 0.584907770157 0.533400297165
vt 0.664255559444 0.454612731934
vt 0.546677052975 0.629807054996
vt 0.552440702915 0.623277753592
vt 0.693001449108 0.550177156925
vt 0.480060249567 0.474296033382
vt 0.511340439320 0.521279931068
vt 0.604543209076 0.613327234983
vt 0.631256818771 0.525151133537
vt 0.587707698345 0.619562834501
vt 0.592107355595 0.619558453560
vt 0.671544313431 0.505695819855
vt 0.348417192698 0.752507716417
vt 0.615571022034 0.606929600239
vt 0.629723191261 0.409543514252
vt 0.449385643005 0.542842537165
vt 0.358367115259 0.755476325750
vt 0.267159461975 0.755723103881
vt 0.477307885885 0.490919768810
vt 0.544194996357 0.595432221889
vt 0.458414644003 0.681503862143
vt 0.658477187157 0.575289785862
vt 0.656334638596 0.584933549166
vt 0.673143982887 0.488946616650
vt 0.492156475782 0.664570868015
vt 0.301231294870 0.779966533184
vt 0.635173022747 0.891874514520
vt 0.481933236122 0.671718239784
vt 0.558539688587 0.621074169874
vt 0.675010502338 0.477154612541
vt 0.673087298870 0.470751702785
vt 0.570530414581 0.628110796213
vt 0.474300175905 0.492217659950
vt 0.705260872841 0.561526089907
vt 0.704506158829 0.557786226273
vt 0.306608259678 0.686707675457
vt 0.408939242363 0.713318675756
vt 0.542975664139 0.571196585894
vt 0.676990509033 0.537744939327
vt 0.636182725430 0.523251920938
vt 0.630628526211 0.880578979850
vt 0.531198382378 0.634850561619
vt 0.504283010960 0.657326221466
vt 0.478600651026 0.486040234566
vt 0.667459666729 0.552169591188
vt 0.610626935959 0.518070876598
vt 0.543752312660 0.626491457224
vt 0.697603940964 0.555536568165
vt 0.300799995661 0.682896107435
vt 0.424033313990 0.705379337072
vt 0.581470727921 0.546860277653
vt 0.504686951637 0.451710224152
vt 0.281844764948 0.779672414064
vt 0.296841204166 0.784800559282
vt 0.705842137337 0.558215647936
vt 0.696240484715 0.546858042479
vt 0.555384874344 0.625065237284
vt 0.486053228378 0.668877333403
vt 0.711001217365 0.561579883099
vt 0.674289762974 0.518929690123
vt 0.658952713013 0.451345801353
vt 0.268152177334 0.733722388744
vt 0.436439663172 0.695397228003
vt 0.481384366751 0.479065239429
vt 0.670601665974 0.559144079685
vt 0.308164745569 0.781680718064
vt 0.663009822369 0.565813779831
vt 0.393811106682 0.731276482344
vt 0.275490045547 0.790200784802
vt 0.287981808186 0.792863219976
vt 0.592175662518 0.528347522020
vt 0.603190779686 0.520464062691
vt 0.644011855125 0.591928482056
vt 0.530743658543 0.649438947439
vt 0.648948371410 0.522056609392
vt 0.672998726368 0.500918060541
vt 0.675914704800 0.451712489128
vt 0.266390025616 0.773884639144
vt 0.563471436501 0.625523090363
vt 0.543323695660 0.645110338926
vt 0.669299662113 0.547422856092
vt 0.477620184422 0.678627490997
vt 0.578358113766 0.530078709126
vt 0.691323161125 0.543776273727
vt 0.459783673286 0.685502946377
vt 0.596209704876 0.528673499823
vt 0.262648075819 0.783756569028
vt 0.600268423557 0.527603656054
vt 0.412937104702 0.717840939760
vt 0.620793282986 0.614851623774
vt 0.618447601795 0.888638541102
vt 0.672893226147 0.556653857231
vt 0.634513318539 0.602502048016
vt 0.463094115257 0.697464615107
vt 0.449462652206 0.688791722059
vt 0.275824546814 0.725211918354
vt 0.576899886131 0.624319612980
vt 0.676389336586 0.491745173931
vt 0.449602931738 0.693887144327
vt 0.583975076675 0.527916997671
vt 0.594563424587 0.393772840500
vt 0.550917148590 0.631303668022
vt 0.551977992058 0.629122108221
vt 0.548410117626 0.588192820549
vt 0.483606964350 0.471111774445
vt 0.539684772491 0.639210462570
vt 0.545105874538 0.633334964514
vt 0.546289443970 0.590810030699
vt 0.673260390759 0.550224184990
vt 0.674289286137 0.525980442762
vt 0.313723683357 0.782199576497
vt 0.466454118490 0.502615243196
vt 0.490577876568 0.470014393330
vt 0.481135547161 0.476067364216
vt 0.533595085144 0.645612835884
vt 0.576350092888 0.533362776041
vt 0.657311141491 0.579848080873
vt 0.256380140781 0.769933223724
vt 0.658020138741 0.522476732731
vt 0.647362768650 0.524261772633
vt 0.677700698376 0.484678745270
vt 0.621087372303 0.405499339104
vt 0.308746457100 0.787841394544
vt 0.672818005085 0.530951857567
vt 0.673860251904 0.540234506130
vt 0.676181793213 0.543328285217
vt 0.664471387863 0.441812276840
vt 0.757456600666 0.595220297575
vt 0.576220214367 0.535115659237
vt 0.430589735508 0.702396601439
vt 0.304989725351 0.798400402069
vt 0.410987347364 0.722949892282
vt 0.626130878925 0.516503691673
vt 0.473543465137 0.697362393141
vt 0.309944957495 0.671128094196
vt 0.608696818352 0.614048331976
vt 0.675979554653 0.529465734959
vt 0.706241726875 0.551079124212
vt 0.570851266384 0.534566879272
vt 0.525881230831 0.431653380394
vt 0.500128865242 0.440334260464
vt 0.673651278019 0.521493434906
vt 0.532155990601 0.429649770260
vt 0.498773932457 0.670202165842
vt 0.512100398540 0.669802218676
vt 0.679651677608 0.507503658533
vt 0.486186593771 0.466796398163
vt 0.500721991062 0.471485197544
vt 0.684165835381 0.536717712879
vt 0.442170500755 0.700584620237
vt 0.477775394917 0.689533531666
vt 0.457371830940 0.692309111357
vt 0.275041848421 0.710666179657
vt 0.583036363125 0.537218958139
vt 0.536151647568 0.641782402992
vt 0.636695504189 0.517987430096
vt 0.677950084209 0.514467895031
vt 0.725942969322 0.561614245176
vt 0.497301280499 0.475911498070
vt 0.552826523781 0.417513430119
vt 0.576179087162 0.542684197426
vt 0.534813761711 0.634925246239
vt 0.515555322170 0.410919785500
vt 0.509233891964 0.425002813339
vt 0.359379172325 0.761009126902
vt 0.480481356382 0.681525588036
vt 0.581006944180 0.542309015989
vt 0.486389487982 0.675759643316
vt 0.596989333630 0.521077543497
vt 0.503027915955 0.452738344669
vt 0.543809950352 0.587143629789
vt 0.456711828709 0.701961666346
vt 0.677152812481 0.539428323507
vt 0.484736114740 0.680183321238
vt 0.679180324078 0.498400628567
vt 0.570658147335 0.537676900625
vt 0.425531446934 0.710111856461
vt 0.563724458218 0.637696027756
vt 0.589328408241 0.524110615253
vt 0.677261948586 0.501704722643
vt 0.543751418591 0.638049513102
vt 0.547679483891 0.635911077261
vt 0.657002866268 0.588878095150
vt 0.314389407635 0.788841262460
vt 0.457126766443 0.526074737310
vt 0.469864428043 0.489339470863
vt 0.472510606050 0.478811681271
vt 0.677660822868 0.546177208424
vt 0.666531324387 0.565877586603
vt 0.637952268124 0.604181796312
vt 0.651066839695 0.593637734652
vt 0.317622274160 0.652477353811
vt 0.654288768768 0.432154119015
vt 0.521311104298 0.398707032204
vt 0.495572954416 0.402431309223
vt 0.490601688623 0.458616018295
vt 0.487649649382 0.461827456951
vt 0.563353836536 0.409009695053
vt 0.682287991047 0.542000263929
vt 0.682761788368 0.539794772863
vt 0.713833868504 0.556536555290
vt 0.600361287594 0.621704608202
vt 0.290689557791 0.804073736072
vt 0.682021021843 0.545107334852
vt 0.316345989704 0.783953636885
vt 0.473861843348 0.464876174927
vt 0.476783782244 0.692037999630
vt 0.669112384319 0.418832063675
vt 0.674021422863 0.416648745537
vt 0.667257547379 0.413340210915
vt 0.681304752827 0.459201574326
vt 0.673266232014 0.423960387707
vt 0.678062558174 0.536293745041
vt 0.749301612377 0.587672114372
vt 0.459716290236 0.691895395517
vt 0.629428625107 0.885324321687
vt 0.537888884544 0.643496215343
vt 0.679415047169 0.483461558819
vt 0.417203485966 0.717575192451
vt 0.480948597193 0.685390412807
vt 0.492392867804 0.453580856323
vt 0.560738027096 0.545088827610
vt 0.554443895817 0.546109586954
vt 0.606348097324 0.509111613035
vt 0.282040089369 0.693538010120
vt 0.688082218170 0.537412852049
vt 0.591434419155 0.520946562290
vt 0.739650011063 0.576743930578
vt 0.611059963703 0.620876967907
vt 0.660836398602 0.412055015564
vt 0.656066596508 0.413012981415
vt 0.660407900810 0.586068600416
vt 0.460845828056 0.514435082674
vt 0.501029253006 0.442256331444
vt 0.569801986217 0.544985592365
vt 0.667725682259 0.563613206148
vt 0.712428212166 0.553576827049
vt 0.699092686176 0.543835192919
vt 0.676352798939 0.534328103065
vt 0.539349913597 0.644115984440
vt 0.317693501711 0.793160632253
vt 0.575344324112 0.631512314081
vt 0.598404645920 0.619365572929
vt 0.609981298447 0.509104818106
vt 0.403765767813 0.559698641300
vt 0.521051108837 0.669763296843
vt 0.682336211205 0.533947229385
vt 0.581145226955 0.627302825451
vt 0.581236600876 0.540175229311
vt 0.536154687405 0.647621065378
vt 0.684049248695 0.475553691387
vt 0.683916211128 0.466103971004
vt 0.434077322483 0.706365823746
vt 0.370861351490 0.756417214870
vt 0.641526758671 0.603498667479
vt 0.541433990002 0.583658903837
vt 0.596531271935 0.517229557037
vt 0.613184928894 0.401643335819
vt 0.661264181137 0.521362334490
vt 0.364938497543 0.756696715951
vt 0.685332715511 0.540431171656
vt 0.262425869703 0.802411004901
vt 0.660695791245 0.580686628819
vt 0.662137866020 0.577906548977
vt 0.323722332716 0.789317294955
vt 0.765694439411 0.405524373055
vt 0.753488957882 0.406771540642
vt 0.763469159603 0.408400475979
vt 0.754562079906 0.401300609112
vt 0.682105362415 0.534032136202
vt 0.683896481991 0.422565937042
vt 0.678300678730 0.410017848015
vt 0.670321226120 0.409642279148
vt 0.525666654110 0.661008656025
vt 0.669244229794 0.565887659788
vt 0.445264101028 0.703015595675
vt 0.533161699772 0.652043700218
vt 0.669805228710 0.567744702101
vt 0.495233118534 0.448974788189
vt 0.662941694260 0.423829793930
vt 0.448942571878 0.698152691126
vt 0.420880854130 0.718736767769
vt 0.683171689510 0.535962373018
vt 0.670686185360 0.525435715914
vt 0.433901488781 0.542741656303
vt 0.378828316927 0.747181415558
vt 0.382126986980 0.748518794775
vt 0.681715607643 0.425927698612
vt 0.320639103651 0.783454254270
vt 0.592594385147 0.623292773962
vt 0.765491724014 0.597709953785
vt 0.682399630547 0.486527919769
vt 0.679835200310 0.551030009985
vt 0.644272267818 0.514974772930
vt 0.531492948532 0.656828165054
vt 0.537609398365 0.659212380648
vt 0.564291715622 0.536382257938
vt 0.672136485577 0.572853565216
vt 0.755306780338 0.588845402002
vt 0.339241951704 0.772608891129
vt 0.682697117329 0.480992317200
vt 0.281398981810 0.699808448553
vt 0.581756055355 0.519585251808
vt 0.760446906090 0.410395920277
vt 0.634263873100 0.409820973873
vt 0.474834322929 0.456032991409
vt 0.685937404633 0.539063483477
vt 0.459126144648 0.697782278061
vt 0.580153942108 0.393582761288
vt 0.677608430386 0.527433514595
vt 0.329290330410 0.792657077312
vt 0.743113517761 0.567088127136
vt 0.624849855900 0.616806447506
vt 0.497006207705 0.444787085056
vt 0.446467787027 0.529485821724
vt 0.259864121675 0.826855897903
vt 0.269200831652 0.826970279217
vt 0.275330960751 0.820021390915
vt 0.674534976482 0.428779900074
vt 0.467630386353 0.490364432335
vt 0.571289896965 0.635498166084
vt 0.460726708174 0.695855081081
vt 0.663493812084 0.435122668743
vt 0.472913742065 0.260089278221
vt 0.473131120205 0.245784223080
vt 0.458240151405 0.258360207081
vt 0.361423075199 0.767474666238
vt 0.267789423466 0.836773797870
vt 0.283860772848 0.829849034548
vt 0.283158719540 0.820733636618
vt 0.249133497477 0.828531324863
vt 0.248790860176 0.831906378269
vt 0.672260403633 0.564711242914
vt 0.259317815304 0.833938270807
vt 0.335445433855 0.625012755394
vt 0.558831810951 0.530755937099
vt 0.553672790527 0.531386733055
vt 0.338439613581 0.776261344552
vt 0.254274129868 0.843014255166
vt 0.243589341640 0.791010692716
vt 0.649215936661 0.417557954788
vt 0.449818968773 0.704387336969
vt 0.566639423370 0.542298853397
vt 0.462741076946 0.231721818447
vt 0.464335471392 0.222048819065
vt 0.451427817345 0.228972673416
vt 0.680281937122 0.532691538334
vt 0.741157948971 0.406273782253
vt 0.732335627079 0.408735275269
vt 0.737296044827 0.410928368568
vt 0.737211406231 0.400079190731
vt 0.616661250591 0.502349436283
vt 0.708566248417 0.543856948614
vt 0.629736304283 0.510854184628
vt 0.592579424381 0.509115546942
vt 0.744538605213 0.413638532162
vt 0.756915092468 0.412746429443
vt 0.686296641827 0.444335162640
vt 0.690613567829 0.439206719398
vt 0.681466162205 0.433980166912
vt 0.682132542133 0.446471631527
vt 0.677218556404 0.446079969406
vt 0.684325993061 0.453439712524
vt 0.240650668740 0.833573713899
vt 0.745187282562 0.404843747616
vt 0.549002289772 0.414232194424
vt 0.683299958706 0.499318122864
vt 0.253785252571 0.837649762630
vt 0.614500522614 0.621779441833
vt 0.663822352886 0.581856966019
vt 0.369156271219 0.761223092675
vt 0.239971086383 0.811380460858
vt 0.258917808533 0.810051143169
vt 0.739041984081 0.566489577293
vt 0.672347843647 0.566103428602
vt 0.275977611542 0.814435422421
vt 0.746491074562 0.410308837891
vt 0.592633605003 0.630289256573
vt 0.404828131199 0.737689763308
vt 0.688835024834 0.541932433844
vt 0.484251022339 0.688952744007
vt 0.745532572269 0.561083048582
vt 0.249327510595 0.840113818645
vt 0.770250856876 0.399703741074
vt 0.228095903993 0.835896849632
vt 0.227451086044 0.839812606573
vt 0.765163838863 0.414347767830
vt 0.636299967766 0.506898641586
vt 0.663017630577 0.404244601727
vt 0.685467541218 0.433388710022
vt 0.632118940353 0.616614103317
vt 0.418777972460 0.722952514887
vt 0.670032024384 0.401769578457
vt 0.235458701849 0.832363292575
vt 0.686408102512 0.529211819172
vt 0.495362520218 0.687131762505
vt 0.685017883778 0.492771148682
vt 0.695028603077 0.535532832146
vt 0.683186590672 0.522151976824
vt 0.570617914200 0.517933964729
vt 0.403431653976 0.749295830727
vt 0.493916779757 0.451093316078
vt 0.324089586735 0.783878296614
vt 0.361202359200 0.595215529203
vt 0.628601014614 0.889701873064
vt 0.743495285511 0.400067210197
vt 0.673679471016 0.561008006334
vt 0.561669051647 0.540291279554
vt 0.530573129654 0.565670073032
vt 0.259042590857 0.820933848619
vt 0.689656972885 0.432182431221
vt 0.671453475952 0.576202422380
vt 0.630516111851 0.405513525009
vt 0.587923347950 0.515096366405
vt 0.689495623112 0.427987277508
vt 0.474639475346 0.706137299538
vt 0.456482589245 0.212502181530
vt 0.448867112398 0.219812929630
vt 0.545568108559 0.660928308964
vt 0.749183595181 0.572274953127
vt 0.724124073982 0.366024971008
vt 0.725706219673 0.370390594006
vt 0.729658484459 0.366176843643
vt 0.451297342777 0.515410572290
vt 0.240431472659 0.858560457826
vt 0.714842140675 0.549206495285
vt 0.336800247431 0.791908308864
vt 0.597866892815 0.501600772142
vt 0.658257305622 0.402401447296
vt 0.504164218903 0.437932372093
vt 0.571149885654 0.648923963308
vt 0.654303193092 0.406847953796
vt 0.392922699451 0.740164905787
vt 0.669746339321 0.431627929211
vt 0.485791742802 0.698541551828
vt 0.519127845764 0.387492537498
vt 0.505066752434 0.384815931320
vt 0.750135660172 0.395696222782
vt 0.621160089970 0.402031838894
vt 0.660281836987 0.428472876549
vt 0.264802306890 0.819087460637
vt 0.255713850260 0.822172522545
vt 0.505281448364 0.315649628639
vt 0.502957463264 0.312995016575
vt 0.499246597290 0.321915447712
vt 0.771360814571 0.410038232803
vt 0.704741418362 0.440539181232
vt 0.682159304619 0.527015775442
vt 0.289748132229 0.817966207862
vt 0.589742600918 0.511688679457
vt 0.717561721802 0.366631686687
vt 0.686743676662 0.489208579063
vt 0.244251579046 0.843033820391
vt 0.676394820213 0.434498488903
vt 0.631231665611 0.507879167795
vt 0.490166097879 0.437412500381
vt 0.687631607056 0.553616911173
vt 0.329317599535 0.782688200474
vt 0.462239325047 0.705041438341
vt 0.617953121662 0.622199475765
vt 0.727321386337 0.361710250378
vt 0.723969042301 0.360549807549
vt 0.594189584255 0.513225913048
vt 0.694796144962 0.448758542538
vt 0.728255689144 0.404871404171
vt 0.409026801586 0.733790874481
vt 0.336927711964 0.789689853787
vt 0.476849049330 0.697486609221
vt 0.659778833389 0.514425545931
vt 0.730874240398 0.417478919029
vt 0.349543511868 0.614153265953
vt 0.701651215553 0.436615109444
vt 0.244801253080 0.857935592532
vt 0.262855559587 0.844421938062
vt 0.731316983700 0.396220684052
vt 0.437444657087 0.708049327135
vt 0.462974071503 0.700467139482
vt 0.658944368362 0.420297563076
vt 0.605705022812 0.626093178988
vt 0.651247978210 0.510007858276
vt 0.737002909184 0.570089250803
vt 0.733118414879 0.568458944559
vt 0.520828366280 0.427069425583
vt 0.759393274784 0.578654348850
vt 0.754204034805 0.572601586580
vt 0.689531445503 0.423367261887
vt 0.652094006538 0.599986851215
vt 0.238751426339 0.826742529869
vt 0.513879299164 0.431611120701
vt 0.656539857388 0.593525081873
vt 0.747640728951 0.412350475788
vt 0.509849786758 0.433587491512
vt 0.687838077545 0.472005248070
vt 0.368985444307 0.583175867796
vt 0.272430181503 0.817253857851
vt 0.327473312616 0.784851208329
vt 0.251231521368 0.823085501790
vt 0.245511844754 0.824455052614
vt 0.555893540382 0.914386563003
vt 0.545328795910 0.911789163947
vt 0.666604757309 0.581002146006
vt 0.751918256283 0.417146027088
vt 0.626101970673 0.497628629208
vt 0.689983069897 0.534539192915
vt 0.304505884647 0.818457275629
vt 0.279559195042 0.816291138530
vt 0.312581002712 0.801873013377
vt 0.725790262222 0.412828087807
vt 0.685017943382 0.516676574945
vt 0.750828266144 0.421366930008
vt 0.736870229244 0.562369138002
vt 0.503646135330 0.435582518578
vt 0.226796403527 0.866008490324
vt 0.733223199844 0.368265211582
vt 0.456999808550 0.247014939785
vt 0.543023586273 0.415929794312
vt 0.367553889751 0.763429135084
vt 0.530287146568 0.423045098782
vt 0.690052092075 0.457535028458
vt 0.648774027824 0.409980475903
vt 0.685326278210 0.416101157665
vt 0.677002489567 0.399874925613
vt 0.674749970436 0.567916333675
vt 0.238536179066 0.847899153829
vt 0.535115838051 0.419747829437
vt 0.730471849442 0.560112804174
vt 0.219304189086 0.928387962282
vt 0.225435465574 0.934651330113
vt 0.228989422321 0.926945753396
vt 0.226471439004 0.919929891825
vt 0.417483925819 0.729547768831
vt 0.611944496632 0.624865621328
vt 0.717903614044 0.363382637501
vt 0.468952476978 0.475288569927
vt 0.685759663582 0.512519299984
vt 0.218802019954 0.921520344913
vt 0.578848958015 0.647141307592
vt 0.226675242186 0.828378543258
vt 0.282510519028 0.812708631158
vt 0.203804373741 0.945853251964
vt 0.657432317734 0.424337685108
vt 0.576052725315 0.516488403082
vt 0.486544400454 0.697202503681
vt 0.694498538971 0.431670308113
vt 0.687714934349 0.510700702667
vt 0.700041592121 0.427823305130
vt 0.756401717663 0.396288931370
vt 0.761891663074 0.397222757339
vt 0.772893190384 0.403995335102
vt 0.370300740004 0.759223014116
vt 0.600253283978 0.394172191620
vt 0.690802037716 0.536674708128
vt 0.233339428902 0.846385374665
vt 0.564151406288 0.526988148689
vt 0.231844782829 0.827812179923
vt 0.614895939827 0.399388253689
vt 0.385771214962 0.758728817105
vt 0.285760402679 0.814422920346
vt 0.494076579809 0.326764404774
vt 0.531786561012 0.617878854275
vt 0.656290292740 0.420331358910
vt 0.519283175468 0.676711887121
vt 0.497739702463 0.309967100620
vt 0.495328277349 0.317356169224
vt 0.639629423618 0.409880161285
vt 0.477635771036 0.280037224293
vt 0.469713628292 0.279823005199
vt 0.235114097595 0.899918988347
vt 0.235488951206 0.905511036515
vt 0.248274967074 0.888354070485
vt 0.639202952385 0.609595596790
vt 0.775449335575 0.418062925339
vt 0.626538991928 0.399888336658
vt 0.684137284756 0.528842508793
vt 0.226472273469 0.847699224949
vt 0.667594850063 0.517527729273
vt 0.582033157349 0.510855138302
vt 0.302171438932 0.815200537443
vt 0.374941140413 0.758766636252
vt 0.203239545226 0.954349365085
vt 0.692467391491 0.534551769495
vt 0.675623118877 0.566235572100
vt 0.297347247601 0.806875690818
vt 0.723010420799 0.372779846191
vt 0.667621076107 0.582652568817
vt 0.687355041504 0.496211051941
vt 0.498022526503 0.431213140488
vt 0.507354259491 0.379766762257
vt 0.228524312377 0.856463134289
vt 0.581025302410 0.641497880220
vt 0.505377471447 0.524459302425
vt 0.510353803635 0.524361699820
vt 0.501472353935 0.525502592325
vt 0.522604942322 0.598995208740
vt 0.752649843693 0.558512121439
vt 0.557369768620 0.537111699581
vt 0.248406484723 0.881208993495
vt 0.227345645428 0.904049128294
vt 0.221646949649 0.873496755958
vt 0.448034971952 0.708629250526
vt 0.234544381499 0.928163781762
vt 0.229271203279 0.937097631395
vt 0.609326899052 0.496163189411
vt 0.768970131874 0.385847151279
vt 0.760087311268 0.388043224812
vt 0.769212424755 0.389926195145
vt 0.320288389921 0.800371065736
vt 0.332226008177 0.801127567887
vt 0.444477796555 0.522088915110
vt 0.537346959114 0.586591303349
vt 0.685478627682 0.408733487129
vt 0.282473325729 0.685350596905
vt 0.273195862770 0.842511683702
vt 0.278293251991 0.839185163379
vt 0.714227855206 0.371835172176
vt 0.758079767227 0.420810937881
vt 0.222411364317 0.849939569831
vt 0.747902452946 0.561664670706
vt 0.555007278919 0.655776977539
vt 0.643004417419 0.410234689713
vt 0.315190196037 0.813096925616
vt 0.268370985985 0.845873624086
vt 0.770017266273 0.379459977150
vt 0.283627659082 0.836546465755
vt 0.290563225746 0.814250096679
vt 0.466086208820 0.704221904278
vt 0.256847828627 0.855318993330
vt 0.261810123920 0.850814372301
vt 0.774545431137 0.408187925816
vt 0.782034099102 0.402244985104
vt 0.590177655220 0.504241466522
vt 0.723453342915 0.395967066288
vt 0.345509588718 0.778069987893
vt 0.264746785164 0.862376689911
vt 0.731077969074 0.553705036640
vt 0.528441846371 0.626016348600
vt 0.689744591713 0.480129718781
vt 0.734216213226 0.553507566452
vt 0.233567953110 0.915735021234
vt 0.219335973263 0.945377264172
vt 0.723022639751 0.379697620869
vt 0.731010019779 0.377897143364
vt 0.208849266171 0.931104980409
vt 0.446085035801 0.207583069801
vt 0.446455806494 0.214294910431
vt 0.292926728725 0.659825712442
vt 0.213148787618 0.880258060992
vt 0.760610044003 0.393439292908
vt 0.732416450977 0.391761183739
vt 0.736446917057 0.548903346062
vt 0.232079818845 0.852352023125
vt 0.751034021378 0.377542853355
vt 0.755868852139 0.384805381298
vt 0.763154208660 0.377601265907
vt 0.690622627735 0.547589182854
vt 0.262775778770 0.870478928089
vt 0.697513520718 0.533069521189
vt 0.238061189651 0.910330340266
vt 0.614391446114 0.492723703384
vt 0.233910635114 0.890621960163
vt 0.251316696405 0.892658852041
vt 0.730183899403 0.361547648907
vt 0.223096296191 0.860675692558
vt 0.742497920990 0.549526929855
vt 0.240448698401 0.924965523183
vt 0.506128013134 0.328629195690
vt 0.507849156857 0.325521409512
vt 0.678941249847 0.565489351749
vt 0.750125527382 0.387969851494
vt 0.745752096176 0.382754325867
vt 0.691374123096 0.418164432049
vt 0.211810693145 0.949797000736
vt 0.490710765123 0.694295287132
vt 0.308304488659 0.810866117477
vt 0.301427364349 0.811830714345
vt 0.657419264317 0.601960897446
vt 0.673222243786 0.522243082523
vt 0.234469518065 0.920565471053
vt 0.491802781820 0.291869342327
vt 0.478602558374 0.316587388515
vt 0.343615859747 0.793339058757
vt 0.256007164717 0.886401534081
vt 0.551051914692 0.402426064014
vt 0.545006334782 0.388309538364
vt 0.548591196537 0.413875520229
vt 0.782425522804 0.395591259003
vt 0.616491436958 0.391560852528
vt 0.720903992653 0.405743360519
vt 0.788904190063 0.401670396328
vt 0.501703441143 0.428318977356
vt 0.306480348110 0.804436534643
vt 0.736945509911 0.542135000229
vt 0.530286669731 0.673534810543
vt 0.319516420364 0.817825987935
vt 0.746307253838 0.384517729282
vt 0.766964554787 0.396277427673
vt 0.534264624119 0.643180131912
vt 0.715594708920 0.374957263470
vt 0.787680864334 0.410567283630
vt 0.640803992748 0.504655122757
vt 0.637767910957 0.397990345955
vt 0.326435208321 0.811161994934
vt 0.331625759602 0.807155087590
vt 0.719110250473 0.359364211559
vt 0.335921317339 0.808342680335
vt 0.329019516706 0.818019926548
vt 0.343735456467 0.806701317430
vt 0.480119585991 0.703488141298
vt 0.330966800451 0.784880921245
vt 0.295552253723 0.813123956323
vt 0.460258990526 0.265073478222
vt 0.726308882236 0.359582006931
vt 0.244133636355 0.865199550986
vt 0.248006194830 0.862542405725
vt 0.232130229473 0.872622713447
vt 0.701196014881 0.432276368141
vt 0.731695413589 0.374073386192
vt 0.532186210155 0.582664251328
vt 0.209555402398 0.888972193003
vt 0.252264350653 0.859004542232
vt 0.504823744297 0.532333612442
vt 0.510308444500 0.534379065037
vt 0.610806703568 0.398431062698
vt 0.556628406048 0.409463047981
vt 0.553776144981 0.417456805706
vt 0.483257174492 0.436891496181
vt 0.538417100906 0.554026782513
vt 0.459868997335 0.281167030334
vt 0.298104763031 0.828630343080
vt 0.686718881130 0.405322730541
vt 0.491718620062 0.703242182732
vt 0.443826049566 0.713014304638
vt 0.245738610625 0.911197841167
vt 0.730272293091 0.359827458858
vt 0.775360703468 0.383934855461
vt 0.290715694427 0.833195611835
vt 0.295000344515 0.831477046013
vt 0.243715777993 0.904128886759
vt 0.248674824834 0.897538252175
vt 0.235825806856 0.869913592935
vt 0.240625083447 0.868207186460
vt 0.762771070004 0.396197199821
vt 0.671234309673 0.578182131052
vt 0.772974073887 0.393953204155
vt 0.724536418915 0.551027238369
vt 0.665468752384 0.592069089413
vt 0.776929855347 0.414090096951
vt 0.562735140324 0.653018116951
vt 0.567581295967 0.650336563587
vt 0.739761948586 0.393343448639
vt 0.487438768148 0.692179828882
vt 0.763926446438 0.374123632908
vt 0.302554041147 0.825193345547
vt 0.307127267122 0.823768094182
vt 0.326039075851 0.636009722948
vt 0.266832083464 0.873066395521
vt 0.714865624905 0.359617531300
vt 0.712459743023 0.362232983112
vt 0.691583991051 0.470011055470
vt 0.303491532803 0.838991358876
vt 0.299256026745 0.845098555088
vt 0.309918522835 0.840071067214
vt 0.259964853525 0.882230125368
vt 0.693357765675 0.484803557396
vt 0.344120949507 0.790300622582
vt 0.724800884724 0.355427801609
vt 0.312431037426 0.821886047721
vt 0.734455585480 0.364856600761
vt 0.644500494003 0.402540564537
vt 0.213069632649 0.915070988238
vt 0.208369523287 0.921569928527
vt 0.319090515375 0.807305902243
vt 0.686983108521 0.531337410212
vt 0.701176404953 0.451689600945
vt 0.718237161636 0.445194661617
vt 0.785731315613 0.390262722969
vt 0.220064446330 0.885326482356
vt 0.224385291338 0.880722023547
vt 0.727854192257 0.385122776031
vt 0.558061063290 0.413172423840
vt 0.609879374504 0.627749621868
vt 0.285874754190 0.848747864366
vt 0.219496637583 0.907167963684
vt 0.231081649661 0.941250305623
vt 0.445993751287 0.238336205482
vt 0.338797897100 0.799650028348
vt 0.224455192685 0.900558441877
vt 0.276502490044 0.851624891162
vt 0.688928902149 0.557711452246
vt 0.579934954643 0.502358049154
vt 0.250899553299 0.911951728165
vt 0.462041109800 0.484541952610
vt 0.525706708431 0.657137215137
vt 0.711441695690 0.368636846542
vt 0.217011600733 0.866572916508
vt 0.531228601933 0.585714310408
vt 0.282800585032 0.859247788787
vt 0.218876495957 0.947673834860
vt 0.264634251595 0.887060545385
vt 0.258099257946 0.901418022811
vt 0.270866900682 0.884312629700
vt 0.529610633850 0.641705185175
vt 0.202082291245 0.957787729800
vt 0.465312153101 0.706159412861
vt 0.541452169418 0.409637987614
vt 0.328837364912 0.825427725911
vt 0.312812536955 0.809185385704
vt 0.228846326470 0.895277686417
vt 0.721524655819 0.410739839077
vt 0.553730487823 0.541426926851
vt 0.660874128342 0.595274597406
vt 0.467292517424 0.714837551117
vt 0.757488071918 0.559780895710
vt 0.238554596901 0.884349003434
vt 0.641877233982 0.404145956039
vt 0.283122628927 0.867153003812
vt 0.743396818638 0.388729870319
vt 0.228380486369 0.876133777201
vt 0.700731694698 0.456611156464
vt 0.224329575896 0.852946609259
vt 0.333837717772 0.784190550447
vt 0.718886137009 0.379887580872
vt 0.368798017502 0.771111965179
vt 0.556549727917 0.419738113880
vt 0.290329486132 0.665416270494
vt 0.478387475014 0.710465759039
vt 0.687056303024 0.412410378456
vt 0.789858937263 0.398278057575
vt 0.660651683807 0.507877796888
vt 0.555696189404 0.426845312119
vt 0.685915410519 0.519873261452
vt 0.460834234953 0.712724953890
vt 0.217729300261 0.858546972275
vt 0.779317259789 0.391858696938
vt 0.607208132744 0.630189806223
vt 0.492329210043 0.414609849453
vt 0.379726529121 0.765002027154
vt 0.633325099945 0.498979568481
vt 0.636517941952 0.617008507252
vt 0.568361520767 0.508527427912
vt 0.285851418972 0.843523263931
vt 0.414525508881 0.735160797834
vt 0.731600224972 0.545967727900
vt 0.722890436649 0.538877099752
vt 0.467587530613 0.470851063728
vt 0.449853271246 0.510341316462
vt 0.520041525364 0.350540816784
vt 0.514258801937 0.339733839035
vt 0.514818370342 0.351066648960
vt 0.488955497742 0.346893012524
vt 0.671827912331 0.584907919168
vt 0.214074477553 0.897776812315
vt 0.614581525326 0.630549103022
vt 0.594114422798 0.637333095074
vt 0.748389422894 0.424957394600
vt 0.294344544411 0.856682226062
vt 0.622183442116 0.487318456173
vt 0.246553301811 0.875631071627
vt 0.327423185110 0.803659930825
vt 0.323472321033 0.805262908340
vt 0.255652755499 0.865466848016
vt 0.699700534344 0.461100399494
vt 0.336134880781 0.802245259285
vt 0.251081258059 0.870403513312
vt 0.728877365589 0.425159037113
vt 0.736178338528 0.368976891041
vt 0.538526356220 0.382100284100
vt 0.539411604404 0.390061378479
vt 0.677710771561 0.518032014370
vt 0.625229716301 0.395491480827
vt 0.610932588577 0.392815530300
vt 0.620519220829 0.626746863127
vt 0.482963055372 0.331464171410
vt 0.692374765873 0.531586796045
vt 0.735214769840 0.381287753582
vt 0.264928430319 0.856098935008
vt 0.519949734211 0.569725722075
vt 0.732257485390 0.356507956982
vt 0.523852169514 0.593072652817
vt 0.349653005600 0.810015127063
vt 0.336910933256 0.785448312759
vt 0.486633181572 0.337556421757
vt 0.302580267191 0.827741160989
vt 0.713445544243 0.543312072754
vt 0.751774549484 0.371851801872
vt 0.630004286766 0.488008737564
vt 0.793322324753 0.401223719120
vt 0.736881196499 0.365420579910
vt 0.707544505596 0.423963010311
vt 0.693696498871 0.538584530354
vt 0.311245977879 0.806063830853
vt 0.446709454060 0.192012250423
vt 0.436547964811 0.175274908543
vt 0.440672129393 0.182751655579
vt 0.716219127178 0.411504507065
vt 0.599843621254 0.635514199734
vt 0.228344038129 0.885898873210
vt 0.236421450973 0.878118686378
vt 0.232777103782 0.878055952489
vt 0.480041086674 0.319113552570
vt 0.497603029013 0.522563964128
vt 0.355350971222 0.800405994058
vt 0.405103802681 0.748134195805
vt 0.764357864857 0.368386209011
vt 0.696942389011 0.491625010967
vt 0.739797890186 0.365281641483
vt 0.776675343513 0.372045218945
vt 0.553698956966 0.432144999504
vt 0.435985147953 0.717392504215
vt 0.510345280170 0.333999752998
vt 0.509056270123 0.341857016087
vt 0.426614314318 0.735356837511
vt 0.331623464823 0.803289175034
vt 0.674173474312 0.391867041588
vt 0.775922596455 0.365823864937
vt 0.354771614075 0.803253144026
vt 0.456817418337 0.721122354269
vt 0.506383359432 0.332968950272
vt 0.680770874023 0.571626037359
vt 0.238442659378 0.936472356319
vt 0.732491910458 0.542275100946
vt 0.328684777021 0.830459415913
vt 0.450789541006 0.501027435064
vt 0.482424348593 0.434807002544
vt 0.504820406437 0.337244927883
vt 0.694526314735 0.519281268120
vt 0.380209624767 0.763483434916
vt 0.343931615353 0.608253538609
vt 0.343942523003 0.800344064832
vt 0.522522389889 0.373464822769
vt 0.522165298462 0.358366072178
vt 0.354650586843 0.790416777134
vt 0.768968343735 0.362321853638
vt 0.584545671940 0.496532380581
vt 0.227062538266 0.880454912782
vt 0.235361978412 0.885117433965
vt 0.547062277794 0.425673544407
vt 0.406143963337 0.743366777897
vt 0.214318007231 0.956885010004
vt 0.224021464586 0.952743791044
vt 0.270671367645 0.851053014398
vt 0.794120013714 0.406365275383
vt 0.720436930656 0.357290327549
vt 0.715849518776 0.377698183060
vt 0.782962203026 0.383466780186
vt 0.782380461693 0.374936759472
vt 0.600290358067 0.489890515804
vt 0.257695019245 0.915373422205
vt 0.259997338057 0.860516116023
vt 0.709176838398 0.375281751156
vt 0.703574359417 0.368303656578
vt 0.278973191977 0.844748273492
vt 0.741448998451 0.363560676575
vt 0.681592524052 0.567012220621
vt 0.641974806786 0.500531911850
vt 0.515911042690 0.362254500389
vt 0.464785665274 0.474905908108
vt 0.597503900528 0.468729496002
vt 0.606240987778 0.481654822826
vt 0.601139485836 0.466796636581
vt 0.738321423531 0.369519054890
vt 0.243728667498 0.870488747954
vt 0.421278715134 0.533110082150
vt 0.758236348629 0.361812472343
vt 0.737029850483 0.357420206070
vt 0.276031702757 0.846450746059
vt 0.284705907106 0.840558961034
vt 0.609527349472 0.481543123722
vt 0.285295337439 0.873499467969
vt 0.692747890949 0.519544333220
vt 0.795490026474 0.410350203514
vt 0.746967673302 0.552401840687
vt 0.640782058239 0.496915400028
vt 0.707078754902 0.364415287971
vt 0.551322579384 0.917653575540
vt 0.690462708473 0.473979890347
vt 0.339496433735 0.800996676087
vt 0.718361675739 0.395709514618
vt 0.451357483864 0.197625041008
vt 0.444413304329 0.194939494133
vt 0.454622119665 0.201978504658
vt 0.504949748516 0.542791306973
vt 0.529812037945 0.588684737682
vt 0.736631453037 0.375912606716
vt 0.539601087570 0.395342469215
vt 0.662582635880 0.397758841515
vt 0.628608703613 0.624460697174
vt 0.606492221355 0.488124072552
vt 0.587770462036 0.497370183468
vt 0.493446260691 0.393228709698
vt 0.686610639095 0.526475995779
vt 0.272658497095 0.889621019363
vt 0.236920267344 0.872157052159
vt 0.699841618538 0.372421026230
vt 0.714890420437 0.417285919189
vt 0.340475529432 0.785143151879
vt 0.696889936924 0.497774541378
vt 0.667612910271 0.598147481680
vt 0.433802574873 0.526323556900
vt 0.231042265892 0.875585176051
vt 0.548251450062 0.922504357994
vt 0.543486058712 0.916974946856
vt 0.539396345615 0.399626493454
vt 0.635274827480 0.392532825470
vt 0.652504146099 0.501615554094
vt 0.412423044443 0.743483811617
vt 0.342466264963 0.820208668709
vt 0.716835021973 0.406231760979
vt 0.649988830090 0.400356829166
vt 0.460660576820 0.286146402359
vt 0.474370807409 0.347011387348
vt 0.696977257729 0.416663050652
vt 0.240565568209 0.878882065415
vt 0.246326565742 0.873277440667
vt 0.450667738914 0.712533175945
vt 0.210351765156 0.903155073524
vt 0.683361291885 0.563910514116
vt 0.706620514393 0.432112693787
vt 0.661991417408 0.390450596809
vt 0.742914855480 0.366724431515
vt 0.648154795170 0.500590920448
vt 0.347000986338 0.798358336091
vt 0.360114157200 0.786772936583
vt 0.687393724918 0.521109580994
vt 0.592561125755 0.477113187313
vt 0.221228212118 0.887054249644
vt 0.350797742605 0.797584787011
vt 0.356527209282 0.795558825135
vt 0.527789950371 0.912702649832
vt 0.728400170803 0.389007568359
vt 0.563253104687 0.424427032471
vt 0.563504576683 0.412542879581
vt 0.722467362881 0.385700643063
vt 0.363322108984 0.775558903813
vt 0.719123125076 0.389353334904
vt 0.605466246605 0.393839478493
vt 0.747090399265 0.366415858269
vt 0.460870325565 0.478297293186
vt 0.516970694065 0.373653352261
vt 0.561686158180 0.522543519735
vt 0.631284475327 0.390455782413
vt 0.356249123812 0.814608007669
vt 0.703743040562 0.380959749222
vt 0.251343995333 0.866369202733
vt 0.530269622803 0.384171605110
vt 0.732578277588 0.384273171425
vt 0.607857942581 0.465908110142
vt 0.601459860802 0.456007182598
vt 0.714492321014 0.390188157558
vt 0.743049144745 0.369279086590
vt 0.444089472294 0.717678427696
vt 0.733860492706 0.361999809742
vt 0.523759424686 0.387251436710
vt 0.549254179001 0.531514346600
vt 0.735954225063 0.359070599079
vt 0.743149042130 0.361720383167
vt 0.716661334038 0.423214554787
vt 0.379646450281 0.759414240718
vt 0.735895931721 0.378646194935
vt 0.784641206264 0.368831098080
vt 0.611753702164 0.489275872707
vt 0.439473748207 0.725278288126
vt 0.713809430599 0.539378911257
vt 0.701549589634 0.531880736351
vt 0.547600388527 0.539569914341
vt 0.544070839882 0.543523281813
vt 0.792270243168 0.394808590412
vt 0.248551949859 0.929260231555
vt 0.633219778538 0.490101993084
vt 0.709176957607 0.364354610443
vt 0.711941480637 0.428221940994
vt 0.586980462074 0.492715716362
vt 0.719512581825 0.354507267475
vt 0.587150692940 0.644781917334
vt 0.293614864349 0.864374428988
vt 0.518665313721 0.643098980188
vt 0.353997230530 0.797523558140
vt 0.712253987789 0.378180265427
vt 0.616444408894 0.488136529922
vt 0.762175321579 0.423919081688
vt 0.207917839289 0.915023766458
vt 0.205971807241 0.961247451603
vt 0.711900234222 0.387010753155
vt 0.229505628347 0.949866075069
vt 0.653082430363 0.398939251900
vt 0.368797421455 0.800423413515
vt 0.529936969280 0.367990911007
vt 0.470752567053 0.713935405016
vt 0.695702075958 0.528963446617
vt 0.341498315334 0.824078634381
vt 0.718893587589 0.447728157043
vt 0.737767040730 0.427393198013
vt 0.313130050898 0.631551027298
vt 0.374262154102 0.795947700739
vt 0.518449664116 0.381196737289
vt 0.695238649845 0.469141066074
vt 0.539810180664 0.406379938126
vt 0.473493009806 0.325865924358
vt 0.691883563995 0.532391577959
vt 0.711562514305 0.407944381237
vt 0.713755905628 0.394992291927
vt 0.687955379486 0.408957183361
vt 0.437947332859 0.516875386238
vt 0.267788499594 0.901440203190
vt 0.590330123901 0.471354424953
vt 0.502001225948 0.532451808453
vt 0.517353057861 0.685270637274
vt 0.576183140278 0.495381891727
vt 0.503736972809 0.344998538494
vt 0.502935349941 0.354190111160
vt 0.507676243782 0.357680439949
vt 0.740341842175 0.374917626381
vt 0.803227782249 0.400061368942
vt 0.689953863621 0.523123651743
vt 0.562222480774 0.431899011135
vt 0.363660842180 0.790261641145
vt 0.716921210289 0.421154558659
vt 0.468873798847 0.319025933743
vt 0.449551492929 0.259345829487
vt 0.742625236511 0.356274902821
vt 0.511703193188 0.375508666039
vt 0.777255296707 0.356675624847
vt 0.349117696285 0.784950464964
vt 0.345500141382 0.785379096866
vt 0.788062214851 0.378723323345
vt 0.334756016731 0.619889050722
vt 0.456156611443 0.474023222923
vt 0.494606435299 0.697287291288
vt 0.546320796013 0.534406691790
vt 0.563439369202 0.517903655767
vt 0.344069808722 0.784491032362
vt 0.714888155460 0.399338245392
vt 0.709406852722 0.536505848169
vt 0.410569936037 0.744067192078
vt 0.455784082413 0.486130952835
vt 0.502111792564 0.541407644749
vt 0.709979712963 0.392412722111
vt 0.745623707771 0.357097029686
vt 0.295994758606 0.871107310057
vt 0.710980296135 0.383773148060
vt 0.548832356930 0.893337376416
vt 0.567162811756 0.503863275051
vt 0.719080984592 0.386843383312
vt 0.668379426003 0.503049373627
vt 0.549491703510 0.438046038151
vt 0.551240384579 0.443012833595
vt 0.692391276360 0.553044706583
vt 0.588102698326 0.465382277966
vt 0.315940439701 0.845748811960
vt 0.544668614864 0.674115926027
vt 0.675337135792 0.586395412683
vt 0.468342036009 0.710676491261
vt 0.493344992399 0.700339883566
vt 0.478385806084 0.445501685143
vt 0.695936501026 0.475287258625
vt 0.709881544113 0.382172048092
vt 0.705558121204 0.385012924671
vt 0.707325696945 0.388714253902
vt 0.577196598053 0.487603545189
vt 0.580936670303 0.482087612152
vt 0.575537562370 0.476479887962
vt 0.550069272518 0.521761685610
vt 0.690057754517 0.528531640768
vt 0.715319931507 0.526629507542
vt 0.605039358139 0.638727396727
vt 0.752017080784 0.432051837444
vt 0.221064716578 0.956052716821
vt 0.368207067251 0.787225276232
vt 0.539690613747 0.420731306076
vt 0.583227097988 0.469482183456
vt 0.789828002453 0.418664455414
vt 0.358336776495 0.817644402385
vt 0.575239360332 0.456933140755
vt 0.590189278126 0.482930958271
vt 0.540035068989 0.413258016109
vt 0.215824186802 0.958817146719
vt 0.487522840500 0.449695885181
vt 0.709747433662 0.354515612125
vt 0.485946178436 0.719616681337
vt 0.564798653126 0.416738033295
vt 0.507398962975 0.544228732586
vt 0.714409172535 0.402541697025
vt 0.366165131330 0.793869942427
vt 0.360133200884 0.794904410839
vt 0.238701641560 0.945869106799
vt 0.379925012589 0.800249874592
vt 0.710433006287 0.397405326366
vt 0.625708937645 0.390963554382
vt 0.561623632908 0.436954855919
vt 0.748654484749 0.363114058971
vt 0.708775877953 0.413271427155
vt 0.715606272221 0.436808526516
vt 0.432701945305 0.732944011688
vt 0.448921412230 0.716266661882
vt 0.303490340710 0.853440105915
vt 0.300820350647 0.858905062079
vt 0.569931805134 0.491427063942
vt 0.699629306793 0.486969232559
vt 0.532387197018 0.398658752441
vt 0.789521694183 0.370673656464
vt 0.791654467583 0.391405165195
vt 0.579176545143 0.492913186550
vt 0.588533461094 0.488316357136
vt 0.475768923759 0.451025307178
vt 0.451719671488 0.491336464882
vt 0.718308269978 0.383402168751
vt 0.588785409927 0.437944769859
vt 0.582640051842 0.438982486725
vt 0.615997970104 0.482535898685
vt 0.521235883236 0.632358968258
vt 0.459499090910 0.469026982784
vt 0.672486424446 0.593867540359
vt 0.634588003159 0.621887445450
vt 0.584337472916 0.451261341572
vt 0.585193455219 0.458091676235
vt 0.793104588985 0.383227765560
vt 0.795461893082 0.378116905689
vt 0.523311138153 0.640185892582
vt 0.643257498741 0.395443737507
vt 0.708494961262 0.359246075153
vt 0.695333957672 0.548241853714
vt 0.679131686687 0.514913618565
vt 0.773862719536 0.422948896885
vt 0.519405663013 0.691179335117
vt 0.691805303097 0.525388836861
vt 0.482991605997 0.707324326038
vt 0.732440412045 0.352489590645
vt 0.704906582832 0.410533487797
vt 0.393683195114 0.759973183274
vt 0.798979759216 0.395470619202
vt 0.697704553604 0.471873581409
vt 0.234237045050 0.949573528022
vt 0.385640531778 0.563350439072
vt 0.497846335173 0.697335481644
vt 0.534109234810 0.377991378307
vt 0.346947342157 0.598572760820
vt 0.442657619715 0.723045855761
vt 0.709945321083 0.432174980640
vt 0.453456193209 0.289276242256
vt 0.351703047752 0.783705979586
vt 0.682014226913 0.392071664333
vt 0.368513494730 0.792500227690
vt 0.743583321571 0.538055330515
vt 0.408313423395 0.748527318239
vt 0.554434895515 0.396999955177
vt 0.508708894253 0.408654034138
vt 0.691348254681 0.402536928654
vt 0.715626299381 0.355192601681
vt 0.594134509563 0.642561137676
vt 0.790812373161 0.388097763062
vt 0.243125393987 0.943772260100
vt 0.376542389393 0.783166274428
vt 0.517329752445 0.391618371010
vt 0.493389546871 0.422299206257
vt 0.239059537649 0.948708925396
vt 0.345671057701 0.828280106187
vt 0.708880245686 0.399227023125
vt 0.801474392414 0.407978773117
vt 0.228556483984 0.953430075198
vt 0.735457599163 0.525938004255
vt 0.704550981522 0.393848598003
vt 0.540065824986 0.535163968801
vt 0.535917639732 0.549604266882
vt 0.738959968090 0.353528261185
vt 0.500070869923 0.531396508217
vt 0.357153564692 0.781215444207
vt 0.360971748829 0.782409027219
vt 0.356316864491 0.783232852817
vt 0.766266942024 0.350403547287
vt 0.694298624992 0.375140905380
vt 0.447089582682 0.497908174992
vt 0.796008050442 0.375473856926
vt 0.485831469297 0.519238442183
vt 0.607759296894 0.390981435776
vt 0.665817737579 0.601406216621
vt 0.641712248325 0.492749035358
vt 0.684576809406 0.397982299328
vt 0.688459575176 0.562711507082
vt 0.645597577095 0.623820841312
vt 0.436931431293 0.185794472694
vt 0.487492829561 0.381908357143
vt 0.525818228722 0.409940779209
vt 0.590693533421 0.428676843643
vt 0.652629017830 0.390691280365
vt 0.444058537483 0.254429042339
vt 0.338240474463 0.833707123995
vt 0.632871568203 0.625950753689
vt 0.497133433819 0.529689818621
vt 0.797983407974 0.388412237167
vt 0.384446084499 0.760537087917
vt 0.554719686508 0.669641464949
vt 0.702403187752 0.382388889790
vt 0.443962752819 0.264859139919
vt 0.617087662220 0.386197507381
vt 0.664078474045 0.604685604572
vt 0.694701910019 0.528064787388
vt 0.485670864582 0.711355239153
vt 0.713613569736 0.380259752274
vt 0.618818640709 0.476032555103
vt 0.667627871037 0.509402632713
vt 0.281340241432 0.893195159733
vt 0.291479825974 0.876093447208
vt 0.312091231346 0.849709495902
vt 0.533023834229 0.410340726376
vt 0.539294362068 0.425889074802
vt 0.495780944824 0.524671941996
vt 0.440634161234 0.509530246258
vt 0.704410791397 0.389932811260
vt 0.713836491108 0.354399800301
vt 0.502849638462 0.363971531391
vt 0.684350132942 0.519275128841
vt 0.723248004913 0.350574493408
vt 0.703461289406 0.361584067345
vt 0.697660088539 0.363809823990
vt 0.611941099167 0.388037323952
vt 0.704112529755 0.457130014896
vt 0.498960196972 0.421700537205
vt 0.503923654556 0.416498303413
vt 0.472098171711 0.724562406540
vt 0.701848328114 0.465470731258
vt 0.439307153225 0.221893012524
vt 0.789805710316 0.356723010540
vt 0.377292543650 0.809639662504
vt 0.781582057476 0.422675907612
vt 0.703850865364 0.529115229845
vt 0.649270534515 0.622093677521
vt 0.795499503613 0.385686039925
vt 0.716343760490 0.381423771381
vt 0.372583448887 0.792318150401
vt 0.395082503557 0.764468789101
vt 0.543781399727 0.448016881943
vt 0.728700220585 0.431084871292
vt 0.249448597431 0.937627233565
vt 0.593699157238 0.427759408951
vt 0.583075225353 0.446357011795
vt 0.366843551397 0.781371504068
vt 0.695996284485 0.532855004072
vt 0.359133213758 0.821414321661
vt 0.495154500008 0.529577195644
vt 0.719391405582 0.522518426180
vt 0.621446013451 0.635377883911
vt 0.569425821304 0.455558180809
vt 0.625472784042 0.387225151062
vt 0.635336875916 0.382629036903
vt 0.558619439602 0.490774691105
vt 0.553025126457 0.498017191887
vt 0.705916643143 0.356637179852
vt 0.339605361223 0.610615223646
vt 0.222222104669 0.964724365622
vt 0.309704393148 0.852672636509
vt 0.688308656216 0.570513755083
vt 0.474243223667 0.427893996239
vt 0.601159811020 0.390418350697
vt 0.566840171814 0.425962626934
vt 0.569854378700 0.497207999229
vt 0.482894003391 0.440291881561
vt 0.480755209923 0.443759202957
vt 0.491898983717 0.435753226280
vt 0.399146318436 0.761655449867
vt 0.704805672169 0.405934810638
vt 0.804348647594 0.389434576035
vt 0.597366631031 0.389818668365
vt 0.540941476822 0.539893269539
vt 0.560346782207 0.442159414291
vt 0.789829611778 0.364081382751
vt 0.487497776747 0.524334609509
vt 0.619448661804 0.466679394245
vt 0.646288216114 0.392152667046
vt 0.566215455532 0.476906418800
vt 0.410678148270 0.755245983601
vt 0.571477055550 0.658380568027
vt 0.463282108307 0.319756209850
vt 0.772187530994 0.426126897335
vt 0.796954393387 0.380117893219
vt 0.578497111797 0.448686659336
vt 0.473584145308 0.450660645962
vt 0.297098636627 0.648387789726
vt 0.479349195957 0.722034364939
vt 0.323548108339 0.841596603394
vt 0.328437149525 0.837922856212
vt 0.707910597324 0.532783299685
vt 0.533399105072 0.693864166737
vt 0.512385070324 0.705684065819
vt 0.690029442310 0.366370975971
vt 0.689558029175 0.369762063026
vt 0.697046041489 0.385335505009
vt 0.611022889614 0.384631216526
vt 0.410853058100 0.537516027689
vt 0.519425868988 0.655434459448
vt 0.719565987587 0.440785527229
vt 0.750018179417 0.359912097454
vt 0.807952344418 0.404841721058
vt 0.469633162022 0.339954853058
vt 0.499669402838 0.536646872759
vt 0.558562397957 0.485954821110
vt 0.305428028107 0.856044307351
vt 0.695325195789 0.401693880558
vt 0.633560121059 0.480471789837
vt 0.574469923973 0.430442512035
vt 0.437569558620 0.499136090279
vt 0.702432096004 0.480165123940
vt 0.375100642443 0.790623068810
vt 0.395944327116 0.789289087057
vt 0.619393825531 0.481966018677
vt 0.375871956348 0.778229609132
vt 0.382342427969 0.776381000876
vt 0.352378159761 0.825793832541
vt 0.371912211180 0.779397249222
vt 0.472658753395 0.441565632820
vt 0.497840464115 0.540215164423
vt 0.511883437634 0.392738521099
vt 0.797484695911 0.371051132679
vt 0.685778558254 0.517882466316
vt 0.542289495468 0.537723898888
vt 0.380745798349 0.789236068726
vt 0.661479651928 0.499356985092
vt 0.579435288906 0.428983986378
vt 0.686526596546 0.575518339872
vt 0.701471686363 0.472824215889
vt 0.540184676647 0.543564468622
vt 0.568945884705 0.442197978497
vt 0.544823706150 0.523865610361
vt 0.557898640633 0.514602273703
vt 0.437580168247 0.213837683201
vt 0.254797428846 0.932411387563
vt 0.405618607998 0.763738885522
vt 0.412196278572 0.758726254106
vt 0.743305146694 0.433550894260
vt 0.688306450844 0.403676033020
vt 0.479867339134 0.456076085567
vt 0.440957188606 0.730157405138
vt 0.447450637817 0.722705066204
vt 0.392018735409 0.766475915909
vt 0.437396496534 0.505794465542
vt 0.777320563793 0.350498914719
vt 0.763613045216 0.427408337593
vt 0.606467485428 0.444387495518
vt 0.680838942528 0.583439528942
vt 0.743270218372 0.352436959743
vt 0.608857452869 0.646769791842
vt 0.734976649284 0.351342797279
vt 0.704645872116 0.466086089611
vt 0.809224009514 0.394842743874
vt 0.573630928993 0.656100362539
vt 0.366616159678 0.779834106565
vt 0.801323235035 0.384378314018
vt 0.500989556313 0.699946075678
vt 0.581987798214 0.652174890041
vt 0.568421840668 0.665245682001
vt 0.247572109103 0.940829098225
vt 0.392807036638 0.780032172799
vt 0.389629632235 0.775166705251
vt 0.493723988533 0.528762906790
vt 0.758640766144 0.351792693138
vt 0.603710591793 0.386075794697
vt 0.472658753395 0.468228518963
vt 0.482608437538 0.469330906868
vt 0.303020775318 0.862805724144
vt 0.658923983574 0.613522231579
vt 0.677088260651 0.508365064859
vt 0.491411954165 0.534649312496
vt 0.589662432671 0.648523300886
vt 0.521865189075 0.582108855247
vt 0.703809618950 0.492683291435
vt 0.412124663591 0.747044801712
vt 0.449798792601 0.719484627247
vt 0.556357622147 0.452274739742
vt 0.499397933483 0.440394759178
vt 0.421365708113 0.528861254454
vt 0.509766221046 0.420891404152
vt 0.506353318691 0.433121800423
vt 0.317239999771 0.847389906645
vt 0.505632221699 0.388974845409
vt 0.441080451012 0.492129087448
vt 0.754989743233 0.548952251673
vt 0.491359651089 0.715860158205
vt 0.714465379715 0.351166725159
vt 0.538293063641 0.431063294411
vt 0.682830095291 0.592654198408
vt 0.717501044273 0.350596666336
vt 0.801547288895 0.380703091621
vt 0.264442324638 0.913354828954
vt 0.691071569920 0.558615773916
vt 0.591849863529 0.389383435249
vt 0.247358396649 0.945483293384
vt 0.385168343782 0.788520410657
vt 0.728563964367 0.350304603577
vt 0.700712800026 0.391110599041
vt 0.522699952126 0.585202872753
vt 0.537957429886 0.455337524414
vt 0.697726964951 0.519757270813
vt 0.490601241589 0.524782627821
vt 0.486426770687 0.458827197552
vt 0.662139356136 0.502700805664
vt 0.499668210745 0.705385595560
vt 0.697140872478 0.381590962410
vt 0.799111962318 0.375488281250
vt 0.766880333424 0.429908394814
vt 0.378087401390 0.779197394848
vt 0.475672572851 0.443487584591
vt 0.804482996464 0.412139952183
vt 0.501824259758 0.372895181179
vt 0.599264025688 0.434616506100
vt 0.532438576221 0.917320743203
vt 0.444909155369 0.288366317749
vt 0.390005439520 0.761264815927
vt 0.715288102627 0.455691158772
vt 0.698632597923 0.516969323158
vt 0.430925756693 0.204635262489
vt 0.749830305576 0.356797993183
vt 0.691374421120 0.563113421202
vt 0.624199211597 0.636547982693
vt 0.312476515770 0.857358768582
vt 0.542876482010 0.689405530691
vt 0.462984174490 0.460102498531
vt 0.700213372707 0.397700607777
vt 0.702307164669 0.401754021645
vt 0.592863440514 0.646956831217
vt 0.730032444000 0.438268959522
vt 0.521979987621 0.411790192127
vt 0.746445059776 0.350240111351
vt 0.603219330311 0.646097809076
vt 0.628452837467 0.377626895905
vt 0.738117158413 0.435350179672
vt 0.513750374317 0.424210608006
vt 0.691405892372 0.511265188456
vt 0.383273303509 0.778206914663
vt 0.474968880415 0.357339859009
vt 0.559460997581 0.473294317722
vt 0.413716703653 0.746617585421
vt 0.574533939362 0.390004992485
vt 0.685059070587 0.580396026373
vt 0.710965216160 0.465310037136
vt 0.518836379051 0.587901711464
vt 0.577746987343 0.658773392439
vt 0.800608694553 0.367376089096
vt 0.416349709034 0.751961678267
vt 0.425962686539 0.521753162146
vt 0.680755436420 0.596457958221
vt 0.647266626358 0.384988188744
vt 0.621711909771 0.477648854256
vt 0.630372583866 0.630948513746
vt 0.663114905357 0.608588457108
vt 0.356549829245 0.823796093464
vt 0.436638146639 0.735843300819
vt 0.813735127449 0.388149559498
vt 0.810977220535 0.379022002220
vt 0.252647131681 0.938532263041
vt 0.645267665386 0.489478290081
vt 0.679322779179 0.385182559490
vt 0.455328375101 0.466789960861
vt 0.417251765728 0.767398312688
vt 0.542218089104 0.457192838192
vt 0.537854790688 0.532535642385
vt 0.536610662937 0.435279309750
vt 0.635966122150 0.478090643883
vt 0.750599801540 0.352552533150
vt 0.695102870464 0.554947346449
vt 0.417870730162 0.749423563480
vt 0.815473318100 0.380509257317
vt 0.276994138956 0.902721874416
vt 0.259879946709 0.926006831229
vt 0.259215265512 0.922334954143
vt 0.655930578709 0.486260294914
vt 0.535381436348 0.440382361412
vt 0.672113180161 0.599246501923
vt 0.672342598438 0.601798385382
vt 0.594996273518 0.386982560158
vt 0.512473046780 0.610857993364
vt 0.363425791264 0.820731416345
vt 0.511521279812 0.405210316181
vt 0.725362002850 0.349215865135
vt 0.388980090618 0.786843746901
vt 0.702160656452 0.525199741125
vt 0.497245967388 0.452238857746
vt 0.701283037663 0.353878021240
vt 0.596474170685 0.654436796904
vt 0.397088289261 0.795542120934
vt 0.736068189144 0.438990354538
vt 0.377720832825 0.812712386250
vt 0.705190479755 0.473016083241
vt 0.732318341732 0.349622786045
vt 0.242973417044 0.952253788710
vt 0.656155407429 0.383281767368
vt 0.689162552357 0.379412055016
vt 0.712186992168 0.353310167789
vt 0.580888092518 0.390944361687
vt 0.428643316031 0.170043826103
vt 0.499641686678 0.551940798759
vt 0.504649221897 0.551195174456
vt 0.417306184769 0.758611336350
vt 0.343764513731 0.599794387817
vt 0.472776412964 0.718743562698
vt 0.533453762531 0.544625043869
vt 0.780528247356 0.428511738777
vt 0.325445950031 0.847561419010
vt 0.501781821251 0.379764020443
vt 0.488835752010 0.459524333477
vt 0.525837123394 0.895508311689
vt 0.436642706394 0.244373023510
vt 0.693537533283 0.560924500227
vt 0.477284133434 0.439780056477
vt 0.488318562508 0.384529650211
vt 0.691705405712 0.360674977303
vt 0.697610259056 0.357814490795
vt 0.294271945953 0.884158536792
vt 0.694476068020 0.359484910965
vt 0.686120927334 0.589382946491
vt 0.449202954769 0.277679681778
vt 0.358802229166 0.824791789055
vt 0.531093001366 0.540583640337
vt 0.255824357271 0.934540212154
vt 0.431791156530 0.194195866585
vt 0.512378871441 0.927201807499
vt 0.526280164719 0.928967848420
vt 0.618861377239 0.381856381893
vt 0.655880391598 0.620694100857
vt 0.590793490410 0.386209785938
vt 0.698004245758 0.392941653728
vt 0.548031032085 0.508371978998
vt 0.447344720364 0.728412151337
vt 0.687672019005 0.581759244204
vt 0.516220510006 0.695746213198
vt 0.689106941223 0.577909588814
vt 0.670739531517 0.379137098789
vt 0.665502250195 0.383401453495
vt 0.453052103519 0.317459046841
vt 0.370210498571 0.817154049873
vt 0.347903072834 0.829254627228
vt 0.740450561047 0.347664415836
vt 0.631074190140 0.633904814720
vt 0.621295809746 0.472477972507
vt 0.461796432734 0.528600960970
vt 0.477913349867 0.523163437843
vt 0.463033020496 0.516302406788
vt 0.594140291214 0.382697045803
vt 0.719802618027 0.347583889961
vt 0.532355308533 0.526123464108
vt 0.429547905922 0.746822476387
vt 0.686321198940 0.388757765293
vt 0.815080523491 0.401312232018
vt 0.814767837524 0.395079851151
vt 0.691328644753 0.568426996469
vt 0.552687764168 0.467221558094
vt 0.776402294636 0.436095833778
vt 0.600480198860 0.427537560463
vt 0.710512578487 0.352456092834
vt 0.463886320591 0.666019499302
vt 0.322702080011 0.852334335446
vt 0.529411077499 0.429284453392
vt 0.442294538021 0.736621379852
vt 0.449366688728 0.724894374609
vt 0.615770995617 0.647315740585
vt 0.458707690239 0.346701562405
vt 0.486511439085 0.424154996872
vt 0.406372874975 0.777705922723
vt 0.400652527809 0.775482192636
vt 0.394956231117 0.785221755505
vt 0.588737130165 0.384330809116
vt 0.705634057522 0.486907541752
vt 0.332996368408 0.843653142452
vt 0.653278231621 0.383316993713
vt 0.796775400639 0.425926148891
vt 0.610627293587 0.381208777428
vt 0.575154960155 0.661912977695
vt 0.791711807251 0.349319398403
vt 0.475597053766 0.723437488079
vt 0.434013783932 0.170268774033
vt 0.601951897144 0.381556749344
vt 0.805519163609 0.364784538746
vt 0.454634934664 0.727192401886
vt 0.693684279919 0.393548488617
vt 0.490347683430 0.717249840498
vt 0.713845074177 0.460991084576
vt 0.692539870739 0.387601017952
vt 0.548717260361 0.494712531567
vt 0.621523082256 0.378186225891
vt 0.731036484241 0.346664249897
vt 0.366533190012 0.820589527488
vt 0.504596590996 0.703017473221
vt 0.694354057312 0.566512912512
vt 0.510348021984 0.714292675257
vt 0.394999980927 0.774416461587
vt 0.301085650921 0.636389642954
vt 0.784530520439 0.425010859966
vt 0.791341543198 0.425997436047
vt 0.512000560760 0.429730951786
vt 0.637068212032 0.377685308456
vt 0.714895069599 0.510292768478
vt 0.529468417168 0.547093778849
vt 0.415245741606 0.749948680401
vt 0.585341393948 0.655190974474
vt 0.510257601738 0.434716820717
vt 0.806378543377 0.375840187073
vt 0.485014051199 0.726224035025
vt 0.371564149857 0.555902510881
vt 0.493095874786 0.463038206100
vt 0.410530090332 0.530576586723
vt 0.616407513618 0.456407010555
vt 0.618122637272 0.461071252823
vt 0.412854909897 0.785634234548
vt 0.612323760986 0.380634367466
vt 0.764604449272 0.432942330837
vt 0.670159697533 0.608542174101
vt 0.744155228138 0.346011579037
vt 0.614490270615 0.450003862381
vt 0.732643008232 0.445496857166
vt 0.628238320351 0.465642571449
vt 0.534138143063 0.446654081345
vt 0.328908979893 0.850240290165
vt 0.269678652287 0.917240999639
vt 0.517457604408 0.416420340538
vt 0.660840392113 0.380989313126
vt 0.507206201553 0.443707823753
vt 0.315701037645 0.865363642573
vt 0.441434830427 0.740089952946
vt 0.446561783552 0.731737315655
vt 0.477417945862 0.446969687939
vt 0.528932511806 0.535180330276
vt 0.376847743988 0.814886420965
vt 0.270941823721 0.912538088858
vt 0.726449370384 0.506238430738
vt 0.692948162556 0.573642343283
vt 0.472786009312 0.463856697083
vt 0.485656410456 0.464143157005
vt 0.484344512224 0.449391901493
vt 0.390738606453 0.806595772505
vt 0.382069617510 0.812039107084
vt 0.485979288816 0.484095275402
vt 0.473658949137 0.450804591179
vt 0.480024725199 0.487539410591
vt 0.687162101269 0.371728479862
vt 0.470129132271 0.436843395233
vt 0.689436733723 0.502319902182
vt 0.666164040565 0.612520575523
vt 0.628683865070 0.638722628355
vt 0.729127287865 0.343720316887
vt 0.636341214180 0.642234861851
vt 0.679846942425 0.505982607603
vt 0.500744879246 0.385087788105
vt 0.373015850782 0.817557081580
vt 0.517244935036 0.417488217354
vt 0.514476597309 0.441276013851
vt 0.525802791119 0.539448320866
vt 0.647347569466 0.373814105988
vt 0.509093642235 0.621680498123
vt 0.733773052692 0.442190647125
vt 0.508651256561 0.439453184605
vt 0.401019930840 0.783708691597
vt 0.775329053402 0.344108402729
vt 0.474228292704 0.441320955753
vt 0.527440488338 0.435339152813
vt 0.527314424515 0.544865936041
vt 0.716181755066 0.347262203693
vt 0.546427249908 0.476603865623
vt 0.294235289097 0.891265347600
vt 0.714745700359 0.475675046444
vt 0.486180931330 0.532052934170
vt 0.443532049656 0.746192514896
vt 0.432804793119 0.749420940876
vt 0.486103117466 0.472368478775
vt 0.552302479744 0.490960359573
vt 0.427146732807 0.161169767380
vt 0.824499785900 0.389950215816
vt 0.734781384468 0.347106039524
vt 0.483292251825 0.429058611393
vt 0.509819030762 0.582511812449
vt 0.513398230076 0.570748090744
vt 0.503681540489 0.574630826712
vt 0.356032431126 0.574655979872
vt 0.444875657558 0.299202024937
vt 0.531207442284 0.512936055660
vt 0.328668028116 0.598110735416
vt 0.319879025221 0.861176088452
vt 0.389944553375 0.542933076620
vt 0.502200186253 0.452742695808
vt 0.400399625301 0.539037883282
vt 0.485999584198 0.498397886753
vt 0.496130645275 0.544798731804
vt 0.501017808914 0.402256309986
vt 0.712703526020 0.483045876026
vt 0.710616052151 0.348540186882
vt 0.321369528770 0.858953922987
vt 0.419486194849 0.752127885818
vt 0.480047821999 0.432503581047
vt 0.536146283150 0.501050174236
vt 0.428926974535 0.761625632644
vt 0.820457160473 0.375673532486
vt 0.674047172070 0.504405349493
vt 0.427813231945 0.504968494177
vt 0.512397825718 0.551912516356
vt 0.487516909838 0.466159820557
vt 0.488667130470 0.457958996296
vt 0.687969684601 0.585858702660
vt 0.716957807541 0.458461940289
vt 0.447724014521 0.877025835216
vt 0.705191731453 0.346636474133
vt 0.264154195786 0.923926778138
vt 0.786787748337 0.426506400108
vt 0.441624283791 0.481951951981
vt 0.474707484245 0.433575689793
vt 0.536606848240 0.464795887470
vt 0.524311780930 0.541245281696
vt 0.650110006332 0.485636413097
vt 0.325794726610 0.854434773326
vt 0.697895288467 0.352133452892
vt 0.692101597786 0.353189170361
vt 0.605081975460 0.377552568913
vt 0.547875881195 0.486902773380
vt 0.508321583271 0.703970313072
vt 0.418579369783 0.517345666885
vt 0.462304115295 0.356078028679
vt 0.802614808083 0.350818574429
vt 0.278209477663 0.906942032278
vt 0.435868978500 0.257684886456
vt 0.750095486641 0.347726106644
vt 0.618111014366 0.371359050274
vt 0.736795246601 0.345427870750
vt 0.735007047653 0.341982901096
vt 0.810718655586 0.371817052364
vt 0.429724097252 0.494330585003
vt 0.252566546202 0.968715075403
vt 0.487977445126 0.474144399166
vt 0.487654685974 0.478530108929
vt 0.448773086071 0.471473872662
vt 0.529977321625 0.519539415836
vt 0.752537131310 0.437678337097
vt 0.482926338911 0.496725678444
vt 0.685371577740 0.602282106876
vt 0.636578738689 0.470630705357
vt 0.684519112110 0.362044692039
vt 0.302662670612 0.878907650709
vt 0.307906985283 0.874739512801
vt 0.601649999619 0.655801922083
vt 0.495939433575 0.550203800201
vt 0.623867869377 0.371635913849
vt 0.508335888386 0.709621369839
vt 0.494849771261 0.720386564732
vt 0.425457686186 0.758858904243
vt 0.762519538403 0.436828553677
vt 0.718001723289 0.344639003277
vt 0.523608922958 0.547390252352
vt 0.443319618702 0.467093706131
vt 0.824522495270 0.385030746460
vt 0.497154682875 0.461255609989
vt 0.483975648880 0.526407927275
vt 0.488130778074 0.446590602398
vt 0.499945700169 0.390505373478
vt 0.497754812241 0.397523880005
vt 0.467330545187 0.732069104910
vt 0.726215243340 0.341610670090
vt 0.486928224564 0.725090354681
vt 0.429379373789 0.211790323257
vt 0.673986315727 0.604445874691
vt 0.487651884556 0.436490237713
vt 0.748993039131 0.347567260265
vt 0.769320487976 0.337537229061
vt 0.803531289101 0.422453999519
vt 0.409901797771 0.781875893474
vt 0.725543856621 0.453562080860
vt 0.606463670731 0.432660877705
vt 0.406055271626 0.773768350482
vt 0.715145170689 0.463948190212
vt 0.785836279392 0.428652167320
vt 0.581257641315 0.384307324886
vt 0.489576935768 0.484107553959
vt 0.499154865742 0.562762647867
vt 0.813948631287 0.411430716515
vt 0.401892900467 0.799923971295
vt 0.502072632313 0.916272066534
vt 0.612139463425 0.440951168537
vt 0.510429203510 0.636505007744
vt 0.451897978783 0.339343667030
vt 0.537867426872 0.480865538120
vt 0.475969493389 0.382928431034
vt 0.535512804985 0.518580943346
vt 0.722515106201 0.344589769840
vt 0.401958435774 0.772207230330
vt 0.619728922844 0.645988345146
vt 0.519732117653 0.426479518414
vt 0.490778952837 0.545550644398
vt 0.822134733200 0.378425359726
vt 0.617319166660 0.376218974590
vt 0.475671827793 0.428565263748
vt 0.347803235054 0.589162141085
vt 0.515923976898 0.640257865191
vt 0.488774001598 0.489882886410
vt 0.521994173527 0.918311819434
vt 0.738771915436 0.343754529953
vt 0.593768954277 0.658325165510
vt 0.712288618088 0.345667898655
vt 0.313559144735 0.869013503194
vt 0.531578183174 0.453021347523
vt 0.750629484653 0.446432232857
vt 0.494243055582 0.546090960503
vt 0.446483373642 0.734373122454
vt 0.483189374208 0.502480775118
vt 0.488861918449 0.495154976845
vt 0.727307617664 0.533272266388
vt 0.466399431229 0.445729076862
vt 0.264799505472 0.949883542955
vt 0.653275310993 0.625741094351
vt 0.681729018688 0.366592168808
vt 0.625671267509 0.643006026745
vt 0.601221740246 0.423414766788
vt 0.424359947443 0.753842577338
vt 0.403903484344 0.529121339321
vt 0.687888383865 0.382433712482
vt 0.740934908390 0.444832146168
vt 0.510461628437 0.582418084145
vt 0.630902826786 0.370654106140
vt 0.730649054050 0.450380206108
vt 0.505597770214 0.449506223202
vt 0.476990520954 0.422357499599
vt 0.701490879059 0.348902821541
vt 0.693833172321 0.512466669083
vt 0.505492985249 0.407181322575
vt 0.606243193150 0.373469054699
vt 0.770225107670 0.439215719700
vt 0.674300849438 0.502422541380
vt 0.525769233704 0.545534372330
vt 0.621623277664 0.449654579163
vt 0.440469533205 0.478328287601
vt 0.817414700985 0.372672617435
vt 0.422079652548 0.751415356994
vt 0.501993477345 0.457235753536
vt 0.576726913452 0.666660606861
vt 0.576896607876 0.671061187983
vt 0.465683370829 0.366485357285
vt 0.586861670017 0.664793431759
vt 0.420206874609 0.178230941296
vt 0.502399921417 0.473548650742
vt 0.605869174004 0.659687012434
vt 0.663723826408 0.378225743771
vt 0.551935017109 0.682702243328
vt 0.271688669920 0.932698078454
vt 0.431970208883 0.251132369041
vt 0.587974667549 0.380373179913
vt 0.657075345516 0.375079691410
vt 0.489439040422 0.499952495098
vt 0.430190175772 0.228471696377
vt 0.438776254654 0.275408148766
vt 0.555684268475 0.680032581091
vt 0.595765352249 0.376819491386
vt 0.708431541920 0.490013003349
vt 0.412113159895 0.774891600013
vt 0.284972131252 0.902513518929
vt 0.653340041637 0.480508565903
vt 0.277301281691 0.910690121353
vt 0.676060795784 0.498483598232
vt 0.446165323257 0.737467408180
vt 0.649864673615 0.372437596321
vt 0.409812182188 0.793278813362
vt 0.487986654043 0.506218999624
vt 0.528982758522 0.459967136383
vt 0.667486906052 0.493180215359
vt 0.665174663067 0.623412519693
vt 0.758348882198 0.438489079475
vt 0.716944098473 0.491997897625
vt 0.479154706001 0.425949275494
vt 0.815256237984 0.366983532906
vt 0.487297981977 0.420511960983
vt 0.475363224745 0.411321938038
vt 0.734528958797 0.449538230896
vt 0.675766408443 0.378049790859
vt 0.714678585529 0.468207418919
vt 0.305025279522 0.624230176210
vt 0.575143694878 0.379323244095
vt 0.567573308945 0.380456984043
vt 0.532978475094 0.470916211605
vt 0.447798430920 0.736685961485
vt 0.818659543991 0.396572887897
vt 0.419600546360 0.791924074292
vt 0.522403895855 0.432833313942
vt 0.514105498791 0.585368931293
vt 0.635260939598 0.367952048779
vt 0.479602903128 0.729402780533
vt 0.424056529999 0.776008099318
vt 0.665451228619 0.491347849369
vt 0.522976040840 0.438474774361
vt 0.507652938366 0.403578758240
vt 0.497924178839 0.465791761875
vt 0.681128680706 0.378414630890
vt 0.685727894306 0.357163190842
vt 0.524757862091 0.523535966873
vt 0.494608819485 0.726032853127
vt 0.499560236931 0.493512630463
vt 0.412786513567 0.772212758660
vt 0.451620161533 0.738773226738
vt 0.666989982128 0.372894525528
vt 0.482698202133 0.413129210472
vt 0.468022733927 0.460253119469
vt 0.466739296913 0.478156149387
vt 0.480002075434 0.461841821671
vt 0.757585108280 0.343172967434
vt 0.693898856640 0.587535083294
vt 0.755793273449 0.443357944489
vt 0.687411189079 0.353202998638
vt 0.784888625145 0.339429259300
vt 0.462572813034 0.735063463449
vt 0.726114094257 0.456007659435
vt 0.562354028225 0.679881155491
vt 0.417948037386 0.504836291075
vt 0.448368728161 0.747128039598
vt 0.785932958126 0.439919888973
vt 0.686164915562 0.595510572195
vt 0.486828327179 0.542064964771
vt 0.520085811615 0.546476572752
vt 0.820351660252 0.402337908745
vt 0.718995511532 0.464702308178
vt 0.485615104437 0.419553816319
vt 0.690248489380 0.347949028015
vt 0.419411510229 0.780449539423
vt 0.722319900990 0.460859835148
vt 0.483123421669 0.512336581945
vt 0.819922983646 0.398641169071
vt 0.420579165220 0.508401393890
vt 0.259718120098 0.972794378176
vt 0.668152213097 0.617948859930
vt 0.503693580627 0.456628024578
vt 0.537394762039 0.483895361423
vt 0.534574687481 0.496753871441
vt 0.731865763664 0.339495956898
vt 0.605465829372 0.425645470619
vt 0.478121906519 0.729366958141
vt 0.590673983097 0.377010822296
vt 0.580097079277 0.667763501406
vt 0.650957107544 0.629581898451
vt 0.432698369026 0.480998754501
vt 0.440863698721 0.753430098295
vt 0.417175740004 0.155056476593
vt 0.420081883669 0.151904821396
vt 0.516323029995 0.398310065269
vt 0.503103733063 0.566729515791
vt 0.430170208216 0.755585134029
vt 0.812036633492 0.416571974754
vt 0.743543148041 0.449018180370
vt 0.524323761463 0.443677127361
vt 0.691092252731 0.593335509300
vt 0.476032733917 0.557094007730
vt 0.471953779459 0.574640065432
vt 0.477519422770 0.563710242510
vt 0.677664637566 0.608659088612
vt 0.482845813036 0.518772125244
vt 0.486596077681 0.519783437252
vt 0.612376034260 0.371401965618
vt 0.424295753241 0.494941830635
vt 0.660013139248 0.483849644661
vt 0.461982429028 0.445702075958
vt 0.456010878086 0.449645161629
vt 0.417448729277 0.772666275501
vt 0.444941371679 0.461850881577
vt 0.662267327309 0.369090080261
vt 0.748688220978 0.343284845352
vt 0.312497168779 0.873314470053
vt 0.430970579386 0.785100281239
vt 0.478692620993 0.394176304340
vt 0.712052464485 0.573351860046
vt 0.581252276897 0.377505838871
vt 0.436610370874 0.760673746467
vt 0.502170860767 0.461536943913
vt 0.523990154266 0.451415956020
vt 0.508737504482 0.479425787926
vt 0.515031397343 0.474065065384
vt 0.488145142794 0.513458848000
vt 0.427849352360 0.753340497613
vt 0.406698614359 0.798280924559
vt 0.512210726738 0.543084621429
vt 0.492941945791 0.404752790928
vt 0.718091249466 0.342906832695
vt 0.729822933674 0.453136622906
vt 0.640520513058 0.367897033691
vt 0.714159131050 0.344052851200
vt 0.473408669233 0.396920800209
vt 0.431375861168 0.279895484447
vt 0.680930554867 0.373477637768
vt 0.690291941166 0.507224738598
vt 0.688210129738 0.504442125559
vt 0.508865773678 0.418501794338
vt 0.740134358406 0.342215240002
vt 0.415760070086 0.183596193790
vt 0.629833102226 0.366146624088
vt 0.503882288933 0.413351595402
vt 0.306734025478 0.879447162151
vt 0.491331428289 0.506888478994
vt 0.634100019932 0.455568611622
vt 0.415389716625 0.163288235664
vt 0.529871702194 0.477270007133
vt 0.660874366760 0.636040449142
vt 0.652116894722 0.367113351822
vt 0.440266162157 0.762784346938
vt 0.510202288628 0.493924677372
vt 0.502890884876 0.509944051504
vt 0.672306299210 0.497760295868
vt 0.448957234621 0.739990025759
vt 0.516088426113 0.533870309591
vt 0.514257609844 0.538205206394
vt 0.427043288946 0.778937175870
vt 0.739311397076 0.339196622372
vt 0.797024726868 0.344269990921
vt 0.482385665178 0.392873644829
vt 0.545922696590 0.379887402058
vt 0.815872132778 0.358061909676
vt 0.470007568598 0.584447652102
vt 0.471106618643 0.589054852724
vt 0.474844604731 0.580134868622
vt 0.482611298561 0.523510545492
vt 0.500793457031 0.466269075871
vt 0.518185853958 0.709168881178
vt 0.827049493790 0.378030717373
vt 0.695851564407 0.340487360954
vt 0.642288088799 0.637473285198
vt 0.681626975536 0.359309852123
vt 0.502499043941 0.567851901054
vt 0.485770881176 0.741867631674
vt 0.525722980499 0.470326662064
vt 0.434373885393 0.754607737064
vt 0.499049037695 0.424589097500
vt 0.623415112495 0.440063416958
vt 0.739930152893 0.453803956509
vt 0.412770956755 0.796000942588
vt 0.788428664207 0.434907495975
vt 0.463274121284 0.428337574005
vt 0.643353819847 0.365925729275
vt 0.463587224483 0.439386069775
vt 0.487591952085 0.528157830238
vt 0.823910474777 0.369075775146
vt 0.624450206757 0.648130685091
vt 0.624821066856 0.366447627544
vt 0.829794108868 0.368224382401
vt 0.523290872574 0.457511842251
vt 0.422316849232 0.772609114647
vt 0.437621742487 0.780147328973
vt 0.429786235094 0.486044347286
vt 0.515585720539 0.712952703238
vt 0.515184998512 0.708574593067
vt 0.512643992901 0.732307285070
vt 0.523132979870 0.711961448193
vt 0.494662672281 0.411714911461
vt 0.683727681637 0.475838959217
vt 0.524420022964 0.478966534138
vt 0.516519069672 0.481906056404
vt 0.486768364906 0.407463252544
vt 0.721875309944 0.337769627571
vt 0.649043977261 0.636249810457
vt 0.431648313999 0.753471940756
vt 0.742138206959 0.340736091137
vt 0.456647187471 0.629396617413
vt 0.453822106123 0.634299665689
vt 0.462887793779 0.622881710529
vt 0.657856643200 0.362180173397
vt 0.473588019609 0.391297757626
vt 0.728321313858 0.337103307247
vt 0.528647065163 0.509523332119
vt 0.816342592239 0.349475085735
vt 0.447368949652 0.631303787231
vt 0.458715230227 0.624714195728
vt 0.497484922409 0.474296748638
vt 0.681640326977 0.610240370035
vt 0.676833510399 0.367344558239
vt 0.668233513832 0.366966962814
vt 0.744465410709 0.339013934135
vt 0.443112462759 0.316541016102
vt 0.585117399693 0.374576866627
vt 0.726477563381 0.471469104290
vt 0.449208676815 0.619287788868
vt 0.493341505527 0.516470372677
vt 0.483511626720 0.528434872627
vt 0.650775074959 0.635491013527
vt 0.492989301682 0.513364642859
vt 0.825068950653 0.398528933525
vt 0.528990149498 0.499567925930
vt 0.636916160583 0.361789882183
vt 0.703129053116 0.345014154911
vt 0.455094695091 0.438594698906
vt 0.310103207827 0.611608594656
vt 0.679471015930 0.361075639725
vt 0.709493339062 0.341837167740
vt 0.438542008400 0.755912929773
vt 0.493974268436 0.594126194715
vt 0.522644877434 0.516509324312
vt 0.523951292038 0.513414084911
vt 0.495074272156 0.482547700405
vt 0.674594223499 0.614019483328
vt 0.611610889435 0.657611370087
vt 0.496887832880 0.735876321793
vt 0.448277771473 0.754060924053
vt 0.481168717146 0.537764072418
vt 0.485421538353 0.535910129547
vt 0.449171096087 0.760162442923
vt 0.475507557392 0.739625394344
vt 0.589717745781 0.371332585812
vt 0.477491825819 0.575244724751
vt 0.746868729591 0.338972389698
vt 0.456652998924 0.366857469082
vt 0.688188076019 0.608467042446
vt 0.421937823296 0.272230684757
vt 0.491712480783 0.564348727465
vt 0.410262197256 0.512560963631
vt 0.632515192032 0.360578715801
vt 0.442402064800 0.755763992667
vt 0.673721075058 0.356946229935
vt 0.453074842691 0.741390734911
vt 0.509864389896 0.919916883111
vt 0.431337922812 0.772141978145
vt 0.435747414827 0.771746084094
vt 0.523772358894 0.465383648872
vt 0.680923223495 0.352868139744
vt 0.499959945679 0.471657037735
vt 0.498528927565 0.633847862482
vt 0.704288303852 0.343739986420
vt 0.686103165150 0.500277698040
vt 0.453686982393 0.644986063242
vt 0.479261398315 0.385032236576
vt 0.470683097839 0.375720679760
vt 0.473671048880 0.384062051773
vt 0.473497331142 0.375295102596
vt 0.522135436535 0.477228641510
vt 0.724161446095 0.487876832485
vt 0.492941439152 0.518763452768
vt 0.794199883938 0.434771716595
vt 0.820338428020 0.361519098282
vt 0.467012971640 0.482351779938
vt 0.477297097445 0.481288492680
vt 0.775451183319 0.444435060024
vt 0.672772288322 0.494632601738
vt 0.480315476656 0.569093376398
vt 0.760232627392 0.457508265972
vt 0.483748227358 0.586312741041
vt 0.825330853462 0.364944279194
vt 0.506207525730 0.585665941238
vt 0.519803285599 0.501906275749
vt 0.682689368725 0.496564209461
vt 0.678787469864 0.489602327347
vt 0.510647356510 0.441991746426
vt 0.454835295677 0.443227112293
vt 0.493520677090 0.728240579367
vt 0.509095132351 0.478267729282
vt 0.480209350586 0.413015604019
vt 0.472490042448 0.616622984409
vt 0.432577520609 0.775565564632
vt 0.485615015030 0.541771739721
vt 0.699684917927 0.343145072460
vt 0.616290986538 0.655587852001
vt 0.805468440056 0.428210794926
vt 0.443773478270 0.770242080092
vt 0.615340113640 0.364963591099
vt 0.621794402599 0.655651658773
vt 0.735190093517 0.336904466152
vt 0.600814938545 0.662731826305
vt 0.647222697735 0.363155663013
vt 0.598705112934 0.666646182537
vt 0.399008423090 0.517975389957
vt 0.517881572247 0.529588073492
vt 0.690779924393 0.599334120750
vt 0.448312163353 0.454602479935
vt 0.530440926552 0.387212753296
vt 0.824686884880 0.360521137714
vt 0.507302880287 0.641372770071
vt 0.503845691681 0.429243505001
vt 0.428935676813 0.246813416481
vt 0.606974720955 0.366974771023
vt 0.644619345665 0.462462961674
vt 0.830403327942 0.382912993431
vt 0.642166435719 0.355759322643
vt 0.491396665573 0.532579183578
vt 0.492593467236 0.522067189217
vt 0.629436850548 0.446541965008
vt 0.499618679285 0.548983067274
vt 0.522040545940 0.489657163620
vt 0.663529992104 0.364810168743
vt 0.438690334558 0.787379324436
vt 0.516750752926 0.460653662682
vt 0.665546476841 0.484749019146
vt 0.412865221500 0.142757773399
vt 0.490604192019 0.423406660557
vt 0.518553197384 0.472461462021
vt 0.653207659721 0.356747448444
vt 0.555077433586 0.376809716225
vt 0.422091305256 0.223840892315
vt 0.510487079620 0.445415496826
vt 0.495722264051 0.551391065121
vt 0.460309088230 0.421872675419
vt 0.428477644920 0.772799804807
vt 0.819962620735 0.356050550938
vt 0.823660254478 0.354989409447
vt 0.820762038231 0.352151334286
vt 0.716576933861 0.337094664574
vt 0.713859081268 0.339380323887
vt 0.485732495785 0.388805925846
vt 0.483616977930 0.733788371086
vt 0.437234520912 0.776895552874
vt 0.697044074535 0.591308802366
vt 0.527385413647 0.714199960232
vt 0.423248142004 0.490552544594
vt 0.420793801546 0.488621473312
vt 0.498033404350 0.477978527546
vt 0.520530223846 0.481794118881
vt 0.508976221085 0.541417002678
vt 0.512001514435 0.544235736132
vt 0.817228317261 0.354341506958
vt 0.669489920139 0.621379673481
vt 0.460333794355 0.606981813908
vt 0.483917862177 0.560325533152
vt 0.645671784878 0.361274242401
vt 0.564400672913 0.693512588739
vt 0.448719620705 0.756248936057
vt 0.722720980644 0.333611905575
vt 0.520132660866 0.447374165058
vt 0.523041009903 0.484044373035
vt 0.672863125801 0.358988225460
vt 0.622285485268 0.359770357609
vt 0.827558934689 0.403136372566
vt 0.833357870579 0.391089618206
vt 0.663331806660 0.477606534958
vt 0.576924204826 0.370883703232
vt 0.572214484215 0.374583184719
vt 0.618416309357 0.362491726875
vt 0.682745635509 0.344218194485
vt 0.705402016640 0.337874531746
vt 0.418453574181 0.482564151287
vt 0.625590860844 0.651074141264
vt 0.796894907951 0.438612639904
vt 0.514177620411 0.395594596863
vt 0.457626849413 0.760732635856
vt 0.499191462994 0.725014597178
vt 0.458847999573 0.743868887424
vt 0.594959914684 0.664929717779
vt 0.454940587282 0.743337839842
vt 0.425585478544 0.262750327587
vt 0.454629480839 0.605333119631
vt 0.450318425894 0.593048393726
vt 0.496574074030 0.732938677073
vt 0.688823044300 0.338985204697
vt 0.795440077782 0.335579633713
vt 0.632927358150 0.350020825863
vt 0.471635520458 0.547834426165
vt 0.491936534643 0.534223884344
vt 0.464869588614 0.537359029055
vt 0.455407232046 0.750808298588
vt 0.268614768982 0.998272579745
vt 0.818532645702 0.417366921902
vt 0.681010127068 0.615090429783
vt 0.446756988764 0.446737766266
vt 0.473079979420 0.485610902309
vt 0.691798388958 0.605427891016
vt 0.699532926083 0.589300692081
vt 0.454242914915 0.755644679070
vt 0.670412540436 0.630594313145
vt 0.602288246155 0.367227137089
vt 0.804479062557 0.338205039501
vt 0.497099250555 0.483419656754
vt 0.742793142796 0.337004959583
vt 0.683254718781 0.493525564671
vt 0.819415330887 0.349037468433
vt 0.497592002153 0.519517481327
vt 0.477054893970 0.499272286892
vt 0.630808949471 0.443537712097
vt 0.588430643082 0.367979407310
vt 0.581791937351 0.676267743111
vt 0.496222317219 0.645867198706
vt 0.521087884903 0.495682537556
vt 0.613474845886 0.363704681396
vt 0.646915256977 0.641142874956
vt 0.487326741219 0.736062616110
vt 0.711150944233 0.337567687035
vt 0.426494121552 0.283494234085
vt 0.834865987301 0.376238107681
vt 0.505081653595 0.441937208176
vt 0.700729548931 0.341434001923
vt 0.490360826254 0.401880741119
vt 0.838183283806 0.368631362915
vt 0.402824997902 0.197317242622
vt 0.439409971237 0.774194106460
vt 0.521667242050 0.465442419052
vt 0.520132660866 0.474589288235
vt 0.744924962521 0.336592137814
vt 0.739071309566 0.333776772022
vt 0.663959980011 0.358847916126
vt 0.452868431807 0.768554270267
vt 0.425608694553 0.254857122898
vt 0.499986708164 0.730469942093
vt 0.471954673529 0.616200476885
vt 0.564748167992 0.371294736862
vt 0.561820924282 0.378025650978
vt 0.506696462631 0.535080790520
vt 0.495260834694 0.528444051743
vt 0.474597781897 0.370717406273
vt 0.377068787813 0.533612519503
vt 0.323253780603 0.582991212606
vt 0.424496233463 0.475296199322
vt 0.412467539310 0.192210197449
vt 0.509769082069 0.530221134424
vt 0.515408217907 0.530298262835
vt 0.756394207478 0.333826065063
vt 0.648650705814 0.356424868107
vt 0.490754425526 0.546580642462
vt 0.685823798180 0.497877299786
vt 0.494987159967 0.488081395626
vt 0.702869117260 0.336248517036
vt 0.491601526737 0.589819729328
vt 0.514503240585 0.523216903210
vt 0.407731026411 0.142521381378
vt 0.504364967346 0.537490248680
vt 0.406754106283 0.507009446621
vt 0.697030544281 0.595306277275
vt 0.634185016155 0.651929706335
vt 0.509952425957 0.655627578497
vt 0.604535639286 0.669752687216
vt 0.631537377834 0.655270904303
vt 0.446162045002 0.362087845802
vt 0.348384618759 0.563746154308
vt 0.636352837086 0.448857188225
vt 0.441026866436 0.341947138309
vt 0.519254565239 0.513838529587
vt 0.622039079666 0.354343652725
vt 0.451541721821 0.704592227936
vt 0.648523032665 0.642220824957
vt 0.642588436604 0.352241814137
vt 0.448655903339 0.354200363159
vt 0.606716990471 0.361707150936
vt 0.482908487320 0.572429388762
vt 0.461796432734 0.453670263290
vt 0.492554157972 0.457665860653
vt 0.666303873062 0.351306200027
vt 0.466578245163 0.616610705853
vt 0.642691314220 0.452635169029
vt 0.488248527050 0.561810612679
vt 0.597415447235 0.366332650185
vt 0.415452688932 0.494789361954
vt 0.515246748924 0.526675999165
vt 0.428386718035 0.295608758926
vt 0.581288099289 0.686619997025
vt 0.551694571972 0.703137516975
vt 0.645658075809 0.457049727440
vt 0.493993908167 0.439515650272
vt 0.494853109121 0.524123221636
vt 0.680172204971 0.487975001335
vt 0.719758272171 0.335881412029
vt 0.404200285673 0.149361848831
vt 0.672161698341 0.625273197889
vt 0.503549814224 0.543322473764
vt 0.408545672894 0.161061227322
vt 0.502994596958 0.532807618380
vt 0.824864208698 0.344571173191
vt 0.506324827671 0.449570953846
vt 0.459040820599 0.406855940819
vt 0.507808208466 0.456895291805
vt 0.460000485182 0.780113413930
vt 0.470784306526 0.743584066629
vt 0.622231543064 0.349006891251
vt 0.405929595232 0.132345616817
vt 0.512930870056 0.518665552139
vt 0.612662732601 0.358409225941
vt 0.458884447813 0.755435451865
vt 0.462130337954 0.752182349563
vt 0.595731496811 0.670201838017
vt 0.749564468861 0.330772757530
vt 0.580470919609 0.366211235523
vt 0.503830432892 0.532807976007
vt 0.842051506042 0.351545155048
vt 0.436320781708 0.461548507214
vt 0.488258659840 0.600800484419
vt 0.698265790939 0.337725341320
vt 0.659158647060 0.645786315203
vt 0.612915158272 0.664826929569
vt 0.330322802067 0.577342927456
vt 0.832232832909 0.407570838928
vt 0.839990556240 0.347134649754
vt 0.463813722134 0.757477506995
vt 0.412114113569 0.493411183357
vt 0.816473603249 0.344117581844
vt 0.638109564781 0.447529613972
vt 0.466848731041 0.688449114561
vt 0.473787784576 0.672566354275
vt 0.466879665852 0.636606007814
vt 0.593681752682 0.365589559078
vt 0.572997927666 0.365865707397
vt 0.494546711445 0.493127226830
vt 0.447267651558 0.773923099041
vt 0.516342341900 0.510526657104
vt 0.507927477360 0.510913431644
vt 0.691769838333 0.337630510330
vt 0.743824601173 0.478534936905
vt 0.472193866968 0.352444648743
vt 0.680541872978 0.620902270079
vt 0.506635367870 0.414366185665
vt 0.469961434603 0.356553554535
vt 0.501997232437 0.543490350246
vt 0.695709526539 0.601043045521
vt 0.482343703508 0.374838471413
vt 0.596488416195 0.359396934509
vt 0.508190572262 0.463257193565
vt 0.510106146336 0.471978425980
vt 0.668215632439 0.342026770115
vt 0.436357468367 0.451899409294
vt 0.764114141464 0.330023109913
vt 0.640326261520 0.652847826481
vt 0.531515479088 0.382787704468
vt 0.832693457603 0.350186884403
vt 0.831207871437 0.349873781204
vt 0.842417776585 0.375631093979
vt 0.474573343992 0.414524555206
vt 0.438559055328 0.442027568817
vt 0.588788509369 0.359902083874
vt 0.316235572100 0.594317108393
vt 0.781362175941 0.328500807285
vt 0.684972763062 0.339972078800
vt 0.778999626637 0.464079856873
vt 0.503830373287 0.519356787205
vt 0.658398270607 0.347512602806
vt 0.655788898468 0.466159403324
vt 0.475938856602 0.363694727421
vt 0.475247234106 0.360597431660
vt 0.407744526863 0.502771764994
vt 0.743740797043 0.331178724766
vt 0.495227605104 0.531758546829
vt 0.605587780476 0.355192184448
vt 0.677076697350 0.345226168633
vt 0.498451739550 0.541479527950
vt 0.464058429003 0.754898324609
vt 0.569379806519 0.694672346115
vt 0.423925012350 0.306089997292
vt 0.619814217091 0.661366552114
vt 0.645415604115 0.647092312574
vt 0.519472122192 0.376052856445
vt 0.485786527395 0.375597476959
vt 0.689241528511 0.469922363758
vt 0.466204047203 0.774197056890
vt 0.835447669029 0.396316468716
vt 0.820070207119 0.343456745148
vt 0.810173809528 0.444441556931
vt 0.494206458330 0.739575475454
vt 0.503849267960 0.729128181934
vt 0.465195208788 0.745654821396
vt 0.427866876125 0.466421008110
vt 0.461382091045 0.767642796040
vt 0.673114538193 0.341258108616
vt 0.508408844471 0.478807866573
vt 0.712861835957 0.335186719894
vt 0.734957337379 0.331409931183
vt 0.670164823532 0.480501413345
vt 0.663500785828 0.473110735416
vt 0.400334417820 0.132191896439
vt 0.496853560209 0.537932276726
vt 0.649531185627 0.457826733589
vt 0.454560011625 0.589495331049
vt 0.730332195759 0.495144307613
vt 0.485708117485 0.583663314581
vt 0.658036351204 0.465588748455
vt 0.524539232254 0.718100190163
vt 0.472716003656 0.608979165554
vt 0.728940010071 0.330841243267
vt 0.470584183931 0.759738326073
vt 0.488964796066 0.892850264907
vt 0.649441361427 0.353135228157
vt 0.501650631428 0.459789991379
vt 0.511962771416 0.485392391682
vt 0.511777281761 0.496113061905
vt 0.510040223598 0.513815820217
vt 0.513816416264 0.505155682564
vt 0.725967049599 0.332180976868
vt 0.423379331827 0.248549580574
vt 0.710502386093 0.329611241817
vt 0.498136222363 0.574448674917
vt 0.617772638798 0.664978861809
vt 0.500576436520 0.590090960264
vt 0.614628911018 0.351258277893
vt 0.680360496044 0.340183615685
vt 0.462058871984 0.745135009289
vt 0.479382574558 0.943561129272
vt 0.446584790945 0.921784505248
vt 0.439866811037 0.937430962920
vt 0.501226246357 0.510589122772
vt 0.476134538651 0.756364002824
vt 0.405738770962 0.497717022896
vt 0.635879635811 0.657463133335
vt 0.499984890223 0.383424103260
vt 0.597956776619 0.350905060768
vt 0.673936426640 0.481344461441
vt 0.598290860653 0.681505888700
vt 0.471177607775 0.423451840878
vt 0.825758337975 0.337847590446
vt 0.822312533855 0.335774600506
vt 0.418225377798 0.254659056664
vt 0.627424001694 0.665974229574
vt 0.472338765860 0.751953974366
vt 0.741680681705 0.330004513264
vt 0.704652905464 0.592053502798
vt 0.829136431217 0.342801213264
vt 0.551469385624 0.370894849300
vt 0.456325024366 0.772162169218
vt 0.497781753540 0.503991931677
vt 0.521791934967 0.527547061443
vt 0.482989013195 0.362081289291
vt 0.493924349546 0.532671928406
vt 0.494483560324 0.476251184940
vt 0.829134762287 0.336413085461
vt 0.720016777515 0.331125795841
vt 0.495577961206 0.552496016026
vt 0.649605154991 0.652861207724
vt 0.666298806667 0.457553207874
vt 0.480025887489 0.406173408031
vt 0.535307824612 0.378797411919
vt 0.531868994236 0.483348488808
vt 0.493677079678 0.538432449102
vt 0.485431253910 0.748546242714
vt 0.480916559696 0.747977197170
vt 0.497172743082 0.534667283297
vt 0.528711020947 0.463038206100
vt 0.533151328564 0.478079438210
vt 0.491455823183 0.587834209204
vt 0.715431869030 0.330106437206
vt 0.475768655539 0.354044616222
vt 0.543764054775 0.376079797745
vt 0.565004289150 0.365671336651
vt 0.413445740938 0.251215517521
vt 0.452425211668 0.431303858757
vt 0.459983617067 0.588102549314
vt 0.507120192051 0.472015500069
vt 0.760044872761 0.471889019012
vt 0.510024309158 0.526814699173
vt 0.815294981003 0.336026132107
vt 0.700566172600 0.331900238991
vt 0.387764990330 0.521132171154
vt 0.635087013245 0.345654666424
vt 0.398504912853 0.150149106979
vt 0.687778234482 0.618400752544
vt 0.704434514046 0.332554340363
vt 0.395915120840 0.118926644325
vt 0.643975913525 0.653118550777
vt 0.430885255337 0.318604886532
vt 0.474028438330 0.410396039486
vt 0.503244996071 0.736886382103
vt 0.420732021332 0.472258925438
vt 0.465714037418 0.493958115578
vt 0.502659380436 0.484819412231
vt 0.481550097466 0.591877222061
vt 0.476452797651 0.589498370886
vt 0.792373538017 0.324094295502
vt 0.650685548782 0.345556914806
vt 0.666035175323 0.339756906033
vt 0.707093298435 0.617372810841
vt 0.488462716341 0.609823375940
vt 0.549179315567 0.714488685131
vt 0.536266505718 0.725214570761
vt 0.696260690689 0.331031680107
vt 0.465719670057 0.588620781898
vt 0.395852118731 0.507647216320
vt 0.476416438818 0.347101330757
vt 0.469152659178 0.746589660645
vt 0.473349303007 0.766721218824
vt 0.836822628975 0.330352008343
vt 0.496260702610 0.545297950506
vt 0.482758611441 0.581614851952
vt 0.493231147528 0.459548294544
vt 0.504313886166 0.526843219995
vt 0.508187174797 0.510271281004
vt 0.507373511791 0.483648538589
vt 0.723513484001 0.328334808350
vt 0.828144967556 0.331625640392
vt 0.811936974525 0.329526841640
vt 0.587664544582 0.355564832687
vt 0.379129618406 0.519724667072
vt 0.602376103401 0.685505747795
vt 0.674501299858 0.334819316864
vt 0.693059921265 0.619230628014
vt 0.465004771948 0.555440217257
vt 0.496786445379 0.562799483538
vt 0.755822122097 0.324679255486
vt 0.484485596418 0.584652096033
vt 0.685463547707 0.334343194962
vt 0.352609902620 0.542707055807
vt 0.474978804588 0.746348977089
vt 0.484774112701 0.587179124355
vt 0.591143548489 0.687267005444
vt 0.712120890617 0.330207467079
vt 0.516590178013 0.497926533222
vt 0.628109812737 0.347481667995
vt 0.648236155510 0.339984238148
vt 0.405396431684 0.483684182167
vt 0.444925546646 0.433923840523
vt 0.515635013580 0.411296427250
vt 0.718959867954 0.152868449688
vt 0.704621553421 0.151598572731
vt 0.727331995964 0.160901963711
vt 0.497943073511 0.567791461945
vt 0.625590682030 0.341553866863
vt 0.479343175888 0.582312166691
vt 0.427564412355 0.450031518936
vt 0.618126869202 0.668080329895
vt 0.412151724100 0.244929552078
vt 0.604011118412 0.351105451584
vt 0.485952854156 0.361271440983
vt 0.577642261982 0.358579099178
vt 0.429819852114 0.358589470387
vt 0.505530178547 0.487639367580
vt 0.506504595280 0.491227328777
vt 0.506612062454 0.498012900352
vt 0.414296060801 0.473610579967
vt 0.508112311363 0.504071444273
vt 0.472324401140 0.327646315098
vt 0.468425661325 0.335527062416
vt 0.732143104076 0.328746020794
vt 0.471432060003 0.581417798996
vt 0.837864816189 0.334707558155
vt 0.392423301935 0.119310379028
vt 0.526852786541 0.371951878071
vt 0.689955055714 0.621746182442
vt 0.771978557110 0.325936853886
vt 0.504007995129 0.739270836115
vt 0.607850432396 0.348317742348
vt 0.820458710194 0.331137835979
vt 0.494547784328 0.606670111418
vt 0.501898646355 0.608118623495
vt 0.416296660900 0.247074186802
vt 0.504856109619 0.480284273624
vt 0.846646368504 0.392894089222
vt 0.651831984520 0.339464962482
vt 0.472654998302 0.933275766671
vt 0.491302400827 0.924431808293
vt 0.461059302092 0.912503525615
vt 0.704346954823 0.327176332474
vt 0.567886948586 0.362406611443
vt 0.545600831509 0.369352161884
vt 0.848661720753 0.348964154720
vt 0.678905844688 0.637722611427
vt 0.326154172421 0.567716449499
vt 0.548506498337 0.365380465984
vt 0.508978962898 0.732161253691
vt 0.730364799500 0.327591478825
vt 0.398122251034 0.500824987888
vt 0.736282408237 0.327832996845
vt 0.494872659445 0.745884925127
vt 0.712471127510 0.599201679230
vt 0.490646332502 0.538967043161
vt 0.486934274435 0.751105204225
vt 0.498155415058 0.544829756021
vt 0.568028092384 0.359103977680
vt 0.498200893402 0.543770015240
vt 0.734894931316 0.327190399170
vt 0.404535114765 0.210487544537
vt 0.467618107796 0.768705651164
vt 0.487357616425 0.642889678478
vt 0.467140316963 0.410242557526
vt 0.496462702751 0.556935012341
vt 0.392938792706 0.134021282196
vt 0.827472329140 0.432805359364
vt 0.833135247231 0.417855620384
vt 0.455783516169 0.416872560978
vt 0.517081201077 0.455072462559
vt 0.481894671917 0.578635692596
vt 0.480351120234 0.764855414629
vt 0.747349619865 0.157591283321
vt 0.736621022224 0.166236817837
vt 0.427173316479 0.455753028393
vt 0.528512299061 0.511224657297
vt 0.477561473846 0.748690038919
vt 0.476554483175 0.340378403664
vt 0.498762875795 0.584539055824
vt 0.604754805565 0.682224303484
vt 0.737295627594 0.326408386230
vt 0.537963569164 0.373104631901
vt 0.676307022572 0.330899894238
vt 0.483844488859 0.659151732922
vt 0.487162411213 0.582236409187
vt 0.624856352806 0.345290660858
vt 0.748974680901 0.166892468929
vt 0.776095569134 0.164219260216
vt 0.487716913223 0.361834228039
vt 0.499678611755 0.489480793476
vt 0.491276502609 0.472897410393
vt 0.590854942799 0.351874589920
vt 0.694452881813 0.629116177559
vt 0.833103775978 0.332203269005
vt 0.632745802402 0.663147419691
vt 0.454255849123 0.566996783018
vt 0.492965042591 0.656405866146
vt 0.532195925713 0.716485857964
vt 0.499105393887 0.515997081995
vt 0.637771129608 0.340300500393
vt 0.631704568863 0.340287268162
vt 0.571382403374 0.354920744896
vt 0.590886294842 0.694555997849
vt 0.501658320427 0.383273005486
vt 0.486221700907 0.391066372395
vt 0.848479926586 0.364548742771
vt 0.744006693363 0.319132387638
vt 0.490750044584 0.529681921005
vt 0.480796217918 0.750753447413
vt 0.619046092033 0.672107785940
vt 0.503123760223 0.508615702391
vt 0.802454948425 0.325409412384
vt 0.720995128155 0.169370234013
vt 0.700615286827 0.147522985935
vt 0.691400229931 0.139502644539
vt 0.692860603333 0.152954339981
vt 0.827916741371 0.329094588757
vt 0.171024337411 0.577005565166
vt 0.156680017710 0.601431846619
vt 0.166388839483 0.590641081333
vt 0.486211806536 0.347896039486
vt 0.486293077469 0.645298153162
vt 0.763155102730 0.323744356632
vt 0.526573896408 0.527950704098
vt 0.501950085163 0.612415730953
vt 0.738324522972 0.324580669403
vt 0.642100155354 0.660144805908
vt 0.718792557716 0.326489806175
vt 0.844632327557 0.332426786423
vt 0.490109533072 0.518152147532
vt 0.187682420015 0.566230505705
vt 0.175536707044 0.574355185032
vt 0.184969887137 0.574044853449
vt 0.613440454006 0.679187059402
vt 0.609628558159 0.683169275522
vt 0.483608931303 0.576629370451
vt 0.564826905727 0.357731997967
vt 0.568421542645 0.701954811811
vt 0.674638271332 0.649801731110
vt 0.615313768387 0.342496693134
vt 0.392014026642 0.497361183167
vt 0.686437606812 0.326888144016
vt 0.483588129282 0.617721199989
vt 0.486519008875 0.756679832935
vt 0.679032802582 0.330187499523
vt 0.489014863968 0.577805548906
vt 0.698920547962 0.327271342278
vt 0.486580938101 0.541852295399
vt 0.489828437567 0.579091191292
vt 0.369389593601 0.525753915310
vt 0.732645988464 0.324603557587
vt 0.496776908636 0.757813900709
vt 0.474775433540 0.705513030291
vt 0.500230550766 0.594943493605
vt 0.605518460274 0.346334695816
vt 0.516067028046 0.516187399626
vt 0.558723211288 0.358151078224
vt 0.616897523403 0.673354595900
vt 0.492509335279 0.509408861399
vt 0.341690510511 0.547368705273
vt 0.488909840584 0.536129832268
vt 0.636813819408 0.663372814655
vt 0.391788572073 0.500601589680
vt 0.711250901222 0.593396097422
vt 0.500427722931 0.502883523703
vt 0.466858685017 0.569944500923
vt 0.537517488003 0.722776114941
vt 0.737448096275 0.320277035236
vt 0.629743278027 0.670331597328
vt 0.820565998554 0.325837790966
vt 0.671919524670 0.334141790867
vt 0.712703406811 0.326201081276
vt 0.659786045551 0.326950550079
vt 0.725899338722 0.323417305946
vt 0.501486003399 0.601573616266
vt 0.694437265396 0.326662003994
vt 0.455483704805 0.397518098354
vt 0.553482353687 0.361761629581
vt 0.718561947346 0.592184275389
vt 0.483479440212 0.574213802814
vt 0.425856918097 0.333010256290
vt 0.620626688004 0.334431946278
vt 0.388315081596 0.174463152885
vt 0.378005176783 0.522409915924
vt 0.815149426460 0.328910768032
vt 0.594543457031 0.347495079041
vt 0.460133820772 0.411255061626
vt 0.636993408203 0.334421873093
vt 0.512362957001 0.734614133835
vt 0.825140655041 0.324416339397
vt 0.489860713482 0.767301827669
vt 0.464173972607 0.558654576540
vt 0.469066530466 0.307220041752
vt 0.389960348606 0.503368914127
vt 0.478846013546 0.541480898857
vt 0.488486140966 0.545417845249
vt 0.537874937057 0.719232141972
vt 0.694087922573 0.324185729027
vt 0.810100317001 0.324568390846
vt 0.454340726137 0.410040616989
vt 0.673162400723 0.329511642456
vt 0.459071695805 0.433704137802
vt 0.469844311476 0.456777095795
vt 0.488160818815 0.622890561819
vt 0.475722938776 0.636414706707
vt 0.489340543747 0.502034783363
vt 0.576345026493 0.350631356239
vt 0.484531611204 0.638763993979
vt 0.643775939941 0.333705186844
vt 0.710788249969 0.325128972530
vt 0.487608700991 0.493273437023
vt 0.762978792191 0.173573851585
vt 0.528226315975 0.700784474611
vt 0.502279818058 0.745915621519
vt 0.410357564688 0.260401070118
vt 0.847817957401 0.408078610897
vt 0.532517492771 0.368481159210
vt 0.633679449558 0.333159565926
vt 0.696753621101 0.171191394329
vt 0.484821259975 0.536495506763
vt 0.467547267675 0.713602483273
vt 0.728530704975 0.321176230907
vt 0.489312559366 0.354554057121
vt 0.598292708397 0.344232916832
vt 0.803327202797 0.319876909256
vt 0.605703651905 0.342151880264
vt 0.492513030767 0.751105144620
vt 0.678262174129 0.323161900043
vt 0.715504825115 0.325632631779
vt 0.418243676424 0.295482754707
vt 0.381444036961 0.125221729279
vt 0.506650745869 0.583089411259
vt 0.382633656263 0.116706073284
vt 0.485292643309 0.763844579458
vt 0.479379534721 0.524044036865
vt 0.682446360588 0.325709581375
vt 0.385717779398 0.492839932442
vt 0.828767657280 0.318534553051
vt 0.474271506071 0.566498965025
vt 0.478256046772 0.332413852215
vt 0.542844593525 0.360244333744
vt 0.381131798029 0.098204791546
vt 0.505915045738 0.746709704399
vt 0.486249208450 0.571999400854
vt 0.490422070026 0.641175329685
vt 0.656754255295 0.677484631538
vt 0.437479317188 0.436393976212
vt 0.663401901722 0.332442522049
vt 0.563468813896 0.714324682951
vt 0.640870690346 0.665535569191
vt 0.418114483356 0.457076966763
vt 0.500045895576 0.589967012405
vt 0.850098669529 0.334683120251
vt 0.817563414574 0.320648789406
vt 0.499007672071 0.620233237743
vt 0.481818199158 0.534025311470
vt 0.654052793980 0.330498814583
vt 0.489155292511 0.484765887260
vt 0.480520904064 0.678029209375
vt 0.629579424858 0.332783639431
vt 0.639760077000 0.330147624016
vt 0.536929666996 0.362633287907
vt 0.482890665531 0.528445810080
vt 0.405040085316 0.476583540440
vt 0.481771826744 0.545994043350
vt 0.673525869846 0.323608934879
vt 0.499491482973 0.581181317568
vt 0.489060074091 0.515449076891
vt 0.635072946548 0.672505378723
vt 0.370169669390 0.513074815273
vt 0.498824626207 0.462022781372
vt 0.478667408228 0.318101465702
vt 0.660796403885 0.321009695530
vt 0.160803258419 0.605200111866
vt 0.604259073734 0.335311949253
vt 0.843852102757 0.310706853867
vt 0.840748548508 0.419697344303
vt 0.822751224041 0.321542441845
vt 0.402847111225 0.251625597477
vt 0.584029436111 0.348441302776
vt 0.413374155760 0.921153672040
vt 0.571702420712 0.351158738136
vt 0.256191045046 0.516272842884
vt 0.287584304810 0.499293625355
vt 0.280881851912 0.498752832413
vt 0.487084388733 0.569908410311
vt 0.517311036587 0.735874354839
vt 0.425861537457 0.442310750484
vt 0.479657888412 0.503292351961
vt 0.732949435711 0.320573985577
vt 0.808885574341 0.316932857037
vt 0.411326467991 0.278308629990
vt 0.474042743444 0.474274694920
vt 0.436047285795 0.394785225391
vt 0.511578440666 0.491243243217
vt 0.623907566071 0.677153646946
vt 0.787250936031 0.174339890480
vt 0.838538289070 0.318006753922
vt 0.691949605942 0.321786105633
vt 0.456542730331 0.547047436237
vt 0.460068345070 0.539613068104
vt 0.453225106001 0.532039046288
vt 0.567973852158 0.349598646164
vt 0.462866604328 0.906733125448
vt 0.679347038269 0.109978318214
vt 0.671254396439 0.110427260399
vt 0.701562821865 0.322411954403
vt 0.400112003088 0.230225563049
vt 0.374898821115 0.076727330685
vt 0.374007344246 0.097053885460
vt 0.722950518131 0.320969164371
vt 0.589508593082 0.697903096676
vt 0.771991431713 0.319252967834
vt 0.389907866716 0.489524543285
vt 0.599720120430 0.688680201769
vt 0.616281151772 0.678938895464
vt 0.714232027531 0.322513461113
vt 0.346849501133 0.537870496511
vt 0.853992104530 0.357352197170
vt 0.518882989883 0.748409926891
vt 0.836576759815 0.320124745369
vt 0.496382862329 0.752369701862
vt 0.379363268614 0.505397111177
vt 0.489819198847 0.762769535184
vt 0.508782446384 0.587678253651
vt 0.531526565552 0.367069005966
vt 0.471087157726 0.557768136263
vt 0.693513095379 0.318308115005
vt 0.410295128822 0.312352776527
vt 0.701269984245 0.316089391708
vt 0.696276962757 0.315589368343
vt 0.520014464855 0.744608581066
vt 0.631127059460 0.326271533966
vt 0.592461526394 0.343845546246
vt 0.521911382675 0.737710118294
vt 0.481827944517 0.497666478157
vt 0.407957553864 0.244128882885
vt 0.465719014406 0.543047219515
vt 0.687633275986 0.650599151850
vt 0.615754067898 0.336916446686
vt 0.676933705807 0.147791087627
vt 0.490211039782 0.382615327835
vt 0.286059945822 0.494394361973
vt 0.233540952206 0.538384616375
vt 0.253716498613 0.536715835333
vt 0.498929589987 0.380265057087
vt 0.574687957764 0.347487211227
vt 0.552640378475 0.357218623161
vt 0.690440952778 0.316130518913
vt 0.799913167953 0.188787698746
vt 0.791359186172 0.188191652298
vt 0.642144322395 0.326723992825
vt 0.397798448801 0.480214416981
vt 0.782882213593 0.319721341133
vt 0.467670321465 0.732508718967
vt 0.476357430220 0.721674025059
vt 0.608653426170 0.335730195045
vt 0.598196208477 0.337141036987
vt 0.690433859825 0.101252615452
vt 0.683209061623 0.097521722317
vt 0.683860421181 0.109495937824
vt 0.735181450844 0.176940262318
vt 0.702078044415 0.102630436420
vt 0.715329766273 0.091917932034
vt 0.708501040936 0.086264312267
vt 0.698809146881 0.090684890747
vt 0.409807860851 0.300252497196
vt 0.717265903950 0.321619927883
vt 0.493211060762 0.568175137043
vt 0.493247658014 0.573252052069
vt 0.692898154259 0.316067457199
vt 0.547068655491 0.358879745007
vt 0.652321696281 0.314745426178
vt 0.647557139397 0.678232222795
vt 0.483347117901 0.566476106644
vt 0.720227837563 0.321926951408
vt 0.639507532120 0.668109506369
vt 0.815713524818 0.319354355335
vt 0.525994241238 0.365780472755
vt 0.402662038803 0.248372793198
vt 0.687142908573 0.319747328758
vt 0.413921654224 0.292363762856
vt 0.676862299442 0.103639364243
vt 0.624208867550 0.330392122269
vt 0.409183114767 0.321922898293
vt 0.289132863283 0.512757092714
vt 0.679845869541 0.317961871624
vt 0.477557241917 0.481364250183
vt 0.148214355111 0.615785241127
vt 0.151807218790 0.621881425381
vt 0.420189410448 0.338625490665
vt 0.714886784554 0.176171600819
vt 0.578822135925 0.706848978996
vt 0.649638056755 0.318917810917
vt 0.384471267462 0.503564685583
vt 0.789092063904 0.315041184425
vt 0.431326568127 0.426798760891
vt 0.668436348438 0.319536626339
vt 0.469217270613 0.533807754517
vt 0.494794994593 0.761609241366
vt 0.468150138855 0.292252421379
vt 0.855932593346 0.346670866013
vt 0.529389262199 0.740549653769
vt 0.713328659534 0.318778276443
vt 0.544488012791 0.721256762743
vt 0.525505900383 0.544262856245
vt 0.633976101875 0.320880591869
vt 0.475595802069 0.535707324743
vt 0.706458151340 0.321907877922
vt 0.485300421715 0.385318756104
vt 0.479638129473 0.390789151192
vt 0.479799896479 0.489874958992
vt 0.414034605026 0.298230946064
vt 0.671635448933 0.320160984993
vt 0.364981889725 0.517796009779
vt 0.685450196266 0.157636582851
vt 0.181976541877 0.596838980913
vt 0.559303998947 0.354333221912
vt 0.683808028698 0.314069986343
vt 0.679269373417 0.314216494560
vt 0.490738600492 0.566829860210
vt 0.603324890137 0.699103742838
vt 0.473802179098 0.546293795109
vt 0.393271207809 0.472702205181
vt 0.515162289143 0.365336835384
vt 0.457829982042 0.517880916595
vt 0.475855588913 0.309707760811
vt 0.687778472900 0.314346611500
vt 0.412422090769 0.449724078178
vt 0.775984168053 0.181484699249
vt 0.295837402344 0.499012470245
vt 0.301238507032 0.493957459927
vt 0.480681091547 0.517081201077
vt 0.699647784233 0.312912166119
vt 0.502220094204 0.753356069326
vt 0.850804209709 0.304438352585
vt 0.479380249977 0.512033283710
vt 0.501678287983 0.598426759243
vt 0.639612972736 0.672393083572
vt 0.681593120098 0.307474017143
vt 0.476415514946 0.495084941387
vt 0.822764396667 0.318194568157
vt 0.615434706211 0.684101372957
vt 0.474346548319 0.588842153549
vt 0.673929035664 0.314287662506
vt 0.612029910088 0.331659793854
vt 0.589005053043 0.340380430222
vt 0.486761838198 0.374830424786
vt 0.643141090870 0.323016941547
vt 0.483272522688 0.562572479248
vt 0.812452018261 0.316493034363
vt 0.571422040462 0.713093250990
vt 0.656037569046 0.320618510246
vt 0.719535350800 0.319786489010
vt 0.378360211849 0.499125242233
vt 0.503569960594 0.608183652163
vt 0.833397448063 0.314055919647
vt 0.409150600433 0.288737118244
vt 0.445548176765 0.413004219532
vt 0.439840108156 0.420676887035
vt 0.404848635197 0.457552194595
vt 0.482250183821 0.383465826511
vt 0.478916287422 0.384981334209
vt 0.709748268127 0.318657219410
vt 0.817218363285 0.316541969776
vt 0.857189655304 0.378898978233
vt 0.732591867447 0.314934194088
vt 0.829127371311 0.312600314617
vt 0.544912934303 0.356668531895
vt 0.368149906397 0.511250376701
vt 0.833300054073 0.311374783516
vt 0.462042421103 0.391401290894
vt 0.563985943794 0.348465740681
vt 0.747623324394 0.176841259003
vt 0.617353916168 0.327935338020
vt 0.523460745811 0.360803127289
vt 0.503637969494 0.758575692773
vt 0.455759376287 0.477866828442
vt 0.465616971254 0.474659383297
vt 0.579243540764 0.341932594776
vt 0.532833397388 0.360158562660
vt 0.553001940250 0.723182260990
vt 0.414404809475 0.050572574139
vt 0.420747041702 0.051571369171
vt 0.425465166569 0.047788321972
vt 0.765975534916 0.313695430756
vt 0.726345002651 0.317323565483
vt 0.620147705078 0.328933894634
vt 0.463840335608 0.407852530479
vt 0.498198211193 0.569596588612
vt 0.359794884920 0.522491365671
vt 0.552631080151 0.690999746323
vt 0.696126043797 0.306834161282
vt 0.704608201981 0.310990214348
vt 0.708746731281 0.309674263000
vt 0.704547047615 0.309615373611
vt 0.547657549381 0.725940644741
vt 0.708692073822 0.312073409557
vt 0.620556175709 0.322193801403
vt 0.723819136620 0.317100942135
vt 0.558202385902 0.349556446075
vt 0.552230060101 0.352578878403
vt 0.403783172369 0.242919623852
vt 0.607262730598 0.330230772495
vt 0.823841810226 0.315543949604
vt 0.717344999313 0.311095893383
vt 0.721456229687 0.312816977501
vt 0.719418585300 0.309385895729
vt 0.472709655762 0.552198261023
vt 0.821410596371 0.315273404121
vt 0.675224483013 0.306491076946
vt 0.671746373177 0.311088681221
vt 0.611627280712 0.688001722097
vt 0.298740833998 0.483750641346
vt 0.194458246231 0.578788042068
vt 0.540234684944 0.356468915939
vt 0.350953668356 0.527892231941
vt 0.684568762779 0.307063698769
vt 0.859942376614 0.363522291183
vt 0.496144890785 0.570563435555
vt 0.386915415525 0.208125114441
vt 0.395092278719 0.215671539307
vt 0.636600852013 0.315776228905
vt 0.689473211765 0.306536555290
vt 0.470896512270 0.508550852537
vt 0.779082357883 0.311923086643
vt 0.509654283524 0.753682464361
vt 0.832311749458 0.234953343868
vt 0.811393678188 0.201139330864
vt 0.812694609165 0.214516282082
vt 0.644691169262 0.318726778030
vt 0.640800237656 0.313420295715
vt 0.567003607750 0.723664700985
vt 0.419672936201 0.439065515995
vt 0.714846849442 0.307458937168
vt 0.664302825928 0.304008007050
vt 0.613807737827 0.327346861362
vt 0.475291043520 0.382400631905
vt 0.465783476830 0.574156850576
vt 0.713585615158 0.311534404755
vt 0.594990074635 0.333666443825
vt 0.713751971722 0.313515841961
vt 0.728136241436 0.313183665276
vt 0.709087431431 0.307735502720
vt 0.711625695229 0.314937829971
vt 0.702135860920 0.307147860527
vt 0.312076061964 0.480766415596
vt 0.723850071430 0.310814082623
vt 0.455470114946 0.379451453686
vt 0.470252424479 0.355489730835
vt 0.457105427980 0.335201203823
vt 0.716572642326 0.315211772919
vt 0.829366981983 0.308956325054
vt 0.677128016949 0.664941489697
vt 0.607303023338 0.692023605108
vt 0.370370656252 0.117278993130
vt 0.404218465090 0.293512761593
vt 0.800959706306 0.198396444321
vt 0.405332475901 0.285599470139
vt 0.510830104351 0.476481378078
vt 0.396420091391 0.935411363840
vt 0.602281928062 0.327763319016
vt 0.371194571257 0.505399078131
vt 0.471568405628 0.384531199932
vt 0.468465775251 0.416511654854
vt 0.370193034410 0.094926536083
vt 0.257540583611 0.545385360718
vt 0.417233467102 0.444700777531
vt 0.427473336458 0.055191576481
vt 0.646396100521 0.314893364906
vt 0.466307938099 0.474063932896
vt 0.658875107765 0.310053288937
vt 0.467777609825 0.412086546421
vt 0.617842018604 0.314895510674
vt 0.566757082939 0.340969264507
vt 0.638440310955 0.677390098572
vt 0.529990315437 0.356884479523
vt 0.467867791653 0.498880565166
vt 0.463565766811 0.457220494747
vt 0.731964647770 0.307736873627
vt 0.448412090540 0.438798546791
vt 0.503039956093 0.366983175278
vt 0.360409200191 0.060054898262
vt 0.355627030134 0.060934484005
vt 0.359303563833 0.064273536205
vt 0.371626138687 0.147010684013
vt 0.463394194841 0.403675079346
vt 0.466465145350 0.407507419586
vt 0.301766425371 0.497635841370
vt 0.669781625271 0.307125389576
vt 0.819666266441 0.311842083931
vt 0.811307132244 0.312637567520
vt 0.556596875191 0.346437036991
vt 0.200020208955 0.001727402210
vt 0.181140124798 0.002375781536
vt 0.187176451087 0.012408018112
vt 0.533370733261 0.353485822678
vt 0.828998863697 0.301166355610
vt 0.469184011221 0.484262228012
vt 0.469887375832 0.522874772549
vt 0.576034128666 0.337115526199
vt 0.468773543835 0.492487728596
vt 0.414834290743 0.059205234051
vt 0.465350657701 0.518857777119
vt 0.611702144146 0.320264816284
vt 0.807254791260 0.311217606068
vt 0.630944788456 0.683985352516
vt 0.456822514534 0.459975421429
vt 0.457336038351 0.528741329908
vt 0.477449387312 0.288924872875
vt 0.648051261902 0.310376167297
vt 0.720142006874 0.301771819592
vt 0.472147852182 0.512984812260
vt 0.759790837765 0.184624493122
vt 0.470770597458 0.491459608078
vt 0.551549613476 0.348981261253
vt 0.464623034000 0.547598987818
vt 0.318742752075 0.475647807121
vt 0.325550407171 0.477553427219
vt 0.397786438465 0.275021910667
vt 0.472656637430 0.423311054707
vt 0.470892935991 0.418747663498
vt 0.595484077930 0.328308999538
vt 0.401948481798 0.306976854801
vt 0.729129791260 0.182277560234
vt 0.489869564772 0.370987772942
vt 0.399480879307 0.241945743561
vt 0.627723515034 0.313462853432
vt 0.540976822376 0.748479843140
vt 0.701258003712 0.304493308067
vt 0.467415452003 0.381591379642
vt 0.466130971909 0.536979407072
vt 0.518729746342 0.357658922672
vt 0.703995466232 0.305001139641
vt 0.637203097343 0.680820703506
vt 0.620896637440 0.693528175354
vt 0.370453476906 0.068868517876
vt 0.366800606251 0.081136167049
vt 0.838098406792 0.291355252266
vt 0.367175877094 0.506396681070
vt 0.391270130873 0.259682357311
vt 0.584465265274 0.332665085793
vt 0.710000991821 0.302612841129
vt 0.525197565556 0.353137791157
vt 0.825237810612 0.309911906719
vt 0.573325395584 0.715636521578
vt 0.749724268913 0.309271693230
vt 0.605817973614 0.321827173233
vt 0.495012938976 0.563349425793
vt 0.710642933846 0.181753218174
vt 0.515706956387 0.460230767727
vt 0.497290015221 0.564800143242
vt 0.740143597126 0.182802557945
vt 0.682915627956 0.089594542980
vt 0.528449475765 0.354815840721
vt 0.494498223066 0.367090821266
vt 0.460198849440 0.593968331814
vt 0.803082108498 0.206673622131
vt 0.649648249149 0.306693255901
vt 0.485088586807 0.552704602480
vt 0.545789778233 0.350938081741
vt 0.825994849205 0.305164277554
vt 0.818137884140 0.309928297997
vt 0.475292712450 0.531835615635
vt 0.514348626137 0.754487007856
vt 0.468433707952 0.552516460419
vt 0.393745392561 0.240244925022
vt 0.684385061264 0.301451683044
vt 0.571674346924 0.335778236389
vt 0.777512252331 0.193315386772
vt 0.610513687134 0.698756396770
vt 0.384014278650 0.060413479805
vt 0.391864418983 0.069122791290
vt 0.389730185270 0.061044931412
vt 0.463382214308 0.587344288826
vt 0.461825400591 0.481049001217
vt 0.388387948275 0.255120813847
vt 0.677785873413 0.300569415092
vt 0.521305799484 0.753537878394
vt 0.374539494514 0.168397545815
vt 0.822822272778 0.306163609028
vt 0.140057593584 0.629190653563
vt 0.475241988897 0.431342720985
vt 0.456469982862 0.468105494976
vt 0.385595738888 0.232450902462
vt 0.795413494110 0.304165601730
vt 0.644735932350 0.307401835918
vt 0.393542945385 0.248153269291
vt 0.546724438667 0.743735879660
vt 0.561933815479 0.728508889675
vt 0.827040076256 0.285208523273
vt 0.615644812584 0.693874627352
vt 0.497273772955 0.365391314030
vt 0.471207380295 0.278598189354
vt 0.466848671436 0.281166315079
vt 0.561825096607 0.341320872307
vt 0.822070479393 0.301131188869
vt 0.814711213112 0.307472705841
vt 0.379194080830 0.062294781208
vt 0.386888116598 0.069472849369
vt 0.657508134842 0.299876391888
vt 0.458254218102 0.541393011808
vt 0.463515073061 0.544715374708
vt 0.466634839773 0.505709677935
vt 0.750656306744 0.182580769062
vt 0.441164255142 0.896436870098
vt 0.671354889870 0.097478806973
vt 0.666234135628 0.102514207363
vt 0.514016747475 0.484427332878
vt 0.810336410999 0.306679785252
vt 0.364687204361 0.060428023338
vt 0.505156338215 0.355148792267
vt 0.364012926817 0.068235456944
vt 0.777424752712 0.174090623856
vt 0.776825129986 0.172454476357
vt 0.774554967880 0.177052974701
vt 0.389269322157 0.238743484020
vt 0.778754711151 0.169635236263
vt 0.365282952785 0.071560740471
vt 0.347295790911 0.064191937447
vt 0.503644585609 0.568604648113
vt 0.640053868294 0.305574715137
vt 0.693942070007 0.302105009556
vt 0.667872071266 0.301595628262
vt 0.661745369434 0.110212862492
vt 0.461076498032 0.489818215370
vt 0.703446865082 0.301768004894
vt 0.784116744995 0.306443154812
vt 0.779566109180 0.178548097610
vt 0.690907180309 0.301558494568
vt 0.503801167011 0.419524490833
vt 0.670690894127 0.300385773182
vt 0.792154848576 0.304712355137
vt 0.475967168808 0.541172683239
vt 0.216764628887 0.016525149345
vt 0.599520862103 0.324439346790
vt 0.475214540958 0.426356554031
vt 0.366039156914 0.114789724350
vt 0.789515078068 0.202730596066
vt 0.479452848434 0.440071225166
vt 0.399002701044 0.075756490231
vt 0.398844420910 0.063147187233
vt 0.772466361523 0.181775689125
vt 0.672022879124 0.168852925301
vt 0.823183476925 0.242056608200
vt 0.842465519905 0.263388872147
vt 0.200210928917 0.593171864748
vt 0.706789135933 0.187284827232
vt 0.463291049004 0.517965793610
vt 0.441617012024 0.060867965221
vt 0.554327130318 0.333460152149
vt 0.550824642181 0.336617708206
vt 0.554048955441 0.337156116962
vt 0.497067451477 0.560469955206
vt 0.462936282158 0.597557842731
vt 0.630302548409 0.309196293354
vt 0.629572927952 0.301080107689
vt 0.788899838924 0.171502232552
vt 0.780306935310 0.166577100754
vt 0.332832872868 0.474480390549
vt 0.530817270279 0.348717570305
vt 0.477697223425 0.420096814632
vt 0.447190284729 0.449455559254
vt 0.581930637360 0.327731609344
vt 0.499819368124 0.567773640156
vt 0.579013943672 0.713772743940
vt 0.587508261204 0.714197576046
vt 0.816798925400 0.290276050568
vt 0.461062133312 0.532336086035
vt 0.399080038071 0.295095324516
vt 0.823641002178 0.294318974018
vt 0.493781983852 0.512085914612
vt 0.491651237011 0.505766451359
vt 0.493813127279 0.515122443438
vt 0.771476387978 0.179555594921
vt 0.633571028709 0.296013116837
vt 0.631464660168 0.697336047888
vt 0.495089322329 0.512333780527
vt 0.457533061504 0.536805450916
vt 0.471997261047 0.515400022268
vt 0.540795266628 0.348541200161
vt 0.636502504349 0.684744775295
vt 0.605514705181 0.706535339355
vt 0.371753215790 0.071320831776
vt 0.367177367210 0.061723172665
vt 0.778466343880 0.166602611542
vt 0.803423762321 0.217853665352
vt 0.652023315430 0.297406256199
vt 0.692585289478 0.079769790173
vt 0.547080457211 0.334460675716
vt 0.818836927414 0.305694043636
vt 0.398632913828 0.281756877899
vt 0.386398106813 0.243209242821
vt 0.523854434490 0.350479245186
vt 0.345982700586 0.900891743600
vt 0.367362082005 0.932557046413
vt 0.774657428265 0.186352133751
vt 0.767373144627 0.187099575996
vt 0.827495634556 0.267636537552
vt 0.489275753498 0.364847898483
vt 0.768695950508 0.188699483871
vt 0.675537586212 0.170780122280
vt 0.334631383419 0.479449808598
vt 0.478019356728 0.488224029541
vt 0.491071879864 0.500722765923
vt 0.483151406050 0.504106551409
vt 0.494960755110 0.507111340761
vt 0.430376797915 0.047829091549
vt 0.443984031677 0.060174882412
vt 0.401946097612 0.284175217152
vt 0.595813751221 0.323713243008
vt 0.562402725220 0.336457908154
vt 0.491709679365 0.492793381214
vt 0.490731537342 0.483695566654
vt 0.549861371517 0.345528721809
vt 0.448401272297 0.047544300556
vt 0.439408689737 0.048293948174
vt 0.457488179207 0.054252266884
vt 0.674941301346 0.297961831093
vt 0.699901103973 0.300328433514
vt 0.477329879999 0.353617548943
vt 0.457590758801 0.319616377354
vt 0.548168063164 0.337477445602
vt 0.500953972340 0.566397219896
vt 0.623048901558 0.306892275810
vt 0.683075726032 0.297556340694
vt 0.495757609606 0.523088008165
vt 0.494817286730 0.518980234861
vt 0.691899180412 0.299438714981
vt 0.495879083872 0.517513066530
vt 0.764900267124 0.186063170433
vt 0.452005743980 0.049160480499
vt 0.535566747189 0.743710964918
vt 0.489830344915 0.473090291023
vt 0.491141974926 0.478296339512
vt 0.486044347286 0.457241475582
vt 0.556065797806 0.339899241924
vt 0.336583495140 0.915379680693
vt 0.491421431303 0.473052203655
vt 0.490639150143 0.469001352787
vt 0.480046570301 0.444858133793
vt 0.691125392914 0.296158254147
vt 0.409703075886 0.068247437477
vt 0.478573173285 0.435632705688
vt 0.636706948280 0.688780188560
vt 0.455806761980 0.503474861383
vt 0.474925011396 0.365408480167
vt 0.497943133116 0.555176496506
vt 0.769322097301 0.172651648521
vt 0.435282379389 0.060838937759
vt 0.679113686085 0.294008731842
vt 0.590037345886 0.322963833809
vt 0.649529516697 0.302824556828
vt 0.488972753286 0.467608273029
vt 0.361443519592 0.112754881382
vt 0.467691034079 0.274588167667
vt 0.729810237885 0.089217543602
vt 0.725782573223 0.078654706478
vt 0.537542819977 0.342461705208
vt 0.540713787079 0.341654598713
vt 0.335631579161 0.469433307648
vt 0.375503838062 0.206470847130
vt 0.341990917921 0.065310001373
vt 0.337988138199 0.067998468876
vt 0.347143381834 0.073467016220
vt 0.528781235218 0.752789184451
vt 0.514494657516 0.350832164288
vt 0.423894733191 0.901238642633
vt 0.490264803171 0.466075539589
vt 0.478010684252 0.430725157261
vt 0.320559769869 0.494502246380
vt 0.258333444595 0.555564016104
vt 0.701878428459 0.192626476288
vt 0.433072060347 0.432627141476
vt 0.569480359554 0.330077409744
vt 0.358962893486 0.078082859516
vt 0.582009732723 0.325663745403
vt 0.850707411766 0.284577012062
vt 0.827149510384 0.252644300461
vt 0.806303858757 0.305967092514
vt 0.446753561497 0.904896572232
vt 0.488379329443 0.462334334850
vt 0.667225599289 0.296787321568
vt 0.534044146538 0.343100845814
vt 0.598093509674 0.320110201836
vt 0.418913543224 0.386259138584
vt 0.460596799850 0.884051568806
vt 0.603113472462 0.315514802933
vt 0.453163802624 0.485907077789
vt 0.696425557137 0.297458171844
vt 0.380034476519 0.910175643861
vt 0.793392896652 0.180141806602
vt 0.787583887577 0.192684829235
vt 0.386771082878 0.078296005726
vt 0.612056970596 0.314005315304
vt 0.499325394630 0.550367474556
vt 0.495969623327 0.498070657253
vt 0.779145658016 0.163684129715
vt 0.690162479877 0.293819427490
vt 0.400352686644 0.068651497364
vt 0.323459774256 0.499020516872
vt 0.590223968029 0.320819497108
vt 0.479272216558 0.521095067263
vt 0.761373579502 0.188453078270
vt 0.448650568724 0.463091731071
vt 0.543887674809 0.339055359364
vt 0.816865742207 0.302053809166
vt 0.662503719330 0.160576045513
vt 0.502053856850 0.562140047550
vt 0.485917448997 0.535802900791
vt 0.458250761032 0.618053168058
vt 0.493346631527 0.357511460781
vt 0.633713841438 0.286682426929
vt 0.616592586040 0.309107720852
vt 0.545761704445 0.341369092464
vt 0.454491555691 0.044781804085
vt 0.780810952187 0.162198543549
vt 0.637946307659 0.291619062424
vt 0.481789559126 0.440458178520
vt 0.533585131168 0.339881896973
vt 0.488932400942 0.460273861885
vt 0.674291491508 0.293638646603
vt 0.488034278154 0.353225409985
vt 0.463845193386 0.307962000370
vt 0.558654606342 0.329561829567
vt 0.709513187408 0.299427390099
vt 0.452489912510 0.531686574221
vt 0.757920861244 0.187339842319
vt 0.497903883457 0.557955414057
vt 0.666195750237 0.292906224728
vt 0.667154610157 0.289611756802
vt 0.385701686144 0.083821713924
vt 0.513956010342 0.480504214764
vt 0.625956714153 0.297071039677
vt 0.455730825663 0.517459332943
vt 0.497111171484 0.525854051113
vt 0.448610484600 0.524179250002
vt 0.753547251225 0.189772725105
vt 0.454084008932 0.042073607445
vt 0.466570526361 0.052054047585
vt 0.407961517572 0.073001384735
vt 0.497765213251 0.490519762039
vt 0.457339972258 0.534468799829
vt 0.495219856501 0.466131746769
vt 0.750763475895 0.189220488071
vt 0.497181504965 0.529273211956
vt 0.485576003790 0.363772213459
vt 0.459809869528 0.507895052433
vt 0.526452481747 0.346418023109
vt 0.392524272203 0.277374505997
vt 0.458673119545 0.627041578293
vt 0.500751793385 0.510935068130
vt 0.799178361893 0.298432707787
vt 0.459780693054 0.068153142929
vt 0.460864871740 0.040929794312
vt 0.475166946650 0.050693154335
vt 0.467499643564 0.039855778217
vt 0.484051495790 0.447544753551
vt 0.396486252546 0.290509283543
vt 0.769784033298 0.202502906322
vt 0.722612082958 0.297721564770
vt 0.224323093891 0.578614413738
vt 0.457965105772 0.556416422129
vt 0.746510744095 0.187386691570
vt 0.477341264486 0.039925158024
vt 0.493095546961 0.054107129574
vt 0.472707778215 0.888791680336
vt 0.481665492058 0.643243879080
vt 0.443651646376 0.543770492077
vt 0.662357151508 0.290615439415
vt 0.673102140427 0.284410178661
vt 0.338771432638 0.474404215813
vt 0.604744732380 0.702171146870
vt 0.606895983219 0.710608035326
vt 0.486694365740 0.449830293655
vt 0.498089253902 0.533679276705
vt 0.608953118324 0.704902052879
vt 0.499123543501 0.532574594021
vt 0.584605038166 0.322322964668
vt 0.593985617161 0.313783943653
vt 0.369455426931 0.077097237110
vt 0.682650506496 0.289644658566
vt 0.762513041496 0.303047180176
vt 0.620132863522 0.295241594315
vt 0.754528403282 0.183705091476
vt 0.703809022903 0.076000094414
vt 0.489079743624 0.454585969448
vt 0.716111421585 0.079407632351
vt 0.812688469887 0.301297664642
vt 0.515976846218 0.342081844807
vt 0.501305460930 0.520465344191
vt 0.541511356831 0.335675358772
vt 0.792380392551 0.205852806568
vt 0.449327766895 0.491902768612
vt 0.501091063023 0.502501755953
vt 0.366052985191 0.147186517715
vt 0.757289350033 0.189217150211
vt 0.498400509357 0.541617214680
vt 0.589052021503 0.718647956848
vt 0.707581460476 0.297170579433
vt 0.498672872782 0.537285566330
vt 0.427203267813 0.910131633282
vt 0.586906373501 0.316443741322
vt 0.403083205223 0.829333499074
vt 0.458211451769 0.605162411928
vt 0.823184490204 0.275569558144
vt 0.499225854874 0.554043799639
vt 0.395128607750 0.279608368874
vt 0.400371342897 0.329392313957
vt 0.392424196005 0.305087924004
vt 0.339986085892 0.459768295288
vt 0.352788150311 0.456619739532
vt 0.412854135036 0.366887450218
vt 0.308975487947 0.516818165779
vt 0.694201588631 0.292130827904
vt 0.522638738155 0.339406669140
vt 0.660578548908 0.679025232792
vt 0.368992149830 0.074569642544
vt 0.502770841122 0.565033018589
vt 0.668866395950 0.094331085682
vt 0.483803421259 0.360501289368
vt 0.513310015202 0.344511508942
vt 0.354576885700 0.108859896660
vt 0.452685832977 0.475463151932
vt 0.191467061639 0.025916695595
vt 0.227349907160 0.031531453133
vt 0.562270700932 0.325259268284
vt 0.544446587563 0.330837488174
vt 0.748742103577 0.092485487461
vt 0.554852187634 0.325946748257
vt 0.468571424484 0.267491340637
vt 0.531126022339 0.334362208843
vt 0.756408333778 0.190984725952
vt 0.755060136318 0.171086847782
vt 0.751399159431 0.173794865608
vt 0.757248759270 0.170880854130
vt 0.595865547657 0.311099588871
vt 0.615367770195 0.702372580767
vt 0.352473080158 0.452152848244
vt 0.347237437963 0.453011095524
vt 0.499488890171 0.545022845268
vt 0.675553083420 0.083637893200
vt 0.596542477608 0.713977128267
vt 0.674934566021 0.286092162132
vt 0.457423239946 0.546822428703
vt 0.457328289747 0.552969545126
vt 0.738180160522 0.301943659782
vt 0.480854034424 0.361576080322
vt 0.702931463718 0.195016384125
vt 0.809758543968 0.301042318344
vt 0.580376029015 0.321488142014
vt 0.606597483158 0.308637082577
vt 0.703320562840 0.293243706226
vt 0.761120200157 0.177274525166
vt 0.759806096554 0.169328570366
vt 0.780026733875 0.159661829472
vt 0.613256871700 0.303056001663
vt 0.670637309551 0.275553882122
vt 0.496265798807 0.354407370090
vt 0.649434924126 0.287540912628
vt 0.774365603924 0.156863689423
vt 0.505712389946 0.562645524740
vt 0.656147003174 0.290154576302
vt 0.447475463152 0.511055141687
vt 0.385664850473 0.237293839455
vt 0.500380694866 0.536822408438
vt 0.559147179127 0.325510501862
vt 0.397494465113 0.344081878662
vt 0.500206291676 0.551683008671
vt 0.370311737061 0.184234976768
vt 0.775292813778 0.301079392433
vt 0.751570105553 0.189421415329
vt 0.737205922604 0.189458191395
vt 0.817791104317 0.285643637180
vt 0.812495052814 0.295746028423
vt 0.360094070435 0.404511988163
vt 0.354411959648 0.420580685139
vt 0.363930702209 0.413820385933
vt 0.510174512863 0.570993483067
vt 0.506795406342 0.518590092659
vt 0.761449337006 0.168360292912
vt 0.733333826065 0.188261628151
vt 0.332447618246 0.077105104923
vt 0.507931172848 0.349573791027
vt 0.381811320782 0.083218276501
vt 0.781845033169 0.156173348427
vt 0.637584805489 0.693438947201
vt 0.644782602787 0.693668901920
vt 0.500504553318 0.548464804888
vt 0.652829647064 0.684792011976
vt 0.403424531221 0.073329269886
vt 0.671014487743 0.281346976757
vt 0.780098974705 0.155843079090
vt 0.662503123283 0.279296100140
vt 0.496658444405 0.460440218449
vt 0.587084829807 0.311042010784
vt 0.752401053905 0.167003333569
vt 0.501341879368 0.475210309029
vt 0.361943036318 0.128549098969
vt 0.344475388527 0.472962856293
vt 0.348480075598 0.467037558556
vt 0.477945566177 0.647738158703
vt 0.797113060951 0.192910134792
vt 0.545589983463 0.745714783669
vt 0.444671154022 0.499054133892
vt 0.700141429901 0.200021743774
vt 0.770281434059 0.166505396366
vt 0.442747801542 0.480394721031
vt 0.759852111340 0.193415701389
vt 0.346969634295 0.106755614281
vt 0.362356185913 0.138395488262
vt 0.626432001591 0.697979748249
vt 0.441436529160 0.457350969315
vt 0.504332780838 0.555421352386
vt 0.354695737362 0.426285922527
vt 0.366221934557 0.415098071098
vt 0.698317706585 0.290400087833
vt 0.439845860004 0.462937057018
vt 0.804755032063 0.297300815582
vt 0.378686457872 0.265548944473
vt 0.493798077106 0.390965282917
vt 0.763133227825 0.166386723518
vt 0.502926707268 0.449744999409
vt 0.749606788158 0.188149154186
vt 0.395626902580 0.335088968277
vt 0.603225111961 0.306700110435
vt 0.473860412836 0.356671810150
vt 0.356432080269 0.442337036133
vt 0.363718241453 0.440146148205
vt 0.711263418198 0.293844878674
vt 0.755958259106 0.163533508778
vt 0.619389116764 0.703531831503
vt 0.502551078796 0.491118133068
vt 0.502894699574 0.549507319927
vt 0.386636942625 0.246109426022
vt 0.250651240349 0.046861767769
vt 0.243547424674 0.058200716972
vt 0.581324160099 0.316612839699
vt 0.749559164047 0.168879151344
vt 0.358869314194 0.084496915340
vt 0.499887138605 0.349651813507
vt 0.447659343481 0.515662580729
vt 0.389332532883 0.275529682636
vt 0.382153481245 0.270454168320
vt 0.504069626331 0.545857220888
vt 0.738602399826 0.080999553204
vt 0.765280306339 0.163390815258
vt 0.508460760117 0.560347914696
vt 0.440318793058 0.575311243534
vt 0.446465224028 0.561018794775
vt 0.533381760120 0.592270255089
vt 0.535075187683 0.331853568554
vt 0.440543889999 0.064936578274
vt 0.476808011532 0.644550412893
vt 0.741802752018 0.192433893681
vt 0.712377190590 0.195959627628
vt 0.571681737900 0.323217332363
vt 0.655544519424 0.281767189503
vt 0.626462876797 0.283236682415
vt 0.601758658886 0.301020920277
vt 0.597595632076 0.305595159531
vt 0.594336211681 0.303533434868
vt 0.265888214111 0.345851242542
vt 0.266364574432 0.342754960060
vt 0.257859587669 0.342239677906
vt 0.562138259411 0.322531044483
vt 0.389033347368 0.287274539471
vt 0.506621778011 0.568755269051
vt 0.505575299263 0.529332876205
vt 0.447914391756 0.545924037695
vt 0.467411518097 0.357441484928
vt 0.443289369345 0.540291875601
vt 0.359825402498 0.119026064873
vt 0.477225989103 0.347491085529
vt 0.675079226494 0.185037553310
vt 0.372597426176 0.078812599182
vt 0.355595469475 0.447307348251
vt 0.359447032213 0.449002265930
vt 0.687343597412 0.283464193344
vt 0.768114089966 0.194421768188
vt 0.790176928043 0.213378965855
vt 0.570757746696 0.319390296936
vt 0.565958321095 0.317803621292
vt 0.463395178318 0.057485520840
vt 0.500411391258 0.465683579445
vt 0.430130898952 0.541728168726
vt 0.791365087032 0.293613791466
vt 0.461385160685 0.590737819672
vt 0.552947342396 0.322619497776
vt 0.320611029863 0.886581979692
vt 0.505270898342 0.538416117430
vt 0.781730651855 0.151553153992
vt 0.200164988637 0.038675725460
vt 0.435706108809 0.082242250443
vt 0.744272053242 0.183636486530
vt 0.809087455273 0.287024438381
vt 0.473504960537 0.661367475986
vt 0.342566877604 0.382322967052
vt 0.348186999559 0.377773046494
vt 0.340590119362 0.377550959587
vt 0.470668673515 0.059463441372
vt 0.680492937565 0.277170717716
vt 0.504344642162 0.502232313156
vt 0.650643110275 0.274756789207
vt 0.521467328072 0.480334222317
vt 0.574354171753 0.318391382694
vt 0.756446123123 0.096212148666
vt 0.755438804626 0.088542878628
vt 0.407521843910 0.080700874329
vt 0.348635435104 0.388294637203
vt 0.355345726013 0.390859246254
vt 0.353606611490 0.385758101940
vt 0.783537149429 0.209846019745
vt 0.457590639591 0.634694039822
vt 0.747422993183 0.299423575401
vt 0.445587784052 0.472667932510
vt 0.767532467842 0.158491313457
vt 0.766020894051 0.160167157650
vt 0.807110309601 0.293418347836
vt 0.754775941372 0.301492869854
vt 0.622739911079 0.287154555321
vt 0.743409752846 0.189821004868
vt 0.781338393688 0.295639574528
vt 0.433625578880 0.450426936150
vt 0.518629968166 0.337392330170
vt 0.539811074734 0.326789379120
vt 0.729258120060 0.292491734028
vt 0.220544919372 0.051513552666
vt 0.343089133501 0.482774138451
vt 0.300549864769 0.370724439621
vt 0.299215942621 0.367821872234
vt 0.291066884995 0.370253741741
vt 0.352757900953 0.381012499332
vt 0.346798390150 0.385083556175
vt 0.496448874474 0.337672829628
vt 0.473877727985 0.295407772064
vt 0.703634619713 0.288197577000
vt 0.524936735630 0.333215177059
vt 0.384042441845 0.305764973164
vt 0.770901381969 0.150377035141
vt 0.746522068977 0.193253755569
vt 0.504714787006 0.551036298275
vt 0.698177337646 0.205149114132
vt 0.737052500248 0.191079080105
vt 0.331383943558 0.497090995312
vt 0.713725805283 0.291875004768
vt 0.402462095022 0.357486844063
vt 0.496090233326 0.348246753216
vt 0.439256399870 0.522916764021
vt 0.254272669554 0.340867400169
vt 0.266899675131 0.335636019707
vt 0.297720193863 0.363070428371
vt 0.282412499189 0.363514840603
vt 0.674380004406 0.198017537594
vt 0.747836291790 0.156543195248
vt 0.707893252373 0.288561165333
vt 0.357651174068 0.126115143299
vt 0.639436542988 0.268165707588
vt 0.350277364254 0.470269978046
vt 0.723854184151 0.294159889221
vt 0.744392096996 0.177328526974
vt 0.407138794661 0.363439440727
vt 0.613074600697 0.709256827831
vt 0.371179431677 0.292432188988
vt 0.585042059422 0.303364336491
vt 0.583977639675 0.307066082954
vt 0.615666866302 0.294030189514
vt 0.510029315948 0.567261755466
vt 0.782828748226 0.145793199539
vt 0.780888855457 0.148038923740
vt 0.468095183372 0.650396019220
vt 0.385299831629 0.273267567158
vt 0.265240907669 0.339874982834
vt 0.746680855751 0.175347447395
vt 0.440074652433 0.531623512506
vt 0.804464876652 0.175876557827
vt 0.381014525890 0.235882937908
vt 0.748745977879 0.194816410542
vt 0.740150094032 0.188938260078
vt 0.817259550095 0.246096789837
vt 0.766083478928 0.196162045002
vt 0.608508586884 0.301111996174
vt 0.350191146135 0.472531497478
vt 0.729345500469 0.195576488972
vt 0.658536612988 0.270727038383
vt 0.545828998089 0.320680737495
vt 0.533122003078 0.327346563339
vt 0.753046512604 0.195087730885
vt 0.671781778336 0.232624888420
vt 0.677212774754 0.231364548206
vt 0.664557158947 0.229105591774
vt 0.375199228525 0.082439839840
vt 0.264108777046 0.331452608109
vt 0.253519803286 0.337051570415
vt 0.467573016882 0.062036395073
vt 0.813157618046 0.282791376114
vt 0.250213980675 0.299588561058
vt 0.222470402718 0.299546360970
vt 0.699488341808 0.283536612988
vt 0.527600884438 0.329764485359
vt 0.573506891727 0.312912940979
vt 0.486192762852 0.349245011806
vt 0.455009162426 0.576584368944
vt 0.431424707174 0.473450720310
vt 0.559572339058 0.314676344395
vt 0.508584618568 0.564554929733
vt 0.367812633514 0.437096178532
vt 0.372870862484 0.433106839657
vt 0.506057143211 0.491914093494
vt 0.399219125509 0.083538293839
vt 0.625144779682 0.277019858360
vt 0.767453730106 0.098508536816
vt 0.664059340954 0.237180233002
vt 0.734145998955 0.182540178299
vt 0.564178347588 0.311603963375
vt 0.363475143909 0.457399308681
vt 0.505486726761 0.392372965813
vt 0.667443037033 0.216333806515
vt 0.781323790550 0.136238873005
vt 0.779542922974 0.136650800705
vt 0.780331552029 0.141844570637
vt 0.376408755779 0.090392291546
vt 0.349469721317 0.075127840042
vt 0.342216879129 0.090266168118
vt 0.504166662693 0.471349418163
vt 0.547924876213 0.315669178963
vt 0.398450940847 0.353392183781
vt 0.688836216927 0.233372807503
vt 0.690266728401 0.222717940807
vt 0.362259536982 0.892325438559
vt 0.810753226280 0.283922374249
vt 0.767479598522 0.154364466667
vt 0.672156095505 0.266636013985
vt 0.519052863121 0.455586969852
vt 0.676045119762 0.238013148308
vt 0.492850005627 0.346346199512
vt 0.681733787060 0.235407829285
vt 0.346648782492 0.493052721024
vt 0.407309293747 0.371157824993
vt 0.711217105389 0.288211822510
vt 0.513454914093 0.336653709412
vt 0.765878200531 0.216229021549
vt 0.695707440376 0.212858438492
vt 0.339347541332 0.487663388252
vt 0.708678841591 0.212856769562
vt 0.755858361721 0.197893142700
vt 0.704126656055 0.284890592098
vt 0.632088422775 0.256692409515
vt 0.640076756477 0.256911635399
vt 0.639096498489 0.249303877354
vt 0.781823456287 0.141240060329
vt 0.363034695387 0.160297095776
vt 0.506588518620 0.510821044445
vt 0.507415890694 0.554060727358
vt 0.646214306355 0.257259666920
vt 0.357078045607 0.443815827370
vt 0.576553523540 0.307316303253
vt 0.801260948181 0.294568419456
vt 0.473293751478 0.645578473806
vt 0.428894698620 0.528109699488
vt 0.507436394691 0.483783423901
vt 0.506886124611 0.477849066257
vt 0.414478152990 0.415322422981
vt 0.692535221577 0.235757529736
vt 0.371371567249 0.418218910694
vt 0.770774304867 0.142579138279
vt 0.642571032047 0.242162227631
vt 0.585657238960 0.298119544983
vt 0.580970823765 0.300015509129
vt 0.595445930958 0.294317483902
vt 0.652206897736 0.262622892857
vt 0.527025640011 0.476085007191
vt 0.815519452095 0.263695061207
vt 0.816180408001 0.271540462971
vt 0.811765491962 0.278260767460
vt 0.434496909380 0.486811041832
vt 0.609061181545 0.713876575232
vt 0.371994882822 0.231865644455
vt 0.376120388508 0.233790338039
vt 0.652065873146 0.257290244102
vt 0.767466783524 0.152082026005
vt 0.764250218868 0.153547286987
vt 0.313534915447 0.371252655983
vt 0.777857065201 0.136178791523
vt 0.492019921541 0.336110949516
vt 0.309292554855 0.367611944675
vt 0.797305345535 0.226381659508
vt 0.670442402363 0.193919181824
vt 0.363651752472 0.451233327389
vt 0.507900476456 0.516718298197
vt 0.785347759724 0.132413864136
vt 0.801760911942 0.196474134922
vt 0.511010885239 0.557263076305
vt 0.807472884655 0.289393424988
vt 0.380406260490 0.243569910526
vt 0.715251028538 0.289537072182
vt 0.356985360384 0.132856488228
vt 0.366726309061 0.201538324356
vt 0.674176156521 0.268878877163
vt 0.395845770836 0.350569009781
vt 0.507295489311 0.549120098352
vt 0.433631509542 0.462371468544
vt 0.651022613049 0.252086818218
vt 0.372994393110 0.273389756680
vt 0.360447287560 0.397946834564
vt 0.370471358299 0.390516877174
vt 0.653121829033 0.221055984497
vt 0.681890785694 0.239449024200
vt 0.657773733139 0.254220247269
vt 0.765416502953 0.151958525181
vt 0.827579736710 0.185276031494
vt 0.815419495106 0.171396970749
vt 0.808459341526 0.198350608349
vt 0.742204904556 0.197815358639
vt 0.629501044750 0.268299579620
vt 0.372473567724 0.093721926212
vt 0.429987907410 0.454809188843
vt 0.375296056271 0.282906889915
vt 0.607746183872 0.296750843525
vt 0.660113871098 0.263777732849
vt 0.468342065811 0.352259159088
vt 0.399579405785 0.361617863178
vt 0.760782539845 0.196759998798
vt 0.329553961754 0.373358726501
vt 0.325832813978 0.370340347290
vt 0.288098573685 0.357738733292
vt 0.429322689772 0.494757771492
vt 0.339985668659 0.370355784893
vt 0.735820889473 0.188799619675
vt 0.373518973589 0.390306293964
vt 0.433417558670 0.549751400948
vt 0.615950465202 0.281519711018
vt 0.446981102228 0.069420874119
vt 0.694742023945 0.279115617275
vt 0.767500221729 0.149019122124
vt 0.530631959438 0.581999450922
vt 0.702361464500 0.229620158672
vt 0.510367095470 0.541770815849
vt 0.745597004890 0.164938807487
vt 0.687208890915 0.276096701622
vt 0.682849705219 0.276076614857
vt 0.767097532749 0.226309239864
vt 0.674959659576 0.256233036518
vt 0.677501380444 0.258345365524
vt 0.272824287415 0.340771734715
vt 0.315825700760 0.368204295635
vt 0.436804354191 0.899637833238
vt 0.803866684437 0.288567781448
vt 0.273281991482 0.358458817005
vt 0.603184461594 0.292215228081
vt 0.348511189222 0.132731616497
vt 0.589644968510 0.292194366455
vt 0.487315535545 0.342509806156
vt 0.783632636070 0.214112639427
vt 0.738122642040 0.172258436680
vt 0.362342387438 0.391906976700
vt 0.362887024879 0.386725306511
vt 0.777279675007 0.130626261234
vt 0.368312716484 0.445559322834
vt 0.509432494640 0.478226661682
vt 0.586524486542 0.291074275970
vt 0.511198878288 0.503452181816
vt 0.510127782822 0.496487915516
vt 0.433707267046 0.509955704212
vt 0.391443878412 0.901281714439
vt 0.680130243301 0.243246674538
vt 0.516949653625 0.566335976124
vt 0.814261734486 0.252931058407
vt 0.507345736027 0.336384654045
vt 0.502628684044 0.338988304138
vt 0.800503730774 0.292774736881
vt 0.423883587122 0.442429065704
vt 0.623614132404 0.261897504330
vt 0.461320817471 0.640706151724
vt 0.764075577259 0.199094593525
vt 0.408483624458 0.384607076645
vt 0.731760859489 0.205833792686
vt 0.574610292912 0.300633013248
vt 0.188791021705 0.251900315285
vt 0.196312069893 0.255185425282
vt 0.196659833193 0.246218144894
vt 0.356893807650 0.376826822758
vt 0.431020677090 0.511946439743
vt 0.356590181589 0.150742650032
vt 0.354744762182 0.135622203350
vt 0.622057855129 0.272823214531
vt 0.358057200909 0.172701120377
vt 0.361754715443 0.094572603703
vt 0.670313060284 0.253792822361
vt 0.377348929644 0.085323512554
vt 0.534704327583 0.458282589912
vt 0.745227038860 0.200267016888
vt 0.677914202213 0.248963892460
vt 0.503799438477 0.333681225777
vt 0.433994531631 0.537039011717
vt 0.513285458088 0.560508400202
vt 0.454087644815 0.348190546036
vt 0.271149992943 0.336490631104
vt 0.771842718124 0.136464536190
vt 0.339077323675 0.497241318226
vt 0.552673459053 0.310920059681
vt 0.726461291313 0.290471792221
vt 0.463107556105 0.349932730198
vt 0.435020238161 0.541941970587
vt 0.761583805084 0.152621686459
vt 0.661643862724 0.209335148335
vt 0.780809640884 0.291266322136
vt 0.611224710941 0.287195265293
vt 0.444137394428 0.548958390951
vt 0.726627409458 0.209630727768
vt 0.507959485054 0.526841133833
vt 0.508843958378 0.535255998373
vt 0.665020406246 0.250740230083
vt 0.618056178093 0.273765265942
vt 0.358426302671 0.472496688366
vt 0.356946468353 0.468416690826
vt 0.321345686913 0.367554068565
vt 0.450044453144 0.590481132269
vt 0.281050801277 0.341205358505
vt 0.509780526161 0.552992075682
vt 0.345028996468 0.485916674137
vt 0.751397132874 0.202980041504
vt 0.664426922798 0.246041834354
vt 0.746824204922 0.159074366093
vt 0.795395910740 0.291424155235
vt 0.694091439247 0.239360809326
vt 0.366471737623 0.390600740910
vt 0.806358397007 0.276180148125
vt 0.353195160627 0.092975854874
vt 0.512680351734 0.509844899178
vt 0.267625153065 0.564775288105
vt 0.396004945040 0.089434266090
vt 0.401417493820 0.092118799686
vt 0.571904182434 0.307579100132
vt 0.455137550831 0.073892474174
vt 0.755691587925 0.294536173344
vt 0.352758526802 0.374557375908
vt 0.417941510677 0.436908483505
vt 0.431662112474 0.544408917427
vt 0.513229668140 0.316800594330
vt 0.356029927731 0.163290262222
vt 0.700371503830 0.277940630913
vt 0.617478251457 0.268355846405
vt 0.711077213287 0.282955229282
vt 0.612409591675 0.259420335293
vt 0.367061436176 0.441603600979
vt 0.688166737556 0.245459675789
vt 0.757903933525 0.153149306774
vt 0.377568811178 0.279752910137
vt 0.381113290787 0.283142566681
vt 0.506250262260 0.329833924770
vt 0.812086641788 0.247326016426
vt 0.374965816736 0.239673376083
vt 0.684095978737 0.249829173088
vt 0.740786612034 0.292115211487
vt 0.327101469040 0.366928875446
vt 0.436991214752 0.553757160902
vt 0.682635545731 0.271563827991
vt 0.315477252007 0.363213539124
vt 0.271147042513 0.331115305424
vt 0.760365605354 0.147915959358
vt 0.681586980820 0.262395977974
vt 0.753076672554 0.153110921383
vt 0.391474545002 0.346691071987
vt 0.334463536739 0.366898953915
vt 0.735729932785 0.175881683826
vt 0.279760539532 0.080480158329
vt 0.373316317797 0.406087756157
vt 0.514498233795 0.518961817026
vt 0.730513989925 0.189953982830
vt 0.737240195274 0.179533600807
vt 0.518568336964 0.476079285145
vt 0.766762256622 0.293825745583
vt 0.469219893217 0.646249383688
vt 0.686406254768 0.264317572117
vt 0.538203597069 0.452165603638
vt 0.382489353418 0.335554301739
vt 0.374064892530 0.305809676647
vt 0.482277214527 0.068452060223
vt 0.491136729717 0.066549420357
vt 0.354075849056 0.141114592552
vt 0.430870652199 0.521679490805
vt 0.735523521900 0.292110621929
vt 0.805241405964 0.284073531628
vt 0.702357649803 0.233268439770
vt 0.824840605259 0.127217411995
vt 0.406539976597 0.398626506329
vt 0.351800173521 0.483263134956
vt 0.685573458672 0.272176444530
vt 0.377060353756 0.268008768559
vt 0.804082691669 0.243836522102
vt 0.805188119411 0.273432612419
vt 0.433235585690 0.498006761074
vt 0.513179779053 0.528834402561
vt 0.790676176548 0.127879858017
vt 0.566370129585 0.302863240242
vt 0.513025462627 0.492064416409
vt 0.511790513992 0.486569285393
vt 0.510248482227 0.483058094978
vt 0.513849616051 0.522888511419
vt 0.362208813429 0.465861141682
vt 0.368434458971 0.459476947784
vt 0.714143335819 0.283265531063
vt 0.761536478996 0.200617015362
vt 0.423770695925 0.467100977898
vt 0.807980597019 0.265921473503
vt 0.603695511818 0.273336291313
vt 0.513053178787 0.498056888580
vt 0.513348639011 0.424111366272
vt 0.542766809464 0.308066308498
vt 0.312445521355 0.888173423707
vt 0.324199140072 0.910785011947
vt 0.360239952803 0.199447095394
vt 0.380361616611 0.088531792164
vt 0.305852413177 0.361173331738
vt 0.302824676037 0.359688341618
vt 0.409568578005 0.087346136570
vt 0.754388272762 0.206132352352
vt 0.761752903461 0.141858160496
vt 0.766958653927 0.144100248814
vt 0.718305766582 0.286484897137
vt 0.428647935390 0.085033595562
vt 0.804271638393 0.278295218945
vt 0.408632725477 0.894605562091
vt 0.767196536064 0.215845346451
vt 0.778272271156 0.213989853859
vt 0.453519761562 0.592706501484
vt 0.785861253738 0.126982927322
vt 0.771294772625 0.218725800514
vt 0.413648992777 0.440167546272
vt 0.695933401585 0.243345022202
vt 0.515374422073 0.513629674911
vt 0.513023734093 0.532536089420
vt 0.312566161156 0.899642653763
vt 0.307334989309 0.890553176403
vt 0.572803258896 0.296354174614
vt 0.801514208317 0.283547937870
vt 0.331177622080 0.522562205791
vt 0.205194562674 0.272834122181
vt 0.213062196970 0.295281171799
vt 0.225151389837 0.267620503902
vt 0.513046741486 0.557143628597
vt 0.686475813389 0.261639177799
vt 0.796998143196 0.287639081478
vt 0.364189267159 0.228243112564
vt 0.516914963722 0.507977217436
vt 0.520550787449 0.566182345152
vt 0.781913995743 0.220237612724
vt 0.268212735653 0.085591554642
vt 0.781989037991 0.287591457367
vt 0.445007473230 0.578654915094
vt 0.357389837503 0.372527003288
vt 0.387842327356 0.342551589012
vt 0.513597965240 0.489954411983
vt 0.769234597683 0.220887184143
vt 0.428287059069 0.896201223135
vt 0.318549811840 0.358739316463
vt 0.512809753418 0.536188393831
vt 0.607135653496 0.276777625084
vt 0.365757346153 0.382441043854
vt 0.351537287235 0.493994057178
vt 0.335106492043 0.363391280174
vt 0.593790233135 0.281658291817
vt 0.300063729286 0.889330983162
vt 0.385010123253 0.339077413082
vt 0.717274010181 0.228981137276
vt 0.372301816940 0.384066402912
vt 0.805256962776 0.144782423973
vt 0.338984996080 0.138858020306
vt 0.354056447744 0.487610101700
vt 0.351626187563 0.149328768253
vt 0.797705113888 0.284195065498
vt 0.497727632523 0.331964015961
vt 0.394086003304 0.359483897686
vt 0.696044683456 0.217605590820
vt 0.388845920563 0.352964937687
vt 0.441821247339 0.605496138334
vt 0.515424907207 0.500708758831
vt 0.413513958454 0.432567059994
vt 0.408330559731 0.426888704300
vt 0.722459554672 0.190368592739
vt 0.737923085690 0.236603140831
vt 0.740016937256 0.215050578117
vt 0.472376167774 0.066021442413
vt 0.689837992191 0.251510381699
vt 0.806846737862 0.257123768330
vt 0.377948313951 0.423711836338
vt 0.478576391935 0.340134680271
vt 0.801949024200 0.278435349464
vt 0.555472791195 0.283840417862
vt 0.715788006783 0.279826939106
vt 0.724931955338 0.188578009605
vt 0.720082521439 0.284970223904
vt 0.382073938847 0.091492891312
vt 0.425327390432 0.533028602600
vt 0.518069446087 0.558399856091
vt 0.515305578709 0.495137512684
vt 0.373829215765 0.264919281006
vt 0.383336186409 0.367206931114
vt 0.362231463194 0.238805115223
vt 0.517981231213 0.526820391417
vt 0.518109977245 0.521870702505
vt 0.304256796837 0.352767348289
vt 0.414125323296 0.444428145885
vt 0.724417746067 0.288235425949
vt 0.582431852818 0.288023948669
vt 0.345935732126 0.367947697639
vt 0.605873584747 0.282107174397
vt 0.390277564526 0.095664024353
vt 0.804238379002 0.250272989273
vt 0.441509187222 0.617706477642
vt 0.793030440807 0.288989722729
vt 0.358678489923 0.478794753551
vt 0.375134289265 0.435573160648
vt 0.395353436470 0.387738823891
vt 0.417666047812 0.461948513985
vt 0.348057508469 0.187738597393
vt 0.229560792446 0.281179606915
vt 0.795514583588 0.239952206612
vt 0.753957390785 0.220690906048
vt 0.751058280468 0.148506104946
vt 0.511020183563 0.378961682320
vt 0.276074916124 0.327292084694
vt 0.457668095827 0.345660746098
vt 0.515979528427 0.558859437704
vt 0.302882999182 0.878820143640
vt 0.516991078854 0.512459486723
vt 0.708897709846 0.275598347187
vt 0.513738036156 0.539349883795
vt 0.739916145802 0.289216339588
vt 0.517477631569 0.504906058311
vt 0.741446733475 0.166921675205
vt 0.340810179710 0.363004803658
vt 0.526263773441 0.497216045856
vt 0.366596668959 0.236967861652
vt 0.480946719646 0.336488962173
vt 0.430204391479 0.559668123722
vt 0.355878889561 0.215524613857
vt 0.363036036491 0.474114835262
vt 0.311985820532 0.356868922710
vt 0.728204488754 0.287806391716
vt 0.435079902411 0.563887715340
vt 0.796228826046 0.272764861584
vt 0.367937445641 0.231073617935
vt 0.761933863163 0.221908509731
vt 0.346865028143 0.496300637722
vt 0.736018061638 0.284954607487
vt 0.375638723373 0.388010978699
vt 0.703777074814 0.271968066692
vt 0.334625095129 0.356425404549
vt 0.319809228182 0.529880493879
vt 0.515520930290 0.537239134312
vt 0.712782740593 0.235321164131
vt 0.694360673428 0.255975484848
vt 0.694022119045 0.268600344658
vt 0.709977269173 0.238557636738
vt 0.702358007431 0.242420971394
vt 0.707255125046 0.242164373398
vt 0.336218625307 0.517003625631
vt 0.518966853619 0.546876728535
vt 0.422880351543 0.546507835388
vt 0.377587676048 0.447726309299
vt 0.728440105915 0.282016217709
vt 0.575270891190 0.259195506573
vt 0.409068793058 0.469325959682
vt 0.767974734306 0.136433720589
vt 0.368303269148 0.463083028793
vt 0.369183599949 0.317161619663
vt 0.363287299871 0.100530266762
vt 0.723186433315 0.182012915611
vt 0.386981457472 0.354592382908
vt 0.454217255116 0.336616635323
vt 0.467053323984 0.335598587990
vt 0.344262927771 0.362373650074
vt 0.787289738655 0.285444617271
vt 0.318281978369 0.536151558161
vt 0.370091378689 0.261999785900
vt 0.294889509678 0.874299094081
vt 0.775184452534 0.128314375877
vt 0.404219746590 0.421515822411
vt 0.363167762756 0.254483461380
vt 0.764958798885 0.284561932087
vt 0.813099861145 0.132751584053
vt 0.348135799170 0.361818432808
vt 0.704062700272 0.249367177486
vt 0.719420015812 0.278723537922
vt 0.694651603699 0.198407351971
vt 0.429616719484 0.894386298954
vt 0.369065821171 0.273209989071
vt 0.797765493393 0.275719761848
vt 0.358088344336 0.486735522747
vt 0.385505110025 0.096082568169
vt 0.368693232536 0.380033910275
vt 0.709898769855 0.243677258492
vt 0.718668639660 0.232759654522
vt 0.343681365252 0.506266057491
vt 0.750240385532 0.288188099861
vt 0.518723785877 0.516493558884
vt 0.793933033943 0.284241735935
vt 0.795472621918 0.277196586132
vt 0.732697963715 0.175277531147
vt 0.519255101681 0.524191111326
vt 0.717432081699 0.191786050797
vt 0.731525540352 0.221884310246
vt 0.283622980118 0.335816085339
vt 0.737499058247 0.160507261753
vt 0.528568804264 0.509295135736
vt 0.537548422813 0.599750518799
vt 0.726975798607 0.180437028408
vt 0.236107602715 0.292991280556
vt 0.378754705191 0.341330409050
vt 0.351663857698 0.167835414410
vt 0.526227116585 0.568706125021
vt 0.359849303961 0.262087464333
vt 0.294322192669 0.347854614258
vt 0.461732000113 0.652834653854
vt 0.746006906033 0.285632848740
vt 0.523258686066 0.430435419083
vt 0.700384914875 0.270451366901
vt 0.319434404373 0.354457914829
vt 0.518270552158 0.529698789120
vt 0.519427120686 0.528399050236
vt 0.772510528564 0.228118538857
vt 0.380484580994 0.436461746693
vt 0.743357241154 0.151854872704
vt 0.729933261871 0.178024828434
vt 0.380859255791 0.410622656345
vt 0.713202357292 0.239958465099
vt 0.361076444387 0.371398568153
vt 0.795283675194 0.267505288124
vt 0.694415807724 0.259087741375
vt 0.348859548569 0.158753216267
vt 0.334606498480 0.135879039764
vt 0.445725500584 0.595254153013
vt 0.423592895269 0.520484119654
vt 0.518263280392 0.532600194216
vt 0.379325121641 0.428940415382
vt 0.324020504951 0.353748202324
vt 0.520429730415 0.550780832767
vt 0.377722948790 0.329837381840
vt 0.720123112202 0.189051091671
vt 0.766714096069 0.224575400352
vt 0.765149652958 0.136658728123
vt 0.761296331882 0.137820303440
vt 0.368890553713 0.469516694546
vt 0.462976366282 0.648937612772
vt 0.700646996498 0.254764080048
vt 0.416844934225 0.490151464939
vt 0.406942516565 0.102237343788
vt 0.410726249218 0.095513284206
vt 0.453221470118 0.342791914940
vt 0.786481499672 0.124225795269
vt 0.733239173889 0.159216761589
vt 0.412766158581 0.096088528633
vt 0.394561946392 0.399180829525
vt 0.532170355320 0.517639130354
vt 0.565657496452 0.265467584133
vt 0.226892843843 0.259809374809
vt 0.199771136045 0.261496603489
vt 0.354386806488 0.099355876446
vt 0.378957480192 0.332948803902
vt 0.518122255802 0.535123884678
vt 0.362535476685 0.229892015457
vt 0.794600427151 0.281166374683
vt 0.253338932991 0.846294671297
vt 0.270089715719 0.812143787742
vt 0.279024034739 0.765155047178
vt 0.338893771172 0.146573483944
vt 0.415936738253 0.500024259090
vt 0.770675837994 0.128352820873
vt 0.724563062191 0.276217520237
vt 0.353594839573 0.360038220882
vt 0.407940715551 0.452191174030
vt 0.528721570969 0.468514263630
vt 0.744320988655 0.282707333565
vt 0.519468605518 0.532022416592
vt 0.307364940643 0.871635809541
vt 0.388916254044 0.104821860790
vt 0.749132514000 0.223548769951
vt 0.340766996145 0.154511630535
vt 0.515861570835 0.076615154743
vt 0.325594216585 0.096045136452
vt 0.534901559353 0.494772195816
vt 0.541254341602 0.512257039547
vt 0.690965771675 0.231428205967
vt 0.366140544415 0.479393541813
vt 0.775808751583 0.282765030861
vt 0.518244743347 0.536613345146
vt 0.373265653849 0.461010277271
vt 0.290415316820 0.337484002113
vt 0.381972104311 0.403189420700
vt 0.413796752691 0.524627625942
vt 0.536752939224 0.538222193718
vt 0.524548292160 0.563460797071
vt 0.492126762867 0.329908013344
vt 0.539206802845 0.571493744850
vt 0.547614812851 0.579718440771
vt 0.542878627777 0.557267874479
vt 0.781833171844 0.283153891563
vt 0.379701405764 0.386215567589
vt 0.700346112251 0.265963375568
vt 0.365858912468 0.258929967880
vt 0.730797350407 0.233162641525
vt 0.539281964302 0.529974311590
vt 0.414520412683 0.514259904623
vt 0.716447472572 0.270871043205
vt 0.285217195749 0.328538179398
vt 0.726530671120 0.273973405361
vt 0.725193679333 0.273584306240
vt 0.372825205326 0.106071889400
vt 0.702304542065 0.257630228996
vt 0.728688538074 0.272141337395
vt 0.737419068813 0.278457343578
vt 0.365515679121 0.486261069775
vt 0.365741133690 0.483899593353
vt 0.534641683102 0.552802413702
vt 0.350104808807 0.499223291874
vt 0.441774606705 0.096236646175
vt 0.364966660738 0.368257999420
vt 0.724495768547 0.176259934902
vt 0.371743977070 0.362151920795
vt 0.311590790749 0.550432026386
vt 0.721505641937 0.238084912300
vt 0.374691009521 0.326558887959
vt 0.524653732777 0.560343921185
vt 0.728470385075 0.234691500664
vt 0.533901214600 0.580506712198
vt 0.743969500065 0.226812005043
vt 0.449187815189 0.879599981010
vt 0.262482374907 0.858812317252
vt 0.527453899384 0.537786126137
vt 0.424311131239 0.884465187788
vt 0.338400542736 0.114615976810
vt 0.437335401773 0.594730585814
vt 0.518274128437 0.538515508175
vt 0.267252981663 0.307883381844
vt 0.519022405148 0.542553097010
vt 0.389096319675 0.402531027794
vt 0.372778505087 0.380285084248
vt 0.527245461941 0.566229015589
vt 0.529269397259 0.571740388870
vt 0.416632980108 0.527266472578
vt 0.470390439034 0.332100749016
vt 0.485947728157 0.327508091927
vt 0.381645351648 0.418736159801
vt 0.401297509670 0.098518133163
vt 0.772170424461 0.120841801167
vt 0.789473652840 0.267215549946
vt 0.791453242302 0.269757866859
vt 0.338683873415 0.176102340221
vt 0.398592531681 0.414757728577
vt 0.383516758680 0.424991428852
vt 0.546860933304 0.551176637411
vt 0.548917651176 0.562606155872
vt 0.786522567272 0.238309085369
vt 0.715351343155 0.189925909042
vt 0.758049488068 0.137989640236
vt 0.723684072495 0.270531177521
vt 0.751456856728 0.140286445618
vt 0.383084505796 0.882205270231
vt 0.220348462462 0.668208688498
vt 0.226600274444 0.664296865463
vt 0.230943605304 0.635117143393
vt 0.771459817886 0.280055165291
vt 0.789156913757 0.120638430119
vt 0.540467083454 0.595676660538
vt 0.394250780344 0.100755810738
vt 0.222416207194 0.711084187031
vt 0.216078743339 0.702578604221
vt 0.382173508406 0.393769383430
vt 0.214951723814 0.694644093513
vt 0.221853986382 0.685959070921
vt 0.383046269417 0.413825154305
vt 0.758519768715 0.228537976742
vt 0.359155625105 0.227194726467
vt 0.787254989147 0.281608819962
vt 0.371325433254 0.322073459625
vt 0.263478010893 0.829112544656
vt 0.335567682981 0.351394534111
vt 0.373481661081 0.377140223980
vt 0.358361601830 0.102777540684
vt 0.477185845375 0.328383624554
vt 0.518288552761 0.368402540684
vt 0.371702551842 0.351488530636
vt 0.310115695000 0.341664254665
vt 0.416593134403 0.518081784248
vt 0.419008612633 0.520217239857
vt 0.422833055258 0.566275388002
vt 0.356760025024 0.496748864651
vt 0.704529941082 0.259215891361
vt 0.708581447601 0.261678755283
vt 0.370981365442 0.369353950024
vt 0.475612342358 0.332139909267
vt 0.710956096649 0.251930594444
vt 0.519245266914 0.536423057318
vt 0.398244440556 0.422413647175
vt 0.733124136925 0.271736502647
vt 0.787360191345 0.121214270592
vt 0.388608098030 0.100324392319
vt 0.411244958639 0.546692907810
vt 0.348982870579 0.863649100065
vt 0.319672971964 0.857075989246
vt 0.378569006920 0.457390427589
vt 0.546691775322 0.530809402466
vt 0.709388136864 0.194497287273
vt 0.377201348543 0.461639463902
vt 0.378692567348 0.347180247307
vt 0.799765288830 0.258464992046
vt 0.337199300528 0.347043573856
vt 0.428705602884 0.605082899332
vt 0.523713111877 0.544119536877
vt 0.420803099871 0.565295994282
vt 0.376172065735 0.466754913330
vt 0.384423375130 0.409106969833
vt 0.343825161457 0.354196131229
vt 0.385703653097 0.427241504192
vt 0.459706038237 0.649771362543
vt 0.362268328667 0.491129755974
vt 0.794706165791 0.108421981335
vt 0.415323823690 0.554814368486
vt 0.721536338329 0.174983680248
vt 0.535832822323 0.467475533485
vt 0.519486606121 0.540293306112
vt 0.301075458527 0.870660901070
vt 0.395474493504 0.436849653721
vt 0.385373234749 0.402105510235
vt 0.748378098011 0.234796762466
vt 0.379540115595 0.374509990215
vt 0.762600123882 0.131024837494
vt 0.355207949877 0.225706994534
vt 0.449036270380 0.340579569340
vt 0.363256424665 0.268806934357
vt 0.223901659250 0.695281893015
vt 0.450855702162 0.649209201336
vt 0.388444006443 0.416293919086
vt 0.374776333570 0.339607000351
vt 0.424476444721 0.890284590423
vt 0.520552277565 0.555041283369
vt 0.282613128424 0.324452400208
vt 0.750125169754 0.276723325253
vt 0.742266058922 0.276748299599
vt 0.357118248940 0.233136117458
vt 0.778085529804 0.278625607491
vt 0.771504819393 0.118540287018
vt 0.356969147921 0.251417219639
vt 0.383077949286 0.384839415550
vt 0.340554028749 0.205553889275
vt 0.293067395687 0.333942830563
vt 0.351989328861 0.501239627600
vt 0.744534254074 0.142843961716
vt 0.392071723938 0.407000422478
vt 0.222992956638 0.703190982342
vt 0.357459396124 0.301919341087
vt 0.304442137480 0.335778355598
vt 0.385568052530 0.393687665462
vt 0.346054375172 0.178320169449
vt 0.360358268023 0.356727540493
vt 0.357328116894 0.352789759636
vt 0.733850538731 0.238761603832
vt 0.730057835579 0.269050776958
vt 0.439590007067 0.598040044308
vt 0.521414399147 0.556742042303
vt 0.380787819624 0.455447137356
vt 0.341435730457 0.511745691299
vt 0.737634122372 0.271082222462
vt 0.794859707355 0.096601068974
vt 0.710203170776 0.192152023315
vt 0.360266298056 0.254463553429
vt 0.789747893810 0.279130101204
vt 0.381445825100 0.380834400654
vt 0.395793437958 0.452136039734
vt 0.362365365028 0.105525970459
vt 0.371072232723 0.364850878716
vt 0.344045877457 0.334758698940
vt 0.763100504875 0.274720430374
vt 0.526937782764 0.560002923012
vt 0.788266658783 0.112980127335
vt 0.788707494736 0.244466900826
vt 0.235302403569 0.611414879560
vt 0.240926876664 0.610791057348
vt 0.757057189941 0.132916986942
vt 0.250737696886 0.574498683214
vt 0.264222115278 0.550150245428
vt 0.264932841063 0.544002860785
vt 0.372099310160 0.480785191059
vt 0.377151519060 0.472968637943
vt 0.744363486767 0.270871758461
vt 0.411628693342 0.549225568771
vt 0.742735505104 0.236236810684
vt 0.776984393597 0.237017095089
vt 0.290780007839 0.113942146301
vt 0.712525725365 0.266431868076
vt 0.411945283413 0.505618810654
vt 0.710563004017 0.188035309315
vt 0.237593904138 0.636453479528
vt 0.343553692102 0.351825952530
vt 0.381995588541 0.443353295326
vt 0.780597746372 0.278371870518
vt 0.759660780430 0.235433518887
vt 0.336878001690 0.330627381802
vt 0.316588312387 0.337767541409
vt 0.369852483273 0.485247313976
vt 0.785756289959 0.269082546234
vt 0.408281177282 0.532976537943
vt 0.771796822548 0.242779314518
vt 0.520411431789 0.545136094093
vt 0.435238510370 0.581757992506
vt 0.461795717478 0.087765395641
vt 0.472230583429 0.328318595886
vt 0.741463840008 0.269259512424
vt 0.293059527874 0.864050790668
vt 0.406778424978 0.486967861652
vt 0.341453522444 0.186189651489
vt 0.773405849934 0.278181433678
vt 0.371851593256 0.108998119831
vt 0.374049514532 0.359291911125
vt 0.343162059784 0.513671010733
vt 0.737153232098 0.148675382137
vt 0.386470258236 0.383452236652
vt 0.384876012802 0.397004783154
vt 0.381063908339 0.390470087528
vt 0.386402279139 0.446667373180
vt 0.525793671608 0.562742263079
vt 0.296552568674 0.113733351231
vt 0.305059552193 0.117976725101
vt 0.477793276310 0.324221789837
vt 0.781651973724 0.259726405144
vt 0.779939174652 0.264532566071
vt 0.394336789846 0.396797060966
vt 0.686843872070 0.202013194561
vt 0.724097430706 0.241015791893
vt 0.367319345474 0.327246785164
vt 0.525890290737 0.553800493479
vt 0.788242995739 0.250334739685
vt 0.752511203289 0.134026706219
vt 0.341744482517 0.344169437885
vt 0.338275790215 0.332908928394
vt 0.230377867818 0.680815130472
vt 0.349879145622 0.259469509125
vt 0.351779371500 0.229325354099
vt 0.521292626858 0.552541255951
vt 0.788512170315 0.273908436298
vt 0.735133886337 0.267725646496
vt 0.280748039484 0.313281595707
vt 0.350630730391 0.290885806084
vt 0.365256607533 0.108823657036
vt 0.496797680855 0.307529151440
vt 0.368497461081 0.497824966908
vt 0.721042394638 0.168823897839
vt 0.385108560324 0.451755404472
vt 0.379502415657 0.466219902039
vt 0.749466300011 0.268577516079
vt 0.723317742348 0.266466557980
vt 0.732852220535 0.152132749557
vt 0.351027339697 0.223385155201
vt 0.755575299263 0.268690168858
vt 0.768779039383 0.238015234470
vt 0.363803058863 0.872312813997
vt 0.411380738020 0.513414382935
vt 0.769752502441 0.276520073414
vt 0.730410516262 0.155212342739
vt 0.384103119373 0.458197236061
vt 0.228235125542 0.692380636930
vt 0.392553716898 0.419266760349
vt 0.387542009354 0.408985018730
vt 0.293395549059 0.325240433216
vt 0.348797291517 0.350861072540
vt 0.370145916939 0.354935050011
vt 0.346362054348 0.345873534679
vt 0.747773110867 0.136590361595
vt 0.334373831749 0.525546491146
vt 0.827895283699 0.086911320686
vt 0.818770766258 0.099848031998
vt 0.354357630014 0.248134732246
vt 0.523225843906 0.291440784931
vt 0.346848905087 0.230375468731
vt 0.700081408024 0.195096313953
vt 0.488006442785 0.085610866547
vt 0.353073477745 0.350656270981
vt 0.456585168839 0.651409298182
vt 0.461587458849 0.324595689774
vt 0.347439050674 0.347577333450
vt 0.780405640602 0.244928956032
vt 0.783058047295 0.112872540951
vt 0.430136144161 0.108803272247
vt 0.727232336998 0.160821139812
vt 0.391743123531 0.104777991772
vt 0.535635113716 0.438552498817
vt 0.368280559778 0.113098442554
vt 0.716985881329 0.173556566238
vt 0.229616478086 0.695622086525
vt 0.722257912159 0.247684836388
vt 0.328683465719 0.137043952942
vt 0.312348872423 0.335301876068
vt 0.291906535625 0.321120440960
vt 0.374808877707 0.382586538792
vt 0.370716392994 0.374952554703
vt 0.457947999239 0.102105617523
vt 0.375527203083 0.483671069145
vt 0.388585835695 0.381095051765
vt 0.366962730885 0.368062496185
vt 0.391706079245 0.422368645668
vt 0.540947735310 0.495500206947
vt 0.438710540533 0.333384931087
vt 0.393546551466 0.426546335220
vt 0.409368962049 0.567670792341
vt 0.418784022331 0.886566795409
vt 0.267911285162 0.301033496857
vt 0.737278163433 0.239858567715
vt 0.361131459475 0.307993113995
vt 0.759198546410 0.241121709347
vt 0.703659951687 0.191797077656
vt 0.347340494394 0.339915454388
vt 0.740974724293 0.239801704884
vt 0.345699876547 0.270711719990
vt 0.741158545017 0.138898372650
vt 0.341191440821 0.517665594816
vt 0.786824882030 0.277459621429
vt 0.325964748859 0.533639341593
vt 0.364811837673 0.313301682472
vt 0.361671537161 0.504791229963
vt 0.327797263861 0.167715132236
vt 0.409750550985 0.106051743031
vt 0.299398213625 0.332497656345
vt 0.727691948414 0.242445230484
vt 0.380426377058 0.376291632652
vt 0.708926022053 0.183637797832
vt 0.724722325802 0.162178039551
vt 0.767545402050 0.273086667061
vt 0.714691042900 0.254088461399
vt 0.346642136574 0.513912141323
vt 0.760361433029 0.266743481159
vt 0.424607396126 0.586183488369
vt 0.449189305305 0.330183327198
vt 0.298806607723 0.863778635859
vt 0.387056261301 0.456019222736
vt 0.771283984184 0.273559331894
vt 0.739097356796 0.266099989414
vt 0.393486410379 0.386655688286
vt 0.745742976665 0.240020811558
vt 0.233300149441 0.668342143297
vt 0.773077547550 0.114237844944
vt 0.369366616011 0.335360646248
vt 0.744422078133 0.264965832233
vt 0.303788453341 0.859826713800
vt 0.329626321793 0.576859384775
vt 0.329465895891 0.574626922607
vt 0.327855646610 0.574719816446
vt 0.378836363554 0.477982819080
vt 0.260981470346 0.573655039072
vt 0.383472084999 0.484419405460
vt 0.725916326046 0.260297238827
vt 0.348518222570 0.341062247753
vt 0.754179716110 0.127620935440
vt 0.402253597975 0.545857816935
vt 0.425728917122 0.581083208323
vt 0.316728830338 0.126397132874
vt 0.326533854008 0.129381179810
vt 0.360320091248 0.349053978920
vt 0.395423978567 0.881738498807
vt 0.381250023842 0.471970021725
vt 0.414863526821 0.567255139351
vt 0.319288969040 0.541877508163
vt 0.408618092537 0.521790921688
vt 0.776202440262 0.275641381741
vt 0.544215619564 0.472103655338
vt 0.360706597567 0.316865146160
vt 0.347830384970 0.222202658653
vt 0.322878420353 0.538922965527
vt 0.332630604506 0.145730793476
vt 0.328732013702 0.153315126896
vt 0.274040788412 0.524665117264
vt 0.276346057653 0.537500143051
vt 0.788455545902 0.108550906181
vt 0.331140667200 0.576205223799
vt 0.731171548367 0.265840768814
vt 0.353845417500 0.260137796402
vt 0.712433874607 0.179069697857
vt 0.782897293568 0.271741867065
vt 0.785867273808 0.273971557617
vt 0.731215476990 0.148295760155
vt 0.776663780212 0.269023597240
vt 0.467370420694 0.324639320374
vt 0.456613749266 0.328712284565
vt 0.306605637074 0.330259382725
vt 0.308378875256 0.321604788303
vt 0.251181483269 0.283839046955
vt 0.728348374367 0.264490187168
vt 0.388692021370 0.375747799873
vt 0.732847273350 0.243979036808
vt 0.704697787762 0.188116252422
vt 0.352833658457 0.249130308628
vt 0.778033196926 0.112837731838
vt 0.229130998254 0.703544586897
vt 0.780037105083 0.270673751831
vt 0.432090729475 0.635797679424
vt 0.403158545494 0.498942911625
vt 0.718192458153 0.257613420486
vt 0.392182469368 0.437330782413
vt 0.365406215191 0.350264132023
vt 0.246401235461 0.617373108864
vt 0.765368640423 0.271626591682
vt 0.381666421890 0.361505627632
vt 0.340439587831 0.194687485695
vt 0.362636357546 0.360020399094
vt 0.234087347984 0.682426512241
vt 0.267428725958 0.846808657050
vt 0.358422368765 0.342328667641
vt 0.473302602768 0.096137940884
vt 0.398308962584 0.523608297110
vt 0.390898913145 0.379621744156
vt 0.683666706085 0.203687429428
vt 0.788886189461 0.104296386242
vt 0.235357835889 0.659461796284
vt 0.766509532928 0.117558240891
vt 0.675320208073 0.207802295685
vt 0.329214423895 0.570805251598
vt 0.658949315548 0.220264852047
vt 0.648679196835 0.225773811340
vt 0.387392580509 0.115435361862
vt 0.393029510975 0.109414517879
vt 0.412123084068 0.570391267538
vt 0.328320801258 0.581542849541
vt 0.330625832081 0.579190462828
vt 0.784438848495 0.111387670040
vt 0.322614759207 0.334509968758
vt 0.232127904892 0.699013322592
vt 0.276631802320 0.304409325123
vt 0.754664480686 0.123294532299
vt 0.719221293926 0.164453268051
vt 0.771894693375 0.265218615532
vt 0.725178062916 0.157453000546
vt 0.354190647602 0.512429803610
vt 0.394266366959 0.469718456268
vt 0.455775141716 0.655711144209
vt 0.770607054234 0.262225151062
vt 0.272081494331 0.548866271973
vt 0.760883033276 0.120604336262
vt 0.771823048592 0.270115375519
vt 0.350803911686 0.253763794899
vt 0.732126533985 0.246346354485
vt 0.775163352489 0.273513317108
vt 0.383121490479 0.354603707790
vt 0.397827625275 0.410180211067
vt 0.395729899406 0.406715035439
vt 0.403411626816 0.550609350204
vt 0.444809436798 0.648234486580
vt 0.358667105436 0.319628298283
vt 0.353208154440 0.335694074631
vt 0.666660308838 0.211251497269
vt 0.375614613295 0.349063515663
vt 0.243398264050 0.653388291597
vt 0.230220392346 0.710037738085
vt 0.748323917389 0.260999679565
vt 0.367250323296 0.347373366356
vt 0.343630373478 0.220146000385
vt 0.396191567183 0.558182746172
vt 0.351631134748 0.517201542854
vt 0.397189706564 0.414300739765
vt 0.419256091118 0.110955655575
vt 0.429870933294 0.601177483797
vt 0.229488238692 0.250699758530
vt 0.379345268011 0.420521497726
vt 0.781037092209 0.273239612579
vt 0.234042048454 0.674678266048
vt 0.381320714951 0.475751042366
vt 0.327258616686 0.571516394615
vt 0.389039963484 0.540243297815
vt 0.764547049999 0.265206038952
vt 0.766760706902 0.270228147507
vt 0.790811240673 0.101247966290
vt 0.377734959126 0.396182894707
vt 0.754704356194 0.264280259609
vt 0.393159449100 0.450698137283
vt 0.695530176163 0.195931315422
vt 0.468836218119 0.319765269756
vt 0.391065418720 0.445866346359
vt 0.322898894548 0.577850520611
vt 0.397667765617 0.564927577972
vt 0.353901356459 0.336202800274
vt 0.359409034252 0.352683246136
vt 0.712216436863 0.172325253487
vt 0.392602533102 0.440497040749
vt 0.309194862843 0.851154506207
vt 0.372561633587 0.115856230259
vt 0.329231023788 0.330548882484
vt 0.307469874620 0.318662524223
vt 0.699995577335 0.187085449696
vt 0.398959070444 0.876926921308
vt 0.395665377378 0.381633758545
vt 0.394724249840 0.376209855080
vt 0.725120902061 0.255462884903
vt 0.735084712505 0.139821171761
vt 0.726963698864 0.149680733681
vt 0.316258102655 0.109607994556
vt 0.245783537626 0.276524245739
vt 0.811723530293 0.090988159180
vt 0.319846987724 0.327237665653
vt 0.378196448088 0.112113058567
vt 0.744408130646 0.131081879139
vt 0.397162765265 0.106818079948
vt 0.342025578022 0.526442974806
vt 0.774334788322 0.245687484741
vt 0.364830672741 0.506323188543
vt 0.288620829582 0.309398591518
vt 0.320349574089 0.116187632084
vt 0.300597339869 0.117585718632
vt 0.762356698513 0.243492841721
vt 0.348668813705 0.244775712490
vt 0.731674849987 0.262667179108
vt 0.345253139734 0.241656482220
vt 0.312937438488 0.327631235123
vt 0.692092061043 0.197237253189
vt 0.732861578465 0.250977635384
vt 0.234660863876 0.690449595451
vt 0.775843739510 0.247847974300
vt 0.295667529106 0.115542769432
vt 0.438891619444 0.872931763530
vt 0.382467806339 0.481866419315
vt 0.327373534441 0.568146049976
vt 0.403740763664 0.515879780054
vt 0.395858585835 0.458288669586
vt 0.399208486080 0.390551090240
vt 0.317613601685 0.323480546474
vt 0.724064350128 0.155661284924
vt 0.237817898393 0.672650963068
vt 0.453129529953 0.653477400541
vt 0.335955023766 0.183253228664
vt 0.345388144255 0.226438105106
vt 0.299781709909 0.318822920322
vt 0.295293152332 0.302359819412
vt 0.649064958096 0.223619163036
vt 0.426866859198 0.598748445511
vt 0.738799750805 0.136946439743
vt 0.373965054750 0.344776630402
vt 0.370372772217 0.344858050346
vt 0.395861089230 0.418194174767
vt 0.353758126497 0.297577679157
vt 0.398241907358 0.481828093529
vt 0.389272332191 0.366045296192
vt 0.774474501610 0.106286585331
vt 0.342389404774 0.239138901234
vt 0.400843858719 0.385136067867
vt 0.388449341059 0.354579806328
vt 0.317994296551 0.547520816326
vt 0.440889686346 0.325355589390
vt 0.339598298073 0.218143641949
vt 0.387254565954 0.552793115377
vt 0.330325961113 0.565262705088
vt 0.764172255993 0.116867363453
vt 0.687030971050 0.198209047318
vt 0.400425851345 0.452983379364
vt 0.361704707146 0.336506307125
vt 0.765866577625 0.260053217411
vt 0.283946871758 0.526089787483
vt 0.277875602245 0.499807298183
vt 0.445066541433 0.322478532791
vt 0.401088237762 0.396575212479
vt 0.365452677011 0.373895049095
vt 0.311655908823 0.312388777733
vt 0.329252898693 0.584226250648
vt 0.472043812275 0.306032061577
vt 0.410442501307 0.112405061722
vt 0.391345262527 0.465862810612
vt 0.352822542191 0.329136312008
vt 0.336161792278 0.190286874771
vt 0.323989361525 0.543465942144
vt 0.234999060631 0.703435182571
vt 0.742065906525 0.261434137821
vt 0.737731397152 0.256982684135
vt 0.373326838017 0.497892379761
vt 0.330180048943 0.184205174446
vt 0.395907163620 0.111301124096
vt 0.413462549448 0.113415896893
vt 0.432656735182 0.644990235567
vt 0.435125142336 0.331319630146
vt 0.333665668964 0.854238033295
vt 0.351576775312 0.302654206753
vt 0.384934544563 0.478872358799
vt 0.455432265997 0.320104837418
vt 0.767535507679 0.246532320976
vt 0.385395854712 0.453364491463
vt 0.421732336283 0.614037126303
vt 0.774184107780 0.256142973900
vt 0.292053818703 0.854501932859
vt 0.395143419504 0.440323054790
vt 0.767846047878 0.106719791889
vt 0.717890262604 0.162673354149
vt 0.330306500196 0.538215994835
vt 0.321649312973 0.319388270378
vt 0.305804729462 0.123889446259
vt 0.661583483219 0.214464128017
vt 0.655230402946 0.218080461025
vt 0.744450092316 0.244219481945
vt 0.703012406826 0.176546096802
vt 0.368015199900 0.333817660809
vt 0.348160713911 0.325634717941
vt 0.796309888363 0.091655254364
vt 0.324370652437 0.326753258705
vt 0.406850993633 0.398505508900
vt 0.376058757305 0.117358803749
vt 0.298152208328 0.857700839639
vt 0.794659674168 0.091044962406
vt 0.336797982454 0.324692308903
vt 0.311013758183 0.121925771236
vt 0.731820642948 0.259173095226
vt 0.643603265285 0.229422092438
vt 0.413667678833 0.881447382271
vt 0.461594671011 0.317375063896
vt 0.744270682335 0.125560700893
vt 0.402425378561 0.400128185749
vt 0.710140466690 0.169693827629
vt 0.358351618052 0.331406295300
vt 0.246624320745 0.268457949162
vt 0.696760177612 0.179849803448
vt 0.395234495401 0.423518896103
vt 0.325946331024 0.584031075239
vt 0.738208353519 0.248621463776
vt 0.639281809330 0.232765674591
vt 0.640642940998 0.235443592072
vt 0.355459988117 0.345118165016
vt 0.344129234552 0.246663987637
vt 0.779290497303 0.099097132683
vt 0.700147688389 0.184437632561
vt 0.631785571575 0.238823831081
vt 0.235009938478 0.707174450159
vt 0.346497267485 0.285021007061
vt 0.679914414883 0.203310787678
vt 0.548044145107 0.443528175354
vt 0.321324348450 0.573421090841
vt 0.750239968300 0.117435812950
vt 0.304875075817 0.303232073784
vt 0.633963167667 0.243187844753
vt 0.391872674227 0.359468758106
vt 0.732122361660 0.255626261234
vt 0.378619283438 0.342248380184
vt 0.313196480274 0.314350306988
vt 0.713137924671 0.166279852390
vt 0.325037747622 0.150918483734
vt 0.402584552765 0.116126179695
vt 0.410011053085 0.122581899166
vt 0.318697482347 0.305693864822
vt 0.718331754208 0.160103440285
vt 0.357259184122 0.355801165104
vt 0.376677542925 0.499032378197
vt 0.344815790653 0.250579059124
vt 0.725919187069 0.139436602592
vt 0.398680001497 0.372316360474
vt 0.689102709293 0.191643118858
vt 0.679726839066 0.199330925941
vt 0.385460406542 0.342681348324
vt 0.383700579405 0.340943098068
vt 0.722328722477 0.154776334763
vt 0.392740011215 0.444217860699
vt 0.758457481861 0.258444547653
vt 0.398516207933 0.448932170868
vt 0.396317660809 0.445416331291
vt 0.349721670151 0.529682755470
vt 0.751710474491 0.257333993912
vt 0.398959130049 0.439434587955
vt 0.328587561846 0.212090015411
vt 0.334569483995 0.215908348560
vt 0.764099955559 0.104954659939
vt 0.446463674307 0.108687639236
vt 0.379635035992 0.120790898800
vt 0.387661635876 0.477863252163
vt 0.415391266346 0.586002975702
vt 0.361815720797 0.324133634567
vt 0.360980093479 0.328504920006
vt 0.328966319561 0.312045812607
vt 0.673072874546 0.202933132648
vt 0.389434874058 0.598108410835
vt 0.271698474884 0.827054381371
vt 0.241100385785 0.708636164665
vt 0.346875071526 0.318929016590
vt 0.443740308285 0.313517808914
vt 0.800355136395 0.085050523281
vt 0.341251879930 0.577940076590
vt 0.634612381458 0.229164123535
vt 0.397440642118 0.116047978401
vt 0.447480350733 0.660214394331
vt 0.341200560331 0.276941895485
vt 0.321759968996 0.566197812557
vt 0.325999528170 0.315799653530
vt 0.638829886913 0.224821627140
vt 0.392409592867 0.348042488098
vt 0.331530988216 0.560461670160
vt 0.357154726982 0.361472666264
vt 0.325274318457 0.588619172573
vt 0.346751481295 0.303326904774
vt 0.371897876263 0.421455860138
vt 0.402975767851 0.370445013046
vt 0.371168673038 0.507439911366
vt 0.238681152463 0.702363520861
vt 0.390037328005 0.483960330486
vt 0.351665496826 0.338041186333
vt 0.314293682575 0.128312349319
vt 0.397646039724 0.364566802979
vt 0.400284767151 0.418709337711
vt 0.423422455788 0.319004714489
vt 0.381074696779 0.115874767303
vt 0.401665389538 0.438027620316
vt 0.799148321152 0.082844257355
vt 0.387475937605 0.482183992863
vt 0.283490568399 0.302474021912
vt 0.288583934307 0.511516034603
vt 0.759079992771 0.247882187366
vt 0.750953495502 0.248058974743
vt 0.336307823658 0.561288326979
vt 0.363118678331 0.517127305269
vt 0.380927383900 0.333837330341
vt 0.803662300110 0.079318761826
vt 0.718430995941 0.152987241745
vt 0.299481451511 0.301679134369
vt 0.291399359703 0.846458837390
vt 0.660121142864 0.212895393372
vt 0.332760602236 0.542562395334
vt 0.755919754505 0.251020610332
vt 0.849211096764 0.011975347996
vt 0.844836592674 0.020724296570
vt 0.430534899235 0.118361413479
vt 0.683575749397 0.191436171532
vt 0.349143087864 0.331218063831
vt 0.254847496748 0.626549929380
vt 0.689436793327 0.182111740112
vt 0.297476232052 0.851645216346
vt 0.404681146145 0.408289372921
vt 0.339357346296 0.235104799271
vt 0.397176474333 0.575735151768
vt 0.325019061565 0.591941446066
vt 0.322416722775 0.594678491354
vt 0.358663231134 0.319991409779
vt 0.340764194727 0.537583887577
vt 0.400414437056 0.428078889847
vt 0.511355698109 0.093846917152
vt 0.384177476168 0.467150866985
vt 0.373730599880 0.434569358826
vt 0.316995680332 0.125503838062
vt 0.752019166946 0.253806412220
vt 0.809200823307 0.071883141994
vt 0.241423189640 0.670442253351
vt 0.662155687809 0.207948386669
vt 0.653186023235 0.217067241669
vt 0.337077379227 0.222029566765
vt 0.646888792515 0.219962775707
vt 0.316316992044 0.586720377207
vt 0.333158493042 0.315107882023
vt 0.408909529448 0.382975637913
vt 0.696391642094 0.171640098095
vt 0.400350809097 0.459189713001
vt 0.678122460842 0.196525633335
vt 0.748257577419 0.253203690052
vt 0.312453538179 0.303637623787
vt 0.747660696507 0.249598205090
vt 0.392572760582 0.353615403175
vt 0.287556320429 0.301707088947
vt 0.449814945459 0.655135601759
vt 0.368147373199 0.409367859364
vt 0.369193702936 0.416601300240
vt 0.327821701765 0.197403311729
vt 0.308941096067 0.585061192513
vt 0.305829465389 0.587596356869
vt 0.306678116322 0.589912921190
vt 0.375188171864 0.441518545151
vt 0.372004330158 0.426551103592
vt 0.761140346527 0.253913640976
vt 0.396496027708 0.497339248657
vt 0.803696036339 0.076789796352
vt 0.317452907562 0.598930925131
vt 0.322277814150 0.598828136921
vt 0.691495120525 0.178898990154
vt 0.332084834576 0.308284461498
vt 0.326719790697 0.306089758873
vt 0.336396902800 0.223860859871
vt 0.291743397713 0.301007330418
vt 0.244564428926 0.660170406103
vt 0.428943485022 0.327417910099
vt 0.344688415527 0.323530256748
vt 0.721155583858 0.143136203289
vt 0.834554076195 0.037603259087
vt 0.547330915928 0.270778298378
vt 0.375989019871 0.448090016842
vt 0.813301324844 0.064583837986
vt 0.816975057125 0.062421023846
vt 0.308887332678 0.593844413757
vt 0.319237738848 0.578946560621
vt 0.261939466000 0.597236365080
vt 0.377406090498 0.452798426151
vt 0.363361001015 0.397278964520
vt 0.283698499203 0.544943213463
vt 0.339866966009 0.249288797379
vt 0.315294712782 0.579049825668
vt 0.347465902567 0.334082424641
vt 0.749301612377 0.113119244576
vt 0.687265396118 0.185406565666
vt 0.805782198906 0.071842074394
vt 0.400975465775 0.576186299324
vt 0.297235250473 0.299006044865
vt 0.399558454752 0.473253488541
vt 0.782477140427 0.085332989693
vt 0.321873903275 0.131398022175
vt 0.636049807072 0.215314030647
vt 0.318333417177 0.303447246552
vt 0.333460777998 0.590854495764
vt 0.351510405540 0.346255421638
vt 0.336781531572 0.270431160927
vt 0.408217757940 0.876692786813
vt 0.306544691324 0.578741937876
vt 0.740060746670 0.120458185673
vt 0.392494171858 0.339717268944
vt 0.732431054115 0.127517163754
vt 0.387055426836 0.119070589542
vt 0.344185531139 0.291323423386
vt 0.361151486635 0.390474379063
vt 0.358571112156 0.384990215302
vt 0.302349239588 0.585893303156
vt 0.623715221882 0.242476046085
vt 0.249112948775 0.706562221050
vt 0.353957265615 0.371843516827
vt 0.462126642466 0.111794769764
vt 0.364628672600 0.403881072998
vt 0.366079837084 0.410012662411
vt 0.355662345886 0.377966225147
vt 0.340838521719 0.316542923450
vt 0.710042357445 0.163233280182
vt 0.309976845980 0.601167440414
vt 0.310746163130 0.604120731354
vt 0.703168034554 0.171262145042
vt 0.391199886799 0.478516876698
vt 0.826679289341 0.046353101730
vt 0.821069478989 0.052650630474
vt 0.722507715225 0.136068642139
vt 0.384741097689 0.123006939888
vt 0.352004975080 0.366442322731
vt 0.456950783730 0.311996936798
vt 0.319303542376 0.133079111576
vt 0.552631080151 0.446795344353
vt 0.323097437620 0.185004651546
vt 0.314704984426 0.159586787224
vt 0.327138990164 0.189742624760
vt 0.396212309599 0.344875574112
vt 0.383267968893 0.495628952980
vt 0.672921359539 0.198088407516
vt 0.300507545471 0.529022783041
vt 0.329179763794 0.135928511620
vt 0.329732567072 0.138661444187
vt 0.338953197002 0.141485631466
vt 0.412493348122 0.847419291735
vt 0.412425100803 0.382744729519
vt 0.407121837139 0.369048535824
vt 0.700610220432 0.168424308300
vt 0.397315770388 0.352897405624
vt 0.336013019085 0.142045378685
vt 0.413384914398 0.118918299675
vt 0.334182202816 0.305604994297
vt 0.813838422298 0.061367988586
vt 0.264764487743 0.283627569675
vt 0.380980074406 0.565240442753
vt 0.323207914829 0.208424031734
vt 0.364001929760 0.319891095161
vt 0.421189904213 0.117310047150
vt 0.384451538324 0.546126037836
vt 0.341658592224 0.317721903324
vt 0.619124174118 0.247293353081
vt 0.348957628012 0.358309388161
vt 0.810237288475 0.067292630672
vt 0.416067451239 0.395893037319
vt 0.266885161400 0.605579525232
vt 0.419752389193 0.125036418438
vt 0.417221724987 0.122077763081
vt 0.326828777790 0.604837030172
vt 0.282401978970 0.472929835320
vt 0.404195487499 0.422703385353
vt 0.244359657168 0.671265363693
vt 0.405246883631 0.450726151466
vt 0.404328852892 0.454340219498
vt 0.817694067955 0.056707620621
vt 0.387040853500 0.516318500042
vt 0.336560517550 0.233122706413
vt 0.244605362415 0.680699646473
vt 0.307562559843 0.606298625469
vt 0.327939480543 0.304425954819
vt 0.252789527178 0.651025921106
vt 0.316212534904 0.149919927120
vt 0.334824830294 0.553613543510
vt 0.302164763212 0.591978281736
vt 0.462423026562 0.107665777206
vt 0.457755476236 0.119046747684
vt 0.463791966438 0.117196500301
vt 0.435259461403 0.317872226238
vt 0.352402329445 0.150171220303
vt 0.410048127174 0.402415573597
vt 0.388170093298 0.579908132553
vt 0.337426841259 0.307104587555
vt 0.834432899952 0.033352613449
vt 0.347674936056 0.367289185524
vt 0.305093944073 0.599007338285
vt 0.667530655861 0.198430180550
vt 0.831853985786 0.035806715488
vt 0.825773715973 0.044118046761
vt 0.353165358305 0.382615089417
vt 0.658102333546 0.201659202576
vt 0.402470707893 0.363819718361
vt 0.424941450357 0.325815379620
vt 0.404958933592 0.415069282055
vt 0.356830656528 0.397948741913
vt 0.363766193390 0.413939356804
vt 0.342339932919 0.328469634056
vt 0.414277881384 0.624078333378
vt 0.422876060009 0.631289511919
vt 0.288621425629 0.284235000610
vt 0.346656888723 0.350421786308
vt 0.389704585075 0.488795399666
vt 0.385758638382 0.507674515247
vt 0.409489750862 0.457190990448
vt 0.392206370831 0.485333025455
vt 0.318317323923 0.204983532429
vt 0.692071676254 0.161657333374
vt 0.690636277199 0.166543960571
vt 0.809158921242 0.056420385838
vt 0.627207636833 0.232277154922
vt 0.398640841246 0.330690860748
vt 0.366520971060 0.434285342693
vt 0.406724900007 0.869233623147
vt 0.377311706543 0.459250926971
vt 0.397355854511 0.337522149086
vt 0.248303711414 0.663996875286
vt 0.681059539318 0.182674169540
vt 0.297544330359 0.292079508305
vt 0.425312906504 0.380332231522
vt 0.464540779591 0.123812854290
vt 0.620008111000 0.237382829189
vt 0.391885548830 0.122277915478
vt 0.411205708981 0.365844130516
vt 0.369427233934 0.326388597488
vt 0.421061843634 0.605266124010
vt 0.401467651129 0.122017562389
vt 0.388786375523 0.124942302704
vt 0.421724617481 0.858382001519
vt 0.431830465794 0.867256984115
vt 0.842265725136 0.019810378551
vt 0.631271243095 0.226998806000
vt 0.455084294081 0.670502543449
vt 0.676737427711 0.189587116241
vt 0.371669977903 0.163203835487
vt 0.373805522919 0.170226097107
vt 0.380069553852 0.168289542198
vt 0.300687193871 0.612867236137
vt 0.300972014666 0.615755140781
vt 0.634499192238 0.222333014011
vt 0.346757560968 0.576371639967
vt 0.363748848438 0.314264297485
vt 0.392184317112 0.127947568893
vt 0.418870449066 0.324273049831
vt 0.363619089127 0.311567485332
vt 0.351943403482 0.307977020741
vt 0.335090726614 0.304500579834
vt 0.309102952480 0.611114978790
vt 0.344044804573 0.358649909496
vt 0.846921265125 0.011828899384
vt 0.755706608295 0.102960944176
vt 0.405855715275 0.442333102226
vt 0.306641310453 0.091619551182
vt 0.312414348125 0.107490718365
vt 0.333719342947 0.230327725410
vt 0.715220391750 0.150418043137
vt 0.710892081261 0.159266173840
vt 0.347145348787 0.422866523266
vt 0.342389285564 0.395808517933
vt 0.341391384602 0.413623869419
vt 0.351319938898 0.154216706753
vt 0.361606895924 0.154716253281
vt 0.344236016273 0.434948623180
vt 0.789307296276 0.075919866562
vt 0.408486664295 0.413762986660
vt 0.336138457060 0.240949094296
vt 0.459840565920 0.124154686928
vt 0.738269746304 0.114520013332
vt 0.338309437037 0.148350894451
vt 0.330184042454 0.260111689568
vt 0.446503609419 0.309822916985
vt 0.245296046138 0.687582314014
vt 0.298073440790 0.605871081352
vt 0.337641268969 0.301151454449
vt 0.348769783974 0.555140912533
vt 0.344383060932 0.546785414219
vt 0.379191190004 0.464897513390
vt 0.379904657602 0.472507059574
vt 0.698230504990 0.155741691589
vt 0.649548709393 0.204206645489
vt 0.404545903206 0.435522854328
vt 0.396289706230 0.124588847160
vt 0.382840186357 0.571716219187
vt 0.315854102373 0.174171507359
vt 0.418279320002 0.368306934834
vt 0.293640017509 0.543486446142
vt 0.836316585541 0.024853944778
vt 0.469427913427 0.134190022945
vt 0.337097108364 0.390694439411
vt 0.440630614758 0.122636258602
vt 0.343205690384 0.342483758926
vt 0.298153758049 0.847809955478
vt 0.380826234818 0.479869365692
vt 0.291600435972 0.838070705533
vt 0.371365487576 0.167301774025
vt 0.365979224443 0.854229778051
vt 0.689376533031 0.163952529430
vt 0.298851937056 0.618479818106
vt 0.408361256123 0.464197337627
vt 0.429361283779 0.692364752293
vt 0.408114492893 0.454841613770
vt 0.332426756620 0.418501019478
vt 0.666841626167 0.194964826107
vt 0.299196720123 0.515333384275
vt 0.377466171980 0.545334398746
vt 0.360447078943 0.161218822002
vt 0.248079717159 0.676619827747
vt 0.405760824680 0.354947030544
vt 0.333092987537 0.265539169312
vt 0.407244801521 0.426605343819
vt 0.504262030125 0.280183970928
vt 0.407588928938 0.124145627022
vt 0.464891463518 0.139408767223
vt 0.471744865179 0.145408689976
vt 0.296032309532 0.620791643858
vt 0.331753998995 0.271326243877
vt 0.371876150370 0.558928966522
vt 0.705382823944 0.162030458450
vt 0.423907935619 0.123940169811
vt 0.248320296407 0.250812947750
vt 0.336791813374 0.596532076597
vt 0.851623654366 0.007879078388
vt 0.849539637566 0.007592260838
vt 0.337870955467 0.283695816994
vt 0.402713924646 0.334969937801
vt 0.332691878080 0.359779417515
vt 0.360303729773 0.309599459171
vt 0.340501844883 0.334533095360
vt 0.412579089403 0.591884851456
vt 0.635184526443 0.209451913834
vt 0.293903946877 0.488533139229
vt 0.366826355457 0.167184650898
vt 0.415540516376 0.125889062881
vt 0.453604251146 0.304555535316
vt 0.451367646456 0.305080413818
vt 0.394562482834 0.129457235336
vt 0.320644557476 0.189810276031
vt 0.296842396259 0.623716175556
vt 0.435783028603 0.657391548157
vt 0.299489647150 0.504032403231
vt 0.356543838978 0.413745820522
vt 0.349697589874 0.384044468403
vt 0.336370825768 0.315844476223
vt 0.370713859797 0.324328422546
vt 0.367491900921 0.310801208019
vt 0.307382971048 0.515536248684
vt 0.301581203938 0.503752171993
vt 0.304310768843 0.507615178823
vt 0.383958101273 0.500353604555
vt 0.301991224289 0.571514159441
vt 0.702146410942 0.163926184177
vt 0.381331354380 0.487717628479
vt 0.282613486052 0.563604891300
vt 0.416690766811 0.401158869267
vt 0.425923258066 0.313580214977
vt 0.333847343922 0.430120527744
vt 0.634011626244 0.213597357273
vt 0.339975148439 0.344416022301
vt 0.328934013844 0.373307228088
vt 0.334777414799 0.441707611084
vt 0.343571484089 0.451776146889
vt 0.328227907419 0.218948483467
vt 0.350071638823 0.469610393047
vt 0.608261525631 0.248185217381
vt 0.414084970951 0.353648722172
vt 0.413495242596 0.360181987286
vt 0.446644842625 0.657226443291
vt 0.410719990730 0.417813003063
vt 0.443763941526 0.658200681210
vt 0.409216076136 0.422663033009
vt 0.308485269547 0.521222680807
vt 0.309974759817 0.519404083490
vt 0.782968521118 0.073272883892
vt 0.761315226555 0.091242611408
vt 0.332231998444 0.408393681049
vt 0.330647170544 0.391103565693
vt 0.331208646297 0.398736178875
vt 0.307126402855 0.512093573809
vt 0.405408948660 0.591074794531
vt 0.409130871296 0.452350735664
vt 0.339272409678 0.152550756931
vt 0.341175943613 0.307867050171
vt 0.441306203604 0.664186507463
vt 0.328431814909 0.225628435612
vt 0.255748331547 0.276666045189
vt 0.245405673981 0.696617156267
vt 0.247619777918 0.258923053741
vt 0.289415597916 0.478432059288
vt 0.298148661852 0.495090901852
vt 0.695812404156 0.155594348907
vt 0.380511760712 0.857522010803
vt 0.382524549961 0.493401646614
vt 0.336718469858 0.324305236340
vt 0.286629587412 0.473591148853
vt 0.283958345652 0.469278693199
vt 0.416840463877 0.323868632317
vt 0.345384687185 0.466702878475
vt 0.429497867823 0.309233188629
vt 0.838785111904 0.012406468391
vt 0.613632142544 0.239465236664
vt 0.702691257000 0.158846020699
vt 0.326179385185 0.255028665066
vt 0.321209758520 0.247741222382
vt 0.395130366087 0.313870012760
vt 0.391791552305 0.313859164715
vt 0.222760260105 0.232258319855
vt 0.614125728607 0.251204967499
vt 0.719636678696 0.129276990891
vt 0.736517190933 0.108410954475
vt 0.296942979097 0.841796010733
vt 0.404950052500 0.127142429352
vt 0.405865669250 0.330426454544
vt 0.312785357237 0.529523938894
vt 0.627410829067 0.225490689278
vt 0.312457501888 0.523471802473
vt 0.336007744074 0.550712645054
vt 0.360843002796 0.417995333672
vt 0.414261311293 0.442000567913
vt 0.336586803198 0.333164751530
vt 0.379484415054 0.538255840540
vt 0.344756305218 0.304133415222
vt 0.315338522196 0.525550395250
vt 0.356254190207 0.307302474976
vt 0.291754037142 0.482604622841
vt 0.360664844513 0.450895428658
vt 0.659231603146 0.198704481125
vt 0.411704272032 0.318172872066
vt 0.377695471048 0.322682797909
vt 0.330408602953 0.227992177010
vt 0.352900475264 0.849350690842
vt 0.333498269320 0.315115869045
vt 0.334337174892 0.284329235554
vt 0.828044772148 0.026023924351
vt 0.460504621267 0.138128340244
vt 0.462739765644 0.142720639706
vt 0.631652712822 0.221580862999
vt 0.471624642611 0.149275600910
vt 0.397625684738 0.134953379631
vt 0.400479614735 0.130249738693
vt 0.412749648094 0.324999272823
vt 0.449614942074 0.307238221169
vt 0.689741134644 0.158298671246
vt 0.343670308590 0.294716477394
vt 0.626446902752 0.217695415020
vt 0.409641742706 0.435583531857
vt 0.410632699728 0.333203732967
vt 0.371457129717 0.469625413418
vt 0.316825032234 0.534660398960
vt 0.681650757790 0.165294170380
vt 0.342163801193 0.587453633547
vt 0.419703096151 0.650706648827
vt 0.330771476030 0.339942455292
vt 0.324890524149 0.344245612621
vt 0.317902714014 0.531677246094
vt 0.412416487932 0.606062412262
vt 0.321962922812 0.227102279663
vt 0.421024471521 0.158886134624
vt 0.430521011353 0.153279185295
vt 0.417255938053 0.156501293182
vt 0.339451611042 0.476887345314
vt 0.310531437397 0.158435463905
vt 0.251535475254 0.671155542135
vt 0.324833393097 0.283991038799
vt 0.332216352224 0.321411311626
vt 0.669412732124 0.189413726330
vt 0.336009830236 0.468116104603
vt 0.330126762390 0.543539494276
vt 0.250924617052 0.696434915066
vt 0.334468364716 0.456892132759
vt 0.389714956284 0.581936091185
vt 0.403069436550 0.143054485321
vt 0.674714624882 0.180695295334
vt 0.367228120565 0.307888388634
vt 0.371974766254 0.171604335308
vt 0.428452908993 0.162701487541
vt 0.358919829130 0.165633440018
vt 0.353174120188 0.164609491825
vt 0.465580761433 0.147031784058
vt 0.280251741409 0.585993051529
vt 0.772608995438 0.076514482498
vt 0.342746853828 0.157868802547
vt 0.841727793217 0.005040109158
vt 0.522826671600 0.269428074360
vt 0.362671792507 0.308831393719
vt 0.329001158476 0.301682591438
vt 0.313785225153 0.506364226341
vt 0.293627023697 0.600160539150
vt 0.414479106665 0.342599749565
vt 0.298754870892 0.565395146608
vt 0.358819276094 0.464274823666
vt 0.305419564247 0.140900313854
vt 0.294535785913 0.481172978878
vt 0.291393458843 0.472327351570
vt 0.705861449242 0.150501251221
vt 0.350096434355 0.305226266384
vt 0.292113125324 0.625707268715
vt 0.372614502907 0.493904292583
vt 0.416631400585 0.455611228943
vt 0.619668900967 0.229940772057
vt 0.407483845949 0.131513893604
vt 0.275133639574 0.645956128836
vt 0.279967635870 0.636482477188
vt 0.273498773575 0.645643055439
vt 0.718209326267 0.118254959583
vt 0.336146414280 0.546811699867
vt 0.419750303030 0.152360081673
vt 0.416880249977 0.152552962303
vt 0.320294290781 0.537621587515
vt 0.658807396889 0.192123949528
vt 0.287875652313 0.458220362663
vt 0.415734589100 0.412686288357
vt 0.486035555601 0.111291468143
vt 0.323410004377 0.541406810284
vt 0.325034946203 0.259498119354
vt 0.284684091806 0.636917203665
vt 0.469423741102 0.150272130966
vt 0.710678040981 0.140628874302
vt 0.425210833549 0.132834792137
vt 0.453976571560 0.117394804955
vt 0.317205786705 0.239821016788
vt 0.629137217999 0.208528876305
vt 0.419949769974 0.403385162354
vt 0.419415771961 0.409140825272
vt 0.839284539223 0.008661210537
vt 0.271623969078 0.653147220612
vt 0.759982526302 0.087224841118
vt 0.329541295767 0.233879506588
vt 0.268268585205 0.644418179989
vt 0.788881659508 0.067836940289
vt 0.290585547686 0.635768145323
vt 0.384227931499 0.309209227562
vt 0.677821099758 0.171428799629
vt 0.371644705534 0.307849824429
vt 0.433598846197 0.134911596775
vt 0.415068626404 0.450286090374
vt 0.366786330938 0.455479860306
vt 0.256612539291 0.641180336475
vt 0.375001966953 0.517165482044
vt 0.324637115002 0.354732573032
vt 0.325808525085 0.612190902233
vt 0.355459719896 0.166083037853
vt 0.302502125502 0.623470306396
vt 0.597906529903 0.259532511234
vt 0.664573848248 0.191158473492
vt 0.625243663788 0.212027311325
vt 0.338025420904 0.592675805092
vt 0.834084272385 0.012835741043
vt 0.382610976696 0.177415132523
vt 0.389417678118 0.171350955963
vt 0.417847245932 0.131496191025
vt 0.272548437119 0.630874603987
vt 0.320448100567 0.316925704479
vt 0.627191007137 0.222662389278
vt 0.410819381475 0.648863822222
vt 0.395363926888 0.177841246128
vt 0.335974842310 0.518269866705
vt 0.717296063900 0.123569846153
vt 0.592958033085 0.259163260460
vt 0.596647918224 0.257893741131
vt 0.589655101299 0.264896929264
vt 0.477980077267 0.289662599564
vt 0.449370235205 0.298163175583
vt 0.402639657259 0.870996356010
vt 0.445050030947 0.303663492203
vt 0.302175015211 0.836857333779
vt 0.422285407782 0.144829094410
vt 0.404568701982 0.624700367451
vt 0.325470477343 0.374247252941
vt 0.790962100029 0.062572717667
vt 0.803362309933 0.054789841175
vt 0.417989015579 0.453151702881
vt 0.251889199018 0.688941508532
vt 0.416347652674 0.310172080994
vt 0.590316891670 0.267975807190
vt 0.322362393141 0.278136074543
vt 0.324289232492 0.299552917480
vt 0.286422163248 0.621907353401
vt 0.430440187454 0.145821213722
vt 0.322523355484 0.537094354630
vt 0.402870535851 0.181213855743
vt 0.396629154682 0.183167159557
vt 0.390698760748 0.310901939869
vt 0.404943138361 0.315201699734
vt 0.782522857189 0.066270291805
vt 0.356180578470 0.169092237949
vt 0.425408691168 0.394453585148
vt 0.410954028368 0.146618127823
vt 0.404689192772 0.185042917728
vt 0.442792773247 0.300575435162
vt 0.361823230982 0.438228189945
vt 0.590687155724 0.258262574673
vt 0.581996202469 0.261585831642
vt 0.413811504841 0.131815910339
vt 0.436252653599 0.684687107801
vt 0.346842586994 0.517057836056
vt 0.315587997437 0.184370219707
vt 0.374532550573 0.310696542263
vt 0.372293949127 0.542288124561
vt 0.391988247633 0.188653290272
vt 0.302568137646 0.122965216637
vt 0.371870785952 0.572519004345
vt 0.306500464678 0.285381257534
vt 0.295181751251 0.474568068981
vt 0.435951173306 0.653002202511
vt 0.317493379116 0.262731075287
vt 0.426306396723 0.406181275845
vt 0.337349623442 0.288025379181
vt 0.686824619770 0.152448296547
vt 0.417811423540 0.143393993378
vt 0.367881774902 0.544000118971
vt 0.413182288408 0.609645366669
vt 0.578143417835 0.265755951405
vt 0.252411693335 0.245711147785
vt 0.371468663216 0.533519715071
vt 0.307478457689 0.819574534893
vt 0.814112901688 0.036488234997
vt 0.334441602230 0.490227460861
vt 0.297297418118 0.835402250290
vt 0.318334132433 0.276572465897
vt 0.398228019476 0.312764585018
vt 0.320189625025 0.271945834160
vt 0.817891776562 0.025956273079
vt 0.287376761436 0.599618703127
vt 0.642699658871 0.194974064827
vt 0.427057206631 0.863483697176
vt 0.374865084887 0.174922168255
vt 0.666970372200 0.187699019909
vt 0.401967167854 0.312588572502
vt 0.327636688948 0.534775972366
vt 0.413752347231 0.422750830650
vt 0.373798102140 0.305389046669
vt 0.441498517990 0.659802109003
vt 0.369675099850 0.176609992981
vt 0.312334060669 0.201562225819
vt 0.253747969866 0.680318146944
vt 0.454199522734 0.295631229877
vt 0.318383336067 0.249981582165
vt 0.361397325993 0.486312389374
vt 0.622583568096 0.217268705368
vt 0.834941208363 0.006308615208
vt 0.256379157305 0.672904402018
vt 0.396622657776 0.595103204250
vt 0.377670794725 0.579921871424
vt 0.349224418402 0.164572417736
vt 0.256422609091 0.659869849682
vt 0.475668251514 0.152339756489
vt 0.477336406708 0.155188083649
vt 0.483326047659 0.151567041874
vt 0.733702838421 0.100967347622
vt 0.366468071938 0.580329418182
vt 0.410064786673 0.311324238777
vt 0.413715124130 0.431869089603
vt 0.374677598476 0.176557064056
vt 0.373536050320 0.536759525537
vt 0.596165299416 0.252254486084
vt 0.620922446251 0.218510568142
vt 0.586232662201 0.256530284882
vt 0.361522793770 0.556749999523
vt 0.292666375637 0.460214734077
vt 0.378268867731 0.177700281143
vt 0.318577498198 0.335624754429
vt 0.444623619318 0.677130222321
vt 0.438671916723 0.300116360188
vt 0.379542201757 0.306055188179
vt 0.497614026070 0.104400873184
vt 0.264507085085 0.627941876650
vt 0.466887623072 0.153339445591
vt 0.289224803448 0.590191900730
vt 0.421768635511 0.452300488949
vt 0.709014832973 0.126002430916
vt 0.591966986656 0.255412995815
vt 0.417642563581 0.447390556335
vt 0.351369231939 0.576461821795
vt 0.361105144024 0.586354464293
vt 0.664116561413 0.182134687901
vt 0.336770683527 0.542149454355
vt 0.425737649202 0.173411309719
vt 0.423834353685 0.180833458900
vt 0.429464161396 0.175527095795
vt 0.428609162569 0.302671611309
vt 0.309514671564 0.152599930763
vt 0.709665775299 0.121958434582
vt 0.420668631792 0.433572769165
vt 0.270273387432 0.658305794001
vt 0.309361696243 0.182458698750
vt 0.326264202595 0.422023117542
vt 0.425615191460 0.409746348858
vt 0.412981569767 0.308749556541
vt 0.356524646282 0.587724924088
vt 0.298647284508 0.475741088390
vt 0.358044147491 0.535029947758
vt 0.683831572533 0.153454124928
vt 0.314579069614 0.294164419174
vt 0.437587231398 0.159314572811
vt 0.458418428898 0.292971372604
vt 0.422245651484 0.305845558643
vt 0.756825685501 0.084716022015
vt 0.286621451378 0.453260183334
vt 0.322057545185 0.507559120655
vt 0.699679672718 0.144408285618
vt 0.277586311102 0.660691857338
vt 0.257850587368 0.650692254305
vt 0.365442395210 0.542097508907
vt 0.415114402771 0.417180299759
vt 0.319921135902 0.351285457611
vt 0.678609669209 0.158057928085
vt 0.271279424429 0.614766389132
vt 0.321488767862 0.417131245136
vt 0.623779416084 0.208420157433
vt 0.259455114603 0.666883200407
vt 0.393982946873 0.188035130501
vt 0.435150831938 0.299675822258
vt 0.607657074928 0.242418050766
vt 0.598039269447 0.249219596386
vt 0.229466557503 0.222183227539
vt 0.256838142872 0.236916482449
vt 0.245837301016 0.210849761963
vt 0.263446390629 0.670638442039
vt 0.262193173170 0.678228914738
vt 0.398708134890 0.302355706692
vt 0.380285710096 0.179320156574
vt 0.295124858618 0.460062265396
vt 0.290236830711 0.449826717377
vt 0.399896502495 0.866875052452
vt 0.404351562262 0.309812784195
vt 0.828606128693 0.009696424007
vt 0.574135065079 0.263507008553
vt 0.256712585688 0.686226844788
vt 0.676453590393 0.162591159344
vt 0.386054545641 0.184412062168
vt 0.273616701365 0.276592135429
vt 0.281754881144 0.616075158119
vt 0.303832083941 0.163883209229
vt 0.658918201923 0.182267248631
vt 0.650185883045 0.189172685146
vt 0.456283032894 0.125891923904
vt 0.418123245239 0.422520816326
vt 0.419165104628 0.417107164860
vt 0.324975520372 0.517060190439
vt 0.266160666943 0.667771428823
vt 0.715240359306 0.113217592239
vt 0.384616792202 0.585100382566
vt 0.788332104683 0.062425017357
vt 0.322146266699 0.819604605436
vt 0.463509559631 0.291411936283
vt 0.421588927507 0.442800998688
vt 0.618130862713 0.223793983459
vt 0.668257594109 0.181574225426
vt 0.613475561142 0.227981269360
vt 0.830423235893 0.006158828735
vt 0.670522391796 0.171761214733
vt 0.324449688196 0.443530619144
vt 0.334461361170 0.601903557777
vt 0.825920522213 0.014110982418
vt 0.380614489317 0.585054993629
vt 0.378014624119 0.583734899759
vt 0.445106893778 0.134565949440
vt 0.328474253416 0.529514789581
vt 0.405496597290 0.617649376392
vt 0.306782424450 0.189000546932
vt 0.300875455141 0.103559136391
vt 0.430348575115 0.412142395973
vt 0.437859982252 0.662290632725
vt 0.375975251198 0.290895462036
vt 0.608699083328 0.238940834999
vt 0.319572359324 0.421318948269
vt 0.782290101051 0.061411678791
vt 0.370063185692 0.197098255157
vt 0.366083174944 0.198119640350
vt 0.371105313301 0.198808193207
vt 0.315045118332 0.319406449795
vt 0.666980862617 0.175044238567
vt 0.666056036949 0.172118544579
vt 0.383128046989 0.181773424149
vt 0.375587791204 0.195170283318
vt 0.260228961706 0.685230791569
vt 0.294615954161 0.444182753563
vt 0.340316563845 0.599089711905
vt 0.344932079315 0.598288685083
vt 0.343957126141 0.594650357962
vt 0.580681085587 0.256418168545
vt 0.342120200396 0.601381689310
vt 0.263145983219 0.273020625114
vt 0.405816525221 0.187045753002
vt 0.472423255444 0.158816814423
vt 0.827769517899 0.003150939941
vt 0.422599762678 0.421202719212
vt 0.307249009609 0.203843772411
vt 0.356168270111 0.573604017496
vt 0.326482653618 0.511287093163
vt 0.441793978214 0.151754498482
vt 0.261601835489 0.659040570259
vt 0.348668754101 0.541742503643
vt 0.310796886683 0.292608976364
vt 0.310803055763 0.229685306549
vt 0.482661515474 0.160933673382
vt 0.365696430206 0.481139123440
vt 0.302613526583 0.156394243240
vt 0.314288228750 0.254241824150
vt 0.355074197054 0.544791609049
vt 0.314920425415 0.271453738213
vt 0.263007968664 0.641003578901
vt 0.426271021366 0.184186577797
vt 0.439407765865 0.165337026119
vt 0.771882593632 0.068267047405
vt 0.690447449684 0.151162922382
vt 0.306079238653 0.479476094246
vt 0.798804402351 0.048092305660
vt 0.296388030052 0.120563685894
vt 0.381667762995 0.191662371159
vt 0.707879841328 0.115703940392
vt 0.325406730175 0.493178129196
vt 0.623166859150 0.205006361008
vt 0.315914094448 0.389265954494
vt 0.320837289095 0.413813233376
vt 0.261306107044 0.636853665113
vt 0.310085892677 0.276025116444
vt 0.424371391535 0.437876403332
vt 0.468378782272 0.122452378273
vt 0.323776036501 0.484867274761
vt 0.408119708300 0.187305033207
vt 0.408450812101 0.297495186329
vt 0.477299690247 0.159765362740
vt 0.353870749474 0.582159250975
vt 0.303635597229 0.184840202332
vt 0.708288729191 0.119161605835
vt 0.410709530115 0.185436248779
vt 0.467640399933 0.158279001713
vt 0.310866236687 0.374938964844
vt 0.353467017412 0.598855763674
vt 0.489435791969 0.149877548218
vt 0.486470073462 0.160187780857
vt 0.343800365925 0.603588789701
vt 0.590325057507 0.252567768097
vt 0.312613725662 0.258676588535
vt 0.492815703154 0.163211286068
vt 0.504590809345 0.158316373825
vt 0.467196226120 0.151659488678
vt 0.311036795378 0.305966079235
vt 0.822082042694 0.004483222961
vt 0.404659777880 0.595756471157
vt 0.440310657024 0.160313248634
vt 0.347966939211 0.590625256300
vt 0.336513012648 0.206354200840
vt 0.323794275522 0.205286681652
vt 0.330055266619 0.208891034126
vt 0.377147585154 0.185422480106
vt 0.307959198952 0.269060492516
vt 0.307443946600 0.275365650654
vt 0.568953990936 0.260946989059
vt 0.307318210602 0.199052572250
vt 0.299143195152 0.193971335888
vt 0.323776841164 0.209918200970
vt 0.368505954742 0.505519151688
vt 0.615273535252 0.218438148499
vt 0.301555603743 0.476335585117
vt 0.696845650673 0.141553103924
vt 0.320513963699 0.493814706802
vt 0.299795836210 0.464161634445
vt 0.360792070627 0.200423657894
vt 0.429927557707 0.417396366596
vt 0.296626836061 0.151238918304
vt 0.276586353779 0.810471922159
vt 0.353183478117 0.578063219786
vt 0.461884081364 0.158688545227
vt 0.475604116917 0.166483163834
vt 0.702966868877 0.123846173286
vt 0.270607501268 0.230922162533
vt 0.406075060368 0.191986799240
vt 0.425667732954 0.431642353535
vt 0.425119459629 0.426884055138
vt 0.274278670549 0.209986448288
vt 0.292824894190 0.827456071973
vt 0.410515129566 0.189964890480
vt 0.414012372494 0.186802446842
vt 0.341153770685 0.213860571384
vt 0.340878874063 0.204335093498
vt 0.717123508453 0.108347356319
vt 0.397619426250 0.291814148426
vt 0.589117765427 0.248591661453
vt 0.820489168167 0.001727402210
vt 0.369186908007 0.593370378017
vt 0.376736491919 0.204861462116
vt 0.316907644272 0.625339686871
vt 0.406824946404 0.194184958935
vt 0.425070434809 0.186527073383
vt 0.428625434637 0.189035534859
vt 0.599544823170 0.243034124374
vt 0.303696900606 0.180195927620
vt 0.386561572552 0.190369427204
vt 0.394937783480 0.192064046860
vt 0.258214950562 0.267371594906
vt 0.581300854683 0.252256155014
vt 0.371348619461 0.589936792850
vt 0.365894764662 0.592944383621
vt 0.500001549721 0.143201291561
vt 0.506388723850 0.153542637825
vt 0.508018016815 0.141149997711
vt 0.569236159325 0.254068732262
vt 0.430666953325 0.422593414783
vt 0.305508196354 0.261254966259
vt 0.305211216211 0.266400754452
vt 0.668783783913 0.156333267689
vt 0.430561035872 0.192594349384
vt 0.423721373081 0.196853339672
vt 0.442232668400 0.160242497921
vt 0.396762043238 0.862177416682
vt 0.407021313906 0.613701730967
vt 0.618391811848 0.207532882690
vt 0.308609545231 0.240174531937
vt 0.789575755596 0.058269441128
vt 0.398486912251 0.195092260838
vt 0.298602908850 0.439275860786
vt 0.297196537256 0.827387899160
vt 0.422491759062 0.188032031059
vt 0.418549180031 0.193404257298
vt 0.640543043613 0.190253317356
vt 0.817002058029 0.004604876041
vt 0.603948473930 0.233485996723
vt 0.744546771049 0.083038985729
vt 0.728296637535 0.094021499157
vt 0.544028997421 0.114033639431
vt 0.544654011726 0.120656967163
vt 0.548807859421 0.111678600311
vt 0.444604367018 0.149675428867
vt 0.358517825603 0.537920534611
vt 0.417339116335 0.186194121838
vt 0.439375996590 0.173772633076
vt 0.402285456657 0.644310355186
vt 0.296993672848 0.177924871445
vt 0.667759418488 0.165861070156
vt 0.303612023592 0.230972886086
vt 0.361954867840 0.508944839239
vt 0.448012590408 0.154745280743
vt 0.445056468248 0.168739080429
vt 0.820455610752 0.011475145817
vt 0.402604758739 0.200910449028
vt 0.340589076281 0.830425217748
vt 0.303881227970 0.255063056946
vt 0.448216855526 0.152266919613
vt 0.293313890696 0.131570756435
vt 0.296666622162 0.138527810574
vt 0.411811560392 0.665542066097
vt 0.313887029886 0.817567810416
vt 0.307454347610 0.346736252308
vt 0.457665562630 0.136995732784
vt 0.442718207836 0.180047273636
vt 0.440008074045 0.169624924660
vt 0.302588105202 0.331364989281
vt 0.601830720901 0.239830911160
vt 0.305673748255 0.469278752804
vt 0.307564318180 0.211113035679
vt 0.802612304688 0.031542599201
vt 0.291571170092 0.157981276512
vt 0.296627998352 0.158564090729
vt 0.302403479815 0.250430107117
vt 0.444993495941 0.291189849377
vt 0.411376476288 0.291722118855
vt 0.384613603354 0.855537012219
vt 0.297117084265 0.294212877750
vt 0.812851846218 0.002882421017
vt 0.651824116707 0.179466247559
vt 0.302193999290 0.271447300911
vt 0.293838500977 0.144607126713
vt 0.446955114603 0.146327853203
vt 0.781883120537 0.055609881878
vt 0.299520194530 0.162359893322
vt 0.425858706236 0.661559969187
vt 0.472629874945 0.164568424225
vt 0.318456351757 0.485780298710
vt 0.647706210613 0.185649633408
vt 0.317734688520 0.212778210640
vt 0.311071962118 0.214695930481
vt 0.589912056923 0.245503783226
vt 0.540495812893 0.121484398842
vt 0.780455529690 0.056800007820
vt 0.749849557877 0.076575517654
vt 0.273193418980 0.619367361069
vt 0.710362255573 0.108953237534
vt 0.400742620230 0.616833746433
vt 0.814014732838 0.005882740021
vt 0.301202178001 0.233009934425
vt 0.301572799683 0.246420502663
vt 0.683707654476 0.147019743919
vt 0.720070660114 0.101743042469
vt 0.718139588833 0.103667378426
vt 0.391848951578 0.192853927612
vt 0.416843742132 0.203418791294
vt 0.543716847897 0.127551674843
vt 0.303700894117 0.434219896793
vt 0.661297380924 0.169523894787
vt 0.447291254997 0.149796307087
vt 0.299727648497 0.248674988747
vt 0.448187172413 0.147501170635
vt 0.304974734783 0.476765036583
vt 0.348595499992 0.603991061449
vt 0.642788052559 0.185519099236
vt 0.365930080414 0.527796864510
vt 0.433904916048 0.665528237820
vt 0.686287164688 0.143216490746
vt 0.406264781952 0.194755792618
vt 0.441734671593 0.176013231277
vt 0.291182368994 0.080833077431
vt 0.284665197134 0.099386692047
vt 0.365879476070 0.534191668034
vt 0.498281091452 0.162450373173
vt 0.701681196690 0.115190267563
vt 0.611248910427 0.219555616379
vt 0.451829582453 0.147980809212
vt 0.454798519611 0.147581756115
vt 0.399440914392 0.613825321198
vt 0.302194446325 0.820750564337
vt 0.291503489017 0.175495862961
vt 0.514299333096 0.134410917759
vt 0.511644303799 0.145111978054
vt 0.514684796333 0.137737512589
vt 0.480922847986 0.167276144028
vt 0.597388744354 0.240920364857
vt 0.490278929472 0.162289142609
vt 0.563900887966 0.119951903820
vt 0.563090145588 0.112917363644
vt 0.408422708511 0.195704281330
vt 0.296944797039 0.204811632633
vt 0.293094873428 0.217728912830
vt 0.698400676250 0.120113670826
vt 0.811686515808 0.012109518051
vt 0.807371199131 0.020499229431
vt 0.305205613375 0.216564595699
vt 0.297242462635 0.219546556473
vt 0.691528797150 0.144939124584
vt 0.603269934654 0.226491510868
vt 0.403872847557 0.201002061367
vt 0.396787405014 0.599956303835
vt 0.439841985703 0.182061374187
vt 0.444287627935 0.183332979679
vt 0.561217367649 0.258425593376
vt 0.434388101101 0.669609963894
vt 0.612635791302 0.206292927265
vt 0.299804806709 0.240740954876
vt 0.293364107609 0.209713339806
vt 0.689412593842 0.145675003529
vt 0.279528886080 0.793291851878
vt 0.808750569820 0.005774915218
vt 0.516935229301 0.141093790531
vt 0.403619766235 0.205538868904
vt 0.446019530296 0.179011225700
vt 0.438050270081 0.186758875847
vt 0.437555551529 0.188561677933
vt 0.441625148058 0.187334716320
vt 0.647474765778 0.183243155479
vt 0.293332368135 0.818222165108
vt 0.397891908884 0.853600069880
vt 0.518045306206 0.134741663933
vt 0.297997057438 0.822446838021
vt 0.434431552887 0.189728856087
vt 0.439137250185 0.190043687820
vt 0.223823815584 0.063243865967
vt 0.220322936773 0.069483101368
vt 0.236567825079 0.062808871269
vt 0.592984557152 0.242514610291
vt 0.437842607498 0.197489142418
vt 0.517882466316 0.129117667675
vt 0.601850628853 0.213619947433
vt 0.569546103477 0.249812901020
vt 0.580787539482 0.247023642063
vt 0.297360330820 0.239270806313
vt 0.297714024782 0.233949065208
vt 0.806810677052 0.004573583603
vt 0.312142372131 0.434900522232
vt 0.305488854647 0.429359316826
vt 0.260135352612 0.256750106812
vt 0.605646848679 0.221614897251
vt 0.320740342140 0.460129678249
vt 0.316281855106 0.423243224621
vt 0.786734700203 0.045470118523
vt 0.683804690838 0.140564143658
vt 0.416732221842 0.852944716811
vt 0.519041657448 0.139423787594
vt 0.587183058262 0.244732856750
vt 0.295104056597 0.195779144764
vt 0.583118259907 0.245508551598
vt 0.694079577923 0.125536620617
vt 0.627546250820 0.192578852177
vt 0.719104647636 0.099241375923
vt 0.284861266613 0.155884146690
vt 0.296194642782 0.228168189526
vt 0.687651574612 0.135429024696
vt 0.311067342758 0.463702261448
vt 0.779655575752 0.052467584610
vt 0.527259290218 0.133234620094
vt 0.522160589695 0.124825656414
vt 0.445871949196 0.186798751354
vt 0.292031645775 0.255603611469
vt 0.643532752991 0.175678312778
vt 0.787641823292 0.052377402782
vt 0.313507109880 0.416019499302
vt 0.583982348442 0.239627122879
vt 0.721577644348 0.096485495567
vt 0.248445555568 0.056438863277
vt 0.254066646099 0.079507112503
vt 0.711040675640 0.101903259754
vt 0.295552164316 0.182547807693
vt 0.315834283829 0.411282360554
vt 0.260104149580 0.063194334507
vt 0.664604723454 0.157908499241
vt 0.287140488625 0.201397240162
vt 0.317817509174 0.439052760601
vt 0.466049760580 0.178231775761
vt 0.308961898088 0.470718860626
vt 0.689109742641 0.134689748287
vt 0.601075828075 0.217062056065
vt 0.529200136662 0.126754283905
vt 0.294504046440 0.228352665901
vt 0.292979806662 0.220697641373
vt 0.310981035233 0.417245268822
vt 0.279453039169 0.072852373123
vt 0.290694952011 0.161659598351
vt 0.313695430756 0.273818671703
vt 0.289093613625 0.205734252930
vt 0.312898248434 0.474924385548
vt 0.393540978432 0.856774508953
vt 0.370138347149 0.613707661629
vt 0.318557322025 0.478858470917
vt 0.505294561386 0.159819364548
vt 0.299985855818 0.219856500626
vt 0.282940208912 0.192928791046
vt 0.326981216669 0.224603414536
vt 0.806288719177 0.011383950710
vt 0.599054753780 0.229834318161
vt 0.214951723814 0.090699493885
vt 0.232398763299 0.088580787182
vt 0.298121958971 0.815357491374
vt 0.423920691013 0.673360824585
vt 0.390651851892 0.277605354786
vt 0.539485752583 0.139110207558
vt 0.305182754993 0.425093889236
vt 0.524432718754 0.143973350525
vt 0.525654494762 0.147965073586
vt 0.691383242607 0.113020658493
vt 0.687666296959 0.120652794838
vt 0.304469317198 0.363533020020
vt 0.291633874178 0.164281845093
vt 0.288775056601 0.173005759716
vt 0.713553607464 0.097663402557
vt 0.283432275057 0.182457864285
vt 0.289915263653 0.189420044422
vt 0.801694273949 0.005150854588
vt 0.344116032124 0.278713643551
vt 0.575015664101 0.245538115501
vt 0.583394289017 0.236697196960
vt 0.435487538576 0.204723238945
vt 0.607696890831 0.197386801243
vt 0.608197510242 0.203643441200
vt 0.621144175529 0.189931750298
vt 0.798880219460 0.012745857239
vt 0.614629447460 0.192303121090
vt 0.285490304232 0.173258662224
vt 0.537738323212 0.246687769890
vt 0.310644268990 0.388766050339
vt 0.648181974888 0.168121635914
vt 0.286695361137 0.233788371086
vt 0.276102244854 0.151742577553
vt 0.661160469055 0.153639435768
vt 0.314057081938 0.412072718143
vt 0.303978323936 0.417563676834
vt 0.497204273939 0.163886308670
vt 0.627596557140 0.185160398483
vt 0.534758687019 0.134086489677
vt 0.389707595110 0.783612892032
vt 0.271216958761 0.264127314091
vt 0.285042792559 0.201899290085
vt 0.278166264296 0.141081631184
vt 0.602382123470 0.221193909645
vt 0.285841166973 0.177906811237
vt 0.603974163532 0.207046985626
vt 0.524420082569 0.139333009720
vt 0.472486227751 0.195028662682
vt 0.517632126808 0.159418880939
vt 0.477718889713 0.187619626522
vt 0.399755358696 0.217959165573
vt 0.603735446930 0.195600569248
vt 0.617206215858 0.184414446354
vt 0.387860029936 0.605247855186
vt 0.499747931957 0.173861443996
vt 0.302213221788 0.376387596130
vt 0.632021546364 0.184414029121
vt 0.285009652376 0.130228340626
vt 0.651229321957 0.139121592045
vt 0.284503936768 0.196946918964
vt 0.439970910549 0.277064502239
vt 0.281470298767 0.170115053654
vt 0.290279358625 0.270152390003
vt 0.678406834602 0.119705319405
vt 0.752711534500 0.060805559158
vt 0.269097417593 0.095302104950
vt 0.683766961098 0.114048182964
vt 0.529870569706 0.136696875095
vt 0.300853163004 0.416588962078
vt 0.511343657970 0.167883753777
vt 0.610122859478 0.176592648029
vt 0.598389089108 0.184362828732
vt 0.601418316364 0.189980506897
vt 0.535618662834 0.138819396496
vt 0.429715573788 0.669919908047
vt 0.314955621958 0.464268267155
vt 0.306351184845 0.384543478489
vt 0.628245174885 0.164632380009
vt 0.286368161440 0.220974445343
vt 0.594812452793 0.183098316193
vt 0.279402285814 0.158073663712
vt 0.278295099735 0.167923390865
vt 0.795773684978 0.024213075638
vt 0.719592452049 0.091390371323
vt 0.688757896423 0.127135455608
vt 0.734682202339 0.074407637119
vt 0.533436000347 0.153857111931
vt 0.609736800194 0.168057560921
vt 0.630895197392 0.155431985855
vt 0.567215144634 0.241667330265
vt 0.593229115009 0.180202186108
vt 0.593672454357 0.178027868271
vt 0.310758650303 0.401769936085
vt 0.530686199665 0.151984393597
vt 0.803471624851 0.014568150043
vt 0.790589392185 0.005271852016
vt 0.785881161690 0.047208786011
vt 0.597997784615 0.209487795830
vt 0.661907672882 0.145754575729
vt 0.479713916779 0.278430223465
vt 0.485054254532 0.267943918705
vt 0.280439823866 0.192045569420
vt 0.778757929802 0.043232083321
vt 0.638544797897 0.156390130520
vt 0.707994043827 0.097333490849
vt 0.599209964275 0.222889661789
vt 0.279566854239 0.172339081764
vt 0.627188146114 0.150569975376
vt 0.264989793301 0.246490478516
vt 0.626086294651 0.181430160999
vt 0.298010408878 0.412997841835
vt 0.656665980816 0.159889817238
vt 0.596171438694 0.203417062759
vt 0.787662029266 0.042028367519
vt 0.536360621452 0.253090798855
vt 0.220369249582 0.101637363434
vt 0.226448774338 0.117809116840
vt 0.239469751716 0.110347926617
vt 0.427520006895 0.675718367100
vt 0.602081477642 0.193038880825
vt 0.302192658186 0.699786305428
vt 0.338743537664 0.271032035351
vt 0.596417009830 0.223247051239
vt 0.674868822098 0.138306200504
vt 0.273415982723 0.164386451244
vt 0.503149092197 0.167678296566
vt 0.395615309477 0.621818721294
vt 0.231946781278 0.125460743904
vt 0.686737120152 0.131919562817
vt 0.775620877743 0.044510841370
vt 0.286451548338 0.244557559490
vt 0.295938640833 0.335847556591
vt 0.592267751694 0.186071515083
vt 0.634690463543 0.164551973343
vt 0.290684252977 0.280092000961
vt 0.298489570618 0.809814199805
vt 0.277912586927 0.187051415443
vt 0.249404892325 0.104887187481
vt 0.582998871803 0.233227252960
vt 0.295010656118 0.802533552051
vt 0.401165276766 0.272156476974
vt 0.262254446745 0.146198093891
vt 0.274796754122 0.117207705975
vt 0.532406449318 0.160573899746
vt 0.514328598976 0.176467061043
vt 0.592473685741 0.224248409271
vt 0.248789206147 0.086732745171
vt 0.267810553312 0.159792363644
vt 0.589886665344 0.223984122276
vt 0.274946153164 0.182765662670
vt 0.272295176983 0.136805236340
vt 0.271267265081 0.168319940567
vt 0.301799893379 0.385478556156
vt 0.300009220839 0.371516585350
vt 0.302013009787 0.389437794685
vt 0.543736398220 0.243377923965
vt 0.528526604176 0.163221240044
vt 0.642510592937 0.171551942825
vt 0.588037073612 0.178888499737
vt 0.617953181267 0.147410333157
vt 0.304150909185 0.231138467789
vt 0.506360292435 0.174346923828
vt 0.649297237396 0.159406065941
vt 0.353110432625 0.817547649145
vt 0.303496658802 0.803987100720
vt 0.261261463165 0.155590415001
vt 0.263511896133 0.160486519337
vt 0.309671252966 0.409091234207
vt 0.410436302423 0.215430676937
vt 0.507700622082 0.170439422131
vt 0.536466062069 0.164790034294
vt 0.651670396328 0.162183582783
vt 0.239702463150 0.132691264153
vt 0.518968164921 0.170286774635
vt 0.378371626139 0.607587665319
vt 0.390355020761 0.850976958871
vt 0.587569117546 0.174696207047
vt 0.712335050106 0.091539382935
vt 0.523604154587 0.163915753365
vt 0.476637393236 0.202112317085
vt 0.789891302586 0.011535286903
vt 0.390210539103 0.620806545019
vt 0.257036656141 0.152451574802
vt 0.334142684937 0.803163707256
vt 0.291980236769 0.718486040831
vt 0.387708395720 0.632255703211
vt 0.389708757401 0.626692116261
vt 0.494458764791 0.189670324326
vt 0.416717201471 0.674483805895
vt 0.296575963497 0.393851816654
vt 0.719904780388 0.086199283600
vt 0.277619898319 0.197390556335
vt 0.786332428455 0.007962584496
vt 0.536158919334 0.167950689793
vt 0.794795274734 0.016657233238
vt 0.583560049534 0.228554844856
vt 0.596864819527 0.198926150799
vt 0.424976736307 0.674067884684
vt 0.299153268337 0.803234934807
vt 0.276405155659 0.133558094501
vt 0.734668672085 0.012208402157
vt 0.736861169338 0.013562619686
vt 0.745692431927 0.012326419353
vt 0.389370381832 0.670727521181
vt 0.382119685411 0.269233822823
vt 0.249282121658 0.143619477749
vt 0.403165936470 0.668485999107
vt 0.252725422382 0.151069760323
vt 0.386310905218 0.656654119492
vt 0.269287437201 0.132644236088
vt 0.527545809746 0.165709972382
vt 0.383595019579 0.643526554108
vt 0.385587245226 0.846237167716
vt 0.532346785069 0.169098913670
vt 0.295057862997 0.408647596836
vt 0.539632678032 0.165649235249
vt 0.401165425777 0.223989903927
vt 0.748178839684 0.056818544865
vt 0.783695340157 0.041112184525
vt 0.261941820383 0.164472639561
vt 0.269618898630 0.175800442696
vt 0.510495364666 0.175474464893
vt 0.757854104042 0.010318458080
vt 0.763881564140 0.013627469540
vt 0.779261648655 0.009379506111
vt 0.777006626129 0.035855472088
vt 0.613797187805 0.096751391888
vt 0.623845338821 0.090406358242
vt 0.639806985855 0.067628026009
vt 0.244474485517 0.137543618679
vt 0.253496021032 0.133031785488
vt 0.251551479101 0.136090993881
vt 0.539102971554 0.166980683804
vt 0.716714620590 0.087279200554
vt 0.390066564083 0.843604147434
vt 0.316846787930 0.260287523270
vt 0.294891089201 0.262829482555
vt 0.645517945290 0.069042980671
vt 0.690855026245 0.032512903214
vt 0.675635218620 0.048860073090
vt 0.327983230352 0.235617399216
vt 0.568265199661 0.150797963142
vt 0.561589717865 0.157888293266
vt 0.565773248672 0.155419111252
vt 0.759501814842 0.015100598335
vt 0.544347524643 0.163915693760
vt 0.588225960732 0.190434396267
vt 0.571671128273 0.153091847897
vt 0.406670093536 0.680296748877
vt 0.731009423733 0.021709680557
vt 0.726006150246 0.030359447002
vt 0.379032701254 0.612466186285
vt 0.680332958698 0.102972269058
vt 0.729684650898 0.016358017921
vt 0.722727835178 0.040372312069
vt 0.589617490768 0.208168506622
vt 0.334680467844 0.655179500580
vt 0.727053582668 0.026090979576
vt 0.589782774448 0.213729262352
vt 0.532951235771 0.173033237457
vt 0.261640727520 0.113492250443
vt 0.545360922813 0.169367492199
vt 0.550307750702 0.162187457085
vt 0.787977516651 0.035943508148
vt 0.709685146809 0.084810495377
vt 0.285563021898 0.250365138054
vt 0.596436858177 0.114143311977
vt 0.597634673119 0.126427590847
vt 0.592965543270 0.211520373821
vt 0.722654223442 0.035994350910
vt 0.727106869221 0.016038954258
vt 0.706595182419 0.085663557053
vt 0.504595458508 0.186310052872
vt 0.262999415398 0.134112417698
vt 0.734718859196 0.038123667240
vt 0.566615939140 0.159556090832
vt 0.584831118584 0.188049554825
vt 0.553668200970 0.166694760323
vt 0.661344945431 0.113896846771
vt 0.768351912498 0.018342792988
vt 0.726508080959 0.012052059174
vt 0.582581937313 0.136151313782
vt 0.754647433758 0.017934918404
vt 0.721802234650 0.047545194626
vt 0.720994293690 0.044107973576
vt 0.531139016151 0.179756820202
vt 0.539010345936 0.170235753059
vt 0.586353123188 0.199224710464
vt 0.406013160944 0.837906703353
vt 0.285816550255 0.739858925343
vt 0.499294340611 0.180210590363
vt 0.612855672836 0.108272254467
vt 0.368116319180 0.829195484519
vt 0.424567759037 0.681257426739
vt 0.522011280060 0.257312357426
vt 0.370816439390 0.232721507549
vt 0.403111994267 0.268552422523
vt 0.778878092766 0.033557474613
vt 0.583275973797 0.219672441483
vt 0.383120208979 0.631714403629
vt 0.565640449524 0.164420843124
vt 0.584561765194 0.177258551121
vt 0.517438411713 0.182283222675
vt 0.381413161755 0.628807693720
vt 0.300128906965 0.795893043280
vt 0.738625168800 0.060953438282
vt 0.718203186989 0.082417130470
vt 0.722446918488 0.025168597698
vt 0.460252434015 0.209504783154
vt 0.583521366119 0.181933522224
vt 0.512667238712 0.189576029778
vt 0.722409605980 0.051465570927
vt 0.541772127151 0.234943270683
vt 0.547575831413 0.171366751194
vt 0.787077009678 0.021842360497
vt 0.311887621880 0.781722679734
vt 0.590652227402 0.142847180367
vt 0.431029379368 0.216184437275
vt 0.775566935539 0.037783384323
vt 0.408598244190 0.842760801315
vt 0.288901597261 0.254235565662
vt 0.644817113876 0.080717027187
vt 0.585018217564 0.196769833565
vt 0.584004759789 0.173004806042
vt 0.745665073395 0.039683818817
vt 0.284235149622 0.764145672321
vt 0.786024570465 0.018869578838
vt 0.435209959745 0.270186364651
vt 0.550844073296 0.171888053417
vt 0.554595887661 0.174035012722
vt 0.372368335724 0.832323372364
vt 0.715998709202 0.042520165443
vt 0.385599255562 0.842324405909
vt 0.477481812239 0.261782884598
vt 0.584866821766 0.214656949043
vt 0.714841187000 0.081063926220
vt 0.720361590385 0.024588525295
vt 0.312678396702 0.245261311531
vt 0.577367424965 0.164881587029
vt 0.571214079857 0.164928734303
vt 0.418292313814 0.680952996016
vt 0.573864817619 0.170800566673
vt 0.577990472317 0.173153936863
vt 0.282986581326 0.775999784470
vt 0.716544151306 0.082239806652
vt 0.590216636658 0.152593553066
vt 0.550071418285 0.172696948051
vt 0.600628018379 0.150056540966
vt 0.604275584221 0.137881219387
vt 0.725547611713 0.063050806522
vt 0.719197750092 0.075618922710
vt 0.723424553871 0.055481612682
vt 0.557556748390 0.175425171852
vt 0.591020345688 0.202604174614
vt 0.765768885612 0.021412909031
vt 0.569326162338 0.169960021973
vt 0.545252382755 0.174276173115
vt 0.542406439781 0.173410058022
vt 0.522154092789 0.185915768147
vt 0.456113129854 0.215347468853
vt 0.420730262995 0.678788185120
vt 0.684284806252 0.052805423737
vt 0.511051416397 0.253507256508
vt 0.305196791887 0.786569193006
vt 0.619815707207 0.120774924755
vt 0.618632674217 0.110099732876
vt 0.717670500278 0.031656384468
vt 0.296724140644 0.791323304176
vt 0.340490043163 0.256281852722
vt 0.717467188835 0.077598273754
vt 0.602623403072 0.154174566269
vt 0.375423491001 0.644505172968
vt 0.534933984280 0.184140682220
vt 0.631424963474 0.121728837490
vt 0.782364308834 0.026222050190
vt 0.400231510401 0.226906836033
vt 0.631112813950 0.132549881935
vt 0.767205417156 0.038668572903
vt 0.581084489822 0.173088312149
vt 0.589154243469 0.162482261658
vt 0.576559007168 0.175105452538
vt 0.553093552589 0.225150048733
vt 0.720996439457 0.064895272255
vt 0.526698231697 0.189359247684
vt 0.550008416176 0.174913227558
vt 0.721468687057 0.059870719910
vt 0.743606507778 0.049092829227
vt 0.718897998333 0.069676518440
vt 0.516164124012 0.196264088154
vt 0.556650340557 0.179266989231
vt 0.572454750538 0.177598297596
vt 0.706354916096 0.081282019615
vt 0.397597461939 0.261930763721
vt 0.540768980980 0.177862882614
vt 0.635806024075 0.107102274895
vt 0.652688384056 0.088543653488
vt 0.586461126804 0.201820135117
vt 0.320302426815 0.783534452319
vt 0.670045614243 0.101737499237
vt 0.300747871399 0.789721608162
vt 0.586514234543 0.205335438251
vt 0.566611170769 0.174569725990
vt 0.499967634678 0.208652377129
vt 0.583416223526 0.193216323853
vt 0.345018565655 0.804043963552
vt 0.376142323017 0.258078873158
vt 0.578657209873 0.180024683475
vt 0.715709567070 0.058489084244
vt 0.717097043991 0.072496712208
vt 0.419290691614 0.684756308794
vt 0.772865951061 0.022396504879
vt 0.715364754200 0.052611291409
vt 0.517571628094 0.202397704124
vt 0.778693318367 0.029805243015
vt 0.650871336460 0.101722240448
vt 0.548801660538 0.177539706230
vt 0.381291449070 0.835413351655
vt 0.337452083826 0.245181083679
vt 0.578396797180 0.190208435059
vt 0.370704263449 0.620763331652
vt 0.678148627281 0.068005204201
vt 0.711609482765 0.040083706379
vt 0.389465332031 0.679486960173
vt 0.774532973766 0.026530623436
vt 0.574779272079 0.213982343674
vt 0.428346812725 0.262329876423
vt 0.540169894695 0.193418681622
vt 0.297740340233 0.781682491302
vt 0.574132919312 0.180511415005
vt 0.700119137764 0.083225607872
vt 0.532859742641 0.191670656204
vt 0.301728129387 0.782416313887
vt 0.706840753555 0.052026927471
vt 0.554748177528 0.183318555355
vt 0.692833065987 0.072290897369
vt 0.367587268353 0.670029968023
vt 0.578701436520 0.208623170853
vt 0.403918296099 0.688168317080
vt 0.375874131918 0.639265030622
vt 0.508327424526 0.246747076511
vt 0.565709531307 0.180715143681
vt 0.711100101471 0.064386010170
vt 0.544009447098 0.182897031307
vt 0.707217216492 0.077360093594
vt 0.386087328196 0.834092929959
vt 0.371681153774 0.680166512728
vt 0.396974861622 0.242803454399
vt 0.642705261707 0.114605307579
vt 0.547131299973 0.195180833340
vt 0.475518465042 0.255906522274
vt 0.443943560123 0.222537159920
vt 0.378032058477 0.241957008839
vt 0.579270899296 0.196872174740
vt 0.548642575741 0.186157107353
vt 0.381659746170 0.833334192634
vt 0.348700493574 0.641601532698
vt 0.357576787472 0.631259411573
vt 0.364082157612 0.622601658106
vt 0.657734692097 0.104540467262
vt 0.368013501167 0.643412709236
vt 0.424357056618 0.697920501232
vt 0.551655411720 0.194578528404
vt 0.532202780247 0.240056991577
vt 0.708499193192 0.070313215256
vt 0.705141544342 0.076931834221
vt 0.574898898602 0.205287396908
vt 0.707027316093 0.063896954060
vt 0.556810319424 0.196615040302
vt 0.414522558451 0.685968607664
vt 0.388089776039 0.689971387386
vt 0.541948735714 0.199331283569
vt 0.307035475969 0.775701746345
vt 0.303540378809 0.774432286620
vt 0.363418400288 0.665140628815
vt 0.560777842999 0.187039196491
vt 0.703249156475 0.075563967228
vt 0.577142059803 0.194468736649
vt 0.523893594742 0.205137848854
vt 0.386754959822 0.254681587219
vt 0.558354735374 0.199056565762
vt 0.412297189236 0.687597751617
vt 0.575056552887 0.188661813736
vt 0.335024565458 0.771188437939
vt 0.570833384991 0.181195318699
vt 0.286755919456 0.754468783736
vt 0.571363985538 0.204103469849
vt 0.689492285252 0.081441402435
vt 0.369740873575 0.646991044283
vt 0.324087709188 0.748371630907
vt 0.299011468887 0.774136215448
vt 0.365354537964 0.627189934254
vt 0.571684956551 0.199951529503
vt 0.410390108824 0.240332961082
vt 0.402637869120 0.831757277250
vt 0.379432320595 0.827402830124
vt 0.539783656597 0.225433468819
vt 0.475372493267 0.249279499054
vt 0.469281077385 0.220921099186
vt 0.360138535500 0.633824408054
vt 0.562571704388 0.200146913528
vt 0.364437997341 0.657656133175
vt 0.439238607883 0.230669558048
vt 0.571229517460 0.190800726414
vt 0.570446193218 0.197716474533
vt 0.304015487432 0.768252447248
vt 0.299879342318 0.767589390278
vt 0.379664123058 0.817545682192
vt 0.527917325497 0.233933627605
vt 0.413551211357 0.691476404667
vt 0.409714460373 0.690724372864
vt 0.429591357708 0.255400359631
vt 0.376496642828 0.823744595051
vt 0.377348095179 0.692100793123
vt 0.532629489899 0.208692610264
vt 0.310587346554 0.753555670381
vt 0.393024474382 0.807650119066
vt 0.395912915468 0.814976677299
vt 0.315757274628 0.750943422318
vt 0.364443004131 0.652542501688
vt 0.405244857073 0.249850571156
vt 0.545913577080 0.205744206905
vt 0.417383611202 0.708137601614
vt 0.364486217499 0.813195571303
vt 0.505893409252 0.215646386147
vt 0.399357080460 0.824485197663
vt 0.304909616709 0.762776181102
vt 0.508345961571 0.235434412956
vt 0.290682673454 0.741516888142
vt 0.407636076212 0.693244993687
vt 0.345953315496 0.780114680529
vt 0.537767767906 0.216828644276
vt 0.408538609743 0.698233485222
vt 0.353447526693 0.783471077681
vt 0.351709842682 0.644012510777
vt 0.306309580803 0.756059497595
vt 0.355884969234 0.693980634212
vt 0.359655529261 0.659031838179
vt 0.320098191500 0.679207414389
vt 0.356383472681 0.709941327572
vt 0.367407679558 0.705489128828
vt 0.375577330589 0.818163067102
vt 0.302136927843 0.757249042392
vt 0.486119925976 0.225503206253
vt 0.526541292667 0.215168595314
vt 0.458815455437 0.243895590305
vt 0.346685767174 0.689947098494
vt 0.442902952433 0.238274335861
vt 0.525872290134 0.220894217491
vt 0.405432343483 0.696824073792
vt 0.355028867722 0.663554340601
vt 0.402987837791 0.699272602797
vt 0.373984396458 0.811159700155
vt 0.358910351992 0.653818547726
vt 0.337769776583 0.738513022661
vt 0.350005120039 0.675708591938
vt 0.308059871197 0.748966068029
vt 0.403207093477 0.729329407215
vt 0.391986101866 0.698877334595
vt 0.345287352800 0.756709024310
vt 0.329150378704 0.718220710754
vt 0.480935782194 0.233344256878
vt 0.341701716185 0.709773659706
vt 0.309689372778 0.743134111166
vt 0.396702140570 0.819063797593
vt 0.349899828434 0.665117979050
vt 0.361742943525 0.790128424764
vt 0.342436850071 0.653553992510
vt 0.365366548300 0.799323976040
vt 0.304600059986 0.748707562685
vt 0.306769877672 0.739762037992
vt 0.352793127298 0.727595597506
vt 0.373575955629 0.805670648813
vt 0.355197370052 0.759667471051
vt 0.349800616503 0.670862168074
vt 0.312322586775 0.735411018133
vt 0.401058554649 0.702798873186
vt 0.405105322599 0.702430576086
vt 0.295975834131 0.722953915596
vt 0.318192154169 0.730228871107
vt 0.397947460413 0.706593304873
vt 0.385655194521 0.712590754032
vt 0.398482084274 0.712273269892
vt 0.335268467665 0.697677522898
vt 0.345460206270 0.676639139652
vt 0.301284521818 0.711287915707
vt 0.315700829029 0.726056635380
vt 0.367936581373 0.718960940838
vt 0.325403094292 0.714591771364
vt 0.358891040087 0.740575820208
vt 0.336436897516 0.660471171141
vt 0.372099637985 0.799550145864
vt 0.390981495380 0.800175100565
vt 0.340321868658 0.678854942322
vt 0.337743937969 0.688535988331
vt 0.330529987812 0.670326918364
vt 0.394219249487 0.711401075125
vt 0.311413198709 0.727008521557
vt 0.319867819548 0.717246085405
vt 0.383181273937 0.712424486876
vt 0.327708095312 0.703640520573
vt 0.315461754799 0.718045771122
vt 0.375956118107 0.796737790108
vt 0.324273765087 0.679344564676
vt 0.366886585951 0.777961641550
vt 0.310742586851 0.696966886520
vt 0.407971918583 0.722211062908
vt 0.371861904860 0.793103098869
vt 0.362069338560 0.773760482669
vt 0.333040088415 0.689134120941
vt 0.391493886709 0.715496629477
vt 0.394775927067 0.717443645000
vt 0.378231585026 0.720820069313
vt 0.322869688272 0.703177064657
vt 0.374918133020 0.782359197736
vt 0.393364697695 0.750225394964
vt 0.387610733509 0.722270280123
vt 0.370025694370 0.781696215272
vt 0.371936976910 0.787273526192
vt 0.369546890259 0.740259349346
vt 0.391102641821 0.723217695951
vt 0.366379261017 0.753608822823
vt 0.371527582407 0.779636740685
vt 0.390129923820 0.792933806777
vt 0.385411292315 0.726365238428
vt 0.383485615253 0.729718118906
vt 0.371474027634 0.773332491517
vt 0.388580203056 0.783375129104
vt 0.375280946493 0.734467744827
vt 0.386742681265 0.731303185225
vt 0.380968719721 0.734591096640
vt 0.372083246708 0.768396675587
vt 0.378385543823 0.741660058498
vt 0.373077094555 0.760719418526
vt 0.397591322660 0.739053070545
vt 0.382706195116 0.738686412573
vt 0.375855922699 0.764984190464
vt 0.389167129993 0.770312055945
vt 0.381100416183 0.748613983393
f 2/1 3/2 1/3
f 1/3 3/2 4/4
f 1/3 5/5 2/1
f 3/2 6/6 4/4
f 2/1 11/7 3/2
f 3/2 11/7 13/8
f 4/4 9/9 10/10
f 4/4 10/10 1/3
f 5/5 1/3 8/11
f 4/4 6/6 9/9
f 3/2 7/12 6/6
f 6/6 7/12 9/9
f 2/1 5/5 11/7
f 5/5 19/13 11/7
f 3/2 13/8 18/14
f 3/2 18/14 7/12
f 1/3 10/10 8/11
f 5/5 23/15 19/13
f 8/11 16/16 5/5
f 8/11 10/10 16/16
f 12/17 13/8 15/18
f 13/8 12/17 14/19
f 9/9 7/12 17/20
f 15/18 13/8 11/7
f 5/5 16/16 23/15
f 14/19 20/21 13/8
f 7/12 18/14 24/22
f 7/12 21/23 17/20
f 20/21 18/14 13/8
f 15/18 11/7 19/13
f 12/17 15/18 22/24
f 16/16 27/25 23/15
f 7/12 24/22 28/26
f 16/16 29/27 27/25
f 16/16 10/10 25/28
f 15/18 19/13 23/15
f 7/12 28/26 21/23
f 14/19 26/29 20/21
f 18/14 20/21 24/22
f 15/18 23/15 27/25
f 15/18 27/25 29/27
f 12/17 22/24 40/30
f 14/19 12/17 37/31
f 16/16 25/28 29/27
f 17/20 21/23 32/32
f 21/23 28/26 35/33
f 10/10 30/34 25/28
f 12/17 40/30 37/31
f 15/18 31/35 22/24
f 20/21 26/29 33/36
f 25/28 34/37 29/27
f 14/19 37/31 50/38
f 20/21 33/36 28/26
f 20/21 28/26 24/22
f 21/23 35/33 39/39
f 33/36 35/33 28/26
f 31/35 15/18 42/40
f 29/27 34/37 15/18
f 31/35 41/41 22/24
f 15/18 34/37 42/40
f 21/23 46/42 32/32
f 21/23 38/43 46/42
f 25/28 30/34 36/44
f 34/37 25/28 45/45
f 33/36 39/39 35/33
f 25/28 36/44 45/45
f 14/19 50/38 26/29
f 22/24 41/41 40/30
f 42/40 45/45 55/46
f 44/47 49/48 48/49
f 44/47 48/49 47/50
f 38/43 21/23 53/51
f 32/32 46/42 17/20
f 44/47 47/50 49/48
f 36/44 55/46 45/45
f 47/50 48/49 57/52
f 47/50 51/53 58/54
f 42/40 34/37 45/45
f 31/35 42/40 54/55
f 21/23 39/39 53/51
f 49/48 47/50 52/56
f 30/34 43/57 36/44
f 38/43 53/51 62/58
f 49/48 52/56 56/59
f 48/49 60/60 66/61
f 48/49 49/48 60/60
f 47/50 57/52 51/53
f 47/50 58/54 52/56
f 31/35 54/55 41/41
f 39/39 33/36 53/51
f 33/36 26/29 61/62
f 40/30 64/63 37/31
f 36/44 65/64 55/46
f 36/44 43/57 67/65
f 57/52 48/49 63/66
f 57/52 63/66 51/53
f 48/49 59/67 68/68
f 48/49 68/68 63/66
f 56/59 52/56 73/69
f 48/49 66/61 59/67
f 55/46 65/64 42/40
f 61/62 75/70 33/36
f 38/43 77/71 46/42
f 54/55 85/72 41/41
f 33/36 62/58 53/51
f 37/31 64/63 71/73
f 49/48 56/59 74/74
f 36/44 67/65 65/64
f 49/48 74/74 60/60
f 38/43 62/58 79/75
f 30/34 10/10 43/57
f 56/59 73/69 87/76
f 60/60 69/77 70/78
f 60/60 70/78 66/61
f 56/59 87/76 74/74
f 52/56 80/79 73/69
f 67/65 43/57 92/80
f 37/31 71/73 50/38
f 69/77 88/81 70/78
f 69/77 89/82 88/81
f 46/42 77/71 72/83
f 67/65 86/84 65/64
f 63/66 68/68 82/85
f 66/61 70/78 76/86
f 59/67 66/61 81/87
f 69/77 60/60 78/88
f 38/43 79/75 102/89
f 71/73 64/63 83/90
f 59/67 90/91 68/68
f 60/60 74/74 78/88
f 61/62 26/29 98/92
f 52/56 58/54 84/93
f 63/66 91/94 51/53
f 33/36 75/70 62/58
f 59/67 81/87 90/91
f 43/57 10/10 92/80
f 73/69 80/79 103/95
f 66/61 76/86 81/87
f 54/55 42/40 99/96
f 69/77 78/88 89/82
f 40/30 41/41 100/97
f 76/86 70/78 101/98
f 82/85 68/68 97/99
f 73/69 94/100 87/76
f 67/65 93/101 86/84
f 65/64 86/84 42/40
f 26/29 50/38 98/92
f 42/40 86/84 104/102
f 63/66 82/85 91/94
f 78/88 74/74 95/103
f 40/30 100/97 64/63
f 42/40 104/102 99/96
f 70/78 88/81 101/98
f 74/74 87/76 95/103
f 52/56 84/93 80/79
f 50/38 71/73 96/104
f 38/43 111/105 77/71
f 83/90 105/106 71/73
f 68/68 90/91 107/107
f 81/87 76/86 90/91
f 78/88 95/103 89/82
f 73/69 103/95 94/100
f 75/70 106/108 62/58
f 67/65 92/80 118/109
f 62/58 106/108 79/75
f 104/102 86/84 93/101
f 88/81 89/82 110/110
f 79/75 106/108 102/89
f 50/38 96/104 98/92
f 87/76 94/100 95/103
f 54/55 99/96 85/72
f 110/110 109/111 88/81
f 61/62 108/112 75/70
f 88/81 112/113 101/98
f 67/65 115/114 93/101
f 77/71 113/115 72/83
f 72/83 113/115 146/116
f 83/90 110/110 105/106
f 89/82 95/103 114/117
f 41/41 85/72 100/97
f 88/81 109/111 112/113
f 83/90 109/111 110/110
f 103/95 124/118 94/100
f 97/99 68/68 121/119
f 97/99 121/119 123/120
f 90/91 76/86 107/107
f 80/79 84/93 120/121
f 83/90 64/63 109/111
f 107/107 76/86 119/122
f 89/82 117/123 110/110
f 71/73 105/106 96/104
f 68/68 107/107 121/119
f 9/9 17/20 146/116
f 100/97 125/124 64/63
f 46/42 72/83 146/116
f 46/42 146/116 17/20
f 61/62 98/92 108/112
f 110/110 117/123 105/106
f 77/71 111/105 113/115
f 89/82 114/117 117/123
f 103/95 80/79 133/125
f 109/111 64/63 112/113
f 103/95 116/126 124/118
f 67/65 118/109 115/114
f 95/103 94/100 124/118
f 99/96 126/127 85/72
f 103/95 133/125 116/126
f 97/99 91/94 82/85
f 106/108 75/70 127/128
f 104/102 93/101 130/129
f 106/108 127/128 102/89
f 101/98 119/122 76/86
f 80/79 129/130 133/125
f 118/109 130/129 115/114
f 92/80 10/10 176/131
f 121/119 107/107 131/132
f 118/109 92/80 122/133
f 118/109 122/133 134/134
f 124/118 128/135 95/103
f 115/114 130/129 93/101
f 97/99 123/120 142/136
f 97/99 142/136 91/94
f 105/106 137/137 96/104
f 38/43 102/89 127/128
f 38/43 127/128 141/138
f 38/43 141/138 111/105
f 84/93 58/54 120/121
f 95/103 128/135 114/117
f 112/113 64/63 138/139
f 75/70 108/112 132/140
f 64/63 125/124 138/139
f 118/109 139/141 130/129
f 116/126 135/142 124/118
f 107/107 119/122 131/132
f 112/113 138/139 101/98
f 123/120 121/119 136/143
f 75/70 143/144 127/128
f 128/135 124/118 135/142
f 99/96 104/102 126/127
f 105/106 117/123 137/137
f 118/109 134/134 139/141
f 130/129 139/141 104/102
f 116/126 140/145 135/142
f 116/126 133/125 140/145
f 121/119 144/146 136/143
f 98/92 96/104 177/147
f 100/97 85/72 125/124
f 80/79 120/121 129/130
f 126/127 162/148 85/72
f 121/119 131/132 144/146
f 128/135 145/149 114/117
f 133/125 129/130 164/150
f 96/104 137/137 147/151
f 128/135 135/142 145/149
f 75/70 132/140 143/144
f 114/117 148/152 117/123
f 131/132 119/122 144/146
f 123/120 149/153 142/136
f 122/133 157/154 134/134
f 127/128 143/144 141/138
f 114/117 145/149 148/152
f 111/105 141/138 156/155
f 135/142 140/145 145/149
f 134/134 150/156 139/141
f 133/125 153/157 140/145
f 123/120 136/143 152/158
f 144/146 151/159 136/143
f 123/120 152/158 149/153
f 104/102 139/141 150/156
f 85/72 158/160 125/124
f 101/98 138/139 154/161
f 108/112 98/92 170/162
f 101/98 166/163 119/122
f 85/72 162/148 161/164
f 133/125 164/150 153/157
f 119/122 155/165 144/146
f 122/133 92/80 176/131
f 132/140 167/166 143/144
f 111/105 160/167 113/115
f 85/72 161/164 158/160
f 156/155 180/168 111/105
f 144/146 155/165 151/159
f 140/145 153/157 145/149
f 101/98 154/161 166/163
f 111/105 180/168 160/167
f 119/122 166/163 155/165
f 113/115 160/167 146/116
f 129/130 120/121 184/169
f 159/170 165/171 163/172
f 138/139 125/124 154/161
f 159/170 163/172 168/173
f 137/137 117/123 148/152
f 159/170 169/174 165/171
f 98/92 177/147 170/162
f 96/104 147/151 177/147
f 122/133 176/131 157/154
f 141/138 143/144 156/155
f 134/134 181/175 150/156
f 134/134 157/154 181/175
f 149/153 174/176 142/136
f 159/170 168/173 171/177
f 51/53 91/94 244/178
f 169/174 159/170 171/177
f 129/130 175/179 164/150
f 163/172 165/171 172/180
f 58/54 51/53 120/121
f 169/174 182/181 165/171
f 136/143 151/159 178/182
f 146/116 160/167 173/183
f 168/173 185/184 171/177
f 164/150 183/185 153/157
f 165/171 179/186 172/180
f 149/153 152/158 174/176
f 108/112 170/162 201/187
f 164/150 175/179 188/188
f 145/149 153/157 183/185
f 145/149 183/185 191/189
f 129/130 184/169 175/179
f 168/173 189/190 185/184
f 137/137 148/152 198/191
f 169/174 171/177 186/192
f 164/150 188/188 183/185
f 143/144 167/166 199/193
f 143/144 199/193 156/155
f 125/124 158/160 203/194
f 125/124 203/194 154/161
f 136/143 196/195 152/158
f 157/154 176/131 190/196
f 151/159 155/165 187/197
f 180/168 156/155 199/193
f 169/174 193/198 182/181
f 9/9 842/199 10/10
f 150/156 207/200 104/102
f 165/171 182/181 197/201
f 108/112 201/187 132/140
f 178/182 151/159 187/197
f 188/188 202/202 183/185
f 163/172 172/180 204/203
f 163/172 235/204 168/173
f 171/177 195/205 186/192
f 172/180 179/186 200/206
f 152/158 192/207 174/176
f 150/156 181/175 205/208
f 171/177 194/209 195/205
f 169/174 186/192 193/198
f 157/154 190/196 205/208
f 157/154 205/208 181/175
f 152/158 196/195 214/210
f 152/158 214/210 192/207
f 146/116 173/183 268/211
f 171/177 185/184 194/209
f 104/102 207/200 126/127
f 188/188 216/212 202/202
f 126/127 207/200 210/213
f 168/173 235/204 189/190
f 185/184 218/214 194/209
f 179/186 206/215 200/206
f 186/192 195/205 193/198
f 163/172 204/203 235/204
f 126/127 210/213 162/148
f 179/186 165/171 209/216
f 150/156 205/208 207/200
f 195/205 212/217 193/198
f 172/180 211/218 204/203
f 195/205 194/209 208/219
f 195/205 208/219 212/217
f 193/198 224/220 182/181
f 191/189 183/185 202/202
f 180/168 199/193 225/221
f 190/196 238/222 205/208
f 120/121 295/223 184/169
f 137/137 198/191 147/151
f 148/152 145/149 215/224
f 172/180 200/206 211/218
f 192/207 213/225 174/176
f 165/171 197/201 209/216
f 187/197 155/165 178/182
f 182/181 224/220 197/201
f 185/184 220/226 218/214
f 51/53 244/178 120/121
f 193/198 212/217 217/227
f 194/209 218/214 208/219
f 188/188 175/179 216/212
f 197/201 219/228 209/216
f 167/166 132/140 201/187
f 193/198 221/229 224/220
f 179/186 209/216 206/215
f 199/193 167/166 231/230
f 177/147 230/231 170/162
f 176/131 278/232 190/196
f 147/151 198/191 230/231
f 147/151 230/231 177/147
f 158/160 161/164 203/194
f 216/212 226/233 202/202
f 175/179 229/234 234/235
f 208/219 223/236 212/217
f 217/227 212/217 222/237
f 199/193 231/230 225/221
f 160/167 227/238 173/183
f 160/167 180/168 246/239
f 160/167 246/239 227/238
f 193/198 217/227 221/229
f 216/212 175/179 234/235
f 175/179 184/169 229/234
f 189/190 236/240 185/184
f 212/217 223/236 233/241
f 197/201 232/242 219/228
f 197/201 245/243 232/242
f 145/149 191/189 215/224
f 206/215 209/216 219/228
f 200/206 206/215 237/244
f 178/182 228/245 243/246
f 178/182 243/246 136/143
f 136/143 243/246 196/195
f 220/226 185/184 236/240
f 217/227 240/247 221/229
f 204/203 211/218 239/248
f 202/202 226/233 191/189
f 212/217 233/241 222/237
f 192/207 214/210 213/225
f 197/201 224/220 242/249
f 217/227 222/237 247/250
f 176/131 252/251 278/232
f 178/182 155/165 228/245
f 148/152 215/224 250/252
f 166/163 154/161 241/253
f 204/203 248/254 235/204
f 197/201 242/249 245/243
f 214/210 196/195 270/255
f 205/208 255/256 207/200
f 9/9 146/116 842/199
f 223/236 208/219 258/257
f 214/210 249/258 213/225
f 173/183 227/238 268/211
f 213/225 249/258 174/176
f 203/194 257/259 154/161
f 206/215 219/228 253/260
f 206/215 253/260 237/244
f 211/218 200/206 267/261
f 211/218 267/261 239/248
f 235/204 261/262 189/190
f 205/208 238/222 255/256
f 91/94 142/136 244/178
f 189/190 259/263 236/240
f 221/229 251/264 224/220
f 148/152 250/252 198/191
f 204/203 239/248 248/254
f 219/228 232/242 245/243
f 219/228 245/243 253/260
f 208/219 218/214 263/265
f 190/196 255/256 238/222
f 190/196 278/232 255/256
f 216/212 234/235 254/266
f 216/212 254/266 226/233
f 240/247 251/264 221/229
f 226/233 254/266 191/189
f 200/206 237/244 262/267
f 155/165 166/163 241/253
f 155/165 241/253 256/268
f 208/219 263/265 258/257
f 196/195 274/269 270/255
f 167/166 201/187 271/270
f 154/161 257/259 241/253
f 189/190 261/262 259/263
f 217/227 247/250 240/247
f 248/254 239/248 277/271
f 253/260 260/272 237/244
f 161/164 272/273 203/194
f 155/165 256/268 228/245
f 246/239 268/211 227/238
f 251/264 286/274 224/220
f 174/176 249/258 142/136
f 162/148 281/275 161/164
f 222/237 233/241 265/276
f 247/250 269/277 240/247
f 245/243 242/249 253/260
f 218/214 220/226 263/265
f 253/260 266/278 260/272
f 235/204 248/254 261/262
f 237/244 260/272 264/279
f 240/247 287/280 251/264
f 223/236 258/257 233/241
f 161/164 281/275 272/273
f 278/232 289/281 255/256
f 225/221 273/282 180/168
f 225/221 231/230 273/282
f 258/257 297/283 233/241
f 242/249 294/284 253/260
f 191/189 275/285 215/224
f 220/226 236/240 290/286
f 251/264 283/287 286/274
f 278/232 252/251 285/288
f 263/265 220/226 280/289
f 268/211 246/239 298/290
f 162/148 210/213 281/275
f 170/162 230/231 282/291
f 222/237 288/292 247/250
f 237/244 264/279 262/267
f 242/249 224/220 294/284
f 269/277 287/280 240/247
f 260/272 266/278 279/293
f 214/210 293/294 249/258
f 270/255 330/295 214/210
f 224/220 286/274 294/284
f 260/272 284/296 264/279
f 196/195 243/246 274/269
f 247/250 291/297 269/277
f 207/200 255/256 289/281
f 214/210 330/295 293/294
f 222/237 265/276 288/292
f 220/226 290/286 280/289
f 283/287 251/264 287/280
f 234/235 292/298 254/266
f 180/168 273/282 311/299
f 198/191 276/300 230/231
f 184/169 308/301 229/234
f 167/166 271/270 231/230
f 248/254 277/271 301/302
f 236/240 259/263 315/303
f 228/245 256/268 243/246
f 180/168 304/304 246/239
f 180/168 311/299 304/304
f 191/189 254/266 275/285
f 248/254 301/302 261/262
f 233/241 297/283 313/305
f 260/272 279/293 284/296
f 285/288 289/281 278/232
f 258/257 263/265 326/306
f 254/266 292/298 275/285
f 200/206 262/267 267/261
f 294/284 306/307 253/260
f 198/191 250/252 276/300
f 294/284 286/274 302/308
f 170/162 282/291 201/187
f 262/267 264/279 309/309
f 239/248 267/261 322/310
f 239/248 322/310 277/271
f 266/278 253/260 305/311
f 233/241 317/312 265/276
f 234/235 229/234 296/313
f 253/260 306/307 305/311
f 120/121 376/314 295/223
f 271/270 201/187 312/315
f 236/240 315/303 290/286
f 234/235 296/313 292/298
f 264/279 284/296 310/316
f 231/230 311/299 273/282
f 120/121 333/317 376/314
f 256/268 319/318 243/246
f 300/319 284/296 279/293
f 120/121 244/178 333/317
f 300/319 279/293 307/320
f 231/230 271/270 311/299
f 247/250 288/292 291/297
f 290/286 303/321 280/289
f 292/298 296/313 316/322
f 300/319 314/323 284/296
f 280/289 303/321 327/324
f 256/268 241/253 318/325
f 261/262 301/302 320/326
f 284/296 314/323 310/316
f 291/297 344/327 269/277
f 241/253 257/259 318/325
f 270/255 274/269 330/295
f 243/246 336/328 274/269
f 258/257 326/306 297/283
f 207/200 323/329 210/213
f 294/284 302/308 306/307
f 292/298 316/322 275/285
f 302/308 286/274 375/330
f 300/319 307/320 321/331
f 184/169 299/332 308/301
f 286/274 283/287 334/333
f 184/169 295/223 299/332
f 269/277 344/327 328/334
f 265/276 349/335 288/292
f 229/234 308/301 296/313
f 282/291 312/315 201/187
f 286/274 334/333 375/330
f 233/241 313/305 317/312
f 269/277 325/336 287/280
f 300/319 324/337 331/338
f 287/280 325/336 351/339
f 303/321 290/286 335/340
f 279/293 266/278 347/341
f 290/286 332/342 335/340
f 269/277 328/334 325/336
f 257/259 203/194 366/343
f 296/313 308/301 381/344
f 252/251 176/131 597/345
f 300/319 331/338 314/323
f 300/319 321/331 324/337
f 271/270 362/346 311/299
f 290/286 315/303 332/342
f 243/246 319/318 337/347
f 266/278 305/311 347/341
f 275/285 363/348 215/224
f 262/267 368/349 267/261
f 287/280 348/350 283/287
f 288/292 339/351 291/297
f 287/280 351/339 346/352
f 256/268 318/325 319/318
f 314/323 343/353 310/316
f 230/231 378/354 282/291
f 243/246 337/347 336/328
f 285/288 252/251 329/355
f 142/136 249/258 706/356
f 142/136 706/356 244/178
f 307/320 358/357 321/331
f 263/265 280/289 389/358
f 310/316 374/359 264/279
f 287/280 346/352 354/360
f 203/194 272/273 366/343
f 250/252 215/224 363/348
f 280/289 327/324 357/361
f 348/350 287/280 352/362
f 291/297 372/363 344/327
f 291/297 339/351 372/363
f 287/280 371/364 352/362
f 265/276 317/312 349/335
f 306/307 302/308 375/330
f 287/280 354/360 371/364
f 176/131 10/10 842/199
f 277/271 394/365 301/302
f 261/262 320/326 259/263
f 314/323 331/338 343/353
f 246/239 350/366 298/290
f 289/281 403/367 207/200
f 338/368 345/369 340/370
f 303/321 335/340 327/324
f 311/299 362/346 304/304
f 285/288 403/367 289/281
f 341/371 342/372 359/373
f 279/293 347/341 307/320
f 340/370 353/374 338/368
f 264/279 374/359 309/309
f 338/368 355/375 385/376
f 342/372 365/377 367/378
f 338/368 353/374 391/379
f 338/368 391/379 355/375
f 280/289 357/361 389/358
f 360/380 355/375 356/381
f 345/369 370/382 340/370
f 342/372 367/378 359/373
f 283/287 348/350 396/383
f 252/251 450/384 329/355
f 325/336 328/334 373/385
f 342/372 361/386 365/377
f 283/287 395/387 334/333
f 360/380 359/373 367/378
f 360/380 367/378 382/388
f 356/381 355/375 391/379
f 307/320 347/341 478/389
f 301/302 487/390 320/326
f 360/380 382/388 355/375
f 293/294 330/295 387/391
f 366/343 437/392 257/259
f 364/393 369/394 384/395
f 342/372 341/371 380/396
f 328/334 344/327 373/385
f 316/322 401/397 275/285
f 340/370 370/382 379/398
f 283/287 396/383 395/387
f 312/315 447/399 271/270
f 325/336 373/385 351/339
f 367/378 365/377 382/388
f 371/364 392/400 393/401
f 246/239 304/304 578/402
f 246/239 578/402 350/366
f 352/362 371/364 393/401
f 351/339 388/403 346/352
f 371/364 354/360 392/400
f 345/369 377/404 370/382
f 364/393 384/395 383/405
f 364/393 383/405 386/406
f 372/363 339/351 402/407
f 210/213 323/329 281/275
f 312/315 282/291 469/408
f 262/267 309/309 368/349
f 351/339 373/385 388/403
f 342/372 380/396 398/409
f 327/324 399/410 357/361
f 369/394 390/411 384/395
f 384/395 344/327 383/405
f 321/331 358/357 418/412
f 364/393 386/406 416/413
f 344/327 388/403 373/385
f 316/322 296/313 401/397
f 344/327 384/395 388/403
f 342/372 398/409 361/386
f 355/375 382/388 385/376
f 293/294 387/391 249/258
f 384/395 390/411 405/414
f 369/394 364/393 424/415
f 277/271 322/310 394/365
f 307/320 458/416 358/357
f 310/316 343/353 374/359
f 354/360 346/352 392/400
f 306/307 406/417 305/311
f 390/411 407/418 405/414
f 288/292 397/419 339/351
f 372/363 383/405 344/327
f 380/396 341/371 428/420
f 384/395 405/414 408/421
f 384/395 346/352 388/403
f 305/311 406/417 468/422
f 345/369 338/368 419/423
f 361/386 398/409 404/424
f 257/259 437/392 318/325
f 360/380 433/425 359/373
f 327/324 412/426 414/427
f 348/350 443/428 396/383
f 384/395 392/400 346/352
f 365/377 435/429 382/388
f 327/324 414/427 399/410
f 327/324 427/430 412/426
f 304/304 524/431 578/402
f 400/432 411/433 417/434
f 299/332 295/223 1077/435
f 285/288 329/355 403/367
f 333/317 431/436 376/314
f 359/373 430/437 341/371
f 369/394 424/415 390/411
f 345/369 413/438 377/404
f 259/263 320/326 454/439
f 386/406 383/405 372/363
f 306/307 375/330 509/440
f 296/313 381/344 401/397
f 340/370 379/398 353/374
f 370/382 410/441 379/398
f 307/320 478/389 458/416
f 297/283 491/442 313/305
f 259/263 454/439 315/303
f 244/178 518/443 333/317
f 370/382 377/404 410/441
f 384/395 421/444 392/400
f 390/411 424/415 449/445
f 334/333 395/387 438/446
f 347/341 305/311 468/422
f 333/317 518/443 452/447
f 327/324 432/448 427/430
f 368/349 322/310 267/261
f 409/449 410/441 413/438
f 330/295 274/269 429/450
f 400/432 423/451 411/433
f 384/395 408/421 421/444
f 411/433 474/452 417/434
f 392/400 352/362 393/401
f 392/400 421/444 352/362
f 364/393 416/413 424/415
f 274/269 486/453 429/450
f 345/369 419/423 413/438
f 412/426 441/454 414/427
f 415/455 416/413 425/456
f 327/324 335/340 451/457
f 365/377 361/386 435/429
f 263/265 420/458 326/306
f 331/338 324/337 457/459
f 244/178 875/460 576/461
f 377/404 413/438 410/441
f 341/371 430/437 512/462
f 386/406 425/456 416/413
f 338/368 385/376 419/423
f 403/367 329/355 485/463
f 356/381 433/425 360/380
f 348/350 352/362 443/428
f 410/441 409/449 445/464
f 415/455 425/456 440/465
f 276/300 378/354 230/231
f 415/455 436/466 416/413
f 324/337 321/331 457/459
f 332/342 459/467 335/340
f 390/411 449/445 482/468
f 379/398 410/441 439/469
f 386/406 372/363 425/456
f 301/302 394/365 487/390
f 330/295 429/450 539/470
f 297/283 326/306 491/442
f 274/269 336/328 486/453
f 376/314 431/436 497/471
f 426/472 448/473 410/441
f 337/347 319/318 336/328
f 407/418 390/411 442/474
f 288/292 349/335 479/475
f 382/388 435/429 385/376
f 343/353 526/476 374/359
f 421/444 408/421 455/477
f 400/432 453/478 423/451
f 403/367 485/463 503/479
f 403/367 503/479 207/200
f 306/307 509/440 406/417
f 334/333 461/480 375/330
f 334/333 517/481 461/480
f 411/433 444/482 434/483
f 396/383 443/428 462/484
f 410/441 448/473 439/469
f 352/362 421/444 443/428
f 359/373 433/425 430/437
f 398/409 466/485 404/424
f 244/178 576/461 611/486
f 244/178 611/486 518/443
f 421/444 446/487 443/428
f 381/344 308/301 492/488
f 333/317 423/451 453/478
f 415/455 475/489 436/466
f 298/290 940/490 268/211
f 410/441 467/491 483/492
f 410/441 483/492 426/472
f 395/387 396/383 462/484
f 422/493 313/305 491/442
f 431/436 333/317 453/478
f 425/456 484/494 440/465
f 415/455 465/495 475/489
f 412/426 427/430 441/454
f 427/430 432/448 473/496
f 450/384 252/251 597/345
f 415/455 440/465 465/495
f 400/432 471/497 453/478
f 400/432 417/434 471/497
f 207/200 503/479 553/498
f 207/200 553/498 323/329
f 404/424 496/499 361/386
f 411/433 470/500 474/452
f 421/444 456/501 446/487
f 327/324 463/502 432/448
f 327/324 472/503 463/502
f 327/324 451/457 472/503
f 446/487 462/484 443/428
f 411/433 423/451 464/504
f 361/386 496/499 435/429
f 438/446 490/505 334/333
f 410/441 480/506 467/491
f 330/295 539/470 387/391
f 410/441 445/464 480/506
f 423/451 460/507 464/504
f 426/472 483/492 501/508
f 421/444 455/477 456/501
f 390/411 482/468 442/474
f 376/314 513/509 295/223
f 379/398 476/510 353/374
f 347/341 468/422 478/389
f 411/433 464/504 444/482
f 333/317 452/447 423/451
f 408/421 405/414 455/477
f 263/265 389/358 420/458
f 376/314 497/471 481/511
f 275/285 549/512 363/348
f 341/371 512/462 428/420
f 432/448 463/502 473/496
f 411/433 434/483 506/513
f 411/433 506/513 470/500
f 438/446 395/387 504/514
f 414/427 493/515 399/410
f 414/427 488/516 493/515
f 309/309 374/359 368/349
f 332/342 523/517 459/467
f 416/413 436/466 528/518
f 472/503 489/519 463/502
f 381/344 507/520 401/397
f 426/472 494/521 448/473
f 460/507 423/451 452/447
f 339/351 505/522 402/407
f 356/381 511/523 433/425
f 335/340 459/467 451/457
f 372/363 402/407 484/494
f 409/449 413/438 502/524
f 427/430 473/496 441/454
f 372/363 484/494 425/456
f 430/437 534/525 512/462
f 473/496 463/502 545/526
f 385/376 581/527 419/423
f 331/338 457/459 550/528
f 446/487 456/501 495/529
f 416/413 528/518 424/415
f 446/487 504/514 462/484
f 426/472 501/508 494/521
f 407/418 442/474 508/530
f 331/338 550/528 343/353
f 391/379 511/523 356/381
f 477/531 498/532 500/533
f 379/398 439/469 476/510
f 486/453 641/534 429/450
f 440/465 484/494 527/535
f 414/427 441/454 488/516
f 493/515 488/516 540/536
f 477/531 529/537 498/532
f 407/418 521/538 405/414
f 442/474 482/468 508/530
f 449/445 424/415 564/539
f 460/507 452/447 518/443
f 471/497 497/471 431/436
f 471/497 431/436 453/478
f 456/501 455/477 521/538
f 321/331 565/540 457/459
f 353/374 533/541 391/379
f 395/387 462/484 504/514
f 334/333 543/542 544/543
f 463/502 489/519 545/526
f 494/521 501/508 571/544
f 529/537 531/545 498/532
f 295/223 513/509 532/546
f 295/223 532/546 499/547
f 419/423 537/548 413/438
f 339/351 520/549 505/522
f 424/415 528/518 564/539
f 436/466 519/550 528/518
f 477/531 500/533 530/551
f 405/414 521/538 455/477
f 276/300 250/252 591/552
f 446/487 495/529 504/514
f 478/389 538/553 458/416
f 458/416 590/554 358/357
f 441/454 473/496 516/555
f 441/454 522/556 488/516
f 509/440 375/330 461/480
f 456/501 521/538 541/557
f 450/384 587/558 329/355
f 409/449 502/524 445/464
f 250/252 363/348 591/552
f 472/503 451/457 559/559
f 353/374 476/510 533/541
f 456/501 541/557 495/529
f 339/351 397/419 520/549
f 500/533 547/560 530/551
f 401/397 507/520 275/285
f 478/389 468/422 589/561
f 413/438 537/548 502/524
f 271/270 515/562 362/346
f 332/342 315/303 536/563
f 449/445 564/539 548/564
f 460/507 552/565 464/504
f 349/335 605/566 479/475
f 459/467 535/567 451/457
f 334/333 490/505 543/542
f 321/331 418/412 565/540
f 489/519 472/503 542/568
f 451/457 561/569 559/559
f 466/485 398/409 563/570
f 439/469 448/473 577/571
f 510/572 514/573 556/574
f 473/496 545/526 593/575
f 473/496 593/575 516/555
f 448/473 494/521 577/571
f 481/511 497/471 551/576
f 323/329 553/498 598/577
f 483/492 554/578 501/508
f 449/445 548/564 482/468
f 435/429 569/579 385/376
f 380/396 428/420 609/580
f 483/492 467/491 554/578
f 441/454 516/555 522/556
f 320/326 487/390 454/439
f 288/292 479/475 397/419
f 281/275 699/581 272/273
f 510/572 612/582 600/583
f 508/530 482/468 560/584
f 477/531 530/551 572/585
f 387/391 539/470 249/258
f 475/489 582/586 436/466
f 438/446 574/587 490/505
f 478/389 555/588 538/553
f 495/529 541/557 626/589
f 495/529 546/590 504/514
f 495/529 525/591 546/590
f 436/466 582/586 602/592
f 436/466 602/592 519/550
f 477/531 572/585 529/537
f 445/464 502/524 570/593
f 397/419 527/535 520/549
f 451/457 535/567 561/569
f 417/434 584/594 471/497
f 498/532 531/545 601/595
f 482/468 588/596 560/584
f 467/491 480/506 554/578
f 510/572 538/553 514/573
f 385/376 569/579 557/597
f 381/344 492/488 507/520
f 362/346 515/562 304/304
f 478/389 589/561 555/588
f 470/500 506/513 575/598
f 445/464 622/599 480/506
f 513/509 376/314 595/600
f 470/500 575/598 558/601
f 514/573 538/553 555/588
f 466/485 616/602 404/424
f 454/439 671/603 315/303
f 298/290 350/366 940/490
f 317/312 637/604 349/335
f 406/417 693/605 468/422
f 434/483 647/606 506/513
f 322/310 639/607 394/365
f 459/467 523/517 580/608
f 440/465 687/609 465/495
f 527/535 610/610 440/465
f 397/419 610/610 527/535
f 438/446 504/514 574/587
f 417/434 474/452 584/594
f 397/419 479/475 659/611
f 444/482 647/606 434/483
f 357/361 619/612 389/358
f 433/425 625/613 430/437
f 501/508 554/578 571/544
f 500/533 700/614 547/560
f 460/507 518/443 552/565
f 399/410 493/515 619/612
f 494/521 682/615 577/571
f 472/503 559/559 542/568
f 504/514 546/590 574/587
f 444/482 464/504 579/616
f 498/532 601/595 603/617
f 470/500 558/601 474/452
f 530/551 547/560 562/618
f 497/471 471/497 551/576
f 510/572 556/574 583/619
f 459/467 580/608 535/567
f 380/396 609/580 398/409
f 407/418 541/557 521/538
f 407/418 626/589 541/557
f 523/517 332/342 599/620
f 562/618 573/621 530/551
f 376/314 481/511 595/600
f 500/533 498/532 617/622
f 529/537 628/623 531/545
f 510/572 600/583 538/553
f 468/422 661/624 589/561
f 399/410 619/612 357/361
f 332/342 606/625 599/620
f 526/476 664/626 374/359
f 322/310 748/627 639/607
f 514/573 555/588 589/561
f 486/453 336/328 623/628
f 402/407 585/629 484/494
f 402/407 505/522 585/629
f 566/630 568/631 613/632
f 518/443 658/633 552/565
f 498/532 603/617 617/622
f 511/523 759/634 433/425
f 545/526 489/519 542/568
f 545/526 542/568 593/575
f 571/544 554/578 604/635
f 329/355 587/558 503/479
f 329/355 503/479 485/463
f 519/550 602/592 612/582
f 457/459 565/540 660/636
f 465/495 687/609 475/489
f 556/574 564/539 583/619
f 332/342 536/563 648/637
f 332/342 648/637 646/638
f 492/488 621/639 507/520
f 281/275 780/640 699/581
f 318/325 665/641 319/318
f 487/390 394/365 675/642
f 508/530 607/643 654/644
f 508/530 654/644 407/418
f 484/494 585/629 527/535
f 528/518 583/619 564/539
f 407/418 654/644 626/589
f 334/333 544/543 614/645
f 439/469 577/571 608/646
f 514/573 633/647 556/574
f 466/485 563/570 616/602
f 406/417 781/648 651/649
f 406/417 509/440 781/648
f 510/572 583/619 612/582
f 334/333 614/645 517/481
f 474/452 558/601 629/650
f 391/379 533/541 511/523
f 315/303 653/651 536/563
f 366/343 844/652 437/392
f 492/488 308/301 586/653
f 535/567 618/654 561/569
f 495/529 654/644 525/591
f 495/529 626/589 654/644
f 439/469 567/655 476/510
f 440/465 610/610 687/609
f 343/353 550/528 526/476
f 494/521 571/544 632/656
f 590/554 794/657 358/357
f 404/424 644/658 496/499
f 546/590 543/542 574/587
f 523/517 599/620 596/659
f 519/550 612/582 528/518
f 474/452 629/650 584/594
f 458/416 674/660 590/554
f 494/521 632/656 682/615
f 445/464 570/593 622/599
f 488/516 634/661 540/536
f 566/630 613/632 481/511
f 430/437 625/613 534/525
f 523/517 596/659 580/608
f 566/630 615/662 568/631
f 538/553 600/583 458/416
f 304/304 515/562 724/663
f 304/304 724/663 524/431
f 592/664 627/665 604/635
f 592/664 604/635 554/578
f 439/469 722/666 567/655
f 488/516 522/556 634/661
f 592/664 554/578 624/667
f 592/664 624/667 620/668
f 606/625 649/669 599/620
f 506/513 647/606 698/670
f 468/422 693/605 661/624
f 597/345 176/131 842/199
f 544/543 643/671 614/645
f 552/565 579/616 464/504
f 552/565 749/672 579/616
f 564/539 556/574 633/647
f 564/539 633/647 548/564
f 518/443 611/486 658/633
f 594/673 601/595 531/545
f 490/505 574/587 543/542
f 600/583 630/674 594/673
f 601/595 656/675 603/617
f 609/580 645/676 398/409
f 593/575 677/677 516/555
f 406/417 651/649 728/678
f 566/630 481/511 551/576
f 385/376 557/597 581/527
f 508/530 560/584 631/679
f 493/515 540/536 619/612
f 594/673 531/545 663/680
f 594/673 663/680 600/583
f 594/673 656/675 601/595
f 487/390 675/642 635/681
f 368/349 769/682 322/310
f 332/342 646/638 606/625
f 706/356 917/683 244/178
f 594/673 630/674 656/675
f 480/506 686/684 554/578
f 406/417 728/678 731/685
f 517/481 614/645 709/686
f 502/524 537/548 712/687
f 588/596 631/679 560/584
f 520/549 585/629 505/522
f 374/359 664/626 368/349
f 600/583 612/582 630/674
f 514/573 725/688 633/647
f 514/573 589/561 725/688
f 562/618 547/560 638/689
f 323/329 780/640 281/275
f 482/468 548/564 588/596
f 581/527 557/597 673/690
f 406/417 730/691 693/605
f 319/318 683/692 336/328
f 398/409 645/676 563/570
f 592/664 652/693 627/665
f 625/613 433/425 759/634
f 520/549 527/535 585/629
f 599/620 649/669 596/659
f 471/497 584/594 642/694
f 571/544 604/635 632/656
f 295/223 499/547 657/695
f 529/537 572/585 705/696
f 513/509 743/697 532/546
f 397/419 788/698 610/610
f 481/511 613/632 595/600
f 429/450 641/534 539/470
f 508/530 631/679 607/643
f 566/630 551/576 640/699
f 547/560 700/614 638/689
f 627/665 636/700 604/635
f 558/601 575/598 642/694
f 406/417 731/685 730/691
f 588/596 548/564 688/701
f 566/630 666/702 615/662
f 394/365 639/607 675/642
f 566/630 640/699 666/702
f 378/354 469/408 282/291
f 457/459 660/636 550/528
f 546/590 643/671 543/542
f 578/402 524/431 668/703
f 496/499 746/704 435/429
f 528/518 612/582 583/619
f 620/668 624/667 679/705
f 620/668 679/705 703/706
f 540/536 809/707 619/612
f 529/537 705/696 628/623
f 509/440 461/480 723/708
f 627/665 652/693 667/709
f 525/591 654/644 697/710
f 315/303 671/603 653/651
f 582/586 696/711 602/592
f 627/665 667/709 636/700
f 516/555 677/677 714/712
f 615/662 685/713 568/631
f 487/390 671/603 454/439
f 569/579 435/429 662/714
f 592/664 620/668 701/715
f 593/575 704/716 677/677
f 522/556 669/717 634/661
f 587/558 450/384 804/718
f 576/461 655/719 611/486
f 642/694 666/702 471/497
f 475/489 687/609 582/586
f 513/509 595/600 743/697
f 588/596 688/701 689/720
f 542/568 559/559 593/575
f 636/700 667/709 716/721
f 496/499 678/722 746/704
f 326/306 860/723 491/442
f 569/579 695/724 557/597
f 500/533 617/622 788/698
f 600/583 663/680 458/416
f 567/655 691/725 476/510
f 636/700 676/726 604/635
f 580/608 596/659 684/727
f 580/608 684/727 535/567
f 596/659 680/728 684/727
f 507/520 621/639 275/285
f 313/305 422/493 733/729
f 349/335 637/604 605/566
f 543/542 643/671 544/543
f 561/569 707/730 559/559
f 358/357 794/657 418/412
f 444/482 579/616 647/606
f 612/582 696/711 630/674
f 535/567 684/727 618/654
f 531/545 628/623 663/680
f 536/563 653/651 720/731
f 611/486 655/719 658/633
f 397/419 659/611 788/698
f 471/497 666/702 640/699
f 592/664 701/715 690/732
f 650/733 655/719 670/734
f 319/318 665/641 683/692
f 515/562 271/270 724/663
f 471/497 640/699 551/576
f 568/631 740/735 613/632
f 461/480 807/736 723/708
f 617/622 603/617 687/609
f 575/598 702/737 615/662
f 655/719 650/733 658/633
f 592/664 690/732 652/693
f 588/596 689/720 681/738
f 588/596 681/738 631/679
f 419/423 581/527 537/548
f 615/662 666/702 575/598
f 500/533 788/698 700/614
f 502/524 712/687 762/739
f 554/578 686/684 624/667
f 606/625 646/638 715/740
f 606/625 715/740 649/669
f 596/659 649/669 680/728
f 516/555 708/741 522/556
f 366/343 272/273 699/581
f 499/547 532/546 727/742
f 435/429 760/743 662/714
f 558/601 642/694 629/650
f 575/598 506/513 702/737
f 479/475 605/566 801/744
f 479/475 801/744 659/611
f 461/480 770/745 807/736
f 614/645 711/746 709/686
f 609/580 745/747 645/676
f 323/329 598/577 780/640
f 548/564 633/647 688/701
f 476/510 691/725 533/541
f 492/488 775/748 621/639
f 492/488 754/749 775/748
f 450/384 597/345 804/718
f 650/733 719/750 713/751
f 652/693 690/732 747/752
f 680/728 649/669 732/753
f 569/579 662/714 695/724
f 602/592 696/711 612/582
f 561/569 618/654 707/730
f 607/643 631/679 734/754
f 439/469 608/646 722/666
f 499/547 727/742 718/755
f 313/305 733/729 317/312
f 458/416 663/680 628/623
f 658/633 650/733 713/751
f 637/604 738/756 605/566
f 687/609 610/610 617/622
f 506/513 698/670 765/757
f 672/758 741/759 694/760
f 610/610 788/698 617/622
f 487/390 635/681 671/603
f 568/631 685/713 740/735
f 648/637 536/563 752/761
f 633/647 731/685 688/701
f 530/551 573/621 751/762
f 517/481 770/745 461/480
f 587/558 778/763 503/479
f 552/565 658/633 713/751
f 458/416 628/623 705/696
f 295/223 657/695 692/764
f 655/719 729/765 670/734
f 645/676 672/758 563/570
f 589/561 661/624 725/688
f 532/546 811/766 727/742
f 676/726 789/767 604/635
f 576/461 729/765 655/719
f 536/563 720/731 736/768
f 620/668 703/706 701/715
f 268/211 940/490 146/116
f 575/598 666/702 642/694
f 672/758 694/760 563/570
f 428/420 745/747 609/580
f 295/223 692/764 1077/435
f 646/638 726/769 715/740
f 579/616 749/672 737/770
f 499/547 718/755 657/695
f 681/738 734/754 631/679
f 613/632 740/735 750/771
f 336/328 683/692 623/628
f 573/621 562/618 793/772
f 674/660 458/416 772/773
f 350/366 578/402 940/490
f 404/424 616/602 644/658
f 646/638 648/637 735/774
f 646/638 735/774 726/769
f 710/775 719/750 717/776
f 637/604 779/777 738/756
f 616/602 563/570 797/778
f 522/556 753/779 669/717
f 633/647 725/688 731/685
f 502/524 744/780 570/593
f 559/559 707/730 593/575
f 653/651 758/781 720/731
f 647/606 579/616 785/782
f 562/618 638/689 799/783
f 710/775 713/751 719/750
f 553/498 503/479 778/763
f 672/758 739/784 741/759
f 517/481 709/686 770/745
f 619/612 756/785 389/358
f 595/600 613/632 743/697
f 672/758 645/676 739/784
f 708/741 755/786 522/556
f 643/671 546/590 711/746
f 649/669 715/740 732/753
f 249/258 539/470 706/356
f 522/556 755/786 753/779
f 721/787 694/760 741/759
f 604/635 789/767 632/656
f 572/585 777/788 705/696
f 276/300 591/552 378/354
f 552/565 713/751 749/672
f 743/697 811/766 532/546
f 570/593 802/789 622/599
f 682/615 632/656 789/767
f 662/714 761/790 695/724
f 613/632 750/771 743/697
f 557/597 820/791 673/690
f 721/787 741/759 742/792
f 629/650 642/694 584/594
f 509/440 776/793 781/648
f 318/325 437/392 665/641
f 525/591 803/794 546/590
f 579/616 737/770 785/782
f 674/660 794/657 590/554
f 546/590 803/794 711/746
f 618/654 771/795 764/796
f 696/711 582/586 630/674
f 572/585 530/551 777/788
f 244/178 917/683 875/460
f 721/787 795/797 757/798
f 614/645 643/671 711/746
f 722/666 816/799 567/655
f 368/349 664/626 769/682
f 582/586 687/609 763/800
f 721/787 757/798 694/760
f 516/555 714/712 708/741
f 651/649 688/701 728/678
f 689/720 651/649 681/738
f 685/713 821/801 740/735
f 607/643 734/754 781/648
f 530/551 751/762 777/788
f 707/730 618/654 764/796
f 615/662 702/737 685/713
f 648/637 752/761 735/774
f 746/704 838/802 435/429
f 694/760 768/803 774/804
f 692/764 657/695 718/755
f 651/649 689/720 688/701
f 694/760 774/804 563/570
f 710/775 749/672 713/751
f 710/775 737/770 749/672
f 681/738 651/649 734/754
f 603/617 656/675 783/805
f 621/639 775/748 275/285
f 603/617 783/805 687/609
f 581/527 712/687 537/548
f 647/606 785/782 698/670
f 701/715 703/706 690/732
f 525/591 697/710 803/794
f 687/609 783/805 763/800
f 271/270 836/806 724/663
f 322/310 769/682 748/627
f 458/416 705/696 772/773
f 607/643 776/793 654/644
f 618/654 684/727 680/728
f 618/654 680/728 771/795
f 562/618 799/783 793/772
f 540/536 634/661 809/707
f 676/726 636/700 766/807
f 645/676 745/747 739/784
f 536/563 736/768 752/761
f 671/603 782/808 653/651
f 650/733 670/734 812/809
f 511/523 862/810 759/634
f 533/541 806/811 511/523
f 776/793 607/643 781/648
f 636/700 716/721 766/807
f 721/787 742/792 798/812
f 693/605 730/691 725/688
f 511/523 806/811 862/810
f 652/693 716/721 667/709
f 652/693 766/807 716/721
f 656/675 763/800 783/805
f 573/621 817/813 751/762
f 717/776 805/814 710/775
f 694/760 757/798 810/815
f 275/285 775/748 827/816
f 710/775 805/814 796/817
f 710/775 796/817 737/770
f 652/693 814/818 766/807
f 730/691 731/685 725/688
f 570/593 744/780 802/789
f 676/726 766/807 784/819
f 676/726 784/819 767/820
f 480/506 622/599 686/684
f 767/820 752/761 736/768
f 767/820 736/768 676/726
f 623/821 832/822 486/823
f 693/605 725/688 661/624
f 690/732 703/706 787/824
f 707/730 800/825 593/575
f 634/661 669/717 809/707
f 771/795 790/826 764/796
f 587/558 848/827 778/763
f 773/828 698/670 796/817
f 734/754 651/649 781/648
f 308/301 299/332 586/653
f 732/753 715/740 726/769
f 732/753 726/769 813/829
f 680/728 786/830 771/795
f 674/660 791/831 794/657
f 674/660 772/773 777/788
f 752/761 813/829 735/774
f 653/651 792/832 758/781
f 767/820 813/829 752/761
f 700/614 788/698 638/689
f 735/774 813/829 726/769
f 728/678 688/701 731/685
f 435/429 859/833 760/743
f 705/696 777/788 772/773
f 654/644 776/793 697/710
f 682/615 789/767 577/571
f 557/597 695/724 820/791
f 496/499 644/658 678/722
f 721/787 798/812 795/797
f 622/599 802/789 686/684
f 567/655 816/799 691/725
f 506/513 765/757 702/737
f 690/732 787/824 747/752
f 418/412 932/834 565/540
f 650/733 815/835 719/750
f 698/670 785/782 796/817
f 275/285 827/816 549/512
f 271/270 447/399 884/836
f 652/693 747/752 814/818
f 428/420 512/462 745/747
f 727/742 811/766 851/837
f 674/660 777/788 791/831
f 707/730 764/796 800/825
f 676/726 736/768 829/838
f 680/728 732/753 828/839
f 680/728 828/839 786/830
f 587/558 804/718 848/827
f 767/820 818/840 813/829
f 709/686 711/746 819/841
f 767/820 784/819 818/840
f 703/706 840/842 787/824
f 750/771 740/735 833/843
f 509/440 723/708 776/793
f 670/734 823/844 808/845
f 670/734 729/765 823/844
f 787/824 840/842 824/846
f 766/807 814/818 828/839
f 744/780 857/847 802/789
f 703/706 679/705 840/842
f 576/461 856/848 729/765
f 758/781 829/838 720/731
f 787/824 786/830 814/818
f 659/611 835/849 788/698
f 809/707 756/785 619/612
f 803/794 819/841 711/746
f 698/670 841/850 765/757
f 694/760 810/815 768/803
f 723/708 803/794 776/793
f 720/731 829/838 736/768
f 786/830 822/851 771/795
f 786/830 787/824 822/851
f 785/782 737/770 796/817
f 662/714 760/743 834/852
f 662/714 834/852 761/790
f 771/795 837/853 790/826
f 709/686 819/841 770/745
f 624/667 839/854 679/705
f 747/752 787/824 814/818
f 808/845 812/809 670/734
f 777/788 751/762 791/831
f 782/808 671/603 843/855
f 650/733 812/809 815/835
f 486/823 850/856 641/857
f 718/755 727/742 830/858
f 754/749 492/488 846/859
f 722/666 845/860 816/799
f 813/829 818/840 732/753
f 771/795 822/851 837/853
f 776/793 803/794 697/710
f 418/412 794/657 886/861
f 758/781 831/862 829/838
f 638/689 788/698 825/863
f 743/697 750/771 811/766
f 539/864 641/857 874/865
f 675/642 639/607 865/866
f 773/828 796/817 826/867
f 786/830 828/839 814/818
f 605/566 738/756 801/744
f 695/724 761/790 820/791
f 796/817 805/814 826/867
f 766/807 828/839 784/819
f 653/651 782/808 792/832
f 420/458 860/723 326/306
f 576/461 875/460 856/848
f 669/717 753/779 809/707
f 491/442 860/723 910/868
f 758/781 792/832 831/862
f 271/270 884/836 836/806
f 768/803 853/869 774/804
f 825/863 858/870 638/689
f 526/476 891/871 664/626
f 729/765 856/848 823/844
f 676/726 829/838 789/767
f 744/780 502/524 847/872
f 624/667 686/684 839/854
f 723/708 807/736 803/794
f 553/498 924/873 598/577
f 790/826 837/853 861/874
f 563/570 774/804 797/778
f 708/741 854/875 755/786
f 792/832 782/808 849/876
f 765/757 841/850 702/737
f 751/762 817/813 868/877
f 755/786 877/878 753/779
f 807/736 819/841 803/794
f 312/315 469/408 447/399
f 638/689 858/870 799/783
f 750/771 873/879 811/766
f 841/850 698/670 882/880
f 741/759 739/784 742/792
f 719/750 815/835 717/776
f 742/792 869/881 798/812
f 807/736 770/745 819/841
f 673/690 879/882 581/527
f 722/666 608/646 863/883
f 317/312 733/729 936/884
f 784/819 828/839 818/840
f 524/431 724/663 907/885
f 524/431 907/885 942/886
f 608/646 577/571 849/876
f 608/646 849/876 863/883
f 573/621 793/772 817/813
f 828/839 732/753 818/840
f 787/824 855/887 822/851
f 637/604 317/312 885/888
f 637/604 885/888 779/777
f 641/857 850/856 874/865
f 714/712 866/889 708/741
f 712/687 581/527 864/890
f 717/776 905/891 805/814
f 435/429 838/802 859/833
f 533/541 691/725 806/811
f 616/602 900/892 644/658
f 577/571 831/862 849/876
f 698/670 773/828 882/880
f 712/687 864/890 762/739
f 389/358 756/785 872/893
f 593/575 800/825 704/716
f 635/681 892/894 671/603
f 616/602 797/778 900/892
f 577/571 789/767 831/862
f 782/808 843/855 863/883
f 773/828 826/867 916/895
f 764/796 790/826 800/825
f 782/808 863/883 849/876
f 679/705 839/854 852/896
f 754/749 846/859 908/897
f 512/462 534/525 963/898
f 686/684 878/899 839/854
f 799/783 858/870 880/900
f 855/887 787/824 876/901
f 744/780 926/902 857/847
f 829/838 831/862 789/767
f 718/755 830/858 692/764
f 822/851 855/887 887/903
f 754/749 908/897 775/748
f 822/851 871/904 837/853
f 787/824 824/846 876/901
f 724/663 836/806 907/885
f 299/332 1077/435 1831/905
f 299/332 1831/905 931/906
f 848/827 933/907 778/763
f 791/831 893/908 897/909
f 739/784 745/747 881/910
f 793/772 799/783 880/900
f 792/832 849/876 831/862
f 317/312 936/884 885/888
f 840/842 870/911 890/912
f 817/813 793/772 904/913
f 791/831 897/909 794/657
f 733/729 422/493 889/914
f 659/611 801/744 898/915
f 740/735 821/801 833/843
f 702/737 841/850 883/916
f 717/776 815/835 867/917
f 586/653 1019/918 846/859
f 586/653 846/859 492/488
f 679/705 870/911 840/842
f 524/431 942/886 668/703
f 486/823 1140/919 850/856
f 623/821 683/920 832/822
f 896/921 872/893 756/785
f 751/762 893/908 791/831
f 659/611 898/915 835/849
f 717/776 867/917 905/891
f 686/684 802/789 878/899
f 753/779 877/878 809/707
f 534/525 625/613 953/922
f 780/640 946/923 699/581
f 840/842 890/912 824/846
f 578/402 668/703 940/490
f 378/354 591/552 961/924
f 422/493 920/925 889/914
f 790/826 861/874 800/825
f 760/743 929/926 834/852
f 675/642 892/894 635/681
f 744/780 847/872 926/902
f 822/851 887/903 871/904
f 704/716 888/927 677/677
f 760/743 859/833 929/926
f 691/725 914/928 903/929
f 808/845 823/844 875/460
f 788/698 835/849 825/863
f 855/887 876/901 909/930
f 805/814 905/891 826/867
f 755/786 854/875 877/878
f 795/797 958/931 757/798
f 798/812 928/932 795/797
f 875/460 917/683 957/933
f 671/603 894/934 843/855
f 838/802 930/935 859/833
f 808/845 875/460 812/809
f 769/682 943/936 748/627
f 671/603 892/894 894/934
f 841/850 882/880 883/916
f 854/875 899/937 877/878
f 852/896 922/938 679/705
f 751/762 868/877 893/908
f 691/725 816/799 914/928
f 299/332 931/906 586/653
f 816/799 845/860 914/928
f 679/705 922/938 870/911
f 677/677 888/927 714/712
f 685/713 934/939 821/801
f 858/870 825/863 906/940
f 746/704 985/941 838/802
f 883/916 911/942 702/737
f 581/527 901/943 864/890
f 826/867 905/891 902/944
f 534/525 953/922 937/945
f 802/789 857/847 878/899
f 469/408 378/354 961/924
f 553/498 778/763 933/907
f 824/846 890/912 876/901
f 745/747 512/462 923/946
f 581/527 879/882 901/943
f 678/722 919/947 746/704
f 800/825 861/874 837/853
f 823/844 856/848 875/460
f 526/476 550/528 997/948
f 422/493 491/442 920/925
f 852/896 839/854 964/949
f 773/828 1082/950 882/880
f 550/528 660/636 997/948
f 639/607 748/627 865/866
f 750/771 1009/951 873/879
f 702/737 911/942 949/952
f 702/737 949/952 685/713
f 644/658 948/953 678/722
f 894/934 892/894 918/954
f 833/843 1009/951 750/771
f 437/392 844/652 665/641
f 843/855 894/934 954/955
f 794/657 897/909 886/861
f 673/690 820/791 944/956
f 820/791 761/790 944/956
f 756/785 955/957 896/921
f 768/803 925/958 853/869
f 826/867 1052/959 916/895
f 389/358 872/893 952/960
f 708/741 915/961 854/875
f 859/833 930/935 921/962
f 863/883 843/855 954/955
f 863/883 954/955 722/666
f 848/827 935/963 933/907
f 704/716 800/825 927/964
f 895/965 947/966 888/927
f 895/965 888/927 704/716
f 534/525 937/945 963/898
f 420/458 389/358 960/967
f 486/823 970/968 1140/919
f 812/809 913/969 815/835
f 733/729 889/914 912/970
f 742/792 739/784 869/881
f 418/412 886/861 932/834
f 817/813 904/913 868/877
f 486/823 832/822 970/968
f 774/804 853/869 797/778
f 675/642 865/866 892/894
f 775/748 908/897 827/816
f 722/666 954/955 845/860
f 830/858 974/971 692/764
f 714/712 888/927 983/972
f 800/825 837/853 927/964
f 673/690 944/956 939/973
f 821/801 969/974 833/843
f 692/764 974/971 1077/435
f 512/462 963/898 923/946
f 660/636 565/540 1035/975
f 881/910 1024/976 739/784
f 812/809 875/460 962/977
f 812/809 962/977 913/969
f 854/875 915/961 899/937
f 927/964 977/978 704/716
f 708/741 866/889 996/979
f 708/741 996/979 915/961
f 363/348 549/512 1030/980
f 852/896 951/981 922/938
f 683/920 967/982 832/822
f 859/833 965/983 929/926
f 877/878 899/937 809/707
f 926/902 847/872 975/984
f 872/893 896/921 1007/985
f 826/867 902/944 1052/959
f 837/853 871/904 927/964
f 738/756 779/777 801/744
f 704/716 977/978 895/965
f 894/934 918/954 954/955
f 876/901 890/912 909/930
f 795/797 938/986 958/931
f 795/797 928/932 938/986
f 491/442 1026/987 920/925
f 879/882 673/690 939/973
f 890/912 959/988 909/930
f 893/908 966/989 897/909
f 870/911 959/988 890/912
f 526/476 997/948 891/871
f 366/343 699/581 844/652
f 846/859 956/990 908/897
f 871/904 887/903 982/991
f 761/790 834/852 976/992
f 756/785 809/707 955/957
f 761/790 976/992 944/956
f 834/852 972/993 976/992
f 883/916 882/880 1082/950
f 858/870 941/994 880/900
f 887/903 855/887 982/991
f 625/613 759/634 953/922
f 926/902 878/899 857/847
f 811/766 873/879 851/837
f 665/995 967/982 683/920
f 917/683 993/996 957/933
f 746/704 919/947 985/941
f 880/900 941/994 950/997
f 838/802 985/941 930/935
f 897/909 966/989 886/861
f 873/879 945/998 851/837
f 714/712 996/979 866/889
f 714/712 983/972 996/979
f 855/887 909/930 982/991
f 773/828 916/895 1082/950
f 565/540 1051/999 1035/975
f 871/904 982/991 927/964
f 815/835 913/969 1014/1000
f 875/460 957/933 962/977
f 859/833 921/962 965/983
f 565/540 932/834 1051/999
f 768/803 991/1001 925/958
f 678/722 979/1002 919/947
f 768/803 810/815 991/1001
f 852/896 964/949 951/981
f 678/722 948/953 979/1002
f 909/930 959/988 982/991
f 879/882 939/973 999/1003
f 869/881 1013/1004 798/812
f 591/552 1065/1005 961/924
f 947/966 895/965 973/1006
f 420/458 960/967 860/723
f 745/747 923/946 881/910
f 858/870 906/940 941/994
f 834/852 929/926 972/993
f 926/902 975/984 878/899
f 915/961 986/1007 899/937
f 868/877 978/1008 893/908
f 864/890 901/943 762/739
f 691/725 903/929 806/811
f 815/835 1008/1009 867/917
f 733/729 912/970 971/1010
f 870/911 922/938 959/988
f 996/979 1004/1011 915/961
f 733/729 971/1010 936/884
f 888/927 947/966 983/972
f 762/739 901/943 1017/1012
f 598/577 924/873 780/640
f 879/882 1017/1012 901/943
f 929/926 965/983 972/993
f 851/837 1042/1013 727/742
f 918/954 892/894 968/1014
f 918/954 968/1014 981/1015
f 985/941 1028/1016 930/935
f 845/860 954/955 914/928
f 948/953 1060/1017 979/1002
f 491/442 910/868 1021/1018
f 847/872 502/524 998/1019
f 847/872 998/1019 1015/1020
f 853/869 925/958 797/778
f 363/348 1030/980 591/552
f 835/849 995/1021 825/863
f 885/888 990/1022 779/777
f 389/358 952/960 960/967
f 591/552 1030/980 1065/1005
f 748/627 943/936 1002/1023
f 927/964 982/991 977/978
f 815/835 1014/1000 1008/1009
f 977/978 987/1024 895/965
f 821/801 1018/1025 969/974
f 889/914 920/925 1061/1026
f 798/812 1013/1004 928/932
f 898/915 995/1021 835/849
f 958/931 989/1027 1000/1028
f 597/345 1069/1029 804/718
f 502/524 762/739 998/1019
f 748/627 1002/1023 865/866
f 921/962 1012/1030 965/983
f 914/928 1091/1031 903/929
f 968/1014 892/894 1022/1032
f 880/900 950/997 980/1033
f 847/872 1003/1034 975/984
f 964/949 1034/1035 951/981
f 918/954 981/1015 954/955
f 952/960 872/893 1016/1036
f 809/707 1049/1037 955/957
f 945/998 1011/1038 851/837
f 893/908 1001/1039 966/989
f 895/965 987/1024 1005/1040
f 895/965 1005/1040 984/1041
f 913/969 1058/1042 1014/1000
f 539/864 874/865 2618/1043
f 539/864 2618/1043 706/1044
f 809/707 1055/1045 1049/1037
f 685/713 949/952 1053/1046
f 988/1047 1218/1048 809/707
f 906/940 1040/1049 941/994
f 797/778 992/1050 900/892
f 977/978 982/991 987/1024
f 925/958 992/1050 797/778
f 955/957 1006/1051 896/921
f 906/940 825/863 1040/1049
f 868/877 904/913 978/1008
f 973/1006 983/972 947/966
f 664/626 891/871 769/682
f 660/636 1035/975 1117/1052
f 806/811 903/929 1137/1053
f 900/892 1071/1054 644/658
f 938/986 1038/1055 958/931
f 968/1014 1022/1032 994/1056
f 827/816 1050/1057 549/512
f 879/882 999/1003 1070/1058
f 491/442 1021/1018 1123/1059
f 668/703 942/886 940/490
f 910/868 860/723 1075/1060
f 809/707 1218/1048 1055/1045
f 880/900 980/1033 1032/1061
f 880/900 1032/1061 793/772
f 801/744 779/777 990/1022
f 801/744 990/1022 898/915
f 883/916 1082/950 911/942
f 915/961 1004/1011 986/1007
f 739/784 1024/976 869/881
f 896/921 1006/1051 1007/985
f 699/581 946/923 844/652
f 922/938 1029/1062 959/988
f 953/922 759/634 862/810
f 958/931 1000/1028 1045/1063
f 958/931 1045/1063 757/798
f 809/707 899/937 986/1007
f 809/707 986/1007 988/1047
f 553/498 1161/1064 924/873
f 839/854 1023/1065 964/949
f 895/965 1031/1066 973/1006
f 895/965 984/1041 1031/1066
f 904/913 793/772 1074/1067
f 978/1008 1001/1039 893/908
f 904/913 1054/1068 978/1008
f 995/1021 1040/1049 825/863
f 983/972 1039/1069 996/979
f 968/1014 994/1056 1037/1070
f 968/1014 1037/1070 981/1015
f 958/931 1038/1055 989/1027
f 962/977 957/933 1010/1071
f 951/981 1029/1062 922/938
f 1010/1071 1020/1072 962/977
f 881/910 923/946 1033/1073
f 934/939 1018/1025 821/801
f 644/658 1071/1054 948/953
f 919/947 1041/1074 985/941
f 1019/918 586/653 1095/1075
f 867/917 1046/1076 905/891
f 879/882 1070/1058 1017/1012
f 949/952 1080/1077 1053/1046
f 810/815 757/798 1045/1063
f 933/907 935/963 1208/1078
f 933/907 1208/1078 1161/1064
f 933/907 1161/1064 553/498
f 982/991 1047/1079 987/1024
f 872/893 1007/985 1016/1036
f 959/988 1029/1062 1059/1080
f 994/1056 1022/1032 1027/1081
f 981/1015 1037/1070 954/955
f 685/713 1053/1046 934/939
f 954/955 1091/1031 914/928
f 965/983 1012/1030 972/993
f 769/682 891/871 943/936
f 889/914 1073/1082 912/970
f 727/742 1042/1013 830/858
f 1018/1025 1068/1083 969/974
f 957/933 993/996 1010/1071
f 469/408 1122/1084 447/399
f 913/969 1064/1085 1058/1042
f 851/837 1011/1038 1042/1013
f 881/910 1033/1073 1128/1086
f 881/910 1128/1086 1024/976
f 921/962 1111/1087 1012/1030
f 830/858 1110/1088 974/971
f 865/866 1063/1089 892/894
f 1025/1090 1036/1091 1000/1028
f 1020/1072 1010/1071 1044/1092
f 962/977 1020/1072 1067/1093
f 984/1041 1057/1094 1031/1066
f 847/872 1015/1020 1003/1034
f 921/962 930/935 1111/1087
f 867/917 1008/1009 1046/1076
f 964/949 1112/1095 1034/1035
f 1010/1071 993/996 1083/1096
f 975/984 1003/1034 878/899
f 793/772 1032/1061 1074/1067
f 990/1022 1102/1097 898/915
f 865/866 1002/1023 1063/1089
f 1025/1090 1000/1028 989/1027
f 1023/1065 1112/1095 964/949
f 913/969 962/977 1064/1085
f 1001/1039 1062/1098 966/989
f 910/868 1075/1060 1021/1018
f 994/1056 1027/1081 1037/1070
f 938/986 928/932 1097/1099
f 908/897 956/990 827/816
f 976/992 972/993 1081/1100
f 902/944 905/891 1046/1076
f 911/942 1080/1077 949/952
f 839/854 878/899 1023/1065
f 1027/1081 1022/1032 1056/1101
f 985/941 1041/1074 1028/1016
f 982/991 959/988 1047/1079
f 1043/1102 889/914 1061/1026
f 956/990 846/859 1019/918
f 810/815 1045/1063 1048/1103
f 973/1006 1031/1066 983/972
f 955/957 1049/1037 1006/1051
f 962/977 1067/1093 1064/1085
f 469/408 961/924 1122/1084
f 950/997 941/994 980/1033
f 586/653 931/906 1095/1075
f 920/925 1078/1104 1061/1026
f 1060/1017 1092/1105 979/1002
f 1036/1091 1093/1106 1090/1107
f 945/998 873/879 1116/1108
f 902/944 1046/1076 1052/959
f 920/925 1026/987 1078/1104
f 969/974 1072/1109 833/843
f 952/960 1016/1036 1079/1110
f 1036/1091 1045/1063 1000/1028
f 959/988 1059/1080 1096/1111
f 1025/1090 1093/1106 1036/1091
f 974/971 1110/1088 1077/435
f 954/955 1037/1070 1091/1031
f 833/843 1072/1109 1009/951
f 952/960 1079/1110 960/967
f 1063/1089 1022/1032 892/894
f 916/895 1152/1112 1082/950
f 941/994 1040/1049 1086/1113
f 951/981 1034/1035 1029/1062
f 878/899 1003/1034 1023/1065
f 959/988 1096/1111 1047/1079
f 1001/1039 978/1008 1054/1068
f 1001/1039 1054/1068 1135/1114
f 1025/1090 989/1027 1085/1115
f 983/972 1031/1066 1076/1116
f 491/442 1123/1059 1026/987
f 836/806 1089/1117 907/885
f 912/970 1066/1118 971/1010
f 1015/1020 1087/1119 1003/1034
f 886/861 966/989 1062/1098
f 1011/1038 945/998 1084/1120
f 904/913 1074/1067 1054/1068
f 597/345 842/199 1069/1029
f 1008/1009 1094/1121 1046/1076
f 762/739 1017/1012 1133/1122
f 1009/951 1100/1123 873/879
f 1012/1030 1111/1087 972/993
f 1025/1090 1088/1124 1093/1106
f 1072/1109 1118/1125 1009/951
f 146/116 1836/1126 842/199
f 1009/951 1118/1125 1100/1123
f 1006/1051 1134/1127 1007/985
f 935/963 848/827 1183/1128
f 935/963 1183/1128 1208/1078
f 1073/1082 889/914 1124/1129
f 1016/1036 1007/985 1168/1130
f 762/739 1133/1122 1217/1131
f 848/827 804/718 1183/1128
f 976/992 1107/1132 944/956
f 928/932 1125/1133 1097/1099
f 995/1021 898/915 1102/1097
f 996/979 1159/1134 1004/1011
f 980/1033 1108/1135 1032/1061
f 976/992 1223/1136 1107/1132
f 945/998 1105/1137 1084/1120
f 986/1007 1004/1011 988/1047
f 891/871 997/948 1799/1138
f 984/1041 1113/1139 1101/1140
f 1008/1009 1014/1000 1094/1121
f 956/990 1019/918 1119/1141
f 930/935 1028/1016 1111/1087
f 999/1003 1133/1122 1070/1058
f 1056/1101 1022/1032 1103/1142
f 1069/1029 1183/1128 804/718
f 987/1024 1148/1143 1153/1144
f 1085/1115 1088/1124 1025/1090
f 984/1041 1005/1040 1113/1139
f 925/958 900/892 992/1050
f 1017/1012 1070/1058 1133/1122
f 941/994 1086/1113 980/1033
f 827/816 956/990 1121/1145
f 983/972 1076/1116 1039/1069
f 1010/1071 1083/1096 1044/1092
f 912/970 1073/1082 1141/1146
f 936/884 1143/1147 885/888
f 836/806 884/836 1089/1117
f 832/822 967/982 970/968
f 810/815 1193/1148 991/1001
f 1037/1070 1177/1149 1091/1031
f 850/856 1873/1150 874/865
f 1027/1081 1056/1101 1098/1151
f 942/886 907/885 1157/1152
f 939/973 944/956 1107/1132
f 889/914 1043/1102 1124/1129
f 1027/1081 1098/1151 1037/1070
f 1034/1035 1112/1095 1029/1062
f 1011/1038 1084/1120 1099/1153
f 1021/1018 1132/1154 1123/1059
f 1049/1037 1055/1045 1006/1051
f 989/1027 1038/1055 1154/1155
f 1052/959 1188/1156 916/895
f 1082/950 1120/1157 911/942
f 1074/1067 1032/1061 1146/1158
f 916/895 1188/1156 1152/1112
f 1056/1101 1103/1142 1098/1151
f 660/636 1117/1052 1167/1159
f 1036/1091 1104/1160 1045/1063
f 1052/959 1046/1076 1139/1161
f 919/947 979/1002 1041/1074
f 1066/1118 1114/1162 971/1010
f 1066/1118 1115/1163 1114/1162
f 1005/1040 987/1024 1153/1144
f 1062/1098 1129/1164 886/861
f 886/861 1129/1164 932/834
f 706/356 1171/1165 917/683
f 1099/1153 1109/1166 1011/1038
f 984/1041 1101/1140 1057/1094
f 660/636 1167/1159 997/948
f 972/993 1142/1167 1081/1100
f 1036/1091 1155/1168 1104/1160
f 1028/1016 1041/1074 1170/1169
f 1066/1118 912/970 1141/1146
f 980/1033 1086/1113 1108/1135
f 1018/1025 1178/1170 1068/1083
f 762/739 1186/1171 998/1019
f 762/739 1217/1131 1186/1171
f 923/946 963/898 1150/1172
f 923/946 1150/1172 1033/1073
f 1006/1051 1055/1045 1106/1173
f 936/884 971/1010 1199/1174
f 1044/1092 1083/1096 1163/1175
f 1109/1166 1099/1153 1176/1176
f 844/1177 1194/1178 665/995
f 806/811 1137/1053 862/810
f 873/879 1100/1123 1116/1108
f 885/888 1136/1179 990/1022
f 1036/1091 1090/1107 1155/1168
f 943/936 891/871 1165/1180
f 1059/1080 1029/1062 1127/1181
f 1111/1087 1142/1167 972/993
f 1059/1080 1127/1181 1219/1182
f 1059/1080 1219/1182 1096/1111
f 1040/1049 995/1021 1149/1183
f 956/990 1119/1141 1121/1145
f 1103/1142 1022/1032 1126/1184
f 850/856 1162/1185 1873/1150
f 945/998 1116/1108 1105/1137
f 1046/1076 1094/1121 1147/1186
f 1046/1076 1147/1186 1139/1161
f 907/885 1089/1117 1157/1152
f 976/992 1081/1100 1169/1187
f 1015/1020 998/1019 1138/1188
f 885/888 1143/1147 1136/1179
f 999/1003 1131/1189 1133/1122
f 1045/1063 1104/1160 1048/1103
f 928/932 1221/1190 1125/1133
f 1011/1038 1144/1191 1042/1013
f 936/884 1199/1174 1143/1147
f 987/1024 1047/1079 1151/1192
f 1002/1023 943/936 1063/1089
f 1013/1004 1221/1190 928/932
f 911/942 1187/1193 1080/1077
f 1011/1038 1109/1166 1144/1191
f 1102/1097 1192/1194 995/1021
f 917/683 1232/1195 993/996
f 1062/1098 1001/1039 1129/1164
f 995/1021 1192/1194 1149/1183
f 874/865 1873/1150 1213/1196
f 891/871 1185/1197 1165/1180
f 1109/1166 1211/1198 1144/1191
f 987/1024 1151/1192 1148/1143
f 911/942 1120/1157 1187/1193
f 447/399 1179/1199 884/836
f 830/858 1042/1013 1110/1088
f 1064/1085 1067/1093 1058/1042
f 844/1177 946/1200 1228/1201
f 925/958 1184/1202 900/892
f 1003/1034 1281/1203 1023/1065
f 1032/1061 1108/1135 1146/1158
f 1085/1115 989/1027 1154/1155
f 1041/1074 979/1002 1170/1169
f 976/992 1169/1187 1223/1136
f 996/979 1039/1069 1159/1134
f 1048/1103 1193/1148 810/815
f 1042/1013 1144/1191 1216/1204
f 1023/1065 1258/1205 1112/1095
f 1072/1109 1254/1206 1118/1125
f 1140/919 970/968 1172/1207
f 1014/1000 1058/1042 1067/1093
f 1014/1000 1067/1093 1094/1121
f 1102/1097 990/1022 1136/1179
f 1019/918 1173/1208 1119/1141
f 999/1003 939/973 1206/1209
f 999/1003 1206/1209 1131/1189
f 1115/1163 1174/1210 1114/1162
f 939/973 1107/1132 1206/1209
f 1023/1065 1281/1203 1196/1211
f 1086/1113 1191/1212 1108/1135
f 934/939 1178/1170 1018/1025
f 1109/1166 1176/1176 1164/1213
f 934/939 1053/1046 1178/1170
f 1028/1016 1222/1214 1111/1087
f 1005/1040 1153/1144 1113/1139
f 1053/1046 1080/1077 1178/1170
f 1039/1069 1076/1116 1335/1215
f 1003/1034 1087/1119 1281/1203
f 1100/1123 1284/1216 1116/1108
f 1086/1113 1040/1049 1195/1217
f 925/958 991/1001 1184/1202
f 1153/1144 1148/1143 1182/1218
f 1153/1144 1182/1218 1207/1219
f 860/723 960/967 1230/1220
f 1033/1073 1150/1172 1128/1086
f 1104/1160 1156/1221 1048/1103
f 903/929 1091/1031 1202/1222
f 1047/1079 1096/1111 1151/1192
f 1098/1151 1268/1223 1037/1070
f 1098/1151 1289/1224 1268/1223
f 967/982 665/995 1194/1178
f 549/512 1050/1057 1030/980
f 1115/1163 1066/1118 1181/1225
f 903/929 1202/1222 1137/1053
f 1061/1026 1078/1104 1180/1226
f 1037/1070 1268/1223 1177/1149
f 1016/1036 1168/1130 1273/1227
f 1079/1110 1016/1036 1205/1228
f 963/898 937/945 1280/1229
f 1044/1092 1163/1175 1020/1072
f 1099/1153 1084/1120 1176/1176
f 932/834 1129/1164 1201/1230
f 946/1200 780/1231 1321/1232
f 1126/1184 1175/1233 1166/1234
f 1126/1184 1022/1032 1175/1233
f 891/871 1226/1235 1185/1197
f 1111/1087 1222/1214 1142/1167
f 938/986 1097/1099 1038/1055
f 1081/1100 1142/1167 1169/1187
f 1198/1236 1174/1210 1115/1163
f 1198/1236 1189/1237 1174/1210
f 1083/1096 993/996 1197/1238
f 1055/1045 1204/1239 1106/1173
f 1093/1106 1215/1240 1090/1107
f 1198/1236 1115/1163 1181/1225
f 1198/1236 1181/1225 1220/1241
f 1156/1221 1241/1242 1193/1148
f 1156/1221 1193/1148 1048/1103
f 1098/1151 1103/1142 1277/1243
f 1109/1166 1164/1213 1211/1198
f 1138/1188 998/1019 1255/1244
f 1152/1112 1120/1157 1082/950
f 1160/1245 1158/1246 1248/1247
f 1054/1068 1327/1248 1135/1114
f 1069/1029 842/199 1183/1128
f 1101/1140 1113/1139 1057/1094
f 1158/1246 1160/1245 1203/1249
f 1114/1162 1174/1210 1190/1250
f 1057/1094 1076/1116 1031/1066
f 1057/1094 1113/1139 1076/1116
f 917/683 1171/1165 1212/1251
f 900/892 1184/1202 1071/1054
f 1131/1189 1250/1252 1133/1122
f 971/1010 1114/1162 1199/1174
f 1208/1078 1294/1253 1161/1064
f 1153/1144 1207/1219 1113/1139
f 884/836 1325/1254 1089/1117
f 1126/1184 1166/1234 1103/1142
f 1040/1049 1149/1183 1195/1217
f 1074/1067 1146/1158 1210/1255
f 1028/1016 1252/1256 1222/1214
f 1004/1011 1159/1134 988/1047
f 1138/1188 1247/1257 1015/1020
f 1022/1032 1227/1258 1175/1233
f 1116/1108 1284/1216 1105/1137
f 1077/435 1355/1259 1236/1260
f 969/974 1068/1083 1209/1261
f 969/974 1209/1261 1072/1109
f 1066/1118 1141/1146 1181/1225
f 869/881 1024/976 1353/1262
f 1147/1186 1094/1121 1245/1263
f 1085/1115 1154/1155 1088/1124
f 1052/959 1139/1161 1188/1156
f 1086/1113 1195/1217 1191/1212
f 1100/1123 1118/1125 1249/1264
f 1080/1077 1187/1193 1178/1170
f 932/834 1201/1230 1051/999
f 998/1019 1186/1171 1255/1244
f 917/683 1342/1265 1232/1195
f 1112/1095 1258/1205 1029/1062
f 970/968 967/982 1172/1207
f 1006/1051 1106/1173 1244/1266
f 1098/1151 1277/1243 1289/1224
f 1160/1245 1225/1267 1416/1268
f 1024/976 1128/1086 1353/1262
f 1021/1018 1075/1060 1271/1269
f 1021/1018 1271/1269 1132/1154
f 943/936 1165/1180 1063/1089
f 1202/1222 1091/1031 1259/1270
f 1063/1089 1265/1271 1022/1032
f 1006/1051 1244/1266 1134/1127
f 1110/1088 1286/1272 1077/435
f 1107/1132 1223/1136 1206/1209
f 1180/1226 1243/1273 1061/1026
f 1083/1096 1197/1238 1229/1274
f 1020/1072 1285/1275 1067/1093
f 1199/1174 1114/1162 1272/1276
f 1106/1173 1204/1239 1244/1266
f 1151/1192 1237/1277 1148/1143
f 1156/1221 1104/1160 1240/1278
f 1039/1069 1251/1279 1159/1134
f 1015/1020 1247/1257 1087/1119
f 1218/1048 1234/1280 1055/1045
f 1068/1083 1214/1281 1209/1261
f 960/967 1079/1110 1205/1228
f 960/967 1205/1228 1230/1220
f 1028/1016 1170/1169 1252/1256
f 862/810 1130/1282 953/922
f 1096/1111 1219/1182 1322/1283
f 1147/1186 1233/1284 1139/1161
f 1159/1134 1275/1285 988/1047
f 1104/1160 1155/1168 1240/1278
f 1216/1204 1144/1191 1224/1286
f 1151/1192 1238/1287 1237/1277
f 1074/1067 1210/1255 1295/1288
f 1074/1067 1295/1288 1314/1289
f 1142/1167 1328/1290 1169/1187
f 1211/1198 1224/1286 1144/1191
f 1151/1192 1096/1111 1238/1287
f 1160/1245 1248/1247 1225/1267
f 1020/1072 1163/1175 1285/1275
f 1142/1167 1222/1214 1328/1290
f 1071/1054 1292/1291 948/953
f 1016/1036 1421/1292 1205/1228
f 1100/1123 1249/1264 1284/1216
f 1157/1152 1089/1117 1325/1254
f 1019/918 1095/1075 1300/1293
f 1072/1109 1279/1294 1254/1206
f 1118/1125 1254/1206 1249/1264
f 997/948 1167/1159 1364/1295
f 1188/1156 1139/1161 1288/1296
f 1071/1054 1266/1297 1292/1291
f 1198/1236 1257/1298 1189/1237
f 1093/1106 1088/1124 1283/1299
f 1123/1059 1132/1154 1246/1300
f 1123/1059 1246/1300 1310/1301
f 1156/1221 1253/1302 1241/1242
f 1055/1045 1234/1280 1204/1239
f 1231/1303 1235/1304 1242/1305
f 827/816 1121/1145 1050/1057
f 1231/1303 1239/1306 1235/1304
f 1083/1096 1229/1274 1163/1175
f 1190/1250 1174/1210 1270/1307
f 1093/1106 1283/1299 1215/1240
f 1091/1031 1177/1149 1259/1270
f 1148/1143 1237/1277 1182/1218
f 1158/1246 1282/1308 1269/1309
f 1158/1246 1290/1310 1248/1247
f 1007/985 1134/1127 1168/1130
f 1042/1013 1216/1204 1110/1088
f 1001/1039 1135/1114 1129/1164
f 1096/1111 1322/1283 1318/1311
f 1180/1226 1260/1312 1243/1273
f 1158/1246 1269/1309 1290/1310
f 1247/1257 1281/1203 1087/1119
f 1169/1187 1276/1313 1223/1136
f 1096/1111 1340/1314 1238/1287
f 1067/1093 1285/1275 1094/1121
f 1180/1226 1078/1104 1296/1315
f 1175/1233 1227/1258 1166/1234
f 1227/1258 1022/1032 1262/1316
f 1203/1249 1160/1245 1278/1317
f 1016/1036 1273/1227 1421/1292
f 1197/1238 993/996 1232/1195
f 1190/1250 1272/1276 1114/1162
f 1133/1122 1250/1252 1217/1131
f 1223/1136 1276/1313 1293/1318
f 1252/1256 1365/1319 1222/1214
f 1174/1210 1306/1320 1270/1307
f 1139/1161 1267/1321 1288/1296
f 1137/1053 1202/1222 1326/1322
f 1060/1017 1274/1323 1505/1324
f 1060/1017 1505/1324 1092/1105
f 1160/1245 1416/1268 1278/1317
f 1054/1068 1074/1067 1314/1289
f 1158/1246 1203/1249 1354/1325
f 1158/1246 1354/1325 1282/1308
f 988/1047 1275/1285 1218/1048
f 1022/1032 1265/1271 1262/1316
f 1193/1148 1241/1242 1256/1326
f 1218/1048 1333/1327 1234/1280
f 706/356 1302/1328 1171/1165
f 1210/1255 1146/1158 1332/1329
f 1141/1146 1329/1330 1181/1225
f 1120/1157 1308/1331 1187/1193
f 940/490 1469/1332 1145/1333
f 940/490 942/886 1157/1152
f 940/490 1157/1152 1469/1332
f 1176/1176 1304/1334 1164/1213
f 1108/1135 1191/1212 1146/1158
f 1078/1104 1026/987 1633/1335
f 1078/1104 1633/1335 1296/1315
f 1171/1165 1263/1336 1212/1251
f 1193/1148 1412/1337 991/1001
f 1210/1255 1312/1338 1295/1288
f 869/881 1299/1339 1013/1004
f 1105/1137 1284/1216 1430/1340
f 963/898 1280/1229 1150/1172
f 1242/1305 1235/1304 1311/1341
f 862/810 1137/1053 1326/1322
f 1035/975 1405/1342 1117/1052
f 1189/1237 1306/1320 1174/1210
f 1103/1142 1514/1343 1277/1243
f 1140/919 1162/1185 850/856
f 1094/1121 1285/1275 1245/1263
f 1182/1218 1237/1277 1207/1219
f 860/723 1230/1220 1075/1060
f 1241/1242 1253/1302 1256/1326
f 1189/1237 1337/1344 1306/1320
f 1131/1189 1206/1209 1297/1345
f 1799/1138 1897/1346 891/871
f 1233/1284 1366/1347 1139/1161
f 1156/1221 1320/1348 1253/1302
f 1156/1221 1240/1278 1320/1348
f 1212/1251 1338/1349 917/683
f 1134/1127 1372/1350 1168/1130
f 1265/1271 1303/1351 1262/1316
f 1202/1222 1259/1270 1410/1352
f 1264/1353 1261/1354 1374/1355
f 1203/1249 1319/1356 1354/1325
f 1171/1165 1302/1328 1263/1336
f 1268/1223 1398/1357 1177/1149
f 1189/1237 1257/1298 1337/1344
f 1200/1358 1251/1279 1039/1069
f 1096/1111 1318/1311 1340/1314
f 1210/1255 1332/1329 1312/1338
f 1077/435 1286/1272 1355/1259
f 1218/1048 1275/1285 1333/1327
f 1131/1189 1345/1359 1250/1252
f 1139/1161 1366/1347 1267/1321
f 1201/1230 1129/1164 1356/1360
f 1154/1361 1038/1362 1417/1363
f 991/1001 1508/1364 1184/1202
f 1261/1354 1287/1365 1344/1366
f 1261/1354 1305/1367 1374/1355
f 1264/1353 1323/1368 1301/1369
f 1076/1116 1113/1139 1335/1215
f 1023/1065 1196/1211 1258/1205
f 1260/1312 1331/1370 1243/1273
f 1264/1353 1291/1371 1261/1354
f 1188/1156 1308/1331 1152/1112
f 937/945 1542/1372 1280/1229
f 1176/1176 1358/1373 1972/1374
f 1176/1176 1972/1374 1304/1334
f 1301/1369 1291/1371 1264/1353
f 1193/1148 1426/1375 1412/1337
f 1224/1286 1211/1198 1216/1204
f 1120/1157 1152/1112 1308/1331
f 1159/1134 1251/1279 1275/1285
f 1110/1088 1216/1204 1211/1198
f 1110/1088 1211/1198 1286/1272
f 1234/1280 1333/1327 1204/1239
f 874/865 1213/1196 2618/1043
f 1119/1141 1173/1208 1121/1145
f 1261/1354 1309/1376 1287/1365
f 1261/1354 1291/1371 1309/1376
f 869/881 1353/1262 1299/1339
f 1088/1124 1334/1377 1283/1299
f 1201/1230 1035/975 1051/999
f 1201/1230 1392/1378 1035/975
f 1206/1209 1223/1136 1407/1379
f 1211/1198 1164/1213 1387/1380
f 1131/1189 1297/1345 1345/1359
f 1097/1381 1125/1382 1420/1383
f 1166/1234 1227/1258 1514/1343
f 1166/1234 1514/1343 1103/1142
f 1190/1250 1330/1384 1272/1276
f 1307/1385 1348/1386 1316/1387
f 1307/1385 1349/1388 1348/1386
f 1261/1354 1344/1366 1305/1367
f 1214/1281 1389/1389 1209/1261
f 1163/1175 1229/1274 1609/1390
f 1178/1170 1432/1391 1068/1083
f 1279/1294 1072/1109 1435/1392
f 1307/1385 1316/1387 1350/1393
f 1235/1304 1298/1394 1311/1341
f 1187/1193 1432/1391 1178/1170
f 1315/1395 1324/1396 1339/1397
f 1315/1395 1339/1397 1341/1398
f 1317/1399 1336/1400 1341/1398
f 1317/1399 1135/1114 1336/1400
f 1177/1149 1398/1357 1259/1270
f 1301/1369 1323/1368 1313/1401
f 1235/1304 1239/1306 1343/1402
f 1190/1250 1270/1307 1330/1384
f 1185/1197 1226/1235 1400/1403
f 948/953 1274/1323 1060/1017
f 948/953 1292/1291 1274/1323
f 1146/1158 1191/1212 1362/1404
f 1289/1224 1398/1357 1268/1223
f 1201/1230 1356/1360 1392/1378
f 1301/1369 1369/1405 1291/1371
f 844/1177 1228/1201 1194/1178
f 1244/1266 1452/1406 1134/1127
f 1310/1301 1246/1300 1346/1407
f 1184/1202 1377/1408 1071/1054
f 1283/1299 1414/1409 1379/1410
f 1342/1265 917/683 1448/1411
f 1260/1312 1383/1412 1331/1370
f 1283/1299 1379/1410 1391/1413
f 917/683 1338/1349 1448/1411
f 1298/1394 1235/1304 1370/1414
f 1204/1239 1333/1327 1394/1415
f 979/1002 1396/1416 1170/1169
f 1198/1236 1220/1241 1404/1417
f 1198/1236 1404/1417 1257/1298
f 1054/1068 1314/1289 1327/1248
f 1138/1188 1659/1418 1247/1257
f 1208/1078 1183/1128 1294/1253
f 991/1001 1412/1337 1508/1364
f 1309/1376 1291/1371 1369/1405
f 1212/1251 1376/1419 1338/1349
f 1071/1054 1377/1408 1266/1297
f 1301/1369 1434/1420 1369/1405
f 1195/1217 1149/1183 1362/1404
f 1231/1303 1397/1421 1239/1306
f 1313/1401 1347/1422 1360/1423
f 1298/1394 1378/1424 1311/1341
f 1214/1281 1068/1083 1389/1389
f 1326/1322 1202/1222 1410/1352
f 1308/1331 1380/1425 1187/1193
f 1077/435 1236/1260 1831/905
f 1301/1369 1360/1423 1434/1420
f 1195/1217 1362/1404 1191/1212
f 1248/1247 1290/1310 1482/1426
f 1339/1397 1324/1396 1357/1427
f 1168/1130 1438/1428 1273/1227
f 1180/1226 1296/1315 1260/1312
f 1252/1256 1373/1429 1365/1319
f 1341/1398 1336/1400 1315/1395
f 1269/1309 1477/1430 1290/1310
f 1301/1369 1313/1401 1360/1423
f 1336/1400 1135/1114 1327/1248
f 1307/1385 1350/1393 1370/1414
f 1250/1252 1345/1359 1217/1131
f 1313/1401 1368/1431 1347/1422
f 1233/1284 1147/1186 1510/1432
f 1029/1062 1258/1205 1466/1433
f 1029/1062 1466/1433 1127/1181
f 1332/1329 1146/1158 1362/1404
f 1332/1329 1362/1404 1499/1434
f 1245/1263 1285/1275 1494/1435
f 1143/1147 1199/1174 1579/1436
f 1084/1120 1105/1137 1716/1437
f 1092/1105 1450/1438 979/1002
f 1140/919 1172/1207 1551/1439
f 1253/1302 1415/1440 1256/1326
f 937/945 953/922 1683/1441
f 1183/1128 1468/1442 1294/1253
f 1168/1130 1372/1350 1438/1428
f 1307/1385 1384/1443 1349/1388
f 1061/1026 1243/1273 1478/1444
f 1061/1026 1478/1444 1043/1102
f 1164/1213 1304/1334 1425/1445
f 931/906 1831/905 1576/1446
f 1307/1385 1343/1402 1384/1443
f 1264/1353 1395/1447 1323/1368
f 1223/1136 1293/1318 1407/1379
f 1324/1396 1381/1448 1357/1427
f 1026/987 1535/1449 1633/1335
f 1264/1353 1374/1355 1395/1447
f 1313/1401 1323/1368 1368/1431
f 1220/1241 1181/1225 1329/1330
f 1117/1052 1386/1450 1167/1159
f 1254/1206 1279/1294 1382/1451
f 1254/1206 1382/1451 1249/1264
f 1113/1139 1207/1219 1335/1215
f 1354/1325 1339/1397 1390/1452
f 1343/1402 1370/1414 1235/1304
f 1281/1203 1659/1418 1196/1211
f 1217/1131 1572/1453 1186/1171
f 1221/1454 1487/1455 1125/1382
f 1237/1277 1516/1456 1207/1219
f 1212/1251 1263/1336 1352/1457
f 1359/1458 1361/1459 1385/1460
f 1259/1270 1481/1461 1410/1352
f 1129/1164 1135/1114 1356/1360
f 1135/1114 1317/1399 1356/1360
f 1401/1462 1287/1365 1309/1376
f 1232/1195 1523/1463 1197/1238
f 1320/1348 1375/1464 1253/1302
f 1072/1109 1209/1261 1363/1465
f 1072/1109 1363/1465 1435/1392
f 1212/1251 1352/1457 1376/1419
f 1248/1247 1482/1426 1546/1466
f 1354/1325 1319/1356 1339/1397
f 1265/1271 1063/1089 1367/1467
f 1039/1069 1479/1468 1200/1358
f 1141/1146 1073/1082 1329/1330
f 1225/1267 1248/1247 1467/1469
f 1092/1105 1436/1470 1450/1438
f 1356/1360 1317/1399 1506/1471
f 1339/1397 1357/1427 1381/1448
f 1339/1397 1381/1448 1390/1452
f 1090/1107 1215/1240 1155/1168
f 1283/1299 1391/1413 1215/1240
f 1138/1188 1255/1244 1501/1472
f 924/1473 1550/1474 780/1231
f 1243/1273 1331/1370 1478/1444
f 1239/1306 1565/1475 1384/1443
f 1239/1306 1384/1443 1343/1402
f 1167/1159 1386/1450 1393/1476
f 979/1002 1450/1438 1396/1416
f 1392/1378 1356/1360 1556/1477
f 1374/1355 1441/1478 1395/1447
f 1019/918 1300/1293 1173/1208
f 1323/1368 1395/1447 1442/1479
f 1360/1480 1347/1481 1388/1482
f 1231/1303 1242/1305 1444/1483
f 1284/1216 1249/1264 1430/1340
f 1324/1396 1315/1395 1475/1484
f 1330/1384 1422/1485 1272/1276
f 1374/1355 1305/1367 1409/1486
f 1279/1294 1413/1487 1382/1451
f 1359/1458 1402/1488 1361/1459
f 1332/1329 1499/1434 1399/1489
f 1434/1420 1360/1423 1500/1490
f 1341/1398 1339/1397 1462/1491
f 1187/1193 1411/1492 1432/1391
f 1256/1326 1415/1440 1193/1148
f 1227/1258 1262/1316 1725/1493
f 1073/1082 1124/1129 1470/1494
f 1193/1148 1415/1440 1537/1495
f 862/810 1326/1322 1130/1282
f 1389/1389 1068/1083 1411/1492
f 1206/1209 1460/1496 1297/1345
f 1134/1127 1452/1406 1480/1497
f 1203/1249 1278/1317 1319/1356
f 1307/1385 1370/1414 1343/1402
f 1265/1271 1367/1467 1303/1351
f 1359/1458 1423/1498 1459/1499
f 1279/1294 1435/1392 1456/1500
f 1309/1376 1369/1405 1434/1420
f 1281/1203 1247/1257 1659/1418
f 1336/1400 1431/1501 1315/1395
f 1315/1395 1431/1501 1475/1484
f 1348/1386 1349/1388 1433/1502
f 1283/1299 1334/1377 1414/1409
f 1170/1169 1583/1503 1252/1256
f 1253/1302 1375/1464 1437/1504
f 1186/1171 1458/1505 1255/1244
f 1188/1156 1288/1296 1691/1506
f 1316/1387 1507/1507 1350/1393
f 1132/1154 1271/1269 1246/1300
f 1390/1452 1282/1308 1354/1325
f 1238/1287 1340/1314 1237/1277
f 937/945 1371/1508 1542/1372
f 1324/1396 1429/1509 1381/1448
f 1359/1458 1385/1460 1423/1498
f 1287/1365 1401/1462 1440/1510
f 1287/1365 1440/1510 1427/1511
f 1349/1388 1473/1512 1433/1502
f 1092/1105 1505/1324 1436/1470
f 1199/1174 1272/1276 1422/1485
f 1328/1290 1589/1513 1169/1187
f 1088/1124 1154/1155 1334/1377
f 1297/1345 1447/1514 1345/1359
f 1416/1268 1530/1515 1278/1317
f 1204/1239 1394/1415 1513/1516
f 1204/1239 1513/1516 1244/1266
f 1257/1298 1404/1417 1337/1344
f 1341/1398 1462/1491 1317/1399
f 1308/1331 1188/1156 1465/1517
f 1342/1265 1449/1518 1439/1519
f 1222/1214 1365/1319 1328/1290
f 1193/1148 1537/1495 1426/1375
f 1165/1180 1424/1520 1063/1089
f 1233/1284 1510/1432 1366/1347
f 1263/1336 1463/1521 1351/1522
f 1164/1213 1425/1445 1387/1380
f 891/871 1897/1346 1226/1235
f 1286/1272 1211/1198 1387/1380
f 1342/1265 1439/1519 1232/1195
f 1026/987 1123/1059 1535/1449
f 1390/1452 1403/1523 1282/1308
f 1205/1228 1421/1292 1518/1524
f 1117/1052 1405/1342 1386/1450
f 1323/1368 1451/1525 1368/1431
f 1063/1089 1424/1520 1406/1526
f 1230/1220 1205/1228 1446/1527
f 1350/1393 1457/1528 1370/1414
f 1367/1467 1063/1089 1419/1529
f 1287/1365 1427/1511 1344/1366
f 1314/1289 1295/1288 1525/1530
f 1342/1265 1448/1411 1449/1518
f 953/922 1130/1282 1635/1531
f 1068/1083 1432/1391 1411/1492
f 1259/1270 1398/1357 1481/1461
f 1374/1355 1526/1532 1441/1478
f 1063/1089 1406/1526 1419/1529
f 1263/1336 1302/1328 1463/1521
f 1197/1238 1523/1463 1229/1274
f 1253/1302 1437/1504 1517/1533
f 1253/1302 1517/1533 1415/1440
f 1323/1368 1503/1534 1445/1535
f 1209/1261 1389/1389 1363/1465
f 953/922 1635/1531 1683/1441
f 1323/1368 1445/1535 1451/1525
f 1183/1536 842/199 1863/1537
f 1043/1102 1478/1444 1124/1129
f 1187/1193 1380/1425 1411/1492
f 1346/1407 1492/1538 1310/1301
f 1298/1394 1370/1414 1457/1528
f 1298/1394 1457/1528 1541/1539
f 1227/1258 1725/1493 1514/1343
f 1389/1389 1411/1492 1553/1540
f 1245/1263 1498/1541 1147/1186
f 1305/1367 1344/1366 1464/1542
f 937/945 1683/1441 1371/1508
f 1039/1069 1335/1215 1479/1468
f 1374/1355 1527/1543 1526/1532
f 1240/1278 1155/1168 1620/1544
f 1348/1386 1433/1502 1509/1545
f 1374/1355 1409/1486 1527/1543
f 1305/1367 1464/1542 1409/1486
f 1310/1301 1535/1449 1123/1059
f 1192/1194 1102/1097 1562/1546
f 1350/1393 1507/1507 1594/1547
f 1338/1349 1461/1548 1448/1411
f 1367/1467 1419/1529 1453/1549
f 1309/1376 1454/1550 1401/1462
f 1385/1460 1361/1459 1599/1551
f 1038/1362 1097/1381 1616/1552
f 1185/1197 1400/1403 1493/1553
f 1184/1202 1484/1554 1377/1408
f 1279/1294 1456/1500 1413/1487
f 1165/1180 1495/1555 1424/1520
f 1336/1400 1327/1248 1555/1556
f 1336/1400 1555/1556 1431/1501
f 1225/1267 1497/1557 1416/1268
f 1127/1181 1466/1433 1219/1182
f 1282/1308 1403/1523 1575/1558
f 1269/1309 1539/1559 1477/1430
f 1348/1386 1509/1545 1507/1507
f 1339/1397 1319/1356 1462/1491
f 1383/1412 1260/1312 1598/1560
f 1263/1336 1351/1522 1352/1457
f 1309/1376 1500/1490 1549/1561
f 1309/1376 1549/1561 1454/1550
f 1324/1396 1475/1484 1429/1509
f 1165/1180 1185/1197 1488/1562
f 1439/1519 1448/1411 1443/1563
f 1165/1180 1488/1562 1495/1555
f 1408/1564 1418/1565 1568/1566
f 1408/1564 1568/1566 1471/1567
f 1282/1308 1575/1558 1269/1309
f 1252/1256 1648/1568 1373/1429
f 1244/1266 1502/1569 1452/1406
f 1134/1127 1480/1497 1372/1350
f 1359/1458 1522/1570 1402/1488
f 1443/1563 1448/1411 1461/1548
f 1398/1357 1289/1224 1496/1571
f 1323/1368 1442/1479 1503/1534
f 1149/1183 1192/1194 1653/1572
f 1167/1159 1393/1476 1364/1295
f 1143/1147 1579/1436 1136/1179
f 1260/1312 1296/1315 1598/1560
f 1309/1376 1434/1420 1500/1490
f 1447/1514 1217/1131 1345/1359
f 1408/1564 1471/1567 1455/1573
f 1317/1399 1462/1491 1506/1471
f 1251/1279 1200/1358 1600/1574
f 1368/1431 1529/1575 1347/1422
f 1185/1197 1493/1553 1488/1562
f 1215/1240 1391/1413 1490/1576
f 1170/1169 1396/1416 1583/1503
f 1225/1267 1467/1469 1497/1557
f 1038/1362 1616/1552 1417/1363
f 1136/1179 1579/1436 1102/1097
f 1316/1387 1348/1386 1507/1507
f 1319/1356 1506/1471 1462/1491
f 1408/1564 1476/1577 1418/1565
f 1392/1378 1556/1477 1532/1578
f 1244/1266 1513/1516 1502/1569
f 1249/1264 1587/1579 1430/1340
f 1138/1188 1501/1472 1552/1580
f 1205/1228 1518/1524 1446/1527
f 1390/1452 1381/1448 1428/1581
f 1149/1183 1640/1582 1362/1404
f 1188/1156 1691/1506 1465/1517
f 1161/1064 1294/1253 1468/1442
f 1276/1313 1407/1379 1293/1318
f 931/906 1576/1446 1095/1075
f 1350/1393 1594/1547 1457/1528
f 1403/1523 1390/1452 1491/1583
f 1340/1314 1318/1311 1516/1456
f 1297/1345 1460/1496 1447/1514
f 1311/1341 1378/1424 1242/1305
f 1398/1357 1496/1571 1481/1461
f 1278/1317 1506/1471 1319/1356
f 1277/1243 1496/1571 1289/1224
f 1472/1584 1239/1306 1771/1585
f 1408/1564 1455/1573 1476/1577
f 1231/1303 1531/1586 1397/1421
f 1377/1408 1606/1587 1266/1297
f 997/948 1765/1588 1799/1138
f 1337/1344 1404/1417 1632/1589
f 1392/1378 1416/1268 1497/1557
f 1360/1423 1524/1590 1500/1490
f 1176/1176 1592/1591 1358/1373
f 997/948 1364/1295 1765/1588
f 1013/1004 1299/1339 1221/1190
f 1368/1431 1595/1592 1529/1575
f 1328/1290 1365/1319 1589/1513
f 1393/1476 1511/1593 1364/1295
f 1368/1431 1451/1525 1595/1592
f 1231/1303 1444/1483 1531/1586
f 1505/1324 1819/1594 1436/1470
f 1409/1486 1521/1595 1527/1543
f 1248/1247 1546/1466 1467/1469
f 1388/1482 1347/1481 1474/1596
f 961/924 2335/1597 1122/1084
f 1392/1378 1532/1578 1536/1598
f 1322/1283 1780/1599 1318/1311
f 1439/1519 1449/1518 1448/1411
f 1347/1481 1529/1600 1548/1601
f 1035/975 1582/1602 1405/1342
f 1337/1344 1632/1589 1306/1320
f 1439/1519 1443/1563 1232/1195
f 1334/1603 1154/1361 1560/1604
f 1485/1605 1483/1606 1489/1607
f 1273/1227 1569/1608 1421/1292
f 1485/1605 1455/1573 1483/1606
f 1242/1305 1378/1424 1617/1609
f 1393/1476 1386/1450 1486/1610
f 1330/1384 1547/1611 1422/1485
f 1392/1378 1536/1598 1416/1268
f 1330/1384 1270/1307 1547/1611
f 1360/1423 1625/1612 1524/1590
f 1267/1321 1646/1613 1288/1296
f 1382/1451 1413/1487 1586/1614
f 1285/1275 1163/1175 1609/1390
f 1464/1542 1520/1615 1409/1486
f 1292/1291 1578/1616 1274/1323
f 1476/1577 1534/1617 1418/1565
f 1359/1458 1459/1499 1522/1570
f 1494/1435 1574/1618 1245/1263
f 1383/1412 1504/1619 1331/1370
f 1215/1240 1490/1576 1612/1620
f 1429/1509 1428/1581 1381/1448
f 1361/1459 1402/1488 1540/1621
f 1346/1407 1533/1622 1492/1538
f 1149/1183 1653/1572 1640/1582
f 1455/1573 1471/1567 1483/1606
f 1347/1481 1548/1601 1474/1596
f 1499/1434 1362/1404 1588/1623
f 1303/1351 1367/1467 1637/1624
f 1161/1625 1550/1474 924/1473
f 1340/1314 1516/1456 1237/1277
f 1379/1410 1441/1478 1391/1413
f 1383/1412 1598/1560 1504/1619
f 1249/1264 1382/1451 1587/1579
f 1176/1176 1084/1120 1716/1437
f 1454/1550 1549/1561 1571/1626
f 1333/1327 1622/1627 1394/1415
f 1333/1327 1275/1285 1622/1627
f 706/1044 1693/1628 1302/1629
f 706/1044 1980/1630 1693/1628
f 1192/1194 1562/1546 1653/1572
f 1065/1005 1030/980 1707/1631
f 1245/1263 1574/1618 1498/1541
f 1351/1522 1657/1632 1352/1457
f 1304/1334 1581/1633 1425/1445
f 1386/1450 1405/1342 1582/1602
f 1485/1605 1561/1634 1558/1635
f 1485/1605 1489/1607 1561/1634
f 1073/1082 1470/1494 1329/1330
f 1169/1187 1589/1513 1276/1313
f 1526/1532 1527/1543 1391/1413
f 1485/1605 1558/1635 1455/1573
f 1401/1462 1544/1636 1440/1510
f 1276/1313 1605/1637 1407/1379
f 1418/1565 1528/1638 1568/1566
f 1418/1565 1543/1639 1528/1638
f 1401/1462 1454/1550 1544/1636
f 1327/1248 1314/1289 1555/1556
f 1389/1389 1650/1640 1363/1465
f 1512/1641 1515/1642 1577/1643
f 1421/1292 1569/1608 1518/1524
f 1239/1306 1472/1584 1565/1475
f 1125/1382 1487/1455 1420/1383
f 1379/1410 1414/1409 1441/1478
f 1240/1278 1620/1544 1673/1644
f 1240/1278 1661/1645 1320/1348
f 1240/1278 1673/1644 1661/1645
f 1410/1352 1481/1461 1729/1646
f 1173/1208 1669/1647 1121/1145
f 1229/1274 1523/1463 1609/1390
f 1286/1272 1387/1380 1355/1259
f 1269/1309 1575/1558 1730/1648
f 1128/1086 1751/1649 1353/1262
f 1251/1279 1600/1574 1622/1627
f 1427/1511 1643/1650 1652/1651
f 1402/1488 1604/1652 1540/1621
f 1298/1394 1541/1539 1704/1653
f 1360/1423 1792/1654 1625/1612
f 1128/1086 1150/1172 1751/1649
f 1415/1440 1517/1533 1537/1495
f 1453/1549 1637/1624 1367/1467
f 1376/1419 1352/1457 1607/1655
f 1207/1219 1516/1456 1859/1656
f 1392/1378 1497/1557 1584/1657
f 1464/1542 1554/1658 1520/1615
f 1102/1097 1579/1436 1562/1546
f 1427/1511 1656/1659 1643/1650
f 1390/1452 1428/1581 1491/1583
f 1416/1268 1536/1598 1530/1515
f 1512/1641 1566/1660 1515/1642
f 1344/1366 1427/1511 1652/1651
f 1344/1366 1652/1651 1737/1661
f 1246/1300 1271/1269 1346/1407
f 1409/1486 1591/1662 1521/1595
f 1409/1486 1520/1615 1591/1662
f 1572/1453 1217/1131 1742/1663
f 1427/1511 1740/1664 1731/1665
f 1444/1483 1634/1666 1531/1586
f 1278/1317 1532/1578 1556/1477
f 1519/1667 1397/1421 1531/1586
f 1435/1392 1363/1465 1660/1668
f 1433/1502 1473/1512 1668/1669
f 1392/1378 1584/1657 1035/975
f 1278/1317 1530/1515 1532/1578
f 1426/1375 1537/1495 1869/1670
f 1258/1205 1196/1211 1466/1433
f 1489/1607 1567/1671 1561/1634
f 1443/1563 1461/1548 1624/1672
f 447/399 1122/1084 1880/1673
f 447/399 1880/1673 1179/1199
f 1312/1338 1332/1329 1679/1674
f 1461/1548 1694/1675 1624/1672
f 1441/1478 1414/1409 1395/1447
f 1471/1567 1568/1566 1664/1676
f 1418/1565 1534/1617 1563/1677
f 1147/1186 1498/1541 1510/1432
f 1540/1621 1557/1678 1570/1679
f 1455/1573 1558/1635 1623/1680
f 1221/1454 1709/1681 1824/1682
f 1221/1454 1824/1682 1487/1455
f 1278/1317 1556/1477 1506/1471
f 1150/1172 1280/1229 1875/1683
f 1544/1636 1454/1550 1564/1684
f 1515/1642 1538/1685 1577/1643
f 1356/1360 1506/1471 1556/1477
f 1349/1388 1384/1443 1867/1686
f 1461/1548 1338/1349 1662/1687
f 1549/1561 1615/1688 1571/1626
f 1515/1642 1580/1689 1597/1690
f 1515/1642 1573/1691 1580/1689
f 1441/1478 1526/1532 1391/1413
f 1035/975 1584/1657 1582/1602
f 1220/1241 1695/1692 1404/1417
f 1489/1607 1596/1693 1567/1671
f 1298/1394 1704/1653 1378/1424
f 1285/1275 1846/1694 1494/1435
f 1483/1606 1471/1567 1697/1695
f 1389/1389 1750/1696 1650/1640
f 1558/1635 1561/1634 1654/1697
f 961/924 1065/1005 2335/1597
f 1483/1606 1698/1698 1489/1607
f 1423/1498 1385/1460 1638/1699
f 1454/1550 1571/1626 1667/1700
f 1362/1404 1640/1582 1588/1623
f 1397/1421 1771/1585 1239/1306
f 1262/1316 1303/1351 1725/1493
f 1338/1349 1376/1419 1627/1701
f 1528/1638 1543/1639 1559/1702
f 1252/1256 1583/1503 1648/1568
f 1360/1480 1388/1482 1705/1703
f 1360/1480 1705/1703 1792/1704
f 1288/1296 1646/1613 1691/1506
f 1418/1565 1563/1677 1543/1639
f 1504/1619 1590/1705 1331/1370
f 1545/1706 1597/1690 1785/1707
f 1273/1227 1438/1428 1569/1608
f 1403/1523 1649/1708 1575/1558
f 1534/1617 1608/1709 1563/1677
f 1532/1578 1530/1515 1536/1598
f 1196/1211 1659/1418 1997/1710
f 1520/1615 1613/1711 1681/1712
f 1527/1543 1521/1595 1490/1576
f 1446/1527 1518/1524 1732/1713
f 1520/1615 1554/1658 1613/1711
f 1573/1691 1515/1642 1566/1660
f 1267/1321 1366/1347 1655/1714
f 1476/1577 1455/1573 1623/1680
f 1528/1638 1685/1715 1568/1566
f 1495/1555 1488/1562 1424/1520
f 1414/1716 1334/1603 1651/1717
f 1375/1464 1320/1348 1631/1718
f 1489/1607 1630/1719 1596/1693
f 1476/1720 1623/1721 1666/1722
f 1138/1188 1552/1580 1659/1418
f 1519/1667 1614/1723 1397/1421
f 1564/1684 1454/1550 1667/1700
f 1393/1476 1486/1610 1746/1724
f 1393/1476 1746/1724 1511/1593
f 1433/1502 1680/1725 1509/1545
f 1519/1667 1621/1726 1614/1723
f 1406/1526 1766/1727 1419/1529
f 1207/1219 1859/1656 1335/1215
f 1242/1305 1617/1609 1444/1483
f 1215/1240 1689/1728 1155/1168
f 1215/1240 1612/1620 1689/1728
f 1440/1510 1740/1664 1427/1511
f 1414/1409 1503/1534 1395/1447
f 1338/1349 1627/1701 1808/1729
f 1338/1349 1808/1729 1662/1687
f 1266/1297 1606/1587 1292/1291
f 1318/1311 1711/1730 1516/1456
f 1427/1511 1731/1665 1656/1659
f 1554/1658 1464/1542 1675/1731
f 1545/1706 1785/1707 1639/1732
f 1577/1643 1538/1685 1641/1733
f 1515/1642 1597/1690 1545/1706
f 1157/1152 1325/1254 1748/1734
f 1412/1337 1426/1375 1508/1364
f 1300/1293 1669/1647 1173/1208
f 1452/1406 1502/1569 1480/1497
f 1251/1279 1622/1627 1275/1285
f 1540/1621 1665/1735 1557/1678
f 1540/1621 1604/1652 1665/1735
f 1519/1667 1672/1736 1621/1726
f 1410/1352 1729/1646 1326/1322
f 1465/1517 1727/1737 1308/1331
f 1306/1320 1632/1589 1270/1307
f 1386/1450 1582/1602 1700/1738
f 1456/1500 1435/1392 1413/1487
f 1554/1658 1601/1739 1645/1740
f 1522/1570 1459/1499 1721/1741
f 1593/1742 1601/1739 1644/1743
f 1593/1742 1644/1743 1611/1744
f 1554/1658 1675/1731 1601/1739
f 1395/1447 1503/1534 1442/1479
f 1186/1171 1728/1745 1458/1505
f 1517/1533 1437/1504 1761/1746
f 1490/1576 1521/1595 1612/1620
f 1220/1241 1329/1330 1695/1692
f 1593/1742 1645/1740 1601/1739
f 1519/1667 1531/1586 1634/1666
f 1515/1642 1545/1706 1472/1584
f 1515/1642 1472/1584 1538/1685
f 1267/1321 1655/1714 1646/1613
f 1520/1615 1602/1747 1591/1662
f 1312/1338 1679/1674 1295/1288
f 1527/1543 1490/1576 1391/1413
f 1417/1363 1770/1748 1154/1361
f 1285/1275 1609/1390 1846/1694
f 1500/1490 1524/1590 1549/1561
f 1155/1168 1689/1728 1620/1544
f 1423/1498 1610/1749 1459/1499
f 1440/1510 1684/1750 1701/1751
f 1440/1510 1544/1636 1690/1752
f 1517/1533 1761/1746 1537/1495
f 1428/1581 1429/1509 1677/1753
f 1361/1459 1663/1754 1599/1551
f 1219/1182 1780/1599 1322/1283
f 1520/1615 1681/1712 1602/1747
f 1095/1075 1860/1755 1300/1293
f 1458/1505 1728/1745 1255/1244
f 1564/1684 1618/1756 1544/1636
f 1162/1185 1140/919 1873/1150
f 1361/1459 1540/1621 1663/1754
f 1428/1581 1677/1753 1491/1583
f 1440/1510 1701/1751 1768/1757
f 1302/1629 1603/1758 1463/1759
f 1414/1409 1445/1535 1503/1534
f 1364/1295 1511/1593 1682/1760
f 1534/1761 1476/1720 1647/1762
f 1406/1526 1424/1520 1766/1727
f 967/982 1194/1178 1877/1763
f 1545/1706 1565/1475 1472/1584
f 1831/905 2136/1764 1576/1446
f 1154/1361 1909/1765 1560/1604
f 1344/1366 1853/1766 1464/1542
f 1414/1716 1651/1717 1529/1600
f 1601/1739 1675/1731 1644/1743
f 1269/1309 1730/1648 1749/1767
f 1540/1621 1570/1679 1663/1754
f 1255/1244 2179/1768 1501/1472
f 1255/1244 1728/1745 2179/1768
f 1276/1313 1712/1769 1605/1637
f 1559/1702 1636/1770 1528/1638
f 1217/1131 1447/1514 1742/1663
f 1423/1498 1626/1771 1610/1749
f 1512/1641 1577/1643 1619/1772
f 1344/1366 1756/1773 1856/1774
f 1483/1606 1697/1695 1741/1775
f 1483/1606 1687/1776 1698/1698
f 1440/1510 1854/1777 1904/1778
f 1403/1523 1491/1583 1649/1708
f 1538/1685 1472/1584 1688/1779
f 1535/1449 1310/1301 1738/1780
f 1387/1380 1425/1445 1355/1259
f 1310/1301 1492/1538 1738/1780
f 1489/1607 1698/1698 1630/1719
f 1397/1421 1614/1723 1755/1781
f 1232/1195 1443/1563 1772/1782
f 1446/1527 1708/1783 1230/1220
f 1619/1772 1566/1660 1512/1641
f 1519/1667 1634/1666 1813/1784
f 1519/1667 1813/1784 1672/1736
f 1335/1215 1812/1785 1782/1786
f 1565/1475 1893/1787 1384/1443
f 1552/1580 1787/1788 1659/1418
f 1365/1319 1373/1429 1589/1513
f 1573/1691 1762/1789 1580/1689
f 1464/1542 1835/1790 1773/1791
f 1461/1548 1662/1687 1694/1675
f 1280/1229 1542/1372 1713/1792
f 1596/1693 1630/1719 1726/1793
f 1522/1570 1721/1741 1807/1794
f 1522/1570 1807/1794 1802/1795
f 1457/1528 1594/1547 1541/1539
f 1349/1388 1867/1686 1473/1512
f 1525/1530 1884/1796 1314/1289
f 1483/1606 1741/1775 1687/1776
f 1628/1797 1629/1798 1736/1799
f 1471/1567 1664/1676 1697/1695
f 1628/1797 1644/1743 1675/1731
f 1176/1176 1716/1437 1592/1591
f 1528/1638 1636/1770 1685/1715
f 1630/1719 1720/1800 1726/1793
f 1276/1313 1589/1513 1712/1769
f 1472/1584 1771/1585 1688/1779
f 1332/1329 1801/1801 1679/1674
f 1375/1464 1710/1802 1437/1504
f 1459/1499 1610/1749 1759/1803
f 1464/1542 1773/1791 1753/1804
f 1385/1460 1718/1805 1638/1699
f 1464/1542 1753/1804 1675/1731
f 1497/1557 1968/1806 1584/1657
f 1644/1743 1628/1797 1736/1799
f 1623/1680 1769/1807 1804/1808
f 1554/1658 1645/1740 1715/1809
f 1270/1307 1757/1810 1547/1611
f 1475/1484 1431/1501 2108/1811
f 1475/1484 2108/1811 2159/1812
f 1105/1137 1430/1340 1716/1437
f 1614/1723 1621/1726 1810/1813
f 1544/1636 1618/1756 1818/1814
f 1544/1636 1818/1814 1745/1815
f 1332/1329 1399/1489 1801/1801
f 1464/1542 1853/1766 1835/1790
f 1557/1678 1760/1816 1570/1679
f 1647/1762 1706/1817 1534/1761
f 1623/1680 1558/1635 1769/1807
f 1513/1516 1735/1818 1502/1569
f 1628/1797 1671/1819 1629/1798
f 1558/1635 1868/1820 1769/1807
f 1543/1639 1563/1677 1817/1821
f 1097/1381 1420/1383 1917/1822
f 1419/1529 1766/1727 1453/1549
f 1335/1215 1859/1656 1812/1785
f 1290/1310 1477/1430 1482/1426
f 1631/1718 1320/1348 1941/1823
f 1647/1762 1476/1720 1666/1722
f 1440/1510 1768/1757 1740/1664
f 1385/1460 1599/1551 1718/1805
f 1577/1643 1641/1733 1755/1781
f 1558/1635 1654/1697 1788/1824
f 1596/1693 1674/1825 1567/1671
f 1478/1444 1896/1826 1124/1129
f 1304/1334 1972/1374 1581/1633
f 1075/1060 1230/1220 1271/1269
f 1413/1487 1435/1392 1739/1827
f 1559/1702 1734/1828 1636/1770
f 1440/1510 1690/1752 1854/1777
f 1636/1770 1741/1775 1685/1715
f 1496/1571 1743/1829 1481/1461
f 1145/1333 1815/1830 940/490
f 1402/1488 1678/1831 1604/1652
f 1573/1691 1566/1660 1762/1789
f 1667/1700 1798/1832 1564/1684
f 1344/1366 1737/1661 1756/1773
f 1521/1595 1591/1662 1612/1620
f 1397/1421 1641/1733 1771/1585
f 1373/1429 1648/1568 1589/1513
f 1669/1647 1300/1293 1752/1833
f 1274/1323 1578/1616 1505/1324
f 1411/1492 1380/1425 1553/1540
f 1386/1450 1700/1738 1486/1610
f 1629/1798 1671/1819 1676/1834
f 1608/1709 1723/1835 1563/1677
f 1658/1836 1670/1837 1692/1838
f 1325/1254 884/836 2035/1839
f 1325/1254 2035/1839 1748/1734
f 1608/1709 1706/1840 1723/1835
f 1414/1409 1529/1575 1445/1535
f 1670/1837 1658/1836 1636/1770
f 1658/1836 1687/1776 1636/1770
f 1675/1731 1753/1804 1628/1797
f 1534/1617 1706/1840 1608/1709
f 1380/1425 1308/1331 1727/1737
f 1658/1836 1630/1719 1687/1776
f 1658/1836 1720/1800 1630/1719
f 1460/1496 1767/1841 1742/1663
f 1320/1348 1661/1645 1941/1823
f 1400/1403 1226/1235 1903/1842
f 1318/1311 1780/1599 1711/1730
f 1460/1496 1742/1663 1447/1514
f 1539/1559 1269/1309 1749/1767
f 1644/1743 1736/1799 1733/1843
f 1413/1487 1739/1827 1586/1614
f 1554/1658 1699/1844 1613/1711
f 1659/1418 1787/1788 1997/1710
f 1654/1697 1777/1845 1788/1824
f 1509/1545 1680/1725 1763/1846
f 1549/1561 1524/1590 1615/1688
f 1355/1259 1747/1847 1236/1260
f 1446/1527 1732/1713 1703/1848
f 1206/1209 1796/1849 1460/1496
f 1196/1211 1997/1710 1466/1433
f 1463/1521 1844/1850 1351/1522
f 1344/1366 1856/1774 1853/1766
f 1577/1643 1755/1781 1619/1772
f 1538/1685 1688/1779 1641/1733
f 1561/1634 1910/1851 1654/1697
f 1582/1602 1584/1657 1805/1852
f 1676/1834 1724/1853 1629/1798
f 1498/1541 1574/1618 1510/1432
f 1545/1706 1717/1854 1565/1475
f 1674/1825 1596/1693 1726/1793
f 1544/1636 1745/1815 1781/1855
f 1431/1501 1555/1556 1866/1856
f 1423/1498 1638/1699 1626/1771
f 1686/1857 1524/1590 1625/1612
f 1524/1590 1686/1857 1615/1688
f 1375/1464 1631/1718 1710/1802
f 1537/1495 1789/1858 1869/1670
f 1582/1602 1805/1852 1700/1738
f 1557/1678 1665/1735 1696/1859
f 1508/1364 1426/1375 1811/1860
f 1184/1202 1508/1364 1484/1554
f 1647/1762 1702/1861 1706/1817
f 1150/1172 2075/1862 1751/1649
f 1488/1562 1766/1727 1424/1520
f 1488/1562 1493/1553 1903/1842
f 1433/1502 1668/1669 1680/1725
f 1686/1857 1667/1700 1571/1626
f 1497/1557 1467/1469 1968/1806
f 1545/1706 1639/1732 1717/1854
f 1686/1857 1571/1626 1615/1688
f 1572/1453 1797/1863 1186/1171
f 1658/1836 1726/1793 1720/1800
f 1575/1558 1881/1864 1730/1648
f 1636/1770 1687/1776 1741/1775
f 1621/1726 1848/1865 1810/1813
f 1676/1834 1671/1819 1726/1793
f 1579/1436 1199/1174 1422/1485
f 1465/1517 1691/1506 1843/1866
f 1440/1510 1904/1778 1684/1750
f 1636/1770 1734/1828 1670/1837
f 1544/1636 1781/1855 1690/1752
f 1154/1361 1770/1748 1909/1765
f 1647/1762 1722/1867 1702/1861
f 1562/1546 1579/1436 1829/1868
f 1478/1444 1331/1370 1590/1705
f 1206/1209 1407/1379 1803/1869
f 1714/1870 1667/1700 1686/1857
f 1614/1723 1864/1871 1755/1781
f 1302/1629 1693/1628 1603/1758
f 1186/1171 1797/1863 1728/1745
f 1334/1603 1560/1604 1651/1717
f 1513/1516 1809/1872 1735/1818
f 1228/1201 946/1200 2196/1873
f 1674/1825 1726/1793 1671/1819
f 1445/1535 1595/1592 1451/1525
f 1484/1554 1992/1874 1377/1408
f 1568/1566 1685/1715 1664/1676
f 1591/1662 1602/1747 1612/1620
f 1380/1425 1764/1875 1553/1540
f 1219/1182 1466/1433 1780/1599
f 1270/1307 1632/1589 1757/1810
f 1597/1690 1580/1689 1785/1707
f 1676/1834 1726/1793 1724/1853
f 1438/1428 1988/1876 1569/1608
f 1443/1563 1624/1672 1772/1782
f 1382/1451 1586/1614 2085/1877
f 1382/1451 2085/1877 1587/1579
f 1686/1857 1625/1612 1792/1654
f 1674/1825 1671/1819 1744/1878
f 1583/1503 1800/1879 1648/1568
f 1719/1880 1758/1881 1772/1782
f 1719/1880 1772/1782 1624/1672
f 1496/1571 1277/1243 1784/1882
f 1496/1571 1784/1882 1743/1829
f 1355/1259 1425/1445 1581/1633
f 1481/1461 1743/1829 1642/1883
f 1564/1884 1798/1885 1892/1886
f 1329/1330 1470/1494 1695/1692
f 1292/1291 1606/1587 1578/1616
f 1474/1596 1955/1887 1388/1482
f 1346/1407 1271/1269 1871/1888
f 1346/1407 1871/1888 1533/1622
f 1618/1756 2039/1889 1818/1814
f 1502/1569 1855/1890 1480/1497
f 1394/1415 1832/1891 1513/1516
f 1594/1547 1507/1507 1837/1892
f 1658/1836 1692/1838 1726/1793
f 1629/1798 1820/1893 1736/1799
f 1232/1195 1772/1782 1523/1463
f 1389/1389 1553/1540 1833/1894
f 1389/1389 1833/1894 1750/1696
f 1561/1634 1926/1895 1910/1851
f 1715/1809 1645/1740 1825/1896
f 1715/1809 1825/1896 1795/1897
f 1561/1634 1567/1671 1816/1898
f 1314/1289 1879/1899 1555/1556
f 1645/1740 1593/1742 1840/1900
f 1561/1634 1816/1898 1887/1901
f 1507/1507 1845/1902 1837/1892
f 1599/1551 1663/1754 1794/1903
f 1563/1677 1723/1835 1817/1821
f 1623/1721 1804/1904 2005/1905
f 1655/1714 1366/1347 1821/1906
f 1486/1610 1806/1907 1746/1724
f 1511/1593 1746/1724 1928/1908
f 1372/1350 1480/1497 1857/1909
f 1558/1635 1788/1824 1868/1820
f 1686/1857 1792/1654 1714/1870
f 1612/1620 1602/1747 1681/1712
f 1474/1596 1548/1601 1858/1910
f 1510/1432 1574/1618 1783/1911
f 1570/1679 1760/1816 1841/1912
f 1567/1671 1674/1825 1790/1913
f 1400/1403 1903/1842 1493/1553
f 1593/1742 1611/1744 1840/1900
f 1724/1853 1820/1893 1629/1798
f 1647/1762 1666/1722 1722/1867
f 1095/1075 2086/1914 1860/1755
f 1510/1432 1821/1906 1366/1347
f 1610/1749 1626/1771 1839/1915
f 1719/1880 1624/1672 1662/1687
f 1445/1535 1529/1575 1595/1592
f 1303/1351 1637/1624 1725/1493
f 1050/1057 1121/1145 2292/1916
f 1611/1744 1644/1743 1850/1917
f 1761/1746 1437/1504 1834/1918
f 1761/1746 1834/1918 1789/1858
f 1402/1488 1522/1570 1802/1795
f 1565/1475 1717/1854 1893/1787
f 1617/1609 1813/1784 1444/1483
f 1574/1618 1494/1435 1783/1911
f 1295/1288 1679/1674 1525/1530
f 1474/1596 1791/1919 1955/1887
f 1628/1797 1753/1804 1938/1920
f 1685/1715 1741/1775 1697/1695
f 1681/1712 1689/1728 1612/1620
f 1646/1613 1843/1866 1691/1506
f 1609/1390 1523/1463 1870/1921
f 1580/1689 1762/1789 1878/1922
f 1380/1425 1727/1737 1764/1875
f 1553/1540 1764/1875 1849/1923
f 1444/1483 1813/1784 1634/1666
f 1554/1658 1715/1809 1699/1844
f 1621/1726 1944/1924 1848/1865
f 1599/1551 1794/1903 1754/1925
f 1491/1583 1851/1926 1649/1708
f 1664/1676 1685/1715 1697/1695
f 1404/1417 1695/1692 1993/1927
f 1384/1443 1893/1787 1867/1686
f 1681/1712 1775/1928 1689/1728
f 1681/1712 1613/1711 1775/1928
f 1698/1698 1687/1776 1630/1719
f 1397/1421 1755/1781 1641/1733
f 1751/1929 2075/1930 2138/1931
f 1509/1545 1842/1932 1507/1507
f 1513/1516 1832/1891 2040/1933
f 1513/1516 2040/1933 1809/1872
f 1771/1585 1641/1733 1688/1779
f 1453/1549 1766/1727 1637/1624
f 1761/1746 1789/1858 1537/1495
f 1714/1870 1798/1832 1667/1700
f 1575/1558 1649/1708 1881/1864
f 1774/1934 1778/1935 1823/1936
f 1726/1793 1692/1838 1724/1853
f 1511/1593 1928/1908 1682/1760
f 1555/1556 1879/1899 1866/1856
f 1194/1178 1228/1201 1877/1763
f 1502/1569 1735/1818 1855/1890
f 1548/1601 1529/1600 1779/1937
f 706/1044 2068/1938 1980/1630
f 1611/1744 1826/1939 1840/1900
f 1775/1928 1613/1711 1699/1844
f 1388/1482 1955/1887 1705/1703
f 1396/1416 1450/1438 1885/1940
f 1599/1551 1754/1925 1718/1805
f 1541/1539 1594/1547 1704/1653
f 1776/1941 1878/1922 1762/1789
f 1499/1434 1588/1623 1890/1942
f 1754/1925 1794/1903 1793/1943
f 1377/1408 1578/1616 1606/1587
f 1172/1207 967/982 1551/1439
f 1145/1333 1469/1332 1815/1830
f 1566/1660 1947/1944 1762/1789
f 1150/1172 1875/1683 2075/1862
f 1722/1867 1666/1722 1923/1945
f 1589/1513 1830/1946 1712/1769
f 1624/1672 1694/1675 1662/1687
f 1355/1259 1581/1633 1747/1847
f 1714/1947 1822/1948 1798/1885
f 1775/1928 1620/1544 1689/1728
f 1589/1513 2048/1949 1830/1946
f 1402/1488 1802/1795 1678/1831
f 1840/1900 1827/1950 1645/1740
f 1314/1289 1884/1796 1879/1899
f 1775/1928 1673/1644 1620/1544
f 1775/1928 1715/1809 1673/1644
f 1477/1430 1539/1559 1987/1951
f 1776/1941 1762/1789 1883/1952
f 1611/1744 1814/1953 1826/1939
f 1803/1869 1407/1379 2080/1954
f 1792/1704 1876/1955 1714/1947
f 1792/1704 1705/1703 1876/1955
f 1296/1315 1633/1335 2017/1956
f 1296/1315 2017/1956 1598/1560
f 1559/1702 1543/1639 1954/1957
f 1479/1468 1600/1574 1200/1358
f 1719/1880 1662/1687 1906/1958
f 1733/1843 1736/1799 2015/1959
f 1642/1883 1743/1829 1936/1960
f 1514/1343 1725/1493 2044/1961
f 1714/1947 2071/1962 1822/1948
f 1714/1947 1876/1955 2071/1962
f 1653/1572 2045/1963 1640/1582
f 1377/1408 1992/1874 1900/1964
f 1377/1408 1900/1964 1578/1616
f 1542/1372 1371/1508 2098/1965
f 1840/1900 1826/1939 1919/1966
f 1564/1884 1786/1967 1618/1968
f 1509/1545 1763/1846 1842/1932
f 1631/1718 1847/1969 1710/1802
f 1776/1941 1883/1952 1872/1970
f 1755/1781 1864/1871 1619/1772
f 1097/1381 1917/1822 1616/1552
f 1435/1392 1916/1971 1739/1827
f 1435/1392 1660/1668 1916/1971
f 1446/1527 1703/1848 1708/1783
f 1774/1934 1823/1936 1898/1972
f 1778/1935 1774/1934 1899/1973
f 1666/1722 1922/1974 1923/1945
f 1553/1540 1849/1923 1833/1894
f 1583/1503 1396/1416 1934/1975
f 1533/1622 1871/1888 1492/1538
f 1723/1835 1969/1976 1918/1977
f 1674/1825 1886/1978 1790/1913
f 1583/1503 1934/1975 1800/1879
f 1621/1726 1672/1736 1949/1979
f 1621/1726 1949/1979 1944/1924
f 1352/1457 1657/1632 1607/1655
f 1459/1499 1874/1980 1721/1741
f 1696/1859 1665/1735 1920/1981
f 1775/1928 1699/1844 1715/1809
f 1785/1707 1717/1854 1639/1732
f 1378/1424 1704/1653 1617/1609
f 1619/1772 1907/1982 1902/1983
f 1363/1465 1650/1640 1889/1984
f 1559/1702 1990/1985 1734/1828
f 1619/1772 1902/1983 1566/1660
f 1816/1898 1567/1671 1950/1986
f 1828/1987 1604/1652 1861/1988
f 1628/1797 1938/1920 1856/1774
f 1744/1878 1882/1989 1674/1825
f 1793/1943 1929/1990 1754/1925
f 1590/1705 1504/1619 1939/1991
f 1465/1517 1958/1992 1727/1737
f 1481/1461 1642/1883 1729/1646
f 1564/1884 1892/1886 1956/1993
f 1610/1749 1839/1915 1759/1803
f 1743/1829 1784/1882 1901/1994
f 1838/1995 1865/1996 1852/1997
f 1758/1881 1719/1880 1906/1958
f 1702/1861 1722/1867 1706/1817
f 1552/1580 1997/1710 1787/1788
f 1774/1934 1788/1824 1777/1845
f 1663/1754 2010/1998 1794/1903
f 1774/1934 1777/1845 1899/1973
f 1504/1619 1598/1560 1939/1991
f 1778/1935 1862/1999 1823/1936
f 1404/1417 1993/1927 1632/1589
f 1130/1282 1326/1322 2088/2000
f 1968/1806 1805/1852 1584/1657
f 1776/1941 2008/2001 1878/1922
f 1626/1771 1888/2002 1839/1915
f 1652/1651 1643/1650 1924/2003
f 1661/1645 1673/1644 1825/1896
f 1744/1878 1894/2004 1882/1989
f 1852/1997 1865/1996 1912/2005
f 1692/1838 1908/2006 1724/1853
f 1653/1572 1981/2007 2045/1963
f 1499/1434 1890/1942 1399/1489
f 1673/1644 1795/1897 1825/1896
f 1430/1340 1587/1579 1716/1437
f 1300/1293 1860/1755 1752/1833
f 1656/1659 1731/1665 1886/1978
f 1653/1572 1562/1546 1981/2007
f 1643/1650 1656/1659 1886/1978
f 1643/1650 1886/1978 1924/2003
f 1230/1220 1708/1783 1271/1269
f 1672/1736 1952/2008 1949/1979
f 1627/1701 1376/1419 1932/2009
f 1764/1875 1727/1737 2131/2010
f 1604/1652 1937/2011 1861/1988
f 1183/1536 1863/1537 1468/2012
f 1671/1819 1628/1797 1856/1774
f 1679/1674 1943/2013 1525/1530
f 1645/1740 1827/1950 1825/1896
f 1644/1743 1733/1843 1850/1917
f 1561/1634 1887/1901 1926/1895
f 1488/1562 1903/1842 1766/1727
f 1840/1900 1919/1966 1940/2014
f 1523/1463 1772/1782 1870/1921
f 1668/1669 2000/2015 1680/1725
f 1353/2016 2152/2017 1299/2018
f 1884/1796 1525/1530 1943/2013
f 1604/1652 1828/1987 1665/1735
f 1463/1759 1603/1758 2105/2019
f 1862/1999 1904/1778 1823/1936
f 1121/1145 1669/1647 2037/2020
f 1570/1679 1905/2021 1663/1754
f 1623/1721 2005/1905 2069/2022
f 1335/1215 1782/1786 1479/1468
f 1477/1430 2087/2023 1482/1426
f 1473/1512 1867/1686 1668/1669
f 1372/1350 1857/1909 2065/2024
f 1865/1996 1838/1995 1921/2025
f 1363/1465 1942/2026 1660/1668
f 780/1231 2112/2027 1321/1232
f 1753/1804 1773/1791 1938/1920
f 1569/1608 1988/1876 1518/1524
f 1547/1611 1946/2028 1422/1485
f 1157/1152 1748/1734 2035/1839
f 1529/1600 1651/1717 1779/1937
f 1813/1784 1617/1609 1672/1736
f 1692/1838 1670/1837 1931/2029
f 1673/1644 1715/1809 1795/1897
f 1823/1936 1904/1778 1895/2030
f 1828/1987 1861/1988 1927/2031
f 1650/1640 1750/1696 1889/1984
f 1507/1507 2009/2032 1845/1902
f 1508/1364 1811/1860 1484/1554
f 1459/1499 1759/1803 1874/1980
f 1437/1504 1710/1802 1998/2033
f 1588/1623 1640/1582 2059/2034
f 1732/1713 2036/2035 1703/1848
f 1729/1646 2088/2000 1326/1322
f 1729/1646 1975/2036 2088/2000
f 1823/1936 1895/2030 1925/2037
f 1161/2038 1468/2012 2043/2039
f 1671/1819 1856/1774 1744/1878
f 1885/1940 1934/1975 1396/1416
f 1666/1722 1623/1721 2139/2040
f 1566/1660 1902/1983 1947/1944
f 1706/1840 1969/1976 1723/1835
f 1543/1639 1817/1821 1954/1957
f 1486/1610 1700/1738 1983/2041
f 1465/1517 1843/1866 2025/2042
f 1372/1350 2065/2024 1438/1428
f 1648/1568 2189/2043 1589/1513
f 1733/1843 1911/2044 1850/1917
f 1763/1846 1680/1725 2034/2045
f 1564/1884 1956/1993 1786/1967
f 1467/1469 2033/2046 1968/1806
f 1973/2047 1560/1604 1909/1765
f 1589/1513 2189/2043 2048/1949
f 1474/1596 1994/2048 1791/1919
f 1474/1596 1858/1910 1994/2048
f 1649/1708 1851/1926 1891/2049
f 1778/1935 1899/1973 1953/2050
f 1862/1999 1778/1935 1953/2050
f 1862/1999 1953/2050 1986/2051
f 1407/1379 2091/2052 2080/1954
f 1437/1504 1998/2033 1834/1918
f 1618/1756 1948/2053 2039/1889
f 1480/1497 1855/1890 1857/1909
f 1674/1825 1924/2003 1886/1978
f 1590/1705 1939/1991 1933/2054
f 1429/1509 2004/2055 1677/1753
f 1611/1744 1850/1917 1814/1953
f 1623/1721 2069/2022 2139/2040
f 1477/1430 2027/2056 2087/2023
f 1835/1790 1938/1920 1773/1791
f 1794/1903 2010/1998 2047/2057
f 1465/1517 2025/2042 1964/2058
f 1507/1507 1842/1932 2009/2032
f 1862/1999 1684/1750 1904/1778
f 1631/1718 1941/1823 2013/2059
f 1604/1652 1678/1831 1937/2011
f 1710/1802 1847/1969 2067/2060
f 1562/1546 1829/1868 2090/2061
f 1744/1878 1856/1774 1894/2004
f 1921/2025 1838/1995 2020/2062
f 1683/1441 2098/1965 1371/1508
f 1774/1934 1898/1972 1963/2063
f 1631/1718 2022/2064 1970/2065
f 1863/1537 842/199 2263/2066
f 1846/1694 1783/1911 1494/1435
f 1736/1799 1820/1893 2015/1959
f 1717/1854 1913/2067 1867/1686
f 1717/1854 1867/1686 1893/1787
f 1631/1718 2013/2059 2022/2064
f 1706/1817 2052/2068 1966/2069
f 1353/2016 1751/1929 2152/2017
f 1631/1718 1970/2065 1847/1969
f 1557/1678 1696/1859 2007/2070
f 1731/1665 1790/1913 1886/1978
f 1426/1375 1869/1670 2092/2071
f 1426/1375 2092/2071 1811/1860
f 1914/2072 1668/1669 1913/2067
f 1682/1760 2006/2073 1364/1295
f 1407/1379 1605/1637 2091/2052
f 1580/1689 2215/2074 1785/1707
f 1431/1501 1866/1856 2108/1811
f 1862/1999 1701/1751 1684/1750
f 1901/1994 1957/2075 1743/1829
f 1826/1939 2022/2064 1919/1966
f 1786/1967 1956/1993 2066/2076
f 1705/1703 2071/1962 1876/1955
f 1692/1838 1931/2029 1908/2006
f 1592/1591 2016/2077 1358/1373
f 1299/2018 2152/2017 1709/1681
f 1652/1651 1924/2003 1882/1989
f 1652/1651 1882/1989 1737/1661
f 1486/1610 1991/2078 1806/1907
f 1814/1953 1850/1917 1999/2079
f 1828/1987 1927/2031 2032/2080
f 1862/1999 1935/2081 1701/1751
f 1862/1999 1986/2051 1935/2081
f 1786/1967 1989/2082 1618/1968
f 1717/1854 1985/2083 1913/2067
f 1716/1437 2016/2077 1592/1591
f 1894/2004 1856/1774 1756/1773
f 1364/1295 2006/2073 1765/1588
f 1919/1966 2022/2064 2013/2059
f 1776/1941 1872/1970 2008/2001
f 1852/1997 1967/2084 1971/2085
f 1914/2072 1978/2086 1668/1669
f 1663/1754 1905/2021 2300/2087
f 1663/1754 2300/2087 2010/1998
f 1756/1773 1737/1661 1894/2004
f 1712/1769 2012/2088 1605/1637
f 1718/1805 2019/2089 1638/1699
f 1822/1948 1892/1886 1798/1885
f 1895/2030 1690/1752 1925/2037
f 1786/1967 1951/2090 1989/2082
f 1581/1633 1972/1374 2082/2091
f 1888/2002 1626/1771 1979/2092
f 1638/1699 2019/2089 1626/1771
f 1754/1925 1929/1990 1945/2093
f 1851/1926 1961/2094 1891/2049
f 1376/1419 1607/1655 1932/2009
f 1900/1964 1984/2095 1578/1616
f 1750/1696 1921/2025 1889/1984
f 1768/1757 1935/2081 1740/1664
f 1883/1952 1762/1789 1947/1944
f 1570/1679 2061/2096 1905/2021
f 1902/1983 2096/2097 1947/1944
f 1740/1664 1790/1913 1731/1665
f 1921/2025 1965/2098 1865/1996
f 1712/1769 1830/1946 2050/2099
f 1772/1782 1974/2100 1870/1921
f 1221/1454 1299/2018 1709/1681
f 1705/1703 1955/1887 2071/1962
f 1609/1390 1870/1921 2055/2101
f 1854/1777 1895/2030 1904/1778
f 1668/1669 1867/1686 1913/2067
f 1740/1664 1950/1986 1790/1913
f 1654/1697 1899/1973 1777/1845
f 1747/1847 2145/2102 2051/2103
f 1609/1390 2055/2101 1846/1694
f 946/1200 1321/1232 2196/1873
f 1277/1243 1514/1343 1784/1882
f 1717/1854 1785/1707 1985/2083
f 1935/2081 1768/1757 1701/1751
f 1586/1614 1739/1827 2085/1877
f 1848/1865 2014/2104 1810/1813
f 1559/1702 1954/1957 2111/2105
f 1562/1546 2090/2061 1981/2007
f 1351/1522 1844/1850 1657/1632
f 1486/1610 1983/2041 1991/2078
f 1764/1875 1915/2106 1849/1923
f 1854/1777 1690/1752 1895/2030
f 1802/1795 1930/2107 1678/1831
f 1793/1943 1794/1903 2047/2057
f 1921/2025 1750/1696 1965/2098
f 1491/1583 2153/2108 1851/1926
f 1882/1989 1894/2004 1737/1661
f 1793/1943 2047/2057 1929/1990
f 1682/1760 1928/1908 2006/2073
f 1363/1465 2093/2109 1942/2026
f 1853/1766 1938/1920 1835/1790
f 1759/1803 2147/2110 1874/1980
f 1567/1671 1790/1913 1950/1986
f 1740/1664 1935/2081 1950/1986
f 1619/1772 1864/1871 1907/1982
f 1674/1825 1882/1989 1924/2003
f 1598/1560 2017/1956 1939/1991
f 1852/1997 1912/2005 1967/2084
f 1394/1415 1622/1627 2018/2111
f 1823/1936 1925/2037 1898/1972
f 1724/1853 1908/2006 2101/2112
f 1723/1835 1918/1977 1817/1821
f 1557/1678 2007/2070 1760/1816
f 1747/1847 2051/2103 1236/1260
f 1469/1332 1157/1152 2318/2113
f 1781/1855 1925/2037 1690/1752
f 1826/1939 1976/2114 2022/2064
f 1505/1324 1578/1616 1984/2095
f 1505/1324 1984/2095 1819/1594
f 1865/1996 1965/2098 1912/2005
f 1665/1735 1828/1987 2029/2115
f 1665/1735 2029/2115 1920/1981
f 1833/1894 2097/2116 1750/1696
f 1594/1547 2023/2117 1704/1653
f 1774/1934 1868/1820 1788/1824
f 1774/1934 2002/2118 1868/1820
f 1236/1260 2051/2103 1831/905
f 1121/1145 2037/2020 2292/1916
f 1913/2067 1985/2083 1760/1816
f 1706/1840 1966/2119 1969/1976
f 1914/2072 1960/2120 1978/2086
f 1817/1821 1918/1977 2001/2121
f 1467/1469 1546/1466 2140/2122
f 1814/1953 1999/2079 1996/2123
f 1618/1968 1989/2082 1948/2124
f 1772/1782 1758/1881 1974/2100
f 1742/1663 2171/2125 1572/1453
f 1820/1893 1724/1853 2101/2112
f 1783/1911 1846/1694 2058/2126
f 1363/1465 1889/1984 2093/2109
f 1911/2044 1733/1843 2063/2127
f 2108/1811 2253/2128 2159/1812
f 1837/1892 1845/1902 2166/2129
f 1733/1843 2015/1959 2063/2127
f 1704/1653 2023/2117 1617/1609
f 1774/1934 2039/1889 2002/2118
f 1875/1683 1280/1229 2232/2130
f 1814/1953 1996/2123 2003/2131
f 1654/1697 1910/1851 1899/1973
f 1580/1689 1878/1922 2215/2074
f 1786/1967 2046/2132 1951/2090
f 1774/1934 1963/2063 2039/1889
f 1884/1796 2031/2133 1879/1899
f 1394/1415 2018/2111 1832/1891
f 1467/1469 2140/2122 2033/2046
f 1468/2012 1863/1537 2043/2039
f 1898/1972 1745/1815 1963/2063
f 1666/1722 2139/2040 2124/2134
f 1779/1937 2143/2135 1548/1601
f 1913/2067 1760/1816 2007/2070
f 1632/1589 1993/1927 2064/2136
f 1842/1932 2024/2137 2009/2032
f 1579/1436 1422/1485 2090/2061
f 1978/2086 2011/2138 2000/2015
f 1649/1708 1891/2049 2062/2139
f 1649/1708 2062/2139 1881/1864
f 1783/1911 2058/2126 1510/1432
f 1786/1967 2066/2076 2046/2132
f 1729/1646 1642/1883 2041/2140
f 1856/1774 1938/1920 1853/1766
f 1670/1837 1734/1828 2271/2141
f 1670/1837 2271/2141 1931/2029
f 1911/2044 1999/2079 1850/1917
f 1881/1864 2062/2139 1730/1648
f 1926/1895 1887/1901 1986/2051
f 1706/1817 1722/1867 2052/2068
f 1838/1995 2089/2142 2020/2062
f 1814/1953 2003/2131 1826/1939
f 1693/1628 2042/2143 1603/1758
f 1693/1628 1980/1630 2042/2143
f 1763/1846 2034/2045 1842/1932
f 1780/1599 1466/1433 2121/2144
f 1669/1647 1752/1833 2037/2020
f 1579/1436 2090/2061 1829/1868
f 1913/2067 2007/2070 1914/2072
f 1632/1589 2064/2136 1757/1810
f 1816/1898 1950/1986 1935/2081
f 1492/1538 1871/1888 1738/1780
f 1660/1668 1942/2026 1916/1971
f 1718/1805 1754/1925 2019/2089
f 1978/2086 2000/2015 1668/1669
f 1739/1827 1916/1971 1959/2145
f 1614/1723 1810/1813 1864/1871
f 1945/2093 1929/1990 2047/2057
f 1822/1948 2099/2146 2169/2147
f 1822/1948 2169/2147 1962/2148
f 1789/1858 1998/2033 1869/1670
f 1735/1818 1809/1872 1855/1890
f 1785/1707 2215/2074 1977/2149
f 1547/1611 1757/1810 1946/2028
f 1944/1924 2072/2150 1848/1865
f 1510/1432 2104/2151 1821/1906
f 1754/1925 1979/2092 2019/2089
f 1677/1753 2004/2055 1491/1583
f 1722/1867 2114/2152 2052/2068
f 1661/1645 1825/1896 1827/1950
f 1841/1912 1760/1816 1985/2083
f 1898/1972 1925/2037 1781/1855
f 1847/1969 1970/2065 2056/2153
f 1891/2049 1961/2094 2070/2154
f 1910/1851 1926/1895 1953/2050
f 1651/1717 1560/1604 2079/2155
f 1417/1363 2188/2156 1770/1748
f 1124/1129 1896/1826 1470/1494
f 1945/2093 2073/2157 1888/2002
f 1945/2093 1888/2002 1754/1925
f 1822/1948 1962/2148 2026/2158
f 1822/1948 1956/1993 1892/1886
f 1822/1948 2026/2158 1956/1993
f 1872/1970 1883/1952 2110/2159
f 1710/1802 2067/2060 2083/2160
f 1710/1802 2083/2160 2078/2161
f 1642/1883 1936/1960 2041/2140
f 1995/2162 1902/1983 1907/1982
f 1781/1855 1745/1815 1898/1972
f 1963/2063 1745/1815 1818/1814
f 1713/1792 1542/1372 2127/2163
f 1784/1882 1514/1343 2118/2164
f 1710/1802 2078/2161 1998/2033
f 1827/1950 1840/1900 1661/1645
f 1552/1580 2162/2165 1997/1710
f 1626/1771 2019/2089 1979/2092
f 1747/1847 1581/1633 2177/2166
f 1937/2011 1678/1831 1930/2107
f 1785/1707 1977/2149 1841/1912
f 1785/1707 1841/1912 1985/2083
f 1716/1437 2151/2167 2016/2077
f 1754/1925 1888/2002 1979/2092
f 1869/1670 1998/2033 2146/2168
f 1764/1875 2131/2010 1915/2106
f 1491/1583 2004/2055 2153/2108
f 780/1231 1550/1474 2112/2027
f 1570/1679 1841/1912 2061/2096
f 1941/1823 1661/1645 1840/1900
f 1822/1948 2071/1962 2099/2146
f 1560/1604 1973/2047 2079/2155
f 1680/1725 2000/2015 2094/2169
f 1870/1921 2103/2170 2055/2101
f 1934/1975 2144/2171 1800/1879
f 1957/2075 2057/2172 1743/1829
f 2105/2019 1603/1758 2161/2173
f 1978/2086 2054/2174 2011/2138
f 1945/2093 2053/2175 2073/2157
f 1883/1952 1947/1944 2096/2097
f 1887/1901 1816/1898 1935/2081
f 1906/1958 1662/1687 1808/1729
f 1789/1858 1834/1918 1998/2033
f 1908/2006 2235/2176 2101/2112
f 1399/1489 1890/1942 1801/1801
f 2002/2118 1769/1807 1868/1820
f 1910/1851 1953/2050 1899/1973
f 1901/1994 1784/1882 1957/2075
f 1460/1496 1796/1849 1767/1841
f 1960/2120 1914/2072 2106/2177
f 1890/1942 1588/1623 2059/2034
f 1963/2063 1818/1814 2039/1889
f 842/199 1585/2178 2263/2066
f 1887/1901 1935/2081 1986/2051
f 1926/1895 1986/2051 1953/2050
f 1739/1827 1959/2145 2241/2179
f 1914/2072 2122/2180 2106/2177
f 1729/1646 2041/2140 1975/2036
f 1655/1714 1821/1906 2219/2181
f 1655/1714 2219/2181 1646/1613
f 1982/2182 2134/2183 1923/1945
f 1923/1945 1922/1974 1982/2182
f 1695/1692 1470/1494 2352/2184
f 1590/1705 1933/2054 1478/1444
f 1122/1084 2335/1597 1880/1673
f 1838/1995 2107/2185 2089/2142
f 2015/1959 1820/1893 2170/2186
f 1711/1730 2200/2187 1516/1456
f 1871/1888 1271/1269 2128/2188
f 1594/1547 1837/1892 2023/2117
f 1767/1841 2077/2189 1742/1663
f 1501/1472 2135/2190 1552/1580
f 2044/1961 2154/2191 1514/1343
f 1465/1517 2131/2010 1958/1992
f 1465/1517 1964/2058 2131/2010
f 1943/2013 1801/1801 2028/2192
f 1943/2013 2028/2192 1884/1796
f 1750/1696 2097/2116 1965/2098
f 1828/1987 2032/2080 2168/2193
f 1828/1987 2168/2193 2029/2115
f 1960/2120 2049/2194 2100/2195
f 1960/2120 2100/2195 1978/2086
f 1801/1801 1943/2013 1679/1674
f 2030/2196 2021/2197 2076/2198
f 1358/1373 2016/2077 2178/2199
f 1757/1810 2130/2200 1946/2028
f 1758/1881 1906/1958 2095/2201
f 1633/1335 1535/1449 2017/1956
f 1809/1872 2040/1933 2256/2202
f 1837/1892 2166/2129 2199/2203
f 2002/2118 2039/1889 1948/2053
f 1969/1976 2084/2204 1918/1977
f 1713/1792 2232/2130 1280/1229
f 1847/1969 2056/2153 2060/2205
f 1607/1655 1657/1632 1932/2009
f 1992/1874 1484/1554 1811/1860
f 1873/1150 2618/1043 1213/1196
f 1743/1829 2057/2172 1936/1960
f 1978/2086 2100/2195 2054/2174
f 1922/1974 1666/1722 2254/2206
f 1206/1209 1803/1869 1796/1849
f 2021/2197 2020/2062 2038/2207
f 1672/1736 2165/2208 1952/2008
f 1911/2044 2405/2209 1999/2079
f 2060/2205 2067/2060 1847/1969
f 2021/2197 2038/2207 2190/2210
f 2021/2197 2190/2210 2076/2198
f 1779/1937 2079/2155 2143/2135
f 1921/2025 2020/2062 2123/2211
f 1921/2025 2123/2211 1889/1984
f 1666/1722 2205/2212 2254/2206
f 1969/1976 1966/2119 2160/2213
f 967/982 2299/2214 1551/1439
f 1807/1794 1721/1741 2297/2215
f 1884/1796 2028/2192 2031/2133
f 1797/1863 2534/2216 1728/1745
f 1477/1430 1987/1951 2027/2056
f 2052/2068 2164/2217 1966/2069
f 1463/1759 2105/2019 1844/2218
f 1680/1725 2094/2169 2221/2219
f 1680/1725 2221/2219 2034/2045
f 1826/1939 2148/2220 2208/2221
f 1817/1821 2001/2121 2119/2222
f 1482/1426 2140/2122 1546/1466
f 1482/1426 2087/2023 2140/2122
f 1666/1722 2124/2134 2205/2212
f 1548/1601 2143/2135 1858/1910
f 1559/1702 2111/2105 1990/1985
f 1422/1485 1946/2028 2090/2061
f 1996/2123 1999/2079 2149/2223
f 2054/2174 2236/2224 2011/2138
f 1806/1907 1991/2078 2109/2225
f 1941/1823 1840/1900 1940/2014
f 1923/1945 2114/2152 1722/1867
f 1923/1945 2175/2226 2114/2152
f 1826/1939 2003/2131 2148/2220
f 1878/1922 2008/2001 2227/2227
f 1826/1939 1970/2065 1976/2114
f 1703/1848 2036/2035 1708/1783
f 2070/2154 2246/2228 1891/2049
f 1475/1484 2159/1812 2210/2229
f 1830/1946 2048/1949 2211/2230
f 2012/2088 2117/2231 1605/1637
f 1907/1982 1864/1871 1810/1813
f 2074/2232 1820/1893 2270/2233
f 2013/2059 1941/1823 1919/1966
f 2076/2198 2126/2234 2030/2196
f 1801/1801 1890/1942 2203/2235
f 1940/2014 1919/1966 1941/1823
f 1510/1432 2058/2126 2104/2151
f 1951/2090 2214/2236 1989/2082
f 1779/1937 1651/1717 2079/2155
f 1995/2162 2113/2237 1902/1983
f 2014/2104 2081/2238 1810/1813
f 1914/2072 2007/2070 2122/2180
f 1870/1921 1974/2100 2103/2170
f 2021/2197 2125/2239 2187/2240
f 1784/1882 2118/2164 1957/2075
f 1140/919 2306/2241 1873/1150
f 1889/1984 2123/2211 2187/2240
f 1936/1960 2057/2172 2129/2242
f 1696/1859 2141/2243 2007/2070
f 1852/1997 2116/2244 2142/2245
f 1852/1997 2142/2245 1838/1995
f 2030/2196 2125/2239 2021/2197
f 1912/2005 1965/2098 2137/2246
f 1820/1893 2101/2112 2270/2233
f 884/836 1179/1199 2398/2247
f 2118/2164 1514/1343 2181/2248
f 1271/1269 2283/2249 2128/2188
f 1438/1428 2102/2250 1988/1876
f 1838/1995 2150/2251 2233/2252
f 1838/1995 2233/2252 2107/2185
f 1995/2162 2120/2253 2133/2254
f 884/836 2217/2255 2035/1839
f 1716/1437 1587/1579 2151/2167
f 1800/1879 2189/2043 1648/1568
f 1838/1995 2142/2245 2150/2251
f 2078/2161 2146/2168 1998/2033
f 1700/1738 1805/1852 2238/2256
f 1802/1795 2184/2257 1930/2107
f 1742/1663 2077/2189 2171/2125
f 2002/2118 1804/1808 1769/1807
f 1695/1692 2352/2184 2156/2258
f 2038/2207 2020/2062 2089/2142
f 2021/2197 2123/2211 2020/2062
f 1821/1906 2285/2259 2219/2181
f 1617/1609 2023/2117 2201/2260
f 1780/1599 2121/2144 2286/2261
f 1946/2028 2207/2262 2090/2061
f 1728/1745 2534/2216 2167/2263
f 1956/1993 2026/2158 2066/2076
f 2011/2138 2236/2224 2000/2015
f 1839/1915 2229/2264 1759/1803
f 1617/1609 2165/2208 1672/1736
f 1727/1737 1958/1992 2131/2010
f 1767/1841 1796/1849 2077/2189
f 1911/2044 2063/2127 2405/2209
f 1581/1633 2082/2091 2177/2166
f 1429/1509 1475/1484 2210/2229
f 1995/2162 1907/1982 2120/2253
f 1923/1945 2134/2183 2175/2226
f 1846/1694 2055/2101 2058/2126
f 1891/2049 2246/2228 2185/2265
f 1436/1470 1819/1594 2320/2266
f 1848/1865 2072/2150 2176/2267
f 2028/2192 2163/2268 2031/2133
f 1820/1893 2074/2232 2170/2186
f 2001/2121 2132/2269 2119/2222
f 1130/1282 2261/2270 1635/1531
f 1997/1710 2489/2271 1466/1433
f 1739/1827 2241/2179 2085/1877
f 1757/1810 2064/2136 2130/2200
f 1907/1982 1810/1813 2120/2253
f 1807/1794 2297/2215 1802/1795
f 1960/2120 2106/2177 2049/2194
f 2002/2272 1948/2124 1989/2082
f 1837/1892 2199/2203 2023/2117
f 1916/1971 2125/2239 1959/2145
f 1826/1939 2208/2221 1970/2065
f 2098/1965 1683/1441 2363/2273
f 1712/1769 2050/2099 2180/2274
f 1712/1769 2180/2274 2012/2088
f 1429/1509 2210/2229 2273/2275
f 1429/1509 2273/2275 2004/2055
f 1973/2047 1909/1765 2242/2276
f 2056/2153 1970/2065 2208/2221
f 1869/1670 2146/2168 2224/2277
f 1539/1559 2237/2278 1987/1951
f 2148/2220 2003/2131 2202/2279
f 1587/1579 2085/1877 2151/2167
f 1945/2093 2227/2227 2053/2175
f 1095/1075 1576/1446 2086/1914
f 1871/1888 2128/2188 1738/1780
f 1802/1795 2297/2215 2184/2257
f 1932/2009 2251/2280 1627/1701
f 1934/1975 1885/1940 2195/2281
f 1946/2028 2130/2200 2207/2262
f 1501/1472 2179/1768 2135/2190
f 1226/1235 2115/2282 2452/2283
f 1226/1235 2452/2283 1903/1842
f 1891/2049 2240/2284 2062/2139
f 1721/1741 1874/1980 2198/2285
f 1841/1912 1977/2149 2061/2096
f 2040/1933 1832/1891 2194/2286
f 2081/2238 2174/2287 1810/1813
f 1851/1926 2153/2108 1961/2094
f 2119/2222 2191/2288 1817/1821
f 2021/2197 2187/2240 2123/2211
f 2030/2196 2126/2234 2125/2239
f 1830/1946 2211/2230 2050/2099
f 1605/1637 2117/2231 2091/2052
f 1696/1859 1920/1981 2141/2243
f 1640/1582 2045/1963 2059/2034
f 2067/2060 2060/2205 2206/2289
f 1951/2090 2046/2132 2157/2290
f 1637/1624 2734/2291 1725/1493
f 2132/2269 2212/2292 2119/2222
f 2063/2127 2015/1959 2326/2293
f 2038/2207 2089/2142 2107/2185
f 2034/2045 2234/2294 1842/1932
f 1944/1924 1949/1979 2255/2295
f 1700/1738 2238/2256 1983/2041
f 1918/1977 2084/2204 2158/2296
f 1627/1701 2228/2297 1808/1729
f 2054/2174 2245/2298 2236/2224
f 1848/1865 2176/2267 2014/2104
f 2002/2272 2139/2040 1804/1904
f 2177/2166 2316/2299 1747/1847
f 2136/1764 1831/905 2321/2300
f 1888/2002 2356/2301 1839/1915
f 2042/2143 1980/1630 2173/2302
f 2120/2253 1810/1813 2174/2287
f 1832/1891 2018/2111 2194/2286
f 1889/1984 2187/2240 2093/2109
f 1869/1670 2224/2277 2280/2303
f 2067/2060 2231/2304 2155/2305
f 1902/1983 2113/2237 2096/2097
f 1878/1922 2227/2227 2215/2074
f 1942/2026 2093/2109 1916/1971
f 1872/1970 2259/2306 2008/2001
f 1927/2031 2230/2307 2032/2080
f 1936/1960 2129/2242 2186/2308
f 2071/1962 1955/1887 2099/2146
f 2133/2254 2223/2309 1995/2162
f 1970/2065 2022/2064 1976/2114
f 2002/2272 1989/2082 2139/2040
f 2125/2239 1916/1971 2093/2109
f 2125/2239 2093/2109 2187/2240
f 706/1044 2384/2310 2068/1938
f 1928/1908 2183/2311 2006/2073
f 1801/1801 2203/2235 2028/2192
f 2036/2035 1732/1713 2244/2312
f 1730/1648 2062/2139 1749/1767
f 2131/2010 2226/2313 1915/2106
f 1969/1976 2160/2213 2084/2204
f 1539/1559 1749/1767 2248/2314
f 1478/1444 1933/2054 2218/2315
f 1988/1876 2332/2316 1518/1524
f 2152/2017 1751/1929 2239/2317
f 2155/2305 2224/2277 2067/2060
f 2001/2121 2158/2296 2132/2269
f 1695/1692 2156/2258 1993/1927
f 2083/2160 2067/2060 2224/2277
f 1550/1474 1161/1625 2433/2318
f 1965/2098 2097/2116 2137/2246
f 2001/2121 1918/1977 2158/2296
f 1805/1852 1968/1806 2238/2256
f 1951/2090 2157/2290 2192/2319
f 1542/1372 2098/1965 2127/2163
f 2024/2137 2246/2228 2009/2032
f 1852/1997 1971/2085 2182/2320
f 1852/1997 2182/2320 2116/2244
f 1804/1904 2139/2040 2005/1905
f 1539/1559 2248/2314 2237/2278
f 2090/2061 2207/2262 1981/2007
f 2125/2239 2126/2234 1959/2145
f 1552/1580 2135/2190 2162/2165
f 1934/1975 2195/2281 2144/2171
f 2087/2023 2274/2321 2140/2122
f 2038/2207 2107/2185 2233/2252
f 1734/1828 1990/1985 2271/2141
f 1874/1980 2147/2110 2198/2285
f 1945/2093 2047/2057 2215/2074
f 2081/2238 2014/2104 2176/2267
f 1952/2008 2255/2295 1949/1979
f 1616/1552 2491/2322 1417/1363
f 2033/2046 2238/2256 1968/1806
f 2015/1959 2404/2323 2326/2293
f 1438/1428 2065/2024 2250/2324
f 1438/1428 2250/2324 2102/2250
f 2173/2302 1980/1630 2068/1938
f 2173/2302 2068/1938 2172/2325
f 2010/1998 2300/2087 2047/2057
f 2081/2238 2268/2326 2174/2287
f 1900/1964 2281/2327 1984/2095
f 1859/1656 1516/1456 2282/2328
f 2106/2177 2225/2329 2049/2194
f 1770/1748 2393/2330 1909/1765
f 2026/2158 2046/2132 2066/2076
f 1806/1907 2109/2225 2279/2331
f 1732/1713 2291/2332 2244/2312
f 1945/2093 2215/2074 2227/2227
f 1140/919 1551/1439 2306/2241
f 1981/2007 2204/2333 2045/1963
f 1981/2007 2207/2262 2204/2333
f 1891/2049 2185/2265 2240/2284
f 2092/2071 1869/1670 2280/2303
f 1747/1847 2316/2299 2145/2102
f 2534/2216 2368/2334 2167/2263
f 884/836 2398/2247 2217/2255
f 2029/2115 2168/2193 2260/2335
f 2038/2207 2233/2252 2190/2210
f 1967/2084 1912/2005 2331/2336
f 1646/1613 2219/2181 2265/2337
f 1931/2029 2271/2141 2365/2338
f 1931/2029 2365/2338 2220/2339
f 1226/1235 1897/1346 2115/2282
f 2170/2186 2074/2232 2340/2340
f 1951/2090 2192/2319 2249/2341
f 1951/2090 2249/2341 2214/2236
f 1922/1974 2254/2206 2333/2342
f 2172/2325 2068/1938 2209/2343
f 1603/1758 2042/2143 2161/2173
f 1936/1960 2409/2344 2041/2140
f 1933/2054 1939/1991 2218/2315
f 2054/2174 2100/2195 2278/2345
f 1721/1741 2198/2285 2349/2346
f 1721/1741 2349/2346 2297/2215
f 1962/2148 2169/2147 2371/2347
f 1855/1890 1809/1872 2256/2202
f 2005/1905 2139/2040 2069/2022
f 2139/2040 1989/2082 2214/2236
f 1944/1924 2255/2295 2072/2150
f 1821/1906 2104/2151 2197/2348
f 2188/2156 2393/2330 1770/1748
f 1759/1803 2222/2349 2147/2110
f 1861/1988 1937/2011 2243/2350
f 1861/1988 2243/2350 2312/2351
f 1996/2123 2149/2223 2003/2131
f 1746/1724 2308/2352 1928/1908
f 1839/1915 2356/2301 2229/2264
f 1866/1856 1879/1899 2262/2353
f 1637/1624 1766/1727 2310/2354
f 1766/1727 1903/1842 2193/2355
f 1796/1849 1803/1869 2389/2356
f 2070/2154 1845/1902 2009/2032
f 2031/2133 2163/2268 2267/2357
f 1487/1455 2374/2358 1420/1383
f 1883/1952 2293/2359 2110/2159
f 1999/2079 2405/2209 2329/2360
f 2026/2158 2157/2290 2046/2132
f 1617/1609 2325/2361 2165/2208
f 2106/2177 2122/2180 2141/2243
f 2197/2348 2285/2259 1821/1906
f 1905/2021 2061/2096 1977/2149
f 1030/980 1050/1057 1707/1631
f 2149/2223 1999/2079 2329/2360
f 1861/1988 2312/2351 1927/2031
f 2055/2101 2103/2170 2362/2362
f 2144/2171 2189/2043 1800/1879
f 1518/1524 2322/2363 1732/1713
f 2268/2326 2304/2364 2174/2287
f 2141/2243 1920/1981 2272/2365
f 1920/1981 2029/2115 2260/2335
f 1179/1199 1880/1673 2398/2247
f 2000/2015 2236/2224 2094/2169
f 1930/2107 2184/2257 1937/2011
f 2003/2131 2275/2366 2202/2279
f 1478/1444 2218/2315 1896/1826
f 1992/1874 2406/2367 1900/1964
f 2134/2183 1982/2182 2266/2368
f 2070/2154 2213/2369 1845/1902
f 2007/2070 2141/2243 2122/2180
f 2056/2153 2208/2221 2148/2220
f 2056/2153 2148/2220 2202/2279
f 1817/1821 2191/2288 2307/2370
f 1271/1269 1708/1783 2283/2249
f 1759/1803 2229/2264 2222/2349
f 1971/2085 2257/2371 2182/2320
f 2142/2245 2289/2372 2150/2251
f 2206/2289 2295/2373 2067/2060
f 2056/2153 2202/2279 2060/2205
f 2078/2161 2083/2160 2146/2168
f 1993/1927 2216/2374 2064/2136
f 2063/2127 2294/2375 2405/2209
f 2172/2325 2209/2343 2252/2376
f 2004/2055 2273/2275 2153/2108
f 1906/1958 2391/2377 2095/2201
f 1857/1909 2319/2378 2065/2024
f 2190/2210 2277/2379 2076/2198
f 2109/2225 1991/2078 2323/2380
f 2031/2133 2267/2357 1879/1899
f 1991/2078 1983/2041 2465/2381
f 2126/2234 2315/2382 2302/2383
f 1937/2011 2184/2257 2313/2384
f 2098/1965 2328/2385 2127/2163
f 1928/1908 2308/2352 2183/2311
f 2070/2154 1961/2094 2213/2369
f 1616/1552 1917/1822 2491/2322
f 2132/2269 2158/2296 2287/2386
f 2224/2277 2146/2168 2083/2160
f 1050/1057 2292/1916 1707/1631
f 2070/2154 2009/2032 2246/2228
f 2074/2232 2339/2387 2340/2340
f 1939/1991 2017/1956 2347/2388
f 1931/2029 2220/2339 1908/2006
f 1936/1960 2186/2308 2409/2344
f 1728/1745 2167/2263 2179/1768
f 1866/1856 2262/2353 2108/1811
f 1877/1763 1228/1201 2639/2389
f 1993/1927 2156/2258 2216/2374
f 1765/1588 2006/2073 2264/2390
f 2052/2068 2303/2391 2164/2217
f 2047/2057 2300/2087 2215/2074
f 1959/2145 2126/2234 2288/2392
f 1966/2393 2164/2394 2160/2395
f 1908/2006 2220/2339 2235/2176
f 2158/2296 2084/2204 2287/2386
f 1436/1470 2320/2266 2438/2396
f 1436/1470 2438/2396 1450/1438
f 2024/2137 2370/2397 2246/2228
f 1971/2085 1967/2084 2257/2371
f 2081/2238 2176/2267 2290/2398
f 2081/2238 2290/2398 2268/2326
f 1799/1138 1765/1588 2298/2399
f 2234/2294 2034/2045 2221/2219
f 2067/2060 2295/2373 2231/2304
f 2145/2102 2412/2400 2051/2103
f 2134/2183 2324/2401 2175/2226
f 1845/1902 2213/2369 2166/2129
f 2113/2237 2378/2402 2096/2097
f 2068/1938 2384/2310 2532/2403
f 1967/2084 2331/2336 2458/2404
f 2106/2177 2168/2193 2225/2329
f 2033/2046 2314/2405 2238/2256
f 2076/2198 2277/2379 2301/2406
f 1885/1940 1450/1438 2269/2407
f 2052/2068 2114/2152 2303/2391
f 1791/1919 1994/2048 1955/1887
f 2016/2077 2151/2167 2178/2199
f 1812/1785 2408/2408 1782/1786
f 1905/2021 1977/2149 2300/2087
f 1883/1952 2096/2097 2293/2359
f 2079/2155 1973/2047 2296/2409
f 2023/2117 2309/2410 2201/2260
f 2033/2046 2140/2122 2314/2405
f 2120/2253 2258/2411 2133/2254
f 2190/2210 2233/2252 2247/2412
f 1228/1201 2196/1873 2639/2389
f 1912/2005 2137/2246 2331/2336
f 2106/2177 2141/2243 2168/2193
f 1959/2145 2288/2392 2241/2179
f 1514/1343 2154/2191 2330/2413
f 1842/1932 2234/2294 2024/2137
f 1879/1899 2267/2357 2262/2353
f 1646/1613 2265/2337 1843/1866
f 2120/2253 2174/2287 2304/2364
f 2232/2130 2582/2414 1875/1683
f 1957/2075 2118/2164 2057/2172
f 1765/1588 2264/2390 2298/2399
f 1572/1453 2171/2125 2350/2415
f 1937/2011 2313/2384 2243/2350
f 2015/1959 2170/2186 2336/2416
f 2015/1959 2336/2416 2343/2417
f 1974/2100 2354/2418 2103/2170
f 1711/1730 1780/1599 2434/2419
f 1466/1433 2489/2271 2594/2420
f 1617/1609 2201/2260 2325/2361
f 1927/2031 2346/2421 2469/2422
f 2049/2194 2225/2329 2385/2423
f 2216/2374 2204/2333 2064/2136
f 1982/2182 1922/1974 2266/2368
f 1927/2031 2312/2351 2346/2421
f 1806/1907 2279/2331 2400/2424
f 1806/1907 2400/2424 1746/1724
f 2088/2000 2462/2425 1130/1282
f 2015/1959 2343/2417 2404/2323
f 1469/1332 2430/2426 1815/1830
f 2210/2229 2159/1812 2379/2427
f 2008/2001 2342/2428 2227/2227
f 2073/2157 2356/2301 1888/2002
f 2072/2150 2255/2295 2415/2429
f 1858/1910 2387/2430 1994/2048
f 2103/2170 2354/2418 2362/2362
f 2042/2143 2337/2431 2161/2173
f 2126/2234 2477/2432 2315/2382
f 1780/1599 2286/2261 2434/2419
f 1900/1964 2406/2367 2281/2327
f 2270/2233 2345/2433 2074/2232
f 2240/2284 2185/2265 2388/2434
f 1915/2106 2334/2435 1849/1923
f 2247/2412 2305/2436 2190/2210
f 2042/2143 2173/2302 2337/2431
f 2057/2172 2485/2437 2129/2242
f 2028/2192 2203/2235 2360/2438
f 2028/2192 2360/2438 2163/2268
f 2218/2315 1939/1991 2347/2388
f 2060/2205 2202/2279 2392/2439
f 2054/2174 2278/2345 2245/2298
f 2049/2194 2278/2345 2100/2195
f 2149/2223 2353/2440 2003/2131
f 1964/2058 2226/2313 2131/2010
f 2207/2262 2130/2200 2204/2333
f 2094/2169 2236/2224 2221/2219
f 2137/2246 2097/2116 2414/2441
f 1811/1860 2092/2071 2427/2442
f 1811/1860 2427/2442 2369/2443
f 1977/2149 2215/2074 2300/2087
f 2063/2127 2443/2444 2294/2375
f 1984/2095 2281/2327 1819/1594
f 2225/2329 2168/2193 2032/2080
f 2206/2289 2383/2445 2295/2373
f 967/982 2493/2446 2299/2214
f 2172/2325 2252/2376 2454/2447
f 2213/2369 1961/2094 2153/2108
f 2213/2369 2153/2108 2210/2229
f 2157/2290 2026/2158 2341/2448
f 2139/2040 2214/2236 2124/2134
f 2204/2333 2130/2200 2064/2136
f 1896/1826 2352/2184 1470/1494
f 2132/2269 2287/2386 2212/2292
f 1758/1881 2354/2418 1974/2100
f 1995/2162 2223/2309 2358/2449
f 2104/2151 2276/2450 2197/2348
f 1746/1724 2400/2424 2308/2352
f 2145/2102 2338/2451 2412/2400
f 2060/2205 2392/2439 2366/2452
f 1997/1710 2162/2165 2489/2271
f 2025/2042 1843/1866 2470/2453
f 2145/2102 2316/2299 2338/2451
f 2224/2277 2155/2305 2280/2303
f 2116/2244 2381/2454 2142/2245
f 1920/1981 2260/2335 2272/2365
f 1622/1627 1600/1574 2018/2111
f 1833/1894 2414/2441 2097/2116
f 2099/2146 1955/1887 2169/2147
f 1535/1449 2431/2455 2017/1956
f 1858/1910 2143/2135 2387/2430
f 1885/1940 2269/2407 2195/2281
f 2163/2268 2360/2438 2344/2456
f 1831/905 2051/2103 2440/2457
f 1831/905 2440/2457 2321/2300
f 2204/2333 2216/2374 2045/1963
f 2190/2210 2357/2458 2277/2379
f 1358/1373 2437/2459 1972/1374
f 2151/2167 2085/1877 2372/2460
f 1824/1682 2417/2461 1487/1455
f 2058/2126 2055/2101 2104/2151
f 1817/1821 2351/2462 1954/1957
f 2157/2290 2341/2448 2192/2319
f 1450/1438 2591/2463 2348/2464
f 1995/2162 2358/2449 2113/2237
f 2076/2198 2301/2406 2126/2234
f 2006/2073 2183/2311 2264/2390
f 2166/2129 2361/2465 2199/2203
f 1749/1767 2317/2466 2248/2314
f 2141/2243 2260/2335 2168/2193
f 2303/2391 2305/2436 2164/2217
f 2164/2394 2381/2467 2160/2395
f 2119/2222 2212/2292 2191/2288
f 2172/2325 2454/2447 2173/2302
f 2153/2108 2273/2275 2210/2229
f 2190/2210 2305/2436 2357/2458
f 2180/2274 2050/2099 2390/2468
f 2117/2231 2012/2088 2355/2469
f 2311/2470 1992/1874 1811/1860
f 2152/2017 2239/2317 1709/1681
f 2409/2344 2186/2308 2359/2471
f 2110/2159 2500/2472 1872/1970
f 2221/2219 2236/2224 2234/2294
f 1708/1783 2036/2035 2283/2249
f 2084/2204 2160/2213 2287/2386
f 2111/2105 1954/1957 2351/2462
f 1992/1874 2311/2470 2406/2367
f 2023/2117 2199/2203 2395/2473
f 2062/2139 2317/2466 1749/1767
f 1967/2084 2458/2404 2513/2474
f 2128/2188 2284/2475 1738/1780
f 2032/2080 2230/2307 2225/2329
f 2247/2412 2289/2372 2305/2436
f 2073/2157 2053/2175 2455/2476
f 1855/1890 2256/2202 2484/2477
f 2229/2264 2356/2301 2460/2478
f 2163/2268 2376/2479 2267/2357
f 2163/2268 2344/2456 2376/2479
f 2074/2232 2345/2433 2339/2387
f 2072/2150 2394/2480 2176/2267
f 1479/1468 2367/2481 1600/1574
f 2114/2152 2175/2226 2303/2391
f 1514/1343 2330/2413 2181/2248
f 2247/2412 2233/2252 2150/2251
f 2092/2071 2280/2303 2428/2482
f 1906/1958 1808/1729 2391/2377
f 1657/1632 2251/2280 1932/2009
f 2247/2412 2150/2251 2289/2372
f 2268/2326 2396/2483 2304/2364
f 2087/2023 2027/2056 2274/2321
f 2079/2155 2296/2409 2143/2135
f 1927/2031 2469/2422 2230/2307
f 2213/2369 2210/2229 2379/2427
f 2135/2190 2590/2484 2162/2165
f 1627/1701 2251/2280 2228/2297
f 2018/2111 1600/1574 2397/2485
f 1637/1624 2310/2354 2734/2291
f 1751/1929 2138/1931 2239/2317
f 2126/2234 2301/2406 2477/2432
f 1738/1780 2284/2475 2431/2455
f 1738/1780 2431/2455 1535/1449
f 1479/1468 1782/1786 2408/2408
f 1479/1468 2408/2408 2367/2481
f 1859/1656 2282/2328 2557/2486
f 2164/2217 2305/2436 2381/2454
f 2191/2288 2364/2487 2307/2370
f 2003/2131 2392/2439 2275/2366
f 2060/2205 2377/2488 2206/2289
f 2060/2205 2366/2452 2377/2488
f 2141/2243 2272/2365 2260/2335
f 2311/2470 1811/1860 2558/2489
f 2209/2343 2386/2490 2252/2376
f 2259/2306 2432/2491 2008/2001
f 2264/2390 2382/2492 2298/2399
f 2012/2088 2180/2274 2355/2469
f 1873/1150 2829/2493 2327/2494
f 1857/1909 1855/1890 2319/2378
f 2101/2112 2235/2176 2380/2495
f 1732/1713 2486/2496 2291/2332
f 2264/2390 2183/2311 2382/2492
f 2285/2259 2481/2497 2219/2181
f 2252/2376 2549/2498 2454/2447
f 2116/2244 2182/2320 2381/2454
f 2018/2111 2451/2499 2194/2286
f 1450/1438 2348/2464 2269/2407
f 2307/2370 2351/2462 1817/1821
f 1860/1755 2086/1914 2498/2500
f 1732/1713 2322/2363 2486/2496
f 1890/1942 2059/2034 2410/2501
f 2144/2171 2195/2281 2413/2502
f 1766/1727 2193/2355 2310/2354
f 2144/2171 2413/2502 2189/2043
f 2101/2112 2380/2495 2270/2233
f 1849/1923 2414/2441 1833/1894
f 2289/2372 2142/2245 2305/2436
f 2073/2157 2455/2476 2356/2301
f 1516/1456 2200/2187 2282/2328
f 2117/2231 2355/2469 2425/2503
f 2134/2183 2375/2504 2324/2401
f 2160/2395 2381/2467 2287/2505
f 2041/2140 2420/2506 1975/2036
f 2212/2507 2287/2505 2411/2508
f 2340/2340 2423/2509 2170/2186
f 2092/2071 2428/2482 2383/2445
f 2008/2001 2432/2491 2342/2428
f 1962/2148 2421/2510 2026/2158
f 2092/2071 2383/2445 2427/2442
f 2057/2172 2118/2164 2436/2511
f 1657/1632 1844/1850 2403/2512
f 2179/1768 2167/2263 2751/2513
f 2147/2110 2416/2514 2198/2285
f 1922/1974 2333/2342 2424/2515
f 2062/2139 2240/2284 2317/2466
f 2128/2188 2448/2516 2284/2475
f 2147/2110 2419/2517 2416/2514
f 2175/2226 2305/2436 2303/2391
f 967/982 1877/1763 2493/2446
f 2120/2253 2304/2364 2439/2518
f 2111/2105 2526/2519 1990/1985
f 2121/2144 1466/1433 2594/2420
f 1896/1826 2429/2520 2352/2184
f 2003/2131 2366/2452 2392/2439
f 2206/2289 2427/2442 2383/2445
f 2298/2399 2399/2521 1799/1138
f 2191/2288 2497/2522 2364/2487
f 2231/2304 2280/2303 2155/2305
f 2137/2246 2414/2441 2331/2336
f 1518/1524 2332/2316 2322/2363
f 2306/2241 2829/2493 1873/1150
f 2091/2052 2117/2231 2080/1954
f 1988/1876 2102/2250 2332/2316
f 2003/2131 2373/2523 2366/2452
f 2229/2264 2457/2524 2222/2349
f 2063/2127 2326/2293 2443/2444
f 1358/1373 2178/2199 2437/2459
f 2049/2194 2401/2525 2278/2345
f 2026/2158 2421/2510 2341/2448
f 1860/1755 2446/2526 1752/1833
f 1859/1656 2557/2486 1812/1785
f 2049/2194 2385/2423 2401/2525
f 2170/2186 2423/2509 2336/2416
f 1922/1974 2424/2515 2456/2527
f 1922/1974 2456/2527 2266/2368
f 2151/2167 2372/2460 2178/2199
f 2176/2267 2394/2480 2290/2398
f 2175/2226 2324/2401 2357/2458
f 2268/2326 2290/2398 2396/2483
f 2055/2101 2487/2528 2104/2151
f 2068/1938 2447/2529 2209/2343
f 2275/2366 2392/2439 2202/2279
f 2381/2467 2182/2530 2287/2505
f 2175/2226 2357/2458 2305/2436
f 2183/2311 2308/2352 2382/2492
f 1843/1866 2265/2337 2418/2531
f 1657/1632 2403/2512 2251/2280
f 2179/1768 2422/2532 2135/2190
f 1572/1453 2350/2415 1797/1863
f 2280/2303 2231/2304 2428/2482
f 2225/2329 2426/2533 2385/2423
f 2223/2309 2133/2254 2468/2534
f 2023/2117 2395/2473 2592/2535
f 2023/2117 2592/2535 2309/2410
f 2166/2129 2213/2369 2361/2465
f 2055/2101 2362/2362 2487/2528
f 1796/1849 2171/2125 2077/2189
f 1600/1574 2367/2481 2397/2485
f 2206/2289 2402/2536 2427/2442
f 2201/2260 2309/2410 2325/2361
f 2305/2436 2142/2245 2381/2454
f 2154/2191 2407/2537 2330/2413
f 1952/2008 2165/2208 2589/2538
f 2120/2253 2439/2518 2258/2411
f 1962/2148 2545/2539 2421/2510
f 1962/2148 2371/2347 2545/2539
f 1469/1332 2318/2113 2430/2426
f 2109/2225 2323/2380 2279/2331
f 2236/2224 2245/2298 2234/2294
f 2257/2371 2513/2474 2464/2540
f 2043/2039 2475/2541 1161/2038
f 1909/1765 2570/2542 2242/2276
f 2096/2097 2378/2402 2293/2359
f 1872/1970 2500/2472 2259/2306
f 2281/2327 2406/2367 2483/2543
f 2147/2110 2222/2349 2419/2517
f 1863/1537 2475/2541 2043/2039
f 2003/2131 2353/2440 2373/2523
f 2161/2173 2337/2431 2454/2447
f 2258/2411 2468/2534 2133/2254
f 2108/1811 2262/2353 2492/2544
f 2095/2201 2671/2545 1758/1881
f 1824/1682 1709/1681 2565/2546
f 2140/2122 2274/2321 2314/2405
f 2117/2231 2425/2503 2080/1954
f 2227/2227 2472/2547 2053/2175
f 2017/1956 2431/2455 2347/2388
f 2485/2437 2057/2172 2436/2511
f 2270/2233 2380/2495 2345/2433
f 2085/1877 2241/2179 2372/2460
f 2218/2315 2466/2548 2429/2520
f 2108/1811 2492/2544 2253/2128
f 2129/2242 2485/2437 2186/2308
f 2143/2135 2296/2409 2387/2430
f 2319/2378 2449/2549 2065/2024
f 2380/2495 2235/2176 2442/2550
f 2214/2236 2249/2341 2124/2134
f 2124/2134 2249/2341 2205/2212
f 2277/2379 2357/2458 2324/2401
f 1711/1730 3041/2551 2200/2187
f 1799/1138 2399/2521 1897/1346
f 2181/2248 2330/2413 2453/2552
f 2024/2137 2480/2553 2496/2554
f 2194/2286 2451/2499 2435/2555
f 1890/1942 2410/2501 2203/2235
f 2213/2369 2379/2427 2479/2556
f 1860/1755 2498/2500 2446/2526
f 2192/2319 2341/2448 2510/2557
f 2053/2175 2508/2558 2455/2476
f 2277/2379 2324/2401 2375/2504
f 2040/1933 2194/2286 2556/2559
f 2040/1933 2556/2559 2256/2202
f 2257/2371 1967/2084 2513/2474
f 706/1044 2618/1043 2384/2310
f 1991/2078 2465/2381 2528/2560
f 1843/1866 2418/2531 2470/2453
f 2213/2369 2479/2556 2444/2561
f 2213/2369 2444/2561 2361/2465
f 2370/2397 2185/2265 2246/2228
f 2212/2507 2411/2508 2473/2562
f 2218/2315 2429/2520 1896/1826
f 2416/2514 2349/2346 2198/2285
f 2104/2151 2543/2563 2276/2450
f 2206/2289 2377/2488 2450/2564
f 1994/2048 2515/2565 1955/1887
f 2126/2234 2302/2383 2288/2392
f 2128/2188 2283/2249 2448/2516
f 2206/2289 2450/2564 2402/2536
f 2301/2406 2277/2379 2471/2566
f 2413/2502 2488/2567 2189/2043
f 1897/1346 2588/2568 2115/2282
f 2284/2475 2441/2569 2431/2455
f 2231/2304 2295/2373 2428/2482
f 1758/1881 2671/2545 2354/2418
f 2262/2353 2267/2357 2538/2570
f 2186/2308 2485/2437 2359/2471
f 1752/1833 2446/2526 2703/2571
f 1752/1833 2703/2571 2037/2020
f 2227/2227 2342/2428 2472/2547
f 2367/2481 2525/2572 2397/2485
f 2340/2340 2339/2387 2423/2509
f 2212/2292 2497/2522 2191/2288
f 2358/2449 2564/2573 2113/2237
f 2223/2309 2468/2534 2358/2449
f 2035/1839 2217/2255 1157/1152
f 2195/2281 2269/2407 2553/2574
f 1420/1383 2374/2358 1917/1822
f 2041/2140 2476/2575 2420/2506
f 2248/2314 2317/2466 2240/2284
f 2283/2249 2535/2576 2448/2516
f 2238/2256 2314/2405 2522/2577
f 1849/1923 2334/2435 2495/2578
f 1849/1923 2495/2578 2414/2441
f 2209/2343 2447/2529 2386/2490
f 2024/2137 2496/2554 2370/2397
f 2285/2259 2197/2348 2276/2450
f 2380/2495 2442/2550 2345/2433
f 2254/2206 2205/2212 2249/2341
f 2068/1938 2532/2403 2447/2529
f 2065/2024 2449/2549 2459/2579
f 2281/2327 2483/2543 1819/1594
f 2225/2329 2230/2307 2426/2533
f 2291/2332 2486/2496 2509/2580
f 2345/2433 2442/2550 2339/2387
f 2294/2375 2443/2444 2467/2581
f 2050/2099 2211/2230 2554/2582
f 2290/2398 2445/2583 2463/2584
f 2065/2024 2459/2579 2250/2324
f 2234/2294 2245/2298 2480/2553
f 1450/1438 2438/2396 2591/2463
f 2364/2487 2497/2522 2490/2585
f 2278/2345 2401/2525 2245/2298
f 2226/2313 2482/2586 1915/2106
f 1417/1363 2491/2322 2188/2156
f 2237/2278 2501/2587 1987/1951
f 2181/2248 2453/2552 2512/2588
f 1983/2041 2238/2256 2522/2577
f 1983/2041 2522/2577 2465/2381
f 1873/1150 2327/2494 2618/1043
f 2348/2464 2591/2463 2660/2589
f 2134/2183 2266/2368 2474/2590
f 2177/2166 2577/2591 2316/2299
f 2424/2515 2519/2592 2456/2527
f 2050/2099 2554/2582 2390/2468
f 2334/2435 1915/2106 2482/2586
f 2334/2435 2482/2586 2507/2593
f 2053/2175 2472/2547 2571/2594
f 2135/2190 2422/2532 2590/2484
f 1811/1860 2369/2443 2558/2489
f 2352/2184 2429/2520 2461/2595
f 2189/2043 2674/2596 2048/1949
f 2138/1931 2075/1930 2239/2317
f 2445/2583 2546/2597 2463/2584
f 2307/2370 2364/2487 2490/2585
f 1990/1985 2567/2598 2271/2141
f 2111/2105 2351/2462 2568/2599
f 2111/2105 2568/2599 2478/2600
f 2025/2042 2482/2586 1964/2058
f 2025/2042 2602/2601 2482/2586
f 2111/2105 2478/2600 2526/2519
f 2352/2184 2461/2595 2156/2258
f 2051/2103 2412/2400 2440/2457
f 1975/2036 2420/2506 2088/2000
f 2409/2344 2476/2575 2041/2140
f 2102/2250 2250/2324 2332/2316
f 2456/2527 2519/2592 2600/2602
f 2036/2035 2514/2603 2283/2249
f 2036/2035 2531/2604 2514/2603
f 2331/2336 2414/2441 2495/2578
f 2290/2398 2394/2480 2445/2583
f 2533/2605 2399/2521 2298/2399
f 2382/2492 2308/2352 2400/2424
f 1065/1005 1707/1631 2714/2606
f 1065/1005 2714/2606 2335/1597
f 2484/2477 2256/2202 2556/2559
f 2405/2209 2294/2375 2562/2607
f 2341/2448 2548/2608 2510/2557
f 2457/2524 2503/2609 2222/2349
f 2292/1916 2037/2020 2703/2571
f 2366/2452 2518/2610 2377/2488
f 2366/2452 2373/2523 2518/2610
f 2218/2315 2347/2388 2466/2548
f 2362/2362 2520/2611 2487/2528
f 2287/2505 2506/2612 2411/2508
f 2018/2111 2397/2485 2451/2499
f 2295/2373 2383/2445 2428/2482
f 2243/2350 2313/2384 2631/2613
f 2194/2286 2435/2555 2552/2614
f 2249/2341 2192/2319 2254/2206
f 2339/2387 2442/2550 2423/2509
f 2337/2431 2173/2302 2454/2447
f 2053/2175 2571/2594 2508/2558
f 2439/2518 2304/2364 2396/2483
f 2149/2223 2329/2360 2537/2615
f 2412/2400 2338/2451 2316/2299
f 2252/2376 2386/2490 2549/2498
f 2356/2301 2455/2476 2460/2478
f 2287/2505 2182/2530 2506/2612
f 2444/2561 2479/2556 2611/2616
f 2377/2488 2558/2489 2450/2564
f 2329/2360 2405/2209 2524/2617
f 2360/2438 2505/2618 2344/2456
f 2376/2479 2344/2456 2505/2618
f 2290/2398 2463/2584 2439/2518
f 2290/2398 2439/2518 2396/2483
f 1725/1493 2734/2291 2044/1961
f 2457/2524 2229/2264 2539/2619
f 2212/2292 2473/2620 2497/2522
f 2027/2056 2700/2621 2274/2321
f 2195/2281 2553/2574 2413/2502
f 2426/2533 2544/2622 2385/2423
f 2373/2523 2353/2440 2518/2610
f 1157/1152 2217/2255 2318/2113
f 2342/2428 2432/2491 2571/2594
f 2349/2346 2529/2623 2297/2215
f 1897/1346 2399/2521 2494/2624
f 1903/1842 2452/2283 2193/2355
f 2075/1930 2559/2625 2239/2317
f 2024/2137 2234/2294 2480/2553
f 2274/2321 2522/2577 2314/2405
f 2258/2411 2439/2518 2468/2534
f 2229/2264 2460/2478 2539/2619
f 2254/2206 2424/2515 2333/2342
f 1844/2218 2105/2019 2547/2626
f 1844/2218 2547/2626 2403/2627
f 2254/2206 2192/2319 2424/2515
f 2269/2407 2348/2464 2511/2628
f 2363/2273 2530/2629 2098/1965
f 2350/2415 2171/2125 2523/2630
f 2354/2418 2520/2611 2362/2362
f 2134/2183 2474/2590 2375/2504
f 1551/1439 2299/2214 2306/2241
f 2321/2300 2440/2457 2517/2631
f 1819/1594 2483/2543 2320/2266
f 2162/2165 2590/2484 2489/2271
f 2309/2410 2540/2632 2325/2361
f 2354/2418 2671/2545 2520/2611
f 1964/2058 2482/2586 2226/2313
f 2423/2509 2442/2550 2504/2633
f 2421/2510 2545/2539 2643/2634
f 1796/1849 2523/2630 2171/2125
f 2257/2635 2506/2612 2182/2530
f 2379/2427 2159/1812 2479/2556
f 2263/2066 1585/2178 2785/2636
f 2167/2263 2368/2334 2751/2513
f 1917/1822 2657/2637 2491/2322
f 2461/2595 2429/2520 2499/2638
f 2402/2536 2450/2564 2369/2443
f 2154/2191 2551/2639 2407/2537
f 1808/1729 2228/2297 2391/2377
f 2328/2385 2098/1965 2530/2629
f 2416/2514 2529/2623 2349/2346
f 1955/1887 2515/2565 2550/2640
f 2189/2043 2488/2567 2674/2596
f 2312/2351 2576/2641 2346/2421
f 2312/2351 2243/2350 2581/2642
f 2277/2379 2375/2504 2471/2566
f 2220/2339 2365/2338 2541/2643
f 2267/2357 2376/2479 2538/2570
f 2312/2351 2603/2644 2576/2641
f 2448/2516 2612/2645 2284/2475
f 1909/1765 2601/2646 2570/2542
f 1803/1869 2080/1954 2389/2356
f 2467/2581 2596/2647 2294/2375
f 2316/2299 2502/2648 2517/2631
f 2499/2638 2429/2520 2466/2548
f 2307/2370 2536/2649 2351/2462
f 2239/2317 2704/2650 1709/1681
f 1161/2038 2772/2651 2433/2652
f 2423/2509 2504/2633 2336/2416
f 2316/2299 2517/2631 2440/2457
f 2316/2299 2440/2457 2412/2400
f 2243/2350 2631/2613 2581/2642
f 2279/2331 2323/2380 2633/2653
f 2322/2363 2690/2654 2486/2496
f 2470/2453 2602/2601 2025/2042
f 1487/1455 2417/2461 2374/2358
f 2494/2624 2399/2521 2569/2655
f 2245/2298 2583/2656 2480/2553
f 2372/2460 2241/2179 2606/2657
f 2355/2469 2180/2274 2560/2658
f 2313/2384 2184/2257 2297/2215
f 2441/2569 2284/2475 2615/2659
f 2121/2144 2566/2660 2286/2261
f 2036/2035 2244/2312 2531/2604
f 2441/2569 2615/2659 2655/2661
f 1990/1985 2526/2519 2567/2598
f 1683/1441 1635/1531 2363/2273
f 1987/1951 2838/2662 2613/2663
f 1973/2047 2516/2664 2296/2409
f 2241/2179 2288/2392 2606/2657
f 2343/2417 2336/2416 2404/2323
f 2405/2209 2562/2607 2608/2665
f 2326/2293 2404/2323 2527/2666
f 2455/2476 2627/2667 2460/2478
f 2459/2579 2584/2668 2250/2324
f 1952/2008 2589/2538 2255/2295
f 1987/1951 2613/2663 2027/2056
f 2458/2404 2331/2336 2580/2669
f 2402/2536 2369/2443 2427/2442
f 2169/2147 1955/1887 2545/2539
f 1321/2670 2750/2671 2196/2672
f 2149/2223 2537/2615 2353/2440
f 2298/2399 2382/2492 2609/2673
f 2307/2370 2490/2585 2536/2649
f 2121/2144 2594/2420 2566/2660
f 2503/2609 2521/2674 2222/2349
f 1972/1374 2437/2459 2619/2675
f 1972/1374 2619/2675 2082/2091
f 2044/1961 2551/2639 2154/2191
f 2443/2444 2326/2293 2527/2666
f 2048/1949 2642/2676 2211/2230
f 2237/2278 2248/2314 2595/2677
f 2072/2150 2415/2429 2621/2678
f 2072/2150 2621/2678 2698/2679
f 2072/2150 2698/2679 2394/2480
f 2405/2209 2608/2665 2524/2617
f 2347/2388 2575/2680 2466/2548
f 2471/2566 2375/2504 2630/2681
f 2309/2410 2604/2682 2540/2632
f 2257/2371 2464/2540 2586/2683
f 2297/2215 2529/2623 2555/2684
f 940/490 1815/1830 5524/2685
f 2504/2633 2442/2550 2573/2686
f 2192/2319 2510/2557 2574/2687
f 2192/2319 2574/2687 2424/2515
f 2390/2468 2659/2688 2180/2274
f 2316/2299 2577/2591 2502/2648
f 2425/2503 2355/2469 2598/2689
f 1855/1890 2593/2690 2319/2378
f 2113/2237 2564/2573 2378/2402
f 2387/2430 2638/2691 1994/2048
f 2399/2521 2533/2605 2609/2673
f 2044/1961 2734/2291 2607/2692
f 2328/2385 2530/2629 2127/2163
f 2483/2543 2406/2367 2320/2266
f 1824/1682 2565/2546 2417/2461
f 2298/2399 2609/2673 2533/2605
f 2377/2488 2542/2693 2563/2694
f 2169/2147 2545/2539 2371/2347
f 2353/2440 2587/2695 2518/2610
f 2222/2349 2521/2674 2419/2517
f 2494/2624 2569/2655 2579/2696
f 2203/2235 2578/2697 2360/2438
f 2203/2235 2410/2501 2578/2697
f 2250/2324 2584/2668 2332/2316
f 2336/2416 2572/2698 2404/2323
f 2274/2321 2700/2621 2636/2699
f 2494/2624 2588/2568 1897/1346
f 2494/2624 2579/2696 2588/2568
f 2165/2208 2325/2361 2884/2700
f 2400/2424 2279/2331 2605/2701
f 2367/2481 2623/2702 2525/2572
f 2245/2298 2401/2525 2583/2656
f 2293/2359 2676/2703 2110/2159
f 2194/2286 2552/2614 2556/2559
f 2105/2019 2161/2173 2547/2626
f 1796/1849 2599/2704 2523/2630
f 2075/1930 1875/2705 2559/2625
f 2382/2492 2650/2706 2609/2673
f 2104/2151 2487/2528 2543/2563
f 2468/2534 2656/2707 2358/2449
f 2425/2503 2598/2689 2585/2708
f 2399/2521 2609/2673 2569/2655
f 2581/2642 2603/2644 2312/2351
f 1161/2038 2475/2541 2772/2651
f 2185/2265 2370/2397 2388/2434
f 2594/2420 2489/2271 2590/2484
f 1711/1730 2434/2419 3041/2551
f 2248/2314 2240/2284 2597/2709
f 2534/2216 2701/2710 2368/2334
f 1709/1681 2704/2650 2565/2546
f 2262/2353 2538/2570 2616/2711
f 2385/2423 2677/2712 2401/2525
f 2336/2416 2504/2633 2572/2698
f 1987/1951 2501/2587 2838/2662
f 2302/2383 2315/2382 2692/2713
f 1991/2078 2528/2560 2658/2714
f 1991/2078 2658/2714 2323/2380
f 2271/2141 2567/2598 2365/2338
f 2457/2524 2539/2619 2561/2715
f 2082/2091 2577/2591 2177/2166
f 2467/2581 2443/2444 2596/2647
f 2562/2607 2614/2716 2608/2665
f 2393/2330 2601/2646 1909/1765
f 2262/2353 2616/2711 2492/2544
f 2422/2532 2668/2717 2590/2484
f 2311/2470 2591/2463 2406/2367
f 2466/2548 2610/2718 2499/2638
f 2248/2314 2597/2709 2595/2677
f 2179/1768 2634/2719 2422/2532
f 2330/2413 2407/2537 2453/2552
f 2311/2470 2558/2489 2651/2720
f 2311/2470 2651/2720 2591/2463
f 2232/2130 2749/2721 2582/2414
f 2178/2199 2372/2460 2606/2657
f 2325/2361 2625/2722 2680/2723
f 2355/2469 2560/2658 2598/2689
f 2411/2508 2617/2724 2473/2562
f 2406/2367 2438/2396 2320/2266
f 2561/2715 2503/2609 2457/2524
f 2266/2368 2456/2527 2474/2590
f 2465/2381 2628/2725 2528/2560
f 2391/2377 2715/2726 2095/2201
f 2466/2548 2575/2680 2610/2718
f 1955/1887 2550/2640 2545/2539
f 2350/2415 2523/2630 2599/2704
f 2382/2492 2400/2424 2650/2706
f 2462/2425 2088/2000 2420/2506
f 2527/2666 2404/2323 2572/2698
f 2181/2248 2512/2588 2118/2164
f 2240/2284 2388/2434 2597/2709
f 2377/2488 2518/2610 2587/2695
f 2342/2428 2571/2594 2472/2547
f 2237/2278 2595/2677 2501/2587
f 2517/2631 2629/2727 2321/2300
f 2553/2574 2637/2728 2413/2502
f 2397/2485 2622/2729 2451/2499
f 2411/2508 2624/2730 2617/2724
f 2443/2444 2527/2666 2596/2647
f 2294/2375 2596/2647 2562/2607
f 2439/2518 2463/2584 2647/2731
f 1797/1863 2350/2415 2662/2732
f 2334/2435 2580/2669 2495/2578
f 2367/2481 2408/2408 2623/2702
f 1635/1531 2261/2270 3337/2733
f 2257/2635 2586/2734 2506/2612
f 2476/2575 2632/2735 2420/2506
f 2325/2361 2540/2632 2625/2722
f 2401/2525 2677/2712 2583/2656
f 2458/2404 2678/2736 2513/2474
f 2458/2404 2641/2737 2678/2736
f 2301/2406 2471/2566 2477/2432
f 2353/2440 2537/2615 2645/2738
f 2450/2564 2558/2489 2369/2443
f 2112/2027 1550/1474 2433/2318
f 2279/2331 2633/2653 2667/2739
f 2395/2473 2748/2740 2592/2535
f 2409/2344 2359/2471 2476/2575
f 2291/2332 2679/2741 2244/2312
f 2285/2259 2276/2450 2481/2497
f 2455/2476 2508/2558 2723/2742
f 2274/2321 2636/2699 2522/2577
f 2413/2502 2637/2728 2488/2567
f 2513/2474 2678/2736 2773/2743
f 2228/2297 2715/2726 2391/2377
f 2439/2518 2647/2731 2468/2534
f 2385/2423 2544/2622 2677/2712
f 2464/2540 2513/2474 2586/2683
f 2159/1812 2717/2744 2479/2556
f 2334/2435 2644/2745 2580/2669
f 2406/2367 2591/2463 2438/2396
f 2600/2602 2663/2746 2456/2527
f 2504/2633 2573/2686 2653/2747
f 2269/2407 2511/2628 2553/2574
f 2478/2600 2568/2599 2661/2748
f 2510/2557 2548/2608 2753/2749
f 2358/2449 2656/2707 2564/2573
f 2468/2534 2647/2731 2656/2707
f 2613/2663 2722/2750 2027/2056
f 2331/2336 2495/2578 2580/2669
f 2334/2435 2507/2593 2644/2745
f 2411/2508 2506/2612 2665/2751
f 2325/2361 2680/2723 2884/2700
f 2442/2550 2235/2176 2672/2752
f 2390/2468 2554/2582 2646/2753
f 2180/2274 2659/2688 2673/2754
f 2180/2274 2673/2754 2560/2658
f 2159/1812 2253/2128 2717/2744
f 2493/2446 2689/2755 2299/2214
f 2370/2397 2496/2554 2388/2434
f 2323/2380 2658/2714 2633/2653
f 2377/2488 2563/2694 2651/2720
f 1713/1792 2127/2163 2232/2130
f 2351/2462 2536/2649 2568/2599
f 2502/2648 2577/2591 2648/2756
f 2377/2488 2651/2720 2558/2489
f 2608/2665 2666/2757 2524/2617
f 1812/1785 2557/2486 2408/2408
f 2347/2388 2431/2455 2575/2680
f 2526/2519 2478/2600 2652/2758
f 2045/1963 2216/2374 2958/2759
f 2045/1963 2958/2759 2059/2034
f 2424/2515 2574/2687 2519/2592
f 2431/2455 2441/2569 2655/2661
f 2431/2455 2655/2661 2694/2760
f 2527/2761 2640/2762 2626/2763
f 2395/2473 2199/2203 2748/2740
f 2375/2504 2474/2590 2630/2681
f 2329/2360 2795/2764 2537/2615
f 2329/2360 2620/2765 2795/2764
f 2527/2761 2635/2766 2640/2762
f 2527/2761 2626/2763 2596/2767
f 2527/2761 2572/2768 2635/2766
f 2230/2307 2739/2769 2426/2533
f 2407/2537 2551/2639 2770/2770
f 2297/2215 2555/2684 2313/2384
f 2671/2545 2095/2201 2759/2771
f 2486/2496 2696/2772 2509/2580
f 1130/1282 2462/2425 2261/2270
f 2449/2549 2681/2773 2459/2579
f 2284/2475 2612/2645 2615/2659
f 2265/2337 2219/2181 2470/2453
f 2265/2337 2470/2453 2418/2531
f 2561/2715 2675/2774 2503/2609
f 2332/2316 2584/2668 2818/2775
f 2465/2381 2522/2577 2628/2725
f 2276/2450 2543/2563 2752/2776
f 2110/2159 2676/2703 2500/2472
f 2421/2510 2643/2634 2683/2777
f 2453/2552 2407/2537 2512/2588
f 2608/2665 2682/2778 2666/2757
f 2497/2779 2473/2562 2892/2780
f 2502/2648 2648/2756 2707/2781
f 2522/2577 2721/2782 2628/2725
f 1880/1673 2809/2783 2398/2247
f 2479/2556 2670/2784 2611/2616
f 2411/2508 2664/2785 2624/2730
f 2377/2488 2695/2786 2542/2693
f 2500/2472 2718/2787 2259/2306
f 2027/2056 2722/2750 2700/2621
f 2626/2763 2614/2788 2596/2767
f 2574/2687 2510/2557 2697/2789
f 2279/2331 2667/2739 2605/2701
f 2377/2488 2587/2695 2695/2786
f 2329/2360 2524/2617 2620/2765
f 2517/2631 2693/2790 2629/2727
f 2419/2517 2521/2674 2730/2791
f 2471/2566 2630/2681 2755/2792
f 2567/2598 2768/2793 2365/2338
f 2562/2607 2596/2647 2614/2716
f 2082/2091 2619/2675 2577/2591
f 2487/2528 2520/2611 2671/2545
f 2505/2618 2360/2438 2649/2794
f 2386/2490 2828/2795 2549/2498
f 2353/2440 2695/2786 2587/2695
f 2554/2582 2766/2796 2646/2753
f 2554/2582 2744/2797 2766/2796
f 2635/2766 2654/2798 2640/2762
f 2411/2508 2665/2751 2664/2785
f 2315/2382 2477/2432 2685/2799
f 2499/2638 2610/2718 2461/2595
f 2390/2468 2646/2753 2659/2688
f 2473/2562 2617/2724 2892/2780
f 2488/2567 2637/2728 2674/2596
f 2230/2307 2469/2422 2739/2769
f 1875/2705 2582/2800 2559/2625
f 2445/2583 2394/2480 2796/2801
f 2460/2478 2627/2667 2699/2802
f 2539/2619 2460/2478 2699/2802
f 2626/2763 2687/2803 2614/2788
f 2403/2804 2804/2805 2251/2806
f 1635/1531 2860/2807 2363/2273
f 1973/2047 2242/2276 2764/2808
f 2444/2561 2611/2616 2361/2465
f 2397/2485 2525/2572 2622/2729
f 2504/2633 2653/2747 2572/2698
f 2178/2199 2709/2809 2437/2459
f 2360/2438 2578/2697 2649/2794
f 2309/2410 2592/2535 2604/2682
f 2127/2163 3002/2810 2232/2130
f 2442/2550 2672/2752 2729/2811
f 2442/2550 2729/2811 2573/2686
f 2261/2270 2462/2425 2907/2812
f 2506/2612 2731/2813 2665/2751
f 2426/2533 2739/2769 2544/2622
f 2554/2582 2211/2230 2744/2797
f 2420/2506 2706/2814 2462/2425
f 2431/2455 2694/2760 2575/2680
f 2635/2766 2572/2768 2691/2815
f 2161/2173 2454/2447 2806/2816
f 2421/2510 2774/2817 2341/2448
f 2400/2424 2605/2701 2650/2706
f 2459/2579 2681/2773 2584/2668
f 2649/2794 2578/2697 2788/2818
f 2178/2199 2606/2657 2709/2809
f 2555/2684 2733/2819 2313/2384
f 2573/2686 2729/2811 2720/2820
f 2511/2628 2786/2821 2553/2574
f 2608/2665 2614/2716 2682/2778
f 2419/2517 2730/2791 2416/2514
f 2299/2214 2689/2755 2306/2241
f 2551/2639 2044/1961 2724/2822
f 2235/2176 2220/2339 2672/2752
f 2288/2392 2302/2383 2747/2823
f 2288/2392 2747/2823 2606/2657
f 2348/2464 2754/2824 2511/2628
f 2546/2597 2800/2825 2463/2584
f 2219/2181 2481/2497 2719/2826
f 2359/2471 2485/2437 2746/2827
f 2136/1764 2321/2300 2930/2828
f 2315/2382 2685/2799 2692/2713
f 2640/2762 2654/2798 2702/2829
f 2640/2762 2711/2830 2626/2763
f 2615/2659 2612/2645 2727/2831
f 2616/2711 2710/2832 2492/2544
f 2644/2745 2458/2404 2580/2669
f 1585/2178 842/199 5560/2833
f 2505/2618 2538/2570 2376/2479
f 2313/2384 2733/2819 2874/2834
f 2561/2715 2539/2619 2699/2802
f 2455/2476 2723/2742 2627/2667
f 2568/2599 2536/2649 2688/2835
f 2568/2599 2688/2835 2661/2748
f 1855/1890 2484/2477 2593/2690
f 2625/2722 2708/2836 2680/2723
f 2506/2612 2586/2734 2731/2813
f 2118/2164 2512/2588 2756/2837
f 2614/2788 2687/2803 2682/2838
f 2545/2539 2683/2777 2643/2634
f 2545/2539 2550/2640 2683/2777
f 2575/2680 2694/2760 2610/2718
f 2474/2590 2456/2527 2712/2839
f 2517/2631 2502/2648 2738/2840
f 2517/2631 2738/2840 2693/2790
f 2482/2586 2686/2841 2507/2593
f 2573/2686 2720/2820 2669/2842
f 2481/2497 2276/2450 2752/2776
f 2509/2580 2696/2772 2291/2332
f 2059/2034 2958/2759 2410/2501
f 2581/2642 2735/2843 2745/2844
f 2605/2701 2725/2845 2650/2706
f 2477/2432 2471/2566 2765/2846
f 2478/2600 2661/2748 2652/2758
f 2594/2420 2590/2484 2857/2847
f 2476/2575 2359/2471 2761/2848
f 1994/2048 2638/2691 2869/2849
f 2479/2556 2717/2744 2670/2784
f 2573/2686 2669/2842 2653/2747
f 2581/2642 2631/2613 2735/2843
f 2378/2402 2791/2850 2293/2359
f 2378/2402 2564/2573 2791/2850
f 2526/2519 2652/2758 2758/2851
f 2526/2519 2758/2851 2567/2598
f 2188/2156 2779/2852 2393/2330
f 2571/2594 2432/2491 2716/2853
f 2528/2560 2848/2854 2658/2714
f 2561/2715 2699/2802 2780/2855
f 2561/2715 2780/2855 2726/2856
f 2529/2623 2416/2514 2733/2819
f 2647/2731 2787/2857 2656/2707
f 2436/2511 2118/2164 2843/2858
f 2497/2522 2892/2859 2490/2585
f 2654/2798 2635/2766 2740/2860
f 2635/2766 2713/2861 2740/2860
f 2583/2656 2677/2712 2597/2709
f 2733/2819 2555/2684 2529/2623
f 2519/2592 2574/2687 2600/2602
f 2569/2655 2609/2673 2579/2696
f 2512/2588 2705/2862 2756/2837
f 2211/2230 2642/2676 2744/2797
f 2394/2480 2698/2679 2796/2801
f 2437/2459 2876/2863 2619/2675
f 2361/2465 2742/2864 2199/2203
f 2341/2448 2774/2817 2548/2608
f 2597/2709 2388/2434 2480/2553
f 2572/2768 2653/2865 2691/2815
f 2510/2557 2753/2749 2697/2789
f 2640/2762 2702/2829 2711/2830
f 2283/2249 2814/2866 2535/2576
f 2581/2642 2745/2844 2603/2644
f 2644/2745 2507/2593 2760/2867
f 2644/2745 2641/2737 2458/2404
f 2346/2421 2576/2641 2743/2868
f 2420/2506 2632/2735 2706/2814
f 2368/2334 2701/2710 2751/2513
f 2220/2339 2811/2869 2864/2870
f 2552/2614 2854/2871 2556/2559
f 2161/2173 2806/2816 2732/2872
f 2628/2725 2823/2873 2528/2560
f 2422/2532 2728/2874 2668/2717
f 2261/2270 2907/2812 3337/2733
f 2422/2532 2634/2719 2728/2874
f 2597/2709 2677/2712 2595/2677
f 2179/1768 2751/2513 3035/2875
f 2179/1768 3035/2875 2634/2719
f 2511/2628 2778/2876 2786/2821
f 2199/2203 2798/2877 2748/2740
f 2521/2674 2503/2609 2784/2878
f 2583/2656 2597/2709 2480/2553
f 2283/2249 2514/2603 2814/2866
f 2327/2494 2829/2493 2618/1043
f 2321/2300 2629/2727 2844/2879
f 2512/2588 2407/2537 2871/2880
f 2617/2724 2624/2730 2892/2780
f 2491/2322 2779/2852 2188/2156
f 2496/2554 2480/2553 2388/2434
f 2445/2583 2796/2801 2741/2881
f 2586/2734 2757/2882 2731/2813
f 2447/2529 2771/2883 2828/2795
f 2447/2529 2828/2795 2386/2490
f 2626/2763 2769/2884 2687/2803
f 2220/2339 2541/2643 2811/2869
f 2421/2510 2783/2885 2858/2886
f 2425/2503 2585/2708 2870/2887
f 2503/2609 2675/2774 2782/2888
f 2505/2618 2649/2794 2538/2570
f 1796/1849 2389/2356 2599/2704
f 2662/2732 2812/2889 1797/1863
f 2447/2529 2532/2403 2771/2883
f 2417/2461 2824/2890 2374/2358
f 2644/2745 2678/2736 2641/2737
f 2644/2745 2773/2743 2678/2736
f 2244/2312 2781/2891 2531/2604
f 2244/2312 2679/2741 2781/2891
f 2522/2577 2636/2699 2721/2782
f 2687/2803 2769/2884 2805/2892
f 2571/2594 2777/2893 2508/2558
f 2754/2824 2348/2464 2660/2589
f 2259/2306 2883/2894 2432/2491
f 2589/2538 2165/2208 2867/2895
f 2702/2829 2654/2798 2740/2860
f 2542/2693 2695/2786 2762/2896
f 2080/1954 2425/2503 2870/2887
f 2543/2563 2487/2528 2671/2545
f 2492/2544 2808/2897 2253/2128
f 2161/2173 2732/2872 2547/2626
f 2476/2575 2761/2848 2632/2735
f 2513/2474 2775/2898 2586/2683
f 2365/2338 2768/2793 2541/2643
f 2507/2593 2686/2841 2760/2867
f 2563/2694 2542/2693 2767/2899
f 2538/2570 2817/2900 2616/2711
f 2625/2722 2763/2901 2708/2836
f 2626/2763 2711/2830 2769/2884
f 2579/2696 2736/2902 2588/2568
f 2658/2714 2667/2739 2633/2653
f 2577/2591 2619/2675 2648/2756
f 2635/2766 2799/2903 2713/2861
f 2547/2626 2804/2904 2403/2627
f 2637/2728 2553/2574 2674/2596
f 2255/2295 2964/2905 2415/2429
f 2296/2409 2516/2664 2387/2430
f 2537/2615 2795/2764 2932/2906
f 2263/2066 2785/2636 2913/2907
f 2513/2474 2773/2743 2794/2908
f 2398/2247 2979/2909 2217/2255
f 2513/2474 2794/2908 2775/2898
f 2655/2661 2615/2659 2694/2760
f 2044/1961 2607/2692 2724/2822
f 2421/2510 2683/2777 2783/2885
f 2477/2432 2765/2846 2685/2799
f 2638/2691 2387/2430 2895/2910
f 2630/2681 2474/2590 2856/2911
f 2515/2565 2803/2912 2550/2640
f 2684/2913 2876/2863 2437/2459
f 2503/2609 2835/2914 2784/2878
f 2625/2722 2540/2632 2763/2901
f 2620/2765 2524/2617 2666/2757
f 2651/2720 2776/2915 2591/2463
f 2353/2440 2645/2738 2762/2896
f 2353/2440 2762/2896 2695/2786
f 2319/2378 2593/2690 3014/2916
f 2753/2749 2927/2917 2697/2789
f 2627/2667 2780/2855 2699/2802
f 2454/2447 2549/2498 2821/2918
f 2611/2616 2670/2784 2361/2465
f 2445/2583 2741/2881 2789/2919
f 2445/2583 2789/2919 2546/2597
f 2724/2822 2770/2770 2551/2639
f 2658/2714 2737/2920 2667/2739
f 2687/2803 2666/2921 2682/2838
f 2363/2273 2797/2922 2530/2629
f 2217/2255 2979/2909 2911/2923
f 2502/2648 2707/2781 2738/2840
f 2635/2766 2691/2815 2792/2924
f 2335/1597 2809/2783 1880/1673
f 2482/2586 2602/2601 2686/2841
f 1863/1537 2866/2925 2475/2541
f 2578/2697 2410/2501 2788/2818
f 2627/2667 2893/2926 2780/2855
f 2451/2499 2801/2927 2435/2555
f 2291/2332 2696/2772 2679/2741
f 2563/2694 2776/2915 2651/2720
f 2754/2824 2778/2876 2511/2628
f 2416/2514 2730/2791 2820/2928
f 2220/2339 2832/2929 2672/2752
f 2451/2499 2622/2729 2801/2927
f 1797/1863 2812/2889 2534/2216
f 2456/2527 2663/2746 2822/2930
f 2553/2574 2786/2821 2674/2596
f 2435/2555 2801/2927 2552/2614
f 2361/2465 2899/2931 2742/2864
f 2421/2510 2858/2886 2774/2817
f 2454/2447 2821/2918 2894/2932
f 2454/2447 2894/2932 2806/2816
f 2659/2688 2815/2933 2673/2754
f 2653/2865 2669/2934 2691/2815
f 2710/2832 2616/2711 2817/2900
f 2471/2566 2755/2792 2765/2846
f 2691/2815 2793/2935 2792/2924
f 2216/2374 2156/2258 2937/2936
f 2624/2730 2664/2785 2892/2780
f 2503/2609 2782/2888 2835/2914
f 2770/2770 2836/2937 2407/2537
f 2474/2590 2712/2839 2856/2911
f 2490/2585 2900/2938 2536/2649
f 2199/2203 2742/2864 2798/2877
f 2415/2429 2964/2905 2621/2678
f 2322/2363 2826/2939 2690/2654
f 2561/2715 2726/2856 2675/2774
f 2346/2421 2813/2940 2469/2422
f 2449/2549 2840/2941 2681/2773
f 2586/2683 2775/2898 2757/2942
f 2778/2876 2885/2943 2786/2821
f 2632/2735 2761/2848 2863/2944
f 2546/2597 2789/2919 2800/2825
f 2512/2588 2871/2880 2705/2862
f 2677/2712 2855/2945 2595/2677
f 2677/2712 2544/2622 2855/2945
f 2361/2465 2827/2946 2899/2931
f 2361/2465 2670/2784 2827/2946
f 2508/2558 2777/2893 2723/2742
f 2255/2295 2589/2538 2964/2905
f 2498/2500 2086/1914 2887/2947
f 2628/2725 2816/2948 2823/2873
f 2521/2674 2784/2878 2730/2791
f 2319/2378 3014/2916 2449/2549
f 2253/2128 2808/2897 2873/2949
f 2731/2813 2837/2950 2665/2751
f 2666/2921 2687/2803 2620/2951
f 2313/2384 2841/2952 2631/2613
f 2313/2384 2874/2834 2841/2952
f 2543/2563 2671/2545 2853/2953
f 2389/2356 2080/1954 2870/2887
f 2591/2463 2776/2915 2660/2589
f 2774/2817 2862/2954 2548/2608
f 2737/2920 2845/2955 2667/2739
f 2574/2687 2697/2789 2600/2602
f 2592/2535 2897/2956 2604/2682
f 2321/2300 2844/2879 2930/2828
f 2563/2694 2767/2899 2776/2915
f 2600/2602 2697/2789 2663/2746
f 2719/2826 2481/2497 2859/2957
f 2839/2958 2844/2879 2629/2727
f 2644/2745 2760/2867 2851/2959
f 2756/2837 2705/2862 2807/2960
f 2571/2594 2716/2853 2777/2893
f 2463/2584 2850/2961 2647/2731
f 2674/2596 2786/2821 2825/2962
f 2711/2830 2819/2963 2769/2884
f 2118/2164 2756/2837 2843/2858
f 2531/2604 2781/2891 2514/2603
f 2408/2408 2928/2964 2623/2702
f 2408/2408 2915/2965 2928/2964
f 2627/2667 2723/2742 2893/2926
f 1994/2048 2901/2966 2515/2565
f 2449/2549 3014/2916 2840/2941
f 2636/2699 2700/2621 2721/2782
f 2622/2729 2525/2572 2941/2967
f 2239/2317 2559/2625 2881/2968
f 2239/2317 2881/2968 2704/2650
f 2436/2511 2746/2827 2485/2437
f 2595/2677 2855/2945 2501/2587
f 2416/2514 2820/2928 2733/2819
f 2740/2860 2802/2969 2702/2829
f 2484/2477 2556/2559 2854/2871
f 2484/2477 2854/2871 2849/2970
f 2613/2663 2831/2971 2722/2750
f 2200/2187 3041/2551 2903/2972
f 2688/2835 2900/2938 2992/2973
f 2773/2743 2644/2745 2794/2908
f 2491/2322 2657/2637 2909/2974
f 2536/2649 2900/2938 2688/2835
f 2363/2273 2860/2807 2797/2922
f 2584/2668 2681/2773 2818/2775
f 2736/2902 2579/2696 2846/2975
f 2693/2790 2839/2958 2629/2727
f 2722/2750 2831/2971 2834/2976
f 2884/2700 2867/2895 2165/2208
f 2048/1949 2674/2596 2642/2676
f 2481/2497 2752/2776 2859/2957
f 2691/2815 2890/2977 2793/2935
f 2374/2358 2966/2978 1917/1822
f 2667/2739 2845/2955 2605/2701
f 2463/2584 2800/2825 2850/2961
f 2635/2766 2792/2924 2799/2903
f 2387/2430 2516/2664 2895/2910
f 2469/2422 2813/2940 2739/2769
f 2668/2717 2857/2847 2590/2484
f 2601/2646 2393/2330 2902/2979
f 2282/2328 2200/2187 2918/2980
f 2609/2673 2650/2706 2888/2981
f 2715/2726 2228/2297 2929/2982
f 2542/2693 2810/2983 2767/2899
f 2630/2681 2856/2911 2755/2792
f 2609/2673 2888/2981 2846/2975
f 2609/2673 2846/2975 2579/2696
f 2567/2598 2962/2984 2768/2793
f 2686/2841 2914/2985 2760/2867
f 2652/2758 2661/2748 2833/2986
f 2752/2776 2543/2563 2993/2987
f 2700/2621 2722/2750 2721/2782
f 2659/2688 2868/2988 2815/2933
f 2658/2714 2848/2854 2737/2920
f 2530/2629 2797/2922 2127/2163
f 2670/2784 2717/2744 2827/2946
f 2253/2128 2873/2949 2717/2744
f 2702/2829 2802/2969 2711/2830
f 2722/2750 2852/2989 2721/2782
f 2537/2615 2847/2990 2645/2738
f 2669/2934 2917/2991 2691/2815
f 2456/2527 2822/2930 2916/2992
f 2722/2750 2834/2976 2852/2989
f 2302/2383 2692/2713 2747/2823
f 2713/2861 2799/2903 2740/2860
f 2219/2181 2906/2993 2470/2453
f 2242/2276 2570/2542 2764/2808
f 2696/2772 2486/2496 2842/2994
f 2802/2969 2740/2860 2799/2903
f 1994/2048 2869/2849 2901/2966
f 2798/2877 2742/2864 2872/2995
f 2410/2501 3091/2996 2788/2818
f 2607/2692 2920/2997 2724/2822
f 2787/2857 3007/2998 2656/2707
f 2687/2803 2805/2892 2896/2999
f 2620/2951 2687/2803 2795/3000
f 2717/2744 2873/2949 2912/3001
f 2613/2663 2838/2662 2831/2971
f 2501/2587 2879/3002 2838/2662
f 2537/2615 2932/2906 2847/2990
f 2538/2570 2649/2794 2882/3003
f 2220/2339 2864/2870 2832/2929
f 2232/2130 3020/3004 2749/2721
f 2736/2902 3085/3005 2980/3006
f 2712/2839 2865/3007 2856/2911
f 2673/2754 2815/2933 2999/3008
f 2673/2754 2999/3008 2560/2658
f 2564/2573 2656/2707 2791/2850
f 2698/2679 2621/2678 2790/3009
f 2623/2702 2928/2964 2525/2572
f 2645/2738 2847/2990 2891/3010
f 2697/2789 2927/2917 2878/3011
f 2652/2758 2833/2986 2758/2851
f 2736/2902 2980/3006 2588/2568
f 2486/2496 2690/2654 2842/2994
f 2446/2526 2960/3012 2703/2571
f 2528/2560 2823/2873 2848/2854
f 2408/2408 2557/2486 2915/2965
f 2671/2545 2759/2771 2853/2953
f 2628/2725 2721/2782 2934/3013
f 2599/2704 2886/3014 2350/2415
f 2685/2799 2765/2846 2692/2713
f 2542/2693 2880/3015 2810/2983
f 2799/2903 2792/2924 2802/2969
f 2850/2961 2787/2857 2647/2731
f 2470/2453 2906/2993 2889/3016
f 2697/2789 2878/3011 2935/3017
f 2605/2701 2845/2955 2725/2845
f 2193/2355 2969/3018 2310/2354
f 2757/2882 2904/3019 2731/2813
f 1973/2047 2764/2808 2516/2664
f 2538/2570 2882/3003 2817/2900
f 2592/2535 2748/2740 2897/2956
f 2475/2541 2866/2925 2772/2651
f 2688/2835 2992/2973 2661/2748
f 2711/2830 2802/2969 2819/2963
f 2437/2459 2709/2809 2684/2913
f 2855/2945 2877/3020 2501/2587
f 2576/2641 2603/2644 2952/3021
f 2665/2751 2837/2950 2892/2780
f 2665/2751 2892/2780 2664/2785
f 2619/2675 2984/3022 2648/2756
f 2691/2815 2917/2991 2890/2977
f 2719/2826 2859/2957 2219/2181
f 2534/2216 2812/2889 2987/3023
f 2644/2745 2851/2959 2794/2908
f 2792/2924 2898/3024 2802/2969
f 2776/2915 2767/2899 2905/3025
f 2588/2568 2980/3006 2115/2282
f 2598/2689 2560/2658 3029/3026
f 2598/2689 3029/3026 2585/2708
f 2838/2662 3017/3027 2831/2971
f 2216/2374 2937/2936 2958/2759
f 2462/2425 2706/2814 2907/2812
f 2687/2803 2896/2999 2919/3028
f 2829/3029 2306/3030 3176/3031
f 2310/2354 2969/3018 2734/2291
f 2769/2884 2819/2963 2805/2892
f 2432/2491 2861/3032 2716/2853
f 2346/2421 2743/2868 2813/2940
f 2615/2659 3011/3033 2694/2760
f 2792/2924 2793/2935 2898/3024
f 2742/2864 2899/2931 2931/3034
f 2603/2644 2745/2844 3003/3035
f 2650/2706 2725/2845 2888/2981
f 2446/2526 2498/2500 2960/3012
f 2500/2472 2908/3036 2718/2787
f 2815/2933 2868/2988 2999/3008
f 2335/1597 2714/2606 2809/2783
f 2720/2820 2729/2811 2669/2842
f 2870/2887 2585/2708 2959/3037
f 2808/2897 2492/2544 2968/3038
f 2827/2946 2717/2744 2912/3001
f 2501/2587 2877/3020 2879/3002
f 2282/2328 2918/2980 3032/3039
f 2436/2511 2843/2858 2936/3040
f 2646/2753 2766/2796 2946/3041
f 2668/2717 2728/2874 2857/2847
f 2604/2682 3040/3042 2540/2632
f 2535/2576 2922/3043 2448/2516
f 2732/2872 2806/2816 2894/2932
f 2549/2498 2828/2795 2965/3044
f 2432/2491 2883/2894 2861/3032
f 2844/2879 2939/3045 2930/2828
f 2621/2678 2964/2905 2830/3046
f 1635/1531 3337/2733 2860/2807
f 2697/2789 2822/2930 2663/2746
f 2817/2900 2882/3003 2910/3047
f 2607/2692 2875/3048 2920/2997
f 2095/2201 2715/2726 2759/2771
f 2885/2943 2825/2962 2786/2821
f 2735/2843 2945/3049 2745/2844
f 2660/2589 2776/2915 2905/3025
f 2693/2790 2738/2840 2839/2958
f 2542/2693 2762/2896 2924/3050
f 2628/2725 2934/3013 2816/2948
f 2576/2641 2952/3021 2743/2868
f 2803/2912 2515/2565 2901/2966
f 2817/2900 2910/3047 2940/3051
f 2669/2934 2729/3052 2917/2991
f 2621/2678 2942/3053 2790/3009
f 2761/2848 2359/2471 2953/3054
f 2794/2908 2851/2959 2775/2898
f 2892/2859 2948/3055 2490/2585
f 2817/2900 2940/3051 2710/2832
f 2560/2658 2999/3008 3029/3026
f 2842/2994 2944/3056 2696/2772
f 2731/2813 2933/3057 2837/2950
f 2765/2846 2755/2792 2996/3058
f 2747/2823 2692/2713 2923/3059
f 2708/2836 2763/2901 2680/2723
f 2675/2774 2726/2856 3036/3060
f 2436/2511 2936/3040 2746/2827
f 2742/2864 2931/3034 2872/2995
f 2731/2813 2904/3019 2933/3057
f 2757/2942 2775/2898 2904/3061
f 2659/2688 2646/2753 2868/2988
f 2730/2791 2784/2878 2820/2928
f 2217/2255 2911/2923 2318/2113
f 2389/2356 2947/3062 2599/2704
f 2492/2544 2710/2832 2968/3038
f 2710/2832 2940/3051 2968/3038
f 2765/2846 2923/3059 2692/2713
f 2780/2855 2893/2926 2726/2856
f 2686/2841 2602/2601 2914/2985
f 2775/2898 2851/2959 2904/3061
f 2846/2975 2888/2981 2971/3063
f 2525/2572 2928/2964 2938/3064
f 2674/2596 2825/2962 2642/2676
f 2452/2283 2969/3018 2193/2355
f 2322/2363 2926/3065 2826/2939
f 2807/2960 2705/2862 3019/3066
f 2219/2181 2859/2957 2906/2993
f 2661/2748 2992/2973 2833/2986
f 2753/2749 2548/2608 2927/2917
f 2735/2843 2631/2613 2841/2952
f 2766/2796 2744/2797 3028/3067
f 2603/2644 3003/3035 2952/3021
f 2582/2800 2970/3068 2559/2625
f 2582/2800 2749/3069 2970/3068
f 2452/2283 2115/2282 3012/3070
f 2712/2839 2456/2527 2865/3007
f 2622/2729 2941/2967 2801/2927
f 2738/2840 2939/3045 2839/2958
f 2417/2461 2565/2546 2824/2890
f 2086/1914 1576/1446 3056/3071
f 2778/2876 3039/3072 2885/2943
f 2687/2803 2919/3028 2795/3000
f 2525/2572 2938/3064 2941/2967
f 2589/2538 2951/3073 2964/2905
f 2567/2598 2758/2851 2962/2984
f 2783/2885 2683/2777 2858/2886
f 2827/2946 2912/3001 2955/3074
f 2697/2789 2994/3075 2822/2930
f 2350/2415 2886/3014 2662/2732
f 2448/2516 2922/3043 3079/3076
f 2705/2862 2871/2880 3019/3066
f 1576/1446 2136/1764 3056/3071
f 2498/2500 2887/2947 2960/3012
f 2768/3077 2962/3078 2998/3079
f 2259/2306 2718/2787 2883/2894
f 2781/2891 2679/2741 2986/3080
f 2200/2187 2903/2972 2918/2980
f 2724/2822 2920/2997 2770/2770
f 2876/2863 2984/3022 2619/2675
f 2748/2740 2798/2877 2897/2956
f 2729/3052 2672/3081 2975/3082
f 2737/2920 3004/3083 2845/2955
f 2698/2679 2790/3009 2796/2801
f 2557/2486 2282/2328 2915/2965
f 2843/2858 2756/2837 3163/3084
f 2602/2601 2470/2453 3061/3085
f 2737/2920 2848/2854 3004/3083
f 2836/2937 2925/3086 2949/3087
f 2880/3015 3042/3088 2810/2983
f 2407/2537 2981/3089 2871/2880
f 2831/2971 2943/3090 2834/2976
f 2793/2935 2890/2977 2898/3024
f 2777/2893 3000/3091 2723/2742
f 2864/2870 2988/3092 2832/2929
f 2645/2738 2891/3010 2977/3093
f 2683/2777 2550/2640 3055/3094
f 2610/2718 2694/2760 3073/3095
f 2846/2975 2971/3063 2991/3096
f 2778/2876 2754/2824 2954/3097
f 2836/2937 2949/3087 2981/3089
f 2836/2937 2981/3089 2407/2537
f 2904/3019 2921/3098 2933/3057
f 2549/2498 2965/3044 2821/2918
f 2822/2930 2994/3075 3048/3099
f 2802/2969 2950/3100 3005/3101
f 2729/3052 2975/3082 2963/3102
f 2642/2676 2825/2962 2978/3103
f 2532/2403 2384/2310 2771/2883
f 2847/2990 2932/2906 2982/3104
f 2756/2837 2807/2960 3163/3084
f 2738/2840 2707/2781 3064/3105
f 2925/3086 2836/2937 2770/2770
f 2612/2645 3011/3033 2727/2831
f 2774/2817 2858/2886 3001/3106
f 2727/2831 3011/3033 2615/2659
f 2784/2878 2835/2914 2957/3107
f 2694/2760 3011/3033 3073/3095
f 2448/2516 3079/3076 2612/2645
f 2716/2853 2861/3032 3000/3091
f 2767/2899 2810/2983 2905/3025
f 2873/2949 2995/3108 2912/3001
f 2721/2782 2989/3109 2934/3013
f 2844/2879 2839/2958 2939/3045
f 2784/2878 2972/3110 2820/2928
f 2500/2472 2676/2703 2908/3036
f 2697/2789 2935/3017 2994/3075
f 2795/3000 2919/3028 2932/3111
f 2632/2735 2907/2812 2706/2814
f 2570/2542 2601/2646 3060/3112
f 2456/2527 2916/2992 2865/3007
f 2544/2622 2739/2769 2990/3113
f 2802/2969 3005/3101 2819/2963
f 2543/2563 2853/2953 2985/3114
f 2543/2563 2985/3114 3062/3115
f 2543/2563 3062/3115 2993/2987
f 2825/2962 2885/2943 2978/3103
f 2777/2893 2716/2853 3000/3091
f 2293/2359 2791/2850 2676/2703
f 2746/2827 2953/3054 2359/2471
f 2927/2917 2548/2608 2967/3116
f 2548/2608 2862/2954 2967/3116
f 2846/2975 2991/3096 2736/2902
f 2893/2926 2723/2742 2973/3117
f 2565/2546 2704/2650 3046/3118
f 2816/2948 2934/3013 2997/3119
f 2862/2954 3084/3120 2967/3116
f 2853/2953 2759/2771 2985/3114
f 2831/2971 3017/3027 2943/3090
f 2917/2991 2729/3052 2963/3102
f 2811/2869 2541/2643 3008/3121
f 2680/2723 2763/2901 2884/2700
f 2855/2945 2544/2622 2990/3113
f 2746/2827 2936/3040 2953/3054
f 2542/2693 2924/3050 2880/3015
f 2917/2991 3034/3122 2890/2977
f 2851/2959 2760/2867 3006/3123
f 2621/2678 2830/3046 2942/3053
f 2541/2643 2768/2793 3008/3121
f 2762/2896 2645/2738 2924/3050
f 2559/2625 2970/3068 2974/3124
f 2599/2704 2947/3062 2886/3014
f 2865/3007 2961/3125 2856/2911
f 2690/2654 3102/3126 2842/2994
f 2827/2946 2955/3074 2899/2931
f 2852/2989 2834/2976 3015/3127
f 2754/2824 3033/3128 2954/3097
f 2802/2969 2898/3024 3026/3129
f 2802/2969 3026/3129 2950/3100
f 2765/2846 2996/3058 2923/3059
f 2862/2954 2774/2817 3084/3120
f 2752/2776 2993/2987 2859/2957
f 2890/2977 3069/3130 2898/3024
f 2683/2777 3055/3094 2858/2886
f 2859/2957 3010/3131 2906/2993
f 2787/2857 2850/2961 3007/2998
f 2282/2328 3032/3039 2915/2965
f 2646/2753 2946/3041 3076/3132
f 2646/2753 3076/3132 2868/2988
f 2589/2538 2867/2895 2951/3073
f 2808/2897 2968/3038 2995/3108
f 2739/2769 2813/2940 2990/3113
f 2808/2897 2995/3108 2873/2949
f 2778/2876 2954/3097 3039/3072
f 2648/2756 3092/3133 3075/3134
f 2648/2756 3075/3134 2707/2781
f 2645/2738 3024/3135 2924/3050
f 2855/2945 2990/3113 2877/3020
f 2835/2914 2782/2888 2957/3107
f 2726/2856 2893/2926 3051/3136
f 2490/2585 2948/3055 2900/2938
f 1917/1822 2966/2978 2657/2637
f 2882/3003 2649/2794 2910/3047
f 2676/2703 2791/2850 3118/3137
f 2919/3028 2896/2999 3018/3138
f 2115/2282 2980/3006 3057/3139
f 3007/2998 3052/3140 2656/2707
f 2758/3141 2833/3142 2983/3143
f 2672/3081 2832/3144 2975/3082
f 2904/3019 3030/3145 2921/3098
f 2566/2660 2594/2420 3071/3146
f 2736/2902 2991/3096 3085/3005
f 2534/2216 3035/2875 2701/2710
f 2660/2589 2905/3025 3042/3088
f 2612/2645 3079/3076 3011/3033
f 2789/2919 2741/2881 3058/3147
f 2735/2843 3104/3148 2945/3049
f 2332/2316 2818/2775 3077/3149
f 2813/2940 2743/2868 3027/3150
f 2228/3151 2251/2806 2804/2805
f 2389/2356 3090/3152 2947/3062
f 2865/3007 2916/2992 3125/3153
f 2954/3097 3093/3154 3039/3072
f 2805/2892 3099/3155 2896/2999
f 2851/2959 3006/3123 3096/3156
f 2547/2626 2732/2872 2804/2904
f 2912/3001 2995/3108 3025/3157
f 2982/3104 3044/3158 2847/2990
f 2540/2632 3040/3042 3054/3159
f 2770/2770 2920/2997 3109/3160
f 2738/2840 3064/3105 2939/3045
f 2728/2874 2594/2420 2857/2847
f 2721/2782 3021/3161 2989/3109
f 2797/2922 3002/2810 2127/2163
f 2770/2770 3045/3162 2925/3086
f 2760/2867 2914/2985 3006/3123
f 2332/2316 3077/3149 2322/2363
f 2374/2358 2824/2890 2966/2978
f 2975/3082 2832/3144 3023/3163
f 2800/2825 3083/3164 2850/2961
f 2781/2891 2986/3080 2514/2603
f 2826/2939 3102/3126 2690/2654
f 2540/2632 3054/3159 2763/2901
f 2721/2782 2852/2989 3021/3161
f 2864/2870 2811/2869 3008/3121
f 2758/3141 2983/3143 2962/3078
f 2840/2941 3013/3165 2681/2773
f 2642/2676 2978/3103 2744/2797
f 2754/2824 2660/2589 3033/3128
f 2816/2948 3022/3166 2823/2873
f 2917/2991 2963/3102 3034/3122
f 2743/2868 2952/3021 3027/3150
f 2800/2825 2789/2919 3094/3167
f 2822/2930 3095/3168 2916/2992
f 2890/2977 3034/3122 3069/3130
f 2632/2735 2863/2944 2907/2812
f 2880/3015 3047/3169 3042/3088
f 2859/2957 2993/2987 3010/3131
f 2645/2738 2977/3093 3050/3170
f 2645/2738 3050/3170 3024/3135
f 2807/2960 3031/3171 3163/3084
f 2893/2926 2973/3117 3051/3136
f 2755/2792 2856/2911 2996/3058
f 2851/2959 3096/3156 2904/3061
f 2728/2874 3138/3172 3081/3173
f 2728/2874 3081/3173 2594/2420
f 2734/2291 2969/3018 2607/2692
f 3014/2916 3013/3165 2840/2941
f 3042/3088 2905/3025 2810/2983
f 2805/2892 2819/2963 3099/3155
f 2701/2710 3035/2875 2751/2513
f 2634/2719 3035/2875 3305/3174
f 2286/2261 2566/2660 3372/3175
f 2774/2817 2956/3176 3084/3120
f 2841/2952 3104/3148 2735/2843
f 2822/2930 3048/3099 3095/3168
f 2912/3001 3025/3157 2955/3074
f 2837/2950 2933/3057 2892/2780
f 2715/2726 2929/2982 3126/3177
f 2878/3011 2927/2917 2935/3017
f 2865/3007 3049/3178 2961/3125
f 2950/3100 3016/3179 3005/3101
f 2784/2878 2957/3107 2972/3110
f 2896/2999 3149/3180 3018/3138
f 2559/2625 2974/3124 2881/2968
f 2606/2657 2747/2823 2709/2809
f 2958/2759 3091/2996 2410/2501
f 2957/3107 2782/2888 3080/3181
f 2322/2363 3067/3182 2926/3065
f 2807/2960 3019/3066 3031/3171
f 2744/2797 3043/3183 3093/3154
f 2950/3100 3026/3129 3016/3179
f 2707/2781 3075/3134 3064/3105
f 2723/2742 3037/3184 2973/3117
f 2800/2825 3094/3167 3083/3164
f 2976/3185 2771/3186 3148/3187
f 3015/3127 2834/2976 3142/3188
f 2872/2995 2931/3034 2798/2877
f 2932/3111 2919/3028 2982/3189
f 2675/2774 3068/3190 2782/2888
f 2566/2660 3071/3146 3372/3175
f 2747/2823 3009/3191 2709/2809
f 2656/2707 3177/3192 2791/2850
f 2828/3193 2771/3186 3066/3194
f 2904/3019 3063/3195 3030/3145
f 2816/2948 2997/3119 3022/3166
f 2514/2603 2986/3080 3097/3196
f 2774/2817 3001/3106 2956/3176
f 2990/3113 2813/2940 3053/3197
f 2156/2258 2461/2595 2937/2936
f 2933/3057 2921/3098 2892/2780
f 2838/2662 2879/3002 3088/3198
f 2838/2662 3088/3198 3017/3027
f 2723/2742 3065/3199 3037/3184
f 2534/2216 2987/3023 3035/2875
f 2516/2664 2764/2808 3168/3200
f 2971/3063 3112/3201 2991/3096
f 2649/2794 3072/3202 2910/3047
f 2978/3103 3043/3183 2744/2797
f 2771/3186 2976/3185 3066/3194
f 2535/2576 2814/2866 2922/3043
f 2847/2990 3044/3158 2891/3010
f 2828/3193 3066/3194 2965/3203
f 2789/2919 3058/3147 3094/3167
f 2723/2742 3000/3091 3065/3199
f 2452/2283 3012/3070 2969/3018
f 2868/2988 3076/3132 2999/3008
f 2975/3082 3086/3204 2963/3102
f 2832/3144 2988/3205 3023/3163
f 2926/3065 3067/3182 3098/3206
f 2963/3102 3086/3204 3113/3207
f 2696/2772 2944/3056 2679/2741
f 2648/2756 2984/3022 3092/3133
f 2942/3053 3103/3208 2790/3009
f 2747/2823 2923/3059 3120/3209
f 2763/2901 3054/3159 2884/2700
f 2880/3015 2924/3050 3024/3135
f 2910/3047 3072/3202 2940/3051
f 2934/3013 2989/3109 3074/3210
f 2874/2834 3059/3211 2841/2952
f 2770/2770 3109/3160 3241/3212
f 2232/2130 3002/2810 3239/3213
f 3027/3150 3089/3214 2813/2940
f 2675/2774 3036/3060 3068/3190
f 2610/2718 3073/3095 2461/2595
f 2885/2943 3039/3072 2978/3103
f 2820/2928 2972/3110 3143/3215
f 2864/2870 3008/3121 2988/3092
f 2954/3097 3119/3216 3093/3154
f 2292/1916 3400/3217 1707/1631
f 2684/2913 3123/3218 2876/2863
f 2684/2913 3161/3219 3123/3218
f 2904/3019 3096/3220 3063/3195
f 2679/2741 2944/3056 3038/3221
f 2232/2130 3239/3213 3020/3004
f 2725/2845 2845/2955 2888/2981
f 2898/3024 3069/3130 3026/3129
f 2877/3020 2990/3113 3053/3197
f 2484/2477 3100/3222 2593/2690
f 2886/3014 3175/3223 2662/2732
f 2601/2646 2902/2979 3060/3112
f 2322/2363 3077/3149 3067/3182
f 2766/2796 3028/3067 3155/3224
f 3003/3035 2745/2844 2945/3049
f 2820/2928 3143/3215 2733/2819
f 2744/2797 3093/3154 3028/3067
f 2852/2989 3015/3127 3021/3161
f 3008/3225 3122/3226 2988/3205
f 3033/3128 3070/3227 2954/3097
f 2389/2356 3150/3228 3090/3152
f 2888/2981 2845/2955 3133/3229
f 2550/2640 2803/2912 3055/3094
f 2983/3143 3078/3230 2962/3078
f 2861/3032 3267/3231 3000/3091
f 2869/2849 3188/3232 2901/2966
f 2514/2603 3097/3196 3146/3233
f 2491/2322 2909/2974 2779/2852
f 2679/2741 3038/3221 2986/3080
f 2514/2603 3146/3233 2814/2866
f 2393/2330 3185/3234 2902/2979
f 2894/2932 2821/2918 2732/2872
f 2804/2904 2732/2872 3261/3235
f 2969/3018 2875/3048 2607/2692
f 2782/2888 3068/3190 3080/3181
f 2761/2848 2953/3054 3164/3236
f 2704/2650 2881/2968 3046/3118
f 2934/3013 3074/3210 3082/3237
f 2995/3108 2968/3038 3025/3157
f 2954/3097 3184/3238 3119/3216
f 2813/2940 3089/3214 3105/3239
f 2813/2940 3105/3239 3053/3197
f 2946/3041 3131/3240 3076/3132
f 2976/3185 3148/3187 3066/3194
f 2393/2330 2779/2852 3185/3234
f 1863/1537 2263/2066 2913/2907
f 1863/1537 3234/3241 2866/2925
f 1863/1537 2913/2907 3234/3241
f 2968/3038 2940/3051 3072/3202
f 2788/2818 3091/2996 2649/2794
f 2660/2589 3132/3242 3263/3243
f 2660/2589 3263/3243 3033/3128
f 2916/2992 3095/3168 3087/3244
f 3003/3035 3106/3245 2952/3021
f 3063/3195 3124/3246 3030/3145
f 2968/3038 3072/3202 3025/3157
f 2398/2247 2809/2783 3219/3247
f 2660/2589 3042/3088 3047/3169
f 2602/2601 3061/3085 2914/2985
f 2470/2453 2889/3016 3061/3085
f 2733/2819 3143/3215 3128/3248
f 2993/2987 3062/3115 3151/3249
f 2771/3186 2384/3250 3148/3187
f 2931/3034 2897/2956 2798/2877
f 2874/2834 2733/2819 3128/3248
f 2874/2834 3128/3248 3059/3211
f 2484/2477 2849/2970 3100/3222
f 2994/3075 2935/3017 3048/3099
f 2865/3007 3125/3153 3049/3178
f 2928/2964 2915/2965 2938/3064
f 2919/3028 3018/3138 3135/3251
f 2919/3028 3135/3251 2982/3189
f 2891/3252 3044/3253 3153/3254
f 3016/3179 3139/3255 3005/3101
f 2649/2794 3144/3256 3072/3202
f 2975/3082 3140/3257 3086/3204
f 2819/2963 3005/3101 3099/3155
f 2926/3065 3098/3206 2826/2939
f 3054/3159 3110/3258 2884/2700
f 2982/3189 3135/3251 3044/3253
f 2961/3125 2996/3058 2856/2911
f 2656/2707 3052/3140 3177/3192
f 3125/3153 2916/2992 3087/3244
f 3007/2998 3170/3259 3052/3140
f 2689/3260 3204/3261 2306/3030
f 2604/2682 3108/3262 3040/3042
f 3010/3131 3121/3263 2906/2993
f 3034/3122 2963/3102 3113/3207
f 2962/3078 3078/3230 3117/3264
f 2931/3034 2899/2931 3134/3265
f 2833/3142 3272/3266 2983/3143
f 3083/3164 3107/3267 2850/2961
f 3025/3157 2899/2931 2955/3074
f 2960/3012 2887/2947 3313/3268
f 2585/2708 3029/3026 2959/3037
f 2790/3009 3103/3208 2796/2801
f 2747/2823 3306/3269 3009/3191
f 2993/2987 3151/3249 3211/3270
f 2993/2987 3211/3270 3252/3271
f 2604/2682 2897/2956 3108/3262
f 3039/3072 3043/3183 2978/3103
f 2879/3002 2877/3020 3053/3197
f 3010/3131 2993/2987 3121/3263
f 2962/3078 3117/3264 2998/3079
f 2971/3063 3133/3229 3112/3201
f 2927/2917 2967/3116 3111/3272
f 2927/2917 3111/3272 2935/3017
f 2925/3086 3045/3162 3158/3273
f 2971/3063 2888/2981 3133/3229
f 2812/2889 3115/3274 2987/3023
f 2921/3098 3173/3275 2892/2780
f 2858/2886 3129/3276 3001/3106
f 2833/3142 2992/3277 3272/3266
f 2389/2356 2870/2887 3150/3228
f 2880/3015 3024/3135 3101/3278
f 2634/2719 3138/3172 2728/2874
f 2999/3008 3076/3132 3029/3026
f 3008/3225 3160/3279 3122/3226
f 3104/3148 2841/2952 3178/3280
f 2952/3021 3106/3245 3027/3150
f 2593/2690 3193/3281 3014/2916
f 2850/2961 3107/3267 3007/2998
f 2649/2794 3091/2996 3144/3256
f 2884/2700 3136/3282 2867/2895
f 3033/3128 3263/3243 3245/3283
f 2660/2589 3047/3169 3132/3242
f 2947/3062 3090/3152 2886/3014
f 2768/3077 2998/3079 3008/3225
f 2848/2854 3156/3284 3004/3083
f 3014/2916 3145/3285 3013/3165
f 2934/3013 3082/3237 2997/3119
f 3030/3145 3173/3275 2921/3098
f 2726/2856 3212/3286 3036/3060
f 2684/2913 2709/2809 3161/3219
f 2292/1916 2703/2571 3400/3217
f 2552/2614 3182/3287 2854/2871
f 2848/2854 2823/2873 3156/3284
f 3021/3161 3015/3127 3157/3288
f 2552/2614 3137/3289 3182/3287
f 2863/2944 2761/2848 3237/3290
f 2984/3022 3186/3291 3092/3133
f 2814/2866 3195/3292 2922/3043
f 2985/3114 2759/2771 3062/3115
f 2960/3012 3313/3268 2703/2571
f 2949/3087 3116/3293 2981/3089
f 2858/2886 3055/3094 3129/3276
f 2115/2282 3057/3139 3282/3294
f 3007/2998 3154/3295 3170/3259
f 2979/2909 3301/3296 2911/2923
f 2552/2614 2801/2927 3137/3289
f 2967/3116 3084/3120 3174/3297
f 2967/3116 3174/3297 3111/3272
f 2879/3002 3053/3197 3088/3198
f 2657/2637 3220/3298 2909/2974
f 2318/2113 2911/2923 3301/3296
f 3004/3083 3141/3299 2845/2955
f 2914/2985 3061/3085 3171/3300
f 2914/2985 3171/3300 3006/3123
f 2741/2881 2796/2801 3172/3301
f 3003/3035 2945/3049 3106/3245
f 3074/3210 2989/3109 3190/3302
f 2975/3082 3023/3163 3293/3303
f 2975/3082 3293/3303 3189/3304
f 3059/3211 3178/3280 2841/2952
f 2823/2873 3022/3166 3156/3284
f 3007/2998 3107/3267 3154/3295
f 2954/3097 3070/3227 3184/3238
f 3006/3123 3127/3305 3096/3156
f 3008/3225 2998/3079 3160/3279
f 2939/3045 3216/3306 2930/2828
f 2923/3059 2996/3058 3197/3307
f 2803/2912 2901/2966 3055/3094
f 2709/2809 3009/3191 3161/3219
f 3034/3122 3113/3207 3069/3130
f 3017/3027 3088/3198 3181/3308
f 2983/3143 3272/3266 3078/3230
f 2977/3093 2891/3010 3183/3309
f 3048/3099 2935/3017 3147/3310
f 2826/2939 3098/3206 3102/3126
f 2741/2881 3172/3301 3058/3147
f 2975/3082 3189/3304 3140/3257
f 2726/2856 3051/3136 3212/3286
f 2956/3176 3001/3106 3129/3276
f 2906/2993 3121/3263 3165/3311
f 2906/2993 3165/3311 2889/3016
f 2749/3069 3020/3312 2970/3068
f 2935/3017 3111/3272 3147/3310
f 2956/3176 3169/3313 3084/3120
f 3125/3153 3232/3314 3049/3178
f 2949/3087 2925/3086 3158/3273
f 3015/3127 3142/3188 3243/3315
f 3065/3199 3000/3091 3267/3231
f 3057/3139 2980/3006 3203/3316
f 3030/3145 3124/3246 3173/3275
f 940/490 5524/2685 146/116
f 2834/2976 2943/3090 3142/3188
f 2966/2978 3194/3317 2657/2637
f 3089/3214 3027/3150 3105/3239
f 3099/3155 3005/3101 3167/3318
f 2931/3034 3134/3265 2897/2956
f 2973/3117 3037/3184 3051/3136
f 2930/2828 3216/3306 3388/3319
f 2920/2997 2875/3048 3233/3320
f 3025/3157 3072/3202 2899/2931
f 2880/3015 3101/3278 3159/3321
f 3043/3183 3039/3072 3093/3154
f 3130/3322 3162/3323 3152/3324
f 2880/3015 3159/3321 3047/3169
f 3244/3325 3209/3326 2957/3107
f 3018/3138 3149/3180 3361/3327
f 2886/3014 3090/3152 3114/3328
f 3054/3159 3040/3042 3110/3258
f 3130/3322 3052/3140 3170/3259
f 3130/3322 3170/3259 3162/3323
f 3028/3067 3184/3238 3155/3224
f 3044/3253 3135/3251 3153/3254
f 3050/3170 3180/3329 3024/3135
f 3027/3150 3106/3245 3105/3239
f 3012/3070 2115/2282 3282/3294
f 2989/3109 3021/3161 3190/3302
f 3095/3168 3048/3099 3147/3310
f 3079/3076 3187/3330 3011/3033
f 2286/2261 3372/3175 3340/3331
f 2896/2999 3099/3155 3149/3180
f 3031/3171 3166/3332 3163/3084
f 2988/3205 3122/3226 3023/3163
f 3031/3171 3019/3066 3223/3333
f 3004/3083 3156/3284 3141/3299
f 3096/3220 3198/3334 3063/3195
f 3049/3178 3232/3314 3218/3335
f 2876/2863 3123/3218 2984/3022
f 3075/3134 3213/3336 3064/3105
f 2747/2823 3120/3209 3306/3269
f 2228/3151 2804/2805 3253/3337
f 3052/3140 3130/3322 3179/3338
f 2842/2994 3205/3339 2944/3056
f 3031/3171 3223/3333 3166/3332
f 2965/3203 3066/3194 3246/3340
f 2998/3079 3117/3264 3224/3341
f 3157/3288 3259/3342 3021/3161
f 2903/2972 3041/2551 3268/3343
f 3070/3227 3230/3344 3184/3238
f 3068/3190 3285/3345 3080/3181
f 2892/2780 3173/3275 2948/3346
f 3016/3179 3208/3347 3139/3255
f 3105/3239 3249/3348 3053/3197
f 3063/3195 3198/3334 3124/3246
f 2997/3119 3214/3349 3022/3166
f 2593/2690 3100/3222 3193/3281
f 3017/3027 3181/3308 2943/3090
f 2961/3125 3197/3307 2996/3058
f 2961/3125 3049/3178 3197/3307
f 2830/3046 3236/3350 2942/3053
f 3130/3322 3152/3324 3179/3338
f 3064/3105 3216/3306 2939/3045
f 3047/3169 3159/3321 3132/3242
f 3103/3208 3222/3351 2796/2801
f 3061/3085 2889/3016 3165/3311
f 3062/3115 2759/2771 3151/3249
f 3121/3263 2993/2987 3201/3352
f 2991/3096 3112/3201 3202/3353
f 3085/3005 2991/3096 3191/3354
f 3085/3005 3191/3354 2980/3006
f 2957/3107 3209/3326 2972/3110
f 3127/3305 3006/3123 3171/3300
f 3072/3202 3144/3256 2899/2931
f 2897/2956 3134/3265 3108/3262
f 2770/2770 3241/3212 3045/3162
f 3022/3166 3214/3349 3199/3355
f 2821/2918 3261/3235 2732/2872
f 3024/3135 3180/3329 3101/3278
f 3106/3245 2945/3049 3276/3356
f 3121/3263 3201/3352 3165/3311
f 2899/2931 3144/3256 3134/3265
f 3143/3215 3200/3357 3128/3248
f 3019/3066 2871/2880 3303/3358
f 3013/3165 3247/3359 2681/2773
f 2884/2700 3110/3258 3316/3360
f 2884/2700 3316/3360 3136/3282
f 2594/2420 3081/3173 3071/3146
f 2964/2905 3236/3350 2830/3046
f 3119/3216 3028/3067 3093/3154
f 3012/3070 3206/3361 2969/3018
f 3070/3227 3033/3128 3196/3362
f 3035/2875 3240/3363 3305/3174
f 2959/3037 3029/3026 3344/3364
f 2801/2927 3210/3365 3137/3289
f 3087/3244 3095/3168 3147/3310
f 3131/3240 3029/3026 3076/3132
f 2946/3041 3254/3366 3131/3240
f 3185/3234 2779/2852 3318/3367
f 2944/3056 3205/3339 3038/3221
f 2965/3044 3261/3235 2821/2918
f 2965/3203 3217/3368 3261/3369
f 3101/3278 3132/3242 3159/3321
f 2997/3119 3082/3237 3214/3349
f 3138/3172 3071/3146 3081/3173
f 3115/3274 2812/2889 3215/3370
f 3104/3148 3311/3371 2945/3049
f 2922/3043 3195/3292 3079/3076
f 3191/3354 2991/3096 3202/3353
f 2676/2703 3118/3137 3378/3372
f 2676/2703 3378/3372 2908/3036
f 3074/3210 3190/3302 3377/3373
f 3074/3210 3377/3373 3082/3237
f 2433/3374 3363/3375 2112/3376
f 2957/3107 3080/3181 3244/3325
f 2946/3041 2766/2796 3192/3377
f 2948/3055 3269/3378 2900/2938
f 2867/2895 3312/3379 2951/3073
f 2867/2895 3136/3282 3312/3379
f 3038/3221 3242/3380 2986/3080
f 3158/3273 3295/3381 2949/3087
f 2689/3260 2493/3382 3204/3261
f 2923/3059 3197/3307 3306/3269
f 2923/3059 3306/3269 3120/3209
f 3146/3233 3321/3383 2814/2866
f 3011/3033 3280/3384 3073/3095
f 2718/2787 2908/3036 2883/2894
f 2766/2796 3155/3224 3258/3385
f 2766/2796 3258/3385 3192/3377
f 2801/2927 2941/2967 3210/3365
f 2812/2889 2662/2732 3215/3370
f 3102/3126 3270/3386 2842/2994
f 3133/3229 2845/2955 3248/3387
f 2681/2773 3247/3359 2818/2775
f 3145/3285 3247/3359 3013/3165
f 2791/2850 3279/3388 3118/3137
f 3124/3246 3198/3334 3173/3275
f 2761/2848 3164/3236 3237/3290
f 3084/3120 3169/3313 3174/3297
f 3022/3166 3199/3355 3156/3284
f 3096/3220 3250/3389 3198/3334
f 3051/3136 3037/3184 3221/3390
f 2870/2887 2959/3037 3150/3228
f 2715/2726 3126/3177 3371/3391
f 2953/3054 2936/3040 3164/3236
f 3152/3324 3289/3392 3179/3338
f 3014/2916 3193/3281 3145/3285
f 3011/3033 3187/3330 3280/3384
f 2196/2672 3836/3393 2639/3394
f 3078/3230 3272/3266 3117/3264
f 2759/2771 2715/2726 3371/3391
f 2845/2955 3141/3299 3248/3387
f 3127/3305 3229/3395 3096/3156
f 3112/3201 3133/3229 3287/3396
f 2949/3087 3295/3381 3116/3293
f 2938/3064 2915/2965 3207/3397
f 2318/2113 3381/3398 2430/2426
f 3016/3179 3026/3129 3262/3399
f 3125/3153 3087/3244 3232/3314
f 3113/3207 3086/3204 3069/3130
f 2854/2871 3182/3287 2849/2970
f 3028/3067 3119/3216 3184/3238
f 3156/3284 3227/3400 3141/3299
f 3067/3182 3077/3149 3228/3401
f 3053/3197 3249/3348 3088/3198
f 2886/3014 3114/3328 3281/3402
f 2886/3014 3281/3402 3175/3223
f 2972/3110 3256/3403 3143/3215
f 2972/3110 3209/3326 3256/3403
f 2570/2542 3060/3112 3339/3404
f 2286/2261 3340/3331 2434/2419
f 2907/2812 2863/2944 3337/2733
f 3172/3301 3255/3405 3058/3147
f 3061/3085 3165/3311 3171/3300
f 3111/3272 3174/3297 3257/3406
f 3178/3280 3059/3211 3231/3407
f 2969/3018 3298/3408 2875/3048
f 3059/3211 3128/3248 3231/3407
f 3058/3147 3255/3405 3226/3409
f 3035/2875 2987/3023 3240/3363
f 2824/2890 3399/3410 2966/2978
f 3101/3278 3180/3329 3235/3411
f 3005/3101 3139/3255 3302/3412
f 3036/3060 3212/3286 3068/3190
f 3037/3184 3065/3199 3221/3390
f 2948/3346 3173/3275 3269/3413
f 3065/3199 3267/3231 3260/3414
f 3051/3136 3307/3415 3212/3286
f 3087/3244 3147/3310 3232/3314
f 3088/3198 3264/3416 3181/3308
f 3111/3272 3257/3406 3147/3310
f 3170/3259 3154/3295 3162/3323
f 3066/3194 3148/3187 3246/3340
f 3033/3128 3245/3283 3328/3417
f 2993/2987 3252/3271 3201/3352
f 2570/2542 3339/3404 2764/2808
f 2779/2852 3355/3418 3318/3367
f 2987/3023 3115/3274 3277/3419
f 3148/3187 2384/3250 3265/3420
f 3191/3354 3304/3421 3288/3422
f 3191/3354 3288/3422 2980/3006
f 3075/3134 3092/3133 3225/3423
f 3101/3278 3235/3411 3263/3243
f 3101/3278 3263/3243 3132/3242
f 3293/3303 3309/3424 3189/3304
f 2946/3041 3192/3377 3344/3364
f 2946/3041 3344/3364 3254/3366
f 3029/3026 3131/3240 3344/3364
f 3153/3254 3135/3251 3322/3425
f 3040/3042 3108/3262 3316/3360
f 2863/2944 3237/3290 3368/3426
f 3002/2810 3349/3427 3239/3213
f 2796/2801 3222/3351 3172/3301
f 2871/2880 2981/3089 3319/3428
f 2814/2866 3321/3383 3195/3292
f 2565/2546 3046/3118 3360/3429
f 2565/2546 3360/3429 2824/2890
f 3225/3423 3092/3133 3251/3430
f 3186/3291 3286/3431 3092/3133
f 3267/3231 2861/3032 3326/3432
f 3157/3288 3015/3127 3357/3433
f 3198/3334 3250/3389 3173/3275
f 3122/3226 3283/3434 3023/3163
f 3153/3254 3322/3425 2891/3252
f 3065/3199 3260/3414 3221/3390
f 2951/3073 3312/3379 2964/2905
f 2759/2771 3273/3435 3151/3249
f 3096/3220 3229/3436 3250/3389
f 3371/3391 3273/3435 2759/2771
f 3128/3248 3200/3357 3310/3437
f 2703/2571 3313/3268 3314/3438
f 2984/3022 3315/3439 3186/3291
f 2987/3023 3277/3419 3240/3363
f 3020/3312 3284/3440 2970/3068
f 3075/3134 3225/3423 3271/3441
f 3040/3042 3316/3360 3110/3258
f 2998/3079 3283/3434 3160/3279
f 2986/3080 3242/3380 3097/3196
f 3075/3134 3271/3441 3213/3336
f 2942/3053 3236/3350 3103/3208
f 2843/2858 3163/3084 3294/3442
f 2909/2974 3355/3418 2779/2852
f 3079/3076 3299/3443 3187/3330
f 3230/3344 3155/3224 3184/3238
f 3083/3164 3094/3167 3107/3267
f 2818/2775 3297/3444 3077/3149
f 3070/3227 3258/3385 3230/3344
f 3203/3316 2980/3006 3288/3422
f 2430/2426 3274/3445 1815/1830
f 2849/2970 3336/3446 3100/3222
f 2818/2775 3247/3359 3365/3447
f 2818/2775 3365/3447 3297/3444
f 3005/3101 3302/3412 3167/3318
f 3191/3354 3202/3353 3304/3421
f 3088/3198 3249/3348 3264/3416
f 2869/2849 3350/3448 3188/3232
f 3012/3070 3282/3294 3206/3361
f 3251/3430 3092/3133 3286/3431
f 2860/2807 3494/3449 2797/2922
f 2956/3176 3129/3276 3169/3313
f 3021/3161 3259/3342 3190/3302
f 2703/2571 3314/3438 3400/3217
f 3127/3305 3275/3450 3229/3395
f 2638/2691 2895/2910 3345/3451
f 3161/3219 3292/3452 3123/3218
f 3214/3349 3082/3237 3343/3453
f 2943/3090 3181/3308 3142/3188
f 2384/3250 2618/3454 3265/3420
f 3049/3178 3218/3335 3197/3307
f 3228/3401 3296/3455 3067/3182
f 3190/3302 3352/3456 3377/3373
f 3155/3224 3230/3344 3258/3385
f 2869/2849 2638/2691 3238/3457
f 2920/2997 3233/3320 3109/3160
f 3141/3299 3227/3400 3266/3458
f 3045/3162 3241/3212 3158/3273
f 3141/3299 3266/3458 3248/3387
f 2086/1914 3056/3071 3380/3459
f 2843/2858 3294/3442 2936/3040
f 2618/3460 2829/3029 3500/3461
f 2662/2732 3175/3223 3215/3370
f 3249/3348 3338/3462 3264/3416
f 3148/3187 3291/3463 3246/3340
f 3127/3305 3327/3464 3275/3450
f 3009/3191 3306/3269 3161/3219
f 2866/2925 3234/3241 2772/2651
f 3117/3264 3300/3465 3224/3341
f 2516/2664 3168/3200 3345/3451
f 2516/2664 3345/3451 2895/2910
f 2638/2691 3345/3451 3238/3457
f 3151/3249 3273/3435 3211/3270
f 3248/3387 3317/3466 3133/3229
f 3171/3300 3201/3352 3127/3305
f 3166/3332 3290/3467 3163/3084
f 3186/3291 3334/3468 3286/3431
f 2871/2880 3319/3428 3303/3358
f 2869/2849 3238/3457 3350/3448
f 2966/2978 3399/3410 3194/3317
f 2764/2808 3339/3404 3389/3469
f 2915/2965 3032/3039 3457/3470
f 2434/2419 3522/3471 3041/2551
f 3166/3332 3223/3333 3290/3467
f 3127/3305 3325/3472 3327/3464
f 3174/3297 3169/3313 3411/3473
f 3148/3187 3265/3420 3291/3463
f 3189/3304 3330/3474 3140/3257
f 2945/3049 3311/3371 3276/3356
f 3126/3177 3458/3475 3371/3391
f 3080/3181 3320/3476 3244/3325
f 3179/3338 3289/3392 3177/3192
f 2970/3068 3412/3477 2974/3124
f 3086/3204 3140/3257 3069/3130
f 3208/3347 3016/3179 3262/3399
f 2970/3068 3284/3440 3412/3477
f 3052/3140 3179/3338 3177/3192
f 2842/2994 3341/3478 3205/3339
f 2965/3203 3246/3340 3217/3368
f 2228/3151 3253/3337 2929/3479
f 2974/3124 3351/3480 2881/2968
f 3186/3291 3315/3439 3334/3468
f 3225/3423 3251/3430 3308/3481
f 3152/3324 3335/3482 3289/3392
f 3257/3406 3331/3483 3147/3310
f 3188/3232 3506/3484 2901/2966
f 3156/3284 3199/3355 3227/3400
f 3171/3300 3165/3311 3201/3352
f 3147/3310 3353/3485 3232/3314
f 3205/3339 3341/3478 3038/3221
f 2977/3093 3183/3309 3332/3486
f 3150/3228 2959/3037 3418/3487
f 3082/3237 3377/3373 3508/3488
f 3152/3324 3162/3323 3335/3482
f 3251/3430 3286/3431 3334/3468
f 3020/3312 3239/3489 3284/3440
f 2984/3022 3123/3218 3390/3490
f 2984/3022 3390/3490 3315/3439
f 3079/3076 3195/3292 3299/3443
f 3227/3400 3323/3491 3266/3458
f 3192/3377 3346/3492 3324/3493
f 3211/3270 3273/3435 3371/3391
f 3210/3365 2941/2967 3396/3494
f 3122/3226 3160/3279 3283/3434
f 3067/3182 3296/3455 3098/3206
f 3267/3231 3326/3432 3409/3495
f 2824/2890 3360/3429 3399/3410
f 3112/3201 3287/3396 3407/3496
f 3112/3201 3407/3496 3202/3353
f 3069/3130 3140/3257 3330/3474
f 3069/3130 3330/3474 3384/3497
f 3127/3305 3201/3352 3325/3472
f 3192/3377 3258/3385 3346/3492
f 3226/3409 3375/3498 3058/3147
f 2981/3089 3116/3293 3329/3499
f 2977/3093 3332/3486 3050/3170
f 3199/3355 3323/3491 3227/3400
f 1707/1631 3400/3217 3385/3500
f 3070/3227 3346/3492 3258/3385
f 3051/3136 3221/3390 3307/3415
f 3026/3129 3069/3130 3262/3399
f 3128/3248 3310/3437 3342/3501
f 3098/3206 3443/3502 3102/3126
f 3100/3222 3336/3446 3535/3503
f 3128/3248 3342/3501 3231/3407
f 3002/2810 2797/2922 3613/3504
f 2941/2967 2938/3064 3396/3494
f 3312/3379 3403/3505 2964/2905
f 3107/3267 3094/3167 3374/3506
f 3107/3267 3374/3506 3154/3295
f 3143/3215 3256/3403 3200/3357
f 3196/3362 3333/3507 3070/3227
f 3082/3237 3508/3488 3343/3453
f 3290/3467 3223/3333 3354/3508
f 2964/2905 3403/3505 3236/3350
f 2791/2850 3177/3192 3382/3509
f 3181/3308 3264/3416 3142/3188
f 2861/3032 2883/2894 3326/3432
f 3015/3127 3243/3315 3357/3433
f 3211/3270 3371/3391 3252/3271
f 3275/3450 3362/3510 3229/3395
f 3149/3180 3099/3155 3361/3327
f 3174/3297 3411/3473 3257/3406
f 3309/3424 3330/3474 3189/3304
f 3269/3511 3419/3512 2900/3513
f 3098/3206 3296/3455 3443/3502
f 3133/3229 3317/3466 3358/3514
f 3202/3353 3523/3515 3304/3421
f 2860/2807 3337/2733 3494/3449
f 3133/3229 3358/3514 3287/3396
f 2136/1764 2930/2828 3056/3071
f 3250/3389 3229/3436 3362/3516
f 3250/3389 3362/3516 3173/3275
f 3050/3170 3367/3517 3180/3329
f 2797/2922 3494/3449 3613/3504
f 3275/3450 3327/3464 3362/3510
f 2903/2972 3268/3343 2918/2980
f 3193/3281 3100/3222 3535/3503
f 3292/3452 3161/3219 3356/3518
f 3173/3275 3362/3516 3568/3519
f 3070/3227 3333/3507 3346/3492
f 2196/2672 2750/2671 3836/3393
f 3104/3148 3434/3520 3311/3371
f 3134/3265 3144/3256 3387/3521
f 2891/3252 3322/3425 3359/3522
f 2112/3376 3363/3375 1321/2670
f 3071/3146 3138/3172 3372/3175
f 3038/3221 3341/3478 3278/3523
f 2998/3079 3224/3341 3283/3434
f 2398/2247 3219/3247 2979/2909
f 3023/3163 3283/3434 3293/3303
f 3099/3155 3167/3318 3415/3524
f 3180/3329 3367/3517 3235/3411
f 2891/3252 3359/3522 3183/3525
f 3157/3288 3357/3433 3259/3342
f 3147/3310 3331/3483 3353/3485
f 3091/2996 2958/2759 3144/3256
f 3213/3336 3391/3526 3064/3105
f 3195/3292 3321/3383 3416/3527
f 3135/3251 3018/3138 3370/3528
f 3266/3458 3393/3529 3248/3387
f 3235/3411 3245/3283 3263/3243
f 3232/3314 3353/3485 3401/3530
f 3158/3273 3241/3212 3295/3381
f 3232/3314 3401/3530 3426/3531
f 3249/3348 3441/3532 3338/3462
f 3195/3292 3416/3527 3299/3443
f 3116/3293 3295/3381 3376/3533
f 2883/2894 3484/3534 3326/3432
f 3131/3240 3254/3366 3344/3364
f 3297/3444 3424/3535 3077/3149
f 3282/3294 3410/3536 3206/3361
f 3225/3423 3308/3481 3271/3441
f 3154/3295 3348/3537 3369/3538
f 3172/3301 3222/3351 3432/3539
f 3172/3301 3432/3539 3255/3405
f 2875/3048 3298/3408 3405/3540
f 2875/3048 3405/3540 3233/3320
f 3235/3411 3367/3517 3245/3283
f 2900/3513 3419/3512 2992/3277
f 3289/3392 3382/3509 3177/3192
f 3210/3365 3396/3494 3137/3289
f 2902/2979 3185/3234 3060/3112
f 3241/3212 3109/3160 3414/3541
f 3058/3147 3375/3498 3094/3167
f 2791/2850 3382/3509 3279/3388
f 3199/3355 3214/3349 3323/3491
f 2849/2970 3182/3287 3336/3446
f 3231/3407 3342/3501 3178/3280
f 2974/3124 3412/3477 3351/3480
f 3178/3280 3342/3501 3104/3148
f 3248/3387 3393/3529 3317/3466
f 3287/3396 3477/3542 3407/3496
f 3349/3427 3468/3543 3239/3213
f 3064/3105 3391/3526 3216/3306
f 2908/3036 3465/3544 2883/2894
f 3161/3219 3306/3269 3356/3518
f 3311/3371 3408/3545 3276/3356
f 3202/3353 3407/3496 3523/3515
f 3108/3262 3134/3265 3453/3546
f 3154/3295 3374/3506 3348/3537
f 3251/3430 3334/3468 3315/3439
f 3251/3430 3315/3439 3379/3547
f 3264/3416 3338/3462 3459/3548
f 3325/3472 3201/3352 3383/3549
f 3322/3425 3366/3550 3364/3551
f 3294/3442 3163/3084 3420/3552
f 3221/3390 3260/3414 3404/3553
f 3293/3303 3398/3554 3309/3424
f 3306/3269 3197/3307 3218/3335
f 3320/3476 3080/3181 3285/3345
f 3218/3335 3232/3314 3426/3531
f 3266/3458 3464/3555 3393/3529
f 3106/3245 3276/3356 3373/3556
f 3055/3094 2901/2966 3129/3276
f 3038/3221 3278/3523 3242/3380
f 3213/3336 3271/3441 3394/3557
f 3333/3507 3386/3558 3346/3492
f 3257/3406 3411/3473 3331/3483
f 3032/3039 2918/2980 3268/3343
f 3032/3039 3268/3343 3452/3559
f 2764/2808 3536/3560 3168/3200
f 3162/3323 3154/3295 3369/3538
f 2430/2426 3381/3398 3274/3445
f 3193/3281 3397/3561 3145/3285
f 2657/2637 3194/3317 3220/3298
f 3228/3401 3077/3149 3392/3562
f 3206/3361 3514/3563 2969/3018
f 3018/3138 3498/3564 3370/3528
f 3018/3138 3361/3327 3498/3564
f 3126/3177 2929/2982 3456/3565
f 3213/3336 3394/3557 3391/3526
f 3322/3425 3364/3551 3359/3522
f 3142/3188 3264/3416 3459/3548
f 3050/3170 3413/3566 3367/3517
f 3050/3170 3332/3486 3413/3566
f 3103/3208 3444/3567 3222/3351
f 3289/3392 3335/3482 3395/3568
f 3316/3360 3451/3569 3136/3282
f 3322/3425 3135/3251 3366/3550
f 3260/3414 3267/3231 3404/3553
f 3135/3251 3370/3528 3366/3550
f 3175/3223 3281/3402 3463/3570
f 2992/3277 3419/3512 3272/3266
f 3277/3419 3402/3571 3240/3363
f 2959/3037 3344/3364 3489/3572
f 3228/3401 3392/3562 3296/3455
f 3115/3274 3215/3370 3277/3419
f 2842/2994 3270/3386 3341/3478
f 2981/3089 3329/3499 3446/3573
f 3033/3128 3328/3417 3480/3574
f 3033/3128 3480/3574 3196/3362
f 3106/3245 3373/3556 3433/3575
f 3346/3492 3386/3558 3324/3493
f 3116/3293 3376/3533 3329/3499
f 3218/3335 3426/3531 3467/3576
f 3209/3326 3244/3325 3450/3577
f 3190/3302 3259/3342 3352/3456
f 3289/3392 3395/3568 3382/3509
f 3019/3066 3303/3358 3223/3333
f 3266/3458 3323/3491 3464/3555
f 3247/3359 3145/3285 3365/3447
f 3068/3190 3212/3286 3455/3578
f 2863/2944 3368/3426 3337/2733
f 3114/3328 3090/3152 3281/3402
f 3077/3149 3424/3535 3392/3562
f 3251/3430 3379/3547 3308/3481
f 3201/3352 3406/3579 3437/3580
f 3284/3440 3422/3581 3412/3477
f 3103/3208 3236/3350 3444/3567
f 3293/3303 3447/3582 3398/3554
f 3325/3472 3383/3549 3421/3583
f 3261/3369 3217/3368 3435/3584
f 3144/3256 2958/2759 3347/3585
f 3279/3388 3378/3372 3118/3137
f 2887/2947 3380/3459 3554/3586
f 3383/3549 3201/3352 3430/3587
f 3138/3172 3423/3588 3372/3175
f 3291/3463 3265/3420 3438/3589
f 3068/3190 3455/3578 3431/3590
f 3201/3352 3252/3271 3406/3579
f 3252/3271 3371/3391 3458/3475
f 3196/3362 3428/3591 3333/3507
f 3325/3472 3421/3583 3327/3464
f 1585/2178 5560/2833 3720/3592
f 3243/3315 3440/3593 3357/3433
f 3182/3287 3137/3289 3336/3446
f 3331/3483 3411/3473 3417/3594
f 3249/3348 3105/3239 3441/3532
f 3106/3245 3433/3575 3105/3239
f 3218/3335 3425/3595 3429/3596
f 3293/3303 3283/3434 3447/3582
f 1321/2670 3363/3375 2750/2671
f 2887/2947 2086/1914 3380/3459
f 3144/3256 3347/3585 3387/3521
f 3356/3518 3461/3597 3292/3452
f 3356/3518 3306/3269 3436/3598
f 2981/3089 3446/3573 3319/3428
f 3316/3360 3108/3262 3451/3569
f 3218/3335 3429/3596 3306/3269
f 3068/3190 3431/3590 3466/3599
f 3068/3190 3466/3599 3285/3345
f 3220/3298 3442/3600 2909/2974
f 3138/3172 2634/2719 3423/3588
f 3209/3326 3450/3577 3256/3403
f 3256/3403 3482/3601 3200/3357
f 3201/3352 3437/3580 3430/3587
f 3123/3218 3292/3452 3461/3597
f 3123/3218 3461/3597 3390/3490
f 3142/3188 3459/3548 3243/3315
f 3117/3264 3579/3602 3300/3465
f 3282/3294 3057/3139 3410/3536
f 3193/3281 3535/3503 3445/3603
f 3193/3281 3445/3603 3397/3561
f 3317/3466 3393/3529 3358/3514
f 3104/3148 3342/3501 3434/3520
f 2804/2904 3261/3235 3253/3604
f 3323/3491 3343/3453 3454/3605
f 3276/3356 3439/3606 3373/3556
f 3245/3283 3367/3517 3328/3417
f 3002/2810 3613/3504 3349/3427
f 3291/3463 3438/3589 3246/3340
f 3344/3364 3192/3377 3460/3607
f 3288/3422 3304/3421 3203/3316
f 2901/2966 3506/3484 3129/3276
f 3276/3356 3408/3545 3439/3606
f 2433/3608 3630/3609 3363/3610
f 3362/3516 3475/3611 3568/3519
f 3333/3507 3502/3612 3386/3558
f 3290/3467 3354/3508 3448/3613
f 3424/3535 3297/3444 3488/3614
f 3361/3327 3099/3155 3516/3615
f 3164/3236 2936/3040 3237/3290
f 3393/3529 3464/3555 3521/3616
f 3094/3167 3375/3498 3374/3506
f 3383/3549 3430/3587 3421/3583
f 3214/3349 3343/3453 3323/3491
f 3252/3271 3478/3617 3406/3579
f 3357/3433 3352/3456 3259/3342
f 2938/3064 3574/3618 3396/3494
f 3129/3276 3549/3619 3169/3313
f 3427/3620 3449/3621 3395/3568
f 3427/3620 3395/3568 3335/3482
f 3331/3483 3417/3594 3353/3485
f 3355/3418 3495/3622 3318/3367
f 3145/3285 3519/3623 3365/3447
f 3386/3558 3472/3624 3324/3493
f 3221/3390 3470/3625 3307/3415
f 3327/3464 3421/3583 3362/3510
f 3299/3443 3530/3626 3187/3330
f 3162/3323 3369/3538 3469/3627
f 3304/3421 3569/3628 3203/3316
f 3367/3517 3413/3566 3481/3629
f 3836/3393 3622/3630 2639/3394
f 3069/3130 3462/3631 3262/3399
f 3290/3467 3448/3613 3420/3552
f 3290/3467 3420/3552 3163/3084
f 3324/3493 3489/3572 3192/3377
f 3192/3377 3489/3572 3460/3607
f 3212/3286 3307/3415 3455/3578
f 3323/3491 3454/3605 3464/3555
f 3240/3363 3402/3571 3305/3174
f 3330/3474 3309/3424 3384/3497
f 2764/2808 3389/3469 3536/3560
f 3366/3550 3370/3528 3474/3632
f 3308/3481 3479/3633 3271/3441
f 3176/3031 2306/3030 3525/3634
f 3427/3620 3335/3482 3469/3627
f 3427/3620 3469/3627 3471/3635
f 3404/3553 3470/3625 3221/3390
f 3218/3335 3467/3576 3425/3595
f 3032/3039 3452/3559 3457/3470
f 3344/3364 3460/3607 3489/3572
f 3320/3476 3285/3345 3510/3636
f 3287/3396 3358/3514 3477/3542
f 3224/3341 3300/3465 3507/3637
f 3392/3562 3664/3638 3296/3455
f 3108/3262 3453/3546 3451/3569
f 3362/3510 3421/3583 3475/3639
f 3162/3323 3469/3627 3335/3482
f 2461/2595 3073/3095 2937/2936
f 3239/3489 3422/3581 3284/3440
f 3367/3517 3481/3629 3328/3417
f 3298/3408 3483/3640 3405/3540
f 3410/3536 3057/3139 3473/3641
f 2909/2974 3442/3600 3355/3418
f 3208/3347 3518/3642 3139/3255
f 3306/3269 3429/3596 3436/3598
f 3271/3441 3492/3643 3394/3557
f 3252/3271 3458/3475 3478/3617
f 3150/3228 3541/3644 3090/3152
f 3150/3228 3418/3487 3552/3645
f 3196/3362 3480/3574 3428/3591
f 2959/3037 3489/3572 3418/3487
f 2969/3018 3514/3563 3298/3408
f 3398/3554 3504/3646 3309/3424
f 3256/3403 3450/3577 3482/3601
f 3187/3330 3530/3626 3280/3384
f 3217/3368 3246/3340 3435/3584
f 3139/3255 3526/3647 3302/3412
f 3139/3255 3545/3648 3526/3647
f 3145/3285 3397/3561 3519/3623
f 3117/3264 3272/3266 3579/3602
f 3333/3507 3428/3591 3502/3612
f 3261/3235 3533/3649 3253/3604
f 3320/3476 3510/3636 3512/3650
f 3320/3476 3512/3650 3244/3325
f 3353/3485 3417/3594 3401/3530
f 3359/3522 3364/3551 3493/3651
f 3057/3139 3486/3652 3473/3641
f 3129/3276 3506/3484 3549/3619
f 3304/3421 3523/3515 3503/3653
f 3355/3418 3442/3600 3577/3654
f 3406/3579 3478/3617 3437/3580
f 2915/2965 3457/3470 3207/3397
f 3447/3582 3504/3646 3398/3554
f 3421/3583 3430/3587 3475/3639
f 3414/3541 3109/3160 3476/3655
f 3136/3282 3451/3569 3312/3379
f 3435/3584 3246/3340 3505/3656
f 3426/3531 3401/3530 3515/3657
f 3134/3265 3491/3658 3453/3546
f 2929/3479 3253/3337 3563/3659
f 3449/3621 3517/3660 3395/3568
f 3366/3550 3474/3632 3364/3551
f 3387/3521 3491/3658 3134/3265
f 3267/3231 3409/3495 3404/3553
f 3342/3501 3310/3437 3499/3661
f 3361/3327 3516/3615 3498/3564
f 3368/3426 3237/3290 3524/3662
f 3352/3456 3487/3663 3377/3373
f 3412/3477 3551/3664 3351/3480
f 3139/3255 3518/3642 3545/3648
f 3069/3130 3384/3497 3462/3631
f 3099/3155 3415/3524 3516/3615
f 3283/3434 3224/3341 3507/3637
f 3358/3514 3393/3529 3477/3542
f 3502/3612 3472/3624 3386/3558
f 3315/3439 3390/3490 3379/3547
f 3146/3233 3097/3196 3546/3665
f 3310/3437 3200/3357 3509/3666
f 3239/3489 3468/3667 3422/3581
f 3244/3325 3512/3650 3450/3577
f 3392/3562 3424/3535 3496/3668
f 3168/3200 3536/3560 3548/3669
f 3405/3540 3483/3640 3501/3670
f 2881/2968 3351/3480 3551/3664
f 2881/2968 3551/3664 3046/3118
f 3215/3370 3175/3223 3497/3671
f 3319/3428 3446/3573 3531/3672
f 3255/3405 3432/3539 3226/3409
f 3215/3370 3497/3671 3277/3419
f 3041/2551 3522/3471 3268/3343
f 3357/3433 3440/3593 3352/3456
f 1877/3673 2639/3394 3593/3674
f 1877/3673 3593/3674 2493/3382
f 3438/3589 3490/3675 3485/3676
f 3378/3372 3624/3677 2908/3036
f 3243/3315 3459/3548 3556/3678
f 3395/3568 3517/3660 3382/3509
f 3441/3532 3547/3679 3338/3462
f 2829/3029 3176/3031 3500/3461
f 3206/3361 3410/3536 3514/3563
f 3321/3383 3146/3233 3592/3680
f 2785/2636 3720/3592 2913/2907
f 3385/3500 3636/3681 1707/1631
f 3105/3239 3433/3575 3441/3532
f 2434/2419 3340/3331 3647/3682
f 2634/2719 3581/3683 3423/3588
f 3434/3520 3342/3501 3566/3684
f 3438/3589 3485/3676 3550/3685
f 3437/3580 3478/3617 3430/3587
f 3458/3475 3126/3177 3478/3617
f 3294/3442 3420/3552 3555/3686
f 3411/3473 3169/3313 3549/3619
f 3359/3522 3493/3651 3527/3687
f 3472/3624 3544/3688 3324/3493
f 3428/3591 3480/3574 3625/3689
f 3369/3538 3542/3690 3469/3627
f 3283/3434 3513/3691 3447/3582
f 3478/3617 3126/3177 3430/3587
f 3364/3551 3474/3632 3493/3651
f 3485/3676 3490/3675 3529/3692
f 3417/3594 3411/3473 3588/3693
f 3438/3589 3265/3420 3490/3675
f 2929/3479 3563/3659 3456/3694
f 3283/3434 3507/3637 3513/3691
f 3436/3598 3528/3695 3356/3518
f 3418/3487 3489/3572 3544/3688
f 3243/3315 3556/3678 3440/3593
f 3392/3562 3496/3668 3664/3638
f 3425/3595 3467/3576 3539/3696
f 3401/3530 3417/3594 3515/3657
f 3285/3345 3466/3599 3557/3697
f 3285/3345 3557/3697 3510/3636
f 3427/3620 3471/3635 3589/3698
f 3356/3518 3528/3695 3461/3597
f 3324/3493 3544/3688 3489/3572
f 3279/3388 3382/3509 3662/3699
f 3407/3496 3477/3542 3511/3700
f 3342/3501 3499/3661 3566/3684
f 3237/3290 2936/3040 3294/3442
f 3237/3290 3294/3442 3578/3701
f 3430/3587 3126/3177 3456/3565
f 3430/3587 3456/3565 3475/3639
f 3352/3456 3440/3593 3556/3678
f 3137/3289 3396/3494 3695/3702
f 3373/3556 3439/3606 3553/3703
f 3146/3233 3601/3704 3592/3680
f 3280/3384 3530/3626 3073/3095
f 3426/3531 3515/3657 3467/3576
f 3329/3499 3376/3533 3446/3573
f 3369/3538 3348/3537 3542/3690
f 3438/3589 3550/3685 3246/3340
f 2930/2828 3388/3319 3654/3705
f 3150/3228 3552/3645 3541/3644
f 3423/3588 3340/3331 3372/3175
f 3300/3465 3603/3706 3507/3637
f 3326/3432 3623/3707 3409/3495
f 3449/3621 3427/3620 3589/3698
f 3529/3692 3490/3675 3537/3708
f 3295/3381 3241/3212 3376/3533
f 3408/3545 3559/3709 3439/3606
f 3408/3545 3311/3371 3559/3709
f 3337/2733 3673/3710 3494/3449
f 3418/3487 3544/3688 3538/3711
f 3328/3417 3481/3629 3480/3574
f 3490/3675 3534/3712 3537/3708
f 3246/3340 3550/3685 3505/3656
f 2938/3064 3207/3397 3639/3713
f 3450/3577 3512/3650 3570/3714
f 3173/3275 3594/3715 3269/3413
f 3097/3196 3242/3380 3546/3665
f 3242/3380 3278/3523 3546/3665
f 3377/3373 3532/3716 3508/3488
f 3352/3456 3575/3717 3487/3663
f 3303/3358 3319/3428 3617/3718
f 3431/3590 3557/3697 3466/3599
f 3414/3541 3476/3655 3591/3719
f 2714/2606 1707/1631 3636/3681
f 3415/3524 3167/3318 3792/3720
f 3310/3437 3509/3666 3499/3661
f 3387/3721 3347/3722 3491/3723
f 3300/3465 3668/3724 3603/3706
f 3454/3605 3343/3453 3508/3488
f 2434/2419 3647/3682 3522/3471
f 3377/3373 3487/3663 3595/3725
f 3485/3676 3529/3692 3558/3726
f 3241/3212 3520/3727 3376/3533
f 3307/3415 3470/3625 3455/3578
f 3445/3603 3584/3728 3397/3561
f 3220/3298 3194/3317 3717/3729
f 3521/3616 3464/3555 3561/3730
f 3370/3528 3560/3731 3474/3632
f 3370/3528 3498/3564 3560/3731
f 3523/3515 3407/3496 3564/3732
f 3262/3399 3518/3642 3208/3347
f 3434/3520 3566/3684 3559/3709
f 3568/3519 3594/3715 3173/3275
f 3203/3316 3569/3628 3057/3139
f 3352/3456 3556/3678 3575/3717
f 3238/3457 3679/3733 3350/3448
f 3417/3594 3599/3734 3515/3657
f 3407/3496 3511/3700 3564/3732
f 3425/3595 3539/3696 3571/3735
f 3425/3595 3571/3735 3429/3596
f 3429/3596 3572/3736 3436/3598
f 3446/3573 3646/3737 3531/3672
f 3377/3373 3595/3725 3532/3716
f 3436/3598 3572/3736 3562/3738
f 3183/3525 3580/3739 3332/3740
f 3455/3578 3540/3741 3431/3590
f 3236/3350 3403/3505 3444/3567
f 3434/3520 3559/3709 3311/3371
f 3539/3696 3599/3734 3571/3735
f 3558/3726 3608/3742 3485/3676
f 3418/3487 3538/3711 3552/3645
f 3436/3598 3562/3738 3528/3695
f 3223/3333 3303/3358 3354/3508
f 3542/3690 3348/3537 3573/3743
f 3486/3652 3057/3139 3569/3628
f 3337/2733 3368/3426 3673/3710
f 3475/3611 3456/3694 3568/3519
f 3468/3667 3604/3744 3422/3581
f 3469/3627 3542/3690 3471/3635
f 3473/3641 3609/3745 3410/3536
f 3450/3577 3570/3714 3482/3601
f 3146/3233 3546/3665 3583/3746
f 3390/3490 3461/3597 3379/3547
f 2938/3064 3639/3713 3574/3618
f 2908/3036 3624/3677 3465/3544
f 2883/2894 3670/3747 3484/3534
f 3296/3455 3664/3638 3443/3502
f 3109/3160 3233/3320 3476/3655
f 3175/3223 3463/3570 3705/3748
f 3464/3555 3585/3749 3561/3730
f 3449/3621 3589/3698 3606/3750
f 3253/3604 3634/3751 3563/3752
f 3220/3298 3717/3729 3671/3753
f 1585/2178 3720/3592 2785/2636
f 3271/3441 3479/3633 3492/3643
f 2493/3382 3663/3754 3204/3261
f 3222/3351 3444/3567 3700/3755
f 3556/3678 3459/3548 3615/3756
f 2772/3757 3234/3758 3793/3759
f 3509/3666 3200/3357 3648/3760
f 3523/3515 3565/3761 3503/3653
f 3515/3657 3599/3734 3467/3576
f 3485/3676 3608/3742 3550/3685
f 3486/3652 3610/3762 3473/3641
f 3237/3290 3578/3701 3524/3662
f 3535/3503 3584/3728 3445/3603
f 3226/3409 3614/3763 3375/3498
f 3270/3386 3102/3126 3586/3764
f 3449/3621 3606/3750 3517/3660
f 3349/3427 3613/3504 3815/3765
f 3253/3604 3533/3649 3634/3751
f 3300/3465 3579/3602 3668/3724
f 3304/3421 3576/3766 3569/3628
f 3493/3651 3474/3632 3527/3687
f 3277/3419 3497/3671 3611/3767
f 3238/3457 3345/3451 3679/3733
f 3540/3741 3600/3768 3431/3590
f 3477/3542 3393/3529 3511/3700
f 3420/3552 3448/3613 3596/3769
f 3420/3552 3596/3769 3555/3686
f 3411/3473 3549/3619 3588/3693
f 3167/3318 3302/3412 3792/3720
f 3540/3741 3455/3578 3567/3770
f 3090/3152 3541/3644 3674/3771
f 3416/3527 3321/3383 3753/3772
f 3394/3557 3492/3643 3676/3773
f 3502/3612 3619/3774 3472/3624
f 3391/3526 3394/3557 3543/3775
f 3565/3761 3523/3515 3602/3776
f 3513/3691 3607/3777 3447/3582
f 3567/3770 3587/3778 3540/3741
f 3461/3597 3528/3695 3379/3547
f 3194/3317 3399/3410 3643/3779
f 3486/3652 3569/3628 3610/3762
f 3277/3419 3611/3767 3402/3571
f 3480/3574 3481/3629 3582/3780
f 3365/3447 3519/3623 3297/3444
f 3373/3556 3553/3703 3433/3575
f 3301/3296 4236/3781 2318/2113
f 3183/3525 3359/3522 3580/3739
f 3504/3646 3447/3582 3384/3497
f 3504/3646 3384/3497 3309/3424
f 3305/3174 3402/3571 3611/3767
f 3391/3526 3543/3775 3216/3306
f 3413/3566 3582/3780 3481/3629
f 3483/3640 3597/3782 3501/3670
f 3470/3625 3567/3770 3455/3578
f 3507/3637 3603/3706 3598/3783
f 3396/3494 3574/3618 3695/3702
f 3397/3561 3584/3728 3519/3623
f 3571/3735 3572/3736 3429/3596
f 3422/3581 3651/3784 3412/3477
f 3146/3233 3583/3746 3601/3704
f 3539/3696 3467/3576 3599/3734
f 3540/3741 3587/3778 3600/3768
f 3312/3379 3451/3569 3641/3785
f 3312/3379 3641/3785 3616/3786
f 3233/3320 3405/3540 3650/3787
f 3480/3574 3582/3780 3625/3689
f 2618/3460 3500/3461 3837/3788
f 3558/3726 3529/3692 3590/3789
f 3326/3432 3484/3534 3623/3707
f 3428/3591 3625/3689 3656/3790
f 3453/3791 3491/3723 3645/3792
f 3241/3212 3414/3541 3520/3727
f 3501/3670 3597/3782 3405/3540
f 3446/3573 3688/3793 3646/3737
f 3262/3399 3655/3794 3518/3642
f 3472/3624 3638/3795 3544/3688
f 3359/3522 3527/3687 3621/3796
f 3272/3266 3652/3797 3579/3602
f 3336/3446 3137/3289 3695/3702
f 3336/3446 3695/3702 3680/3798
f 3321/3383 3592/3680 3753/3772
f 3200/3357 3482/3601 3648/3760
f 3470/3625 3605/3799 3567/3770
f 3506/3484 3188/3232 3350/3448
f 3473/3641 3610/3762 3618/3800
f 3439/3606 3632/3801 3553/3703
f 3470/3625 3404/3553 3605/3799
f 1815/1830 3274/3445 3887/3802
f 1815/1830 3887/3802 5524/2685
f 3312/3379 3616/3786 3403/3505
f 3534/3712 3627/3803 3537/3708
f 3278/3523 3583/3746 3546/3665
f 3532/3716 3635/3804 3508/3488
f 3453/3791 3708/3805 3451/3806
f 3560/3731 3498/3564 3637/3807
f 3417/3594 3631/3808 3599/3734
f 3417/3594 3657/3809 3631/3808
f 3393/3529 3714/3810 3511/3700
f 3278/3523 3341/3478 3586/3764
f 3278/3523 3586/3764 3745/3811
f 3471/3635 3612/3812 3589/3698
f 3297/3444 3660/3813 3488/3614
f 2433/3608 2772/3757 3630/3609
f 3513/3691 3507/3637 3607/3777
f 3435/3584 3533/3814 3261/3369
f 3439/3606 3559/3709 3632/3801
f 3447/3582 3607/3777 3384/3497
f 3464/3555 3454/3605 3585/3749
f 3060/3112 3185/3234 3339/3404
f 3274/3445 3381/3398 3712/3815
f 3446/3573 3376/3533 3688/3793
f 3567/3770 3605/3799 3587/3778
f 3340/3331 3644/3816 3647/3682
f 3379/3547 3528/3695 3642/3817
f 3417/3594 3588/3693 3657/3809
f 3487/3663 3620/3818 3628/3819
f 3602/3776 3523/3515 3640/3820
f 3207/3397 3457/3470 3694/3821
f 3487/3663 3628/3819 3595/3725
f 3552/3645 3538/3711 3638/3795
f 3568/3519 3456/3694 3563/3659
f 3220/3298 3671/3753 3442/3600
f 3298/3408 3719/3822 3755/3823
f 3226/3409 3649/3824 3614/3763
f 3409/3495 3707/3825 3404/3553
f 3508/3488 3635/3804 3454/3605
f 3308/3481 3659/3826 3479/3633
f 3472/3624 3619/3774 3626/3827
f 3472/3624 3626/3827 3638/3795
f 3498/3564 3516/3615 3637/3807
f 3584/3728 3682/3828 3519/3623
f 3528/3695 3629/3829 3642/3817
f 3378/3372 3725/3830 3624/3677
f 2883/2894 3465/3544 3670/3747
f 3638/3795 3538/3711 3544/3688
f 3608/3742 3558/3726 3590/3789
f 3270/3386 3586/3764 3341/3478
f 3528/3695 3562/3738 3629/3829
f 3347/3722 3687/3831 3491/3723
f 3532/3716 3595/3725 3635/3804
f 3571/3735 3631/3808 3572/3736
f 3509/3666 3648/3760 3499/3661
f 2958/3832 2937/3833 3692/3834
f 3612/3812 3653/3835 3589/3698
f 3442/3600 3671/3753 3577/3654
f 3204/3261 3663/3754 3525/3634
f 3204/3261 3525/3634 2306/3030
f 3394/3557 3676/3773 3543/3775
f 3518/3836 3655/3837 3683/3838
f 3474/3632 3672/3839 3527/3687
f 3340/3331 3423/3588 3644/3816
f 3405/3540 3597/3782 3650/3787
f 2318/2113 4236/3781 3766/3840
f 3484/3534 3713/3841 3623/3707
f 2318/2113 3766/3840 3381/3398
f 3262/3399 3678/3842 3655/3794
f 3272/3266 3419/3512 3777/3843
f 3319/3428 3531/3672 3617/3718
f 3393/3529 3521/3616 3714/3810
f 3514/3563 3719/3822 3298/3408
f 3605/3799 3404/3553 3667/3844
f 3424/3535 3681/3845 3496/3668
f 3510/3636 3723/3846 3512/3650
f 3374/3506 3754/3847 3348/3537
f 3297/3444 3519/3623 3660/3813
f 3234/3758 2913/2907 3793/3759
f 3379/3547 3701/3848 3308/3481
f 3526/3849 3545/3850 3689/3851
f 3336/3446 3733/3852 3535/3503
f 3336/3446 3711/3853 3733/3852
f 3529/3692 3633/3854 3590/3789
f 3487/3663 3575/3717 3620/3818
f 3602/3776 3699/3855 3565/3761
f 3562/3738 3572/3736 3629/3829
f 3599/3734 3631/3808 3571/3735
f 3462/3631 3678/3842 3262/3399
f 3522/3471 3738/3856 3268/3343
f 3589/3698 3653/3835 3606/3750
f 3336/3446 3680/3798 3711/3853
f 2634/2719 3305/3174 3581/3683
f 3102/3126 3928/3857 3586/3764
f 3454/3605 3635/3804 3746/3858
f 3413/3566 3625/3689 3582/3780
f 3354/3508 3666/3859 3448/3613
f 3378/3372 3279/3388 3725/3830
f 3559/3709 3566/3684 3690/3860
f 3490/3675 3265/3420 3534/3712
f 3382/3509 3517/3660 3662/3699
f 3523/3515 3564/3732 3640/3820
f 2714/2606 3809/3861 2809/2783
f 3354/3508 3303/3358 3666/3859
f 3222/3351 3700/3755 3432/3539
f 3502/3612 3428/3591 3709/3862
f 3281/3402 3674/3771 3463/3570
f 3559/3709 3690/3860 3724/3863
f 3537/3708 3627/3803 3693/3864
f 3499/3661 3684/3865 3566/3684
f 3281/3402 3090/3152 3674/3771
f 3676/3773 3729/3866 3543/3775
f 3627/3803 3534/3712 3721/3867
f 3632/3801 3559/3709 3724/3863
f 3542/3690 3612/3812 3471/3635
f 3355/3418 3577/3654 3495/3622
f 3524/3662 3760/3868 3368/3426
f 3537/3708 3693/3864 3529/3692
f 3572/3736 3631/3808 3629/3829
f 3587/3778 3669/3869 3600/3768
f 3226/3409 3432/3539 3649/3824
f 3428/3591 3691/3870 3709/3862
f 3269/3511 3710/3871 3419/3512
f 3473/3641 3618/3800 3609/3745
f 3272/3266 3741/3872 3652/3797
f 3561/3730 3585/3749 3685/3873
f 3594/3715 3568/3519 3716/3874
f 3569/3628 3576/3766 3610/3762
f 3497/3671 3175/3223 3705/3748
f 3503/3653 3565/3761 3734/3875
f 3535/3503 3697/3876 3584/3728
f 3431/3590 3600/3768 3557/3697
f 3642/3817 3629/3829 3715/3877
f 3302/3412 3526/3647 3792/3720
f 3494/3449 3673/3710 3801/3878
f 3492/3643 3658/3879 3676/3773
f 3660/3813 3706/3880 3488/3614
f 3422/3581 3604/3744 3651/3784
f 3602/3776 3640/3820 3699/3855
f 3492/3643 3479/3633 3658/3879
f 3596/3769 3448/3613 3727/3881
f 3413/3566 3656/3790 3625/3689
f 3299/3443 3698/3882 3530/3626
f 3552/3645 3638/3795 3626/3827
f 3444/3567 3403/3505 3700/3755
f 3502/3612 3709/3862 3619/3774
f 3631/3808 3661/3883 3629/3829
f 3607/3777 3507/3637 3598/3783
f 3363/3375 3836/3393 2750/2671
f 3488/3614 3706/3880 3424/3535
f 2930/2828 4056/3884 3056/3071
f 3423/3588 3581/3683 3736/3885
f 3705/3748 3463/3570 3674/3771
f 3404/3553 3686/3886 3667/3844
f 3376/3533 3520/3727 3688/3793
f 3519/3623 3775/3887 3660/3813
f 3278/3523 3745/3811 3583/3746
f 3606/3750 3653/3835 3702/3888
f 3404/3553 3707/3825 3686/3886
f 2714/2606 3636/3681 3809/3861
f 3433/3575 3675/3889 3441/3532
f 3416/3527 3753/3772 3299/3443
f 3409/3495 3623/3707 3707/3825
f 3570/3714 3748/3890 3482/3601
f 3338/3462 3547/3679 3788/3891
f 3338/3462 3788/3891 3459/3548
f 3605/3799 3669/3869 3587/3778
f 3348/3537 3754/3847 3573/3743
f 3494/3449 3801/3878 3613/3504
f 3600/3768 3740/3892 3557/3697
f 3433/3575 3553/3703 3675/3889
f 3272/3266 3830/3893 3741/3872
f 3359/3522 3621/3796 3580/3739
f 3566/3684 3696/3894 3690/3860
f 3483/3640 3800/3895 3597/3782
f 3304/3421 3503/3653 3758/3896
f 3304/3421 3758/3896 3576/3766
f 3530/3626 3698/3882 3772/3897
f 3590/3789 3633/3854 3677/3898
f 3168/3200 3548/3669 3826/3899
f 3628/3819 3704/3900 3595/3725
f 3530/3626 3772/3897 3073/3095
f 3423/3588 3736/3885 3644/3816
f 3046/3118 3551/3664 3817/3901
f 3207/3397 3694/3821 3639/3713
f 3524/3662 3665/3902 3760/3868
f 3606/3750 3703/3903 3517/3660
f 3403/3505 3616/3786 3700/3755
f 3476/3655 3233/3320 3591/3719
f 3483/3640 3298/3408 3800/3895
f 3561/3730 3742/3904 3521/3616
f 3584/3728 3697/3876 3682/3828
f 3299/3443 3753/3772 3698/3882
f 3650/3787 3597/3782 3722/3905
f 3484/3534 3670/3747 3713/3841
f 3565/3761 3699/3855 3734/3875
f 3620/3818 3718/3906 3628/3819
f 3611/3767 3735/3907 3305/3174
f 3653/3835 3732/3908 3702/3888
f 3194/3317 3643/3779 3717/3729
f 2958/3832 3692/3834 3347/3722
f 3607/3777 3598/3783 3384/3497
f 3531/3672 3646/3737 3617/3718
f 3413/3566 3332/3486 3730/3909
f 3606/3750 3702/3888 3703/3903
f 3412/3477 3651/3784 3551/3664
f 3541/3644 3552/3645 3619/3774
f 3556/3678 3615/3756 3575/3717
f 3298/3408 3755/3823 3800/3895
f 3499/3661 3648/3760 3684/3865
f 3435/3584 3505/3656 3774/3910
f 3435/3584 3774/3910 3533/3814
f 3332/3740 3580/3739 3730/3911
f 3596/3769 3744/3912 3555/3686
f 3448/3613 3666/3859 3727/3881
f 3729/3866 3676/3773 3747/3913
f 3543/3775 3729/3866 3731/3914
f 3647/3682 3644/3816 3756/3915
f 3541/3644 3619/3774 3674/3771
f 3454/3605 3746/3858 3585/3749
f 3693/3864 3627/3803 3721/3867
f 3566/3684 3684/3865 3739/3916
f 3566/3684 3739/3916 3696/3894
f 3552/3645 3626/3827 3619/3774
f 3279/3388 3662/3699 3796/3917
f 3597/3782 3800/3895 3838/3918
f 3632/3801 3728/3919 3553/3703
f 3549/3619 3803/3920 3810/3921
f 3517/3660 3703/3903 3662/3699
f 3561/3730 3685/3873 3742/3904
f 2809/2783 3776/3922 3880/3923
f 3661/3883 3798/3924 3629/3829
f 3564/3732 3743/3925 3640/3820
f 3642/3817 3701/3848 3379/3547
f 2979/2909 3219/3247 3976/3926
f 2979/2909 3976/3926 3301/3296
f 3603/3706 3668/3724 3598/3783
f 3583/3746 3745/3811 3601/3704
f 3575/3717 3795/3927 3620/3818
f 3648/3760 3482/3601 3802/3928
f 3605/3799 3667/3844 3669/3869
f 3410/3536 3609/3745 3514/3563
f 3272/3266 3777/3843 3830/3893
f 3631/3808 3806/3929 3661/3883
f 3451/3806 3708/3805 3767/3930
f 3524/3662 3578/3701 3665/3902
f 3611/3767 3497/3671 3735/3907
f 3265/3420 2618/3454 3837/3931
f 3674/3771 3771/3932 3705/3748
f 3570/3714 3512/3650 3748/3890
f 3046/3118 3817/3901 3360/3429
f 3318/3367 3495/3622 3808/3933
f 3616/3786 3852/3934 3700/3755
f 3073/3095 3772/3897 2937/2936
f 3618/3800 3737/3935 3609/3745
f 3628/3819 3718/3906 3785/3936
f 3347/3722 3692/3834 3886/3937
f 3563/3659 3716/3874 3568/3519
f 3676/3773 3790/3938 3747/3913
f 3269/3511 3594/3939 3710/3871
f 3553/3703 3728/3919 3675/3889
f 3600/3768 3669/3869 3773/3940
f 3560/3731 3637/3807 3781/3941
f 3685/3873 3726/3942 3742/3904
f 3722/3905 3597/3782 3838/3918
f 3510/3636 3557/3697 3723/3846
f 3279/3388 4073/3943 3725/3830
f 3585/3749 3761/3944 3685/3873
f 3619/3774 3709/3862 3750/3945
f 3724/3863 3765/3946 3632/3801
f 3512/3650 3723/3846 3757/3947
f 3389/3469 3764/3948 3536/3560
f 3651/3784 3783/3949 3551/3664
f 3598/3783 3668/3724 3769/3950
f 3511/3700 3714/3810 3564/3732
f 3620/3818 3795/3927 3718/3906
f 3543/3775 3731/3914 3216/3306
f 3604/3744 3829/3951 3651/3784
f 3384/3497 3598/3783 3769/3950
f 3428/3591 3656/3790 3797/3952
f 3676/3773 3658/3879 3790/3938
f 3681/3845 3664/3638 3496/3668
f 3308/3481 3701/3848 3820/3953
f 3690/3860 3778/3954 3724/3863
f 3666/3859 3303/3358 3848/3955
f 3612/3812 3859/3956 3653/3835
f 3608/3742 3789/3957 3550/3685
f 3621/3796 3527/3687 3762/3958
f 3635/3804 3595/3725 3746/3858
f 3580/3739 3621/3796 3762/3958
f 3610/3762 3828/3959 3618/3800
f 3468/3543 3349/3427 3815/3765
f 3468/3667 3815/3960 3604/3744
f 2809/2783 3809/3861 3776/3922
f 3705/3748 3771/3932 3831/3961
f 3374/3506 3375/3498 3754/3847
f 3633/3854 3752/3962 3677/3898
f 3301/3296 3976/3926 3893/3963
f 3443/3502 3664/3638 3824/3964
f 3512/3650 3757/3947 3748/3890
f 3588/3693 3549/3619 3810/3921
f 3414/3541 3591/3719 3749/3965
f 3303/3358 3617/3718 3848/3955
f 3415/3524 3792/3720 3516/3615
f 3428/3591 3797/3952 3691/3870
f 3613/3504 3801/3878 3815/3765
f 2493/3382 3593/3674 3663/3754
f 3102/3126 3443/3502 3928/3857
f 3547/3679 3441/3532 3763/3966
f 3644/3816 3736/3885 3756/3915
f 3522/3471 3647/3682 3794/3967
f 3345/3451 3168/3200 3826/3899
f 3424/3535 3768/3968 3681/3845
f 3424/3535 3706/3880 3768/3968
f 3474/3632 3560/3731 3672/3839
f 3688/3793 3520/3727 3844/3969
f 3741/3872 3813/3970 3652/3797
f 3347/3722 3886/3937 3687/3831
f 3637/3807 3516/3615 3781/3941
f 3375/3498 3614/3763 3873/3971
f 3375/3498 3873/3971 3754/3847
f 3688/3793 3844/3969 3646/3737
f 3279/3388 3796/3917 4073/3943
f 3702/3888 3784/3972 3703/3903
f 3681/3845 3768/3968 3664/3638
f 3563/3752 3634/3751 3716/3973
f 3658/3879 3479/3633 3751/3974
f 3724/3863 3778/3954 3765/3946
f 3685/3873 3761/3944 3726/3942
f 3459/3548 3812/3975 3615/3756
f 3631/3808 3657/3809 3791/3976
f 3419/3512 3779/3977 3777/3843
f 3628/3819 3785/3936 3759/3978
f 3658/3879 3751/3974 3790/3938
f 3503/3653 3734/3875 3758/3896
f 3718/3906 3795/3927 3780/3979
f 3618/3800 3821/3980 3737/3935
f 3631/3808 3791/3976 3806/3929
f 3659/3826 3787/3981 3479/3633
f 3646/3737 3770/3982 3617/3718
f 3585/3749 3746/3858 3761/3944
f 3731/3914 3729/3866 3811/3983
f 3674/3771 3619/3774 3750/3945
f 3632/3801 3807/3984 3728/3919
f 3668/3724 3579/3602 3769/3950
f 3274/3445 3712/3815 3887/3802
f 3652/3797 3782/3985 3579/3602
f 3547/3679 3763/3966 3788/3891
f 3629/3829 3798/3924 3715/3877
f 3633/3854 3529/3692 3693/3864
f 3718/3906 3780/3979 3785/3936
f 3642/3817 3715/3877 3786/3986
f 3714/3810 3521/3616 3742/3904
f 3268/3343 3738/3856 3452/3559
f 3660/3813 3805/3987 3706/3880
f 3578/3701 3294/3442 3832/3988
f 3176/3031 3889/3989 3500/3461
f 3580/3739 3762/3958 3834/3990
f 3233/3320 3749/3965 3591/3719
f 3301/3296 3893/3963 4236/3781
f 3642/3817 3786/3986 3701/3848
f 3453/3791 3645/3792 3708/3805
f 3443/3502 3824/3964 3928/3857
f 3596/3769 3727/3881 3744/3912
f 3441/3532 3675/3889 3804/3991
f 3527/3687 3672/3839 3762/3958
f 3683/3838 3655/3837 3823/3992
f 3675/3889 3728/3919 3804/3991
f 3761/3944 3833/3993 3726/3942
f 3628/3819 3759/3978 3704/3900
f 3754/3847 3839/3994 3573/3743
f 3419/3512 3710/3871 3779/3977
f 2887/2947 3554/3586 3313/3268
f 3616/3786 3641/3785 3853/3995
f 3702/3888 3732/3908 3847/3996
f 3495/3622 3877/3997 3808/3933
f 3560/3731 3781/3941 3672/3839
f 3702/3888 3847/3996 3784/3972
f 3506/3484 3803/3920 3549/3619
f 3714/3810 3816/3998 3564/3732
f 3491/3723 3687/3831 3645/3792
f 3363/3610 3630/3609 3932/3999
f 3640/3820 3743/3925 3842/4000
f 3535/3503 3733/3852 3697/3876
f 3294/3442 3555/3686 3832/3988
f 3709/3862 3691/3870 3750/3945
f 3516/4001 3865/4002 3781/4003
f 3752/3962 3825/4004 3677/3898
f 3413/3566 3730/3909 3656/3790
f 3482/3601 3748/3890 3802/3928
f 3618/3800 3828/3959 3821/3980
f 3305/3174 3735/3907 3827/4005
f 3660/3813 3775/3887 3805/3987
f 3674/3771 3750/3945 3831/3961
f 3674/3771 3831/3961 3771/3932
f 3414/3541 3749/3965 3840/4006
f 3216/3306 3731/3914 3811/3983
f 3216/3306 3811/3983 3388/3319
f 3715/3877 3798/3924 3858/4007
f 3667/3844 3814/4008 3669/3869
f 3600/3768 3773/3940 3740/3892
f 3703/3903 3997/4009 3662/3699
f 3703/3903 3784/3972 3997/4009
f 3632/3801 3765/3946 3807/3984
f 3339/3404 3927/4010 3389/3469
f 3657/3809 3588/3693 3905/4011
f 3732/3908 3653/3835 3859/3956
f 3667/3844 3686/3886 3814/4008
f 3506/3484 3350/3448 3957/4012
f 2639/3394 3622/3630 3910/4013
f 3682/3828 3869/4014 3519/3623
f 3451/3806 3767/3930 3641/4015
f 3579/3602 3782/3985 3769/3950
f 3604/3744 3815/3960 3829/3951
f 3698/3882 3753/3772 3772/3897
f 3573/3743 3799/4016 3542/3690
f 3739/3916 3818/4017 3696/3894
f 3634/4018 3851/4019 3716/4020
f 3640/3820 3842/4000 3913/4021
f 2913/2907 3720/3592 4097/4022
f 2937/3833 3772/4023 4076/4024
f 3706/3880 3805/3987 3768/3968
f 3588/3693 3810/3921 3905/4011
f 3459/3548 3788/3891 3812/3975
f 3308/3481 3820/3953 3659/3826
f 3684/3865 3648/3760 3861/4025
f 3545/3850 3518/3836 3689/3851
f 3643/3779 3911/4026 3717/3729
f 3801/4027 4040/4028 3815/3960
f 3595/3725 3704/3900 3746/3858
f 3740/3892 3879/4029 3557/3697
f 3662/3699 3997/4009 3796/3917
f 3360/3429 3817/3901 3399/3410
f 3610/3762 3576/3766 3828/3959
f 3457/3470 3452/3559 3890/4030
f 3677/3898 3608/3742 3590/3789
f 3713/3841 3670/3747 3899/4031
f 3848/3955 3617/3718 3849/4032
f 3573/3743 3839/3994 3799/4016
f 3574/3618 3639/3713 3891/4033
f 3697/3876 3733/3852 3835/4034
f 3748/3890 3757/3947 3822/4035
f 3368/3426 3760/3868 3959/4036
f 3649/3824 3876/4037 3614/3763
f 3577/3654 3671/3753 3717/3729
f 3705/3748 3831/3961 3900/4038
f 3612/3812 3542/3690 3845/4039
f 3750/3945 3857/4040 3831/3961
f 3555/3686 3744/3912 3922/4041
f 3748/3890 3822/4035 3802/3928
f 3730/3909 3797/3952 3656/3790
f 3797/3952 3850/4042 3691/3870
f 3722/3905 3838/3918 3650/3787
f 3265/3420 4085/4043 3534/3712
f 3737/3935 3841/4044 3609/3745
f 3441/3532 3804/3991 3763/3966
f 3479/3633 3787/3981 3751/3974
f 3816/3998 3743/3925 3564/3732
f 3505/3656 3550/3685 3971/4045
f 3739/3916 3684/3865 3861/4025
f 3819/4046 3818/4017 3739/3916
f 3536/3560 3912/4047 3548/3669
f 3739/3916 3896/4048 3862/4049
f 3739/3916 3862/4049 3819/4046
f 3821/3980 3841/4044 3737/3935
f 3185/3234 3318/3367 3808/3933
f 3705/3748 3900/4038 3854/4050
f 3785/3936 3856/4051 3759/3978
f 3714/3810 3742/3904 3843/4052
f 3640/3820 3913/4021 3699/3855
f 3497/3671 3926/4053 3735/3907
f 3368/3426 3959/4036 3673/3710
f 3542/3690 3799/4016 3845/4039
f 3457/3470 3890/4030 3694/3821
f 3697/3876 3835/4034 3682/3828
f 3806/3929 3892/4054 3661/3883
f 3717/3729 3911/4026 3884/4055
f 3557/3697 3879/4029 3723/3846
f 3634/4018 3533/3814 3916/4056
f 3661/3883 3892/4054 3798/3924
f 3657/3809 3905/4011 3791/3976
f 3754/3847 3873/3971 3839/3994
f 3714/3810 3843/4052 3816/3998
f 3735/3907 3926/4053 3827/4005
f 3745/3811 3586/3764 3973/4057
f 3746/3858 3855/4058 3761/3944
f 3750/3945 3691/3870 3857/4040
f 2937/3833 4076/4024 3977/4059
f 3719/3822 3868/4060 3755/3823
f 3586/3764 3928/3857 3973/4057
f 3672/4061 3781/4003 3865/4002
f 3792/4062 3526/3849 4025/4063
f 3746/3858 3704/3900 3855/4058
f 3601/3704 3745/3811 3592/3680
f 3726/3942 3843/4052 3742/3904
f 3669/3869 3814/4008 3773/3940
f 3176/3031 3525/3634 3889/3989
f 3719/3822 3864/4064 3868/4060
f 3696/3894 3818/4017 3690/3860
f 3743/3925 3866/4065 3842/4000
f 3734/3875 3863/4066 3758/3896
f 3819/4046 3908/4067 3818/4017
f 3853/4068 3641/4015 3946/4069
f 3780/3979 3795/3927 3882/4070
f 3780/3979 3856/4051 3785/3936
f 3682/3828 3835/4034 3869/4014
f 3770/3982 3871/4071 3617/3718
f 3670/3747 3465/3544 3894/4072
f 3594/3939 3716/4073 3935/4074
f 3594/3939 3935/4074 3710/3871
f 3522/3471 3794/3967 3738/3856
f 3761/3944 3867/4075 3833/3993
f 3833/3993 3888/4076 3726/3942
f 3719/3822 3514/3563 3864/4064
f 3592/4077 3924/4078 3753/4079
f 3687/3831 3978/4080 3645/3792
f 3745/4081 3973/4082 3974/4083
f 3745/4081 3974/4083 4038/4084
f 3536/3560 3995/4085 3912/4047
f 3612/3812 3845/4039 3859/3956
f 3730/3909 3850/4042 3797/3952
f 3822/4035 3757/3947 3846/4086
f 3519/3623 3869/4014 3775/3887
f 3551/3664 3783/3949 3817/3901
f 3659/3826 3820/3953 3787/3981
f 3693/3864 3930/4087 3633/3854
f 3693/3864 3883/4088 3930/4087
f 3819/4046 3872/4089 3908/4067
f 2639/3394 3910/4013 3593/3674
f 3728/3919 3807/3984 3804/3991
f 3699/3855 3913/4021 3734/3875
f 3576/3766 3758/3896 3898/4090
f 3495/3622 3577/3654 3877/3997
f 3615/3756 3812/3975 3979/4091
f 3615/3756 3979/4091 3575/3717
f 3664/3638 3768/3968 4006/4092
f 3825/4004 3897/4093 3677/3898
f 3758/3896 3863/4066 3898/4090
f 3652/3797 3813/3970 3782/3985
f 3846/4086 3757/3947 3874/4094
f 3805/3987 3870/4095 3768/3968
f 3997/4009 3784/3972 3942/4096
f 3609/3745 3841/4044 3917/4097
f 3717/3729 3907/4098 3577/3654
f 3645/3792 3978/4080 3708/3805
f 3690/3860 3818/4017 3937/4099
f 3764/3948 3389/3469 3903/4100
f 3753/4079 3923/4101 3772/4023
f 3759/3978 3881/4102 3704/3900
f 3432/3539 3700/3755 3649/3824
f 3548/3669 4221/4103 3826/3899
f 3782/3985 3813/3970 3769/3950
f 3865/4002 3516/4001 3968/4104
f 3765/3946 3778/3954 3875/4105
f 3791/3976 3939/4106 3806/3929
f 3765/3946 3875/4105 3807/3984
f 3655/3837 3678/4107 3940/4108
f 2772/3757 3793/3759 3630/3609
f 3761/3944 3855/4058 3867/4075
f 3693/3864 3721/3867 3883/4088
f 3826/3899 3936/4109 3345/3451
f 3687/3831 3886/3937 3992/4110
f 3452/3559 3738/3856 4002/4111
f 3723/3846 3879/4029 3757/3947
f 3753/4079 3924/4078 3923/4101
f 3795/3927 3918/4112 3882/4070
f 3744/3912 3727/3881 3885/4113
f 3624/3677 3894/4072 3465/3544
f 3624/3677 3986/4114 3894/4072
f 3233/3320 3650/3787 3989/4115
f 3740/3892 3773/3940 3879/4029
f 3804/3991 3807/3984 3909/4116
f 3751/3974 3787/3981 4106/4117
f 3575/3717 3979/4091 3795/3927
f 3691/3870 3850/4042 3929/4118
f 3730/3911 3580/3739 3967/4119
f 3616/3786 3853/3995 3852/3934
f 3819/4046 3862/4049 3872/4089
f 3614/3763 3876/4037 3904/4120
f 3757/3947 3879/4029 3874/4094
f 3305/3174 4060/4121 3581/3683
f 3822/4035 3846/4086 3906/4122
f 3756/3915 3921/4123 3647/3682
f 3739/3916 3861/4025 3896/4048
f 3384/3497 3769/3950 3960/4124
f 3856/4051 3780/3979 4003/4125
f 3751/3974 3999/4126 3790/3938
f 3648/3760 3802/3928 3945/4127
f 3778/3954 3690/3860 3937/4099
f 3576/3766 3898/4090 3828/3959
f 3462/3631 3384/3497 3960/4124
f 3755/3823 3902/4128 3860/4129
f 3806/3929 3949/4130 3892/4054
f 3764/3948 3952/4131 3536/3560
f 3807/3984 3875/4105 3933/4132
f 3578/3701 3832/3988 3982/4133
f 3692/3834 2937/3833 3970/4134
f 3778/3954 3937/4099 3875/4105
f 3518/3836 4114/4135 3689/3851
f 3734/3875 3913/4021 3915/4136
f 3608/3742 3677/3898 3897/4093
f 3614/3763 3904/4120 3873/3971
f 3875/4105 3914/4137 3895/4138
f 3651/3784 3829/3951 3783/3949
f 3732/3908 3859/3956 3847/3996
f 3752/3962 3633/3854 3919/4139
f 3752/3962 3919/4139 3825/4004
f 3639/3713 4052/4140 3891/4033
f 3744/3912 3885/4113 3922/4041
f 3902/4128 3755/3823 3868/4060
f 3749/3965 3233/3320 3989/4115
f 3729/3866 3747/3913 3985/4141
f 3729/3866 3985/4141 3811/3983
f 3770/3982 3646/3737 4010/4142
f 3609/3745 3954/4143 3514/3563
f 3389/3469 3927/4010 3903/4100
f 3716/4020 3851/4019 3935/4144
f 3580/3739 3834/3990 3931/4145
f 3807/3984 3933/4132 3909/4116
f 3617/3718 3871/4071 3849/4032
f 3875/4105 3901/4146 3914/4137
f 3759/3978 3856/4051 3881/4102
f 3516/4001 3792/4062 3968/4104
f 3520/3727 3414/3541 4007/4147
f 3641/4015 3767/3930 4019/4148
f 3633/3854 3930/4087 3919/4139
f 3672/4061 3969/4149 4072/4150
f 3701/3848 4016/4151 3820/3953
f 3896/4048 3934/4152 3862/4049
f 3857/4040 3961/4153 3831/3961
f 3873/3971 3878/4154 3839/3994
f 3414/3541 3840/4006 4007/4147
f 3786/3986 3715/3877 3988/4155
f 3830/3893 3963/4156 3741/3872
f 3822/4035 3906/4122 3802/3928
f 3870/4095 3955/4157 3768/3968
f 3791/3976 3905/4011 3939/4106
f 3818/4017 3908/4067 3937/4099
f 3664/3638 4006/4092 3824/3964
f 3768/3968 3955/4157 4006/4092
f 3550/3685 3789/3957 3971/4045
f 3727/3881 3666/3859 3885/4113
f 3514/3563 3954/4143 3864/4064
f 3895/4138 3914/4137 3953/4158
f 3875/4105 3937/4099 3901/4146
f 3949/4130 3947/4159 3892/4054
f 3847/3996 3938/4160 3784/3972
f 3733/3852 3987/4161 3835/4034
f 3717/3729 3884/4055 3907/4098
f 3314/3438 3313/3268 3966/4162
f 3847/3996 3859/3956 3938/4160
f 3895/4138 3925/4163 3875/4105
f 3842/4000 3866/4065 3913/4021
f 3867/4075 3855/4058 3944/4164
f 3901/4146 3937/4099 3908/4067
f 3734/3875 3915/4136 3863/4066
f 3672/4061 3865/4002 3969/4149
f 3916/4056 3533/3814 3774/3910
f 3726/3942 3983/4165 3843/4052
f 3726/3942 3888/4076 3983/4165
f 2937/3833 3977/4059 3970/4134
f 3864/4064 4011/4166 3868/4060
f 3882/4070 3962/4167 3780/3979
f 3843/4052 3983/4165 3816/3998
f 3339/3404 3185/3234 3927/4010
f 3305/3174 3827/4005 3926/4053
f 3608/3742 3897/4093 4050/4168
f 3608/3742 4050/4168 3789/3957
f 3864/4064 3954/4143 4011/4166
f 3997/4009 3942/4096 3950/4169
f 3738/3856 3794/3967 4044/4170
f 3788/3891 4004/4171 3812/3975
f 3813/3970 3741/3872 3769/3950
f 3756/3915 3736/3885 3921/4123
f 3846/4086 3874/4094 3965/4172
f 3846/4086 3965/4172 3906/4122
f 3648/3760 3945/4127 3861/4025
f 3871/4071 3770/3982 4010/4142
f 3666/3859 4014/4173 3885/4113
f 3665/3902 3578/3701 3760/3868
f 3830/3893 3777/3843 4024/4174
f 3850/4042 3730/3909 3929/4118
f 3875/4105 3925/4163 3933/4132
f 3462/3631 3960/4124 3678/3842
f 3845/4039 3799/4016 3948/4175
f 3927/4010 4046/4176 3903/4100
f 3650/3787 3964/4177 3920/4178
f 3666/3859 3848/3955 4014/4173
f 3691/3870 3961/4153 3857/4040
f 3745/4081 4038/4084 3592/4077
f 3870/4095 3805/3987 3955/4157
f 3646/3737 3844/3969 4069/4179
f 3536/3560 3952/4131 3995/4085
f 3806/3929 3939/4106 3949/4130
f 3981/4180 3941/4181 3902/4128
f 3802/3928 3980/4182 3945/4127
f 3938/4160 3996/4183 3784/3972
f 3700/3755 4055/4184 3649/3824
f 3609/3745 3917/4097 3954/4143
f 3686/3886 3993/4185 3814/4008
f 3845/4039 3948/4175 4008/4186
f 3898/4090 4009/4187 3828/3959
f 3555/3686 3922/4041 3972/4188
f 3505/3656 3971/4045 3774/3910
f 3802/3928 3906/4122 3980/4182
f 3799/4016 3990/4189 3948/4175
f 3784/3972 3996/4183 3942/4096
f 3800/3895 3755/3823 4059/4190
f 3859/3956 3845/4039 4008/4186
f 3915/4136 3913/4021 3984/4191
f 3708/3805 4027/4192 3767/3930
f 3345/3451 3936/4109 3679/3733
f 3855/4058 3975/4193 3944/4164
f 3902/4128 3868/4060 3981/4180
f 3838/3918 3964/4177 3650/3787
f 3814/4008 3993/4185 3773/3940
f 3655/3837 3940/4108 3823/3992
f 3852/3934 4055/4184 3700/3755
f 2809/2783 3880/3923 3219/3247
f 3841/4044 4022/4194 3917/4097
f 3796/3917 3997/4009 4073/3943
f 3641/4015 4019/4148 3946/4069
f 3305/3174 3926/4053 4060/4121
f 3691/3870 3967/4195 3961/4153
f 3779/4196 3935/4144 4032/4197
f 3574/3618 3891/4033 3695/3702
f 3779/3977 3710/3871 3935/4074
f 3816/3998 4028/4198 3743/3925
f 3841/4044 4023/4199 4022/4194
f 3755/3823 3860/4129 4059/4190
f 3056/3071 4056/3884 3380/3459
f 3670/3747 3894/4072 3899/4031
f 3647/3682 3921/4123 4112/4200
f 3548/3669 3912/4047 4221/4103
f 3908/4067 3872/4089 3901/4146
f 3871/4201 3991/4202 3849/4203
f 3899/4031 4155/4204 3713/3841
f 3773/3940 4000/4205 3879/4029
f 3764/3948 3903/4100 3952/4131
f 3821/3980 4023/4199 3841/4044
f 3763/3966 3804/3991 3788/3891
f 3815/3960 4040/4028 3829/3951
f 3780/3979 3962/4167 4003/4125
f 3881/4102 3994/4206 3704/3900
f 3779/4196 4032/4197 3777/4207
f 3933/4132 3925/4163 3909/4116
f 3741/3872 3963/4156 3769/3950
f 3721/3867 3534/3712 4145/4208
f 3882/4070 3918/4112 3962/4167
f 3623/3707 3713/3841 4155/4204
f 3578/3701 3982/4133 4035/4209
f 3837/3931 4595/4210 3265/3420
f 3686/3886 3707/3825 3993/4185
f 3497/3671 3705/3748 3854/4050
f 3497/3671 3854/4050 3926/4053
f 3872/4089 3862/4049 4091/4211
f 3452/3559 4002/4111 3890/4030
f 3951/4212 3998/4213 3958/4214
f 3730/3909 3967/4195 3929/4118
f 3581/3683 4018/4215 3736/3885
f 3350/3448 3679/3733 3957/4012
f 3816/3998 3983/4165 4028/4198
f 3874/4094 3879/4029 3965/4172
f 3951/4212 3934/4152 4012/4216
f 3881/4102 3856/4051 4041/4217
f 3881/4102 4041/4217 3994/4206
f 3518/3836 3683/3838 4114/4135
f 3692/3834 3970/4134 3886/3937
f 3879/4029 4000/4205 4037/4218
f 3979/4091 3918/4112 3795/3927
f 3879/4029 4037/4218 3965/4172
f 3743/3925 4028/4198 3866/4065
f 3984/4191 4031/4219 3915/4136
f 3898/4090 3863/4066 4039/4220
f 3911/4026 4020/4221 3884/4055
f 3929/4118 3967/4195 3691/3870
f 3855/4058 3704/3900 3994/4206
f 3855/4058 3994/4206 3975/4193
f 3634/4018 3916/4056 3851/4019
f 3751/3974 4106/4117 3999/4126
f 3944/4164 4030/4222 3833/3993
f 3944/4164 3833/3993 3867/4075
f 3649/3824 4055/4184 3876/4037
f 3938/4160 3859/3956 4033/4223
f 3956/4224 4005/4225 4021/4226
f 3811/3983 4083/4227 3388/3319
f 3938/4160 4033/4223 4042/4228
f 3825/4004 3919/4139 3897/4093
f 3925/4163 3895/4138 4063/4229
f 3925/4163 4063/4229 4015/4230
f 3733/3852 3711/3853 4026/4231
f 3762/4232 3672/4061 4072/4150
f 3689/3851 4114/4135 3943/4233
f 3828/3959 4009/4187 4036/4234
f 3942/4096 3996/4183 3950/4169
f 3687/3831 3992/4110 3978/4080
f 3760/3868 4068/4235 3959/4036
f 3798/3924 3892/4054 3858/4007
f 3953/4158 3914/4137 4029/4236
f 3951/4212 3958/4214 3934/4152
f 3898/4090 4039/4220 4009/4187
f 3790/3938 3999/4126 3747/3913
f 3821/3980 4036/4234 4023/4199
f 3876/4037 4062/4237 3904/4120
f 3930/4087 3883/4088 4045/4238
f 3399/3410 4141/4239 4061/4240
f 4003/4125 3962/4167 4043/4241
f 3901/4146 3872/4089 4064/4242
f 3701/3848 3786/3986 4016/4151
f 3915/4136 4039/4220 3863/4066
f 3715/3877 3858/4007 4190/4243
f 3715/3877 4190/4243 3988/4155
f 3894/4072 4092/4244 3899/4031
f 3917/4097 4022/4194 3954/4143
f 3831/3961 3961/4153 4065/4245
f 3873/3971 3904/4120 3878/4154
f 3773/3940 3993/4185 4000/4205
f 3865/4002 3968/4104 3969/4149
f 3185/3234 3808/3933 3927/4010
f 4055/4246 3852/4247 4088/4248
f 3821/3980 3828/3959 4036/4234
f 3962/4167 3918/4112 4034/4249
f 3683/3838 3823/3992 4114/4135
f 3962/4167 4105/4250 4043/4241
f 3951/4212 4012/4216 3998/4213
f 3647/3682 4135/4251 3794/3967
f 3749/3965 3989/4115 4082/4252
f 3749/3965 4082/4252 3840/4006
f 3534/3712 4085/4043 4145/4208
f 3934/4152 3896/4048 4012/4216
f 3956/4224 4021/4226 4077/4253
f 3925/4163 4066/4254 3909/4116
f 3555/3686 3972/4188 3832/3988
f 3944/4164 3975/4193 4053/4255
f 3941/4181 3981/4180 4084/4256
f 3733/3852 4026/4231 3987/4161
f 3883/4088 3721/3867 4045/4238
f 3915/4136 4031/4219 4039/4220
f 3944/4164 4053/4255 4030/4222
f 3380/3459 4202/4257 3554/3586
f 3956/4224 4077/4253 4001/4258
f 3888/4076 4051/4259 3983/4165
f 4004/4171 3788/3891 3804/3991
f 3956/4224 4001/4258 4067/4260
f 4017/4261 4005/4225 4000/4205
f 3998/4213 4057/4262 3958/4214
f 3980/4182 3906/4122 4049/4263
f 3902/4128 4059/4190 3860/4129
f 3958/4214 4054/4264 3934/4152
f 4017/4261 4000/4205 3993/4185
f 3762/4232 4072/4150 3834/4265
f 4005/4225 4047/4266 4021/4226
f 3934/4152 4091/4211 3862/4049
f 2930/2828 3654/3705 4056/3884
f 3861/4025 3945/4127 3896/4048
f 3902/4128 3941/4181 4059/4190
f 3945/4127 3980/4182 3896/4048
f 3812/3975 4004/4171 3979/4091
f 3769/4267 4013/4268 3960/4269
f 3901/4146 4064/4242 3914/4137
f 3906/4122 3965/4172 4058/4270
f 3948/4175 3990/4189 4048/4271
f 3888/4076 3833/3993 4051/4259
f 3884/4055 4020/4221 3907/4098
f 4000/4205 4005/4225 4037/4218
f 3772/4023 3923/4101 4076/4024
f 4017/4261 4047/4266 4005/4225
f 3906/4122 4058/4270 4049/4263
f 3578/3701 4035/4209 3760/3868
f 3725/3830 4073/3943 3624/3677
f 3399/3410 3817/3901 4141/4239
f 3399/3410 4061/4240 3643/3779
f 3921/4123 3736/3885 4112/4200
f 3973/4057 3928/3857 4188/4272
f 3895/4138 3953/4158 4063/4229
f 3925/4163 4015/4230 4066/4254
f 3680/3798 4078/4273 3711/3853
f 3968/4104 3792/4062 4025/4063
f 3919/4139 4050/4168 3897/4093
f 3829/3951 4040/4028 4100/4274
f 3903/4100 4075/4275 3952/4131
f 3853/4068 3946/4069 4074/4276
f 3868/4060 4011/4166 3981/4180
f 3736/3885 4018/4215 4112/4200
f 4012/4216 4049/4263 4001/4258
f 3927/4010 4090/4277 4046/4176
f 3525/3634 3663/3754 4137/4278
f 3963/4156 3830/3893 4024/4174
f 3963/4156 4024/4174 3769/3950
f 3388/3319 4083/4227 3654/3705
f 3981/4180 4011/4166 4084/4256
f 3965/4172 4037/4218 4058/4270
f 3938/4160 4042/4228 3996/4183
f 3363/3610 3932/3999 3836/4279
f 3869/4014 3835/4034 3987/4161
f 3646/3737 4069/4179 4010/4142
f 3994/4206 4041/4217 3975/4193
f 4045/4238 3721/3867 4145/4208
f 3844/3969 3520/3727 4069/4179
f 3650/3787 3920/4178 3989/4115
f 3859/3956 4008/4186 4033/4223
f 3956/4224 4067/4260 4005/4225
f 3914/4137 4064/4242 4029/4236
f 4012/4216 4077/4253 3998/4213
f 3831/3961 4065/4245 3900/4038
f 4051/4259 3833/3993 4081/4280
f 3922/4041 3885/4113 4201/4281
f 3941/4181 4070/4282 4059/4190
f 3777/4207 4032/4197 4123/4283
f 4040/4028 3801/4027 4108/4284
f 3833/3993 4030/4222 4081/4280
f 4012/4216 3896/4048 4049/4263
f 4049/4263 3896/4048 3980/4182
f 3948/4175 4048/4271 4008/4186
f 3506/3484 3957/4012 3803/3920
f 3526/3849 3689/3851 4139/4285
f 3840/4006 4080/4286 4007/4147
f 4037/4218 4005/4225 4058/4270
f 3991/4202 4101/4287 3849/4203
f 3961/4153 3967/4195 4065/4245
f 3885/4113 4014/4173 4201/4281
f 3918/4112 4079/4288 4034/4249
f 3962/4167 4034/4249 4105/4250
f 3934/4152 4054/4264 4091/4211
f 3939/4106 3905/4011 4104/4289
f 4001/4258 4049/4263 4067/4260
f 3804/3991 3909/4116 4156/4290
f 3777/4207 4123/4283 4098/4291
f 3856/4051 4003/4125 4119/4292
f 3984/4191 4095/4293 4031/4219
f 3955/4157 3805/3987 4071/4294
f 3786/3986 3988/4155 4016/4151
f 3840/4006 4082/4252 4080/4286
f 4023/4199 4093/4295 4022/4194
f 3858/4007 3892/4054 4087/4296
f 4025/4063 3526/3849 4139/4285
f 4012/4216 4001/4258 4077/4253
f 3941/4181 4084/4256 4070/4282
f 3803/3920 4128/4297 3810/3921
f 3926/4053 3854/4050 4060/4121
f 3707/3825 4143/4298 3993/4185
f 2913/2907 4097/4022 3793/3759
f 3803/3920 4172/4299 4128/4297
f 4005/4225 4067/4260 4058/4270
f 4049/4263 4058/4270 4067/4260
f 3958/4214 4057/4262 4054/4264
f 3954/4143 4109/4300 4011/4166
f 3920/4301 3964/4302 4086/4303
f 3829/3951 4100/4274 4214/4304
f 3769/4267 4024/4305 4118/4306
f 3838/3918 3800/3895 3964/4177
f 3643/3779 4061/4240 3911/4026
f 3969/4149 4094/4307 4072/4150
f 4015/4230 4096/4308 4066/4254
f 3996/4183 4042/4228 4117/4309
f 3996/4183 4117/4309 4099/4310
f 4015/4230 4063/4229 4096/4308
f 4031/4219 4095/4293 4111/4311
f 3823/4312 3940/4313 4173/4314
f 3577/3654 3907/4098 3877/3997
f 3777/4207 4118/4306 4024/4305
f 3991/4202 3871/4201 4101/4287
f 4023/4199 4102/4315 4093/4295
f 3990/4189 3799/4016 4175/4316
f 3939/4106 4107/4317 3949/4130
f 4078/4273 4026/4231 3711/3853
f 3998/4213 4077/4253 4057/4262
f 3820/3953 4089/4318 3787/3981
f 3996/4183 4099/4310 3950/4169
f 3913/4021 3866/4065 4132/4319
f 3949/4130 4120/4320 3947/4159
f 3871/4201 4010/4321 4101/4287
f 3935/4144 3851/4019 4113/4322
f 4030/4222 4053/4255 4116/4323
f 3903/4100 4046/4176 4075/4275
f 3950/4169 4099/4310 4161/4324
f 3950/4169 4161/4324 3997/4009
f 3673/3710 3959/4036 3801/3878
f 3775/3887 3869/4014 4149/4325
f 3775/3887 4149/4325 3805/3987
f 3905/4011 3810/3921 4182/4326
f 3949/4130 4107/4317 4120/4320
f 3787/3981 4160/4327 4106/4117
f 4017/4261 3993/4185 4143/4298
f 4017/4261 4143/4298 4047/4266
f 3913/4021 4095/4293 3984/4191
f 3639/3713 3694/3821 4052/4140
f 3892/4054 3947/4159 4087/4296
f 3580/3739 3931/4145 4176/4328
f 4079/4288 3918/4112 4124/4329
f 3829/3951 4214/4304 3783/3949
f 4021/4226 4378/4330 4077/4253
f 4016/4151 3988/4155 4126/4331
f 3799/4016 3839/3994 4175/4316
f 3767/3930 4027/4192 4138/4332
f 3520/3727 4007/4147 4069/4179
f 3313/3268 3554/3586 3966/4162
f 4009/4187 4039/4220 4036/4234
f 3935/4144 4154/4333 4032/4197
f 3967/4119 3580/3739 4176/4328
f 4039/4220 4031/4219 4125/4334
f 3747/3913 4163/4335 3985/4141
f 3931/4336 3834/4265 4121/4337
f 3927/4010 4237/4338 4090/4277
f 4123/4283 4142/4339 4157/4340
f 4033/4223 4117/4309 4042/4228
f 3767/3930 4138/4332 4019/4148
f 4123/4283 4032/4197 4142/4339
f 4051/4259 4081/4280 4110/4341
f 3995/4085 4211/4342 3912/4047
f 3992/4110 4178/4343 3978/4080
f 3853/4068 4074/4276 3852/4247
f 4011/4166 4109/4300 4133/4344
f 4020/4221 3911/4026 4127/4345
f 4041/4217 4116/4323 3975/4193
f 4003/4125 4043/4241 4103/4346
f 3738/3856 4044/4170 4002/4111
f 3990/4189 4175/4316 4048/4271
f 3680/3798 3695/3702 4078/4273
f 3854/4050 4181/4347 4060/4121
f 4091/4211 4054/4264 4146/4348
f 4053/4255 3975/4193 4116/4323
f 3777/4207 4098/4291 4118/4306
f 4059/4190 4070/4282 4134/4349
f 4003/4125 4103/4346 4119/4292
f 3955/4157 4071/4294 4006/4092
f 3999/4126 4106/4117 4158/4350
f 4023/4199 4036/4234 4102/4315
f 3856/4051 4119/4292 4041/4217
f 4022/4194 4151/4351 3954/4143
f 4054/4264 4057/4262 4136/4352
f 3894/4072 3986/4114 4092/4244
f 3805/3987 4129/4353 4071/4294
f 3866/4065 4028/4198 4132/4319
f 3624/3677 4073/3943 3986/4114
f 3987/4161 4189/4354 3869/4014
f 3801/4027 3959/4355 4167/4356
f 4033/4223 4008/4186 4117/4309
f 3839/3994 3878/4154 4122/4357
f 3851/4019 3916/4056 4113/4322
f 4004/4171 3804/3991 4156/4290
f 3922/4041 4152/4358 3972/4188
f 3808/3933 4140/4359 3927/4010
f 3983/4165 4051/4259 4148/4360
f 4057/4262 4170/4361 4136/4352
f 4093/4295 4147/4362 4022/4194
f 4048/4271 4130/4363 4008/4186
f 3760/3868 4035/4209 4068/4235
f 4044/4170 3794/3967 4131/4364
f 3707/3825 3623/3707 4216/4365
f 4030/4222 4198/4366 4081/4280
f 3919/4139 4150/4367 4050/4168
f 3623/3707 4155/4204 4216/4365
f 4073/3943 3997/4009 4161/4324
f 3992/4110 3886/3937 4169/4368
f 3889/3989 4208/4369 3500/3461
f 146/116 5524/2685 1836/1126
f 4045/4238 4145/4208 4168/4370
f 4045/4238 4168/4370 3930/4087
f 3708/3805 3978/4080 4245/4371
f 3916/4056 3774/3910 3971/4045
f 3919/4139 3930/4087 4150/4367
f 3924/4078 3592/4077 4226/4372
f 3803/3920 3957/4012 4172/4299
f 4093/4295 4144/4373 4147/4362
f 3876/4037 4055/4184 4062/4237
f 4109/4300 4153/4374 4133/4344
f 3314/3438 4255/4375 3400/3217
f 4008/4186 4130/4363 4117/4309
f 3852/4247 4074/4276 4219/4376
f 3852/4247 4219/4376 4088/4248
f 4070/4282 4084/4256 4134/4349
f 3922/4041 4201/4281 4152/4358
f 3918/4112 4233/4377 4124/4329
f 4050/4168 4174/4378 3789/3957
f 4031/4219 4111/4311 4125/4334
f 4039/4220 4115/4379 4036/4234
f 4048/4271 4159/4380 4130/4363
f 4108/4284 3801/4027 4167/4356
f 4030/4222 4116/4323 4198/4366
f 3647/3682 4112/4200 4135/4251
f 4048/4271 4175/4316 4159/4380
f 4057/4262 4077/4253 4170/4361
f 4117/4309 4187/4381 4099/4310
f 3899/4031 4092/4244 4155/4204
f 4113/4322 3916/4056 4304/4382
f 3967/4195 4165/4383 4065/4245
f 3810/3921 4128/4297 4182/4326
f 3811/3983 4199/4384 4083/4227
f 3911/4026 4218/4385 4127/4345
f 4029/4236 4162/4386 3953/4158
f 3794/3967 4135/4251 4131/4364
f 3952/4131 4075/4275 3995/4085
f 3913/4021 4132/4319 4171/4387
f 3913/4021 4171/4387 4095/4293
f 3935/4144 4113/4322 4154/4333
f 3891/4033 4052/4140 3695/3702
f 3858/4007 4087/4296 4190/4243
f 3592/4077 4038/4084 4226/4372
f 3811/3983 3985/4141 4199/4384
f 4036/4234 4115/4379 4102/4315
f 4019/4148 4279/4388 3946/4069
f 4078/4273 4200/4389 4026/4231
f 4080/4390 4262/4391 4007/4392
f 3554/3586 4212/4393 3966/4162
f 3983/4165 4148/4360 4132/4319
f 4120/4320 4107/4317 4227/4394
f 3808/3933 3877/3997 4247/4395
f 3808/3933 4247/4395 4140/4359
f 4071/4294 4129/4353 4006/4092
f 4063/4229 3953/4158 4193/4396
f 3900/4038 4065/4245 4205/4397
f 4022/4194 4147/4362 4151/4351
f 4016/4151 4126/4331 3820/3953
f 3783/3949 4350/4398 3817/3901
f 3947/4159 4120/4320 4087/4296
f 4117/4309 4130/4363 4207/4399
f 3678/4107 3960/4400 3940/4108
f 4142/4339 4032/4197 4210/4401
f 3930/4087 4168/4370 4150/4367
f 3905/4011 4182/4326 4224/4402
f 3905/4011 4224/4402 4104/4289
f 4159/4380 4207/4399 4130/4363
f 3911/4026 4061/4240 4294/4403
f 4073/3943 4161/4324 4177/4404
f 3805/3987 4149/4325 4129/4353
f 4028/4198 3983/4165 4132/4319
f 4079/4288 4166/4405 4034/4249
f 4039/4220 4125/4334 4115/4379
f 3872/4089 4091/4211 4064/4242
f 3708/3805 4245/4371 4027/4192
f 3877/3997 4354/4406 4247/4395
f 4018/4215 3581/3683 4456/4407
f 4018/4215 4456/4407 4280/4408
f 3839/3994 4122/4357 4264/4409
f 3939/4106 4104/4289 4107/4317
f 4026/4231 4191/4410 3987/4161
f 4153/4374 4109/4300 4196/4411
f 4123/4283 4157/4340 4098/4291
f 4004/4171 4156/4290 3979/4091
f 4029/4236 4064/4242 4162/4386
f 3967/4119 4180/4412 4165/4413
f 4034/4249 4166/4405 4105/4250
f 3787/3981 4089/4318 4160/4327
f 3839/3994 4264/4409 4175/4316
f 4054/4264 4136/4352 4146/4348
f 3918/4112 3979/4091 4233/4377
f 4111/4311 4095/4293 4183/4414
f 4093/4295 4102/4315 4144/4373
f 4079/4288 4124/4329 4166/4405
f 4159/4380 4209/4415 4207/4399
f 4099/4310 4187/4381 4197/4416
f 3789/3957 4174/4378 3971/4045
f 4040/4028 4108/4284 4100/4274
f 4117/4309 4207/4399 4187/4381
f 4056/3884 4202/4257 3380/3459
f 4082/4417 4222/4418 4080/4390
f 3909/4116 4066/4254 4253/4419
f 3909/4116 4253/4419 4156/4290
f 4047/4266 4143/4298 4021/4226
f 3999/4126 4282/4420 4293/4421
f 3999/4126 4293/4421 3747/3913
f 4087/4296 4232/4422 4190/4243
f 4027/4192 4239/4423 4138/4332
f 4020/4221 4127/4345 3907/4098
f 3889/3989 3525/3634 4208/4369
f 3793/3759 4097/4022 4674/4424
f 3923/4101 4258/4425 4429/4426
f 3593/3674 3910/4013 4362/4427
f 3826/3899 4221/4103 3936/4109
f 3581/3683 4060/4121 4456/4407
f 4109/4300 3954/4143 4196/4411
f 4161/4324 4099/4310 4243/4428
f 3959/4355 4068/4429 4167/4356
f 4099/4310 4197/4416 4243/4428
f 3954/4143 4151/4351 4342/4430
f 4086/4303 4179/4431 3920/4301
f 4164/4432 4184/4433 4186/4434
f 3911/4026 4339/4435 4218/4385
f 4164/4432 4192/4436 4184/4433
f 3923/4101 4429/4426 4076/4024
f 3964/4302 4229/4437 4086/4303
f 3964/4302 3800/4438 4229/4437
f 4145/4208 4085/4043 4341/4439
f 4084/4256 4011/4166 4134/4349
f 4043/4241 4105/4250 4204/4440
f 3999/4126 4158/4350 4282/4420
f 4064/4242 4091/4211 4249/4441
f 4096/4308 4185/4442 4066/4254
f 4179/4431 4086/4303 4229/4437
f 4076/4024 4248/4443 3977/4059
f 4227/4394 4238/4444 4120/4320
f 4146/4348 4136/4352 4256/4445
f 4092/4244 3986/4114 4421/4446
f 4164/4432 4186/4434 4240/4447
f 3967/4119 4176/4328 4180/4412
f 4064/4242 4252/4448 4162/4386
f 4118/4306 4335/4449 3769/4267
f 4063/4229 4193/4396 4213/4450
f 4073/3943 4177/4404 4321/4451
f 3992/4110 4169/4368 4178/4343
f 3971/4045 4234/4452 3916/4056
f 3823/4312 4173/4314 4114/4453
f 4198/4366 4223/4454 4081/4280
f 4096/4308 4063/4229 4185/4442
f 3986/4114 4321/4451 4421/4446
f 4081/4280 4223/4454 4110/4341
f 3769/4267 4335/4449 4013/4268
f 4193/4396 3953/4158 4162/4386
f 4142/4339 4210/4401 4242/4455
f 4100/4274 4108/4284 4277/4456
f 3946/4069 4287/4457 4074/4276
f 4032/4197 4154/4333 4318/4458
f 4032/4197 4318/4458 4210/4401
f 4007/4392 4635/4459 4069/4460
f 4186/4434 4206/4461 4240/4447
f 3970/4134 3977/4059 4579/4462
f 4055/4246 4290/4463 4062/4464
f 4065/4245 4165/4383 4205/4397
f 3946/4069 4279/4388 4287/4457
f 3707/3825 4216/4365 4143/4298
f 3943/4233 4114/4135 4225/4465
f 3886/3937 4345/4466 4169/4368
f 3820/3953 4292/4467 4089/4318
f 3849/4203 4101/4287 4251/4468
f 4043/4241 4204/4440 4103/4346
f 4203/4469 4194/4470 4217/4471
f 4080/4390 4222/4418 4262/4391
f 4050/4168 4150/4367 4250/4472
f 3400/3217 4457/4473 3385/3500
f 4195/4474 4215/4475 4103/4346
f 4192/4436 4164/4432 4316/4476
f 4192/4436 4316/4476 4284/4477
f 4104/4289 4227/4394 4107/4317
f 3525/3634 4137/4278 4208/4369
f 4046/4176 4090/4277 4075/4275
f 3923/4101 3924/4078 4258/4425
f 4027/4192 4245/4371 4239/4423
f 4021/4226 4143/4298 4378/4330
f 4120/4320 4238/4444 4087/4296
f 3931/4336 4121/4337 4309/4478
f 4115/4379 4288/4479 4102/4315
f 4098/4291 4157/4340 4263/4480
f 4098/4291 4263/4480 4118/4306
f 4128/4297 4172/4299 4329/4481
f 4051/4259 4110/4341 4296/4482
f 4051/4259 4296/4482 4148/4360
f 3747/3913 4293/4421 4163/4335
f 4145/4208 4259/4483 4168/4370
f 4002/4111 4044/4170 4283/4484
f 4002/4111 4283/4484 4368/4485
f 4159/4380 4175/4316 4327/4486
f 4055/4246 4088/4248 4290/4463
f 4124/4329 4233/4377 4166/4405
f 4064/4242 4249/4441 4252/4448
f 4106/4117 4160/4327 4254/4487
f 3995/4085 4244/4488 4211/4342
f 4175/4316 4352/4489 4327/4486
f 4220/4490 4230/4491 4231/4492
f 4186/4434 4241/4493 4206/4461
f 4195/4474 4257/4494 4215/4475
f 3869/4014 4189/4354 4379/4495
f 3869/4014 4379/4495 4149/4325
f 4063/4229 4213/4450 4185/4442
f 4230/4491 4220/4490 4265/4496
f 4164/4432 4240/4447 4316/4476
f 4103/4346 4204/4440 4195/4474
f 4168/4370 4250/4472 4150/4367
f 4106/4117 4302/4497 4158/4350
f 4154/4333 4113/4322 4266/4498
f 4125/4334 4274/4499 4115/4379
f 4129/4353 4149/4325 4228/4500
f 3890/4030 4337/4501 3694/3821
f 3593/3674 4362/4427 3663/3754
f 3920/4301 4344/4502 3989/4503
f 4184/4433 4192/4436 4289/4504
f 4144/4373 4102/4315 4147/4362
f 4219/4376 4388/4505 4088/4248
f 3979/4091 4330/4506 4233/4377
f 4038/4084 4531/4507 4226/4372
f 4203/4469 4328/4508 4194/4470
f 3987/4161 4191/4410 4189/4354
f 4187/4381 4207/4399 4297/4509
f 4090/4277 4237/4338 4317/4510
f 3986/4114 4073/3943 4321/4451
f 4115/4379 4274/4499 4288/4479
f 4085/4043 3265/3420 4595/4210
f 4127/4345 4367/4511 3907/4098
f 4074/4276 4287/4457 4219/4376
f 3927/4010 4140/4359 4237/4338
f 4147/4362 4314/4512 4151/4351
f 3836/4279 4391/4513 3622/4514
f 4261/4515 4240/4447 4246/4516
f 4246/4516 4240/4447 4206/4461
f 3695/3702 4052/4140 4078/4273
f 3878/4154 4319/4517 4122/4357
f 4133/4344 4153/4374 4270/4518
f 4019/4148 4138/4332 4415/4519
f 4019/4148 4415/4519 4279/4388
f 4187/4381 4297/4509 4197/4416
f 3400/3217 4255/4375 4457/4473
f 3970/4134 4579/4462 4369/4520
f 3834/4265 4343/4521 4121/4337
f 4154/4333 4266/4498 4303/4522
f 4128/4297 4329/4481 4182/4326
f 4235/4523 4322/4524 4230/4491
f 4230/4491 4326/4525 4235/4523
f 4157/4340 4142/4339 4263/4480
f 3924/4078 4226/4372 4258/4425
f 3848/4526 3849/4203 4351/4527
f 4090/4277 4317/4510 4278/4528
f 4110/4341 4223/4454 4273/4529
f 4183/4414 4095/4293 4387/4530
f 4235/4523 4268/4531 4272/4532
f 4125/4334 4332/4533 4274/4499
f 3988/4155 4190/4243 4126/4331
f 4201/4534 4014/4535 4404/4536
f 4145/4208 4341/4439 4259/4483
f 3971/4045 4174/4378 4234/4452
f 4213/4450 4193/4396 4275/4537
f 4125/4334 4111/4311 4332/4533
f 4091/4211 4146/4348 4346/4538
f 3960/4269 4619/4539 3940/4540
f 4194/4470 4328/4508 4260/4541
f 4259/4483 4338/4542 4168/4370
f 4103/4346 4215/4475 4331/4543
f 4162/4386 4285/4544 4193/4396
f 4231/4492 4308/4545 4267/4546
f 3920/4301 4179/4431 4344/4502
f 4162/4386 4252/4448 4276/4547
f 4231/4492 4315/4548 4220/4490
f 4246/4516 4206/4461 4313/4549
f 4201/4534 4404/4536 4152/4550
f 4181/4347 4336/4551 4060/4121
f 4269/4552 4272/4532 4271/4553
f 4269/4552 4312/4554 4272/4532
f 4116/4323 4041/4217 4119/4292
f 4026/4231 4200/4389 4191/4410
f 4217/4471 4194/4470 4311/4555
f 4265/4496 4326/4525 4230/4491
f 4230/4491 4322/4524 4231/4492
f 3622/4514 4391/4513 3910/4556
f 4220/4490 4315/4548 4265/4496
f 4235/4523 4272/4532 4322/4524
f 4269/4552 4307/4557 4286/4558
f 4105/4250 4166/4405 4204/4440
f 4254/4487 4302/4497 4106/4117
f 4154/4333 4310/4559 4318/4458
f 4159/4380 4327/4486 4209/4415
f 4162/4386 4276/4547 4325/4560
f 4069/4460 4389/4561 4010/4321
f 4153/4374 4196/4411 4270/4518
f 4210/4401 4318/4458 4299/4562
f 4194/4470 4260/4541 4311/4555
f 4129/4353 4370/4563 4006/4092
f 4087/4296 4402/4564 4232/4422
f 4267/4546 4315/4548 4231/4492
f 4133/4344 4403/4565 4011/4166
f 4050/4168 4250/4472 4359/4566
f 4050/4168 4359/4566 4174/4378
f 4186/4434 4184/4433 4462/4567
f 4101/4287 4010/4321 4390/4568
f 4193/4396 4285/4544 4301/4569
f 4133/4344 4270/4518 4403/4565
f 4154/4333 4303/4522 4310/4559
f 3890/4030 4002/4111 4337/4501
f 4127/4345 4218/4385 4367/4511
f 4112/4200 4018/4215 4280/4408
f 4075/4275 4244/4488 3995/4085
f 4273/4529 4300/4570 4110/4341
f 4192/4436 4284/4477 4289/4504
f 4233/4377 4373/4571 4166/4405
f 4269/4552 4286/4558 4298/4572
f 4269/4552 4298/4572 4312/4554
f 4108/4284 4167/4356 4455/4573
f 3783/3949 4214/4304 4350/4398
f 4156/4290 4253/4419 3979/4091
f 3979/4091 4253/4419 4330/4506
f 4180/4412 4205/4574 4165/4413
f 3973/4082 4188/4575 4551/4576
f 3916/4056 4234/4452 4304/4382
f 3834/4265 4072/4150 4343/4521
f 4281/4577 4274/4499 4306/4578
f 3931/4336 4309/4478 4176/4579
f 3817/3901 4529/4580 4141/4239
f 4147/4362 4102/4315 4314/4512
f 3694/3821 4337/4501 4052/4140
f 4059/4581 4134/4582 4334/4583
f 4044/4170 4131/4364 4283/4484
f 4206/4461 4241/4493 4313/4549
f 3900/4038 4205/4397 4375/4584
f 4151/4351 4314/4512 4347/4585
f 4142/4339 4242/4455 4263/4480
f 3630/3609 3793/3759 4538/4586
f 4267/4546 4308/4545 4315/4548
f 4298/4572 4286/4558 4324/4587
f 4210/4401 4299/4562 4320/4588
f 4072/4150 4094/4307 4420/4589
f 4251/4468 4101/4287 4390/4568
f 3381/3398 3766/3840 3712/3815
f 4178/4343 4245/4371 3978/4080
f 4139/4285 3689/3851 4426/4590
f 3886/3937 4461/4591 4345/4466
f 3817/3901 4350/4398 4529/4580
f 3957/4012 4427/4592 4172/4299
f 4149/4325 4370/4563 4228/4500
f 4148/4360 4399/4593 4132/4319
f 3970/4134 4369/4520 3886/3937
f 4170/4361 4256/4445 4136/4352
f 4229/4437 3800/4438 4392/4594
f 4110/4341 4300/4570 4361/4595
f 3904/4596 4062/4464 4417/4597
f 4161/4324 4243/4428 4366/4598
f 4007/4392 4262/4391 4635/4459
f 3793/3759 4674/4424 4446/4599
f 4298/4572 4324/4587 4323/4600
f 4185/4442 4340/4601 4066/4254
f 4281/4577 4305/4602 4288/4479
f 4281/4577 4288/4479 4274/4499
f 4059/4581 4392/4594 3800/4438
f 4273/4529 4223/4454 4348/4603
f 3957/4012 3679/3733 4501/4604
f 3720/3592 5560/2833 4555/4605
f 4095/4293 4171/4387 4387/4530
f 4308/4545 4231/4492 4322/4524
f 4210/4401 4320/4588 4242/4455
f 4198/4366 4377/4606 4223/4454
f 3877/3997 3907/4098 4354/4406
f 4110/4341 4361/4595 4296/4482
f 4227/4394 4408/4607 4238/4444
f 3928/3857 3824/3964 4188/4272
f 4269/4552 4271/4553 4307/4557
f 4013/4268 4619/4539 3960/4269
f 4272/4532 4312/4554 4322/4524
f 3849/4203 4251/4468 4351/4527
f 4276/4547 4252/4448 4349/4608
f 3836/4279 4445/4609 4391/4513
f 4183/4414 4311/4555 4111/4311
f 4129/4353 4228/4500 4370/4563
f 4261/4515 4412/4610 4240/4447
f 4261/4515 4444/4611 4412/4610
f 4169/4368 4345/4466 4178/4343
f 4146/4348 4256/4445 4346/4538
f 4082/4417 3989/4503 4500/4612
f 4077/4253 4378/4330 4170/4361
f 4116/4323 4119/4292 4371/4613
f 4298/4572 4323/4600 4312/4554
f 4174/4378 4359/4566 4397/4614
f 4185/4442 4213/4450 4340/4601
f 4078/4273 4052/4140 4200/4389
f 4268/4531 4235/4523 4401/4615
f 4326/4525 4401/4615 4235/4523
f 4284/4477 4357/4616 4289/4504
f 3886/3937 4369/4520 4461/4591
f 3820/3953 4126/4331 4292/4467
f 4193/4396 4301/4569 4275/4537
f 4162/4386 4325/4560 4423/4617
f 4198/4366 4116/4323 4371/4613
f 4069/4460 4635/4459 4295/4618
f 4090/4277 4278/4528 4075/4275
f 4094/4307 3969/4149 4431/4619
f 4091/4211 4346/4538 4249/4441
f 4300/4570 4273/4529 4372/4620
f 4353/4621 4322/4524 4266/4498
f 4273/4529 4348/4603 4372/4620
f 4313/4549 4364/4622 4246/4516
f 4177/4404 4161/4324 4366/4598
f 4113/4322 4304/4382 4266/4498
f 4062/4464 4290/4463 4417/4597
f 4308/4545 4322/4524 4353/4621
f 4182/4326 4442/4623 4224/4402
f 4260/4541 4328/4508 4360/4624
f 4102/4315 4288/4479 4314/4512
f 3314/3438 3966/4162 4255/4375
f 4209/4415 4356/4625 4207/4399
f 3977/4059 4248/4443 4543/4626
f 4338/4542 4419/4627 4168/4370
f 4174/4378 4394/4628 4234/4452
f 4266/4498 4322/4524 4303/4522
f 3911/4026 4294/4403 4339/4435
f 3636/3681 3385/3500 4576/4629
f 4260/4541 4360/4624 4311/4555
f 4183/4414 4387/4530 4311/4555
f 3954/4143 4374/4630 4196/4411
f 4257/4494 4385/4631 4215/4475
f 4103/4346 4331/4543 4405/4632
f 3977/4059 4543/4626 4579/4462
f 3793/3759 4446/4599 4538/4586
f 4274/4499 4395/4633 4306/4578
f 3689/3851 3943/4233 4426/4590
f 4308/4545 4353/4621 4394/4628
f 4152/4550 4404/4536 3972/4634
f 4207/4399 4356/4625 4297/4509
f 4284/4477 4380/4635 4357/4616
f 4257/4494 4195/4474 4376/4636
f 4310/4559 4409/4637 4318/4458
f 4305/4602 4281/4577 4384/4638
f 4162/4386 4423/4617 4285/4544
f 4323/4600 4365/4639 4312/4554
f 4275/4537 4396/4640 4213/4450
f 4094/4307 4431/4619 4420/4589
f 3940/4540 4465/4641 4173/4642
f 4203/4469 4410/4643 4328/4508
f 4322/4524 4312/4554 4303/4522
f 4170/4361 4363/4644 4256/4445
f 4160/4327 4434/4645 4254/4487
f 4320/4588 4263/4480 4242/4455
f 4313/4549 4393/4646 4364/4622
f 4217/4471 4311/4555 4410/4643
f 4217/4471 4410/4643 4203/4469
f 3969/4149 3968/4104 4431/4619
f 4250/4472 4358/4647 4359/4566
f 4333/4648 4340/4601 4382/4649
f 4111/4311 4311/4555 4332/4533
f 3989/4503 4344/4502 4411/4650
f 4310/4559 4303/4522 4312/4554
f 4170/4361 4378/4330 4363/4644
f 4362/4427 4425/4651 3663/3754
f 4059/4581 4334/4583 4392/4594
f 4215/4475 4398/4652 4331/4543
f 4082/4417 4500/4612 4222/4418
f 4103/4346 4405/4632 4119/4292
f 4089/4318 4292/4467 4478/4653
f 4066/4254 4340/4601 4253/4419
f 4233/4377 4330/4506 4373/4571
f 4308/4545 4355/4654 4315/4548
f 4089/4318 4453/4655 4160/4327
f 4306/4578 4395/4633 4360/4624
f 4174/4378 4397/4614 4394/4628
f 4239/4423 4418/4656 4138/4332
f 4311/4555 4360/4624 4395/4633
f 3832/4657 3972/4634 4476/4658
f 4069/4460 4490/4659 4389/4561
f 4069/4460 4295/4618 4490/4659
f 4272/4532 4268/4531 4492/4660
f 4254/4487 4416/4661 4302/4497
f 4112/4200 4280/4408 4135/4251
f 4307/4557 4271/4553 4480/4662
f 4307/4557 4480/4662 4286/4558
f 4239/4423 4383/4663 4418/4656
f 4089/4318 4478/4653 4453/4655
f 4272/4532 4492/4660 4271/4553
f 4355/4654 4308/4545 4381/4664
f 4270/4518 4400/4665 4403/4565
f 3954/4143 4342/4430 4374/4630
f 4232/4422 4422/4666 4190/4243
f 4305/4602 4406/4667 4288/4479
f 4308/4545 4394/4628 4381/4664
f 4186/4434 4462/4567 4241/4493
f 4237/4338 4516/4668 4317/4510
f 4274/4499 4332/4533 4395/4633
f 3776/3922 3809/3861 4542/4669
f 4241/4493 4462/4567 4313/4549
f 4265/4496 4315/4548 4413/4670
f 4177/4404 4366/4598 4496/4671
f 4289/4504 4462/4567 4184/4433
f 4404/4536 4014/4535 4474/4672
f 3982/4673 4452/4674 4035/4675
f 4310/4559 4312/4554 4386/4676
f 4268/4531 4401/4615 4492/4660
f 3940/4540 4619/4539 4465/4641
f 4252/4448 4249/4441 4349/4608
f 4276/4547 4349/4608 4325/4560
f 4278/4528 4317/4510 4451/4677
f 4278/4528 4451/4677 4075/4275
f 4261/4515 4246/4516 4430/4678
f 4265/4496 4413/4670 4326/4525
f 4168/4370 4419/4627 4250/4472
f 4132/4319 4399/4593 4171/4387
f 4378/4330 4143/4298 4488/4679
f 4314/4512 4288/4479 4406/4667
f 4365/4639 4324/4587 4480/4662
f 4297/4509 4356/4625 4197/4416
f 3943/4233 4225/4465 4291/4680
f 3985/4141 4495/4681 4199/4384
f 3985/4141 4163/4335 4495/4681
f 4245/4371 4435/4682 4239/4423
f 4240/4447 4412/4610 4316/4476
f 4068/4683 4035/4675 4468/4684
f 3989/4503 4411/4650 4500/4612
f 4141/4239 4294/4403 4061/4240
f 4076/4024 4429/4426 4248/4443
f 3720/3592 4407/4685 4097/4022
f 4104/4289 4224/4402 4227/4394
f 3766/3840 4236/3781 4528/4686
f 4190/4243 4422/4666 4126/4331
f 4126/4331 4422/4666 4292/4467
f 4196/4411 4374/4630 4270/4518
f 4158/4350 4459/4687 4282/4420
f 4352/4489 4175/4316 4264/4409
f 4311/4555 4387/4530 4410/4643
f 4256/4445 4363/4644 4346/4538
f 4151/4351 4347/4585 4342/4430
f 4223/4454 4377/4606 4348/4603
f 4311/4555 4395/4633 4332/4533
f 4382/4649 4441/4688 4333/4648
f 4318/4458 4409/4637 4299/4562
f 4340/4601 4213/4450 4460/4689
f 4346/4538 4349/4608 4249/4441
f 4309/4478 4121/4337 4469/4690
f 4118/4306 4263/4480 4335/4449
f 4353/4621 4266/4498 4304/4382
f 4353/4621 4304/4382 4394/4628
f 4310/4559 4386/4676 4409/4637
f 4052/4140 4337/4501 4438/4691
f 3907/4098 4367/4511 4354/4406
f 4002/4111 4569/4692 4337/4501
f 4014/4535 3848/4526 4474/4672
f 4259/4483 4341/4439 4338/4542
f 4386/4676 4312/4554 4440/4693
f 4381/4664 4394/4628 4424/4694
f 4052/4140 4438/4691 4479/4695
f 4355/4654 4381/4664 4449/4696
f 4246/4516 4364/4622 4430/4678
f 4300/4570 4372/4620 4439/4697
f 4340/4601 4460/4689 4382/4649
f 4348/4603 4433/4698 4372/4620
f 4229/4437 4392/4594 4527/4699
f 3720/3592 4555/4605 4407/4685
f 4285/4544 4485/4700 4301/4569
f 4155/4204 4548/4701 4216/4365
f 4398/4652 4534/4702 4331/4543
f 4108/4284 4455/4573 4277/4456
f 4313/4549 4477/4703 4393/4646
f 3974/4083 4537/4704 4038/4084
f 4312/4554 4454/4705 4440/4693
f 4361/4595 4300/4570 4439/4697
f 4083/4227 4199/4384 3654/3705
f 4275/4537 4301/4569 4396/4640
f 4052/4140 4479/4695 4200/4389
f 4312/4554 4365/4639 4454/4705
f 3974/4083 3973/4082 4506/4706
f 4197/4416 4356/4625 4443/4707
f 4314/4512 4406/4667 4473/4708
f 4072/4150 4420/4589 4343/4521
f 4333/4648 4441/4688 4340/4601
f 4315/4548 4355/4654 4519/4709
f 4306/4578 4360/4624 4502/4710
f 4287/4457 4464/4711 4219/4376
f 3500/3461 4208/4369 3837/3788
f 4238/4444 4482/4712 4087/4296
f 4234/4452 4394/4628 4304/4382
f 4326/4525 4413/4670 4458/4713
f 4214/4304 4100/4274 4532/4714
f 4364/4622 4393/4646 4428/4715
f 4283/4484 4131/4364 4368/4485
f 4286/4558 4480/4662 4324/4587
f 3973/4082 4551/4576 4506/4706
f 4284/4477 4316/4476 4380/4635
f 4394/4628 4432/4716 4424/4694
f 4131/4364 4466/4717 4368/4485
f 3219/3247 3880/3923 3976/3926
f 4363/4644 4450/4718 4346/4538
f 4131/4364 4135/4251 4466/4717
f 4424/4694 4432/4716 4437/4719
f 3630/3609 4538/4586 4521/4720
f 3893/3963 4528/4686 4236/3781
f 4372/4620 4433/4698 4436/4721
f 842/199 1836/1126 4947/4722
f 3982/4673 3832/4657 4476/4658
f 3385/3500 4457/4473 4645/4723
f 4122/4357 4575/4724 4264/4409
f 4299/4562 4409/4637 4320/4588
f 4359/4566 4358/4647 4470/4725
f 4213/4450 4396/4640 4460/4689
f 3878/4154 3904/4596 4319/4517
f 4306/4578 4502/4710 4281/4577
f 4516/4668 4491/4726 4317/4510
f 4198/4366 4371/4613 4377/4606
f 3936/4109 4221/4103 4540/4727
f 4364/4622 4428/4715 4430/4678
f 4221/4103 3912/4047 4497/4728
f 4180/4729 4176/4579 4603/4730
f 4148/4360 4296/4482 4399/4593
f 4215/4475 4385/4631 4398/4652
f 3679/3733 3936/4109 4463/4731
f 4025/4063 4567/4732 3968/4104
f 4195/4474 4204/4440 4376/4636
f 4349/4608 4475/4733 4325/4560
f 4305/4602 4384/4638 4510/4734
f 4188/4272 3824/3964 4530/4735
f 4229/4437 4472/4736 4179/4431
f 4006/4092 4370/4563 3824/3964
f 4313/4549 4462/4567 4477/4703
f 4338/4542 4487/4737 4419/4627
f 4166/4405 4373/4571 4330/4506
f 4166/4405 4330/4506 4204/4440
f 4211/4342 4497/4728 3912/4047
f 4355/4654 4449/4696 4519/4709
f 4258/4425 4564/4738 4429/4426
f 4400/4665 4270/4518 4486/4739
f 4250/4472 4419/4627 4358/4647
f 4314/4512 4549/4740 4347/4585
f 3836/4279 3932/3999 4445/4609
f 4261/4515 4430/4678 4444/4611
f 4167/4356 4571/4741 4455/4573
f 4340/4601 4441/4688 4253/4419
f 4394/4628 4397/4614 4432/4716
f 4243/4428 4197/4416 4443/4707
f 3982/4673 4476/4658 4452/4674
f 4224/4402 4442/4623 4414/4742
f 4114/4453 4553/4743 4225/4744
f 4239/4423 4435/4682 4383/4663
f 4232/4422 4402/4564 4422/4666
f 4360/4624 4328/4508 4502/4710
f 4410/4643 4387/4530 4520/4745
f 4171/4387 4399/4593 4387/4530
f 4381/4664 4424/4694 4449/4696
f 4199/4384 4495/4681 3654/3705
f 4328/4508 4511/4746 4502/4710
f 4035/4675 4452/4674 4468/4684
f 4188/4575 4530/4747 4551/4576
f 4305/4602 4510/4734 4406/4667
f 4410/4643 4494/4748 4328/4508
f 4075/4275 4451/4677 4244/4488
f 4205/4574 4180/4412 4375/4749
f 4328/4508 4494/4748 4511/4746
f 4281/4577 4535/4750 4384/4638
f 4060/4121 4336/4551 4456/4407
f 4386/4676 4440/4693 4409/4637
f 4281/4577 4502/4710 4535/4750
f 4418/4656 4499/4751 4138/4332
f 4448/4752 4493/4753 4447/4754
f 4326/4525 4458/4713 4401/4615
f 4433/4698 4348/4603 4471/4755
f 4314/4512 4473/4708 4549/4740
f 3900/4038 4375/4584 3854/4050
f 4200/4389 4554/4756 4191/4410
f 4243/4428 4443/4707 4366/4598
f 4180/4729 4509/4757 4375/4758
f 4397/4614 4483/4759 4432/4716
f 4179/4431 4472/4736 4344/4502
f 4182/4326 4329/4481 4442/4623
f 4121/4337 4343/4521 4469/4690
f 4270/4518 4374/4630 4486/4739
f 4224/4402 4414/4742 4227/4394
f 4226/4372 4531/4507 4503/4760
f 4002/4111 4577/4761 4569/4692
f 4285/4544 4423/4617 4485/4700
f 3854/4050 4375/4584 4181/4347
f 4359/4566 4470/4725 4397/4614
f 4396/4640 4508/4762 4460/4689
f 4293/4421 4517/4763 4541/4764
f 4293/4421 4541/4764 4163/4335
f 3943/4233 4291/4680 4426/4590
f 4143/4298 4216/4365 4515/4765
f 4400/4665 4486/4739 4523/4766
f 4437/4719 4449/4696 4424/4694
f 3904/4596 4417/4597 4319/4517
f 4345/4466 4461/4591 4547/4767
f 4366/4598 4443/4707 4507/4768
f 4372/4620 4498/4769 4439/4697
f 4258/4425 4226/4372 4503/4760
f 4371/4613 4574/4770 4377/4606
f 4346/4538 4450/4718 4512/4771
f 4447/4754 4525/4772 4467/4773
f 4119/4292 4405/4632 4371/4613
f 4380/4635 4481/4774 4357/4616
f 4331/4543 4546/4775 4405/4632
f 4441/4688 4382/4649 4568/4776
f 4038/4084 4537/4704 4531/4507
f 4374/4630 4342/4430 4533/4777
f 4376/4636 4204/4440 4545/4778
f 4472/4736 4229/4437 4527/4699
f 4406/4667 4510/4734 4473/4708
f 3663/3754 4425/4651 4137/4278
f 4289/4504 4357/4616 4584/4779
f 4289/4504 4584/4779 4462/4567
f 4475/4733 4423/4617 4325/4560
f 4419/4627 4487/4737 4536/4780
f 4330/4506 4253/4419 4484/4781
f 4320/4588 4409/4637 4263/4480
f 4244/4488 4497/4728 4211/4342
f 4385/4631 4534/4702 4398/4652
f 4292/4467 4422/4666 4639/4782
f 4292/4467 4639/4782 4478/4653
f 3893/3963 3976/3926 4528/4686
f 4011/4166 4403/4565 4134/4349
f 4346/4538 4512/4771 4349/4608
f 4294/4403 4559/4783 4339/4435
f 3848/4526 4351/4527 4474/4672
f 4302/4497 4459/4687 4158/4350
f 4441/4688 4484/4781 4253/4419
f 4293/4421 4282/4420 4517/4763
f 4507/4768 4496/4671 4366/4598
f 4271/4553 4492/4660 4480/4662
f 4387/4530 4399/4593 4520/4745
f 4437/4719 4522/4784 4449/4696
f 4489/4785 4494/4748 4410/4643
f 4122/4357 4319/4517 4575/4724
f 3974/4083 4506/4706 4537/4704
f 4002/4111 4368/4485 4577/4761
f 3936/4109 4608/4786 4463/4731
f 4397/4614 4470/4725 4539/4787
f 4400/4665 4523/4766 4403/4565
f 4396/4640 4301/4569 4508/4762
f 4218/4385 4339/4435 4367/4511
f 4350/4398 4662/4788 4529/4580
f 4092/4244 4548/4701 4155/4204
f 4092/4244 4651/4789 4548/4701
f 4428/4715 4393/4646 4513/4790
f 4245/4371 4597/4791 4435/4682
f 4352/4489 4524/4792 4327/4486
f 4209/4415 4327/4486 4550/4793
f 4466/4794 4135/4795 4656/4796
f 4477/4703 4462/4567 4525/4772
f 3809/3861 3636/3681 4576/4629
f 4085/4043 4583/4797 4341/4439
f 4317/4510 4491/4726 4451/4677
f 4365/4639 4480/4662 4454/4705
f 4315/4548 4573/4798 4413/4670
f 4173/4314 4553/4743 4114/4453
f 4467/4773 4525/4772 4505/4799
f 4410/4643 4520/4745 4489/4785
f 4178/4343 4345/4466 4586/4800
f 4172/4299 4427/4592 4329/4481
f 4227/4394 4414/4742 4408/4607
f 4219/4376 4464/4711 4388/4505
f 4334/4583 4134/4582 4403/4801
f 4347/4585 4526/4802 4342/4430
f 4344/4502 4719/4803 4411/4650
f 4204/4440 4330/4506 4545/4778
f 4025/4063 4139/4285 4567/4732
f 4380/4635 4316/4476 4552/4804
f 4370/4563 4504/4805 4592/4806
f 4397/4614 4518/4807 4483/4759
f 3824/3964 4370/4563 4544/4808
f 4295/4618 4557/4809 4490/4659
f 4356/4625 4550/4793 4443/4707
f 4380/4635 4552/4804 4481/4774
f 4382/4649 4587/4810 4568/4776
f 4258/4425 4503/4760 4564/4738
f 4481/4774 4552/4804 4578/4811
f 3824/3964 4544/4808 4530/4735
f 4257/4494 4376/4636 4385/4631
f 4441/4688 4596/4812 4484/4781
f 4441/4688 4568/4776 4596/4812
f 4437/4719 4432/4716 4522/4784
f 4480/4662 4599/4813 4454/4705
f 4370/4563 4149/4325 4504/4805
f 4378/4330 4488/4679 4363/4644
f 4356/4625 4209/4415 4550/4793
f 4433/4698 4471/4755 4563/4814
f 4467/4773 4618/4815 4447/4754
f 4245/4371 4178/4343 4586/4800
f 4492/4660 4582/4816 4480/4662
f 4447/4754 4493/4753 4525/4772
f 4277/4456 4455/4573 4514/4817
f 4401/4615 4458/4713 4492/4660
f 4357/4616 4481/4774 4584/4779
f 4433/4698 4563/4814 4436/4721
f 4447/4754 4618/4815 4448/4752
f 4372/4620 4436/4721 4498/4769
f 4469/4690 4343/4521 4627/4818
f 4176/4579 4309/4478 4633/4819
f 4338/4542 4341/4439 4487/4737
f 3766/3840 4566/4820 3712/3815
f 4254/4487 4434/4645 4416/4661
f 4412/4610 4444/4611 4620/4821
f 4456/4407 4336/4551 4558/4822
f 4087/4296 4585/4823 4402/4564
f 4087/4296 4482/4712 4585/4823
f 4443/4707 4550/4793 4507/4768
f 4461/4591 4369/4520 4614/4824
f 4462/4567 4560/4825 4525/4772
f 4370/4563 4592/4806 4544/4808
f 4414/4742 4643/4826 4408/4607
f 4415/4519 4138/4332 4615/4827
f 3936/4109 4540/4727 4608/4786
f 4571/4741 4167/4356 4708/4828
f 4100/4274 4277/4456 4609/4829
f 4149/4325 4379/4495 4504/4805
f 4189/4354 4556/4830 4379/4495
f 4238/4444 4408/4607 4482/4712
f 4336/4551 4181/4347 4558/4822
f 4442/4623 4329/4481 4658/4831
f 4358/4647 4606/4832 4470/4725
f 4135/4795 4280/4833 4629/4834
f 4349/4608 4512/4771 4565/4835
f 4442/4623 4742/4836 4414/4742
f 4191/4410 4554/4756 4189/4354
f 4496/4671 4507/4768 4657/4837
f 3766/3840 4528/4686 4566/4820
f 4140/4359 4644/4838 4237/4338
f 4335/4449 4601/4839 4013/4268
f 4428/4715 4513/4790 4430/4678
f 4505/4799 4525/4772 4562/4840
f 4138/4332 4499/4751 4615/4827
f 3679/3733 4463/4731 4501/4604
f 4409/4637 4605/4841 4263/4480
f 4088/4248 4388/4505 4290/4463
f 4513/4790 4393/4646 4581/4842
f 4540/4727 4720/4843 4608/4786
f 4349/4608 4565/4835 4475/4733
f 4348/4603 4377/4606 4669/4844
f 4403/4565 4523/4766 4612/4845
f 4280/4833 4456/4846 4763/4847
f 4358/4647 4419/4627 4606/4832
f 4461/4591 4614/4824 4547/4767
f 4450/4718 4363/4644 4598/4848
f 4382/4649 4460/4689 4587/4810
f 4467/4773 4505/4799 4652/4849
f 4467/4773 4652/4849 4618/4815
f 4348/4603 4669/4844 4471/4755
f 4454/4705 4599/4813 4605/4841
f 4454/4705 4605/4841 4440/4693
f 4440/4693 4605/4841 4409/4637
f 4405/4632 4546/4775 4371/4613
f 4189/4354 4642/4850 4556/4830
f 4525/4772 4560/4825 4562/4840
f 4492/4660 4458/4713 4593/4851
f 4397/4614 4539/4787 4600/4852
f 4397/4614 4600/4852 4518/4807
f 4354/4406 4367/4511 4572/4853
f 4291/4854 4225/4744 4694/4855
f 4309/4478 4469/4690 4633/4819
f 4498/4769 4436/4721 4594/4856
f 3957/4012 4501/4604 4427/4592
f 4448/4752 4617/4857 4493/4753
f 4295/4618 4635/4459 4557/4809
f 4481/4774 4578/4811 4584/4779
f 4448/4752 4618/4815 4617/4857
f 4334/4583 4403/4801 4650/4858
f 4450/4718 4598/4848 4512/4771
f 4342/4430 4526/4802 4588/4859
f 4342/4430 4588/4859 4533/4777
f 4331/4543 4534/4702 4546/4775
f 3554/3586 4202/4257 4212/4393
f 4478/4653 4688/4860 4453/4655
f 3630/3609 4521/4720 3932/3999
f 4439/4697 4498/4769 4361/4595
f 4352/4489 4264/4409 4524/4792
f 4539/4787 4470/4725 4600/4852
f 4237/4338 4638/4861 4516/4668
f 4237/4338 4678/4862 4638/4861
f 4483/4759 4632/4863 4432/4716
f 4530/4747 4616/4864 4551/4576
f 4180/4729 4603/4730 4509/4757
f 4560/4825 4580/4865 4562/4840
f 4419/4627 4536/4780 4646/4866
f 4419/4627 4646/4866 4606/4832
f 3654/3705 4854/4867 4056/3884
f 3654/3705 4846/4868 4854/4867
f 4085/4043 4595/4210 4891/4869
f 4502/4710 4511/4746 4604/4870
f 4221/4103 4497/4728 4540/4727
f 4390/4568 4010/4321 4623/4871
f 4528/4686 3976/3926 4677/4872
f 4597/4791 4621/4873 4435/4682
f 4315/4548 4519/4709 4573/4798
f 4345/4466 4667/4874 4586/4800
f 4140/4359 4247/4395 4644/4838
f 4520/4745 4399/4593 4610/4875
f 4330/4506 4484/4781 4591/4876
f 4361/4595 4498/4769 4296/4482
f 4385/4631 4607/4877 4534/4702
f 4245/4371 4586/4800 4597/4791
f 4471/4755 4613/4878 4602/4879
f 4471/4755 4602/4879 4622/4880
f 4393/4646 4477/4703 4581/4842
f 4390/4568 4623/4871 4251/4468
f 4503/4881 4630/4882 4564/4883
f 4614/4824 4667/4874 4547/4767
f 4334/4583 4650/4858 4392/4594
f 4563/4814 4471/4755 4622/4880
f 4520/4745 4590/4884 4489/4785
f 4470/4725 4606/4832 4600/4852
f 4451/4677 4589/4885 4244/4488
f 4341/4439 4536/4780 4487/4737
f 4341/4439 4570/4886 4536/4780
f 4449/4696 4668/4887 4519/4709
f 4484/4781 4596/4812 4591/4876
f 4282/4420 4459/4687 4648/4888
f 4371/4613 4546/4775 4574/4770
f 4436/4721 4563/4814 4594/4856
f 4282/4420 4648/4888 4517/4763
f 4143/4298 4515/4765 4488/4679
f 4554/4756 4642/4850 4189/4354
f 4296/4482 4498/4769 4399/4593
f 4403/4565 4612/4845 4640/4889
f 4302/4497 4634/4890 4459/4687
f 4514/4817 4455/4573 4647/4891
f 4462/4567 4584/4779 4560/4825
f 4374/4630 5017/4892 4486/4739
f 4547/4767 4667/4874 4345/4466
f 4614/4824 4369/4520 4655/4893
f 4527/4699 4637/4894 4472/4736
f 4341/4439 4583/4797 4570/4886
f 4526/4802 4347/4585 4549/4740
f 4384/4638 4535/4750 4510/4734
f 4237/4338 4644/4838 4678/4862
f 4092/4244 4421/4446 4651/4789
f 4163/4335 4541/4764 4495/4681
f 4181/4895 4375/4758 4793/4896
f 4492/4660 4593/4851 4582/4816
f 4423/4617 4649/4897 4485/4700
f 4415/4519 4615/4827 4561/4898
f 4464/4711 4666/4899 4388/4505
f 4339/4435 4559/4783 4367/4511
f 4469/4690 4627/4818 4633/4819
f 4520/4745 4611/4900 4625/4901
f 4520/4745 4625/4901 4590/4884
f 4263/4480 4605/4841 4335/4449
f 3972/4634 4404/4536 4660/4902
f 4528/4686 4677/4872 4566/4820
f 4135/4795 4629/4834 4656/4796
f 4480/4662 4671/4903 4599/4813
f 4502/4710 4604/4870 4535/4750
f 4416/4661 4736/4904 4302/4497
f 4377/4606 4574/4770 4669/4844
f 4496/4671 4681/4905 4177/4404
f 3966/4162 4212/4393 4676/4906
f 4511/4746 4494/4748 4624/4907
f 4391/4513 4626/4908 3910/4556
f 4464/4711 4287/4457 4666/4899
f 4518/4807 4600/4852 4483/4759
f 4432/4716 4632/4863 4711/4909
f 4432/4716 4711/4909 4522/4784
f 4480/4662 4582/4816 4671/4903
f 4552/4804 4631/4910 4578/4811
f 4613/4878 4471/4755 4669/4844
f 4141/4239 4529/4580 4294/4403
f 4225/4744 4553/4743 4716/4911
f 4010/4321 4389/4561 4958/4912
f 4279/4388 4415/4519 4561/4898
f 4097/4022 4407/4685 4674/4424
f 4498/4769 4594/4856 4610/4875
f 4525/4772 4493/4753 4684/4913
f 4552/4804 4316/4476 4631/4910
f 4550/4793 4327/4486 4673/4914
f 3712/3815 4801/4915 3887/3802
f 4504/4916 4721/4917 4592/4918
f 4277/4456 4514/4817 4609/4829
f 4330/4506 4591/4876 4545/4778
f 4476/4658 3972/4634 4705/4919
f 4375/4758 4509/4757 4793/4896
f 4363/4644 4488/4679 4598/4848
f 4523/4766 4486/4739 4612/4845
f 4611/4900 4520/4745 4610/4875
f 4431/4619 3968/4104 4567/4732
f 4368/4485 4466/4717 4577/4761
f 4301/4569 4485/4700 4714/4920
f 4301/4569 4714/4920 4508/4762
f 4458/4713 4413/4670 4679/4921
f 4376/4636 4545/4778 4717/4922
f 4425/4651 4362/4427 4712/4923
f 4594/4856 4641/4924 4610/4875
f 4530/4747 4544/4925 4750/4926
f 4490/4659 4557/4809 4927/4927
f 4556/4928 4642/4929 4672/4930
f 4524/4792 4264/4409 4575/4724
f 4279/4388 4561/4898 4794/4931
f 4279/4388 4794/4931 4287/4457
f 4167/4356 4068/4429 4708/4828
f 4438/4691 4337/4501 4479/4695
f 3776/3922 4542/4669 4753/4932
f 4216/4365 4703/4933 4515/4765
f 4611/4900 4610/4875 4641/4924
f 4414/4742 4742/4836 4628/4934
f 4580/4865 4560/4825 4659/4935
f 4580/4865 4659/4935 4661/4936
f 4491/4726 4516/4668 4451/4677
f 4507/4768 4550/4793 4691/4937
f 4507/4768 4691/4937 4657/4837
f 4548/4701 4692/4938 4216/4365
f 4100/4274 4609/4829 4532/4714
f 4534/4702 4607/4877 4654/4939
f 4498/4769 4610/4875 4399/4593
f 4513/4790 4581/4842 4663/4940
f 4350/4398 4214/4304 4662/4788
f 4321/4451 4699/4941 4421/4446
f 4329/4481 4923/4942 4658/4831
f 3966/4162 4676/4906 4255/4375
f 4510/4734 4670/4943 4473/4708
f 4423/4617 4475/4733 4649/4897
f 4483/4759 4600/4852 4632/4863
f 4505/4799 4562/4840 4652/4849
f 4511/4746 4653/4944 4604/4870
f 3972/4634 4660/4902 4705/4919
f 4414/4742 4628/4934 4643/4826
f 4488/4679 4515/4765 4796/4945
f 4422/4666 4402/4564 4639/4782
f 4225/4744 4716/4911 4752/4946
f 4449/4696 4522/4784 4711/4909
f 4517/4763 4648/4888 4541/4764
f 4472/4736 4637/4894 4719/4803
f 4472/4736 4719/4803 4344/4502
f 4343/4521 4420/4589 4636/4947
f 4458/4713 4679/4921 4593/4851
f 4551/4948 4680/4949 4506/4950
f 4556/4928 4738/4951 4379/4952
f 4173/4642 4819/4953 4553/4954
f 4565/4835 4512/4771 4682/4955
f 4225/4744 4752/4946 4694/4855
f 4535/4750 4695/4956 4510/4734
f 4578/4811 4631/4910 4584/4779
f 4511/4746 4624/4907 4653/4944
f 4497/4728 4812/4957 4540/4727
f 4560/4825 4725/4958 4659/4935
f 4435/4682 4621/4873 4709/4959
f 4435/4682 4709/4959 4383/4663
f 3776/3922 4753/4932 3880/3923
f 4600/4852 4606/4832 4690/4960
f 4614/4824 4665/4961 4667/4874
f 4513/4790 4770/4962 4430/4678
f 4420/4589 4431/4619 4756/4963
f 4598/4848 4488/4679 4701/4964
f 4608/4786 4724/4965 4463/4731
f 4588/4859 4526/4802 4686/4966
f 4453/4655 4688/4860 4760/4967
f 4429/4968 4564/4883 4804/4969
f 4506/4950 4769/4970 4537/4971
f 4614/4824 4655/4893 4706/4972
f 4611/4900 4641/4924 4625/4901
f 4442/4623 4658/4831 4742/4836
f 4580/4865 4771/4973 4562/4840
f 4416/4661 4434/4645 4736/4904
f 4598/4848 4734/4974 4512/4771
f 4449/4696 4711/4909 4668/4887
f 4647/4891 4689/4975 4514/4817
f 4455/4573 4571/4741 4647/4891
f 4385/4631 4376/4636 4717/4922
f 4385/4631 4717/4922 4707/4976
f 4627/4818 4683/4977 4633/4819
f 4588/4859 4686/4966 4533/4777
f 4425/4651 4712/4923 4137/4278
f 4488/4679 4759/4978 4701/4964
f 4493/4753 4710/4979 4684/4913
f 4504/4916 4379/4952 4721/4917
f 4463/4731 4724/4965 4723/4980
f 4200/4389 4740/4981 4554/4756
f 4354/4406 4572/4853 4247/4395
f 4510/4734 4695/4956 4670/4943
f 4244/4488 4826/4982 4497/4728
f 4329/4481 4427/4592 4923/4942
f 4563/4814 4748/4983 4693/4984
f 3654/3705 4495/4681 4846/4868
f 3385/3500 4645/4723 4576/4629
f 4534/4702 4654/4939 4664/4985
f 4536/4780 4570/4886 4704/4986
f 4631/4910 4697/4987 4685/4988
f 4566/4820 4677/4872 4758/4989
f 4614/4824 4706/4972 4665/4961
f 4513/4790 4663/4940 4770/4962
f 4678/4862 4754/4990 4638/4861
f 4564/4883 4766/4991 4804/4969
f 4493/4753 4733/4992 4710/4979
f 4160/4327 4746/4993 4434/4645
f 4412/4610 4620/4821 4749/4994
f 4559/4783 4294/4403 4744/4995
f 4383/4663 4730/4996 4418/4656
f 4413/4670 4573/4798 4679/4921
f 4663/4940 4581/4842 4772/4997
f 4290/4463 4700/4998 4417/4597
f 4581/4842 4477/4703 4772/4997
f 4535/4750 4604/4870 4695/4956
f 4561/4898 4615/4827 4789/4999
f 4525/4772 4684/4913 4477/4703
f 4574/4770 4768/5000 4669/4844
f 4564/4883 4630/4882 4766/4991
f 4627/4818 4726/5001 4683/4977
f 4667/4874 4792/5002 4586/4800
f 4591/4876 4596/4812 4830/5003
f 4010/4321 4958/4912 4623/4871
f 3712/3815 4566/4820 4801/4915
f 4653/4944 4675/5004 4727/5005
f 4530/4747 4750/4926 4616/4864
f 4418/4656 4730/4996 4790/5006
f 4687/5007 4696/5008 4715/5009
f 4637/4894 4737/5010 4719/4803
f 4429/4968 4785/5011 4248/5012
f 4660/4902 4404/4536 4765/5013
f 4013/4268 4601/4839 4619/4539
f 4524/4792 4743/5014 4327/4486
f 4580/4865 4661/4936 4771/4973
f 4248/5012 4999/5015 4543/5016
f 4565/4835 4682/4955 4803/5017
f 4670/4943 4695/4956 4718/5018
f 4429/4968 4804/4969 4785/5011
f 4418/4656 4790/5006 4499/4751
f 4594/4856 4800/5019 4641/4924
f 4533/4777 4686/4966 4747/5020
f 4202/4257 4915/5021 4212/4393
f 4526/4802 4549/4740 4686/4966
f 4748/4983 4563/4814 4622/4880
f 4628/4934 4780/5022 4643/4826
f 4493/4753 4617/4857 4733/4992
f 4627/4818 4343/4521 4726/5001
f 4479/4695 4740/4981 4200/4389
f 4590/4884 4795/5023 4489/4785
f 4536/4780 4704/4986 4728/5024
f 4280/4833 4884/5025 5055/5026
f 4631/4910 4685/4988 4584/4779
f 4679/4921 4779/5027 4593/4851
f 4222/4418 4500/4612 4808/5028
f 4624/4907 4675/5004 4653/4944
f 4536/4780 4728/5024 4646/4866
f 4557/4809 4635/4459 4927/4927
f 4583/4797 4704/4986 4570/4886
f 4408/4607 4643/4826 4482/4712
f 4216/4365 4692/4938 4703/4933
f 4302/4497 4736/4904 4634/4890
f 4707/4976 4786/5029 4385/4631
f 4519/4709 4668/4887 4573/4798
f 4544/4925 4592/5030 4750/4926
f 4715/5009 4777/5031 4687/5007
f 4772/4997 4477/4703 4684/4913
f 4772/4997 4684/4913 4852/5032
f 4625/4901 4641/4924 4840/5033
f 4321/4451 4177/4404 4699/4941
f 4383/4663 4709/4959 4730/4996
f 4385/4631 4786/5029 4607/4877
f 4176/4579 4633/4819 4815/5034
f 4176/4579 4815/5034 4603/4730
f 4619/4539 4893/5035 4465/4641
f 4653/4944 4727/5005 4604/4870
f 4715/5009 4696/5008 4729/5036
f 4290/4463 4388/4505 4700/4998
f 4698/5037 4702/5038 4741/5039
f 4527/4699 4737/5010 4637/4894
f 4527/4699 4874/5040 4737/5010
f 4509/4757 4603/4730 4793/4896
f 4068/4429 4468/5041 4841/5042
f 4280/4833 4763/4847 4884/5025
f 4478/4653 4639/4782 4688/4860
f 4671/4903 4582/4816 4806/5043
f 4727/5005 4675/5004 4857/5044
f 4608/4786 4817/5045 4724/4965
f 4631/4910 4316/4476 4697/4987
f 4545/4778 4591/4876 4717/4922
f 4696/5008 4722/5046 4757/5047
f 4391/4513 4445/4609 5038/5048
f 4327/4486 4743/5014 4775/5049
f 4659/4935 4725/4958 4731/5050
f 4665/4961 4706/4972 4757/5047
f 4696/5008 4757/5047 4729/5036
f 4516/4668 4638/4861 4451/4677
f 4494/4748 4489/4785 4624/4907
f 4596/4812 4568/4776 4778/5051
f 4605/4841 4853/5052 4335/4449
f 4696/5008 4687/5007 4824/5053
f 4686/4966 4774/5054 4747/5020
f 4696/5008 4755/5055 4722/5046
f 4420/4589 4756/4963 4985/5056
f 4463/4731 4851/5057 4501/4604
f 4734/4974 4598/4848 4810/5058
f 4591/4876 4830/5003 4717/4922
f 4718/5018 4783/5059 4670/4943
f 4444/4611 4430/4678 4829/5060
f 4444/4611 4829/5060 4620/4821
f 4499/4751 4790/5006 4615/4827
f 4556/4928 4672/4930 4738/4951
f 4665/4961 4757/5047 4732/5061
f 4636/4947 4420/4589 4860/5062
f 4680/4949 4769/4970 4506/4950
f 4512/4771 4734/4974 4682/4955
f 4718/5018 4695/4956 4727/5005
f 4665/4961 4732/5061 4951/5063
f 4665/4961 4951/5063 4667/4874
f 4615/4827 4790/5006 4782/5064
f 4541/4764 4846/4868 4495/4681
f 4647/4891 4571/4741 4689/4975
f 4682/4955 4799/5065 4803/5017
f 4533/4777 4747/5020 4374/4630
f 4745/5066 4713/5067 4762/5068
f 4698/5037 4741/5039 4751/5069
f 4214/4304 4532/4714 4876/5070
f 4604/4870 4727/5005 4695/4956
f 4685/4988 4697/4987 4741/5039
f 4697/4987 4751/5069 4741/5039
f 4573/4798 4809/5071 4679/4921
f 4621/4873 4597/4791 4792/5002
f 4625/4901 4795/5023 4590/4884
f 4593/4851 4779/5027 4582/4816
f 4569/4692 4479/4695 4337/4501
f 4594/4856 4563/4814 4800/5019
f 4262/4391 4808/5028 4635/4459
f 4606/4832 4773/5072 4690/4960
f 4586/4800 4792/5002 4597/4791
f 4554/4756 4740/4981 4642/4850
f 4222/4418 4808/5028 4262/4391
f 4287/4457 4794/4931 4666/4899
f 4534/4702 4664/4985 4768/5000
f 4534/4702 4768/5000 4546/4775
f 4663/4940 4772/4997 4770/4962
f 4599/4813 4671/4903 4605/4841
f 4713/5067 4739/5073 4762/5068
f 4456/4846 4558/5074 4763/4847
f 4670/4943 4783/5059 4473/4708
f 4563/4814 4693/4984 4814/5075
f 4657/4837 4691/4937 4761/5076
f 3976/3926 4894/5077 4677/4872
f 4160/4327 4453/4655 4856/5078
f 4582/4816 4861/5079 4821/5080
f 4501/4604 4818/5081 4427/4592
f 4722/5046 4791/5082 4757/5047
f 4280/4833 5055/5026 4896/5083
f 4582/4816 4821/5080 4806/5043
f 4685/4988 4847/5084 4584/4779
f 4559/4783 4744/4995 4367/4511
f 4723/4980 4851/5057 4463/4731
f 4715/5009 4729/5036 4787/5085
f 4748/4983 4781/5086 4784/5087
f 4748/4983 4850/5088 4781/5086
f 4488/4679 4796/4945 4759/4978
f 4739/5073 4713/5067 4764/5089
f 4460/4689 4508/4762 4714/4920
f 4460/4689 4714/4920 4587/4810
f 4068/4429 4841/5042 4708/4828
f 4715/5009 4787/5085 4777/5031
f 4541/4764 4648/4888 4846/4868
f 4757/5047 4706/4972 4729/5036
f 4657/4837 4761/5076 4496/4671
f 4137/4278 4712/4923 4767/5090
f 4575/4724 4319/4517 4878/5091
f 4524/4792 4575/4724 4867/5092
f 4743/5014 4524/4792 4776/5093
f 4643/4826 4869/5094 4482/4712
f 4569/4692 4577/4761 4882/5095
f 4294/4403 4897/5096 4828/5097
f 4764/5089 4788/5098 4739/5073
f 4731/5050 4798/5099 4802/5100
f 4565/4835 4803/5017 4475/4733
f 4551/4948 4616/5101 4680/4949
f 4574/4770 4546/4775 4768/5000
f 4582/4816 4779/5027 4861/5079
f 4731/5050 4725/4958 4798/5099
f 4713/5067 4707/4976 4764/5089
f 4702/5038 4932/5102 4741/5039
f 4686/4966 4549/4740 4941/5103
f 4686/4966 4941/5103 4774/5054
f 4669/4844 4768/5000 4613/4878
f 4616/5101 4823/5104 4680/4949
f 4660/4902 4765/5013 4705/4919
f 4388/4505 4885/5105 4700/4998
f 4693/4984 4748/4983 4814/5075
f 4294/4403 4828/5097 4744/4995
f 4369/4520 4957/5106 4655/4893
f 4603/4730 4842/5107 4793/4896
f 4573/4798 4839/5108 4809/5071
f 4751/5069 4903/5109 4698/5037
f 4620/4821 4829/5060 4811/5110
f 4606/4832 4849/5111 4773/5072
f 4524/4792 4867/5092 4776/5093
f 4550/4793 4822/5112 4691/4937
f 4687/5007 4777/5031 4824/5053
f 4572/4853 4367/4511 4820/5113
f 4596/4812 4778/5051 4830/5003
f 4489/4785 4795/5023 4624/4907
f 4696/5008 4824/5053 4755/5055
f 4707/4976 4717/4922 4764/5089
f 4759/4978 4866/5114 4701/4964
f 4689/4975 4805/5115 4514/4817
f 4529/4580 4662/4788 4937/5116
f 4568/4776 4587/4810 4845/5117
f 4608/4786 4906/5118 4817/5045
f 4632/4863 4600/4852 4807/5119
f 4628/4934 4742/4836 4862/5120
f 4434/4645 4746/4993 4736/4904
f 4739/5073 4833/5121 4762/5068
f 4638/4861 4914/5122 4451/4677
f 4739/5073 4788/5098 4833/5121
f 4577/5123 4466/4794 4865/5124
f 4729/5036 4892/5125 4787/5085
f 4600/4852 4690/4960 4807/5119
f 4722/5046 4755/5055 4813/5126
f 4602/4879 4613/4878 4850/5088
f 4727/5005 4857/5044 4718/5018
f 4764/5089 4825/5127 4788/5098
f 4798/5099 4836/5128 4802/5100
f 4748/4983 4784/5087 4814/5075
f 4553/5129 4735/5130 4716/5131
f 4587/4810 4714/4920 4845/5117
f 4621/4873 4797/5132 4709/4959
f 4786/5029 4707/4976 4895/5133
f 4625/4901 4840/5033 4795/5023
f 4527/4699 4392/4594 5020/5134
f 4527/4699 5020/5134 4874/5040
f 4658/4831 4873/5135 4742/4836
f 4589/4885 4877/5136 4244/4488
f 4745/5066 4707/4976 4713/5067
f 4664/4985 4816/5137 4768/5000
f 4717/4922 4831/5138 4764/5089
f 4748/4983 4622/4880 4850/5088
f 4624/4907 4857/5044 4675/5004
f 4568/4776 4845/5117 4778/5051
f 4682/4955 4734/4974 4799/5065
f 4612/4845 4486/4739 4843/5139
f 4723/4980 4913/5140 4851/5057
f 4789/4999 4615/4827 4864/5141
f 4616/5101 4750/5142 4838/5143
f 4537/4971 4769/4970 4952/5144
f 4598/4848 4701/4964 4810/5058
f 4731/5050 4802/5100 4659/4935
f 4482/4712 4900/5145 4585/4823
f 4374/4630 4747/5020 5017/4892
f 4619/4539 4601/4839 4893/5035
f 4532/4714 4609/4829 4876/5070
f 4584/4779 4725/4958 4560/4825
f 4202/4257 4056/3884 4915/5021
f 4389/4561 4490/4659 4958/4912
f 4592/4918 4901/5146 4750/5142
f 4658/4831 4923/4942 4873/5135
f 4772/4997 4852/5032 4837/5147
f 4656/4796 4931/5148 4466/4794
f 4717/4922 4830/5003 4831/5138
f 4648/4888 4459/4687 4905/5149
f 4638/4861 4754/4990 4914/5122
f 4629/4834 4280/4833 4896/5083
f 4451/4677 4914/5122 4589/4885
f 4654/4939 4607/4877 4863/5150
f 4421/4446 4699/4941 4651/4789
f 4251/4468 4623/4871 4844/5151
f 4407/4685 4555/4605 4674/4424
f 4772/4997 4837/5147 4770/4962
f 4562/4840 4771/4973 4652/4849
f 4475/4733 4911/5152 4649/4897
f 4798/5099 4725/4958 4868/5153
f 4085/4043 4891/4869 5060/5154
f 4558/5074 4181/4895 4763/4847
f 4791/5082 4899/5155 4757/5047
f 4621/4873 4792/5002 4797/5132
f 4606/4832 4646/4866 4849/5111
f 4563/4814 4814/5075 4800/5019
f 4294/4403 4529/4580 4897/5096
f 4550/4793 4673/4914 4822/5112
f 4613/4878 4768/5000 4816/5137
f 4732/5061 4757/5047 4951/5063
f 4603/4730 4815/5034 4842/5107
f 4745/5066 4895/5133 4707/4976
f 4640/4889 4612/4845 4843/5139
f 4632/4863 4984/5156 4711/4909
f 4652/4849 4948/5157 4618/4815
f 4714/4920 4920/5158 4916/5159
f 4787/5085 4762/5068 4833/5121
f 4602/4879 4850/5088 4622/4880
f 4762/5068 4787/5085 4745/5066
f 4453/4655 4760/4967 4856/5078
f 4777/5031 4787/5085 4833/5121
f 4716/5131 4811/5110 4752/5160
f 4835/5161 4831/5138 4830/5003
f 4369/4520 4579/4462 4957/5106
f 4778/5051 4832/5162 4835/5161
f 4778/5051 4835/5161 4830/5003
f 4630/4882 4912/5163 4766/4991
f 4709/4959 4797/5132 4730/4996
f 4482/4712 4869/5094 4900/5145
f 4616/5101 4855/5164 4823/5104
f 4446/4599 4834/5165 4538/4586
f 4822/5112 4888/5166 4691/4937
f 4679/4921 4809/5071 4779/5027
f 4537/4971 4952/5144 4531/5167
f 4816/5137 4870/5168 4613/4878
f 4798/5099 4868/5153 4836/5128
f 4689/4975 4571/4741 5004/5169
f 4781/5086 4850/5088 4875/5170
f 4774/5054 4921/5171 4747/5020
f 4666/4899 4980/5172 4388/4505
f 4677/4872 4894/5077 4758/4989
f 4733/4992 4617/4857 5025/5173
f 4485/4700 4649/4897 4920/5158
f 4572/4853 4820/5113 4247/4395
f 4740/5174 4887/5175 4642/4929
f 4702/5038 4698/5037 5049/5176
f 4388/4505 4980/5172 4885/5105
f 4793/4896 4953/5177 4181/4895
f 4671/4903 4806/5043 4983/5178
f 4659/4935 4802/5100 4661/4936
f 3809/3861 4576/4629 4542/4669
f 4784/5087 4781/5086 4917/5179
f 4779/5027 4858/5180 4886/5181
f 4750/5142 4901/5146 4838/5143
f 4569/4692 4882/5095 4479/4695
f 4485/4700 4920/5158 4714/4920
f 4639/4782 4919/5182 4688/4860
f 3932/3999 5009/5183 4445/4609
f 4615/4827 4782/5064 4864/5141
f 4726/5001 4343/4521 4636/4947
f 4722/5046 4813/5126 4909/5184
f 4722/5046 4909/5184 4791/5082
f 4583/4797 4961/5185 4704/4986
f 4701/4964 4866/5114 4810/5058
f 4561/4898 4789/4999 4794/4931
f 3932/3999 4521/4720 5009/5183
f 4417/4597 4971/5186 4319/4517
f 4741/5039 4847/5084 4685/4988
f 4783/5059 4848/5187 4871/5188
f 4783/5059 4871/5188 4473/4708
f 4691/4937 4890/5189 4761/5076
f 4779/5027 4886/5181 4861/5079
f 4248/5012 4785/5011 4999/5015
f 4427/4592 4959/5190 4923/4942
f 4745/5066 4787/5085 4859/5191
f 4417/4597 4700/4998 4971/5186
f 3976/3926 3880/3923 5207/5192
f 4789/4999 4864/5141 4929/5193
f 4671/4903 4983/5178 4605/4841
f 4607/4877 4786/5029 4863/5150
f 4757/5047 4899/5155 4951/5063
f 4327/4486 4775/5049 4673/4914
f 4628/4934 4862/5120 4780/5022
f 4818/5081 4501/4604 4949/5194
f 4764/5089 4831/5138 4825/5127
f 4770/4962 4955/5195 4430/4678
f 4784/5087 4872/5196 4814/5075
f 4787/5197 4892/5198 4956/5199
f 4404/4536 4474/4672 4765/5013
f 4446/4599 4674/4424 4834/5165
f 4779/5027 4809/5071 4858/5180
f 4829/5060 4752/5160 4811/5110
f 4860/5062 4420/4589 4985/5056
f 4379/4952 5081/5200 4721/4917
f 4730/4996 4797/5132 4790/5006
f 4850/5088 4613/4878 4870/5168
f 4688/4860 4928/5201 4760/4967
f 4778/5051 4845/5117 4832/5162
f 4514/4817 4880/5202 4609/4829
f 4805/5115 4689/4975 4930/5203
f 4786/5029 4895/5133 4922/5204
f 4662/4788 4214/4304 5095/5205
f 4650/4858 4403/4801 5079/5206
f 4831/5138 4835/5161 4940/5207
f 4549/4740 4473/4708 4871/5188
f 4630/4882 4503/4881 4912/5163
f 4761/5076 4890/5189 4496/4671
f 4737/5010 4881/5208 4719/4803
f 4208/4369 4137/4278 4767/5090
f 4208/4369 4767/5090 5042/5209
f 4816/5137 4664/4985 4870/5168
f 4797/5132 4898/5210 4790/5006
f 4835/5161 4904/5211 4940/5207
f 4781/5086 4875/5170 4917/5179
f 4783/5059 5010/5212 4848/5187
f 4746/4993 5037/5213 4736/4904
f 4728/5024 4704/4986 4902/5214
f 4514/4817 4805/5115 4880/5202
f 4403/4565 4640/4889 4879/5215
f 4751/5069 4697/4987 4903/5109
f 4766/4991 4912/5163 5001/5216
f 4641/4924 4800/5019 4840/5033
f 4741/5039 4932/5102 4998/5217
f 4741/5039 4998/5217 4847/5084
f 4431/4619 5041/5218 4756/4963
f 4857/5044 4624/4907 4968/5219
f 4759/4978 4972/5220 4866/5114
f 4755/5055 4909/5184 4813/5126
f 4475/4733 4803/5017 4911/5152
f 4666/4899 4794/4931 4980/5172
f 4640/4889 4843/5139 4925/5221
f 4634/4890 4736/4904 4994/5222
f 4802/5100 4836/5128 4933/5223
f 4729/5036 4907/5224 4892/5125
f 4177/4404 4681/4905 4989/5225
f 4654/4939 4863/5150 4889/5226
f 4654/4939 4889/5226 4664/4985
f 4648/4888 4827/5227 4846/4868
f 4479/4695 4882/5095 4740/4981
f 4729/5036 4706/4972 4907/5224
f 4823/5104 4769/4970 4680/4949
f 4667/4874 4951/5063 5013/5228
f 4667/4874 5013/5228 4792/5002
f 4668/4887 4908/5229 4573/4798
f 4788/5098 4825/5127 4833/5121
f 4668/4887 4711/4909 4918/5230
f 4831/5138 4938/5231 4825/5127
f 4214/4304 4876/5070 5095/5205
f 4789/4999 4929/5193 4794/4931
f 4922/5204 4942/5232 4786/5029
f 4726/5001 5028/5233 4926/5234
f 4668/4887 4918/5230 4908/5229
f 4838/5143 4934/5235 4616/5101
f 4212/4393 4915/5021 5073/5236
f 4655/4893 4957/5106 4706/4972
f 4531/5167 5047/5237 4503/4881
f 4773/5072 4946/5238 4690/4960
f 4636/4947 4860/5062 4924/5239
f 4807/5119 4690/4960 4946/5238
f 4782/5064 4790/5006 4910/5240
f 4702/5038 5049/5176 4932/5102
f 4777/5031 4833/5121 4973/5241
f 4777/5031 4973/5241 4824/5053
f 4652/4849 4771/4973 5024/5242
f 4728/5024 4902/5214 4646/4866
f 4805/5115 4930/5203 4880/5202
f 4723/4980 4724/4965 4913/5140
f 4616/5101 4934/5235 4855/5164
f 4793/4896 4842/5107 4953/5177
f 4247/4395 4820/5113 4644/4838
f 4726/5001 4636/4947 5028/5233
f 4496/4671 4890/5189 4950/5243
f 4632/4863 4807/5119 4984/5156
f 4791/5082 4939/5244 4899/5155
f 4577/5123 4865/5124 4882/5245
f 4683/4977 4926/5234 4633/4819
f 4691/4937 4888/5166 4890/5189
f 4776/5093 4966/5246 4743/5014
f 4403/4801 4879/5247 5079/5206
f 4824/5053 4909/5184 4755/5055
f 4809/5071 4954/5248 4858/5180
f 4291/4680 4976/5249 4426/4590
f 4501/4604 4851/5057 4949/5194
f 4808/5028 4995/5250 4974/5251
f 4872/5196 4978/5252 4814/5075
f 4474/4672 4351/4527 5002/5253
f 4692/4938 5036/5254 4703/4933
f 4721/4917 5081/5200 4960/5255
f 4427/4592 4818/5081 5078/5256
f 4634/4890 5031/5257 4459/4687
f 4584/4779 4847/5084 4725/4958
f 4718/5018 5490/5258 4783/5059
f 4609/4829 4944/5259 4876/5070
f 4652/4849 5024/5242 4948/5157
f 4620/4821 4811/5110 4749/4994
f 4683/4977 4726/5001 4926/5234
f 4910/5240 4790/5006 4898/5210
f 4799/5065 5053/5260 4803/5017
f 4859/5191 4935/5261 4745/5066
f 4811/5110 4735/5130 4749/4994
f 4734/4974 4975/5262 4799/5065
f 4734/4974 4810/5058 4975/5262
f 4859/5191 4787/5085 4956/5263
f 4794/4931 4929/5193 4980/5172
f 4831/5138 4940/5207 4938/5231
f 4181/4895 4945/5264 4763/4847
f 4791/5082 4909/5184 4981/5265
f 4791/5082 4981/5265 4939/5244
f 4802/5100 4963/5266 4661/4936
f 4573/4798 4908/5229 4839/5108
f 4589/4885 4982/5267 4943/5268
f 4642/4929 4887/5175 4672/4930
f 4589/4885 4943/5268 4877/5136
f 4497/4728 4826/4982 4812/4957
f 4664/4985 4889/5226 4870/5168
f 4553/4954 4819/4953 5027/5269
f 4786/5029 4942/5232 4863/5150
f 4540/4727 4812/4957 4720/4843
f 4784/5087 4917/5179 4872/5196
f 4700/4998 4962/5270 4971/5186
f 5001/5216 4804/4969 4766/4991
f 4160/4327 4856/5078 4746/4993
f 4744/4995 4828/5097 5034/5271
f 4744/4995 5034/5271 4367/4511
f 4835/5161 4970/5272 4904/5211
f 4796/4945 4515/4765 5023/5273
f 4737/5010 4874/5040 4881/5208
f 4838/5143 4964/5274 4934/5235
f 4177/4404 4989/5225 4699/4941
f 4531/5167 4952/5144 5047/5237
f 4743/5014 4966/5246 4775/5049
f 4688/4860 4919/5182 4928/5201
f 4825/5127 4938/5231 4973/5241
f 4648/4888 4988/5275 4827/5227
f 4845/5117 4714/4920 5011/5276
f 4823/5104 4855/5164 5043/5277
f 4802/5100 4933/5223 4963/5266
f 4804/4969 5046/5278 4785/5011
f 4823/5104 5043/5277 4769/4970
f 4549/4740 4871/5188 4941/5103
f 4836/5128 4868/5153 5062/5279
f 4836/5128 5062/5279 4933/5223
f 4742/4836 4873/5135 4862/5120
f 4697/4987 4316/4476 4903/5109
f 4721/4917 4960/5255 4592/4918
f 4845/5117 4969/5280 4832/5162
f 4648/4888 4905/5149 4988/5275
f 4319/4517 4971/5186 4878/5091
f 4922/5204 4895/5133 4935/5261
f 4661/4936 5014/5281 4771/4973
f 4800/5019 4814/5075 4978/5252
f 4608/4786 5003/5282 4906/5118
f 4811/5110 4716/5131 4735/5130
f 4496/4671 4950/5243 4681/4905
f 4832/5162 4970/5272 4835/5161
f 4901/5146 5006/5283 4838/5143
f 4745/5066 4935/5261 4895/5133
f 4733/4992 5025/5173 5148/5284
f 4733/4992 5148/5284 4710/4979
f 4724/4965 4817/5045 4913/5140
f 4711/4909 4984/5156 4918/5230
f 4291/4854 4694/4855 4976/5285
f 4624/4907 4795/5023 4968/5219
f 4821/5080 4983/5178 4806/5043
f 4656/4796 4629/4834 5022/5286
f 4402/4564 4919/5182 4639/4782
f 4379/4952 4738/4951 5081/5200
f 4809/5071 4839/5108 4990/5287
f 4809/5071 4990/5287 4954/5248
f 4466/4794 4931/5148 4865/5124
f 4173/4642 4465/4641 4819/4953
f 4575/4724 4878/5091 4867/5092
f 4770/4962 4837/5147 4967/5288
f 4922/5204 4935/5261 4942/5232
f 4833/5121 4825/5127 4973/5241
f 4684/4913 4710/4979 5051/5289
f 4983/5178 4992/5290 4605/4841
f 4548/4701 4651/4789 5067/5291
f 4430/4678 4955/5195 4829/5060
f 3976/3926 5069/5292 4894/5077
f 4845/5117 5011/5276 5080/5293
f 4845/5117 5080/5293 4969/5280
f 3837/3788 4208/4369 4595/5294
f 4244/4488 4877/5136 4826/4982
f 4720/4843 5064/5295 4608/4786
f 4812/4957 5182/5296 4720/4843
f 4797/5132 4792/5002 4898/5210
f 4476/4658 4883/5297 5054/5298
f 4515/4765 4703/4933 5023/5273
f 4930/5203 4965/5299 4880/5202
f 4649/4897 4911/5152 4920/5158
f 4427/4592 5078/5256 4959/5190
f 4692/4938 4548/4701 5036/5254
f 4928/5201 5012/5300 4760/4967
f 4774/5054 4941/5103 4921/5171
f 4820/5113 4367/4511 5034/5271
f 4431/4619 4567/4732 5041/5218
f 4796/4945 5023/5273 5044/5301
f 4673/4914 5016/5302 4822/5112
f 4939/5244 5018/5303 4899/5155
f 4251/4468 4844/5151 5002/5253
f 4553/5129 5027/5304 4735/5130
f 4629/4834 4896/5083 5022/5286
f 4808/5028 4500/4612 4995/5250
f 4818/5081 4949/5194 4996/5305
f 4636/4947 4924/5239 4979/5306
f 4920/5158 5029/5307 4916/5159
f 4782/5064 4910/5240 4864/5141
f 4644/4838 5030/5308 4678/4862
f 4351/4527 4251/4468 5002/5253
f 4589/4885 4914/5122 4982/5267
f 4700/4998 5057/5309 4962/5270
f 4776/5093 5015/5310 4966/5246
f 4900/5145 5059/5311 4585/4823
f 4908/5229 4918/5230 4987/5312
f 4316/4476 4412/4610 5134/5313
f 4872/5196 5032/5314 4978/5252
f 4861/5079 4886/5181 5008/5315
f 4861/5079 4977/5316 5026/5317
f 4634/4890 4994/5222 5031/5257
f 4861/5079 5008/5315 4977/5316
f 4832/5162 4969/5280 4970/5272
f 4908/5229 4987/5312 4993/5318
f 4706/4972 4957/5106 4907/5224
f 4633/4819 4926/5234 5005/5319
f 4633/4819 5005/5319 5087/5320
f 4678/4862 4914/5122 4754/4990
f 4810/5058 5072/5321 4975/5262
f 4864/5141 4910/5240 5033/5322
f 4824/5053 4973/5241 4909/5184
f 4862/5120 5104/5323 4780/5022
f 4934/5235 5043/5277 4855/5164
f 4861/5079 5026/5317 4821/5080
f 4867/5092 5093/5324 4776/5093
f 4935/5261 4859/5191 5000/5325
f 4858/5180 5021/5326 4886/5181
f 4700/4998 4885/5105 5057/5309
f 4335/4449 5065/5327 4601/4839
f 4773/5072 4849/5111 4946/5238
f 4857/5044 5176/5328 4718/5018
f 3910/4556 5068/5329 4362/5330
f 3910/4556 4626/4908 5068/5329
f 4646/4866 4902/5214 4849/5111
f 4672/4930 5081/5200 4738/4951
f 4840/5033 4800/5019 4978/5252
f 4937/5116 4662/4788 5133/5331
f 4864/5141 5033/5322 4929/5193
f 4486/4739 5017/4892 4843/5139
f 4908/5229 4993/5318 4839/5108
f 4756/4963 5041/5218 4985/5056
f 4592/4918 4960/5255 4901/5146
f 4689/4975 5004/5169 4930/5203
f 4909/5184 4904/5211 4981/5265
f 4503/4881 5047/5237 4912/5163
f 4795/5023 4840/5033 4968/5219
f 4881/5208 5007/5332 4719/4803
f 4684/4913 5051/5289 4852/5032
f 4810/5058 4866/5114 5072/5321
f 4769/4970 5043/5277 5035/5333
f 4769/4970 4991/5334 4952/5144
f 4635/4459 4808/5028 5074/5335
f 4635/4459 5074/5335 4927/4927
f 4740/5174 4882/5245 4887/5175
f 4714/4920 4916/5159 5011/5276
f 4651/4789 4699/4941 5067/5291
f 4910/5240 4898/5210 4936/5336
f 4847/5084 5151/5337 5061/5338
f 4866/5114 4972/5220 4997/5339
f 4208/4369 5042/5209 4595/5294
f 4490/4659 4927/4927 5130/5340
f 4673/4914 5045/5341 5016/5302
f 4521/4720 5172/5342 5009/5183
f 4857/5044 4968/5219 5176/5328
f 3880/3923 4753/4932 5207/5192
f 4839/5108 4993/5318 4990/5287
f 4909/5184 4973/5241 4938/5231
f 4909/5184 4938/5231 4904/5211
f 4903/5109 4316/4476 5134/5313
f 4633/4819 5087/5320 4815/5034
f 4775/5049 5045/5341 4673/4914
f 4881/5208 4874/5040 5007/5332
f 4636/4947 4979/5306 5028/5233
f 4609/4829 4880/5202 4944/5259
f 4759/4978 4796/4945 4972/5220
f 4940/5207 4904/5211 4938/5231
f 4847/5084 5061/5338 4725/4958
f 4661/4936 4963/5266 5014/5281
f 4986/5343 5050/5344 4936/5336
f 4803/5017 5053/5260 4911/5152
f 4886/5181 5021/5326 5008/5315
f 4936/5336 5050/5344 5033/5322
f 4838/5143 5006/5283 4964/5274
f 4392/4594 4650/4858 5020/5134
f 4676/4906 5040/5345 4255/4375
f 4698/5037 4903/5109 5120/5346
f 4986/5343 5056/5347 5050/5344
f 4873/5135 4923/4942 5063/5348
f 4981/5265 5048/5349 4939/5244
f 4936/5336 5033/5322 4910/5240
f 4954/5248 4990/5287 5058/5350
f 4827/5227 4988/5275 4846/4868
f 4918/5230 5039/5351 4987/5312
f 4712/5352 4362/5330 5019/5353
f 4725/4958 5061/5338 4868/5153
f 4710/4979 5148/5284 5051/5289
f 4872/5196 4917/5179 5070/5354
f 4939/5244 5048/5349 5018/5303
f 4676/4906 4212/4393 5040/5345
f 4821/5080 5026/5317 4983/5178
f 4181/4895 4953/5177 4945/5264
f 4934/5235 4964/5274 5043/5277
f 4783/5059 5490/5258 5010/5212
f 3887/3802 4801/4915 5524/2685
f 4763/4847 4945/5264 4884/5025
f 4780/5022 4869/5094 4643/4826
f 4958/4912 4490/4659 5130/5340
f 5016/5302 5077/5355 4822/5112
f 4822/5112 5077/5355 4888/5166
f 4617/4857 4618/4815 4948/5157
f 4583/4797 4085/4043 5060/5154
f 4585/4823 5059/5311 4402/4564
f 4698/5037 5120/5346 5049/5176
f 4916/5159 5029/5307 5011/5276
f 4567/4732 4139/4285 5152/5356
f 4923/4942 4959/5190 5063/5348
f 4968/5219 4840/5033 5032/5314
f 4957/5357 4579/5358 5125/5359
f 4452/4674 5054/5298 4468/4684
f 4848/5187 5010/5212 4871/5188
f 4929/5193 5033/5322 4980/5172
f 4946/5238 5071/5360 4807/5119
f 4969/5280 5080/5293 5052/5361
f 4662/4788 5095/5205 5133/5331
f 4860/5062 4985/5056 4924/5239
f 4807/5119 5071/5360 4984/5156
f 4139/4285 4426/4590 5152/5356
f 4902/5214 4704/4986 4961/5185
f 4904/5211 4970/5272 4981/5265
f 4890/5189 5076/5362 4950/5243
f 4817/5045 4906/5118 4913/5140
f 4897/5096 4529/4580 5105/5363
f 4858/5180 4954/5248 5091/5364
f 4858/5180 5091/5364 5021/5326
f 4583/4797 5187/5365 4961/5185
f 4885/5105 4980/5172 5090/5366
f 4976/5285 4694/4855 5094/5367
f 4849/5111 5071/5360 4946/5238
f 4989/5225 4681/4905 5101/5368
f 4915/5021 4056/3884 5258/5369
f 4859/5191 4956/5263 5000/5325
f 4980/5172 5033/5322 5050/5344
f 5081/5200 5102/5370 4960/5255
f 5075/5371 5003/5282 4608/4786
f 4840/5033 4978/5252 5032/5314
f 5008/5315 5092/5372 4977/5316
f 5032/5314 4872/5196 5070/5354
f 4986/5343 5136/5373 5056/5347
f 4866/5114 4997/5339 5072/5321
f 4476/4658 4705/4919 4883/5297
f 4954/5248 5058/5350 5091/5364
f 4538/4586 4834/5165 5109/5374
f 4656/4796 5022/5286 4931/5148
f 5056/5347 5090/5366 5050/5344
f 4902/5214 5071/5360 4849/5111
f 5043/5277 5096/5375 5035/5333
f 5039/5351 4918/5230 5085/5376
f 4529/4580 4937/5116 5105/5363
f 4935/5261 5088/5377 4942/5232
f 4672/4930 4887/5175 5108/5378
f 4924/5239 5184/5379 4979/5306
f 4964/5274 5006/5283 5086/5380
f 4875/5170 4850/5088 5066/5381
f 4769/4970 5035/5333 4991/5334
f 4712/5352 5019/5353 4767/5382
f 5064/5295 5138/5383 4608/4786
f 4899/5155 5128/5384 4951/5063
f 4882/5245 5157/5385 4887/5175
f 4445/4609 5009/5183 5038/5048
f 4412/4610 4749/4994 5143/5386
f 4571/4741 5089/5387 5004/5169
f 4933/5223 5062/5279 4963/5266
f 4979/5306 5184/5379 5122/5388
f 4965/5299 5083/5389 4880/5202
f 5026/5317 4977/5316 4983/5178
f 4890/5189 4888/5166 5097/5390
f 4760/4967 5012/5300 4856/5078
f 4412/4610 5143/5386 5134/5313
f 4871/5188 5010/5212 5111/5391
f 4913/5140 5084/5392 4851/5057
f 4583/4797 5060/5154 5187/5365
f 4617/4857 4948/5157 5025/5173
f 4640/4889 4925/5221 4879/5215
f 4752/5160 4829/5060 5126/5393
f 4906/5118 5003/5282 5116/5394
f 4457/4473 5178/5395 4645/4723
f 4899/5155 5018/5303 5128/5384
f 4980/5172 5050/5344 5090/5366
f 4605/4841 4992/5290 4853/5052
f 4566/4820 4758/4989 4801/4915
f 4913/5140 4906/5118 5116/5394
f 4935/5261 5000/5325 5088/5377
f 4932/5102 5049/5176 4998/5217
f 4056/3884 4854/4867 5258/5369
f 5021/5326 5091/5364 5099/5396
f 4818/5081 5183/5397 5078/5256
f 4818/5081 5240/5398 5183/5397
f 4863/5150 4942/5232 5088/5377
f 4851/5057 5084/5392 4949/5194
f 4770/4962 4967/5288 5127/5399
f 4770/4962 5127/5399 4955/5195
f 4752/5160 5126/5393 4694/5400
f 4898/5210 5158/5401 4936/5336
f 4894/5077 5069/5292 4758/4989
f 4601/4839 5065/5327 4893/5035
f 4362/5330 5068/5329 5019/5353
f 4765/5013 4474/4672 5113/5402
f 4981/5265 4970/5272 5135/5403
f 4981/5265 5135/5403 5048/5349
f 4983/5178 4977/5316 4992/5290
f 4878/5091 4971/5186 5132/5404
f 4896/5083 5055/5026 5175/5405
f 4747/5020 4921/5171 5170/5406
f 5045/5341 5114/5407 5016/5302
f 4623/4871 4958/4912 4844/5151
f 5032/5314 5070/5354 5412/5408
f 4975/5262 5112/5409 4799/5065
f 4967/5288 4837/5147 5110/5410
f 4915/5021 5258/5369 5073/5236
f 4997/5339 5082/5411 5112/5409
f 4765/5013 5113/5402 4705/4919
f 5007/5332 4874/5040 5107/5412
f 4746/4993 4856/5078 5153/5413
f 4902/5214 4961/5185 5131/5414
f 5021/5326 5129/5415 5008/5315
f 5032/5314 5176/5328 4968/5219
f 4644/4838 5117/5416 5030/5308
f 4962/5270 5057/5309 4971/5186
f 4970/5272 4969/5280 5135/5403
f 4548/4701 5067/5291 5036/5254
f 4949/5194 5084/5392 5164/5417
f 4997/5339 5112/5409 5072/5321
f 4871/5188 5111/5391 4941/5103
f 3976/3926 5207/5192 5069/5292
f 4644/4838 4820/5113 5206/5418
f 4993/5318 4987/5312 5118/5419
f 4993/5318 5118/5419 5123/5420
f 4924/5239 4985/5056 5184/5379
f 4991/5334 5140/5421 4952/5144
f 5063/5348 5121/5422 4873/5135
f 4775/5049 4966/5246 5045/5341
f 4990/5287 4993/5318 5123/5420
f 4402/4564 5059/5311 4919/5182
f 4926/5234 5028/5233 5005/5319
f 4776/5093 5093/5324 5015/5310
f 4972/5220 5119/5423 4997/5339
f 4990/5287 5123/5420 5058/5350
f 4917/5179 5115/5424 5070/5354
f 4672/4930 5108/5378 5081/5200
f 4901/5146 5106/5425 5006/5283
f 4997/5339 5119/5423 5082/5411
f 5066/5381 4850/5088 5141/5426
f 5007/5332 5107/5412 5165/5427
f 4500/4612 4411/4650 4995/5250
f 4971/5186 5198/5428 5132/5404
f 4576/4629 4645/4723 5189/5429
f 4950/5243 5142/5430 4681/4905
f 5028/5233 4979/5306 5124/5431
f 4868/5153 5061/5338 5062/5279
f 4987/5312 5039/5351 5118/5419
f 4796/4945 5044/5301 4972/5220
f 4917/5179 4875/5170 5115/5424
f 4945/5264 5098/5432 4884/5025
f 4608/4786 5138/5383 5075/5371
f 4837/5147 4852/5032 5110/5410
f 4678/4862 5030/5308 4914/5122
f 4964/5274 5086/5380 5043/5277
f 4949/5194 5276/5433 4996/5305
f 4862/5120 5121/5422 5223/5434
f 4862/5120 5223/5434 5104/5323
f 4521/4720 4538/4586 5172/5342
f 5021/5326 5099/5396 5129/5415
f 5000/5325 5141/5426 5088/5377
f 5133/5331 5095/5205 5173/5435
f 4890/5189 5097/5390 5076/5362
f 4543/5016 5196/5436 4579/5358
f 4885/5105 5177/5437 5057/5309
f 4863/5150 5141/5426 4889/5226
f 4863/5150 5088/5377 5141/5426
f 4862/5120 4873/5135 5121/5422
f 4936/5336 5174/5438 4986/5343
f 4977/5316 5092/5372 4992/5290
f 4967/5288 5110/5410 5127/5399
f 4771/4973 5014/5281 5185/5439
f 4903/5109 5134/5313 5120/5346
f 4913/5140 5116/5394 5084/5392
f 4465/4641 5190/5440 4819/4953
f 4703/4933 5036/5254 5023/5273
f 4898/5210 4792/5002 5158/5401
f 4878/5091 5132/5404 4867/5092
f 4785/5011 5046/5278 5166/5441
f 4925/5221 4843/5139 5103/5442
f 4902/5214 5147/5443 5071/5360
f 5000/5325 5066/5381 5141/5426
f 5019/5353 5068/5329 5155/5444
f 5058/5350 5144/5445 5091/5364
f 4902/5214 5131/5414 5147/5443
f 4799/5065 5112/5409 5168/5446
f 4918/5230 5146/5447 5085/5376
f 5066/5381 5115/5424 4875/5170
f 5011/5276 5029/5307 5080/5293
f 5044/5301 5023/5273 5145/5448
f 5072/5321 5112/5409 4975/5262
f 5091/5364 5167/5449 5099/5396
f 4948/5157 5171/5450 5025/5173
f 5086/5380 5006/5283 5137/5451
f 4888/5166 5077/5355 5097/5390
f 5008/5315 5129/5415 5092/5372
f 4965/5299 4930/5203 5083/5389
f 4865/5124 5157/5385 4882/5245
f 5018/5303 5048/5349 5128/5384
f 4979/5306 5122/5388 5124/5431
f 4901/5146 4960/5255 5106/5425
f 4828/5097 4897/5096 5034/5271
f 5032/5314 5412/5408 5176/5328
f 4850/5088 4870/5168 5141/5426
f 5092/5372 5163/5452 4992/5290
f 5034/5271 4897/5096 5181/5453
f 4921/5171 4941/5103 5186/5454
f 4988/5275 5205/5455 4846/4868
f 4884/5025 5098/5432 5055/5026
f 4943/5268 4982/5267 4877/5136
f 4937/5116 5265/5456 5105/5363
f 4937/5116 5133/5331 5265/5456
f 5028/5233 5124/5431 5150/5457
f 4889/5226 5141/5426 4870/5168
f 4959/5190 5078/5256 5063/5348
f 4991/5334 5035/5333 5149/5458
f 4867/5092 5132/5404 5093/5324
f 4718/5018 5176/5328 5490/5258
f 4972/5220 5154/5459 5119/5423
f 4846/4868 5205/5455 5100/5460
f 4966/5246 5162/5461 5045/5341
f 4966/5246 5015/5310 5162/5461
f 5007/5332 5165/5427 4719/4803
f 4897/5096 5105/5363 5161/5462
f 4986/5343 5242/5463 5136/5373
f 5062/5279 5061/5338 5185/5439
f 4876/5070 4944/5259 5095/5205
f 4985/5056 5041/5218 5169/5464
f 5092/5372 5129/5415 5163/5452
f 4972/5220 5044/5301 5243/5465
f 4972/5220 5243/5465 5154/5459
f 4829/5060 4955/5195 5126/5393
f 4986/5343 5174/5438 5242/5463
f 5044/5301 5145/5448 5243/5465
f 4887/5175 5157/5385 5108/5378
f 4918/5230 4984/5156 5146/5447
f 4865/5124 4931/5148 5191/5466
f 4963/5266 5062/5279 5014/5281
f 4991/5334 5149/5458 5140/5421
f 5053/5260 4799/5065 5239/5467
f 5043/5277 5086/5380 5201/5468
f 5152/5356 4426/4590 5438/5469
f 5085/5376 5193/5470 5039/5351
f 5016/5302 5114/5407 5077/5355
f 4948/5157 5024/5242 5171/5450
f 5082/5411 5119/5423 5154/5459
f 4846/4868 5100/5460 4854/4867
f 5128/5384 5048/5349 5179/5471
f 4969/5280 5052/5361 5188/5472
f 4969/5280 5188/5472 5135/5403
f 4911/5152 5053/5260 5222/5473
f 5156/5474 5159/5475 5160/5476
f 5041/5218 4567/4732 5289/5477
f 5071/5360 5203/5478 4984/5156
f 5019/5353 5155/5444 4767/5382
f 4960/5255 5102/5370 5106/5425
f 5031/5257 4994/5222 5200/5479
f 4815/5034 5087/5320 5232/5480
f 5082/5411 5208/5481 5112/5409
f 4925/5221 5103/5442 4879/5215
f 5000/5325 4956/5263 5437/5482
f 4865/5124 5191/5466 5157/5385
f 4780/5022 5104/5323 5234/5483
f 4936/5336 5158/5401 5174/5438
f 4998/5217 5049/5176 5194/5484
f 5005/5319 5210/5485 5087/5320
f 5082/5411 5154/5459 5208/5481
f 4920/5158 4911/5152 5222/5473
f 4720/4843 5261/5486 5064/5295
f 4950/5243 5076/5362 5142/5430
f 4879/5247 5307/5487 5079/5206
f 5123/5420 5144/5445 5058/5350
f 5110/5410 4852/5032 5245/5488
f 5045/5341 5162/5461 5114/5407
f 4994/5222 4736/4904 5200/5479
f 5084/5392 5213/5489 5164/5417
f 4853/5052 5065/5327 4335/4449
f 4945/5264 4953/5177 5098/5432
f 4843/5139 5250/5490 5103/5442
f 5017/4892 4747/5020 5291/5491
f 4749/4994 4735/5130 5143/5386
f 5006/5283 5180/5492 5137/5451
f 4681/4905 5235/5493 5101/5368
f 5043/5277 5201/5468 5096/5375
f 5048/5349 5156/5474 5179/5471
f 4212/4393 5073/5236 5040/5345
f 5099/5396 5167/5449 5129/5415
f 5035/5333 5096/5375 5149/5458
f 5039/5351 5193/5470 5118/5419
f 4842/5107 4815/5034 4953/5177
f 4719/4803 5165/5427 4411/4650
f 4780/5022 5234/5483 4869/5094
f 4426/4590 4976/5249 5333/5494
f 5010/5212 5490/5258 5111/5391
f 4920/5158 5222/5473 5029/5307
f 5129/5415 5167/5449 5163/5452
f 4644/4838 5218/5495 5117/5416
f 5048/5349 5159/5475 5156/5474
f 5085/5376 5146/5447 5193/5470
f 4767/5382 5155/5444 5259/5496
f 5049/5176 5300/5497 5194/5484
f 4921/5171 5186/5454 5170/5406
f 4998/5217 5194/5484 4847/5084
f 4818/5081 5241/5498 5240/5398
f 4644/4838 5206/5418 5231/5499
f 4699/4941 4989/5225 5221/5500
f 4699/4941 5221/5500 5067/5291
f 4735/5130 5262/5501 5143/5386
f 5090/5366 5056/5347 5136/5373
f 5006/5283 5106/5425 5219/5502
f 5006/5283 5219/5502 5180/5492
f 5048/5349 5195/5503 5159/5475
f 5005/5319 5028/5233 5210/5485
f 5112/5409 5208/5481 5215/5504
f 4955/5195 5281/5505 5126/5393
f 4885/5105 5090/5366 5177/5437
f 4792/5002 5013/5228 5158/5401
f 4834/5165 5216/5506 5109/5374
f 4914/5122 5331/5507 4982/5267
f 5114/5407 5162/5461 5211/5508
f 5048/5349 5135/5403 5195/5503
f 5122/5388 5202/5509 5124/5431
f 5107/5412 4874/5040 5204/5510
f 5108/5378 5292/5511 5081/5200
f 4681/4905 5142/5430 5235/5493
f 4459/4687 5031/5257 4905/5149
f 5160/5476 5209/5512 5156/5474
f 5003/5282 5075/5371 5116/5394
f 5179/5471 5304/5513 5128/5384
f 5041/5218 5347/5514 5169/5464
f 4834/5165 4674/4424 5216/5506
f 4949/5194 5164/5417 5276/5433
f 5023/5273 5036/5254 5212/5515
f 4799/5065 5168/5446 5239/5467
f 5123/5420 5199/5516 5144/5445
f 5076/5362 5224/5517 5142/5430
f 5114/5407 5233/5518 5077/5355
f 5148/5284 5025/5173 5269/5519
f 5118/5419 5246/5520 5123/5420
f 5127/5399 5302/5521 4955/5195
f 4951/5063 5274/5522 5013/5228
f 5062/5279 5185/5439 5014/5281
f 5091/5364 5199/5516 5167/5449
f 4912/5163 5229/5523 5001/5216
f 5024/5242 5197/5524 5171/5450
f 5144/5445 5199/5516 5091/5364
f 4644/4838 5231/5499 5218/5495
f 5167/5449 5199/5516 5192/5525
f 5167/5449 5192/5525 5163/5452
f 4595/4210 5299/5526 4891/4869
f 5024/5242 4771/4973 5197/5524
f 5051/5289 5148/5284 5260/5527
f 5051/5289 5260/5527 4852/5032
f 4543/5016 4999/5015 5139/5528
f 5107/5412 5204/5510 5165/5427
f 5075/5371 5295/5529 5116/5394
f 4944/5259 4880/5202 5227/5530
f 5187/5365 5060/5154 5337/5531
f 4912/5163 5047/5237 5229/5523
f 5160/5476 5159/5475 5209/5512
f 4747/5020 5170/5406 5291/5491
f 4720/4843 5182/5296 5261/5486
f 5030/5308 5117/5416 5318/5532
f 5030/5308 5318/5532 4914/5122
f 4746/4993 5153/5413 5037/5213
f 4952/5144 5140/5421 5230/5533
f 5069/5292 5279/5534 4758/4989
f 5145/5448 5023/5273 5217/5535
f 5065/5327 5342/5536 4893/5035
f 5222/5473 5053/5260 5225/5537
f 5149/5458 5096/5375 5214/5538
f 5118/5419 5226/5539 5251/5540
f 5090/5366 5136/5373 5254/5541
f 5041/5218 5289/5477 5347/5514
f 4953/5177 5343/5542 5098/5432
f 4771/4973 5185/5439 5346/5543
f 5148/5284 5266/5544 5260/5527
f 4896/5083 5175/5405 5252/5545
f 5145/5448 5217/5535 5243/5465
f 5156/5474 5209/5512 5270/5546
f 5102/5370 5081/5200 5248/5547
f 4735/5130 5027/5304 5262/5501
f 5015/5310 5093/5324 5308/5548
f 5023/5273 5212/5515 5217/5535
f 5080/5293 5029/5307 5264/5549
f 5148/5284 5269/5519 5266/5544
f 5034/5271 5181/5453 4820/5113
f 5083/5389 5220/5550 4880/5202
f 5188/5472 5052/5361 5264/5549
f 4571/4741 4708/4828 5418/5551
f 4571/4741 5418/5551 5089/5387
f 5086/5380 5137/5451 5201/5468
f 5114/5407 5211/5508 5233/5518
f 5040/5345 5328/5552 4255/4375
f 4826/4982 5182/5296 4812/4957
f 5012/5300 4928/5201 5268/5553
f 5118/5419 5244/5554 5226/5539
f 5175/5405 5055/5026 5267/5555
f 5084/5392 5116/5394 5213/5489
f 5195/5503 5209/5512 5159/5475
f 5053/5260 5239/5467 5225/5537
f 5214/5538 5096/5375 5236/5556
f 5071/5360 5147/5443 5466/5557
f 5179/5471 5156/5474 5270/5546
f 5076/5362 5097/5390 5224/5517
f 5064/5295 5261/5486 5247/5558
f 5110/5410 5263/5559 5127/5399
f 5137/5451 5180/5492 5201/5468
f 5136/5373 5242/5463 5249/5560
f 4896/5083 5252/5545 5022/5286
f 4971/5186 5057/5309 5198/5428
f 4951/5063 5128/5384 5274/5522
f 5029/5307 5222/5473 5264/5549
f 4804/4969 5166/5441 5046/5278
f 4804/4969 5001/5216 5166/5441
f 5061/5338 5151/5337 5185/5439
f 5183/5397 5063/5348 5078/5256
f 4847/5084 5194/5484 5256/5561
f 4847/5084 5256/5561 5277/5562
f 5028/5233 5150/5457 5272/5563
f 5069/5292 5312/5564 5279/5534
f 5188/5472 5228/5565 5135/5403
f 4869/5094 5311/5566 4900/5145
f 4815/5034 5343/5542 4953/5177
f 5124/5431 5202/5509 5150/5457
f 4808/5028 5329/5567 5074/5335
f 5151/5337 4847/5084 5277/5562
f 5135/5403 5228/5565 5195/5503
f 5074/5335 5329/5567 5237/5568
f 5123/5420 5246/5520 5199/5516
f 5103/5442 5238/5569 4879/5215
f 5136/5373 5249/5560 5254/5541
f 5134/5313 5253/5570 5120/5346
f 4988/5275 4905/5149 5205/5455
f 4771/4973 5346/5543 5368/5571
f 5074/5335 5322/5572 4927/4927
f 4996/5305 5315/5573 4818/5081
f 4996/5305 5276/5433 5315/5573
f 4897/5096 5161/5462 5181/5453
f 5067/5291 5221/5500 5036/5254
f 5080/5293 5264/5549 5052/5361
f 5192/5525 5199/5516 5257/5574
f 4567/4732 5152/5356 5289/5477
f 5154/5459 5243/5465 5208/5481
f 5074/5335 5237/5568 5322/5572
f 5138/5383 5295/5529 5075/5371
f 5066/5381 5000/5325 5357/5575
f 4957/5357 5351/5576 4907/5577
f 4957/5357 5125/5359 5351/5576
f 4879/5247 5238/5578 5307/5487
f 5064/5295 5247/5558 5296/5579
f 5193/5470 5283/5580 5118/5419
f 5149/5458 5214/5538 5140/5421
f 5105/5363 5400/5581 5161/5462
f 5118/5419 5251/5540 5246/5520
f 5025/5173 5171/5450 5269/5519
f 5073/5236 5328/5552 5040/5345
f 5097/5390 5077/5355 5282/5582
f 4426/4590 5333/5494 5438/5469
f 4595/5583 5319/5584 5643/5585
f 4930/5203 5004/5169 5323/5586
f 5059/5311 5325/5587 4919/5182
f 5090/5366 5254/5541 5177/5437
f 4771/4973 5368/5571 5197/5524
f 5199/5516 5246/5520 5257/5574
f 5195/5503 5228/5565 5209/5512
f 5194/5484 5300/5497 5377/5588
f 4815/5034 5232/5480 5343/5542
f 4843/5139 5017/4892 5250/5490
f 5215/5504 5208/5481 5255/5589
f 5219/5502 5106/5425 5288/5590
f 5118/5419 5283/5580 5244/5554
f 5121/5422 5316/5591 5223/5434
f 4853/5052 4992/5290 5294/5592
f 5057/5309 5177/5437 5198/5428
f 5217/5535 5310/5593 5243/5465
f 5244/5554 5303/5594 5226/5539
f 5068/5329 4626/4908 5339/5595
f 5204/5510 4874/5040 5415/5596
f 5179/5471 5270/5546 5304/5513
f 5070/5354 5115/5424 5412/5408
f 5174/5438 5158/5401 5275/5597
f 4930/5203 5370/5598 5083/5389
f 5180/5492 5219/5502 5201/5468
f 4852/5032 5260/5527 5245/5488
f 4468/4684 5054/5298 5574/5599
f 4468/5041 5574/5600 4841/5042
f 5192/5525 5330/5601 5163/5452
f 5192/5525 5340/5602 5330/5601
f 4694/5400 5126/5393 5094/5603
f 5036/5254 5221/5500 5212/5515
f 5150/5457 5202/5509 5324/5604
f 4989/5225 5101/5368 5290/5605
f 5193/5470 5309/5606 5283/5580
f 5171/5450 5197/5524 5269/5519
f 5210/5485 5278/5607 5087/5320
f 5229/5523 5047/5237 5306/5608
f 5022/5286 5286/5609 4931/5148
f 4465/4641 4893/5035 5190/5440
f 5012/5300 5268/5553 5353/5610
f 5012/5300 5353/5610 4856/5078
f 5257/5574 5246/5520 5271/5611
f 5187/5365 5337/5531 5444/5612
f 4705/4919 5113/5402 4883/5297
f 5263/5559 5110/5410 5245/5488
f 4992/5290 5163/5452 5294/5592
f 5246/5520 5251/5540 5271/5611
f 5169/5464 5184/5379 4985/5056
f 5127/5399 5263/5559 5302/5521
f 4941/5103 5111/5391 5297/5613
f 5273/5614 5280/5615 5285/5616
f 5101/5368 5235/5493 5349/5617
f 4931/5148 5286/5609 5363/5618
f 5022/5286 5252/5545 5286/5609
f 5225/5537 5293/5619 5222/5473
f 5194/5484 5377/5588 5256/5561
f 5117/5416 5218/5495 5318/5532
f 5231/5499 5321/5620 5218/5495
f 5055/5026 5098/5432 5267/5555
f 4952/5144 5306/5608 5047/5237
f 5015/5310 5308/5548 5162/5461
f 4457/4473 4255/4375 5178/5395
f 5128/5384 5284/5621 5274/5522
f 5271/5611 5305/5622 5257/5574
f 5138/5383 5064/5295 5295/5529
f 5000/5325 5437/5482 5357/5575
f 4928/5201 5409/5623 5268/5553
f 4853/5052 5294/5592 5065/5327
f 5226/5539 5303/5594 5251/5540
f 5215/5504 5380/5624 5112/5409
f 5122/5388 5184/5379 5202/5509
f 5001/5216 5229/5523 5326/5625
f 4874/5040 5020/5134 5415/5596
f 5255/5589 5287/5626 5327/5627
f 5020/5134 4650/4858 5354/5628
f 5059/5311 4900/5145 5325/5587
f 4982/5267 5331/5507 4877/5136
f 4880/5202 5220/5550 5227/5530
f 5049/5176 5120/5346 5300/5497
f 5228/5565 5188/5472 5301/5629
f 5128/5384 5304/5513 5284/5621
f 5028/5233 5272/5563 5210/5485
f 5255/5589 5208/5481 5406/5630
f 5255/5589 5406/5630 5287/5626
f 5208/5481 5435/5631 5406/5630
f 5192/5525 5257/5574 5340/5602
f 4820/5113 5181/5453 5206/5418
f 5255/5589 5327/5627 5215/5504
f 5202/5509 5447/5632 5344/5633
f 5285/5616 5314/5634 5273/5614
f 5111/5391 5490/5258 5297/5613
f 5169/5464 5347/5514 5317/5635
f 5130/5340 5479/5636 4958/4912
f 5228/5565 5301/5629 5209/5512
f 5102/5370 5248/5547 5362/5637
f 5102/5370 5362/5637 5106/5425
f 5161/5462 5400/5581 5181/5453
f 5264/5549 5222/5473 5301/5629
f 5269/5519 5197/5524 5313/5638
f 5106/5425 5356/5639 5288/5590
f 4952/5144 5230/5533 5306/5608
f 5097/5390 5282/5582 5224/5517
f 4976/5249 5419/5640 5333/5494
f 4989/5225 5290/5605 5221/5500
f 5104/5323 5223/5434 5234/5483
f 5270/5546 5209/5512 5332/5641
f 5247/5558 5261/5486 5360/5642
f 4984/5156 5203/5478 5146/5447
f 5240/5398 5063/5348 5183/5397
f 5219/5502 5288/5590 5201/5468
f 5210/5485 5272/5563 5278/5607
f 5131/5414 4961/5185 5467/5643
f 5169/5464 5317/5635 5184/5379
f 4650/4858 5079/5206 5354/5628
f 5284/5621 5304/5513 5320/5644
f 5116/5394 5295/5529 5213/5489
f 5013/5228 5274/5522 5158/5401
f 5273/5614 5335/5645 5280/5615
f 5150/5457 5324/5604 5272/5563
f 5275/5597 5158/5401 5338/5646
f 5188/5472 5264/5549 5301/5629
f 4674/4424 4555/4605 5385/5647
f 4767/5382 5259/5496 5042/5648
f 5001/5216 5326/5625 5166/5441
f 5251/5540 5303/5594 5271/5611
f 5271/5611 5303/5594 5334/5649
f 4674/4424 5492/5650 5216/5506
f 4708/4828 4841/5042 5367/5651
f 5258/5369 5424/5652 5073/5236
f 5077/5355 5233/5518 5282/5582
f 4914/5122 5318/5532 5331/5507
f 5193/5470 5146/5447 5355/5653
f 4931/5148 5363/5618 5191/5466
f 5071/5360 5466/5557 5203/5478
f 4785/5011 5431/5654 4999/5015
f 5146/5447 5421/5655 5355/5653
f 5315/5573 5391/5656 4818/5081
f 5108/5378 5157/5385 5364/5657
f 5108/5378 5364/5657 5292/5511
f 4708/4828 5367/5651 5418/5551
f 5273/5614 5386/5658 5379/5659
f 5214/5538 5236/5556 5140/5421
f 4856/5078 5396/5660 5153/5413
f 5304/5513 5332/5641 5320/5644
f 5170/5406 5374/5661 5291/5491
f 5185/5439 5151/5337 5346/5543
f 5297/5613 5490/5258 5381/5662
f 5175/5405 5336/5663 5252/5545
f 4995/5250 5390/5664 4974/5251
f 5120/5346 5384/5665 5300/5497
f 5314/5634 5285/5616 5271/5611
f 5162/5461 5308/5548 5375/5666
f 5162/5461 5375/5666 5359/5667
f 5220/5550 5083/5389 5370/5598
f 5220/5550 5370/5598 5543/5668
f 5106/5425 5362/5637 5356/5639
f 4919/5182 5325/5587 4928/5201
f 5103/5442 5250/5490 5238/5569
f 5293/5619 5301/5629 5222/5473
f 5212/5515 5221/5500 5217/5535
f 4818/5081 5391/5656 5389/5669
f 5175/5405 5267/5555 5350/5670
f 5305/5622 5271/5611 5372/5671
f 5280/5615 5369/5672 5285/5616
f 5112/5409 5380/5624 5168/5446
f 5177/5437 5393/5673 5198/5428
f 5263/5559 5403/5674 5302/5521
f 5151/5337 5277/5562 5361/5675
f 5327/5627 5378/5676 5215/5504
f 5309/5606 5193/5470 5355/5653
f 5269/5519 5313/5638 5266/5544
f 5283/5580 5303/5594 5244/5554
f 5175/5405 5350/5670 5336/5663
f 5151/5337 5361/5675 5365/5677
f 5009/5183 5172/5342 5461/5678
f 5280/5679 5383/5680 5369/5681
f 5221/5500 5290/5605 5416/5682
f 5134/5313 5348/5683 5253/5570
f 5060/5154 5358/5684 5335/5645
f 5271/5611 5334/5649 5314/5634
f 5147/5443 5131/5414 5466/5557
f 5273/5614 5379/5659 5335/5645
f 5166/5441 5431/5654 4785/5011
f 5266/5544 5313/5638 5260/5527
f 5163/5452 5330/5601 5294/5592
f 5240/5398 5241/5498 5063/5348
f 5162/5461 5359/5667 5233/5518
f 5162/5461 5233/5518 5211/5508
f 5202/5509 5344/5633 5324/5604
f 4411/4650 5165/5427 5583/5685
f 4595/5583 5411/5686 5299/5687
f 5337/5531 5060/5154 5379/5659
f 5242/5463 5174/5438 5249/5560
f 5286/5609 5410/5688 5363/5618
f 5280/5615 5335/5645 5358/5684
f 5280/5679 5358/5689 5341/5690
f 5060/5154 5335/5645 5379/5659
f 5297/5613 5381/5662 4941/5103
f 5336/5663 5345/5691 5252/5545
f 5060/5154 4891/4869 5358/5684
f 5338/5646 5430/5692 5275/5597
f 4808/5028 4974/5251 5329/5567
f 5265/5456 5395/5693 5105/5363
f 5142/5430 5224/5517 5382/5694
f 5142/5430 5382/5694 5235/5493
f 4543/5016 5139/5528 5196/5436
f 4818/5081 5389/5669 5241/5498
f 5271/5611 5285/5616 5372/5671
f 5261/5486 5397/5695 5360/5642
f 5064/5295 5296/5579 5295/5529
f 5270/5546 5332/5641 5304/5513
f 4595/5583 5964/5696 5319/5584
f 5201/5468 5366/5697 5096/5375
f 5081/5200 5292/5511 5499/5698
f 5238/5578 5352/5699 5307/5487
f 4941/5103 5298/5700 5186/5454
f 4891/4869 5299/5526 5358/5684
f 5236/5556 5096/5375 5366/5697
f 5037/5213 5153/5413 4736/4904
f 4819/4953 5420/5701 5027/5269
f 5158/5401 5274/5522 5338/5646
f 5213/5489 5448/5702 5164/5417
f 5120/5346 5253/5570 5384/5665
f 5140/5421 5460/5703 5230/5533
f 5017/4892 5291/5491 5250/5490
f 5275/5597 5430/5692 5174/5438
f 5268/5553 5404/5704 5399/5705
f 5146/5447 5203/5478 5421/5655
f 5100/5460 5205/5455 5428/5706
f 5202/5509 5184/5379 5521/5707
f 5218/5495 5321/5620 5318/5532
f 5274/5522 5284/5621 5338/5646
f 5293/5619 5371/5708 5301/5629
f 5225/5537 5413/5709 5293/5619
f 5268/5553 5409/5623 5404/5704
f 5248/5547 5405/5710 5362/5637
f 5186/5454 5388/5711 5170/5406
f 5209/5512 5301/5629 5407/5712
f 5190/5440 5420/5701 4819/4953
f 5105/5363 5395/5693 5400/5581
f 5283/5580 5309/5606 5387/5713
f 5170/5406 5388/5711 5374/5661
f 5248/5547 5081/5200 5405/5710
f 5063/5348 5241/5498 5476/5714
f 5406/5630 5435/5631 5425/5715
f 5254/5541 5393/5673 5177/5437
f 5348/5683 5433/5716 5253/5570
f 5353/5610 5396/5660 4856/5078
f 5204/5510 5417/5717 5165/5427
f 4736/4904 5457/5718 5200/5479
f 5263/5559 5245/5488 5403/5674
f 4391/4513 5038/5048 5575/5719
f 4391/4513 5575/5719 5568/5720
f 5095/5205 4944/5259 5173/5435
f 5186/5454 5298/5700 5388/5711
f 5087/5320 5278/5607 5402/5721
f 5280/5679 5341/5690 5383/5680
f 5243/5465 5435/5631 5208/5481
f 5305/5622 5340/5602 5257/5574
f 5305/5622 5394/5722 5340/5602
f 5285/5616 5369/5672 5372/5671
f 5191/5466 5363/5618 5157/5385
f 5273/5614 5314/5634 5386/5658
f 5277/5562 5256/5561 5361/5675
f 5302/5521 5477/5723 4955/5195
f 5272/5563 5443/5724 5278/5607
f 5295/5529 5414/5725 5213/5489
f 5217/5535 5221/5500 5310/5593
f 5209/5512 5407/5712 5332/5641
f 5283/5580 5387/5713 5303/5594
f 5132/5404 5452/5726 5093/5324
f 5236/5556 5366/5697 5398/5727
f 4255/4375 5422/5728 5178/5395
f 5151/5337 5365/5677 5346/5543
f 5334/5649 5303/5594 5487/5729
f 5204/5510 5415/5596 5417/5717
f 5305/5622 5372/5671 5394/5722
f 4905/5149 5551/5730 5205/5455
f 5272/5563 5324/5604 5465/5731
f 5213/5489 5414/5725 5448/5702
f 5245/5488 5260/5527 5313/5638
f 5252/5545 5345/5691 5373/5732
f 5101/5368 5349/5617 5290/5605
f 4579/5358 5196/5436 5125/5359
f 5252/5545 5373/5732 5286/5609
f 5287/5626 5406/5630 5327/5627
f 5201/5468 5376/5733 5366/5697
f 5098/5432 5489/5734 5267/5555
f 4674/4424 5385/5647 5492/5650
f 5243/5465 5310/5593 5435/5631
f 5093/5324 5452/5726 5308/5548
f 5225/5537 5239/5467 5413/5709
f 5302/5521 5403/5674 5477/5723
f 4930/5203 5323/5586 5370/5598
f 5069/5292 5207/5192 5464/5735
f 5069/5292 5464/5735 5312/5564
f 5521/5707 5441/5736 5202/5509
f 5134/5313 5143/5386 5436/5737
f 4905/5149 5031/5257 5449/5738
f 5140/5421 5236/5556 5460/5703
f 5113/5402 4474/4672 4883/5297
f 4927/4927 5322/5572 5130/5340
f 5174/5438 5430/5692 5254/5541
f 5174/5438 5254/5541 5249/5560
f 5215/5504 5378/5676 5380/5624
f 5313/5638 5197/5524 5442/5739
f 4900/5145 5311/5566 5325/5587
f 5294/5592 5468/5740 5065/5327
f 5355/5653 5421/5655 5472/5741
f 5068/5329 5598/5742 5155/5444
f 5068/5329 5339/5595 5598/5742
f 5300/5497 5384/5665 5377/5588
f 5402/5721 5278/5607 5443/5724
f 5121/5422 5589/5743 5316/5591
f 5355/5653 5387/5713 5309/5606
f 5373/5732 5401/5744 5286/5609
f 5284/5621 5320/5644 5392/5745
f 5276/5433 5164/5417 5427/5746
f 5314/5634 5334/5649 5487/5729
f 5245/5488 5313/5638 5403/5674
f 5256/5561 5377/5588 5495/5747
f 5256/5561 5495/5747 5361/5675
f 5202/5509 5441/5736 5447/5632
f 4645/4723 5178/5395 5189/5429
f 5395/5693 5265/5456 5456/5748
f 5238/5569 5250/5490 5352/5749
f 5331/5507 5318/5532 5453/5750
f 5341/5690 5358/5689 5480/5751
f 5284/5621 5392/5745 5338/5646
f 5207/5192 5539/5752 5464/5735
f 4961/5185 5187/5365 5467/5643
f 5336/5663 5481/5753 5345/5691
f 5295/5529 5408/5754 5414/5725
f 5216/5506 5492/5650 5440/5755
f 5315/5573 5427/5746 5391/5656
f 5087/5320 5402/5721 5232/5480
f 4941/5103 5381/5662 5298/5700
f 5331/5507 5453/5750 4877/5136
f 5443/5724 5272/5563 5465/5731
f 5296/5579 5247/5558 5295/5529
f 5466/5557 5131/5414 5501/5756
f 4736/4904 5153/5413 5457/5718
f 5389/5669 5476/5714 5241/5498
f 4595/5583 5643/5585 5411/5686
f 5166/5441 5326/5625 5439/5757
f 5235/5493 5382/5694 5349/5617
f 5079/5206 5307/5487 5354/5628
f 5221/5500 5423/5758 5310/5593
f 4869/5094 5234/5483 5311/5566
f 5310/5593 5445/5759 5435/5631
f 5400/5581 5450/5760 5181/5453
f 5410/5688 5286/5609 5401/5744
f 4255/4375 5328/5552 5422/5728
f 5290/5605 5349/5617 5505/5761
f 5253/5570 5433/5716 5451/5762
f 5231/5499 5206/5418 5506/5763
f 5363/5618 5410/5688 5446/5764
f 5133/5331 5541/5765 5265/5456
f 5229/5523 5306/5608 5432/5766
f 5315/5573 5276/5433 5427/5746
f 5184/5379 5317/5635 5454/5767
f 5184/5379 5454/5767 5521/5707
f 5065/5327 5468/5740 5342/5536
f 5310/5593 5423/5758 5445/5759
f 5368/5571 5346/5543 5470/5768
f 5134/5313 5436/5737 5348/5683
f 5187/5365 5444/5612 5467/5643
f 5267/5555 5489/5734 5350/5670
f 5247/5558 5360/5642 5295/5529
f 5391/5656 5469/5769 5389/5669
f 5299/5687 5411/5686 5459/5770
f 5182/5296 4826/4982 5594/5771
f 5182/5296 5594/5771 5261/5486
f 5115/5424 5066/5381 5412/5408
f 5230/5533 5520/5772 5306/5608
f 5371/5708 5293/5619 5407/5712
f 4411/4650 5583/5685 4995/5250
f 5410/5688 5401/5744 5429/5773
f 4944/5259 5227/5530 5488/5774
f 4841/5042 5574/5600 5367/5651
f 5288/5590 5426/5775 5535/5776
f 5332/5641 5553/5777 5320/5644
f 5406/5630 5425/5715 5478/5778
f 5350/5670 5481/5753 5336/5663
f 5328/5552 5496/5779 5422/5728
f 5131/5414 5467/5643 5434/5780
f 5317/5635 5347/5514 5454/5767
f 5216/5506 5440/5755 5109/5374
f 5232/5480 5402/5721 5486/5781
f 5338/5646 5392/5745 5430/5692
f 5347/5514 5289/5477 5482/5782
f 5435/5631 5462/5783 5425/5715
f 5358/5689 5459/5770 5480/5751
f 5143/5386 5262/5501 5540/5784
f 5477/5723 5403/5674 5463/5785
f 5231/5499 5503/5786 5321/5620
f 5224/5517 5282/5582 5522/5787
f 5363/5618 5484/5788 5157/5385
f 5346/5543 5365/5677 5470/5768
f 5223/5434 5605/5789 5234/5483
f 5200/5479 5449/5738 5031/5257
f 5352/5699 5471/5790 5307/5487
f 5288/5590 5535/5776 5201/5468
f 5303/5594 5387/5713 5487/5729
f 5362/5637 5504/5791 5356/5639
f 5398/5727 5548/5792 5236/5556
f 5416/5682 5493/5793 5221/5500
f 5197/5524 5368/5571 5442/5739
f 5444/5612 5337/5531 5386/5658
f 5314/5634 5525/5794 5386/5658
f 5348/5683 5436/5737 5519/5795
f 5299/5687 5459/5770 5358/5689
f 5393/5673 5491/5796 5198/5428
f 5321/5620 5503/5786 5318/5532
f 5081/5200 5499/5698 5405/5710
f 5372/5797 5369/5681 5528/5798
f 5327/5627 5406/5630 5378/5676
f 5365/5677 5361/5675 5526/5799
f 5098/5432 5343/5542 5489/5734
f 5379/5659 5386/5658 5337/5531
f 5394/5800 5508/5801 5340/5802
f 5004/5169 5089/5387 5323/5586
f 5324/5604 5344/5633 5529/5803
f 5324/5604 5529/5803 5577/5804
f 5355/5653 5472/5741 5387/5713
f 5020/5134 5354/5628 5415/5596
f 5301/5629 5371/5708 5407/5712
f 5448/5702 5427/5746 5164/5417
f 5223/5434 5316/5591 5605/5789
f 4974/5251 5390/5664 5329/5567
f 5462/5783 5435/5631 5502/5805
f 5457/5718 5517/5806 5200/5479
f 5320/5644 5516/5807 5392/5745
f 5393/5673 5254/5541 5455/5808
f 4976/5285 5094/5367 5483/5809
f 5168/5446 5515/5810 5239/5467
f 5168/5446 5380/5624 5515/5810
f 5294/5592 5330/5601 5468/5740
f 4928/5201 5325/5587 5474/5811
f 5410/5688 5429/5773 5446/5764
f 5403/5674 5313/5638 5518/5812
f 5369/5681 5383/5680 5531/5813
f 842/199 4947/4722 5560/2833
f 5366/5697 5376/5733 5473/5814
f 5292/5511 5364/5657 5499/5698
f 5293/5619 5413/5709 5407/5712
f 5205/5455 5551/5730 5428/5706
f 5181/5453 5450/5760 5206/5418
f 5233/5518 5359/5667 5282/5582
f 5100/5460 5428/5706 4854/4867
f 5343/5542 5232/5480 5458/5815
f 5349/5617 5566/5816 5505/5761
f 5392/5745 5485/5817 5430/5692
f 5387/5713 5472/5741 5487/5729
f 5231/5499 5506/5763 5503/5786
f 5236/5556 5693/5818 5603/5819
f 5236/5556 5603/5819 5460/5703
f 5447/5632 5545/5820 5344/5633
f 5324/5604 5577/5804 5465/5731
f 5359/5667 5375/5666 5562/5821
f 5153/5413 5396/5660 5588/5822
f 5393/5673 5455/5808 5555/5823
f 5166/5441 5439/5757 5431/5654
f 5421/5655 5203/5478 5561/5824
f 5258/5369 5631/5825 5424/5652
f 5435/5631 5445/5759 5502/5805
f 5224/5517 5522/5787 5382/5694
f 5551/5730 4905/5149 5449/5738
f 4844/5151 4958/4912 5565/5826
f 4995/5250 5583/5685 5390/5664
f 5361/5675 5495/5747 5526/5799
f 5298/5700 5549/5827 5388/5711
f 5268/5553 5399/5705 5353/5610
f 5313/5638 5442/5739 5518/5812
f 5462/5783 5502/5805 5497/5828
f 5221/5500 5493/5793 5423/5758
f 5447/5632 5441/5736 5545/5820
f 5155/5444 5530/5829 5259/5496
f 5234/5483 5620/5830 5311/5566
f 5173/5435 4944/5259 5578/5831
f 5143/5386 5540/5784 5436/5737
f 5416/5682 5290/5605 5494/5832
f 4844/5151 5565/5826 5002/5253
f 5239/5467 5515/5810 5413/5709
f 5446/5764 5484/5788 5363/5618
f 5389/5669 5469/5769 5476/5714
f 5155/5444 5598/5742 5530/5829
f 5307/5487 5471/5790 5544/5833
f 5288/5590 5356/5639 5498/5834
f 5482/5782 5500/5835 5347/5514
f 5253/5570 5451/5762 5384/5665
f 5368/5571 5470/5768 5511/5836
f 5446/5764 5429/5773 5507/5837
f 5427/5746 5514/5838 5391/5656
f 5427/5746 5538/5839 5514/5838
f 4955/5195 5477/5723 5281/5505
f 5232/5480 5486/5781 5523/5840
f 5232/5480 5523/5840 5458/5815
f 5347/5514 5500/5835 5454/5767
f 5403/5674 5518/5812 5463/5785
f 5395/5693 5456/5748 5400/5581
f 5444/5612 5386/5658 5532/5841
f 5372/5797 5528/5798 5394/5800
f 4976/5285 5611/5842 5419/5843
f 5381/5662 5510/5844 5298/5700
f 5308/5548 5556/5845 5534/5846
f 5308/5548 5452/5726 5556/5845
f 5401/5744 5373/5732 5573/5847
f 5126/5393 5281/5505 5813/5848
f 5063/5348 5476/5714 5121/5422
f 5332/5641 5513/5849 5553/5777
f 5295/5529 5601/5850 5408/5754
f 5314/5634 5487/5729 5570/5851
f 5132/5404 5198/5428 5617/5852
f 5132/5404 5617/5852 5452/5726
f 4555/4605 5560/2833 5385/5647
f 4801/4915 4758/4989 5524/2685
f 5332/5641 5407/5712 5513/5849
f 4907/5577 5351/5576 4892/5198
f 5365/5677 5526/5799 5581/5853
f 5398/5727 5509/5854 5548/5792
f 5320/5644 5553/5777 5516/5807
f 5236/5556 5550/5855 5693/5818
f 5157/5385 5484/5788 5364/5657
f 5198/5428 5491/5796 5617/5852
f 5341/5690 5580/5856 5383/5680
f 4944/5259 5488/5774 5578/5831
f 4877/5136 5453/5750 5591/5857
f 5201/5468 5535/5776 5376/5733
f 5360/5642 5601/5850 5295/5529
f 5227/5530 5220/5550 5488/5774
f 5400/5581 5456/5748 5572/5858
f 5400/5581 5572/5858 5450/5760
f 5259/5496 5530/5829 5042/5648
f 5466/5557 5501/5756 5533/5859
f 5446/5764 5507/5837 5484/5788
f 5314/5634 5570/5851 5525/5794
f 5359/5667 5587/5860 5282/5582
f 5462/5783 5497/5828 5564/5861
f 5439/5757 5735/5862 5431/5654
f 5165/5427 5417/5717 5583/5685
f 5501/5756 5131/5414 5434/5780
f 4826/4982 5701/5863 5594/5771
f 5429/5773 5401/5744 5573/5847
f 5359/5667 5562/5821 5587/5860
f 5471/5790 5352/5699 5557/5864
f 5490/5258 5644/5865 5381/5662
f 5441/5736 5521/5707 5576/5866
f 5545/5820 5529/5803 5344/5633
f 5308/5548 5534/5846 5375/5666
f 5442/5739 5368/5571 5559/5867
f 5486/5781 5563/5868 5523/5840
f 5402/5721 5443/5724 5527/5869
f 5455/5808 5254/5541 5430/5692
f 5455/5808 5430/5692 5485/5817
f 5502/5805 5423/5758 5546/5870
f 5380/5624 5378/5676 5571/5871
f 5462/5783 5564/5861 5425/5715
f 5368/5571 5511/5836 5579/5872
f 5265/5456 5612/5873 5456/5748
f 5349/5617 5382/5694 5566/5816
f 5502/5805 5445/5759 5423/5758
f 5421/5655 5561/5824 5472/5741
f 5203/5478 5466/5557 5561/5824
f 5423/5758 5493/5793 5584/5874
f 5423/5758 5584/5874 5546/5870
f 5388/5711 5549/5827 5374/5661
f 5345/5691 5481/5753 5373/5732
f 5289/5477 5500/5835 5482/5782
f 5229/5523 5432/5766 5326/5625
f 5455/5808 5485/5817 5536/5875
f 5009/5183 5461/5678 5696/5876
f 4928/5201 5474/5811 5623/5877
f 4928/5201 5623/5877 5409/5623
f 5478/5778 5378/5676 5406/5630
f 5282/5582 5587/5860 5522/5787
f 5290/5605 5505/5761 5494/5832
f 5399/5705 5404/5704 5353/5610
f 5416/5682 5494/5832 5475/5878
f 5368/5571 5579/5872 5558/5879
f 5402/5721 5547/5880 5486/5781
f 5341/5690 5592/5881 5580/5856
f 5476/5714 5619/5882 5121/5422
f 5416/5682 5475/5878 5493/5793
f 5469/5769 5597/5883 5476/5714
f 5326/5625 5610/5884 5439/5757
f 5473/5814 5376/5733 5542/5885
f 5369/5681 5531/5813 5528/5798
f 5121/5422 5619/5882 5589/5743
f 5288/5590 5567/5886 5426/5775
f 5288/5590 5498/5834 5567/5886
f 5366/5697 5569/5887 5398/5727
f 5525/5794 5532/5841 5386/5658
f 5365/5677 5581/5853 5615/5888
f 5365/5677 5615/5888 5470/5768
f 5152/5356 5438/5469 5616/5889
f 5480/5751 5592/5881 5341/5690
f 5502/5805 5546/5870 5497/5828
f 5443/5724 5465/5731 5527/5869
f 5433/5716 5348/5683 5451/5762
f 5027/5304 5420/5890 5677/5891
f 5206/5418 5600/5892 5506/5763
f 5490/5258 5766/5893 5644/5865
f 5429/5773 5573/5847 5507/5837
f 5206/5418 5450/5760 5585/5894
f 4877/5136 5591/5857 4826/4982
f 5397/5695 5601/5850 5360/5642
f 5381/5662 5644/5865 5510/5844
f 5477/5723 5599/5895 5281/5505
f 5054/5298 4883/5297 5708/5896
f 4474/4672 5002/5253 5708/5896
f 4474/4672 5708/5896 4883/5297
f 5472/5741 5561/5824 5487/5729
f 5376/5733 5554/5897 5542/5885
f 5258/5369 4854/4867 5631/5825
f 4391/4513 5568/5720 4626/4908
f 5377/5588 5384/5665 5495/5747
f 5236/5556 5548/5792 5550/5855
f 5402/5721 5527/5869 5547/5880
f 4976/5285 5483/5809 5611/5842
f 5539/5752 5660/5898 5464/5735
f 5291/5491 5374/5661 5638/5899
f 5473/5814 5650/5900 5366/5697
f 5393/5673 5635/5901 5491/5796
f 5348/5683 5519/5795 5727/5902
f 5375/5666 5534/5846 5562/5821
f 5409/5623 5623/5877 5404/5704
f 5322/5572 5702/5903 5130/5340
f 5398/5727 5569/5887 5509/5854
f 5368/5571 5558/5879 5586/5904
f 5368/5571 5586/5904 5559/5867
f 5417/5717 5595/5905 5583/5685
f 5417/5717 5415/5596 5595/5905
f 5066/5381 5357/5575 5412/5408
f 5362/5637 5405/5710 5504/5791
f 5342/5536 5748/5906 4893/5035
f 5432/5766 5610/5884 5326/5625
f 5473/5814 5542/5885 5650/5900
f 5425/5715 5564/5861 5478/5778
f 5557/5864 5352/5699 5691/5907
f 5200/5479 5517/5806 5449/5738
f 5442/5739 5559/5867 5618/5908
f 5459/5770 5609/5909 5480/5751
f 5454/5767 5500/5835 5521/5707
f 5407/5712 5632/5910 5513/5849
f 5312/5564 5464/5735 5279/5534
f 5367/5651 5641/5911 5418/5551
f 5460/5703 5707/5912 5230/5533
f 5439/5757 5610/5884 5602/5913
f 5442/5739 5618/5908 5518/5812
f 5427/5746 5666/5914 5538/5839
f 5427/5746 5682/5915 5666/5914
f 4958/4912 5700/5916 5565/5826
f 5545/5820 5596/5917 5529/5803
f 5467/5643 5444/5612 5532/5841
f 5391/5656 5597/5883 5469/5769
f 5507/5837 5621/5918 5484/5788
f 5448/5702 5652/5919 5427/5746
f 5481/5753 5350/5670 5626/5920
f 5330/5601 5340/5602 5512/5921
f 5073/5236 5424/5652 5328/5552
f 5352/5749 5250/5490 5691/5922
f 5343/5542 5651/5923 5489/5734
f 5449/5738 5703/5924 5551/5730
f 5109/5374 5440/5755 5655/5925
f 5109/5374 5655/5925 4538/4586
f 4999/5015 5431/5654 5715/5926
f 5516/5807 5553/5777 5593/5927
f 5220/5550 5543/5668 5488/5774
f 5261/5486 5594/5771 5614/5928
f 5206/5418 5585/5894 5600/5892
f 5397/5695 5261/5486 5601/5850
f 5343/5542 5458/5815 5651/5923
f 5364/5657 5484/5788 5499/5698
f 5373/5732 5481/5753 5573/5847
f 5485/5817 5392/5745 5647/5929
f 5366/5697 5650/5900 5569/5887
f 5376/5733 5535/5776 5554/5897
f 5476/5714 5597/5883 5619/5882
f 5463/5785 5518/5812 5608/5930
f 5509/5854 5569/5887 5606/5931
f 5516/5807 5593/5927 5669/5932
f 4826/4982 5591/5857 5645/5933
f 4893/5035 5748/5906 5190/5440
f 5470/5768 5615/5888 5640/5934
f 5491/5796 5635/5901 5617/5852
f 5500/5835 5289/5477 5552/5935
f 5485/5817 5647/5929 5536/5875
f 5522/5787 5587/5860 5695/5936
f 5561/5824 5466/5557 5487/5729
f 5438/5469 5674/5937 5616/5889
f 4758/4989 5279/5534 5524/2685
f 5261/5486 5614/5928 5537/5938
f 5393/5673 5555/5823 5635/5901
f 5130/5340 5702/5903 5479/5636
f 5521/5707 5664/5939 5576/5866
f 5536/5875 5555/5823 5455/5808
f 5384/5665 5526/5799 5495/5747
f 5370/5598 5743/5940 5543/5668
f 5237/5568 5329/5567 5627/5941
f 5509/5854 5606/5931 5548/5792
f 5490/5258 5176/5328 5766/5893
f 5432/5766 5306/5608 5590/5942
f 5513/5849 5624/5943 5553/5777
f 5484/5788 5657/5944 5499/5698
f 5038/5048 5009/5183 5696/5876
f 5038/5048 5696/5876 5575/5719
f 5518/5812 5618/5908 5659/5945
f 5480/5751 5609/5909 5592/5881
f 5289/5477 5152/5356 5552/5935
f 5559/5867 5586/5904 5633/5946
f 5475/5878 5697/5947 5493/5793
f 5237/5568 5627/5941 5322/5572
f 5542/5885 5554/5897 5650/5900
f 5500/5835 5664/5939 5521/5707
f 5407/5712 5582/5948 5632/5910
f 5552/5935 5629/5949 5500/5835
f 5493/5793 5628/5950 5584/5874
f 5316/5591 5589/5743 5605/5789
f 5631/5825 5840/5951 5424/5652
f 5250/5490 5291/5491 5705/5952
f 5598/5742 5686/5953 5530/5829
f 5466/5557 5533/5859 5487/5729
f 5152/5356 5616/5889 5552/5935
f 5486/5781 5547/5880 5646/5954
f 5475/5878 5630/5955 5697/5947
f 5497/5828 5636/5956 5564/5861
f 5507/5837 5573/5847 5671/5957
f 5392/5745 5516/5807 5676/5958
f 5383/5680 5580/5856 5639/5959
f 5463/5785 5608/5930 5477/5723
f 5451/5762 5348/5683 5663/5960
f 5408/5754 5601/5850 5622/5961
f 5546/5870 5665/5962 5497/5828
f 5339/5595 4626/4908 5757/5963
f 5407/5712 5413/5709 5582/5948
f 5604/5964 5607/5965 5673/5966
f 5404/5704 5623/5877 5353/5610
f 5529/5803 5667/5967 5577/5804
f 5501/5756 5434/5780 5533/5859
f 5230/5533 5707/5912 5520/5772
f 5563/5868 5486/5781 5646/5954
f 5394/5800 5678/5968 5508/5801
f 5441/5736 5724/5969 5545/5820
f 5432/5766 5590/5942 5610/5884
f 5380/5624 5571/5871 5882/5970
f 5380/5624 5882/5970 5515/5810
f 5606/5931 5569/5887 5670/5971
f 5487/5729 5533/5859 5570/5851
f 5465/5731 5577/5804 5527/5869
f 5384/5665 5451/5762 5625/5972
f 5153/5413 5683/5973 5457/5718
f 5408/5754 5622/5961 5414/5725
f 4854/4867 5428/5706 5737/5974
f 5367/5651 5812/5975 5712/5976
f 5553/5777 5624/5943 5593/5927
f 5554/5897 5535/5776 5637/5977
f 5384/5665 5581/5853 5526/5799
f 5367/5651 5712/5976 5641/5911
f 5172/5342 5634/5978 5461/5678
f 5470/5768 5640/5934 5511/5836
f 5527/5869 5653/5979 5547/5880
f 5551/5730 5703/5924 5731/5980
f 5333/5494 5419/5640 5745/5981
f 5512/5921 5468/5740 5330/5601
f 5307/5487 5544/5833 5354/5628
f 5532/5841 5525/5794 5467/5643
f 5250/5490 5705/5952 5691/5922
f 5396/5660 5353/5610 5679/5982
f 5475/5878 5494/5832 5725/5983
f 5475/5878 5725/5983 5630/5955
f 5468/5740 5688/5984 5342/5536
f 5261/5486 5537/5938 5680/5985
f 5261/5486 5680/5985 5601/5850
f 5612/5873 5265/5456 5730/5986
f 5438/5469 5333/5494 5742/5987
f 5438/5469 5742/5987 5674/5937
f 5439/5757 5602/5913 5735/5862
f 5089/5387 5649/5988 5949/5989
f 5089/5387 5949/5989 5323/5586
f 5054/5298 5708/5896 5574/5599
f 5533/5859 5467/5643 5570/5851
f 5512/5990 5340/5802 5714/5991
f 5519/5795 5436/5737 5687/5992
f 5306/5608 5520/5772 5590/5942
f 5384/5665 5625/5972 5581/5853
f 5604/5964 5648/5993 5607/5965
f 5522/5787 5695/5936 5382/5694
f 5478/5778 5564/5861 5656/5994
f 5525/5794 5570/5851 5467/5643
f 5453/5750 5318/5532 5694/5995
f 5659/5945 5618/5908 5672/5996
f 5533/5859 5434/5780 5467/5643
f 5471/5790 5557/5864 5544/5833
f 5598/5742 5339/5595 5686/5953
f 5562/5821 5685/5997 5662/5998
f 5579/5872 5511/5836 5706/5999
f 5587/5860 5562/5821 5662/5998
f 5534/5846 5710/6000 5562/5821
f 5350/5670 5489/5734 5626/5920
f 5441/5736 5576/5866 5724/5969
f 5549/5827 5675/6001 5374/5661
f 5291/5491 5668/6002 5705/5952
f 5590/5942 5654/6003 5709/6004
f 5448/5702 5414/5725 5622/5961
f 5139/5528 5823/6005 5196/5436
f 5656/5994 5692/6006 5478/5778
f 5621/5918 5826/6007 5484/5788
f 5624/5943 5681/6008 5593/5927
f 5518/5812 5659/5945 5658/6009
f 5506/5763 5600/5892 5751/6010
f 5348/5683 5727/5902 5722/6011
f 5459/5770 5411/5686 5684/6012
f 5511/5836 5640/5934 5706/5999
f 5459/5770 5684/6012 5609/5909
f 5562/5821 5710/6000 5713/6013
f 5669/5932 5676/5958 5516/5807
f 5545/5820 5724/5969 5596/5917
f 4576/4629 5189/5429 5981/6014
f 5586/5904 5558/5879 5633/5946
f 5440/5755 5492/5650 5655/5925
f 5599/5895 5477/5723 5608/5930
f 5311/5566 5820/6015 5325/5587
f 5527/5869 5577/5804 5653/5979
f 5478/5778 5692/6006 5378/5676
f 5413/5709 5704/6016 5582/5948
f 5651/5923 5458/5815 5772/6017
f 5535/5776 5736/6018 5637/5977
f 5531/5813 5773/6019 5528/5798
f 5340/5802 5508/5801 5714/5991
f 5325/5587 5820/6015 5474/5811
f 5394/5800 5528/5798 5678/5968
f 5505/5761 5725/5983 5494/5832
f 5493/5793 5697/5947 5699/6020
f 5493/5793 5699/6020 5628/5950
f 5391/5656 5514/5838 5597/5883
f 5513/5849 5632/5910 5624/5943
f 5507/5837 5671/5957 5621/5918
f 5608/5930 5518/5812 5658/6009
f 5356/5639 5504/5791 5793/6021
f 5133/5331 5173/5435 5834/6022
f 5500/5835 5629/5949 5664/5939
f 5448/5702 5818/6023 5652/5919
f 5348/5683 5722/6011 5663/5960
f 5580/5856 5592/5881 5717/6024
f 5042/5648 5530/5829 5642/6025
f 5498/5834 5356/5639 5793/6021
f 5027/5304 5677/5891 5262/5501
f 5637/5977 5758/6026 5554/5897
f 5002/5253 5565/5826 5821/6027
f 5002/5253 5821/6027 5708/5896
f 5593/5927 5681/6008 5669/5932
f 4576/4629 5981/6014 4542/4669
f 5529/5803 5596/5917 5667/5967
f 5396/5660 5679/5982 5762/6028
f 5396/5660 5762/6028 5588/5822
f 5453/5750 5694/5995 5591/5857
f 5382/5694 5695/5936 5566/5816
f 5621/5918 5671/5957 5711/6029
f 5126/5393 5813/5848 5763/6030
f 5436/5737 5723/6031 5687/5992
f 5562/5821 5713/6013 5685/5997
f 5623/5877 5679/5982 5353/5610
f 5383/5680 5639/5959 5716/6032
f 5581/5853 5625/5972 5615/5888
f 5451/5762 5663/5960 5734/6033
f 5549/5827 5298/5700 5675/6001
f 5503/5786 5506/5763 5318/5532
f 5460/5703 5603/5819 5707/5912
f 5626/5920 5489/5734 5651/5923
f 5426/5775 5567/5886 5535/5776
f 5126/5393 5763/6030 5754/6034
f 5607/5965 5648/5993 5698/6035
f 5094/5603 5800/6036 5483/6037
f 5415/5596 5844/6038 5767/6039
f 5551/5730 5740/6040 5428/5706
f 5604/5964 5733/6041 5721/6042
f 5554/5897 5758/6026 5650/5900
f 5342/5536 5688/5984 5748/5906
f 5604/5964 5721/6042 5648/5993
f 5727/5902 5519/5795 5761/6043
f 5693/5818 5719/6044 5603/5819
f 5609/5909 5684/6012 5750/6045
f 5557/5864 5691/5907 5544/5833
f 5431/5654 5735/5862 5744/6046
f 5451/5762 5732/6047 5625/5972
f 5291/5491 5638/5899 5668/6002
f 5633/5946 5755/6048 5559/5867
f 5534/5846 5690/6049 5710/6000
f 5579/5872 5706/5999 5726/6050
f 5629/5949 5689/6051 5664/5939
f 5234/5483 5605/5789 5790/6052
f 5311/5566 5620/5830 5820/6015
f 4854/4867 5737/5974 5631/5825
f 5621/5918 5711/6029 5826/6007
f 5704/6016 5413/5709 5515/5810
f 5519/5795 5687/5992 5761/6043
f 5497/5828 5665/5962 5636/5956
f 5279/5534 5464/5735 5752/6053
f 5534/5846 5760/6054 5690/6049
f 5673/5966 5607/5965 5698/6035
f 5508/5801 5678/5968 5718/6055
f 5133/5331 5834/6022 5541/5765
f 5452/5726 5617/5852 5556/5845
f 5451/5762 5734/6033 5774/6056
f 5451/5762 5774/6056 5732/6047
f 5630/5955 5753/6057 5697/5947
f 5464/5735 5660/5898 5752/6053
f 5456/5748 5612/5873 5572/5858
f 5584/5874 5628/5950 5546/5870
f 5751/6010 5756/6058 5506/5763
f 5234/5483 5790/6052 5620/5830
f 5681/6008 5741/6059 5669/5932
f 5630/5955 5725/5983 5720/6060
f 5538/5839 5666/5914 5514/5838
f 5615/5888 5625/5972 5640/5934
f 5498/5834 5728/6061 5567/5886
f 5528/5798 5773/6019 5678/5968
f 5633/5946 5558/5879 5726/6050
f 5590/5942 5520/5772 5654/6003
f 5481/5753 5781/6062 5749/6063
f 5558/5879 5579/5872 5726/6050
f 5588/5822 5683/5973 5153/5413
f 5457/5718 5746/6064 5517/5806
f 5207/5192 4753/4932 5889/6065
f 5427/5746 5652/5919 5682/5915
f 5601/5850 5891/6066 5622/5961
f 5508/5801 5718/6055 5714/5991
f 5606/5931 5670/5971 5738/6067
f 5126/5393 5754/6034 5799/6068
f 5126/5393 5799/6068 5094/5603
f 5567/5886 5845/6069 5535/5776
f 5383/5680 5854/6070 5531/5813
f 5573/5847 5481/5753 5749/6063
f 5587/5860 5662/5998 5695/5936
f 5411/5686 5643/5585 5661/6071
f 5546/5870 5778/6072 5665/5962
f 5637/5977 5736/6018 5729/6073
f 5720/6060 5725/5983 5713/6013
f 5265/5456 5815/6074 5730/5986
f 5517/5806 5746/6064 5798/6075
f 5534/5846 5556/5845 5760/6054
f 5629/5949 5552/5935 5780/6076
f 5669/5932 5741/6059 5676/5958
f 5481/5753 5626/5920 5764/6077
f 5481/5753 5764/6077 5781/6062
f 5383/5680 5716/6032 5854/6070
f 5627/5941 5841/6078 5322/5572
f 5496/5779 5787/6079 5422/5728
f 4892/5198 5878/6080 4956/5199
f 5630/5955 5720/6060 5753/6057
f 5589/5743 5850/6081 5605/5789
f 5720/6060 5713/6013 5710/6000
f 5339/5595 5757/5963 5686/5953
f 5713/6013 5765/6082 5685/5997
f 5505/5761 5566/5816 5725/5983
f 5713/6013 5725/5983 5765/6082
f 5450/5760 5572/5858 5585/5894
f 5392/5745 5676/5958 5647/5929
f 5580/5856 5717/6024 5782/6083
f 5378/5676 5692/6006 5571/5871
f 5684/6012 5411/5686 5661/6071
f 5415/5596 5354/5628 5844/6038
f 5415/5596 5767/6039 5595/5905
f 5089/5387 5418/5551 5649/5988
f 5390/5664 5583/5685 5329/5567
f 5551/5730 5731/5980 5740/6040
f 5590/5942 5709/6004 5610/5884
f 5653/5979 5577/5804 5796/6084
f 5629/5949 5780/6076 5689/6051
f 5698/6035 5775/6085 5673/5966
f 5588/5822 5937/6086 5683/5973
f 5739/6087 5753/6057 5690/6049
f 5739/6087 5830/6088 5753/6057
f 5604/5964 5673/5966 5733/6041
f 5496/5779 5328/5552 5787/6079
f 5632/5910 5681/6008 5624/5943
f 5457/5718 5683/5973 5746/6064
f 5436/5737 5777/6089 5723/6031
f 5597/5883 5514/5838 5768/6090
f 5628/5950 5808/6091 5546/5870
f 5563/5868 5646/5954 5784/6092
f 5546/5870 5808/6091 5778/6072
f 5580/5856 5782/6083 5639/5959
f 5595/5905 5767/6039 5583/5685
f 5328/5552 5424/5652 5787/6079
f 5281/5505 5599/5895 5789/6093
f 5298/5700 5510/5844 5759/6094
f 5563/5868 5923/6095 5523/5840
f 5673/5966 5868/6096 5733/6041
f 5633/5946 5726/6050 5755/6048
f 5517/5806 5862/6097 5449/5738
f 5448/5702 5851/6098 5833/6099
f 5173/5435 5578/5831 5834/6022
f 5448/5702 5833/6099 5818/6023
f 5537/5938 5614/5928 5680/5985
f 5559/5867 5755/6048 5795/6100
f 5535/5776 5845/6069 5736/6018
f 5139/5528 4999/5015 5823/6005
f 5333/5494 5745/5981 5742/5987
f 5458/5815 5523/5840 5797/6101
f 4626/4908 5568/5720 5747/6102
f 5691/5907 5783/6103 5544/5833
f 5690/6049 5760/6054 5739/6087
f 5720/6060 5710/6000 5753/6057
f 5693/5818 5804/6104 5719/6044
f 5618/5908 5559/5867 5795/6100
f 5709/6004 5794/6105 5610/5884
f 5608/5930 5658/6009 5801/6106
f 5612/5873 5730/5986 5572/5858
f 5599/5895 5608/5930 5801/6106
f 5687/5992 5723/6031 5761/6043
f 5458/5815 5797/6101 5772/6017
f 4538/4586 5877/6107 5172/5342
f 5725/5983 5566/5816 5765/6082
f 5711/6029 5769/6108 5785/6109
f 5711/6029 5671/5957 5769/6108
f 5498/5834 5793/6021 5728/6061
f 5690/6049 5753/6057 5710/6000
f 5506/5763 5756/6058 5318/5532
f 5672/5996 5618/5908 5795/6100
f 5515/5810 5942/6110 5704/6016
f 5706/5999 5829/6111 5836/6112
f 5436/5737 5540/5784 5777/6089
f 5602/5913 5610/5884 5794/6105
f 5367/5651 5574/5600 5890/6113
f 5196/5436 5823/6005 6202/6114
f 5599/5895 5801/6106 5789/6093
f 5582/5948 5704/6016 5632/5910
f 5262/5501 5927/6115 5540/5784
f 5520/5772 5985/6116 5654/6003
f 5517/5806 5798/6075 5862/6097
f 5354/5628 5544/5833 5839/6117
f 5625/5972 5838/6118 5640/5934
f 4538/4586 5655/5925 5877/6107
f 5583/5685 5788/6119 5329/5567
f 5616/5889 5873/6120 5552/5935
f 5635/5901 5555/5823 5792/6121
f 5681/6008 5632/5910 5741/6059
f 5664/5939 5807/6122 5576/5866
f 5602/5913 5810/6123 5735/5862
f 5367/5651 5982/6124 5812/5975
f 5625/5972 5732/6047 5838/6118
f 5739/6087 5760/6054 5808/6091
f 5728/6061 5845/6069 5567/5886
f 5262/5501 5677/5891 5927/6115
f 5657/5944 5484/5788 5826/6007
f 5719/6044 5707/5912 5603/5819
f 5611/5842 5802/6125 5419/5843
f 5647/5929 5817/6126 5536/5875
f 5711/6029 5785/6109 5826/6007
f 5600/5892 5803/6127 5751/6010
f 5656/5994 5779/6128 5692/6006
f 5739/6087 5808/6091 5628/5950
f 5514/5838 5666/5914 5768/6090
f 5739/6087 5628/5950 5830/6088
f 5448/5702 5622/5961 5851/6098
f 5585/5894 5803/6127 5600/5892
f 5585/5894 5847/6129 5803/6127
f 5654/6003 5985/6116 5770/6130
f 5523/5840 5923/6095 5797/6101
f 5601/5850 5680/5985 5891/6066
f 5207/5192 5889/6065 5539/5752
f 5637/5977 5729/6073 5758/6026
f 5281/5505 5789/6093 5819/6131
f 4826/4982 5645/5933 5701/5863
f 5632/5910 5825/6132 5741/6059
f 5592/5881 5609/5909 5811/6133
f 5592/5881 5811/6133 5717/6024
f 5706/5999 5640/5934 5829/6111
f 5635/5901 5863/6134 5617/5852
f 5611/5842 5822/6135 5802/6125
f 5504/5791 5405/5710 5793/6021
f 5560/2833 5857/6136 5385/5647
f 5596/5917 5816/6137 5667/5967
f 5488/5774 5543/5668 5578/5831
f 5698/6035 5786/6138 5775/6085
f 5354/5628 5839/6117 5844/6038
f 5623/5877 5474/5811 5832/6139
f 5547/5880 5653/5979 5869/6140
f 5623/5877 5832/6139 5679/5982
f 5616/5889 5674/5937 5873/6120
f 5775/6085 5868/6096 5673/5966
f 5577/5804 5667/5967 5796/6084
f 5769/6108 5671/5957 5791/6141
f 5654/6003 5809/6142 5709/6004
f 5619/5882 5597/5883 5589/5743
f 5727/5902 5761/6043 5722/6011
f 5547/5880 5869/6140 5646/5954
f 5726/6050 5706/5999 5843/6143
f 5664/5939 5689/6051 5807/6122
f 5662/5998 5685/5997 5765/6082
f 5622/5961 5891/6066 5851/6098
f 5654/6003 5770/6130 5809/6142
f 5298/5700 5759/6094 5675/6001
f 5662/5998 5765/6082 5695/5936
f 5639/5959 5782/6083 5835/6144
f 5695/5936 5765/6082 5566/5816
f 5563/5868 5784/6092 5923/6095
f 5536/5875 5817/6126 5555/5823
f 5474/5811 5820/6015 5832/6139
f 4892/5198 5351/5576 5878/6080
f 5370/5598 5323/5586 5949/5989
f 5597/5883 5768/6090 5589/5743
f 5658/6009 5659/5945 5801/6106
f 5606/5931 5738/6067 5548/5792
f 5660/5898 5539/5752 5908/6145
f 5468/5740 5512/5921 5688/5984
f 5697/5947 5753/6057 5830/6088
f 5671/5957 5573/5847 5791/6141
f 5543/5668 5837/6146 5578/5831
f 5572/5858 5730/5986 5831/6147
f 5697/5947 5830/6088 5699/6020
f 5659/5945 5672/5996 5795/6100
f 5318/5532 5756/6058 5694/5995
f 5779/6128 5656/5994 5564/5861
f 5602/5913 5794/6105 5776/6148
f 5699/6020 5830/6088 5628/5950
f 5761/6043 5723/6031 5722/6011
f 5602/5913 5776/6148 5827/6149
f 5635/5901 5792/6121 5863/6134
f 5614/5928 5594/5771 5680/5985
f 5322/5572 5841/6078 5702/5903
f 5483/6037 5800/6036 5856/6150
f 5659/5945 5795/6100 5801/6106
f 5583/5685 5767/6039 5788/6119
f 5424/5652 5840/5951 5881/6151
f 5640/5934 5806/6152 5829/6111
f 5729/6073 5855/6153 5814/6154
f 5626/5920 5870/6155 5764/6077
f 5594/5771 5701/5863 5874/6156
f 5639/5959 5835/6144 5716/6032
f 5281/5505 5819/6131 5813/5848
f 4626/4908 5747/6102 5757/5963
f 5620/5830 5790/6052 5853/6157
f 4958/4912 5479/5636 5700/5916
f 5729/6073 5736/6018 5855/6153
f 5499/5698 5657/5944 5876/6158
f 5499/5698 5876/6158 5405/5710
f 5723/6031 5824/6159 5722/6011
f 5585/5894 6003/6160 5847/6129
f 5176/5328 5412/5408 5766/5893
f 5769/6108 5912/6161 5785/6109
f 5793/6021 5828/6162 5728/6061
f 5745/5981 5419/5640 5846/6163
f 5552/5935 5873/6120 5780/6076
f 5705/5952 5936/6164 5691/5922
f 5723/6031 5777/6089 5824/6159
f 5265/5456 5541/5765 5906/6165
f 5737/5974 5840/5951 5631/5825
f 5706/5999 5836/6112 5843/6143
f 5746/6064 5943/6166 5798/6075
f 5704/6016 5942/6110 5632/5910
f 5596/5917 5724/5969 5816/6137
f 5698/6035 5848/6167 5786/6138
f 5734/6033 5663/5960 5861/6168
f 5813/5848 5819/6131 5849/6169
f 5646/5954 5893/6170 5784/6092
f 5670/5971 5569/5887 5966/6171
f 5670/5971 5966/6171 5738/6067
f 5855/6153 5736/6018 5845/6069
f 5808/6091 5760/6054 5867/6172
f 5632/5910 5942/6110 5825/6132
f 5512/5990 5714/5991 5842/6173
f 5512/5990 5842/6173 5688/6174
f 5367/5651 5890/6113 5982/6124
f 5705/5952 5668/6002 5886/6175
f 5626/5920 5651/5923 5870/6155
f 5791/6141 5573/5847 5860/6176
f 5588/5822 5762/6028 5937/6086
f 5682/5915 5652/5919 5900/6177
f 5776/6148 5794/6105 5852/6178
f 5733/6041 5920/6179 5721/6042
f 5265/5456 5906/6165 5815/6074
f 5644/5865 6174/6180 5510/5844
f 5329/5567 5907/6181 5627/5941
f 5942/6110 5515/5810 5882/5970
f 5774/6056 5734/6033 5861/6168
f 5573/5847 5749/6063 5860/6176
f 5609/5909 5750/6045 5811/6133
f 5653/5979 5952/6182 5869/6140
f 5682/5915 5900/6177 5666/5914
f 5679/5982 5832/6139 5762/6028
f 5738/6067 5859/6183 5548/5792
f 5801/6106 5819/6131 5789/6093
f 5834/6022 5578/5831 5940/6184
f 5745/5981 5864/6185 5742/5987
f 5370/5598 5949/5989 5743/5940
f 5510/5844 6174/6180 5759/6094
f 5666/5914 5900/6177 5768/6090
f 5094/5603 5799/6068 5800/6036
f 5640/5934 5838/6118 5806/6152
f 5684/6012 5661/6071 5884/6186
f 5782/6083 5717/6024 5835/6144
f 5774/6056 5861/6168 5732/6047
f 5564/5861 5636/5956 5930/6187
f 5779/6128 5564/5861 5879/6188
f 5724/5969 5576/5866 5903/6189
f 5722/6011 5824/6159 5663/5960
f 5543/5668 5771/6190 5837/6146
f 5767/6039 5904/6191 5788/6119
f 5374/5661 5675/6001 5638/5899
f 5841/6078 5627/5941 5944/6192
f 4542/4669 5981/6014 5941/6193
f 5691/5922 5936/6164 5783/6194
f 5575/5719 6014/6195 5568/5720
f 5594/5771 5929/6196 5680/5985
f 5796/6084 6006/6197 5653/5979
f 5449/5738 5862/6097 5703/5924
f 5638/5899 5980/6198 5668/6002
f 5555/5823 5958/6199 5792/6121
f 5605/5789 5885/6200 5790/6052
f 5684/6012 5884/6186 5750/6045
f 5775/6085 5786/6138 5868/6096
f 5178/5395 5422/5728 5938/6201
f 5556/5845 5617/5852 5883/6202
f 5530/5829 5686/5953 5911/6203
f 5772/6017 5797/6101 5918/6204
f 5777/6089 5902/6205 5824/6159
f 5726/6050 5843/6143 5887/6206
f 5726/6050 5887/6206 5755/6048
f 5742/5987 5962/6207 5674/5937
f 5809/6142 5865/6208 5709/6004
f 5627/5941 5907/6181 5944/6192
f 5405/5710 5876/6158 5793/6021
f 5751/6010 5803/6127 5756/6058
f 5569/5887 5650/5900 5966/6171
f 5419/5843 5802/6125 5899/6209
f 5800/6036 5916/6210 5935/6211
f 5420/5890 5927/6115 5677/5891
f 5741/6059 5922/6212 5676/5958
f 5801/6106 5795/6100 5934/6213
f 5814/6154 5978/6214 5729/6073
f 5611/5842 5483/5809 5822/6135
f 5431/5654 5744/6046 5715/5926
f 5824/6159 5861/6168 5663/5960
f 5791/6141 5912/6161 5769/6108
f 5646/5954 5869/6140 5893/6170
f 5548/5792 5888/6215 5550/5855
f 5636/5956 5665/5962 5930/6187
f 5540/5784 5927/6115 5910/6216
f 5816/6137 6006/6197 5667/5967
f 5548/5792 5859/6183 5888/6215
f 5804/6104 5921/6217 5719/6044
f 5860/6176 5933/6218 5791/6141
f 5572/5858 5831/6147 5585/5894
f 5807/6122 5903/6189 5576/5866
f 5783/6103 5871/6219 5544/5833
f 5686/5953 5757/5963 5909/6220
f 5540/5784 5925/6221 5777/6089
f 5693/5818 5914/6222 5804/6104
f 5419/5843 5899/6209 5846/6223
f 5800/6036 5799/6068 5916/6210
f 5653/5979 6006/6197 5952/6182
f 5866/6224 5692/6006 5779/6128
f 4542/4669 5941/6193 4753/4932
f 5768/6090 5850/6081 5589/5743
f 5483/6037 5856/6150 5822/6225
f 5760/6054 5556/5845 5867/6172
f 5809/6142 5770/6130 5985/6116
f 5655/5925 5492/5650 5898/6226
f 5675/6001 5759/6094 5892/6227
f 5824/6159 5732/6047 5861/6168
f 5824/6159 5880/6228 5732/6047
f 5520/5772 5707/5912 5921/6217
f 5749/6063 5915/6229 5860/6176
f 5779/6128 5879/6188 5866/6224
f 5674/5937 5962/6207 5873/6120
f 5571/5871 5692/6006 5882/5970
f 5730/5986 5815/6074 5831/6147
f 5755/6048 5905/6230 5795/6100
f 5667/5967 6006/6197 5796/6084
f 5738/6067 5919/6231 5859/6183
f 5650/5900 5758/6026 5966/6171
f 5196/5436 6582/6232 5125/5359
f 5880/6228 5824/6159 5902/6205
f 5801/6106 5895/6233 5819/6131
f 5651/5923 5872/6234 5870/6155
f 5733/6041 5901/6235 5920/6179
f 5716/6032 5835/6144 5854/6070
f 5741/6059 5932/6236 5922/6212
f 4595/5583 5042/5648 5964/5696
f 5822/6225 5897/6237 5802/6238
f 5851/6098 5917/6239 5833/6099
f 5803/6127 5939/6240 5756/6058
f 5819/6131 5895/6233 5849/6169
f 5777/6089 5974/6241 5902/6205
f 5732/6047 5880/6228 5838/6118
f 5801/6106 5934/6213 5858/6242
f 5530/5829 5911/6203 5642/6025
f 5802/6238 5897/6237 5896/6243
f 5874/6156 5929/6196 5594/5771
f 5719/6044 5921/6217 5707/5912
f 5661/6071 5973/6244 5884/6186
f 5701/5863 5645/5933 5951/6245
f 5763/6030 5924/6246 5754/6034
f 5660/5898 5908/6145 5752/6053
f 5620/5830 5853/6157 5820/6015
f 5564/5861 5930/6187 5879/6188
f 5520/5772 5921/6217 5985/6116
f 5791/6141 5933/6218 5912/6161
f 5196/5436 6202/6114 6582/6232
f 5190/5440 5977/6247 5420/5701
f 5786/6138 5990/6248 5868/6096
f 5880/6228 5902/6205 5913/6249
f 5776/6148 5954/6250 5827/6149
f 5802/6238 5896/6243 5899/6251
f 5655/5925 5898/6226 5877/6107
f 5555/5823 5817/6126 5958/6199
f 5829/6111 5806/6152 5880/6228
f 5742/5987 5864/6185 5962/6207
f 5828/6162 5793/6021 5987/6252
f 5675/6001 5892/6227 5638/5899
f 5875/6253 5825/6132 5942/6110
f 5855/6153 5894/6254 5978/6214
f 5665/5962 5778/6072 5930/6187
f 5860/6176 5915/6229 5933/6218
f 5855/6153 5978/6214 5814/6154
f 5852/6178 5794/6105 5931/6255
f 5887/6206 6046/6256 5755/6048
f 5605/5789 5850/6081 5885/6200
f 5190/5440 5748/5906 5977/6247
f 5649/5988 5947/6257 5949/5989
f 5866/6224 5875/6253 5882/5970
f 5905/6230 5755/6048 6046/6256
f 5749/6063 5781/6062 5915/6229
f 5647/5929 5676/5958 5922/6212
f 5647/5929 5922/6212 5817/6126
f 5838/6118 5880/6228 5806/6152
f 5731/5980 5703/5924 5740/6040
f 5827/6149 5810/6123 5602/5913
f 5329/5567 5788/6119 6002/6258
f 5329/5567 6002/6258 6121/6259
f 5776/6148 5852/6178 5955/6260
f 5776/6148 5955/6260 5954/6250
f 5741/6059 5825/6132 5932/6236
f 5887/6206 5843/6143 5946/6261
f 5833/6099 5960/6262 5818/6023
f 5903/6189 5984/6263 5724/5969
f 5801/6106 5858/6242 5895/6233
f 5756/6058 5950/6264 5694/5995
f 5649/5988 5418/5551 5947/6257
f 5738/6067 5966/6171 5919/6231
f 5689/6051 5780/6076 5807/6122
f 5735/5862 5810/6123 5744/6046
f 5829/6111 5880/6228 5972/6265
f 5785/6109 5912/6161 5967/6266
f 5540/5784 5910/6216 5925/6221
f 5818/6023 5900/6177 5652/5919
f 5818/6023 5960/6262 5900/6177
f 5745/5981 5846/6163 5864/6185
f 5895/6233 5948/6267 5849/6169
f 5813/5848 5849/6169 5959/6268
f 5894/6254 5945/6269 5963/6270
f 5777/6089 5925/6221 5974/6241
f 5794/6105 5709/6004 5931/6255
f 5843/6143 5928/6271 5946/6261
f 5923/6095 5784/6092 5961/6272
f 5733/6041 5868/6096 5901/6235
f 5867/6172 5975/6273 5808/6091
f 5784/6092 5893/6170 5995/6274
f 5926/6275 5918/6204 5784/6092
f 5873/6120 6015/6276 5780/6076
f 5880/6228 5913/6249 5972/6265
f 5778/6072 5975/6273 5970/6277
f 5763/6030 5813/5848 5924/6246
f 5784/6092 5918/6204 5961/6272
f 5772/6017 5918/6204 5979/6278
f 5866/6224 5882/5970 5692/6006
f 5717/6024 5811/6133 5835/6144
f 5705/5952 5886/6175 5936/6164
f 5866/6224 5879/6188 5875/6253
f 5750/6045 5884/6186 5811/6133
f 5894/6254 5855/6153 5845/6069
f 5894/6254 5845/6069 5945/6269
f 5808/6091 5975/6273 5778/6072
f 5843/6143 5836/6112 5928/6271
f 5800/6036 5935/6211 5856/6150
f 5875/6253 5942/6110 5882/5970
f 5849/6169 5948/6267 5959/6268
f 5729/6073 5978/6214 5758/6026
f 5795/6100 5905/6230 5934/6213
f 5874/6156 5701/5863 5929/6196
f 5836/6112 5829/6111 5972/6265
f 5541/5765 6072/6279 6075/6280
f 5541/5765 6075/6280 5906/6165
f 5826/6007 5876/6158 5657/5944
f 5902/6205 5974/6241 6059/6281
f 5479/5636 6029/6282 5700/5916
f 5871/6219 5783/6103 5957/6283
f 5952/6182 6006/6197 6020/6284
f 5867/6172 5556/5845 5883/6202
f 5737/5974 5428/5706 6101/6285
f 5919/6231 5971/6286 5859/6183
f 5919/6231 5969/6287 5971/6286
f 5793/6021 5876/6158 5987/6252
f 5865/6208 5976/6288 5709/6004
f 5754/6034 5924/6246 6023/6289
f 5918/6204 5797/6101 5961/6272
f 5740/6040 6320/6290 5428/5706
f 5746/6064 5683/5973 5943/6166
f 5042/5648 6038/6291 5964/5696
f 5643/5585 6089/6292 5661/6071
f 5709/6004 5976/6288 5931/6255
f 5550/5855 5991/6293 5693/5818
f 5886/6175 5668/6002 6092/6294
f 5910/6216 5956/6295 5925/6221
f 5648/5993 5721/6042 6183/6296
f 5918/6204 5926/6275 5979/6278
f 5896/6243 5897/6237 6043/6297
f 5904/6191 5993/6298 5788/6119
f 5279/5534 5752/6053 6024/6299
f 5645/5933 6036/6300 5951/6245
f 5910/6216 5927/6115 5956/6295
f 5786/6138 6007/6301 5990/6248
f 5865/6208 5968/6302 5976/6288
f 4999/5015 5715/5926 5823/6005
f 5617/5852 5863/6134 5883/6202
f 5822/6225 5856/6150 6067/6303
f 5728/6061 5828/6162 6008/6304
f 5728/6061 6008/6304 5845/6069
f 5848/6167 6000/6305 5786/6138
f 5900/6177 6013/6306 5768/6090
f 5901/6235 5965/6307 5920/6179
f 5924/6246 5959/6268 6023/6289
f 5172/5342 5877/6107 5634/5978
f 5891/6066 6022/6308 5851/6098
f 5850/6081 5997/6309 5885/6200
f 5923/6095 5961/6272 5797/6101
f 5875/6253 5879/6188 5825/6132
f 5967/6266 5912/6161 6018/6310
f 5903/6189 6032/6311 5984/6263
f 5680/5985 5929/6196 5891/6066
f 5811/6133 5884/6186 6052/6312
f 5853/6157 5790/6052 6113/6313
f 5914/6222 5693/5818 5991/6293
f 5686/5953 5909/6220 5911/6203
f 5768/6090 6013/6306 5850/6081
f 5851/6098 6009/6314 5917/6239
f 5917/6239 5960/6262 5833/6099
f 5329/5567 6121/6259 5907/6181
f 5846/6223 5899/6209 6087/6315
f 5785/6109 5996/6316 5826/6007
f 5872/6234 5764/6077 5870/6155
f 5872/6234 6019/6317 5764/6077
f 5783/6194 5936/6164 6114/6318
f 5871/6219 6004/6319 5544/5833
f 5813/5848 5959/6268 5924/6246
f 5651/5923 5772/6017 6105/6320
f 5956/6295 6033/6321 5925/6221
f 5816/6137 5724/5969 5994/6322
f 5816/6137 5994/6322 6006/6197
f 5744/6046 5810/6123 5998/6323
f 5904/6191 5767/6039 5993/6298
f 6046/6256 5887/6206 5946/6261
f 5836/6112 5972/6265 5928/6271
f 5756/6058 5939/6240 5950/6264
f 5873/6120 5962/6207 6015/6276
f 5842/6173 6063/6324 5688/6174
f 5953/6325 5958/6199 5817/6126
f 5550/5855 5888/6215 5991/6293
f 5772/6017 5979/6278 6105/6320
f 5922/6212 6031/6326 5817/6126
f 5661/6071 6089/6292 5973/6244
f 5809/6142 5985/6116 5865/6208
f 5822/6225 6067/6303 5897/6237
f 5648/5993 6183/6296 6061/6327
f 5780/6076 6057/6328 5807/6122
f 5835/6144 5811/6133 6052/6312
f 5784/6092 5995/6274 5926/6275
f 5785/6109 5967/6266 5996/6316
f 5872/6234 5651/5923 6019/6317
f 5894/6254 5963/6270 6045/6329
f 5956/6295 5927/6115 5989/6330
f 5839/6117 5544/5833 6004/6319
f 5042/5648 5642/6025 6038/6291
f 5946/6261 5928/6271 6047/6331
f 5853/6157 6113/6313 5820/6015
f 5954/6250 5988/6332 5827/6149
f 5642/6025 6143/6333 6038/6291
f 5916/6210 5983/6334 5935/6211
f 5962/6207 5864/6185 6017/6335
f 5698/6035 5648/5993 6061/6327
f 5953/6325 5817/6126 6005/6336
f 5977/6337 6037/6338 5420/5890
f 5702/5903 5841/6078 6145/6339
f 5858/6242 5934/6213 5895/6233
f 5948/6267 6016/6340 5959/6268
f 5279/5534 6024/6299 5524/2685
f 5803/6127 5847/6129 5939/6240
f 5759/6094 6174/6180 5892/6227
f 5792/6121 5958/6199 5863/6134
f 5851/6098 5986/6341 6009/6314
f 5871/6219 5957/6283 6004/6319
f 5956/6295 5989/6330 6033/6321
f 5668/6002 5980/6198 6092/6294
f 5854/6070 6127/6342 5531/5813
f 5903/6189 5807/6122 6032/6311
f 5948/6267 5895/6233 6109/6343
f 5757/5963 6044/6344 5909/6220
f 5781/6062 5764/6077 6060/6345
f 5642/6025 5911/6203 6143/6333
f 5826/6007 5996/6316 5876/6158
f 5694/5995 5950/6264 5591/5857
f 5778/6072 5970/6277 5930/6187
f 5585/5894 6071/6346 6003/6160
f 5928/6271 5972/6265 6047/6331
f 5703/5924 6079/6347 5740/6040
f 5992/6348 5965/6307 6001/6349
f 5683/5973 5937/6086 5943/6166
f 5913/6249 5902/6205 6059/6281
f 5848/6167 6061/6327 6000/6305
f 5531/5813 6127/6342 5773/6019
f 5971/6286 6065/6350 5859/6183
f 5962/6207 6017/6335 6055/6351
f 5651/5923 6056/6352 6019/6317
f 5385/5647 5857/6136 5492/5650
f 5574/5599 5708/5896 6204/6353
f 5804/6104 5914/6222 5921/6217
f 5790/6052 6136/6354 6113/6313
f 5894/6254 6045/6329 5978/6214
f 5997/6309 6053/6355 5885/6200
f 5864/6356 5846/6223 6087/6315
f 5962/6207 6055/6351 6015/6276
f 5790/6052 5885/6200 6136/6354
f 5780/6076 6015/6276 6057/6328
f 5999/6357 5970/6277 6005/6336
f 5969/6287 5919/6231 5966/6171
f 6005/6336 5817/6126 6031/6326
f 5927/6115 6010/6358 5989/6330
f 5852/6178 5931/6255 5955/6260
f 5835/6144 6027/6359 5854/6070
f 5799/6068 6076/6360 5916/6210
f 5935/6211 5983/6334 6035/6361
f 5420/5890 6037/6338 5927/6115
f 5831/6147 6040/6362 5585/5894
f 5867/6172 5883/6202 5975/6273
f 5935/6211 6051/6363 5856/6150
f 5965/6307 5901/6235 6081/6364
f 5968/6302 5865/6208 6137/6365
f 6018/6310 5912/6161 6070/6366
f 5859/6183 6065/6350 5888/6215
f 5934/6213 6064/6367 5895/6233
f 5952/6182 6054/6368 5869/6140
f 5856/6150 6051/6363 6067/6303
f 5959/6268 6016/6340 6097/6369
f 5865/6208 5985/6116 6137/6365
f 5999/6357 6086/6370 5970/6277
f 5955/6260 6028/6371 5954/6250
f 5953/6325 6005/6336 5958/6199
f 5922/6212 6062/6372 6031/6326
f 5815/6074 5906/6165 6040/6362
f 5815/6074 6040/6362 5831/6147
f 5825/6132 5879/6188 5932/6236
f 5828/6162 5987/6252 6012/6373
f 5807/6122 6057/6328 6032/6311
f 5970/6277 6086/6370 5930/6187
f 5799/6068 5754/6034 6023/6289
f 5810/6123 6021/6374 5998/6323
f 5908/6145 5539/5752 6106/6375
f 5178/5395 5938/6201 5189/5429
f 5997/6309 6034/6376 6025/6377
f 5837/6146 5771/6190 5578/5831
f 5701/5863 5951/6245 5929/6196
f 5810/6123 5827/6149 6021/6374
f 5651/5923 6105/6320 6056/6352
f 5748/5906 5688/5984 5977/6247
f 5788/6119 5993/6298 6002/6258
f 5999/6357 6005/6336 6031/6326
f 5834/6022 6104/6378 5541/5765
f 6011/6379 6050/6380 6030/6381
f 5885/6200 6053/6355 6096/6382
f 5997/6309 5850/6081 6034/6376
f 5997/6309 6026/6383 6053/6355
f 5970/6277 6138/6384 6005/6336
f 5820/6015 6113/6313 6078/6385
f 5989/6330 6010/6358 6066/6386
f 5916/6210 6076/6360 5983/6334
f 5828/6162 6012/6373 6008/6304
f 6001/6349 6049/6387 6058/6388
f 5895/6233 6120/6389 6109/6343
f 5920/6179 6183/6296 5721/6042
f 5703/5924 5862/6097 6079/6347
f 5946/6261 6047/6331 6046/6256
f 5698/6035 6061/6327 5848/6167
f 5428/5706 6320/6290 6101/6285
f 5799/6068 6023/6289 6076/6360
f 5976/6288 6039/6390 6068/6391
f 5585/5894 6151/6392 6071/6346
f 5767/6039 5844/6038 5993/6298
f 5827/6149 6069/6393 6021/6374
f 5854/6070 6027/6359 6073/6394
f 5783/6194 6114/6318 5957/6395
f 5851/6098 6074/6396 5986/6341
f 5820/6015 6078/6385 5832/6139
f 5976/6288 6068/6391 5931/6255
f 5926/6275 5995/6274 5979/6278
f 5972/6265 6085/6397 6047/6331
f 5900/6177 5960/6262 6013/6306
f 5935/6211 6035/6361 6051/6363
f 5479/5636 5702/5903 6029/6282
f 6037/6338 6126/6398 5927/6115
f 5834/6022 5940/6184 6104/6378
f 5412/5408 5357/5575 6180/6399
f 5885/6200 6096/6382 6125/6400
f 5927/6115 6082/6401 6010/6358
f 5927/6115 6093/6402 6082/6401
f 6006/6197 5994/6322 6020/6284
f 6030/6381 6134/6403 6011/6379
f 5418/5551 5641/5911 5947/6257
f 5901/6235 6119/6404 6081/6364
f 5678/5968 5773/6019 6110/6405
f 5885/6200 6103/6406 6136/6354
f 5764/6077 6019/6317 6060/6345
f 5850/6081 6077/6407 6034/6376
f 5678/5968 6142/6408 5718/6055
f 5591/5857 6165/6409 5645/5933
f 5885/6200 6125/6400 6103/6406
f 6041/6410 6011/6379 6081/6364
f 6049/6387 6001/6349 6081/6364
f 6005/6336 6138/6384 5958/6199
f 5965/6307 6081/6364 6001/6349
f 5718/6055 6142/6408 5714/5991
f 6001/6349 6058/6388 5992/6348
f 6009/6314 5986/6341 6112/6411
f 5929/6196 6022/6308 5891/6066
f 6041/6410 6081/6364 6119/6404
f 6059/6281 6100/6412 5913/6249
f 5915/6229 5781/6062 5933/6218
f 5948/6267 6109/6343 6116/6413
f 5786/6138 6000/6305 6007/6301
f 5850/6081 6013/6306 6077/6407
f 6010/6358 6129/6414 6066/6386
f 5740/6040 6079/6347 6122/6415
f 5988/6332 6140/6416 5827/6149
f 5909/6220 6044/6344 5911/6203
f 6054/6368 5952/6182 6170/6417
f 5925/6221 6033/6321 6160/6418
f 5948/6267 6116/6413 6016/6340
f 5901/6235 5868/6096 6119/6404
f 5922/6212 5932/6236 6062/6372
f 5864/6356 6087/6315 6017/6419
f 5983/6334 6088/6420 6035/6361
f 6054/6368 5893/6170 5869/6140
f 5930/6187 6086/6370 5879/6188
f 5955/6260 6124/6421 6028/6371
f 5992/6348 6250/6422 5965/6307
f 6067/6303 6043/6297 5897/6237
f 5863/6134 5958/6199 5883/6202
f 5917/6239 6107/6423 5960/6262
f 5939/6240 5847/6129 6003/6160
f 5645/5933 6167/6424 6036/6300
f 5868/6096 5990/6248 6119/6404
f 5835/6144 6052/6312 6027/6359
f 5877/6107 5898/6226 6196/6425
f 5970/6277 5975/6273 6138/6384
f 6011/6379 6041/6410 6128/6426
f 5913/6249 6100/6412 6158/6427
f 5963/6270 5945/6269 6095/6428
f 5913/6249 6158/6427 6155/6429
f 5913/6249 6155/6429 5972/6265
f 5839/6117 6004/6319 6117/6430
f 5951/6245 6162/6431 5929/6196
f 5908/6145 6106/6375 5752/6053
f 6013/6306 6083/6432 6077/6407
f 6013/6306 6080/6433 6083/6432
f 6011/6379 6128/6426 6268/6434
f 6004/6319 5957/6283 6117/6430
f 5839/6117 6117/6430 5844/6038
f 5896/6243 6048/6435 5899/6251
f 6009/6314 6112/6411 5917/6239
f 5827/6149 6140/6416 6069/6393
f 6041/6410 6119/6404 5990/6248
f 5643/5585 6632/6436 6089/6292
f 6013/6306 6084/6437 6080/6433
f 5714/5991 6142/6408 5842/6173
f 5565/5826 6176/6438 5821/6027
f 6034/6376 6123/6439 6111/6440
f 5931/6255 6068/6391 5955/6260
f 6080/6433 6084/6437 6091/6441
f 5989/6330 6066/6386 6033/6321
f 5999/6357 6031/6326 6086/6370
f 5851/6098 6152/6442 6074/6396
f 6046/6256 6047/6331 6130/6443
f 6049/6387 6090/6444 6094/6445
f 5905/6230 6168/6446 5934/6213
f 6020/6284 5994/6322 6102/6447
f 5927/6115 6099/6448 6133/6449
f 5927/6115 6133/6449 6093/6402
f 5744/6046 5998/6323 5715/5926
f 5700/5916 6176/6438 5565/5826
f 5972/6265 6155/6429 6198/6450
f 5957/6283 6157/6451 6117/6430
f 5963/6270 6095/6428 6045/6329
f 6084/6437 6013/6306 6098/6452
f 5960/6262 6107/6423 6013/6306
f 5892/6227 6108/6453 5638/5899
f 6017/6419 6087/6315 6171/6454
f 5781/6062 6060/6345 5933/6218
f 5688/5984 6181/6455 5977/6247
f 6034/6376 6077/6407 6123/6439
f 5543/5668 6197/6456 5771/6190
f 5543/5668 5743/5940 6197/6456
f 5949/5989 5947/6257 6201/6457
f 5578/5831 5771/6190 6277/6458
f 5578/5831 6277/6458 5940/6184
f 5945/6269 5845/6069 6144/6459
f 5984/6263 6166/6460 5724/5969
f 5959/6268 6097/6369 6141/6461
f 5920/6179 5965/6307 6250/6422
f 5920/6179 6250/6422 6183/6296
f 5959/6268 6141/6461 6023/6289
f 5927/6115 6126/6398 6099/6448
f 5842/6173 6142/6408 6164/6462
f 5724/5969 6166/6460 5994/6322
f 6055/6463 6177/6464 6015/6465
f 5560/2833 4947/4722 7278/6466
f 6018/6310 6118/6467 6115/6468
f 6018/6310 6070/6366 6118/6467
f 5125/5359 6582/6232 5351/5576
f 5934/6213 6238/6469 6064/6367
f 6012/6373 5987/6252 6179/6470
f 6015/6465 6177/6464 6156/6471
f 5907/6181 6148/6472 5944/6192
f 5955/6260 6068/6391 6124/6421
f 6068/6391 6039/6390 6175/6473
f 5743/5940 5949/5989 6201/6457
f 6093/6402 6159/6474 6082/6401
f 5892/6227 6174/6180 6108/6453
f 6049/6387 6134/6403 6090/6444
f 6049/6387 6081/6364 6134/6403
f 6041/6410 5990/6248 6128/6426
f 5958/6199 6138/6384 5883/6202
f 5952/6182 6020/6284 6170/6417
f 5715/5926 6310/6475 5823/6005
f 5798/6075 6189/6476 5862/6097
f 5925/6221 6160/6418 5974/6241
f 6072/6279 5541/5765 6305/6477
f 5591/5857 5950/6264 6165/6409
f 5971/6286 6139/6478 6065/6350
f 5932/6236 5879/6188 6062/6372
f 5841/6078 6042/6479 6145/6339
f 5943/6166 5937/6086 6163/6480
f 6011/6379 6134/6403 6081/6364
f 5914/6222 5991/6293 6150/6481
f 5917/6239 6112/6411 6107/6423
f 6048/6435 6178/6482 5899/6251
f 5976/6288 5968/6302 6137/6365
f 5997/6309 6025/6377 6026/6383
f 6013/6306 6132/6483 6098/6452
f 6010/6358 6082/6401 6135/6484
f 5912/6161 5933/6218 6154/6485
f 5912/6161 6154/6485 6070/6366
f 5773/6019 6186/6486 6110/6405
f 5944/6192 6237/6487 5841/6078
f 5944/6192 6225/6488 6237/6487
f 5905/6230 6130/6443 6168/6446
f 5954/6250 6028/6371 6140/6416
f 5954/6250 6140/6416 5988/6332
f 5992/6348 6058/6388 6273/6489
f 5992/6348 6273/6489 6250/6422
f 5688/6174 6063/6324 6181/6490
f 5906/6165 6075/6280 6040/6362
f 6034/6376 6111/6440 6025/6377
f 5832/6139 6078/6385 5762/6028
f 5895/6233 6064/6367 6120/6389
f 5883/6202 6138/6384 5975/6273
f 6019/6317 6056/6352 6161/6491
f 5585/5894 6040/6362 6151/6392
f 6027/6359 6147/6492 6073/6394
f 5995/6274 6185/6493 6105/6320
f 5995/6274 6105/6320 5979/6278
f 5905/6230 6046/6256 6130/6443
f 5845/6069 6008/6304 6144/6459
f 6054/6368 6146/6494 5893/6170
f 5974/6241 6160/6418 6059/6281
f 5995/6274 5893/6170 6185/6493
f 6133/6449 6173/6495 6093/6402
f 5937/6086 5762/6028 6259/6496
f 6071/6346 6151/6392 6203/6497
f 5889/6065 4753/4932 5941/6193
f 6011/6379 6268/6434 6050/6380
f 6027/6359 6052/6312 6190/6498
f 6031/6326 6062/6372 6086/6370
f 5951/6245 6036/6300 6162/6431
f 6028/6371 6124/6421 6140/6416
f 6094/6445 6090/6444 6195/6499
f 5879/6188 6086/6370 6062/6372
f 5944/6192 6148/6472 6225/6488
f 6012/6373 6179/6470 6008/6304
f 5929/6196 6162/6431 6022/6308
f 6068/6391 6175/6473 6149/6500
f 5914/6222 6150/6481 5921/6217
f 6127/6342 5854/6070 6221/6501
f 5947/6257 5641/5911 6328/6502
f 6000/6305 6061/6327 6194/6503
f 6010/6358 6135/6484 6129/6414
f 6050/6380 6208/6504 6030/6381
f 5899/6505 6178/6506 6087/6507
f 5936/6164 5886/6175 6169/6508
f 6134/6403 6030/6381 6208/6504
f 5973/6244 6052/6312 5884/6186
f 5973/6244 6089/6292 6052/6312
f 6015/6465 6156/6471 6057/6509
f 6093/6402 6173/6495 6159/6474
f 5933/6218 6060/6345 6191/6510
f 6042/6479 5841/6078 6237/6487
f 5851/6098 6022/6308 6152/6442
f 5862/6097 6593/6511 6079/6347
f 6039/6390 6213/6512 6175/6473
f 6037/6338 6192/6513 6126/6398
f 6098/6452 6249/6514 6084/6437
f 6090/6444 6134/6403 6218/6515
f 6023/6289 6222/6516 6076/6360
f 6099/6448 6126/6398 6230/6517
f 6099/6448 6230/6517 6264/6518
f 5945/6269 6144/6459 6095/6428
f 5936/6164 6169/6508 6114/6318
f 6027/6359 6190/6498 6147/6492
f 6091/6441 6084/6437 6245/6519
f 5678/5968 6110/6405 6142/6408
f 6023/6289 6141/6461 6222/6516
f 6076/6360 6222/6516 6269/6520
f 6068/6391 6149/6500 6124/6421
f 6085/6397 5972/6265 6198/6450
f 6084/6437 6249/6514 6245/6519
f 6018/6310 6240/6521 5967/6266
f 5957/6395 6114/6318 6157/6522
f 6161/6491 6188/6523 6019/6317
f 6133/6449 6099/6448 6264/6518
f 6077/6407 6254/6524 6214/6525
f 6059/6281 6160/6418 6100/6412
f 6091/6441 6245/6519 6080/6433
f 5986/6341 6210/6526 6112/6411
f 6080/6433 6245/6519 6083/6432
f 5798/6075 5943/6166 6189/6476
f 5189/5429 6324/6527 6131/6528
f 6021/6374 6313/6529 5998/6323
f 6074/6396 6210/6526 5986/6341
f 6013/6306 6182/6530 6132/6483
f 5842/6173 6164/6462 6063/6324
f 6039/6390 5976/6288 6213/6512
f 6078/6385 6113/6313 6234/6531
f 5758/6026 5978/6214 5966/6171
f 6134/6403 6208/6504 6218/6515
f 5762/6028 6078/6385 6321/6532
f 6054/6368 6219/6533 6146/6494
f 6047/6331 6085/6397 6130/6443
f 5985/6116 5921/6217 6137/6365
f 5984/6263 6032/6311 6166/6460
f 6000/6305 6194/6503 6007/6301
f 6083/6432 6245/6519 6077/6407
f 5994/6322 6166/6460 6263/6534
f 5994/6322 6263/6534 6102/6447
f 5541/5765 6281/6535 6305/6477
f 6064/6367 6205/6536 6172/6537
f 6102/6447 6170/6417 6020/6284
f 6055/6463 6017/6419 6171/6454
f 6055/6463 6171/6454 6177/6464
f 6066/6386 6129/6414 6223/6538
f 6077/6407 6214/6525 6123/6439
f 5896/6243 6043/6297 6243/6539
f 6095/6428 6323/6540 6045/6329
f 6025/6377 6214/6525 6246/6541
f 6025/6377 6246/6541 6026/6383
f 5976/6288 6137/6365 6213/6512
f 5492/5650 5857/6136 6184/6542
f 6136/6354 6103/6406 6206/6543
f 6095/6428 6187/6544 6323/6540
f 5854/6070 6265/6545 6221/6501
f 6064/6367 6172/6537 6212/6546
f 6069/6393 6140/6416 6376/6547
f 6069/6393 6376/6547 6021/6374
f 6118/6467 6302/6548 6115/6468
f 6123/6439 6214/6525 6111/6440
f 6025/6377 6111/6440 6214/6525
f 6066/6386 6223/6538 6033/6321
f 5715/5926 5998/6323 6313/6529
f 6088/6420 6051/6363 6035/6361
f 5641/5911 5712/5976 6328/6502
f 6082/6401 6159/6474 6135/6484
f 6087/6507 6178/6506 6171/6549
f 6048/6435 5896/6243 6340/6550
f 5740/6040 6122/6415 6320/6290
f 6018/6310 6115/6468 6240/6521
f 6064/6367 6212/6546 6120/6389
f 6157/6451 6217/6551 6117/6430
f 5967/6266 6240/6521 5996/6316
f 6070/6366 6154/6485 6118/6467
f 5893/6170 6146/6494 6185/6493
f 6115/6468 6302/6548 6239/6552
f 5969/6287 5966/6171 6267/6553
f 5787/6079 6227/6554 5422/5728
f 5993/6298 6272/6555 6002/6258
f 6153/6556 6217/6551 6157/6451
f 5560/2833 6429/6557 6274/6558
f 5977/6337 6258/6559 6037/6338
f 6090/6444 6218/6515 6195/6499
f 6043/6297 6067/6303 6266/6560
f 5524/2685 6024/6299 5805/6561
f 6037/6338 6258/6559 6192/6513
f 6050/6380 6268/6434 6208/6504
f 6019/6317 6188/6523 6060/6345
f 6135/6484 6223/6538 6129/6414
f 6016/6340 6116/6413 6212/6546
f 6049/6387 6094/6445 6058/6388
f 6097/6369 6016/6340 6212/6546
f 6097/6369 6212/6546 6233/6562
f 6166/6563 6289/6564 6263/6565
f 6195/6499 6200/6566 6207/6567
f 6051/6363 6220/6568 6067/6303
f 6115/6468 6239/6552 6240/6521
f 5762/6028 6321/6532 6259/6496
f 6061/6327 6183/6296 6405/6569
f 6065/6350 6139/6478 6211/6570
f 6157/6451 6236/6571 6153/6556
f 6157/6522 6114/6318 6236/6572
f 6065/6350 6232/6573 6278/6574
f 6065/6350 6278/6574 5888/6215
f 5969/6287 6267/6553 5971/6286
f 6022/6308 6247/6575 6152/6442
f 6013/6306 6107/6423 6210/6526
f 6195/6499 6207/6567 6231/6576
f 5737/5974 6101/6285 5840/5951
f 6182/6530 6296/6577 6132/6483
f 6077/6407 6245/6519 6254/6524
f 5977/6337 6224/6578 6258/6559
f 6160/6418 6253/6579 6100/6412
f 6105/6320 6185/6493 6242/6580
f 6095/6428 6144/6459 6187/6544
f 5574/5600 6204/6581 6349/6582
f 5990/6248 6007/6301 6128/6426
f 6203/6497 6151/6392 6295/6583
f 6065/6350 6211/6570 6232/6573
f 5560/2833 6274/6558 5857/6136
f 6130/6443 6085/6397 6244/6584
f 6130/6443 6244/6584 6209/6585
f 5787/6079 5424/5652 6227/6554
f 6199/6586 6216/6587 6193/6588
f 6057/6509 6235/6589 6032/6590
f 6193/6588 6215/6591 6199/6586
f 6033/6321 6223/6538 6293/6592
f 6033/6321 6293/6592 6160/6418
f 6060/6345 6188/6523 6304/6593
f 6098/6452 6132/6483 6249/6514
f 6097/6369 6233/6562 6141/6461
f 6096/6382 6053/6355 6246/6541
f 6147/6492 6265/6545 6073/6394
f 5574/5600 6349/6582 5890/6113
f 5939/6240 6285/6594 5950/6264
f 6120/6389 6212/6546 6109/6343
f 6113/6313 6136/6354 6234/6531
f 5939/6240 6003/6160 6285/6594
f 6178/6506 6229/6595 6171/6549
f 6032/6590 6235/6589 6166/6563
f 6096/6382 6246/6541 6125/6400
f 6158/6427 6100/6412 6226/6596
f 6156/6471 6235/6589 6057/6509
f 6156/6471 6260/6597 6235/6589
f 5645/5933 6301/6598 6167/6424
f 5934/6213 6168/6446 6238/6469
f 5980/6198 5638/5899 6508/6599
f 6052/6312 6261/6600 6190/6498
f 6200/6566 6195/6499 6297/6601
f 6135/6484 6159/6474 6223/6538
f 6073/6394 6265/6545 5854/6070
f 5773/6019 6127/6342 6186/6486
f 6124/6421 6149/6500 6319/6602
f 6061/6327 6520/6603 6538/6604
f 6136/6354 6255/6605 6241/6606
f 6064/6367 6284/6607 6205/6536
f 5983/6334 6338/6608 6088/6420
f 6105/6320 6287/6609 6056/6352
f 6192/6513 6230/6517 6126/6398
f 5638/5899 6108/6453 6508/6599
f 6159/6474 6173/6495 6223/6538
f 6013/6306 6210/6526 6182/6530
f 6003/6160 6071/6346 6203/6497
f 6116/6413 6109/6343 6212/6546
f 6124/6421 6319/6602 6140/6416
f 5993/6298 6322/6610 6272/6555
f 6156/6471 6177/6464 6260/6597
f 6064/6367 6238/6469 6284/6607
f 6189/6476 6354/6611 5862/6097
f 5933/6218 6191/6510 6154/6485
f 5743/5940 6201/6457 6381/6612
f 6239/6552 6302/6548 6256/6613
f 6021/6374 6376/6547 6313/6529
f 6112/6411 6210/6526 6107/6423
f 5844/6038 6322/6610 5993/6298
f 6142/6408 6312/6614 6164/6462
f 5715/5926 6313/6529 6310/6475
f 5541/5765 6104/6378 6281/6535
f 6103/6406 6125/6400 6206/6543
f 6192/6513 6258/6559 6275/6615
f 6177/6616 6171/6549 6229/6595
f 6216/6587 6228/6617 6193/6588
f 6136/6354 6206/6543 6255/6605
f 6145/6339 6382/6618 5702/5903
f 5896/6243 6243/6539 6340/6550
f 5412/5408 6180/6399 5766/5893
f 6182/6530 6257/6619 6296/6577
f 6067/6303 6220/6568 6266/6560
f 6044/6344 5757/5963 6248/6620
f 6230/6517 6192/6513 6275/6615
f 5888/6215 6278/6574 5991/6293
f 6136/6354 6270/6621 6234/6531
f 6136/6354 6241/6606 6270/6621
f 6143/6333 6409/6622 6038/6291
f 6100/6412 6253/6579 6226/6596
f 6166/6563 6298/6623 6289/6564
f 5696/5876 5461/5678 6339/6624
f 6172/6537 6205/6536 6314/6625
f 6200/6566 6252/6626 6207/6567
f 6194/6503 6061/6327 6538/6604
f 6236/6571 6217/6551 6153/6556
f 6054/6368 6352/6627 6219/6533
f 5524/2685 5805/6561 5613/6628
f 6146/6494 6219/6533 6262/6629
f 6132/6483 6296/6577 6249/6514
f 6215/6591 6193/6588 6332/6630
f 6088/6420 6220/6568 6051/6363
f 6152/6442 6210/6526 6074/6396
f 6182/6530 6210/6526 6257/6619
f 6233/6562 6375/6631 6141/6461
f 5966/6171 5978/6214 6267/6553
f 6063/6324 6291/6632 6181/6490
f 5702/5903 6382/6618 6029/6282
f 6149/6500 6175/6473 6319/6602
f 5937/6086 6282/6633 6163/6480
f 5911/6203 6044/6344 6143/6333
f 6166/6563 6235/6589 6362/6634
f 6147/6492 6317/6635 6265/6545
f 5987/6252 5876/6158 6329/6636
f 6172/6537 6314/6625 6212/6546
f 6106/6375 6024/6299 5752/6053
f 6163/6480 6282/6633 5943/6166
f 6155/6429 6158/6427 6226/6596
f 5743/5940 6381/6612 6197/6456
f 6164/6462 6291/6632 6063/6324
f 6179/6470 5987/6252 6329/6636
f 6167/6424 6301/6598 6290/6637
f 6076/6360 6338/6608 5983/6334
f 6076/6360 6269/6520 6338/6608
f 6146/6494 6262/6629 6185/6493
f 6056/6352 6287/6609 6378/6638
f 5766/5893 6435/6639 5644/5865
f 6085/6397 6198/6450 6244/6584
f 6195/6499 6231/6576 6094/6445
f 6121/6259 6002/6258 6373/6640
f 5898/6226 5492/5650 6196/6425
f 6177/6616 6279/6641 6260/6642
f 5189/5429 5938/6201 6324/6527
f 6056/6352 6378/6638 6161/6491
f 6052/6312 6089/6292 6261/6600
f 5844/6038 6117/6430 6217/6551
f 6200/6566 6288/6643 6252/6626
f 6036/6300 6358/6644 6162/6431
f 5943/6166 6518/6645 6189/6476
f 6177/6616 6229/6595 6279/6641
f 6168/6446 6130/6443 6307/6646
f 6102/6447 6263/6534 6170/6417
f 6170/6417 6352/6627 6054/6368
f 6078/6385 6234/6531 6321/6532
f 6042/6479 6299/6647 6145/6339
f 5878/6080 6388/6648 4956/5199
f 6250/6422 6273/6489 6485/6649
f 5977/6337 6181/6650 6325/6651
f 6162/6431 6387/6652 6022/6308
f 5977/6337 6325/6651 6224/6578
f 6003/6160 6203/6497 6285/6594
f 5844/6038 6217/6551 6322/6610
f 6133/6449 6264/6518 6223/6538
f 6133/6449 6223/6538 6173/6495
f 6187/6544 6286/6653 6323/6540
f 6228/6617 6216/6587 6271/6654
f 6232/6573 6316/6655 6278/6574
f 6257/6619 6210/6526 6276/6656
f 6175/6473 6213/6512 6319/6602
f 6155/6429 6226/6596 6198/6450
f 5950/6264 6285/6594 6165/6409
f 6053/6355 6026/6383 6246/6541
f 5560/2833 7278/6466 6429/6557
f 5840/5951 6433/6657 5881/6151
f 6088/6420 6338/6608 6442/6658
f 6181/6490 6291/6632 6303/6659
f 6362/6634 6345/6660 6166/6563
f 6075/6280 6072/6279 6040/6362
f 6148/6472 6311/6661 6225/6488
f 6108/6453 6342/6662 6368/6663
f 5771/6190 6197/6456 6277/6458
f 6236/6571 6300/6664 6217/6551
f 5940/6184 6484/6665 6104/6378
f 6042/6479 6237/6487 6299/6647
f 6252/6626 6288/6643 6404/6666
f 6043/6297 6266/6560 6243/6539
f 6166/6563 6345/6660 6298/6623
f 5539/5752 5889/6065 6462/6667
f 6291/6632 6308/6668 6303/6659
f 6216/6587 6422/6669 6383/6670
f 6162/6431 6358/6644 6387/6652
f 6152/6442 6247/6575 6371/6671
f 6139/6478 6389/6672 6361/6673
f 6058/6388 6094/6445 6273/6489
f 6130/6443 6209/6585 6307/6646
f 6292/6674 6308/6668 6291/6632
f 6292/6674 6309/6675 6308/6668
f 6152/6442 6371/6671 6210/6526
f 6292/6674 6331/6676 6309/6675
f 6234/6531 6363/6677 6321/6532
f 6128/6426 6391/6678 6268/6434
f 6307/6646 6343/6679 6168/6446
f 6234/6531 6270/6621 6318/6680
f 6142/6408 6344/6681 6312/6614
f 6060/6345 6356/6682 6191/6510
f 6187/6544 6144/6459 6286/6653
f 6114/6318 6169/6508 6347/6683
f 6179/6470 6329/6636 6008/6304
f 6215/6591 6332/6630 6399/6684
f 6088/6420 6442/6658 6283/6685
f 6257/6619 6276/6656 6351/6686
f 6271/6654 6216/6587 6351/6686
f 6128/6426 6007/6301 6391/6678
f 6228/6617 6271/6654 6359/6687
f 6215/6591 6399/6684 6426/6688
f 6215/6591 6426/6688 6251/6689
f 6242/6580 6287/6609 6105/6320
f 5907/6181 6121/6259 6148/6472
f 5862/6097 6354/6611 6593/6511
f 6151/6392 6040/6362 6449/6690
f 6257/6619 6351/6686 6296/6577
f 6215/6591 6326/6691 6199/6586
f 6139/6478 6361/6673 6211/6570
f 6178/6482 6048/6435 6395/6692
f 6329/6636 5876/6158 6355/6693
f 6190/6498 6317/6635 6147/6492
f 6199/6586 6422/6669 6216/6587
f 6239/6552 6350/6694 6240/6521
f 6106/6375 6294/6695 6024/6299
f 6161/6491 6474/6696 6304/6593
f 6267/6553 6389/6672 5971/6286
f 6195/6499 6218/6515 6297/6601
f 6161/6491 6304/6593 6188/6523
f 6191/6510 6356/6682 6154/6485
f 6256/6613 6350/6694 6239/6552
f 6110/6405 6344/6681 6142/6408
f 6216/6587 6383/6670 6296/6577
f 6106/6375 6407/6697 6294/6695
f 6106/6375 5539/5752 6407/6697
f 6196/6425 5492/5650 6184/6542
f 6036/6300 6167/6424 6358/6644
f 6161/6491 6378/6638 6360/6698
f 6292/6674 6291/6632 6306/6699
f 6306/6699 6327/6700 6292/6674
f 5971/6286 6389/6672 6139/6478
f 6160/6418 6365/6701 6377/6702
f 6228/6617 6428/6703 6193/6588
f 6045/6329 6389/6672 5978/6214
f 6228/6617 6440/6704 6437/6705
f 6230/6517 6275/6615 6264/6518
f 6292/6674 6333/6706 6331/6676
f 6101/6285 6320/6290 6572/6707
f 6185/6493 6379/6708 6242/6580
f 6108/6453 6174/6180 6342/6662
f 5876/6158 5996/6316 6355/6693
f 6235/6589 6401/6709 6362/6634
f 5921/6217 6150/6481 6370/6710
f 5921/6217 6370/6710 6137/6365
f 6141/6461 6375/6631 6222/6516
f 6235/6589 6260/6597 6401/6709
f 6024/6299 6715/6711 5805/6561
f 6151/6392 6449/6690 6431/6712
f 6151/6392 6431/6712 6295/6583
f 6202/6114 5823/6005 6529/6713
f 6150/6481 5991/6293 6370/6710
f 6261/6600 6089/6292 6364/6714
f 5351/5576 6582/6232 6544/6715
f 5351/5576 6544/6715 5878/6080
f 6007/6301 6194/6503 6391/6678
f 6181/6490 6303/6659 6330/6716
f 6218/6515 6208/6504 6297/6601
f 6300/6664 6322/6610 6217/6551
f 6308/6668 6334/6717 6303/6659
f 5940/6184 6277/6458 6484/6665
f 6137/6365 6370/6710 6213/6512
f 6284/6607 6427/6718 6205/6536
f 5634/5978 5877/6107 6580/6719
f 6234/6531 6336/6720 6363/6677
f 5857/6136 6274/6558 6184/6542
f 6125/6400 6246/6541 6206/6543
f 6276/6656 6210/6526 6335/6721
f 6181/6490 6330/6716 6367/6722
f 6181/6490 6367/6722 6325/6723
f 6236/6572 6114/6318 6300/6724
f 6234/6531 6318/6680 6336/6720
f 6215/6591 6337/6725 6326/6691
f 5886/6175 6092/6294 6475/6726
f 5886/6175 6475/6726 6169/6508
f 6215/6591 6251/6689 6337/6725
f 6224/6578 6369/6727 6258/6559
f 6161/6491 6360/6698 6474/6696
f 6258/6559 6369/6727 6275/6615
f 6118/6467 6154/6485 6302/6548
f 6048/6435 6340/6550 6466/6728
f 6253/6579 6160/6418 6377/6702
f 6307/6646 6432/6729 6343/6679
f 5645/5933 6420/6730 6301/6598
f 5645/5933 6423/6731 6420/6730
f 6210/6526 6371/6671 6335/6721
f 6216/6587 6296/6577 6351/6686
f 6045/6329 6397/6732 6393/6733
f 5437/6734 4956/5199 6388/6648
f 6178/6482 6395/6692 6229/6735
f 6245/6519 6249/6514 6383/6670
f 6226/6596 6346/6736 6198/6450
f 6293/6592 6365/6701 6160/6418
f 6209/6585 6244/6584 6307/6646
f 6200/6566 6297/6601 6288/6643
f 6253/6579 6377/6702 6380/6737
f 5757/5963 6447/6738 6248/6620
f 6228/6617 6437/6705 6428/6703
f 6306/6699 6291/6632 6164/6462
f 6168/6446 6343/6679 6238/6469
f 5189/5429 6131/6528 5981/6014
f 6311/6661 6148/6472 6121/6259
f 6261/6600 6317/6635 6190/6498
f 6272/6555 6322/6610 6357/6739
f 6286/6653 6386/6740 6323/6540
f 6306/6699 6164/6462 6348/6741
f 6220/6568 6553/6742 6266/6560
f 6306/6699 6348/6741 6353/6743
f 6194/6503 6538/6604 6315/6744
f 6244/6584 6346/6736 6307/6646
f 6272/6555 6373/6640 6002/6258
f 6198/6450 6346/6736 6244/6584
f 6254/6524 6394/6745 6214/6525
f 6242/6580 6379/6708 6406/6746
f 6072/6279 6449/6690 6040/6362
f 6253/6579 6380/6737 6226/6596
f 6276/6656 6398/6747 6351/6686
f 6272/6555 6357/6739 6373/6640
f 6282/6633 6518/6645 5943/6166
f 6259/6496 6390/6748 5937/6086
f 5991/6293 6278/6574 6419/6749
f 6348/6741 6417/6750 6353/6743
f 6316/6655 6414/6751 6278/6574
f 6045/6329 6323/6540 6397/6732
f 6303/6659 6374/6752 6330/6716
f 6199/6586 6326/6691 6506/6753
f 6276/6656 6335/6721 6398/6747
f 6269/6520 6222/6516 6400/6754
f 6114/6318 6421/6755 6300/6724
f 6252/6626 6404/6666 6207/6567
f 6045/6329 6393/6733 6280/6756
f 6044/6344 6409/6622 6143/6333
f 6211/6570 6361/6673 6232/6573
f 6193/6588 6428/6703 6332/6630
f 6295/6583 6431/6712 6396/6757
f 5696/5876 6568/6758 5575/5719
f 6226/6596 6380/6737 6346/6736
f 6213/6512 6370/6710 6319/6602
f 6371/6671 6384/6759 6335/6721
f 5996/6316 6240/6521 6355/6693
f 6290/6637 6358/6644 6167/6424
f 6387/6652 6410/6760 6022/6308
f 6264/6518 6445/6761 6223/6538
f 6208/6504 6268/6434 6297/6601
f 6279/6641 6418/6762 6408/6763
f 6228/6617 6359/6687 6440/6704
f 6220/6568 6088/6420 6402/6764
f 6260/6642 6279/6641 6401/6765
f 5980/6198 6508/6599 6092/6294
f 6264/6518 6275/6615 6445/6761
f 6341/6766 6438/6767 6300/6664
f 6300/6724 6421/6755 6341/6768
f 6108/6453 6368/6663 6392/6769
f 6108/6453 6392/6769 6508/6599
f 5978/6214 6389/6672 6267/6553
f 6205/6536 6416/6770 6314/6625
f 6045/6329 6280/6756 6389/6672
f 6140/6416 6319/6602 6490/6771
f 6295/6583 6285/6594 6203/6497
f 6249/6514 6296/6577 6383/6670
f 6306/6699 6353/6743 6327/6700
f 6088/6420 6425/6772 6402/6764
f 6287/6609 6455/6773 6378/6638
f 6088/6420 6283/6685 6425/6772
f 6279/6641 6229/6595 6418/6762
f 6144/6459 6430/6774 6286/6653
f 6241/6606 6560/6775 6270/6621
f 6300/6664 6438/6767 6322/6610
f 6348/6741 6312/6614 6385/6776
f 6314/6625 6416/6770 6488/6777
f 6183/6296 6250/6422 6482/6778
f 5981/6014 6637/6779 5941/6193
f 6348/6741 6164/6462 6312/6614
f 6271/6654 6412/6780 6411/6781
f 6247/6575 6022/6308 6410/6760
f 6348/6741 6403/6782 6417/6750
f 6348/6741 6385/6776 6403/6782
f 6386/6740 6286/6653 6341/6768
f 5881/6151 6433/6657 6646/6783
f 5645/5933 6165/6409 6673/6784
f 6256/6785 6464/6786 6350/6787
f 6199/6586 6506/6753 6422/6669
f 6245/6519 6383/6670 6254/6524
f 6048/6435 6466/6728 6395/6692
f 6337/6725 6251/6689 6413/6788
f 6328/6502 6468/6789 5947/6257
f 6060/6345 6304/6593 6356/6682
f 6240/6521 6350/6694 6355/6693
f 6269/6520 6400/6754 6338/6608
f 6265/6545 6317/6635 6441/6790
f 6308/6668 6309/6675 6334/6717
f 6247/6575 6410/6760 6424/6791
f 6101/6285 6433/6657 5840/5951
f 5461/5678 5634/5978 6339/6624
f 6335/6721 6384/6759 6451/6792
f 6292/6674 6327/6700 6333/6706
f 6233/6562 6459/6793 6375/6631
f 6185/6493 6262/6629 6379/6708
f 6251/6689 6457/6794 6413/6788
f 6248/6620 6447/6738 6044/6344
f 6194/6503 6315/6744 6579/6795
f 6214/6525 6394/6745 6246/6541
f 6364/6714 6089/6292 6465/6796
f 6251/6689 6426/6688 6509/6797
f 6169/6508 6475/6726 6347/6683
f 6122/6415 6079/6347 6496/6798
f 6341/6768 6286/6653 6430/6774
f 6341/6766 6430/6799 6438/6767
f 6247/6575 6424/6791 6371/6671
f 5881/6151 6646/6783 5424/5652
f 6233/6562 6499/6800 6459/6793
f 6361/6673 6452/6801 6232/6573
f 6335/6721 6451/6792 6398/6747
f 5991/6293 6419/6749 6370/6710
f 6251/6689 6509/6797 6457/6794
f 6271/6654 6351/6686 6412/6780
f 6262/6629 6219/6533 6379/6708
f 6220/6568 6402/6764 6553/6742
f 6298/6623 6345/6660 6532/6802
f 6302/6803 6464/6786 6256/6785
f 6362/6634 6434/6804 6345/6660
f 6362/6634 6467/6805 6434/6804
f 6197/6456 6484/6665 6277/6458
f 6279/6641 6408/6763 6489/6806
f 6044/6344 6447/6738 6409/6622
f 5539/5752 6462/6667 6407/6697
f 6110/6405 6450/6807 6344/6681
f 6271/6654 6411/6781 6359/6687
f 6255/6605 6206/6543 6560/6775
f 6255/6605 6560/6775 6241/6606
f 6377/6702 6365/6701 6453/6808
f 6401/6709 6616/6809 6362/6634
f 6369/6727 6224/6578 6477/6810
f 5766/5893 6180/6399 6607/6811
f 6316/6655 6232/6573 6470/6812
f 6233/6562 6212/6546 6499/6800
f 6371/6671 6448/6813 6384/6759
f 6232/6573 6452/6801 6470/6812
f 6341/6768 6421/6755 6386/6740
f 6122/6415 6496/6798 6320/6290
f 6311/6661 6237/6487 6225/6488
f 6309/6675 6528/6814 6334/6717
f 6275/6615 6369/6727 6445/6761
f 6268/6434 6552/6815 6297/6601
f 6008/6304 6329/6636 6527/6816
f 6061/6327 6405/6569 6520/6603
f 6385/6776 6312/6614 6472/6817
f 6326/6691 6546/6818 6506/6753
f 6246/6541 6560/6775 6206/6543
f 6328/6502 5712/5976 6483/6819
f 6330/6716 6517/6820 6476/6821
f 6330/6716 6476/6821 6367/6722
f 6224/6578 6325/6651 6477/6810
f 6307/6646 6519/6822 6432/6729
f 6222/6516 6375/6631 6400/6754
f 6419/6749 6278/6574 6469/6823
f 6288/6643 6443/6824 6404/6666
f 6318/6680 6270/6621 6534/6825
f 6383/6670 6422/6669 6254/6524
f 6330/6716 6374/6752 6517/6820
f 6303/6659 6517/6820 6374/6752
f 6219/6533 6352/6627 6456/6826
f 6243/6539 6524/6827 6340/6550
f 6357/6739 6322/6610 6444/6828
f 6372/6829 6461/6830 6366/6831
f 6303/6659 6334/6717 6517/6820
f 6380/6737 6514/6832 6346/6736
f 5712/5976 5812/5975 6483/6819
f 6288/6643 6297/6601 6443/6824
f 6371/6671 6424/6791 6448/6813
f 6315/6744 6460/6833 6579/6795
f 6331/6676 6528/6814 6309/6675
f 6327/6700 6528/6814 6333/6706
f 6243/6539 6266/6560 6524/6827
f 6350/6787 6446/6834 6355/6835
f 6385/6776 6439/6836 6403/6782
f 6327/6700 6353/6743 6528/6814
f 6316/6655 6470/6812 6414/6751
f 6338/6608 6400/6754 6510/6837
f 6325/6723 6476/6821 6477/6838
f 6304/6593 6530/6839 6356/6682
f 5821/6027 6176/6438 6628/6840
f 6385/6776 6472/6817 6540/6841
f 6385/6776 6540/6841 6439/6836
f 6278/6574 6414/6751 6469/6823
f 6242/6580 6406/6746 6455/6773
f 6140/6416 6490/6771 6376/6547
f 6301/6598 6420/6730 6512/6842
f 6372/6829 6454/6843 6461/6830
f 6238/6469 6343/6679 6432/6729
f 6238/6469 6432/6729 6284/6607
f 6279/6641 6489/6806 6507/6844
f 6279/6641 6507/6844 6401/6765
f 6307/6646 6346/6736 6522/6845
f 6307/6646 6522/6845 6519/6822
f 6299/6647 6237/6487 6471/6846
f 5700/5916 6029/6282 6549/6847
f 6364/6714 6465/6796 6261/6600
f 5645/5933 6491/6848 6423/6731
f 6283/6685 6442/6658 6478/6849
f 6436/6850 6356/6682 6497/6851
f 6165/6409 6285/6594 6673/6784
f 6369/6727 6477/6810 6463/6852
f 6312/6614 6344/6681 6472/6817
f 5964/5696 6038/6291 5319/5584
f 6366/6831 6516/6853 6372/6829
f 6377/6702 6453/6808 6473/6854
f 6287/6609 6242/6580 6455/6773
f 6396/6757 6431/6712 6495/6855
f 6396/6757 6495/6855 6295/6583
f 6366/6831 6461/6830 6415/6856
f 6293/6592 6493/6857 6365/6701
f 6298/6623 6532/6802 6289/6564
f 6372/6829 6543/6858 6454/6843
f 6329/6636 6355/6693 6527/6816
f 5645/5933 6673/6784 6491/6848
f 6323/6540 6386/6740 6421/6755
f 6280/6756 6393/6733 6513/6859
f 6144/6459 6008/6304 6527/6816
f 6314/6625 6503/6860 6212/6546
f 6350/6787 6464/6786 6446/6834
f 6361/6673 6389/6672 6494/6861
f 6444/6828 6322/6610 6438/6767
f 6290/6637 6512/6842 6358/6644
f 6145/6339 6299/6647 6515/6862
f 6219/6533 6613/6863 6379/6708
f 6246/6541 6501/6864 6560/6775
f 6301/6598 6512/6842 6290/6637
f 6221/6501 6569/6865 6127/6342
f 6394/6745 6254/6524 6422/6669
f 6259/6496 6321/6532 6592/6866
f 6411/6781 6486/6867 6359/6687
f 6412/6780 6351/6686 6451/6792
f 6094/6445 6586/6868 6273/6489
f 6334/6717 6528/6814 6517/6820
f 6285/6594 6295/6583 6495/6855
f 6467/6805 6492/6869 6434/6804
f 6356/6682 6530/6839 6497/6851
f 5937/6086 6390/6748 6282/6633
f 6377/6702 6473/6854 6380/6737
f 5823/6005 6310/6475 6529/6713
f 6207/6567 6404/6666 6630/6870
f 6229/6735 6395/6692 6418/6871
f 6336/6720 6318/6680 6534/6825
f 6285/6594 6495/6855 6673/6784
f 6375/6631 6459/6793 6458/6872
f 6336/6720 6534/6825 6363/6677
f 6283/6685 6478/6849 6577/6873
f 6283/6685 6577/6873 6425/6772
f 6398/6747 6451/6792 6351/6686
f 6314/6625 6488/6777 6503/6860
f 6250/6422 6485/6649 6548/6874
f 6369/6727 6533/6875 6445/6761
f 6444/6828 6373/6640 6357/6739
f 6263/6565 6289/6564 6585/6876
f 6263/6565 6585/6876 6170/6877
f 6311/6661 6487/6878 6237/6487
f 6375/6631 6510/6837 6400/6754
f 6461/6830 6683/6879 6415/6856
f 6412/6780 6451/6792 6498/6880
f 6375/6631 6458/6872 6510/6837
f 6402/6764 6578/6881 6553/6742
f 6325/6723 6367/6722 6476/6821
f 5981/6014 6558/6882 6637/6779
f 6170/6877 6585/6876 6352/6883
f 6413/6788 6502/6884 6337/6725
f 6265/6545 6441/6790 6221/6501
f 6346/6736 6551/6885 6522/6845
f 6212/6546 6503/6860 6499/6800
f 6480/6886 6418/6871 6570/6887
f 6480/6886 6479/6888 6418/6871
f 6412/6780 6498/6880 6411/6781
f 6299/6647 6471/6846 6515/6862
f 6333/6706 6528/6814 6331/6676
f 6268/6434 6391/6678 6552/6815
f 6472/6817 6344/6681 6450/6807
f 6361/6673 6494/6861 6452/6801
f 6346/6736 6514/6832 6551/6885
f 6174/6180 6605/6889 6342/6662
f 6342/6662 6505/6890 6368/6663
f 6470/6812 6452/6801 6469/6823
f 6470/6812 6469/6823 6414/6751
f 5878/6080 6544/6715 6388/6648
f 6196/6425 6547/6891 5877/6107
f 6392/6769 6481/6892 6508/6599
f 6183/6296 6482/6778 6405/6569
f 5757/5963 6638/6893 6447/6738
f 6379/6708 6613/6863 6406/6746
f 6446/6834 6504/6894 6355/6835
f 6029/6282 6382/6618 6549/6847
f 6154/6485 6356/6682 6302/6548
f 5947/6257 6468/6789 6201/6457
f 5938/6201 5422/5728 6976/6895
f 6486/6867 6574/6896 6359/6687
f 6223/6538 6575/6897 6293/6592
f 6223/6538 6539/6898 6575/6897
f 6293/6592 6575/6897 6493/6857
f 6456/6826 6511/6899 6219/6533
f 6465/6796 6581/6900 6261/6600
f 6362/6634 6616/6809 6467/6805
f 6270/6621 6560/6775 6534/6825
f 6315/6744 6538/6604 6460/6833
f 6250/6422 6548/6874 6482/6778
f 6114/6318 6561/6901 6421/6755
f 6418/6871 6479/6888 6408/6902
f 6424/6791 6410/6760 6523/6903
f 6384/6759 6448/6813 6554/6904
f 5700/5916 6549/6847 6176/6438
f 6266/6560 6553/6742 6524/6827
f 6443/6824 6297/6601 6541/6905
f 6504/6894 6446/6834 6590/6906
f 6392/6769 6505/6890 6481/6892
f 6439/6836 6540/6841 6500/6907
f 6223/6538 6445/6761 6539/6898
f 6369/6727 6463/6852 6533/6875
f 6456/6908 6352/6883 6564/6909
f 6384/6759 6554/6904 6451/6792
f 6513/6859 6393/6733 6567/6910
f 6144/6459 6527/6816 6430/6774
f 6347/6683 6561/6901 6114/6318
f 6323/6540 6550/6911 6397/6732
f 6365/6701 6493/6857 6611/6912
f 6434/6804 6559/6913 6345/6660
f 6436/6850 6525/6914 6356/6682
f 6294/6695 6407/6697 6024/6299
f 6438/6767 6527/6915 6444/6828
f 6456/6908 6564/6909 6571/6916
f 6392/6769 6368/6663 6505/6890
f 6481/6892 6505/6890 6526/6917
f 6403/6782 6439/6836 6500/6907
f 6422/6669 6521/6918 6394/6745
f 6479/6888 6480/6886 6565/6919
f 6479/6888 6565/6919 6601/6920
f 6417/6750 6403/6782 6528/6814
f 6359/6687 6574/6896 6440/6704
f 6121/6259 6576/6921 6311/6661
f 5613/6628 5805/6561 6884/6922
f 6387/6652 6358/6644 6410/6760
f 6448/6813 6424/6791 6554/6904
f 6345/6660 6559/6913 6532/6802
f 6246/6541 6521/6918 6501/6864
f 6337/6725 6502/6884 6545/6923
f 6337/6725 6545/6923 6326/6691
f 6443/6824 6541/6905 6454/6843
f 6197/6456 6381/6612 6617/6924
f 6246/6541 6394/6745 6521/6918
f 5747/6102 6638/6893 5757/5963
f 6389/6672 6531/6925 6494/6861
f 6072/6279 6305/6477 6449/6690
f 6297/6601 6552/6815 6541/6905
f 6422/6669 6506/6753 6521/6918
f 5766/5893 6607/6811 6435/6639
f 6280/6756 6513/6859 6389/6672
f 6261/6600 6581/6900 6317/6635
f 6282/6633 6390/6748 6536/6926
f 6352/6883 6627/6927 6564/6909
f 6194/6503 6579/6795 6391/6678
f 5812/5975 5982/6124 6639/6928
f 6370/6710 6419/6749 6319/6602
f 6189/6476 6537/6929 6354/6611
f 6202/6114 6529/6713 6582/6232
f 6376/6547 6658/6930 6313/6529
f 6517/6820 6614/6931 6476/6821
f 6347/6683 6475/6726 6561/6901
f 5889/6065 5941/6193 6589/6932
f 6366/6831 6415/6856 6516/6853
f 6523/6903 6410/6760 6642/6933
f 6436/6850 6556/6934 6525/6914
f 6376/6547 6490/6771 6677/6935
f 6376/6547 6677/6935 6658/6930
f 6323/6540 6421/6755 6550/6911
f 6205/6536 6427/6718 6675/6936
f 6205/6536 6675/6936 6416/6770
f 6471/6846 6237/6487 6487/6878
f 6504/6894 6619/6937 6355/6835
f 6311/6661 6576/6921 6487/6878
f 6471/6846 6487/6878 6504/6894
f 6353/6743 6417/6750 6528/6814
f 6321/6532 6363/6677 6534/6825
f 6321/6532 6534/6825 6592/6866
f 6282/6633 6536/6926 6563/6938
f 6319/6602 6419/6749 6490/6771
f 6145/6339 6515/6862 6382/6618
f 6402/6764 6425/6772 6578/6881
f 5422/5728 6227/6554 6599/6939
f 6438/6767 6430/6799 6527/6915
f 6094/6445 6231/6576 6586/6868
f 6479/6888 6626/6940 6408/6902
f 6079/6347 6593/6511 6496/6798
f 6454/6843 6541/6905 6461/6830
f 6388/6648 6719/6941 5437/6734
f 6259/6496 6710/6942 6390/6748
f 6259/6496 6592/6866 6710/6942
f 5568/5720 6762/6943 5747/6102
f 6465/6796 6089/6292 6632/6436
f 6443/6824 6454/6843 6543/6858
f 6404/6666 6443/6824 6543/6858
f 6445/6761 6635/6944 6539/6898
f 6472/6817 6579/6795 6540/6841
f 6413/6788 6457/6794 6566/6945
f 6447/6738 6638/6893 6584/6946
f 6446/6834 6464/6786 6590/6906
f 6424/6791 6612/6947 6554/6904
f 6397/6732 6550/6911 6555/6948
f 6523/6903 6642/6933 6583/6949
f 6389/6672 6513/6859 6531/6925
f 6445/6761 6730/6950 6635/6944
f 6219/6533 6511/6899 6613/6863
f 6391/6678 6573/6951 6552/6815
f 6510/6837 6640/6952 6338/6608
f 6356/6682 6525/6914 6302/6548
f 6274/6558 6429/6557 6562/6953
f 6391/6678 6579/6795 6472/6817
f 5982/6124 5890/6113 6639/6928
f 6424/6791 6523/6903 6612/6947
f 6542/6954 6289/6564 6532/6802
f 6458/6872 6459/6793 6597/6955
f 6550/6911 6622/6956 6555/6948
f 6404/6666 6543/6858 6630/6870
f 6504/6894 6590/6906 6471/6846
f 6436/6850 6497/6851 6556/6934
f 6420/6730 6423/6731 6512/6842
f 6403/6782 6664/6957 6528/6814
f 6487/6878 6576/6921 6504/6894
f 6197/6456 6617/6924 6484/6665
f 6360/6698 6378/6638 6598/6958
f 6531/6925 6610/6959 6494/6861
f 6373/6640 6576/6921 6121/6259
f 6196/6425 6184/6542 6547/6891
f 6462/6667 6636/6960 6407/6697
f 6532/6802 6620/6961 6542/6954
f 6104/6378 6690/6962 6281/6535
f 6502/6884 6413/6788 6566/6945
f 6397/6732 6567/6910 6393/6733
f 6317/6635 6609/6963 6441/6790
f 6505/6890 6342/6662 6595/6964
f 6227/6554 5424/5652 6646/6783
f 6358/6644 6704/6965 6410/6760
f 6326/6691 6750/6966 6546/6818
f 6432/6729 6519/6822 6284/6607
f 6425/6772 6577/6873 6624/6967
f 5644/5865 6435/6639 6174/6180
f 6092/6294 6508/6599 6475/6726
f 6338/6608 6478/6849 6442/6658
f 6338/6608 6640/6952 6478/6849
f 6397/6732 6555/6948 6567/6910
f 6463/6852 6588/6968 6533/6875
f 6441/6790 6606/6969 6221/6501
f 6355/6835 6619/6937 6527/6915
f 6492/6869 6559/6913 6434/6804
f 6365/6701 6611/6912 6453/6808
f 6572/6707 6320/6290 6850/6970
f 6354/6611 6537/6929 6615/6971
f 6461/6830 6541/6905 6683/6879
f 6467/6805 6616/6809 6600/6972
f 6221/6501 6606/6969 6591/6973
f 6481/6892 6526/6917 6508/6599
f 6440/6704 6574/6896 6437/6705
f 6616/6974 6651/6975 6600/6976
f 6401/6765 6507/6844 6616/6974
f 6380/6737 6473/6854 6660/6977
f 6524/6827 6466/6728 6340/6550
f 6537/6929 6535/6978 6615/6971
f 6421/6755 6587/6979 6550/6911
f 6378/6638 6455/6773 6604/6980
f 6407/6697 6636/6960 6024/6299
f 6373/6640 6444/6828 6576/6921
f 6542/6954 6620/6961 6557/6981
f 6317/6635 6581/6900 6609/6963
f 6390/6748 6647/6982 6536/6926
f 6469/6823 6452/6801 6610/6959
f 6421/6755 6561/6901 6587/6979
f 6110/6405 6186/6486 6450/6807
f 6542/6954 6585/6876 6289/6564
f 6418/6871 6648/6983 6570/6887
f 6578/6881 6425/6772 6671/6984
f 6565/6919 6644/6985 6601/6920
f 6563/6938 6659/6986 6282/6633
f 6476/6821 6663/6987 6477/6838
f 6542/6954 6603/6988 6585/6876
f 6542/6954 6557/6981 6603/6988
f 6411/6781 6643/6989 6486/6867
f 6418/6871 6395/6692 6648/6983
f 6715/6711 6761/6990 5805/6561
f 6508/6599 6526/6917 6602/6991
f 6504/6894 6576/6921 6619/6937
f 6513/6859 6629/6992 6531/6925
f 5708/5896 6727/6993 6204/6353
f 6360/6698 6598/6958 6474/6696
f 6455/6773 6406/6746 6604/6980
f 6500/6907 6664/6957 6403/6782
f 6127/6342 6569/6865 6700/6994
f 6127/6342 6700/6994 6186/6486
f 6408/6763 6626/6995 6489/6806
f 6411/6781 6498/6880 6643/6989
f 6391/6678 6472/6817 6631/6996
f 6498/6880 6451/6792 6554/6904
f 6456/6826 6571/6997 6511/6899
f 6207/6567 6630/6870 6231/6576
f 6519/6822 6522/6845 6284/6607
f 6282/6633 6659/6986 6518/6645
f 6462/6667 5889/6065 6589/6932
f 6304/6593 6474/6696 6530/6839
f 6551/6885 6594/6998 6522/6845
f 6531/6925 6629/6992 6610/6959
f 6480/6886 6570/6887 6666/6999
f 6406/6746 6613/6863 6713/7000
f 6522/6845 6594/6998 6284/6607
f 6405/6569 6692/7001 6520/6603
f 6535/6978 6608/7002 6615/6971
f 6444/6828 6527/6915 6576/6921
f 6458/6872 6596/7003 6510/6837
f 6579/6795 6460/6833 6650/7004
f 6480/6886 6666/6999 6565/6919
f 6525/7005 6556/7006 6676/7007
f 6475/6726 6508/6599 6621/7008
f 6328/6502 6633/7009 6468/6789
f 5708/5896 5821/6027 6727/6993
f 6594/6998 6551/6885 6623/7010
f 6406/6746 6652/7011 6604/6980
f 6516/6853 6667/7012 6372/6829
f 6617/6924 6381/6612 6707/7013
f 6471/6846 6590/6906 6515/6862
f 6459/6793 6499/6800 6597/6955
f 6332/6630 6751/7014 6399/6684
f 6497/6851 6737/7015 6556/6934
f 6467/6805 6559/6913 6492/6869
f 6378/6638 6604/6980 6598/6958
f 6561/6901 6674/7016 6587/6979
f 6608/7002 6535/6978 6687/7017
f 6517/6820 6684/7018 6614/6931
f 6508/6599 6602/6991 6621/7008
f 6326/6691 6545/6923 6750/6966
f 6545/6923 6909/7019 6750/6966
f 6416/6770 6675/6936 6689/7020
f 6495/6855 6431/6712 6673/6784
f 6391/6678 6631/6996 6573/6951
f 6328/6502 6483/6819 6633/7009
f 6570/6887 6648/6983 6666/6999
f 6380/6737 6660/6977 6514/6832
f 6498/6880 6618/7021 6643/6989
f 6302/6803 6525/7005 6662/7022
f 6342/6662 6634/7023 6595/6964
f 6460/6833 6538/6604 6650/7004
f 6516/6853 6415/6856 6667/7012
f 6475/6726 6641/7024 6561/6901
f 6473/6854 6453/6808 6657/7025
f 6305/6477 6281/6535 6449/6690
f 6477/6838 6663/6987 6463/7026
f 6528/6814 6665/7027 6517/6820
f 6284/6607 6645/7028 6427/6718
f 6372/6829 6667/7012 6874/7029
f 6302/6803 6662/7022 6464/6786
f 6284/6607 6594/6998 6645/7028
f 6540/6841 6664/6957 6500/6907
f 6221/6501 6680/7030 6569/6865
f 6526/6917 6505/6890 6602/6991
f 6563/6938 6536/6926 6653/7031
f 6623/7010 6551/6885 6514/6832
f 6474/6696 6598/6958 6670/7032
f 6452/6801 6494/6861 6610/6959
f 6486/6867 6705/7033 6574/6896
f 6488/6777 6416/6770 6729/7034
f 6469/6823 6610/6959 6419/6749
f 6449/6690 6673/6784 6431/6712
f 6450/6807 6186/6486 6731/7035
f 6550/6911 6587/6979 6622/6956
f 6428/6703 6764/7036 6332/6630
f 6358/6644 6512/6842 6704/6965
f 6507/6844 6489/6806 6626/6995
f 6478/6849 6757/7037 6577/6873
f 6606/6969 6649/7038 6591/6973
f 6467/6805 6600/6972 6559/6913
f 5634/5978 6580/6719 6339/6624
f 6571/6916 6564/6909 6685/7039
f 6621/7008 6602/6991 6656/7040
f 6466/6728 6688/7041 6395/6692
f 6535/6978 6537/6929 6687/7017
f 6475/6726 6621/7008 6641/7024
f 6395/6692 6699/7042 6648/6983
f 5357/7043 7054/7044 6180/7045
f 6625/7046 6649/7038 6661/7047
f 6498/6880 6554/6904 6618/7021
f 6458/6872 6597/6955 6596/7003
f 6567/6910 6555/6948 6678/7048
f 6567/6910 6678/7048 6513/6859
f 6441/6790 6609/6963 6606/6969
f 6372/6829 6874/7029 6543/6858
f 6603/6988 6669/7049 6585/6876
f 6521/6918 6506/6753 6501/6864
f 6463/7026 6718/7050 6588/7051
f 6547/6891 6778/7052 5877/6107
f 5821/6027 6628/6840 6727/6993
f 6555/6948 6622/6956 6678/7048
f 6472/6817 6450/6807 6731/7035
f 6274/6558 6562/6953 6184/6542
f 6587/6979 6674/7016 6672/7053
f 6540/6841 6579/6795 6664/6957
f 6588/6968 6691/7054 6533/6875
f 6479/6888 6702/7055 6626/6940
f 6609/6963 6581/6900 6655/7056
f 6503/6860 6488/6777 6712/7057
f 6579/6795 6650/7004 6664/6957
f 6352/6883 6765/7058 6627/6927
f 5437/6734 6719/6941 5357/7043
f 6310/6475 6313/6529 6797/7059
f 6541/6905 6552/6815 6714/7060
f 6381/6612 6201/6457 6760/7061
f 6510/6837 6596/7003 6711/7062
f 6510/6837 6711/7062 6724/7063
f 6541/6905 6714/7060 6683/6879
f 6591/6973 6680/7030 6221/6501
f 6482/6778 6692/7001 6405/6569
f 6382/6618 6755/7064 6549/6847
f 6101/6285 6572/6707 6433/6657
f 6425/6772 6624/6967 6671/6984
f 6511/6899 6571/6997 6613/6863
f 6352/6883 6585/6876 6765/7058
f 6609/6963 6655/7056 6606/6969
f 6598/6958 6654/7065 6682/7066
f 6528/6814 6664/6957 6725/7067
f 6625/7046 6681/7068 6649/7038
f 6423/6731 6704/6965 6512/6842
f 6465/6796 6655/7056 6581/6900
f 6583/6949 6642/6933 6612/6947
f 6514/6832 6660/6977 6709/7069
f 6561/6901 6641/7024 6674/7016
f 6523/6903 6583/6949 6612/6947
f 6593/6511 6786/7070 6496/6798
f 6410/6760 6704/6965 6642/6933
f 6227/6554 6646/6783 6599/6939
f 6575/6897 6698/7071 6493/6857
f 6527/6915 6619/6937 6576/6921
f 6587/6979 6672/7053 6622/6956
f 6616/6974 6507/6844 6626/6995
f 5568/5720 6014/6195 6849/7072
f 6473/6854 6657/7025 6660/6977
f 6342/6662 6693/7073 6634/7023
f 6406/6746 6785/7074 6652/7011
f 6513/6859 6678/7048 6629/6992
f 6620/6961 6603/6988 6557/6981
f 6671/6984 6742/7075 6578/6881
f 6499/6800 6716/7076 6597/6955
f 6496/6798 6786/7070 6320/6290
f 6564/6909 6627/6927 6685/7039
f 6189/6476 6518/6645 6537/6929
f 6598/6958 6604/6980 6654/7065
f 6524/6827 6553/6742 6805/7077
f 6594/6998 6623/7010 6645/7028
f 6474/6696 6670/7032 6530/6839
f 6596/7003 6597/6955 6716/7076
f 6588/6968 6679/7078 6691/7054
f 6682/7066 6670/7032 6598/6958
f 6497/6851 6530/6839 6682/7066
f 6342/6662 6605/6889 6693/7073
f 6499/6800 6773/7079 6716/7076
f 6510/6837 6724/7063 6640/6952
f 6399/6684 6777/7080 6426/6688
f 6552/6815 6573/6951 6714/7060
f 6416/6770 6689/7020 6729/7034
f 6502/6884 6650/7004 6545/6923
f 6273/6489 6694/7081 6485/6649
f 6395/6692 6688/7041 6699/7042
f 6533/6875 6686/7082 6445/6761
f 6613/6863 6571/6997 6713/7000
f 6499/6800 6503/6860 6773/7079
f 6493/6857 6698/7071 6611/6912
f 6593/6511 6697/7083 6786/7070
f 6593/6511 6768/7084 6697/7083
f 6024/6299 6636/6960 6715/6711
f 6602/6991 6505/6890 6634/7023
f 6602/6991 6634/7023 6656/7040
f 6622/6956 6672/7053 6678/7048
f 6382/6618 6515/6862 6770/7085
f 6502/6884 6695/7086 6650/7004
f 6479/6888 6601/6920 6702/7055
f 6650/7004 6695/7086 6664/6957
f 6390/6748 6710/6942 6647/6982
f 6536/6926 6647/6982 6653/7031
f 6553/6742 6578/6881 6742/7075
f 6488/6777 6729/7034 6712/7057
f 5422/5728 6779/7087 6976/6895
f 6486/6867 6643/6989 6705/7033
f 6595/6964 6634/7023 6505/6890
f 6104/6378 6484/6665 6753/7088
f 6349/6582 6204/6581 6772/7089
f 6556/6934 6737/7015 6703/7090
f 6462/6667 6783/7091 6636/6960
f 6610/6959 6791/7092 6419/6749
f 6524/6827 6746/7093 6466/6728
f 6751/7014 6777/7080 6399/6684
f 6751/7014 6832/7094 6777/7080
f 6611/6912 6698/7071 6721/7095
f 6354/6611 6615/6971 6768/7084
f 6641/7096 6621/7097 6743/7098
f 6463/7026 6663/6987 6718/7050
f 6643/6989 6618/7021 6735/7099
f 5524/2685 5613/6628 1836/1126
f 6596/7003 6706/7100 6820/7101
f 6669/7049 6726/7102 6585/6876
f 6641/7096 6743/7098 6674/7103
f 6655/7056 6465/6796 6754/7104
f 6588/7051 6718/7050 6701/7105
f 6668/7106 6696/7107 6767/7108
f 6601/6920 6644/6985 6749/7109
f 6668/7106 6732/7110 6696/7107
f 6525/7005 6676/7007 6662/7022
f 6465/6796 6632/6436 6754/7104
f 6529/6713 6310/6475 6841/7111
f 6685/7039 6708/7112 6571/6916
f 6616/6974 6626/6995 6741/7113
f 6588/6968 6701/7114 6679/7078
f 6497/6851 6682/7066 6752/7115
f 6449/6690 6854/7116 6673/6784
f 6537/6929 6518/6645 6828/7117
f 6502/6884 6759/7118 6695/7086
f 6464/6786 6662/7022 6740/7119
f 6464/6786 6740/7119 6590/6906
f 6528/6814 6725/7067 6665/7027
f 6415/6856 6776/7120 6667/7012
f 6502/6884 6566/6945 6759/7118
f 6650/7004 6538/6604 6733/7121
f 6530/6839 6670/7032 6682/7066
f 6618/7021 6723/7122 6735/7099
f 6491/6848 6673/6784 6744/7123
f 5568/5720 6849/7072 6762/6943
f 6590/6906 6740/7119 6515/6862
f 6600/6976 6651/6975 6781/7124
f 6560/6775 6501/6864 6728/7125
f 6596/7003 6820/7101 6711/7062
f 6633/7009 6775/7126 6468/6789
f 6466/6728 6746/7093 6688/7041
f 6642/6933 6704/6965 6720/7127
f 6354/6611 6768/7084 6593/6511
f 6538/6604 6520/6603 6722/7128
f 6596/7003 6716/7076 6706/7100
f 6618/7021 6554/6904 6717/7129
f 6415/6856 6734/7130 6776/7120
f 6406/6746 6713/7000 6785/7074
f 6563/6938 6722/7128 6659/6986
f 6556/7006 6703/7131 6676/7007
f 6662/7022 6676/7007 6799/7132
f 6611/6912 6801/7133 6453/6808
f 6675/6936 6427/6718 6788/7134
f 6650/7004 6733/7121 6545/6923
f 6532/6802 6559/6913 6620/6961
f 6426/6688 6777/7080 6509/6797
f 6543/6858 6874/7029 6630/6870
f 6649/7038 6606/6969 6661/7047
f 6517/6820 6792/7135 6684/7018
f 6497/6851 6752/7115 6737/7015
f 6694/7081 6668/7106 6485/6649
f 6575/6897 6539/6898 6875/7136
f 6332/6630 6764/7036 6751/7014
f 5890/6113 6349/6582 6866/7137
f 6563/6938 6653/7031 6722/7128
f 6731/7035 6631/6996 6472/6817
f 6674/7103 6743/7098 6672/7138
f 6623/7010 6514/6832 6826/7139
f 6645/7028 6788/7134 6427/6718
f 5422/5728 6599/6939 6779/7087
f 6606/6969 6655/7056 6754/7104
f 6501/6864 6506/6753 6728/7125
f 6612/6947 6717/7129 6554/6904
f 6566/6945 6457/6794 6756/7140
f 6478/6849 6640/6952 6803/7141
f 6174/6180 6435/6639 6605/6889
f 6654/7065 6604/6980 6652/7011
f 6437/6705 6834/7142 6904/7143
f 6566/6945 6756/7140 6759/7118
f 6569/6865 6680/7030 6736/7144
f 6694/7081 6732/7110 6668/7106
f 6618/7021 6739/7145 6723/7122
f 6652/7011 6785/7074 6787/7146
f 6509/6797 6777/7080 6457/6794
f 6176/6438 6771/7147 6628/6840
f 6457/6794 6777/7080 6931/7148
f 6708/7112 6738/7149 6571/6916
f 6437/6705 6574/6896 6834/7142
f 6672/7053 6758/7150 6678/7048
f 6616/6974 6741/7113 6827/7151
f 6445/6761 6686/7082 6730/6950
f 6687/7017 6537/6929 6794/7152
f 6484/6665 6617/6924 6808/7153
f 6623/7010 6826/7139 6745/7154
f 6678/7048 6610/6959 6629/6992
f 6668/7106 6767/7108 6485/6649
f 6571/6916 6738/7149 6785/7155
f 6571/6997 6785/7074 6713/7000
f 6626/6995 6702/7156 6741/7113
f 6491/6848 6704/6965 6423/6731
f 6231/6576 6630/6870 6586/6868
f 6428/6703 6904/7143 6764/7036
f 6651/6975 6616/6974 6827/7151
f 6574/6896 6855/7157 6834/7142
f 6569/6865 6736/7144 6700/6994
f 6503/6860 6712/7057 6773/7079
f 6687/7017 6802/7158 6608/7002
f 6665/7027 6792/7135 6517/6820
f 6559/7159 6781/7124 6891/7160
f 6694/7081 6845/7161 6732/7110
f 6618/7021 6717/7129 6739/7145
f 6657/7025 6453/6808 6801/7133
f 5747/6102 6762/6943 6638/6893
f 6649/7038 6681/7068 6776/7120
f 5981/6014 6131/6528 6558/6882
f 6546/6818 6728/7125 6506/6753
f 6546/6818 6750/6966 6728/7125
f 6666/6999 6648/6983 6782/7162
f 6642/6933 6720/7127 6809/7163
f 6672/7164 6743/7165 6766/7166
f 6654/7065 6752/7115 6682/7066
f 6533/6875 6691/7054 6686/7082
f 6617/6924 6707/7013 6808/7153
f 6600/6976 6781/7124 6559/7159
f 6723/7122 6789/7167 6735/7099
f 6679/7078 6701/7114 6748/7168
f 6572/6707 6807/7169 6433/6657
f 6565/6919 6666/6999 6644/6985
f 6612/6947 6642/6933 6809/7163
f 6662/7022 6799/7132 6800/7170
f 6548/6874 6747/7171 6482/6778
f 6548/6874 6485/6649 6747/7171
f 6591/6973 6649/7038 6776/7120
f 6591/6973 6776/7120 6680/7030
f 6693/7172 6605/7173 6763/7174
f 6667/7012 6776/7120 6681/7068
f 6722/7128 6733/7121 6538/6604
f 6606/6969 6754/7104 6661/7047
f 6625/7046 6661/7047 6681/7068
f 6654/7065 6652/7011 6752/7115
f 6382/6618 6770/7085 6755/7064
f 6520/6603 6828/7117 6722/7128
f 6560/6775 6728/7125 6534/6825
f 6603/6988 6814/7175 6669/7049
f 6687/7017 6794/7152 6747/7171
f 6603/6988 6620/6961 6814/7175
f 6281/6535 6690/6962 6449/6690
f 6514/6832 6709/7069 6826/7139
f 6585/6876 6726/7102 6765/7058
f 5938/6201 6976/6895 6324/6527
f 6739/7145 6769/7176 6774/7177
f 6757/7037 6478/6849 6803/7141
f 6702/7055 6601/6920 6842/7178
f 5357/7043 6719/6941 7054/7044
f 6104/6378 6839/7179 6690/6962
f 6104/6378 6812/7180 6839/7179
f 6605/7173 6811/7181 6763/7174
f 6534/6825 6728/7125 6790/7182
f 6624/6967 6577/6873 6833/7183
f 6184/6542 6562/6953 6429/6557
f 6694/7081 6273/6489 6845/7161
f 6684/7018 6792/7135 6822/7184
f 6437/6705 6904/7143 6428/6703
f 6537/6929 6828/7117 6794/7152
f 6104/6378 6753/7088 6812/7180
f 6623/7010 6819/7185 6645/7028
f 6665/7027 6882/7186 6792/7135
f 6485/6649 6767/7108 6747/7171
f 6706/7100 6716/7076 6773/7079
f 6349/6582 6772/7089 6866/7137
f 6612/6947 6809/7163 6717/7129
f 6683/6879 6734/7130 6415/6856
f 6476/6821 6869/7187 6663/6987
f 6664/6957 6695/7086 6725/7067
f 6621/7097 6656/7188 6743/7098
f 6737/7015 6793/7189 6703/7090
f 6419/6749 6791/7092 6490/6771
f 6747/7171 6767/7108 6687/7017
f 6680/7030 6734/7130 6736/7144
f 6680/7030 6776/7120 6734/7130
f 6633/7009 6825/7190 6775/7126
f 6553/6742 6742/7075 6805/7077
f 6611/6912 6721/7095 6801/7133
f 6739/7145 6717/7129 6769/7176
f 6549/6847 6755/7064 6176/6438
f 6688/7041 6746/7093 6699/7042
f 6038/6291 6409/6622 6810/7191
f 6482/6778 6747/7171 6784/7192
f 6482/6778 6784/7192 6692/7001
f 6574/6896 6705/7033 6855/7157
f 6672/7164 6796/7193 6758/7194
f 6672/7164 6766/7166 6796/7193
f 6623/7010 6831/7195 6819/7185
f 6679/7078 6748/7168 6691/7054
f 6623/7010 6745/7154 6831/7195
f 6180/7045 7054/7044 6928/7196
f 6708/7112 6780/7197 6738/7149
f 6652/7011 6847/7198 6846/7199
f 6662/7022 6800/7170 6740/7119
f 6667/7012 6681/7068 6874/7029
f 6607/7200 6180/7045 6928/7196
f 6409/6622 6447/6738 6818/7201
f 6785/7155 6830/7202 6787/7203
f 6752/7115 6652/7011 6846/7199
f 6518/6645 6659/6986 6828/7117
f 6491/6848 6744/7123 6704/6965
f 6693/7172 6901/7204 6634/7205
f 6709/7069 6660/6977 6829/7206
f 6678/7048 6848/7207 6610/6959
f 6739/7145 6774/7177 6723/7122
f 6648/6983 6699/7042 6837/7208
f 6701/7114 6806/7209 6748/7168
f 6447/6738 6584/6946 6818/7201
f 6636/6960 6783/7091 6715/6711
f 6671/6984 6624/6967 6833/7183
f 6697/7083 6952/7210 6786/7070
f 6733/7121 6909/7019 6545/6923
f 6651/6975 6827/7151 6781/7124
f 6737/7015 6752/7115 6793/7189
f 6656/7188 6634/7205 6815/7211
f 6656/7188 6815/7211 6743/7098
f 6652/7011 6787/7146 6847/7198
f 6630/6870 6899/7212 6586/6868
f 6743/7098 6815/7211 6766/7213
f 6703/7131 6793/7214 6798/7215
f 6699/7042 6746/7093 6893/7216
f 6669/7049 6814/7175 6726/7102
f 6381/6612 6835/7217 6707/7013
f 6764/7036 6832/7094 6751/7014
f 6765/7058 6838/7218 6627/6927
f 6614/6931 6684/7018 6476/6821
f 6685/7039 6843/7219 6708/7112
f 6681/7068 6661/7047 6874/7029
f 6786/7070 6952/7210 6320/6290
f 6582/6232 6529/6713 6883/7220
f 6520/6603 6692/7001 6828/7117
f 6726/7102 6814/7175 6765/7058
f 6666/6999 6865/7221 6644/6985
f 6697/7083 6795/7222 6952/7210
f 6449/6690 6690/6962 6854/7116
f 6732/7110 6845/7161 6696/7107
f 6608/7002 6879/7223 6615/6971
f 6620/7224 6970/7225 6814/7226
f 6671/6984 6833/7183 6742/7075
f 6706/7100 6773/7079 6820/7101
f 6601/6920 6749/7109 6859/7227
f 6476/6821 6684/7018 6869/7187
f 6695/7086 6759/7118 6725/7067
f 6635/6944 6875/7136 6539/6898
f 6752/7115 6816/7228 6793/7189
f 6484/6665 6808/7153 6753/7088
f 6769/7176 6817/7229 6813/7230
f 6788/7134 6645/7028 6819/7185
f 6457/6794 6931/7148 6756/7140
f 6610/6959 6848/7207 6791/7092
f 6687/7017 6767/7108 6802/7158
f 6712/7057 6886/7231 6773/7079
f 6804/7232 6798/7215 6821/7233
f 6796/7193 6871/7234 6758/7194
f 5877/6107 6778/7052 6887/7235
f 6599/6939 6853/7236 6779/7087
f 6769/7176 6813/7230 6774/7177
f 6757/7037 6889/7237 6577/6873
f 6720/7127 6704/6965 6823/7238
f 6534/6825 6790/7182 6592/6866
f 6515/6862 6740/7119 6770/7085
f 6575/6897 6875/7136 6824/7239
f 6708/7112 6881/7240 6780/7197
f 6409/6622 6818/7201 6810/7191
f 6701/7105 6718/7050 6806/7241
f 6584/6946 6638/6893 6857/7242
f 6816/7243 6836/7244 6821/7233
f 6640/6952 6724/7063 6897/7245
f 6433/6657 6807/7169 6646/6783
f 6186/6486 6700/6994 6731/7035
f 6769/7176 6717/7129 6809/7163
f 6769/7176 6809/7163 6817/7229
f 6310/6475 6797/7059 6841/7111
f 6697/7083 6768/7084 6795/7222
f 6748/7168 6806/7209 6840/7246
f 6524/6827 6805/7077 6862/7247
f 6780/7197 6830/7202 6738/7149
f 6660/6977 6657/7025 6867/7248
f 6660/6977 6867/7248 6900/7249
f 6821/7250 6861/7251 6804/7252
f 6720/7127 6823/7238 6809/7163
f 6800/7170 6799/7132 6871/7234
f 6640/6952 6897/7245 6803/7141
f 6690/6962 6839/7179 6854/7116
f 6816/7243 6821/7233 6793/7214
f 6740/7119 6860/7253 6770/7085
f 6661/7047 6754/7104 6874/7029
f 6722/7128 6868/7254 6733/7121
f 6758/7150 6848/7207 6678/7048
f 6273/6489 6586/6868 6845/7161
f 6816/7243 6847/7255 6836/7244
f 6676/7007 6703/7131 6858/7256
f 6676/7007 6858/7256 6799/7132
f 6601/6920 6859/7227 6842/7178
f 6131/6528 7028/7257 6558/6882
f 6381/6612 6885/7258 6835/7217
f 6798/7215 6793/7214 6821/7233
f 6666/6999 6782/7162 6865/7221
f 6820/7101 6773/7079 6844/7259
f 6722/7128 6653/7031 6868/7254
f 6736/7144 6734/7130 6700/6994
f 6615/6971 6879/7223 6768/7084
f 6704/6965 6744/7123 6851/7260
f 6909/7019 6872/7261 6750/6966
f 6816/7228 6752/7115 6846/7199
f 6871/7234 6796/7193 6856/7262
f 6871/7234 6863/7263 6758/7194
f 6657/7025 6801/7133 6867/7248
f 6575/6897 6824/7239 6698/7071
f 6748/7168 6920/7264 6691/7054
f 6766/7213 6815/7211 6877/7265
f 5575/5719 6967/7266 6014/6195
f 6817/7229 6809/7163 6852/7267
f 6131/6528 6324/6527 7028/7257
f 6796/7193 6766/7166 6856/7262
f 6800/7170 6871/7234 6740/7119
f 6708/7112 6843/7219 6881/7240
f 6663/6987 6869/7187 6718/7050
f 6722/7128 6828/7117 6659/6986
f 6648/6983 6837/7208 6782/7162
f 6704/6965 6851/7260 6823/7238
f 5805/6561 6761/6990 6884/6922
f 6547/6891 6184/6542 6778/7052
f 6816/7228 6846/7199 6847/7198
f 6725/7067 6759/7118 6665/7027
f 6740/7119 6856/7262 6864/7268
f 6644/6985 6865/7221 6749/7109
f 6483/6819 5812/5975 6962/7269
f 6483/6819 6962/7269 6880/7270
f 6637/6779 6955/7271 5941/6193
f 6529/6713 6841/7111 6883/7220
f 6740/7119 6864/7268 6860/7253
f 6847/7255 6787/7203 6836/7244
f 6767/7108 6696/7107 6802/7158
f 6849/7072 6922/7272 6762/6943
f 6705/7033 6643/6989 6910/7273
f 6707/7013 6835/7217 6808/7153
f 6770/7085 6943/7274 6755/7064
f 6524/6827 6862/7247 6746/7093
f 6745/7154 6826/7139 6831/7195
f 6703/7131 6798/7215 6895/7275
f 6703/7131 6895/7275 6858/7256
f 6858/7256 6911/7276 6799/7132
f 6738/7149 6830/7202 6785/7155
f 6634/7205 6901/7204 6815/7211
f 6740/7119 6871/7234 6856/7262
f 6757/7037 6803/7141 6889/7237
f 6735/7099 6964/7277 6643/6989
f 6763/7174 6901/7204 6693/7172
f 6747/7171 6794/7152 6784/7192
f 6746/7093 6892/7278 6893/7216
f 6685/7039 6627/6927 6843/7219
f 6869/7187 6684/7018 6915/7279
f 6854/7116 6870/7280 6673/6784
f 6635/6944 6935/7281 6875/7136
f 6775/7126 6825/7190 6902/7282
f 6775/7126 6902/7282 6890/7283
f 6852/7267 6809/7163 6873/7284
f 6863/7285 6898/7286 6758/7150
f 5877/6107 6905/7287 6580/6719
f 6735/7099 6789/7167 7008/7288
f 6806/7209 6896/7289 6840/7246
f 6631/6996 6731/7035 6573/6951
f 6724/7063 6711/7062 6894/7290
f 6692/7001 6784/7192 6828/7117
f 6774/7177 6918/7291 6723/7122
f 6768/7084 6879/7223 6795/7222
f 6734/7130 6683/6879 6700/6994
f 6759/7118 6882/7186 6665/7027
f 6483/6819 6880/7270 6979/7292
f 6483/6819 6979/7292 6633/7009
f 6759/7118 6756/7140 6882/7186
f 6860/7253 6876/7293 6770/7085
f 6673/6784 6870/7280 6744/7123
f 6684/7018 6822/7184 6915/7279
f 6721/7095 6698/7071 6878/7294
f 6746/7093 6862/7247 6892/7278
f 6765/7058 6814/7175 6838/7218
f 6775/7126 6983/7295 6468/6789
f 6589/6932 7083/7296 6462/6667
f 6014/6195 6967/7266 6849/7072
f 6702/7156 6842/7297 6741/7113
f 6794/7152 6828/7117 6784/7192
f 6698/7071 6824/7239 6878/7294
f 6792/7135 6882/7186 6957/7298
f 6630/6870 6874/7029 6899/7212
f 5890/6113 6866/7137 6639/6928
f 6724/7063 6894/7290 6919/7299
f 6811/7181 6605/7173 6888/7300
f 6468/6789 6983/7295 6760/7061
f 6468/6789 6760/7061 6201/6457
f 6856/7262 6766/7166 6864/7268
f 6608/7002 6802/7158 6879/7223
f 6691/7054 6920/7264 6686/7082
f 6572/6707 6850/6970 6807/7169
f 6712/7057 6729/7034 6886/7231
f 5696/5876 6339/6624 6568/6758
f 6605/7173 6914/7301 6888/7300
f 6699/7042 6893/7216 6933/7302
f 6733/7121 6868/7254 6909/7019
f 6176/6438 6755/7064 6771/7147
f 6821/7250 6906/7303 6861/7251
f 6801/7133 6936/7304 6923/7305
f 6573/6951 6731/7035 6916/7306
f 6801/7133 6721/7095 6936/7304
f 6826/7139 6709/7069 6917/7307
f 6853/7236 6599/6939 6953/7308
f 6840/7246 6896/7289 6924/7309
f 6723/7122 6918/7291 6789/7167
f 6823/7238 6851/7260 6939/7310
f 6801/7133 6923/7305 6867/7248
f 6711/7062 6820/7101 6894/7290
f 6573/6951 6916/7306 6714/7060
f 6584/6946 6857/7242 6818/7201
f 6873/7284 6809/7163 6903/7311
f 6689/7020 6907/7312 6729/7034
f 6774/7177 6813/7230 6918/7291
f 6829/7206 6660/6977 6929/7313
f 6829/7206 6929/7313 6949/7314
f 6627/6927 6838/7218 6912/7315
f 6821/7233 6836/7244 6906/7316
f 6728/7125 6750/6966 6872/7261
f 6728/7125 6872/7261 6790/7182
f 6861/7251 6930/7317 6804/7252
f 6806/7241 6718/7050 6896/7318
f 6820/7101 6925/7319 6894/7290
f 6758/7150 6898/7286 6848/7207
f 6599/6939 6646/6783 6953/7308
f 6860/7253 6921/7320 6876/7293
f 6643/6989 6964/7277 6910/7273
f 6811/7181 6888/7300 6763/7174
f 6714/7060 6916/7306 6683/6879
f 6852/7267 6966/7321 6817/7229
f 6876/7293 6921/7320 6947/7322
f 6792/7135 6941/7323 6822/7184
f 6852/7267 6873/7284 6966/7321
f 6864/7268 6921/7320 6860/7253
f 6635/6944 6730/6950 6935/7281
f 6766/7166 6921/7320 6864/7268
f 6844/7259 6925/7319 6820/7101
f 6799/7132 6911/7276 6871/7234
f 6696/7107 6913/7324 6802/7158
f 5812/5975 6639/6928 6962/7269
f 6724/7063 6965/7325 6897/7245
f 6823/7238 6939/7310 6809/7163
f 6773/7079 6886/7231 6844/7259
f 6817/7229 6966/7321 6813/7230
f 6592/6866 6790/7182 6986/7326
f 6783/7091 6462/6667 6954/7327
f 6627/6927 6912/7315 6843/7219
f 6675/6936 6942/7328 6907/7312
f 6689/7020 6675/6936 6907/7312
f 6709/7069 6829/7206 6917/7307
f 6696/7107 6845/7161 6913/7324
f 6780/7197 6940/7329 6830/7202
f 6699/7042 6933/7302 6837/7208
f 6858/7256 6895/7275 6932/7330
f 6727/7331 7012/7332 6204/6581
f 6653/7031 6647/6982 6963/7333
f 6620/7224 6559/7159 6990/7334
f 6586/6868 6899/7212 6845/7161
f 6721/7095 6878/7294 6936/7304
f 6798/7215 6804/7232 6895/7275
f 6871/7234 6911/7276 6863/7263
f 6826/7139 6938/7335 6831/7195
f 6833/7183 6926/7336 6742/7075
f 6876/7293 6947/7322 6908/7337
f 5877/6107 6887/7235 6905/7287
f 6204/6581 7012/7332 6772/7089
f 6876/7293 6908/7337 6937/7338
f 6876/7293 6937/7338 6943/7274
f 6876/7293 6943/7274 6770/7085
f 6683/6879 6916/7306 6700/6994
f 6646/6783 6972/7339 6953/7308
f 6582/6232 6883/7220 6544/6715
f 6858/7256 6932/7330 6911/7276
f 6762/6943 6994/7340 6638/6893
f 6381/6612 6992/7341 6885/7258
f 6838/7342 6945/7343 6927/7344
f 6748/7168 6840/7246 6920/7264
f 6842/7297 6934/7345 6781/7124
f 6842/7297 6827/7151 6741/7113
f 6842/7297 6781/7124 6827/7151
f 6700/6994 6916/7306 6731/7035
f 6893/7216 6892/7278 6960/7346
f 6891/7160 6990/7334 6559/7159
f 6891/7160 7002/7347 6990/7334
f 6804/7252 6944/7348 6895/7349
f 6787/7203 6830/7202 6946/7350
f 6787/7203 6946/7350 6836/7244
f 6766/7166 6947/7322 6921/7320
f 6381/6612 6760/7061 6992/7341
f 6435/7351 6971/7352 6605/7173
f 6831/7195 6938/7335 6969/7353
f 6924/7309 7024/7354 6840/7246
f 6592/6866 6986/7326 6710/6942
f 6919/7299 6965/7325 6724/7063
f 6730/6950 7014/7355 6935/7281
f 6795/7222 6879/7223 6952/7210
f 6605/7173 6961/7356 6914/7301
f 6605/7173 6971/7352 6961/7356
f 6775/7126 6890/7283 6983/7295
f 6840/7246 7024/7354 6920/7264
f 6744/7123 6950/7357 6851/7260
f 6819/7185 6831/7195 6987/7358
f 6633/7009 6979/7292 6825/7190
f 6742/7075 7020/7359 6805/7077
f 6929/7313 6660/6977 6900/7249
f 6861/7251 6906/7303 6930/7317
f 6718/7050 6869/7187 6896/7318
f 6903/7311 6966/7321 6873/7284
f 6780/7197 6881/7240 6959/7360
f 6838/7342 6814/7226 6945/7343
f 6705/7033 6910/7273 6855/7157
f 6778/7052 6184/6542 6887/7235
f 5575/5719 6568/6758 6967/7266
f 6646/6783 6807/7169 6982/7361
f 6895/7275 6944/7362 6948/7363
f 6911/7276 6932/7330 6863/7263
f 6842/7178 6859/7227 6934/7364
f 6735/7099 7008/7288 6964/7277
f 6653/7031 6963/7333 6868/7254
f 6715/6711 7029/7365 6761/6990
f 6789/7167 6918/7291 7008/7288
f 6803/7141 6995/7366 6889/7237
f 6903/7311 6809/7163 6951/7367
f 6744/7123 6974/7368 6950/7357
f 6675/6936 6788/7134 6973/7369
f 6754/7104 6632/6436 6874/7029
f 6819/7185 6987/7358 6788/7134
f 6675/6936 6973/7369 6942/7328
f 6729/7034 6907/7312 6886/7231
f 6038/6291 7010/7370 5319/5584
f 6763/7174 6888/7300 6901/7204
f 6896/7289 6958/7371 6924/7309
f 6927/7344 6945/7343 6956/7372
f 6830/7202 6940/7329 6946/7350
f 6780/7197 6959/7360 6940/7329
f 6804/7252 6930/7317 6944/7348
f 6756/7140 6931/7148 6882/7186
f 6877/7265 6815/7211 6989/7373
f 6893/7216 6960/7346 6933/7302
f 6807/7169 6850/6970 6982/7361
f 6932/7330 6895/7275 6968/7374
f 6809/7163 6939/7310 6951/7367
f 6937/7375 6908/7376 6980/7377
f 6490/6771 6791/7092 6677/6935
f 6744/7123 6870/7280 6974/7368
f 6919/7299 6894/7290 6991/7378
f 6810/7191 6818/7201 6997/7379
f 6839/7179 6812/7180 6854/7116
f 6184/6542 6429/6557 7102/7380
f 6838/7342 6927/7344 6984/7381
f 6857/7242 6638/6893 6981/7382
f 6937/7375 6948/7363 6944/7362
f 6826/7139 6917/7307 6938/7335
f 6947/7383 6975/7384 6908/7376
f 6937/7385 6944/7386 6943/7387
f 6933/7302 6960/7346 6988/7388
f 6908/7376 6975/7384 6980/7377
f 6620/7224 6990/7334 6970/7225
f 6947/7383 6766/7213 7005/7389
f 6790/7182 6872/7261 6986/7326
f 6937/7375 6980/7377 6948/7363
f 6038/6291 6810/7191 7010/7370
f 6766/7213 6877/7265 7005/7389
f 6919/7299 6991/7378 6965/7325
f 6802/7158 6913/7324 6879/7223
f 6686/7082 7014/7355 6730/6950
f 6686/7082 6920/7264 7014/7355
f 6851/7260 6950/7357 6939/7310
f 6822/7184 6941/7323 6915/7279
f 6947/7383 7005/7389 6975/7384
f 6912/7390 6838/7342 6984/7381
f 6577/6873 7025/7391 6833/7183
f 6749/7109 7003/7392 6859/7227
f 6903/7311 6951/7367 6966/7321
f 6845/7161 6899/7212 6913/7324
f 6803/7141 6897/7245 6995/7366
f 6788/7134 6987/7358 6973/7369
f 6837/7208 6985/7393 6782/7162
f 6895/7275 6948/7363 6968/7374
f 6931/7148 6957/7298 6882/7186
f 6836/7244 6946/7350 6906/7316
f 6951/7367 7013/7394 6966/7321
f 6939/7310 6978/7395 6951/7367
f 6742/7075 6926/7336 7020/7359
f 6896/7289 6977/7396 6958/7371
f 6896/7318 7011/7397 6977/7398
f 6544/6715 6883/7220 7027/7399
f 6926/7336 6993/7400 7020/7359
f 6777/7080 7000/7401 6931/7148
f 6647/6982 6710/6942 6963/7333
f 6832/7094 7004/7402 6777/7080
f 6843/7219 6912/7315 6881/7240
f 6951/7367 6978/7395 7013/7394
f 6749/7109 6865/7221 7003/7392
f 6638/6893 6994/7340 6981/7382
f 6824/7239 6875/7136 7073/7403
f 6907/7312 7016/7404 6886/7231
f 6429/6557 7278/6466 7092/7405
f 6829/7206 6949/7314 6917/7307
f 6940/7329 6959/7360 6946/7350
f 6956/7372 7039/7406 6927/7344
f 6837/7208 6933/7302 7023/7407
f 6854/7116 6812/7180 7007/7408
f 6889/7237 6995/7366 7025/7391
f 6837/7208 7001/7409 6985/7393
f 6877/7265 6989/7373 7005/7389
f 6831/7195 6969/7353 7041/7410
f 6831/7195 7041/7410 6987/7358
f 6885/7258 6808/7153 6835/7217
f 6818/7201 6857/7242 6997/7379
f 6783/7091 6954/7327 7029/7365
f 6783/7091 7029/7365 6715/6711
f 6324/6527 6976/6895 7028/7257
f 6900/7249 6867/7248 6923/7305
f 6879/7223 6913/7324 6952/7210
f 6891/7160 6781/7124 7002/7347
f 6781/7124 6934/7345 7002/7347
f 6924/7309 6958/7371 7024/7354
f 6897/7245 7031/7411 6995/7366
f 6929/7313 7021/7412 6949/7314
f 6825/7190 7042/7413 6902/7282
f 6932/7330 6968/7374 6863/7263
f 6939/7310 6998/7414 6978/7395
f 6889/7237 7025/7391 6577/6873
f 6927/7344 7039/7406 6984/7381
f 6907/7312 6942/7328 7006/7415
f 6907/7312 7006/7415 7016/7404
f 6639/6928 6866/7137 6962/7269
f 6892/7278 6862/7247 6960/7346
f 6896/7318 6869/7187 7074/7416
f 6878/7294 7019/7417 6936/7304
f 6912/7390 7045/7418 6881/7419
f 6999/7420 6980/7377 6975/7384
f 6918/7291 6813/7230 7058/7421
f 6948/7363 6999/7420 6968/7374
f 6779/7087 6853/7236 6953/7308
f 6980/7377 6999/7420 6948/7363
f 6854/7116 7007/7408 6870/7280
f 6897/7245 7038/7422 7031/7411
f 6912/7390 6984/7381 7045/7418
f 6896/7318 7074/7416 7011/7397
f 6824/7239 7073/7403 6996/7423
f 6782/7162 6985/7393 6865/7221
f 6764/7036 7060/7424 6832/7094
f 6960/7346 6862/7247 7018/7425
f 6929/7313 6900/7249 7009/7426
f 6755/7427 6943/7387 7051/7428
f 6888/7300 6914/7301 6901/7204
f 6936/7304 7019/7417 6923/7305
f 6917/7307 6949/7314 7015/7429
f 6939/7310 6950/7357 6998/7414
f 6808/7153 7069/7430 6753/7088
f 6904/7143 6834/7142 7017/7431
f 6755/7427 7051/7428 6771/7432
f 6988/7388 7023/7407 6933/7302
f 6965/7325 7038/7422 6897/7245
f 6589/6932 5941/6193 7083/7296
f 7001/7409 6837/7208 7023/7407
f 6844/7259 7026/7433 6925/7319
f 6974/7368 6870/7280 7022/7434
f 6960/7346 7018/7425 6988/7388
f 6772/7089 7012/7332 6866/7137
f 6777/7080 7043/7435 7000/7401
f 6904/7143 7017/7431 6764/7036
f 6968/7374 7070/7436 6863/7263
f 6929/7313 7009/7426 7021/7412
f 6710/6942 6986/7326 6963/7333
f 6941/7323 7064/7437 6915/7279
f 6872/7261 6909/7019 6986/7326
f 6946/7350 6959/7360 6906/7316
f 6942/7328 7047/7438 7006/7415
f 6966/7321 7058/7421 6813/7230
f 6926/7336 6833/7183 7135/7439
f 6868/7254 6963/7333 6909/7019
f 6881/7419 7045/7418 6959/7440
f 6950/7357 7033/7441 6998/7414
f 7014/7355 6920/7264 7024/7354
f 6544/6715 7027/7399 6388/6648
f 6941/7323 6792/7135 7064/7437
f 6844/7259 6886/7231 7026/7433
f 6950/7357 7030/7442 7033/7441
f 6894/7290 6925/7319 7026/7433
f 6832/7094 7060/7424 7068/7443
f 6885/7258 7069/7430 6808/7153
f 6727/7331 6628/7444 7012/7332
f 6890/7283 7071/7445 6983/7295
f 6658/6930 7130/7446 6313/6529
f 7022/7434 7032/7447 6974/7368
f 6869/7187 6915/7279 7064/7437
f 7004/7402 7043/7435 6777/7080
f 6792/7135 6957/7298 7075/7448
f 6887/7235 7056/7449 6905/7287
f 6824/7239 6996/7423 6878/7294
f 6998/7414 7033/7441 7013/7394
f 6998/7414 7013/7394 6978/7395
f 6952/7210 7110/7450 6320/6290
f 6931/7148 7000/7401 7049/7451
f 6970/7225 6990/7334 7067/7452
f 6961/7356 6971/7352 7037/7453
f 7022/7434 6870/7280 7109/7454
f 6832/7094 7068/7443 7004/7402
f 6914/7301 6961/7356 7150/7455
f 6900/7249 6923/7305 7009/7426
f 6388/6648 7027/7399 6719/6941
f 6435/7351 6607/7200 6971/7352
f 6958/7371 7079/7456 7024/7354
f 6862/7247 6805/7077 7136/7457
f 6646/6783 6982/7361 6972/7339
f 6914/7301 7150/7455 6901/7204
f 6950/7357 6974/7368 7032/7447
f 6950/7357 7032/7447 7030/7442
f 6944/7386 6930/7458 7057/7459
f 6994/7340 7063/7460 6981/7382
f 7023/7407 6988/7388 7001/7409
f 6988/7388 7018/7425 7001/7409
f 6954/7327 6462/6667 7094/7461
f 6942/7328 6973/7369 7047/7438
f 6791/7092 6848/7207 7103/7462
f 6917/7307 7015/7429 6938/7335
f 6992/7341 7069/7430 6885/7258
f 6918/7291 7058/7421 7008/7288
f 6814/7226 6970/7225 6945/7343
f 6184/6542 7056/7449 6887/7235
f 6930/7317 6906/7303 7046/7463
f 6869/7187 7064/7437 7074/7416
f 6977/7398 7011/7397 7034/7464
f 6956/7372 7035/7465 7039/7406
f 6926/7336 7135/7439 6993/7400
f 6677/6935 6791/7092 7103/7462
f 6956/7372 6945/7343 7048/7466
f 6956/7372 7048/7466 7035/7465
f 6938/7335 7044/7467 7053/7468
f 6966/7321 7013/7394 7058/7421
f 6910/7273 6964/7277 7076/7469
f 6992/7341 6760/7061 7072/7470
f 6938/7335 7015/7429 7044/7467
f 6909/7019 6963/7333 6986/7326
f 6992/7341 7072/7470 7036/7471
f 6890/7283 6902/7282 7071/7445
f 6792/7135 7075/7448 7064/7437
f 6658/6930 6677/6935 7130/7446
f 6931/7148 7049/7451 6957/7298
f 7021/7412 7078/7472 6949/7314
f 6812/7180 6753/7088 7085/7473
f 6812/7180 7085/7473 7055/7474
f 6977/7396 7034/7475 6958/7371
f 6677/6935 7108/7476 7130/7446
f 7013/7394 7033/7441 7058/7421
f 6865/7221 6985/7393 7065/7477
f 6753/7088 7069/7430 7085/7473
f 6987/7358 7041/7410 6973/7369
f 6862/7247 7077/7478 7018/7425
f 6833/7183 7025/7391 7135/7439
f 6989/7373 7093/7479 7005/7389
f 7004/7402 7068/7443 7011/7397
f 7040/7480 7050/7481 7052/7482
f 6983/7295 7072/7470 6760/7061
f 6805/7077 7020/7359 7136/7457
f 7034/7475 7224/7483 6958/7371
f 7004/7402 7011/7397 7043/7435
f 6865/7221 7065/7477 7003/7392
f 7052/7482 7061/7484 7040/7480
f 6429/6557 7092/7405 7102/7380
f 6995/7366 7031/7411 7050/7481
f 7036/7471 7066/7485 6992/7341
f 6934/7364 6859/7227 7178/7486
f 6834/7142 7091/7487 7017/7431
f 6834/7142 6855/7157 7091/7487
f 6985/7393 7001/7409 7065/7477
f 6991/7378 7121/7488 7038/7422
f 6944/7386 7057/7459 6943/7387
f 6983/7295 7071/7445 7072/7470
f 6938/7335 7053/7468 6969/7353
f 6928/7196 7163/7489 6607/7200
f 6857/7242 7063/7460 6997/7379
f 7042/7413 6825/7190 7134/7490
f 6886/7231 7016/7404 7087/7491
f 6981/7382 7063/7460 6857/7242
f 6764/7036 7088/7492 7060/7424
f 7052/7482 7050/7481 7031/7411
f 6949/7314 7078/7472 7015/7429
f 7062/7493 7034/7464 7068/7443
f 6894/7290 7026/7433 7121/7488
f 6894/7290 7121/7488 6991/7378
f 6855/7157 6910/7273 7076/7469
f 6990/7334 7002/7347 7104/7494
f 7052/7482 7031/7411 7080/7495
f 7046/7463 6906/7303 7123/7496
f 7011/7397 7068/7443 7034/7464
f 4947/4722 1836/1126 7504/7497
f 6883/7220 6841/7111 7146/7498
f 7032/7447 7113/7499 7030/7442
f 6880/7270 7118/7500 6979/7292
f 6959/7440 7123/7496 6906/7303
f 7055/7474 7007/7408 6812/7180
f 6993/7400 7135/7439 7059/7501
f 6992/7341 7131/7502 7069/7430
f 6995/7366 7050/7481 7125/7503
f 7039/7406 7115/7504 6984/7381
f 6999/7420 6975/7384 7095/7505
f 7048/7466 6945/7343 7148/7506
f 6999/7420 7090/7507 6968/7374
f 6913/7324 6899/7212 6952/7210
f 7001/7409 7018/7425 7065/7477
f 6968/7374 7090/7507 7070/7436
f 6901/7204 7105/7508 6815/7211
f 7039/7406 7035/7465 7115/7504
f 7061/7484 7119/7509 7040/7480
f 7061/7484 7144/7510 7119/7509
f 6982/7361 7219/7511 6972/7339
f 7002/7347 6934/7345 7081/7512
f 6855/7157 7076/7469 7167/7513
f 7080/7495 7031/7411 7098/7514
f 6866/7137 7101/7515 6962/7269
f 6764/7036 7017/7431 7088/7492
f 7044/7467 7084/7516 7053/7468
f 7022/7434 7109/7454 7089/7517
f 7031/7411 7038/7422 7098/7514
f 6898/7286 6863/7285 7161/7518
f 6973/7369 7041/7410 7047/7438
f 7036/7471 7100/7519 7066/7485
f 6999/7420 7095/7505 7090/7507
f 6313/6529 7180/7520 6797/7059
f 7044/7467 7086/7521 7084/7516
f 6923/7305 7019/7417 7177/7522
f 6886/7231 7087/7491 7026/7433
f 6810/7191 6997/7379 7010/7370
f 7022/7434 7089/7517 7113/7499
f 7042/7413 7071/7445 6902/7282
f 5941/6193 6955/7271 7083/7296
f 6628/7444 6771/7432 7142/7523
f 6841/7111 6797/7059 7146/7498
f 7044/7467 7124/7524 7086/7521
f 7032/7447 7022/7434 7113/7499
f 6984/7381 7115/7504 7045/7418
f 7044/7467 7015/7429 7124/7524
f 7036/7471 7072/7470 7100/7519
f 6957/7298 7049/7451 7075/7448
f 7035/7465 7082/7525 7115/7504
f 7062/7493 7112/7526 7034/7464
f 7040/7480 7119/7509 7050/7481
f 6945/7343 6970/7225 7149/7527
f 6961/7356 7037/7453 7150/7455
f 7045/7418 7123/7496 6959/7440
f 7096/7528 7097/7529 7132/7530
f 6992/7341 7066/7485 7131/7502
f 7035/7465 7116/7531 7082/7525
f 6954/7327 7128/7532 7029/7365
f 7043/7435 7114/7533 7000/7401
f 6862/7247 7136/7457 7077/7478
f 7046/7463 7123/7496 7116/7531
f 6855/7157 7140/7534 7091/7487
f 7095/7505 6975/7384 7005/7389
f 7061/7484 7052/7482 7144/7510
f 7096/7528 7132/7530 7111/7535
f 7043/7435 7011/7397 7114/7533
f 6970/7225 7067/7452 7149/7527
f 7082/7525 7045/7418 7115/7504
f 7030/7442 7113/7499 7138/7536
f 7096/7528 7122/7537 7097/7529
f 6825/7190 6979/7292 7134/7490
f 6954/7327 7094/7461 7128/7532
f 7011/7397 7074/7416 7114/7533
f 7100/7519 7072/7470 7143/7538
f 7100/7519 7143/7538 7120/7539
f 6935/7281 7014/7355 7188/7540
f 7009/7426 7156/7541 7021/7412
f 6815/7211 7105/7508 6989/7373
f 7053/7468 7155/7542 6969/7353
f 6965/7325 6991/7378 7038/7422
f 6923/7305 7170/7543 7009/7426
f 7046/7463 7116/7531 7117/7544
f 6870/7280 7007/7408 7109/7454
f 6607/7200 7163/7489 6971/7352
f 7082/7525 7116/7531 7045/7418
f 7099/7545 7122/7537 7106/7546
f 6859/7227 7003/7392 7174/7547
f 6313/6529 7130/7446 7180/7520
f 7107/7548 7099/7545 7129/7549
f 7017/7431 7141/7550 7088/7492
f 7099/7545 7107/7548 7122/7537
f 7035/7465 7048/7466 7137/7551
f 7035/7465 7137/7551 7116/7531
f 6923/7305 7177/7522 7170/7543
f 7017/7431 7091/7487 7141/7550
f 7014/7355 7024/7354 7139/7552
f 7034/7475 7112/7553 7224/7483
f 7096/7528 7111/7535 7122/7537
f 7033/7441 7138/7536 7058/7421
f 6996/7423 7202/7554 6878/7294
f 7125/7503 7190/7555 7025/7391
f 7125/7503 7025/7391 6995/7366
f 7087/7491 7016/7404 7152/7556
f 7078/7472 7021/7412 7156/7541
f 7106/7546 7084/7516 7099/7545
f 7117/7544 7116/7531 7137/7551
f 6850/6970 6320/6290 7219/7511
f 6863/7285 7070/7557 7171/7558
f 7089/7517 7154/7559 7113/7499
f 6878/7294 7202/7554 7157/7560
f 7106/7546 7133/7561 7084/7516
f 7084/7516 7133/7561 7053/7468
f 7015/7429 7158/7562 7124/7524
f 7059/7501 7127/7563 6993/7400
f 6993/7400 7127/7563 7020/7359
f 6677/6935 7103/7462 7108/7476
f 7100/7519 7120/7539 7126/7564
f 6628/7444 7142/7523 7012/7332
f 7099/7545 7145/7565 7129/7549
f 7122/7537 7111/7535 7133/7561
f 7122/7537 7133/7561 7106/7546
f 6943/7387 7057/7459 7051/7428
f 6969/7353 7155/7542 7041/7410
f 7084/7516 7145/7565 7099/7545
f 7054/7044 6719/6941 7189/7566
f 7089/7517 7109/7454 7154/7559
f 6875/7136 6935/7281 7188/7540
f 7052/7482 7169/7567 7144/7510
f 7068/7443 7060/7424 7204/7568
f 7068/7443 7204/7568 7062/7493
f 7100/7519 7126/7564 7066/7485
f 7026/7433 7168/7569 7121/7488
f 6958/7371 7224/7483 7079/7456
f 7066/7485 7126/7564 7131/7502
f 7050/7481 7119/7509 7205/7570
f 6875/7136 7236/7571 7073/7403
f 7064/7437 7075/7448 7074/7416
f 7116/7531 7123/7496 7045/7418
f 7000/7401 7114/7533 7049/7451
f 6934/7364 7178/7486 7081/7572
f 6880/7270 6962/7269 7118/7500
f 7046/7573 7117/7574 7181/7575
f 7029/7365 6884/6922 6761/6990
f 7029/7365 7194/7576 6884/6922
f 7119/7509 7144/7510 7164/7577
f 7087/7491 7168/7569 7026/7433
f 7053/7468 7152/7556 7155/7542
f 6719/6941 7027/7399 7189/7566
f 6878/7294 7157/7560 7019/7417
f 6899/7212 6874/7029 7397/7578
f 7130/7446 7108/7476 7211/7579
f 7047/7438 7041/7410 7006/7415
f 6771/7432 7051/7428 7142/7523
f 7127/7563 7151/7580 7020/7359
f 7033/7441 7030/7442 7138/7536
f 7016/7404 7179/7581 7152/7556
f 6945/7343 7149/7527 7148/7506
f 7120/7539 7143/7538 7147/7582
f 6990/7334 7176/7583 7067/7452
f 7053/7468 7133/7561 7152/7556
f 7002/7347 7081/7512 7104/7494
f 6952/7210 6899/7212 7110/7450
f 6953/7308 7153/7584 6779/7087
f 6462/6667 7083/7296 7094/7461
f 7075/7448 7049/7451 7114/7533
f 7075/7448 7114/7533 7074/7416
f 7117/7574 7159/7585 7181/7575
f 7016/7404 7175/7586 7179/7581
f 7019/7417 7223/7587 7177/7522
f 7042/7413 7134/7490 7143/7538
f 7058/7421 7138/7536 7187/7588
f 7076/7469 6964/7277 7165/7589
f 6850/6970 7219/7511 6982/7361
f 7122/7537 7107/7548 7172/7590
f 7133/7561 7111/7535 7173/7591
f 7111/7535 7132/7530 7173/7591
f 7042/7413 7143/7538 7071/7445
f 7062/7493 7204/7568 7112/7526
f 7058/7421 7203/7592 7008/7288
f 7063/7460 7185/7593 6997/7379
f 7109/7454 7007/7408 7160/7594
f 7015/7429 7078/7472 7158/7562
f 6883/7220 7146/7498 7027/7399
f 6930/7458 7195/7595 7057/7459
f 7006/7415 7041/7410 7175/7586
f 7077/7478 7136/7457 7183/7596
f 7122/7537 7172/7590 7097/7529
f 7065/7477 7174/7547 7003/7392
f 7133/7561 7173/7591 7152/7556
f 7091/7487 7140/7534 7141/7550
f 7127/7563 7059/7501 7151/7580
f 6990/7334 7104/7494 7176/7583
f 6997/7379 7217/7597 7010/7370
f 7052/7482 7080/7495 7169/7567
f 7048/7466 7148/7506 7137/7551
f 7016/7404 7006/7415 7175/7586
f 7059/7501 7135/7439 7151/7580
f 6863/7285 7171/7558 7161/7518
f 7046/7573 7181/7575 6930/7458
f 7007/7408 7055/7474 7160/7594
f 7024/7354 7079/7456 7139/7552
f 6898/7286 7220/7598 6848/7207
f 7134/7490 7244/7599 7143/7538
f 6797/7059 7180/7520 7146/7498
f 7109/7454 7160/7594 7154/7559
f 7101/7515 6866/7137 7209/7600
f 7117/7544 7137/7551 7159/7601
f 7071/7445 7143/7538 7072/7470
f 6964/7277 7008/7288 7203/7592
f 6964/7277 7203/7592 7165/7589
f 7149/7527 7200/7602 7148/7506
f 7151/7580 7166/7603 7020/7359
f 7009/7426 7170/7543 7156/7541
f 7058/7421 7187/7588 7203/7592
f 7018/7425 7174/7547 7065/7477
f 6866/7137 7012/7332 7209/7600
f 7051/7428 7057/7459 7207/7604
f 7162/7605 7147/7582 7244/7599
f 7073/7403 7202/7554 6996/7423
f 7151/7580 7235/7606 7166/7603
f 7055/7474 7085/7473 7186/7607
f 7018/7425 7077/7478 7174/7547
f 6979/7292 7118/7500 7134/7490
f 7147/7582 7143/7538 7244/7599
f 7118/7500 6962/7269 7248/7608
f 7162/7605 7196/7609 7147/7582
f 6855/7157 7198/7610 7140/7534
f 6855/7157 7167/7513 7198/7610
f 7055/7474 7186/7607 7160/7594
f 7076/7469 7229/7611 7167/7513
f 7128/7532 7194/7576 7029/7365
f 7147/7582 7196/7609 7126/7564
f 7147/7582 7126/7564 7120/7539
f 7098/7514 7169/7567 7080/7495
f 7063/7460 6994/7340 7185/7593
f 7141/7550 7140/7534 7197/7612
f 6859/7227 7269/7613 7178/7486
f 6859/7227 7174/7547 7269/7613
f 7159/7601 7137/7551 7201/7614
f 7069/7430 7131/7502 7085/7473
f 7098/7514 7225/7615 7169/7567
f 7107/7548 7129/7549 7212/7616
f 7145/7565 7247/7617 7129/7549
f 7014/7355 7139/7552 7188/7540
f 7107/7548 7212/7616 7172/7590
f 7037/7453 6971/7352 7218/7618
f 7104/7494 7081/7512 7227/7619
f 7041/7410 7155/7542 7175/7586
f 7087/7491 7182/7620 7168/7569
f 7087/7491 7152/7556 7182/7620
f 6568/6758 6339/6624 7251/7621
f 6994/7340 7215/7622 7185/7593
f 6930/7458 7181/7575 7195/7595
f 7098/7514 7038/7422 7225/7615
f 6875/7136 7188/7540 7236/7571
f 5319/5584 7010/7370 5643/5585
f 7162/7605 7192/7623 7184/7624
f 7060/7424 7088/7492 7199/7625
f 7060/7424 7199/7625 7204/7568
f 7084/7516 7086/7521 7145/7565
f 6989/7373 7105/7508 7261/7626
f 6848/7207 7220/7598 7103/7462
f 6901/7204 7150/7455 7105/7508
f 7173/7591 7182/7620 7152/7556
f 7185/7593 7217/7597 6997/7379
f 6989/7373 7261/7626 7093/7479
f 7113/7499 7154/7559 7138/7536
f 6568/6758 7251/7621 6967/7266
f 7067/7452 7213/7627 7149/7527
f 7126/7564 7196/7609 7131/7502
f 7159/7601 7201/7614 7193/7628
f 6971/7352 7163/7489 7218/7618
f 7168/7569 7182/7620 7208/7629
f 6898/7286 7161/7518 7220/7598
f 7173/7591 7208/7629 7182/7620
f 7159/7585 7193/7630 7181/7575
f 7162/7605 7184/7624 7196/7609
f 7141/7550 7199/7625 7088/7492
f 6762/6943 7215/7622 6994/7340
f 7148/7506 7200/7602 7272/7631
f 7067/7452 7176/7583 7213/7627
f 7137/7551 7148/7506 7201/7614
f 6320/6290 7222/7632 7219/7511
f 7056/7449 6184/6542 7191/7633
f 7129/7549 7250/7634 7212/7616
f 7152/7556 7179/7581 7155/7542
f 7165/7589 7229/7611 7076/7469
f 7078/7472 7156/7541 7230/7635
f 7151/7580 7135/7439 7235/7606
f 7148/7506 7206/7636 7201/7614
f 7125/7503 7050/7481 7190/7555
f 7173/7591 7132/7530 7208/7629
f 7155/7542 7179/7581 7175/7586
f 7005/7389 7306/7637 7095/7505
f 7038/7422 7121/7488 7225/7615
f 7057/7459 7195/7595 7207/7604
f 7148/7506 7272/7631 7206/7636
f 7112/7553 7255/7638 7224/7483
f 6972/7339 7219/7511 7257/7639
f 7210/7640 7192/7623 7244/7599
f 6972/7339 7257/7639 6953/7308
f 6967/7266 7284/7641 6849/7072
f 7097/7529 7172/7590 7132/7530
f 6874/7029 6632/6436 7388/7642
f 6779/7087 7221/7643 6976/6895
f 7132/7530 7164/7577 7144/7510
f 7153/7584 7232/7644 6779/7087
f 7095/7505 7231/7645 7090/7507
f 7169/7567 7225/7615 7144/7510
f 7083/7296 7309/7646 7094/7461
f 7054/7044 7189/7566 6928/7196
f 7192/7623 7210/7640 7184/7624
f 7197/7612 7226/7647 7199/7625
f 7197/7612 7199/7625 7141/7550
f 7192/7623 7162/7605 7244/7599
f 7156/7541 7170/7543 7249/7648
f 7153/7584 6953/7308 7232/7644
f 7186/7607 7260/7649 7160/7594
f 7078/7472 7230/7635 7158/7562
f 7204/7650 7255/7638 7112/7553
f 7129/7549 7247/7617 7250/7634
f 7193/7628 7201/7614 7238/7651
f 7005/7389 7093/7479 7306/7637
f 7139/7552 7242/7652 7188/7540
f 7132/7530 7144/7510 7208/7629
f 7166/7603 7136/7457 7020/7359
f 7166/7603 7243/7653 7136/7457
f 7119/7509 7164/7577 7228/7654
f 7092/7405 7278/6466 7102/7380
f 7128/7532 7246/7655 7194/7576
f 7154/7559 7260/7649 7138/7536
f 7185/7593 7215/7622 7233/7656
f 7086/7521 7124/7524 7145/7565
f 7131/7502 7196/7609 7085/7473
f 7154/7559 7160/7594 7260/7649
f 7168/7569 7208/7629 7225/7615
f 7079/7456 7224/7483 7139/7552
f 7101/7515 7237/7657 6962/7269
f 7167/7658 7258/7659 7198/7660
f 7104/7494 7227/7619 7176/7583
f 7028/7257 7254/7661 6558/6882
f 7134/7490 7118/7500 7244/7599
f 7103/7462 7335/7662 7108/7476
f 7166/7603 7235/7606 7243/7653
f 7210/7640 7244/7599 7241/7663
f 7119/7509 7228/7654 7205/7570
f 6962/7269 7237/7657 7248/7608
f 6637/6779 6558/6882 7216/7664
f 7210/7640 7241/7663 7240/7665
f 7121/7488 7168/7569 7225/7615
f 7028/7257 7313/7666 7254/7661
f 7101/7515 7245/7667 7237/7657
f 7206/7636 7270/7668 7201/7614
f 7051/7428 7207/7604 7142/7523
f 6976/6895 7214/7669 7028/7257
f 7056/7449 7191/7633 7266/7670
f 7056/7449 7266/7670 6905/7287
f 7201/7614 7239/7671 7238/7651
f 7204/7568 7199/7625 7234/7672
f 7193/7628 7238/7651 7256/7673
f 7144/7510 7225/7615 7208/7629
f 7128/7532 7094/7461 7246/7655
f 7139/7552 7224/7483 7242/7652
f 7019/7417 7157/7560 7223/7587
f 7105/7508 7150/7455 7308/7674
f 7210/7640 7240/7665 7184/7624
f 7177/7522 7318/7675 7170/7543
f 7157/7560 7202/7554 7275/7676
f 7186/7607 7085/7473 7291/7677
f 7186/7607 7291/7677 7253/7678
f 7213/7627 7176/7583 7273/7679
f 7199/7625 7226/7647 7234/7672
f 7140/7534 7198/7610 7197/7612
f 7226/7680 7252/7681 7234/7682
f 7157/7560 7277/7683 7223/7587
f 7012/7332 7142/7523 7209/7600
f 7187/7684 7265/7685 7203/7686
f 7244/7599 7256/7687 7241/7663
f 7193/7630 7259/7688 7181/7575
f 7193/7630 7256/7687 7264/7689
f 7185/7593 7233/7656 7217/7597
f 6779/7087 7232/7644 7221/7643
f 7239/7671 7201/7614 7270/7668
f 7196/7609 7291/7677 7085/7473
f 7256/7673 7238/7651 7268/7690
f 7249/7648 7330/7691 7156/7541
f 7136/7457 7243/7653 7183/7596
f 7077/7478 7183/7596 7174/7547
f 7191/7633 6184/6542 7279/7692
f 6874/7029 7388/7642 7397/7578
f 6184/6542 7102/7380 7279/7692
f 7101/7515 7209/7600 7245/7667
f 7130/7446 7211/7579 7290/7693
f 7184/7624 7291/7677 7196/7609
f 7118/7500 7248/7608 7244/7599
f 7156/7541 7330/7691 7230/7635
f 6637/6779 7216/7664 6955/7271
f 6320/6290 7110/7450 7222/7632
f 7193/7630 7264/7689 7259/7688
f 7180/7520 7130/7446 7307/7694
f 7203/7686 7265/7685 7267/7695
f 7165/7696 7203/7686 7301/7697
f 7150/7455 7037/7453 7304/7698
f 7253/7699 7291/7700 7262/7701
f 7226/7680 7198/7660 7274/7702
f 7176/7583 7227/7619 7273/7679
f 7226/7647 7197/7612 7198/7610
f 7256/7673 7268/7690 7241/7703
f 7132/7530 7172/7590 7281/7704
f 7253/7699 7262/7701 7282/7705
f 6955/7271 7358/7706 7083/7296
f 7186/7607 7253/7678 7260/7649
f 7226/7680 7274/7702 7252/7681
f 7213/7627 7200/7602 7149/7527
f 7263/7707 7276/7708 7258/7659
f 7222/7632 7286/7709 7219/7511
f 7124/7524 7158/7562 7334/7710
f 7037/7453 7218/7618 7304/7698
f 7258/7659 7283/7711 7263/7707
f 7258/7659 7280/7712 7198/7660
f 7050/7481 7205/7570 7319/7713
f 7050/7481 7319/7713 7190/7555
f 7276/7708 7280/7712 7258/7659
f 6899/7212 7397/7578 7611/7714
f 7270/7668 7206/7636 7272/7631
f 7276/7708 7263/7707 7285/7715
f 7025/7391 7190/7555 7297/7716
f 7239/7671 7270/7668 7292/7717
f 7207/7604 7195/7595 7302/7718
f 7241/7703 7300/7719 7240/7720
f 7207/7604 7302/7718 7142/7523
f 7236/7571 7188/7540 7299/7721
f 7130/7446 7290/7693 7307/7694
f 7256/7687 7244/7599 7264/7689
f 7184/7624 7240/7665 7291/7677
f 7230/7635 7330/7691 7303/7722
f 7027/7399 7314/7723 7189/7566
f 7138/7724 7316/7725 7187/7684
f 7203/7686 7267/7695 7301/7697
f 7241/7703 7268/7690 7300/7719
f 7190/7555 7271/7726 7297/7716
f 7177/7522 7223/7587 7318/7675
f 7276/7708 7289/7727 7280/7712
f 7258/7659 7311/7728 7283/7711
f 7027/7399 7146/7498 7314/7723
f 7258/7659 7167/7658 7311/7728
f 7204/7650 7234/7682 7255/7638
f 7213/7627 7273/7679 7200/7602
f 7158/7562 7347/7729 7334/7710
f 7231/7645 7294/7730 7090/7507
f 7245/7667 7259/7688 7287/7731
f 7245/7667 7287/7731 7237/7657
f 7198/7660 7280/7712 7288/7732
f 7259/7688 7245/7667 7302/7718
f 7291/7700 7310/7733 7262/7701
f 7181/7575 7302/7718 7195/7595
f 7212/7616 7349/7734 7172/7590
f 7240/7720 7317/7735 7291/7700
f 7124/7524 7334/7710 7363/7736
f 7234/7682 7252/7681 7312/7737
f 7229/7738 7311/7728 7167/7658
f 7260/7739 7316/7725 7138/7724
f 7238/7651 7239/7671 7292/7717
f 7244/7599 7248/7608 7264/7689
f 7198/7660 7288/7732 7296/7740
f 7262/7701 7310/7733 7282/7705
f 7198/7660 7296/7740 7274/7702
f 7280/7712 7298/7741 7288/7732
f 7280/7712 7305/7742 7298/7741
f 7259/7688 7264/7689 7287/7731
f 7202/7554 7073/7403 7275/7676
f 7253/7699 7282/7705 7260/7739
f 7270/7668 7272/7631 7328/7743
f 7245/7667 7209/7600 7302/7718
f 7238/7651 7321/7744 7268/7690
f 7142/7523 7302/7718 7209/7600
f 7255/7638 7242/7652 7224/7483
f 7181/7575 7259/7688 7302/7718
f 7124/7524 7363/7736 7145/7565
f 7164/7577 7132/7530 7357/7745
f 7237/7657 7287/7731 7248/7608
f 7278/6466 4947/4722 7449/7746
f 6632/6436 7439/7747 7388/7642
f 7090/7507 7320/7748 7070/7436
f 7187/7684 7315/7749 7265/7685
f 7090/7507 7294/7730 7320/7748
f 6339/6624 6580/6719 7348/7750
f 7229/7738 7165/7696 7311/7728
f 7083/7296 7358/7706 7309/7646
f 7158/7562 7230/7635 7347/7729
f 7145/7565 7363/7736 7247/7617
f 7194/7576 7343/7751 6884/6922
f 7070/7557 7320/7752 7171/7558
f 7150/7455 7341/7753 7308/7674
f 7220/7598 7161/7518 7338/7754
f 7157/7560 7329/7755 7277/7683
f 7180/7520 7307/7694 7146/7498
f 7025/7391 7297/7716 7371/7756
f 7228/7654 7164/7577 7357/7745
f 7232/7644 6953/7308 7365/7757
f 7238/7651 7292/7717 7321/7744
f 7310/7733 7291/7700 7389/7758
f 7212/7616 7250/7634 7323/7759
f 7189/7566 7163/7489 6928/7196
f 6632/6436 5643/5585 7439/7747
f 7200/7602 7273/7679 7322/7760
f 6953/7308 7355/7761 7365/7757
f 7233/7656 7215/7622 7326/7762
f 7249/7648 7333/7763 7332/7764
f 7170/7543 7318/7675 7333/7763
f 6953/7308 7257/7639 7355/7761
f 6976/6895 7221/7643 7214/7669
f 7263/7707 7376/7765 7285/7715
f 7235/7606 7135/7439 7371/7756
f 7287/7731 7264/7689 7248/7608
f 7093/7479 7339/7766 7306/7637
f 7323/7759 7327/7767 7212/7616
f 7271/7726 7190/7555 7319/7713
f 7252/7681 7274/7702 7312/7737
f 7273/7679 7227/7619 7394/7768
f 7288/7732 7298/7741 7325/7769
f 7234/7682 7312/7737 7255/7638
f 7174/7547 7384/7770 7269/7613
f 7170/7543 7333/7763 7249/7648
f 7270/7668 7328/7743 7292/7717
f 7150/7455 7304/7698 7341/7753
f 7135/7439 7025/7391 7371/7756
f 7240/7720 7300/7719 7331/7771
f 7240/7720 7331/7771 7317/7735
f 7221/7643 7232/7644 7365/7757
f 7236/7571 7299/7721 7073/7403
f 7157/7560 7275/7676 7329/7755
f 7188/7540 7242/7652 7324/7772
f 6922/7272 6849/7072 7346/7773
f 6922/7272 7346/7773 6762/6943
f 7260/7739 7282/7705 7362/7774
f 7235/7606 7371/7756 7243/7653
f 7093/7479 7261/7626 7364/7775
f 7223/7587 7295/7776 7318/7675
f 7278/6466 7449/7746 7401/7777
f 7230/7635 7303/7722 7347/7729
f 6558/6882 7254/7661 7216/7664
f 7146/7498 7372/7778 7314/7723
f 7200/7602 7322/7760 7272/7631
f 7265/7685 7380/7779 7267/7695
f 7187/7684 7316/7725 7315/7749
f 7281/7704 7370/7780 7132/7530
f 7223/7587 7277/7683 7295/7776
f 7093/7479 7364/7775 7339/7766
f 7028/7257 7214/7669 7313/7666
f 7250/7634 7247/7617 7344/7781
f 7102/7380 7278/6466 7401/7777
f 7163/7489 7189/7566 7314/7723
f 7285/7715 7376/7765 7276/7708
f 7288/7732 7325/7769 7391/7782
f 7010/7370 7414/7783 5643/5585
f 7250/7634 7344/7781 7323/7759
f 7255/7638 7369/7784 7242/7652
f 7249/7648 7332/7764 7330/7691
f 7263/7707 7283/7711 7376/7765
f 7161/7518 7293/7785 7338/7754
f 7108/7476 7335/7662 7211/7579
f 7317/7735 7337/7786 7342/7787
f 7291/7700 7317/7735 7389/7758
f 6905/7287 7416/7788 6580/6719
f 7132/7530 7370/7780 7357/7745
f 7296/7740 7288/7732 7391/7782
f 7219/7511 7286/7709 7257/7639
f 7231/7645 7095/7505 7306/7637
f 7146/7498 7307/7694 7372/7778
f 7172/7590 7349/7734 7281/7704
f 7268/7690 7321/7744 7300/7719
f 7073/7403 7299/7721 7275/7676
f 7280/7712 7289/7727 7385/7789
f 7276/7708 7376/7765 7289/7727
f 7320/7748 7294/7730 7227/7619
f 7191/7633 7352/7790 7266/7670
f 7227/7619 7081/7512 7320/7748
f 7317/7735 7331/7771 7337/7786
f 7171/7558 7399/7791 7161/7518
f 7188/7540 7324/7772 7299/7721
f 7297/7716 7353/7792 7371/7756
f 7330/7691 7393/7793 7303/7722
f 7165/7696 7301/7697 7386/7794
f 7183/7596 7384/7770 7174/7547
f 7218/7618 7163/7489 7387/7795
f 6899/7212 7611/7714 7110/7450
f 7336/7796 7362/7774 7354/7797
f 7260/7739 7362/7774 7316/7725
f 7094/7461 7309/7646 7412/7798
f 7227/7619 7294/7730 7394/7768
f 7336/7796 7354/7797 7345/7799
f 7336/7796 7345/7799 7383/7800
f 7010/7370 7217/7597 7423/7801
f 7332/7764 7367/7802 7330/7691
f 7340/7803 7362/7774 7336/7796
f 7212/7616 7327/7767 7349/7734
f 7337/7786 7331/7771 7356/7804
f 7297/7716 7271/7726 7353/7792
f 7336/7796 7383/7800 7340/7803
f 7231/7645 7394/7768 7294/7730
f 7340/7803 7361/7805 7351/7806
f 7333/7763 7378/7807 7379/7808
f 7233/7656 7326/7762 7217/7597
f 7231/7645 7306/7637 7394/7768
f 7340/7803 7383/7800 7361/7805
f 7333/7763 7379/7808 7332/7764
f 7265/7685 7315/7749 7380/7779
f 7273/7679 7394/7768 7322/7760
f 7325/7769 7373/7809 7391/7782
f 7282/7705 7354/7797 7362/7774
f 7342/7787 7377/7810 7389/7758
f 7342/7787 7389/7758 7317/7735
f 7282/7705 7310/7733 7354/7797
f 7228/7654 7357/7745 7350/7811
f 7296/7740 7407/7812 7274/7702
f 7228/7654 7350/7811 7205/7570
f 7296/7740 7391/7782 7407/7812
f 7345/7799 7354/7797 7366/7813
f 7280/7712 7385/7789 7305/7742
f 7300/7719 7375/7814 7331/7771
f 7305/7742 7385/7789 7298/7741
f 7300/7719 7321/7744 7382/7815
f 7330/7691 7367/7802 7393/7793
f 7300/7719 7382/7815 7375/7814
f 7243/7653 7371/7756 7183/7596
f 7322/7760 7368/7816 7272/7631
f 7255/7638 7312/7737 7369/7784
f 7298/7741 7385/7789 7325/7769
f 7010/7370 7423/7801 7414/7783
f 7339/7766 7364/7775 7427/7817
f 7094/7461 7374/7818 7246/7655
f 7094/7461 7412/7798 7374/7818
f 7301/7697 7267/7695 7404/7819
f 7165/7696 7386/7794 7311/7728
f 7246/7655 7374/7818 7194/7576
f 7171/7558 7320/7752 7419/7820
f 6762/6943 7346/7773 7413/7821
f 6762/6943 7413/7821 7215/7622
f 7359/7822 7392/7823 7351/7806
f 7289/7727 7398/7824 7385/7789
f 7161/7518 7399/7791 7293/7785
f 7351/7806 7362/7774 7340/7803
f 7283/7711 7311/7728 7376/7765
f 7217/7597 7434/7825 7423/7801
f 7211/7579 7425/7826 7290/7693
f 7191/7633 7279/7692 7352/7790
f 7379/7808 7402/7827 7332/7764
f 7289/7727 7376/7765 7398/7824
f 7103/7462 7220/7598 7335/7662
f 7344/7781 7247/7617 7381/7828
f 7221/7643 7365/7757 7411/7829
f 7320/7752 7081/7572 7178/7486
f 7274/7702 7407/7812 7312/7737
f 7272/7631 7368/7816 7396/7830
f 7272/7631 7396/7830 7328/7743
f 7351/7806 7361/7805 7440/7831
f 7351/7806 7440/7831 7359/7822
f 7299/7721 7324/7772 7417/7832
f 7308/7674 7341/7753 7444/7833
f 7354/7797 7310/7733 7389/7758
f 7271/7726 7319/7713 7353/7792
f 7247/7617 7403/7834 7381/7828
f 6339/6624 7348/7750 7251/7621
f 7337/7786 7356/7804 7342/7787
f 6905/7287 7266/7670 7416/7788
f 7318/7675 7295/7776 7418/7835
f 7344/7781 7390/7836 7323/7759
f 7171/7558 7419/7820 7399/7791
f 7361/7805 7383/7800 7400/7837
f 7332/7764 7402/7827 7367/7802
f 7344/7781 7381/7828 7390/7836
f 7383/7800 7345/7799 7408/7838
f 7311/7728 7386/7794 7376/7765
f 7351/7806 7392/7823 7362/7774
f 7381/7828 7400/7837 7390/7836
f 7307/7694 7290/7693 7372/7778
f 7247/7617 7363/7736 7403/7834
f 7183/7596 7371/7756 7471/7839
f 7102/7380 7401/7777 7279/7692
f 7318/7675 7418/7835 7333/7763
f 7315/7749 7392/7823 7380/7779
f 7359/7822 7380/7779 7392/7823
f 7354/7797 7389/7758 7366/7813
f 7205/7570 7350/7811 7319/7713
f 7343/7751 5613/6628 6884/6922
f 7214/7669 7221/7643 7411/7829
f 6580/6719 7416/7788 7348/7750
f 7222/7632 7110/7450 7286/7709
f 7217/7597 7326/7762 7434/7825
f 7218/7618 7387/7795 7304/7698
f 7391/7782 7373/7809 7378/7807
f 7322/7760 7394/7768 7368/7816
f 7320/7752 7178/7486 7419/7820
f 7379/7808 7378/7807 7405/7840
f 7392/7823 7315/7749 7316/7725
f 7396/7830 7368/7816 7426/7841
f 7390/7836 7400/7837 7383/7800
f 7342/7787 7356/7804 7410/7842
f 7378/7807 7373/7809 7406/7843
f 7386/7794 7301/7697 7404/7819
f 7333/7763 7418/7835 7430/7844
f 7333/7763 7430/7844 7378/7807
f 7215/7622 7413/7821 7326/7762
f 7379/7808 7405/7840 7420/7845
f 7306/7637 7459/7846 7394/7768
f 7342/7787 7428/7847 7377/7810
f 7366/7813 7422/7848 7345/7799
f 7347/7729 7303/7722 7424/7849
f 7299/7721 7417/7832 7275/7676
f 7335/7662 7220/7598 7452/7850
f 7328/7743 7433/7851 7292/7717
f 7359/7822 7395/7852 7409/7853
f 7331/7771 7410/7842 7356/7804
f 7405/7840 7378/7807 7406/7843
f 7267/7695 7380/7779 7404/7819
f 7359/7822 7409/7853 7380/7779
f 7163/7489 7314/7723 7387/7795
f 7357/7745 7470/7854 7350/7811
f 7392/7823 7316/7725 7362/7774
f 7275/7676 7417/7832 7329/7755
f 7242/7652 7369/7784 7324/7772
f 6849/7072 7446/7855 7346/7773
f 7403/7834 7363/7736 7445/7856
f 7326/7762 7413/7821 7421/7857
f 7350/7811 7432/7858 7319/7713
f 7105/7508 7308/7674 7261/7626
f 7321/7744 7292/7717 7433/7851
f 7321/7744 7433/7851 7382/7815
f 7342/7787 7410/7842 7428/7847
f 7384/7770 7183/7596 7471/7839
f 7377/7810 7366/7813 7389/7758
f 7377/7810 7415/7859 7366/7813
f 7306/7637 7339/7766 7448/7860
f 7257/7639 7286/7709 7355/7761
f 7281/7704 7431/7861 7370/7780
f 6967/7266 7460/7862 7284/7641
f 6849/7072 7284/7641 7446/7855
f 7211/7579 7335/7662 7438/7863
f 7211/7579 7438/7863 7425/7826
f 7323/7759 7390/7836 7454/7864
f 7331/7771 7375/7814 7410/7842
f 7391/7782 7378/7807 7430/7844
f 7326/7762 7421/7857 7434/7825
f 7325/7769 7442/7865 7373/7809
f 7419/7820 7178/7486 7269/7613
f 7377/7810 7428/7847 7415/7859
f 7420/7845 7453/7866 7379/7808
f 7194/7576 7374/7818 7436/7867
f 7408/7838 7345/7799 7422/7848
f 7369/7784 7312/7737 7441/7868
f 7379/7808 7453/7866 7402/7827
f 7325/7769 7385/7789 7437/7869
f 7325/7769 7437/7869 7442/7865
f 7459/7846 7306/7637 7447/7870
f 7329/7755 7417/7832 7429/7871
f 7395/7852 7440/7831 7476/7872
f 7410/7842 7443/7873 7428/7847
f 7372/7778 7290/7693 7314/7723
f 6967/7266 7251/7621 7460/7862
f 7383/7800 7408/7838 7390/7836
f 7368/7816 7459/7846 7426/7841
f 7373/7809 7442/7865 7406/7843
f 7290/7693 7387/7795 7314/7723
f 7410/7842 7375/7814 7443/7873
f 7376/7765 7386/7794 7398/7824
f 7329/7755 7429/7871 7277/7683
f 7261/7626 7308/7674 7364/7775
f 7400/7837 7381/7828 7361/7805
f 7277/7683 7429/7871 7295/7776
f 7266/7670 7352/7790 7465/7874
f 7387/7795 7458/7875 7304/7698
f 7367/7802 7402/7827 7393/7793
f 7323/7759 7461/7876 7327/7767
f 7349/7734 7431/7861 7281/7704
f 7286/7709 7463/7877 7355/7761
f 7395/7852 7359/7822 7440/7831
f 7368/7816 7394/7768 7459/7846
f 7409/7853 7435/7878 7380/7779
f 7323/7759 7454/7864 7461/7876
f 7382/7815 7433/7851 7375/7814
f 7385/7789 7457/7879 7437/7869
f 7435/7878 7404/7819 7380/7779
f 7391/7782 7430/7844 7407/7812
f 7216/7664 7254/7661 7499/7880
f 7324/7772 7369/7784 7468/7881
f 7353/7792 7469/7882 7371/7756
f 7295/7776 7429/7871 7418/7835
f 7371/7756 7469/7882 7471/7839
f 7338/7754 7293/7785 7473/7883
f 7396/7830 7426/7841 7450/7884
f 7390/7836 7408/7838 7454/7864
f 7407/7812 7441/7868 7312/7737
f 7385/7789 7398/7824 7457/7879
f 7405/7840 7406/7843 7420/7845
f 7328/7743 7396/7830 7433/7851
f 7306/7637 7448/7860 7447/7870
f 7324/7772 7468/7881 7417/7832
f 7423/7801 7434/7825 7483/7885
f 7408/7838 7422/7848 7475/7886
f 7369/7784 7441/7868 7468/7881
f 7266/7670 7465/7874 7416/7788
f 7366/7813 7415/7859 7422/7848
f 7194/7576 7436/7867 7343/7751
f 7387/7795 7290/7693 7425/7826
f 7387/7795 7425/7826 7458/7875
f 7334/7710 7347/7729 7472/7887
f 7386/7794 7457/7879 7398/7824
f 7426/7841 7451/7888 7450/7884
f 7430/7844 7468/7881 7407/7812
f 7353/7792 7319/7713 7469/7882
f 7402/7827 7453/7866 7393/7793
f 7432/7858 7350/7811 7470/7854
f 7110/7450 7463/7877 7286/7709
f 7421/7857 7413/7821 7462/7889
f 7435/7878 7455/7890 7404/7819
f 7374/7818 7412/7798 7436/7867
f 7430/7844 7418/7835 7468/7881
f 7443/7873 7467/7891 7428/7847
f 7435/7878 7409/7853 7489/7892
f 7313/7666 7214/7669 7466/7893
f 7409/7853 7476/7872 7489/7892
f 7361/7805 7381/7828 7440/7831
f 7386/7794 7404/7819 7457/7879
f 7455/7890 7457/7879 7404/7819
f 7432/7858 7478/7894 7319/7713
f 7409/7853 7395/7852 7476/7872
f 7334/7710 7472/7887 7363/7736
f 7309/7646 7358/7706 7485/7895
f 7365/7757 7477/7896 7411/7829
f 7304/7698 7458/7875 7341/7753
f 7429/7871 7417/7832 7468/7881
f 7220/7598 7338/7754 7452/7850
f 7375/7814 7433/7851 7443/7873
f 7419/7820 7490/7897 7399/7791
f 7415/7859 7428/7847 7464/7898
f 7406/7843 7442/7865 7487/7899
f 7406/7843 7487/7899 7420/7845
f 7396/7830 7456/7900 7433/7851
f 7365/7757 7355/7761 7477/7896
f 7303/7722 7393/7793 7474/7901
f 7455/7890 7437/7869 7457/7879
f 7381/7828 7403/7834 7440/7831
f 7303/7722 7474/7901 7424/7849
f 7418/7835 7429/7871 7468/7881
f 7327/7767 7461/7876 7349/7734
f 7407/7812 7468/7881 7441/7868
f 7478/7894 7432/7858 7470/7854
f 7279/7692 7401/7777 7486/7902
f 7319/7713 7478/7894 7469/7882
f 7443/7873 7433/7851 7467/7891
f 7352/7790 7279/7692 7465/7874
f 7313/7666 7466/7893 7496/7903
f 7341/7753 7497/7904 7444/7833
f 7476/7872 7440/7831 7491/7905
f 7450/7884 7479/7906 7396/7830
f 7347/7729 7424/7849 7472/7887
f 7420/7845 7487/7899 7453/7866
f 7399/7791 7494/7907 7293/7785
f 7426/7841 7459/7846 7451/7888
f 7293/7785 7494/7907 7473/7883
f 7364/7775 7503/7908 7427/7817
f 7341/7753 7458/7875 7484/7909
f 7421/7857 7483/7885 7434/7825
f 7421/7857 7462/7889 7483/7885
f 7431/7861 7481/7910 7370/7780
f 7335/7662 7452/7850 7438/7863
f 7431/7861 7349/7734 7481/7910
f 7396/7830 7480/7911 7456/7900
f 7465/7874 7279/7692 7488/7912
f 7110/7450 7506/7913 7535/7914
f 7110/7450 7535/7914 7360/7915
f 7467/7891 7433/7851 7456/7900
f 7445/7856 7502/7916 7491/7905
f 7313/7666 7496/7903 7254/7661
f 7477/7896 7355/7761 7500/7917
f 5613/6628 7343/7751 7521/7918
f 7403/7834 7445/7856 7491/7905
f 7396/7830 7479/7906 7480/7911
f 7456/7900 7480/7911 7467/7891
f 7440/7831 7403/7834 7491/7905
f 7480/7911 7482/7919 7467/7891
f 7269/7613 7384/7770 7495/7920
f 7363/7736 7472/7887 7445/7856
f 7428/7847 7467/7891 7464/7898
f 7393/7793 7501/7921 7474/7901
f 7360/7915 7463/7877 7110/7450
f 7338/7754 7473/7883 7452/7850
f 7419/7820 7269/7613 7495/7920
f 7419/7820 7495/7920 7490/7897
f 7424/7849 7513/7922 7472/7887
f 7470/7854 7357/7745 7509/7923
f 7423/7801 7483/7885 7414/7783
f 7437/7869 7455/7890 7498/7924
f 7482/7919 7480/7911 7479/7906
f 7454/7864 7408/7838 7475/7886
f 7401/7777 7449/7746 7486/7902
f 7341/7753 7484/7909 7497/7904
f 7482/7919 7493/7925 7467/7891
f 7412/7798 7492/7926 7436/7867
f 7458/7875 7425/7826 7484/7909
f 7364/7775 7308/7674 7503/7908
f 7425/7826 7438/7863 7484/7909
f 7216/7664 7518/7927 6955/7271
f 7450/7884 7451/7888 7505/7928
f 7478/7894 7470/7854 7509/7923
f 7393/7793 7453/7866 7487/7899
f 7455/7890 7435/7878 7498/7924
f 7437/7869 7498/7924 7442/7865
f 7309/7646 7485/7895 7412/7798
f 7415/7859 7464/7898 7422/7848
f 7393/7793 7487/7899 7501/7921
f 7346/7773 7510/7929 7413/7821
f 7413/7821 7507/7930 7462/7889
f 7413/7821 7510/7929 7507/7930
f 7482/7919 7479/7906 7493/7925
f 7339/7766 7427/7817 7448/7860
f 7474/7901 7513/7922 7424/7849
f 7214/7669 7411/7829 7508/7931
f 7467/7891 7514/7932 7464/7898
f 7472/7887 7515/7933 7445/7856
f 7349/7734 7461/7876 7511/7934
f 7349/7734 7511/7934 7481/7910
f 7467/7891 7493/7925 7514/7932
f 7459/7846 7525/7935 7451/7888
f 7463/7877 7500/7917 7355/7761
f 7442/7865 7498/7924 7487/7899
f 7438/7863 7452/7850 7512/7936
f 7279/7692 7486/7902 7488/7912
f 7493/7925 7479/7906 7516/7937
f 7214/7669 7508/7931 7466/7893
f 7490/7897 7494/7907 7399/7791
f 7435/7878 7489/7892 7498/7924
f 7412/7798 7519/7938 7492/7926
f 7412/7798 7485/7895 7519/7938
f 7454/7864 7475/7886 7529/7939
f 7474/7901 7501/7921 7513/7922
f 7502/7916 7476/7872 7491/7905
f 7110/7450 7611/7714 7506/7913
f 7438/7863 7512/7936 7484/7909
f 7284/7641 7460/7862 7526/7940
f 7451/7888 7525/7935 7505/7928
f 7422/7848 7464/7898 7520/7941
f 7414/7783 7536/7942 5643/5585
f 7357/7745 7370/7780 7524/7943
f 7479/7906 7450/7884 7505/7928
f 7475/7886 7422/7848 7520/7941
f 7445/7856 7527/7944 7502/7916
f 7476/7872 7502/7916 7489/7892
f 7479/7906 7505/7928 7516/7937
f 7445/7856 7515/7933 7527/7944
f 7370/7780 7481/7910 7524/7943
f 7459/7846 7447/7870 7525/7935
f 7454/7864 7529/7939 7461/7876
f 7343/7751 7436/7867 7521/7918
f 7477/7896 7523/7945 7411/7829
f 7284/7641 7537/7946 7446/7855
f 7507/7930 7533/7947 7462/7889
f 7360/7915 7535/7914 7532/7948
f 7216/7664 7499/7880 7518/7927
f 7478/7894 7509/7923 7524/7943
f 7475/7886 7520/7941 7529/7939
f 7461/7876 7529/7939 7511/7934
f 7360/7915 7532/7948 7463/7877
f 7462/7889 7533/7947 7483/7885
f 7357/7745 7524/7943 7509/7923
f 7478/7894 7524/7943 7469/7882
f 7472/7887 7513/7922 7515/7933
f 7481/7910 7522/7949 7524/7943
f 7444/7833 7497/7904 7517/7950
f 7449/7746 4947/4722 7531/7951
f 7465/7874 7488/7912 7534/7952
f 7471/7839 7530/7953 7384/7770
f 7494/7907 7547/7954 7473/7883
f 7427/7817 7544/7955 7448/7860
f 7463/7877 7532/7948 7552/7956
f 7463/7877 7552/7956 7500/7917
f 7493/7925 7516/7937 7528/7957
f 7508/7931 7411/7829 7546/7958
f 7449/7746 7531/7951 7486/7902
f 7308/7674 7444/7833 7548/7959
f 7464/7898 7514/7932 7543/7960
f 7522/7949 7481/7910 7540/7961
f 7511/7934 7540/7961 7481/7910
f 7469/7882 7524/7943 7471/7839
f 7512/7936 7497/7904 7484/7909
f 7464/7898 7543/7960 7520/7941
f 7507/7930 7545/7962 7533/7947
f 7493/7925 7528/7957 7514/7932
f 7487/7899 7515/7933 7501/7921
f 7483/7885 7533/7947 7554/7963
f 7483/7885 7554/7963 7414/7783
f 7502/7916 7527/7944 7489/7892
f 7503/7908 7308/7674 7548/7959
f 7488/7912 7486/7902 7598/7964
f 7513/7922 7501/7921 7515/7933
f 7495/7920 7384/7770 7538/7965
f 7537/7946 7284/7641 7526/7940
f 7490/7897 7547/7954 7494/7907
f 7427/7817 7503/7908 7544/7955
f 7411/7829 7523/7945 7546/7958
f 7487/7899 7498/7924 7515/7933
f 6955/7271 7518/7927 7358/7706
f 7495/7920 7538/7965 7490/7897
f 7436/7867 7541/7966 7521/7918
f 7446/7855 7537/7946 7346/7773
f 7519/7938 7485/7895 7542/7967
f 7519/7938 7541/7966 7492/7926
f 7522/7949 7528/7957 7524/7943
f 7529/7939 7543/7960 7511/7934
f 7488/7912 7598/7964 7534/7952
f 7507/7930 7510/7929 7545/7962
f 7436/7867 7492/7926 7541/7966
f 7511/7934 7543/7960 7540/7961
f 7452/7850 7473/7883 7560/7968
f 7444/7833 7517/7950 7548/7959
f 7452/7850 7560/7968 7512/7936
f 7528/7957 7522/7949 7540/7961
f 7520/7941 7543/7960 7529/7939
f 7465/7874 7550/7969 7416/7788
f 7465/7874 7534/7952 7550/7969
f 7499/7880 7254/7661 7549/7970
f 5643/5585 7536/7942 7439/7747
f 7525/7935 7553/7971 7505/7928
f 7510/7929 7561/7972 7545/7962
f 7447/7870 7448/7860 7525/7935
f 7514/7932 7528/7957 7543/7960
f 7527/7944 7515/7933 7489/7892
f 7489/7892 7515/7933 7498/7924
f 7535/7914 7552/7956 7532/7948
f 4947/4722 7636/7973 7585/7974
f 7346/7773 7555/7975 7561/7972
f 7346/7773 7561/7972 7510/7929
f 7523/7945 7477/7896 7551/7976
f 7512/7936 7560/7968 7539/7977
f 7512/7936 7539/7977 7497/7904
f 7496/7903 7549/7970 7254/7661
f 7477/7896 7500/7917 7551/7976
f 7471/7839 7524/7943 7530/7953
f 7516/7937 7505/7928 7557/7978
f 7521/7918 7541/7966 7559/7979
f 7546/7958 7523/7945 7551/7976
f 7528/7957 7540/7961 7543/7960
f 7516/7937 7557/7978 7528/7957
f 7416/7788 7583/7980 7348/7750
f 7384/7770 7530/7953 7538/7965
f 7448/7860 7544/7955 7562/7981
f 4947/4722 7585/7974 7566/7982
f 7545/7962 7554/7963 7533/7947
f 7545/7962 7561/7972 7558/7983
f 7505/7928 7553/7971 7557/7978
f 7490/7897 7563/7984 7547/7954
f 7536/7942 7414/7783 7572/7985
f 7473/7883 7547/7954 7560/7968
f 5613/6628 7521/7918 1836/1126
f 7346/7773 7537/7946 7555/7975
f 7542/7967 7485/7895 7564/7986
f 7528/7957 7557/7978 7524/7943
f 7416/7788 7550/7969 7583/7980
f 7526/7940 7460/7862 7569/7987
f 7414/7783 7554/7963 7572/7985
f 7524/7943 7557/7978 7556/7988
f 7490/7897 7538/7965 7563/7984
f 7448/7860 7562/7981 7525/7935
f 7535/7914 7506/7913 7552/7956
f 7541/7966 7574/7989 7559/7979
f 7519/7938 7542/7967 7541/7966
f 7545/7962 7558/7983 7554/7963
f 7460/7862 7251/7621 7584/7990
f 7552/7956 7579/7991 7500/7917
f 1836/1126 7521/7918 7559/7979
f 7536/7942 7572/7985 7439/7747
f 7524/7943 7556/7988 7530/7953
f 7503/7908 7548/7959 7544/7955
f 7558/7983 7561/7972 7565/7992
f 7542/7967 7564/7986 7541/7966
f 7466/7893 7571/7993 7496/7903
f 7251/7621 7348/7750 7583/7980
f 7551/7976 7567/7994 7546/7958
f 7397/7578 7609/7995 7611/7714
f 4947/4722 7566/7982 7531/7951
f 7496/7903 7580/7996 7577/7997
f 7496/7903 7577/7997 7549/7970
f 7534/7952 7570/7998 7550/7969
f 7554/7963 7568/7999 7572/7985
f 7497/7904 7539/7977 7517/7950
f 7499/7880 7549/7970 7518/7927
f 7544/7955 7576/8000 7562/7981
f 7506/7913 7579/7991 7552/7956
f 7525/7935 7562/7981 7582/8001
f 7531/7951 7566/7982 7486/7902
f 7557/7978 7553/7971 7556/7988
f 7460/7862 7584/7990 7569/7987
f 7554/7963 7558/7983 7568/7999
f 7560/7968 7547/7954 7575/8002
f 7564/7986 7574/7989 7541/7966
f 7550/7969 7570/7998 7583/7980
f 7544/7955 7548/7959 7576/8000
f 7525/7935 7582/8001 7553/7971
f 7466/7893 7581/8003 7571/7993
f 7496/7903 7571/7993 7580/7996
f 7534/7952 7598/7964 7570/7998
f 7517/7950 7539/7977 7578/8004
f 7486/7902 7566/7982 7598/7964
f 7560/7968 7575/8002 7539/7977
f 7530/7953 7593/8005 7538/7965
f 7548/7959 7517/7950 7578/8004
f 7564/7986 7573/8006 7574/7989
f 7565/7992 7568/7999 7558/7983
f 7563/7984 7575/8002 7547/7954
f 4947/4722 7504/7497 7636/7973
f 7567/7994 7551/7976 7586/8007
f 7466/7893 7508/7931 7581/8003
f 7564/7986 7588/8008 7573/8006
f 7583/7980 7570/7998 7597/8009
f 7551/7976 7500/7917 7587/8010
f 7537/7946 7526/7940 7590/8011
f 7546/7958 7567/7994 7601/8012
f 7565/7992 7561/7972 7589/8013
f 7548/7959 7578/8004 7576/8000
f 7504/7497 1836/1126 7621/8014
f 7539/7977 7575/8002 7578/8004
f 7358/7706 7518/7927 7599/8015
f 7562/7981 7576/8000 7582/8001
f 7500/7917 7579/7991 7587/8010
f 7538/7965 7593/8005 7563/7984
f 7530/7953 7556/7988 7593/8005
f 7508/7931 7546/7958 7601/8012
f 7553/7971 7582/8001 7556/7988
f 7556/7988 7582/8001 7593/8005
f 7526/7940 7591/8016 7590/8011
f 7537/7946 7596/8017 7555/7975
f 7564/7986 7485/7895 7588/8008
f 7526/7940 7569/7987 7591/8016
f 7576/8000 7578/8004 7592/8018
f 7601/8012 7567/7994 7586/8007
f 7576/8000 7593/8005 7582/8001
f 7563/7984 7592/8018 7575/8002
f 7563/7984 7593/8005 7592/8018
f 7575/8002 7592/8018 7578/8004
f 7571/7993 7581/8003 7595/8019
f 7576/8000 7592/8018 7593/8005
f 7439/7747 7572/7985 7388/7642
f 7573/8006 7588/8008 7574/7989
f 7589/8013 7561/7972 7600/8020
f 7508/7931 7601/8012 7581/8003
f 7566/7982 7585/7974 7594/8021
f 7586/8007 7551/7976 7602/8022
f 7584/7990 7251/7621 7613/8023
f 7595/8019 7580/7996 7571/7993
f 7485/7895 7358/7706 7599/8015
f 7566/7982 7594/8021 7598/7964
f 7551/7976 7587/8010 7602/8022
f 7506/7913 7611/7714 7617/8024
f 7506/7913 7617/8024 7579/7991
f 7583/7980 7597/8009 7607/8025
f 7251/7621 7583/7980 7613/8023
f 7565/7992 7603/8026 7568/7999
f 7568/7999 7603/8026 7615/8027
f 7568/7999 7615/8027 7572/7985
f 7597/8009 7570/7998 7598/7964
f 7565/7992 7589/8013 7603/8026
f 7580/7996 7605/8028 7577/7997
f 7537/7946 7590/8011 7596/8017
f 7580/7996 7595/8019 7590/8011
f 7597/8009 7610/8029 7607/8025
f 7591/8016 7569/7987 7614/8030
f 7586/8007 7604/8031 7601/8012
f 7590/8011 7595/8019 7596/8017
f 7589/8013 7600/8020 7603/8026
f 7580/7996 7590/8011 7605/8028
f 7600/8020 7561/7972 7608/8032
f 7588/8008 7606/8033 7612/8034
f 7588/8008 7612/8034 7574/7989
f 7587/8010 7579/7991 7602/8022
f 7595/8019 7581/8003 7596/8017
f 7591/8016 7605/8028 7590/8011
f 7600/8020 7608/8032 7615/8027
f 7572/7985 7618/8035 7388/7642
f 7603/8026 7600/8020 7615/8027
f 7604/8031 7586/8007 7602/8022
f 7561/7972 7616/8036 7608/8032
f 7555/7975 7596/8017 7616/8036
f 7597/8009 7598/7964 7610/8029
f 7588/8008 7485/7895 7620/8037
f 7588/8008 7620/8037 7606/8033
f 7555/7975 7616/8036 7561/7972
f 7569/7987 7584/7990 7614/8030
f 7599/8015 7624/8038 7485/7895
f 7574/7989 7612/8034 7640/8039
f 7581/8003 7601/8012 7625/8040
f 7572/7985 7615/8027 7618/8035
f 7604/8031 7619/8041 7601/8012
f 7388/7642 7618/8035 7622/8042
f 7485/7895 7624/8038 7620/8037
f 7619/8041 7604/8031 7602/8022
f 7606/8033 7620/8037 7612/8034
f 7574/7989 7640/8039 7559/7979
f 7608/8032 7616/8036 7623/8043
f 7579/7991 7617/8024 7602/8022
f 7518/7927 7549/7970 7629/8044
f 7583/7980 7607/8025 7613/8023
f 7594/8021 7636/7973 7598/7964
f 7616/8036 7596/8017 7630/8045
f 7605/8028 7631/8046 7629/8044
f 7559/7979 7640/8039 1836/1126
f 7611/7714 7627/8047 7617/8024
f 7610/8029 7626/8048 7607/8025
f 7605/8028 7629/8044 7577/7997
f 7636/7973 7504/7497 7648/8049
f 7591/8016 7631/8046 7605/8028
f 7591/8016 7614/8030 7631/8046
f 7577/7997 7629/8044 7549/7970
f 7596/8017 7625/8040 7630/8045
f 7596/8017 7581/8003 7625/8040
f 7601/8012 7619/8041 7625/8040
f 7602/8022 7617/8024 7627/8047
f 7619/8041 7633/8050 7628/8051
f 7611/7714 7638/8052 7627/8047
f 7619/8041 7628/8051 7625/8040
f 7611/7714 7609/7995 7638/8052
f 7620/8037 7624/8038 7634/8053
f 7388/7642 7622/8042 7397/7578
f 7623/8043 7635/8054 7608/8032
f 7608/8032 7635/8054 7615/8027
f 7620/8037 7640/8039 7612/8034
f 7619/8041 7602/8022 7633/8050
f 7594/8021 7585/7974 7636/7973
f 7623/8043 7616/8036 7632/8055
f 7616/8036 7630/8045 7632/8055
f 7518/7927 7629/8044 7639/8056
f 7518/7927 7639/8056 7599/8015
f 7615/8027 7635/8054 7618/8035
f 7625/8040 7628/8051 7637/8057
f 7630/8045 7637/8057 7632/8055
f 7599/8015 7639/8056 7624/8038
f 7626/8048 7610/8029 7598/7964
f 7627/8047 7633/8050 7602/8022
f 7630/8045 7625/8040 7637/8057
f 7628/8051 7633/8050 7637/8057
f 7620/8037 7634/8053 7640/8039
f 7623/8043 7632/8055 7643/8058
f 7623/8043 7643/8058 7635/8054
f 7626/8048 7598/7964 7650/8059
f 7638/8052 7609/7995 7645/8060
f 7607/8025 7626/8048 7647/8061
f 7397/7578 7622/8042 7644/8062
f 1836/1126 7640/8039 7641/8063
f 7627/8047 7638/8052 7633/8050
f 7626/8048 7642/8064 7647/8061
f 7618/8035 7635/8054 7622/8042
f 7584/7990 7657/8065 7614/8030
f 7637/8057 7633/8050 7646/8066
f 7637/8057 7646/8066 7632/8055
f 7634/8053 7624/8038 7649/8067
f 7609/7995 7397/7578 7644/8062
f 7598/7964 7636/7973 7650/8059
f 7626/8048 7650/8059 7642/8064
f 7635/8054 7643/8058 7622/8042
f 7584/7990 7613/8023 7657/8065
f 7632/8055 7646/8066 7643/8058
f 7634/8053 7649/8067 7640/8039
f 7649/8067 7652/8068 7640/8039
f 7638/8052 7646/8066 7633/8050
f 7609/7995 7644/8062 7645/8060
f 7629/8044 7654/8069 7639/8056
f 7643/8058 7646/8066 7651/8070
f 7621/8014 1836/1126 7641/8063
f 7642/8064 7650/8059 7665/8071
f 7504/7497 7621/8014 7675/8072
f 7641/8063 7640/8039 7621/8014
f 7622/8042 7643/8058 7644/8062
f 7638/8052 7651/8070 7646/8066
f 7636/7973 7648/8049 7650/8059
f 7643/8058 7651/8070 7644/8062
f 7638/8052 7645/8060 7651/8070
f 7645/8060 7644/8062 7651/8070
f 7649/8067 7624/8038 7655/8073
f 7642/8064 7656/8074 7647/8061
f 7642/8064 7653/8075 7656/8074
f 7653/8075 7642/8064 7665/8071
f 7607/8025 7657/8065 7613/8023
f 7607/8025 7647/8061 7657/8065
f 7629/8044 7659/8076 7654/8069
f 7649/8067 7655/8073 7661/8077
f 7614/8030 7670/8078 7631/8046
f 7631/8046 7670/8078 7659/8076
f 7640/8039 7652/8068 7621/8014
f 7649/8067 7661/8077 7652/8068
f 7656/8074 7653/8075 7662/8079
f 7629/8044 7631/8046 7659/8076
f 7614/8030 7657/8065 7670/8078
f 7504/7497 7658/8080 7648/8049
f 7639/8056 7654/8069 7624/8038
f 7662/8079 7653/8075 7665/8071
f 7655/8073 7624/8038 7660/8081
f 7655/8073 7660/8081 7661/8077
f 7660/8081 7624/8038 7663/8082
f 7656/8074 7662/8079 7664/8083
f 7656/8074 7664/8083 7647/8061
f 7648/8049 7665/8071 7650/8059
f 7648/8049 7668/8084 7665/8071
f 7663/8082 7624/8038 7666/8085
f 7658/8080 7668/8084 7648/8049
f 7658/8080 7504/7497 7668/8084
f 7654/8069 7666/8085 7624/8038
f 7660/8081 7674/8086 7661/8077
f 7652/8068 7661/8077 7621/8014
f 7657/8065 7647/8061 7670/8078
f 7660/8081 7663/8082 7674/8086
f 7663/8082 7666/8085 7667/8087
f 7662/8079 7665/8071 7664/8083
f 7664/8083 7669/8088 7647/8061
f 7621/8014 7661/8077 7674/8086
f 7667/8087 7666/8085 7672/8089
f 7669/8088 7673/8090 7647/8061
f 7621/8014 7674/8086 7671/8091
f 7664/8083 7665/8071 7669/8088
f 7654/8069 7659/8076 7666/8085
f 7621/8014 7671/8091 7675/8072
f 7673/8090 7670/8078 7647/8061
f 7667/8087 7674/8086 7663/8082
f 7673/8090 7672/8089 7670/8078
f 7672/8089 7676/8092 7667/8087
f 7673/8090 7669/8088 7678/8093
f 7672/8089 7666/8085 7670/8078
f 7667/8087 7676/8092 7674/8086
f 7666/8085 7659/8076 7670/8078
f 7672/8089 7673/8090 7676/8092
f 7673/8090 7678/8093 7676/8092
f 7668/8084 7504/7497 7677/8094
f 7665/8071 7678/8093 7669/8088
f 7674/8086 7676/8092 7671/8091
f 7665/8071 7668/8084 7678/8093
f 7504/7497 7675/8072 7677/8094
f 7668/8084 7677/8094 7678/8093
f 7671/8091 7676/8092 7675/8072
f 7676/8092 7678/8093 7679/8095
f 7676/8092 7679/8095 7675/8072
f 7678/8093 7677/8094 7679/8095
f 7675/8072 7679/8095 7677/8094
f 4324/4587 4365/4639 4323/4600
f 4476/4658 5054/5298 4452/4674
f 630/674 582/586 763/800
f 656/675 630/674 763/800
