# Blender 5.2.0 LTS
# www.blender.org
mtllib bust_artemis.mtl
o bust_artemis
v -0.884952 -0.612349 -0.139299
v -0.882384 -0.616132 -0.216952
v -0.883651 -0.613783 -0.068727
v -0.847773 -0.517069 -0.149115
v -0.858392 -0.643416 0.004212
v -0.864049 -0.633443 -0.310381
v -0.823167 -0.560380 -0.305102
v -0.823464 -0.479774 -0.047858
v -0.763230 -0.751263 -0.101492
v -0.840877 -0.657256 -0.344299
v -0.846769 -0.655407 0.053591
v -0.805076 -0.556125 0.060923
v -0.826810 -0.675416 -0.391693
v -0.836141 -0.669747 0.061978
v -0.804089 -0.672907 0.080152
v -0.771860 -0.424732 -0.236642
v -0.799285 -0.707494 -0.405239
v -0.766718 -0.390565 -0.135035
v -0.812829 -0.695053 0.116876
v -0.787023 -0.613608 -0.378377
v -0.767195 -0.670572 0.173466
v -0.754991 -0.628376 0.126886
v -0.758205 -0.426535 0.014794
v -0.782448 -0.733992 0.139873
v -0.745718 -0.442062 -0.297181
v -0.734542 -0.676393 0.150344
v -0.765884 -0.744645 -0.424141
v -0.701801 -0.478145 -0.361108
v -0.737661 -0.370563 -0.065725
v -0.715633 -0.697681 -0.443123
v -0.679429 -0.543149 -0.393862
v -0.742733 -0.779551 0.163916
v -0.722206 -0.796641 -0.438778
v -0.667710 -0.411514 0.095430
v -0.737576 -0.694241 0.209138
v -0.702768 -0.388590 0.027695
v -0.723909 -0.806150 0.188598
v -0.656673 -0.318713 -0.158854
v -0.693444 -0.509317 -0.377624
v -0.674918 -0.676094 0.261215
v -0.651702 -0.493062 0.148258
v -0.717290 -0.414382 -0.357834
v -0.716794 -0.460212 -0.363459
v -0.691464 -0.443619 -0.336243
v -0.665718 -0.670447 0.181868
v -0.691301 -0.531285 -0.440108
v -0.696470 -0.385112 -0.299636
v -0.588749 -0.734443 0.282493
v -0.696504 -0.563236 0.158421
v -0.704553 -0.626435 -0.413518
v -0.684745 -0.563410 -0.416252
v -0.684385 -0.338880 -0.291068
v -0.700288 -0.827741 0.234555
v -0.612756 -0.584420 0.217465
v -0.693357 -0.685029 -0.443110
v -0.695147 -0.824280 -0.469038
v -0.688797 -0.837449 0.262663
v -0.676314 -0.407634 -0.308679
v -0.664880 -0.471371 -0.426624
v -0.624024 -0.775658 0.257230
v -0.588506 -0.649247 0.292916
v -0.651477 -0.341759 -0.012741
v -0.635641 -0.810811 -0.455517
v -0.667517 -0.671584 -0.410886
v -0.587553 -0.952289 -0.390867
v -0.641711 -0.833385 0.285325
v -0.645025 -0.383536 -0.391910
v -0.652283 -0.355020 -0.256051
v -0.629957 -0.627056 -0.452519
v -0.582784 -0.464148 0.200908
v -0.669321 -0.329850 -0.257828
v -0.663527 -0.380868 -0.284397
v -0.614412 -0.441065 -0.434675
v -0.616063 -0.801923 -0.470898
v -0.664360 -0.308626 -0.267566
v -0.609850 -0.830518 0.321222
v -0.677145 -0.511877 -0.442649
v -0.660008 -0.316147 -0.171044
v -0.661752 -0.339544 -0.304360
v -0.636000 -0.718945 -0.451856
v -0.624411 -0.661685 0.216479
v -0.644678 -0.365044 -0.345511
v -0.641834 -0.337174 -0.344984
v -0.600745 -0.782371 0.308356
v -0.651606 -0.338214 -0.219290
v -0.641416 -0.589451 -0.408794
v -0.592171 -0.649236 0.264576
v -0.560453 -0.663856 0.323990
v -0.636066 -0.701767 -0.426627
v -0.622416 -0.277232 -0.246826
v -0.543886 -0.453008 0.187973
v -0.609998 -0.575096 -0.476487
v -0.630431 -0.301209 -0.276816
v -0.524816 -0.737483 -0.477718
v -0.619996 -0.921166 0.291184
v -0.623707 -0.390568 -0.377813
v -0.631983 -0.317457 -0.073005
v -0.629284 -0.282972 -0.063481
v -0.609915 -0.629836 -0.427526
v -0.605258 -0.385066 -0.402676
v -0.588866 -0.951894 -0.050462
v -0.624043 -0.908301 -0.475312
v -0.604995 -0.319985 -0.032490
v -0.556816 -0.412442 0.108190
v -0.596307 -0.863456 0.348179
v -0.594703 -0.828453 0.315758
v -0.577906 -0.303900 -0.342403
v -0.554774 -0.550445 -0.464119
v -0.599104 -0.417518 -0.410708
v -0.592868 -0.333923 -0.347568
v -0.575211 -0.665673 -0.495144
v -0.519006 -0.845839 -0.464072
v -0.592989 -0.952964 0.313268
v -0.549737 -0.814903 0.345264
v -0.532214 -0.527551 0.231487
v -0.573384 -0.794906 -0.463823
v -0.555712 -0.709248 -0.468516
v -0.572754 -0.421881 -0.438899
v -0.582112 -0.861696 0.335688
v -0.561767 -0.286797 0.052907
v -0.569942 -0.236736 -0.155704
v -0.601742 -0.930301 -0.454554
v -0.576805 -0.319846 0.027151
v -0.520192 -0.491446 0.247287
v -0.554328 -0.643216 0.257795
v -0.532688 -0.456934 0.219450
v -0.485588 -0.794479 -0.486628
v -0.568723 -0.327970 0.007457
v -0.565797 -0.619400 -0.479232
v -0.508910 -0.460715 0.180003
v -0.554725 -0.256291 -0.269792
v -0.516944 -0.278451 0.054568
v -0.543996 -0.374994 -0.401612
v -0.569155 -0.478826 -0.465630
v -0.580670 -0.689880 -0.440433
v -0.545766 -0.938716 0.360689
v -0.589480 -0.955060 0.264820
v -0.538157 -0.339516 0.041187
v -0.546450 -0.807362 0.364426
v -0.523075 -0.692724 0.335009
v -0.544353 -0.830184 0.365236
v -0.556121 -0.601524 0.246221
v -0.512146 -0.690613 0.361386
v -0.534964 -0.934149 0.334765
v -0.530960 -0.324837 0.107222
v -0.522123 -0.933994 0.356642
v -0.544530 -0.670399 -0.500283
v -0.470232 -0.951243 -0.412244
v -0.518958 -0.292640 -0.325713
v -0.542452 -0.247414 -0.042219
v -0.528061 -0.350297 -0.409497
v -0.514455 -0.806155 0.399385
v -0.499940 -0.637550 -0.460462
v -0.532350 -0.210499 -0.208757
v -0.525914 -0.201330 -0.129667
v -0.512452 -0.227908 0.005997
v -0.473860 -0.916197 -0.451033
v -0.498982 -0.359165 0.125091
v -0.498807 -0.656799 0.369299
v -0.465472 -0.467949 -0.467581
v -0.428044 -0.601045 0.317645
v -0.473955 -0.770690 -0.513118
v -0.502335 -0.728446 -0.512585
v -0.470231 -0.581351 -0.481756
v -0.494441 -0.232105 -0.279473
v -0.436898 -0.601172 0.326960
v -0.532417 -0.736388 0.362703
v -0.480334 -0.425474 -0.467282
v -0.490837 -0.697604 -0.472626
v -0.498708 -0.356509 0.082880
v -0.502100 -0.422529 -0.439081
v -0.475915 -0.378135 -0.401432
v -0.456230 -0.786680 0.427130
v -0.466425 -0.704888 0.364555
v -0.507699 -0.949280 0.270122
v -0.492223 -0.794560 0.397083
v -0.481067 -0.752980 0.407510
v -0.468795 -0.199944 -0.184430
v -0.487860 -0.906057 0.402561
v -0.457201 -0.278666 -0.337319
v -0.455683 -0.609329 0.370585
v -0.493120 -0.928671 0.322897
v -0.499198 -0.772968 0.366446
v -0.472359 -0.618167 0.296979
v -0.482137 -0.902773 0.375957
v -0.457276 -0.348334 0.195405
v -0.488999 -0.951593 0.313409
v -0.381641 -0.484497 0.300018
v -0.437990 -0.766220 -0.510076
v -0.496275 -0.375665 -0.430339
v -0.483364 -0.226284 0.041789
v -0.450655 -0.886532 0.410390
v -0.398078 -0.483460 0.244400
v -0.404010 -0.483982 0.279020
v -0.495612 -0.790985 -0.475016
v -0.470577 -0.206124 -0.070939
v -0.461168 -0.305086 0.135587
v -0.475737 -0.229219 -0.249961
v -0.469720 -0.369406 0.111275
v -0.460751 -0.759896 0.429162
v -0.449499 -0.721257 0.382460
v -0.402132 -0.478721 0.263463
v -0.448506 -0.885651 0.373097
v -0.458318 -0.762504 0.417054
v -0.425857 -0.396787 0.201544
v -0.451804 -0.695572 -0.452353
v -0.456859 -0.247624 0.042587
v -0.457294 -0.222143 -0.273820
v -0.439464 -0.199483 -0.209308
v -0.406114 -0.600473 0.360642
v -0.458854 -0.250107 -0.291282
v -0.451416 -0.801923 -0.488470
v -0.447156 -0.270748 0.123551
v -0.459237 -0.900622 0.358918
v -0.423384 -0.768730 -0.470937
v -0.419130 -0.825245 -0.508505
v -0.416204 -0.846742 0.451455
v -0.405490 -0.811626 -0.517097
v -0.454871 -0.951726 0.336069
v -0.402552 -0.360645 -0.398324
v -0.448786 -0.950870 0.377371
v -0.380547 -0.539025 0.302763
v -0.438912 -0.868008 0.400612
v -0.406186 -0.662582 0.377214
v -0.393913 -0.515623 -0.514981
v -0.442516 -0.380079 0.134282
v -0.414818 -0.291294 -0.353811
v -0.419188 -0.165065 -0.068821
v -0.398435 -0.704903 0.446172
v -0.413568 -0.392718 0.159595
v -0.371895 -0.210198 -0.284893
v -0.387663 -0.268737 -0.367352
v -0.418676 -0.285851 0.106732
v -0.412175 -0.629738 0.390790
v -0.408199 -0.448676 -0.452408
v -0.419581 -0.527094 -0.484978
v -0.337903 -0.353047 0.251798
v -0.428928 0.242372 -0.004544
v -0.418579 0.289914 -0.042676
v -0.426877 0.282887 -0.000980
v -0.421861 0.263131 -0.053845
v -0.425458 0.225345 -0.030620
v -0.415557 -0.846218 0.417467
v -0.385663 -0.347742 -0.405751
v -0.414457 -0.950054 0.385252
v -0.424264 0.365472 0.125790
v -0.418271 0.406995 0.088952
v -0.417011 0.415463 0.108355
v -0.419279 0.387021 0.022557
v -0.350390 -0.382330 0.257979
v -0.415691 0.331647 0.057248
v -0.374094 -0.643080 -0.500852
v -0.422563 0.332565 0.003173
v -0.416130 0.369755 -0.018090
v -0.380889 -0.148322 -0.216580
v -0.404883 0.373788 0.005181
v -0.390544 -0.307007 0.152461
v -0.407916 0.394677 0.048726
v -0.408053 0.336142 -0.050988
v -0.326201 -0.563387 0.339258
v -0.396621 0.296224 -0.067100
v -0.415922 0.269072 0.021823
v -0.393554 0.415855 0.148802
v -0.414057 0.230335 0.043919
v -0.411226 -0.742596 -0.449869
v -0.408867 0.207813 -0.035839
v -0.409018 -0.953001 0.439382
v -0.399527 0.321402 0.116026
v -0.395383 0.301611 0.022814
v -0.405405 -0.902048 0.440234
v -0.419570 -0.466787 -0.494716
v -0.410994 0.237265 0.006378
v -0.412692 0.344192 0.075639
v -0.413943 0.367452 0.146595
v -0.402490 0.369592 -0.040989
v -0.374315 -0.582908 0.329380
v -0.404950 0.378556 0.072186
v -0.409903 0.307358 -0.014478
v -0.387304 0.260889 0.100027
v -0.393864 -0.832034 0.433924
v -0.383814 -0.405902 0.183773
v -0.396647 0.341527 0.159239
v -0.400211 0.218927 0.012199
v -0.405992 0.498092 0.055356
v -0.400518 0.275130 -0.071242
v -0.408691 -0.721596 0.427857
v -0.394593 0.384764 0.171619
v -0.409154 0.251427 -0.090176
v -0.400237 0.304215 0.041970
v -0.404841 0.284663 0.066429
v -0.352958 -0.698160 -0.473356
v -0.405279 0.472682 0.078536
v -0.393716 0.329727 -0.115008
v -0.387969 -0.229057 0.065250
v -0.357270 -0.148938 -0.080284
v -0.403747 0.480365 0.009633
v -0.393796 0.422461 0.026075
v -0.401558 0.505924 0.002109
v -0.389885 0.550739 0.139516
v -0.396027 0.354698 -0.092187
v -0.376064 0.390165 0.007251
v -0.396291 0.331341 0.069165
v -0.389843 0.234952 -0.061112
v -0.394511 0.300952 -0.092940
v -0.386226 0.260428 -0.137904
v -0.396072 0.432628 -0.000760
v -0.403632 0.409101 0.193795
v -0.377764 0.404549 0.070236
v -0.366613 -0.802021 0.479474
v -0.395809 0.468114 -0.039802
v -0.354476 -0.947260 -0.461799
v -0.396448 0.211728 0.057640
v -0.368902 0.199158 0.025960
v -0.370844 -0.302896 0.173323
v -0.393388 0.449253 0.103386
v -0.378424 -0.175757 -0.022744
v -0.392584 -0.872142 0.438022
v -0.332466 -0.589772 0.392816
v -0.393669 0.531130 0.065968
v -0.379572 0.310172 -0.120484
v -0.392070 0.434514 -0.033460
v -0.386467 0.435852 0.156572
v -0.384535 0.470690 -0.062457
v -0.373271 0.452313 0.208972
v -0.371400 0.386794 0.231278
v -0.382175 0.366338 -0.051599
v -0.387308 -0.828308 0.449229
v -0.392222 0.297269 0.109125
v -0.391754 0.275924 0.079515
v -0.388946 0.506107 0.153177
v -0.386901 0.241026 0.076353
v -0.320339 -0.447617 0.277522
v -0.371553 0.317807 0.092611
v -0.382073 0.358606 0.161381
v -0.381951 0.520321 0.025325
v -0.390890 0.523022 0.040046
v -0.385959 0.470321 0.151438
v -0.377662 0.422989 0.233039
v -0.381997 0.197581 -0.036578
v -0.374108 0.369384 0.204737
v -0.379186 -0.882315 -0.495900
v -0.382933 0.605144 0.022073
v -0.374951 -0.852177 -0.531349
v -0.373948 0.570395 0.181723
v -0.339931 -0.658128 0.425694
v -0.351599 -0.341986 -0.405950
v -0.380199 0.477266 -0.079949
v -0.379382 0.604748 -0.000359
v -0.311329 -0.618279 -0.504008
v -0.386005 0.445977 -0.069414
v -0.372304 0.352375 -0.114021
v -0.377049 0.430254 0.102663
v -0.385506 0.580348 0.104924
v -0.374750 0.599481 0.046737
v -0.385416 0.542727 0.096940
v -0.375151 0.508868 -0.012158
v -0.381819 0.430288 0.066523
v -0.380586 0.218073 -0.092726
v -0.370330 0.391787 -0.021724
v -0.380342 0.217268 0.100113
v -0.366384 0.189568 0.075687
v -0.366348 -0.810235 0.466767
v -0.378345 0.314746 0.114293
v -0.359729 0.234482 -0.127357
v -0.378010 0.195142 -0.122952
v -0.377730 0.347969 0.203769
v -0.371107 0.539629 0.204328
v -0.377453 0.139098 -0.046886
v -0.377060 0.166533 -0.106231
v -0.368692 0.497285 -0.044649
v -0.347477 -0.663484 0.442113
v -0.379000 0.580950 0.087943
v -0.362158 0.377750 -0.079749
v -0.374986 0.560085 0.122627
v -0.374542 0.449603 0.178365
v -0.372237 0.200284 -0.066995
v -0.304119 -0.256677 -0.354353
v -0.363018 -0.948663 0.462374
v -0.362433 -0.396222 0.275709
v -0.381377 0.574795 -0.021674
v -0.366130 -0.323557 0.193695
v -0.363727 0.575768 0.162402
v -0.366616 0.164453 -0.080752
v -0.376873 0.603444 0.147105
v -0.378480 0.175157 0.023135
v -0.365533 0.251609 0.126550
v -0.374760 0.192799 0.001120
v -0.318921 -0.271087 -0.379760
v -0.318957 -0.555952 0.354369
v -0.363261 0.412405 -0.099007
v -0.366728 0.664611 0.104697
v -0.359186 -0.418489 0.206169
v -0.353575 0.591095 -0.085850
v -0.366738 0.161804 0.053656
v -0.362224 0.316272 0.137018
v -0.364128 0.635424 0.127597
v -0.366135 0.153396 -0.015826
v -0.362319 0.672135 -0.037754
v -0.366754 0.654566 0.089453
v -0.368475 0.327040 0.181037
v -0.376185 0.411695 -0.054510
v -0.362115 0.372295 -0.040086
v -0.372205 0.458094 0.135546
v -0.355815 0.574004 0.224035
v -0.353292 0.286740 -0.146352
v -0.374098 0.587315 -0.001640
v -0.370021 0.664120 0.035587
v -0.364629 -0.858832 0.492997
v -0.368902 0.370815 -0.086427
v -0.354589 0.118351 0.004489
v -0.309469 -0.433859 -0.439975
v -0.357146 0.435405 -0.115218
v -0.371697 0.492145 0.195024
v -0.364997 -0.237316 -0.016965
v -0.369051 0.535290 -0.059043
v -0.333158 -0.817500 -0.459721
v -0.349975 0.344174 0.224982
v -0.355487 -0.174847 -0.280839
v -0.357093 0.644827 0.073834
v -0.345883 -0.483225 -0.469481
v -0.360048 0.438656 0.157994
v -0.262787 -0.540672 0.342895
v -0.336780 -0.580267 -0.504634
v -0.371781 -0.198959 -0.132703
v -0.355125 0.136012 0.048071
v -0.365511 0.541205 -0.025619
v -0.343633 0.144994 -0.077544
v -0.353995 -0.256792 0.048090
v -0.344318 0.109725 -0.045468
v -0.353171 0.480162 -0.093476
v -0.353952 0.620721 0.170920
v -0.361572 0.217038 0.105409
v -0.363471 0.444938 0.225163
v -0.361303 -0.221750 -0.161243
v -0.336964 0.366945 0.224000
v -0.352259 0.394478 -0.117441
v -0.359384 0.695099 0.001613
v -0.319088 -0.758018 0.489925
v -0.346931 0.246660 0.118517
v -0.328588 -0.568823 0.381324
v -0.350846 0.515526 0.232635
v -0.349939 0.303605 0.159973
v -0.356610 0.669859 0.133467
v -0.343622 0.309192 0.169050
v -0.346505 0.637741 -0.095074
v -0.350930 0.680505 0.103934
v -0.354128 0.711837 0.047614
v -0.354402 0.425909 0.238992
v -0.341848 0.462906 0.212229
v -0.357282 0.572056 -0.109122
v -0.336258 -0.343755 0.228777
v -0.340337 -0.140746 -0.117795
v -0.356464 0.545621 -0.102250
v -0.357813 0.175928 0.069294
v -0.351490 0.539097 0.231832
v -0.340387 0.312578 0.199019
v -0.344060 0.122987 -0.009607
v -0.339252 0.435527 -0.154010
v -0.337335 0.654854 -0.070515
v -0.356900 0.621144 0.187107
v -0.359031 0.201864 -0.161094
v -0.342049 -0.140982 -0.192270
v -0.352629 0.672772 -0.004943
v -0.352628 0.682531 0.150999
v -0.353349 0.183218 -0.136306
v -0.336269 0.592225 0.248090
v -0.354170 -0.217604 -0.023666
v -0.354954 0.461345 0.179857
v -0.344686 0.594616 0.205412
v -0.320239 -0.311460 0.206429
v -0.330280 -0.434465 0.232473
v -0.349299 -0.195287 -0.084349
v -0.362580 0.655067 -0.043766
v -0.351538 0.695258 0.026403
v -0.351973 0.188583 0.125274
v -0.353288 0.330823 0.138052
v -0.353105 0.375327 -0.067349
v -0.357257 -0.241818 0.011962
v -0.335499 0.352082 -0.102987
v -0.344983 -0.191470 -0.164858
v -0.346871 0.464939 0.260063
v -0.353460 0.488495 0.189751
v -0.352602 -0.272752 0.049029
v -0.344745 -0.791762 0.467198
v -0.339654 0.543418 -0.119009
v -0.350738 -0.199484 -0.058890
v -0.296558 -0.157030 -0.312987
v -0.345131 0.670646 0.169992
v -0.345633 -0.856658 0.497330
v -0.342407 0.478651 0.244291
v -0.324883 0.153427 -0.118162
v -0.350712 0.333823 -0.124373
v -0.315561 -0.875003 -0.514421
v -0.343757 0.172028 0.115959
v -0.344215 -0.951683 0.493937
v -0.329039 0.128573 0.063966
v -0.340991 0.599474 -0.133868
v -0.353850 0.287377 -0.167032
v -0.355960 0.218109 0.131672
v -0.333675 0.742157 0.015462
v -0.290492 -0.598726 0.395940
v -0.335496 0.239916 -0.177605
v -0.279713 -0.427482 0.318314
v -0.341894 0.195122 -0.183284
v -0.345288 0.317326 -0.151883
v -0.338877 0.705548 0.080378
v -0.337364 0.345829 -0.153071
v -0.334763 0.620594 -0.108687
v -0.331246 0.695546 -0.043806
v -0.345243 -0.283320 0.077121
v -0.313493 -0.400331 -0.440705
v -0.339679 0.728076 0.094675
v -0.315020 -0.176783 -0.070278
v -0.326870 0.568065 -0.144962
v -0.335330 -0.226119 -0.320336
v -0.328777 0.169119 0.068780
v -0.332855 0.520731 0.236819
v -0.329312 0.420091 -0.150708
v -0.336230 0.695696 0.176098
v -0.320417 0.616169 0.238801
v -0.335091 0.517022 -0.132331
v -0.313943 -0.137175 -0.188675
v -0.335179 0.469740 -0.104993
v -0.343381 -0.182228 -0.124508
v -0.336661 -0.622256 0.385549
v -0.353776 -0.644297 0.418491
v -0.324123 0.404598 0.313864
v -0.338774 0.391098 0.244358
v -0.286521 -0.675248 -0.532863
v -0.306949 0.744429 -0.070615
v -0.316932 0.691456 -0.105293
v -0.307781 -0.316717 -0.428772
v -0.320649 0.163799 -0.162445
v -0.304726 0.330297 0.202565
v -0.320719 0.605635 0.282619
v -0.263946 -0.637948 0.432832
v -0.323043 0.575696 0.285422
v -0.328479 0.318810 0.153710
v -0.313528 0.137503 -0.097457
v -0.328221 0.404046 0.233911
v -0.317840 0.373671 -0.158131
v -0.333847 0.274142 -0.193902
v -0.317037 0.755904 -0.006733
v -0.325783 0.327046 -0.172469
v -0.330652 0.689012 0.200102
v -0.332948 -0.296863 0.111734
v -0.315997 0.352285 0.226125
v -0.325937 0.359006 -0.135569
v -0.323090 0.254020 0.142848
v -0.327853 0.182726 0.122676
v -0.322337 0.461685 0.305588
v -0.332210 0.469273 0.232184
v -0.316662 -0.157029 -0.191172
v -0.317946 0.132567 -0.067260
v -0.335588 0.378067 0.255661
v -0.316938 0.732502 -0.011793
v -0.316835 0.434904 -0.169501
v -0.289598 0.646391 0.307543
v -0.339734 0.714179 0.143663
v -0.288479 -0.903412 0.530231
v -0.322576 0.551356 0.272680
v -0.314435 -0.204931 -0.014803
v -0.310543 0.266781 0.168364
v -0.328277 -0.300565 0.134572
v -0.324661 0.461654 -0.143633
v -0.293516 -0.750114 0.475112
v -0.297532 -0.262200 0.091411
v -0.324423 0.210076 -0.192810
v -0.305711 0.759301 0.184047
v -0.328738 -0.329072 0.121007
v -0.313148 0.618610 -0.157330
v -0.272709 -0.312631 -0.411318
v -0.250006 -0.548248 0.375623
v -0.303543 0.319302 0.176737
v -0.312465 0.261627 -0.193422
v -0.301989 0.787302 0.050069
v -0.302007 0.555220 -0.173542
v -0.317361 0.731227 0.172283
v -0.320416 0.279157 0.172525
v -0.329383 0.125527 -0.124470
v -0.308597 0.688378 -0.110753
v -0.325452 -0.194366 -0.194026
v -0.208664 -0.552556 0.408085
v -0.307211 0.744213 0.138719
v -0.280524 -0.137200 -0.060320
v -0.319824 0.764871 0.089738
v -0.296404 0.728468 -0.106249
v -0.320517 0.158858 0.111494
v -0.292726 0.444771 -0.181450
v -0.296044 -0.626801 0.433243
v -0.315064 0.679986 0.212060
v -0.277524 0.552753 -0.199200
v -0.319268 0.654193 0.232929
v -0.310097 0.114138 -0.164677
v -0.312660 0.101357 0.005445
v -0.289088 0.734463 -0.085658
v -0.315729 -0.321316 0.136235
v -0.315274 0.239852 -0.212112
v -0.271030 -0.523240 -0.477053
v -0.289065 -0.601516 -0.501038
v -0.311883 0.292689 -0.195667
v -0.309283 0.098950 -0.121881
v -0.310457 0.469886 0.348519
v -0.305410 0.406114 0.321123
v -0.313303 -0.212257 -0.227258
v -0.242713 -0.950424 -0.465225
v -0.296904 0.681117 -0.136005
v -0.305115 0.190390 -0.210720
v -0.308388 0.104037 -0.031034
v -0.313697 0.466578 0.262536
v -0.290561 -0.285735 0.096150
v -0.313581 0.552086 0.274983
v -0.255430 -0.882522 -0.444418
v -0.302199 0.180207 -0.177147
v -0.339614 -0.527177 -0.524074
v -0.270009 -0.393488 -0.447844
v -0.272976 -0.188728 0.030859
v -0.294773 0.220783 0.161282
v -0.308011 0.141208 0.072343
v -0.290515 -0.454051 0.263723
v -0.238807 -0.470110 0.332177
v -0.275402 -0.145400 -0.013866
v -0.297829 0.174972 0.146667
v -0.310684 0.086127 -0.064699
v -0.274332 -0.593652 0.412807
v -0.303991 0.509052 -0.156622
v -0.298363 0.492920 -0.171844
v -0.296679 0.149595 -0.192905
v -0.317817 0.406970 0.286107
v -0.313850 -0.885371 -0.497597
v -0.288789 0.338635 -0.167232
v -0.294693 -0.841777 0.518998
v -0.276321 0.640611 0.323783
v -0.305344 0.350767 0.245301
v -0.295437 -0.148462 -0.219776
v -0.312886 0.477751 0.305043
v -0.302711 -0.344975 0.161660
v -0.297020 0.713636 0.231825
v -0.311858 -0.168425 -0.133855
v -0.316692 0.752114 0.043933
v -0.297006 -0.185092 -0.220486
v -0.291038 0.275145 0.148311
v -0.276898 -0.187785 -0.363750
v -0.300540 0.590709 0.310945
v -0.297764 0.638411 0.279500
v -0.287311 0.773003 -0.060222
v -0.304754 0.490337 0.283916
v -0.277697 0.372407 0.319656
v -0.295081 0.075936 0.003396
v -0.273866 -0.285889 -0.379840
v -0.292729 0.361500 0.210863
v -0.304122 0.464674 0.312133
v -0.298725 0.777546 0.104223
v -0.300316 0.327190 -0.169819
v -0.268032 -0.656471 -0.503916
v -0.294591 0.752028 0.201278
v -0.289021 0.691772 0.253281
v -0.294663 0.642478 -0.150334
v -0.291025 0.139166 0.099550
v -0.300783 -0.132203 -0.236810
v -0.292673 0.143054 0.070716
v -0.289652 -0.223571 0.034668
v -0.266843 -0.383454 0.275451
v -0.263761 -0.585542 -0.539204
v -0.296633 0.084238 -0.024748
v -0.289463 0.119498 0.026871
v -0.291249 0.694465 0.265628
v -0.281413 0.096409 -0.165632
v -0.224324 -0.689489 0.465232
v -0.282417 0.213943 0.143079
v -0.283099 0.365234 -0.194629
v -0.274310 -0.158877 -0.176468
v -0.241195 -0.103123 -0.126621
v -0.261865 -0.359119 0.218037
v -0.299023 0.312988 -0.213642
v -0.299490 0.261906 -0.215233
v -0.285685 0.500596 0.352112
v -0.296215 0.282693 -0.229397
v -0.293734 -0.499065 0.336096
v -0.294413 0.225352 -0.238640
v -0.290353 0.445812 -0.160225
v -0.248033 -0.375138 0.278419
v -0.301403 0.378161 -0.173793
v -0.290325 0.517911 0.335874
v -0.299348 0.326894 0.238410
v -0.275363 0.781226 -0.037990
v -0.246822 -0.716175 -0.535744
v -0.260071 -0.606610 -0.532046
v -0.284352 0.799211 0.069042
v -0.292865 0.306953 0.220243
v -0.277897 0.622662 -0.184128
v -0.284364 0.426729 0.358649
v -0.292625 0.337715 0.191274
v -0.273846 0.173568 -0.196991
v -0.278672 0.428683 -0.194930
v -0.292996 0.285222 0.171948
v -0.295830 0.792973 0.120389
v -0.269103 -0.951453 0.527190
v -0.253047 -0.912894 -0.479185
v -0.271954 0.798742 0.145774
v -0.281567 0.399519 -0.194964
v -0.241025 -0.711778 0.458543
v -0.270625 0.802134 -0.030357
v -0.266340 0.487554 0.361632
v -0.261822 0.205766 0.154844
v -0.274900 0.153714 0.084041
v -0.272789 0.479119 0.383046
v -0.267714 -0.804502 -0.445065
v -0.279441 0.276062 0.185171
v -0.274653 -0.609078 0.413575
v -0.246952 -0.329039 -0.439612
v -0.262571 0.482866 -0.194897
v -0.274295 0.090223 -0.132157
v -0.296713 0.113191 -0.101424
v -0.274871 -0.232115 -0.377663
v -0.283830 0.061136 -0.069272
v -0.269400 0.765437 0.224286
v -0.268655 0.406247 -0.215521
v -0.255715 -0.205541 0.067281
v -0.270354 0.257832 0.237881
v -0.275404 -0.130319 -0.040787
v -0.265533 0.364585 0.303999
v -0.271727 -0.360991 0.196806
v -0.274218 0.322320 -0.224166
v -0.277337 0.092840 0.043753
v -0.283302 0.500254 0.304253
v -0.254414 0.834063 0.097096
v -0.278933 0.258514 0.166082
v -0.235890 0.835346 0.014059
v -0.268911 0.606034 0.339627
v -0.261711 0.069839 0.009793
v -0.280118 0.370468 0.235177
v -0.268668 0.229760 -0.246190
v -0.259296 0.304787 -0.242962
v -0.226713 -0.487664 -0.464645
v -0.279135 0.332407 0.231852
v -0.216996 -0.532730 0.386184
v -0.251732 0.778049 -0.088249
v -0.280589 -0.168987 -0.010375
v -0.275915 -0.736962 0.458937
v -0.266852 0.741980 -0.124856
v -0.273506 0.520761 0.327980
v -0.243027 -0.624361 -0.500722
v -0.268685 0.724701 -0.135455
v -0.273145 0.733881 0.275494
v -0.272734 0.367382 0.265399
v -0.251509 0.260125 -0.240164
v -0.236544 -0.370408 0.248976
v -0.264766 -0.297390 0.127288
v -0.240626 -0.338964 -0.459916
v -0.278597 0.649355 0.289373
v -0.262509 -0.820896 0.508298
v -0.261255 0.600835 -0.188570
v -0.280203 0.338143 0.263273
v -0.249550 0.188402 0.141704
v -0.272629 -0.155502 0.005010
v -0.227493 -0.409300 0.314333
v -0.267906 -0.149290 -0.270746
v -0.248468 -0.224939 0.070952
v -0.261624 0.328541 0.198438
v -0.251489 0.102248 0.075845
v -0.261589 0.438168 -0.187388
v -0.268301 0.421495 0.345007
v -0.278416 0.404891 0.351362
v -0.265004 0.074710 -0.017245
v -0.247471 0.266053 0.253644
v -0.259393 0.156022 0.109440
v -0.246147 0.821185 0.003771
v -0.260762 0.330473 -0.192559
v -0.263219 0.135064 -0.198432
v -0.267420 0.077293 -0.090069
v -0.241065 0.689152 -0.174971
v -0.265367 -0.116904 -0.103794
v -0.244657 0.829436 0.074643
v -0.245432 -0.221078 0.088383
v -0.265750 0.058734 -0.100909
v -0.257450 -0.134483 -0.245255
v -0.248657 0.529546 0.380062
v -0.257264 0.081013 0.042326
v -0.199785 -0.588302 0.406348
v -0.266151 -0.200451 0.037003
v -0.268797 -0.184653 -0.234624
v -0.250026 -0.474224 0.293784
v -0.243898 0.751979 -0.110668
v -0.252508 0.406522 0.384350
v -0.237551 0.833692 -0.025635
v -0.257237 0.098211 -0.158336
v -0.269941 -0.168200 0.026611
v -0.271536 -0.119062 -0.064244
v -0.262091 0.696302 0.284063
v -0.255789 0.255680 0.149567
v -0.251729 0.669493 0.314740
v -0.255142 -0.951773 0.518768
v -0.252889 -0.056106 -0.019315
v -0.261892 0.062208 -0.145950
v -0.256015 -0.146491 -0.322890
v -0.245516 -0.309392 0.155146
v -0.264550 0.151995 -0.225748
v -0.201535 -0.588359 -0.537839
v -0.251473 0.831265 0.027280
v -0.241913 -0.361261 -0.468728
v -0.241302 0.288297 0.198815
v -0.269127 0.788285 0.191459
v -0.261526 0.523828 0.326949
v -0.247057 0.248812 0.254201
v -0.261223 0.532329 -0.200532
v -0.258735 0.436683 0.385936
v -0.259053 -0.058752 -0.002700
v -0.260626 -0.107908 -0.085177
v -0.254103 0.497102 0.398363
v -0.238140 0.536069 0.359662
v -0.253677 -0.071877 0.024728
v -0.240787 -0.594615 0.422772
v -0.261710 -0.183501 0.049114
v -0.265279 -0.147415 -0.224944
v -0.254060 0.833777 0.122638
v -0.248993 0.249439 0.188686
v -0.236816 0.511095 -0.212393
v -0.219678 -0.668149 -0.481190
v -0.261126 0.192820 -0.226981
v -0.234777 0.276129 0.189814
v -0.257187 -0.388046 0.207745
v -0.234440 0.418482 -0.214119
v -0.215896 0.356201 0.374325
v -0.236731 0.810096 0.237882
v -0.218643 -0.441590 0.338670
v -0.255838 0.193699 -0.257067
v -0.249451 0.316970 0.264173
v -0.253446 -0.063439 -0.046639
v -0.252505 0.555869 0.354729
v -0.246559 0.403580 0.365896
v -0.222312 0.106586 -0.209646
v -0.250592 0.348007 -0.213600
v -0.260289 0.284554 0.236370
v -0.234337 0.324447 -0.206455
v -0.258721 -0.164842 0.028827
v -0.244238 0.399330 -0.220813
v -0.199545 -0.173211 -0.368033
v -0.241724 0.243216 -0.275222
v -0.239453 0.847764 0.036549
v -0.209991 -0.782346 -0.461213
v -0.217888 -0.245983 0.117893
v -0.251233 -0.100573 -0.104121
v -0.223449 -0.135886 -0.282150
v -0.256273 0.787346 0.229039
v -0.225752 0.679726 0.365877
v -0.230008 -0.339889 -0.429773
v -0.247399 0.739994 0.278298
v -0.249022 -0.070269 0.006209
v -0.248485 0.166152 0.099876
v -0.239752 -0.098324 0.065563
v -0.243872 0.455503 0.397892
v -0.243203 0.152873 -0.251924
v -0.210444 0.710384 0.364848
v -0.245089 -0.381540 0.219404
v -0.247331 0.173669 -0.239668
v -0.238374 0.416339 -0.192239
v -0.248951 0.719410 0.310025
v -0.248320 0.829145 0.141315
v -0.249573 -0.186335 -0.241116
v -0.229513 0.710735 -0.161571
v -0.253221 -0.029662 0.014157
v -0.223093 0.795579 0.257078
v -0.249497 -0.077559 0.045225
v -0.252322 -0.044337 -0.049318
v -0.226019 0.821338 0.192193
v -0.248063 -0.194552 0.073949
v -0.246969 -0.880601 0.529968
v -0.234293 0.268776 -0.256744
v -0.235040 0.077403 0.005918
v -0.232231 0.378602 0.274733
v -0.235988 0.821712 -0.049024
v -0.228892 0.128461 -0.246834
v -0.246537 0.328933 -0.219219
v -0.236826 0.049347 -0.154998
v -0.224155 0.797533 -0.097099
v -0.222537 0.810551 -0.067774
v -0.243649 0.278593 0.266746
v -0.220532 -0.854499 -0.426522
v -0.222764 0.738934 -0.155537
v -0.238129 -0.105341 -0.140955
v -0.239639 -0.006757 -0.058903
v -0.236210 0.562947 0.389466
v -0.216648 -0.310788 -0.405112
v -0.227698 0.069825 -0.058247
v -0.223493 0.697942 0.339912
v -0.226624 -0.165374 -0.310988
v -0.230598 0.591673 -0.204613
v -0.227872 0.204860 -0.281780
v -0.216368 -0.160430 -0.334665
v -0.208376 0.372993 0.276920
v -0.234008 0.064532 -0.025624
v -0.203160 -0.329855 -0.432172
v -0.233706 0.497359 0.414783
v -0.223094 0.344185 0.360637
v -0.238708 0.217581 0.138922
v -0.215480 -0.090786 0.137341
v -0.236823 -0.168130 -0.239733
v -0.193341 -0.290338 -0.418827
v -0.226317 -0.326589 0.152570
v -0.220541 0.581983 0.384943
v -0.234520 -0.096531 0.091602
v -0.237817 0.121841 -0.167753
v -0.213673 0.378734 0.398131
v -0.230442 0.340970 -0.235332
v -0.239926 0.839956 0.158591
v -0.213617 0.834216 0.232628
v -0.236987 -0.046246 0.071224
v -0.239457 0.286664 -0.247710
v -0.241504 0.307944 0.240594
v -0.207849 0.754522 -0.127332
v -0.236240 -0.352774 0.181531
v -0.232156 -0.043878 -0.077416
v -0.223999 0.310958 -0.237424
v -0.231873 0.212187 0.197201
v -0.202340 0.600371 0.397922
v -0.207333 0.869809 0.076122
v -0.235742 -0.199999 0.086175
v -0.236436 -0.015199 -0.004083
v -0.194606 0.197065 0.264556
v -0.238413 0.222535 0.177408
v -0.213302 0.046314 -0.085666
v -0.228626 -0.032919 -0.099162
v -0.220335 0.286045 -0.276230
v -0.220350 0.860565 0.120692
v -0.213913 0.858974 0.106655
v -0.210966 -0.571561 0.405875
v -0.170380 -0.569050 -0.506638
v -0.231347 0.095655 0.044046
v -0.220946 -0.039371 0.056472
v -0.210181 0.342606 0.352414
v -0.188863 -0.428207 0.318610
v -0.210488 0.743218 0.328154
v -0.225335 0.477083 -0.221764
v -0.210243 0.364706 0.395715
v -0.221868 -0.224414 0.115742
v -0.229394 0.182290 0.168831
v -0.223611 0.357366 -0.228064
v -0.227291 0.138901 0.087547
v -0.205288 0.258718 0.221046
v -0.214598 0.225669 0.206372
v -0.212972 -0.489687 0.320077
v -0.221682 -0.951790 0.510244
v -0.225988 -0.000698 -0.056793
v -0.232680 0.433884 -0.194682
v -0.171002 -0.508592 0.356008
v -0.221671 -0.113021 0.111424
v -0.221172 0.571552 -0.232527
v -0.214576 0.790055 0.292923
v -0.206645 0.527580 -0.247431
v -0.220045 0.507111 -0.239452
v -0.209662 0.393286 0.379729
v -0.220488 0.730432 0.312215
v -0.223235 0.848498 0.057549
v -0.202893 -0.108431 -0.169121
v -0.216471 0.450371 0.428197
v -0.216483 0.528712 0.413038
v -0.219034 0.308684 -0.263617
v -0.216726 -0.315403 0.166850
v -0.208818 -0.167000 0.123478
v -0.221089 0.137226 0.143442
v -0.219491 -0.110349 0.097112
v -0.227297 0.652013 -0.184630
v -0.199102 0.833477 -0.067106
v -0.197595 0.877675 0.123241
v -0.177357 -0.949188 -0.451131
v -0.191637 0.867056 0.021650
v -0.208607 -0.097251 -0.160624
v -0.187785 0.864986 -0.012052
v -0.223775 -0.402706 0.227075
v -0.204395 0.004612 -0.113542
v -0.195526 -0.730641 -0.531820
v -0.192910 0.289845 -0.290229
v -0.217384 0.625746 -0.228806
v -0.209464 0.821211 0.245342
v -0.199263 0.281753 0.263364
v -0.198394 -0.488652 0.337422
v -0.207544 0.345532 0.263541
v -0.219739 0.082336 -0.200082
v -0.210039 0.286351 0.289064
v -0.188962 0.711660 0.385889
v -0.216850 0.520318 0.395213
v -0.157206 -0.657041 -0.510271
v -0.202425 -0.911020 0.528327
v -0.199354 0.215003 -0.276981
v -0.223090 -0.095550 -0.144320
v -0.142321 -0.504374 0.337179
v -0.214094 0.855587 0.157966
v -0.212487 0.392898 -0.241592
v -0.204380 0.580604 -0.234541
v -0.165541 -0.461583 0.350410
v -0.204211 0.565203 0.428617
v -0.174489 -0.265421 -0.415124
v -0.210680 0.359261 0.286894
v -0.201939 -0.686330 0.433352
v -0.206235 0.202067 0.280553
v -0.198816 0.752814 -0.154939
v -0.155492 -0.774493 -0.525067
v -0.222101 0.085004 -0.171437
v -0.163634 -0.103494 -0.196906
v -0.203394 0.174196 -0.274047
v -0.186224 0.346623 0.311206
v -0.186819 0.592380 -0.262468
v -0.197111 0.412632 0.401383
v -0.149409 -0.234899 -0.424398
v -0.202856 0.261546 -0.273056
v -0.192880 -0.518251 0.342958
v -0.204193 0.841856 -0.026542
v -0.207372 0.705547 -0.178746
v -0.204595 0.668617 0.389000
v -0.175356 -0.561857 0.407310
v -0.112001 -0.151053 -0.287129
v -0.211661 0.390007 -0.216035
v -0.176776 -0.670146 0.435452
v -0.210944 0.662457 -0.206189
v -0.209759 -0.029541 -0.126228
v -0.200953 -0.064357 0.111622
v -0.206851 0.542295 0.423200
v -0.198095 0.414639 -0.231054
v -0.210488 -0.116647 0.131194
v -0.206951 0.183965 -0.262402
v -0.191686 0.508789 0.415917
v -0.188393 0.089708 -0.233074
v -0.195225 -0.033781 -0.137307
v -0.202343 0.493274 0.429208
v -0.205020 -0.262169 0.119247
v -0.174854 -0.524125 0.371832
v -0.201512 0.327456 -0.245055
v -0.201736 0.670763 -0.220004
v -0.196048 -0.236073 0.135082
v -0.189231 0.872816 0.048328
v -0.183161 0.065940 -0.191758
v -0.197831 0.567909 0.407829
v -0.175728 -0.730029 -0.476722
v -0.211682 0.203991 0.201578
v -0.191361 -0.169961 -0.255148
v -0.181154 0.127137 -0.242802
v -0.188616 0.008385 -0.106397
v -0.199499 0.052994 -0.146864
v -0.195824 -0.405424 0.244679
v -0.166454 0.810425 -0.100842
v -0.182035 -0.363212 -0.443335
v -0.188572 -0.180030 -0.333123
v -0.192500 0.402419 -0.267916
v -0.153173 -0.526817 -0.493965
v -0.195291 0.726606 0.349283
v -0.220854 0.395115 -0.224801
v -0.196620 -0.081304 0.147173
v -0.186392 0.733486 -0.162285
v -0.186398 0.797765 0.291470
v -0.169841 -0.846495 0.513229
v -0.199828 0.472571 -0.249250
v -0.189412 -0.156157 -0.322370
v -0.158220 0.482270 -0.275947
v -0.198534 0.248194 -0.294730
v -0.192139 -0.131173 0.150048
v -0.173512 0.794683 0.315268
v -0.204572 0.429996 0.406902
v -0.155272 0.505637 -0.265831
v -0.133619 -0.419993 -0.509504
v -0.189870 0.686718 -0.222127
v -0.195022 0.831258 0.274756
v -0.174927 0.818852 0.296856
v -0.147940 -0.908783 -0.411247
v -0.178558 0.040434 -0.185816
v -0.183783 0.874957 0.188946
v -0.113327 -0.190593 -0.387353
v -0.165441 0.343522 0.294684
v -0.192540 0.363179 0.318595
v -0.179992 0.326147 -0.281042
v -0.169500 0.800587 -0.123143
v -0.180787 0.056404 -0.121251
v -0.145893 0.014567 -0.160824
v -0.167648 0.588373 0.452931
v -0.166340 0.443300 0.458565
v -0.186058 0.725676 -0.183579
v -0.171888 0.884580 0.022510
v -0.182051 0.263067 0.302118
v -0.180457 0.856079 0.218469
v -0.173168 0.482001 0.455507
v -0.186542 -0.090701 -0.175442
v -0.189339 0.612489 0.404849
v -0.172618 0.549486 0.458716
v -0.177150 0.220870 0.250895
v -0.184449 -0.424495 0.250027
v -0.177389 0.194116 0.295144
v -0.167112 0.513913 0.441573
v -0.190876 0.430545 0.425551
v -0.177954 0.434036 -0.250675
v -0.177850 0.549485 -0.268722
v -0.179281 0.429549 -0.265172
v -0.180404 0.255194 -0.311028
v -0.174432 -0.084972 0.156652
v -0.173051 0.580380 0.425325
v -0.158752 0.462685 0.463429
v -0.149690 0.424168 -0.295535
v -0.123910 0.920114 0.109453
v -0.181320 0.200358 -0.284150
v -0.190177 -0.274076 0.141097
v -0.174552 0.131206 -0.276525
v -0.181162 -0.745028 0.472518
v -0.174363 0.623362 -0.249296
v -0.180929 0.861571 0.164417
v -0.165734 0.023874 -0.151480
v -0.154164 0.884142 0.217029
v -0.124037 -0.507757 0.376387
v -0.154041 0.214426 0.313749
v -0.171594 0.261387 0.280213
v -0.145647 -0.535468 0.385394
v -0.166959 0.415645 0.425190
v -0.176533 -0.404828 0.230974
v -0.170317 0.286870 -0.286273
v -0.183024 0.307151 0.310763
v -0.152052 0.504586 0.464575
v -0.140957 -0.829583 -0.431998
v -0.158816 0.374762 0.406263
v -0.142234 0.604931 -0.285195
v -0.163381 -0.284722 0.157432
v -0.136228 0.562324 -0.284316
v -0.168010 0.637285 0.419492
v -0.170713 -0.142149 0.170785
v -0.160457 0.537057 0.479328
v -0.165985 0.395385 0.427850
v -0.155293 0.434190 0.426348
v -0.161862 0.769176 -0.136412
v -0.174239 0.618886 0.404504
v -0.156084 0.846754 -0.062156
v -0.141797 -0.122171 0.206103
v -0.162515 0.790182 0.345812
v -0.175962 -0.023072 -0.153028
v -0.166281 0.168132 -0.303036
v -0.088720 -0.649388 -0.554321
v -0.165212 -0.341964 0.188666
v -0.179376 0.353152 0.383025
v -0.162189 0.432983 0.448363
v -0.162281 -0.267699 0.160166
v -0.101727 -0.820866 -0.507645
v -0.160166 0.762116 -0.164179
v -0.143310 0.888062 0.228052
v -0.166102 -0.087487 -0.185684
v -0.177232 0.707099 -0.209051
v -0.143364 0.836180 -0.092149
v -0.151512 0.359240 0.371390
v -0.167945 -0.951676 0.518122
v -0.149114 -0.086562 -0.198056
v -0.156509 0.090918 -0.229802
v -0.167356 -0.376597 0.225371
v -0.147080 0.792989 -0.125345
v -0.158743 -0.025330 -0.163915
v -0.071940 -0.318553 -0.447351
v -0.126190 -0.493194 0.360710
v -0.115880 0.895951 0.028620
v -0.146163 -0.342954 -0.427570
v -0.164992 -0.221025 0.157332
v -0.154739 0.665908 -0.252472
v -0.180816 -0.158622 -0.257483
v -0.154326 0.892448 0.090071
v -0.133362 -0.950139 0.496267
v -0.134469 0.272493 -0.308418
v -0.156453 0.204640 0.275201
v -0.145403 0.743726 0.406006
v -0.157218 0.852455 0.255062
v -0.113262 0.873036 -0.029674
v -0.140788 -0.640136 0.435461
v -0.171997 0.337808 -0.261355
v -0.143576 0.886743 0.202725
v -0.073557 -0.388421 -0.464948
v -0.136066 0.889907 -0.005000
v -0.151912 0.320969 -0.288601
v -0.146509 0.446232 -0.274755
v -0.157728 0.620972 0.429658
v -0.131980 0.014121 -0.138394
v -0.118628 -0.809353 0.491715
v -0.109666 -0.785546 -0.509934
v -0.144611 0.718805 0.417699
v -0.145063 -0.385690 -0.450789
v -0.107504 -0.781025 0.488578
v -0.164569 0.281233 0.323033
v -0.154248 -0.151632 0.168610
v -0.157282 0.729393 -0.217317
v -0.128345 -0.756011 -0.464073
v -0.142209 -0.195694 -0.354648
v -0.157400 0.308046 0.299314
v -0.151148 0.280700 0.309265
v -0.146565 -0.564264 0.385627
v -0.134901 0.913972 0.127884
v -0.159726 0.038773 -0.130185
v -0.133271 0.639536 -0.276229
v -0.144517 0.433193 -0.284923
v -0.155103 0.358919 -0.276785
v -0.115302 0.453081 -0.297015
v -0.116858 0.656535 -0.272510
v -0.133826 0.197941 -0.303192
v -0.131668 0.598314 0.453699
v -0.152585 0.748308 0.368362
v -0.145000 0.859180 0.273642
v -0.139851 0.563293 0.488161
v -0.153469 -0.286178 0.169225
v -0.140888 0.314991 0.371592
v -0.139261 0.476231 0.469546
v -0.137733 -0.016654 -0.175107
v -0.149336 -0.219336 0.168693
v -0.133481 -0.167056 -0.273355
v -0.107751 -0.485265 -0.505381
v -0.098887 -0.153178 -0.324742
v -0.145678 0.834660 0.289688
v -0.130603 -0.109524 0.198626
v -0.121780 0.617836 -0.281718
v -0.122630 0.014436 0.233757
v -0.173312 -0.415687 0.256495
v -0.102664 0.917314 0.045208
v -0.138040 0.621674 0.457473
v -0.130487 0.767097 0.396946
v -0.157125 -0.658491 0.408771
v -0.140235 -0.439017 0.268490
v -0.122868 0.089218 0.268276
v -0.143137 0.298092 -0.312394
v -0.127987 0.667177 0.435337
v -0.141662 0.139576 -0.294744
v -0.139632 -0.355888 0.223877
v -0.136552 0.374336 0.414503
v -0.140652 0.231018 -0.312553
v -0.078894 -0.564364 0.388833
v -0.133265 -0.177674 -0.336769
v -0.152124 0.784317 0.359664
v -0.144434 0.791859 -0.149842
v -0.110834 -0.777420 -0.469044
v -0.150895 -0.154498 0.184487
v -0.147746 0.338507 0.391762
v -0.121906 0.050031 -0.197914
v -0.127785 -0.635772 0.409982
v -0.121047 0.695480 -0.258355
v -0.139755 0.088881 -0.248658
v -0.125263 0.905580 0.149453
v -0.122781 0.042546 -0.147276
v -0.143039 0.652162 0.424982
v -0.117807 0.869008 -0.056083
v -0.136614 0.409584 -0.289757
v -0.116160 0.589193 0.487838
v -0.139588 0.332829 -0.266078
v -0.138139 0.822913 0.333485
v -0.119893 0.728010 -0.237617
v -0.145985 -0.452484 0.342891
v -0.133087 -0.302369 0.181820
v -0.118989 0.452101 0.464213
v -0.067633 -0.450719 0.334567
v -0.123543 0.779424 -0.191710
v -0.105207 0.462017 -0.285652
v -0.133476 0.516117 0.458910
v -0.107032 0.889594 0.250689
v -0.094565 0.567874 -0.300839
v -0.125321 0.304264 0.389710
v -0.159487 0.820893 0.314196
v -0.114248 0.123332 -0.262632
v -0.083023 -0.467609 0.349925
v -0.116198 0.427396 0.448309
v -0.112037 -0.934517 0.508192
v -0.132688 0.212403 -0.322870
v -0.117335 0.745452 -0.216898
v -0.102675 0.427989 0.429757
v -0.128884 -0.137545 -0.244607
v -0.124739 -0.084786 -0.206582
v -0.121510 0.149094 -0.291669
v -0.104344 0.797450 0.358144
v -0.128785 0.070359 -0.210712
v -0.089717 0.362808 -0.290580
v -0.122840 0.806470 -0.147153
v -0.086768 0.901769 -0.004574
v -0.136742 0.528830 -0.288980
v -0.123346 -0.504057 0.355043
v -0.086235 -0.670568 -0.520462
v -0.114116 0.862851 0.299507
v -0.106600 0.524531 0.505281
v -0.094540 -0.545299 0.374695
v -0.099854 -0.298464 0.197752
v -0.125308 0.639395 0.447232
v -0.115327 0.371255 0.410609
v -0.110190 0.836473 -0.079991
v -0.119781 -0.018213 -0.183326
v -0.080276 -0.407404 -0.495939
v -0.118740 0.265217 -0.328718
v -0.109601 0.786064 0.383071
v -0.113717 0.814264 0.356035
v -0.119026 -0.698095 0.447745
v -0.107858 -0.175439 0.195481
v -0.100684 0.909084 0.185011
v -0.123462 -0.279624 0.178586
v -0.115039 -0.094794 -0.218778
v -0.111457 0.083949 -0.254860
v -0.089562 0.622580 0.503413
v -0.075412 0.768096 0.430029
v -0.103432 0.225135 -0.336102
v -0.101790 0.891587 0.228777
v -0.135385 -0.951548 -0.435367
v -0.108940 -0.170549 0.209332
v -0.060840 -0.589396 0.399072
v -0.091329 -0.530893 0.382285
v -0.099528 0.339845 -0.308949
v -0.080372 0.473141 0.460435
v -0.101776 -0.173637 -0.278457
v -0.072488 0.438454 -0.310712
v -0.111119 0.062926 -0.217386
v -0.093618 0.753281 -0.227707
v -0.104208 -0.313614 0.197027
v -0.091306 0.449418 -0.303836
v -0.082815 0.860921 0.322330
v -0.110509 0.821871 -0.143199
v -0.077184 -0.147104 -0.303957
v -0.107428 -0.349778 0.208654
v -0.110638 0.150615 -0.303974
v -0.019444 -0.587083 -0.514605
v -0.075732 0.767295 0.436922
v -0.108353 0.500459 0.461881
v -0.094877 0.312974 -0.322633
v -0.072474 0.933564 0.155087
v -0.054213 -0.378677 -0.444792
v -0.093398 0.104322 -0.276833
v -0.034919 -0.449439 -0.526714
v -0.105005 -0.449528 0.284750
v -0.106653 -0.401740 0.244077
v -0.094564 0.551684 0.499237
v -0.092658 0.448696 0.455463
v -0.087616 -0.950878 0.488823
v -0.091451 0.926520 0.134394
v -0.090196 0.392591 0.426026
v -0.086052 0.580104 0.484673
v -0.105533 0.122048 0.338928
v -0.080769 0.467674 -0.293140
v -0.093530 0.290013 -0.316983
v -0.067243 0.621034 -0.296608
v -0.077022 0.392249 -0.292782
v -0.103450 0.346673 -0.272423
v -0.080980 0.699424 0.449579
v -0.102109 0.400540 0.433909
v -0.102120 -0.082775 -0.210294
v -0.091248 0.781526 0.416552
v -0.113085 0.834345 0.340165
v -0.072423 0.514431 -0.295633
v -0.066153 -0.951289 -0.416426
v -0.081960 0.803437 0.388613
v -0.083120 0.597742 0.510533
v -0.057925 0.288728 0.449256
v -0.089711 -0.497948 0.356275
v -0.086533 0.913196 0.077598
v -0.104092 0.050599 -0.170604
v -0.090930 -0.617756 0.394679
v -0.088824 -0.904486 0.490430
v -0.095713 0.840446 -0.096577
v -0.104173 -0.371678 0.239074
v -0.070227 0.657224 0.489270
v -0.093199 -0.659975 0.407405
v -0.086215 0.174225 -0.313526
v -0.083333 -0.864991 0.500706
v -0.093745 0.656226 0.452364
v -0.111630 0.668724 -0.268850
v -0.079831 0.044468 -0.205946
v -0.098714 -0.445320 0.292525
v -0.009309 -0.207645 -0.386124
v -0.102996 -0.408444 -0.458475
v -0.093335 -0.012751 -0.191134
v -0.058372 0.445931 0.456342
v -0.009810 -0.294759 -0.435905
v -0.059763 -0.449439 0.326554
v -0.060678 -0.134684 0.214348
v -0.060603 0.362060 -0.278076
v -0.091671 0.782689 -0.206057
v -0.073154 0.837357 0.348143
v -0.075976 0.621606 0.502715
v -0.079130 0.675366 -0.282752
v -0.018876 0.905004 0.249821
v -0.059923 0.488348 0.501737
v -0.064492 0.814056 -0.181297
v -0.064034 0.486868 0.485013
v -0.073939 0.112253 -0.283829
v -0.078262 0.020866 -0.175796
v 0.026036 -0.362910 -0.440560
v -0.081764 -0.791757 0.474263
v -0.076238 0.868626 -0.032051
v -0.066279 0.230375 -0.316952
v -0.094837 -0.514606 0.397979
v -0.086376 -0.729210 0.435921
v -0.074544 -0.229571 0.203295
v -0.083956 -0.181348 0.216045
v -0.049236 0.498529 0.512198
v -0.107093 0.865561 0.271986
v -0.041441 0.922273 0.226480
v -0.045897 0.016381 -0.196141
v -0.077717 0.863610 -0.089508
v -0.069256 0.342536 -0.278776
v -0.072359 0.567302 0.505740
v -0.055796 -0.875122 -0.416398
v -0.047995 0.012342 0.273921
v -0.017565 -0.619871 -0.545386
v -0.076945 -0.450875 0.359030
v -0.075570 -0.013451 -0.195559
v -0.074354 0.097004 -0.240288
v -0.069159 0.463519 0.465668
v -0.080907 0.332430 -0.304549
v -0.065916 -0.311844 0.211892
v -0.041173 0.683888 -0.277238
v -0.082294 0.274015 -0.336544
v -0.089152 -0.355922 0.228228
v -0.076235 -0.087783 -0.220237
v -0.027962 0.536700 -0.292116
v -0.068036 0.793776 -0.193953
v -0.049211 -0.833186 -0.509130
v -0.078832 -0.669329 0.423240
v -0.077164 -0.949329 0.513322
v -0.046609 0.896783 0.303838
v -0.038110 -0.783489 -0.466230
v -0.072611 -0.470811 0.370928
v -0.072391 0.439513 0.440743
v -0.090227 0.205393 -0.307849
v -0.060237 0.530558 0.509881
v -0.062218 -0.427796 -0.460400
v -0.067774 -0.146319 0.234329
v -0.048427 0.670200 0.484638
v -0.062436 0.069434 -0.212281
v -0.056417 -0.583629 0.428022
v -0.070614 -0.543795 0.409439
v -0.054387 0.512284 0.507320
v -0.019099 -0.673805 -0.518451
v -0.062322 0.845488 -0.135791
v -0.066772 -0.766323 0.481798
v -0.063641 0.828335 -0.148173
v -0.005185 -0.899540 -0.407696
v -0.070805 -0.847056 0.509028
v -0.059972 -0.687491 0.441348
v 0.012927 -0.849939 -0.494819
v -0.065009 -0.167417 -0.280161
v 0.055153 -0.232284 -0.399759
v -0.039823 0.810405 0.423928
v -0.065755 -0.607314 0.387223
v -0.033467 0.016681 0.317274
v -0.069758 0.149596 -0.299669
v -0.064038 -0.101684 -0.227283
v -0.059139 -0.081096 -0.209922
v -0.055881 0.207051 -0.304791
v -0.047742 0.488007 0.470421
v -0.048637 -0.192349 0.219318
v -0.053662 0.118207 -0.272969
v -0.053085 0.097783 -0.251237
v -0.054060 -0.311057 0.203620
v -0.043772 0.895926 0.012838
v -0.049724 0.893803 -0.039792
v -0.030909 0.735604 0.460827
v -0.061142 0.340766 -0.323632
v -0.054399 0.721577 -0.259279
v -0.055599 -0.336426 0.211782
v -0.041449 0.758403 -0.215191
v -0.024191 0.479480 -0.309296
v -0.024526 0.887283 0.327166
v -0.046294 0.565955 0.531284
v -0.025615 -0.878717 -0.477771
v -0.056091 0.357931 -0.303203
v -0.049195 0.296624 -0.316765
v -0.038686 0.433042 -0.308765
v -0.041306 -0.950757 0.500164
v -0.053497 0.061635 -0.184155
v -0.047670 0.312290 -0.327121
v -0.052895 -0.233938 0.209768
v -0.062806 -0.587249 0.407146
v -0.056323 0.813355 0.382723
v -0.049567 0.654874 0.479562
v -0.010753 0.066576 0.391648
v -0.049100 -0.384655 0.243509
v -0.051311 0.174988 -0.316531
v 0.002192 0.918846 0.184176
v -0.030462 0.382062 -0.291335
v -0.048136 -0.016434 -0.200254
v -0.049452 -0.600581 0.393159
v -0.058743 0.710861 0.449953
v -0.027111 0.648754 -0.292685
v -0.048452 0.637887 -0.286900
v 0.000214 -0.075638 0.239252
v -0.045135 0.513066 -0.303298
v -0.033230 0.818824 0.412104
v -0.038382 0.385567 0.460857
v -0.035421 0.556063 0.511048
v -0.038338 0.063258 -0.226166
v -0.064244 0.869344 -0.065240
v -0.018250 -0.258106 -0.443782
v -0.047202 -0.429637 0.279163
v -0.038358 0.827515 0.389412
v -0.036331 0.483821 -0.295607
v 0.012907 -0.827603 -0.461973
v -0.041789 0.929347 0.172121
v -0.049838 0.136428 -0.303906
v -0.036049 0.854981 -0.121421
v -0.045118 -0.897969 0.503206
v -0.046245 0.236906 -0.338167
v -0.041017 0.885032 0.317570
v -0.034011 -0.436186 0.344963
v -0.020987 0.622037 0.527049
v -0.048913 -0.087575 -0.223529
v -0.015342 0.932196 0.098123
v -0.045058 -0.795103 0.478725
v -0.022740 0.795247 -0.206138
v -0.032234 0.699342 0.479643
v -0.011907 0.912211 0.068213
v -0.039913 -0.175592 -0.279661
v -0.042538 0.114553 -0.249550
v -0.040569 0.829220 0.404491
v -0.027948 -0.418876 0.334053
v -0.024155 0.354432 -0.328812
v -0.019502 0.767752 -0.223104
v -0.048617 -0.671855 0.418003
v -0.041164 -0.728759 0.443853
v -0.042541 -0.328223 0.217054
v -0.029158 0.599582 0.522432
v -0.033775 0.858813 0.345100
v -0.009432 0.496939 0.497514
v 0.017479 0.021295 -0.174266
v -0.031773 0.701154 0.466951
v -0.016781 -0.591800 0.427717
v 0.005792 -0.449026 -0.461783
v 0.003800 0.712545 -0.263278
v -0.029750 0.596204 0.536481
v -0.036604 0.880693 -0.083029
v -0.028657 0.646485 0.513745
v -0.037798 -0.606601 0.379738
v -0.003289 0.146204 -0.298943
v -0.019483 -0.164331 0.237906
v -0.040302 -0.453389 0.308286
v -0.063971 -0.214014 -0.371022
v -0.024985 0.491377 0.478733
v -0.003166 0.533043 -0.302967
v -0.032864 -0.543340 0.407712
v -0.028515 0.294743 -0.335460
v -0.021683 -0.427432 0.314495
v -0.026947 0.897589 -0.022955
v -0.027115 -0.629505 0.396739
v -0.029443 -0.298332 0.212322
v 0.012940 0.707324 0.505340
v 0.001329 0.919894 0.272347
v -0.028880 -0.011583 -0.201667
v -0.012374 0.650712 0.501451
v -0.028959 0.728335 0.454569
v -0.007352 0.806832 -0.180364
v -0.022752 0.260542 -0.344845
v 0.033697 -0.682218 -0.526315
v -0.006723 -0.619354 0.415342
v -0.010627 -0.398356 0.259396
v -0.015831 0.424307 -0.311087
v -0.013180 0.086160 -0.235048
v -0.019151 0.205165 -0.307592
v -0.038989 0.928424 0.121564
v -0.030694 -0.779892 0.487450
v 0.001741 0.249054 0.478194
v -0.004333 0.919719 -0.007259
v -0.023559 -0.162050 0.200714
v -0.012673 0.504156 0.516496
v -0.030859 -0.673760 0.425210
v -0.009448 -0.167255 -0.276211
v -0.017184 0.902648 0.302250
v -0.015133 0.377897 -0.307137
v 0.007678 0.568590 0.549567
v -0.017892 -0.480024 0.373654
v 0.018457 0.860674 0.391385
v -0.006883 0.072314 -0.179157
v 0.003932 0.596693 -0.289460
v 0.020060 -0.444628 -0.511078
v -0.011937 -0.156583 0.225794
v 0.031426 0.698909 0.511297
v -0.008427 0.699975 -0.271969
v 0.059430 -0.654655 -0.532886
v 0.021499 -0.203739 -0.340228
v -0.024166 0.839307 0.360178
v 0.033504 0.649143 -0.272056
v 0.000629 0.874131 0.326526
v -0.009719 0.577504 -0.300279
v -0.013194 -0.346083 0.219946
v -0.024715 -0.614607 0.404167
v -0.012885 0.376986 -0.280888
v -0.008153 0.559360 0.527830
v 0.018988 0.930745 0.205229
v -0.025938 -0.076284 -0.218508
v -0.005575 0.803609 0.437743
v -0.004296 -0.527741 0.398809
v -0.007501 -0.442344 0.301034
v 0.027983 0.844600 0.417369
v -0.013114 0.117516 -0.232638
v 0.011023 0.855500 -0.132638
v -0.006572 0.221964 -0.331742
v -0.004076 0.316430 -0.309853
v -0.008784 0.492405 -0.288336
v 0.019691 0.549634 0.521460
v 0.010088 0.830506 -0.170070
v 0.030244 0.510178 -0.293821
v 0.036089 -0.041629 0.269849
v -0.010125 -0.910502 0.522019
v -0.004718 0.857895 0.360147
v -0.010576 -0.106317 -0.227581
v 0.014855 0.920161 0.097251
v -0.008865 -0.814068 0.502837
v -0.004978 0.743302 0.457724
v 0.001037 -0.321662 0.212938
v -0.013408 -0.195661 0.195092
v 0.011916 0.723699 -0.245870
v 0.003432 0.886577 -0.067951
v -0.002021 -0.579883 0.422216
v -0.001272 -0.952055 0.505169
v -0.013533 -0.225985 0.186121
v 0.014836 0.933581 0.157147
v 0.000175 0.847132 0.382732
v 0.123651 -0.573451 -0.515038
v -0.004758 0.717669 0.475326
v 0.003820 0.367977 -0.309113
v 0.011073 0.836949 -0.143870
v 0.008420 0.647982 -0.286404
v 0.005590 0.875816 -0.109423
v 0.077909 0.020824 -0.166668
v 0.008165 0.084490 -0.211848
v 0.109462 -0.950559 -0.425831
v 0.032683 0.400889 -0.289000
v 0.005836 -0.676886 0.452100
v 0.033714 0.484048 -0.310319
v 0.032750 0.920948 0.219545
v 0.007224 -0.429210 0.336465
v 0.011040 0.529066 0.528170
v 0.041008 -0.010616 -0.196131
v -0.002864 -0.082961 -0.222825
v -0.005772 -0.019078 -0.200548
v 0.027581 0.516442 0.504692
v 0.008487 0.140547 -0.253843
v 0.010645 0.907215 -0.047073
v 0.007958 0.226254 -0.311800
v 0.007462 -0.823465 0.489699
v 0.011869 0.917226 0.027518
v 0.036657 0.683307 0.520665
v 0.426856 -0.951659 0.336262
v 0.023933 -0.880353 -0.492937
v 0.004477 0.197969 -0.282587
v 0.013959 0.291799 -0.335069
v 0.021892 0.774884 -0.202924
v 0.031027 0.613905 0.539287
v 0.028073 0.728604 0.491710
v 0.089659 -0.427969 -0.455110
v 0.048462 0.914810 0.236171
v 0.008698 -0.767030 0.472134
v 0.048694 0.775754 0.458200
v 0.029326 0.391879 -0.270920
v 0.040543 0.655976 0.518470
v 0.005958 -0.326515 0.189539
v 0.007928 0.372289 -0.278749
v 0.008792 0.172498 -0.277776
v 0.011852 -0.391071 0.252620
v 0.031589 0.905622 0.300008
v 0.026976 -0.427908 0.312901
v 0.026158 0.847390 0.404424
v 0.013030 -0.441803 0.296708
v 0.017531 -0.078692 -0.217320
v 0.008510 -0.891840 0.498943
v 0.018005 -0.166170 -0.272138
v 0.011022 -0.609577 0.435249
v 0.010737 -0.711253 0.457838
v 0.033675 0.599021 0.542119
v 0.007118 -0.945942 0.510707
v 0.023140 -0.470207 0.366698
v 0.014710 -0.350245 0.217919
v 0.040372 0.908045 0.280749
v 0.138116 -0.951576 -0.445876
v 0.021358 0.432827 0.511374
v 0.031605 0.076300 -0.194296
v 0.017281 0.382309 -0.314804
v 0.022002 -0.581147 0.421689
v 0.018078 0.309197 -0.303700
v 0.085121 -0.030215 0.374345
v 0.020966 0.347775 -0.328775
v 0.018349 -0.528898 0.397220
v 0.014175 -0.672991 0.442485
v 0.032084 0.079466 -0.163329
v 0.057907 0.896602 0.311311
v 0.042056 0.734785 -0.245243
v 0.037427 0.580141 0.550110
v 0.019325 0.278487 -0.315175
v 0.032093 0.099613 -0.217240
v 0.055854 0.395792 0.516416
v 0.027934 -0.241963 0.180778
v 0.017498 0.111312 -0.248471
v 0.039472 -0.104154 -0.222981
v 0.017457 -0.804486 0.499036
v 0.036619 0.823826 0.429388
v 0.042709 0.186301 -0.294776
v 0.029608 0.550880 -0.302598
v 0.027903 -0.021749 -0.191737
v 0.037548 0.871332 0.335884
v 0.033731 0.906452 -0.019349
v 0.130353 -0.144343 -0.309735
v 0.031596 -0.285257 0.206952
v 0.122965 -0.361481 -0.437463
v 0.047084 0.924303 0.192613
v 0.049106 0.768223 0.448999
v 0.040514 -0.222400 -0.361041
v 0.097210 0.534634 -0.289626
v 0.046241 0.177841 -0.271890
v 0.038355 0.368523 0.481727
v 0.038496 -0.617473 0.411697
v 0.060640 -0.923476 -0.414591
v 0.047221 -0.590708 0.424296
v 0.116674 -0.404457 -0.442604
v 0.035628 -0.446616 0.300880
v 0.034924 0.228257 -0.322631
v 0.087556 -0.478895 0.368350
v 0.040621 0.903737 0.225534
v 0.049587 0.111393 -0.242447
v 0.041364 -0.083217 -0.216570
v 0.064529 0.863284 0.389441
v 0.042690 0.755610 0.465503
v 0.044497 -0.947977 0.516462
v 0.063520 0.878590 0.317271
v 0.041689 0.316892 -0.277021
v 0.083180 0.037547 0.422703
v 0.046734 -0.849897 0.509911
v 0.036638 0.861087 -0.120663
v 0.055873 0.440371 -0.291200
v 0.064070 0.385338 -0.323363
v 0.085207 -0.133163 -0.284908
v 0.072897 0.562595 -0.289274
v 0.048784 0.808773 -0.171358
v 0.046639 -0.683460 0.451023
v 0.069794 0.834755 -0.158505
v 0.049814 -0.165080 0.191101
v 0.086851 -0.678716 -0.506323
v 0.055322 0.120156 -0.200254
v 0.037972 -0.404054 0.263291
v 0.058862 0.404726 -0.306280
v 0.038712 -0.347572 0.218327
v 0.043296 -0.155964 -0.271532
v 0.044143 0.785277 -0.206902
v 0.050561 -0.300992 0.205927
v 0.044542 0.141943 -0.268573
v 0.045991 0.272782 -0.314997
v 0.052886 0.289998 -0.294973
v 0.035235 0.913855 0.125540
v 0.056848 -0.169294 0.207218
v 0.036320 -0.422368 0.337993
v 0.141014 -0.608634 -0.529135
v 0.048341 -0.537110 0.401676
v 0.042168 -0.451065 0.300364
v 0.038337 0.902113 -0.059438
v 0.150027 0.163428 -0.090228
v 0.044795 0.727057 0.476472
v 0.045015 -0.762515 0.484507
v 0.082295 -0.208240 -0.369552
v 0.059356 0.907499 0.159522
v 0.072123 0.904093 0.205882
v 0.054906 0.886706 -0.068388
v 0.066617 0.552698 0.533007
v 0.060977 0.924913 0.053861
v 0.076611 -0.590649 0.424035
v 0.054301 0.383631 0.493009
v 0.044523 -0.615332 0.393109
v 0.075058 0.230317 0.483670
v 0.075964 -0.062653 0.238519
v 0.064030 0.441863 0.523472
v 0.070216 0.377229 0.508552
v 0.062547 -0.447495 0.319328
v 0.076946 0.772983 -0.205028
v 0.067317 0.335056 -0.311776
v 0.047756 -0.656778 0.418245
v 0.046124 -0.139991 -0.248746
v 0.048661 -0.757950 0.463197
v 0.061292 0.652479 -0.271424
v 0.049342 -0.692731 0.438897
v 0.112069 0.007524 -0.164318
v 0.051186 -0.831615 0.485246
v 0.059907 0.116285 -0.144058
v 0.060976 0.097166 -0.174929
v 0.059191 0.615134 0.527570
v 0.062443 -0.164242 -0.265487
v 0.067163 -0.443018 0.298583
v 0.054819 -0.948986 0.493486
v 0.071372 -0.390399 0.249132
v 0.081507 0.910511 0.251608
v 0.054545 -0.613421 0.402035
v 0.070230 0.179033 -0.243757
v 0.088043 0.710462 0.500529
v 0.066808 0.755402 0.470394
v 0.064886 -0.517573 -0.512820
v 0.044231 0.872509 -0.111421
v 0.138410 -0.852329 -0.444438
v 0.067966 0.219472 -0.288677
v 0.046266 0.926688 0.017578
v 0.071605 0.917223 0.043185
v 0.046586 0.871962 0.367771
v 0.121896 -0.018269 0.406723
v 0.102816 0.652039 -0.249655
v 0.061348 -0.712562 0.468466
v 0.065115 0.543556 0.509097
v 0.065490 -0.325938 0.205456
v 0.055710 0.407277 -0.283215
v 0.067075 0.354673 0.491515
v 0.083492 0.836088 0.412639
v 0.071942 0.010068 -0.146555
v 0.102617 0.649520 0.511351
v 0.061539 -0.025530 -0.189280
v 0.064718 0.266126 -0.292285
v 0.075061 0.528458 -0.280958
v 0.087914 0.731755 -0.218025
v 0.064946 0.243721 -0.281461
v 0.067067 -0.091070 -0.212776
v 0.072171 -0.850391 0.508129
v 0.090762 -0.454481 0.355808
v 0.073410 0.895127 -0.066595
v 0.145654 -0.465648 -0.507605
v 0.090900 0.929784 0.093928
v 0.169626 -0.302884 -0.440780
v 0.129786 -0.480327 -0.519852
v 0.080265 0.420125 -0.265187
v 0.086752 0.397851 0.503165
v 0.076749 -0.340119 0.205206
v 0.071230 0.882723 0.354193
v 0.097608 -0.143863 0.178907
v 0.079977 -0.597304 0.382469
v 0.081013 -0.949119 0.503917
v 0.080309 -0.566784 0.411723
v 0.075580 0.380230 0.496372
v 0.076873 0.776367 0.436965
v 0.092273 0.717356 0.485876
v 0.084557 0.861540 0.394310
v 0.082627 -0.466948 0.330370
v 0.072372 -0.089711 -0.200450
v 0.104232 -0.900969 -0.494110
v 0.077921 0.903782 0.177702
v 0.078447 0.152140 -0.240551
v 0.080021 0.148212 -0.169753
v 0.087877 0.916987 0.135822
v 0.087071 0.407370 -0.266351
v 0.097936 0.299656 0.475432
v 0.105970 0.438923 -0.273277
v 0.071103 0.200289 -0.282261
v 0.080633 0.492596 -0.299524
v 0.068700 -0.211059 0.205854
v 0.098505 -0.451454 -0.449369
v 0.115983 0.696471 -0.234467
v 0.077341 0.899306 0.273010
v 0.087521 0.907918 -0.018329
v 0.083473 0.338973 -0.296098
v 0.085599 -0.088391 -0.206089
v 0.075154 -0.449518 0.284944
v 0.102476 0.583452 0.542933
v 0.075177 -0.390290 0.236174
v 0.099178 0.854646 -0.102652
v 0.085114 0.145679 -0.198240
v 0.092910 0.286145 -0.285225
v 0.096543 -0.528544 0.392441
v 0.123477 -0.150677 0.196323
v 0.087664 -0.714865 0.455852
v 0.083335 0.651815 -0.266744
v 0.089100 0.751876 0.464660
v 0.092791 -0.020880 -0.181353
v 0.099204 0.342912 0.484478
v 0.092534 0.897121 0.199678
v 0.087191 -0.310185 0.197008
v 0.107245 0.211870 -0.269428
v 0.089460 0.173950 -0.127338
v 0.085226 -0.593301 0.400226
v 0.107935 0.785162 0.426614
v 0.074886 0.168893 -0.229293
v 0.111242 0.558902 0.510046
v 0.091153 0.832492 -0.141892
v 0.078273 -0.842889 0.489719
v 0.121012 0.883275 0.285845
v 0.100104 0.475444 -0.288799
v 0.166694 -0.270077 -0.418327
v 0.084226 -0.779179 0.469214
v 0.085859 -0.949813 0.492094
v 0.120208 -0.320770 0.188282
v 0.093000 -0.149964 -0.259624
v 0.078816 -0.251901 0.193899
v 0.107958 0.334946 -0.305493
v 0.085448 -0.114456 -0.220156
v 0.144908 -0.686661 -0.516048
v 0.089605 0.312790 -0.272343
v 0.100431 0.905713 0.271223
v 0.178567 -0.388163 0.288612
v 0.115920 0.385917 0.507193
v 0.085482 0.905892 0.418440
v 0.086524 0.841809 0.444641
v 0.121676 -0.206062 -0.350489
v 0.090547 0.849789 0.263763
v 0.097041 0.165824 -0.210914
v 0.097513 0.273501 -0.277983
v 0.102386 0.874422 -0.082581
v 0.098094 0.560269 -0.269648
v 0.107480 0.673662 0.516525
v 0.105170 0.151086 -0.153346
v 0.110528 0.637444 0.533942
v 0.094404 -0.581696 0.401355
v 0.115249 0.925661 0.121391
v 0.097980 -0.247898 0.185545
v 0.088743 0.533953 -0.271886
v 0.096130 0.903665 0.373577
v 0.101978 0.177770 -0.227393
v 0.091117 -0.725077 0.441996
v 0.094588 0.381467 -0.299674
v 0.084615 0.852618 0.245587
v 0.106981 -0.617291 0.395501
v 0.094683 0.809069 0.428473
v 0.105736 0.004564 -0.128157
v 0.108216 -0.190644 0.192930
v 0.093458 0.922897 0.043290
v 0.113604 0.885092 0.333582
v 0.090018 0.533781 -0.271365
v 0.167678 -0.195148 -0.343336
v 0.118998 -0.371496 0.239184
v 0.127519 0.740702 0.473584
v 0.091011 0.533669 -0.270687
v 0.083745 0.787545 -0.183980
v 0.102357 0.900582 0.286784
v 0.097013 0.596294 0.541584
v 0.103692 -0.057936 -0.184329
v 0.104071 0.539764 -0.262670
v 0.091785 0.533706 -0.269803
v 0.106687 0.889801 0.228315
v 0.103821 -0.948718 0.498935
v 0.098370 -0.675584 0.412248
v 0.115616 0.908943 0.172951
v 0.099201 0.880327 0.362095
v 0.130071 0.077297 0.432474
v 0.109755 0.403957 0.502798
v 0.107002 -0.735500 0.452195
v 0.111267 0.951411 0.383187
v 0.116924 -0.058624 0.217640
v 0.119603 0.434330 -0.253671
v 0.099201 0.867840 0.378112
v 0.136829 0.854652 0.247151
v 0.109293 0.418338 -0.283996
v 0.135360 0.807765 0.456455
v 0.114495 0.910249 0.084387
v 0.123481 -0.876131 0.508906
v 0.105986 0.314146 -0.247321
v 0.126036 0.912797 0.192307
v 0.128712 0.328974 -0.285391
v 0.121204 0.480896 -0.282815
v 0.116944 0.574642 0.523858
v 0.122783 -0.450331 0.333094
v 0.129146 0.760314 0.448619
v 0.135447 0.530596 -0.275263
v 0.147068 0.765119 -0.176630
v 0.129277 0.885793 -0.046767
v 0.121587 0.634107 -0.254077
v 0.130208 -0.646957 -0.513064
v 0.134005 0.824473 -0.131114
v 0.128162 0.390406 0.479272
v 0.115857 -0.673406 0.410964
v 0.108937 -0.157826 -0.253596
v 0.114041 0.920634 0.412423
v 0.114233 -0.531906 0.394813
v 0.108450 -0.776665 0.485027
v 0.133708 -0.634929 0.427296
v 0.151045 0.600292 0.502181
v 0.114645 0.935188 0.362571
v 0.109859 -0.031604 -0.164898
v 0.111717 -0.630961 0.384153
v 0.114228 0.389087 -0.309924
v 0.140985 0.231883 -0.230296
v 0.115270 0.282851 -0.279973
v 0.171463 -0.647377 0.453901
v 0.104609 -0.492151 0.346334
v 0.148028 0.120514 0.447350
v 0.111285 0.149989 -0.183208
v 0.137067 0.880900 0.253165
v 0.113074 -0.501993 0.371708
v 0.112380 -0.549093 0.378213
v 0.154669 -0.127681 -0.245221
v 0.108672 -0.089994 -0.196662
v 0.122303 0.767000 0.431690
v 0.154451 0.750668 0.454783
v 0.120430 0.723009 0.495426
v 0.116843 -0.698600 0.446837
v 0.140732 0.297911 0.459487
v 0.129565 -0.816917 0.501612
v 0.123317 0.839307 0.388645
v 0.117783 0.445219 0.520543
v 0.195436 -0.188125 -0.346105
v 0.130816 0.695681 0.506670
v 0.113707 -0.521220 0.368761
v 0.155638 -0.055746 0.376509
v 0.115016 0.873066 -0.060815
v 0.127058 0.862575 0.412513
v 0.147864 0.728842 -0.188458
v 0.141959 0.629639 0.523546
v 0.119307 -0.421239 0.278424
v 0.114985 -0.306836 0.182130
v 0.124664 -0.090381 -0.185363
v 0.140569 0.177197 -0.164570
v 0.122733 -0.108368 -0.198785
v 0.120621 0.180500 -0.115210
v 0.150414 0.915457 0.098578
v 0.135247 -0.185865 0.173082
v 0.116204 -0.950546 0.488608
v 0.124681 -0.629972 0.403575
v 0.139183 0.872906 0.340929
v 0.142590 0.563453 -0.248821
v 0.132737 0.193378 -0.184920
v 0.136662 0.248170 -0.260001
v 0.151219 -0.506348 0.348902
v 0.153711 0.674242 0.494653
v 0.136209 0.669288 -0.230025
v 0.128628 0.897330 0.018403
v 0.146243 -0.685224 -0.501652
v 0.156865 -0.481749 0.333136
v 0.137351 0.185943 -0.128803
v 0.139385 0.417869 -0.278739
v 0.121977 -0.244417 0.172194
v 0.152378 0.373162 0.456958
v 0.119934 0.913669 0.395415
v 0.142668 0.403734 0.476203
v 0.148845 -0.554172 0.402239
v 0.138050 0.461075 -0.263355
v 0.127612 0.889056 -0.002815
v 0.159217 0.347536 0.438145
v 0.130449 0.895532 0.216890
v 0.212246 -0.509922 0.372267
v 0.202255 -0.116448 -0.247608
v 0.123914 -0.385364 0.232237
v 0.163061 0.765103 -0.151736
v 0.133463 0.944617 0.382181
v 0.138713 0.864623 0.223623
v 0.143595 -0.150782 -0.243351
v 0.129408 -0.323719 0.183717
v 0.122913 0.728195 -0.215563
v 0.148051 0.198186 -0.208846
v 0.295073 -0.488158 -0.495618
v 0.130161 0.326747 -0.239661
v 0.129883 0.346304 0.466113
v 0.146425 0.456352 -0.254665
v 0.177758 -0.389506 0.280473
v 0.134228 0.708723 0.490032
v 0.156212 0.310265 -0.250042
v 0.138721 0.104780 0.432686
v 0.145070 0.879199 0.309449
v 0.138641 0.869175 0.356356
v 0.149945 -0.701455 0.454440
v 0.145184 0.348949 -0.260263
v 0.183099 -0.484575 0.349940
v 0.143336 -0.001656 -0.099673
v 0.170011 0.185636 0.451045
v 0.141731 -0.893041 0.517743
v 0.169924 0.845813 0.349935
v 0.139317 -0.293456 0.163829
v 0.155472 0.703517 -0.207539
v 0.158468 -0.543256 0.386886
v 0.152528 0.425035 -0.235357
v 0.143308 0.819390 -0.111387
v 0.162075 -0.117386 0.138809
v 0.138863 0.241039 -0.110371
v 0.140459 -0.062670 -0.166686
v 0.151705 0.377004 -0.288889
v 0.142957 -0.238055 0.157022
v 0.145003 0.603798 0.514688
v 0.149574 -0.100427 -0.176486
v 0.196982 -0.428182 -0.439065
v 0.169003 0.232209 0.461149
v 0.146063 -0.399663 0.256076
v 0.167431 -0.005309 -0.115225
v 0.141880 0.895975 0.239782
v 0.138013 -0.025452 -0.153541
v 0.156312 0.828914 -0.105498
v 0.151266 0.359499 0.440313
v 0.163375 0.037679 0.407058
v 0.138918 0.264145 -0.222562
v 0.147207 0.873009 0.274889
v 0.201611 0.025534 0.401998
v 0.146988 -0.314098 0.168970
v 0.166611 -0.469721 0.340527
v 0.456708 -0.849115 -0.455456
v 0.233962 -0.619211 0.433632
v 0.149304 0.222677 -0.149239
v 0.194708 0.867833 0.314683
v 0.158501 -0.651214 0.418410
v 0.184331 0.573185 -0.238929
v 0.165447 -0.291342 0.155381
v 0.161389 0.864141 -0.040008
v 0.189758 -0.059286 0.345637
v 0.160164 0.687823 0.495663
v 0.172980 0.669345 0.505588
v 0.162836 0.899963 0.036904
v 0.162110 0.663170 -0.223661
v 0.170478 0.824719 -0.090613
v 0.163315 -0.724383 0.455062
v 0.155879 0.391106 0.446068
v 0.163364 0.399418 -0.262272
v 0.153275 -0.172067 0.165749
v 0.158591 -0.527588 0.369541
v 0.153855 -0.051585 -0.144970
v 0.149254 -0.952296 0.501275
v 0.172925 0.894773 0.170200
v 0.162750 0.215153 -0.100536
v 0.161635 0.868712 0.289378
v 0.150746 -0.047102 0.174527
v 0.155128 0.281026 -0.239514
v 0.150669 0.905208 0.119587
v 0.166331 0.319694 -0.220187
v 0.176907 0.469444 -0.228459
v 0.216973 0.064683 0.396089
v 0.165360 -0.105284 -0.166510
v 0.173417 -0.155190 -0.233257
v 0.177136 0.902732 0.219890
v 0.170782 -0.034669 -0.120582
v 0.157574 0.274465 -0.133138
v 0.207167 -0.625303 -0.490529
v 0.172481 -0.010679 -0.063911
v 0.178256 0.903859 0.143844
v 0.208450 -0.771425 0.491834
v 0.260265 -0.391492 0.292539
v 0.179138 -0.866805 0.519118
v 0.166006 0.233019 -0.153724
v 0.179752 0.727159 0.461303
v 0.164713 0.573710 -0.236890
v 0.193723 -0.550592 0.390291
v 0.170368 0.813958 0.411262
v 0.205552 -0.418595 0.319546
v 0.178760 0.850836 -0.009250
v 0.196822 0.873108 0.297912
v 0.191868 0.895529 0.227927
v 0.175366 0.681744 -0.195468
v 0.170164 0.247366 -0.188809
v 0.258485 -0.924877 -0.467906
v 0.195713 0.779408 -0.110071
v 0.237193 -0.441746 -0.471934
v 0.183088 0.710959 0.463523
v 0.179726 0.517283 -0.248748
v 0.177749 0.782232 -0.129184
v 0.174372 0.272060 -0.169269
v 0.170536 0.305302 -0.230764
v 0.195285 -0.149178 -0.223294
v 0.179262 -0.379807 0.234522
v 0.190018 -0.118302 0.138437
v 0.190302 -0.032042 0.395539
v 0.202765 0.109993 0.431447
v 0.167883 0.708489 0.487173
v 0.183024 0.321606 -0.226805
v 0.179112 0.298454 -0.135503
v 0.204811 -0.019838 -0.044290
v 0.166183 -0.046278 -0.115117
v 0.189917 0.627703 0.501989
v 0.192162 0.379107 -0.254508
v 0.185876 0.279601 -0.186129
v 0.194550 0.829680 -0.069100
v 0.166982 0.373389 0.431410
v 0.197755 0.892416 0.105118
v 0.172541 -0.678045 0.416763
v 0.178774 0.270522 -0.127894
v 0.166755 -0.227726 0.133396
v 0.175120 0.580985 -0.219454
v 0.172320 -0.072597 -0.136643
v 0.184228 0.742966 -0.143304
v 0.167540 0.798943 0.382347
v 0.233117 0.447963 0.491756
v 0.203902 0.372473 0.451832
v 0.176354 0.226667 -0.095967
v 0.170839 -0.277855 0.141655
v 0.224086 -0.573837 0.410389
v 0.184577 0.480912 -0.233225
v 0.166355 0.154664 -0.075089
v 0.219000 0.138877 0.451408
v 0.174915 -0.162005 0.143578
v 0.194044 0.694280 -0.183765
v 0.150007 -0.233427 -0.419831
v 0.191985 0.198017 0.478011
v 0.196491 0.455089 -0.212302
v 0.197449 -0.696299 -0.499027
v 0.175358 -0.295334 0.144703
v 0.188310 0.005024 0.106975
v 0.215232 -0.952358 0.518371
v 0.198999 -0.680752 0.438980
v 0.194946 0.397694 -0.238289
v 0.191321 0.351101 -0.242776
v 0.231312 -0.603534 -0.513306
v 0.209286 0.071310 0.422728
v 0.211266 0.829101 -0.041890
v 0.202418 0.691395 0.470208
v 0.198854 0.670487 0.470514
v 0.183169 0.220022 -0.062398
v 0.200728 0.883492 0.079742
v 0.188282 -0.140389 -0.200089
v 0.176730 0.270043 -0.087454
v 0.185451 -0.080011 -0.120081
v 0.216251 0.797759 0.349427
v 0.252876 -0.204101 -0.376470
v 0.190743 0.045551 -0.002527
v 0.197654 -0.266587 0.117389
v 0.198450 0.868709 0.040981
v 0.175161 0.884081 0.072064
v 0.193174 0.640423 -0.204482
v 0.188116 -0.111892 -0.146610
v 0.189208 -0.089277 0.089461
v 0.188138 -0.216546 0.116091
v 0.185511 0.552592 -0.241288
v 0.185665 -0.382159 0.215716
v 0.231295 0.401004 0.476745
v 0.208537 -0.548102 0.371066
v 0.178686 -0.338022 0.181059
v 0.194090 -0.568197 0.391071
v 0.183770 0.320960 -0.093473
v 0.188224 0.282323 -0.060547
v 0.203336 0.819561 -0.059197
v 0.190511 -0.471147 0.314086
v 0.192381 -0.151663 0.123846
v 0.191299 0.432902 -0.241849
v 0.214434 -0.159831 -0.217514
v 0.234188 -0.708826 -0.505984
v 0.189596 0.879004 0.240324
v 0.200484 -0.055387 0.034754
v 0.194310 -0.359426 0.234294
v 0.189456 0.310698 -0.114404
v 0.195946 0.223018 -0.031661
v 0.274953 -0.897598 -0.429703
v 0.192877 0.781243 0.368993
v 0.193957 0.292997 -0.150237
v 0.194410 0.325541 -0.177465
v 0.196756 -0.111589 -0.134736
v 0.227008 0.252462 0.488971
v 0.248306 -0.712712 0.475341
v 0.192135 -0.045785 -0.088821
v 0.218554 0.756778 -0.126220
v 0.228344 -0.034425 0.300141
v 0.205302 0.873639 0.119359
v 0.201447 0.869021 0.234507
v 0.215407 -0.061494 -0.045042
v 0.216517 -0.362345 0.205783
v 0.216951 0.046221 0.372503
v 0.223759 -0.917074 0.530335
v 0.218083 -0.187525 -0.321354
v 0.232200 0.760104 0.431274
v 0.193593 -0.025125 -0.021493
v 0.215392 0.720942 0.431400
v 0.196057 -0.078310 -0.096790
v 0.193377 0.314835 -0.130996
v 0.256504 -0.144959 -0.199176
v 0.207225 0.328541 -0.196690
v 0.215883 -0.514435 0.361208
v 0.209203 0.877524 0.264015
v 0.206789 0.688063 -0.156189
v 0.200247 0.092563 0.031498
v 0.316907 -0.310824 -0.405395
v 0.192941 0.212879 0.438808
v 0.204837 0.543497 -0.230429
v 0.199300 0.228502 0.445942
v 0.200026 -0.062188 -0.065211
v 0.209822 -0.309102 0.161994
v 0.232099 0.113533 0.429070
v 0.221580 0.792438 -0.080737
v 0.197795 0.197829 0.461281
v 0.221919 0.661770 0.465465
v 0.280596 -0.548423 -0.522547
v 0.211294 0.537165 -0.218734
v 0.199538 0.333627 -0.222453
v 0.195807 0.320413 -0.139856
v 0.198107 0.353951 -0.152891
v 0.195997 0.321578 -0.139722
v 0.196178 0.320271 -0.138806
v 0.203461 0.269610 -0.112731
v 0.247955 -0.433582 0.319595
v 0.198941 0.324577 -0.145771
v 0.209989 -0.118892 -0.111111
v 0.201231 -0.128935 -0.142819
v 0.206617 -0.137763 0.101215
v 0.223990 0.161252 0.435692
v 0.211075 0.201209 -0.037287
v 0.215774 -0.080547 0.082327
v 0.215163 0.353470 -0.152352
v 0.223504 -0.457522 0.298994
v 0.221215 0.887454 0.154984
v 0.217070 0.848872 0.006779
v 0.202735 0.611277 0.478488
v 0.209407 0.601459 -0.187136
v 0.218091 -0.103426 -0.075818
v 0.203179 -0.277535 0.114762
v 0.242184 0.834190 0.300424
v 0.219901 0.105892 0.414710
v 0.228315 0.511580 -0.188761
v 0.258870 -0.304775 -0.401728
v 0.221147 0.359560 -0.217601
v 0.243250 -0.496279 0.340384
v 0.207686 -0.188229 0.088982
v 0.208135 0.199692 -0.000451
v 0.281322 -0.148497 -0.297729
v 0.217722 -0.584262 0.395007
v 0.235258 0.208009 0.469198
v 0.233104 0.816208 -0.016134
v 0.223603 0.222299 0.444279
v 0.212521 -0.137197 0.074240
v 0.275432 -0.439388 -0.503567
v 0.246434 0.198931 0.501160
v 0.228519 -0.258968 0.089040
v 0.228470 -0.368322 0.188086
v 0.217917 0.301880 -0.136593
v 0.265338 0.623796 -0.147858
v 0.229460 -0.530657 0.387194
v 0.233353 -0.366715 0.274405
v 0.229340 -0.019646 0.365319
v 0.263142 -0.164136 -0.288796
v 0.244989 -0.415762 0.306647
v 0.218431 0.365478 -0.175122
v 0.256625 0.215693 0.513307
v 0.212940 0.369706 -0.124724
v 0.233736 -0.134651 -0.090023
v 0.229187 -0.056491 0.024588
v 0.262643 -0.505532 0.351734
v 0.248376 0.098946 0.078633
v 0.234812 0.852203 0.099565
v 0.221668 -0.243708 0.087800
v 0.237960 0.362186 0.476773
v 0.258861 -0.180309 -0.197425
v 0.212464 0.290268 -0.107620
v 0.205135 -0.363481 0.270952
v 0.278510 -0.178591 -0.177300
v 0.214274 -0.072040 -0.036999
v 0.223066 -0.707689 0.435587
v 0.301829 -0.826220 0.512398
v 0.231013 0.136808 0.032417
v 0.237534 0.877378 0.173480
v 0.239765 0.774980 -0.061481
v 0.217837 0.739621 -0.097073
v 0.220608 0.245277 -0.077913
v 0.233162 0.615087 -0.172617
v 0.225211 -0.080240 -0.007432
v 0.216018 0.305433 -0.077440
v 0.242374 -0.232379 0.054694
v 0.233771 0.462698 -0.183204
v 0.223501 -0.109700 0.052122
v 0.355621 -0.932665 -0.431415
v 0.245616 0.131368 0.433196
v 0.235097 0.201216 -0.026474
v 0.267444 0.825038 0.069411
v 0.226190 0.631929 0.458218
v 0.224873 0.289089 -0.035368
v 0.239584 0.205916 0.016814
v 0.235012 -0.160251 -0.173310
v 0.227976 -0.093422 0.018293
v 0.227888 0.364588 -0.043330
v 0.230008 -0.164094 0.032129
v 0.232008 0.848773 0.055999
v 0.237352 0.369042 -0.116652
v 0.235774 0.672988 -0.142760
v 0.231681 0.297674 -0.108973
v 0.236609 0.380786 -0.177495
v 0.221071 0.389959 -0.211174
v 0.238629 0.189716 0.463168
v 0.231249 -0.146467 0.007761
v 0.263456 -0.308212 0.173110
v 0.240404 0.094841 0.406541
v 0.265455 -0.730446 0.458478
v 0.263553 0.637452 0.427481
v 0.246824 0.861215 0.259683
v 0.239309 0.336634 -0.121365
v 0.245707 0.588913 -0.173930
v 0.238481 0.798737 0.368481
v 0.242675 0.863573 0.221926
v 0.253611 -0.459634 0.289816
v 0.226973 0.717530 0.406024
v 0.239321 0.353938 -0.156681
v 0.231327 0.682570 -0.111992
v 0.233399 -0.126158 -0.020537
v 0.243012 -0.147865 -0.059063
v 0.233773 0.313979 -0.081490
v 0.247452 0.828632 0.018683
v 0.253140 0.815715 0.036519
v 0.234545 0.282704 -0.067697
v 0.226833 0.920489 0.273600
v 0.232907 0.309707 0.002993
v 0.238947 0.364431 -0.046684
v 0.284133 0.506486 0.454878
v 0.269170 -0.331586 0.155051
v 0.254006 0.017969 0.307082
v 0.235607 -0.949834 0.503776
v 0.237872 0.292958 -0.043509
v 0.226394 0.455692 -0.213359
v 0.233543 0.936138 0.298714
v 0.364910 -0.603274 -0.477327
v 0.229299 -0.132626 -0.108274
v 0.307282 -0.952277 -0.444429
v 0.248778 -0.151675 -0.116746
v 0.249365 -0.354264 0.175210
v 0.234989 0.271946 -0.000866
v 0.237273 -0.241325 0.072939
v 0.241880 0.423956 -0.163457
v 0.259704 0.829318 0.139406
v 0.250062 -0.185498 -0.003442
v 0.246754 -0.713485 -0.488056
v 0.238034 0.351304 -0.012480
v 0.260558 -0.605102 0.388212
v 0.261324 0.860923 0.124172
v 0.242686 0.852943 0.278721
v 0.248340 0.481526 -0.160969
v 0.237904 0.681181 0.421928
v 0.248535 0.107720 0.385515
v 0.279700 -0.315106 0.219369
v 0.239339 0.427336 -0.213241
v 0.256602 0.911351 0.297670
v 0.245826 0.174313 0.421168
v 0.259905 -0.441999 0.280856
v 0.245036 0.625373 -0.135480
v 0.251409 -0.164069 -0.031008
v 0.243895 0.264759 -0.020908
v 0.262863 0.867244 0.224964
v 0.250663 -0.351395 0.251421
v 0.244598 0.418664 -0.153019
v 0.263916 0.403120 -0.169010
v 0.260477 0.927984 0.273276
v 0.242142 0.374228 -0.080751
v 0.272525 0.038820 0.250114
v 0.235398 0.854455 0.186464
v 0.258353 0.077709 0.347101
v 0.256047 0.181440 0.472171
v 0.244791 0.726703 -0.089031
v 0.279632 -0.524030 0.343634
v 0.278248 0.670885 0.416059
v 0.253883 0.280919 0.000391
v 0.245370 -0.203575 0.023928
v 0.268127 0.818069 0.051797
v 0.274352 0.372804 -0.115066
v 0.275549 0.698953 0.407574
v 0.307814 -0.620506 0.409172
v 0.254910 -0.300929 0.113752
v 0.257733 0.366820 -0.049227
v 0.278017 -0.877455 0.520151
v 0.310878 -0.454670 0.335206
v 0.251946 0.470365 -0.176961
v 0.261775 0.347055 -0.023187
v 0.250981 0.782963 -0.048613
v 0.258550 0.720411 -0.056870
v 0.254985 0.563100 -0.166434
v 0.271044 0.649850 -0.105469
v 0.278390 -0.343737 0.145748
v 0.372728 -0.319002 -0.412615
v 0.311528 -0.362586 0.254733
v 0.278335 0.590717 -0.143773
v 0.247881 0.426534 -0.193686
v 0.260693 0.851709 0.308184
v 0.262064 -0.951855 0.516819
v 0.272996 0.559867 -0.137252
v 0.246531 0.223497 0.400351
v 0.335579 -0.549747 -0.494206
v 0.251276 0.213320 0.436465
v 0.257129 0.783014 -0.027641
v 0.251112 0.307610 -0.018350
v 0.250523 -0.155799 -0.073254
v 0.250921 0.863316 0.112568
v 0.383778 -0.435312 0.262584
v 0.272316 -0.612325 0.414131
v 0.274594 0.807628 0.076941
v 0.284773 0.311489 0.024907
v 0.263310 -0.179650 -0.032017
v 0.266941 0.610695 -0.144770
v 0.256053 0.775808 -0.010901
v 0.262055 -0.226212 0.019201
v 0.266492 -0.587821 0.384935
v 0.304096 -0.536479 0.377659
v 0.257209 -0.203700 0.007749
v 0.253226 0.368544 0.365999
v 0.261243 -0.169784 -0.059278
v 0.264147 0.193172 0.413551
v 0.268098 0.183424 0.375985
v 0.329881 -0.271389 0.037970
v 0.267913 0.119681 0.363293
v 0.268361 0.440691 -0.128981
v 0.284348 0.815451 0.149457
v 0.263335 0.216980 0.389691
v 0.259034 -0.189867 -0.023077
v 0.271902 0.445307 -0.148248
v 0.283023 -0.156576 -0.252176
v 0.276001 -0.181540 -0.080897
v 0.273634 0.366433 0.448371
v 0.345070 -0.544502 0.354941
v 0.269315 0.736414 -0.009228
v 0.261648 0.101244 0.344178
v 0.327105 -0.642969 0.434280
v 0.291845 0.425943 -0.106522
v 0.267400 0.195555 0.449306
v 0.263812 0.218630 0.441318
v 0.267592 0.356320 0.351498
v 0.271878 0.387205 0.358626
v 0.295490 -0.180334 -0.158651
v 0.286376 -0.579813 -0.479519
v 0.271800 0.363905 0.359278
v 0.284987 0.468432 -0.143837
v 0.262430 0.850107 0.260532
v 0.273518 -0.272493 0.068457
v 0.337961 -0.705194 0.463088
v 0.274525 0.314987 0.357207
v 0.251644 0.722498 0.405951
v 0.273148 0.726372 -0.047421
v 0.287801 0.420245 -0.139250
v 0.275609 0.732566 0.377906
v 0.282726 0.774799 0.368615
v 0.266275 0.490278 -0.140473
v 0.272336 0.371714 -0.024713
v 0.295020 0.348226 -0.057549
v 0.279127 0.351235 -0.034027
v 0.280859 -0.619261 0.441366
v 0.268865 0.650081 -0.087409
v 0.294300 0.836548 0.200322
v 0.283213 0.817505 0.092508
v 0.308610 0.754289 0.046306
v 0.273512 0.507996 -0.109515
v 0.311738 -0.178043 -0.329521
v 0.302749 0.846168 0.273952
v 0.286669 0.767874 0.012754
v 0.279009 0.255895 0.403338
v 0.300417 -0.387031 0.265305
v 0.338187 -0.266490 -0.366898
v 0.275146 0.286382 0.490220
v 0.300263 -0.219789 -0.035201
v 0.295540 0.840985 0.221075
v 0.286594 0.414453 0.435707
v 0.289689 0.487697 -0.092817
v 0.308439 -0.294732 0.089868
v 0.300242 0.203253 0.484362
v 0.299516 0.822599 0.241875
v 0.308524 0.654569 0.415590
v 0.279756 0.667347 -0.069598
v 0.330286 -0.201913 -0.116513
v 0.291302 -0.425996 0.257372
v 0.285811 0.116314 0.330015
v 0.302179 0.607393 0.408217
v 0.347729 -0.743228 -0.491861
v 0.302677 -0.324997 0.228318
v 0.293989 0.843605 0.308679
v 0.349906 -0.486071 0.316132
v 0.296605 0.524643 -0.098434
v 0.352322 -0.366735 -0.426397
v 0.279135 0.233618 0.378884
v 0.312094 0.385340 0.362051
v 0.300782 0.403156 -0.122260
v 0.293665 0.695067 -0.032490
v 0.338449 -0.271084 0.010581
v 0.302160 -0.260028 0.110947
v 0.302864 0.668933 0.398765
v 0.289180 0.366154 0.010667
v 0.277800 0.770267 0.030165
v 0.278250 0.780380 0.294060
v 0.293706 -0.888822 0.525344
v 0.311822 -0.145938 -0.188456
v 0.321137 -0.247998 -0.373845
v 0.292974 0.794703 0.124238
v 0.299922 -0.318600 0.210291
v 0.289077 0.820334 0.111266
v 0.306472 -0.442620 0.258022
v 0.301041 0.383122 0.348622
v 0.336644 -0.183221 -0.113151
v 0.282700 0.825635 0.270700
v 0.318716 0.617761 0.406537
v 0.312243 0.479143 -0.101373
v 0.286431 0.588213 -0.112181
v 0.304915 -0.187240 -0.148634
v 0.293063 -0.302562 0.116425
v 0.327158 -0.420750 0.244082
v 0.290663 0.766946 0.310677
v 0.297557 0.761992 0.321824
v 0.286946 0.195126 0.405591
v 0.301896 0.358884 0.010209
v 0.294905 0.239344 0.354266
v 0.299801 0.711270 -0.006662
v 0.315453 0.339685 0.329086
v 0.305860 0.400495 0.352747
v 0.300015 0.334022 0.010161
v 0.306064 -0.952567 0.496622
v 0.299379 -0.758753 0.476394
v 0.327626 -0.125377 -0.184738
v 0.303681 0.786600 0.098533
v 0.311434 0.383487 -0.073231
v 0.288364 0.526743 -0.084820
v 0.339499 -0.785032 0.488433
v 0.308410 0.652982 -0.063909
v 0.278505 0.834874 0.172756
v 0.293936 0.788566 0.292864
v 0.316182 0.707923 -0.017276
v 0.306753 0.709384 0.373537
v 0.305390 0.737324 0.333461
v 0.424163 -0.351632 -0.426240
v 0.319697 0.735808 0.347471
v 0.318300 -0.391496 0.267974
v 0.342308 0.279974 0.157135
v 0.305598 0.730323 0.019928
v 0.303847 0.769064 0.076283
v 0.340364 -0.240493 -0.016994
v 0.312737 0.524030 -0.061235
v 0.319363 0.427919 -0.108819
v 0.376419 -0.490586 -0.503009
v 0.315856 0.622381 -0.063528
v 0.314838 0.817709 0.184006
v 0.308088 0.815163 0.138931
v 0.326977 -0.160557 -0.133271
v 0.349785 0.434438 0.350095
v 0.320898 -0.284557 0.066127
v 0.334966 0.683920 0.370682
v 0.319531 0.803990 0.206674
v 0.345766 -0.595571 0.382948
v 0.305860 0.544489 -0.061783
v 0.318086 0.630778 0.411247
v 0.298619 0.305446 0.048305
v 0.309091 -0.732540 -0.480257
v 0.345746 0.238099 0.247176
v 0.307291 0.347428 0.049243
v 0.309216 0.344729 -0.046068
v 0.337479 -0.255121 0.009398
v 0.343468 -0.230976 -0.040712
v 0.329355 0.738963 0.282722
v 0.344128 -0.499270 0.329442
v 0.295787 -0.224522 -0.358444
v 0.326164 0.704378 0.367055
v 0.322468 -0.265477 0.162311
v 0.325131 0.794471 0.145436
v 0.326772 -0.405820 0.226098
v 0.389372 -0.365706 0.197201
v 0.323006 0.555384 -0.056215
v 0.327479 -0.215437 0.041322
v 0.339661 -0.185953 0.022740
v 0.344446 -0.802956 0.478206
v 0.335030 0.748486 0.272400
v 0.352141 -0.540315 0.331122
v 0.323423 0.771888 0.077349
v 0.340836 0.505628 -0.060592
v 0.324161 0.423114 -0.070232
v 0.314504 0.766408 0.264247
v 0.333065 0.309021 0.286522
v 0.320734 0.383868 0.084913
v 0.359870 -0.446897 0.320836
v 0.334687 -0.951359 0.491188
v 0.319293 0.369848 0.026479
v 0.327283 0.785261 0.173495
v 0.335107 0.659497 -0.010790
v 0.321669 0.700156 -0.002737
v 0.336361 0.591856 0.363626
v 0.378140 -0.564860 0.383943
v 0.327165 0.687660 -0.012962
v 0.337363 0.523475 -0.019213
v 0.337368 0.665660 0.362585
v 0.338079 -0.290409 0.169946
v 0.321311 0.369565 -0.037067
v 0.340157 0.404534 -0.050795
v 0.343434 0.478909 -0.085646
v 0.335291 0.394110 0.345878
v 0.333362 0.754920 0.239342
v 0.332192 0.764287 0.095302
v 0.356409 -0.347886 0.219081
v 0.340178 -0.908793 0.501326
v 0.369010 -0.174509 -0.256292
v 0.342772 0.380977 0.306752
v 0.354495 -0.531613 -0.470912
v 0.363760 -0.670088 0.453860
v 0.329818 0.578235 -0.021689
v 0.332207 0.739706 0.302245
v 0.329833 0.381323 0.017391
v 0.352915 0.617611 0.375384
v 0.364145 0.706889 0.304443
v 0.342772 0.521931 -0.039447
v 0.336927 0.407902 0.130092
v 0.337336 0.601898 0.005395
v 0.322900 -0.643083 0.395134
v 0.347797 0.363369 0.277124
v 0.352874 -0.424729 0.226791
v 0.387670 -0.433642 0.299888
v 0.338116 0.716531 0.306024
v 0.340380 0.766928 0.146332
v 0.354173 0.657649 0.370981
v 0.346699 0.725666 0.238424
v 0.352964 0.501697 -0.059632
v 0.339701 0.369956 -0.013187
v 0.352010 0.438553 -0.054643
v 0.339050 0.422922 -0.021663
v 0.370314 -0.675993 0.448169
v 0.367698 -0.263381 0.130758
v 0.333631 0.731113 0.047767
v 0.354449 -0.204585 0.065409
v 0.347867 0.391155 0.082676
v 0.340722 0.582035 0.011882
v 0.347054 0.395775 0.317297
v 0.390454 -0.658009 0.416032
v 0.346320 0.741224 0.105594
v 0.374747 -0.205313 -0.308112
v 0.380621 0.626113 0.344988
v 0.345184 0.703652 0.050910
v 0.353754 0.389586 0.008155
v 0.344235 0.736191 0.209126
v 0.356296 -0.152327 -0.042909
v 0.342330 0.449268 0.142210
v 0.350089 -0.211593 -0.082583
v 0.356753 -0.385027 0.192442
v 0.345981 0.371614 0.261373
v 0.343799 0.615055 0.022391
v 0.371737 0.434358 0.298444
v 0.345644 0.371850 0.193769
v 0.345428 0.717924 0.175985
v 0.347376 -0.122318 -0.176122
v 0.385754 -0.219456 -0.303849
v 0.366800 -0.749928 -0.470392
v 0.344378 0.421858 0.094807
v 0.349363 0.432193 0.041325
v 0.388041 -0.247126 0.119350
v 0.357504 0.460911 0.177686
v 0.344983 0.701487 0.149414
v 0.368506 0.664759 0.327638
v 0.344296 0.605622 0.000960
v 0.362602 -0.324814 0.208570
v 0.422598 -0.934232 -0.410664
v 0.347152 0.643546 0.062068
v 0.364771 0.552567 0.017118
v 0.348473 0.662969 0.090220
v 0.362080 0.644550 0.337892
v 0.375079 -0.360074 0.224432
v 0.360873 0.453111 0.140037
v 0.364442 0.620106 0.045062
v 0.359798 0.554504 0.323902
v 0.357099 0.652834 0.067888
v 0.367935 0.424654 -0.012724
v 0.388450 -0.838716 0.477590
v 0.353819 0.694045 0.181662
v 0.360838 0.411544 0.036607
v 0.356183 0.692457 0.128067
v 0.357058 0.378800 0.318786
v 0.381646 -0.273277 0.157117
v 0.354882 0.636473 0.075989
v 0.353494 0.669123 0.126499
v 0.360407 0.596896 0.049405
v 0.366948 0.383848 0.271644
v 0.362280 0.720542 0.238325
v 0.366430 0.428190 0.096473
v 0.374262 0.455217 -0.007680
v 0.362255 0.526711 -0.014319
v 0.362416 0.507276 0.040405
v 0.355472 0.712576 0.217686
v 0.370759 0.697006 0.309862
v 0.397098 -0.896515 0.444513
v 0.383752 0.473333 -0.018350
v 0.383438 0.648797 0.282124
v 0.379211 0.447556 0.049484
v 0.366768 0.648580 0.134594
v 0.371946 -0.829828 0.468180
v 0.388615 -0.662054 0.429991
v 0.429436 -0.951426 -0.417612
v 0.389414 0.572262 0.038449
v 0.366412 0.494668 -0.006223
v 0.422712 -0.759989 -0.463578
v 0.369672 0.578991 0.038521
v 0.376005 0.682779 0.163855
v 0.369930 0.482585 0.156490
v 0.383951 0.577378 0.329595
v 0.406168 -0.485334 0.298245
v 0.377840 0.654025 0.115030
v 0.365886 0.541341 0.291681
v 0.363851 0.478246 0.123350
v 0.376895 0.646245 0.180086
v 0.359216 0.682759 0.327358
v 0.378031 0.625961 0.306130
v 0.384811 -0.389200 -0.462959
v 0.404810 -0.667637 0.398397
v 0.382027 0.671935 0.206138
v 0.371529 0.506163 0.250502
v 0.371505 0.489608 0.214487
v 0.375148 0.598514 0.110312
v 0.408656 -0.202115 -0.310756
v 0.377223 0.457827 0.093732
v 0.393766 0.599248 0.321505
v 0.402313 0.515155 0.086196
v 0.392589 -0.951534 0.428078
v 0.381354 -0.368246 0.163368
v 0.408991 -0.632241 0.374888
v 0.395150 0.515365 0.243364
v 0.380155 0.499370 0.107163
v 0.380521 0.429015 0.251696
v 0.393201 0.494130 0.049272
v 0.376742 0.694915 0.240678
v 0.394358 0.548830 0.289709
v 0.391721 -0.498508 -0.458155
v 0.394755 0.563173 0.056119
v 0.423783 -0.181729 -0.163244
v 0.387389 -0.244903 0.094878
v 0.379682 0.655895 0.243813
v 0.391357 0.603347 0.097409
v 0.405910 0.550112 0.238997
v 0.402997 0.550626 0.048696
v 0.398602 0.528673 0.054568
v 0.395169 0.483635 0.180737
v 0.403267 0.631980 0.170129
v 0.403963 0.496527 0.133526
v 0.390770 0.623534 0.114702
v 0.411997 -0.714396 0.453128
v 0.430556 -0.521670 0.303527
v 0.393330 0.618739 0.287486
v 0.416123 -0.617109 -0.463370
v 0.395722 0.580750 0.295600
v 0.396157 -0.857353 0.441685
v 0.388884 0.587188 0.137591
v 0.443230 -0.462233 -0.457128
v 0.430151 -0.296803 -0.373137
v 0.423911 -0.490194 0.281169
v 0.427863 -0.274794 0.131495
v 0.412237 -0.556537 0.318171
v 0.411294 -0.191177 -0.231845
v 0.425594 -0.297694 0.145561
v 0.404098 -0.353523 0.136590
v 0.471813 -0.604550 0.372954
v 0.430707 -0.189296 -0.070492
v 0.396065 0.504631 0.191533
v 0.392151 0.654293 0.230055
v 0.397159 0.530941 0.231354
v 0.403936 0.516561 0.145512
v 0.481812 -0.384604 0.168377
v 0.408924 0.610367 0.274883
v 0.400117 0.566256 0.174590
v 0.403314 0.631372 0.220016
v 0.401919 0.541037 0.186788
v 0.398816 0.570854 0.240298
v 0.409087 0.544836 0.146600
v 0.400203 0.574624 0.106901
v 0.552087 -0.673250 0.346783
v 0.412998 0.589397 0.265396
v 0.406279 0.604320 0.250260
v 0.401794 -0.228213 0.063123
v 0.417382 -0.951193 0.391056
v 0.404597 0.561815 0.257153
v 0.407463 0.570047 0.137314
v 0.399137 0.593224 0.080421
v 0.399502 -0.949109 0.397949
v 0.418255 0.582423 0.166615
v 0.404189 0.544959 0.108214
v 0.416101 -0.209079 0.010987
v 0.411004 -0.885095 0.411434
v 0.406902 0.602650 0.182962
v 0.426709 -0.730097 0.444273
v 0.429046 -0.423215 0.278948
v 0.457219 -0.686748 0.385975
v 0.409035 0.607400 0.208582
v 0.432913 -0.218830 0.067606
v 0.458786 -0.422974 -0.459768
v 0.439611 -0.369765 0.144289
v 0.455699 -0.304301 0.138328
v 0.434278 -0.193180 0.010660
v 0.451970 -0.228903 0.054105
v 0.421132 -0.472145 -0.441620
v 0.439461 -0.690420 0.418424
v 0.450175 -0.228409 -0.318720
v 0.444028 -0.926718 0.428368
v 0.430300 -0.680484 0.433179
v 0.430791 -0.907970 0.398314
v 0.430147 -0.336247 0.107000
v 0.485551 -0.498788 -0.419682
v 0.432164 -0.916503 0.366265
v 0.457888 -0.767257 -0.477373
v 0.457284 -0.684837 0.397809
v 0.470821 -0.951393 0.359443
v 0.442913 -0.167215 -0.190827
v 0.436609 -0.397999 -0.443759
v 0.461245 -0.607838 -0.419252
v 0.459534 -0.769123 0.437597
v 0.460848 -0.440237 -0.418024
v 0.469988 -0.168245 -0.132362
v 0.470737 -0.677811 0.353108
v 0.477164 -0.951619 0.406483
v 0.473231 -0.769723 -0.454239
v 0.480962 -0.238924 0.044155
v 0.494925 -0.711541 0.426979
v 0.489744 -0.412568 0.243378
v 0.500657 -0.951226 -0.384970
v 0.451301 -0.767465 0.428980
v 0.459857 -0.352804 -0.437964
v 0.451095 -0.321387 0.079307
v 0.463255 -0.315890 0.126032
v 0.478342 -0.206412 -0.024687
v 0.490478 -0.807232 0.423942
v 0.478815 -0.301074 0.039086
v 0.506895 -0.581567 0.311861
v 0.571579 -0.724450 -0.436981
v 0.529920 -0.257805 -0.007763
v 0.508234 -0.285116 -0.006236
v 0.522181 -0.420143 0.198367
v 0.505079 -0.728349 0.393599
v 0.479474 -0.801484 0.416564
v 0.476802 -0.193693 -0.248515
v 0.479455 -0.731911 -0.434536
v 0.524853 -0.719887 0.412447
v 0.566749 -0.764545 0.396203
v 0.503760 -0.206501 -0.132698
v 0.521006 -0.252727 0.020579
v 0.499397 -0.629883 -0.452093
v 0.528700 -0.378929 0.190163
v 0.521367 -0.735299 0.339724
v 0.550243 -0.770522 -0.454834
v 0.503691 -0.617487 0.349900
v 0.520823 -0.950838 0.371246
v 0.489168 -0.227324 -0.262533
v 0.529107 -0.773759 -0.439145
v 0.572888 -0.567326 0.263781
v 0.524970 -0.310282 -0.369221
v 0.559829 -0.560147 0.234574
v 0.521392 -0.361662 -0.401542
v 0.528832 -0.588267 -0.400568
v 0.488453 -0.562833 0.290821
v 0.550730 -0.747332 0.326760
v 0.516188 -0.838501 0.403662
v 0.549451 -0.951971 0.148244
v 0.499896 -0.831821 0.395783
v 0.499783 -0.377910 0.191732
v 0.520350 -0.392234 -0.400872
v 0.588716 -0.658631 -0.416219
v 0.523083 -0.588238 0.332158
v 0.502765 -0.346170 -0.386687
v 0.502439 -0.402530 -0.389352
v 0.558666 -0.227917 -0.130153
v 0.523256 -0.851488 0.375403
v 0.549067 -0.251363 -0.254686
v 0.545943 -0.336316 0.077082
v 0.567346 -0.444802 0.168479
v 0.559984 -0.707519 -0.404117
v 0.564125 -0.573416 -0.423405
v 0.548753 -0.311125 -0.312826
v 0.521775 -0.271335 -0.037563
v 0.581348 -0.319754 0.057991
v 0.542404 -0.259839 -0.098933
v 0.538459 -0.359076 -0.375082
v 0.538080 -0.305996 -0.320885
v 0.616259 -0.797766 0.352678
v 0.532779 -0.355722 -0.350222
v 0.584038 -0.495975 -0.389432
v 0.555464 -0.861129 0.372524
v 0.543585 -0.308290 -0.290798
v 0.544227 -0.279122 -0.242096
v 0.573922 -0.882567 0.361936
v 0.568972 -0.352781 0.120503
v 0.576013 -0.670333 0.290554
v 0.561736 -0.241398 -0.134765
v 0.596946 -0.854873 0.346325
v 0.590747 -0.562606 -0.429901
v 0.554011 -0.263963 -0.183495
v 0.551685 -0.280153 -0.296805
v 0.603287 -0.384693 -0.336435
v 0.583076 -0.744834 0.391084
v 0.599992 -0.380180 0.101488
v 0.653300 -0.765613 -0.433086
v 0.595543 -0.580744 0.289046
v 0.585331 -0.756587 0.312950
v 0.631099 -0.766483 -0.422948
v 0.619929 -0.298253 -0.031063
v 0.603471 -0.951943 -0.194568
v 0.641233 -0.951889 -0.362931
v 0.641527 -0.665335 -0.419262
v 0.619856 -0.526205 0.223677
v 0.607745 -0.706279 0.251063
v 0.600364 -0.751826 0.329272
v 0.621458 -0.669504 -0.384756
v 0.633539 -0.349440 -0.286278
v 0.610606 -0.743468 0.310057
v 0.618270 -0.760383 0.372660
v 0.639633 -0.295880 -0.098736
v 0.624040 -0.323845 0.020230
v 0.622023 -0.451177 0.157859
v 0.612223 -0.745310 0.271707
v 0.619215 -0.655393 0.218709
v 0.648390 -0.592636 -0.394537
v 0.692010 -0.862548 -0.283230
v 0.644867 -0.729399 0.273732
v 0.708032 -0.328750 -0.141227
v 0.630524 -0.425435 -0.377691
v 0.647589 -0.784762 0.333571
v 0.630090 -0.850118 0.138836
v 0.671151 -0.663724 0.215022
v 0.636533 -0.584444 0.183727
v 0.668281 -0.741223 0.306859
v 0.648301 -0.630831 -0.373218
v 0.649931 -0.468225 0.171304
v 0.669888 -0.648476 -0.410631
v 0.698031 -0.890730 -0.373513
v 0.681527 -0.440073 -0.312588
v 0.661673 -0.596914 -0.364829
v 0.660689 -0.400972 0.109393
v 0.659243 -0.502282 0.148770
v 0.668547 -0.724785 0.257663
v 0.693112 -0.788298 -0.389017
v 0.678478 -0.407570 0.095802
v 0.670955 -0.531750 -0.347774
v 0.681594 -0.580806 -0.375801
v 0.716936 -0.343439 -0.027972
v 0.688680 -0.721228 0.224067
v 0.692521 -0.638210 0.186699
v 0.711344 -0.800065 -0.393938
v 0.722312 -0.709896 0.225949
v 0.757476 -0.646660 -0.344724
v 0.751993 -0.542283 0.142246
v 0.738144 -0.842814 -0.369035
v 0.882504 -0.587613 -0.051372
v 0.775684 -0.434229 0.035731
v 0.843366 -0.597598 -0.293791
v 0.751517 -0.677091 0.200586
v 0.738913 -0.396268 -0.239386
v 0.774523 -0.790788 -0.344534
v 0.794053 -0.641727 0.146774
v 0.788064 -0.399356 -0.074769
v 0.770743 -0.574162 0.130578
v 0.832978 -0.480130 -0.142983
v 0.844917 -0.689098 -0.314755
v 0.842368 -0.595050 0.083128
v 0.832451 -0.654069 -0.321449
v 0.881986 -0.616191 -0.204711
v 0.881312 -0.611742 -0.168821
v 0.870384 -0.642925 -0.256870
v 0.868824 -0.543133 -0.055477
vn -0.9875 -0.1578 -0.0021
vn -0.9810 -0.1515 -0.1213
vn -0.9834 -0.1094 0.1446
vn -0.8887 0.4529 -0.0709
vn -0.9532 -0.2231 0.2041
vn -0.9272 -0.0855 -0.3647
vn -0.7465 0.4616 -0.4792
vn -0.8483 0.4777 0.2284
vn -0.7686 -0.6397 -0.0096
vn -0.9219 -0.1742 -0.3462
vn -0.8792 -0.1432 0.4544
vn -0.7436 0.3397 0.5759
vn -0.7858 -0.0779 -0.6135
vn -0.8667 -0.3041 0.3955
vn -0.3712 0.6521 0.6610
vn -0.6984 0.6413 -0.3176
vn -0.6947 -0.3041 -0.6518
vn -0.7081 0.7034 -0.0621
vn -0.9123 -0.1974 0.3588
vn -0.5224 0.3950 -0.7557
vn -0.5429 0.7322 0.4113
vn -0.6204 0.1250 0.7743
vn -0.6804 0.5729 0.4570
vn -0.8109 -0.4818 0.3322
vn -0.5809 0.5994 -0.5507
vn -0.2872 0.8637 0.4142
vn -0.7252 -0.3261 -0.6064
vn -0.9983 -0.0164 -0.0567
vn -0.6027 0.7771 0.1814
vn -0.2951 0.1809 -0.9382
vn -0.8883 -0.3310 -0.3183
vn -0.8046 -0.4461 0.3920
vn -0.6911 -0.3836 -0.6125
vn -0.3070 0.7826 0.5416
vn -0.6570 -0.0979 0.7475
vn -0.4349 0.7685 0.4694
vn -0.8764 -0.2334 0.4213
vn -0.8867 0.4531 0.0918
vn -0.9433 -0.1431 -0.2995
vn -0.5679 0.2010 0.7982
vn -0.5306 0.3446 0.7744
vn -0.9198 0.3152 -0.2337
vn -0.9489 -0.2335 0.2125
vn -0.9507 0.1366 0.2785
vn -0.4388 0.7768 0.4517
vn -0.7903 -0.0514 -0.6105
vn -0.7679 -0.2071 0.6061
vn -0.5825 -0.1085 0.8055
vn -0.5592 0.2638 0.7859
vn 0.9390 -0.0889 -0.3323
vn -0.8022 -0.5743 0.1632
vn -0.6965 0.7158 -0.0502
vn -0.8982 -0.0373 0.4380
vn -0.4474 0.2638 0.8545
vn 0.0938 0.4274 -0.8992
vn -0.6215 0.0056 -0.7834
vn -0.8343 0.1510 0.5303
vn -0.9337 0.1676 0.3165
vn -0.3824 0.3648 -0.8490
vn -0.6705 0.4132 0.6162
vn -0.3956 0.8326 0.3877
vn -0.3475 0.8421 0.4124
vn -0.2969 0.7338 -0.6110
vn 0.1431 0.4029 -0.9040
vn -0.3795 -0.9197 -0.1010
vn -0.4488 0.7491 0.4872
vn -0.0644 0.7688 -0.6362
vn -0.9627 0.1718 0.2090
vn -0.7764 -0.6223 -0.0995
vn -0.5157 0.3764 0.7697
vn -0.9792 0.0128 0.2026
vn 0.6859 0.3572 -0.6340
vn -0.2931 0.4146 -0.8615
vn -0.1713 0.7856 -0.5946
vn -0.7692 0.6030 -0.2118
vn -0.5474 0.5857 0.5978
vn -0.4146 0.3743 -0.8295
vn -0.9900 0.0886 0.1102
vn -0.5993 0.6717 -0.4355
vn 0.1730 0.9834 -0.0541
vn -0.4218 0.8092 0.4091
vn -0.2736 0.7058 -0.6534
vn -0.5597 0.5721 -0.5996
vn -0.7209 0.4101 0.5586
vn -0.9051 -0.3834 0.1837
vn -0.7415 -0.5129 -0.4326
vn -0.2041 0.9771 -0.0603
vn -0.5497 0.0860 0.8309
vn -0.0345 0.5877 -0.8084
vn -0.5146 0.8322 -0.2063
vn 0.2373 0.9576 0.1636
vn -0.1340 0.2276 -0.9645
vn -0.3877 0.7880 -0.4783
vn -0.4884 -0.3804 -0.7853
vn -0.8250 -0.4722 0.3105
vn -0.2402 0.6796 -0.6931
vn -0.7769 0.5275 0.3438
vn -0.7858 0.5104 0.3493
vn -0.7963 -0.4529 -0.4010
vn -0.2115 0.6398 -0.7388
vn -0.4001 -0.9165 -0.0012
vn -0.3447 -0.5627 -0.7514
vn -0.7521 0.4087 0.5170
vn -0.2133 0.7795 0.5889
vn -0.8436 0.4378 0.3108
vn -0.5043 0.6941 0.5138
vn -0.3833 0.6828 -0.6219
vn -0.1100 0.0846 -0.9903
vn -0.3908 0.5099 -0.7663
vn -0.3597 0.6280 -0.6901
vn -0.4877 -0.1852 -0.8532
vn -0.0692 -0.2441 -0.9673
vn -0.4388 -0.8258 0.3544
vn -0.5659 0.7296 0.3841
vn -0.4949 0.0776 0.8655
vn -0.1379 0.4958 -0.8574
vn -0.5975 -0.2278 -0.7689
vn -0.2099 0.5519 -0.8070
vn -0.8139 0.4908 0.3110
vn -0.6284 0.6271 0.4602
vn -0.6006 0.7993 0.0213
vn -0.2149 -0.7927 -0.5705
vn -0.7858 -0.4872 0.3810
vn -0.4495 0.1671 0.8775
vn -0.4445 0.7838 0.4337
vn -0.1178 0.8372 0.5340
vn -0.0495 0.5932 -0.8035
vn -0.7252 -0.0747 0.6845
vn 0.2462 0.2621 -0.9331
vn 0.0448 0.9345 0.3532
vn -0.3746 0.8139 -0.4442
vn -0.4245 0.7876 0.4467
vn -0.4371 0.4514 -0.7779
vn -0.3423 0.1200 -0.9319
vn -0.5829 0.1593 -0.7968
vn -0.2135 -0.7668 0.6054
vn -0.3488 -0.9366 0.0324
vn -0.7544 -0.1964 0.6263
vn -0.7078 0.5316 0.4651
vn -0.7656 0.1210 0.6318
vn -0.7105 0.5640 0.4208
vn -0.4139 0.2933 0.8618
vn -0.9091 0.3957 0.1301
vn 0.5527 -0.8269 -0.1039
vn -0.8027 -0.0563 0.5938
vn 0.4878 -0.8725 -0.0292
vn 0.2050 0.3773 -0.9031
vn -0.0387 -0.9514 -0.3054
vn -0.0968 0.7447 -0.6603
vn -0.9209 0.2988 0.2504
vn -0.1816 0.6151 -0.7673
vn -0.6797 0.4280 0.5956
vn 0.0898 0.0119 -0.9959
vn -0.4154 0.8774 -0.2401
vn -0.3771 0.9219 0.0895
vn -0.6155 0.7127 0.3365
vn -0.0837 -0.4928 -0.8661
vn -0.6200 -0.7484 0.2355
vn -0.4975 0.2086 0.8420
vn -0.4106 -0.0027 -0.9118
vn -0.3744 0.8946 0.2440
vn -0.4546 -0.4420 -0.7733
vn -0.1134 0.0430 -0.9926
vn -0.1955 -0.0843 -0.9771
vn -0.0559 0.8467 -0.5292
vn -0.3187 0.9472 0.0357
vn -0.4599 0.1072 0.8815
vn -0.4542 0.2073 -0.8665
vn -0.3440 -0.0577 -0.9372
vn -0.4372 -0.8982 0.0453
vn -0.4818 0.1882 -0.8558
vn 0.3969 0.7586 -0.5166
vn -0.4300 -0.0457 0.9017
vn -0.0645 -0.1325 0.9891
vn -0.0097 -0.9947 0.1026
vn -0.7327 0.5741 0.3654
vn -0.6734 0.4250 0.6049
vn -0.2922 0.9387 -0.1828
vn -0.0558 -0.6576 0.7513
vn -0.1361 0.6882 -0.7126
vn -0.3579 0.7883 0.5004
vn -0.1819 -0.7897 0.5859
vn -0.5966 0.5595 0.5754
vn -0.4502 0.8162 0.3623
vn 0.5717 -0.8200 0.0272
vn -0.5915 0.2741 0.7583
vn -0.4821 -0.8021 0.3525
vn -0.2076 0.7559 0.6209
vn 0.5401 0.5363 -0.6486
vn 0.2624 0.7562 -0.5995
vn -0.1036 0.8888 0.4464
vn 0.5817 -0.8077 0.0959
vn -0.0408 0.9551 0.2934
vn 0.1608 0.9869 -0.0137
vn -0.2179 0.4418 -0.8702
vn -0.3251 0.9285 0.1794
vn -0.4333 0.6443 0.6301
vn -0.0494 0.9005 -0.4320
vn -0.7312 -0.3040 0.6107
vn -0.6505 0.5005 0.5713
vn -0.6991 0.6646 0.2637
vn 0.0858 0.9928 0.0837
vn -0.4093 -0.6274 0.6625
vn -0.6719 0.6104 0.4196
vn -0.5876 -0.7699 0.2489
vn 0.2066 0.0775 -0.9754
vn 0.2954 0.9012 0.3172
vn -0.5089 0.7177 -0.4754
vn -0.4160 0.7719 -0.4808
vn -0.3332 0.9421 -0.0368
vn -0.2103 0.7451 -0.6329
vn -0.4872 0.0270 -0.8729
vn -0.2391 0.7766 0.5829
vn -0.3376 -0.6347 0.6951
vn 0.5723 0.5887 -0.5709
vn -0.4663 -0.3817 -0.7980
vn -0.0124 -0.5587 0.8293
vn 0.1392 0.3522 -0.9255
vn -0.3926 0.8829 0.2577
vn -0.3175 0.3582 -0.8780
vn -0.5673 -0.6565 0.4972
vn -0.3586 0.2651 0.8951
vn 0.2702 -0.8300 0.4879
vn -0.1182 -0.0489 0.9918
vn -0.3878 -0.1128 -0.9148
vn -0.6793 -0.3952 0.6183
vn -0.3532 0.5203 -0.7775
vn -0.4218 0.8781 0.2259
vn -0.6043 0.6580 0.4493
vn -0.6769 -0.4037 0.6155
vn -0.4288 0.6627 -0.6140
vn -0.3690 0.5579 -0.7433
vn 0.4829 0.8755 0.0189
vn -0.0949 0.0109 0.9954
vn 0.2573 0.7084 -0.6573
vn -0.4013 -0.1496 -0.9036
vn -0.1595 0.7257 0.6693
vn -0.9193 -0.2646 0.2912
vn -0.8317 0.4605 -0.3102
vn -0.9190 0.3305 0.2151
vn -0.8571 -0.0334 -0.5141
vn -0.8731 -0.4596 -0.1628
vn 0.0239 -0.9089 0.4163
vn -0.3088 0.3505 -0.8842
vn -0.5990 0.5252 0.6045
vn -0.9648 -0.1391 0.2234
vn -0.7470 0.4544 -0.4853
vn -0.7513 0.6571 0.0605
vn -0.7585 0.5986 -0.2574
vn -0.2866 0.6276 0.7239
vn -0.8345 -0.4220 0.3544
vn -0.3519 -0.2068 -0.9129
vn -0.9799 -0.1980 -0.0256
vn -0.8314 0.5468 -0.0991
vn -0.4155 0.8663 -0.2775
vn -0.6305 0.6813 -0.3718
vn 0.2026 0.9330 0.2976
vn -0.6191 0.7716 0.1463
vn -0.9555 0.0876 -0.2816
vn -0.3637 0.8906 0.2731
vn -0.9577 0.1051 -0.2678
vn -0.9200 0.1485 0.3628
vn -0.9062 0.4182 0.0624
vn -0.9216 -0.3217 0.2172
vn 0.1266 0.1293 -0.9835
vn -0.5877 -0.7352 -0.3378
vn -0.6393 -0.6847 0.3500
vn -0.5936 -0.8016 0.0706
vn -0.9852 -0.0036 0.1713
vn -0.9037 0.0456 0.4257
vn 0.0834 0.5823 -0.8087
vn -0.8111 -0.2816 0.5127
vn -0.9180 -0.3908 0.0677
vn -0.8747 -0.0562 0.4813
vn -0.5122 0.6119 -0.6027
vn -0.3941 0.8217 0.4118
vn -0.8934 0.3618 -0.2664
vn -0.9919 0.1249 -0.0217
vn -0.8818 -0.1506 0.4470
vn -0.1909 -0.7917 0.5803
vn -0.7084 -0.3764 0.5971
vn -0.3805 -0.5274 0.7597
vn -0.7045 -0.6969 0.1340
vn -0.9935 0.1135 -0.0041
vn -0.9479 0.1201 -0.2951
vn -0.6195 0.7311 0.2859
vn -0.9099 -0.2291 0.3458
vn -0.9754 -0.2139 -0.0529
vn -0.9765 -0.1938 -0.0946
vn -0.9120 -0.0885 0.4006
vn -0.3172 -0.4062 -0.8570
vn -0.9835 -0.1246 0.1309
vn -0.7207 0.0836 -0.6882
vn 0.0310 0.8737 0.4855
vn 0.3710 0.8557 0.3607
vn -0.9939 -0.0481 -0.0994
vn -0.8175 -0.5610 0.1298
vn -0.7835 0.5497 -0.2896
vn -0.8998 0.4325 0.0575
vn -0.7519 0.5834 -0.3070
vn -0.7482 0.6211 -0.2334
vn -0.6831 -0.5445 0.4867
vn -0.7844 -0.5017 -0.3647
vn -0.9655 0.0187 -0.2597
vn -0.5837 -0.1767 -0.7925
vn -0.9402 -0.3283 -0.0909
vn -0.9810 0.0205 0.1929
vn -0.8392 0.4830 -0.2500
vn 0.0397 -0.3940 0.9183
vn -0.9294 0.2475 -0.2739
vn -0.0945 -0.7994 -0.5933
vn -0.7755 -0.5835 0.2411
vn -0.8860 -0.4350 0.1605
vn -0.4871 0.6210 0.6141
vn -0.6809 -0.6312 0.3714
vn 0.2417 0.8105 0.5336
vn -0.8641 0.3419 0.3693
vn -0.1573 0.1800 0.9710
vn -0.8854 0.4510 -0.1124
vn -0.6205 0.1472 -0.7703
vn -0.9361 -0.2441 -0.2533
vn -0.6384 0.7437 -0.1984
vn -0.9298 0.0523 -0.3643
vn -0.6026 0.7460 0.2835
vn -0.5420 -0.4428 0.7143
vn -0.3821 0.8811 -0.2786
vn -0.2743 -0.6962 0.6634
vn -0.9481 0.2821 0.1468
vn -0.9281 0.0874 0.3618
vn -0.9286 -0.0414 0.3687
vn -0.8057 -0.3582 0.4717
vn -0.5196 -0.8086 0.2761
vn -0.9563 -0.2806 0.0825
vn -0.4674 -0.5414 0.6988
vn -0.7897 0.4627 -0.4029
vn -0.7023 0.6294 -0.3325
vn -0.7139 -0.5498 0.4337
vn -0.6171 0.2127 0.7576
vn -0.8271 -0.5015 -0.2538
vn -0.7983 -0.3048 0.5195
vn -0.2638 -0.5758 -0.7738
vn -0.9510 0.2749 0.1411
vn -0.0602 -0.1290 -0.9898
vn -0.8569 0.4977 0.1346
vn -0.4859 0.6696 0.5617
vn -0.3164 0.3387 -0.8861
vn -0.7784 0.4076 -0.4775
vn -0.9228 -0.0251 -0.3845
vn 0.0120 0.1784 -0.9839
vn -0.8844 -0.0257 -0.4660
vn -0.1709 0.6342 -0.7540
vn -0.8794 0.4754 -0.0256
vn -0.9888 0.1000 0.1105
vn -0.9799 0.1781 0.0898
vn -0.8167 0.5758 -0.0372
vn -0.7497 0.5343 -0.3904
vn -0.7662 -0.5936 0.2459
vn -0.9138 -0.3784 -0.1475
vn -0.9735 0.0359 -0.2259
vn -0.6665 -0.4529 0.5922
vn -0.7071 -0.6581 0.2586
vn -0.0262 -0.3102 0.9503
vn -0.9030 -0.4008 0.1551
vn -0.7619 -0.1597 -0.6277
vn -0.8492 -0.0353 -0.5268
vn -0.8544 -0.2496 0.4558
vn -0.8636 -0.0100 0.5041
vn -0.8661 -0.4868 -0.1135
vn -0.8082 -0.5518 -0.2059
vn -0.7583 0.5394 -0.3661
vn -0.2143 0.3049 0.9280
vn -0.9686 0.2006 -0.1471
vn -0.7397 -0.6610 -0.1262
vn -0.9202 0.3702 0.1270
vn -0.5335 0.8056 -0.2577
vn -0.9653 -0.2328 -0.1185
vn -0.3324 0.5176 -0.7884
vn -0.3471 -0.8493 0.3977
vn -0.4913 0.2126 0.8446
vn -0.9807 0.0933 -0.1719
vn -0.0546 0.8383 0.5424
vn -0.8909 0.4167 0.1808
vn -0.8713 -0.4870 -0.0602
vn -0.9750 0.0848 0.2053
vn -0.9900 -0.0216 0.1391
vn -0.5246 -0.3285 0.7854
vn -0.9011 -0.4066 0.1504
vn 0.0391 0.8018 -0.5963
vn -0.3429 0.9106 0.2308
vn -0.8951 -0.1451 -0.4215
vn -0.8370 0.4215 0.3489
vn -0.6737 -0.6500 0.3516
vn -0.9447 0.1758 -0.2768
vn -0.8559 -0.2219 0.4671
vn -0.4920 -0.0265 0.8702
vn -0.9675 0.2442 0.0659
vn -0.8913 -0.4056 0.2027
vn -0.8601 0.4952 -0.1223
vn -0.9581 0.0845 -0.2736
vn -0.7470 -0.6643 0.0244
vn -0.8484 0.0303 -0.5285
vn -0.6367 0.6164 -0.4634
vn -0.6841 -0.5908 0.4278
vn -0.8544 0.2386 0.4615
vn -0.8439 0.0984 -0.5274
vn -0.9350 0.0599 -0.3495
vn -0.9376 0.3203 0.1353
vn -0.5753 0.1677 0.8006
vn -0.1455 0.9337 -0.3271
vn -0.6527 -0.7462 -0.1309
vn -0.1579 0.2219 -0.9622
vn -0.8779 -0.1458 -0.4561
vn -0.6028 -0.5574 0.5709
vn 0.7192 0.5525 0.4213
vn -0.9936 0.0619 -0.0941
vn 0.3445 0.3133 -0.8850
vn -0.2951 -0.2965 0.9083
vn -0.6281 0.5278 -0.5717
vn -0.9853 0.1530 -0.0760
vn 0.2306 0.6420 -0.7312
vn -0.7651 0.6381 -0.0861
vn -0.3245 0.7794 0.5359
vn -0.3911 -0.4103 -0.8238
vn 0.8391 0.1236 -0.5298
vn -0.6789 -0.5925 0.4337
vn -0.8931 -0.0624 -0.4456
vn -0.5327 -0.8149 0.2285
vn 0.5435 0.6460 0.5360
vn -0.3459 -0.8975 -0.2735
vn -0.6745 0.4374 -0.5948
vn -0.9513 0.2177 0.2183
vn -0.7169 -0.3224 0.6181
vn -0.6663 0.5459 0.5080
vn 0.3000 0.8463 0.4402
vn -0.4713 -0.4039 0.7840
vn -0.7886 -0.1840 -0.5868
vn -0.9068 0.3861 -0.1696
vn 0.1625 -0.1624 0.9733
vn -0.3858 -0.3803 0.8405
vn -0.3246 0.9012 0.2873
vn -0.4845 -0.5506 0.6797
vn -0.5124 0.2105 0.8325
vn -0.9625 0.2660 -0.0535
vn -0.2023 -0.9625 -0.1810
vn -0.8669 0.3014 -0.3970
vn -0.8257 0.5276 0.1999
vn -0.8943 0.4440 0.0563
vn -0.6248 -0.0645 0.7781
vn -0.8189 0.5369 0.2028
vn -0.9252 0.0872 -0.3694
vn -0.0230 0.8152 0.5787
vn 0.1829 0.9638 0.1942
vn -0.8160 -0.2966 -0.4962
vn -0.7524 -0.5190 0.4057
vn -0.8625 0.0094 0.5059
vn -0.1049 -0.8777 0.4676
vn -0.5649 -0.8103 -0.1557
vn -0.7706 0.0054 -0.6373
vn -0.8954 0.1441 -0.4213
vn -0.9444 0.1573 0.2889
vn -0.9274 -0.1596 -0.3383
vn -0.1852 0.9824 -0.0247
vn -0.9471 0.2388 -0.2143
vn -0.8875 0.3383 0.3129
vn -0.6856 -0.5270 -0.5022
vn -0.8831 0.2586 0.3914
vn 0.4558 0.5602 0.6917
vn -0.9027 0.4163 0.1084
vn -0.8221 0.5168 0.2388
vn 0.1868 0.8601 0.4746
vn -0.6995 -0.3820 0.6040
vn 0.6599 0.6157 0.4307
vn -0.8581 -0.0618 -0.5097
vn -0.9035 0.4284 -0.0128
vn -0.7005 -0.4162 0.5797
vn -0.4155 -0.5788 0.7017
vn -0.9914 0.0226 -0.1287
vn 0.2536 0.8649 0.4331
vn -0.6506 0.5209 -0.5526
vn 0.2330 0.4165 0.8788
vn -0.8596 0.3618 0.3608
vn -0.5830 -0.5808 0.5682
vn 0.5257 0.6612 0.5352
vn 0.1131 -0.2705 0.9560
vn -0.8377 -0.1578 -0.5229
vn 0.4433 0.7906 0.4224
vn -0.3860 0.7855 -0.4837
vn -0.8498 0.2004 0.4875
vn -0.3223 0.3394 0.8837
vn -0.2825 0.9576 -0.0560
vn -0.8310 -0.5265 -0.1797
vn -0.5533 0.5362 -0.6375
vn 0.6551 -0.2329 -0.7187
vn -0.2213 -0.8883 0.4025
vn -0.4762 -0.7289 0.4918
vn -0.1985 -0.6709 0.7145
vn -0.8231 0.2682 -0.5006
vn -0.9442 0.0654 -0.3228
vn -0.7922 0.0710 0.6062
vn -0.8409 0.5096 -0.1821
vn -0.3951 0.4694 0.7897
vn -0.7701 0.0300 -0.6372
vn -0.3578 0.2059 0.9108
vn -0.5460 -0.3594 -0.7567
vn -0.8778 0.2849 -0.3851
vn -0.8790 0.4678 0.0928
vn -0.5881 0.6262 -0.5119
vn -0.8085 0.2842 -0.5154
vn -0.8135 0.5315 -0.2359
vn 0.5663 0.8177 0.1036
vn -0.3260 0.1424 -0.9346
vn -0.9381 0.3311 -0.1013
vn -0.6327 0.5546 0.5404
vn -0.7296 -0.0288 -0.6833
vn -0.6552 0.2088 -0.7260
vn -0.4274 -0.6544 0.6238
vn -0.4980 -0.5353 0.6823
vn -0.7664 -0.3323 -0.5497
vn -0.8759 0.3950 0.2771
vn -0.8144 0.5232 0.2511
vn -0.7974 -0.1609 -0.5817
vn 0.8109 0.4594 0.3625
vn -0.3551 0.6319 -0.6889
vn 0.4053 0.0857 -0.9102
vn -0.3332 0.3534 0.8741
vn -0.4616 0.6145 0.6398
vn -0.5776 -0.7454 0.3329
vn -0.6994 0.0870 0.7094
vn -0.0429 0.1735 -0.9839
vn -0.7412 0.3527 -0.5712
vn -0.7393 0.0717 -0.6696
vn -0.2356 0.4703 -0.8505
vn -0.7498 -0.3721 -0.5472
vn 0.5381 -0.6094 0.5823
vn -0.8073 0.4869 0.3335
vn 0.0179 0.3969 0.9177
vn -0.7809 -0.1082 0.6152
vn -0.4343 -0.6135 0.6595
vn -0.7432 -0.6678 0.0417
vn -0.5728 0.0498 0.8181
vn -0.7589 -0.2382 -0.6060
vn -0.5025 -0.0345 -0.8639
vn -0.7742 0.4563 -0.4387
vn -0.3589 0.5116 -0.7806
vn -0.7450 0.2955 0.5980
vn 0.7889 0.4730 0.3924
vn 0.0209 -0.8467 0.5317
vn -0.8480 0.1995 -0.4911
vn 0.2747 -0.9527 0.1302
vn -0.1225 -0.7674 0.6293
vn 0.2702 0.9536 -0.1330
vn -0.5459 0.8263 0.1384
vn 0.8169 -0.2125 0.5362
vn -0.5819 -0.6688 -0.4628
vn -0.8527 -0.3691 0.3698
vn -0.8053 0.5592 -0.1969
vn -0.5165 0.4271 -0.7421
vn -0.7859 0.5280 0.3217
vn -0.7802 0.5399 0.3160
vn 0.0323 0.0612 0.9976
vn -0.3298 -0.5856 0.7405
vn -0.4921 0.5322 0.6889
vn 0.1766 -0.7194 0.6718
vn 0.8549 0.4984 -0.1440
vn -0.6685 0.4353 -0.6030
vn 0.4199 -0.0797 0.9041
vn -0.1601 0.5695 0.8062
vn -0.6802 -0.1881 -0.7085
vn -0.7849 0.5228 0.3326
vn 0.4090 0.8998 0.1518
vn -0.6853 0.3606 -0.6327
vn 0.0465 0.7215 -0.6908
vn -0.3021 0.9515 0.0579
vn -0.1596 -0.6228 0.7659
vn -0.6703 0.0054 -0.7421
vn -0.7542 0.5934 -0.2811
vn -0.7091 0.1141 -0.6958
vn -0.9196 0.3925 0.0156
vn -0.3202 -0.2135 0.9230
vn -0.9453 -0.2901 0.1493
vn -0.7222 0.2151 -0.6574
vn 0.5752 0.7893 0.2147
vn 0.0548 0.3015 0.9519
vn -0.9194 0.3805 0.0998
vn -0.7882 0.6136 0.0465
vn -0.7827 0.6112 0.1175
vn -0.6580 0.6664 -0.3506
vn -0.6871 -0.6377 0.3481
vn -0.1856 0.7756 -0.6034
vn -0.3167 0.6233 0.7150
vn -0.7835 0.2806 0.5545
vn -0.4980 0.0132 -0.8671
vn -0.8394 0.2348 0.4902
vn -0.6770 -0.5157 -0.5250
vn -0.5882 -0.7780 0.2210
vn -0.6346 0.6104 -0.4741
vn 0.2851 0.9339 0.2158
vn -0.8604 0.1894 -0.4731
vn 0.1408 0.6493 -0.7474
vn -0.2176 -0.5387 -0.8139
vn -0.6718 0.2820 -0.6850
vn -0.5231 -0.8043 0.2819
vn -0.7552 0.5176 0.4023
vn -0.4225 -0.7277 0.5404
vn 0.2369 0.7336 0.6369
vn 0.0661 -0.7819 -0.6199
vn -0.6778 0.3562 -0.6432
vn -0.5793 -0.6294 -0.5178
vn -0.7245 -0.6892 -0.0073
vn -0.5757 0.7265 0.3752
vn -0.4034 0.6160 0.6767
vn -0.5488 -0.4144 0.7260
vn 0.4517 0.3888 -0.8030
vn -0.5748 -0.3919 -0.7183
vn 0.0865 0.4635 -0.8819
vn -0.3521 0.0554 -0.9343
vn -0.7541 0.3099 0.5791
vn 0.0726 -0.4079 0.9101
vn -0.1735 -0.7943 0.5822
vn -0.6692 -0.4097 0.6200
vn -0.4484 -0.4720 0.7591
vn -0.8934 0.3439 0.2892
vn -0.2772 -0.3679 0.8876
vn -0.8591 -0.4846 -0.1648
vn -0.2627 0.5650 0.7821
vn -0.7556 -0.0613 -0.6521
vn -0.7053 0.0329 -0.7082
vn -0.5254 -0.0900 -0.8461
vn -0.8430 -0.5139 0.1589
vn 0.4697 -0.2039 -0.8590
vn -0.6052 0.2464 -0.7570
vn -0.2106 0.2865 0.9346
vn -0.7299 0.1803 0.6593
vn -0.2648 -0.9005 0.3449
vn 0.4307 0.8294 0.3557
vn -0.9787 0.0076 0.2050
vn 0.5351 0.8355 0.1253
vn -0.7793 0.3730 0.5035
vn -0.7463 0.6654 0.0134
vn -0.8105 0.5851 -0.0276
vn -0.0431 0.2808 0.9588
vn -0.3353 -0.5581 0.7590
vn -0.4147 0.5179 -0.7482
vn -0.6607 -0.1626 0.7329
vn -0.7827 0.5667 0.2571
vn -0.6486 0.7236 -0.2361
vn -0.9390 0.2394 0.2468
vn -0.5532 -0.7198 0.4192
vn -0.5386 -0.8319 0.1339
vn 0.1310 0.8195 -0.5579
vn -0.2728 -0.9499 0.1524
vn -0.7429 0.6284 0.2305
vn -0.7848 0.6141 0.0834
vn -0.2673 0.5307 -0.8043
vn 0.4768 0.5609 -0.6768
vn -0.6916 0.4701 0.5484
vn -0.9309 0.3354 0.1446
vn -0.6292 0.4246 -0.6510
vn 0.1175 -0.9832 0.1394
vn 0.1439 0.9892 0.0269
vn -0.1323 -0.7631 0.6326
vn -0.2930 0.4489 0.8442
vn -0.0083 0.7498 0.6616
vn -0.1561 -0.0511 -0.9864
vn -0.6543 -0.7538 0.0599
vn -0.5200 -0.5920 0.6157
vn -0.9342 0.2863 0.2127
vn -0.1260 -0.8373 -0.5320
vn 0.3364 -0.0551 0.9401
vn -0.0364 -0.2459 0.9686
vn -0.6518 -0.2146 -0.7274
vn -0.6662 0.6976 -0.2636
vn -0.7192 0.5736 -0.3920
vn 0.7065 0.6632 -0.2470
vn -0.7018 0.5318 -0.4740
vn -0.7155 0.0708 -0.6950
vn -0.8039 -0.0580 0.5920
vn -0.6441 -0.0517 -0.7632
vn -0.2179 0.3932 0.8932
vn -0.5104 -0.0746 -0.8567
vn -0.2436 0.5983 -0.7633
vn 0.0039 0.7393 0.6733
vn -0.7523 -0.0516 -0.6568
vn -0.7033 0.7069 0.0749
vn -0.7400 -0.1554 0.6543
vn -0.6965 0.6200 -0.3611
vn -0.2090 -0.3476 -0.9140
vn -0.3580 -0.6664 -0.6541
vn -0.6188 0.7720 0.1451
vn -0.8181 -0.3325 -0.4692
vn -0.4223 0.2745 -0.8639
vn 0.4006 -0.7666 -0.5018
vn 0.1055 -0.5557 0.8247
vn -0.6115 -0.3474 -0.7109
vn -0.3255 0.4853 -0.8115
vn -0.3987 -0.4691 0.7880
vn -0.8311 0.5562 0.0010
vn 0.1365 -0.6015 0.7871
vn 0.4069 0.5996 -0.6892
vn -0.6604 0.6835 0.3109
vn -0.7038 -0.2328 -0.6712
vn 0.4020 -0.1322 0.9060
vn -0.7073 0.6077 -0.3610
vn -0.8031 0.1111 0.5854
vn 0.1797 -0.0538 0.9823
vn 0.2172 -0.9337 0.2846
vn -0.2904 0.5883 0.7547
vn 0.1484 -0.1672 -0.9747
vn -0.5201 -0.3539 0.7773
vn -0.2018 0.5511 0.8097
vn 0.3259 0.9206 -0.2153
vn -0.5219 -0.1488 -0.8399
vn -0.6693 -0.7293 -0.1421
vn -0.7571 -0.6514 0.0496
vn -0.5170 0.1113 -0.8487
vn -0.3220 -0.9106 -0.2590
vn -0.7959 0.4899 0.3557
vn -0.4382 0.2527 -0.8627
vn -0.7566 0.3794 0.5325
vn -0.7318 -0.6805 -0.0384
vn -0.9041 0.4114 0.1155
vn -0.0837 -0.9960 -0.0300
vn 0.6375 0.7435 0.2020
vn -0.3109 0.7585 -0.5728
vn -0.6240 -0.5912 0.5109
vn -0.7799 0.5073 0.3666
vn -0.7067 0.6799 -0.1959
vn -0.5429 -0.4685 0.6970
vn -0.6438 0.6004 -0.4745
vn -0.7078 0.0496 0.7047
vn 0.0102 -0.9922 0.1243
vn -0.2002 -0.7708 0.6049
vn -0.5880 0.0552 -0.8070
vn -0.2084 0.3663 -0.9069
vn -0.2767 0.1023 -0.9555
vn -0.4583 -0.0981 0.8834
vn -0.2870 0.9314 0.2239
vn -0.5563 0.4846 -0.6750
vn -0.6922 0.3434 0.6347
vn 0.4333 -0.2602 0.8629
vn -0.4712 0.7817 -0.4087
vn -0.7301 0.6221 0.2830
vn -0.2423 -0.6886 -0.6834
vn -0.5422 0.3952 -0.7415
vn -0.6204 0.3776 0.6874
vn -0.5772 -0.7124 0.3991
vn -0.5692 0.2222 -0.7916
vn 0.3960 0.9176 0.0350
vn -0.2941 0.5831 0.7573
vn 0.0134 0.7097 -0.7044
vn -0.6657 0.6562 0.3553
vn 0.0469 0.3891 0.9200
vn -0.3969 0.1905 -0.8979
vn -0.8084 -0.0803 0.5831
vn 0.6805 -0.4604 0.5701
vn -0.9490 0.1973 0.2459
vn 0.1793 0.8043 0.5666
vn 0.3317 0.9331 0.1386
vn -0.6529 0.2705 0.7075
vn -0.8290 -0.5457 0.1222
vn 0.0167 -0.6575 0.7533
vn -0.1986 0.4675 -0.8614
vn -0.6087 -0.5088 0.6088
vn -0.6650 0.0519 0.7450
vn -0.1759 -0.9780 0.1120
vn -0.7390 -0.1589 0.6547
vn 0.5477 -0.7978 0.2520
vn -0.6169 0.7682 -0.1710
vn -0.5016 0.4781 -0.7210
vn -0.4866 -0.6530 -0.5803
vn -0.6631 -0.7312 -0.1600
vn -0.4205 0.3728 -0.8272
vn -0.7071 0.6924 -0.1436
vn -0.7358 0.6679 -0.1119
vn -0.8158 0.2969 0.4963
vn -0.7102 -0.6642 0.2334
vn -0.0849 0.9834 0.1605
vn -0.3598 0.7996 0.4808
vn -0.0184 -0.8975 0.4406
vn 0.3787 -0.1648 0.9107
vn -0.7218 0.2710 0.6368
vn 0.2054 0.8180 0.5373
vn -0.5841 -0.2455 0.7736
vn -0.4244 0.7277 -0.5388
vn -0.4991 -0.6564 0.5657
vn -0.4595 0.8870 -0.0459
vn -0.1879 -0.5035 -0.8433
vn -0.8109 0.2734 0.5173
vn -0.9104 0.4042 -0.0882
vn -0.7169 0.2837 0.6369
vn -0.2936 -0.8284 0.4771
vn -0.7301 0.6619 0.1698
vn 0.1852 -0.7555 0.6284
vn -0.9203 -0.2924 -0.2600
vn -0.7100 -0.5182 -0.4769
vn -0.0425 0.9124 -0.4072
vn -0.0188 0.5869 0.8094
vn -0.8649 -0.2121 -0.4550
vn 0.1136 0.5270 -0.8423
vn -0.6772 0.5615 -0.4754
vn -0.3538 0.1100 -0.9288
vn -0.7139 -0.5979 -0.3644
vn -0.7019 0.6488 0.2940
vn -0.3388 0.3565 0.8707
vn -0.6098 -0.2428 0.7545
vn -0.4369 -0.0650 -0.8972
vn -0.5478 -0.1774 0.8176
vn -0.9978 0.0421 0.0507
vn -0.8412 0.5025 -0.1995
vn -0.7697 0.1083 0.6291
vn -0.8013 0.3028 0.5159
vn -0.9894 0.0904 0.1139
vn -0.0338 0.3446 0.9381
vn -0.8848 0.1032 0.4544
vn 0.3245 0.3949 0.8595
vn -0.5980 0.7687 0.2270
vn -0.5162 -0.2160 0.8287
vn -0.6729 -0.0329 -0.7390
vn 0.1059 -0.1476 -0.9834
vn -0.6776 -0.4962 -0.5429
vn -0.5364 -0.2793 0.7964
vn 0.2709 0.9623 0.0263
vn 0.3917 0.7623 -0.5152
vn -0.4251 -0.6715 0.6070
vn -0.6572 0.6339 0.4078
vn -0.1856 0.0806 0.9793
vn -0.7100 -0.4396 -0.5501
vn 0.2200 -0.3168 0.9226
vn -0.9852 0.1716 0.0016
vn -0.7498 -0.1536 0.6436
vn -0.6541 -0.2672 0.7076
vn -0.6837 -0.5589 -0.4692
vn -0.8947 -0.4012 -0.1961
vn -0.3358 0.1294 0.9330
vn -0.8525 0.4896 -0.1829
vn -0.6535 0.2568 0.7120
vn -0.1337 0.3176 -0.9388
vn -0.0513 0.7024 -0.7099
vn -0.4873 0.3048 -0.8183
vn -0.5632 0.8259 -0.0268
vn -0.2842 -0.6417 -0.7124
vn -0.4978 0.1868 0.8469
vn -0.8205 0.4836 -0.3049
vn -0.1221 0.9380 -0.3245
vn -0.7177 0.4186 0.5565
vn -0.6981 0.2786 0.6596
vn 0.2193 0.8108 -0.5426
vn -0.6095 0.4486 0.6536
vn -0.9682 -0.1939 0.1578
vn 0.2028 -0.6735 0.7108
vn -0.9577 -0.0438 0.2843
vn -0.6095 -0.2194 0.7618
vn -0.6121 -0.1152 -0.7823
vn -0.7004 0.6039 0.3804
vn 0.4466 0.8851 -0.1311
vn -0.7507 -0.1349 -0.6467
vn 0.1855 0.6695 -0.7193
vn -0.6307 0.3041 0.7140
vn -0.7334 0.6521 0.1921
vn -0.1535 0.8255 0.5431
vn -0.3881 0.4777 -0.7881
vn -0.8026 0.5473 0.2371
vn -0.6377 0.5593 0.5297
vn -0.9365 0.0992 0.3364
vn -0.9586 0.1866 -0.2150
vn -0.5671 0.7766 0.2743
vn -0.7892 0.1614 0.5926
vn 0.0169 0.1088 0.9939
vn -0.6734 0.2424 -0.6984
vn -0.6307 -0.7476 0.2079
vn -0.1170 -0.8833 0.4541
vn -0.5608 0.6124 -0.5572
vn -0.3239 -0.6830 -0.6547
vn -0.6674 0.5955 -0.4472
vn -0.1941 -0.7875 -0.5850
vn -0.4198 0.6943 -0.5846
vn -0.4848 0.6783 -0.5521
vn -0.5179 -0.0063 0.8554
vn 0.1505 -0.1404 -0.9786
vn -0.3202 0.5691 -0.7573
vn -0.6074 0.7236 -0.3277
vn -0.7532 0.6449 -0.1298
vn -0.8706 0.2183 0.4408
vn -0.1185 0.4920 -0.8625
vn -0.6075 -0.7905 -0.0772
vn -0.7312 0.6483 0.2122
vn 0.2262 0.9589 -0.1712
vn -0.6391 0.1729 -0.7494
vn -0.1698 -0.3192 -0.9324
vn 0.4568 0.8342 0.3091
vn -0.3000 -0.9407 0.1586
vn -0.7850 -0.6186 0.0342
vn 0.0254 0.5959 -0.8026
vn -0.4688 0.3842 0.7954
vn -0.4040 -0.8325 0.3791
vn -0.4910 -0.4510 0.7453
vn -0.7923 0.1376 0.5944
vn -0.3228 0.4659 0.8239
vn -0.3002 -0.0364 -0.9532
vn -0.2841 0.6190 0.7322
vn -0.6672 0.3541 0.6553
vn -0.9150 -0.0360 0.4019
vn -0.4087 -0.6847 -0.6035
vn -0.5948 0.1309 0.7932
vn -0.5558 0.0292 -0.8308
vn -0.6710 0.6893 0.2731
vn -0.4635 0.7176 0.5198
vn -0.6804 0.5727 0.4572
vn -0.5493 0.2010 -0.8111
vn 0.3790 -0.0429 0.9244
vn -0.3668 0.7367 -0.5681
vn -0.7478 0.5974 0.2896
vn -0.9110 -0.1004 -0.4001
vn -0.5192 0.4639 -0.7178
vn -0.6733 -0.3463 0.6532
vn -0.6135 0.1217 0.7803
vn -0.5225 0.8501 -0.0650
vn -0.9348 0.3193 0.1559
vn -0.8632 0.4871 0.1326
vn -0.1448 -0.8828 -0.4469
vn -0.9104 -0.3998 0.1068
vn -0.6601 -0.6784 -0.3227
vn -0.8724 0.2691 -0.4080
vn -0.5901 -0.0773 -0.8036
vn -0.7013 0.6849 -0.1980
vn -0.5429 0.8392 -0.0317
vn -0.0229 0.3826 0.9236
vn 0.0537 0.6049 -0.7945
vn -0.4803 -0.7107 0.5141
vn -0.6611 0.5915 0.4617
vn 0.0888 -0.9886 -0.1220
vn 0.0876 0.6757 0.7319
vn -0.7771 0.4898 0.3952
vn -0.7942 -0.2076 -0.5711
vn -0.3220 -0.6991 0.6384
vn -0.6935 0.0016 0.7205
vn -0.8501 -0.3815 0.3630
vn -0.5772 0.4287 -0.6950
vn -0.6501 -0.3674 0.6651
vn -0.7733 -0.6286 -0.0823
vn -0.6205 -0.1130 0.7760
vn -0.7217 0.3720 0.5837
vn 0.0019 -0.8445 0.5355
vn -0.8111 0.5530 -0.1905
vn -0.5414 -0.1264 -0.8312
vn -0.2066 0.9376 0.2798
vn -0.9462 -0.1146 0.3026
vn -0.8116 0.1943 -0.5510
vn -0.5069 0.4857 0.7121
vn -0.5923 -0.0151 -0.8056
vn -0.7010 -0.0206 -0.7128
vn -0.4379 0.1460 0.8871
vn -0.6140 0.4551 0.6449
vn -0.5603 0.8281 -0.0189
vn -0.3387 0.5854 -0.7366
vn -0.6131 -0.3944 0.6845
vn -0.7796 -0.3720 0.5039
vn -0.6626 0.5902 -0.4611
vn -0.5302 0.6005 0.5985
vn -0.8083 -0.0420 0.5872
vn -0.9591 -0.1726 0.2245
vn -0.8901 -0.3293 0.3151
vn -0.6172 0.2980 -0.7282
vn -0.3770 0.7580 -0.5322
vn -0.5237 0.8518 -0.0122
vn 0.3462 -0.2979 -0.8896
vn -0.4786 0.8641 -0.1557
vn -0.5228 0.4988 -0.6913
vn -0.3813 0.8730 -0.3041
vn 0.3346 0.9407 0.0561
vn -0.5655 0.7357 -0.3728
vn 0.4119 0.4169 -0.8103
vn -0.2230 -0.1032 -0.9693
vn -0.7232 0.2697 -0.6358
vn -0.6054 0.6346 0.4804
vn -0.2474 0.5951 0.7646
vn -0.2079 -0.1762 0.9622
vn -0.2453 -0.3041 0.9205
vn -0.6888 -0.6505 -0.3199
vn -0.1828 0.7645 0.6182
vn -0.6193 0.3945 0.6789
vn -0.6818 0.2130 0.6998
vn -0.2502 -0.7175 -0.6500
vn 0.0893 -0.0784 0.9929
vn -0.3143 -0.2484 -0.9163
vn -0.6574 0.4956 -0.5676
vn -0.4498 0.2358 0.8614
vn -0.3675 0.8016 0.4716
vn -0.8346 0.2930 -0.4664
vn -0.6420 0.1915 -0.7424
vn -0.0875 0.3595 0.9290
vn -0.6991 0.4697 0.5391
vn 0.5115 -0.3779 -0.7717
vn -0.5346 -0.8107 -0.2389
vn 0.3625 -0.2907 0.8855
vn -0.6626 -0.6321 0.4018
vn -0.1958 0.7170 -0.6690
vn 0.0018 -0.2724 -0.9622
vn -0.5941 -0.5678 -0.5698
vn -0.5818 0.5921 -0.5577
vn -0.6405 0.0244 -0.7675
vn -0.8003 -0.4397 -0.4077
vn -0.6235 -0.1143 -0.7735
vn -0.3800 -0.4381 0.8146
vn -0.1270 0.3109 -0.9419
vn -0.5274 0.1040 -0.8432
vn -0.2918 0.9163 -0.2741
vn -0.4301 0.8493 -0.3061
vn -0.5644 0.5618 -0.6048
vn -0.6202 0.1756 0.7646
vn 0.1815 0.1962 0.9636
vn 0.1483 0.6991 0.6995
vn -0.3291 0.9052 -0.2688
vn 0.5740 -0.2096 0.7916
vn -0.7849 0.3139 -0.5343
vn -0.6991 0.3191 -0.6399
vn -0.6594 0.5293 0.5339
vn -0.7346 -0.0277 0.6780
vn -0.8493 0.3888 -0.3570
vn -0.8277 -0.1849 0.5299
vn -0.4955 -0.0515 -0.8671
vn -0.6239 0.1397 0.7689
vn -0.2498 -0.5359 -0.8064
vn -0.6109 0.2013 -0.7657
vn -0.2697 0.7736 0.5734
vn -0.4872 -0.0113 0.8732
vn -0.4861 0.8215 -0.2980
vn -0.4626 0.2984 -0.8349
vn -0.7519 0.1061 -0.6507
vn -0.6064 -0.0080 0.7951
vn -0.5064 0.8544 -0.1164
vn -0.4473 -0.6737 -0.5882
vn -0.3246 0.8048 0.4969
vn 0.5419 0.5465 -0.6385
vn -0.6434 -0.3368 0.6875
vn -0.1582 0.8799 0.4480
vn -0.2932 -0.6246 -0.7238
vn -0.5972 0.6396 -0.4841
vn -0.3033 -0.9307 -0.2045
vn 0.6728 0.7332 -0.0989
vn -0.1738 0.7567 -0.6302
vn 0.2413 0.7881 -0.5663
vn 0.2545 0.9251 -0.2818
vn -0.6359 0.1112 -0.7637
vn -0.1845 0.1713 -0.9678
vn -0.6314 0.5628 0.5335
vn -0.3206 0.6825 -0.6569
vn -0.3524 0.6852 0.6374
vn -0.4557 0.6176 -0.6411
vn -0.4877 0.4885 0.7235
vn 0.1544 0.2108 0.9653
vn -0.6254 -0.2358 -0.7438
vn -0.0281 0.7593 -0.6501
vn -0.2988 0.1364 -0.9445
vn -0.8190 0.0670 -0.5699
vn -0.6884 0.0238 0.7250
vn -0.8515 0.5187 -0.0774
vn -0.3849 -0.5885 0.7110
vn -0.4211 -0.0459 -0.9059
vn -0.2233 0.1492 -0.9633
vn -0.5184 0.5079 -0.6880
vn -0.4061 0.6586 0.6335
vn -0.6293 0.5915 0.5042
vn 0.1963 0.1566 -0.9680
vn -0.4831 -0.6488 -0.5879
vn -0.6167 0.7870 0.0170
vn 0.1896 0.9405 -0.2820
vn -0.8754 -0.4833 0.0049
vn -0.4434 -0.8946 0.0553
vn -0.2978 0.6731 -0.6770
vn -0.0706 0.6467 -0.7594
vn -0.4550 -0.8597 -0.2319
vn -0.3600 0.7796 -0.5125
vn -0.5299 0.7798 0.3333
vn -0.2865 -0.4127 0.8647
vn -0.6639 0.6258 -0.4094
vn -0.4470 0.8809 -0.1559
vn -0.4800 0.5344 0.6958
vn -0.2422 0.5529 0.7973
vn -0.5109 0.1092 0.8527
vn -0.5550 0.3319 -0.7628
vn -0.4430 0.1278 0.8874
vn -0.7210 0.1543 0.6755
vn -0.5943 -0.7894 -0.1535
vn 0.2392 0.9537 -0.1824
vn -0.0643 -0.8671 0.4939
vn -0.6364 -0.2363 0.7342
vn -0.2288 -0.9288 0.2916
vn -0.7488 0.2798 -0.6008
vn -0.4985 0.1600 -0.8520
vn -0.6422 0.6308 -0.4355
vn -0.4423 0.1762 -0.8794
vn -0.5593 0.4152 0.7175
vn -0.6000 0.7186 0.3516
vn -0.2825 -0.1246 0.9511
vn -0.4029 0.1568 -0.9017
vn -0.3369 0.9153 -0.2209
vn -0.5182 -0.0789 -0.8516
vn -0.5049 0.3400 0.7934
vn -0.3596 -0.8317 -0.4230
vn 0.0184 0.4263 0.9044
vn -0.4244 0.5330 -0.7320
vn -0.5784 0.8108 0.0899
vn -0.1409 -0.9829 0.1182
vn -0.6204 0.7822 -0.0568
vn 0.2012 0.6137 0.7634
vn -0.7000 -0.3482 0.6235
vn -0.3601 0.7611 0.5394
vn 0.1677 0.3744 0.9120
vn -0.4227 0.1837 0.8874
vn -0.2810 0.6104 0.7406
vn -0.2283 0.1655 -0.9594
vn -0.8708 -0.4147 -0.2641
vn -0.2964 0.4176 0.8589
vn -0.0860 -0.5723 -0.8155
vn -0.1879 -0.6789 0.7098
vn -0.3416 0.3029 -0.8897
vn -0.5377 0.2632 0.8010
vn -0.3565 0.0502 -0.9329
vn -0.5453 0.1052 0.8316
vn -0.6425 -0.2789 0.7137
vn -0.6163 -0.2716 0.7392
vn -0.2631 -0.2637 0.9280
vn -0.1615 -0.7822 0.6017
vn -0.5475 0.6745 -0.4953
vn -0.4256 -0.1770 0.8874
vn -0.2548 0.8361 -0.4859
vn -0.4638 0.1839 0.8666
vn -0.6159 0.5316 0.5814
vn -0.5914 0.3089 -0.7449
vn -0.3235 -0.1027 -0.9406
vn -0.0722 -0.4395 -0.8953
vn -0.3245 0.5375 0.7783
vn 0.0207 -0.8778 0.4786
vn -0.1600 -0.9061 0.3916
vn -0.5934 -0.0025 0.8049
vn -0.3195 -0.7110 -0.6264
vn -0.6822 0.6275 -0.3753
vn -0.3146 0.8276 0.4649
vn -0.5039 0.3920 -0.7697
vn -0.5147 0.5264 -0.6767
vn 0.0872 0.6035 -0.7926
vn -0.4960 -0.7418 0.4514
vn 0.2917 -0.6291 0.7205
vn -0.4702 0.4913 -0.7332
vn -0.2853 -0.7487 -0.5984
vn -0.6499 0.4678 0.5990
vn -0.4311 0.7490 -0.5031
vn -0.5132 0.2611 -0.8176
vn -0.0871 0.0514 -0.9949
vn -0.0948 -0.1115 0.9892
vn -0.2492 0.9128 -0.3235
vn 0.0054 0.5212 -0.8534
vn -0.5677 -0.0422 0.8221
vn -0.3807 0.4815 -0.7894
vn -0.1524 0.9247 0.3490
vn -0.4579 0.8725 -0.1703
vn 0.1248 -0.2608 0.9573
vn -0.4293 0.2026 -0.8801
vn -0.5620 -0.8112 0.1615
vn -0.5649 0.4822 0.6696
vn -0.3010 0.7427 0.5982
vn -0.0957 0.8960 -0.4336
vn 0.4903 -0.1551 0.8577
vn -0.3864 0.3650 -0.8470
vn -0.4909 0.8697 0.0510
vn 0.0492 0.3740 -0.9261
vn -0.3785 0.7686 -0.5158
vn -0.3375 0.6192 -0.7090
vn -0.5123 0.3674 -0.7763
vn -0.6025 0.2146 0.7688
vn -0.4617 0.6374 -0.6169
vn 0.0309 0.1878 0.9817
vn 0.4920 0.6887 -0.5326
vn -0.4898 0.2669 0.8300
vn 0.3349 0.7496 -0.5709
vn 0.2338 0.3233 0.9169
vn -0.9708 -0.1377 0.1964
vn -0.6080 -0.5047 0.6129
vn -0.5047 0.5841 -0.6356
vn 0.1657 0.0834 -0.9826
vn 0.2842 0.9546 -0.0893
vn -0.9380 -0.3461 -0.0209
vn -0.9411 0.2609 -0.2149
vn 0.2702 -0.0376 0.9621
vn -0.4300 0.8646 0.2601
vn -0.4768 -0.8764 0.0681
vn -0.4073 0.2155 -0.8875
vn -0.4611 0.5463 -0.6993
vn -0.4587 -0.1976 -0.8663
vn -0.4098 0.4566 -0.7897
vn -0.2606 0.3908 -0.8828
vn -0.2124 -0.3289 -0.9202
vn -0.6628 0.3862 0.6414
vn -0.5908 0.6830 0.4294
vn -0.4134 0.7399 0.5306
vn -0.4534 0.2545 0.8542
vn -0.5090 0.3228 0.7979
vn -0.8346 -0.3064 0.4577
vn -0.0748 0.0063 0.9972
vn -0.4334 0.3087 -0.8467
vn -0.6425 -0.0816 0.7620
vn 0.2568 0.9546 0.1511
vn -0.2223 -0.0956 -0.9703
vn -0.0055 0.7329 -0.6803
vn -0.4418 0.7397 0.5077
vn -0.3606 0.2691 0.8931
vn -0.2403 0.2202 -0.9454
vn -0.5351 -0.2834 0.7958
vn 0.2523 0.9624 -0.1008
vn -0.1946 0.9409 -0.2771
vn -0.7586 0.2194 0.6135
vn -0.6142 0.7092 0.3461
vn 0.4424 -0.1354 0.8866
vn 0.3511 0.9362 0.0138
vn -0.7529 -0.3875 0.5319
vn -0.7229 -0.0355 -0.6900
vn -0.4525 0.1856 0.8722
vn 0.0493 -0.6275 -0.7770
vn -0.0291 0.5654 0.8243
vn -0.0532 -0.7700 0.6358
vn -0.4873 -0.0861 -0.8690
vn -0.6017 0.0791 0.7948
vn -0.0408 0.6560 -0.7536
vn -0.3663 0.3870 0.8462
vn -0.6703 0.6889 -0.2761
vn 0.3839 0.6588 -0.6470
vn -0.7230 -0.3494 0.5959
vn -0.8149 -0.1316 0.5645
vn -0.0701 -0.8735 -0.4818
vn 0.5112 -0.4166 0.7517
vn -0.4287 0.3698 -0.8243
vn -0.3879 -0.6064 -0.6941
vn -0.4623 0.8591 0.2196
vn -0.3368 -0.6924 -0.6381
vn -0.2398 -0.2405 0.9406
vn 0.0136 0.8335 -0.5523
vn -0.2346 -0.3145 -0.9198
vn -0.0735 0.7539 0.6529
vn -0.2720 0.4210 -0.8653
vn -0.4856 0.6647 0.5678
vn -0.1806 0.6805 -0.7101
vn 0.0905 0.6519 0.7529
vn -0.1955 0.4082 0.8917
vn -0.0010 -0.4262 0.9046
vn -0.1345 0.9642 0.2284
vn -0.5045 0.6154 -0.6056
vn -0.3814 0.4325 -0.8170
vn -0.3238 -0.3697 0.8709
vn -0.3854 0.8526 0.3530
vn -0.0208 0.1635 -0.9863
vn -0.6894 -0.2762 0.6696
vn -0.7585 0.6282 0.1732
vn -0.3563 -0.6654 -0.6559
vn -0.6222 0.5261 0.5798
vn 0.0259 -0.8895 0.4562
vn 0.1885 -0.2681 0.9448
vn -0.5323 -0.4640 -0.7081
vn -0.4218 0.5766 -0.6997
vn -0.1053 -0.5383 0.8361
vn 0.1622 0.6666 -0.7275
vn -0.2506 0.5125 -0.8213
vn -0.1880 -0.4236 -0.8861
vn -0.3854 0.5366 0.7507
vn -0.3215 -0.7108 -0.6256
vn 0.0424 -0.5342 -0.8443
vn -0.5406 0.7465 -0.3879
vn 0.0644 0.9345 -0.3502
vn -0.3285 -0.0713 -0.9418
vn -0.3863 0.5103 0.7684
vn -0.0797 0.1750 -0.9813
vn -0.5274 0.8148 0.2407
vn -0.3768 -0.2781 0.8835
vn -0.1830 -0.0607 0.9812
vn -0.4240 0.0751 0.9025
vn -0.5670 0.5491 0.6140
vn -0.3547 -0.4032 0.8436
vn -0.3002 0.8041 -0.5131
vn -0.3366 0.3795 -0.8618
vn 0.3091 0.9081 -0.2826
vn -0.4896 0.3455 -0.8006
vn -0.6035 0.7698 0.2081
vn -0.1517 0.3979 0.9048
vn 0.0150 0.4583 0.8887
vn -0.6221 -0.4895 0.6110
vn -0.2604 0.9139 0.3114
vn -0.3680 0.1025 0.9241
vn -0.2019 0.6169 -0.7607
vn 0.0852 -0.6047 -0.7919
vn -0.3635 0.7419 0.5634
vn -0.5009 0.6917 0.5202
vn 0.0387 -0.3780 -0.9250
vn -0.3263 0.6748 0.6620
vn 0.2764 -0.5051 -0.8176
vn -0.5662 -0.4752 0.6735
vn -0.4648 -0.6433 0.6084
vn -0.7614 -0.0658 0.6449
vn -0.0500 0.7805 -0.6232
vn -0.0505 0.2117 0.9760
vn -0.0017 0.9908 0.1354
vn -0.1035 -0.0458 -0.9936
vn -0.1765 -0.7370 -0.6524
vn -0.3541 0.4562 -0.8164
vn -0.3612 0.2306 0.9035
vn -0.2313 0.2588 -0.9378
vn -0.3892 0.7422 0.5456
vn -0.4951 0.7710 -0.4005
vn -0.0135 0.9999 0.0090
vn -0.5315 0.4564 0.7135
vn -0.4739 -0.2307 -0.8498
vn -0.0060 0.4056 -0.9140
vn -0.4866 0.6450 0.5893
vn -0.2573 -0.4416 0.8595
vn 0.2926 0.1052 -0.9504
vn -0.1926 0.9709 0.1419
vn 0.1114 0.6013 -0.7912
vn -0.3566 -0.8394 -0.4102
vn 0.0043 0.2017 -0.9794
vn -0.1195 0.9925 0.0244
vn -0.4118 0.5464 0.7293
vn -0.2288 0.1280 0.9650
vn 0.0611 -0.5031 0.8621
vn -0.1239 -0.9235 0.3631
vn -0.2617 0.9647 0.0301
vn -0.2695 -0.2509 0.9297
vn -0.4841 0.3326 0.8093
vn -0.7280 -0.3969 0.5591
vn -0.3024 0.5337 -0.7897
vn -0.0862 0.3420 -0.9357
vn -0.0866 0.1817 -0.9795
vn 0.0673 -0.1412 -0.9877
vn 0.0017 0.1043 -0.9945
vn -0.4287 0.2543 0.8669
vn 0.0258 -0.3031 0.9526
vn -0.2045 0.4616 -0.8632
vn -0.4559 0.5383 0.7088
vn -0.3729 0.7004 0.6086
vn -0.1876 -0.1288 -0.9738
vn 0.0300 -0.6573 -0.7530
vn -0.5314 0.8053 0.2630
vn -0.6247 -0.1306 0.7698
vn -0.5931 -0.2582 0.7626
vn -0.5898 0.4502 0.6705
vn -0.1346 0.9806 -0.1426
vn -0.1726 -0.8573 -0.4851
vn 0.4261 -0.2064 0.8808
vn -0.2937 0.0442 0.9549
vn -0.5433 0.7580 -0.3609
vn -0.6383 0.4397 0.6319
vn -0.2523 0.8478 0.4666
vn -0.1117 0.3987 0.9102
vn -0.0004 -0.0885 -0.9961
vn -0.5544 0.0232 0.8319
vn -0.4931 0.5422 0.6803
vn -0.2366 0.2615 -0.9358
vn 0.2564 -0.8789 -0.4022
vn 0.1654 0.9862 0.0058
vn 0.0948 0.9853 -0.1422
vn 0.2990 0.7326 -0.6114
vn -0.2896 0.3109 -0.9052
vn -0.3188 -0.3664 0.8741
vn 0.0216 0.1071 -0.9940
vn -0.1917 0.9602 -0.2032
vn 0.0817 0.3632 0.9281
vn 0.0750 -0.4023 -0.9124
vn -0.1574 0.7234 -0.6722
vn -0.3131 0.6223 0.7175
vn -0.2125 0.6900 0.6919
vn -0.2131 0.2528 -0.9438
vn -0.2038 0.9591 0.1964
vn -0.1629 -0.8718 0.4620
vn -0.1681 0.7761 -0.6078
vn -0.1334 -0.9910 0.0078
vn 0.2436 -0.6162 -0.7490
vn -0.2527 0.4989 -0.8290
vn 0.0207 0.0177 -0.9996
vn -0.1398 0.3972 0.9070
vn -0.2520 0.8682 -0.4274
vn -0.0509 -0.3982 -0.9159
vn -0.7282 0.2438 0.6406
vn 0.2090 0.4746 0.8550
vn -0.2758 -0.1057 0.9554
vn -0.2975 -0.3160 0.9009
vn -0.1582 -0.3762 0.9129
vn -0.3193 0.8266 0.4634
vn -0.1310 0.9500 0.2834
vn -0.0672 0.6604 -0.7479
vn -0.3959 0.8757 -0.2767
vn -0.3299 0.7361 -0.5910
vn -0.4859 -0.2238 0.8449
vn -0.2364 -0.6657 -0.7078
vn -0.5327 -0.6326 0.5622
vn 0.0870 0.3453 -0.9344
vn -0.5807 0.7128 0.3934
vn -0.1769 0.2178 -0.9598
vn -0.0347 -0.8312 -0.5549
vn -0.0899 -0.2129 0.9729
vn -0.0646 0.6092 -0.7904
vn -0.0288 0.0947 0.9951
vn 0.0051 0.4268 -0.9043
vn 0.1282 0.2816 -0.9509
vn 0.0256 0.5858 0.8101
vn -0.0470 0.5171 -0.8546
vn -0.0923 -0.0592 -0.9940
vn -0.2006 0.6204 -0.7582
vn 0.0779 -0.1452 -0.9863
vn -0.4898 0.3766 0.7863
vn -0.3164 -0.5475 0.7747
vn -0.3362 0.8601 0.3836
vn -0.0271 -0.2561 -0.9663
vn 0.0520 0.5115 0.8577
vn -0.1817 -0.6961 0.6946
vn 0.0617 -0.3621 -0.9301
vn -0.1910 -0.0004 0.9816
vn 0.2548 0.7466 -0.6146
vn -0.0710 0.2991 0.9516
vn -0.5210 0.0809 0.8497
vn -0.0088 -0.8139 -0.5810
vn -0.4591 -0.2185 0.8611
vn 0.0973 0.4529 0.8862
vn -0.1979 0.0998 0.9751
vn 0.0793 0.0776 -0.9938
vn -0.3908 0.7123 -0.5830
vn -0.1341 0.4037 0.9050
vn -0.2281 0.7931 -0.5648
vn -0.2242 -0.4201 -0.8793
vn -0.1310 0.2355 0.9630
vn 0.2177 0.4706 0.8551
vn 0.2793 0.4563 -0.8449
vn -0.0525 0.9652 0.2561
vn 0.0113 0.8266 -0.5627
vn -0.3867 0.6589 0.6453
vn -0.0140 -0.0341 0.9993
vn -0.5900 -0.6929 0.4144
vn -0.0693 -0.3983 -0.9146
vn -0.0657 0.5671 -0.8210
vn -0.1786 0.5083 -0.8425
vn -0.1065 -0.2412 -0.9646
vn -0.2253 -0.6155 0.7552
vn -0.2784 -0.2707 0.9215
vn 0.3937 -0.7273 -0.5621
vn 0.3131 -0.6764 -0.6666
vn -0.1164 0.3097 0.9437
vn -0.2067 0.9514 -0.2285
vn -0.4077 0.8959 -0.1768
vn -0.0116 -0.1323 0.9911
vn -0.5336 0.3093 -0.7871
vn -0.1947 0.5019 -0.8427
vn -0.1383 0.2657 0.9541
vn -0.1020 0.5256 -0.8446
vn -0.1815 0.4840 -0.8561
vn -0.0945 0.7010 0.7069
vn -0.4082 -0.5288 0.7442
vn -0.3655 -0.8150 -0.4498
vn -0.5581 0.8162 -0.1494
vn -0.2474 0.1370 -0.9592
vn -0.0371 -0.1784 -0.9833
vn 0.0475 -0.7716 0.6343
vn 0.1817 -0.7514 -0.6343
vn -0.1465 -0.3541 -0.9237
vn -0.3884 -0.1239 0.9131
vn -0.7514 -0.6229 0.2179
vn -0.4836 0.8368 0.2566
vn -0.3269 0.5930 0.7358
vn -0.5257 -0.4695 0.7093
vn 0.0112 0.6102 0.7921
vn -0.2579 0.0051 -0.9661
vn -0.0016 0.9975 0.0712
vn 0.1647 -0.5327 -0.8301
vn -0.1646 0.2527 -0.9534
vn -0.2554 -0.5513 0.7942
vn -0.0132 0.0185 0.9997
vn -0.0168 0.1608 -0.9868
vn -0.0716 0.1344 -0.9883
vn -0.1025 -0.4228 0.9004
vn 0.1493 -0.0864 -0.9850
vn -0.3171 0.7006 0.6392
vn -0.4964 -0.0853 0.8639
vn -0.4483 -0.2933 0.8444
vn 0.0436 -0.8713 -0.4888
vn -0.4173 0.8726 -0.2538
vn -0.0058 0.3159 -0.9488
vn -0.4285 0.5795 0.6933
vn -0.5121 0.8484 0.1341
vn -0.1250 0.4709 -0.8733
vn 0.2565 0.4904 -0.8329
vn -0.0422 0.8466 0.5306
vn -0.1321 -0.6454 -0.7523
vn -0.1244 0.8625 -0.4906
vn -0.1046 -0.0008 0.9945
vn -0.4308 -0.2534 -0.8661
vn -0.3164 0.7587 0.5694
vn 0.0943 0.5194 0.8493
vn -0.2851 0.2002 0.9373
vn -0.1453 0.4945 -0.8569
vn 0.1287 0.9765 -0.1727
vn -0.0970 0.3212 0.9420
vn 0.0484 0.7112 -0.7013
vn 0.1914 0.7655 -0.6143
vn -0.0880 0.9664 -0.2415
vn -0.0088 0.9449 0.3273
vn 0.4867 -0.6389 -0.5958
vn -0.4237 0.8033 0.4185
vn -0.2302 0.9509 0.2067
vn 0.1138 0.3127 -0.9430
vn -0.2330 0.3742 -0.8976
vn 0.3642 0.4145 0.8340
vn -0.0988 0.4549 0.8850
vn -0.1853 0.0077 0.9826
vn -0.0921 0.6580 0.7473
vn -0.0525 0.6573 0.7518
vn -0.1427 -0.6725 0.7262
vn 0.2134 0.6260 -0.7500
vn -0.2391 0.8538 0.4625
vn 0.0770 0.4645 0.8822
vn 0.2469 0.7636 -0.5966
vn 0.2393 0.6083 -0.7568
vn -0.1946 0.5778 0.7927
vn -0.3325 0.8385 -0.4318
vn -0.2164 0.7092 0.6710
vn -0.1023 -0.4038 0.9091
vn 0.6040 -0.4469 -0.6598
vn 0.3247 0.1795 0.9286
vn -0.3041 0.9523 -0.0272
vn 0.1517 0.9863 0.0652
vn -0.3413 -0.6319 0.6958
vn -0.1300 -0.1516 -0.9799
vn 0.0387 0.4282 0.9028
vn -0.2923 0.5400 -0.7893
vn -0.2728 0.7314 -0.6250
vn -0.3151 0.9164 -0.2470
vn -0.7472 0.3178 0.5837
vn 0.0212 0.0375 0.9991
vn -0.2868 0.4155 0.8632
vn -0.1137 0.9886 0.0990
vn -0.0025 0.2398 -0.9708
vn -0.3134 0.6662 0.6767
vn -0.0800 -0.1058 0.9912
vn -0.0427 0.6955 -0.7173
vn -0.0265 0.0007 -0.9996
vn 0.0312 0.3171 -0.9479
vn -0.3154 -0.1947 0.9288
vn -0.0206 0.6481 0.7613
vn 0.2064 -0.3202 -0.9246
vn 0.4881 -0.3513 -0.7990
vn 0.3307 -0.4688 -0.8190
vn 0.0366 0.9993 0.0087
vn -0.4557 0.3301 0.8267
vn -0.3504 -0.1794 0.9193
vn -0.1866 0.9691 -0.1610
vn 0.5007 0.2882 0.8162
vn 0.1620 -0.6990 0.6965
vn -0.6631 0.3597 0.6564
vn -0.1027 0.9510 0.2916
vn -0.0961 0.8722 0.4795
vn 0.0013 0.9401 -0.3409
vn -0.1342 -0.3755 0.9171
vn 0.0378 0.5155 0.8561
vn -0.3189 0.8907 0.3239
vn 0.2941 -0.6715 -0.6801
vn -0.5762 -0.2190 -0.7874
vn 0.2204 0.9045 -0.3651
vn 0.7811 0.5997 0.1738
vn -0.0102 0.6599 0.7513
vn 0.0935 0.3396 -0.9359
vn 0.1316 -0.4453 -0.8856
vn 0.0503 0.6195 -0.7834
vn -0.1494 0.8977 0.4145
vn 0.1879 0.2352 -0.9536
vn 0.0665 0.6004 0.7969
vn 0.2418 0.1584 -0.9573
vn 0.0334 0.3968 0.9173
vn -0.7554 -0.2068 0.6217
vn 0.2283 0.2561 -0.9393
vn -0.1272 -0.6722 0.7293
vn 0.0349 0.9991 0.0246
vn -0.0184 0.3312 -0.9434
vn -0.1743 0.5134 0.8403
vn 0.0608 0.4505 0.8907
vn -0.1759 0.9807 -0.0849
vn -0.1528 0.7726 0.6162
vn 0.3419 -0.5268 -0.7782
vn -0.1484 0.6566 -0.7395
vn 0.3976 -0.5837 -0.7080
vn 0.1777 0.1939 -0.9648
vn -0.2895 0.6706 -0.6830
vn 0.0545 -0.4077 0.9115
vn 0.1164 0.8024 -0.5854
vn -0.0510 0.3366 -0.9403
vn -0.2695 -0.8138 0.5149
vn 0.2553 -0.1192 0.9595
vn -0.3604 0.8646 0.3501
vn -0.3240 0.4812 -0.8145
vn 0.1473 0.9875 -0.0565
vn 0.2071 0.2092 0.9557
vn -0.0553 0.0611 0.9966
vn 0.6426 0.2558 0.7222
vn 0.7995 -0.1218 0.5882
vn 0.1121 0.5424 -0.8326
vn -0.1948 0.8812 -0.4307
vn 0.0422 0.3959 0.9173
vn -0.1436 -0.7884 0.5981
vn 0.8641 -0.0283 0.5025
vn 0.2825 0.9531 0.1089
vn -0.4128 0.9094 0.0511
vn -0.0193 0.2364 -0.9715
vn -0.4391 0.7006 0.5625
vn -0.1737 0.6276 -0.7589
vn 0.0319 0.7802 -0.6247
vn 0.2987 0.4344 -0.8498
vn 0.0004 0.8794 -0.4760
vn 0.1428 0.9526 -0.2687
vn 0.2885 -0.7860 -0.5468
vn -0.2255 -0.8961 -0.3823
vn -0.2748 0.3997 -0.8745
vn 0.1877 0.4284 0.8839
vn 0.1194 0.0543 -0.9914
vn 0.3295 0.7316 0.5968
vn -0.0204 0.3285 0.9443
vn 0.0344 -0.1126 0.9930
vn 0.2048 0.3362 -0.9193
vn 0.0359 0.3592 -0.9326
vn 0.0975 0.2209 -0.9704
vn 0.1058 -0.3412 0.9340
vn -0.1628 -0.7571 -0.6327
vn -0.2339 0.8675 -0.4390
vn 0.2468 -0.5448 -0.8014
vn -0.0892 0.1573 0.9835
vn -0.1282 0.9907 -0.0448
vn -0.1177 0.2257 0.9671
vn 0.0677 -0.9833 0.1687
vn -0.1193 -0.4666 -0.8764
vn 0.2923 -0.4424 -0.8478
vn 0.6156 0.2975 -0.7297
vn 0.0938 0.5865 -0.8045
vn -0.0457 0.3384 0.9399
vn -0.1183 0.9166 0.3820
vn 0.1039 0.1051 -0.9890
vn -0.0299 0.9420 -0.3344
vn -0.1097 0.2734 0.9556
vn 0.2649 -0.0867 0.9604
vn -0.6424 -0.1840 -0.7440
vn -0.0137 0.1718 0.9850
vn 0.2078 0.5605 0.8017
vn -0.2191 0.7994 -0.5594
vn 0.5634 -0.1748 -0.8075
vn -0.0024 0.6363 0.7715
vn 0.0273 0.9396 0.3411
vn 0.2387 0.8259 -0.5109
vn -0.1975 0.8331 0.5166
vn 0.0775 0.9907 0.1116
vn 0.1443 0.4141 -0.8987
vn -0.6435 0.1301 0.7543
vn -0.1739 0.9778 0.1165
vn 0.0248 -0.3639 0.9311
vn 0.1590 0.3125 0.9365
vn -0.0595 0.2890 0.9555
vn -0.3654 -0.1443 0.9196
vn 0.0334 0.5441 0.8383
vn 0.0228 0.5240 0.8514
vn 0.1952 0.9262 0.3227
vn -0.0989 -0.9147 -0.3918
vn -0.3950 -0.0696 0.9160
vn 0.3865 -0.8675 -0.3132
vn -0.5564 0.5909 -0.5841
vn 0.0457 0.3982 0.9162
vn 0.6133 -0.0691 -0.7869
vn -0.4117 -0.7630 0.4984
vn -0.2434 -0.0927 -0.9655
vn 0.0394 0.4385 0.8979
vn 0.2378 0.4749 0.8473
vn 0.6278 -0.5168 -0.5820
vn 0.2039 0.6547 0.7279
vn 0.1776 0.4664 -0.8665
vn 0.0578 0.0157 0.9982
vn 0.6554 0.1487 -0.7405
vn 0.4937 -0.7614 -0.4201
vn -0.0347 -0.5550 0.8311
vn -0.4325 0.0806 0.8980
vn -0.3038 -0.6270 -0.7174
vn 0.1392 0.4725 -0.8703
vn -0.4381 0.2435 0.8653
vn 0.0265 0.5246 0.8509
vn 0.0786 -0.7723 -0.6304
vn 0.1382 0.0113 -0.9903
vn 0.6048 -0.4844 -0.6321
vn -0.3527 0.9340 -0.0579
vn 0.0749 0.9642 -0.2544
vn 0.0503 0.7464 -0.6635
vn -0.4330 0.1742 0.8844
vn 0.0962 0.0089 -0.9953
vn 0.3123 0.9468 -0.0773
vn 0.3054 0.0469 0.9511
vn -0.0702 0.9971 -0.0279
vn -0.0037 0.6833 -0.7301
vn 0.3795 -0.5544 -0.7407
vn -0.2562 -0.3494 0.9013
vn 0.5958 -0.3634 0.7162
vn -0.2632 -0.3513 -0.8985
vn 0.0287 0.4468 0.8942
vn 0.0032 0.3523 -0.9359
vn 0.4423 0.8954 -0.0509
vn 0.1470 -0.2247 -0.9633
vn 0.0213 0.4673 0.8838
vn 0.1455 0.9825 0.1162
vn 0.4621 -0.7579 -0.4604
vn 0.1708 0.3219 -0.9312
vn -0.0370 0.8280 0.5595
vn -0.1662 0.6566 0.7357
vn 0.4103 -0.5216 0.7480
vn 0.0341 0.8626 0.5048
vn 0.4727 -0.2718 -0.8382
vn -0.1681 -0.3948 0.9033
vn 0.5602 0.0974 0.8226
vn 0.1260 0.8426 -0.5236
vn 0.1663 -0.2197 -0.9613
vn 0.2904 0.3265 -0.8995
vn -0.1545 0.9879 0.0122
vn 0.4390 0.0270 -0.8981
vn 0.1604 0.6841 -0.7115
vn 0.5971 0.3608 0.7165
vn 0.1795 0.7194 -0.6710
vn -0.1071 0.0004 0.9943
vn 0.1974 0.3066 -0.9311
vn 0.7700 -0.6059 -0.2000
vn 0.5231 0.5276 0.6693
vn 0.0752 0.8684 -0.4901
vn 0.0594 0.4692 0.8811
vn -0.0556 0.9843 0.1675
vn 0.0295 0.4777 -0.8780
vn 0.1919 0.0994 0.9764
vn 0.1981 -0.4573 -0.8670
vn 0.4437 0.3361 -0.8308
vn 0.3299 0.4862 -0.8092
vn 0.1354 0.9908 0.0049
vn -0.3787 0.4645 0.8005
vn 0.2062 0.9047 0.3728
vn 0.0873 -0.0425 -0.9953
vn -0.0001 0.3651 0.9310
vn 0.2709 0.9522 0.1409
vn 0.3440 0.8974 -0.2762
vn 0.5709 -0.1395 -0.8091
vn 0.0049 0.7846 0.6200
vn 0.5831 0.3039 0.7534
vn -0.1122 0.9845 -0.1349
vn 0.1581 0.9866 0.0400
vn 0.4731 0.7628 0.4407
vn 0.1808 0.8598 -0.4776
vn 0.1270 -0.7717 0.6232
vn 0.0286 0.9978 -0.0599
vn 0.4546 -0.2549 0.8534
vn -0.1006 -0.4961 0.8624
vn 0.2395 -0.3403 0.9093
vn 0.0449 -0.1318 0.9903
vn 0.1429 -0.8307 0.5381
vn -0.1420 0.7619 0.6320
vn -0.2035 -0.5092 0.8362
vn 0.2074 0.9780 -0.0232
vn 0.3354 0.5947 -0.7307
vn 0.4743 -0.5870 -0.6561
vn 0.2884 0.5106 0.8100
vn 0.4657 0.5882 -0.6612
vn 0.2365 0.2767 0.9314
vn 0.1370 0.2353 -0.9622
vn 0.2201 0.4562 0.8622
vn 0.4821 0.6152 -0.6238
vn 0.2966 0.1861 0.9367
vn 0.8575 -0.3209 -0.4020
vn 0.7992 -0.5985 -0.0550
vn -0.0698 0.9327 0.3540
vn -0.1109 0.9747 0.1942
vn -0.1587 0.9531 0.2576
vn 0.1972 -0.8179 0.5406
vn 0.5957 0.5008 0.6279
vn 0.6076 0.7542 0.2487
vn 0.2603 -0.3408 0.9034
vn 0.7076 -0.4170 -0.5705
vn -0.0089 0.6350 0.7725
vn 0.0756 0.6442 0.7611
vn 0.0048 -0.0795 -0.9968
vn 0.0143 0.8050 -0.5931
vn 0.0838 -0.0967 -0.9918
vn 0.5712 -0.0843 -0.8165
vn -0.0308 0.9819 -0.1869
vn 0.1649 0.9343 -0.3160
vn -0.2750 0.9438 0.1835
vn -0.1284 -0.4890 0.8628
vn -0.0208 0.0103 -0.9997
vn -0.2586 0.3999 0.8793
vn 0.0828 -0.4947 0.8651
vn 0.2824 0.1697 0.9442
vn 0.2373 0.5535 -0.7984
vn -0.2319 -0.2994 0.9255
vn -0.5905 0.3705 0.7170
vn 0.3556 0.8589 -0.3686
vn -0.0418 0.3852 0.9219
vn 0.3288 0.1158 -0.9373
vn 0.6285 -0.0616 -0.7753
vn 0.0872 0.6150 -0.7837
vn 0.2576 0.4813 -0.8378
vn 0.6970 0.1115 -0.7084
vn 0.3374 0.5432 -0.7688
vn 0.1922 0.1070 0.9755
vn 0.6115 0.7215 0.3248
vn 0.0164 0.8367 -0.5474
vn -0.0613 0.8498 -0.5236
vn 0.2678 0.9556 0.1231
vn 0.2083 0.1390 -0.9681
vn 0.0945 0.0933 -0.9911
vn 0.5621 -0.3534 -0.7478
vn 0.0767 -0.4047 0.9112
vn 0.1499 0.4402 0.8853
vn -0.1773 0.9622 0.2065
vn 0.2522 0.2941 0.9219
vn 0.1150 -0.4786 0.8705
vn 0.3511 -0.5599 0.7505
vn 0.0119 0.4381 0.8988
vn 0.2217 -0.8436 0.4891
vn 0.5029 -0.3154 0.8047
vn -0.0923 0.7942 0.6006
vn -0.7099 0.6623 0.2395
vn 0.5025 0.7432 0.4418
vn 0.2610 0.7035 -0.6611
vn 0.0284 -0.2508 -0.9676
vn 0.1818 0.9725 0.1453
vn 0.8486 -0.1750 -0.4992
vn 0.5860 -0.8042 0.0995
vn -0.0884 0.9717 0.2190
vn 0.0052 0.6557 -0.7550
vn 0.2692 -0.0051 0.9631
vn 0.4555 -0.5546 -0.6964
vn 0.3777 0.0813 -0.9224
vn 0.2847 -0.0540 -0.9571
vn 0.2292 -0.0750 0.9705
vn 0.0834 0.5670 -0.8195
vn 0.6567 0.5538 -0.5119
vn 0.3318 0.8554 -0.3978
vn 0.2488 0.9249 -0.2874
vn 0.1170 -0.5776 -0.8079
vn 0.1704 0.2170 -0.9612
vn 0.1884 0.9650 0.1822
vn 0.3422 -0.2571 0.9037
vn 0.4451 0.5155 0.7323
vn 0.3208 0.7557 -0.5710
vn 0.5938 -0.7945 -0.1272
vn 0.5987 0.1141 -0.7928
vn 0.0186 0.4417 0.8970
vn 0.2967 0.3924 0.8706
vn 0.7509 0.2500 0.6113
vn 0.4690 0.3742 -0.8000
vn 0.1473 0.4405 0.8856
vn 0.4203 0.2005 -0.8850
vn 0.3359 -0.1879 0.9230
vn 0.0432 0.9879 0.1489
vn 0.3403 0.1300 0.9313
vn 0.5889 -0.5554 -0.5871
vn 0.5150 -0.7970 -0.3155
vn 0.0932 -0.8076 0.5823
vn -0.3591 -0.1604 0.9194
vn 0.7727 -0.1170 -0.6239
vn 0.4884 -0.5175 0.7026
vn 0.3778 0.7511 -0.5414
vn 0.4839 0.1239 0.8663
vn 0.3943 0.9021 0.1753
vn 0.3443 -0.1979 -0.9178
vn 0.1846 0.3519 -0.9176
vn 0.3811 0.3413 0.8592
vn 0.1360 -0.9073 0.3978
vn 0.3843 0.5404 0.7485
vn -0.0386 0.8580 0.5123
vn 0.4384 -0.0507 0.8974
vn 0.0645 -0.4774 -0.8763
vn 0.3878 0.6366 -0.6666
vn 0.1578 0.5126 -0.8440
vn 0.4286 -0.3039 -0.8508
vn 0.1727 0.8702 -0.4614
vn -0.2737 0.8741 0.4012
vn 0.4048 -0.4987 0.7664
vn -0.7364 0.4401 0.5138
vn -0.6769 0.0710 0.7327
vn -0.1613 0.9483 -0.2733
vn 0.2696 0.7537 -0.5993
vn 0.6299 -0.6221 -0.4650
vn 0.1421 0.1927 -0.9709
vn 0.3578 0.7688 -0.5300
vn 0.5170 -0.0260 -0.8556
vn 0.1971 0.0408 0.9795
vn 0.1946 -0.9090 0.3687
vn -0.0098 0.5149 0.8572
vn 0.4346 0.0464 0.8994
vn -0.0229 0.9996 -0.0142
vn 0.4607 -0.0468 0.8863
vn 0.4120 0.6056 -0.6808
vn -0.3576 -0.0137 -0.9338
vn 0.4334 -0.6204 -0.6536
vn 0.5494 0.3534 0.7571
vn -0.0365 0.3758 -0.9260
vn 0.6580 0.6307 0.4114
vn -0.4018 -0.4247 0.8113
vn -0.4632 -0.0166 0.8861
vn 0.2831 0.9120 -0.2969
vn 0.4976 -0.2314 0.8360
vn 0.2103 0.9576 -0.1968
vn 0.1259 0.9831 0.1329
vn 0.1161 0.9932 0.0112
vn -0.0882 0.9218 -0.3775
vn 0.4463 0.5368 0.7161
vn 0.1196 0.7238 0.6796
vn -0.0740 0.9933 0.0882
vn 0.2884 0.6064 -0.7411
vn 0.4425 0.7455 0.4984
vn 0.1089 0.1535 0.9821
vn 0.5734 0.3219 -0.7534
vn 0.0068 0.6216 -0.7833
vn 0.2034 0.6961 -0.6885
vn 0.4453 0.5768 0.6848
vn 0.0575 -0.6017 0.7966
vn 0.6670 0.3011 0.6815
vn -0.1042 0.9870 0.1221
vn 0.1833 0.8826 0.4329
vn 0.1987 -0.4119 0.8893
vn 0.3896 -0.1212 0.9130
vn -0.6056 0.4343 0.6668
vn -0.3233 0.9462 0.0113
vn 0.1473 -0.9684 -0.2011
vn 0.5396 0.0727 -0.8388
vn 0.4340 0.9003 -0.0320
vn -0.6454 0.7106 -0.2803
vn -0.3057 0.7612 -0.5719
vn 0.1685 0.2572 0.9515
vn 0.2303 0.9573 -0.1748
vn -0.3567 0.0405 0.9333
vn 0.5800 -0.0878 -0.8099
vn 0.0388 0.9651 0.2589
vn 0.6131 -0.7005 -0.3652
vn 0.4428 -0.1368 -0.8861
vn 0.5888 -0.5745 0.5687
vn -0.1022 0.4842 0.8690
vn -0.1828 0.4250 0.8865
vn 0.4531 0.1269 -0.8824
vn 0.4826 0.5216 -0.7036
vn 0.3289 0.8293 -0.4518
vn 0.3844 0.1958 -0.9022
vn 0.2369 -0.3784 -0.8948
vn 0.4849 0.7011 -0.5227
vn -0.1876 -0.9163 0.3539
vn -0.5997 0.4703 0.6475
vn 0.0076 0.9700 0.2430
vn 0.4349 0.4720 0.7669
vn 0.7309 0.1897 0.6556
vn -0.3142 0.3838 0.8683
vn -0.6655 -0.5960 0.4493
vn 0.5140 -0.3892 0.7644
vn 0.0316 0.1137 -0.9930
vn 0.5283 -0.0007 -0.8490
vn 0.0022 -0.1311 0.9914
vn -0.0031 0.2952 -0.9554
vn 0.8336 -0.2324 -0.5010
vn 0.1405 0.3240 -0.9356
vn -0.3548 0.0571 0.9332
vn 0.5421 0.6980 0.4678
vn 0.1593 -0.3917 0.9062
vn 0.5413 -0.8015 -0.2542
vn -0.6635 0.7313 -0.1580
vn 0.5571 0.5591 0.6141
vn 0.4239 0.1512 0.8930
vn -0.2985 0.6769 0.6729
vn 0.4247 0.4805 -0.7673
vn -0.6257 0.3417 0.7012
vn 0.2378 0.3653 0.9000
vn 0.1201 0.5901 0.7984
vn -0.6213 0.4506 0.6411
vn 0.2059 0.1907 0.9598
vn -0.2218 0.2571 0.9406
vn 0.7337 0.6790 0.0269
vn 0.1506 -0.1536 0.9766
vn -0.2211 0.9636 -0.1505
vn -0.0255 0.5299 0.8477
vn 0.6145 0.1627 0.7719
vn -0.0336 -0.8871 0.4604
vn 0.3670 0.7877 -0.4948
vn 0.9202 0.3387 -0.1964
vn 0.4442 0.4634 -0.7668
vn 0.4080 -0.0077 0.9130
vn -0.3749 0.8001 0.4683
vn 0.4529 0.2958 0.8411
vn 0.4737 0.4660 -0.7473
vn 0.8724 -0.4668 -0.1446
vn 0.5637 0.6425 -0.5191
vn 0.7872 -0.5292 -0.3168
vn 0.5441 0.8370 0.0580
vn 0.5614 -0.2727 0.7813
vn 0.0283 -0.9132 0.4064
vn -0.8033 -0.3898 0.4503
vn 0.2531 0.9103 0.3276
vn 0.1404 0.5940 -0.7921
vn 0.7919 -0.5960 -0.1330
vn 0.7939 -0.2772 -0.5412
vn 0.1146 0.9604 0.2538
vn 0.2844 0.3220 0.9030
vn 0.4352 0.2821 -0.8550
vn 0.4365 0.8574 -0.2728
vn 0.2293 0.5882 -0.7755
vn 0.1422 0.0367 0.9892
vn 0.7924 -0.4496 0.4124
vn 0.4565 0.6830 -0.5702
vn 0.5403 -0.0287 0.8410
vn 0.8628 -0.2555 0.4362
vn 0.9634 -0.2170 -0.1576
vn 0.8640 0.0449 0.5015
vn -0.2903 0.2840 0.9138
vn 0.5637 -0.3092 -0.7659
vn 0.9231 0.3723 -0.0965
vn 0.0332 0.3473 0.9372
vn -0.0407 0.8015 0.5966
vn 0.1759 0.9417 0.2867
vn 0.0727 0.9972 0.0172
vn 0.4619 0.6139 0.6401
vn 0.6309 0.5205 -0.5754
vn 0.8960 0.4394 -0.0637
vn -0.5575 0.4726 0.6825
vn -0.0758 0.9459 0.3155
vn 0.4300 0.5123 0.7434
vn 0.3679 0.4813 -0.7956
vn 0.7400 -0.6020 -0.3000
vn 0.0732 0.2201 -0.9727
vn 0.3580 -0.2305 -0.9048
vn 0.6160 -0.2265 0.7545
vn 0.6143 -0.5394 -0.5759
vn -0.4178 0.8486 0.3246
vn 0.3209 0.4907 0.8101
vn 0.5751 0.4074 -0.7094
vn 0.6764 -0.4335 0.5955
vn -0.2151 0.7852 -0.5807
vn 0.3308 0.7931 0.5114
vn 0.2633 0.4627 0.8465
vn 0.6214 -0.5940 -0.5109
vn -0.1591 0.6055 0.7798
vn 0.2549 -0.7956 -0.5496
vn 0.1321 -0.3290 0.9351
vn -0.2165 -0.1142 0.9696
vn 0.5233 0.4922 0.6957
vn 0.4313 0.2870 0.8553
vn 0.6556 0.4697 -0.5913
vn 0.1207 0.7453 0.6557
vn 0.4116 0.4438 -0.7960
vn 0.4539 0.7067 -0.5428
vn 0.4923 0.5122 0.7038
vn 0.6919 -0.5133 -0.5077
vn 0.5600 0.3403 -0.7554
vn 0.7997 -0.0793 -0.5951
vn 0.6316 -0.0326 0.7746
vn 0.6002 -0.4263 0.6768
vn 0.4639 0.5609 -0.6857
vn -0.0231 0.4844 -0.8746
vn -0.1385 0.0091 0.9903
vn -0.4371 0.8375 0.3281
vn 0.6483 0.6846 -0.3332
vn -0.5215 0.7713 0.3650
vn 0.6090 0.2402 -0.7559
vn 0.3952 0.6005 -0.6951
vn 0.7212 -0.0487 0.6910
vn 0.2337 0.1094 0.9661
vn 0.8901 -0.3434 -0.2996
vn 0.2374 0.9545 0.1807
vn 0.5004 0.2167 0.8382
vn 0.2338 0.3916 0.8900
vn 0.2972 -0.2360 0.9252
vn 0.1394 -0.3887 -0.9108
vn -0.0673 0.3528 0.9333
vn 0.8405 -0.4126 0.3512
vn 0.4436 0.7421 0.5026
vn -0.4391 -0.3909 0.8089
vn 0.3612 0.5854 -0.7258
vn 0.4382 0.5634 0.7004
vn 0.5888 0.7979 -0.1294
vn 0.3456 -0.9278 0.1407
vn 0.4630 -0.0454 0.8852
vn 0.3151 0.6631 0.6789
vn 0.3744 0.8691 -0.3233
vn 0.6112 0.2223 -0.7596
vn 0.5400 0.6420 -0.5443
vn 0.1261 0.4526 0.8827
vn 0.4514 -0.5470 0.7050
vn 0.6611 0.3852 -0.6439
vn 0.6658 -0.1875 0.7222
vn -0.0643 0.1591 0.9852
vn 0.7104 0.3020 -0.6357
vn -0.1667 -0.8407 0.5152
vn 0.3227 0.9422 0.0903
vn 0.3305 -0.3393 -0.8807
vn -0.0890 0.9416 -0.3247
vn 0.7796 0.0138 0.6261
vn 0.8159 -0.4487 -0.3647
vn 0.4478 0.8906 0.0796
vn 0.6776 -0.3236 -0.6604
vn 0.6455 -0.4242 -0.6351
vn 0.5112 -0.7155 0.4762
vn 0.5935 0.6176 -0.5160
vn -0.1996 0.9361 0.2895
vn 0.1086 0.9828 0.1494
vn 0.8055 0.1737 -0.5666
vn 0.7139 -0.6988 -0.0448
vn 0.2897 -0.4211 -0.8595
vn 0.6943 0.6865 -0.2163
vn 0.5264 0.8396 0.1339
vn -0.0226 0.4589 0.8882
vn 0.3037 0.4344 0.8480
vn -0.0989 0.1328 0.9862
vn 0.7760 -0.4614 0.4301
vn 0.5262 0.4702 0.7086
vn 0.2868 0.6148 -0.7347
vn 0.1779 0.5407 0.8222
vn 0.5411 0.8386 0.0624
vn -0.0796 0.6967 0.7129
vn 0.4852 0.8114 -0.3259
vn 0.3456 0.8935 0.2866
vn 0.5255 0.7159 0.4597
vn 0.5395 0.3334 -0.7731
vn 0.9416 -0.0510 -0.3328
vn 0.2398 0.0816 -0.9674
vn 0.7476 0.6380 -0.1845
vn -0.2194 0.8953 -0.3876
vn 0.5239 0.5361 0.6620
vn 0.4297 -0.0081 -0.9029
vn 0.5483 0.5517 -0.6285
vn 0.8656 -0.5005 -0.0123
vn 0.8478 0.0815 -0.5240
vn -0.0124 0.8434 0.5371
vn -0.3518 0.9348 -0.0482
vn 0.5908 0.4282 0.6838
vn 0.3669 -0.5136 0.7757
vn 0.2061 -0.4637 0.8617
vn 0.3271 0.7233 0.6082
vn 0.3148 -0.8490 -0.4244
vn 0.8265 -0.5478 0.1300
vn 0.6736 0.7383 -0.0360
vn 0.6557 -0.2259 -0.7205
vn 0.5815 -0.2074 0.7866
vn 0.5571 0.0496 -0.8290
vn 0.7915 -0.5733 -0.2119
vn 0.6328 0.6910 -0.3493
vn -0.0484 -0.2196 0.9744
vn 0.5242 0.8504 -0.0459
vn -0.0768 0.2156 0.9735
vn 0.7028 -0.3479 -0.6205
vn 0.6676 -0.0046 0.7445
vn 0.4322 0.6096 -0.6645
vn 0.7610 0.4095 -0.5031
vn 0.5580 0.4335 -0.7076
vn 0.6030 0.7875 0.1274
vn 0.4417 -0.1025 0.8913
vn -0.4364 -0.1175 0.8921
vn 0.8753 -0.2410 -0.4193
vn 0.5860 0.2466 0.7719
vn 0.4385 0.8915 0.1141
vn 0.7121 -0.4292 -0.5556
vn 0.8028 -0.1174 -0.5845
vn 0.1974 0.0578 0.9786
vn 0.7526 -0.1744 0.6350
vn 0.6941 0.3465 -0.6310
vn 0.1060 0.5107 -0.8532
vn -0.2688 -0.6114 0.7442
vn 0.3374 0.4486 -0.8276
vn 0.2202 0.6106 -0.7607
vn 0.4089 0.5542 0.7251
vn 0.9226 -0.3815 -0.0574
vn 0.1100 -0.7875 0.6064
vn -0.6292 -0.2609 0.7321
vn 0.5530 0.2571 -0.7925
vn 0.5016 -0.4212 -0.7556
vn 0.3608 -0.6436 -0.6750
vn 0.3085 -0.6572 0.6877
vn 0.5817 0.7409 -0.3358
vn 0.6576 0.2285 0.7179
vn 0.5710 0.5204 0.6349
vn 0.9426 -0.1150 -0.3134
vn 0.3694 0.8266 -0.4247
vn 0.5517 0.7511 -0.3627
vn 0.9856 -0.1021 -0.1348
vn 0.7932 0.4208 -0.4402
vn 0.0542 0.7809 0.6224
vn 0.2653 0.4742 -0.8395
vn 0.9821 -0.0154 -0.1875
vn 0.6575 0.2825 0.6985
vn 0.6282 0.7755 -0.0620
vn 0.6955 0.7136 0.0838
vn 0.5323 0.1942 -0.8240
vn 0.6875 0.5796 -0.4375
vn -0.0104 0.8508 0.5254
vn 0.7185 0.0184 0.6953
vn 0.5820 0.1283 -0.8030
vn 0.1655 0.9511 0.2609
vn 0.2171 -0.2984 0.9294
vn 0.1120 0.2318 0.9663
vn 0.4467 0.6150 0.6498
vn 0.4461 0.7672 0.4609
vn 0.1170 -0.9867 -0.1131
vn -0.0125 -0.5506 -0.8347
vn 0.6844 0.6628 -0.3037
vn 0.4710 0.0886 0.8777
vn 0.8339 -0.1451 0.5325
vn 0.0676 0.3750 -0.9246
vn 0.1281 0.7489 0.6502
vn 0.2863 0.5515 -0.7835
vn 0.6295 0.5148 0.5820
vn 0.6119 0.6607 0.4347
vn -0.6475 0.7447 -0.1616
vn 0.0582 -0.9347 -0.3507
vn 0.1339 -0.6393 -0.7572
vn 0.1649 0.1922 -0.9674
vn 0.2378 0.9531 0.1874
vn 0.7880 -0.5411 0.2938
vn 0.8661 -0.4998 -0.0095
vn 0.7553 0.4677 -0.4592
vn -0.3986 0.1627 0.9026
vn -0.4162 -0.2854 0.8633
vn 0.6279 0.7775 -0.0344
vn 0.7798 0.5135 -0.3580
vn 0.6726 -0.7359 -0.0783
vn 0.5487 0.8360 -0.0108
vn 0.4073 0.8998 0.1565
vn 0.9520 0.1466 -0.2686
vn -0.5438 0.8353 -0.0804
vn 0.7668 -0.2565 0.5884
vn 0.0988 -0.1845 0.9779
vn -0.2469 0.9518 -0.1822
vn 0.5565 0.2514 0.7919
vn 0.7556 0.6500 0.0816
vn 0.6629 0.1048 0.7414
vn 0.8716 0.3396 -0.3534
vn 0.8836 -0.4195 0.2079
vn -0.3508 0.5160 0.7815
vn 0.7538 -0.6509 -0.0902
vn 0.2135 0.8929 0.3964
vn 0.0699 0.9972 -0.0252
vn 0.6988 0.3199 -0.6398
vn 0.8794 -0.3026 -0.3675
vn -0.0095 0.5571 -0.8304
vn 0.6720 0.2380 0.7013
vn 0.7465 0.5842 -0.3186
vn 0.4377 -0.8962 0.0725
vn 0.8638 0.0441 -0.5018
vn 0.5458 0.6414 0.5391
vn 0.4016 -0.7433 0.5350
vn 0.6364 0.4631 -0.6169
vn 0.2914 -0.8248 0.4845
vn 0.7319 0.3847 0.5625
vn 0.1632 -0.0334 -0.9860
vn 0.7943 -0.0323 -0.6067
vn 0.6989 -0.5613 -0.4432
vn 0.9219 -0.3452 -0.1757
vn 0.5308 -0.8294 -0.1744
vn 0.9320 -0.1124 -0.3445
vn 0.4079 -0.6074 -0.6817
vn -0.3865 -0.6581 -0.6462
vn 0.5152 -0.1587 0.8423
vn 0.7080 -0.3232 -0.6279
vn 0.7317 0.6359 -0.2453
vn 0.7119 0.6694 -0.2123
vn 0.9272 -0.0768 0.3667
vn 0.3499 -0.1144 0.9298
vn -0.3050 -0.8664 -0.3953
vn 0.5962 0.5863 0.5485
vn 0.5486 -0.8336 -0.0643
vn 0.4899 -0.3140 0.8132
vn 0.2903 0.9408 -0.1749
vn 0.4978 0.7418 -0.4494
vn 0.5877 -0.0938 0.8036
vn 0.3953 0.5738 -0.7173
vn 0.8412 0.4440 -0.3086
vn 0.6421 0.4899 0.5896
vn -0.1497 0.7693 0.6211
vn 0.7294 -0.1381 0.6700
vn 0.7677 -0.0945 -0.6338
vn 0.2127 0.2817 -0.9356
vn 0.8692 -0.3313 -0.3670
vn 0.2111 0.5153 0.8306
vn 0.8216 0.0464 0.5682
vn 0.5965 -0.6288 -0.4988
vn -0.1261 0.9654 -0.2282
vn 0.6128 0.7613 0.2120
vn -0.5113 -0.8576 -0.0546
vn 0.6716 0.6405 -0.3725
vn -0.5841 -0.5040 0.6362
vn 0.9512 -0.0516 0.3043
vn -0.0083 0.5063 -0.8623
vn -0.2949 -0.6683 0.6830
vn 0.3972 0.5155 0.7593
vn 0.0019 0.9995 0.0328
vn 0.7172 -0.3384 -0.6092
vn 0.6252 0.4578 -0.6321
vn -0.0596 0.1081 0.9924
vn -0.1196 0.7824 0.6112
vn 0.8171 -0.3758 0.4371
vn -0.2304 0.9621 -0.1456
vn 0.2769 0.4825 0.8310
vn 0.7063 -0.6760 -0.2100
vn -0.0327 -0.1566 0.9871
vn 0.5688 -0.7761 -0.2721
vn 0.7478 0.6582 -0.0869
vn 0.8196 0.5343 0.2065
vn 0.1962 0.3596 0.9122
vn 0.7830 -0.4403 -0.4395
vn 0.5653 0.7749 -0.2826
vn 0.6828 0.2741 0.6773
vn -0.0116 0.1660 0.9861
vn -0.1811 0.8508 0.4934
vn 0.9666 -0.1305 -0.2206
vn -0.0541 0.5557 0.8296
vn -0.3910 0.8432 0.3690
vn 0.9756 -0.0546 -0.2128
vn -0.1153 0.0262 0.9930
vn 0.2601 0.2910 0.9207
vn 0.6161 -0.3051 -0.7262
vn 0.7551 0.5881 0.2897
vn 0.7373 0.3704 -0.5649
vn 0.7926 0.3863 -0.4717
vn 0.7535 -0.3962 -0.5246
vn 0.6056 0.0663 -0.7930
vn 0.9763 0.1309 -0.1726
vn 0.7793 0.1345 0.6121
vn 0.6559 0.4841 0.5792
vn 0.5406 0.3812 -0.7500
vn 0.9714 -0.0196 0.2368
vn 0.2565 0.3774 -0.8898
vn 0.7505 -0.1941 0.6317
vn 0.6015 -0.7610 -0.2432
vn 0.7703 0.6365 0.0389
vn 0.7250 0.0539 0.6866
vn 0.8464 0.5296 0.0553
vn 0.7278 -0.3989 -0.5579
vn 0.5893 0.7962 -0.1370
vn 0.9997 0.0113 0.0193
vn 0.5954 -0.7981 0.0928
vn 0.9433 0.2371 0.2325
vn 0.5757 0.7268 -0.3745
vn 0.4841 -0.8533 -0.1936
vn 0.8675 0.2775 -0.4129
vn 0.5606 -0.5100 -0.6524
vn 0.7597 -0.2920 -0.5810
vn 0.8515 -0.0984 -0.5150
vn -0.4240 -0.5416 0.7258
vn 0.9547 0.2131 0.2075
vn -0.7764 0.6117 -0.1519
vn 0.7826 -0.0250 0.6220
vn -0.5706 -0.1746 0.8025
vn 0.4286 0.2130 0.8781
vn 0.3544 0.9038 -0.2398
vn 0.6423 -0.1845 -0.7439
vn 0.7355 0.0783 -0.6730
vn 0.0999 0.8865 0.4518
vn 0.0181 0.9302 -0.3666
vn 0.0988 0.7832 0.6139
vn 0.5776 -0.2911 0.7627
vn 0.3425 -0.8985 -0.2746
vn 0.7619 0.3839 -0.5216
vn 0.9534 0.2853 0.0977
vn 0.8561 0.5167 0.0083
vn 0.8507 -0.0929 0.5174
vn 0.7460 0.6546 -0.1221
vn 0.7460 0.6058 -0.2766
vn 0.9503 -0.2420 -0.1957
vn -0.8900 0.2702 -0.3672
vn 0.3189 -0.2437 -0.9159
vn 0.2768 -0.9591 -0.0599
vn 0.6781 0.0674 0.7319
vn 0.0594 0.9635 -0.2610
vn 0.8984 -0.3521 0.2624
vn 0.0970 -0.9033 0.4179
vn 0.4758 0.8796 -0.0001
vn 0.4458 0.7118 -0.5427
vn -0.4668 0.6157 0.6348
vn 0.1902 0.0343 -0.9812
vn 0.6010 0.7883 -0.1318
vn 0.1751 -0.7909 -0.5863
vn 0.6112 0.7908 0.0334
vn -0.6229 0.7799 0.0613
vn 0.4551 0.6344 -0.6248
vn 0.4424 0.7080 0.5505
vn 0.8501 -0.4998 -0.1661
vn 0.8329 0.3937 0.3889
vn 0.8520 0.3950 0.3437
vn 0.1996 0.1758 -0.9640
vn 0.1757 -0.5758 -0.7985
vn 0.3060 0.6776 0.6688
vn 0.7070 0.7012 -0.0927
vn -0.3123 0.6543 0.6887
vn 0.5822 0.4251 -0.6931
vn 0.5510 0.3854 0.7402
vn 0.8570 -0.3396 0.3876
vn 0.0269 0.7418 0.6701
vn 0.8001 0.0040 -0.5999
vn 0.1674 0.2896 0.9424
vn 0.8092 -0.4427 0.3864
vn 0.6050 -0.2671 0.7501
vn 0.2097 0.8876 -0.4102
vn 0.8489 0.4860 0.2077
vn 0.9303 0.2536 -0.2651
vn 0.4458 0.8943 -0.0385
vn -0.0473 0.7695 0.6369
vn 0.7208 0.2200 -0.6573
vn 0.4253 0.2043 -0.8817
vn 0.5196 0.7332 -0.4387
vn 0.4152 -0.9071 0.0690
vn 0.8776 -0.4709 -0.0903
vn 0.7206 0.6860 0.1008
vn 0.7985 -0.3422 0.4953
vn -0.0211 -0.9667 0.2549
vn 0.6131 0.3570 -0.7047
vn 0.3052 0.4803 0.8223
vn 0.3261 0.4200 0.8469
vn 0.5249 -0.1282 -0.8414
vn 0.8141 0.4324 0.3877
vn 0.6834 0.5925 -0.4265
vn 0.4776 -0.8201 -0.3152
vn 0.3670 0.3950 0.8422
vn 0.4209 0.9068 -0.0247
vn 0.4820 -0.2193 -0.8483
vn -0.2579 -0.9533 -0.1570
vn -0.0383 0.0730 0.9966
vn 0.0567 0.5680 0.8211
vn 0.3255 0.5741 -0.7513
vn 0.4231 -0.5056 -0.7519
vn 0.7380 0.4514 -0.5016
vn 0.7325 0.3121 -0.6050
vn 0.7099 -0.0205 -0.7040
vn 0.2641 0.7659 -0.5862
vn -0.2591 0.9609 -0.0980
vn 0.2740 0.3413 -0.8991
vn 0.4217 0.3600 0.8322
vn 0.8125 0.0601 -0.5799
vn 0.9134 -0.2516 -0.3200
vn -0.3924 0.4685 0.7916
vn -0.1211 -0.6786 0.7245
vn 0.8557 -0.1250 -0.5021
vn 0.7356 -0.5282 0.4242
vn 0.5772 -0.7245 -0.3767
vn 0.9182 -0.0563 -0.3920
vn 0.8722 0.4885 -0.0239
vn -0.0233 -0.3972 -0.9175
vn 0.7258 0.6714 0.1496
vn 0.3547 0.7658 -0.5365
vn -0.2614 0.9507 0.1666
vn 0.4672 0.8637 -0.1888
vn 0.7830 0.6220 0.0017
vn 0.6746 -0.4292 -0.6006
vn 0.6937 0.5714 0.4385
vn 0.7850 0.1387 -0.6038
vn 0.8622 0.3859 -0.3283
vn 0.6902 0.7157 0.1066
vn 0.0909 0.3023 0.9489
vn 0.2196 0.8458 0.4862
vn 0.6203 0.5922 0.5143
vn 0.9114 -0.2050 0.3569
vn 0.6257 0.7616 0.1686
vn 0.9215 -0.2001 0.3330
vn 0.8806 -0.2877 0.3765
vn -0.6025 0.7975 0.0312
vn 0.8264 -0.3761 0.4190
vn 0.4772 -0.6794 -0.5574
vn 0.2229 0.8100 -0.5424
vn -0.1079 -0.3055 0.9461
vn 0.7594 0.4228 0.4946
vn 0.6576 -0.6714 -0.3418
vn -0.5620 0.8214 0.0975
vn 0.5870 0.7659 0.2623
vn 0.9373 0.0816 0.3388
vn 0.2909 0.9229 0.2524
vn 0.7541 0.3296 -0.5681
vn 0.7496 -0.2636 0.6072
vn 0.4819 0.8243 0.2971
vn 0.6182 -0.1647 -0.7686
vn 0.4819 -0.8404 -0.2482
vn -0.2210 -0.7445 -0.6300
vn 0.5848 -0.1862 0.7895
vn 0.4760 -0.4540 0.7532
vn -0.2760 0.7529 0.5975
vn 0.4057 -0.5177 -0.7533
vn 0.3500 -0.5368 0.7677
vn 0.7215 0.2530 -0.6445
vn 0.6305 0.6365 -0.4442
vn 0.5351 0.7898 0.2999
vn 0.0946 0.2761 0.9565
vn 0.8214 0.1930 0.5367
vn 0.4780 -0.0014 0.8784
vn 0.7080 0.3235 -0.6278
vn 0.5778 0.6533 -0.4892
vn 0.6452 0.4662 0.6053
vn 0.7782 0.3022 0.5505
vn 0.7625 0.3107 -0.5675
vn 0.0096 -0.9999 -0.0106
vn -0.1152 -0.9635 -0.2417
vn -0.4960 -0.8415 0.2142
vn 0.1808 0.5810 0.7935
vn 0.3029 0.9210 -0.2449
vn 0.5963 0.7911 -0.1363
vn 0.6464 0.5475 -0.5314
vn 0.4212 0.7198 -0.5517
vn 0.9207 -0.3767 -0.1016
vn 0.5347 0.5527 -0.6392
vn 0.8745 0.1404 -0.4642
vn 0.8504 0.4893 -0.1935
vn 0.9925 0.1199 -0.0233
vn 0.3432 0.4527 0.8230
vn 0.2434 0.5008 -0.8307
vn 0.4767 0.2627 0.8389
vn 0.4745 0.6691 0.5720
vn 0.6014 0.7966 0.0619
vn 0.8183 -0.3021 0.4891
vn 0.4916 0.6596 -0.5686
vn -0.4753 0.8797 -0.0151
vn 0.8289 -0.4266 0.3619
vn 0.7890 0.5125 0.3390
vn 0.4466 0.3683 0.8154
vn 0.0309 0.7763 -0.6296
vn -0.2728 0.8090 0.5207
vn 0.6012 0.0507 0.7975
vn 0.8694 -0.3061 0.3879
vn 0.5810 -0.0962 0.8082
vn 0.2515 0.5694 -0.7826
vn -0.0237 0.7929 0.6088
vn 0.7190 0.3931 0.5732
vn 0.3059 0.2752 0.9114
vn 0.8228 -0.5561 -0.1173
vn -0.0266 0.3710 -0.9282
vn 0.9556 -0.2110 0.2057
vn 0.3232 -0.3178 0.8914
vn 0.8672 -0.1233 -0.4824
vn 0.4049 0.7167 -0.5677
vn -0.5481 0.6984 0.4603
vn -0.8783 0.4751 -0.0536
vn 0.5284 0.5348 0.6594
vn 0.0563 -0.8357 -0.5463
vn 0.8123 0.5423 -0.2147
vn 0.9777 -0.1973 0.0717
vn 0.1313 -0.0097 0.9913
vn -0.4549 0.8474 0.2736
vn 0.3772 0.3994 -0.8356
vn 0.2951 0.9344 -0.1995
vn 0.0780 0.7724 0.6303
vn 0.8692 0.4821 0.1098
vn 0.2021 0.6593 0.7243
vn 0.4707 -0.8114 0.3464
vn -0.8889 -0.0056 0.4582
vn 0.8832 0.2558 -0.3931
vn 0.4659 -0.4149 0.7815
vn 0.4657 0.5580 -0.6868
vn 0.9001 -0.0071 -0.4356
vn -0.1896 0.7540 0.6290
vn -0.7087 0.6816 0.1818
vn 0.3898 0.4332 0.8127
vn 0.7759 0.6228 -0.1004
vn 0.8975 0.3704 0.2395
vn 0.7484 -0.6630 0.0188
vn 0.3128 -0.8124 -0.4921
vn 0.8887 -0.0527 0.4554
vn 0.2451 0.7383 -0.6283
vn 0.6890 -0.2359 0.6853
vn 0.2823 0.1037 0.9537
vn 0.3513 -0.3958 -0.8485
vn 0.1688 -0.8420 0.5124
vn -0.3742 -0.1412 0.9165
vn -0.4774 0.8720 0.1080
vn 0.6143 0.6478 -0.4505
vn 0.7348 -0.5119 -0.4450
vn 0.8374 -0.4961 -0.2294
vn -0.1266 -0.1678 0.9777
vn 0.8278 0.2505 -0.5019
vn 0.0375 0.8276 -0.5600
vn 0.9293 -0.3689 -0.0183
vn 0.5377 0.6377 -0.5515
vn 0.5090 0.6003 0.6169
vn 0.5416 0.7714 0.3341
vn -0.1195 0.7628 -0.6355
vn 0.4881 0.8137 0.3158
vn 0.5516 0.0651 0.8316
vn 0.9567 -0.1651 -0.2396
vn 0.1978 0.7547 -0.6255
vn 0.1388 0.8746 -0.4646
vn -0.6147 0.7607 0.2083
vn 0.6191 0.4609 -0.6358
vn 0.5346 -0.6238 -0.5701
vn 0.3498 0.0165 -0.9367
vn 0.8588 0.1219 -0.4976
vn 0.7482 0.6479 -0.1431
vn 0.3297 0.8364 -0.4378
vn -0.8623 0.3278 0.3860
vn 0.8188 -0.2902 0.4952
vn -0.6656 0.7407 0.0912
vn 0.7372 0.1571 0.6572
vn 0.8942 0.4231 0.1466
vn 0.0769 0.0451 0.9960
vn 0.8018 -0.5317 -0.2726
vn 0.5064 -0.1088 0.8554
vn 0.5008 -0.7962 -0.3396
vn 0.3447 0.6681 -0.6595
vn 0.9779 -0.1751 0.1144
vn 0.9513 -0.2707 -0.1474
vn 0.4710 -0.8681 -0.1569
vn -0.8478 0.2274 0.4791
vn -0.5986 0.7411 0.3039
vn 0.7057 0.6729 0.2219
vn 0.2305 0.3929 0.8902
vn 0.3511 0.5007 -0.7912
vn 0.4979 0.8419 0.2080
vn -0.0200 0.7890 0.6141
vn 0.8402 0.5340 -0.0938
vn 0.7019 -0.0426 0.7110
vn 0.6748 -0.6963 0.2446
vn 0.8327 -0.1921 -0.5194
vn -0.9752 0.1357 -0.1750
vn -0.5563 0.7669 0.3201
vn 0.0035 -0.1558 0.9878
vn 0.8633 0.4343 0.2572
vn 0.3005 0.6067 0.7360
vn 0.6016 0.6712 -0.4331
vn 0.4590 0.7158 -0.5263
vn 0.8471 -0.3591 -0.3917
vn 0.8049 0.3372 0.4883
vn 0.9270 -0.0766 0.3672
vn 0.8175 -0.5731 -0.0568
vn 0.3270 0.3315 0.8850
vn 0.3473 -0.7298 0.5889
vn 0.8146 -0.5784 0.0433
vn 0.7263 0.6655 -0.1723
vn 0.9194 0.1586 -0.3598
vn 0.7905 0.4148 -0.4507
vn -0.0511 -0.7165 0.6957
vn 0.2859 0.5433 0.7894
vn 0.7157 0.4760 -0.5111
vn 0.8213 0.0443 -0.5688
vn 0.7654 0.4051 0.5000
vn -0.4238 0.8881 0.1779
vn 0.7510 -0.6044 -0.2659
vn 0.9253 -0.0276 -0.3781
vn 0.6815 0.2391 -0.6917
vn 0.6276 0.4470 0.6374
vn 0.8812 0.3731 0.2903
vn 0.8571 0.4644 -0.2230
vn 0.4247 0.4506 0.7852
vn 0.5433 -0.1327 0.8290
vn 0.4850 0.7784 -0.3985
vn 0.2087 -0.8668 0.4529
vn 0.5889 -0.4844 -0.6469
vn 0.4589 0.6424 0.6138
vn 0.9857 -0.1087 -0.1288
vn 0.7696 0.5828 0.2610
vn 0.5447 -0.8227 0.1627
vn 0.7061 -0.1256 0.6969
vn 0.6421 0.7525 0.1466
vn 0.5783 0.7828 -0.2297
vn 0.9791 -0.1974 -0.0496
vn 0.9198 -0.3920 0.0162
vn 0.4456 0.8527 0.2726
vn 0.9573 -0.2891 -0.0030
vn 0.2502 0.6937 0.6754
vn -0.0831 0.9199 0.3831
vn 0.6115 0.7888 0.0626
vn 0.9272 0.3741 -0.0196
vn 0.7048 0.6184 0.3477
vn 0.7163 0.6961 0.0491
vn 0.6033 0.7061 -0.3707
vn 0.4477 -0.8942 -0.0058
vn 0.7918 -0.4875 -0.3681
vn 0.8515 -0.4597 -0.2521
vn 0.5635 0.7406 0.3661
vn -0.1308 0.8980 0.4202
vn 0.8169 0.4688 -0.3360
vn 0.1165 0.8584 0.4996
vn 0.7369 -0.6294 0.2465
vn 0.7262 0.5755 -0.3760
vn 0.9206 0.0107 0.3903
vn 0.4005 0.9153 0.0429
vn 0.9409 0.3071 -0.1429
vn 0.4839 0.6427 -0.5940
vn 0.8751 0.3094 0.3720
vn 0.9391 0.2481 -0.2379
vn 0.9186 -0.3932 -0.0394
vn 0.9410 0.3367 0.0329
vn -0.0094 0.9514 0.3078
vn 0.7951 -0.6012 0.0801
vn -0.8033 0.5554 0.2150
vn 0.7885 -0.1315 0.6008
vn 0.8407 -0.5415 -0.0063
vn 0.9748 -0.1386 -0.1746
vn 0.9467 -0.1084 0.3035
vn 0.9769 -0.1711 -0.1277
vn 0.8365 -0.4756 0.2721
vn 0.2338 0.9713 -0.0433
vn 0.0234 0.8733 -0.4866
vn 0.2260 0.6039 -0.7644
vn 0.8947 -0.4220 0.1463
vn 0.8913 -0.4533 -0.0061
vn -0.2422 0.8906 0.3850
vn 0.9218 -0.3812 -0.0702
vn 0.9225 -0.0171 0.3857
vn 0.8771 -0.1795 0.4456
vn 0.9397 -0.3420 -0.0020
vn 0.4743 0.4179 0.7749
vn 0.2237 -0.0036 -0.9747
vn 0.9488 -0.2954 0.1114
vn 0.7090 0.3053 -0.6356
vn 0.9398 -0.2934 0.1752
vn 0.7768 0.6199 0.1112
vn 0.6174 0.0835 0.7822
vn 0.5993 -0.7159 0.3582
vn 0.7304 0.3838 -0.5650
vn 0.7293 -0.3801 0.5689
vn 0.9080 -0.3778 0.1811
vn 0.6391 -0.7522 -0.1607
vn -0.0876 -0.4459 0.8908
vn 0.5983 0.7538 -0.2719
vn 0.9766 0.1604 -0.1432
vn 0.9797 0.1521 -0.1308
vn 0.8563 -0.4634 0.2281
vn 0.1822 0.7367 0.6512
vn 0.5491 0.7305 -0.4059
vn 0.9567 0.1401 -0.2551
vn 0.8834 0.1825 -0.4316
vn 0.7598 -0.6229 0.1862
vn 0.5784 0.8105 -0.0924
vn 0.6124 -0.7680 0.1875
vn 0.9209 -0.3221 -0.2196
vn 0.6881 -0.3769 -0.6200
vn 0.9195 0.0842 -0.3840
vn 0.5887 0.7484 -0.3054
vn 0.9525 0.0674 0.2968
vn 0.8401 -0.1041 0.5323
vn 0.9499 -0.0303 -0.3110
vn 0.9962 -0.0314 0.0808
vn 0.8346 -0.5508 -0.0070
vn 0.5423 0.8399 -0.0206
vn -0.0080 -0.5264 0.8502
vn 0.3784 0.7201 0.5816
vn 0.3117 -0.5033 -0.8059
vn 0.7844 0.2693 -0.5588
vn 0.6907 0.7031 -0.1691
vn 0.2373 0.8286 -0.5071
vn 0.4257 0.8283 -0.3643
vn 0.9373 0.1965 -0.2878
vn 0.7161 -0.6959 -0.0537
vn 0.7044 -0.4010 0.5857
vn 0.4725 -0.2115 0.8556
vn 0.3233 0.9275 -0.1874
vn 0.8033 -0.4931 0.3341
vn 0.9978 0.0636 0.0190
vn 0.7444 0.6244 -0.2368
vn 0.8471 0.3090 0.4323
vn 0.7603 0.6308 0.1548
vn 0.1352 0.4175 -0.8986
vn 0.3392 0.8900 0.3048
vn 0.9950 0.0565 -0.0818
vn 0.8715 -0.3919 0.2949
vn 0.5083 -0.7946 0.3320
vn 0.8563 0.4464 -0.2597
vn -0.1398 0.8759 -0.4619
vn 0.9510 -0.2277 0.2093
vn 0.9249 -0.0082 0.3800
vn 0.8392 -0.5022 -0.2086
vn 0.5810 -0.7758 0.2461
vn 0.7849 -0.1220 0.6075
vn 0.2684 0.3257 0.9066
vn 0.7844 -0.4894 0.3810
vn 0.7679 -0.6406 0.0013
vn 0.9935 -0.0963 -0.0600
vn 0.9118 0.4093 -0.0336
vn 0.9363 0.3500 0.0301
vn 0.6553 -0.6910 0.3051
vn 0.6889 -0.5278 -0.4969
vn 0.8766 0.3279 -0.3522
vn 0.0253 0.9995 -0.0172
vn -0.3171 0.8933 0.3187
vn 0.9904 0.1275 0.0541
vn 0.2776 0.9604 -0.0223
vn 0.9949 -0.0811 0.0594
vn 0.8921 0.2325 -0.3875
vn 0.8431 -0.4544 -0.2877
vn 0.6147 -0.7789 0.1244
vn 0.8598 0.4907 -0.1415
vn 0.7631 -0.6207 -0.1803
vn 0.8722 0.2999 -0.3865
vn 0.6239 0.5474 0.5578
vn 0.4241 0.4223 0.8011
vn 0.6895 0.6506 0.3181
vn 0.3232 0.0433 -0.9453
vn 0.4899 0.8516 0.1863
vn 0.0028 -0.6421 0.7666
vn 0.9584 0.1525 -0.2412
vn 0.7013 -0.6496 -0.2936
vn 0.2513 0.6156 -0.7469
vn 0.5943 0.1841 0.7829
vn 0.5634 0.5371 0.6277
vn 0.2009 0.9036 0.3783
vn -0.0486 0.9779 -0.2033
vn 0.4638 0.5310 0.7091
vn 0.7861 -0.0904 0.6115
vn 0.2787 0.2452 0.9286
vn -0.1391 0.9787 0.1508
vn 0.9881 -0.1273 0.0862
vn 0.5255 0.8501 0.0344
vn 0.9613 -0.2680 -0.0634
vn 0.9933 -0.1021 0.0548
vn -0.2502 0.9218 0.2961
vn 0.9668 0.1540 0.2042
vn 0.8925 -0.3933 -0.2209
vn 0.9579 0.2867 0.0137
vn 0.9979 0.0045 0.0650
vn 0.9751 -0.1964 -0.1033
vn 0.9986 -0.0379 0.0363
vn 0.6561 -0.5528 -0.5137
vn 0.5566 0.1902 0.8087
vn 0.9322 0.2214 0.2863
vn 0.9725 0.2283 0.0470
vn -0.2195 0.9179 0.3307
vn 0.4737 -0.7611 0.4432
vn 0.9886 -0.1508 -0.0002
vn 0.9059 0.3864 0.1734
vn 0.7574 0.5715 -0.3159
vn 0.3941 -0.8420 0.3684
vn 0.9257 -0.2578 -0.2768
vn 0.9974 0.0231 -0.0676
vn -0.1437 0.9520 0.2705
vn 0.2339 -0.6619 0.7122
vn 0.9146 0.3900 -0.1066
vn 0.6163 0.4504 0.6459
vn 0.2864 0.5532 0.7823
vn 0.5616 0.8063 0.1856
vn 0.1098 0.9938 -0.0175
vn 0.3506 0.7648 0.5405
vn 0.4662 0.1675 -0.8687
vn 0.1245 0.8103 0.5727
vn 0.6438 0.3435 0.6838
vn -0.0828 0.9608 0.2647
vn 0.5353 0.6885 0.4892
vn 0.7137 -0.4990 -0.4916
vn 0.4796 0.8711 0.1057
vn 0.5575 0.5131 -0.6526
vn -0.3113 -0.6801 0.6638
vn 0.3474 0.7889 0.5068
vn 0.2555 -0.5693 0.7814
vn 0.8032 -0.0985 0.5875
vn 0.3803 0.1061 -0.9188
vn 0.2346 -0.8600 0.4532
vn 0.2363 0.5533 -0.7988
vn 0.5172 0.8215 0.2402
vn -0.2274 -0.9644 0.1350
vn -0.1168 0.9881 -0.1004
vn 0.2716 0.2824 -0.9200
vn 0.4076 0.4382 -0.8012
vn 0.7492 -0.3217 0.5789
vn 0.7306 -0.4396 -0.5224
vn 0.3482 0.9348 0.0703
vn 0.4574 0.1801 0.8708
vn 0.0951 -0.7995 0.5931
vn 0.1819 0.7368 -0.6512
vn 0.4943 0.7332 0.4670
vn 0.4034 0.3836 0.8308
vn 0.6060 0.2364 0.7595
vn 0.1281 -0.8522 -0.5073
vn 0.8287 0.3862 0.4051
vn 0.4053 0.3962 -0.8239
vn 0.8637 -0.1418 0.4837
vn 0.8160 -0.4854 0.3137
vn 0.5427 0.7895 0.2865
vn 0.7960 0.4367 0.4192
vn 0.7099 -0.6705 0.2156
vn 0.6404 0.7627 -0.0906
vn 0.0087 0.4079 -0.9130
vn 0.9443 -0.2498 0.2143
vn 0.8516 0.2178 0.4767
vn 0.7269 0.0606 0.6841
vn 0.4186 0.8814 -0.2187
vn 0.7221 0.6688 -0.1769
vn 0.6072 0.7254 -0.3243
vn 0.1141 0.3798 -0.9180
vn 0.4345 0.8951 0.0995
vn 0.3659 -0.2489 0.8968
vn 0.5732 0.8192 -0.0168
vn 0.8330 0.3728 0.4088
vn 0.1221 0.2855 -0.9506
vn 0.5774 0.5397 0.6127
vn 0.5485 0.2983 0.7812
vn 0.1412 0.6516 -0.7453
vn 0.6412 0.2913 0.7099
vn 0.4907 -0.7699 0.4080
vn 0.6065 0.6729 -0.4235
vn 0.1806 0.7217 -0.6682
vn -0.0649 0.9080 0.4139
vn 0.7494 0.2713 -0.6039
vn 0.0897 0.7896 0.6071
vn 0.5269 0.4387 -0.7280
vn -0.1810 0.4836 -0.8563
vn 0.3823 0.7475 0.5433
vn 0.3961 0.6140 0.6827
vn 0.7409 0.4529 0.4959
vn 0.4344 -0.8982 0.0678
vn 0.8389 0.4677 0.2785
vn -0.1828 0.9327 0.3108
vn 0.8503 -0.4822 -0.2108
vn 0.4597 -0.3011 -0.8355
vn 0.3934 0.6346 0.6652
vn 0.5916 0.3292 -0.7360
vn 0.7907 -0.3786 -0.4811
vn 0.7757 0.6289 0.0523
vn 0.6026 0.5927 0.5344
vn 0.7059 0.6504 -0.2806
vn -0.1311 0.9296 0.3446
vn 0.4330 0.4386 0.7875
vn 0.1503 0.3247 -0.9338
vn -0.5054 0.6266 -0.5933
vn 0.9793 0.1504 -0.1357
vn 0.8339 -0.5257 0.1682
vn 0.1063 0.9293 0.3536
vn 0.9435 0.2391 0.2294
vn 0.9732 -0.1227 -0.1944
vn 0.9147 0.0941 -0.3930
vn 0.5102 -0.3506 0.7854
vn 0.9324 -0.0119 -0.3613
vn -0.1827 0.3905 -0.9023
vn 0.5352 0.5177 0.6674
vn 0.9669 0.1975 -0.1614
vn 0.9669 -0.2414 -0.0824
vn 0.7323 -0.3603 0.5778
vn 0.5759 0.5953 0.5604
vn 0.8340 0.1661 0.5262
vn 0.9868 -0.1426 0.0773
vn 0.7318 -0.4167 0.5393
vn 0.1405 0.2234 -0.9645
vn 0.9549 0.2748 -0.1125
vn 0.9435 0.1717 -0.2835
vn 0.2154 0.6260 -0.7495
vn 0.5254 0.7165 0.4588
vn 0.4415 0.6224 0.6463
vn 0.3961 0.6579 -0.6405
vn 0.6134 0.3903 0.6866
vn 0.1797 0.7256 0.6642
vn 0.2491 0.7245 -0.6427
vn 0.3119 0.9071 0.2827
vn 0.4178 -0.9056 0.0728
vn 0.4175 -0.8145 -0.4028
vn -0.1699 0.3549 -0.9194
vn -0.5335 0.6962 0.4803
vn 0.5285 0.4985 0.6872
vn -0.1075 0.9849 0.1356
vn -0.0873 0.3758 -0.9226
vn 0.4596 0.7234 -0.5152
vn 0.3044 0.7909 0.5309
vn 0.5444 0.3742 0.7508
vn 0.4000 0.9150 0.0523
vn 0.4194 0.7819 0.4612
vn 0.1191 0.6103 0.7831
vn 0.3695 0.8308 0.4162
vn 0.5891 0.2471 0.7694
vn 0.7317 -0.0872 -0.6760
vn 0.7568 -0.6264 0.1866
vn -0.0713 0.8459 0.5286
vn 0.5672 0.8100 -0.1489
vn 0.2488 0.4905 -0.8352
vn 0.8085 -0.3590 0.4663
vn 0.7791 -0.6113 0.1388
vn 0.4109 0.4198 0.8093
vn 0.6114 0.1937 0.7672
vn 0.5781 0.5713 0.5826
vn -0.1742 0.2066 -0.9628
vn 0.6021 0.3974 0.6925
vn 0.3367 0.2322 -0.9125
vn 0.6476 -0.6147 -0.4503
vn 0.6221 0.4089 -0.6677
vn 0.1196 0.3696 -0.9215
vn 0.4239 0.6623 0.6178
vn 0.6447 0.2012 0.7375
vn -0.0328 0.9976 0.0614
vn 0.6591 0.4988 -0.5629
vn 0.5598 0.5924 0.5794
vn 0.2467 0.3108 -0.9179
vn -0.0375 0.4166 -0.9083
vn 0.5429 0.7896 0.2860
vn 0.1784 0.8174 0.5477
vn 0.3130 0.3887 0.8666
vn 0.8326 0.4413 -0.3348
vn 0.6721 0.0029 0.7405
vn 0.4620 0.1093 -0.8801
vn 0.5418 0.3718 0.7538
vn 0.7885 -0.4351 -0.4347
vn 0.9835 -0.1273 0.1288
vn 0.6885 0.5616 0.4588
vn 0.7228 0.3533 -0.5939
vn 0.6834 -0.0673 0.7269
vn 0.6482 0.6050 -0.4625
vn 0.8276 -0.3948 -0.3990
vn 0.8264 -0.1769 0.5345
vn 0.7753 0.6296 0.0501
vn 0.6939 0.3413 0.6341
vn 0.8543 0.4833 -0.1912
vn 0.8061 -0.3143 -0.5014
vn 0.8799 0.0004 0.4752
vn 0.5035 0.1472 -0.8514
vn 0.9949 -0.0178 -0.0996
vn 0.9874 -0.1531 0.0395
vn 0.9652 -0.1872 -0.1826
vn 0.9233 0.3762 0.0775
s 1
usemtl none
f 2//2 6//6 10//10
f 6//6 2//2 7//7
f 2//2 10//10 1//1
f 5//5 3//3 9//9
f 1//1 4//4 2//2
f 3//3 8//8 1//1
f 1//1 9//9 3//3
f 1//1 10//10 9//9
f 5//5 9//9 11//11
f 6//6 7//7 10//10
f 11//11 9//9 14//14
f 4//4 16//16 2//2
f 1//1 8//8 4//4
f 11//11 12//12 5//5
f 3//3 5//5 8//8
f 19//19 14//14 9//9
f 13//13 17//17 10//10
f 2//2 16//16 7//7
f 8//8 5//5 12//12
f 11//11 14//14 12//12
f 16//16 4//4 18//18
f 4//4 8//8 18//18
f 13//13 20//20 17//17
f 10//10 20//20 13//13
f 19//19 21//21 14//14
f 14//14 15//15 22//22
f 12//12 23//23 8//8
f 19//19 9//9 24//24
f 10//10 7//7 20//20
f 14//14 22//22 12//12
f 7//7 16//16 25//25
f 12//12 22//22 49//49
f 7//7 28//28 20//20
f 17//17 27//27 10//10
f 7//7 25//25 28//28
f 15//15 14//14 26//26
f 19//19 24//24 35//35
f 18//18 8//8 29//29
f 19//19 35//35 21//21
f 15//15 26//26 22//22
f 8//8 23//23 29//29
f 10//10 27//27 9//9
f 17//17 20//20 27//27
f 12//12 49//49 23//23
f 27//27 33//33 9//9
f 20//20 30//30 27//27
f 24//24 9//9 32//32
f 23//23 49//49 34//34
f 14//14 21//21 26//26
f 24//24 32//32 35//35
f 23//23 36//36 29//29
f 20//20 31//31 30//30
f 9//9 37//37 32//32
f 28//28 39//39 20//20
f 21//21 35//35 40//40
f 18//18 38//38 16//16
f 23//23 34//34 36//36
f 49//49 41//41 34//34
f 9//9 33//33 37//37
f 27//27 30//30 33//33
f 20//20 39//39 31//31
f 30//30 31//31 50//50
f 28//28 25//25 44//44
f 43//43 42//42 46//46
f 30//30 50//50 55//55
f 43//43 47//47 42//42
f 29//29 38//38 18//18
f 43//43 28//28 47//47
f 32//32 48//48 35//35
f 25//25 16//16 68//68
f 49//49 54//54 41//41
f 53//53 37//37 137//137
f 43//43 46//46 51//51
f 47//47 28//28 44//44
f 22//22 26//26 45//45
f 43//43 39//39 28//28
f 43//43 51//51 39//39
f 16//16 38//38 68//68
f 42//42 47//47 52//52
f 36//36 62//62 29//29
f 22//22 45//45 49//49
f 33//33 65//65 37//37
f 33//33 56//56 102//102
f 25//25 58//58 44//44
f 42//42 59//59 46//46
f 39//39 51//51 31//31
f 53//53 137//137 57//57
f 55//55 50//50 64//64
f 47//47 44//44 58//58
f 56//56 33//33 63//63
f 50//50 31//31 64//64
f 42//42 67//67 59//59
f 46//46 59//59 77//77
f 42//42 52//52 67//67
f 25//25 72//72 58//58
f 37//37 53//53 60//60
f 33//33 102//102 65//65
f 21//21 40//40 61//61
f 68//68 72//72 25//25
f 34//34 41//41 70//70
f 52//52 47//47 71//71
f 32//32 37//37 60//60
f 47//47 58//58 68//68
f 51//51 46//46 69//69
f 67//67 73//73 59//59
f 21//21 61//61 26//26
f 68//68 58//58 72//72
f 57//57 66//66 53//53
f 38//38 85//85 68//68
f 71//71 79//79 52//52
f 47//47 68//68 71//71
f 51//51 86//86 31//31
f 33//33 30//30 63//63
f 32//32 60//60 48//48
f 40//40 35//35 48//48
f 26//26 87//87 45//45
f 29//29 97//97 38//38
f 55//55 80//80 30//30
f 52//52 79//79 67//67
f 45//45 87//87 81//81
f 71//71 78//78 75//75
f 71//71 75//75 79//79
f 62//62 97//97 29//29
f 31//31 86//86 64//64
f 71//71 68//68 78//78
f 53//53 84//84 60//60
f 68//68 85//85 78//78
f 67//67 79//79 82//82
f 79//79 75//75 83//83
f 78//78 85//85 38//38
f 64//64 89//89 55//55
f 55//55 89//89 80//80
f 36//36 34//34 91//91
f 30//30 94//94 63//63
f 78//78 90//90 75//75
f 83//83 82//82 79//79
f 56//56 74//74 102//102
f 65//65 102//102 122//122
f 75//75 90//90 93//93
f 57//57 76//76 66//66
f 26//26 61//61 87//87
f 64//64 99//99 89//89
f 64//64 86//86 99//99
f 53//53 66//66 84//84
f 77//77 92//92 46//46
f 56//56 63//63 74//74
f 78//78 98//98 90//90
f 45//45 81//81 49//49
f 83//83 75//75 93//93
f 78//78 38//38 97//97
f 57//57 137//137 95//95
f 51//51 69//69 86//86
f 67//67 82//82 96//96
f 78//78 97//97 98//98
f 37//37 101//101 137//137
f 62//62 103//103 97//97
f 57//57 95//95 76//76
f 82//82 83//83 96//96
f 83//83 93//93 110//110
f 69//69 99//99 86//86
f 37//37 65//65 101//101
f 36//36 91//91 104//104
f 40//40 48//48 88//88
f 83//83 100//100 96//96
f 77//77 59//59 108//108
f 77//77 108//108 92//92
f 97//97 103//103 98//98
f 74//74 112//112 102//102
f 46//46 92//92 111//111
f 76//76 106//106 66//66
f 67//67 96//96 109//109
f 30//30 80//80 94//94
f 36//36 104//104 62//62
f 93//93 90//90 107//107
f 49//49 125//125 54//54
f 46//46 111//111 69//69
f 83//83 110//110 118//118
f 96//96 100//100 109//109
f 40//40 88//88 61//61
f 99//99 135//135 89//89
f 98//98 121//121 90//90
f 112//112 74//74 127//127
f 80//80 89//89 117//117
f 105//105 119//119 95//95
f 66//66 106//106 114//114
f 62//62 128//128 103//103
f 76//76 95//95 119//119
f 89//89 135//135 117//117
f 63//63 116//116 74//74
f 95//95 137//137 113//113
f 67//67 109//109 73//73
f 83//83 118//118 100//100
f 93//93 107//107 110//110
f 81//81 125//125 49//49
f 95//95 113//113 105//105
f 103//103 123//123 98//98
f 41//41 124//124 70//70
f 100//100 118//118 109//109
f 98//98 123//123 120//120
f 80//80 117//117 94//94
f 54//54 142//142 41//41
f 102//102 112//112 122//122
f 81//81 87//87 125//125
f 62//62 138//138 128//128
f 34//34 70//70 126//126
f 73//73 109//109 118//118
f 34//34 126//126 91//91
f 98//98 120//120 132//132
f 111//111 92//92 129//129
f 98//98 132//132 121//121
f 90//90 131//131 107//107
f 59//59 73//73 108//108
f 110//110 133//133 118//118
f 69//69 117//117 99//99
f 105//105 113//113 136//136
f 63//63 94//94 116//116
f 91//91 130//130 104//104
f 76//76 114//114 106//106
f 48//48 60//60 140//140
f 62//62 104//104 138//138
f 84//84 66//66 167//167
f 123//123 103//103 128//128
f 76//76 119//119 139//139
f 73//73 118//118 134//134
f 84//84 140//140 60//60
f 137//137 101//101 175//175
f 88//88 48//48 140//140
f 73//73 134//134 108//108
f 99//99 117//117 135//135
f 90//90 121//121 131//131
f 66//66 114//114 167//167
f 111//111 129//129 147//147
f 69//69 111//111 117//117
f 84//84 143//143 140//140
f 54//54 125//125 142//142
f 139//139 119//119 141//141
f 123//123 145//145 120//120
f 122//122 148//148 65//65
f 119//119 105//105 141//141
f 110//110 107//107 133//133
f 113//113 137//137 146//146
f 76//76 139//139 114//114
f 92//92 108//108 129//129
f 41//41 115//115 124//124
f 155//155 121//121 150//150
f 123//123 128//128 138//138
f 121//121 132//132 150//150
f 107//107 131//131 149//149
f 84//84 167//167 143//143
f 41//41 142//142 115//115
f 113//113 146//146 136//136
f 137//137 144//144 146//146
f 107//107 149//149 151//151
f 108//108 153//153 129//129
f 112//112 157//157 122//122
f 101//101 148//148 1631//1631
f 101//101 1631//1631 175//175
f 107//107 151//151 133//133
f 121//121 155//155 154//154
f 117//117 111//111 94//94
f 74//74 116//116 195//195
f 88//88 181//181 61//61
f 131//131 121//121 154//154
f 101//101 65//65 148//148
f 74//74 195//195 127//127
f 147//147 163//163 111//111
f 105//105 152//152 141//141
f 118//118 133//133 171//171
f 116//116 94//94 195//195
f 150//150 156//156 155//155
f 118//118 160//160 134//134
f 123//123 138//138 158//158
f 88//88 140//140 159//159
f 111//111 162//162 94//94
f 123//123 158//158 145//145
f 137//137 175//175 144//144
f 105//105 136//136 179//179
f 154//154 165//165 131//131
f 167//167 114//114 183//183
f 88//88 159//159 181//181
f 108//108 164//164 153//153
f 152//152 105//105 173//173
f 129//129 169//169 147//147
f 133//133 151//151 168//168
f 87//87 61//61 166//166
f 111//111 163//163 162//162
f 168//168 171//171 133//133
f 151//151 172//172 190//190
f 156//156 191//191 155//155
f 151//151 149//149 172//172
f 141//141 152//152 176//176
f 139//139 141//141 176//176
f 154//154 155//155 178//178
f 150//150 132//132 156//156
f 167//167 183//183 174//174
f 138//138 170//170 158//158
f 139//139 176//176 177//177
f 108//108 134//134 164//164
f 105//105 179//179 173//173
f 144//144 175//175 182//182
f 131//131 180//180 149//149
f 125//125 184//184 142//142
f 144//144 185//185 146//146
f 134//134 160//160 164//164
f 115//115 142//142 222//222
f 145//145 186//186 120//120
f 154//154 178//178 165//165
f 70//70 188//188 126//126
f 140//140 143//143 159//159
f 104//104 130//130 193//193
f 169//169 129//129 215//215
f 114//114 139//139 183//183
f 118//118 171//171 160//160
f 180//180 131//131 165//165
f 70//70 124//124 188//188
f 136//136 146//146 179//179
f 87//87 166//166 184//184
f 87//87 184//184 125//125
f 139//139 177//177 183//183
f 147//147 169//169 189//189
f 115//115 222//222 124//124
f 142//142 184//184 161//161
f 175//175 187//187 182//182
f 155//155 191//191 196//196
f 168//168 151//151 190//190
f 120//120 197//197 132//132
f 138//138 104//104 199//199
f 138//138 199//199 170//170
f 91//91 126//126 194//194
f 162//162 212//212 94//94
f 181//181 210//210 61//61
f 144//144 182//182 185//185
f 146//146 185//185 192//192
f 129//129 153//153 215//215
f 143//143 167//167 159//159
f 147//147 189//189 163//163
f 165//165 178//178 198//198
f 156//156 197//197 191//191
f 94//94 212//212 195//195
f 155//155 196//196 178//178
f 158//158 170//170 199//199
f 179//179 146//146 192//192
f 132//132 197//197 156//156
f 149//149 235//235 172//172
f 176//176 152//152 200//200
f 185//185 182//182 214//214
f 185//185 214//214 203//203
f 177//177 176//176 204//204
f 145//145 205//205 186//186
f 176//176 200//200 204//204
f 122//122 157//157 148//148
f 152//152 173//173 200//200
f 120//120 186//186 197//197
f 194//194 202//202 91//91
f 215//215 153//153 206//206
f 158//158 199//199 205//205
f 61//61 210//210 166//166
f 171//171 168//168 160//160
f 165//165 198//198 211//211
f 191//191 207//207 196//196
f 145//145 158//158 205//205
f 178//178 208//208 198//198
f 187//187 175//175 219//219
f 187//187 214//214 182//182
f 127//127 195//195 212//212
f 179//179 217//217 173//173
f 104//104 226//226 199//199
f 91//91 202//202 130//130
f 168//168 190//190 271//271
f 162//162 216//216 212//212
f 126//126 188//188 194//194
f 197//197 213//213 191//191
f 187//187 219//219 214//214
f 183//183 177//177 201//201
f 189//189 169//169 215//215
f 198//198 208//208 211//211
f 174//174 183//183 224//224
f 183//183 201//201 224//224
f 162//162 163//163 218//218
f 149//149 180//180 220//220
f 149//149 220//220 235//235
f 199//199 226//226 205//205
f 174//174 234//234 167//167
f 179//179 192//192 217//217
f 165//165 211//211 180//180
f 159//159 234//234 181//181
f 178//178 209//209 208//208
f 130//130 202//202 193//193
f 159//159 167//167 234//234
f 160//160 236//236 164//164
f 163//163 189//189 218//218
f 219//219 221//221 214//214
f 234//234 174//174 224//224
f 153//153 164//164 206//206
f 160//160 168//168 225//225
f 214//214 221//221 203//203
f 221//221 223//223 203//203
f 219//219 175//175 378//378
f 185//185 203//203 223//223
f 180//180 211//211 227//227
f 185//185 223//223 192//192
f 226//226 104//104 230//230
f 178//178 196//196 228//228
f 209//209 231//231 208//208
f 196//196 207//207 228//228
f 168//168 271//271 225//225
f 200//200 229//229 204//204
f 200//200 173//173 229//229
f 208//208 232//232 211//211
f 127//127 212//212 216//216
f 184//184 166//166 161//161
f 177//177 204//204 286//286
f 127//127 341//341 112//112
f 112//112 311//311 157//157
f 215//215 206//206 265//265
f 127//127 216//216 341//341
f 207//207 233//233 228//228
f 190//190 172//172 235//235
f 197//197 237//237 213//213
f 221//221 219//219 378//378
f 160//160 225//225 236//236
f 229//229 286//286 204//204
f 190//190 235//235 271//271
f 220//220 180//180 244//244
f 223//223 221//221 245//245
f 162//162 218//218 216//216
f 197//197 186//186 250//250
f 221//221 378//378 245//245
f 213//213 381//381 191//191
f 238//238 240//240 239//239
f 206//206 164//164 265//265
f 238//238 239//239 242//242
f 223//223 243//243 192//192
f 242//242 239//239 241//241
f 223//223 245//245 243//243
f 207//207 381//381 233//233
f 191//191 381//381 207//207
f 189//189 215//215 218//218
f 211//211 232//232 227//227
f 178//178 228//228 255//255
f 178//178 255//255 209//209
f 247//247 246//246 248//248
f 247//247 273//273 246//246
f 240//240 238//238 262//262
f 249//249 253//253 251//251
f 164//164 252//252 291//291
f 381//381 257//257 233//233
f 226//226 230//230 205//205
f 254//254 253//253 256//256
f 249//249 273//273 277//277
f 253//253 254//254 259//259
f 249//249 251//251 273//273
f 248//248 246//246 263//263
f 242//242 241//241 266//266
f 253//253 269//269 251//251
f 242//242 266//266 238//238
f 262//262 238//238 272//272
f 246//246 273//273 268//268
f 166//166 276//276 161//161
f 161//161 260//260 142//142
f 197//197 250//250 237//237
f 241//241 239//239 261//261
f 254//254 275//275 259//259
f 264//264 262//262 272//272
f 253//253 249//249 256//256
f 249//249 277//277 258//258
f 267//267 270//270 245//245
f 193//193 281//281 104//104
f 247//247 277//277 273//273
f 240//240 278//278 239//239
f 245//245 270//270 243//243
f 161//161 276//276 260//260
f 201//201 177//177 525//525
f 253//253 259//259 278//278
f 240//240 269//269 278//278
f 230//230 104//104 281//281
f 241//241 261//261 285//285
f 201//201 525//525 224//224
f 264//264 279//279 262//262
f 253//253 278//278 269//269
f 286//286 526//526 177//177
f 192//192 243//243 280//280
f 186//186 379//379 250//250
f 264//264 272//272 283//283
f 262//262 279//279 329//329
f 274//274 246//246 268//268
f 262//262 269//269 240//240
f 228//228 233//233 294//294
f 246//246 274//274 263//263
f 251//251 302//302 273//273
f 267//267 245//245 378//378
f 238//238 283//283 272//272
f 157//157 311//311 148//148
f 264//264 283//283 312//312
f 262//262 329//329 290//290
f 274//274 282//282 287//287
f 173//173 217//217 309//309
f 262//262 290//290 269//269
f 259//259 300//300 293//293
f 257//257 314//314 233//233
f 274//274 287//287 263//263
f 180//180 227//227 244//244
f 243//243 270//270 280//280
f 238//238 266//266 283//283
f 265//265 164//164 291//291
f 208//208 231//231 232//232
f 230//230 281//281 205//205
f 241//241 285//285 303//303
f 247//247 308//308 277//277
f 292//292 284//284 297//297
f 259//259 275//275 326//326
f 217//217 192//192 327//327
f 289//289 269//269 290//290
f 177//177 526//526 525//525
f 251//251 289//289 302//302
f 298//298 284//284 299//299
f 288//288 285//285 304//304
f 284//284 296//296 297//297
f 298//298 299//299 319//319
f 239//239 278//278 261//261
f 280//280 270//270 317//317
f 259//259 304//304 261//261
f 244//244 227//227 346//346
f 142//142 260//260 222//222
f 251//251 269//269 289//289
f 259//259 293//293 304//304
f 192//192 280//280 327//327
f 298//298 296//296 284//284
f 228//228 294//294 316//316
f 249//249 258//258 308//308
f 248//248 352//352 247//247
f 259//259 261//261 278//278
f 311//311 112//112 341//341
f 186//186 205//205 379//379
f 288//288 303//303 285//285
f 216//216 218//218 343//343
f 292//292 299//299 284//284
f 268//268 282//282 274//274
f 310//310 321//321 296//296
f 241//241 303//303 266//266
f 264//264 312//312 331//331
f 225//225 271//271 615//615
f 288//288 320//320 305//305
f 275//275 254//254 359//359
f 288//288 304//304 320//320
f 292//292 315//315 299//299
f 249//249 308//308 301//301
f 258//258 277//277 308//308
f 307//307 322//322 263//263
f 296//296 306//306 297//297
f 315//315 292//292 297//297
f 307//307 263//263 287//287
f 310//310 296//296 323//323
f 296//296 321//321 306//306
f 234//234 318//318 181//181
f 259//259 326//326 300//300
f 249//249 301//301 256//256
f 302//302 333//333 273//273
f 175//175 1631//1631 1323//1323
f 175//175 1323//1323 378//378
f 290//290 302//302 289//289
f 296//296 298//298 323//323
f 285//285 261//261 304//304
f 283//283 266//266 387//387
f 270//270 327//327 317//317
f 173//173 309//309 229//229
f 264//264 331//331 279//279
f 254//254 256//256 359//359
f 298//298 319//319 336//336
f 273//273 333//333 268//268
f 321//321 310//310 401//401
f 293//293 320//320 304//304
f 233//233 314//314 294//294
f 307//307 324//324 322//322
f 315//315 330//330 299//299
f 328//328 329//329 279//279
f 290//290 333//333 302//302
f 336//336 335//335 298//298
f 209//209 255//255 231//231
f 286//286 345//345 526//526
f 266//266 339//339 387//387
f 307//307 287//287 340//340
f 322//322 324//324 375//375
f 228//228 316//316 295//295
f 315//315 337//337 330//330
f 299//299 355//355 319//319
f 312//312 283//283 361//361
f 307//307 338//338 324//324
f 326//326 409//409 300//300
f 290//290 329//329 333//333
f 325//325 338//338 307//307
f 298//298 347//347 323//323
f 298//298 335//335 356//356
f 216//216 343//343 341//341
f 307//307 340//340 325//325
f 317//317 327//327 280//280
f 270//270 408//408 327//327
f 181//181 440//440 210//210
f 288//288 305//305 358//358
f 283//283 387//387 313//313
f 287//287 282//282 334//334
f 267//267 408//408 270//270
f 336//336 342//342 348//348
f 266//266 303//303 339//339
f 300//300 351//351 293//293
f 310//310 323//323 350//350
f 247//247 352//352 308//308
f 282//282 268//268 395//395
f 330//330 344//344 299//299
f 288//288 358//358 303//303
f 306//306 321//321 297//297
f 297//297 359//359 315//315
f 287//287 334//334 340//340
f 342//342 336//336 354//354
f 298//298 356//356 370//370
f 298//298 370//370 347//347
f 315//315 357//357 337//337
f 319//319 372//372 336//336
f 232//232 231//231 377//377
f 232//232 377//377 388//388
f 164//164 349//349 252//252
f 337//337 344//344 330//330
f 348//348 335//335 336//336
f 348//348 406//406 335//335
f 217//217 327//327 362//362
f 319//319 355//355 372//372
f 312//312 360//360 331//331
f 305//305 364//364 358//358
f 353//353 372//372 355//355
f 315//315 359//359 357//357
f 310//310 350//350 401//401
f 331//331 360//360 279//279
f 229//229 371//371 286//286
f 356//356 335//335 380//380
f 380//380 335//335 406//406
f 267//267 378//378 408//408
f 328//328 363//363 329//329
f 327//327 408//408 362//362
f 336//336 372//372 354//354
f 337//337 367//367 344//344
f 297//297 321//321 373//373
f 235//235 420//420 271//271
f 299//299 374//374 355//355
f 378//378 1323//1323 495//495
f 357//357 403//403 337//337
f 218//218 215//215 416//416
f 282//282 395//395 334//334
f 366//366 340//340 334//334
f 164//164 236//236 349//349
f 365//365 376//376 358//358
f 166//166 210//210 389//389
f 329//329 363//363 333//333
f 353//353 355//355 374//374
f 376//376 365//365 369//369
f 339//339 376//376 368//368
f 248//248 263//263 352//352
f 321//321 401//401 373//373
f 205//205 332//332 379//379
f 297//297 373//373 359//359
f 215//215 265//265 416//416
f 339//339 368//368 387//387
f 228//228 295//295 255//255
f 268//268 333//333 363//363
f 235//235 220//220 411//411
f 360//360 386//386 279//279
f 337//337 413//413 367//367
f 357//357 359//359 301//301
f 357//357 301//301 308//308
f 268//268 363//363 395//395
f 360//360 312//312 361//361
f 376//376 383//383 368//368
f 308//308 352//352 357//357
f 256//256 301//301 359//359
f 299//299 382//382 374//374
f 350//350 323//323 390//390
f 361//361 283//283 313//313
f 263//263 322//322 352//352
f 357//357 352//352 403//403
f 299//299 344//344 382//382
f 353//353 374//374 396//396
f 354//354 372//372 407//407
f 275//275 359//359 402//402
f 366//366 334//334 400//400
f 303//303 376//376 339//339
f 309//309 217//217 362//362
f 275//275 402//402 326//326
f 220//220 244//244 411//411
f 374//374 382//382 384//384
f 213//213 237//237 381//381
f 363//363 328//328 395//395
f 222//222 422//422 124//124
f 392//392 205//205 281//281
f 235//235 411//411 420//420
f 380//380 426//426 356//356
f 320//320 405//405 305//305
f 395//395 476//476 334//334
f 387//387 368//368 397//397
f 385//385 387//387 397//397
f 303//303 358//358 376//376
f 309//309 438//438 229//229
f 391//391 399//399 353//353
f 322//322 421//421 352//352
f 124//124 679//679 188//188
f 348//348 342//342 398//398
f 410//410 385//385 397//397
f 257//257 381//381 314//314
f 344//344 367//367 404//404
f 353//353 396//396 391//391
f 300//300 409//409 351//351
f 255//255 418//418 231//231
f 358//358 364//364 365//365
f 340//340 366//366 417//417
f 166//166 389//389 276//276
f 323//323 412//412 390//390
f 371//371 345//345 286//286
f 334//334 476//476 400//400
f 385//385 313//313 387//387
f 385//385 394//394 313//313
f 385//385 410//410 394//394
f 281//281 193//193 471//471
f 281//281 471//471 392//392
f 255//255 295//295 462//462
f 376//376 369//369 383//383
f 353//353 419//419 372//372
f 380//380 393//393 426//426
f 337//337 403//403 413//413
f 398//398 473//473 348//348
f 384//384 382//382 431//431
f 224//224 525//525 234//234
f 372//372 419//419 407//407
f 338//338 325//325 528//528
f 413//413 403//403 482//482
f 415//415 370//370 426//426
f 353//353 399//399 419//419
f 368//368 457//457 397//397
f 338//338 433//433 324//324
f 325//325 340//340 435//435
f 352//352 421//421 403//403
f 360//360 361//361 432//432
f 407//407 437//437 354//354
f 322//322 375//375 421//421
f 359//359 373//373 477//477
f 369//369 427//427 383//383
f 370//370 356//356 426//426
f 370//370 430//430 347//347
f 400//400 476//476 444//444
f 293//293 351//351 492//492
f 328//328 279//279 442//442
f 380//380 406//406 459//459
f 415//415 453//453 370//370
f 390//390 412//412 436//436
f 360//360 432//432 386//386
f 367//367 413//413 404//404
f 294//294 478//478 316//316
f 384//384 396//396 374//374
f 265//265 291//291 416//416
f 338//338 448//448 433//433
f 410//410 425//425 394//394
f 380//380 459//459 445//445
f 344//344 469//469 382//382
f 437//437 463//463 354//354
f 384//384 443//443 396//396
f 347//347 412//412 323//323
f 347//347 458//458 412//412
f 365//365 364//364 465//465
f 418//418 255//255 487//487
f 326//326 477//477 409//409
f 316//316 478//478 295//295
f 294//294 428//428 478//478
f 314//314 381//381 451//451
f 348//348 459//459 406//406
f 313//313 394//394 454//454
f 386//386 432//432 439//439
f 399//399 391//391 447//447
f 407//407 419//419 474//474
f 124//124 422//422 679//679
f 432//432 361//361 499//499
f 361//361 454//454 499//499
f 314//314 470//470 294//294
f 366//366 400//400 456//456
f 326//326 402//402 477//477
f 404//404 413//413 455//455
f 338//338 528//528 448//448
f 305//305 405//405 364//364
f 450//450 453//453 415//415
f 384//384 464//464 443//443
f 391//391 396//396 446//446
f 368//368 383//383 429//429
f 271//271 420//420 615//615
f 348//348 473//473 459//459
f 354//354 463//463 342//342
f 399//399 447//447 474//474
f 399//399 474//474 419//419
f 384//384 431//431 464//464
f 380//380 445//445 393//393
f 324//324 433//433 449//449
f 375//375 468//468 421//421
f 236//236 423//423 349//349
f 404//404 466//466 344//344
f 415//415 426//426 393//393
f 359//359 477//477 402//402
f 350//350 390//390 373//373
f 341//341 343//343 630//630
f 375//375 324//324 468//468
f 295//295 478//478 467//467
f 313//313 454//454 361//361
f 403//403 421//421 482//482
f 431//431 382//382 460//460
f 328//328 442//442 395//395
f 421//421 468//468 482//482
f 461//461 465//465 364//364
f 342//342 463//463 398//398
f 276//276 389//389 260//260
f 218//218 416//416 493//493
f 453//453 485//485 370//370
f 499//499 454//454 475//475
f 362//362 408//408 484//484
f 366//366 456//456 417//417
f 417//417 435//435 340//340
f 279//279 386//386 579//579
f 378//378 495//495 408//408
f 369//369 365//365 465//465
f 181//181 318//318 440//440
f 434//434 480//480 424//424
f 293//293 492//492 320//320
f 460//460 382//382 469//469
f 295//295 467//467 486//486
f 236//236 225//225 423//423
f 218//218 493//493 343//343
f 478//478 414//414 467//467
f 350//350 373//373 401//401
f 442//442 279//279 579//579
f 413//413 441//441 455//455
f 295//295 452//452 660//660
f 295//295 660//660 462//462
f 232//232 388//388 532//532
f 415//415 393//393 450//450
f 413//413 482//482 441//441
f 368//368 429//429 457//457
f 343//343 493//493 630//630
f 424//424 524//524 434//434
f 443//443 446//446 396//396
f 499//499 439//439 432//432
f 455//455 466//466 404//404
f 370//370 485//485 430//430
f 483//483 428//428 510//510
f 400//400 444//444 456//456
f 205//205 392//392 471//471
f 320//320 492//492 405//405
f 464//464 431//431 488//488
f 391//391 506//506 447//447
f 407//407 474//474 437//437
f 391//391 446//446 506//506
f 476//476 538//538 444//444
f 427//427 369//369 491//491
f 351//351 409//409 479//479
f 408//408 489//489 484//484
f 433//433 481//481 490//490
f 394//394 496//496 454//454
f 433//433 448//448 481//481
f 324//324 449//449 468//468
f 395//395 538//538 476//476
f 364//364 502//502 461//461
f 454//454 494//494 475//475
f 347//347 430//430 458//458
f 295//295 486//486 452//452
f 442//442 538//538 395//395
f 244//244 511//511 411//411
f 410//410 397//397 457//457
f 255//255 462//462 487//487
f 469//469 344//344 520//520
f 409//409 477//477 479//479
f 341//341 630//630 311//311
f 390//390 436//436 373//373
f 394//394 425//425 496//496
f 474//474 447//447 500//500
f 232//232 532//532 227//227
f 482//482 468//468 449//449
f 369//369 465//465 491//491
f 351//351 479//479 492//492
f 461//461 502//502 504//504
f 446//446 443//443 506//506
f 445//445 508//508 393//393
f 405//405 492//492 505//505
f 405//405 505//505 498//498
f 498//498 502//502 405//405
f 362//362 484//484 309//309
f 229//229 438//438 536//536
f 398//398 463//463 509//509
f 231//231 418//418 515//515
f 492//492 507//507 505//505
f 318//318 234//234 525//525
f 405//405 502//502 364//364
f 454//454 516//516 494//494
f 467//467 513//513 486//486
f 377//377 231//231 515//515
f 450//450 497//497 514//514
f 441//441 482//482 517//517
f 294//294 470//470 564//564
f 437//437 509//509 463//463
f 490//490 449//449 433//433
f 450//450 393//393 508//508
f 464//464 512//512 443//443
f 524//524 639//639 434//434
f 450//450 508//508 497//497
f 486//486 513//513 472//472
f 244//244 346//346 511//511
f 464//464 488//488 559//559
f 450//450 514//514 453//453
f 498//498 505//505 544//544
f 314//314 451//451 470//470
f 486//486 472//472 522//522
f 455//455 441//441 535//535
f 252//252 349//349 529//529
f 443//443 512//512 506//506
f 294//294 564//564 428//428
f 460//460 519//519 431//431
f 414//414 562//562 467//467
f 458//458 430//430 565//565
f 456//456 534//534 417//417
f 492//492 479//479 507//507
f 412//412 458//458 518//518
f 427//427 491//491 539//539
f 398//398 531//531 473//473
f 461//461 533//533 465//465
f 461//461 504//504 533//533
f 519//519 488//488 431//431
f 460//460 545//545 519//519
f 325//325 435//435 528//528
f 472//472 524//524 522//522
f 453//453 514//514 485//485
f 424//424 553//553 524//524
f 498//498 542//542 502//502
f 488//488 519//519 559//559
f 373//373 548//548 477//477
f 448//448 527//527 481//481
f 425//425 410//410 496//496
f 528//528 540//540 448//448
f 464//464 559//559 512//512
f 449//449 490//490 552//552
f 482//482 449//449 517//517
f 473//473 531//531 459//459
f 383//383 427//427 554//554
f 485//485 521//521 430//430
f 414//414 478//478 562//562
f 486//486 522//522 452//452
f 379//379 503//503 250//250
f 489//489 408//408 560//560
f 412//412 518//518 541//541
f 498//498 544//544 542//542
f 205//205 471//471 332//332
f 437//437 474//474 556//556
f 436//436 548//548 373//373
f 424//424 480//480 553//553
f 437//437 530//530 509//509
f 417//417 547//547 435//435
f 386//386 439//439 549//549
f 383//383 554//554 429//429
f 428//428 546//546 510//510
f 460//460 469//469 545//545
f 524//524 553//553 522//522
f 587//587 398//398 509//509
f 449//449 612//612 517//517
f 500//500 543//543 474//474
f 428//428 564//564 546//546
f 495//495 560//560 408//408
f 227//227 532//532 346//346
f 344//344 558//558 520//520
f 543//543 556//556 474//474
f 507//507 479//479 548//548
f 505//505 507//507 544//544
f 449//449 552//552 612//612
f 475//475 494//494 618//618
f 579//579 386//386 563//563
f 430//430 521//521 523//523
f 441//441 537//537 535//535
f 526//526 345//345 625//625
f 480//480 582//582 553//553
f 480//480 434//434 639//639
f 454//454 496//496 516//516
f 318//318 583//583 440//440
f 481//481 527//527 603//603
f 528//528 435//435 555//555
f 475//475 618//618 499//499
f 524//524 472//472 585//585
f 430//430 523//523 565//565
f 481//481 551//551 490//490
f 441//441 517//517 561//561
f 537//537 441//441 561//561
f 210//210 440//440 573//573
f 546//546 567//567 510//510
f 477//477 548//548 479//479
f 389//389 210//210 573//573
f 418//418 643//643 515//515
f 427//427 539//539 554//554
f 465//465 533//533 491//491
f 388//388 572//572 532//532
f 512//512 640//640 506//506
f 448//448 540//540 629//629
f 309//309 484//484 566//566
f 555//555 629//629 528//528
f 386//386 549//549 563//563
f 510//510 662//662 483//483
f 455//455 535//535 466//466
f 456//456 444//444 574//574
f 469//469 591//591 545//545
f 410//410 457//457 595//595
f 445//445 459//459 581//581
f 506//506 640//640 447//447
f 494//494 516//516 550//550
f 438//438 309//309 566//566
f 504//504 502//502 568//568
f 437//437 556//556 646//646
f 379//379 332//332 621//621
f 502//502 542//542 575//575
f 442//442 579//579 538//538
f 512//512 559//559 586//586
f 435//435 547//547 555//555
f 528//528 629//629 540//540
f 519//519 545//545 578//578
f 497//497 571//571 514//514
f 470//470 682//682 564//564
f 496//496 619//619 516//516
f 512//512 586//586 576//576
f 584//584 559//559 519//519
f 417//417 534//534 547//547
f 459//459 531//531 581//581
f 481//481 603//603 551//551
f 429//429 609//609 457//457
f 423//423 225//225 688//688
f 311//311 606//606 148//148
f 546//546 564//564 570//570
f 436//436 412//412 548//548
f 512//512 576//576 640//640
f 478//478 428//428 562//562
f 371//371 229//229 590//590
f 344//344 466//466 558//558
f 510//510 567//567 662//662
f 565//565 557//557 458//458
f 485//485 514//514 521//521
f 527//527 448//448 629//629
f 504//504 568//568 533//533
f 469//469 520//520 593//593
f 420//420 599//599 615//615
f 490//490 610//610 552//552
f 472//472 513//513 585//585
f 469//469 593//593 591//591
f 580//580 491//491 533//533
f 612//612 552//552 610//610
f 420//420 411//411 599//599
f 437//437 646//646 530//530
f 412//412 541//541 548//548
f 410//410 595//595 496//496
f 561//561 517//517 612//612
f 381//381 237//237 451//451
f 371//371 590//590 345//345
f 565//565 589//589 557//557
f 521//521 514//514 577//577
f 452//452 522//522 660//660
f 580//580 539//539 491//491
f 398//398 587//587 531//531
f 516//516 588//588 550//550
f 523//523 521//521 626//626
f 489//489 632//632 484//484
f 587//587 509//509 596//596
f 423//423 600//600 349//349
f 502//502 575//575 568//568
f 618//618 494//494 550//550
f 580//580 533//533 594//594
f 518//518 683//683 541//541
f 570//570 564//564 597//597
f 542//542 601//601 575//575
f 202//202 942//942 193//193
f 416//416 291//291 613//613
f 447//447 640//640 500//500
f 346//346 616//616 511//511
f 229//229 536//536 590//590
f 428//428 617//617 562//562
f 542//542 544//544 601//601
f 429//429 554//554 609//609
f 580//580 594//594 602//602
f 555//555 604//604 629//629
f 612//612 610//610 647//647
f 332//332 471//471 620//620
f 536//536 438//438 669//669
f 444//444 538//538 574//574
f 547//547 634//634 555//555
f 546//546 570//570 611//611
f 546//546 611//611 567//567
f 545//545 569//569 578//578
f 445//445 607//607 508//508
f 418//418 487//487 643//643
f 521//521 577//577 592//592
f 484//484 632//632 566//566
f 568//568 575//575 598//598
f 490//490 551//551 610//610
f 568//568 598//598 608//608
f 516//516 619//619 588//588
f 549//549 439//439 642//642
f 507//507 548//548 631//631
f 497//497 508//508 658//658
f 594//594 533//533 628//628
f 550//550 588//588 623//623
f 457//457 609//609 595//595
f 523//523 626//626 565//565
f 519//519 578//578 584//584
f 467//467 562//562 622//622
f 456//456 574//574 534//534
f 582//582 605//605 641//641
f 445//445 581//581 607//607
f 544//544 654//654 601//601
f 489//489 560//560 632//632
f 507//507 631//631 544//544
f 439//439 499//499 642//642
f 551//551 652//652 610//610
f 483//483 662//662 428//428
f 559//559 584//584 653//653
f 225//225 615//615 664//664
f 582//582 672//672 605//605
f 388//388 377//377 650//650
f 533//533 614//614 628//628
f 514//514 571//571 691//691
f 564//564 682//682 674//674
f 565//565 626//626 627//627
f 586//586 559//559 653//653
f 535//535 633//633 466//466
f 608//608 614//614 568//568
f 558//558 466//466 633//633
f 462//462 660//660 487//487
f 379//379 621//621 503//503
f 538//538 579//579 574//574
f 548//548 541//541 631//631
f 525//525 526//526 501//501
f 630//630 699//699 311//311
f 497//497 658//658 571//571
f 345//345 710//710 625//625
f 563//563 549//549 642//642
f 428//428 662//662 617//617
f 597//597 564//564 637//637
f 554//554 624//624 609//609
f 533//533 568//568 614//614
f 539//539 580//580 714//714
f 496//496 661//661 619//619
f 471//471 193//193 620//620
f 260//260 422//422 222//222
f 508//508 607//607 658//658
f 595//595 665//665 649//649
f 595//595 609//609 665//665
f 202//202 194//194 942//942
f 634//634 547//547 651//651
f 554//554 714//714 624//624
f 561//561 644//644 537//537
f 636//636 610//610 652//652
f 593//593 520//520 657//657
f 636//636 647//647 610//610
f 553//553 635//635 522//522
f 618//618 550//550 670//670
f 580//580 602//602 714//714
f 569//569 545//545 656//656
f 594//594 668//668 602//602
f 636//636 684//684 647//647
f 578//578 653//653 584//584
f 555//555 634//634 648//648
f 624//624 665//665 609//609
f 527//527 629//629 604//604
f 524//524 585//585 773//773
f 493//493 416//416 630//630
f 561//561 612//612 644//644
f 451//451 682//682 470//470
f 578//578 569//569 653//653
f 653//653 569//569 697//697
f 582//582 641//641 553//553
f 544//544 631//631 654//654
f 237//237 663//663 451//451
f 554//554 539//539 714//714
f 598//598 575//575 676//676
f 603//603 527//527 807//807
f 518//518 671//671 683//683
f 588//588 619//619 659//659
f 545//545 591//591 656//656
f 582//582 673//673 672//672
f 597//597 637//637 749//749
f 521//521 592//592 626//626
f 291//291 252//252 687//687
f 557//557 718//718 458//458
f 588//588 659//659 623//623
f 543//543 686//686 556//556
f 601//601 654//654 675//675
f 537//537 644//644 633//633
f 520//520 667//667 657//657
f 496//496 666//666 661//661
f 346//346 532//532 616//616
f 349//349 655//655 529//529
f 601//601 678//678 575//575
f 509//509 530//530 596//596
f 676//676 575//575 678//678
f 520//520 645//645 667//667
f 638//638 593//593 657//657
f 537//537 633//633 535//535
f 586//586 689//689 576//576
f 636//636 677//677 684//684
f 451//451 663//663 682//682
f 520//520 558//558 645//645
f 526//526 625//625 501//501
f 225//225 664//664 688//688
f 551//551 603//603 652//652
f 550//550 623//623 670//670
f 598//598 676//676 680//680
f 601//601 675//675 678//678
f 598//598 680//680 608//608
f 628//628 614//614 694//694
f 496//496 595//595 666//666
f 564//564 674//674 637//637
f 634//634 651//651 685//685
f 416//416 613//613 630//630
f 527//527 604//604 692//692
f 579//579 563//563 696//696
f 641//641 815//815 553//553
f 570//570 597//597 611//611
f 618//618 728//728 499//499
f 522//522 635//635 660//660
f 345//345 590//590 710//710
f 605//605 672//672 641//641
f 685//685 651//651 690//690
f 593//593 638//638 591//591
f 467//467 622//622 513//513
f 677//677 636//636 652//652
f 532//532 572//572 711//711
f 599//599 411//411 735//735
f 565//565 681//681 589//589
f 514//514 691//691 753//753
f 649//649 725//725 595//595
f 480//480 639//639 773//773
f 480//480 773//773 582//582
f 574//574 579//579 696//696
f 718//718 557//557 695//695
f 252//252 529//529 687//687
f 458//458 701//701 518//518
f 603//603 704//704 652//652
f 635//635 553//553 815//815
f 714//714 716//716 624//624
f 547//547 534//534 693//693
f 565//565 712//712 681//681
f 684//684 726//726 647//647
f 612//612 647//647 742//742
f 623//623 705//705 670//670
f 619//619 661//661 706//706
f 658//658 691//691 571//571
f 642//642 499//499 728//728
f 622//622 562//562 739//739
f 591//591 638//638 656//656
f 574//574 693//693 534//534
f 518//518 701//701 671//671
f 555//555 648//648 604//604
f 291//291 687//687 841//841
f 614//614 608//608 694//694
f 602//602 668//668 713//713
f 612//612 742//742 730//730
f 569//569 700//700 697//697
f 807//807 527//527 692//692
f 595//595 725//725 666//666
f 515//515 643//643 715//715
f 438//438 566//566 702//702
f 675//675 654//654 724//724
f 574//574 696//696 693//693
f 500//500 640//640 729//729
f 495//495 698//698 560//560
f 613//613 291//291 708//708
f 318//318 525//525 501//501
f 543//543 703//703 686//686
f 647//647 726//726 742//742
f 260//260 389//389 422//422
f 541//541 683//683 671//671
f 624//624 716//716 665//665
f 563//563 642//642 696//696
f 188//188 942//942 194//194
f 696//696 709//709 693//693
f 547//547 693//693 651//651
f 612//612 730//730 644//644
f 565//565 627//627 712//712
f 557//557 589//589 695//695
f 515//515 715//715 377//377
f 634//634 722//722 648//648
f 524//524 773//773 639//639
f 531//531 587//587 744//744
f 641//641 782//782 815//815
f 586//586 653//653 689//689
f 487//487 660//660 796//796
f 662//662 567//567 781//781
f 193//193 783//783 620//620
f 514//514 753//753 577//577
f 655//655 349//349 819//819
f 500//500 729//729 543//543
f 654//654 631//631 724//724
f 701//701 458//458 718//718
f 640//640 576//576 800//800
f 685//685 690//690 720//720
f 665//665 765//765 649//649
f 656//656 638//638 717//717
f 677//677 652//652 704//704
f 675//675 734//734 678//678
f 556//556 686//686 646//646
f 649//649 731//731 725//725
f 721//721 513//513 622//622
f 594//594 628//628 770//770
f 678//678 747//747 676//676
f 666//666 725//725 661//661
f 692//692 604//604 763//763
f 697//697 727//727 653//653
f 513//513 721//721 585//585
f 440//440 583//583 737//737
f 634//634 736//736 732//732
f 634//634 685//685 736//736
f 696//696 728//728 709//709
f 562//562 617//617 739//739
f 660//660 635//635 758//758
f 531//531 744//744 581//581
f 773//773 673//673 582//582
f 674//674 723//723 637//637
f 696//696 642//642 728//728
f 659//659 619//619 767//767
f 634//634 732//732 722//722
f 626//626 592//592 806//806
f 674//674 682//682 748//748
f 600//600 743//743 349//349
f 569//569 656//656 803//803
f 543//543 729//729 768//768
f 587//587 741//741 744//744
f 567//567 719//719 781//781
f 716//716 714//714 771//771
f 675//675 724//724 734//734
f 569//569 803//803 700//700
f 626//626 806//806 627//627
f 530//530 738//738 596//596
f 530//530 646//646 738//738
f 250//250 503//503 237//237
f 237//237 757//757 663//663
f 604//604 764//764 763//763
f 697//697 700//700 816//816
f 722//722 732//732 746//746
f 645//645 745//745 667//667
f 631//631 541//541 769//769
f 594//594 770//770 668//668
f 684//684 742//742 726//726
f 440//440 737//737 573//573
f 603//603 707//707 704//704
f 566//566 740//740 702//702
f 311//311 699//699 606//606
f 602//602 713//713 714//714
f 641//641 881//881 782//782
f 693//693 709//709 760//760
f 645//645 558//558 751//751
f 566//566 752//752 740//740
f 532//532 711//711 750//750
f 641//641 672//672 881//881
f 767//767 619//619 706//706
f 567//567 611//611 759//759
f 638//638 657//657 717//717
f 717//717 803//803 656//656
f 628//628 694//694 770//770
f 627//627 806//806 712//712
f 566//566 632//632 752//752
f 724//724 631//631 769//769
f 758//758 635//635 777//777
f 596//596 784//784 587//587
f 671//671 701//701 833//833
f 577//577 753//753 592//592
f 658//658 607//607 772//772
f 560//560 793//793 632//632
f 560//560 698//698 793//793
f 693//693 760//760 651//651
f 622//622 739//739 756//756
f 661//661 725//725 761//761
f 644//644 730//730 633//633
f 607//607 581//581 744//744
f 745//745 645//645 790//790
f 645//645 751//751 790//790
f 585//585 721//721 789//789
f 676//676 747//747 680//680
f 318//318 501//501 583//583
f 659//659 767//767 623//623
f 685//685 834//834 736//736
f 637//637 723//723 749//749
f 685//685 720//720 805//805
f 608//608 820//820 694//694
f 541//541 671//671 769//769
f 665//665 716//716 765//765
f 589//589 681//681 762//762
f 739//739 617//617 756//756
f 754//754 736//736 834//834
f 754//754 834//834 766//766
f 680//680 733//733 820//820
f 635//635 815//815 777//777
f 650//650 377//377 884//884
f 680//680 820//820 608//608
f 680//680 747//747 733//733
f 754//754 746//746 736//736
f 603//603 807//807 707//707
f 332//332 620//620 783//783
f 495//495 793//793 698//698
f 495//495 943//943 793//793
f 543//543 768//768 786//786
f 597//597 775//775 611//611
f 576//576 689//689 774//774
f 736//736 746//746 732//732
f 237//237 503//503 757//757
f 495//495 1323//1323 943//943
f 617//617 788//788 756//756
f 667//667 717//717 657//657
f 640//640 800//800 729//729
f 623//623 755//755 705//705
f 617//617 662//662 781//781
f 585//585 789//789 773//773
f 710//710 590//590 813//813
f 714//714 713//713 771//771
f 615//615 799//799 664//664
f 689//689 653//653 774//774
f 713//713 776//776 771//771
f 685//685 805//805 834//834
f 611//611 775//775 759//759
f 543//543 786//786 703//703
f 749//749 723//723 797//797
f 558//558 792//792 751//751
f 670//670 791//791 618//618
f 713//713 668//668 787//787
f 532//532 750//750 801//801
f 712//712 762//762 681//681
f 587//587 784//784 741//741
f 776//776 713//713 795//795
f 717//717 667//667 745//745
f 670//670 705//705 791//791
f 692//692 785//785 807//807
f 721//721 622//622 794//794
f 677//677 810//810 684//684
f 773//773 789//789 809//809
f 699//699 630//630 966//966
f 717//717 845//845 803//803
f 661//661 761//761 850//850
f 770//770 694//694 798//798
f 193//193 942//942 783//783
f 756//756 788//788 812//812
f 661//661 850//850 706//706
f 623//623 767//767 755//755
f 690//690 651//651 760//760
f 684//684 778//778 811//811
f 618//618 791//791 728//728
f 597//597 749//749 775//775
f 653//653 727//727 774//774
f 630//630 613//613 966//966
f 423//423 688//688 600//600
f 742//742 684//684 811//811
f 678//678 909//909 747//747
f 793//793 868//868 632//632
f 717//717 745//745 825//825
f 617//617 814//814 788//788
f 789//789 829//829 809//809
f 632//632 868//868 752//752
f 810//810 778//778 684//684
f 701//701 718//718 833//833
f 690//690 760//760 802//802
f 709//709 821//821 760//760
f 677//677 704//704 810//810
f 532//532 801//801 616//616
f 617//617 781//781 814//814
f 567//567 759//759 719//719
f 730//730 742//742 830//830
f 649//649 765//765 731//731
f 724//724 769//769 874//874
f 695//695 589//589 823//823
f 725//725 779//779 761//761
f 678//678 734//734 909//909
f 690//690 802//802 720//720
f 775//775 749//749 842//842
f 751//751 792//792 858//858
f 730//730 846//846 633//633
f 713//713 787//787 795//795
f 600//600 688//688 743//743
f 697//697 816//816 727//727
f 788//788 814//814 836//836
f 589//589 762//762 823//823
f 722//722 746//746 871//871
f 754//754 766//766 828//828
f 717//717 825//825 845//845
f 604//604 648//648 824//824
f 590//590 536//536 780//780
f 733//733 839//839 827//827
f 692//692 763//763 831//831
f 758//758 777//777 844//844
f 764//764 831//831 763//763
f 756//756 812//812 622//622
f 770//770 798//798 832//832
f 733//733 827//827 820//820
f 708//708 291//291 841//841
f 377//377 715//715 884//884
f 607//607 744//744 861//861
f 718//718 695//695 837//837
f 622//622 849//849 808//808
f 769//769 835//835 874//874
f 745//745 790//790 848//848
f 723//723 674//674 822//822
f 673//673 881//881 672//672
f 766//766 878//878 828//828
f 692//692 831//831 785//785
f 764//764 604//604 824//824
f 781//781 867//867 814//814
f 742//742 811//811 804//804
f 725//725 731//731 779//779
f 576//576 774//774 840//840
f 716//716 771//771 885//885
f 622//622 808//808 794//794
f 762//762 712//712 818//818
f 503//503 826//826 757//757
f 819//819 349//349 743//743
f 572//572 847//847 711//711
f 809//809 843//843 773//773
f 596//596 738//738 784//784
f 781//781 719//719 867//867
f 782//782 898//898 815//815
f 622//622 812//812 849//849
f 590//590 780//780 813//813
f 746//746 754//754 871//871
f 788//788 864//864 812//812
f 709//709 728//728 817//817
f 671//671 833//833 769//769
f 822//822 674//674 855//855
f 706//706 850//850 767//767
f 694//694 856//856 798//798
f 827//827 856//856 820//820
f 707//707 852//852 704//704
f 723//723 822//822 797//797
f 742//742 804//804 830//830
f 694//694 820//820 856//856
f 607//607 861//861 772//772
f 814//814 867//867 851//851
f 816//816 700//700 859//859
f 823//823 762//762 857//857
f 700//700 803//803 859//859
f 615//615 599//599 928//928
f 731//731 765//765 870//870
f 836//836 814//814 851//851
f 790//790 751//751 858//858
f 745//745 863//863 825//825
f 733//733 869//869 839//839
f 668//668 903//903 787//787
f 438//438 702//702 669//669
f 709//709 817//817 821//821
f 728//728 921//921 817//817
f 789//789 721//721 829//829
f 837//837 695//695 823//823
f 707//707 807//807 852//852
f 529//529 655//655 972//972
f 388//388 650//650 884//884
f 810//810 894//894 778//778
f 730//730 830//830 901//901
f 812//812 808//808 849//849
f 740//740 752//752 702//702
f 760//760 821//821 802//802
f 718//718 874//874 833//833
f 806//806 818//818 712//712
f 790//790 858//858 848//848
f 798//798 856//856 853//853
f 808//808 812//812 862//862
f 728//728 791//791 921//921
f 487//487 838//838 643//643
f 808//808 862//862 865//865
f 691//691 963//963 753//753
f 487//487 796//796 838//838
f 733//733 747//747 869//869
f 797//797 822//822 900//900
f 613//613 708//708 879//879
f 721//721 794//794 829//829
f 803//803 845//845 859//859
f 772//772 963//963 658//658
f 782//782 860//860 898//898
f 576//576 840//840 800//800
f 658//658 963//963 691//691
f 686//686 877//877 646//646
f 808//808 865//865 794//794
f 776//776 885//885 771//771
f 744//744 880//880 861//861
f 745//745 848//848 863//863
f 773//773 843//843 673//673
f 788//788 836//836 864//864
f 744//744 741//741 880//880
f 715//715 899//899 884//884
f 753//753 888//888 592//592
f 812//812 864//864 862//862
f 738//738 646//646 876//876
f 779//779 731//731 870//870
f 762//762 945//945 857//857
f 648//648 722//722 895//895
f 660//660 758//758 890//890
f 572//572 388//388 893//893
f 795//795 787//787 875//875
f 703//703 872//872 686//686
f 859//859 845//845 906//906
f 668//668 770//770 903//903
f 704//704 852//852 810//810
f 705//705 755//755 791//791
f 865//865 862//862 882//882
f 558//558 633//633 846//846
f 845//845 866//866 906//906
f 865//865 829//829 794//794
f 758//758 887//887 890//890
f 829//829 865//865 809//809
f 719//719 759//759 775//775
f 796//796 660//660 890//890
f 871//871 754//754 891//891
f 830//830 804//804 811//811
f 572//572 893//893 847//847
f 767//767 896//896 755//755
f 730//730 901//901 916//916
f 719//719 775//775 867//867
f 834//834 805//805 766//766
f 646//646 877//877 876//876
f 798//798 873//873 832//832
f 755//755 896//896 791//791
f 558//558 886//886 792//792
f 799//799 615//615 928//928
f 806//806 592//592 888//888
f 762//762 818//818 945//945
f 389//389 946//946 422//422
f 765//765 716//716 892//892
f 648//648 895//895 824//824
f 749//749 797//797 842//842
f 839//839 889//889 827//827
f 836//836 851//851 864//864
f 411//411 511//511 735//735
f 795//795 875//875 776//776
f 862//862 864//864 897//897
f 855//855 912//912 822//822
f 779//779 870//870 929//929
f 809//809 913//913 843//843
f 806//806 888//888 818//818
f 730//730 916//916 1010//1010
f 825//825 863//863 907//907
f 767//767 850//850 896//896
f 865//865 913//913 809//809
f 815//815 898//898 1156//1156
f 764//764 904//904 831//831
f 864//864 851//851 902//902
f 828//828 891//891 754//754
f 741//741 784//784 911//911
f 853//853 873//873 798//798
f 501//501 625//625 583//583
f 844//844 887//887 758//758
f 625//625 710//710 927//927
f 776//776 922//922 885//885
f 686//686 872//872 877//877
f 897//897 908//908 862//862
f 837//837 905//905 718//718
f 900//900 822//822 912//912
f 679//679 977//977 188//188
f 828//828 878//878 910//910
f 874//874 718//718 914//914
f 867//867 775//775 918//918
f 776//776 875//875 922//922
f 332//332 783//783 621//621
f 718//718 905//905 914//914
f 850//850 761//761 939//939
f 747//747 909//909 869//869
f 830//830 883//883 901//901
f 874//874 914//914 724//724
f 816//816 859//859 926//926
f 770//770 832//832 903//903
f 769//769 833//833 835//835
f 765//765 892//892 870//870
f 817//817 921//921 915//915
f 805//805 720//720 920//920
f 558//558 854//854 886//886
f 830//830 811//811 883//883
f 703//703 786//786 872//872
f 862//862 908//908 919//919
f 827//827 889//889 856//856
f 881//881 968//968 782//782
f 727//727 816//816 917//917
f 882//882 862//862 944//944
f 909//909 924//924 869//869
f 724//724 914//914 734//734
f 856//856 1021//1021 853//853
f 388//388 884//884 893//893
f 833//833 874//874 835//835
f 791//791 896//896 921//921
f 886//886 933//933 792//792
f 761//761 779//779 929//929
f 895//895 722//722 931//931
f 912//912 855//855 959//959
f 715//715 1005//1005 899//899
f 908//908 930//930 919//919
f 867//867 902//902 851//851
f 720//720 940//940 920//920
f 882//882 923//923 865//865
f 715//715 643//643 1005//1005
f 868//868 793//793 943//943
f 720//720 802//802 940//940
f 909//909 734//734 914//914
f 813//813 927//927 710//710
f 529//529 972//972 687//687
f 787//787 999//999 875//875
f 818//818 934//934 945//945
f 727//727 954//954 774//774
f 880//880 741//741 911//911
f 856//856 889//889 1021//1021
f 896//896 850//850 939//939
f 148//148 606//606 1294//1294
f 862//862 919//919 944//944
f 787//787 903//903 999//999
f 881//881 673//673 986//986
f 716//716 885//885 892//892
f 865//865 923//923 913//913
f 843//843 913//913 923//923
f 859//859 906//906 925//925
f 858//858 792//792 953//953
f 753//753 963//963 888//888
f 785//785 831//831 952//952
f 915//915 941//941 817//817
f 909//909 958//958 924//924
f 921//921 896//896 937//937
f 807//807 1058//1058 852//852
f 843//843 923//923 673//673
f 837//837 938//938 905//905
f 606//606 699//699 966//966
f 852//852 956//956 810//810
f 807//807 785//785 1058//1058
f 752//752 868//868 984//984
f 764//764 824//824 935//935
f 919//919 870//870 892//892
f 840//840 774//774 954//954
f 775//775 842//842 936//936
f 921//921 937//937 915//915
f 815//815 1156//1156 777//777
f 823//823 1047//1047 837//837
f 896//896 961//961 937//937
f 859//859 925//925 926//926
f 558//558 846//846 854//854
f 679//679 422//422 977//977
f 892//892 944//944 919//919
f 919//919 929//929 870//870
f 783//783 942//942 621//621
f 848//848 858//858 949//949
f 872//872 786//786 964//964
f 768//768 1008//1008 786//786
f 775//775 936//936 960//960
f 906//906 866//866 988//988
f 831//831 904//904 952//952
f 802//802 821//821 940//940
f 848//848 949//949 863//863
f 811//811 778//778 982//982
f 797//797 900//900 1026//1026
f 735//735 511//511 1045//1045
f 775//775 947//947 918//918
f 902//902 867//867 962//962
f 919//919 930//930 929//929
f 817//817 941//941 821//821
f 761//761 929//929 939//939
f 810//810 956//956 894//894
f 896//896 939//939 961//961
f 782//782 955//955 860//860
f 855//855 970//970 959//959
f 852//852 1058//1058 956//956
f 818//818 888//888 951//951
f 888//888 948//948 950//950
f 818//818 951//951 934//934
f 909//909 914//914 958//958
f 805//805 920//920 996//996
f 811//811 982//982 883//883
f 188//188 977//977 942//942
f 864//864 902//902 897//897
f 828//828 910//910 978//978
f 837//837 1047//1047 938//938
f 764//764 935//935 904//904
f 727//727 917//917 954//954
f 682//682 663//663 932//932
f 903//903 979//979 999//999
f 883//883 982//982 957//957
f 688//688 983//983 743//743
f 844//844 1053//1053 887//887
f 903//903 832//832 979//979
f 845//845 1066//1066 866//866
f 878//878 976//976 910//910
f 792//792 933//933 953//953
f 867//867 918//918 962//962
f 775//775 960//960 947//947
f 863//863 949//949 975//975
f 888//888 950//950 951//951
f 858//858 953//953 949//949
f 892//892 885//885 944//944
f 902//902 962//962 947//947
f 840//840 954//954 967//967
f 800//800 969//969 729//729
f 915//915 937//937 1035//1035
f 924//924 973//973 869//869
f 881//881 986//986 968//968
f 422//422 987//987 977//977
f 855//855 674//674 970//970
f 882//882 971//971 923//923
f 778//778 894//894 982//982
f 722//722 871//871 931//931
f 868//868 943//943 984//984
f 908//908 897//897 1048//1048
f 422//422 946//946 1007//1007
f 963//963 974//974 888//888
f 906//906 965//965 925//925
f 845//845 825//825 1066//1066
f 875//875 1039//1039 922//922
f 908//908 1048//1048 930//930
f 702//702 1014//1014 669//669
f 797//797 1026//1026 842//842
f 872//872 964//964 877//877
f 912//912 959//959 900//900
f 939//939 929//929 961//961
f 899//899 1005//1005 993//993
f 947//947 962//962 918//918
f 503//503 991//991 826//826
f 772//772 1009//1009 963//963
f 621//621 942//942 977//977
f 869//869 1006//1006 839//839
f 934//934 951//951 1052//1052
f 503//503 621//621 991//991
f 944//944 885//885 922//922
f 902//902 947//947 1020//1020
f 389//389 573//573 946//946
f 857//857 945//945 1013//1013
f 883//883 1018//1018 992//992
f 828//828 978//978 891//891
f 800//800 840//840 969//969
f 915//915 1035//1035 941//941
f 702//702 995//995 1014//1014
f 757//757 932//932 663//663
f 948//948 888//888 990//990
f 673//673 923//923 986//986
f 873//873 853//853 1001//1001
f 823//823 857//857 1013//1013
f 869//869 973//973 1006//1006
f 882//882 944//944 971//971
f 871//871 891//891 994//994
f 963//963 1015//1015 974//974
f 863//863 975//975 907//907
f 965//965 906//906 988//988
f 938//938 1047//1047 989//989
f 931//931 871//871 1069//1069
f 875//875 999//999 1039//1039
f 782//782 968//968 955//955
f 625//625 927//927 583//583
f 974//974 990//990 888//888
f 846//846 730//730 1010//1010
f 805//805 996//996 766//766
f 898//898 860//860 955//955
f 816//816 926//926 917//917
f 923//923 1016//1016 986//986
f 785//785 952//952 1004//1004
f 905//905 1044//1044 914//914
f 702//702 752//752 1101//1101
f 766//766 996//996 980//980
f 873//873 1037//1037 832//832
f 901//901 883//883 992//992
f 927//927 813//813 1011//1011
f 1021//1021 889//889 985//985
f 825//825 907//907 1066//1066
f 1156//1156 1012//1012 777//777
f 871//871 994//994 1002//1002
f 839//839 1006//1006 889//889
f 823//823 1013//1013 1047//1047
f 599//599 735//735 928//928
f 959//959 970//970 1099//1099
f 974//974 1003//1003 990//990
f 986//986 1016//1016 968//968
f 1048//1048 1017//1017 930//930
f 982//982 894//894 1022//1022
f 768//768 729//729 1008//1008
f 963//963 1009//1009 1015//1015
f 957//957 1018//1018 883//883
f 878//878 766//766 980//980
f 956//956 1058//1058 1088//1088
f 1069//1069 871//871 1002//1002
f 785//785 1004//1004 1058//1058
f 708//708 841//841 879//879
f 902//902 1020//1020 897//897
f 945//945 934//934 1019//1019
f 606//606 966//966 1294//1294
f 878//878 980//980 976//976
f 757//757 826//826 932//932
f 937//937 961//961 1035//1035
f 819//819 1034//1034 655//655
f 923//923 971//971 1016//1016
f 999//999 979//979 1032//1032
f 1016//1016 1024//1024 968//968
f 938//938 989//989 905//905
f 947//947 960//960 1020//1020
f 422//422 1007//1007 987//987
f 944//944 1038//1038 971//971
f 784//784 738//738 876//876
f 970//970 674//674 1040//1040
f 929//929 930//930 1017//1017
f 844//844 777//777 1012//1012
f 821//821 941//941 940//940
f 1000//1000 1036//1036 898//898
f 847//847 1042//1042 711//711
f 674//674 748//748 1210//1210
f 900//900 959//959 1026//1026
f 898//898 1036//1036 1156//1156
f 876//876 877//877 1041//1041
f 772//772 1049//1049 1009//1009
f 958//958 1070//1070 924//924
f 511//511 616//616 1045//1045
f 936//936 842//842 1030//1030
f 961//961 929//929 1017//1017
f 1015//1015 1009//1009 1029//1029
f 992//992 1033//1033 901//901
f 894//894 1025//1025 1022//1022
f 922//922 1072//1072 944//944
f 914//914 1044//1044 1028//1028
f 979//979 832//832 1023//1023
f 916//916 1082//1082 1010//1010
f 886//886 1046//1046 933//933
f 966//966 613//613 1064//1064
f 887//887 1053//1053 1043//1043
f 1013//1013 945//945 1019//1019
f 970//970 1040//1040 1099//1099
f 853//853 1021//1021 1001//1001
f 946//946 573//573 1027//1027
f 890//890 887//887 1043//1043
f 880//880 911//911 997//997
f 914//914 1028//1028 958//958
f 573//573 737//737 1027//1027
f 889//889 1006//1006 985//985
f 643//643 838//838 1067//1067
f 840//840 967//967 969//969
f 880//880 1049//1049 861//861
f 957//957 982//982 1022//1022
f 922//922 1039//1039 1072//1072
f 729//729 969//969 1008//1008
f 949//949 953//953 1050//1050
f 905//905 989//989 1044//1044
f 819//819 743//743 983//983
f 975//975 949//949 1062//1062
f 974//974 1015//1015 1102//1102
f 772//772 861//861 1049//1049
f 999//999 1032//1032 1039//1039
f 943//943 1144//1144 984//984
f 934//934 1052//1052 1089//1089
f 866//866 1066//1066 1103//1103
f 1035//1035 1084//1084 941//941
f 664//664 1132//1132 688//688
f 752//752 1051//1051 1101//1101
f 960//960 936//936 1030//1030
f 954//954 1031//1031 967//967
f 901//901 1033//1033 916//916
f 1052//1052 951//951 1054//1054
f 949//949 1050//1050 1062//1062
f 950//950 1059//1059 951//951
f 873//873 1001//1001 1037//1037
f 894//894 956//956 1080//1080
f 813//813 780//780 1011//1011
f 961//961 1017//1017 1035//1035
f 702//702 1101//1101 995//995
f 832//832 1037//1037 1023//1023
f 842//842 1099//1099 1030//1030
f 953//953 1057//1057 1050//1050
f 907//907 975//975 1079//1079
f 786//786 1008//1008 964//964
f 1047//1047 1013//1013 1019//1019
f 1026//1026 959//959 1099//1099
f 1006//1006 1055//1055 985//985
f 989//989 1047//1047 1091//1091
f 752//752 984//984 1051//1051
f 880//880 997//997 1049//1049
f 655//655 1034//1034 972//972
f 846//846 981//981 854//854
f 824//824 1116//1116 935//935
f 1029//1029 1009//1009 1061//1061
f 953//953 933//933 1057//1057
f 1057//1057 1063//1063 1050//1050
f 796//796 890//890 1067//1067
f 1026//1026 1099//1099 842//842
f 1039//1039 1032//1032 1065//1065
f 1004//1004 952//952 1110//1110
f 894//894 1080//1080 1025//1025
f 948//948 1090//1090 950//950
f 968//968 1081//1081 955//955
f 976//976 1068//1068 910//910
f 994//994 891//891 1068//1068
f 944//944 1072//1072 1038//1038
f 847//847 893//893 1042//1042
f 978//978 1068//1068 891//891
f 687//687 972//972 998//998
f 824//824 895//895 1134//1134
f 924//924 1070//1070 973//973
f 682//682 1246//1246 748//748
f 954//954 917//917 1031//1031
f 674//674 1210//1210 1040//1040
f 960//960 1030//1030 1020//1020
f 841//841 687//687 1137//1137
f 955//955 1000//1000 898//898
f 682//682 932//932 1246//1246
f 941//941 1084//1084 940//940
f 992//992 1074//1074 1033//1033
f 1099//1099 1040//1040 1118//1118
f 917//917 926//926 1157//1157
f 971//971 1073//1073 1016//1016
f 985//985 1055//1055 1098//1098
f 989//989 1091//1091 1044//1044
f 956//956 1088//1088 1075//1075
f 935//935 1123//1123 904//904
f 1020//1020 1030//1030 1056//1056
f 1010//1010 1082//1082 1120//1120
f 1061//1061 1009//1009 1076//1076
f 1033//1033 1082//1082 916//916
f 979//979 1023//1023 1032//1032
f 895//895 931//931 1134//1134
f 876//876 1071//1071 784//784
f 846//846 1010//1010 981//981
f 980//980 1078//1078 976//976
f 940//940 1084//1084 920//920
f 955//955 1081//1081 1000//1000
f 958//958 1028//1028 1070//1070
f 1009//1009 1049//1049 1076//1076
f 997//997 911//911 1125//1125
f 934//934 1089//1089 1019//1019
f 643//643 1067//1067 1005//1005
f 1018//1018 1083//1083 992//992
f 910//910 1068//1068 978//978
f 975//975 1105//1105 1079//1079
f 996//996 1107//1107 980//980
f 796//796 1067//1067 838//838
f 1062//1062 1105//1105 975//975
f 819//819 983//983 1271//1271
f 1008//1008 969//969 1127//1127
f 1047//1047 1019//1019 1089//1089
f 1047//1047 1089//1089 1091//1091
f 1024//1024 1081//1081 968//968
f 784//784 1071//1071 911//911
f 1017//1017 1093//1093 1035//1035
f 1048//1048 1093//1093 1017//1017
f 1039//1039 1065//1065 1104//1104
f 990//990 1090//1090 948//948
f 1022//1022 1122//1122 957//957
f 1022//1022 1087//1087 1122//1122
f 613//613 879//879 1064//1064
f 1024//1024 1130//1130 1081//1081
f 1033//1033 1074//1074 1094//1094
f 995//995 1101//1101 1014//1014
f 925//925 1097//1097 926//926
f 1014//1014 1164//1164 669//669
f 1033//1033 1094//1094 1082//1082
f 737//737 583//583 1106//1106
f 1037//1037 1001//1001 1100//1100
f 952//952 904//904 1110//1110
f 1028//1028 1165//1165 1070//1070
f 1039//1039 1104//1104 1072//1072
f 1076//1076 1141//1141 1061//1061
f 996//996 1086//1086 1107//1107
f 956//956 1095//1095 1080//1080
f 1021//1021 985//985 1098//1098
f 927//927 1109//1109 583//583
f 621//621 977//977 1151//1151
f 1021//1021 1098//1098 1001//1001
f 826//826 991//991 932//932
f 976//976 1078//1078 1108//1108
f 1055//1055 1006//1006 1112//1112
f 1055//1055 1112//1112 1092//1092
f 994//994 1068//1068 1002//1002
f 907//907 1166//1166 1066//1066
f 1018//1018 957//957 1083//1083
f 897//897 1020//1020 1121//1121
f 1068//1068 976//976 1183//1183
f 996//996 920//920 1086//1086
f 824//824 1134//1134 1116//1116
f 1024//1024 1016//1016 1130//1130
f 879//879 841//841 1064//1064
f 974//974 1117//1117 1003//1003
f 688//688 1132//1132 983//983
f 1040//1040 1085//1085 1111//1111
f 1003//1003 1119//1119 990//990
f 973//973 1112//1112 1006//1006
f 1040//1040 1210//1210 1085//1085
f 1044//1044 1091//1091 1096//1096
f 1002//1002 1113//1113 1069//1069
f 1088//1088 1058//1058 1124//1124
f 935//935 1116//1116 1123//1123
f 927//927 1011//1011 1109//1109
f 1058//1058 1004//1004 1124//1124
f 1020//1020 1056//1056 1121//1121
f 1077//1077 967//967 1031//1031
f 1100//1100 1001//1001 1131//1131
f 956//956 1075//1075 1095//1095
f 877//877 964//964 1041//1041
f 616//616 801//801 1204//1204
f 957//957 1122//1122 1083//1083
f 964//964 1008//1008 1127//1127
f 997//997 1125//1125 1049//1049
f 866//866 1103//1103 988//988
f 1082//1082 1094//1094 1126//1126
f 1054//1054 951//951 1059//1059
f 980//980 1107//1107 1078//1078
f 897//897 1121//1121 1128//1128
f 1055//1055 1092//1092 1098//1098
f 801//801 750//750 1060//1060
f 1004//1004 1110//1110 1124//1124
f 1062//1062 1050//1050 1162//1162
f 886//886 854//854 1046//1046
f 1025//1025 1114//1114 1022//1022
f 1075//1075 1088//1088 1135//1135
f 1040//1040 1111//1111 1133//1133
f 976//976 1108//1108 1183//1183
f 1049//1049 1138//1138 1076//1076
f 1081//1081 1149//1149 1140//1140
f 1099//1099 1136//1136 1030//1030
f 904//904 1123//1123 1110//1110
f 933//933 1225//1225 1129//1129
f 933//933 1129//1129 1253//1253
f 1113//1113 1002//1002 1068//1068
f 1085//1085 1210//1210 1111//1111
f 1056//1056 1154//1154 1121//1121
f 933//933 1046//1046 1225//1225
f 1114//1114 1025//1025 1080//1080
f 1099//1099 1118//1118 1136//1136
f 933//933 1253//1253 1057//1057
f 931//931 1069//1069 1143//1143
f 876//876 1041//1041 1071//1071
f 1030//1030 1136//1136 1154//1154
f 1049//1049 1125//1125 1138//1138
f 1010//1010 1120//1120 1175//1175
f 897//897 1128//1128 1048//1048
f 1036//1036 1145//1145 1156//1156
f 971//971 1038//1038 1073//1073
f 992//992 1083//1083 1197//1197
f 1062//1062 1139//1139 1105//1105
f 1022//1022 1114//1114 1087//1087
f 1082//1082 1126//1126 1120//1120
f 1081//1081 1130//1130 1149//1149
f 1016//1016 1073//1073 1130//1130
f 926//926 1097//1097 1157//1157
f 988//988 1103//1103 965//965
f 621//621 1151//1151 991//991
f 1042//1042 893//893 1167//1167
f 1035//1035 1093//1093 1207//1207
f 1030//1030 1154//1154 1056//1056
f 893//893 884//884 1153//1153
f 1034//1034 819//819 1181//1181
f 1111//1111 1210//1210 1147//1147
f 1072//1072 1104//1104 1187//1187
f 1029//1029 1061//1061 1155//1155
f 1076//1076 1138//1138 1180//1180
f 911//911 1148//1148 1125//1125
f 964//964 1142//1142 1041//1041
f 1053//1053 844//844 1224//1224
f 1046//1046 1195//1195 1225//1225
f 1126//1126 1094//1094 1120//1120
f 664//664 799//799 1132//1132
f 943//943 1323//1323 1158//1158
f 943//943 1158//1158 1144//1144
f 1069//1069 1113//1113 1143//1143
f 1144//1144 1158//1158 984//984
f 1118//1118 1198//1198 1136//1136
f 1046//1046 854//854 1195//1195
f 1061//1061 1141//1141 1155//1155
f 920//920 1084//1084 1160//1160
f 1102//1102 1015//1015 1188//1188
f 972//972 1034//1034 1174//1174
f 1166//1166 907//907 1079//1079
f 990//990 1119//1119 1090//1090
f 1062//1062 1162//1162 1139//1139
f 1076//1076 1180//1180 1141//1141
f 992//992 1197//1197 1074//1074
f 1040//1040 1133//1133 1118//1118
f 1050//1050 1063//1063 1162//1162
f 1029//1029 1155//1155 1188//1188
f 1084//1084 1035//1035 1216//1216
f 925//925 965//965 1097//1097
f 1044//1044 1096//1096 1238//1238
f 911//911 1071//1071 1148//1148
f 932//932 991//991 1243//1243
f 1130//1130 1201//1201 1149//1149
f 801//801 1060//1060 1204//1204
f 1098//1098 1131//1131 1001//1001
f 1072//1072 1172//1172 1038//1038
f 1052//1052 1170//1170 1089//1089
f 1044//1044 1238//1238 1028//1028
f 973//973 1169//1169 1112//1112
f 981//981 1213//1213 854//854
f 1023//1023 1146//1146 1032//1032
f 973//973 1070//1070 1169//1169
f 969//969 967//967 1163//1163
f 1116//1116 1134//1134 1221//1221
f 974//974 1102//1102 1117//1117
f 1084//1084 1216//1216 1160//1160
f 1007//1007 946//946 987//987
f 899//899 993//993 1150//1150
f 819//819 1271//1271 1181//1181
f 984//984 1158//1158 1051//1051
f 1051//1051 1173//1173 1101//1101
f 841//841 1115//1115 1064//1064
f 1072//1072 1187//1187 1172//1172
f 1036//1036 1000//1000 1145//1145
f 1029//1029 1188//1188 1015//1015
f 1101//1101 1177//1177 1014//1014
f 1023//1023 1037//1037 1146//1146
f 1120//1120 1094//1094 1171//1171
f 1011//1011 780//780 1185//1185
f 1000//1000 1081//1081 1140//1140
f 950//950 1090//1090 1269//1269
f 1077//1077 1168//1168 967//967
f 1111//1111 1147//1147 1133//1133
f 1113//1113 1199//1199 1143//1143
f 1113//1113 1068//1068 1183//1183
f 1078//1078 1184//1184 1108//1108
f 1253//1253 1129//1129 1241//1241
f 965//965 1186//1186 1097//1097
f 1130//1130 1073//1073 1201//1201
f 1043//1043 1182//1182 890//890
f 1092//1092 1112//1112 1159//1159
f 1121//1121 1154//1154 1179//1179
f 1073//1073 1038//1038 1172//1172
f 1031//1031 1152//1152 1077//1077
f 1078//1078 1178//1178 1184//1184
f 1089//1089 1170//1170 1091//1091
f 1131//1131 1098//1098 1193//1193
f 1088//1088 1124//1124 1135//1135
f 1086//1086 1160//1160 1107//1107
f 1108//1108 1184//1184 1183//1183
f 981//981 1010//1010 1175//1175
f 583//583 1109//1109 1106//1106
f 1063//1063 1057//1057 1206//1206
f 1091//1091 1189//1189 1096//1096
f 920//920 1160//1160 1086//1086
f 1094//1094 1194//1194 1171//1171
f 1210//1210 1215//1215 1147//1147
f 967//967 1168//1168 1163//1163
f 1162//1162 1063//1063 1196//1196
f 1014//1014 1231//1231 1164//1164
f 687//687 998//998 1137//1137
f 1035//1035 1209//1209 1216//1216
f 1100//1100 1131//1131 1219//1219
f 616//616 1204//1204 1045//1045
f 1113//1113 1183//1183 1178//1178
f 1098//1098 1092//1092 1222//1222
f 844//844 1205//1205 1224//1224
f 1012//1012 1156//1156 1203//1203
f 966//966 1064//1064 1294//1294
f 1155//1155 1141//1141 1192//1192
f 1063//1063 1206//1206 1196//1196
f 1091//1091 1191//1191 1189//1189
f 981//981 1175//1175 1161//1161
f 1000//1000 1140//1140 1145//1145
f 1048//1048 1207//1207 1093//1093
f 977//977 987//987 1151//1151
f 1114//1114 1080//1080 1200//1200
f 1120//1120 1218//1218 1175//1175
f 1042//1042 1167//1167 1176//1176
f 1147//1147 1198//1198 1133//1133
f 1117//1117 1102//1102 1208//1208
f 965//965 1103//1103 1234//1234
f 1037//1037 1233//1233 1146//1146
f 1070//1070 1165//1165 1169//1169
f 1083//1083 1122//1122 1197//1197
f 931//931 1143//1143 1134//1134
f 780//780 536//536 1185//1185
f 1057//1057 1253//1253 1206//1206
f 1120//1120 1171//1171 1236//1236
f 1053//1053 1224//1224 1043//1043
f 1098//1098 1222//1222 1193//1193
f 1154//1154 1136//1136 1202//1202
f 1123//1123 1116//1116 1221//1221
f 1028//1028 1238//1238 1165//1165
f 1121//1121 1228//1228 1128//1128
f 1035//1035 1207//1207 1209//1209
f 1177//1177 1214//1214 1014//1014
f 735//735 1045//1045 928//928
f 1165//1165 1190//1190 1266//1266
f 1178//1178 1183//1183 1184//1184
f 1169//1169 1165//1165 1240//1240
f 1125//1125 1148//1148 1138//1138
f 1121//1121 1179//1179 1228//1228
f 1161//1161 1213//1213 981//981
f 890//890 1182//1182 1067//1067
f 1179//1179 1154//1154 1202//1202
f 1034//1034 1181//1181 1227//1227
f 1113//1113 1178//1178 1199//1199
f 946//946 1027//1027 1270//1270
f 1198//1198 1118//1118 1133//1133
f 1078//1078 1107//1107 1178//1178
f 1031//1031 1211//1211 1152//1152
f 1169//1169 1159//1159 1112//1112
f 1169//1169 1217//1217 1159//1159
f 1171//1171 1194//1194 1212//1212
f 1114//1114 1249//1249 1087//1087
f 1094//1094 1074//1074 1194//1194
f 917//917 1157//1157 1031//1031
f 1092//1092 1159//1159 1222//1222
f 1042//1042 1176//1176 1280//1280
f 1042//1042 1280//1280 711//711
f 1151//1151 1243//1243 991//991
f 1079//1079 1105//1105 1166//1166
f 1165//1165 1238//1238 1190//1190
f 965//965 1234//1234 1186//1186
f 1147//1147 1220//1220 1198//1198
f 1156//1156 1262//1262 1203//1203
f 1014//1014 1214//1214 1231//1231
f 1141//1141 1180//1180 1232//1232
f 1134//1134 1143//1143 1221//1221
f 1138//1138 1148//1148 1226//1226
f 536//536 1223//1223 1185//1185
f 964//964 1127//1127 1142//1142
f 1100//1100 1219//1219 1037//1037
f 1080//1080 1095//1095 1200//1200
f 1129//1129 1225//1225 1241//1241
f 1103//1103 1066//1066 1234//1234
f 1101//1101 1173//1173 1177//1177
f 1065//1065 1230//1230 1104//1104
f 1140//1140 1201//1201 1145//1145
f 1102//1102 1188//1188 1208//1208
f 1147//1147 1215//1215 1220//1220
f 1131//1131 1193//1193 1219//1219
f 1187//1187 1104//1104 1235//1235
f 1031//1031 1157//1157 1211//1211
f 969//969 1237//1237 1127//1127
f 1149//1149 1201//1201 1140//1140
f 1032//1032 1146//1146 1265//1265
f 1141//1141 1232//1232 1192//1192
f 1003//1003 1117//1117 1251//1251
f 1229//1229 1143//1143 1199//1199
f 1122//1122 1087//1087 1249//1249
f 1011//1011 1185//1185 1297//1297
f 1138//1138 1242//1242 1180//1180
f 1074//1074 1197//1197 1239//1239
f 1032//1032 1265//1265 1065//1065
f 1172//1172 1187//1187 1235//1235
f 1266//1266 1240//1240 1165//1165
f 669//669 1164//1164 536//536
f 1075//1075 1135//1135 1256//1256
f 1228//1228 1179//1179 1202//1202
f 1136//1136 1244//1244 1202//1202
f 1198//1198 1244//1244 1136//1136
f 972//972 1174//1174 998//998
f 899//899 1150//1150 884//884
f 1090//1090 1119//1119 1269//1269
f 1034//1034 1227//1227 1174//1174
f 1091//1091 1170//1170 1191//1191
f 1077//1077 1152//1152 1268//1268
f 1214//1214 1284//1284 1231//1231
f 1198//1198 1220//1220 1244//1244
f 1107//1107 1252//1252 1178//1178
f 1110//1110 1123//1123 1334//1334
f 1226//1226 1247//1247 1138//1138
f 1054//1054 1059//1059 1248//1248
f 1119//1119 1003//1003 1251//1251
f 1162//1162 1196//1196 1250//1250
f 750//750 711//711 1280//1280
f 1037//1037 1219//1219 1254//1254
f 1160//1160 1216//1216 1107//1107
f 1221//1221 1143//1143 1277//1277
f 1052//1052 1054//1054 1170//1170
f 1138//1138 1259//1259 1242//1242
f 1051//1051 1158//1158 1257//1257
f 1120//1120 1236//1236 1218//1218
f 1253//1253 1241//1241 1272//1272
f 536//536 1164//1164 1296//1296
f 536//536 1296//1296 1223//1223
f 1037//1037 1254//1254 1233//1233
f 1048//1048 1128//1128 1207//1207
f 1075//1075 1256//1256 1095//1095
f 1065//1065 1265//1265 1230//1230
f 1074//1074 1239//1239 1194//1194
f 946//946 1270//1270 987//987
f 1222//1222 1258//1258 1193//1193
f 1146//1146 1233//1233 1265//1265
f 1229//1229 1199//1199 1252//1252
f 1199//1199 1178//1178 1252//1252
f 1095//1095 1256//1256 1245//1245
f 1156//1156 1145//1145 1262//1262
f 854//854 1213//1213 1195//1195
f 1143//1143 1229//1229 1277//1277
f 1203//1203 1262//1262 1261//1261
f 1110//1110 1334//1334 1260//1260
f 1071//1071 1041//1041 1148//1148
f 1110//1110 1260//1260 1124//1124
f 1135//1135 1124//1124 1256//1256
f 932//932 1243//1243 1255//1255
f 1226//1226 1148//1148 1267//1267
f 1041//1041 1278//1278 1148//1148
f 1219//1219 1193//1193 1263//1263
f 1225//1225 1195//1195 1264//1264
f 1171//1171 1276//1276 1236//1236
f 1192//1192 1232//1232 1355//1355
f 884//884 1150//1150 1153//1153
f 1232//1232 1180//1180 1242//1242
f 1027//1027 737//737 1270//1270
f 1145//1145 1201//1201 1262//1262
f 1107//1107 1327//1327 1252//1252
f 1241//1241 1225//1225 1337//1337
f 1168//1168 1077//1077 1268//1268
f 737//737 1106//1106 1270//1270
f 1122//1122 1273//1273 1197//1197
f 1142//1142 1278//1278 1041//1041
f 1095//1095 1245//1245 1200//1200
f 1206//1206 1385//1385 1196//1196
f 1230//1230 1235//1235 1104//1104
f 1182//1182 1043//1043 1224//1224
f 1202//1202 1244//1244 1287//1287
f 1236//1236 1276//1276 1218//1218
f 932//932 1255//1255 1246//1246
f 1051//1051 1257//1257 1173//1173
f 1166//1166 1315//1315 1066//1066
f 1138//1138 1247//1247 1259//1259
f 1171//1171 1212//1212 1276//1276
f 1202//1202 1287//1287 1228//1228
f 841//841 1137//1137 1391//1391
f 950//950 1269//1269 1059//1059
f 1237//1237 969//969 1163//1163
f 1222//1222 1159//1159 1258//1258
f 1225//1225 1283//1283 1337//1337
f 1253//1253 1272//1272 1206//1206
f 1128//1128 1228//1228 1295//1295
f 987//987 1270//1270 1151//1151
f 1233//1233 1254//1254 1289//1289
f 1123//1123 1221//1221 1334//1334
f 1175//1175 1291//1291 1161//1161
f 1195//1195 1282//1282 1264//1264
f 1225//1225 1264//1264 1283//1283
f 1229//1229 1252//1252 1277//1277
f 1114//1114 1299//1299 1313//1313
f 1122//1122 1249//1249 1273//1273
f 1188//1188 1155//1155 1192//1192
f 1177//1177 1284//1284 1214//1214
f 844//844 1012//1012 1308//1308
f 1114//1114 1313//1313 1249//1249
f 1107//1107 1216//1216 1327//1327
f 1258//1258 1159//1159 1281//1281
f 1219//1219 1263//1263 1254//1254
f 1261//1261 1288//1288 1203//1203
f 1228//1228 1285//1285 1295//1295
f 1228//1228 1287//1287 1285//1285
f 1054//1054 1248//1248 1170//1170
f 928//928 1045//1045 1311//1311
f 1124//1124 1260//1260 1256//1256
f 1148//1148 1278//1278 1267//1267
f 1201//1201 1279//1279 1262//1262
f 1262//1262 1288//1288 1261//1261
f 1244//1244 1275//1275 1287//1287
f 1190//1190 1301//1301 1266//1266
f 750//750 1318//1318 1060//1060
f 993//993 1362//1362 1150//1150
f 1315//1315 1166//1166 1286//1286
f 1176//1176 1167//1167 1359//1359
f 841//841 1391//1391 1115//1115
f 1011//1011 1297//1297 1109//1109
f 1185//1185 1223//1223 1274//1274
f 1235//1235 1230//1230 1345//1345
f 1217//1217 1169//1169 1298//1298
f 1185//1185 1274//1274 1297//1297
f 1139//1139 1162//1162 1293//1293
f 1195//1195 1213//1213 1282//1282
f 1210//1210 1319//1319 1215//1215
f 1226//1226 1267//1267 1247//1247
f 1166//1166 1105//1105 1286//1286
f 1279//1279 1201//1201 1360//1360
f 1240//1240 1332//1332 1169//1169
f 1193//1193 1413//1413 1263//1263
f 1190//1190 1238//1238 1301//1301
f 844//844 1308//1308 1205//1205
f 1240//1240 1266//1266 1332//1332
f 1230//1230 1265//1265 1302//1302
f 1201//1201 1073//1073 1360//1360
f 1175//1175 1218//1218 1333//1333
f 1169//1169 1332//1332 1298//1298
f 1186//1186 1324//1324 1097//1097
f 1259//1259 1247//1247 1303//1303
f 1203//1203 1300//1300 1012//1012
f 1114//1114 1200//1200 1299//1299
f 1204//1204 1060//1060 1318//1318
f 1189//1189 1191//1191 1305//1305
f 1170//1170 1248//1248 1191//1191
f 1233//1233 1289//1289 1265//1265
f 1206//1206 1272//1272 1385//1385
f 1059//1059 1269//1269 1248//1248
f 1142//1142 1127//1127 1278//1278
f 1217//1217 1314//1314 1159//1159
f 893//893 1153//1153 1316//1316
f 1215//1215 1319//1319 1220//1220
f 1275//1275 1244//1244 1304//1304
f 1267//1267 1278//1278 1307//1307
f 1211//1211 1157//1157 1344//1344
f 1298//1298 1314//1314 1217//1217
f 1258//1258 1292//1292 1193//1193
f 1189//1189 1305//1305 1096//1096
f 1284//1284 1351//1351 1231//1231
f 1197//1197 1321//1321 1239//1239
f 1064//1064 1339//1339 1294//1294
f 1244//1244 1309//1309 1304//1304
f 1176//1176 1359//1359 1280//1280
f 1220//1220 1319//1319 1320//1320
f 1220//1220 1320//1320 1244//1244
f 1175//1175 1333//1333 1312//1312
f 1161//1161 1336//1336 1213//1213
f 1193//1193 1292//1292 1413//1413
f 1159//1159 1329//1329 1281//1281
f 1175//1175 1312//1312 1291//1291
f 1161//1161 1291//1291 1336//1336
f 748//748 1363//1363 1210//1210
f 1162//1162 1250//1250 1293//1293
f 1288//1288 1335//1335 1203//1203
f 1239//1239 1326//1326 1194//1194
f 748//748 1246//1246 1363//1363
f 1258//1258 1281//1281 1292//1292
f 1197//1197 1273//1273 1414//1414
f 1097//1097 1344//1344 1157//1157
f 1257//1257 1158//1158 1323//1323
f 1263//1263 1310//1310 1317//1317
f 148//148 1294//1294 1339//1339
f 1244//1244 1320//1320 1309//1309
f 1287//1287 1275//1275 1285//1285
f 1265//1265 1289//1289 1302//1302
f 1269//1269 1328//1328 1248//1248
f 1319//1319 1210//1210 1357//1357
f 1066//1066 1315//1315 1234//1234
f 1159//1159 1314//1314 1329//1329
f 1241//1241 1337//1337 1306//1306
f 993//993 1005//1005 1482//1482
f 750//750 1280//1280 1318//1318
f 1334//1334 1221//1221 1325//1325
f 1245//1245 1256//1256 1322//1322
f 1262//1262 1279//1279 1335//1335
f 1213//1213 1340//1340 1282//1282
f 1119//1119 1338//1338 1269//1269
f 1164//1164 1346//1346 1296//1296
f 983//983 1132//1132 1422//1422
f 1045//1045 1204//1204 1311//1311
f 1270//1270 1106//1106 1343//1343
f 1263//1263 1317//1317 1254//1254
f 1210//1210 1363//1363 1357//1357
f 1212//1212 1194//1194 1341//1341
f 1106//1106 1109//1109 1343//1343
f 1277//1277 1252//1252 1342//1342
f 1137//1137 998//998 1406//1406
f 1203//1203 1335//1335 1300//1300
f 1307//1307 1278//1278 1348//1348
f 1197//1197 1414//1414 1321//1321
f 1263//1263 1413//1413 1310//1310
f 1212//1212 1350//1350 1276//1276
f 1151//1151 1343//1343 1243//1243
f 1067//1067 1182//1182 1525//1525
f 1325//1325 1221//1221 1277//1277
f 1247//1247 1267//1267 1366//1366
f 1117//1117 1208//1208 1251//1251
f 1238//1238 1096//1096 1301//1301
f 1186//1186 1234//1234 1324//1324
f 1208//1208 1188//1188 1330//1330
f 1281//1281 1401//1401 1292//1292
f 1207//1207 1364//1364 1209//1209
f 1194//1194 1326//1326 1341//1341
f 1235//1235 1345//1345 1172//1172
f 1200//1200 1245//1245 1397//1397
f 1127//1127 1237//1237 1278//1278
f 1279//1279 1360//1360 1335//1335
f 1272//1272 1241//1241 1306//1306
f 983//983 1422//1422 1271//1271
f 1151//1151 1270//1270 1343//1343
f 1310//1310 1413//1413 1352//1352
f 1269//1269 1338//1338 1328//1328
f 148//148 1339//1339 1631//1631
f 1288//1288 1262//1262 1335//1335
f 1231//1231 1346//1346 1164//1164
f 1247//1247 1366//1366 1303//1303
f 1234//1234 1315//1315 1324//1324
f 1290//1290 1212//1212 1341//1341
f 1309//1309 1349//1349 1304//1304
f 1320//1320 1349//1349 1309//1309
f 1271//1271 1410//1410 1181//1181
f 893//893 1316//1316 1167//1167
f 1230//1230 1302//1302 1356//1356
f 1119//1119 1251//1251 1338//1338
f 1213//1213 1336//1336 1503//1503
f 1218//1218 1276//1276 1354//1354
f 1173//1173 1347//1347 1353//1353
f 1245//1245 1322//1322 1397//1397
f 1249//1249 1313//1313 1273//1273
f 1168//1168 1268//1268 1163//1163
f 1128//1128 1416//1416 1207//1207
f 1073//1073 1172//1172 1375//1375
f 1355//1355 1232//1232 1369//1369
f 1105//1105 1139//1139 1286//1286
f 1320//1320 1357//1357 1349//1349
f 1173//1173 1353//1353 1177//1177
f 1322//1322 1256//1256 1361//1361
f 1319//1319 1357//1357 1320//1320
f 1284//1284 1177//1177 1351//1351
f 1173//1173 1257//1257 1347//1347
f 1231//1231 1351//1351 1346//1346
f 1172//1172 1345//1345 1375//1375
f 1289//1289 1254//1254 1396//1396
f 993//993 1482//1482 1362//1362
f 1128//1128 1295//1295 1416//1416
f 1073//1073 1387//1387 1360//1360
f 1413//1413 1292//1292 1379//1379
f 1273//1273 1313//1313 1371//1371
f 1337//1337 1283//1283 1367//1367
f 1192//1192 1330//1330 1188//1188
f 1317//1317 1310//1310 1374//1374
f 1218//1218 1354//1354 1333//1333
f 1209//1209 1364//1364 1475//1475
f 1153//1153 1376//1376 1316//1316
f 1349//1349 1402//1402 1304//1304
f 1290//1290 1368//1368 1212//1212
f 1191//1191 1248//1248 1328//1328
f 1332//1332 1266//1266 1365//1365
f 1115//1115 1391//1391 1064//1064
f 1295//1295 1382//1382 1383//1383
f 1230//1230 1356//1356 1345//1345
f 1282//1282 1340//1340 1264//1264
f 1300//1300 1335//1335 1403//1403
f 1237//1237 1378//1378 1278//1278
f 1332//1332 1389//1389 1298//1298
f 799//799 1393//1393 1132//1132
f 1182//1182 1224//1224 1525//1525
f 1243//1243 1343//1343 1255//1255
f 1313//1313 1373//1373 1371//1371
f 799//799 928//928 1393//1393
f 1307//1307 1372//1372 1267//1267
f 1177//1177 1377//1377 1351//1351
f 1196//1196 1370//1370 1250//1250
f 1257//1257 1323//1323 1347//1347
f 998//998 1174//1174 1406//1406
f 1139//1139 1386//1386 1286//1286
f 1295//1295 1285//1285 1382//1382
f 1310//1310 1352//1352 1374//1374
f 1232//1232 1242//1242 1369//1369
f 1332//1332 1365//1365 1389//1389
f 1109//1109 1297//1297 1343//1343
f 1096//1096 1305//1305 1301//1301
f 1276//1276 1350//1350 1354//1354
f 1207//1207 1416//1416 1364//1364
f 1315//1315 1286//1286 1487//1487
f 1139//1139 1293//1293 1386//1386
f 1281//1281 1329//1329 1401//1401
f 1278//1278 1378//1378 1388//1388
f 1380//1380 1343//1343 1297//1297
f 1307//1307 1348//1348 1425//1425
f 1277//1277 1478//1478 1325//1325
f 1285//1285 1275//1275 1382//1382
f 1335//1335 1395//1395 1403//1403
f 1237//1237 1163//1163 1378//1378
f 1298//1298 1389//1389 1398//1398
f 1256//1256 1260//1260 1361//1361
f 1297//1297 1223//1223 1380//1380
f 1341//1341 1326//1326 1390//1390
f 1152//1152 1444//1444 1268//1268
f 1242//1242 1259//1259 1400//1400
f 1196//1196 1385//1385 1370//1370
f 1283//1283 1264//1264 1367//1367
f 1299//1299 1200//1200 1397//1397
f 1335//1335 1360//1360 1395//1395
f 1351//1351 1377//1377 1381//1381
f 1273//1273 1371//1371 1384//1384
f 1167//1167 1415//1415 1359//1359
f 1380//1380 1394//1394 1343//1343
f 1275//1275 1304//1304 1399//1399
f 1192//1192 1355//1355 1330//1330
f 1385//1385 1272//1272 1535//1535
f 1212//1212 1368//1368 1350//1350
f 1340//1340 1213//1213 1503//1503
f 1346//1346 1351//1351 1407//1407
f 1401//1401 1329//1329 1456//1456
f 1292//1292 1401//1401 1379//1379
f 1239//1239 1390//1390 1326//1326
f 1366//1366 1267//1267 1405//1405
f 1177//1177 1353//1353 1377//1377
f 1005//1005 1067//1067 1431//1431
f 1209//1209 1392//1392 1216//1216
f 1267//1267 1372//1372 1405//1405
f 1278//1278 1388//1388 1348//1348
f 1343//1343 1394//1394 1255//1255
f 1298//1298 1398//1398 1314//1314
f 1073//1073 1375//1375 1387//1387
f 1307//1307 1425//1425 1372//1372
f 1334//1334 1325//1325 1412//1412
f 1254//1254 1317//1317 1396//1396
f 1381//1381 1407//1407 1351//1351
f 1380//1380 1420//1420 1411//1411
f 1340//1340 1367//1367 1264//1264
f 1314//1314 1398//1398 1329//1329
f 1208//1208 1404//1404 1251//1251
f 1268//1268 1378//1378 1163//1163
f 1323//1323 1631//1631 1458//1458
f 1274//1274 1223//1223 1297//1297
f 1012//1012 1300//1300 1430//1430
f 1347//1347 1323//1323 1408//1408
f 1277//1277 1342//1342 1478//1478
f 1394//1394 1380//1380 1411//1411
f 1259//1259 1303//1303 1400//1400
f 1356//1356 1302//1302 1418//1418
f 1330//1330 1355//1355 1474//1474
f 1064//1064 1391//1391 1426//1426
f 1354//1354 1417//1417 1333//1333
f 1223//1223 1419//1419 1380//1380
f 1239//1239 1321//1321 1390//1390
f 1272//1272 1306//1306 1409//1409
f 1260//1260 1412//1412 1361//1361
f 1275//1275 1399//1399 1382//1382
f 1359//1359 1415//1415 1280//1280
f 1333//1333 1446//1446 1312//1312
f 1302//1302 1289//1289 1396//1396
f 1272//1272 1409//1409 1535//1535
f 1347//1347 1408//1408 1353//1353
f 1293//1293 1250//1250 1386//1386
f 1380//1380 1419//1419 1420//1420
f 1174//1174 1227//1227 1429//1429
f 1252//1252 1549//1549 1342//1342
f 1381//1381 1424//1424 1407//1407
f 1381//1381 1377//1377 1424//1424
f 1352//1352 1435//1435 1374//1374
f 1360//1360 1387//1387 1395//1395
f 1302//1302 1396//1396 1418//1418
f 1260//1260 1334//1334 1412//1412
f 1300//1300 1403//1403 1430//1430
f 1353//1353 1408//1408 1427//1427
f 1223//1223 1462//1462 1419//1419
f 1402//1402 1449//1449 1304//1304
f 1208//1208 1330//1330 1404//1404
f 1377//1377 1427//1427 1424//1424
f 1325//1325 1478//1478 1412//1412
f 1353//1353 1427//1427 1377//1377
f 1345//1345 1356//1356 1459//1459
f 1295//1295 1383//1383 1416//1416
f 1384//1384 1421//1421 1273//1273
f 1348//1348 1388//1388 1423//1423
f 1403//1403 1436//1436 1430//1430
f 1251//1251 1476//1476 1338//1338
f 1181//1181 1410//1410 1227//1227
f 1097//1097 1324//1324 1496//1496
f 1323//1323 1458//1458 1408//1408
f 1291//1291 1432//1432 1336//1336
f 1417//1417 1354//1354 1464//1464
f 1153//1153 1150//1150 1376//1376
f 1137//1137 1454//1454 1391//1391
f 1388//1388 1378//1378 1481//1481
f 1303//1303 1448//1448 1400//1400
f 1250//1250 1370//1370 1386//1386
f 1299//1299 1397//1397 1439//1439
f 1303//1303 1366//1366 1448//1448
f 1396//1396 1317//1317 1442//1442
f 1301//1301 1331//1331 1266//1266
f 1424//1424 1428//1428 1407//1407
f 1425//1425 1348//1348 1423//1423
f 1346//1346 1433//1433 1296//1296
f 1352//1352 1413//1413 1438//1438
f 1407//1407 1433//1433 1346//1346
f 1352//1352 1438//1438 1435//1435
f 1313//1313 1299//1299 1439//1439
f 1317//1317 1374//1374 1442//1442
f 1329//1329 1398//1398 1456//1456
f 1383//1383 1382//1382 1440//1440
f 1327//1327 1465//1465 1549//1549
f 1403//1403 1395//1395 1437//1437
f 1374//1374 1435//1435 1441//1441
f 1216//1216 1434//1434 1327//1327
f 1152//1152 1211//1211 1444//1444
f 1378//1378 1445//1445 1481//1481
f 1067//1067 1358//1358 1431//1431
f 1290//1290 1341//1341 1453//1453
f 1216//1216 1392//1392 1434//1434
f 1382//1382 1399//1399 1443//1443
f 1378//1378 1268//1268 1444//1444
f 1255//1255 1394//1394 1246//1246
f 1448//1448 1366//1366 1450//1450
f 1331//1331 1457//1457 1266//1266
f 1355//1355 1369//1369 1474//1474
f 1286//1286 1386//1386 1468//1468
f 1305//1305 1451//1451 1301//1301
f 1306//1306 1337//1337 1452//1452
f 1412//1412 1478//1478 1361//1361
f 1327//1327 1549//1549 1252//1252
f 1242//1242 1400//1400 1369//1369
f 1414//1414 1273//1273 1421//1421
f 1366//1366 1405//1405 1450//1450
f 1398//1398 1447//1447 1460//1460
f 1382//1382 1461//1461 1440//1440
f 1397//1397 1322//1322 1361//1361
f 1447//1447 1398//1398 1455//1455
f 1223//1223 1296//1296 1462//1462
f 1427//1427 1408//1408 1458//1458
f 1471//1471 1407//1407 1428//1428
f 1433//1433 1407//1407 1471//1471
f 1345//1345 1459//1459 1375//1375
f 1354//1354 1350//1350 1464//1464
f 1211//1211 1344//1344 1500//1500
f 1174//1174 1429//1429 1406//1406
f 1340//1340 1463//1463 1367//1367
f 1367//1367 1452//1452 1337//1337
f 1385//1385 1535//1535 1370//1370
f 1396//1396 1480//1480 1418//1418
f 1402//1402 1466//1466 1449//1449
f 1349//1349 1357//1357 1402//1402
f 1313//1313 1439//1439 1373//1373
f 1401//1401 1456//1456 1379//1379
f 1266//1266 1469//1469 1365//1365
f 1369//1369 1473//1473 1474//1474
f 1341//1341 1390//1390 1453//1453
f 1435//1435 1438//1438 1467//1467
f 1382//1382 1443//1443 1461//1461
f 1388//1388 1489//1489 1423//1423
f 1340//1340 1503//1503 1463//1463
f 1413//1413 1379//1379 1438//1438
f 1338//1338 1485//1485 1328//1328
f 1403//1403 1437//1437 1495//1495
f 1097//1097 1496//1496 1344//1344
f 1315//1315 1547//1547 1324//1324
f 1378//1378 1444//1444 1445//1445
f 1503//1503 1336//1336 1477//1477
f 1396//1396 1442//1442 1480//1480
f 1453//1453 1518//1518 1290//1290
f 1420//1420 1528//1528 1411//1411
f 1321//1321 1414//1414 1479//1479
f 1266//1266 1457//1457 1469//1469
f 1305//1305 1191//1191 1451//1451
f 1463//1463 1503//1503 1484//1484
f 1398//1398 1460//1460 1456//1456
f 1395//1395 1470//1470 1437//1437
f 1246//1246 1394//1394 1363//1363
f 1427//1427 1458//1458 1490//1490
f 1368//1368 1494//1494 1350//1350
f 1331//1331 1301//1301 1457//1457
f 1388//1388 1481//1481 1489//1489
f 1405//1405 1372//1372 1498//1498
f 1403//1403 1495//1495 1436//1436
f 1321//1321 1479//1479 1390//1390
f 1395//1395 1387//1387 1536//1536
f 1374//1374 1441//1441 1442//1442
f 1336//1336 1432//1432 1477//1477
f 1356//1356 1418//1418 1459//1459
f 1463//1463 1484//1484 1367//1367
f 1475//1475 1392//1392 1209//1209
f 1435//1435 1488//1488 1441//1441
f 1419//1419 1515//1515 1420//1420
f 1402//1402 1483//1483 1466//1466
f 1375//1375 1459//1459 1513//1513
f 1191//1191 1328//1328 1485//1485
f 1357//1357 1483//1483 1402//1402
f 1324//1324 1547//1547 1496//1496
f 1296//1296 1433//1433 1471//1471
f 1446//1446 1333//1333 1472//1472
f 1427//1427 1497//1497 1424//1424
f 1306//1306 1492//1492 1409//1409
f 1211//1211 1500//1500 1444//1444
f 1394//1394 1411//1411 1493//1493
f 1436//1436 1495//1495 1430//1430
f 1435//1435 1467//1467 1488//1488
f 1358//1358 1067//1067 1525//1525
f 1393//1393 928//928 1311//1311
f 1398//1398 1389//1389 1455//1455
f 1290//1290 1518//1518 1368//1368
f 1357//1357 1363//1363 1524//1524
f 1427//1427 1490//1490 1497//1497
f 1483//1483 1357//1357 1524//1524
f 1251//1251 1404//1404 1476//1476
f 1296//1296 1471//1471 1462//1462
f 1363//1363 1394//1394 1504//1504
f 1333//1333 1499//1499 1472//1472
f 1518//1518 1510//1510 1368//1368
f 1379//1379 1456//1456 1491//1491
f 1424//1424 1508//1508 1428//1428
f 1405//1405 1506//1506 1450//1450
f 1472//1472 1538//1538 1446//1446
f 1342//1342 1549//1549 1478//1478
f 1428//1428 1508//1508 1507//1507
f 1424//1424 1497//1497 1508//1508
f 1418//1418 1480//1480 1459//1459
f 1428//1428 1507//1507 1471//1471
f 1430//1430 1495//1495 1501//1501
f 1452//1452 1367//1367 1511//1511
f 1373//1373 1512//1512 1371//1371
f 1442//1442 1502//1502 1480//1480
f 1405//1405 1498//1498 1506//1506
f 1364//1364 1416//1416 1563//1563
f 1383//1383 1523//1523 1416//1416
f 1441//1441 1502//1502 1442//1442
f 1448//1448 1450//1450 1517//1517
f 1280//1280 1415//1415 1516//1516
f 1443//1443 1509//1509 1461//1461
f 1304//1304 1449//1449 1509//1509
f 1304//1304 1509//1509 1399//1399
f 1437//1437 1470//1470 1495//1495
f 1338//1338 1476//1476 1485//1485
f 1344//1344 1496//1496 1500//1500
f 1350//1350 1494//1494 1520//1520
f 1327//1327 1434//1434 1465//1465
f 1416//1416 1523//1523 1563//1563
f 1472//1472 1499//1499 1514//1514
f 1472//1472 1514//1514 1538//1538
f 1471//1471 1507//1507 1521//1521
f 1384//1384 1371//1371 1552//1552
f 1394//1394 1493//1493 1504//1504
f 1481//1481 1445//1445 1519//1519
f 1306//1306 1452//1452 1492//1492
f 1367//1367 1484//1484 1511//1511
f 1005//1005 1431//1431 1482//1482
f 1350//1350 1520//1520 1464//1464
f 1379//1379 1491//1491 1438//1438
f 1478//1478 1526//1526 1361//1361
f 1372//1372 1425//1425 1498//1498
f 1447//1447 1455//1455 1556//1556
f 1369//1369 1400//1400 1473//1473
f 1399//1399 1509//1509 1443//1443
f 1483//1483 1524//1524 1466//1466
f 1361//1361 1526//1526 1397//1397
f 1445//1445 1444//1444 1531//1531
f 1383//1383 1440//1440 1523//1523
f 1479//1479 1414//1414 1575//1575
f 1330//1330 1527//1527 1404//1404
f 1375//1375 1513//1513 1387//1387
f 1451//1451 1191//1191 1485//1485
f 1280//1280 1516//1516 1562//1562
f 1414//1414 1421//1421 1575//1575
f 1395//1395 1536//1536 1470//1470
f 1390//1390 1479//1479 1453//1453
f 1462//1462 1471//1471 1542//1542
f 1556//1556 1505//1505 1447//1447
f 1488//1488 1467//1467 1522//1522
f 1456//1456 1529//1529 1491//1491
f 1470//1470 1536//1536 1495//1495
f 1461//1461 1509//1509 1533//1533
f 1521//1521 1507//1507 1532//1532
f 1417//1417 1534//1534 1333//1333
f 1447//1447 1505//1505 1460//1460
f 1557//1557 1518//1518 1453//1453
f 1520//1520 1537//1537 1464//1464
f 1137//1137 1406//1406 1454//1454
f 1481//1481 1519//1519 1489//1489
f 1542//1542 1471//1471 1573//1573
f 1461//1461 1533//1533 1440//1440
f 1430//1430 1554//1554 1012//1012
f 1397//1397 1526//1526 1439//1439
f 1204//1204 1780//1780 1311//1311
f 1333//1333 1534//1534 1499//1499
f 1389//1389 1574//1574 1455//1455
f 1497//1497 1490//1490 1548//1548
f 1507//1507 1508//1508 1553//1553
f 1419//1419 1462//1462 1542//1542
f 1373//1373 1439//1439 1512//1512
f 1420//1420 1515//1515 1528//1528
f 1271//1271 1422//1422 1541//1541
f 1425//1425 1423//1423 1539//1539
f 1227//1227 1410//1410 1486//1486
f 1507//1507 1553//1553 1532//1532
f 1497//1497 1548//1548 1508//1508
f 1469//1469 1457//1457 1544//1544
f 1525//1525 1224//1224 1567//1567
f 1438//1438 1546//1546 1467//1467
f 1502//1502 1582//1582 1545//1545
f 1364//1364 1563//1563 1551//1551
f 1474//1474 1571//1571 1330//1330
f 1409//1409 1492//1492 1555//1555
f 1318//1318 1280//1280 1562//1562
f 1495//1495 1536//1536 1577//1577
f 1423//1423 1489//1489 1588//1588
f 1445//1445 1531//1531 1600//1600
f 1368//1368 1510//1510 1494//1494
f 1389//1389 1365//1365 1574//1574
f 1464//1464 1537//1537 1417//1417
f 1493//1493 1411//1411 1619//1619
f 1363//1363 1504//1504 1530//1530
f 1502//1502 1441//1441 1582//1582
f 1508//1508 1548//1548 1553//1553
f 1312//1312 1446//1446 1578//1578
f 1512//1512 1439//1439 1526//1526
f 1430//1430 1501//1501 1554//1554
f 1466//1466 1524//1524 1543//1543
f 1411//1411 1528//1528 1558//1558
f 1529//1529 1540//1540 1491//1491
f 1491//1491 1540//1540 1584//1584
f 1064//1064 1426//1426 1339//1339
f 1528//1528 1515//1515 1601//1601
f 1365//1365 1469//1469 1574//1574
f 1502//1502 1545//1545 1480//1480
f 1509//1509 1572//1572 1533//1533
f 1400//1400 1448//1448 1565//1565
f 1444//1444 1550//1550 1531//1531
f 1468//1468 1386//1386 1576//1576
f 1459//1459 1560//1560 1513//1513
f 1501//1501 1495//1495 1554//1554
f 1417//1417 1564//1564 1534//1534
f 1471//1471 1521//1521 1573//1573
f 1498//1498 1425//1425 1539//1539
f 1455//1455 1574//1574 1556//1556
f 1487//1487 1286//1286 1468//1468
f 1227//1227 1486//1486 1429//1429
f 1511//1511 1484//1484 1568//1568
f 1452//1452 1511//1511 1570//1570
f 1466//1466 1572//1572 1449//1449
f 1415//1415 1167//1167 1516//1516
f 1312//1312 1578//1578 1291//1291
f 1315//1315 1487//1487 1604//1604
f 1475//1475 1364//1364 1551//1551
f 1454//1454 1406//1406 1632//1632
f 1392//1392 1475//1475 1590//1590
f 1459//1459 1480//1480 1560//1560
f 1519//1519 1445//1445 1611//1611
f 1478//1478 1663//1663 1526//1526
f 1423//1423 1588//1588 1539//1539
f 1421//1421 1384//1384 1575//1575
f 1488//1488 1522//1522 1441//1441
f 1371//1371 1512//1512 1552//1552
f 1432//1432 1291//1291 1578//1578
f 1466//1466 1543//1543 1572//1572
f 1491//1491 1584//1584 1438//1438
f 1441//1441 1522//1522 1582//1582
f 1553//1553 1573//1573 1532//1532
f 1330//1330 1571//1571 1527//1527
f 1619//1619 1411//1411 1558//1558
f 1548//1548 1490//1490 1591//1591
f 1509//1509 1449//1449 1572//1572
f 1477//1477 1432//1432 1581//1581
f 1444//1444 1500//1500 1550//1550
f 1446//1446 1641//1641 1578//1578
f 1460//1460 1505//1505 1585//1585
f 1546//1546 1522//1522 1467//1467
f 1503//1503 1559//1559 1484//1484
f 1489//1489 1519//1519 1583//1583
f 1533//1533 1597//1597 1440//1440
f 1577//1577 1622//1622 1495//1495
f 1485//1485 1476//1476 1404//1404
f 1485//1485 1404//1404 1586//1586
f 1453//1453 1479//1479 1575//1575
f 1573//1573 1521//1521 1532//1532
f 1460//1460 1585//1585 1456//1456
f 1555//1555 1492//1492 1452//1452
f 1528//1528 1579//1579 1558//1558
f 1400//1400 1565//1565 1569//1569
f 1561//1561 1474//1474 1473//1473
f 1438//1438 1584//1584 1546//1546
f 1419//1419 1542//1542 1655//1655
f 1523//1523 1440//1440 1597//1597
f 1548//1548 1591//1591 1595//1595
f 1524//1524 1363//1363 1530//1530
f 1448//1448 1517//1517 1565//1565
f 1543//1543 1524//1524 1580//1580
f 1204//1204 1318//1318 1780//1780
f 1453//1453 1575//1575 1557//1557
f 1485//1485 1589//1589 1451//1451
f 1504//1504 1493//1493 1619//1619
f 1533//1533 1572//1572 1597//1597
f 1475//1475 1551//1551 1598//1598
f 1525//1525 1567//1567 1694//1694
f 1553//1553 1548//1548 1573//1573
f 1558//1558 1579//1579 1670//1670
f 1568//1568 1484//1484 1592//1592
f 1400//1400 1569//1569 1610//1610
f 1524//1524 1530//1530 1580//1580
f 1495//1495 1593//1593 1554//1554
f 1419//1419 1655//1655 1515//1515
f 1525//1525 1694//1694 1358//1358
f 1496//1496 1594//1594 1500//1500
f 1400//1400 1610//1610 1473//1473
f 1445//1445 1600//1600 1611//1611
f 1571//1571 1474//1474 1561//1561
f 1511//1511 1568//1568 1570//1570
f 1384//1384 1587//1587 1575//1575
f 1446//1446 1538//1538 1596//1596
f 1458//1458 1602//1602 1490//1490
f 1485//1485 1586//1586 1589//1589
f 1012//1012 1554//1554 1729//1729
f 1538//1538 1514//1514 1596//1596
f 1536//1536 1622//1622 1577//1577
f 1301//1301 1617//1617 1457//1457
f 1315//1315 1604//1604 1547//1547
f 1012//1012 1729//1729 1308//1308
f 1503//1503 1477//1477 1650//1650
f 1387//1387 1513//1513 1612//1612
f 1536//1536 1623//1623 1622//1622
f 1592//1592 1484//1484 1605//1605
f 1573//1573 1548//1548 1616//1616
f 1505//1505 1556//1556 1608//1608
f 1490//1490 1602//1602 1591//1591
f 1593//1593 1495//1495 1622//1622
f 1301//1301 1451//1451 1617//1617
f 1548//1548 1595//1595 1616//1616
f 1528//1528 1601//1601 1579//1579
f 1609//1609 1489//1489 1583//1583
f 1484//1484 1559//1559 1605//1605
f 1469//1469 1615//1615 1574//1574
f 1339//1339 1426//1426 1614//1614
f 1536//1536 1621//1621 1623//1623
f 1551//1551 1563//1563 1598//1598
f 1450//1450 1506//1506 1599//1599
f 1456//1456 1585//1585 1529//1529
f 1387//1387 1621//1621 1536//1536
f 1547//1547 1735//1735 1496//1496
f 1519//1519 1611//1611 1583//1583
f 1514//1514 1607//1607 1596//1596
f 1514//1514 1499//1499 1607//1607
f 1546//1546 1633//1633 1522//1522
f 1167//1167 1316//1316 1638//1638
f 1582//1582 1613//1613 1545//1545
f 1458//1458 1631//1631 1602//1602
f 1587//1587 1384//1384 1620//1620
f 1339//1339 1614//1614 1631//1631
f 1450//1450 1599//1599 1517//1517
f 1523//1523 1597//1597 1563//1563
f 1560//1560 1480//1480 1613//1613
f 1404//1404 1527//1527 1586//1586
f 1535//1535 1409//1409 1555//1555
f 1417//1417 1537//1537 1630//1630
f 1568//1568 1592//1592 1570//1570
f 1504//1504 1619//1619 1737//1737
f 1531//1531 1626//1626 1600//1600
f 1529//1529 1585//1585 1634//1634
f 1505//1505 1608//1608 1585//1585
f 1417//1417 1630//1630 1564//1564
f 1477//1477 1581//1581 1650//1650
f 1593//1593 1622//1622 1554//1554
f 1167//1167 1638//1638 1516//1516
f 1392//1392 1590//1590 1434//1434
f 1598//1598 1563//1563 1597//1597
f 1552//1552 1512//1512 1624//1624
f 1540//1540 1634//1634 1584//1584
f 1531//1531 1550//1550 1626//1626
f 1582//1582 1522//1522 1625//1625
f 1386//1386 1370//1370 1618//1618
f 1498//1498 1539//1539 1635//1635
f 1547//1547 1604//1604 1735//1735
f 1540//1540 1529//1529 1634//1634
f 1500//1500 1629//1629 1550//1550
f 1595//1595 1591//1591 1602//1602
f 1535//1535 1639//1639 1370//1370
f 1584//1584 1627//1627 1546//1546
f 1607//1607 1499//1499 1637//1637
f 1572//1572 1660//1660 1597//1597
f 1480//1480 1545//1545 1613//1613
f 1780//1780 1606//1606 1311//1311
f 1609//1609 1588//1588 1489//1489
f 1478//1478 1678//1678 1663//1663
f 1595//1595 1602//1602 1628//1628
f 1573//1573 1616//1616 1542//1542
f 1618//1618 1576//1576 1386//1386
f 1271//1271 1782//1782 1410//1410
f 1457//1457 1617//1617 1544//1544
f 1224//1224 1205//1205 1689//1689
f 1595//1595 1628//1628 1640//1640
f 1510//1510 1657//1657 1494//1494
f 1603//1603 1598//1598 1644//1644
f 1494//1494 1657//1657 1636//1636
f 1556//1556 1574//1574 1608//1608
f 1452//1452 1648//1648 1555//1555
f 1597//1597 1644//1644 1598//1598
f 1580//1580 1651//1651 1543//1543
f 1574//1574 1645//1645 1608//1608
f 1595//1595 1640//1640 1616//1616
f 1543//1543 1651//1651 1647//1647
f 1572//1572 1543//1543 1647//1647
f 1499//1499 1534//1534 1637//1637
f 1224//1224 1689//1689 1567//1567
f 1546//1546 1627//1627 1633//1633
f 1629//1629 1500//1500 1594//1594
f 1602//1602 1653//1653 1628//1628
f 1527//1527 1589//1589 1586//1586
f 1633//1633 1646//1646 1522//1522
f 1560//1560 1672//1672 1513//1513
f 1530//1530 1504//1504 1649//1649
f 1454//1454 1632//1632 1662//1662
f 1434//1434 1668//1668 1465//1465
f 1572//1572 1647//1647 1660//1660
f 1599//1599 1506//1506 1674//1674
f 1554//1554 1622//1622 1681//1681
f 1558//1558 1659//1659 1619//1619
f 1526//1526 1663//1663 1512//1512
f 1729//1729 1554//1554 1654//1654
f 1520//1520 1643//1643 1537//1537
f 1574//1574 1615//1615 1642//1642
f 1554//1554 1681//1681 1654//1654
f 1604//1604 1487//1487 1468//1468
f 1616//1616 1640//1640 1656//1656
f 1571//1571 1561//1561 1527//1527
f 1561//1561 1473//1473 1685//1685
f 1602//1602 1658//1658 1653//1653
f 1622//1622 1623//1623 1652//1652
f 1384//1384 1552//1552 1620//1620
f 1503//1503 1650//1650 1559//1559
f 1393//1393 1311//1311 1738//1738
f 1626//1626 1550//1550 1741//1741
f 1520//1520 1494//1494 1643//1643
f 1510//1510 1518//1518 1657//1657
f 1625//1625 1522//1522 1646//1646
f 1582//1582 1625//1625 1613//1613
f 1579//1579 1601//1601 1670//1670
f 1271//1271 1541//1541 1782//1782
f 1205//1205 1308//1308 1718//1718
f 1205//1205 1718//1718 1689//1689
f 1634//1634 1585//1585 1667//1667
f 1608//1608 1665//1665 1585//1585
f 1574//1574 1642//1642 1645//1645
f 1584//1584 1676//1676 1627//1627
f 1494//1494 1636//1636 1643//1643
f 1584//1584 1634//1634 1676//1676
f 1613//1613 1664//1664 1560//1560
f 1601//1601 1515//1515 1666//1666
f 1555//1555 1648//1648 1661//1661
f 1580//1580 1530//1530 1651//1651
f 1518//1518 1675//1675 1657//1657
f 1585//1585 1665//1665 1669//1669
f 1387//1387 1612//1612 1621//1621
f 1452//1452 1570//1570 1673//1673
f 1518//1518 1557//1557 1675//1675
f 1504//1504 1737//1737 1649//1649
f 1613//1613 1625//1625 1680//1680
f 1613//1613 1680//1680 1677//1677
f 1623//1623 1621//1621 1652//1652
f 1632//1632 1406//1406 1429//1429
f 1656//1656 1671//1671 1616//1616
f 1515//1515 1700//1700 1666//1666
f 1446//1446 1596//1596 1641//1641
f 1432//1432 1578//1578 1683//1683
f 1432//1432 1683//1683 1581//1581
f 1597//1597 1660//1660 1644//1644
f 1592//1592 1605//1605 1687//1687
f 1565//1565 1764//1764 1569//1569
f 1376//1376 1691//1691 1316//1316
f 1670//1670 1659//1659 1558//1558
f 1614//1614 1426//1426 1699//1699
f 1601//1601 1666//1666 1670//1670
f 1633//1633 1627//1627 1684//1684
f 1653//1653 1682//1682 1628//1628
f 1478//1478 1549//1549 1697//1697
f 1628//1628 1682//1682 1640//1640
f 1672//1672 1560//1560 1664//1664
f 1653//1653 1658//1658 1682//1682
f 1603//1603 1644//1644 1679//1679
f 1512//1512 1663//1663 1624//1624
f 1640//1640 1682//1682 1656//1656
f 1659//1659 1704//1704 1619//1619
f 1613//1613 1677//1677 1664//1664
f 1527//1527 1561//1561 1685//1685
f 1603//1603 1679//1679 1598//1598
f 1583//1583 1611//1611 1722//1722
f 1132//1132 1393//1393 1566//1566
f 1645//1645 1615//1615 1608//1608
f 1550//1550 1629//1629 1688//1688
f 1506//1506 1498//1498 1674//1674
f 1530//1530 1649//1649 1651//1651
f 1645//1645 1642//1642 1615//1615
f 1478//1478 1697//1697 1678//1678
f 1616//1616 1671//1671 1542//1542
f 1629//1629 1594//1594 1784//1784
f 1652//1652 1707//1707 1622//1622
f 1621//1621 1686//1686 1652//1652
f 1555//1555 1661//1661 1535//1535
f 1452//1452 1673//1673 1648//1648
f 1454//1454 1662//1662 1391//1391
f 1578//1578 1641//1641 1683//1683
f 1515//1515 1655//1655 1700//1700
f 1596//1596 1693//1693 1641//1641
f 1644//1644 1660//1660 1690//1690
f 1676//1676 1703//1703 1627//1627
f 1625//1625 1646//1646 1680//1680
f 1651//1651 1702//1702 1647//1647
f 1647//1647 1728//1728 1660//1660
f 1647//1647 1702//1702 1728//1728
f 1589//1589 1695//1695 1451//1451
f 1473//1473 1610//1610 1685//1685
f 1539//1539 1588//1588 1730//1730
f 1496//1496 1735//1735 1594//1594
f 1646//1646 1633//1633 1696//1696
f 1607//1607 1637//1637 1743//1743
f 1743//1743 1709//1709 1607//1607
f 1498//1498 1635//1635 1674//1674
f 1542//1542 1698//1698 1655//1655
f 1589//1589 1527//1527 1685//1685
f 1549//1549 1465//1465 1713//1713
f 1132//1132 1566//1566 1422//1422
f 1600//1600 1626//1626 1781//1781
f 1611//1611 1600//1600 1715//1715
f 1680//1680 1706//1706 1677//1677
f 1644//1644 1690//1690 1679//1679
f 1656//1656 1721//1721 1671//1671
f 1682//1682 1714//1714 1744//1744
f 1391//1391 1662//1662 1699//1699
f 1391//1391 1699//1699 1426//1426
f 1658//1658 1714//1714 1682//1682
f 1651//1651 1649//1649 1702//1702
f 1544//1544 1617//1617 1469//1469
f 1370//1370 1639//1639 1705//1705
f 1550//1550 1688//1688 1741//1741
f 1656//1656 1682//1682 1721//1721
f 1588//1588 1609//1609 1720//1720
f 1608//1608 1615//1615 1665//1665
f 1618//1618 1370//1370 1705//1705
f 1570//1570 1592//1592 1711//1711
f 1559//1559 1650//1650 1708//1708
f 1670//1670 1739//1739 1659//1659
f 1596//1596 1607//1607 1709//1709
f 1539//1539 1730//1730 1635//1635
f 1542//1542 1671//1671 1698//1698
f 1622//1622 1707//1707 1681//1681
f 1486//1486 1410//1410 1782//1782
f 1590//1590 1668//1668 1434//1434
f 1735//1735 1604//1604 1746//1746
f 1627//1627 1703//1703 1684//1684
f 1541//1541 1422//1422 1724//1724
f 1615//1615 1469//1469 1716//1716
f 1596//1596 1709//1709 1693//1693
f 1666//1666 1700//1700 1817//1817
f 1634//1634 1667//1667 1676//1676
f 1585//1585 1669//1669 1667//1667
f 1667//1667 1712//1712 1676//1676
f 1652//1652 1686//1686 1707//1707
f 1537//1537 1643//1643 1630//1630
f 1633//1633 1684//1684 1696//1696
f 1730//1730 1588//1588 1720//1720
f 1565//1565 1517//1517 1764//1764
f 1600//1600 1781//1781 1715//1715
f 1570//1570 1711//1711 1673//1673
f 1469//1469 1617//1617 1833//1833
f 1598//1598 1679//1679 1723//1723
f 1703//1703 1676//1676 1733//1733
f 1702//1702 1726//1726 1728//1728
f 1552//1552 1624//1624 1620//1620
f 1660//1660 1728//1728 1731//1731
f 1469//1469 1833//1833 1716//1716
f 1670//1670 1666//1666 1817//1817
f 1670//1670 1817//1817 1739//1739
f 1676//1676 1734//1734 1733//1733
f 1665//1665 1717//1717 1669//1669
f 1610//1610 1719//1719 1685//1685
f 1609//1609 1583//1583 1720//1720
f 1680//1680 1646//1646 1706//1706
f 1665//1665 1615//1615 1727//1727
f 1654//1654 1681//1681 1729//1729
f 1604//1604 1468//1468 1746//1746
f 1674//1674 1635//1635 1800//1800
f 1611//1611 1715//1715 1722//1722
f 1646//1646 1732//1732 1706//1706
f 1660//1660 1731//1731 1690//1690
f 1687//1687 1605//1605 1786//1786
f 1602//1602 1710//1710 1658//1658
f 1602//1602 1773//1773 1710//1710
f 1451//1451 1695//1695 1617//1617
f 1682//1682 1744//1744 1721//1721
f 1688//1688 1629//1629 1784//1784
f 1679//1679 1690//1690 1736//1736
f 1575//1575 1587//1587 1557//1557
f 1422//1422 1566//1566 1724//1724
f 1468//1468 1576//1576 1746//1746
f 1676//1676 1712//1712 1734//1734
f 1678//1678 1756//1756 1663//1663
f 1646//1646 1696//1696 1732//1732
f 1620//1620 1790//1790 1587//1587
f 1671//1671 1721//1721 1698//1698
f 1665//1665 1727//1727 1717//1717
f 1626//1626 1741//1741 1781//1781
f 1636//1636 1770//1770 1643//1643
f 1659//1659 1739//1739 1704//1704
f 1658//1658 1710//1710 1714//1714
f 1784//1784 1594//1594 1750//1750
f 1618//1618 1705//1705 1747//1747
f 1592//1592 1687//1687 1711//1711
f 1316//1316 1691//1691 1701//1701
f 1678//1678 1697//1697 1752//1752
f 1707//1707 1686//1686 1621//1621
f 1655//1655 1698//1698 1751//1751
f 1610//1610 1569//1569 1719//1719
f 1702//1702 1649//1649 1740//1740
f 1702//1702 1740//1740 1726//1726
f 1639//1639 1535//1535 1775//1775
f 1741//1741 1688//1688 1748//1748
f 1679//1679 1736//1736 1723//1723
f 1562//1562 1809//1809 1318//1318
f 1316//1316 1701//1701 1638//1638
f 1594//1594 1735//1735 1750//1750
f 1513//1513 1672//1672 1795//1795
f 1672//1672 1742//1742 1795//1795
f 1704//1704 1737//1737 1619//1619
f 1602//1602 1631//1631 1773//1773
f 1308//1308 1729//1729 1718//1718
f 1725//1725 1677//1677 1706//1706
f 1730//1730 1720//1720 1759//1759
f 1624//1624 1790//1790 1620//1620
f 1712//1712 1667//1667 1760//1760
f 1729//1729 1681//1681 1762//1762
f 1358//1358 1694//1694 1745//1745
f 1636//1636 1657//1657 1912//1912
f 1612//1612 1766//1766 1621//1621
f 1566//1566 1393//1393 1738//1738
f 1697//1697 1757//1757 1752//1752
f 1661//1661 1648//1648 1837//1837
f 1726//1726 1774//1774 1728//1728
f 1737//1737 1758//1758 1649//1649
f 1605//1605 1559//1559 1786//1786
f 1727//1727 1615//1615 1792//1792
f 1713//1713 1465//1465 1787//1787
f 1698//1698 1721//1721 1753//1753
f 1557//1557 1749//1749 1675//1675
f 1688//1688 1784//1784 1748//1748
f 1742//1742 1672//1672 1768//1768
f 1753//1753 1721//1721 1761//1761
f 1669//1669 1760//1760 1667//1667
f 1535//1535 1661//1661 1775//1775
f 1700//1700 1655//1655 1751//1751
f 1664//1664 1677//1677 1769//1769
f 1698//1698 1753//1753 1776//1776
f 1664//1664 1769//1769 1672//1672
f 1684//1684 1703//1703 1832//1832
f 1746//1746 1576//1576 1692//1692
f 1587//1587 1790//1790 1557//1557
f 1761//1761 1721//1721 1765//1765
f 1475//1475 1598//1598 1755//1755
f 1763//1763 1765//1765 1744//1744
f 1765//1765 1721//1721 1744//1744
f 1703//1703 1733//1733 1783//1783
f 1744//1744 1767//1767 1763//1763
f 1729//1729 1762//1762 1771//1771
f 1726//1726 1740//1740 1774//1774
f 1710//1710 1773//1773 1767//1767
f 1649//1649 1758//1758 1740//1740
f 1557//1557 1790//1790 1749//1749
f 1698//1698 1858//1858 1751//1751
f 1710//1710 1767//1767 1714//1714
f 1549//1549 1754//1754 1697//1697
f 1709//1709 1743//1743 1779//1779
f 1761//1761 1776//1776 1753//1753
f 1714//1714 1767//1767 1744//1744
f 1429//1429 1824//1824 1632//1632
f 1707//1707 1802//1802 1681//1681
f 1720//1720 1583//1583 1722//1722
f 1731//1731 1834//1834 1690//1690
f 1736//1736 1690//1690 1834//1834
f 1765//1765 1776//1776 1761//1761
f 1576//1576 1618//1618 1692//1692
f 1513//1513 1795//1795 1612//1612
f 1517//1517 1599//1599 1850//1850
f 1590//1590 1475//1475 1755//1755
f 1589//1589 1685//1685 1719//1719
f 1635//1635 1730//1730 1800//1800
f 1150//1150 1808//1808 1376//1376
f 1784//1784 1805//1805 1748//1748
f 1763//1763 1789//1789 1765//1765
f 1789//1789 1776//1776 1765//1765
f 1703//1703 1783//1783 1832//1832
f 1599//1599 1788//1788 1850//1850
f 1534//1534 1564//1564 1887//1887
f 1731//1731 1728//1728 1791//1791
f 1621//1621 1797//1797 1707//1707
f 1725//1725 1769//1769 1677//1677
f 1516//1516 1638//1638 1835//1835
f 1683//1683 1794//1794 1581//1581
f 1624//1624 1663//1663 1790//1790
f 1696//1696 1826//1826 1732//1732
f 1768//1768 1672//1672 1769//1769
f 1774//1774 1740//1740 1772//1772
f 1598//1598 1723//1723 1755//1755
f 1707//1707 1797//1797 1802//1802
f 1757//1757 1697//1697 1818//1818
f 1762//1762 1681//1681 1771//1771
f 1781//1781 1741//1741 1748//1748
f 1773//1773 1803//1803 1767//1767
f 1786//1786 1559//1559 1920//1920
f 1767//1767 1789//1789 1763//1763
f 1733//1733 1734//1734 1798//1798
f 1534//1534 1887//1887 1637//1637
f 1768//1768 1990//1990 1742//1742
f 1698//1698 1776//1776 1858//1858
f 1681//1681 1802//1802 1771//1771
f 1615//1615 1716//1716 1792//1792
f 1733//1733 1798//1798 1783//1783
f 1683//1683 1641//1641 1794//1794
f 1669//1669 1717//1717 1760//1760
f 1767//1767 1803//1803 1789//1789
f 1678//1678 1752//1752 1811//1811
f 1465//1465 1668//1668 1787//1787
f 1695//1695 1589//1589 1799//1799
f 1618//1618 1747//1747 1692//1692
f 1675//1675 1749//1749 1842//1842
f 1318//1318 1809//1809 1780//1780
f 1750//1750 1735//1735 1807//1807
f 1737//1737 1804//1804 1758//1758
f 1692//1692 1825//1825 1746//1746
f 1559//1559 1708//1708 1920//1920
f 1720//1720 1722//1722 1910//1910
f 1687//1687 1786//1786 1711//1711
f 1719//1719 1799//1799 1589//1589
f 1755//1755 1723//1723 1814//1814
f 1772//1772 1740//1740 1758//1758
f 1632//1632 1824//1824 1662//1662
f 1631//1631 1614//1614 1662//1662
f 1735//1735 1746//1746 1807//1807
f 1581//1581 1821//1821 1650//1650
f 1517//1517 1850//1850 1764//1764
f 1792//1792 1831//1831 1810//1810
f 1818//1818 1697//1697 1793//1793
f 1708//1708 1650//1650 1821//1821
f 1768//1768 1769//1769 1857//1857
f 1783//1783 1798//1798 1801//1801
f 1732//1732 1826//1826 1706//1706
f 1643//1643 1770//1770 1796//1796
f 1569//1569 1764//1764 1719//1719
f 1637//1637 1887//1887 1778//1778
f 1743//1743 1637//1637 1820//1820
f 1776//1776 1815//1815 1858//1858
f 1802//1802 1797//1797 1823//1823
f 1541//1541 1874//1874 1782//1782
f 1786//1786 1920//1920 1813//1813
f 1562//1562 1516//1516 1806//1806
f 1776//1776 1849//1849 1815//1815
f 1739//1739 1847//1847 1704//1704
f 1725//1725 1706//1706 1845//1845
f 1792//1792 1829//1829 1727//1727
f 1756//1756 1976//1976 1663//1663
f 1728//1728 1774//1774 1812//1812
f 1715//1715 1781//1781 1862//1862
f 1712//1712 1875//1875 1734//1734
f 1631//1631 1868//1868 1773//1773
f 1631//1631 1993//1993 1868//1868
f 1631//1631 2370//2370 1993//1993
f 1631//1631 2562//2562 2370//2370
f 1739//1739 1817//1817 1847//1847
f 1722//1722 1715//1715 1862//1862
f 1773//1773 1816//1816 1803//1803
f 1747//1747 1705//1705 1854//1854
f 1697//1697 1830//1830 1793//1793
f 1674//1674 1800//1800 1836//1836
f 1705//1705 1639//1639 1854//1854
f 1723//1723 1736//1736 1848//1848
f 1786//1786 1813//1813 1711//1711
f 1746//1746 1828//1828 1807//1807
f 1723//1723 1848//1848 1814//1814
f 1712//1712 1760//1760 1839//1839
f 1636//1636 1889//1889 1770//1770
f 1657//1657 1675//1675 1842//1842
f 1657//1657 1842//1842 1912//1912
f 1725//1725 1845//1845 1827//1827
f 1875//1875 1712//1712 1839//1839
f 1769//1769 1725//1725 1827//1827
f 1789//1789 1849//1849 1776//1776
f 1639//1639 1775//1775 1854//1854
f 1792//1792 1810//1810 1829//1829
f 1736//1736 1834//1834 1848//1848
f 1661//1661 1837//1837 1775//1775
f 1643//1643 1796//1796 1630//1630
f 1797//1797 1852//1852 1823//1823
f 1785//1785 1750//1750 1903//1903
f 1777//1777 1826//1826 1696//1696
f 1748//1748 1844//1844 1781//1781
f 1720//1720 1910//1910 1759//1759
f 1728//1728 1869//1869 1791//1791
f 1805//1805 1784//1784 1838//1838
f 1358//1358 1745//1745 1431//1431
f 1750//1750 1838//1838 1784//1784
f 1731//1731 1871//1871 1834//1834
f 1716//1716 1833//1833 1792//1792
f 1791//1791 1871//1871 1731//1731
f 1772//1772 1841//1841 1774//1774
f 1777//1777 1860//1860 1826//1826
f 1769//1769 1827//1827 1857//1857
f 1728//1728 1812//1812 1869//1869
f 1696//1696 1684//1684 1856//1856
f 1793//1793 1830//1830 1853//1853
f 1771//1771 1802//1802 1870//1870
f 1743//1743 1851//1851 1779//1779
f 1774//1774 1841//1841 1843//1843
f 1581//1581 1794//1794 1821//1821
f 1599//1599 1674//1674 1788//1788
f 1637//1637 1778//1778 1820//1820
f 1734//1734 1846//1846 1798//1798
f 1871//1871 1791//1791 1855//1855
f 1789//1789 1803//1803 1849//1849
f 1750//1750 1807//1807 1903//1903
f 1797//1797 1621//1621 1852//1852
f 1758//1758 1804//1804 1822//1822
f 1773//1773 1868//1868 1816//1816
f 1774//1774 1843//1843 1812//1812
f 1641//1641 1693//1693 1859//1859
f 1749//1749 1790//1790 1861//1861
f 1837//1837 1648//1648 1876//1876
f 1737//1737 1704//1704 1804//1804
f 1768//1768 1857//1857 1990//1990
f 1746//1746 1825//1825 1828//1828
f 1794//1794 1641//1641 1900//1900
f 1790//1790 1663//1663 1861//1861
f 1727//1727 1897//1897 1717//1717
f 1781//1781 1844//1844 1862//1862
f 1693//1693 1709//1709 1819//1819
f 1648//1648 1673//1673 1911//1911
f 1752//1752 1757//1757 1811//1811
f 1541//1541 1724//1724 1874//1874
f 1743//1743 1820//1820 1851//1851
f 1700//1700 1751//1751 1817//1817
f 1747//1747 1825//1825 1692//1692
f 1711//1711 1864//1864 1673//1673
f 1764//1764 1850//1850 1719//1719
f 1793//1793 1853//1853 1818//1818
f 1708//1708 1821//1821 1927//1927
f 1711//1711 1813//1813 1864//1864
f 1802//1802 1823//1823 1840//1840
f 1801//1801 1884//1884 1783//1783
f 1706//1706 1826//1826 1845//1845
f 1775//1775 1837//1837 1898//1898
f 1750//1750 1785//1785 1838//1838
f 1839//1839 1872//1872 1875//1875
f 1693//1693 1819//1819 1859//1859
f 1816//1816 1863//1863 1803//1803
f 1791//1791 1869//1869 1855//1855
f 1562//1562 1806//1806 1809//1809
f 1815//1815 1849//1849 1899//1899
f 1636//1636 1912//1912 1889//1889
f 1699//1699 1662//1662 1614//1614
f 1771//1771 1870//1870 1729//1729
f 1748//1748 1805//1805 1844//1844
f 1803//1803 1863//1863 1867//1867
f 1376//1376 1808//1808 1691//1691
f 1708//1708 1927//1927 1920//1920
f 1695//1695 1833//1833 1617//1617
f 1863//1863 1816//1816 1868//1868
f 1805//1805 1838//1838 1885//1885
f 1792//1792 1865//1865 1831//1831
f 1825//1825 1747//1747 1854//1854
f 1770//1770 1889//1889 1796//1796
f 1729//1729 1870//1870 1967//1967
f 1798//1798 1884//1884 1801//1801
f 1729//1729 1967//1967 1718//1718
f 1803//1803 1867//1867 1849//1849
f 1760//1760 1717//1717 1897//1897
f 1823//1823 1852//1852 1840//1840
f 1734//1734 1875//1875 1846//1846
f 1871//1871 1855//1855 1892//1892
f 1549//1549 1713//1713 1754//1754
f 1745//1745 1694//1694 1881//1881
f 1751//1751 1858//1858 1890//1890
f 1828//1828 1825//1825 1891//1891
f 1630//1630 1796//1796 1887//1887
f 1696//1696 1856//1856 1777//1777
f 1845//1845 1888//1888 1827//1827
f 1742//1742 1901//1901 1795//1795
f 1843//1843 1841//1841 1907//1907
f 1845//1845 1826//1826 1883//1883
f 1879//1879 1794//1794 1880//1880
f 1802//1802 1873//1873 1870//1870
f 1863//1863 1951//1951 1867//1867
f 1719//1719 1886//1886 1799//1799
f 1898//1898 1837//1837 1882//1882
f 1879//1879 1821//1821 1794//1794
f 1709//1709 1779//1779 1939//1939
f 1760//1760 1897//1897 1839//1839
f 1630//1630 1887//1887 1564//1564
f 1897//1897 1727//1727 1829//1829
f 1812//1812 1843//1843 1907//1907
f 1834//1834 1871//1871 1902//1902
f 1798//1798 1846//1846 1884//1884
f 1860//1860 1883//1883 1826//1826
f 1621//1621 1766//1766 1852//1852
f 1567//1567 1906//1906 1694//1694
f 1778//1778 1887//1887 1971//1971
f 1777//1777 1895//1895 1860//1860
f 1821//1821 1879//1879 1894//1894
f 1819//1819 1709//1709 1939//1939
f 1833//1833 1865//1865 1792//1792
f 1785//1785 1903//1903 1838//1838
f 1783//1783 1856//1856 1832//1832
f 1684//1684 1832//1832 1856//1856
f 1799//1799 1886//1886 1893//1893
f 1880//1880 1794//1794 1900//1900
f 1772//1772 1877//1877 1841//1841
f 1867//1867 1951//1951 1923//1923
f 1821//1821 1894//1894 1927//1927
f 1867//1867 1896//1896 1849//1849
f 1757//1757 1922//1922 1811//1811
f 1840//1840 1852//1852 1913//1913
f 1840//1840 1968//1968 1802//1802
f 1648//1648 1911//1911 1876//1876
f 1845//1845 1963//1963 1888//1888
f 1851//1851 1820//1820 1908//1908
f 1783//1783 1884//1884 1959//1959
f 1802//1802 1968//1968 1873//1873
f 1697//1697 1754//1754 1830//1830
f 1863//1863 1932//1932 1951//1951
f 1567//1567 1689//1689 1906//1906
f 1893//1893 1695//1695 1799//1799
f 1893//1893 1905//1905 1695//1695
f 1834//1834 1902//1902 1848//1848
f 1854//1854 1919//1919 1825//1825
f 1893//1893 1909//1909 1905//1905
f 1590//1590 1980//1980 1668//1668
f 1817//1817 1751//1751 1950//1950
f 1837//1837 1876//1876 1882//1882
f 1822//1822 1804//1804 1961//1961
f 1905//1905 1909//1909 1915//1915
f 1905//1905 1909//1909 1695//1695
f 1730//1730 2024//2024 1800//1800
f 1756//1756 1678//1678 1976//1976
f 1868//1868 1932//1932 1863//1863
f 1775//1775 1898//1898 1916//1916
f 1754//1754 1713//1713 1962//1962
f 1909//1909 1893//1893 1915//1915
f 1909//1909 1915//1915 1695//1695
f 1730//1730 1759//1759 2024//2024
f 1772//1772 1758//1758 1877//1877
f 1893//1893 1914//1914 1915//1915
f 1845//1845 1883//1883 1963//1963
f 1818//1818 1878//1878 1757//1757
f 1431//1431 2162//2162 1482//1482
f 1779//1779 1851//1851 1939//1939
f 1883//1883 1860//1860 1895//1895
f 1915//1915 1914//1914 1695//1695
f 1879//1879 1880//1880 1930//1930
f 1867//1867 1923//1923 1896//1896
f 1893//1893 1886//1886 1914//1914
f 1898//1898 1882//1882 1928//1928
f 1795//1795 1901//1901 1612//1612
f 1668//1668 1980//1980 1787//1787
f 1879//1879 1924//1924 1894//1894
f 1810//1810 1926//1926 1829//1829
f 1844//1844 1805//1805 1885//1885
f 1976//1976 1953//1953 1663//1663
f 1896//1896 1918//1918 1849//1849
f 1812//1812 1907//1907 1869//1869
f 1885//1885 1838//1838 1981//1981
f 1854//1854 1775//1775 1916//1916
f 1875//1875 1872//1872 1935//1935
f 1673//1673 1864//1864 1911//1911
f 1840//1840 1913//1913 1968//1968
f 1757//1757 1878//1878 1922//1922
f 1694//1694 1906//1906 1881//1881
f 1829//1829 1926//1926 1929//1929
f 1678//1678 1811//1811 1922//1922
f 1868//1868 1917//1917 1932//1932
f 1842//1842 1749//1749 1937//1937
f 1828//1828 1931//1931 1807//1807
f 1879//1879 1930//1930 1949//1949
f 1783//1783 1959//1959 1856//1856
f 1871//1871 1892//1892 1902//1902
f 1829//1829 1929//1929 1897//1897
f 1865//1865 1936//1936 1831//1831
f 1827//1827 1888//1888 1857//1857
f 1749//1749 1861//1861 1937//1937
f 1719//1719 1788//1788 1886//1886
f 1704//1704 1950//1950 1804//1804
f 1858//1858 1815//1815 1899//1899
f 1719//1719 1850//1850 1788//1788
f 1875//1875 1933//1933 1846//1846
f 1818//1818 1853//1853 1946//1946
f 1870//1870 1873//1873 1948//1948
f 1641//1641 1859//1859 1900//1900
f 1833//1833 1695//1695 1940//1940
f 1844//1844 1945//1945 1862//1862
f 1788//1788 1674//1674 1943//1943
f 1838//1838 1903//1903 1942//1942
f 1896//1896 1923//1923 1918//1918
f 1846//1846 1933//1933 1884//1884
f 1751//1751 1890//1890 1950//1950
f 1894//1894 1924//1924 1954//1954
f 1590//1590 1755//1755 1980//1980
f 1918//1918 1923//1923 1947//1947
f 1880//1880 1900//1900 1939//1939
f 1713//1713 1921//1921 1962//1962
f 1851//1851 1908//1908 1970//1970
f 1663//1663 1953//1953 1861//1861
f 1817//1817 1950//1950 1847//1847
f 1990//1990 1857//1857 1888//1888
f 1934//1934 1854//1854 1916//1916
f 1758//1758 1822//1822 1938//1938
f 1849//1849 1918//1918 1899//1899
f 1777//1777 1856//1856 1958//1958
f 1939//1939 1900//1900 1859//1859
f 1362//1362 1482//1482 1866//1866
f 1967//1967 1870//1870 1948//1948
f 1910//1910 1722//1722 1941//1941
f 1833//1833 1940//1940 1865//1865
f 1566//1566 1738//1738 1944//1944
f 1917//1917 1868//1868 1993//1993
f 1674//1674 1836//1836 1943//1943
f 1847//1847 1950//1950 1704//1704
f 1951//1951 1932//1932 1974//1974
f 1858//1858 1899//1899 1952//1952
f 1841//1841 1985//1985 1907//1907
f 1150//1150 1362//1362 1866//1866
f 1150//1150 1866//1866 1808//1808
f 1828//1828 1891//1891 1931//1931
f 1810//1810 1831//1831 1926//1926
f 1918//1918 1956//1956 1899//1899
f 1903//1903 1807//1807 2002//2002
f 1971//1971 1887//1887 2031//2031
f 1890//1890 1858//1858 1960//1960
f 1913//1913 1852//1852 1955//1955
f 1825//1825 1919//1919 1891//1891
f 1566//1566 1944//1944 1724//1724
f 1841//1841 1877//1877 1985//1985
f 1879//1879 1949//1949 1924//1924
f 1839//1839 1897//1897 1957//1957
f 1876//1876 1928//1928 1882//1882
f 1813//1813 1904//1904 1864//1864
f 1722//1722 1862//1862 1941//1941
f 1923//1923 1951//1951 1972//1972
f 1855//1855 1869//1869 1986//1986
f 1950//1950 1890//1890 1966//1966
f 1311//1311 1606//1606 1738//1738
f 1804//1804 1965//1965 1961//1961
f 1981//1981 1838//1838 1942//1942
f 1516//1516 1835//1835 1806//1806
f 1897//1897 1929//1929 1957//1957
f 1894//1894 1982//1982 1927//1927
f 1918//1918 1947//1947 1956//1956
f 1804//1804 1950//1950 1965//1965
f 1855//1855 1986//1986 2007//2007
f 1778//1778 1971//1971 1820//1820
f 1759//1759 1910//1910 1983//1983
f 1894//1894 1954//1954 2009//2009
f 1873//1873 1968//1968 1948//1948
f 1819//1819 1969//1969 1859//1859
f 1839//1839 1957//1957 1872//1872
f 1955//1955 1987//1987 1913//1913
f 1887//1887 1978//1978 2031//2031
f 1913//1913 1987//1987 1968//1968
f 1854//1854 1934//1934 1919//1919
f 1884//1884 1933//1933 1959//1959
f 1966//1966 1979//1979 1950//1950
f 1855//1855 2007//2007 1892//1892
f 1950//1950 1979//1979 1965//1965
f 1902//1902 1892//1892 1992//1992
f 1939//1939 1851//1851 1970//1970
f 1788//1788 1943//1943 1886//1886
f 1819//1819 1939//1939 1969//1969
f 1927//1927 1975//1975 2035//2035
f 1876//1876 1964//1964 1928//1928
f 1942//1942 1903//1903 2002//2002
f 1818//1818 1946//1946 1878//1878
f 1912//1912 1984//1984 1889//1889
f 1883//1883 1988//1988 1963//1963
f 1880//1880 1939//1939 1930//1930
f 1923//1923 1972//1972 1947//1947
f 1899//1899 1956//1956 1994//1994
f 1894//1894 2009//2009 1982//1982
f 1883//1883 1895//1895 2025//2025
f 1886//1886 1996//1996 1914//1914
f 1888//1888 1963//1963 1988//1988
f 1859//1859 1969//1969 1939//1939
f 1853//1853 1830//1830 2028//2028
f 1920//1920 1927//1927 1995//1995
f 1852//1852 2060//2060 1955//1955
f 1876//1876 1911//1911 1864//1864
f 1876//1876 1864//1864 1964//1964
f 1990//1990 1888//1888 2005//2005
f 1858//1858 1952//1952 1960//1960
f 1887//1887 1796//1796 2000//2000
f 1947//1947 1972//1972 1994//1994
f 1482//1482 2162//2162 1866//1866
f 1800//1800 2001//2001 1836//1836
f 1932//1932 1917//1917 1993//1993
f 1807//1807 1931//1931 2002//2002
f 1948//1948 1968//1968 2022//2022
f 1948//1948 2022//2022 1967//1967
f 1759//1759 1983//1983 2024//2024
f 1875//1875 1935//1935 1933//1933
f 1678//1678 1922//1922 1976//1976
f 1927//1927 1982//1982 1975//1975
f 1777//1777 1958//1958 1895//1895
f 1924//1924 1949//1949 2020//2020
f 1892//1892 2007//2007 1992//1992
f 1904//1904 1813//1813 1920//1920
f 1865//1865 1940//1940 1936//1936
f 1957//1957 1929//1929 2006//2006
f 1949//1949 1930//1930 1982//1982
f 1966//1966 2011//2011 1979//1979
f 1853//1853 2008//2008 1946//1946
f 1883//1883 2025//2025 1997//1997
f 1982//1982 2009//2009 1949//1949
f 1724//1724 1944//1944 2003//2003
f 1883//1883 1997//1997 1988//1988
f 1755//1755 2093//2093 1925//1925
f 1899//1899 1994//1994 1952//1952
f 1989//1989 1968//1968 2054//2054
f 1754//1754 2056//2056 1830//1830
f 1947//1947 1994//1994 1956//1956
f 1939//1939 1970//1970 1930//1930
f 1898//1898 1928//1928 2021//2021
f 1888//1888 1988//1988 2005//2005
f 1830//1830 2014//2014 2028//2028
f 1961//1961 2016//2016 1999//1999
f 1985//1985 1877//1877 2030//2030
f 1985//1985 2018//2018 1907//1907
f 1852//1852 1766//1766 2060//2060
f 1856//1856 1959//1959 1998//1998
f 1984//1984 1912//1912 1842//1842
f 1916//1916 2015//2015 1934//1934
f 1862//1862 2019//2019 1941//1941
f 1902//1902 2086//2086 1848//1848
f 1800//1800 2024//2024 2001//2001
f 1958//1958 1856//1856 1998//1998
f 1891//1891 1919//1919 1991//1991
f 1904//1904 2034//2034 1864//1864
f 1951//1951 1974//1974 2036//2036
f 1972//1972 1951//1951 2036//2036
f 1929//1929 1926//1926 2006//2006
f 1898//1898 2021//2021 1916//1916
f 1844//1844 1885//1885 2047//2047
f 2002//2002 2013//2013 1942//1942
f 2007//2007 1986//1986 2043//2043
f 1954//1954 1924//1924 2020//2020
f 1968//1968 1987//1987 2054//2054
f 1758//1758 1938//1938 1877//1877
f 1933//1933 2032//2032 1959//1959
f 2004//2004 1961//1961 1999//1999
f 1869//1869 1907//1907 2023//2023
f 1907//1907 2018//2018 2023//2023
f 1718//1718 1967//1967 2017//2017
f 2086//2086 1902//1902 1992//1992
f 1922//1922 2010//2010 1976//1976
f 1955//1955 2060//2060 1987//1987
f 1910//1910 1941//1941 1983//1983
f 1949//1949 2009//2009 2020//2020
f 1820//1820 1971//1971 1908//1908
f 2004//2004 1999//1999 2038//2038
f 1831//1831 2012//2012 2029//2029
f 1431//1431 1977//1977 2162//2162
f 1754//1754 1962//1962 2056//2056
f 1975//1975 2042//2042 2035//2035
f 1831//1831 2029//2029 1926//1926
f 1937//1937 2053//2053 1842//1842
f 1853//1853 2028//2028 2008//2008
f 1745//1745 1881//1881 1977//1977
f 1993//1993 2041//2041 1932//1932
f 1986//1986 1869//1869 2023//2023
f 1986//1986 2023//2023 2043//2043
f 1985//1985 2057//2057 2018//2018
f 1916//1916 2021//2021 2015//2015
f 1995//1995 1927//1927 2035//2035
f 1957//1957 2051//2051 1872//1872
f 1933//1933 1935//1935 2037//2037
f 1914//1914 1996//1996 1695//1695
f 2009//2009 1954//1954 2020//2020
f 1921//1921 2033//2033 1962//1962
f 1965//1965 1979//1979 2087//2087
f 1822//1822 1961//1961 1938//1938
f 1885//1885 1981//1981 2061//2061
f 1745//1745 1977//1977 1431//1431
f 1718//1718 2017//2017 1689//1689
f 1933//1933 2037//2037 2027//2027
f 1872//1872 2051//2051 1935//1935
f 1901//1901 1742//1742 2039//2039
f 1780//1780 1809//1809 2026//2026
f 1933//1933 2027//2027 2032//2032
f 1968//1968 1989//1989 2022//2022
f 1957//1957 2006//2006 2051//2051
f 1958//1958 1998//1998 2064//2064
f 1931//1931 1891//1891 2080//2080
f 1945//1945 1844//1844 2047//2047
f 1835//1835 1638//1638 2055//2055
f 1987//1987 2060//2060 2050//2050
f 1862//1862 1945//1945 2019//2019
f 1990//1990 2049//2049 1742//1742
f 1889//1889 1984//1984 2079//2079
f 1780//1780 2026//2026 1606//1606
f 1978//1978 1887//1887 2078//2078
f 2014//2014 1830//1830 1973//1973
f 1937//1937 1861//1861 1953//1953
f 2007//2007 2043//2043 2052//2052
f 1713//1713 1787//1787 2066//2066
f 1886//1886 1943//1943 1996//1996
f 1814//1814 1848//1848 2048//2048
f 1814//1814 2048//2048 1755//1755
f 1901//1901 2039//2039 1612//1612
f 1612//1612 2058//2058 1766//1766
f 1961//1961 1965//1965 2016//2016
f 1998//1998 1959//1959 2032//2032
f 1991//1991 1919//1919 2095//2095
f 2025//2025 1895//1895 1958//1958
f 1755//1755 2048//2048 2093//2093
f 1878//1878 2010//2010 1922//1922
f 2007//2007 2052//2052 1992//1992
f 1926//1926 2046//2046 2006//2006
f 1980//1980 1755//1755 2077//2077
f 1946//1946 2008//2008 1878//1878
f 2018//2018 2067//2067 2023//2023
f 1724//1724 2003//2003 1874//1874
f 1842//1842 2053//2053 1984//1984
f 1943//1943 1836//1836 2001//2001
f 1998//1998 2094//2094 2064//2064
f 1936//1936 2012//2012 1831//1831
f 1878//1878 2008//2008 2010//2010
f 2047//2047 1885//1885 2061//2061
f 1713//1713 2066//2066 2063//2063
f 1943//1943 2001//2001 1996//1996
f 1966//1966 1890//1890 2070//2070
f 1952//1952 1994//1994 2073//2073
f 1993//1993 2370//2370 2089//2089
f 1864//1864 2034//2034 2065//2065
f 1864//1864 2065//2065 1964//1964
f 2015//2015 2021//2021 2059//2059
f 1755//1755 1925//1925 2077//2077
f 1993//1993 2089//2089 2041//2041
f 2024//2024 1983//1983 2044//2044
f 1974//1974 1932//1932 2041//2041
f 2049//2049 1990//1990 2005//2005
f 1919//1919 1934//1934 2095//2095
f 1979//1979 2011//2011 2045//2045
f 2000//2000 2078//2078 1887//1887
f 1975//1975 1982//1982 2114//2114
f 2002//2002 1931//1931 2080//2080
f 2037//2037 1935//1935 2051//2051
f 1695//1695 2074//2074 1940//1940
f 1937//1937 1953//1953 2053//2053
f 2000//2000 1796//1796 2079//2079
f 1987//1987 2050//2050 2054//2054
f 2059//2059 2021//2021 1964//1964
f 2050//2050 2060//2060 2088//2088
f 2023//2023 2067//2067 2075//2075
f 2035//2035 2042//2042 2072//2072
f 1961//1961 2068//2068 1938//1938
f 1964//1964 2021//2021 1928//1928
f 1934//1934 2015//2015 2090//2090
f 2036//2036 1974//1974 2083//2083
f 2001//2001 2024//2024 2081//2081
f 2028//2028 2062//2062 2008//2008
f 1942//1942 2013//2013 2076//2076
f 2056//2056 1973//1973 1830//1830
f 1981//1981 2082//2082 2061//2061
f 1972//1972 2036//2036 1994//1994
f 1962//1962 2040//2040 2056//2056
f 2062//2062 2028//2028 2014//2014
f 1997//1997 2071//2071 1988//1988
f 2027//2027 2096//2096 2032//2032
f 1891//1891 1991//1991 2080//2080
f 1975//1975 2151//2151 2042//2042
f 1992//1992 2052//2052 2086//2086
f 1796//1796 1889//1889 2079//2079
f 1978//1978 2134//2134 2031//2031
f 1994//1994 2036//2036 2073//2073
f 2018//2018 2057//2057 2067//2067
f 1921//1921 1713//1713 2098//2098
f 2043//2043 2023//2023 2075//2075
f 1713//1713 2063//2063 2098//2098
f 1997//1997 2025//2025 2071//2071
f 1964//1964 2065//2065 2059//2059
f 1782//1782 1874//1874 2069//2069
f 1961//1961 2004//2004 2068//2068
f 2001//2001 2081//2081 1996//1996
f 2034//2034 2092//2092 2065//2065
f 1695//1695 1996//1996 2112//2112
f 2051//2051 2006//2006 2085//2085
f 1881//1881 1906//1906 1977//1977
f 1971//1971 2031//2031 2111//2111
f 2010//2010 2084//2084 1976//1976
f 1926//1926 2029//2029 2097//2097
f 1920//1920 1995//1995 1904//1904
f 2005//2005 2071//2071 2049//2049
f 1975//1975 2114//2114 2151//2151
f 2043//2043 2155//2155 2052//2052
f 1988//1988 2071//2071 2005//2005
f 1998//1998 2032//2032 2094//2094
f 2059//2059 2101//2101 2015//2015
f 2037//2037 2051//2051 2085//2085
f 1877//1877 1938//1938 2108//2108
f 2022//2022 1989//1989 2100//2100
f 2060//2060 2102//2102 2088//2088
f 2025//2025 2110//2110 2071//2071
f 2054//2054 2050//2050 2099//2099
f 1981//1981 1942//1942 2082//2082
f 1934//1934 2106//2106 2095//2095
f 1766//1766 2058//2058 2060//2060
f 2039//2039 1742//1742 2105//2105
f 2050//2050 2088//2088 2099//2099
f 2044//2044 2081//2081 2024//2024
f 1612//1612 2039//2039 2105//2105
f 2049//2049 2071//2071 2103//2103
f 1982//1982 1930//1930 2114//2114
f 1908//1908 2111//2111 1970//1970
f 2084//2084 2010//2010 2008//2008
f 2043//2043 2075//2075 2155//2155
f 2067//2067 2057//2057 2075//2075
f 1938//1938 2068//2068 2115//2115
f 2052//2052 2155//2155 2147//2147
f 1908//1908 1971//1971 2111//2111
f 1979//1979 2045//2045 2113//2113
f 2022//2022 2100//2100 1967//1967
f 2052//2052 2147//2147 2086//2086
f 1944//1944 2104//2104 2003//2003
f 2041//2041 2109//2109 1974//1974
f 1824//1824 1429//1429 2121//2121
f 1945//1945 2126//2126 2019//2019
f 1936//1936 2192//2192 2012//2012
f 2084//2084 2008//2008 2062//2062
f 1978//1978 2078//2078 2134//2134
f 1742//1742 2049//2049 2091//2091
f 2031//2031 2124//2124 2111//2111
f 1976//1976 2152//2152 1953//1953
f 2049//2049 2103//2103 2091//2091
f 2041//2041 2089//2089 2109//2109
f 1742//1742 2158//2158 2105//2105
f 1936//1936 1940//1940 2192//2192
f 2013//2013 2116//2116 2076//2076
f 2071//2071 2110//2110 2103//2103
f 1904//1904 1995//1995 2117//2117
f 2065//2065 2206//2206 2118//2118
f 2086//2086 2131//2131 1848//1848
f 2060//2060 2058//2058 2102//2102
f 2064//2064 2120//2120 1958//1958
f 2062//2062 2143//2143 2084//2084
f 2100//2100 1989//1989 2054//2054
f 2087//2087 1979//1979 2113//2113
f 2065//2065 2118//2118 2059//2059
f 1962//1962 2033//2033 2133//2133
f 1787//1787 1980//1980 2132//2132
f 2044//2044 1983//1983 2119//2119
f 2015//2015 2101//2101 2090//2090
f 1925//1925 2093//2093 2167//2167
f 2047//2047 2122//2122 1945//1945
f 2110//2110 2025//2025 2120//2120
f 1934//1934 2090//2090 2106//2106
f 2064//2064 2127//2127 2120//2120
f 1974//1974 2109//2109 2107//2107
f 2006//2006 2046//2046 2085//2085
f 2012//2012 2125//2125 2029//2029
f 1926//1926 2164//2164 2046//2046
f 2037//2037 2085//2085 2140//2140
f 1958//1958 2120//2120 2025//2025
f 1921//1921 2133//2133 2033//2033
f 2013//2013 2002//2002 2116//2116
f 1983//1983 1941//1941 2119//2119
f 2105//2105 2137//2137 1612//1612
f 2027//2027 2037//2037 2135//2135
f 2059//2059 2118//2118 2101//2101
f 1996//1996 2081//2081 2112//2112
f 2047//2047 2061//2061 2122//2122
f 2053//2053 2139//2139 1984//1984
f 2065//2065 2092//2092 2206//2206
f 2031//2031 2134//2134 2124//2124
f 1848//1848 2131//2131 2048//2048
f 1612//1612 2137//2137 2058//2058
f 2081//2081 2044//2044 2119//2119
f 1787//1787 2132//2132 2066//2066
f 2089//2089 2370//2370 2168//2168
f 2096//2096 2027//2027 2135//2135
f 2073//2073 2036//2036 2145//2145
f 1904//1904 2117//2117 2236//2236
f 1904//1904 2236//2236 2034//2034
f 2068//2068 2257//2257 2115//2115
f 2035//2035 2072//2072 1995//1995
f 2036//2036 2083//2083 2145//2145
f 2057//2057 2130//2130 2075//2075
f 2064//2064 2094//2094 2141//2141
f 2088//2088 2102//2102 2149//2149
f 2096//2096 2128//2128 2032//2032
f 2064//2064 2141//2141 2127//2127
f 2082//2082 1942//1942 2142//2142
f 1942//1942 2076//2076 2142//2142
f 2103//2103 2146//2146 2091//2091
f 2012//2012 2192//2192 2125//2125
f 2097//2097 2029//2029 2157//2157
f 1995//1995 2072//2072 2117//2117
f 1695//1695 2112//2112 2074//2074
f 1991//1991 2095//2095 2187//2187
f 2062//2062 2014//2014 2143//2143
f 2032//2032 2128//2128 2094//2094
f 1985//1985 2208//2208 2057//2057
f 2086//2086 2147//2147 2160//2160
f 1945//1945 2122//2122 2126//2126
f 2091//2091 2154//2154 1742//1742
f 1890//1890 1960//1960 2070//2070
f 2003//2003 2165//2165 1874//1874
f 2011//2011 2156//2156 2045//2045
f 2095//2095 2144//2144 2187//2187
f 2091//2091 2146//2146 2154//2154
f 2054//2054 2129//2129 2100//2100
f 1835//1835 2123//2123 1806//1806
f 2037//2037 2140//2140 2171//2171
f 2103//2103 2110//2110 2136//2136
f 2102//2102 2138//2138 2149//2149
f 1984//1984 2139//2139 2079//2079
f 2099//2099 2088//2088 2149//2149
f 2057//2057 2208//2208 2130//2130
f 2019//2019 2126//2126 2150//2150
f 2158//2158 1742//1742 2154//2154
f 2098//2098 2063//2063 2225//2225
f 2203//2203 2046//2046 2164//2164
f 2119//2119 1941//1941 2161//2161
f 2147//2147 2155//2155 2191//2191
f 2095//2095 2106//2106 2144//2144
f 2160//2160 2131//2131 2086//2086
f 2136//2136 2110//2110 2127//2127
f 2112//2112 2081//2081 2148//2148
f 2093//2093 2048//2048 2167//2167
f 1974//1974 2107//2107 2083//2083
f 2054//2054 2099//2099 2129//2129
f 1782//1782 2069//2069 2211//2211
f 1973//1973 2056//2056 2153//2153
f 2042//2042 2151//2151 2182//2182
f 2085//2085 2046//2046 2170//2170
f 2040//2040 2163//2163 2056//2056
f 2002//2002 2080//2080 2268//2268
f 2103//2103 2136//2136 2146//2146
f 2160//2160 2191//2191 2202//2202
f 1985//1985 2030//2030 2310//2310
f 2110//2110 2120//2120 2127//2127
f 2154//2154 2177//2177 2158//2158
f 2104//2104 1944//1944 2172//2172
f 2094//2094 2128//2128 2141//2141
f 2099//2099 2149//2149 2189//2189
f 2134//2134 2078//2078 2175//2175
f 2076//2076 2116//2116 2174//2174
f 2149//2149 2138//2138 2181//2181
f 2061//2061 2082//2082 2122//2122
f 2147//2147 2191//2191 2160//2160
f 2080//2080 1991//1991 2186//2186
f 1926//1926 2097//2097 2164//2164
f 2075//2075 2196//2196 2166//2166
f 2081//2081 2119//2119 2148//2148
f 1941//1941 2019//2019 2161//2161
f 2129//2129 2099//2099 2179//2179
f 2145//2145 2169//2169 2073//2073
f 2053//2053 1953//1953 2139//2139
f 2155//2155 2075//2075 2166//2166
f 2084//2084 2194//2194 1976//1976
f 2125//2125 2157//2157 2029//2029
f 2138//2138 2102//2102 2181//2181
f 2119//2119 2161//2161 2188//2188
f 1985//1985 2310//2310 2208//2208
f 1962//1962 2133//2133 2159//2159
f 1938//1938 2115//2115 2108//2108
f 2002//2002 2268//2268 2116//2116
f 2187//2187 2144//2144 2178//2178
f 1925//1925 2167//2167 2220//2220
f 2158//2158 2184//2184 2105//2105
f 1940//1940 2074//2074 2192//2192
f 2075//2075 2130//2130 2196//2196
f 2046//2046 2203//2203 2170//2170
f 2112//2112 2148//2148 2074//2074
f 2087//2087 2113//2113 2195//2195
f 2135//2135 2037//2037 2171//2171
f 2176//2176 2000//2000 2079//2079
f 2130//2130 2193//2193 2196//2196
f 1874//1874 2205//2205 2069//2069
f 1486//1486 1782//1782 2211//2211
f 2092//2092 2222//2222 2206//2206
f 2146//2146 2180//2180 2154//2154
f 2068//2068 2004//2004 2201//2201
f 1967//1967 2100//2100 2129//2129
f 2177//2177 2210//2210 2158//2158
f 2167//2167 2048//2048 2207//2207
f 2127//2127 2213//2213 2136//2136
f 2180//2180 2198//2198 2199//2199
f 2135//2135 2171//2171 2251//2251
f 2179//2179 2099//2099 2204//2204
f 1953//1953 2269//2269 2139//2139
f 2145//2145 2083//2083 2169//2169
f 2180//2180 2199//2199 2177//2177
f 1921//1921 2098//2098 2173//2173
f 1980//1980 2077//2077 2132//2132
f 2155//2155 2185//2185 2191//2191
f 2189//2189 2149//2149 2215//2215
f 2048//2048 2131//2131 2190//2190
f 2076//2076 2200//2200 2142//2142
f 2127//2127 2141//2141 2213//2213
f 2149//2149 2181//2181 2215//2215
f 1921//1921 2173//2173 2133//2133
f 2154//2154 2180//2180 2177//2177
f 2080//2080 2186//2186 2268//2268
f 2048//2048 2190//2190 2207//2207
f 2180//2180 2209//2209 2198//2198
f 2177//2177 2199//2199 2210//2210
f 2165//2165 2205//2205 1874//1874
f 2014//2014 1973//1973 2153//2153
f 2105//2105 2184//2184 2229//2229
f 2158//2158 2210//2210 2184//2184
f 2119//2119 2188//2188 2148//2148
f 2128//2128 2096//2096 2214//2214
f 2181//2181 2102//2102 2231//2231
f 2096//2096 2135//2135 2214//2214
f 1960//1960 1952//1952 2217//2217
f 2092//2092 2034//2034 2236//2236
f 2019//2019 2150//2150 2161//2161
f 2106//2106 2090//2090 2221//2221
f 1991//1991 2187//2187 2186//2186
f 2217//2217 1952//1952 2073//2073
f 2208//2208 2224//2224 2130//2130
f 2089//2089 2226//2226 2109//2109
f 2078//2078 2000//2000 2175//2175
f 2180//2180 2146//2146 2209//2209
f 2126//2126 2219//2219 2150//2150
f 2126//2126 2122//2122 2219//2219
f 2084//2084 2153//2153 2194//2194
f 2136//2136 2209//2209 2146//2146
f 2197//2197 2113//2113 2045//2045
f 2125//2125 2241//2241 2157//2157
f 2102//2102 2218//2218 2231//2231
f 2076//2076 2174//2174 2200//2200
f 2214//2214 2141//2141 2128//2128
f 2000//2000 2176//2176 2175//2175
f 2151//2151 2114//2114 2212//2212
f 2159//2159 2133//2133 2245//2245
f 2045//2045 2156//2156 2197//2197
f 2084//2084 2143//2143 2153//2153
f 2199//2199 2198//2198 2209//2209
f 2136//2136 2232//2232 2209//2209
f 2077//2077 1925//1925 2220//2220
f 2161//2161 2150//2150 2237//2237
f 2160//2160 2202//2202 2131//2131
f 2102//2102 2058//2058 2223//2223
f 2212//2212 2182//2182 2151//2151
f 2017//2017 2296//2296 1689//1689
f 1970//1970 2111//2111 2230//2230
f 2083//2083 2107//2107 2169//2169
f 2063//2063 2066//2066 2225//2225
f 1906//1906 2227//2227 1977//1977
f 2135//2135 2234//2234 2214//2214
f 2229//2229 2137//2137 2105//2105
f 2222//2222 2092//2092 2236//2236
f 2130//2130 2224//2224 2193//2193
f 2193//2193 2224//2224 2196//2196
f 2040//2040 2247//2247 2163//2163
f 2136//2136 2213//2213 2232//2232
f 2199//2199 2209//2209 2256//2256
f 2082//2082 2142//2142 2246//2246
f 1689//1689 2296//2296 1906//1906
f 2217//2217 2073//2073 2169//2169
f 2014//2014 2153//2153 2143//2143
f 1965//1965 2087//2087 2293//2293
f 2115//2115 2257//2257 2297//2297
f 2090//2090 2101//2101 2267//2267
f 2231//2231 2218//2218 2243//2243
f 2223//2223 2058//2058 2137//2137
f 2181//2181 2231//2231 2215//2215
f 1976//1976 2194//2194 2152//2152
f 2170//2170 2140//2140 2085//2085
f 2114//2114 2352//2352 2212//2212
f 2166//2166 2196//2196 2244//2244
f 2056//2056 2216//2216 2153//2153
f 1486//1486 2211//2211 1429//1429
f 2210//2210 2280//2280 2184//2184
f 2155//2155 2166//2166 2185//2185
f 2184//2184 2238//2238 2167//2167
f 2079//2079 2248//2248 2176//2176
f 2157//2157 2241//2241 2250//2250
f 2229//2229 2184//2184 2207//2207
f 2214//2214 2213//2213 2141//2141
f 2106//2106 2221//2221 2144//2144
f 2232//2232 2258//2258 2209//2209
f 1701//1701 1691//1691 2239//2239
f 2089//2089 2168//2168 2226//2226
f 2199//2199 2256//2256 2210//2210
f 2242//2242 2247//2247 2240//2240
f 2135//2135 2251//2251 2234//2234
f 1999//1999 2016//2016 2235//2235
f 1835//1835 2055//2055 2123//2123
f 1965//1965 2293//2293 2016//2016
f 2209//2209 2258//2258 2256//2256
f 2202//2202 2191//2191 2261//2261
f 1999//1999 2235//2235 2038//2038
f 2192//2192 2241//2241 2125//2125
f 2184//2184 2280//2280 2238//2238
f 2258//2258 2252//2252 2213//2213
f 2258//2258 2255//2255 2252//2252
f 2252//2252 2254//2254 2255//2255
f 2252//2252 2255//2255 2213//2213
f 2213//2213 2255//2255 2232//2232
f 2102//2102 2223//2223 2218//2218
f 2231//2231 2243//2243 2259//2259
f 1970//1970 2230//2230 2228//2228
f 2167//2167 2207//2207 2184//2184
f 2258//2258 2232//2232 2255//2255
f 2040//2040 1962//1962 2262//2262
f 2244//2244 2185//2185 2166//2166
f 2202//2202 2261//2261 2131//2131
f 2258//2258 2214//2214 2253//2253
f 2213//2213 2214//2214 2258//2258
f 2189//2189 2215//2215 2375//2375
f 2129//2129 2179//2179 2204//2204
f 2201//2201 2266//2266 2068//2068
f 1977//1977 2281//2281 2162//2162
f 1806//1806 2287//2287 1809//1809
f 2256//2256 2263//2263 2210//2210
f 1877//1877 2108//2108 2294//2294
f 1967//1967 2129//2129 2233//2233
f 2101//2101 2118//2118 2267//2267
f 2148//2148 2188//2188 2270//2270
f 2139//2139 2269//2269 2330//2330
f 2253//2253 2214//2214 2265//2265
f 2148//2148 2270//2270 2074//2074
f 2134//2134 2175//2175 2124//2124
f 1970//1970 2228//2228 1930//1930
f 1738//1738 1606//1606 2249//2249
f 2072//2072 2042//2042 2273//2273
f 2187//2187 2178//2178 2337//2337
f 1738//1738 2172//2172 1944//1944
f 2196//2196 2224//2224 2244//2244
f 2109//2109 2314//2314 2107//2107
f 2161//2161 2270//2270 2188//2188
f 2185//2185 2306//2306 2191//2191
f 1866//1866 2162//2162 2605//2605
f 2221//2221 2090//2090 2267//2267
f 2187//2187 2337//2337 2186//2186
f 2116//2116 2284//2284 2174//2174
f 2207//2207 2190//2190 2264//2264
f 2116//2116 2268//2268 2284//2284
f 2056//2056 2163//2163 2288//2288
f 1930//1930 2352//2352 2114//2114
f 1930//1930 2228//2228 2352//2352
f 2042//2042 2182//2182 2273//2273
f 2171//2171 2277//2277 2251//2251
f 2259//2259 2243//2243 2271//2271
f 2097//2097 2157//2157 2275//2275
f 2261//2261 2191//2191 2279//2279
f 2124//2124 2230//2230 2111//2111
f 2150//2150 2219//2219 2237//2237
f 2247//2247 2242//2242 2283//2283
f 2242//2242 2240//2240 2285//2285
f 2210//2210 2263//2263 2280//2280
f 2231//2231 2259//2259 2215//2215
f 2122//2122 2082//2082 2318//2318
f 2207//2207 2264//2264 2229//2229
f 2215//2215 2259//2259 2375//2375
f 2132//2132 2077//2077 2295//2295
f 2214//2214 2234//2234 2265//2265
f 2203//2203 2393//2393 2170//2170
f 2266//2266 2257//2257 2068//2068
f 2079//2079 2139//2139 2248//2248
f 2190//2190 2131//2131 2264//2264
f 2066//2066 2132//2132 2295//2295
f 2087//2087 2195//2195 2293//2293
f 2279//2279 2286//2286 2261//2261
f 2250//2250 2275//2275 2157//2157
f 2191//2191 2306//2306 2279//2279
f 2167//2167 2238//2238 2304//2304
f 2161//2161 2237//2237 2270//2270
f 2189//2189 2375//2375 2260//2260
f 2122//2122 2318//2318 2219//2219
f 2243//2243 2218//2218 2223//2223
f 2038//2038 2303//2303 2278//2278
f 2203//2203 2164//2164 2372//2372
f 2212//2212 2352//2352 2182//2182
f 2129//2129 2204//2204 2233//2233
f 2258//2258 2291//2291 2256//2256
f 2011//2011 2495//2495 2156//2156
f 2240//2240 2247//2247 2285//2285
f 2030//2030 1877//1877 2294//2294
f 2258//2258 2253//2253 2291//2291
f 2243//2243 2223//2223 2271//2271
f 1691//1691 2276//2276 2239//2239
f 2272//2272 2185//2185 2290//2290
f 2074//2074 2270//2270 2292//2292
f 2185//2185 2289//2289 2306//2306
f 2140//2140 2170//2170 2342//2342
f 2310//2310 2030//2030 2401//2401
f 2165//2165 2384//2384 2205//2205
f 1966//1966 2070//2070 2011//2011
f 2124//2124 2175//2175 2230//2230
f 2229//2229 2264//2264 2302//2302
f 2077//2077 2220//2220 2295//2295
f 2253//2253 2265//2265 2291//2291
f 2038//2038 2235//2235 2303//2303
f 2040//2040 2262//2262 2247//2247
f 2189//2189 2308//2308 2099//2099
f 2229//2229 2302//2302 2137//2137
f 2171//2171 2140//2140 2277//2277
f 2238//2238 2315//2315 2304//2304
f 2282//2282 2197//2197 2156//2156
f 2251//2251 2298//2298 2234//2234
f 2185//2185 2244//2244 2290//2290
f 2099//2099 2308//2308 2204//2204
f 2169//2169 2107//2107 2313//2313
f 2247//2247 2343//2343 2285//2285
f 1809//1809 2287//2287 2026//2026
f 2162//2162 2281//2281 2183//2183
f 2223//2223 2137//2137 2321//2321
f 2265//2265 2300//2300 2309//2309
f 2173//2173 2346//2346 2133//2133
f 2139//2139 2330//2330 2248//2248
f 2030//2030 2294//2294 2401//2401
f 2133//2133 2274//2274 2245//2245
f 2185//2185 2272//2272 2289//2289
f 2163//2163 2247//2247 2283//2283
f 2144//2144 2221//2221 2305//2305
f 2206//2206 2316//2316 2118//2118
f 2306//2306 2323//2323 2279//2279
f 1906//1906 2296//2296 2227//2227
f 2309//2309 2291//2291 2265//2265
f 2263//2263 2256//2256 2319//2319
f 2251//2251 2277//2277 2341//2341
f 2223//2223 2312//2312 2271//2271
f 1962//1962 2159//2159 2262//2262
f 2265//2265 2234//2234 2298//2298
f 2309//2309 2319//2319 2291//2291
f 2241//2241 2192//2192 2250//2250
f 2279//2279 2323//2323 2286//2286
f 2238//2238 2332//2332 2315//2315
f 2259//2259 2271//2271 2301//2301
f 2221//2221 2267//2267 2443//2443
f 2140//2140 2342//2342 2277//2277
f 2237//2237 2219//2219 2339//2339
f 2118//2118 2316//2316 2267//2267
f 2056//2056 2288//2288 2216//2216
f 2251//2251 2341//2341 2298//2298
f 2131//2131 2261//2261 2264//2264
f 2245//2245 2327//2327 2159//2159
f 2256//2256 2291//2291 2319//2319
f 2176//2176 2390//2390 2175//2175
f 2280//2280 2263//2263 2332//2332
f 2222//2222 2236//2236 2407//2407
f 1662//1662 1824//1824 2376//2376
f 2230//2230 2175//2175 2390//2390
f 2266//2266 2201//2201 2354//2354
f 2200//2200 2317//2317 2142//2142
f 2170//2170 2393//2393 2342//2342
f 2318//2318 2082//2082 2410//2410
f 2270//2270 2237//2237 2320//2320
f 2372//2372 2393//2393 2203//2203
f 2283//2283 2242//2242 2285//2285
f 2097//2097 2275//2275 2164//2164
f 2137//2137 2302//2302 2321//2321
f 2165//2165 2003//2003 2374//2374
f 2259//2259 2301//2301 2375//2375
f 2178//2178 2144//2144 2329//2329
f 2142//2142 2317//2317 2246//2246
f 2217//2217 2169//2169 2347//2347
f 2261//2261 2286//2286 2325//2325
f 1691//1691 1808//1808 2276//2276
f 2307//2307 2194//2194 2153//2153
f 1967//1967 2233//2233 2017//2017
f 2261//2261 2325//2325 2264//2264
f 2247//2247 2262//2262 2343//2343
f 2238//2238 2280//2280 2332//2332
f 2164//2164 2324//2324 2372//2372
f 2309//2309 2300//2300 2340//2340
f 2162//2162 2183//2183 2605//2605
f 2298//2298 2356//2356 2265//2265
f 2319//2319 2328//2328 2263//2263
f 2321//2321 2312//2312 2223//2223
f 2197//2197 2282//2282 2113//2113
f 2300//2300 2350//2350 2340//2340
f 2206//2206 2222//2222 2316//2316
f 2265//2265 2338//2338 2300//2300
f 2169//2169 2313//2313 2347//2347
f 2066//2066 2295//2295 2225//2225
f 2274//2274 2133//2133 2346//2346
f 2260//2260 2333//2333 2189//2189
f 2237//2237 2339//2339 2320//2320
f 1953//1953 2367//2367 2269//2269
f 2011//2011 2070//2070 2495//2495
f 2322//2322 2335//2335 2365//2365
f 2260//2260 2311//2311 2333//2333
f 2325//2325 2336//2336 2344//2344
f 2325//2325 2344//2344 2334//2334
f 2290//2290 2378//2378 2272//2272
f 2286//2286 2336//2336 2325//2325
f 2192//2192 2074//2074 2351//2351
f 2221//2221 2443//2443 2305//2305
f 2082//2082 2246//2246 2410//2410
f 2222//2222 2407//2407 2316//2316
f 2325//2325 2302//2302 2264//2264
f 2326//2326 2121//2121 1429//1429
f 2322//2322 2365//2365 2331//2331
f 2164//2164 2275//2275 2324//2324
f 2268//2268 2186//2186 2361//2361
f 2176//2176 2248//2248 2390//2390
f 2275//2275 2250//2250 2351//2351
f 2322//2322 2331//2331 2363//2363
f 2236//2236 2353//2353 2407//2407
f 2260//2260 2375//2375 2311//2311
f 2244//2244 2224//2224 2290//2290
f 2322//2322 2363//2363 2360//2360
f 2230//2230 2390//2390 2355//2355
f 2265//2265 2356//2356 2338//2338
f 2186//2186 2337//2337 2362//2362
f 2312//2312 2359//2359 2271//2271
f 2236//2236 2117//2117 2400//2400
f 2335//2335 2322//2322 2366//2366
f 2312//2312 2321//2321 2358//2358
f 2201//2201 2004//2004 2354//2354
f 2331//2331 2371//2371 2363//2363
f 2312//2312 2358//2358 2359//2359
f 2310//2310 2345//2345 2208//2208
f 2310//2310 2392//2392 2345//2345
f 2109//2109 2226//2226 2314//2314
f 2351//2351 2074//2074 2292//2292
f 2318//2318 2357//2357 2219//2219
f 2322//2322 2360//2360 2366//2366
f 2200//2200 2425//2425 2317//2317
f 1429//1429 2211//2211 2326//2326
f 2263//2263 2328//2328 2332//2332
f 2325//2325 2334//2334 2302//2302
f 2321//2321 2302//2302 2334//2334
f 2338//2338 2350//2350 2300//2300
f 2298//2298 2341//2341 2356//2356
f 2236//2236 2400//2400 2353//2353
f 2219//2219 2397//2397 2339//2339
f 2153//2153 2216//2216 2307//2307
f 2319//2319 2309//2309 2328//2328
f 2295//2295 2369//2369 2225//2225
f 2269//2269 2348//2348 2330//2330
f 2262//2262 2159//2159 2327//2327
f 2163//2163 2283//2283 2288//2288
f 2324//2324 2275//2275 2389//2389
f 2250//2250 2192//2192 2351//2351
f 2313//2313 2107//2107 2347//2347
f 2309//2309 2399//2399 2328//2328
f 2365//2365 2335//2335 2385//2385
f 2309//2309 2340//2340 2363//2363
f 2342//2342 2381//2381 2341//2341
f 2342//2342 2341//2341 2277//2277
f 2355//2355 2486//2486 2230//2230
f 2357//2357 2397//2397 2219//2219
f 2152//2152 2367//2367 1953//1953
f 2208//2208 2345//2345 2224//2224
f 2144//2144 2305//2305 2329//2329
f 2321//2321 2334//2334 2344//2344
f 2189//2189 2333//2333 2308//2308
f 2216//2216 2288//2288 2299//2299
f 1977//1977 2227//2227 2281//2281
f 2248//2248 2330//2330 2390//2390
f 2318//2318 2410//2410 2357//2357
f 2178//2178 2329//2329 2337//2337
f 2321//2321 2344//2344 2358//2358
f 2267//2267 2316//2316 2387//2387
f 2290//2290 2224//2224 2378//2378
f 2266//2266 2396//2396 2257//2257
f 2407//2407 2382//2382 2316//2316
f 2282//2282 2386//2386 2113//2113
f 2342//2342 2393//2393 2433//2433
f 2270//2270 2320//2320 2292//2292
f 2289//2289 2380//2380 2306//2306
f 2336//2336 2383//2383 2344//2344
f 2309//2309 2363//2363 2399//2399
f 2273//2273 2388//2388 2072//2072
f 2269//2269 2367//2367 2348//2348
f 2342//2342 2433//2433 2381//2381
f 2331//2331 2365//2365 2379//2379
f 2271//2271 2359//2359 2301//2301
f 2383//2383 2336//2336 2414//2414
f 2282//2282 2445//2445 2386//2386
f 2359//2359 2358//2358 2398//2398
f 2272//2272 2378//2378 2289//2289
f 2364//2364 2394//2394 2373//2373
f 2375//2375 2301//2301 2377//2377
f 2262//2262 2395//2395 2343//2343
f 2200//2200 2174//2174 2425//2425
f 2274//2274 2346//2346 2391//2391
f 2117//2117 2072//2072 2388//2388
f 2117//2117 2388//2388 2349//2349
f 2331//2331 2399//2399 2371//2371
f 2274//2274 2391//2391 2245//2245
f 2372//2372 2324//2324 2393//2393
f 2285//2285 2343//2343 2283//2283
f 2220//2220 2167//2167 2406//2406
f 2340//2340 2350//2350 2363//2363
f 1638//1638 1701//1701 2430//2430
f 2186//2186 2362//2362 2361//2361
f 2284//2284 2440//2440 2174//2174
f 2262//2262 2327//2327 2395//2395
f 2004//2004 2038//2038 2422//2422
f 2323//2323 2306//2306 2380//2380
f 2335//2335 2366//2366 2385//2385
f 2363//2363 2350//2350 2360//2360
f 2331//2331 2379//2379 2399//2399
f 2343//2343 2395//2395 2409//2409
f 2235//2235 2411//2411 2303//2303
f 2113//2113 2386//2386 2452//2452
f 2373//2373 2404//2404 2364//2364
f 2182//2182 2352//2352 2273//2273
f 2344//2344 2398//2398 2358//2358
f 2381//2381 2402//2402 2341//2341
f 2324//2324 2389//2389 2423//2423
f 2117//2117 2349//2349 2400//2400
f 2224//2224 2345//2345 2378//2378
f 2341//2341 2403//2403 2356//2356
f 2365//2365 2385//2385 2441//2441
f 2246//2246 2317//2317 2410//2410
f 2204//2204 2308//2308 2233//2233
f 2038//2038 2278//2278 2422//2422
f 2230//2230 2486//2486 2228//2228
f 2288//2288 2283//2283 2409//2409
f 2173//2173 2098//2098 2408//2408
f 2268//2268 2361//2361 2284//2284
f 2173//2173 2408//2408 2346//2346
f 2339//2339 2397//2397 2320//2320
f 2168//2168 2370//2370 2226//2226
f 2104//2104 2374//2374 2003//2003
f 2363//2363 2371//2371 2399//2399
f 2220//2220 2369//2369 2295//2295
f 2386//2386 2445//2445 2418//2418
f 2337//2337 2329//2329 2415//2415
f 2113//2113 2452//2452 2195//2195
f 2338//2338 2356//2356 2416//2416
f 2379//2379 2413//2413 2399//2399
f 2343//2343 2409//2409 2283//2283
f 2351//2351 2427//2427 2275//2275
f 2104//2104 2172//2172 2438//2438
f 2360//2360 2350//2350 2366//2366
f 2286//2286 2414//2414 2336//2336
f 2225//2225 2369//2369 2408//2408
f 2355//2355 2390//2390 2412//2412
f 2328//2328 2413//2413 2332//2332
f 2379//2379 2365//2365 2413//2413
f 2328//2328 2399//2399 2413//2413
f 2441//2441 2413//2413 2365//2365
f 2390//2390 2330//2330 2348//2348
f 2385//2385 2366//2366 2424//2424
f 2267//2267 2387//2387 2443//2443
f 2286//2286 2323//2323 2414//2414
f 2355//2355 2417//2417 2486//2486
f 2412//2412 2417//2417 2355//2355
f 2388//2388 2364//2364 2349//2349
f 2350//2350 2338//2338 2405//2405
f 2402//2402 2403//2403 2341//2341
f 2294//2294 2108//2108 2431//2431
f 2352//2352 2434//2434 2273//2273
f 2393//2393 2324//2324 2433//2433
f 2441//2441 2385//2385 2424//2424
f 2368//2368 2419//2419 2289//2289
f 1824//1824 2121//2121 2376//2376
f 2397//2397 2428//2428 2320//2320
f 2107//2107 2314//2314 2347//2347
f 2216//2216 2507//2507 2307//2307
f 2388//2388 2394//2394 2364//2364
f 2289//2289 2429//2429 2380//2380
f 2266//2266 2354//2354 2396//2396
f 2357//2357 2410//2410 2397//2397
f 2350//2350 2405//2405 2366//2366
f 2174//2174 2440//2440 2425//2425
f 2344//2344 2383//2383 2398//2398
f 2366//2366 2405//2405 2420//2420
f 1866//1866 2605//2605 1808//1808
f 2004//2004 2422//2422 2444//2444
f 2115//2115 2297//2297 2108//2108
f 2337//2337 2415//2415 2362//2362
f 2324//2324 2423//2423 2433//2433
f 2388//2388 2434//2434 2394//2394
f 2273//2273 2434//2434 2388//2388
f 2104//2104 2438//2438 2479//2479
f 2317//2317 2425//2425 2426//2426
f 2427//2427 2432//2432 2275//2275
f 2419//2419 2429//2429 2289//2289
f 2098//2098 2225//2225 2408//2408
f 2320//2320 2428//2428 2292//2292
f 2430//2430 1701//1701 2239//2239
f 2227//2227 2296//2296 2281//2281
f 2275//2275 2432//2432 2436//2436
f 2104//2104 2479//2479 2374//2374
f 2364//2364 2482//2482 2349//2349
f 2450//2450 2440//2440 2284//2284
f 2299//2299 2507//2507 2216//2216
f 2373//2373 2394//2394 2404//2404
f 2282//2282 2156//2156 2445//2445
f 2364//2364 2404//2404 2482//2482
f 2292//2292 2449//2449 2351//2351
f 2301//2301 2359//2359 2442//2442
f 2016//2016 2293//2293 2453//2453
f 2275//2275 2491//2491 2389//2389
f 2228//2228 2490//2490 2352//2352
f 1738//1738 2249//2249 2172//2172
f 2359//2359 2448//2448 2442//2442
f 2194//2194 2307//2307 2510//2510
f 2383//2383 2414//2414 2454//2454
f 2346//2346 2408//2408 2391//2391
f 2354//2354 2004//2004 2444//2444
f 2305//2305 2446//2446 2329//2329
f 2167//2167 2304//2304 2406//2406
f 2245//2245 2460//2460 2327//2327
f 2323//2323 2459//2459 2414//2414
f 2366//2366 2420//2420 2424//2424
f 2226//2226 2370//2370 2421//2421
f 1960//1960 2484//2484 2070//2070
f 2397//2397 2410//2410 2428//2428
f 2315//2315 2332//2332 2447//2447
f 2395//2395 2458//2458 2457//2457
f 2289//2289 2378//2378 2368//2368
f 2442//2442 2456//2456 2467//2467
f 2451//2451 2454//2454 2414//2414
f 2411//2411 2235//2235 2469//2469
f 2333//2333 2311//2311 2308//2308
f 1638//1638 2430//2430 2055//2055
f 2442//2442 2448//2448 2456//2456
f 2315//2315 2447//2447 2304//2304
f 2410//2410 2317//2317 2428//2428
f 2228//2228 2486//2486 2489//2489
f 2381//2381 2433//2433 2465//2465
f 2402//2402 2381//2381 2461//2461
f 2370//2370 2562//2562 2435//2435
f 2426//2426 2425//2425 2487//2487
f 2359//2359 2398//2398 2448//2448
f 2317//2317 2426//2426 2428//2428
f 2307//2307 2468//2468 2510//2510
f 2407//2407 2462//2462 2382//2382
f 2437//2437 2475//2475 2439//2439
f 2439//2439 2474//2474 2437//2437
f 2281//2281 2501//2501 2183//2183
f 2405//2405 2338//2338 2493//2493
f 2437//2437 2463//2463 2475//2475
f 2310//2310 2401//2401 2392//2392
f 2356//2356 2403//2403 2529//2529
f 2228//2228 2489//2489 2490//2490
f 2351//2351 2449//2449 2427//2427
f 2454//2454 2464//2464 2383//2383
f 2378//2378 2345//2345 2368//2368
f 2395//2395 2327//2327 2460//2460
f 2398//2398 2383//2383 2448//2448
f 2395//2395 2457//2457 2474//2474
f 2391//2391 2408//2408 2471//2471
f 2438//2438 2172//2172 2249//2249
f 1960//1960 2217//2217 2484//2484
f 2395//2395 2474//2474 2409//2409
f 2361//2361 2362//2362 2535//2535
f 2311//2311 2375//2375 2478//2478
f 2381//2381 2465//2465 2461//2461
f 2383//2383 2464//2464 2448//2448
f 2245//2245 2391//2391 2460//2460
f 2369//2369 2220//2220 2406//2406
f 2395//2395 2460//2460 2458//2458
f 2450//2450 2284//2284 2503//2503
f 2450//2450 2470//2470 2440//2440
f 2455//2455 2485//2485 2476//2476
f 2413//2413 2447//2447 2332//2332
f 2455//2455 2476//2476 2480//2480
f 2402//2402 2461//2461 2473//2473
f 2284//2284 2361//2361 2503//2503
f 2391//2391 2471//2471 2460//2460
f 2275//2275 2436//2436 2491//2491
f 2407//2407 2353//2353 2570//2570
f 2463//2463 2437//2437 2457//2457
f 2382//2382 2542//2542 2316//2316
f 2194//2194 2510//2510 2152//2152
f 2426//2426 2496//2496 2428//2428
f 2437//2437 2474//2474 2457//2457
f 2307//2307 2507//2507 2468//2468
f 2413//2413 2441//2441 2447//2447
f 2423//2423 2481//2481 2433//2433
f 2356//2356 2529//2529 2416//2416
f 2389//2389 2491//2491 2423//2423
f 2276//2276 2506//2506 2239//2239
f 2446//2446 2305//2305 2498//2498
f 2402//2402 2488//2488 2403//2403
f 2475//2475 2463//2463 2555//2555
f 2451//2451 2414//2414 2459//2459
f 2407//2407 2570//2570 2462//2462
f 2482//2482 2404//2404 2502//2502
f 2349//2349 2482//2482 2509//2509
f 2305//2305 2443//2443 2498//2498
f 2477//2477 2455//2455 2480//2480
f 2458//2458 2555//2555 2457//2457
f 2440//2440 2487//2487 2425//2425
f 2439//2439 2475//2475 2474//2474
f 2055//2055 2430//2430 2526//2526
f 2387//2387 2316//2316 2542//2542
f 2433//2433 2481//2481 2465//2465
f 2362//2362 2415//2415 2499//2499
f 2464//2464 2508//2508 2448//2448
f 2296//2296 2466//2466 2281//2281
f 2016//2016 2453//2453 2235//2235
f 2420//2420 2492//2492 2424//2424
f 2375//2375 2377//2377 2478//2478
f 2323//2323 2380//2380 2483//2483
f 2297//2297 2505//2505 2108//2108
f 2434//2434 2523//2523 2394//2394
f 2348//2348 2367//2367 2520//2520
f 2420//2420 2405//2405 2494//2494
f 2427//2427 2449//2449 2432//2432
f 2288//2288 2513//2513 2299//2299
f 2353//2353 2400//2400 2570//2570
f 2493//2493 2338//2338 2416//2416
f 2387//2387 2498//2498 2443//2443
f 2420//2420 2494//2494 2492//2492
f 2419//2419 2368//2368 2429//2429
f 2152//2152 2510//2510 2367//2367
f 2455//2455 2504//2504 2485//2485
f 2352//2352 2490//2490 2434//2434
f 2257//2257 2396//2396 2518//2518
f 2361//2361 2535//2535 2503//2503
f 2402//2402 2473//2473 2488//2488
f 2396//2396 2354//2354 2543//2543
f 2390//2390 2348//2348 2515//2515
f 2496//2496 2426//2426 2516//2516
f 2123//2123 2287//2287 1806//1806
f 2457//2457 2555//2555 2463//2463
f 2423//2423 2491//2491 2481//2481
f 2455//2455 2477//2477 2510//2510
f 2288//2288 2409//2409 2513//2513
f 2226//2226 2421//2421 2314//2314
f 2482//2482 2514//2514 2509//2509
f 2500//2500 2511//2511 2491//2491
f 2370//2370 2435//2435 2421//2421
f 2233//2233 2308//2308 2311//2311
f 2455//2455 2510//2510 2468//2468
f 2442//2442 2467//2467 2517//2517
f 2405//2405 2493//2493 2494//2494
f 2441//2441 2424//2424 2447//2447
f 2400//2400 2349//2349 2497//2497
f 2323//2323 2483//2483 2459//2459
f 2455//2455 2468//2468 2504//2504
f 2500//2500 2491//2491 2525//2525
f 2460//2460 2471//2471 2519//2519
f 2442//2442 2550//2550 2301//2301
f 2294//2294 2431//2431 2522//2522
f 2477//2477 2480//2480 2528//2528
f 2426//2426 2487//2487 2516//2516
f 2377//2377 2301//2301 2550//2550
f 2401//2401 2294//2294 2522//2522
f 2349//2349 2509//2509 2497//2497
f 2412//2412 2533//2533 2417//2417
f 2487//2487 2440//2440 2530//2530
f 2421//2421 2435//2435 2537//2537
f 2471//2471 2408//2408 2519//2519
f 2434//2434 2490//2490 2523//2523
f 2368//2368 2345//2345 2429//2429
f 2380//2380 2551//2551 2512//2512
f 2297//2297 2257//2257 2505//2505
f 2362//2362 2499//2499 2535//2535
f 2475//2475 2555//2555 2474//2474
f 2498//2498 2387//2387 2542//2542
f 2392//2392 2401//2401 2541//2541
f 2390//2390 2515//2515 2412//2412
f 2496//2496 2516//2516 2428//2428
f 2482//2482 2546//2546 2514//2514
f 2436//2436 2525//2525 2491//2491
f 2440//2440 2470//2470 2530//2530
f 2424//2424 2492//2492 2534//2534
f 2401//2401 2522//2522 2541//2541
f 2017//2017 2233//2233 2538//2538
f 2299//2299 2513//2513 2507//2507
f 2527//2527 2557//2557 2504//2504
f 2386//2386 2418//2418 2655//2655
f 1808//1808 2605//2605 2539//2539
f 2156//2156 2472//2472 2445//2445
f 2424//2424 2534//2534 2447//2447
f 2451//2451 2531//2531 2454//2454
f 2409//2409 2474//2474 2513//2513
f 2485//2485 2504//2504 2557//2557
f 2380//2380 2429//2429 2551//2551
f 2468//2468 2513//2513 2504//2504
f 2436//2436 2432//2432 2549//2549
f 1606//1606 2026//2026 2249//2249
f 2205//2205 2384//2384 2597//2597
f 2205//2205 2597//2597 2521//2521
f 2511//2511 2548//2548 2491//2491
f 2304//2304 2447//2447 2578//2578
f 2470//2470 2450//2450 2558//2558
f 2408//2408 2369//2369 2519//2519
f 2404//2404 2394//2394 2502//2502
f 2278//2278 2524//2524 2422//2422
f 2527//2527 2555//2555 2458//2458
f 2382//2382 2462//2462 2540//2540
f 2442//2442 2517//2517 2550//2550
f 2450//2450 2503//2503 2558//2558
f 2394//2394 2523//2523 2502//2502
f 2500//2500 2525//2525 2567//2567
f 2500//2500 2567//2567 2511//2511
f 2348//2348 2520//2520 2547//2547
f 2382//2382 2540//2540 2542//2542
f 2458//2458 2557//2557 2527//2527
f 2369//2369 2406//2406 2519//2519
f 2476//2476 2544//2544 2480//2480
f 2403//2403 2488//2488 2529//2529
f 2466//2466 2564//2564 2281//2281
f 2156//2156 2495//2495 2472//2472
f 2377//2377 2550//2550 2478//2478
f 2505//2505 2257//2257 2577//2577
f 2165//2165 2597//2597 2384//2384
f 2482//2482 2502//2502 2546//2546
f 2492//2492 2494//2494 2534//2534
f 2257//2257 2518//2518 2577//2577
f 2518//2518 2396//2396 2552//2552
f 2489//2489 2554//2554 2490//2490
f 2474//2474 2555//2555 2513//2513
f 2417//2417 2573//2573 2486//2486
f 2458//2458 2460//2460 2557//2557
f 2380//2380 2512//2512 2483//2483
f 2314//2314 2563//2563 2347//2347
f 2017//2017 2538//2538 2296//2296
f 2534//2534 2494//2494 2556//2556
f 2429//2429 2345//2345 2551//2551
f 2537//2537 2435//2435 2562//2562
f 2477//2477 2528//2528 2560//2560
f 2447//2447 2534//2534 2561//2561
f 2516//2516 2572//2572 2428//2428
f 2489//2489 2574//2574 2554//2554
f 2460//2460 2519//2519 2557//2557
f 2470//2470 2558//2558 2530//2530
f 2493//2493 2416//2416 2600//2600
f 2304//2304 2578//2578 2406//2406
f 2507//2507 2513//2513 2468//2468
f 2347//2347 2563//2563 2217//2217
f 2205//2205 2521//2521 2069//2069
f 2386//2386 2655//2655 2452//2452
f 2504//2504 2555//2555 2527//2527
f 2487//2487 2530//2530 2516//2516
f 2311//2311 2478//2478 2233//2233
f 2504//2504 2513//2513 2555//2555
f 2416//2416 2566//2566 2600//2600
f 2055//2055 2575//2575 2123//2123
f 2396//2396 2543//2543 2552//2552
f 2486//2486 2576//2576 2489//2489
f 2536//2536 2553//2553 2620//2620
f 2233//2233 2545//2545 2588//2588
f 2536//2536 2571//2571 2554//2554
f 2536//2536 2554//2554 2553//2553
f 2292//2292 2569//2569 2449//2449
f 2217//2217 2563//2563 2568//2568
f 2510//2510 2477//2477 2589//2589
f 2476//2476 2559//2559 2544//2544
f 2462//2462 2570//2570 2540//2540
f 2400//2400 2587//2587 2570//2570
f 2296//2296 2538//2538 2466//2466
f 2447//2447 2561//2561 2596//2596
f 2516//2516 2530//2530 2572//2572
f 2574//2574 2489//2489 2576//2576
f 2465//2465 2583//2583 2461//2461
f 2449//2449 2569//2569 2432//2432
f 2476//2476 2485//2485 2559//2559
f 2515//2515 2348//2348 2595//2595
f 2446//2446 2580//2580 2329//2329
f 2577//2577 2518//2518 2610//2610
f 2461//2461 2583//2583 2473//2473
f 2416//2416 2529//2529 2566//2566
f 2436//2436 2611//2611 2525//2525
f 2536//2536 2620//2620 2571//2571
f 2183//2183 2501//2501 2605//2605
f 2464//2464 2581//2581 2508//2508
f 2464//2464 2454//2454 2581//2581
f 2542//2542 2540//2540 2565//2565
f 2276//2276 1808//1808 2506//2506
f 2477//2477 2560//2560 2589//2589
f 2535//2535 2579//2579 2503//2503
f 2473//2473 2529//2529 2488//2488
f 2546//2546 2502//2502 2571//2571
f 2354//2354 2444//2444 2543//2543
f 2195//2195 2452//2452 2593//2593
f 2233//2233 2478//2478 2545//2545
f 2481//2481 2583//2583 2465//2465
f 2549//2549 2585//2585 2436//2436
f 2558//2558 2503//2503 2579//2579
f 2547//2547 2595//2595 2348//2348
f 2278//2278 2303//2303 2524//2524
f 2567//2567 2582//2582 2511//2511
f 2549//2549 2432//2432 2569//2569
f 2494//2494 2493//2493 2600//2600
f 2415//2415 2329//2329 2580//2580
f 2108//2108 2505//2505 2431//2431
f 2540//2540 2570//2570 2587//2587
f 2509//2509 2514//2514 2592//2592
f 2509//2509 2592//2592 2586//2586
f 2571//2571 2502//2502 2554//2554
f 2554//2554 2648//2648 2553//2553
f 2428//2428 2572//2572 2292//2292
f 2480//2480 2544//2544 2528//2528
f 2446//2446 2498//2498 2565//2565
f 2233//2233 2588//2588 2538//2538
f 2447//2447 2596//2596 2578//2578
f 2431//2431 2700//2700 2522//2522
f 2486//2486 2573//2573 2576//2576
f 2400//2400 2497//2497 2587//2587
f 2345//2345 2532//2532 2551//2551
f 2345//2345 2392//2392 2607//2607
f 2345//2345 2607//2607 2532//2532
f 2415//2415 2580//2580 2499//2499
f 2534//2534 2556//2556 2561//2561
f 2549//2549 2569//2569 2585//2585
f 2217//2217 2568//2568 2484//2484
f 2511//2511 2582//2582 2548//2548
f 2466//2466 2538//2538 2564//2564
f 2417//2417 2533//2533 2591//2591
f 2546//2546 2571//2571 2514//2514
f 2556//2556 2494//2494 2600//2600
f 2491//2491 2548//2548 2481//2481
f 2070//2070 2484//2484 2495//2495
f 2523//2523 2490//2490 2502//2502
f 2535//2535 2499//2499 2579//2579
f 2498//2498 2542//2542 2565//2565
f 1808//1808 2539//2539 2506//2506
f 2303//2303 2604//2604 2524//2524
f 2446//2446 2565//2565 2580//2580
f 2551//2551 2532//2532 2512//2512
f 2558//2558 2572//2572 2530//2530
f 2417//2417 2606//2606 2573//2573
f 2249//2249 2026//2026 2584//2584
f 2567//2567 2594//2594 2582//2582
f 2490//2490 2554//2554 2502//2502
f 2565//2565 2540//2540 2587//2587
f 2478//2478 2550//2550 2545//2545
f 2483//2483 2512//2512 2590//2590
f 2292//2292 2572//2572 2569//2569
f 2485//2485 2557//2557 2621//2621
f 2445//2445 2472//2472 2418//2418
f 2594//2594 2567//2567 2525//2525
f 2417//2417 2591//2591 2606//2606
f 2558//2558 2579//2579 2572//2572
f 2055//2055 2526//2526 2575//2575
f 2510//2510 2589//2589 2367//2367
f 2454//2454 2601//2601 2581//2581
f 2596//2596 2561//2561 2599//2599
f 2610//2610 2706//2706 2577//2577
f 2554//2554 2574//2574 2648//2648
f 2421//2421 2537//2537 2314//2314
f 2448//2448 2602//2602 2456//2456
f 2195//2195 2593//2593 2293//2293
f 2553//2553 2648//2648 2603//2603
f 2406//2406 2598//2598 2519//2519
f 2600//2600 2566//2566 2635//2635
f 2596//2596 2599//2599 2578//2578
f 2575//2575 2287//2287 2123//2123
f 2556//2556 2600//2600 2625//2625
f 2518//2518 2609//2609 2610//2610
f 2165//2165 2374//2374 2597//2597
f 2565//2565 2587//2587 2580//2580
f 2497//2497 2509//2509 2586//2586
f 2587//2587 2497//2497 2608//2608
f 2584//2584 2438//2438 2249//2249
f 2532//2532 2607//2607 2613//2613
f 2518//2518 2552//2552 2609//2609
f 2525//2525 2611//2611 2594//2594
f 2608//2608 2497//2497 2586//2586
f 2436//2436 2585//2585 2611//2611
f 2281//2281 2564//2564 2690//2690
f 2580//2580 2587//2587 2499//2499
f 2561//2561 2625//2625 2599//2599
f 2453//2453 2293//2293 2630//2630
f 2412//2412 2515//2515 2533//2533
f 2562//2562 1631//1631 2820//2820
f 2532//2532 2590//2590 2512//2512
f 2376//2376 2121//2121 2326//2326
f 2553//2553 2615//2615 2620//2620
f 2519//2519 2598//2598 2557//2557
f 2452//2452 2655//2655 2593//2593
f 2582//2582 2618//2618 2548//2548
f 2499//2499 2587//2587 2617//2617
f 2579//2579 2499//2499 2572//2572
f 2499//2499 2617//2617 2572//2572
f 2481//2481 2548//2548 2583//2583
f 2607//2607 2392//2392 2541//2541
f 2411//2411 2469//2469 2616//2616
f 2303//2303 2411//2411 2604//2604
f 2235//2235 2453//2453 2469//2469
f 2454//2454 2531//2531 2601//2601
f 2553//2553 2603//2603 2615//2615
f 2514//2514 2571//2571 2639//2639
f 2560//2560 2528//2528 2638//2638
f 2532//2532 2612//2612 2459//2459
f 2532//2532 2459//2459 2590//2590
f 2556//2556 2625//2625 2561//2561
f 1631//1631 1662//1662 2940//2940
f 2586//2586 2592//2592 2626//2626
f 2563//2563 2614//2614 2568//2568
f 2451//2451 2459//2459 2531//2531
f 2569//2569 2627//2627 2585//2585
f 2484//2484 2646//2646 2495//2495
f 2520//2520 2367//2367 2629//2629
f 2569//2569 2572//2572 2628//2628
f 2607//2607 2541//2541 2634//2634
f 2374//2374 2479//2479 2645//2645
f 2485//2485 2621//2621 2559//2559
f 2473//2473 2619//2619 2529//2529
f 2594//2594 2632//2632 2582//2582
f 2585//2585 2699//2699 2611//2611
f 2495//2495 2646//2646 2472//2472
f 2281//2281 2690//2690 2643//2643
f 2483//2483 2590//2590 2459//2459
f 2583//2583 2548//2548 2637//2637
f 2515//2515 2595//2595 2661//2661
f 2571//2571 2620//2620 2639//2639
f 2520//2520 2629//2629 2547//2547
f 2594//2594 2611//2611 2632//2632
f 2628//2628 2631//2631 2569//2569
f 2562//2562 2624//2624 2642//2642
f 2473//2473 2583//2583 2619//2619
f 2411//2411 2616//2616 2604//2604
f 2544//2544 2559//2559 2644//2644
f 2599//2599 2625//2625 2622//2622
f 2617//2617 2587//2587 2640//2640
f 2608//2608 2586//2586 2626//2626
f 2599//2599 2622//2622 2578//2578
f 2406//2406 2578//2578 2598//2598
f 2587//2587 2608//2608 2640//2640
f 2569//2569 2631//2631 2627//2627
f 2537//2537 2642//2642 2314//2314
f 2431//2431 2505//2505 2641//2641
f 2533//2533 2633//2633 2591//2591
f 2467//2467 2456//2456 2683//2683
f 2444//2444 2422//2422 2658//2658
f 2538//2538 2588//2588 2564//2564
f 2448//2448 2508//2508 2602//2602
f 2619//2619 2583//2583 2665//2665
f 2367//2367 2589//2589 2629//2629
f 2560//2560 2673//2673 2589//2589
f 2514//2514 2639//2639 2592//2592
f 2532//2532 2613//2613 2612//2612
f 2562//2562 2642//2642 2537//2537
f 2550//2550 2517//2517 2545//2545
f 2314//2314 2614//2614 2563//2563
f 2600//2600 2649//2649 2625//2625
f 2600//2600 2635//2635 2649//2649
f 2574//2574 2659//2659 2648//2648
f 2572//2572 2669//2669 2628//2628
f 2281//2281 2643//2643 2501//2501
f 2622//2622 2625//2625 2649//2649
f 2574//2574 2576//2576 2651//2651
f 2632//2632 2611//2611 2725//2725
f 2467//2467 2683//2683 2517//2517
f 2582//2582 2632//2632 2652//2652
f 2619//2619 2636//2636 2529//2529
f 2649//2649 2635//2635 2664//2664
f 2529//2529 2636//2636 2566//2566
f 2617//2617 2640//2640 2572//2572
f 2479//2479 2438//2438 2645//2645
f 2572//2572 2640//2640 2669//2669
f 2607//2607 2634//2634 2668//2668
f 2626//2626 2592//2592 2660//2660
f 2456//2456 2602//2602 2683//2683
f 2559//2559 2656//2656 2644//2644
f 2628//2628 2669//2669 2631//2631
f 2622//2622 2653//2653 2578//2578
f 2573//2573 2606//2606 2749//2749
f 2552//2552 2543//2543 2657//2657
f 2508//2508 2581//2581 2602//2602
f 2612//2612 2601//2601 2459//2459
f 2418//2418 2674//2674 2655//2655
f 2293//2293 2593//2593 2630//2630
f 2647//2647 2654//2654 2672//2672
f 2472//2472 2667//2667 2418//2418
f 2560//2560 2638//2638 2673//2673
f 2647//2647 2699//2699 2654//2654
f 2547//2547 2650//2650 2595//2595
f 2605//2605 2676//2676 2539//2539
f 2585//2585 2627//2627 2699//2699
f 2548//2548 2618//2618 2663//2663
f 2608//2608 2626//2626 2660//2660
f 2582//2582 2652//2652 2618//2618
f 2631//2631 2678//2678 2627//2627
f 2633//2633 2533//2533 2661//2661
f 2621//2621 2557//2557 2598//2598
f 2566//2566 2664//2664 2635//2635
f 2611//2611 2699//2699 2647//2647
f 2574//2574 2651//2651 2659//2659
f 1662//1662 2736//2736 2940//2940
f 2505//2505 2577//2577 2641//2641
f 2592//2592 2639//2639 2680//2680
f 2620//2620 2615//2615 2662//2662
f 2613//2613 2607//2607 2670//2670
f 2533//2533 2515//2515 2661//2661
f 2544//2544 2644//2644 2528//2528
f 2566//2566 2636//2636 2664//2664
f 2431//2431 2641//2641 2700//2700
f 2639//2639 2620//2620 2662//2662
f 2314//2314 2734//2734 2614//2614
f 2517//2517 2683//2683 2545//2545
f 2588//2588 2613//2613 2564//2564
f 2622//2622 2671//2671 2653//2653
f 2548//2548 2663//2663 2637//2637
f 2608//2608 2660//2660 2640//2640
f 2621//2621 2656//2656 2559//2559
f 2601//2601 2612//2612 2581//2581
f 2619//2619 2666//2666 2636//2636
f 2592//2592 2680//2680 2660//2660
f 2649//2649 2671//2671 2622//2622
f 2611//2611 2647//2647 2725//2725
f 2601//2601 2531//2531 2459//2459
f 2612//2612 2613//2613 2588//2588
f 2597//2597 2374//2374 2876//2876
f 2619//2619 2665//2665 2666//2666
f 2640//2640 2660//2660 2675//2675
f 2649//2649 2664//2664 2679//2679
f 2631//2631 2669//2669 2678//2678
f 2521//2521 2597//2597 2692//2692
f 2640//2640 2678//2678 2669//2669
f 2528//2528 2716//2716 2638//2638
f 2649//2649 2679//2679 2671//2671
f 2640//2640 2675//2675 2678//2678
f 2543//2543 2444//2444 2657//2657
f 2573//2573 2728//2728 2576//2576
f 2573//2573 2749//2749 2728//2728
f 2613//2613 2681//2681 2564//2564
f 2685//2685 2621//2621 2688//2688
f 2539//2539 2691//2691 2506//2506
f 2501//2501 2643//2643 2605//2605
f 2673//2673 2638//2638 2716//2716
f 2666//2666 2679//2679 2636//2636
f 2612//2612 2588//2588 2683//2683
f 2612//2612 2683//2683 2602//2602
f 2609//2609 2684//2684 2610//2610
f 2588//2588 2545//2545 2683//2683
f 2685//2685 2656//2656 2621//2621
f 2583//2583 2637//2637 2665//2665
f 2314//2314 2642//2642 2734//2734
f 2612//2612 2602//2602 2581//2581
f 2653//2653 2688//2688 2578//2578
f 2528//2528 2644//2644 2716//2716
f 2522//2522 2700//2700 2717//2717
f 2654//2654 2686//2686 2672//2672
f 2591//2591 2749//2749 2606//2606
f 2603//2603 2648//2648 2662//2662
f 2621//2621 2598//2598 2688//2688
f 2648//2648 2659//2659 2662//2662
f 2603//2603 2662//2662 2615//2615
f 2654//2654 2699//2699 2686//2686
f 2682//2682 2696//2696 2653//2653
f 2671//2671 2682//2682 2653//2653
f 2647//2647 2672//2672 2740//2740
f 2636//2636 2679//2679 2664//2664
f 2576//2576 2728//2728 2651//2651
f 2595//2595 2677//2677 2661//2661
f 2641//2641 2577//2577 2706//2706
f 2666//2666 2694//2694 2679//2679
f 2595//2595 2650//2650 2677//2677
f 2682//2682 2671//2671 2693//2693
f 2667//2667 2735//2735 2418//2418
f 2589//2589 2687//2687 2629//2629
f 2591//2591 2633//2633 2698//2698
f 2326//2326 2211//2211 2701//2701
f 2609//2609 2552//2552 2684//2684
f 2564//2564 2681//2681 2690//2690
f 2688//2688 2598//2598 2578//2578
f 2541//2541 2695//2695 2634//2634
f 2639//2639 2662//2662 2680//2680
f 2689//2689 2680//2680 2713//2713
f 2026//2026 2287//2287 2849//2849
f 2422//2422 2623//2623 2658//2658
f 2568//2568 2614//2614 2712//2712
f 2686//2686 2699//2699 2702//2702
f 2627//2627 2710//2710 2699//2699
f 2672//2672 2686//2686 2720//2720
f 2675//2675 2660//2660 2715//2715
f 2627//2627 2678//2678 2710//2710
f 2666//2666 2711//2711 2694//2694
f 2666//2666 2665//2665 2711//2711
f 2702//2702 2699//2699 2710//2710
f 2682//2682 2707//2707 2696//2696
f 2702//2702 2718//2718 2686//2686
f 2680//2680 2662//2662 2727//2727
f 2685//2685 2688//2688 2721//2721
f 2629//2629 2687//2687 2709//2709
f 2453//2453 2630//2630 2469//2469
f 2644//2644 2656//2656 2716//2716
f 2633//2633 2661//2661 2705//2705
f 2689//2689 2715//2715 2680//2680
f 2662//2662 2659//2659 2651//2651
f 2522//2522 2717//2717 2541//2541
f 2693//2693 2723//2723 2682//2682
f 2693//2693 2714//2714 2694//2694
f 2662//2662 2651//2651 2722//2722
f 2727//2727 2662//2662 2722//2722
f 2541//2541 2717//2717 2695//2695
f 2704//2704 2715//2715 2719//2719
f 2642//2642 2624//2624 2729//2729
f 2506//2506 2757//2757 2239//2239
f 2702//2702 2704//2704 2718//2718
f 2524//2524 2623//2623 2422//2422
f 2472//2472 2646//2646 2667//2667
f 2675//2675 2715//2715 2678//2678
f 2694//2694 2714//2714 2679//2679
f 2591//2591 2698//2698 2749//2749
f 2660//2660 2680//2680 2715//2715
f 2689//2689 2713//2713 2697//2697
f 2693//2693 2671//2671 2714//2714
f 2680//2680 2727//2727 2713//2713
f 2704//2704 2702//2702 2710//2710
f 2629//2629 2709//2709 2547//2547
f 2613//2613 2670//2670 2681//2681
f 2694//2694 2711//2711 2732//2732
f 2682//2682 2723//2723 2707//2707
f 2647//2647 2703//2703 2725//2725
f 2678//2678 2715//2715 2710//2710
f 1662//1662 2376//2376 2736//2736
f 2652//2652 2738//2738 2618//2618
f 2607//2607 2668//2668 2670//2670
f 2539//2539 2676//2676 2691//2691
f 2634//2634 2695//2695 2668//2668
f 2697//2697 2715//2715 2689//2689
f 2693//2693 2694//2694 2723//2723
f 2686//2686 2718//2718 2708//2708
f 2704//2704 2710//2710 2715//2715
f 2484//2484 2783//2783 2646//2646
f 2637//2637 2730//2730 2724//2724
f 2673//2673 2716//2716 2685//2685
f 2632//2632 2726//2726 2738//2738
f 2597//2597 2739//2739 2692//2692
f 2632//2632 2738//2738 2652//2652
f 2671//2671 2679//2679 2714//2714
f 2647//2647 2740//2740 2737//2737
f 2694//2694 2732//2732 2723//2723
f 2726//2726 2632//2632 2725//2725
f 2673//2673 2685//2685 2721//2721
f 2704//2704 2719//2719 2733//2733
f 2705//2705 2731//2731 2633//2633
f 2605//2605 2643//2643 2676//2676
f 2637//2637 2663//2663 2730//2730
f 2656//2656 2685//2685 2716//2716
f 2647//2647 2737//2737 2703//2703
f 2418//2418 2735//2735 2674//2674
f 2589//2589 2673//2673 2687//2687
f 2653//2653 2696//2696 2766//2766
f 2704//2704 2733//2733 2718//2718
f 2684//2684 2552//2552 2832//2832
f 2618//2618 2738//2738 2663//2663
f 2686//2686 2708//2708 2720//2720
f 2697//2697 2741//2741 2715//2715
f 2655//2655 2763//2763 2593//2593
f 2697//2697 2713//2713 2741//2741
f 2688//2688 2653//2653 2766//2766
f 2562//2562 2820//2820 2624//2624
f 2376//2376 2326//2326 2736//2736
f 2673//2673 2721//2721 2687//2687
f 2687//2687 2746//2746 2709//2709
f 2672//2672 2720//2720 2740//2740
f 2633//2633 2731//2731 2698//2698
f 2287//2287 2751//2751 2849//2849
f 2709//2709 2743//2743 2547//2547
f 2690//2690 2772//2772 2643//2643
f 2727//2727 2741//2741 2713//2713
f 2642//2642 2729//2729 2734//2734
f 2651//2651 2728//2728 2722//2722
f 2718//2718 2745//2745 2708//2708
f 2718//2718 2733//2733 2745//2745
f 2665//2665 2637//2637 2711//2711
f 2721//2721 2688//2688 2766//2766
f 2715//2715 2741//2741 2719//2719
f 2696//2696 2707//2707 2755//2755
f 2731//2731 2705//2705 2750//2750
f 2738//2738 2730//2730 2663//2663
f 2707//2707 2723//2723 2742//2742
f 2696//2696 2754//2754 2766//2766
f 2727//2727 2722//2722 2741//2741
f 2547//2547 2743//2743 2650//2650
f 2604//2604 2744//2744 2524//2524
f 2637//2637 2724//2724 2711//2711
f 2748//2748 2719//2719 2753//2753
f 2719//2719 2741//2741 2753//2753
f 2747//2747 2765//2765 2742//2742
f 2746//2746 2687//2687 2754//2754
f 2707//2707 2742//2742 2755//2755
f 2742//2742 2765//2765 2760//2760
f 2597//2597 2876//2876 2739//2739
f 2696//2696 2755//2755 2754//2754
f 2726//2726 2725//2725 2778//2778
f 2720//2720 2756//2756 2740//2740
f 2742//2742 2723//2723 2758//2758
f 2705//2705 2661//2661 2677//2677
f 2614//2614 2734//2734 2712//2712
f 2719//2719 2748//2748 2733//2733
f 2747//2747 2742//2742 2758//2758
f 2575//2575 2751//2751 2287//2287
f 2708//2708 2782//2782 2720//2720
f 2026//2026 2849//2849 2584//2584
f 2747//2747 2758//2758 2765//2765
f 2506//2506 2691//2691 2757//2757
f 2726//2726 2778//2778 2760//2760
f 2738//2738 2767//2767 2730//2730
f 2721//2721 2766//2766 2687//2687
f 2725//2725 2703//2703 2777//2777
f 2624//2624 2761//2761 2729//2729
f 2650//2650 2759//2759 2677//2677
f 2552//2552 2657//2657 2832//2832
f 2754//2754 2764//2764 2746//2746
f 2738//2738 2726//2726 2767//2767
f 2743//2743 2759//2759 2650//2650
f 2722//2722 2728//2728 2768//2768
f 2722//2722 2768//2768 2741//2741
f 2670//2670 2668//2668 2815//2815
f 2754//2754 2687//2687 2766//2766
f 2728//2728 2749//2749 2768//2768
f 2756//2756 2720//2720 2782//2782
f 2740//2740 2756//2756 2775//2775
f 2684//2684 2762//2762 2610//2610
f 2703//2703 2737//2737 2771//2771
f 2655//2655 2752//2752 2763//2763
f 2746//2746 2769//2769 2709//2709
f 2668//2668 2773//2773 2815//2815
f 2726//2726 2765//2765 2767//2767
f 2723//2723 2732//2732 2758//2758
f 2742//2742 2779//2779 2755//2755
f 2741//2741 2768//2768 2753//2753
f 2742//2742 2760//2760 2781//2781
f 2624//2624 2820//2820 2761//2761
f 2711//2711 2724//2724 2732//2732
f 2750//2750 2705//2705 2677//2677
f 2770//2770 2645//2645 2438//2438
f 2731//2731 2750//2750 2774//2774
f 2725//2725 2777//2777 2778//2778
f 2734//2734 2729//2729 2788//2788
f 2645//2645 2770//2770 2374//2374
f 2773//2773 2668//2668 2695//2695
f 2374//2374 2786//2786 2876//2876
f 2733//2733 2748//2748 2780//2780
f 2765//2765 2726//2726 2760//2760
f 2630//2630 2798//2798 2469//2469
f 2724//2724 2730//2730 2767//2767
f 2742//2742 2781//2781 2779//2779
f 2749//2749 2698//2698 2731//2731
f 2643//2643 2795//2795 2676//2676
f 2712//2712 2734//2734 2788//2788
f 2717//2717 2700//2700 2793//2793
f 2746//2746 2764//2764 2776//2776
f 2684//2684 2832//2832 2762//2762
f 2749//2749 2731//2731 2768//2768
f 2774//2774 2753//2753 2731//2731
f 2655//2655 2674//2674 2752//2752
f 2667//2667 2646//2646 2783//2783
f 2709//2709 2769//2769 2743//2743
f 2724//2724 2767//2767 2732//2732
f 2708//2708 2745//2745 2780//2780
f 2708//2708 2780//2780 2782//2782
f 2768//2768 2731//2731 2753//2753
f 2604//2604 2792//2792 2744//2744
f 2776//2776 2764//2764 2802//2802
f 2743//2743 2787//2787 2759//2759
f 2616//2616 2794//2794 2604//2604
f 2438//2438 2584//2584 2790//2790
f 2774//2774 2750//2750 2785//2785
f 2753//2753 2774//2774 2748//2748
f 2756//2756 2782//2782 2789//2789
f 2745//2745 2733//2733 2780//2780
f 2754//2754 2755//2755 2764//2764
f 2732//2732 2767//2767 2758//2758
f 2750//2750 2677//2677 2785//2785
f 2740//2740 2775//2775 2737//2737
f 2758//2758 2767//2767 2765//2765
f 2746//2746 2776//2776 2769//2769
f 2703//2703 2771//2771 2777//2777
f 2239//2239 2757//2757 2430//2430
f 2784//2784 2792//2792 2604//2604
f 2748//2748 2774//2774 2801//2801
f 2755//2755 2779//2779 2764//2764
f 2700//2700 2641//2641 2796//2796
f 2748//2748 2801//2801 2780//2780
f 2604//2604 2794//2794 2784//2784
f 2775//2775 2819//2819 2737//2737
f 2775//2775 2756//2756 2789//2789
f 2657//2657 2444//2444 2804//2804
f 2430//2430 2791//2791 2526//2526
f 2690//2690 2681//2681 2799//2799
f 2677//2677 2759//2759 2785//2785
f 2789//2789 2782//2782 2821//2821
f 2630//2630 2593//2593 2798//2798
f 2774//2774 2785//2785 2801//2801
f 2692//2692 2739//2739 2521//2521
f 2616//2616 2469//2469 2794//2794
f 2676//2676 2795//2795 2691//2691
f 2762//2762 2797//2797 2610//2610
f 2643//2643 2772//2772 2795//2795
f 2776//2776 2817//2817 2769//2769
f 2670//2670 2823//2823 2681//2681
f 2657//2657 2804//2804 2832//2832
f 2803//2803 2802//2802 2800//2800
f 2593//2593 2763//2763 2812//2812
f 2815//2815 2823//2823 2670//2670
f 2762//2762 2832//2832 2797//2797
f 2764//2764 2779//2779 2800//2800
f 2770//2770 2438//2438 2790//2790
f 2802//2802 2764//2764 2800//2800
f 2785//2785 2759//2759 2805//2805
f 2806//2806 2808//2808 2789//2789
f 2690//2690 2799//2799 2772//2772
f 2526//2526 2791//2791 2575//2575
f 2737//2737 2819//2819 2771//2771
f 2815//2815 2773//2773 2695//2695
f 2779//2779 2781//2781 2800//2800
f 2775//2775 2789//2789 2818//2818
f 2789//2789 2808//2808 2818//2818
f 2484//2484 2568//2568 2783//2783
f 2789//2789 2821//2821 2806//2806
f 2771//2771 2819//2819 2811//2811
f 2806//2806 2809//2809 2808//2808
f 2802//2802 2803//2803 2808//2808
f 2743//2743 2769//2769 2813//2813
f 2751//2751 2862//2862 2849//2849
f 2785//2785 2805//2805 2801//2801
f 2787//2787 2805//2805 2759//2759
f 2781//2781 2803//2803 2800//2800
f 2807//2807 2814//2814 2825//2825
f 2802//2802 2808//2808 2776//2776
f 2771//2771 2811//2811 2777//2777
f 2775//2775 2818//2818 2819//2819
f 2820//2820 1631//1631 2816//2816
f 2729//2729 2824//2824 2788//2788
f 2788//2788 2839//2839 2712//2712
f 2787//2787 2743//2743 2813//2813
f 2780//2780 2801//2801 2807//2807
f 2809//2809 2817//2817 2776//2776
f 2809//2809 2776//2776 2808//2808
f 2729//2729 2761//2761 2820//2820
f 2787//2787 2814//2814 2805//2805
f 2809//2809 2806//2806 2813//2813
f 2667//2667 2783//2783 2826//2826
f 2810//2810 2818//2818 2808//2808
f 2769//2769 2817//2817 2813//2813
f 2211//2211 2069//2069 2701//2701
f 2811//2811 2819//2819 2810//2810
f 2780//2780 2825//2825 2782//2782
f 2801//2801 2805//2805 2807//2807
f 2778//2778 2822//2822 2760//2760
f 2658//2658 2623//2623 2827//2827
f 2787//2787 2813//2813 2814//2814
f 2825//2825 2814//2814 2829//2829
f 2729//2729 2820//2820 2824//2824
f 2777//2777 2822//2822 2778//2778
f 2807//2807 2805//2805 2814//2814
f 2760//2760 2822//2822 2803//2803
f 2810//2810 2819//2819 2818//2818
f 2808//2808 2803//2803 2810//2810
f 2760//2760 2803//2803 2781//2781
f 2374//2374 2770//2770 2786//2786
f 2763//2763 2752//2752 2828//2828
f 2849//2849 2831//2831 2584//2584
f 2770//2770 2790//2790 2836//2836
f 2700//2700 2796//2796 2793//2793
f 2691//2691 2795//2795 2757//2757
f 2780//2780 2807//2807 2825//2825
f 2811//2811 2822//2822 2777//2777
f 2811//2811 2810//2810 2822//2822
f 2695//2695 2717//2717 2830//2830
f 2815//2815 2695//2695 2823//2823
f 2822//2822 2810//2810 2803//2803
f 2641//2641 2706//2706 2833//2833
f 2641//2641 2833//2833 2796//2796
f 2712//2712 2866//2866 2568//2568
f 2782//2782 2825//2825 2821//2821
f 2829//2829 2814//2814 2813//2813
f 2809//2809 2813//2813 2817//2817
f 2667//2667 2826//2826 2735//2735
f 2326//2326 2701//2701 2736//2736
f 2757//2757 2838//2838 2430//2430
f 2757//2757 2795//2795 2848//2848
f 2806//2806 2821//2821 2813//2813
f 2681//2681 2823//2823 2799//2799
f 2829//2829 2813//2813 2821//2821
f 2786//2786 2881//2881 2876//2876
f 2836//2836 2843//2843 2770//2770
f 2735//2735 2837//2837 2674//2674
f 2825//2825 2829//2829 2821//2821
f 2695//2695 2834//2834 2823//2823
f 2717//2717 2835//2835 2830//2830
f 2695//2695 2830//2830 2834//2834
f 2735//2735 2826//2826 2840//2840
f 2816//2816 2841//2841 2820//2820
f 2469//2469 2894//2894 2794//2794
f 2820//2820 2841//2841 2824//2824
f 2837//2837 2735//2735 2840//2840
f 2610//2610 2797//2797 2864//2864
f 2568//2568 2866//2866 2783//2783
f 2842//2842 2864//2864 2797//2797
f 2772//2772 2848//2848 2795//2795
f 2797//2797 2832//2832 2842//2842
f 2824//2824 2841//2841 2788//2788
f 2794//2794 2894//2894 2784//2784
f 2623//2623 2524//2524 2827//2827
f 1631//1631 2897//2897 2847//2847
f 1631//1631 2844//2844 2816//2816
f 2823//2823 2834//2834 2799//2799
f 2430//2430 2838//2838 2791//2791
f 2816//2816 2844//2844 2841//2841
f 2674//2674 2846//2846 2752//2752
f 2736//2736 2860//2860 2940//2940
f 2674//2674 2837//2837 2846//2846
f 2584//2584 2831//2831 2790//2790
f 2717//2717 2793//2793 2835//2835
f 2751//2751 2575//2575 2862//2862
f 2799//2799 2848//2848 2772//2772
f 2593//2593 2812//2812 2798//2798
f 2752//2752 2846//2846 2828//2828
f 2788//2788 2847//2847 2839//2839
f 2521//2521 2845//2845 2069//2069
f 2841//2841 2847//2847 2788//2788
f 1631//1631 2847//2847 2844//2844
f 2799//2799 2834//2834 2848//2848
f 2843//2843 2836//2836 2852//2852
f 2469//2469 2902//2902 2894//2894
f 2826//2826 2783//2783 2851//2851
f 2524//2524 2744//2744 2827//2827
f 2832//2832 2863//2863 2842//2842
f 2739//2739 2845//2845 2521//2521
f 2861//2861 2826//2826 2851//2851
f 2835//2835 2793//2793 2857//2857
f 2712//2712 2839//2839 2866//2866
f 2836//2836 2790//2790 2852//2852
f 2757//2757 2875//2875 2838//2838
f 2763//2763 2828//2828 2854//2854
f 2844//2844 2847//2847 2841//2841
f 2851//2851 2783//2783 2866//2866
f 2610//2610 2864//2864 2706//2706
f 2786//2786 2843//2843 2850//2850
f 2842//2842 2863//2863 2864//2864
f 2706//2706 2864//2864 2833//2833
f 2793//2793 2796//2796 2857//2857
f 2763//2763 2854//2854 2812//2812
f 2827//2827 2744//2744 2859//2859
f 2848//2848 2834//2834 2853//2853
f 2840//2840 2826//2826 2858//2858
f 2786//2786 2770//2770 2843//2843
f 2834//2834 2830//2830 2865//2865
f 2739//2739 2856//2856 2845//2845
f 2658//2658 2827//2827 2899//2899
f 2826//2826 2861//2861 2858//2858
f 2744//2744 2792//2792 2859//2859
f 2838//2838 2887//2887 2791//2791
f 2701//2701 2860//2860 2736//2736
f 2757//2757 2848//2848 2875//2875
f 2798//2798 2902//2902 2469//2469
f 2444//2444 2658//2658 2899//2899
f 2902//2902 2868//2868 2894//2894
f 2739//2739 2869//2869 2856//2856
f 2834//2834 2865//2865 2853//2853
f 2839//2839 2855//2855 2866//2866
f 2791//2791 2890//2890 2575//2575
f 2830//2830 2835//2835 2865//2865
f 2859//2859 2792//2792 2872//2872
f 2837//2837 2840//2840 2873//2873
f 2786//2786 2850//2850 2881//2881
f 2839//2839 2847//2847 2855//2855
f 2837//2837 2873//2873 2846//2846
f 2796//2796 2833//2833 2857//2857
f 2853//2853 2875//2875 2848//2848
f 2861//2861 2851//2851 2874//2874
f 2867//2867 2863//2863 2871//2871
f 2838//2838 2875//2875 2887//2887
f 2873//2873 2840//2840 2877//2877
f 2863//2863 2867//2867 2864//2864
f 2444//2444 2899//2899 2804//2804
f 2863//2863 2832//2832 2871//2871
f 2840//2840 2858//2858 2877//2877
f 2861//2861 2878//2878 2858//2858
f 2069//2069 2860//2860 2701//2701
f 2857//2857 2833//2833 2880//2880
f 2874//2874 2851//2851 2866//2866
f 2855//2855 2847//2847 2886//2886
f 2899//2899 2827//2827 2882//2882
f 2835//2835 2857//2857 2865//2865
f 2831//2831 2849//2849 2903//2903
f 2845//2845 2884//2884 2069//2069
f 2865//2865 2879//2879 2853//2853
f 2850//2850 2893//2893 2881//2881
f 2852//2852 2904//2904 2843//2843
f 2790//2790 2831//2831 2900//2900
f 2862//2862 2903//2903 2849//2849
f 2575//2575 2890//2890 2862//2862
f 2784//2784 2894//2894 2792//2792
f 2798//2798 2885//2885 2902//2902
f 2856//2856 2884//2884 2845//2845
f 2833//2833 2864//2864 2880//2880
f 2852//2852 2790//2790 2904//2904
f 2791//2791 2887//2887 2890//2890
f 2861//2861 2906//2906 2878//2878
f 2850//2850 2843//2843 2893//2893
f 2792//2792 2894//2894 2891//2891
f 2903//2903 2892//2892 2831//2831
f 2883//2883 2828//2828 2846//2846
f 2861//2861 2874//2874 2906//2906
f 2864//2864 2870//2870 2880//2880
f 2862//2862 2890//2890 2903//2903
f 2904//2904 2790//2790 2900//2900
f 2827//2827 2859//2859 2882//2882
f 2853//2853 2879//2879 2875//2875
f 2875//2875 2879//2879 2887//2887
f 2854//2854 2895//2895 2812//2812
f 2832//2832 2804//2804 2908//2908
f 2828//2828 2895//2895 2854//2854
f 2883//2883 2895//2895 2828//2828
f 2874//2874 2866//2866 2896//2896
f 2874//2874 2896//2896 2898//2898
f 2856//2856 2888//2888 2884//2884
f 2894//2894 2868//2868 2889//2889
f 2874//2874 2898//2898 2906//2906
f 2876//2876 2881//2881 2901//2901
f 2867//2867 2871//2871 2864//2864
f 2847//2847 2897//2897 2886//2886
f 2792//2792 2909//2909 2872//2872
f 2866//2866 2855//2855 2886//2886
f 2865//2865 2857//2857 2905//2905
f 2888//2888 2856//2856 2869//2869
f 2864//2864 2871//2871 2870//2870
f 2831//2831 2892//2892 2900//2900
f 2866//2866 2886//2886 2896//2896
f 2893//2893 2843//2843 2920//2920
f 2798//2798 2812//2812 2885//2885
f 2879//2879 2865//2865 2905//2905
f 2876//2876 2869//2869 2739//2739
f 2898//2898 2896//2896 2906//2906
f 2871//2871 2913//2913 2870//2870
f 2879//2879 2905//2905 2887//2887
f 2846//2846 2873//2873 2883//2883
f 2857//2857 2880//2880 2905//2905
f 2893//2893 2911//2911 2881//2881
f 2859//2859 2872//2872 2882//2882
f 2903//2903 2890//2890 2917//2917
f 2904//2904 2919//2919 2932//2932
f 2792//2792 2891//2891 2909//2909
f 2903//2903 2912//2912 2892//2892
f 2904//2904 2916//2916 2919//2919
f 2871//2871 2832//2832 2908//2908
f 2904//2904 2900//2900 2916//2916
f 2876//2876 2901//2901 2910//2910
f 2904//2904 2932//2932 2843//2843
f 2896//2896 2921//2921 2906//2906
f 2892//2892 2916//2916 2900//2900
f 2887//2887 2907//2907 2931//2931
f 2876//2876 2910//2910 2869//2869
f 2903//2903 2917//2917 2912//2912
f 2890//2890 2887//2887 2931//2931
f 2804//2804 2899//2899 2908//2908
f 2940//2940 2860//2860 2941//2941
f 2892//2892 2912//2912 2916//2916
f 2913//2913 2915//2915 2870//2870
f 2906//2906 2918//2918 2878//2878
f 2917//2917 2890//2890 2931//2931
f 2899//2899 2882//2882 2914//2914
f 2913//2913 2871//2871 2915//2915
f 2880//2880 2870//2870 2905//2905
f 2896//2896 2886//2886 2924//2924
f 2883//2883 2873//2873 2895//2895
f 2896//2896 2924//2924 2921//2921
f 2899//2899 2914//2914 2908//2908
f 2887//2887 2905//2905 2907//2907
f 2894//2894 2889//2889 2891//2891
f 2923//2923 2922//2922 2912//2912
f 2882//2882 2872//2872 2925//2925
f 2922//2922 2919//2919 2912//2912
f 2919//2919 2916//2916 2912//2912
f 2920//2920 2843//2843 2932//2932
f 2940//2940 2897//2897 1631//1631
f 2912//2912 2917//2917 2923//2923
f 2885//2885 2812//2812 2926//2926
f 2923//2923 2917//2917 2931//2931
f 2919//2919 2922//2922 2932//2932
f 2873//2873 2877//2877 2933//2933
f 2906//2906 2928//2928 2918//2918
f 2870//2870 2927//2927 2905//2905
f 2914//2914 2882//2882 2925//2925
f 2915//2915 2930//2930 2927//2927
f 2930//2930 2923//2923 2931//2931
f 2911//2911 2929//2929 2881//2881
f 2877//2877 2858//2858 2933//2933
f 2915//2915 2927//2927 2870//2870
f 2872//2872 2934//2934 2925//2925
f 2906//2906 2921//2921 2928//2928
f 2902//2902 2885//2885 2936//2936
f 2885//2885 2926//2926 2936//2936
f 2886//2886 2897//2897 2924//2924
f 2868//2868 2902//2902 2889//2889
f 2930//2930 2931//2931 2927//2927
f 2872//2872 2909//2909 2934//2934
f 2907//2907 2905//2905 2931//2931
f 2069//2069 2935//2935 2860//2860
f 2871//2871 2908//2908 2939//2939
f 2923//2923 2930//2930 2922//2922
f 2931//2931 2905//2905 2927//2927
f 2873//2873 2949//2949 2895//2895
f 2895//2895 2948//2948 2812//2812
f 2881//2881 2929//2929 2901//2901
f 2920//2920 2911//2911 2893//2893
f 2884//2884 2888//2888 2938//2938
f 2858//2858 2878//2878 2933//2933
f 2902//2902 2936//2936 2889//2889
f 2921//2921 2924//2924 2928//2928
f 2888//2888 2869//2869 2938//2938
f 2871//2871 2939//2939 2915//2915
f 2069//2069 2884//2884 2935//2935
f 2910//2910 2946//2946 2869//2869
f 2908//2908 2914//2914 2939//2939
f 2914//2914 2925//2925 2934//2934
f 2895//2895 2937//2937 2948//2948
f 2895//2895 2945//2945 2937//2937
f 2891//2891 2889//2889 2943//2943
f 2930//2930 2915//2915 2950//2950
f 2909//2909 2891//2891 2952//2952
f 2869//2869 2946//2946 2942//2942
f 2924//2924 2897//2897 2928//2928
f 2812//2812 2944//2944 2926//2926
f 2873//2873 2933//2933 2949//2949
f 2895//2895 2949//2949 2945//2945
f 2929//2929 2955//2955 2901//2901
f 2910//2910 2901//2901 2946//2946
f 2938//2938 2935//2935 2884//2884
f 2878//2878 2949//2949 2933//2933
f 2889//2889 2936//2936 2943//2943
f 2932//2932 2922//2922 2947//2947
f 2812//2812 2948//2948 2944//2944
f 2940//2940 2956//2956 2897//2897
f 2920//2920 2959//2959 2911//2911
f 2911//2911 2959//2959 2929//2929
f 2915//2915 2939//2939 2950//2950
f 2860//2860 2935//2935 2941//2941
f 2934//2934 2951//2951 2914//2914
f 2926//2926 2954//2954 2936//2936
f 2909//2909 2971//2971 2934//2934
f 2920//2920 2932//2932 2959//2959
f 2918//2918 2928//2928 2960//2960
f 2897//2897 2960//2960 2928//2928
f 2909//2909 2952//2952 2971//2971
f 2937//2937 2945//2945 2948//2948
f 2926//2926 2944//2944 2954//2954
f 2891//2891 2943//2943 2952//2952
f 2878//2878 2918//2918 2949//2949
f 2897//2897 2961//2961 2960//2960
f 2948//2948 2953//2953 2944//2944
f 2930//2930 2958//2958 2922//2922
f 2948//2948 2945//2945 2957//2957
f 2945//2945 2949//2949 2957//2957
f 2922//2922 2958//2958 2947//2947
f 2897//2897 2956//2956 2961//2961
f 2944//2944 2953//2953 2957//2957
f 2914//2914 2951//2951 2939//2939
f 2934//2934 2971//2971 2951//2951
f 2947//2947 2959//2959 2932//2932
f 2929//2929 2959//2959 2955//2955
f 2948//2948 2957//2957 2953//2953
f 2901//2901 2955//2955 2946//2946
f 2936//2936 2954//2954 2966//2966
f 2954//2954 2963//2963 2966//2966
f 2954//2954 2962//2962 2963//2963
f 2957//2957 2949//2949 2964//2964
f 2952//2952 2943//2943 2966//2966
f 2954//2954 2944//2944 2962//2962
f 2946//2946 2965//2965 2942//2942
f 2936//2936 2966//2966 2943//2943
f 2952//2952 2966//2966 2971//2971
f 2946//2946 2955//2955 2965//2965
f 2944//2944 2957//2957 2962//2962
f 2918//2918 2960//2960 2949//2949
f 2869//2869 2942//2942 2967//2967
f 2869//2869 2967//2967 2938//2938
f 2940//2940 2941//2941 2956//2956
f 2941//2941 2935//2935 2968//2968
f 2963//2963 2972//2972 2966//2966
f 2958//2958 2990//2990 2947//2947
f 2965//2965 2955//2955 2970//2970
f 2959//2959 2947//2947 2969//2969
f 2965//2965 2970//2970 2942//2942
f 2949//2949 2960//2960 2964//2964
f 2939//2939 2951//2951 2978//2978
f 2963//2963 2962//2962 2972//2972
f 2930//2930 2950//2950 2958//2958
f 2968//2968 2956//2956 2941//2941
f 2957//2957 2973//2973 2962//2962
f 2959//2959 2969//2969 2955//2955
f 2938//2938 2974//2974 2935//2935
f 2955//2955 2976//2976 2970//2970
f 2938//2938 2967//2967 2974//2974
f 2942//2942 2970//2970 2977//2977
f 2939//2939 2978//2978 2950//2950
f 2951//2951 2971//2971 2975//2975
f 2966//2966 2975//2975 2971//2971
f 2966//2966 2972//2972 2975//2975
f 2969//2969 2976//2976 2955//2955
f 2960//2960 2961//2961 2982//2982
f 2970//2970 2976//2976 2977//2977
f 2942//2942 2977//2977 2967//2967
f 2973//2973 2979//2979 2962//2962
f 2964//2964 2960//2960 2982//2982
f 2950//2950 2978//2978 2958//2958
f 2957//2957 2982//2982 2973//2973
f 2962//2962 2979//2979 2980//2980
f 2957//2957 2964//2964 2982//2982
f 2947//2947 2990//2990 2969//2969
f 2975//2975 2978//2978 2951//2951
f 2974//2974 2981//2981 2935//2935
f 2976//2976 2969//2969 2977//2977
f 2961//2961 2989//2989 2982//2982
f 2962//2962 2980//2980 2972//2972
f 2975//2975 2972//2972 2984//2984
f 2979//2979 2973//2973 2982//2982
f 2967//2967 2977//2977 2983//2983
f 2972//2972 2980//2980 2984//2984
f 2989//2989 2961//2961 2986//2986
f 2935//2935 2981//2981 2985//2985
f 2979//2979 2982//2982 2980//2980
f 2978//2978 2975//2975 2987//2987
f 2968//2968 2985//2985 2956//2956
f 2974//2974 2985//2985 2981//2981
f 2982//2982 2989//2989 2980//2980
f 2975//2975 2984//2984 2987//2987
f 2935//2935 2985//2985 2968//2968
f 2967//2967 2983//2983 2974//2974
f 2969//2969 2988//2988 2977//2977
f 2980//2980 2989//2989 2984//2984
f 2961//2961 2956//2956 2986//2986
f 2974//2974 2991//2991 2985//2985
f 2958//2958 2978//2978 2993//2993
f 2989//2989 2986//2986 2992//2992
f 2985//2985 2991//2991 2956//2956
f 2974//2974 2983//2983 2991//2991
f 2989//2989 2994//2994 2984//2984
f 2978//2978 2987//2987 2993//2993
f 2969//2969 2990//2990 2988//2988
f 2958//2958 2993//2993 2990//2990
f 2987//2987 2984//2984 2994//2994
f 2989//2989 2992//2992 2994//2994
f 2988//2988 2983//2983 2977//2977
f 2956//2956 2996//2996 2986//2986
f 2994//2994 2997//2997 2987//2987
f 2990//2990 2993//2993 2995//2995
f 2956//2956 2991//2991 2996//2996
f 2990//2990 2995//2995 2999//2999
f 2983//2983 2996//2996 2991//2991
f 2990//2990 2999//2999 2988//2988
f 2994//2994 2992//2992 2997//2997
f 2983//2983 2998//2998 2996//2996
f 2983//2983 2988//2988 2998//2998
f 2993//2993 2987//2987 3002//3002
f 2987//2987 2997//2997 3002//3002
f 2986//2986 2997//2997 2992//2992
f 2995//2995 3000//3000 2999//2999
f 3002//3002 2997//2997 2986//2986
f 2993//2993 3002//3002 2995//2995
f 2996//2996 3001//3001 2986//2986
f 2988//2988 2999//2999 3001//3001
f 2986//2986 3001//3001 3000//3000
f 2998//2998 2988//2988 2996//2996
f 2996//2996 2988//2988 3001//3001
f 3000//3000 3001//3001 2999//2999
f 3002//3002 2986//2986 2995//2995
f 2995//2995 2986//2986 3000//3000
