# Blender 5.2.0 LTS
# www.blender.org
mtllib bust_aphrodite.mtl
o bust_aphrodite
v -0.842693 -0.628818 -0.224806
v -0.835953 -0.610992 -0.318180
v -0.834793 -0.656920 -0.222984
v -0.829475 -0.561104 -0.236575
v -0.830220 -0.496305 -0.267762
v -0.828352 -0.526692 -0.202974
v -0.817502 -0.637211 -0.114158
v -0.814755 -0.603202 -0.359636
v -0.810678 -0.524154 -0.331426
v -0.812235 -0.681180 -0.110753
v -0.793382 -0.560836 -0.396135
v -0.790410 -0.691557 -0.254627
v -0.777072 -0.429505 -0.346582
v -0.788441 -0.475188 -0.145700
v -0.785083 -0.552185 -0.095474
v -0.801186 -0.472452 -0.278324
v -0.764759 -0.538412 -0.081800
v -0.759392 -0.652610 -0.051899
v -0.779546 -0.489573 -0.103061
v -0.768329 -0.590831 -0.402790
v -0.778054 -0.412736 -0.287212
v -0.783564 -0.627109 -0.048351
v -0.791347 -0.433587 -0.179252
v -0.775802 -0.707225 -0.052619
v -0.804815 -0.628975 -0.114708
v -0.804185 -0.475607 -0.336679
v -0.750695 -0.573574 -0.034812
v -0.751701 -0.632950 -0.017802
v -0.736705 -0.487759 -0.443720
v -0.764006 -0.439827 -0.105328
v -0.760414 -0.441515 -0.380772
v -0.693278 -0.705116 -0.307145
v -0.756841 -0.619738 -0.051715
v -0.768291 -0.412038 -0.257402
v -0.769818 -0.430500 -0.167455
v -0.753379 -0.415754 -0.341162
v -0.753890 -0.738429 -0.072086
v -0.744252 -0.461069 -0.054773
v -0.729533 -0.590069 0.002537
v -0.735860 -0.682347 -0.017869
v -0.734942 -0.322951 -0.271155
v -0.748313 -0.391915 -0.304123
v -0.745180 -0.437905 -0.119819
v -0.723350 -0.459505 -0.425836
v -0.753277 -0.735221 -0.039053
v -0.698487 -0.514703 -0.470261
v -0.716648 -0.772418 -0.163323
v -0.720796 -0.302130 -0.176563
v -0.700572 -0.569826 0.002545
v -0.736326 -0.767934 -0.076385
v -0.703790 -0.490490 -0.008244
v -0.692264 -0.532201 0.016412
v -0.721878 -0.699622 -0.021246
v -0.707839 -0.411643 -0.429781
v -0.674639 -0.424108 0.009569
v -0.692730 -0.256742 -0.236797
v -0.702843 -0.372352 -0.404434
v -0.702484 -0.706903 0.009641
v -0.719073 -0.770051 -0.011064
v -0.702610 -0.361816 -0.388565
v -0.691956 -0.434840 -0.062546
v -0.733232 -0.358931 -0.349362
v -0.703128 -0.399451 -0.412041
v -0.672430 -0.566348 0.047044
v -0.722148 -0.361861 -0.333077
v -0.687078 -0.340876 -0.082365
v -0.708118 -0.625768 0.001684
v -0.709226 -0.771787 -0.014576
v -0.662512 -0.245725 -0.146943
v -0.669948 -0.597222 0.032631
v -0.698213 -0.789124 0.012231
v -0.681811 -0.320860 -0.384279
v -0.652553 -0.795633 -0.189172
v -0.668510 -0.622292 0.019485
v -0.695170 -0.778880 0.025121
v -0.663930 -0.540479 0.046827
v -0.689435 -0.789392 0.030757
v -0.670932 -0.262319 -0.316971
v -0.675916 -0.324988 -0.366643
v -0.626097 -0.437177 -0.477809
v -0.664254 -0.541091 0.024331
v -0.667783 -0.710538 -0.009621
v -0.627372 -0.836082 -0.005623
v -0.668493 -0.697172 0.016398
v -0.650212 -0.725107 0.009249
v -0.678962 -0.789421 0.020571
v -0.655137 -0.725878 0.046896
v -0.652961 -0.638144 0.038422
v -0.632829 -0.457729 0.024411
v -0.625529 -0.371762 -0.448022
v -0.626403 -0.464864 -0.501464
v -0.581639 -0.461258 0.058300
v -0.592517 -0.601494 -0.406409
v -0.646567 -0.812622 0.015600
v -0.610825 -0.254246 -0.088017
v -0.603375 -0.244976 -0.352892
v -0.616742 -0.397580 0.015231
v -0.641672 -0.668848 0.020594
v -0.609554 -0.317874 -0.439737
v -0.626225 -0.419454 -0.017167
v -0.617836 -0.430101 0.046419
v -0.608251 -0.488520 -0.502079
v -0.630701 -0.511776 0.038721
v -0.629874 -0.676474 0.029567
v -0.637168 -0.725571 0.023576
v -0.587955 -0.278742 -0.416899
v -0.553016 -0.182240 -0.238555
v -0.489487 -0.676118 -0.357394
v -0.593290 -0.359173 -0.032847
v -0.574014 -0.380860 0.059368
v -0.613246 -0.649942 0.054092
v -0.592235 -0.466428 0.070453
v -0.605014 -0.573618 0.063870
v -0.624007 -0.690661 0.052221
v -0.615267 -0.686144 0.041257
v -0.604114 -0.768020 0.005841
v -0.621839 -0.385434 -0.477362
v -0.548352 -0.844892 -0.151988
v -0.614017 -0.513078 0.071290
v -0.604786 -0.610712 0.038486
v -0.577239 -0.281269 -0.444610
v -0.558675 -0.190014 -0.177783
v -0.598810 -0.809283 -0.005349
v -0.598074 -0.293681 -0.394690
v -0.592540 -0.697252 0.031141
v -0.526207 -0.779900 -0.268919
v -0.592013 -0.853209 -0.030458
v -0.560946 -0.514117 0.078462
v -0.587730 -0.609166 0.053028
v -0.592497 -0.872030 0.038771
v -0.590856 -0.758281 0.062714
v -0.570457 -0.625476 0.049271
v -0.556663 -0.388733 0.019264
v -0.581170 -0.356934 -0.019070
v -0.592890 -0.792938 0.119356
v -0.574439 -0.423901 0.050341
v -0.587931 -0.774018 0.135404
v -0.574924 -0.666916 0.065656
v -0.578458 -0.754116 0.084540
v -0.518262 -0.357902 -0.499120
v -0.584813 -0.879058 0.084251
v -0.578790 -0.565624 0.053524
v -0.567966 -0.834575 0.123425
v -0.576262 -0.808566 0.074538
v -0.572845 -0.737106 0.161616
v -0.571336 -0.820244 0.101005
v -0.556964 -0.693461 0.119715
v -0.562418 -0.312225 -0.047877
v -0.523337 -0.350331 -0.471789
v -0.555499 -0.210503 -0.128353
v -0.560050 -0.750776 0.126217
v -0.505519 -0.421935 0.097803
v -0.560721 -0.593661 0.119868
v -0.484037 -0.254375 -0.462843
v -0.484054 -0.405638 -0.515089
v -0.551642 -0.717200 0.183040
v -0.556126 -0.715272 0.189710
v -0.554973 -0.307967 -0.035863
v -0.556118 -0.894327 0.092512
v -0.566820 -0.579475 0.054078
v -0.547775 -0.516587 0.058270
v -0.445404 -0.299731 -0.464604
v -0.540107 -0.248790 -0.084285
v -0.556841 -0.858920 0.140811
v -0.517418 -0.351666 0.010857
v -0.497401 -0.369652 0.086634
v -0.552758 -0.660258 0.083227
v -0.529135 -0.402867 0.095403
v -0.557651 -0.161365 -0.247809
v -0.558087 -0.186719 -0.131111
v -0.547201 -0.835603 0.099228
v -0.551890 -0.805777 0.125475
v -0.543739 -0.527920 0.125365
v -0.519385 -0.448662 0.090372
v -0.543376 -0.542723 0.068489
v -0.526514 -0.321642 -0.028879
v -0.512276 -0.394665 0.070060
v -0.544854 -0.628789 0.165501
v -0.548216 -0.155086 -0.186644
v -0.549571 -0.861168 0.153759
v -0.509265 -0.277578 -0.415493
v -0.549696 -0.898557 0.116101
v -0.538304 -0.708367 0.146493
v -0.541508 -0.189653 -0.292724
v -0.540513 -0.244592 -0.051064
v -0.540261 -0.856680 0.125088
v -0.522962 -0.135019 -0.298829
v -0.525368 -0.153040 -0.331268
v -0.532794 -0.212623 -0.344440
v -0.518417 -0.691886 0.173844
v -0.525485 -0.218748 -0.397619
v -0.537769 -0.194937 -0.097492
v -0.530144 -0.264882 -0.060251
v -0.515668 -0.240824 -0.386419
v -0.516490 -0.183449 -0.349990
v -0.523564 -0.475618 0.074916
v -0.511061 -0.898154 0.146802
v -0.506623 -0.460714 0.122351
v -0.509524 -0.917717 0.125978
v -0.515425 -0.680012 0.183453
v -0.465686 -0.322457 0.079567
v -0.510599 -0.294133 -0.007380
v -0.517567 -0.534166 0.136325
v -0.440247 -0.271504 -0.476506
v -0.510993 -0.284924 0.010294
v -0.495019 -0.251527 -0.011265
v -0.512793 -0.265034 -0.431247
v -0.498900 -0.520333 0.153312
v -0.475177 -0.322196 0.019352
v -0.508887 -0.799920 0.163932
v -0.501066 -0.156676 -0.161572
v -0.474768 -0.376431 0.105459
v -0.498495 -0.920897 0.103069
v -0.490736 -0.350613 0.053516
v -0.498243 -0.192363 -0.101478
v -0.504718 -0.895740 0.140588
v -0.492642 -0.479756 0.118097
v -0.487643 -0.139921 -0.231375
v -0.497951 -0.588593 0.170946
v -0.487907 -0.229309 -0.064564
v -0.499052 -0.258213 -0.439561
v -0.488653 -0.663780 0.194362
v -0.499399 -0.416011 0.113356
v -0.500610 -0.715125 0.165573
v -0.504575 -0.283136 -0.049268
v -0.496725 -0.659834 0.205650
v -0.496587 -0.665887 0.172101
v -0.498215 -0.372994 0.153356
v -0.483757 -0.168257 -0.383872
v -0.498352 -0.379177 0.126897
v -0.499402 -0.792316 0.152853
v -0.492472 -0.302483 -0.013378
v -0.497788 -0.347076 0.129741
v -0.499564 -0.344892 0.099831
v -0.495601 -0.804275 0.132972
v -0.491631 -0.835329 0.118602
v -0.490961 -0.732798 0.203817
v -0.492126 -0.920006 0.051839
v -0.497951 -0.597008 0.228913
v -0.493420 -0.607918 0.222684
v -0.493917 -0.883595 0.119162
v -0.481558 -0.845155 0.198418
v -0.489753 -0.530365 0.194321
v -0.490906 -0.405395 0.152933
v -0.468539 -0.211447 -0.415074
v -0.485647 -0.398447 0.178175
v -0.483885 -0.303963 0.044471
v -0.469920 -0.452794 0.137445
v -0.483559 -0.322766 0.107562
v -0.427919 -0.335058 -0.483906
v -0.479173 -0.256555 -0.022005
v -0.485800 -0.140540 -0.125973
v -0.478709 -0.337002 0.091946
v -0.475207 -0.924331 0.153807
v -0.469375 -0.331555 0.062042
v -0.474558 -0.108420 -0.232108
v -0.459748 -0.922465 0.068081
v -0.450663 -0.299887 0.072485
v -0.355961 -0.903722 -0.204025
v -0.460233 -0.581031 0.255327
v -0.481894 -0.314246 0.088455
v -0.471322 -0.419734 0.167288
v -0.477280 -0.297943 0.106537
v -0.481853 -0.413348 0.196716
v -0.478333 -0.221094 -0.035494
v -0.470421 -0.435201 0.114310
v -0.465902 -0.627467 0.201094
v -0.479607 -0.510957 0.153658
v -0.455210 -0.184890 -0.028176
v -0.464742 -0.819061 0.241199
v -0.472197 -0.461360 0.159649
v -0.457960 -0.337984 0.159321
v -0.485370 -0.362378 0.101265
v -0.471206 -0.156535 -0.340269
v -0.470522 -0.594640 0.210493
v -0.437302 -0.752565 0.292759
v -0.471187 -0.292811 0.084626
v -0.469565 -0.392293 0.121098
v -0.459294 -0.141365 -0.314007
v -0.452911 -0.117177 -0.130424
v -0.441058 -0.337218 0.180710
v -0.462931 -0.367144 0.180171
v -0.464746 -0.424941 0.198717
v -0.470526 -0.838676 0.206197
v -0.464342 -0.277700 0.015799
v -0.463475 -0.609376 0.201246
v -0.464387 -0.280985 0.095502
v -0.443109 -0.489564 0.192674
v -0.452076 -0.234464 0.013417
v -0.415818 -0.350631 -0.508989
v -0.465004 0.222976 -0.152497
v -0.453706 -0.399531 0.123804
v -0.451167 -0.925156 0.209962
v -0.456349 0.264320 -0.169674
v -0.453462 -0.259660 0.009520
v -0.445840 -0.589069 0.238556
v -0.455361 0.221150 -0.181551
v -0.460220 -0.269072 0.091934
v -0.446311 -0.312424 0.139398
v -0.449929 0.258443 -0.192243
v -0.455094 -0.427043 0.219497
v -0.443868 -0.442872 0.206093
v -0.453119 0.189048 -0.151140
v -0.386069 -0.244586 -0.454705
v -0.450332 -0.414129 0.147124
v -0.459051 -0.932684 0.028097
v -0.441077 0.260806 -0.144494
v -0.456335 0.316083 -0.117251
v -0.436702 -0.935959 0.221505
v -0.442083 -0.298063 0.062573
v -0.434686 -0.306394 0.125152
v -0.451403 0.264490 -0.116281
v -0.419109 -0.089334 -0.276254
v -0.440999 -0.583512 0.214300
v -0.413181 -0.252088 -0.444848
v -0.444471 -0.284575 0.068190
v -0.437691 0.287194 -0.093613
v -0.436844 -0.108991 -0.328378
v -0.450594 0.289680 -0.155436
v -0.446369 0.324354 -0.159852
v -0.397949 -0.810726 -0.287291
v -0.436076 0.343173 -0.107003
v -0.451957 0.192216 -0.105136
v -0.444429 -0.261595 0.090495
v -0.436521 0.225819 -0.219682
v -0.448031 0.219096 -0.136205
v -0.415573 -0.218072 -0.437007
v -0.436539 0.240041 -0.098913
v -0.428383 -0.423024 0.148853
v -0.445518 0.322813 -0.087870
v -0.424403 0.252228 -0.204659
v -0.434650 0.191618 -0.195621
v -0.432946 0.166009 -0.093460
v -0.449653 0.560975 0.034782
v -0.437541 -0.647538 0.246736
v -0.428652 -0.147020 -0.076709
v -0.431385 0.249346 -0.108057
v -0.433452 0.300989 -0.076721
v -0.429595 -0.192014 -0.020064
v -0.444885 0.306746 -0.199275
v -0.443463 0.466163 0.116802
v -0.434198 0.215979 -0.086704
v -0.437577 0.534694 0.034147
v -0.441353 0.493690 0.123040
v -0.441303 0.279646 -0.226107
v -0.424618 0.515060 -0.023191
v -0.433134 0.469734 0.070828
v -0.422876 -0.129141 -0.362136
v -0.440492 0.174139 -0.123330
v -0.433665 -0.525613 0.191893
v -0.404307 -0.279307 0.163517
v -0.416433 0.281923 -0.168220
v -0.424895 0.136586 -0.126562
v -0.404481 0.343746 -0.095055
v -0.430091 -0.278543 0.065202
v -0.432706 0.271797 -0.195999
v -0.403980 0.361936 -0.118493
v -0.428174 0.239836 -0.139201
v -0.434051 0.463876 0.132906
v -0.418984 0.173176 -0.162566
v -0.429560 0.488823 0.214526
v -0.433024 0.451189 0.081079
v -0.427580 0.143670 -0.089169
v -0.423667 0.523306 0.102733
v -0.432229 0.501355 0.165743
v -0.406138 -0.856211 0.309374
v -0.399185 0.363453 -0.079813
v -0.419308 0.490644 0.137581
v -0.417799 0.304196 -0.172725
v -0.435431 0.571975 0.007090
v -0.431298 0.578696 -0.026582
v -0.434769 -0.357194 0.198120
v -0.427097 -0.119331 -0.142069
v -0.433190 0.557869 0.100362
v -0.432500 0.186519 -0.142343
v -0.426350 0.308441 -0.234951
v -0.425678 0.552596 0.046747
v -0.421034 0.593827 0.087164
v -0.412989 0.420762 0.102770
v -0.426554 -0.173852 -0.372184
v -0.425396 -0.480388 0.168823
v -0.435110 0.165810 -0.181279
v -0.431224 0.509831 0.035134
v -0.435508 -0.432730 0.220523
v -0.426611 -0.381735 0.211629
v -0.426077 -0.548829 0.210414
v -0.421850 0.197406 -0.095146
v -0.418344 0.599653 0.041585
v -0.414310 0.531940 0.034576
v -0.423732 0.514419 0.069040
v -0.417487 0.518925 0.216113
v -0.409731 -0.103837 -0.188162
v -0.423221 0.528653 0.085698
v -0.404971 0.348700 -0.054091
v -0.423158 -0.255833 0.029358
v -0.420425 0.493647 -0.005734
v -0.415434 0.143037 -0.168655
v -0.407873 -0.247816 0.094257
v -0.407395 0.484756 -0.049290
v -0.417234 0.294976 -0.104935
v -0.427561 0.176636 -0.061847
v -0.433276 0.453476 0.172785
v -0.406082 0.338542 -0.211973
v -0.418642 0.563860 0.128238
v -0.412881 0.162373 -0.225535
v -0.369350 -0.223859 -0.432355
v -0.415782 0.514338 0.138628
v -0.414817 -0.270470 0.072950
v -0.404622 0.239387 -0.091729
v -0.417826 0.262684 -0.227530
v -0.397008 0.247731 -0.105830
v -0.424836 0.421775 0.008738
v -0.422184 -0.186681 -0.000064
v -0.423836 0.392063 -0.005502
v -0.406138 -0.444003 0.214751
v -0.411667 0.609253 0.002143
v -0.406054 0.497664 -0.076225
v -0.417794 -0.575654 0.217559
v -0.422499 0.404077 0.072098
v -0.402011 0.149098 -0.069744
v -0.419874 0.273625 -0.095949
v -0.422927 0.235491 -0.243376
v -0.400628 0.222162 -0.048940
v -0.419902 0.438030 0.087903
v -0.416163 0.327033 -0.252633
v -0.409156 0.430946 0.072761
v -0.418805 0.448024 0.203323
v -0.421898 0.267932 -0.266481
v -0.418012 -0.282140 0.120903
v -0.384484 -0.704348 0.317689
v -0.398500 0.134939 -0.068828
v -0.403121 -0.431904 0.233494
v -0.415569 0.475502 0.248852
v -0.415209 -0.130874 -0.058041
v -0.418671 0.651676 0.095020
v -0.414232 0.422548 -0.021760
v -0.418604 0.640827 0.145129
v -0.411307 0.449124 0.024153
v -0.411043 0.245113 -0.274864
v -0.405613 0.570813 -0.098673
v -0.412496 0.348674 -0.225990
v -0.411083 0.283141 -0.236938
v -0.415657 0.667627 0.055251
v -0.396937 0.518490 0.180634
v -0.408070 -0.372185 0.214601
v -0.403059 -0.449853 0.158522
v -0.406891 0.491963 0.244894
v -0.405285 0.369706 -0.040767
v -0.410081 0.307426 -0.085845
v -0.413065 0.518172 0.004607
v -0.411367 0.193222 -0.034644
v -0.414818 0.239478 -0.225795
v -0.401444 0.448484 0.051143
v -0.392490 -0.944764 0.008886
v -0.414418 0.367311 -0.192283
v -0.388380 -0.432874 0.173922
v -0.404176 -0.338427 0.204936
v -0.379838 -0.458435 -0.471009
v -0.415992 0.329175 -0.190108
v -0.410848 0.343646 -0.159568
v -0.408971 -0.429194 0.144429
v -0.412354 0.661499 0.040195
v -0.395297 0.246538 -0.216941
v -0.394473 0.596995 -0.061177
v -0.382228 -0.160858 -0.405121
v -0.405955 -0.087417 -0.125217
v -0.406672 0.534119 0.109814
v -0.414834 0.596793 0.151669
v -0.387173 -0.946439 0.252840
v -0.400264 0.247686 -0.020977
v -0.413536 0.624571 -0.027268
v -0.416448 0.278179 -0.046974
v -0.403069 0.374957 0.050292
v -0.407742 0.431297 0.171696
v -0.403367 0.123625 -0.090527
v -0.391023 0.344464 -0.015658
v -0.406576 0.219139 -0.064679
v -0.396542 0.559541 -0.116619
v -0.369270 -0.823737 0.349352
v -0.293119 -0.249221 -0.465079
v -0.378485 0.139140 -0.196381
v -0.387610 0.696778 -0.010111
v -0.393796 0.397639 0.096715
v -0.394327 0.688628 0.112861
v -0.391525 0.525210 0.078476
v -0.404678 0.158026 -0.151109
v -0.404208 0.314769 -0.071305
v -0.399587 0.361811 0.129406
v -0.404131 0.495641 0.304269
v -0.406738 0.361937 0.074925
v -0.404447 -0.507065 0.178972
v -0.403767 0.505614 0.289742
v -0.315226 -0.889441 -0.258279
v -0.399611 0.500326 -0.016788
v -0.391825 0.670033 0.169491
v -0.393907 0.361399 -0.224369
v -0.385027 0.220120 -0.092995
v -0.385703 0.544063 0.117513
v -0.406528 0.549726 0.224656
v -0.389831 0.304305 -0.284795
v -0.382095 0.206953 -0.238498
v -0.401231 -0.565938 0.231842
v -0.401504 0.516507 0.150967
v -0.401168 0.405932 0.129384
v -0.396904 0.438874 -0.025788
v -0.405532 0.563203 0.151182
v -0.400351 0.355686 -0.255371
v -0.376483 -0.058443 -0.207470
v -0.399660 0.657276 0.198834
v -0.401888 0.555106 0.183598
v -0.375305 -0.098294 -0.296608
v -0.406316 0.528184 0.093716
v -0.397507 -0.232492 0.033285
v -0.406193 0.528716 0.092546
v -0.398908 0.453381 0.242707
v -0.387980 0.458063 0.196636
v -0.376834 -0.280238 0.135343
v -0.391798 0.278866 -0.004800
v -0.405169 0.528269 0.092822
v -0.395403 0.535774 0.051648
v -0.395388 0.599419 0.178087
v -0.404804 -0.118740 -0.354916
v -0.401444 0.557866 0.279433
v -0.394641 0.486578 -0.044051
v -0.382641 -0.628756 0.279071
v -0.390330 0.573376 0.143183
v -0.399701 0.171783 -0.040190
v -0.388516 0.704328 0.028558
v -0.404299 0.382903 0.198712
v -0.393600 0.654263 0.225310
v -0.393884 0.571732 0.255340
v -0.389191 0.567446 0.179043
v -0.360346 -0.788732 0.355348
v -0.402538 0.387667 -0.106261
v -0.359404 -0.936067 0.312195
v -0.387165 0.690297 0.210070
v -0.381061 0.416301 0.150489
v -0.357617 0.347570 -0.037652
v -0.391136 0.535794 0.252632
v -0.391832 0.351487 -0.153257
v -0.390949 0.513607 0.310117
v -0.398385 0.646388 -0.030552
v -0.374703 0.328988 -0.045736
v -0.372997 0.194127 -0.013282
v -0.399469 0.398275 -0.169055
v -0.370634 0.286995 -0.298141
v -0.397349 -0.525310 0.224592
v -0.382565 0.361604 -0.130970
v -0.393516 0.617177 -0.095865
v -0.380746 -0.347676 0.209761
v -0.392188 0.396934 0.203550
v -0.386704 0.157924 -0.147638
v -0.386464 0.659300 -0.092115
v -0.382813 -0.257996 0.115612
v -0.380389 0.349467 0.010632
v -0.394630 0.452678 -0.048501
v -0.389814 0.525641 0.210615
v -0.387899 0.389603 -0.123263
v -0.395028 0.392289 -0.053566
v -0.369415 0.226974 -0.001323
v -0.391840 0.313263 -0.262546
v -0.374314 -0.089678 -0.121798
v -0.388124 0.417547 0.218849
v -0.381495 0.418308 0.093232
v -0.376449 0.516555 0.258948
v -0.397661 0.191247 -0.260698
v -0.393339 0.431386 0.205594
v -0.372138 -0.148732 -0.025289
v -0.382089 0.357978 0.218696
v -0.359991 0.393408 -0.225976
v -0.398411 0.376194 -0.173664
v -0.383198 0.393956 0.132459
v -0.386945 0.226612 -0.270573
v -0.389788 0.105064 -0.126492
v -0.387061 0.127632 -0.103606
v -0.388464 0.474934 -0.085909
v -0.384267 0.437775 0.171836
v -0.381666 0.343785 0.097350
v -0.381133 -0.470583 0.198842
v -0.369390 0.243864 -0.284760
v -0.381825 0.204591 -0.307212
v -0.376670 0.296108 -0.053091
v -0.385936 0.419747 -0.154946
v -0.378392 -0.235900 0.039768
v -0.376879 0.394129 -0.070644
v -0.378188 0.701724 0.060605
v -0.353147 0.342773 -0.260510
v -0.373294 -0.439408 0.208729
v -0.383012 0.636842 0.217201
v -0.386176 0.363116 0.171197
v -0.371189 0.217557 -0.038530
v -0.388199 0.581948 0.249519
v -0.359896 -0.249659 0.109303
v -0.384176 0.342880 0.172755
v -0.383893 0.174315 -0.231178
v -0.383196 0.431721 0.235111
v -0.372799 0.678827 0.230290
v -0.377145 0.134935 -0.151407
v -0.368766 0.165558 -0.218755
v -0.378794 0.492440 -0.086730
v -0.393035 0.356613 0.067439
v -0.368372 0.594570 -0.149915
v -0.391659 -0.273919 0.079395
v -0.371636 0.320864 -0.070698
v -0.380879 0.591042 0.299515
v -0.369627 -0.148606 -0.374117
v -0.361325 0.366649 0.242887
v -0.382455 -0.274008 0.061409
v -0.386456 0.203978 -0.253390
v -0.282432 -0.340664 -0.493963
v -0.372162 0.696529 0.196352
v -0.357113 -0.268431 0.086862
v -0.348573 -0.625108 -0.383631
v -0.354959 0.336894 0.208632
v -0.368434 0.527757 0.284081
v -0.376795 0.754409 0.068514
v -0.370135 0.171951 -0.081132
v -0.373247 -0.320829 0.190166
v -0.359509 0.170399 -0.030351
v -0.371933 0.441655 0.258958
v -0.356853 0.424583 -0.118521
v -0.385244 0.166647 -0.274373
v -0.351931 -0.084639 -0.096371
v -0.373225 0.688714 -0.057265
v -0.382461 0.411712 -0.126756
v -0.368406 -0.309595 0.174019
v -0.365973 -0.079481 -0.247278
v -0.371712 0.477251 -0.108982
v -0.372512 0.599797 0.176733
v -0.361984 0.639419 0.251756
v -0.364733 0.354236 0.207950
v -0.377332 0.106201 -0.101563
v -0.354243 0.612406 0.313090
v -0.360843 -0.501716 0.253264
v -0.375594 0.141818 -0.087552
v -0.372185 0.727070 0.106092
v -0.372923 0.364671 -0.059704
v -0.373730 0.387515 -0.192425
v -0.359363 0.188774 -0.313548
v -0.370165 0.705716 0.183688
v -0.369088 0.473331 0.281045
v -0.371500 0.455788 0.246955
v -0.360265 0.429528 0.240498
v -0.363613 0.589958 -0.105320
v -0.368994 -0.533224 0.246492
v -0.371205 -0.250875 0.029733
v -0.360319 0.545146 0.326619
v -0.370403 0.580659 0.331769
v -0.350256 0.382649 -0.235060
v -0.366969 0.443898 0.204354
v -0.365849 0.738505 0.166939
v -0.365624 0.691602 -0.093915
v -0.373339 0.355305 0.063506
v -0.367849 0.759254 0.148494
v -0.348997 -0.410443 0.239296
v -0.297128 -0.119913 -0.395136
v -0.369183 0.142830 -0.108957
v -0.370908 -0.420171 0.232684
v -0.380069 0.306299 -0.017385
v -0.363754 -0.543401 0.231595
v -0.370633 0.481853 -0.134732
v -0.356579 0.265187 -0.001381
v -0.357622 0.508540 -0.152241
v -0.361487 0.090287 -0.146231
v -0.350587 0.778295 0.198375
v -0.359447 0.481804 0.332806
v -0.339239 -0.213421 -0.447834
v -0.364451 0.415312 0.225647
v -0.371430 -0.311065 0.156434
v -0.340460 0.706926 0.277535
v -0.374908 0.118752 -0.180906
v -0.369303 0.306101 0.010039
v -0.346014 0.670175 0.261095
v -0.372318 -0.508618 0.213753
v -0.347167 0.352210 0.252332
v -0.338549 0.220322 -0.007128
v -0.352466 0.077318 -0.097355
v -0.369538 0.110933 -0.080239
v -0.369055 0.103119 -0.208118
v -0.353698 0.091532 -0.085633
v -0.352137 0.524053 0.361519
v -0.360384 0.403424 -0.107320
v -0.358363 0.560774 0.310141
v -0.328477 0.595151 0.288396
v -0.369682 0.416580 -0.175386
v -0.310656 -0.937823 0.319273
v -0.367279 -0.223355 0.010149
v -0.351079 0.642949 -0.154812
v -0.367407 0.747712 0.008127
v -0.363891 0.151768 -0.257377
v -0.356995 0.507516 0.363215
v -0.360241 0.348559 0.177175
v -0.364109 0.464663 0.292819
v -0.370657 0.590120 0.190732
v -0.364760 0.349981 0.090753
v -0.358882 0.134038 -0.064527
v -0.360896 0.697475 -0.032978
v -0.362216 0.275589 -0.028300
v -0.371125 0.605145 0.219319
v -0.343135 0.480325 0.370754
v -0.366705 0.287775 0.038768
v -0.352782 0.756575 0.039718
v -0.354373 0.433077 -0.205492
v -0.360005 0.340889 0.066029
v -0.355978 0.202994 -0.022856
v -0.271058 -0.296510 -0.463837
v -0.361521 0.343272 -0.007095
v -0.357869 0.777125 -0.035568
v -0.363949 0.314084 0.081026
v -0.352330 -0.425479 0.209051
v -0.356174 -0.278626 0.139406
v -0.348238 0.277014 -0.002264
v -0.363288 -0.425127 0.189077
v -0.347327 0.342687 0.051250
v -0.347985 0.150272 -0.230691
v -0.357712 0.761195 0.123426
v -0.352518 0.370001 0.061551
v -0.348553 -0.603776 0.282757
v -0.355627 0.115195 -0.107824
v -0.359856 0.640796 0.198327
v -0.348515 0.810298 0.063571
v -0.234350 -0.786543 -0.331463
v -0.358506 -0.192388 -0.017783
v -0.349707 0.113886 -0.167419
v -0.358995 0.325292 -0.311649
v -0.351506 0.273848 0.057301
v -0.354510 0.368881 -0.257508
v -0.351711 0.380388 -0.276400
v -0.306146 -0.138417 -0.402818
v -0.346824 0.482959 0.317534
v -0.353551 0.310540 -0.275455
v -0.335462 0.666219 0.289765
v -0.331509 0.140272 -0.063100
v -0.344804 0.637462 0.244963
v -0.349535 0.320192 0.033329
v -0.342609 0.588224 0.253423
v -0.349119 -0.225358 0.029113
v -0.347267 0.342003 0.106427
v -0.324365 -0.273638 0.147109
v -0.344941 0.599613 0.383803
v -0.346912 0.107164 -0.225662
v -0.352994 0.334456 0.129807
v -0.342291 0.169993 -0.074402
v -0.336027 -0.256112 0.065443
v -0.345806 0.174993 -0.296181
v -0.354757 0.410307 0.240642
v -0.345016 0.739890 0.221997
v -0.343859 -0.615954 0.309296
v -0.339547 0.276941 0.018292
v -0.334067 -0.046046 -0.265711
v -0.350250 0.434662 0.222860
v -0.331070 0.800822 0.165784
v -0.341041 0.184776 -0.020681
v -0.338229 0.624215 0.200955
v -0.350811 -0.153788 -0.038427
v -0.353068 -0.468802 0.220470
v -0.332600 0.279455 -0.289950
v -0.336726 0.085488 -0.166049
v -0.347620 0.343368 0.174919
v -0.330996 -0.249975 -0.452034
v -0.338561 0.797789 0.029058
v -0.324690 -0.287753 0.155651
v -0.355921 0.410410 0.298975
v -0.343736 0.275297 -0.309578
v -0.326903 -0.363922 0.215891
v -0.357643 0.433381 0.280238
v -0.353689 0.544941 -0.148872
v -0.352995 0.347969 0.022273
v -0.345954 0.126009 -0.266493
v -0.355243 0.780536 -0.007006
v -0.339931 0.317844 0.110963
v -0.355629 0.573880 0.210499
v -0.354154 0.659799 -0.130617
v -0.350129 0.290876 -0.328812
v -0.348913 0.608570 0.344717
v -0.331393 0.567214 0.400640
v -0.333423 0.819676 0.104069
v -0.334211 0.582708 -0.174497
v -0.298475 -0.907867 0.353423
v -0.346252 -0.058013 -0.145260
v -0.334493 0.461700 0.304902
v -0.341680 0.441272 0.246378
v -0.336702 0.775294 0.214056
v -0.328569 0.437135 -0.164808
v -0.342375 0.676358 -0.142184
v -0.328087 0.618487 0.219649
v -0.341988 -0.143756 -0.078271
v -0.337461 -0.486173 0.258160
v -0.316688 0.640714 0.308263
v -0.337983 0.427780 -0.150549
v -0.344568 0.544074 0.299589
v -0.336207 0.541712 0.357323
v -0.340326 0.712371 0.233129
v -0.318713 0.062576 -0.144164
v -0.296970 -0.642913 0.347985
v -0.334317 0.111521 -0.240817
v -0.337775 0.326284 -0.346591
v -0.341158 0.358835 0.088975
v -0.332937 0.157130 -0.308685
v -0.347036 0.451638 0.270851
v -0.310820 -0.339041 0.199595
v -0.336691 0.357371 -0.229914
v -0.321509 0.413950 -0.217446
v -0.330738 0.164273 -0.002412
v -0.345665 -0.194851 -0.026671
v -0.322095 -0.080346 -0.300351
v -0.302118 -0.873499 0.354314
v -0.332656 0.619133 0.299740
v -0.347616 0.231772 -0.309859
v -0.340266 0.787065 -0.066765
v -0.335949 0.222733 -0.350887
v -0.340841 0.250199 -0.012036
v -0.331682 -0.266823 0.131345
v -0.326140 0.145479 -0.022860
v -0.343503 0.257635 -0.332923
v -0.332690 0.555083 0.355641
v -0.331795 0.353766 -0.321721
v -0.354115 0.799044 0.094590
v -0.324648 0.379921 -0.297336
v -0.333672 -0.270267 0.101735
v -0.319291 0.122553 -0.227773
v -0.336929 -0.237723 0.022533
v -0.342382 0.573753 0.350366
v -0.326256 0.424528 0.334853
v -0.319063 0.085680 -0.077816
v -0.283461 -0.209460 -0.417813
v -0.309854 0.600558 0.339262
v -0.341968 0.701963 -0.133448
v -0.332812 0.254013 -0.281494
v -0.327691 0.822802 0.027141
v -0.334662 0.348393 0.230595
v -0.323482 0.804575 0.112871
v -0.329321 0.829648 0.079243
v -0.330579 -0.664346 0.325450
v -0.324881 0.513946 -0.175951
v -0.328419 0.396520 0.313257
v -0.336595 -0.404260 0.181571
v -0.335405 -0.400923 0.226001
v -0.336739 0.263621 -0.030882
v -0.339613 -0.410933 0.202851
v -0.310601 0.199127 -0.306729
v -0.309259 -0.297592 0.163205
v -0.328734 0.276012 0.066363
v -0.333043 0.744486 0.281983
v -0.335949 0.647497 0.270698
v -0.307322 -0.563999 0.315627
v -0.334790 0.295145 0.125774
v -0.300393 0.260905 -0.003691
v -0.299756 0.778619 -0.124617
v -0.334842 0.076918 -0.116741
v -0.329355 0.356818 0.114342
v -0.335966 0.216722 0.006355
v -0.334680 0.728387 -0.105458
v -0.319457 0.761339 0.241756
v -0.339202 0.444145 0.313498
v -0.320048 0.451177 0.365775
v -0.293237 -0.178124 -0.398623
v -0.313675 0.827187 -0.002928
v -0.327687 -0.283082 0.107945
v -0.318603 0.078855 -0.173605
v -0.327900 0.249290 -0.355347
v -0.327700 0.249240 0.004920
v -0.317712 0.480725 -0.185510
v -0.327392 0.264155 0.086844
v -0.326898 -0.101977 -0.120820
v -0.287231 0.486382 0.372585
v -0.325034 0.208121 -0.035719
v -0.312056 0.610610 0.387504
v -0.312343 0.702845 0.290738
v -0.312270 0.724884 0.320908
v -0.320115 0.366041 0.166516
v -0.306733 0.645918 -0.177768
v -0.318277 0.804166 0.208252
v -0.318970 -0.380018 0.223414
v -0.314829 0.596927 0.396373
v -0.313996 -0.315789 0.180627
v -0.322889 -0.438781 0.204515
v -0.318099 0.163516 -0.059848
v -0.284289 -0.937700 0.336607
v -0.324377 0.228707 0.022606
v -0.315836 0.271392 -0.020096
v -0.301723 0.643015 0.286122
v -0.311994 0.290367 -0.335815
v -0.325048 0.301171 0.017311
v -0.325181 0.813529 -0.032093
v -0.316116 0.347804 0.141053
v -0.299446 0.424646 -0.190310
v -0.316623 0.299207 0.140150
v -0.305791 0.269439 0.038777
v -0.317489 -0.299590 0.119057
v -0.317019 0.143267 -0.087022
v -0.312419 0.379912 -0.223849
v -0.309118 0.624282 0.340148
v -0.308532 0.101916 -0.190859
v -0.310014 0.067120 -0.112449
v -0.318859 0.851826 0.066480
v -0.298496 0.351753 -0.328022
v -0.321171 -0.395164 0.206849
v -0.317323 -0.427092 0.205051
v -0.308434 -0.728609 0.361209
v -0.309265 -0.287686 0.083461
v -0.307783 -0.037011 -0.184927
v -0.299586 0.460534 0.339970
v -0.306915 0.097100 -0.246476
v -0.311269 0.853717 0.120564
v -0.288839 -0.052434 -0.315811
v -0.307961 0.629220 0.256005
v -0.260331 -0.833420 0.370165
v -0.301532 -0.446281 0.239872
v -0.315486 0.369361 0.262310
v -0.317840 0.132016 -0.290823
v -0.302330 0.459863 0.386889
v -0.303626 0.702837 0.339454
v -0.305502 0.822278 0.015363
v -0.315255 0.195358 -0.009215
v -0.286938 0.796192 0.258010
v -0.314886 0.264129 0.107362
v -0.285172 -0.079608 -0.079122
v -0.306158 0.679586 0.341716
v -0.314613 0.194566 0.021749
v -0.305538 -0.354981 0.209990
v -0.297362 0.676000 -0.195810
v -0.316803 0.552259 0.330129
v -0.306993 0.624375 0.362137
v -0.316527 -0.375008 0.192749
v -0.298385 0.165563 0.011800
v -0.313262 0.430188 -0.252655
v -0.315525 0.391483 0.290246
v -0.301046 0.199411 -0.295671
v -0.313357 -0.080765 -0.153971
v -0.309945 0.562097 -0.182917
v -0.306693 0.106690 -0.074805
v -0.315365 0.390508 -0.262368
v -0.310366 0.276206 -0.352984
v -0.263099 -0.239328 -0.465325
v -0.303872 0.379212 -0.285301
v -0.304776 0.403607 0.330867
v -0.303521 -0.727777 0.372971
v -0.300644 0.852361 -0.028785
v -0.292923 0.437560 -0.198942
v -0.309980 -0.469031 0.220462
v -0.305971 0.163939 -0.305791
v -0.308112 0.766955 0.287802
v -0.300238 -0.454719 0.229858
v -0.279833 0.780756 -0.144598
v -0.306765 0.310633 -0.345744
v -0.313345 -0.369009 0.166236
v -0.304085 0.357061 -0.304560
v -0.296914 0.159466 -0.040294
v -0.307932 -0.361229 0.180331
v -0.287650 0.478561 0.390236
v -0.286412 -0.112082 -0.361495
v -0.313676 -0.313308 0.137683
v -0.289042 -0.314167 0.116644
v -0.270339 0.746455 0.292779
v -0.311256 -0.323819 0.159767
v -0.297994 0.329051 0.137238
v -0.315186 0.243307 0.057586
v -0.298230 0.094153 -0.200517
v -0.301642 0.142018 -0.043213
v -0.264186 -0.008855 -0.249192
v -0.301223 0.648930 0.349900
v -0.311706 0.334740 0.202689
v -0.286552 0.560003 0.416662
v -0.290074 0.827323 0.195049
v -0.300815 -0.528330 0.284704
v -0.296124 0.736341 -0.156598
v -0.289266 0.229504 -0.373884
v -0.308211 0.165391 -0.323771
v -0.300597 0.199899 -0.344908
v -0.297740 0.660928 0.329019
v -0.294205 0.127018 -0.088157
v -0.300186 0.227587 0.043999
v -0.297792 0.092195 -0.102302
v -0.302114 0.281917 0.121056
v -0.308526 0.364179 0.245169
v -0.304996 0.362805 0.179290
v -0.291481 0.505546 0.382964
v -0.301967 0.263734 0.066969
v -0.300395 -0.339806 0.171712
v -0.297578 -0.065086 -0.181158
v -0.295857 0.529237 0.383754
v -0.280985 0.574213 -0.210370
v -0.309214 0.385697 -0.306690
v -0.273311 -0.396937 0.218314
v -0.266694 0.723430 0.361820
v -0.298309 0.400888 0.289831
v -0.295739 0.094249 -0.270972
v -0.274855 0.316160 0.141255
v -0.272422 0.794872 0.274546
v -0.288869 0.717247 0.289514
v -0.264246 0.448749 -0.214999
v -0.297992 0.251524 0.102987
v -0.296645 0.400925 -0.282447
v -0.200635 -0.947090 -0.140099
v -0.288591 0.201663 -0.356332
v -0.289724 0.415965 -0.291582
v -0.274713 0.864083 0.183733
v -0.272817 0.626208 -0.217966
v -0.287227 0.234308 0.101541
v -0.287498 0.153807 -0.014868
v -0.291521 -0.386962 0.182535
v -0.286968 0.633789 0.400099
v -0.276825 0.833517 -0.087772
v -0.291913 0.208215 0.019541
v -0.259917 -0.395073 0.237585
v -0.254408 0.899966 0.110006
v -0.196129 -0.274634 -0.464507
v -0.295773 0.356142 0.221680
v -0.278365 -0.557580 0.312835
v -0.288452 0.847227 0.044212
v -0.278303 0.096831 -0.225064
v -0.299639 0.345298 -0.346175
v -0.283551 -0.512842 0.247745
v -0.285216 0.871289 0.045205
v -0.294610 0.270419 0.135270
v -0.249333 0.441609 0.380182
v -0.271409 0.591846 0.409792
v -0.238397 -0.337486 0.210516
v -0.293530 0.367191 0.242105
v -0.282518 0.595007 0.373410
v -0.291471 0.394895 -0.332562
v -0.254944 0.521612 0.418907
v -0.278807 -0.037440 -0.209623
v -0.274183 0.120729 -0.045219
v -0.287984 0.152078 -0.296097
v -0.254583 0.827777 0.219437
v -0.265006 0.854764 -0.057987
v -0.290955 0.110175 -0.292114
v -0.273428 0.152791 -0.346810
v -0.289360 -0.605206 0.326868
v -0.271396 -0.419612 0.218930
v -0.288819 0.685663 0.346414
v -0.283102 -0.156760 -0.006903
v -0.257334 0.698638 0.370038
v -0.277189 0.093121 -0.077670
v -0.269154 0.442256 0.395003
v -0.274052 -0.772227 0.392150
v -0.270328 0.250073 -0.364031
v -0.279119 0.378564 0.201795
v -0.278376 0.405807 0.273526
v -0.261544 0.271026 -0.386022
v -0.278245 0.571341 0.407637
v -0.268201 0.079737 -0.099074
v -0.277161 0.315378 -0.374389
v -0.275724 -0.420117 0.240990
v -0.285845 -0.781942 0.374041
v -0.283980 0.441905 -0.258217
v -0.268346 0.389870 0.347750
v -0.276551 0.444530 0.354680
v -0.278030 0.234886 -0.007167
v -0.255614 0.347557 -0.375334
v -0.275064 0.413188 -0.325275
v -0.261546 0.676150 0.386081
v -0.269180 -0.049605 -0.208337
v -0.271141 0.184691 0.005140
v -0.255454 0.307478 0.204716
v -0.266117 0.337249 0.226722
v -0.266057 0.154192 -0.026586
v -0.278533 -0.552868 0.283466
v -0.286497 0.263622 0.001089
v -0.277122 0.180995 -0.030191
v -0.272077 0.869429 0.081210
v -0.287838 0.358784 0.161157
v -0.285905 0.389786 0.252923
v -0.276646 0.404852 0.360190
v -0.244895 0.895184 0.000636
v -0.271506 0.677918 0.320853
v -0.250631 0.873006 -0.042523
v -0.282315 0.531539 0.358106
v -0.257337 0.753560 0.355265
v -0.272265 0.136021 -0.324364
v -0.278462 0.224641 0.079515
v -0.270187 0.403738 0.315467
v -0.264326 0.091592 -0.161822
v -0.276558 0.245517 0.027537
v -0.277837 0.884065 0.065369
v -0.273383 0.263228 0.129451
v -0.273760 0.090105 -0.264870
v -0.250932 0.133169 -0.099894
v -0.255444 -0.352196 0.213956
v -0.251603 0.517213 0.389686
v -0.277622 -0.536916 0.290358
v -0.245486 0.752451 0.320832
v -0.274388 0.364393 0.256747
v -0.269181 0.379094 -0.342694
v -0.271835 0.217401 0.023993
v -0.270444 0.731116 0.303837
v -0.248159 0.467141 0.416739
v -0.261009 0.314782 0.221049
v -0.270382 0.231260 0.059534
v -0.255618 0.308118 0.145906
v -0.294519 0.849949 0.144764
v -0.252111 0.841163 0.232942
v -0.280672 -0.477159 0.247222
v -0.251673 0.160521 -0.053788
v -0.255084 0.781813 0.281305
v -0.244128 -0.329722 0.149001
v -0.245524 0.683472 0.362375
v -0.247331 0.633707 0.423414
v -0.249829 0.420605 -0.284366
v -0.224791 0.533938 0.439101
v -0.258649 0.343108 0.162215
v -0.270415 0.081249 -0.124663
v -0.251717 0.093068 -0.316870
v -0.273464 0.212440 -0.013773
v -0.239173 0.512390 0.406834
v -0.257634 -0.414425 0.216081
v -0.253884 0.323347 -0.376895
v -0.263006 0.460046 -0.261211
v -0.269088 -0.588267 0.302036
v -0.233507 -0.706651 0.389607
v -0.195878 -0.330304 0.217612
v -0.289203 -0.514057 0.257379
v -0.154209 -0.921324 -0.266823
v -0.241242 -0.095949 0.017441
v -0.249237 -0.513201 0.262214
v -0.241051 -0.522461 0.309014
v -0.270321 0.125691 -0.100012
v -0.253037 -0.454505 0.276248
v -0.234711 -0.870938 0.391123
v -0.254359 0.240691 0.086953
v -0.239134 0.185355 -0.356346
v -0.232127 0.422800 0.357137
v -0.252439 0.595319 0.390235
v -0.239823 0.743416 -0.184680
v -0.236876 0.759566 0.372922
v -0.257104 0.212759 0.048853
v -0.255447 0.819132 0.260381
v -0.254764 0.265194 0.114987
v -0.265574 -0.617460 0.312462
v -0.232141 0.843124 -0.097774
v -0.262251 0.106022 -0.109395
v -0.251391 0.801066 0.303664
v -0.262151 -0.064055 -0.025532
v -0.262039 0.378226 0.257174
v -0.248982 0.444797 -0.280280
v -0.265172 -0.549477 0.267153
v -0.244188 0.133652 -0.052241
v -0.265147 0.638871 0.406809
v -0.226906 0.403252 -0.310907
v -0.240741 -0.643857 0.351660
v -0.263057 -0.024318 -0.286911
v -0.269064 -0.343044 0.178186
v -0.217675 -0.059702 -0.354961
v -0.255038 0.371542 0.188433
v -0.257737 -0.660317 0.327174
v -0.255691 0.215055 -0.019688
v -0.220495 0.910354 0.151177
v -0.244047 0.654832 0.432908
v -0.253060 0.388691 0.315705
v -0.254001 0.901395 0.041280
v -0.234771 0.390218 0.364789
v -0.237256 0.124673 -0.130579
v -0.241936 0.009033 -0.077559
v -0.250194 -0.583199 0.279930
v -0.246190 0.348636 0.246075
v -0.245074 0.314954 -0.372002
v -0.231647 0.112551 -0.087212
v -0.248710 -0.087177 -0.351330
v -0.229418 0.139771 -0.332392
v -0.250813 0.176800 -0.030725
v -0.240868 0.283842 0.227140
v -0.251865 0.242659 -0.358848
v -0.250508 0.384426 0.222204
v -0.233182 -0.033373 -0.219120
v -0.245020 -0.766984 0.393360
v -0.245873 0.904948 0.075121
v -0.224354 0.158532 -0.342713
v -0.174052 -0.160818 -0.428634
v -0.062905 -0.479629 -0.417094
v -0.227862 0.799285 0.332601
v -0.243535 0.686609 0.340109
v -0.252376 0.664758 0.360789
v -0.250749 0.209422 -0.352153
v -0.242173 0.269026 -0.378978
v -0.245567 0.018934 0.010315
v -0.231016 0.784680 0.320675
v -0.247830 0.213015 -0.386110
v -0.215945 0.094563 -0.234008
v -0.235986 0.376510 -0.332023
v -0.211028 -0.647310 0.332599
v -0.235190 0.450287 0.358369
v -0.214411 0.156954 0.154846
v -0.209129 0.602514 0.432254
v -0.231999 0.415352 0.281305
v -0.224286 -0.645104 0.340729
v -0.204138 0.777879 -0.171082
v -0.233468 0.885516 0.191139
v -0.232391 0.090869 -0.285212
v -0.209775 0.858521 0.214863
v -0.227417 0.796128 0.355906
v -0.231559 0.631244 -0.220327
v -0.222924 0.633444 0.421728
v -0.217623 0.719346 -0.203872
v -0.225093 0.611735 0.414135
v -0.204945 -0.569670 0.295276
v -0.228864 0.814646 0.263907
v -0.218024 0.386760 0.344216
v -0.230788 0.562389 0.440659
v -0.215331 0.467436 0.399188
v -0.226720 0.405121 0.251802
v -0.234994 -0.621388 0.292672
v -0.228935 0.278684 -0.370077
v -0.201874 -0.943936 0.335155
v -0.214218 0.436936 -0.250280
v -0.217587 0.717340 0.377452
v -0.220948 -0.370049 0.222756
v -0.217224 0.357944 0.226080
v -0.223455 0.735172 0.363284
v -0.230448 0.347103 -0.362678
v -0.204546 0.816580 0.314958
v -0.229989 0.199759 -0.389422
v -0.233418 0.450834 -0.225816
v -0.222433 -0.734709 0.359150
v -0.176646 0.937516 0.070739
v -0.242228 0.367158 -0.349312
v -0.226362 0.354688 0.246622
v -0.229603 -0.886039 0.353698
v -0.194398 -0.879233 0.385157
v -0.213054 0.869894 -0.073241
v -0.210884 0.914589 0.043315
v -0.183212 -0.235113 -0.447490
v -0.196923 0.281802 0.239630
v -0.223027 0.101852 -0.130622
v -0.168514 -0.688429 0.338334
v -0.141434 -0.067166 -0.377123
v -0.193306 -0.453432 0.290398
v -0.222262 0.306329 0.201106
v -0.203024 -0.936737 0.379846
v -0.188585 0.817973 -0.137287
v -0.205485 0.449397 0.390665
v -0.220727 0.831119 0.285283
v -0.204434 -0.449034 0.253680
v -0.218291 0.396660 -0.362374
v -0.201687 0.050667 0.148502
v -0.133234 -0.443459 0.334216
v -0.210735 0.516131 0.413619
v -0.201533 0.383378 0.327046
v -0.158022 0.868333 0.258080
v -0.185080 -0.000363 -0.305392
v -0.200749 0.100622 -0.127381
v -0.046107 -0.722361 -0.349113
v -0.203500 0.668016 0.450641
v -0.206590 -0.913623 0.331444
v -0.195592 0.489346 0.411245
v -0.192374 0.839397 0.299899
v -0.210542 0.348394 -0.377521
v -0.213695 0.527094 -0.268762
v -0.209796 0.674546 0.395119
v -0.220311 0.396287 0.271617
v -0.213630 0.576992 -0.254555
v -0.230573 -0.007939 -0.146238
v -0.209366 0.670575 -0.249676
v -0.225306 0.411681 -0.276768
v -0.207246 -0.728385 0.388811
v -0.211188 0.706427 0.372596
v -0.220378 0.430591 -0.316175
v -0.216549 0.118511 -0.317484
v -0.183923 -0.714868 0.373030
v -0.186834 0.557036 0.455841
v -0.198464 0.263760 -0.402404
v -0.211484 0.636637 0.452231
v -0.190359 -0.339730 0.207247
v -0.207556 0.149062 -0.320783
v -0.182814 0.679057 0.443763
v -0.191329 -0.498325 0.275540
v -0.197108 0.229047 -0.387591
v -0.195935 0.924562 0.110484
v -0.131918 -0.137195 -0.403557
v -0.210928 0.410950 -0.339184
v -0.199045 0.401820 0.390124
v -0.211386 -0.663957 0.308167
v -0.222528 0.371172 0.274653
v -0.196176 0.405180 0.305074
v -0.172545 0.895089 0.221346
v -0.185856 0.909449 -0.030772
v -0.184671 0.209208 -0.381891
v -0.187009 -0.600691 0.338038
v -0.195361 0.815963 0.348257
v -0.194278 0.432712 -0.264158
v -0.191397 -0.202620 0.067179
v -0.201431 0.386752 0.257205
v -0.185757 0.565157 0.444273
v -0.184654 0.876915 0.248320
v -0.200439 0.771260 0.366062
v -0.154181 -0.341576 0.217751
v -0.210496 0.468406 0.382013
v -0.214429 0.303993 -0.388603
v -0.198437 -0.342246 0.173578
v -0.205691 0.098337 -0.315535
v -0.175945 -0.823193 0.412696
v -0.185989 0.758812 0.400657
v -0.181345 0.696649 0.411398
v -0.200700 0.280600 0.223348
v -0.198604 0.300551 -0.377816
v -0.157376 0.928426 0.002899
v -0.182817 0.396209 0.372709
v -0.203659 0.348923 0.276634
v -0.201377 0.917777 0.090471
v -0.163496 -0.584947 0.365991
v -0.176860 0.387188 -0.352994
v -0.189020 -0.782618 0.369158
v -0.177246 0.331374 -0.365378
v -0.173504 0.735294 -0.237642
v -0.173403 0.521199 0.457691
v -0.078196 -0.162384 -0.431209
v -0.197018 0.133546 -0.348604
v -0.186983 0.693303 0.365305
v -0.189184 0.107665 -0.320451
v -0.182286 0.607913 0.417326
v -0.175800 0.104374 -0.279821
v -0.183251 0.888653 0.235788
v -0.197104 0.609550 0.443117
v -0.195276 -0.927946 0.383652
v -0.185461 -0.392193 0.251407
v -0.190078 0.167751 -0.348720
v -0.192187 0.624221 -0.275975
v -0.172987 0.560279 -0.282187
v -0.177879 0.837093 0.264696
v -0.136292 -0.304011 -0.445637
v -0.200335 0.329384 0.252460
v -0.177507 0.438712 -0.302103
v -0.022655 -0.950727 0.354441
v -0.195699 0.179727 -0.377067
v -0.172717 0.418749 -0.321875
v -0.181270 -0.009064 -0.230262
v -0.180279 0.625131 0.479017
v -0.166290 -0.170786 0.081907
v -0.178085 -0.801060 0.402168
v -0.195610 0.315423 0.347112
v -0.172940 0.609625 0.466218
v -0.198156 0.367070 0.354504
v -0.166563 0.670155 0.432148
v -0.146861 0.849305 0.308454
v -0.182299 0.152531 -0.360092
v -0.189752 0.295598 -0.395706
v -0.165963 0.514476 0.411106
v -0.137247 -0.034307 -0.331349
v -0.162295 0.207612 0.282617
v -0.157546 0.927567 0.152291
v -0.183094 -0.715564 0.324041
v -0.166110 0.505054 0.437317
v -0.143172 0.482403 0.424298
v -0.169752 0.855217 -0.100357
v -0.157234 0.915639 0.184178
v -0.176512 0.795864 0.359311
v -0.178286 0.360141 0.388711
v -0.183279 0.208418 0.350955
v -0.187635 0.265236 0.352819
v -0.182040 0.247647 0.330101
v -0.127084 -0.850926 0.399337
v -0.144182 0.805794 0.357766
v -0.152832 0.945035 0.041446
v -0.172860 0.441823 0.415256
v -0.136800 -0.352104 0.191159
v -0.112759 -0.589189 0.335139
v -0.169718 -0.473481 0.276877
v -0.168676 0.799122 0.381109
v -0.164875 0.212992 -0.399705
v -0.167375 0.048951 -0.179597
v -0.160170 0.424373 -0.272578
v 0.010507 -0.332968 -0.442874
v -0.173884 0.337784 0.377007
v -0.122357 -0.108252 -0.385144
v -0.132463 0.122471 0.234461
v -0.148308 -0.417465 0.292121
v -0.162585 0.098479 -0.162993
v -0.174162 0.214364 0.332673
v -0.169714 0.657984 0.464689
v -0.178270 0.729086 0.405284
v -0.165417 0.318481 0.327246
v -0.171019 -0.609317 0.317464
v -0.174091 0.257236 0.376250
v -0.161375 0.821813 0.313027
v -0.162183 0.204981 0.374865
v -0.137980 0.676856 -0.292902
v -0.179724 0.200350 -0.349052
v -0.170000 0.426002 0.403009
v -0.168726 0.264772 -0.412762
v -0.137617 0.465924 0.429096
v -0.150138 -0.058689 0.157471
v -0.172914 0.353132 0.328290
v -0.155935 0.943138 0.120571
v -0.156530 0.288801 0.368441
v -0.164320 0.394954 0.352125
v -0.152315 0.113002 -0.326645
v -0.153044 0.886343 0.279335
v -0.159351 0.394176 0.378684
v -0.166335 0.161942 -0.352732
v -0.106753 -0.900132 -0.316156
v -0.164247 0.301994 -0.381668
v -0.162337 0.516990 -0.282726
v -0.165352 -0.816760 0.366126
v -0.165115 0.098708 -0.274489
v -0.141924 -0.357235 0.234970
v -0.112316 -0.507408 0.344937
v -0.137374 0.096030 -0.228233
v -0.141630 -0.924403 0.396324
v -0.163624 0.708988 0.398934
v -0.162863 0.166716 -0.369322
v -0.154857 0.948566 0.087185
v -0.145701 0.546570 0.445094
v -0.152293 0.632927 -0.284128
v -0.162493 0.461975 -0.280535
v -0.171482 0.463021 0.410471
v -0.162282 0.287093 0.354823
v -0.156109 0.118813 -0.304490
v -0.153525 0.585282 -0.295544
v -0.126706 -0.666183 0.382662
v -0.096033 -0.869920 0.372553
v -0.168333 0.401236 0.351716
v -0.110681 -0.620645 0.379831
v -0.155410 0.305194 0.380173
v -0.148938 0.410033 -0.344276
v -0.128570 0.657931 0.464842
v -0.148588 0.088114 0.195889
v -0.078848 -0.201969 -0.436419
v -0.159598 0.346161 -0.380050
v -0.152275 0.188635 -0.377750
v -0.156630 0.582061 0.451530
v -0.158994 0.819726 0.342775
v -0.141245 -0.945485 0.366476
v -0.160251 0.433326 0.383655
v -0.148443 0.310498 -0.392959
v -0.145682 0.724451 0.433027
v -0.165946 0.133976 0.316492
v -0.143380 -0.422590 0.284438
v -0.147731 0.218419 0.333388
v -0.163533 0.165496 0.324162
v -0.163751 0.155304 0.342897
v -0.148183 0.526604 0.457916
v -0.167710 0.343535 0.365750
v -0.153760 -0.762345 0.335303
v -0.148854 0.869737 0.297912
v -0.149814 0.118758 0.327338
v -0.142422 0.584084 0.435472
v -0.139265 0.856472 -0.139554
v -0.103410 0.029616 -0.262638
v -0.126470 0.010539 -0.237486
v -0.161612 0.777898 -0.221911
v -0.131225 0.634842 0.479810
v -0.162760 0.353569 -0.347396
v -0.117426 0.449813 0.410151
v -0.159014 0.229120 0.361128
v -0.153487 0.243074 0.351407
v -0.137941 0.423546 -0.286008
v -0.087611 -0.259973 0.132089
v -0.126480 -0.360918 0.280159
v -0.144128 0.224625 -0.384416
v -0.141763 0.101191 -0.305494
v -0.129813 0.640896 0.467401
v -0.143723 0.877932 -0.084959
v -0.124391 0.461532 0.420502
v -0.137782 0.591790 0.475094
v -0.125234 0.912578 0.214998
v -0.151988 0.152797 0.325278
v -0.141249 0.265282 0.380183
v -0.157483 0.332802 0.364047
v -0.143289 -0.641473 0.332033
v -0.108643 0.605381 0.491605
v -0.144580 0.178398 0.353400
v -0.143016 0.744194 0.405692
v -0.090033 0.926896 0.216911
v -0.102048 0.716466 0.464943
v -0.147474 0.365079 -0.339704
v -0.140805 0.140636 -0.331074
v -0.065557 -0.929588 0.397798
v -0.145266 0.756308 0.406398
v -0.150163 0.832091 -0.167804
v -0.149018 0.340211 0.351797
v -0.127769 -0.800000 0.365431
v -0.140335 0.266228 -0.391482
v -0.133805 -0.492585 0.289583
v -0.105836 0.576451 0.455453
v -0.043371 -0.000122 -0.320011
v -0.131829 0.781285 0.401998
v -0.138780 0.186697 0.341510
v -0.042099 0.018051 -0.290547
v -0.136386 0.525757 -0.293564
v -0.141098 0.438097 0.399564
v -0.140625 0.353027 -0.377993
v -0.135931 0.149513 -0.372473
v -0.118003 0.808843 0.382025
v -0.124078 0.720007 0.440226
v -0.140124 0.120238 0.321664
v -0.137579 0.199051 -0.391552
v -0.098312 0.897920 -0.124043
v -0.138528 0.159374 0.351678
v -0.138458 0.853279 0.329811
v -0.115530 0.068856 -0.193496
v -0.104234 -0.941930 0.381931
v -0.102532 0.903254 0.255814
v -0.137837 0.276778 0.340999
v -0.139574 0.361005 -0.309209
v -0.129105 0.260203 0.359742
v -0.130409 0.171920 0.334343
v -0.122801 0.109407 -0.179403
v -0.131470 0.378458 0.392899
v -0.122668 0.827615 0.354704
v -0.138542 0.635073 -0.276425
v -0.129978 0.199588 0.366761
v -0.121797 -0.804496 0.348095
v -0.135141 0.298054 0.380011
v -0.128088 0.097166 -0.259852
v -0.129870 0.904401 0.242418
v -0.135709 0.255977 -0.372588
v -0.105659 0.916007 -0.022128
v -0.113468 -0.512131 0.297514
v -0.109144 0.752784 -0.259321
v -0.123073 0.136144 -0.313470
v -0.122262 0.547132 0.458143
v 0.051021 -0.279300 -0.427439
v -0.097155 -0.352400 0.261171
v -0.066356 0.039597 0.208960
v -0.090207 0.771934 -0.263973
v -0.079759 -0.846650 0.367534
v -0.124136 0.370296 0.383390
v -0.101168 0.934285 0.180117
v -0.124115 0.511100 0.466013
v -0.117061 0.442137 0.392804
v -0.121013 0.353473 -0.331627
v -0.123616 0.179614 -0.372068
v -0.110499 0.667687 0.460835
v -0.085485 0.949721 0.087260
v -0.106479 0.686636 0.470411
v -0.117058 -0.673902 0.340627
v -0.110562 0.751220 0.423484
v -0.074111 -0.756552 0.355369
v -0.117616 0.384837 -0.311819
v -0.111289 0.238558 -0.390503
v -0.114795 0.291773 -0.393320
v -0.120045 0.289280 0.363750
v -0.122296 0.500121 0.432361
v 0.087599 -0.235330 -0.408686
v -0.099357 -0.489706 0.364635
v -0.113595 0.334649 -0.371421
v -0.060618 0.673854 -0.290541
v -0.115811 -0.445859 0.297048
v -0.114472 0.146981 -0.303554
v -0.121571 0.151514 -0.285431
v -0.107484 0.853686 -0.171649
v -0.102675 0.257781 -0.366180
v -0.118934 0.117283 -0.273805
v -0.095383 0.769531 0.440512
v -0.099155 0.198063 -0.383834
v -0.083634 0.841211 -0.196546
v -0.083760 -0.041825 0.183569
v -0.107656 0.881783 0.294041
v -0.045565 -0.828700 0.389945
v -0.103254 0.153886 -0.357352
v -0.111204 0.415740 -0.278840
v -0.106994 0.733245 0.426087
v -0.100478 0.592437 0.488304
v -0.095650 0.885608 0.311961
v -0.046149 -0.413240 0.309212
v -0.085049 0.608478 -0.317808
v -0.117559 0.119792 -0.297370
v -0.087024 0.899732 0.280615
v -0.038934 -0.737130 0.433130
v -0.076581 0.928311 -0.051873
v -0.085121 0.560215 -0.313532
v -0.083476 -0.348013 0.279733
v -0.085042 0.702499 0.479677
v -0.086253 0.476779 -0.318499
v -0.087805 0.527038 0.486214
v -0.107184 0.338795 -0.348715
v -0.102360 0.102416 -0.232082
v -0.098163 0.847775 0.360195
v -0.082278 -0.710692 0.355413
v -0.099443 0.277571 -0.379990
v -0.085728 0.510162 0.459724
v -0.116610 -0.462820 0.285343
v -0.107422 -0.172182 0.129461
v -0.107703 0.127964 -0.205872
v -0.103828 0.949617 0.115435
v -0.108660 0.388668 -0.271822
v -0.061668 0.084953 0.278454
v -0.098365 0.583323 0.477677
v -0.081520 0.801313 0.416451
v -0.086764 0.131741 -0.178165
v -0.080393 0.302242 0.401119
v -0.043932 -0.345539 0.251381
v -0.093608 0.143885 -0.322105
v -0.089443 0.851988 0.344263
v -0.110873 0.297949 -0.338187
v -0.036533 -0.356682 0.205409
v -0.083289 0.442198 -0.292850
v -0.036751 0.116008 0.336359
v -0.087795 0.340657 -0.359227
v -0.084207 0.484988 0.411748
v -0.105516 0.266543 -0.338301
v -0.084651 0.372448 -0.321207
v -0.065631 0.506638 0.448339
v -0.012848 -0.447321 0.325679
v -0.063638 0.128495 -0.214425
v -0.023048 -0.785252 0.410538
v -0.060030 0.640319 0.504891
v -0.022876 -0.082745 -0.384970
v -0.099742 0.126679 -0.290954
v -0.067139 0.265898 -0.349975
v -0.108039 0.174209 -0.353861
v -0.094641 0.179189 -0.293556
v -0.089109 -0.852862 0.356447
v -0.060493 0.948222 0.155449
v -0.093188 0.167025 -0.319946
v -0.078965 0.124282 -0.252433
v -0.069582 0.670509 0.491165
v -0.057469 0.838237 0.392437
v -0.069269 -0.470095 0.303801
v -0.098186 0.146180 -0.237547
v -0.071400 0.168944 -0.338584
v -0.088821 0.297841 -0.362299
v -0.076356 0.388752 -0.274798
v -0.081075 -0.468368 0.278583
v -0.084337 0.700921 -0.282311
v -0.065495 0.441204 -0.298877
v -0.027329 -0.685269 0.376980
v -0.055076 -0.533632 0.384052
v -0.084255 0.230206 -0.370663
v -0.082116 0.148871 -0.277344
v -0.057765 0.862510 -0.179538
v -0.059631 0.925200 -0.083624
v -0.060794 0.908855 0.285333
v -0.060233 0.561589 0.489175
v -0.069046 0.755217 0.432223
v -0.051893 0.424760 0.414308
v -0.061429 0.759623 0.448621
v -0.062618 0.023687 -0.239932
v -0.067174 0.194607 -0.361116
v -0.037498 0.367557 0.423198
v -0.091832 -0.490971 0.300112
v -0.080971 0.901849 0.251305
v -0.080507 0.518187 0.442549
v -0.090480 0.212537 -0.355120
v -0.087882 0.325596 -0.288849
v -0.040179 0.861259 0.362181
v -0.087715 0.312217 -0.321678
v -0.084095 0.234426 -0.330580
v -0.057367 0.493935 0.429138
v -0.084846 0.172913 -0.265807
v 0.006304 -0.747869 0.414472
v -0.025282 -0.563345 0.373499
v -0.008113 -0.918798 -0.304642
v -0.050988 0.676151 0.473828
v -0.074105 0.305378 -0.274609
v 0.008125 -0.757619 0.443030
v -0.065070 0.233699 -0.328765
v -0.064139 0.153998 -0.171973
v -0.064658 0.297139 -0.330251
v -0.078511 0.162226 -0.192549
v -0.059151 0.309564 -0.310089
v -0.057204 -0.354791 0.274922
v -0.066381 0.345306 -0.314491
v -0.049244 0.403288 -0.277507
v -0.050405 0.613689 0.486952
v -0.042558 0.934052 0.048698
v -0.055338 0.354882 -0.278854
v -0.055048 0.515512 -0.307561
v -0.038700 0.082383 -0.186164
v -0.055181 0.840548 0.370993
v -0.056484 0.923922 0.256965
v -0.068988 0.198834 -0.193535
v -0.053835 -0.581353 0.340957
v -0.052081 0.789753 0.430131
v -0.042937 0.882998 0.316952
v -0.065132 -0.903137 0.388641
v 0.068248 -0.555286 0.419712
v -0.053563 0.325882 -0.268879
v 0.005972 -0.340632 0.283601
v -0.035237 0.595916 -0.326980
v -0.045391 -0.786485 0.354207
v 0.145990 -0.140431 -0.362200
v -0.061247 0.557616 -0.298584
v -0.051756 0.548971 0.471418
v -0.071014 0.322422 -0.348571
v -0.053662 0.460313 -0.295040
v -0.067518 -0.587048 0.354396
v -0.066166 0.159235 -0.247726
v -0.041641 0.794700 0.437821
v -0.008498 -0.099726 0.163168
v -0.067730 -0.467529 0.259671
v -0.047866 0.944227 0.162136
v -0.075604 0.909324 -0.118773
v -0.069144 -0.884861 0.355160
v 0.007077 -0.652884 0.393431
v -0.047715 0.166369 -0.212069
v -0.041127 0.182499 -0.187087
v -0.036282 0.581459 0.478386
v -0.059000 0.927121 0.217025
v -0.027757 0.167211 -0.273776
v 0.028631 -0.746073 0.404792
v -0.015542 -0.514325 0.351643
v -0.057476 0.149940 -0.221217
v -0.045800 0.182270 -0.297896
v 0.267440 -0.949375 0.019699
v -0.030277 0.750691 0.464108
v -0.022739 0.048075 0.239046
v -0.051145 0.548341 0.455548
v -0.032982 -0.251339 0.110714
v -0.022389 0.695761 0.503344
v -0.040619 0.265421 -0.328062
v -0.047573 0.205445 -0.201920
v -0.033621 -0.763292 0.371409
v -0.019544 0.935691 0.198108
v -0.026904 0.595330 0.469625
v -0.018572 0.943728 0.012983
v -0.021772 0.722751 0.472097
v 0.080912 -0.570845 0.440205
v -0.030582 0.647729 0.500023
v -0.059293 0.283375 -0.264023
v -0.029538 0.640605 -0.317809
v -0.055441 -0.522784 0.314980
v -0.010531 0.548723 -0.325908
v -0.058344 0.208040 -0.262861
v -0.034950 0.806646 -0.234004
v -0.040288 0.242303 -0.318174
v -0.041000 0.217912 -0.301256
v -0.018421 -0.464893 0.263512
v -0.033592 0.256300 -0.261522
v -0.025276 -0.935648 0.369820
v -0.036928 0.187792 -0.272978
v -0.022837 0.857868 -0.198753
v -0.028947 0.284918 -0.310307
v -0.019478 0.658815 0.494396
v -0.051863 0.223333 -0.296658
v -0.053023 0.229801 -0.203035
v 0.016933 0.021823 0.194276
v -0.031404 0.192122 -0.305598
v -0.045113 0.360309 -0.246942
v -0.012829 0.575691 -0.307222
v -0.024980 0.945785 0.128421
v -0.024122 0.475416 -0.308747
v -0.038127 0.531801 0.432037
v -0.025241 -0.358207 0.282863
v 0.006679 0.037451 -0.256562
v -0.019478 0.281772 -0.276222
v -0.019863 0.301388 -0.269640
v -0.031732 0.201805 -0.251777
v -0.026588 -0.358785 0.294051
v -0.038093 0.173782 -0.166400
v -0.018926 0.600019 0.498338
v -0.036211 0.268698 -0.217593
v 0.024017 0.540847 -0.328472
v 0.026507 0.032509 0.266239
v -0.014517 0.760273 -0.269373
v 0.104726 -0.944460 -0.243419
v -0.021746 0.225373 -0.285691
v -0.036332 0.259472 -0.217583
v -0.002327 -0.131227 -0.384077
v -0.019176 0.712954 0.487464
v -0.013984 0.252327 -0.249018
v -0.008030 0.277834 -0.246943
v -0.005544 0.702258 -0.265583
v 0.005369 -0.514133 0.281818
v -0.015085 0.387803 -0.276312
v -0.022236 0.168921 -0.225694
v 0.009466 0.895987 0.302236
v -0.009385 0.619532 0.513471
v 0.024875 0.932354 0.231902
v -0.017458 0.190155 -0.257975
v -0.036208 0.210937 -0.170295
v -0.020021 0.186609 -0.212255
v -0.014917 0.209285 -0.220899
v 0.003735 0.420426 -0.290644
v -0.009688 0.913659 0.280351
v -0.003305 0.791013 0.432824
v -0.016434 0.252983 -0.214894
v -0.002606 0.444908 0.446399
v -0.019793 0.369092 -0.276158
v 0.001847 0.463888 -0.290696
v -0.021996 0.473515 0.450216
v 0.058312 -0.897393 -0.314949
v 0.008527 -0.045301 0.182304
v -0.019943 0.758533 0.433392
v 0.005681 0.220100 -0.153191
v -0.009592 0.224286 -0.192018
v 0.014210 0.562416 0.470259
v -0.006009 0.219786 -0.245602
v -0.007880 0.933345 -0.090820
v 0.023813 -0.346300 0.216059
v 0.010265 0.947391 0.034090
v 0.003018 0.547555 0.445702
v -0.019395 -0.613953 0.355122
v -0.009292 0.484159 -0.288707
v -0.007153 0.823732 0.379729
v 0.020595 0.946254 -0.041060
v 0.008436 0.633315 0.500963
v 0.001660 0.224013 0.407566
v 0.105052 -0.312628 0.261457
v -0.007181 -0.562795 0.328289
v -0.002639 0.813709 0.405442
v -0.012255 0.803956 -0.226128
v -0.021843 0.341338 -0.242807
v 0.043080 -0.905271 0.405674
v -0.007735 0.283126 -0.198252
v -0.005098 0.641434 -0.314777
v -0.021818 0.228729 -0.264679
v 0.003029 0.347692 -0.261523
v -0.002261 -0.827217 0.361767
v -0.024932 0.937683 -0.049364
v 0.029396 -0.354354 0.304915
v 0.022992 -0.493960 0.290062
v 0.034999 0.517011 -0.315177
v -0.006630 0.905407 -0.144266
v 0.008865 0.711572 0.465369
v 0.030329 -0.744155 0.388108
v -0.002881 0.853855 0.356221
v 0.019306 0.374894 0.416916
v 0.007416 0.419077 0.420546
v -0.000361 0.261655 -0.205267
v 0.023081 0.676819 0.493705
v 0.014448 0.947765 0.054284
v 0.083638 -0.454537 0.314542
v 0.007371 0.740303 -0.255663
v 0.010711 -0.807892 0.378075
v 0.009454 0.644145 0.488470
v 0.022701 0.702115 0.485175
v 0.010001 0.318056 -0.237750
v 0.017656 0.298075 -0.219066
v 0.098278 -0.303008 0.234514
v 0.042864 -0.877395 0.398864
v 0.024319 0.608046 0.505428
v 0.001262 0.849202 -0.193865
v 0.008792 0.630532 -0.306961
v 0.030122 0.932486 0.139258
v 0.036514 0.418283 -0.301902
v 0.040501 0.447000 0.449188
v 0.034820 0.591922 0.472428
v 0.026276 0.241156 -0.211569
v 0.027608 -0.234493 0.133874
v 0.050122 -0.531336 0.315996
v 0.027791 0.430241 0.442977
v 0.011657 0.756778 0.443111
v 0.049759 -0.940729 0.394956
v 0.028547 0.223135 -0.193979
v 0.023378 0.373194 -0.289946
v 0.006124 0.679148 -0.276396
v 0.029794 0.947886 0.075351
v 0.053986 0.655094 0.496110
v 0.027999 -0.650352 0.373550
v 0.037859 -0.408531 0.314027
v 0.017227 0.809355 -0.230572
v 0.025713 -0.573106 0.347868
v 0.024431 0.255173 -0.202295
v 0.034212 0.588009 0.488340
v 0.027871 0.514536 -0.279390
v 0.032708 0.437548 -0.285841
v 0.044002 0.489761 0.466603
v 0.049733 0.827737 0.385561
v 0.035815 0.399825 0.425891
v 0.070292 -0.286341 0.189284
v 0.030541 0.477206 -0.308763
v 0.053686 0.805393 0.425641
v 0.050480 0.814804 0.416527
v 0.076173 0.049774 0.334879
v 0.044387 0.636865 -0.300824
v 0.036958 -0.551355 0.313278
v 0.036591 -0.050268 -0.325598
v 0.013408 0.881831 -0.148395
v 0.065440 0.032243 0.212584
v 0.063435 -0.180852 -0.428738
v 0.055444 0.307426 0.418425
v 0.018785 0.345211 -0.220136
v 0.039721 0.082252 -0.161926
v 0.078382 -0.145901 0.134512
v 0.032870 0.925417 -0.077756
v 0.077638 -0.348871 0.280120
v 0.017105 -0.522677 0.306152
v 0.045034 -0.864727 0.374248
v 0.078018 -0.593918 0.439950
v 0.063270 -0.616216 0.406424
v 0.033927 0.891536 0.309850
v 0.045007 0.020766 -0.217530
v 0.175664 -0.535821 -0.352028
v 0.059505 0.860097 0.349775
v 0.074733 -0.694263 0.429283
v 0.053776 0.827570 0.400717
v 0.054566 -0.459851 0.273476
v 0.054341 0.576106 0.452041
v 0.058401 0.722390 0.470686
v 0.040025 0.263461 -0.188016
v 0.066794 0.773676 -0.242246
v 0.032461 0.299364 -0.231095
v 0.045245 0.228360 -0.139337
v 0.068085 0.144729 -0.130873
v 0.032675 0.918880 0.263936
v 0.028128 0.694011 -0.264650
v 0.051584 0.943515 0.001831
v 0.050660 0.908350 0.264188
v 0.105610 -0.908064 -0.308861
v 0.051212 0.820264 -0.210428
v 0.061301 -0.849779 0.385208
v 0.046793 0.501131 -0.301419
v 0.045885 0.169585 0.382004
v 0.014011 -0.471410 0.302871
v 0.040798 0.700418 -0.247153
v 0.058239 0.544549 -0.305756
v 0.054236 0.942391 0.024840
v 0.064146 -0.858655 0.428026
v 0.052847 0.659396 -0.280659
v 0.077950 0.354854 -0.224322
v 0.057666 0.783628 0.441754
v 0.058311 0.353509 -0.210670
v 0.052567 0.935455 -0.027576
v 0.068836 -0.597737 0.361018
v 0.058749 0.624496 0.502087
v 0.085533 0.032492 0.155275
v 0.068874 0.704225 0.490915
v 0.071367 0.856339 -0.177490
v 0.070644 0.919627 0.168467
v 0.136738 -0.834018 0.474737
v 0.076851 0.726658 0.477256
v 0.081591 -0.330621 0.215901
v 0.065327 0.119183 0.356561
v 0.059441 -0.672663 0.387007
v 0.088796 -0.037777 0.148291
v 0.066317 0.596682 0.464181
v 0.075991 0.912482 0.210969
v 0.125143 -0.812027 0.448186
v 0.084230 -0.005614 -0.296820
v 0.073170 0.725011 -0.236195
v 0.097436 0.936113 0.039739
v 0.054654 0.287266 -0.227588
v 0.067144 0.372507 0.402457
v 0.137552 0.018710 -0.226500
v 0.090767 0.441196 0.432119
v 0.177867 -0.078228 -0.318389
v 0.043270 0.349216 -0.260496
v 0.071020 0.904531 -0.115687
v 0.075052 0.429856 -0.291147
v 0.061213 0.595864 -0.300970
v 0.056996 0.244970 -0.133222
v 0.068849 0.386417 -0.297063
v 0.076653 -0.789017 0.432013
v 0.066768 0.453724 -0.294397
v 0.080129 0.877495 0.307890
v 0.067739 0.239415 -0.174189
v 0.063629 0.436695 -0.268079
v 0.083804 0.352107 -0.243638
v 0.071079 0.270272 -0.190727
v 0.056107 0.362202 -0.280742
v 0.080466 0.922367 -0.056001
v 0.076820 0.404801 0.409033
v 0.056271 0.264643 -0.173205
v 0.047190 -0.551429 0.334971
v 0.131872 0.928183 0.075585
v 0.180400 0.014369 -0.181144
v 0.072895 -0.528466 0.304226
v 0.084656 0.836911 0.364216
v 0.100241 0.260631 -0.102946
v 0.082910 0.245647 -0.144746
v 0.076465 0.677674 -0.275803
v 0.084553 0.326042 -0.203383
v 0.081621 0.629750 0.464183
v 0.112875 0.614819 -0.287072
v 0.054408 0.432417 0.428592
v 0.103382 0.775983 0.432037
v 0.104815 0.933528 0.130397
v 0.078320 0.361611 -0.197141
v 0.145876 -0.452264 0.293284
v 0.100379 0.891942 0.243697
v 0.062598 0.291343 -0.200060
v 0.122241 -0.315090 0.277281
v 0.076258 0.187730 0.366794
v 0.093996 0.933691 0.073426
v 0.152907 -0.309651 -0.429605
v 0.087619 0.919158 -0.038239
v 0.086879 0.289211 -0.171078
v 0.105407 0.393745 -0.281523
v 0.084054 -0.687172 0.401143
v 0.089290 0.437337 0.407480
v 0.122256 0.500149 0.451236
v 0.074604 -0.775146 0.399977
v 0.093456 0.902772 -0.099568
v 0.104105 -0.705743 0.438379
v 0.112682 0.439965 -0.260439
v 0.123654 -0.896808 0.418473
v 0.087960 0.497297 -0.288788
v 0.088856 0.777808 -0.204345
v 0.109185 0.429502 -0.274385
v 0.071944 0.518355 -0.263224
v 0.093032 0.349798 -0.193268
v 0.117673 0.095021 0.351903
v 0.117194 0.144172 0.354211
v 0.088612 0.819097 -0.187204
v 0.103546 0.391321 0.381084
v 0.086035 0.812112 0.395236
v 0.076996 0.574310 -0.289398
v 0.117006 0.032760 0.219940
v 0.123097 0.388295 -0.249737
v 0.084077 0.741965 0.457279
v 0.099443 0.308469 -0.192476
v 0.102593 -0.902967 0.393086
v 0.138971 -0.189952 -0.410519
v 0.105696 0.920494 0.010639
v 0.105059 0.271327 -0.161258
v 0.115729 0.052957 0.334392
v 0.088893 0.617505 0.448275
v 0.083545 0.870944 -0.135063
v 0.098660 0.531344 -0.256568
v 0.092180 0.756442 -0.216874
v 0.099408 -0.452971 0.282954
v 0.115952 0.921007 0.189483
v 0.123409 0.003772 -0.185560
v 0.139296 0.185176 0.374879
v 0.097599 -0.793307 0.413386
v 0.121224 0.668920 0.482929
v 0.100931 0.664105 0.473524
v 0.101469 -0.576481 0.435542
v 0.089579 0.810184 -0.176428
v 0.102097 0.081450 -0.126150
v 0.098734 0.687587 -0.254627
v 0.102886 0.291260 -0.178967
v 0.117569 0.846350 0.332422
v 0.147171 0.615611 -0.270011
v 0.120188 0.725548 0.446219
v 0.120402 -0.604753 0.372263
v 0.109359 -0.571893 0.414453
v 0.092545 0.839445 -0.160922
v 0.101136 -0.313460 0.219939
v 0.118552 -0.575164 0.442888
v 0.146464 0.063466 -0.044820
v 0.107271 0.922827 0.139560
v 0.099944 0.420152 0.370421
v 0.113772 -0.888111 0.394114
v 0.093120 0.456787 0.423795
v 0.138123 0.133572 0.333870
v 0.112014 -0.410139 0.324167
v 0.124022 -0.620312 0.429274
v 0.106517 0.700260 0.480923
v 0.142833 0.035652 0.282179
v 0.107827 0.875409 0.272382
v 0.106553 0.788629 0.400047
v 0.089465 0.531168 -0.288720
v 0.110529 -0.492796 0.297468
v 0.152342 -0.915887 0.398243
v 0.120143 -0.855439 0.467225
v 0.125216 0.790096 0.399911
v 0.129800 -0.290117 0.198637
v 0.122547 0.257962 0.374673
v 0.127440 0.372150 -0.244624
v 0.116495 0.347715 -0.204875
v 0.126221 0.739686 0.437891
v 0.110451 0.665726 -0.257980
v 0.149622 -0.910529 -0.292345
v 0.124519 -0.481255 0.322241
v 0.111953 -0.736115 0.412212
v 0.117491 0.509917 -0.282950
v 0.144390 -0.664072 0.424674
v 0.110748 0.892072 -0.106020
v 0.124283 0.357193 -0.152013
v 0.120242 -0.643330 0.404864
v 0.123775 0.364789 -0.230011
v 0.113399 0.439899 0.385338
v 0.113192 0.325275 -0.147251
v 0.137907 0.148674 0.370885
v 0.113332 0.415770 0.378422
v 0.145751 0.423083 -0.250438
v 0.161315 -0.001208 -0.062496
v 0.158276 0.218933 0.390977
v 0.149113 0.902019 0.218225
v 0.096751 0.637918 0.478010
v 0.111998 -0.196029 0.117380
v 0.141804 0.631375 0.434541
v 0.146351 0.889583 0.247304
v 0.125259 -0.817952 0.423954
v 0.136707 -0.306501 0.217596
v 0.121683 0.541465 -0.250117
v 0.146667 -0.495053 0.340578
v 0.132513 0.784305 -0.178655
v 0.138470 0.457757 -0.273896
v 0.154239 -0.938503 0.417329
v 0.122478 0.298106 -0.115833
v 0.101033 0.219596 0.379316
v 0.147018 0.338872 -0.174834
v 0.143194 -0.737778 -0.317472
v 0.135832 0.173926 -0.040952
v 0.131971 0.016636 -0.138936
v 0.155182 -0.697966 0.432610
v 0.125627 0.348988 -0.137106
v 0.150969 0.529115 -0.252112
v 0.122977 0.302708 -0.133590
v 0.145453 0.916313 0.111121
v 0.131120 0.764729 0.416643
v 0.134776 0.899801 -0.009283
v 0.141570 -0.435828 0.285976
v 0.173104 -0.319476 0.266425
v 0.144971 0.691992 -0.220762
v 0.134517 0.261983 0.394879
v 0.156175 0.180841 0.369371
v 0.147201 0.876739 0.254582
v 0.149416 0.564153 -0.262837
v 0.139319 0.886556 -0.071554
v 0.158010 0.903820 0.197373
v 0.274831 -0.341632 -0.393681
v 0.145943 0.837871 0.310010
v 0.135358 0.734615 -0.213801
v 0.169674 -0.111367 0.056549
v 0.129002 0.457136 -0.236948
v 0.119556 0.296309 0.386985
v 0.126922 0.066991 0.100446
v 0.151272 0.659445 0.442929
v 0.176413 0.710917 -0.198441
v 0.221013 -0.333752 0.312025
v 0.151608 0.811896 -0.160989
v 0.154642 -0.268926 0.178007
v 0.137838 0.311430 -0.085700
v 0.164965 -0.336153 0.281026
v 0.202264 -0.057846 -0.264261
v 0.148004 0.360180 -0.106430
v 0.149386 0.844220 -0.099993
v 0.153081 -0.604644 0.410949
v 0.165050 -0.281358 0.193773
v 0.155001 0.007151 0.075224
v 0.201306 -0.496853 0.379734
v 0.150794 -0.544089 0.409745
v 0.144815 0.440041 -0.226114
v 0.166138 0.892642 0.025983
v 0.162530 0.471612 0.425257
v 0.200037 -0.272418 0.217804
v 0.166042 0.059289 0.298646
v 0.171329 0.063044 0.227660
v 0.155538 -0.151891 0.087043
v 0.141242 0.356837 -0.200984
v 0.204183 -0.928632 -0.237633
v 0.161925 0.106927 0.322131
v 0.134603 0.563098 -0.230454
v 0.193355 0.334807 0.423194
v 0.147511 0.259230 0.382468
v 0.159874 0.772573 0.385455
v 0.154538 0.488645 -0.267885
v 0.203651 -0.408293 0.303998
v 0.150346 0.275243 -0.037844
v 0.147315 0.137752 0.017385
v 0.193034 -0.537006 0.414639
v 0.161556 0.755131 0.404228
v 0.160327 0.478895 -0.257791
v 0.143920 0.870925 -0.055023
v 0.160455 0.676171 0.451950
v 0.175993 0.703122 0.425781
v 0.240662 -0.225267 -0.357477
v 0.152793 0.834243 -0.091114
v 0.148776 0.284693 -0.064770
v 0.164083 0.882903 -0.015243
v 0.168831 0.593791 -0.238196
v 0.162796 0.443963 -0.230057
v 0.148433 0.385321 -0.114163
v 0.151043 0.915901 0.171521
v 0.193815 -0.869765 0.449575
v 0.158076 0.283119 -0.089076
v 0.198973 0.124225 0.114248
v 0.206763 -0.895111 0.424710
v 0.183017 0.363066 -0.192503
v 0.178615 -0.846594 0.463225
v 0.169234 0.684417 -0.216110
v 0.160204 0.591140 -0.220385
v 0.159651 0.877334 -0.048107
v 0.162785 0.229921 0.374261
v 0.169636 0.132243 0.301141
v 0.173974 0.897194 0.101196
v 0.204282 0.508032 0.411407
v 0.178154 0.246753 0.374113
v 0.169882 0.361037 -0.170521
v 0.182395 -0.444917 0.316873
v 0.174727 0.258815 0.417501
v 0.163448 0.857166 0.283046
v 0.240839 -0.793709 -0.266911
v 0.186845 -0.528072 0.365881
v 0.178615 0.379028 -0.196253
v 0.196376 -0.262087 0.194205
v 0.165462 0.283025 0.387680
v 0.188541 -0.286404 0.259856
v 0.188964 0.171932 0.034132
v 0.168708 0.335242 -0.023683
v 0.186649 0.183512 0.341287
v 0.164278 0.531014 -0.234522
v 0.155352 0.362256 -0.064618
v 0.175041 0.316750 -0.037706
v 0.165592 0.438226 -0.192321
v 0.165539 0.349944 -0.148331
v 0.188596 -0.931952 0.419473
v 0.184878 0.434816 -0.216079
v 0.184146 0.383078 -0.119397
v 0.188328 0.419236 0.411487
v 0.172658 0.517464 -0.233719
v 0.247919 -0.821262 0.467240
v 0.178538 0.792714 -0.147817
v 0.169447 0.421366 -0.206681
v 0.178893 0.342532 -0.054525
v 0.193051 -0.015250 -0.248345
v 0.205525 -0.025956 -0.071929
v 0.177383 0.780841 0.353149
v 0.176067 0.273352 -0.030647
v 0.171932 0.313159 -0.100703
v 0.175168 0.615235 -0.247926
v 0.209733 0.639606 0.391484
v 0.191817 0.338230 -0.075384
v 0.218701 -0.144131 -0.361009
v 0.189152 0.208681 0.379258
v 0.183360 0.748968 -0.176800
v 0.183671 0.244825 0.404287
v 0.188241 0.883337 0.072945
v 0.208169 0.688773 0.376553
v 0.197689 0.477588 -0.250523
v 0.184197 0.266261 -0.053763
v 0.181852 0.375444 -0.026989
v 0.174821 -0.420842 0.283253
v 0.216731 -0.030001 -0.129167
v 0.217578 -0.911091 -0.254265
v 0.179756 -0.290652 0.212746
v 0.193841 -0.236289 0.165118
v 0.184985 0.387305 -0.043861
v 0.232701 -0.267287 0.219218
v 0.182007 -0.057234 0.000514
v 0.179394 0.392714 -0.209114
v 0.184737 0.575141 -0.212011
v 0.179472 0.147616 0.339037
v 0.210598 -0.007304 -0.207522
v 0.187029 0.682554 0.405003
v 0.180407 0.345655 -0.119787
v 0.192672 -0.338150 0.275462
v 0.223788 -0.384467 0.311558
v 0.193898 0.894727 0.123540
v 0.181679 0.692114 -0.194856
v 0.202791 0.869579 0.207167
v 0.176215 0.638775 -0.229110
v 0.177251 0.857503 -0.030963
v 0.219395 0.872578 0.146870
v 0.248400 -0.000475 -0.144227
v 0.193862 0.108411 0.245957
v 0.206666 -0.221434 0.138324
v 0.224848 0.861835 0.209242
v 0.208334 0.804626 0.321942
v 0.188121 0.230768 0.354388
v 0.186647 0.286963 -0.081415
v 0.200934 0.513578 -0.249851
v 0.195485 0.265800 0.440293
v 0.210820 -0.238626 0.169159
v 0.197012 0.532462 -0.210015
v 0.187827 0.590807 -0.187567
v 0.185630 0.813203 -0.130591
v 0.199750 0.546513 -0.225070
v 0.205896 0.207738 0.358891
v 0.176754 0.615037 -0.183903
v 0.217228 0.529971 -0.233243
v 0.200018 0.248966 0.378996
v 0.204758 0.376270 -0.109946
v 0.208064 -0.661514 0.438243
v 0.187952 0.839343 -0.066371
v 0.223991 0.140198 0.200107
v 0.199602 -0.770600 0.455809
v 0.210588 0.866422 0.005354
v 0.208188 0.805155 -0.121139
v 0.182637 -0.466189 0.323518
v 0.194030 0.614144 -0.205499
v 0.190031 0.644862 -0.161329
v 0.211261 -0.406826 0.283852
v 0.194590 0.747441 0.370245
v 0.199937 0.267320 0.313580
v 0.212694 0.677036 -0.202211
v 0.227675 0.474777 -0.228886
v 0.194516 0.182648 0.276335
v 0.197192 0.831872 0.304014
v 0.204583 0.207362 0.294182
v 0.257415 -0.177696 -0.363918
v 0.201132 0.335361 -0.025926
v 0.219702 0.460748 -0.217991
v 0.211277 0.383546 -0.042353
v 0.209967 0.431457 -0.199364
v 0.197234 0.262784 0.340084
v 0.213294 0.877626 0.071615
v 0.213165 0.775618 -0.146715
v 0.193721 0.826756 -0.055856
v 0.203204 0.275659 0.382221
v 0.206329 0.348509 -0.091509
v 0.212370 0.615778 -0.178375
v 0.199779 0.616476 -0.219062
v 0.204464 0.847546 -0.042804
v 0.205057 0.862765 0.035209
v 0.216206 0.374098 -0.134592
v 0.243216 -0.881132 -0.236490
v 0.221656 -0.273405 0.203440
v 0.213084 0.360038 -0.043401
v 0.213111 0.709756 -0.150625
v 0.232705 -0.257866 0.234999
v 0.205800 -0.927224 0.417780
v 0.208624 0.259553 0.336384
v 0.213980 0.729459 -0.161009
v 0.220355 0.396096 -0.056345
v 0.366269 -0.946443 0.291940
v 0.203705 0.459341 -0.182955
v 0.213514 0.380917 -0.164134
v 0.303543 -0.313911 0.266099
v 0.204957 0.433656 0.307836
v 0.277794 -0.314057 0.284437
v 0.214062 0.786358 -0.069223
v 0.210853 0.338530 0.321091
v 0.218624 0.438788 0.323132
v 0.209755 0.417995 0.291376
v 0.219036 0.571442 -0.196767
v 0.234814 0.652637 -0.132580
v 0.223477 -0.340168 0.267413
v 0.204629 0.413273 0.303042
v 0.241151 0.752682 0.345154
v 0.231136 0.698290 -0.155771
v 0.220164 0.259979 0.376437
v 0.210806 0.399287 -0.193532
v 0.296701 -0.256266 -0.369957
v 0.229344 0.598198 -0.159888
v 0.207012 0.842902 0.267802
v 0.213374 0.759001 0.359003
v 0.236724 0.267105 0.414286
v 0.239977 0.709835 0.368996
v 0.222699 0.244985 0.411433
v 0.208396 0.293976 0.323102
v 0.220353 0.538255 -0.196024
v 0.245111 0.655610 -0.143435
v 0.211530 0.871907 0.137238
v 0.293683 -0.913954 -0.188228
v 0.224066 0.330305 0.400275
v 0.228433 0.463361 -0.169666
v 0.227420 0.865344 0.104512
v 0.223849 -0.481555 0.347725
v 0.270266 -0.128686 0.045897
v 0.253506 -0.413080 0.301261
v 0.226110 0.225599 0.050304
v 0.216825 0.421696 0.384164
v 0.219117 0.658793 -0.185015
v 0.211761 -0.541234 0.400449
v 0.221175 0.369480 -0.102256
v 0.242152 0.225773 0.085679
v 0.240949 -0.480659 0.376688
v 0.229675 0.838325 0.017562
v 0.213033 0.144177 0.049206
v 0.233831 0.374795 0.282669
v 0.245927 -0.451864 0.342023
v 0.250223 -0.879065 0.421409
v 0.217203 0.182977 0.041170
v 0.223954 0.765345 -0.112965
v 0.249319 0.777347 0.301074
v 0.224822 0.162506 0.075064
v 0.428884 -0.362420 -0.343631
v 0.224113 0.084654 0.055012
v 0.280251 -0.264577 0.237251
v 0.231895 0.117120 0.050986
v 0.241624 0.831667 0.220400
v 0.219151 0.092465 0.065426
v 0.265838 0.700591 -0.119865
v 0.245614 -0.382521 0.260204
v 0.285099 -0.081422 -0.262133
v 0.233665 0.391988 -0.178131
v 0.251973 0.833971 0.025650
v 0.250750 0.317668 0.032035
v 0.239592 0.222155 0.263792
v 0.226262 -0.948630 0.366232
v 0.245798 0.781576 -0.069684
v 0.247657 -0.247228 0.221677
v 0.249195 -0.047121 -0.100552
v 0.245790 0.110962 0.041507
v 0.241613 0.156773 0.046709
v 0.234397 0.397246 -0.014710
v 0.243830 0.850573 0.047053
v 0.328692 -0.041593 -0.173529
v 0.280272 -0.090546 -0.007999
v 0.232290 0.378925 -0.119080
v 0.249603 0.648870 0.354326
v 0.258934 0.664057 0.356934
v 0.236741 0.839584 0.101471
v 0.242747 0.530894 -0.177802
v 0.247682 0.592839 -0.166673
v 0.245729 0.757516 -0.114563
v 0.260039 0.386219 -0.041637
v 0.235079 0.349503 -0.001079
v 0.231514 0.083698 0.067456
v 0.254537 0.832018 0.072355
v 0.243631 0.475796 0.368652
v 0.245967 0.820796 -0.045497
v 0.261125 0.417794 -0.147971
v 0.247690 0.841666 0.115019
v 0.237887 0.207467 0.042596
v 0.252412 0.432897 0.295227
v 0.259362 0.823688 -0.027043
v 0.261406 -0.599918 0.416121
v 0.252930 0.432350 0.309636
v 0.248056 -0.451192 0.319796
v 0.273345 -0.195999 0.150736
v 0.299515 -0.035771 -0.058737
v 0.273086 0.529055 0.342659
v 0.254720 0.464178 -0.205366
v 0.242747 0.805008 0.283494
v 0.262601 0.624036 -0.128845
v 0.253510 0.401783 0.283185
v 0.240479 0.248858 0.041167
v 0.239737 0.280369 0.033942
v 0.249198 0.120548 0.064010
v 0.240635 0.443667 -0.183410
v 0.290684 -0.298117 0.228544
v 0.248757 0.824349 0.199904
v 0.260410 0.371167 -0.103712
v 0.276725 -0.343529 0.249966
v 0.275301 0.677219 0.360245
v 0.251629 0.520574 -0.204717
v 0.267085 0.682878 -0.125800
v 0.257433 0.347098 -0.013698
v 0.246997 -0.174123 0.095052
v 0.271984 0.791337 0.275446
v 0.288177 0.313284 0.137876
v 0.343406 -0.932670 0.379383
v 0.257879 0.188505 0.063913
v 0.243393 0.843173 0.148568
v 0.241484 0.669062 -0.080230
v 0.270391 -0.803484 0.465362
v 0.248819 0.449058 -0.144119
v 0.268916 -0.253050 0.188578
v 0.258627 0.255831 0.049694
v 0.259204 0.380931 -0.123614
v 0.255178 0.248877 0.087092
v 0.256539 0.565579 -0.199127
v 0.269245 0.770187 0.304146
v 0.253820 0.797580 0.007317
v 0.264684 0.487084 -0.208671
v 0.267991 0.805782 -0.015774
v 0.250911 0.526828 -0.156796
v 0.265605 0.548964 -0.170101
v 0.272899 0.613831 -0.116701
v 0.252639 0.128795 0.045864
v 0.257769 0.668978 -0.098234
v 0.259340 0.451987 0.305582
v 0.304038 -0.507158 0.371554
v 0.267956 0.830133 0.221249
v 0.255234 0.191653 0.023850
v 0.253485 -0.892869 0.431761
v 0.255166 -0.164772 0.109197
v 0.261194 0.371979 -0.011366
v 0.270325 0.369615 0.236033
v 0.268447 0.180647 0.045797
v 0.256496 0.686128 -0.074896
v 0.294499 0.701043 0.341626
v 0.261359 0.742000 -0.107151
v 0.264813 0.816286 0.262820
v 0.271679 0.286207 0.239981
v 0.268066 0.312977 0.008449
v 0.293227 0.648251 0.328551
v 0.267452 0.815860 0.157197
v 0.274289 0.559729 -0.185210
v 0.273713 0.283634 0.017885
v 0.283183 0.547138 -0.158533
v 0.308609 0.521410 -0.159998
v 0.267777 -0.424812 0.294850
v 0.328121 -0.189979 -0.330227
v 0.264193 0.287278 0.081776
v 0.256756 0.738286 0.336117
v 0.270577 0.219866 0.034704
v 0.293807 0.798516 0.044641
v 0.274380 0.768469 -0.054737
v 0.275447 0.455046 -0.148582
v 0.265196 0.466115 -0.176358
v 0.283527 0.676740 -0.056409
v 0.283564 0.820809 0.086740
v 0.269250 0.383860 -0.076788
v 0.325209 -0.701089 0.444206
v 0.265590 0.263779 0.060176
v 0.276753 0.209517 0.061100
v 0.277557 0.543903 -0.145750
v 0.293334 -0.935438 0.388116
v 0.279308 -0.067845 -0.063913
v 0.264495 0.326193 0.052738
v 0.271055 0.395821 0.263447
v 0.292874 0.433287 0.285642
v 0.265621 0.729341 -0.083423
v 0.294786 0.817413 0.136426
v 0.317796 -0.316544 0.279685
v 0.262688 0.667105 -0.055764
v 0.283284 0.638699 0.314702
v 0.276474 0.346416 0.066163
v 0.267525 0.649610 -0.111494
v 0.306304 -0.874098 0.430637
v 0.331525 -0.339940 0.233145
v 0.269511 0.776764 -0.006779
v 0.283055 0.670772 -0.021645
v 0.280633 -0.847913 0.438151
v 0.288262 0.812327 0.220232
v 0.283755 0.811315 0.106484
v 0.295842 0.740409 0.319106
v 0.273502 0.394556 0.046243
v 0.276080 0.686201 -0.094616
v 0.283404 -0.089112 0.018625
v 0.283664 0.428084 0.271001
v 0.326757 -0.041708 -0.087944
v 0.291297 -0.390779 0.263520
v 0.278503 0.476350 -0.151943
v 0.292274 0.293460 0.066080
v 0.289994 0.637531 -0.084604
v 0.294294 0.711407 -0.071369
v 0.291312 0.446588 0.282821
v 0.301051 0.417839 -0.113781
v 0.302428 -0.410159 0.309765
v 0.268798 -0.478139 0.357985
v 0.293172 0.324843 0.006086
v 0.279027 -0.368892 0.260360
v 0.283904 0.413600 0.221898
v 0.283798 0.466779 -0.117003
v 0.278598 0.745306 -0.040289
v 0.294078 0.421283 0.158749
v 0.280330 0.427258 0.065925
v 0.298424 0.738445 0.288517
v 0.291785 0.627795 -0.133370
v 0.277662 0.410076 0.198942
v 0.310109 -0.890237 -0.178845
v 0.282620 0.787002 0.281286
v 0.290411 0.356067 0.048046
v 0.289198 0.797721 0.241871
v 0.298155 0.663040 -0.036204
v 0.300326 0.683264 -0.060934
v 0.312222 0.486503 0.287331
v 0.302333 0.578667 -0.138265
v 0.291977 0.609490 0.298517
v 0.294925 0.402928 0.042125
v 0.288878 0.778951 0.241979
v 0.292195 0.289001 0.033433
v 0.310354 -0.159540 0.112452
v 0.285300 0.435834 0.086848
v 0.295746 0.803706 0.193835
v 0.301391 0.385052 -0.045522
v 0.308645 0.618591 -0.138639
v 0.294171 0.423580 0.230487
v 0.284447 0.371550 0.009647
v 0.301951 0.771548 0.030249
v 0.308150 0.369492 0.010430
v 0.406628 -0.938917 0.118487
v 0.303934 0.456390 -0.114668
v 0.292000 0.675751 0.324937
v 0.317571 0.799712 0.092429
v 0.307137 0.772139 0.255999
v 0.298698 -0.354719 0.240663
v 0.297137 0.565948 -0.124877
v 0.314103 -0.223714 0.161536
v 0.294301 -0.159764 0.101200
v 0.295312 -0.301976 0.251470
v 0.284946 -0.120415 0.070441
v 0.299190 0.391397 -0.086058
v 0.307562 0.719703 -0.035059
v 0.294000 0.470806 0.098446
v 0.326580 -0.412044 0.291491
v 0.333208 -0.784800 0.443333
v 0.310723 0.442748 0.234627
v 0.315884 0.746645 0.220736
v 0.309804 0.492369 -0.123420
v 0.302376 -0.066024 -0.001745
v 0.307421 -0.217166 0.189367
v 0.316167 0.463123 0.111245
v 0.318200 -0.270088 0.207119
v 0.297734 0.689270 -0.001929
v 0.339034 -0.303642 -0.371786
v 0.300685 0.485725 0.123898
v 0.305609 0.323377 0.034703
v 0.311850 0.434019 0.094989
v 0.301844 -0.120996 -0.301068
v 0.292868 0.766064 0.141009
v 0.314269 0.416601 0.059968
v 0.308061 0.623365 -0.060923
v 0.316278 0.698314 -0.020382
v 0.300852 0.727092 0.230397
v 0.311308 0.729996 0.295876
v 0.324455 0.485349 -0.085881
v 0.323988 0.760016 0.203963
v 0.316201 0.704796 0.309671
v 0.329077 0.506916 -0.153798
v 0.312501 0.647514 -0.038210
v 0.322885 0.475904 0.200793
v 0.308619 0.574918 0.259689
v 0.306556 0.610203 0.302661
v 0.330649 -0.236543 -0.329834
v 0.301621 0.801464 0.145345
v 0.319646 0.776029 0.168117
v 0.333664 0.605512 0.285818
v 0.333149 -0.909023 -0.133215
v 0.313937 0.778113 0.078181
v 0.307435 -0.533905 0.366810
v 0.312320 0.476461 -0.077534
v 0.306678 0.758969 0.275969
v 0.304918 0.705262 0.019061
v 0.310418 0.518216 0.152907
v 0.310809 0.662618 0.316146
v 0.313893 0.572896 -0.114318
v 0.321074 0.698464 0.258679
v 0.336471 0.601728 -0.134036
v 0.329371 0.685487 0.005947
v 0.301418 0.574593 -0.155902
v 0.333949 -0.907859 0.388542
v 0.323827 -0.338354 0.216459
v 0.337124 0.663827 0.294814
v 0.306761 0.716757 0.047659
v 0.323246 0.566180 -0.060877
v 0.311923 0.446234 -0.009567
v 0.334351 0.694895 0.271971
v 0.363326 -0.212862 0.184548
v 0.318068 0.563341 0.190173
v 0.344565 -0.328962 0.245754
v 0.328864 0.723263 0.186892
v 0.348534 0.526584 -0.114058
v 0.333267 0.471451 -0.057208
v 0.317548 0.723812 0.235254
v 0.320023 0.726095 0.066980
v 0.326706 0.729734 -0.009635
v 0.319353 0.634050 -0.107288
v 0.316538 0.435977 -0.017850
v 0.320365 0.437934 0.025608
v 0.327405 0.400566 0.010057
v 0.324576 0.505637 0.145111
v 0.344377 0.635391 -0.010751
v 0.320082 0.559393 -0.041973
v 0.331189 -0.093446 0.009124
v 0.327392 0.491463 0.125594
v 0.337928 0.589924 -0.116059
v 0.331142 -0.267723 0.226563
v 0.321145 0.455339 -0.033472
v 0.323567 0.447850 0.054716
v 0.329349 0.425752 -0.060033
v 0.325238 0.733306 0.031734
v 0.340468 0.591667 0.261956
v 0.338344 -0.468547 0.319582
v 0.317596 0.754747 0.118209
v 0.323245 0.641115 0.284586
v 0.340262 0.702981 0.022447
v 0.335131 0.451954 0.096631
v 0.330817 0.645381 0.245996
v 0.329500 0.653534 -0.013350
v 0.326574 0.575938 -0.084882
v 0.341762 -0.430706 0.310366
v 0.343245 0.570377 0.198419
v 0.326514 0.624670 0.274589
v 0.327045 0.557250 0.001894
v 0.326311 0.739435 0.097774
v 0.334134 0.766988 0.103218
v 0.333123 0.628930 -0.101009
v 0.345738 -0.099104 0.031113
v 0.321584 0.591154 0.258908
v 0.333210 0.672101 0.285672
v 0.339274 0.562615 -0.024945
v 0.335252 0.747859 0.148435
v 0.348677 -0.351076 0.246161
v 0.335218 0.495478 -0.111569
v 0.359966 -0.317913 0.213609
v 0.340182 0.464557 0.090182
v 0.355035 0.689724 0.254968
v 0.348667 -0.238039 0.189699
v 0.396200 -0.078774 -0.157915
v 0.333583 0.542415 0.021545
v 0.333436 0.530189 0.041107
v 0.339343 0.545091 0.170962
v 0.342316 0.705005 0.070145
v 0.380835 -0.281078 0.229748
v 0.343336 0.591216 0.193391
v 0.356393 0.716960 0.216801
v 0.362147 0.719075 0.077836
v 0.342592 0.445865 0.041076
v 0.343301 0.577299 -0.029239
v 0.354723 0.495645 -0.074881
v 0.371956 -0.059186 -0.064313
v 0.345620 0.627451 -0.034448
v 0.361228 -0.196090 0.125310
v 0.352091 0.536528 -0.006768
v 0.384800 -0.222041 0.188124
v 0.385054 -0.340063 -0.354421
v 0.344430 0.550384 -0.101753
v 0.346695 0.723084 0.164281
v 0.362467 0.614835 0.247237
v 0.348507 0.498407 0.140080
v 0.353088 0.634000 0.239701
v 0.338856 0.550130 0.117644
v 0.392776 -0.470790 0.294274
v 0.345221 0.610824 -0.056614
v 0.337811 0.466788 -0.027300
v 0.338621 0.450647 0.007719
v 0.350066 0.554896 0.153667
v 0.357830 -0.359975 0.238837
v 0.342532 0.535370 -0.021989
v 0.419663 -0.804848 0.374020
v 0.369331 0.515756 0.007454
v 0.346669 0.528985 -0.069589
v 0.362390 0.570956 -0.056999
v 0.350722 0.517941 0.123833
v 0.342239 0.652645 0.054131
v 0.347662 0.481614 0.015213
v 0.360257 0.735408 0.102369
v 0.392993 -0.921809 0.341094
v 0.479145 -0.541746 -0.261474
v 0.353516 0.695507 0.035874
v 0.355102 0.728793 0.193347
v 0.346681 0.503902 0.035624
v 0.363234 0.483143 -0.026502
v 0.353874 0.508011 -0.047601
v 0.382490 -0.098349 -0.210074
v 0.353695 0.646904 0.024069
v 0.360416 0.591000 0.198646
v 0.368532 0.677778 0.197671
v 0.358727 0.666559 0.037954
v 0.361182 0.664643 0.008277
v 0.365188 0.468083 0.079481
v 0.361445 0.637940 -0.015491
v 0.363837 -0.411708 0.267386
v 0.363916 0.588992 -0.066205
v 0.361039 -0.727053 0.434864
v 0.364781 0.567252 -0.004222
v 0.348183 0.667171 0.202329
v 0.365363 0.544203 0.082290
v 0.364699 0.676704 0.255679
v 0.360092 0.650977 0.059193
v 0.402174 -0.162637 0.121036
v 0.358521 0.654624 0.172810
v 0.367616 0.638376 0.207079
v 0.365496 0.502747 0.052282
v 0.371787 -0.165636 -0.258386
v 0.359706 0.706520 0.145626
v 0.358681 0.532725 0.040075
v 0.352416 0.639843 0.110608
v 0.392992 -0.875639 0.363477
v 0.384725 -0.249912 0.194077
v 0.369112 0.635708 0.121496
v 0.358910 0.614723 0.067974
v 0.375975 -0.346846 0.235443
v 0.370866 0.710194 0.158446
v 0.360906 0.588144 -0.005488
v 0.373019 0.504073 0.109818
v 0.360082 0.584567 0.040812
v 0.361507 0.633503 0.074289
v 0.367215 0.709164 0.199755
v 0.406103 -0.144274 0.049024
v 0.383415 0.614034 -0.019805
v 0.365347 0.672928 0.127652
v 0.374029 0.683746 0.098745
v 0.364374 0.618055 0.142974
v 0.372815 0.641241 0.031187
v 0.372342 0.564644 0.054913
v 0.378052 0.714725 0.127730
v 0.383656 -0.169369 0.087176
v 0.375688 -0.090039 -0.008558
v 0.372334 -0.332597 0.211347
v 0.401014 -0.703329 -0.225856
v 0.384159 0.581159 0.146447
v 0.376923 0.671094 0.132491
v 0.377340 0.548338 0.085176
v 0.368999 0.517239 0.086816
v 0.386339 0.612698 0.163819
v 0.379537 0.629932 0.079341
v 0.378465 0.598747 0.132343
v 0.409736 -0.260447 -0.305355
v 0.393135 0.605152 0.077448
v 0.382018 0.569519 0.111558
v 0.384237 0.632810 0.105098
v 0.380385 -0.359756 0.242399
v 0.384053 0.610891 0.034388
v 0.382047 0.668035 0.153061
v 0.390072 -0.354722 0.220868
v 0.483992 -0.235909 0.128101
v 0.389241 -0.929043 0.297141
v 0.386506 -0.295298 0.179586
v 0.392897 -0.571720 0.346336
v 0.398088 -0.202535 -0.292576
v 0.399640 -0.109703 -0.174796
v 0.405854 -0.168645 0.095004
v 0.483564 -0.795491 -0.105642
v 0.415885 -0.141054 -0.224081
v 0.465208 -0.847848 -0.067436
v 0.402627 -0.088059 -0.064539
v 0.398572 -0.152962 0.082910
v 0.431328 -0.921829 0.264960
v 0.430287 -0.214412 0.151504
v 0.419845 -0.143240 0.072222
v 0.403098 -0.376095 0.232773
v 0.407157 -0.287075 0.176870
v 0.437545 -0.616875 0.324678
v 0.417975 -0.427687 0.275161
v 0.442095 -0.772060 0.323633
v 0.443136 -0.479802 0.256645
v 0.421395 -0.874499 0.325176
v 0.448521 -0.804575 0.271945
v 0.425096 -0.093812 -0.129703
v 0.420064 -0.276585 0.162300
v 0.446275 -0.170656 0.120824
v 0.437369 -0.155075 0.058926
v 0.439199 -0.112581 -0.025129
v 0.441972 -0.262350 0.155913
v 0.444380 -0.393622 0.220195
v 0.433011 -0.922826 0.224827
v 0.443987 -0.113493 0.025102
v 0.455876 -0.914772 0.103205
v 0.488468 -0.905124 0.173240
v 0.451753 -0.236800 -0.279026
v 0.437275 -0.189951 -0.241198
v 0.442412 -0.377772 0.234284
v 0.467002 -0.086512 -0.063300
v 0.448492 -0.449156 0.238786
v 0.442181 -0.795356 0.305234
v 0.447978 -0.859008 0.235099
v 0.470965 -0.179205 0.099145
v 0.450349 -0.116285 -0.121521
v 0.441707 -0.615948 0.297835
v 0.459659 -0.576834 0.266281
v 0.493376 -0.201038 0.127864
v 0.452629 -0.526740 0.252560
v 0.469284 -0.279221 -0.310353
v 0.449712 -0.352583 0.203946
v 0.460039 -0.286015 0.159650
v 0.451915 -0.144996 -0.176570
v 0.458099 -0.632647 0.266972
v 0.472887 -0.904192 0.211430
v 0.465621 -0.478708 0.256036
v 0.455901 -0.807534 0.246637
v 0.459588 -0.873895 0.238319
v 0.461407 -0.138255 0.064085
v 0.491011 -0.353995 -0.327783
v 0.466281 -0.699933 0.272133
v 0.462428 -0.246200 0.128189
v 0.462276 -0.763064 0.260952
v 0.485377 -0.860317 0.236683
v 0.466189 -0.100074 -0.125527
v 0.477894 -0.112363 -0.005164
v 0.468885 -0.149109 0.011955
v 0.476537 -0.393194 0.221987
v 0.482135 -0.673185 0.281673
v 0.466446 -0.284084 0.147805
v 0.550443 -0.142176 0.016395
v 0.473048 -0.331062 0.172959
v 0.519033 -0.128265 -0.057771
v 0.477711 -0.372495 0.196195
v 0.460694 -0.227276 0.162878
v 0.494856 -0.522442 0.259265
v 0.504555 -0.146744 -0.032854
v 0.484216 -0.427682 0.220927
v 0.477740 -0.207409 -0.259995
v 0.494605 -0.322327 0.179859
v 0.518260 -0.132661 -0.013598
v 0.566239 -0.836677 0.037038
v 0.479582 -0.794247 0.264562
v 0.514074 -0.106264 -0.144246
v 0.501279 -0.638796 0.263846
v 0.493935 -0.886866 0.160633
v 0.501326 -0.253146 -0.268209
v 0.499467 -0.809277 0.170736
v 0.527977 -0.125241 -0.097923
v 0.502077 -0.224235 0.108693
v 0.515395 -0.455169 0.236946
v 0.497262 -0.725295 0.267898
v 0.493073 -0.498835 0.238305
v 0.529320 -0.107203 -0.119067
v 0.497717 -0.867392 0.173660
v 0.510874 -0.588432 0.241762
v 0.519527 -0.620522 0.257340
v 0.504398 -0.766343 0.203208
v 0.503120 -0.847223 0.160790
v 0.517824 -0.761201 0.178176
v 0.512760 -0.362656 0.186210
v 0.520012 -0.408005 0.213986
v 0.550919 -0.345948 -0.309371
v 0.529108 -0.261245 0.141242
v 0.527173 -0.657239 0.240108
v 0.518278 -0.734562 0.155489
v 0.523674 -0.676368 0.174804
v 0.520900 -0.714504 0.211666
v 0.692574 -0.597704 -0.138739
v 0.524874 -0.802527 0.176570
v 0.532752 -0.173272 -0.204078
v 0.538622 -0.784685 0.208084
v 0.529205 -0.465225 0.214628
v 0.538236 -0.153954 -0.070962
v 0.563308 -0.172254 0.046575
v 0.536924 -0.187490 0.083516
v 0.555703 -0.539014 0.230701
v 0.543754 -0.197505 0.069358
v 0.575643 -0.161200 -0.136974
v 0.568901 -0.143972 -0.080303
v 0.578508 -0.810634 0.203828
v 0.538213 -0.617621 0.188651
v 0.543329 -0.667829 0.182325
v 0.559158 -0.159620 -0.189011
v 0.697563 -0.650533 -0.089294
v 0.590437 -0.675683 0.214161
v 0.549299 -0.698764 0.201749
v 0.566148 -0.361581 0.209003
v 0.538851 -0.549901 0.238171
v 0.542100 -0.274422 -0.276911
v 0.569525 -0.593142 0.212814
v 0.542972 -0.767221 0.179013
v 0.556168 -0.158320 -0.152025
v 0.574641 -0.212822 0.097856
v 0.561593 -0.743824 0.170632
v 0.550742 -0.573602 0.200308
v 0.566220 -0.174434 -0.110793
v 0.566185 -0.583140 0.200238
v 0.564590 -0.275061 -0.259833
v 0.576271 -0.688206 0.178156
v 0.579456 -0.375853 -0.295091
v 0.584209 -0.595048 0.218482
v 0.574041 -0.670738 0.202488
v 0.581836 -0.201623 -0.203239
v 0.621777 -0.266864 -0.233325
v 0.593956 -0.210234 -0.154005
v 0.635230 -0.198542 0.025550
v 0.599976 -0.661890 0.187574
v 0.569435 -0.509375 0.210344
v 0.635018 -0.321056 0.194327
v 0.582364 -0.824616 0.185136
v 0.581318 -0.521327 0.207592
v 0.610158 -0.651612 0.222987
v 0.591407 -0.401982 0.214641
v 0.581381 -0.184627 0.011408
v 0.593286 -0.780533 0.185510
v 0.606562 -0.557896 0.210191
v 0.595604 -0.625130 0.194104
v 0.616301 -0.164432 -0.048442
v 0.607720 -0.215619 -0.188296
v 0.634973 -0.169655 -0.092764
v 0.612893 -0.452434 0.229324
v 0.605311 -0.189050 -0.043320
v 0.644051 -0.656860 0.217087
v 0.606883 -0.246654 -0.183828
v 0.615526 -0.274648 -0.211563
v 0.625795 -0.384529 0.219284
v 0.665984 -0.379404 -0.257815
v 0.621548 -0.312192 -0.256672
v 0.675409 -0.680212 0.189314
v 0.620090 -0.195942 -0.068413
v 0.632887 -0.302242 -0.205558
v 0.613618 -0.730359 0.187908
v 0.641646 -0.205997 -0.168698
v 0.656675 -0.232834 0.093299
v 0.695493 -0.438970 -0.222194
v 0.622954 -0.596939 0.199150
v 0.679619 -0.228214 -0.045198
v 0.653977 -0.312352 -0.230982
v 0.631123 -0.210549 -0.095169
v 0.700872 -0.739102 0.031074
v 0.664243 -0.731335 0.193816
v 0.675207 -0.521969 0.216409
v 0.649154 -0.532954 0.204560
v 0.634680 -0.685738 0.191641
v 0.663509 -0.225514 -0.133460
v 0.659064 -0.631073 0.194467
v 0.697529 -0.410047 0.187980
v 0.649827 -0.237694 -0.129757
v 0.660428 -0.203628 -0.121334
v 0.661012 -0.353786 -0.212697
v 0.684544 -0.758950 0.176544
v 0.660506 -0.208332 -0.155878
v 0.695903 -0.303646 -0.198316
v 0.690416 -0.359193 -0.198442
v 0.670427 -0.479328 0.200306
v 0.682542 -0.371010 -0.226105
v 0.700798 -0.249939 -0.138753
v 0.735827 -0.512004 -0.161033
v 0.704576 -0.289613 -0.108077
v 0.683613 -0.394537 -0.213962
v 0.729397 -0.270581 0.040507
v 0.696381 -0.515350 0.196881
v 0.710255 -0.675938 0.170324
v 0.720583 -0.295552 0.107566
v 0.715242 -0.676116 0.153695
v 0.732776 -0.323738 -0.168006
v 0.693041 -0.736986 0.146753
v 0.737895 -0.440261 -0.183662
v 0.792292 -0.637719 0.112096
v 0.735806 -0.301377 -0.041885
v 0.734538 -0.671045 0.161569
v 0.755234 -0.372123 0.115915
v 0.745722 -0.461877 0.155356
v 0.740842 -0.343608 -0.072991
v 0.731668 -0.632905 0.140609
v 0.743664 -0.588242 0.146285
v 0.804573 -0.423310 -0.063464
v 0.836276 -0.581442 0.015532
v 0.742518 -0.601213 0.134994
v 0.759001 -0.344413 -0.022828
v 0.753699 -0.563840 0.123964
v 0.770846 -0.648852 0.148701
v 0.763484 -0.570971 0.134221
v 0.764926 -0.405615 0.029425
v 0.758948 -0.532426 0.109464
v 0.794139 -0.451287 -0.088119
v 0.766636 -0.430325 -0.174123
v 0.764651 -0.494820 0.089106
v 0.760094 -0.392278 -0.041085
v 0.772151 -0.411808 0.069210
v 0.779845 -0.420530 0.036258
v 0.766839 -0.455545 0.063030
v 0.796248 -0.618205 0.130196
v 0.777123 -0.380138 -0.052148
v 0.803925 -0.439483 -0.115518
v 0.777631 -0.500529 0.095388
v 0.772793 -0.437248 -0.010316
v 0.807783 -0.572421 -0.062906
v 0.785829 -0.504630 0.037128
v 0.797402 -0.488947 0.060907
v 0.816485 -0.497500 0.020336
v 0.825921 -0.523009 -0.070365
v 0.791597 -0.569870 0.081449
v 0.793645 -0.605348 0.104011
v 0.821933 -0.613158 0.092133
v 0.836106 -0.572438 0.049301
v 0.841291 -0.530631 -0.020778
vn -0.9915 -0.0434 0.1223
vn -0.9204 -0.2270 -0.3185
vn -0.8663 -0.4992 -0.0157
vn -0.9945 0.0844 0.0626
vn -0.9083 0.4144 0.0571
vn -0.9623 0.1415 0.2323
vn -0.8793 0.4280 0.2089
vn -0.7158 -0.3919 -0.5779
vn -0.9274 0.1488 -0.3433
vn -0.8759 -0.4062 0.2602
vn -0.7687 0.0131 -0.6394
vn -0.5676 -0.7558 -0.3265
vn -0.7508 0.6499 -0.1183
vn -0.9141 0.2961 0.2769
vn -0.8477 0.2593 0.4627
vn -0.7687 0.6227 0.1462
vn -0.7854 0.3137 0.5336
vn -0.6760 -0.2854 0.6795
vn -0.8665 0.1984 0.4580
vn -0.3591 -0.5299 -0.7682
vn -0.8022 0.5883 -0.1017
vn -0.7868 0.3353 0.5181
vn -0.7750 0.6061 0.1788
vn -0.7297 -0.3015 0.6137
vn -0.7428 0.6343 0.2141
vn -0.8791 0.2726 -0.3910
vn -0.7429 0.0573 0.6669
vn -0.4779 -0.5064 0.7178
vn -0.6432 0.3184 -0.6963
vn -0.6243 0.7146 0.3157
vn -0.7511 0.2827 -0.5966
vn -0.2475 -0.7435 -0.6212
vn -0.7241 0.6353 0.2686
vn -0.7567 0.6500 0.0700
vn -0.5752 0.7812 0.2427
vn -0.7934 0.6057 -0.0608
vn -0.8224 -0.5538 0.1305
vn -0.6143 -0.2779 0.7385
vn -0.7578 0.4903 0.4304
vn -0.5308 -0.1622 0.8318
vn -0.8677 0.4546 -0.2011
vn -0.6923 0.7121 0.1167
vn -0.4676 0.8079 0.3587
vn -0.6227 0.4058 -0.6690
vn -0.9579 0.0640 0.2798
vn -0.3474 -0.2740 -0.8968
vn -0.5469 -0.8172 -0.1820
vn -0.8369 0.4901 0.2436
vn -0.7653 0.4500 0.4602
vn -0.7258 -0.6875 -0.0224
vn -0.7002 0.1547 0.6970
vn -0.5471 0.0358 0.8363
vn -0.6493 -0.0103 0.7605
vn -0.6131 0.4624 -0.6406
vn -0.6197 0.5833 0.5252
vn -0.6694 0.7408 -0.0551
vn -0.6184 0.4636 -0.6346
vn -0.5121 -0.0276 0.8585
vn -0.3766 -0.6834 0.6254
vn -0.6884 0.5101 -0.5157
vn -0.4076 0.8420 0.3533
vn -0.7462 0.6537 -0.1262
vn -0.5897 0.5025 -0.6323
vn -0.3835 -0.1388 0.9130
vn -0.6817 0.7316 0.0060
vn -0.6276 0.3596 0.6906
vn -0.3831 -0.3449 0.8569
vn -0.6138 -0.2954 0.7321
vn -0.5734 0.7460 0.3388
vn -0.3949 -0.3186 0.8617
vn -0.8521 -0.3942 0.3443
vn -0.5798 0.7778 -0.2426
vn -0.3441 -0.8647 -0.3658
vn -0.6363 -0.1995 0.7452
vn -0.9144 0.2620 0.3087
vn -0.6868 0.5343 0.4929
vn -0.2235 -0.6628 0.7147
vn -0.6001 0.6833 -0.4158
vn -0.5677 0.8156 -0.1119
vn -0.4204 0.3478 -0.8380
vn -0.6491 0.4507 0.6127
vn 0.0500 -0.3512 0.9350
vn -0.1024 -0.8375 0.5368
vn 0.3397 -0.5414 0.7691
vn -0.8547 0.4107 0.3175
vn 0.0963 -0.6383 0.7637
vn -0.2749 -0.0640 0.9593
vn -0.2464 -0.2397 0.9390
vn -0.3463 -0.1576 0.9248
vn -0.4200 0.5840 -0.6947
vn -0.3314 0.2420 -0.9119
vn -0.7061 0.6205 0.3413
vn 0.0033 -0.5915 -0.8063
vn 0.0176 -0.5389 0.8422
vn -0.3283 0.6430 0.6920
vn -0.3941 0.7154 -0.5769
vn -0.2697 0.9314 -0.2446
vn -0.1670 -0.2611 0.9508
vn -0.4133 0.2994 -0.8600
vn -0.2906 0.9563 0.0314
vn -0.2946 -0.2316 0.9271
vn -0.0352 -0.3866 -0.9216
vn -0.7034 0.4798 0.5244
vn -0.7947 0.1410 0.5904
vn 0.1860 -0.4443 0.8763
vn -0.2696 0.9500 0.1576
vn -0.9237 0.3547 -0.1451
vn -0.0517 -0.5547 -0.8304
vn -0.5281 0.4325 0.7308
vn -0.5091 0.5532 0.6594
vn -0.3149 0.0470 0.9480
vn -0.7378 0.6046 0.3002
vn 0.0466 -0.3599 0.9318
vn 0.4151 -0.2946 0.8607
vn 0.5157 -0.3432 0.7850
vn -0.3529 -0.3188 0.8797
vn -0.4109 0.4746 -0.7784
vn -0.3222 -0.8707 -0.3717
vn -0.3669 0.0382 0.9295
vn -0.3940 -0.1338 0.9093
vn -0.3849 0.6007 -0.7008
vn -0.8555 0.5056 0.1114
vn -0.6257 -0.3374 0.7033
vn -0.3243 0.9380 -0.1227
vn -0.4513 -0.1117 0.8853
vn -0.2394 -0.7175 -0.6541
vn -0.5609 -0.8273 -0.0299
vn 0.2984 -0.3829 0.8743
vn 0.0980 -0.0900 0.9911
vn -0.8432 -0.5376 0.0010
vn -0.9275 0.0254 0.3730
vn -0.6523 0.0232 0.7576
vn -0.4080 0.9125 -0.0291
vn -0.6231 0.4388 0.6474
vn -0.9762 -0.2137 0.0360
vn -0.2400 -0.1886 0.9523
vn -0.6479 -0.0135 0.7616
vn -0.8589 0.0726 0.5069
vn -0.9684 0.0693 0.2394
vn -0.2363 0.6347 -0.7357
vn -0.7770 -0.4506 0.4395
vn 0.1401 -0.2649 0.9541
vn -0.8525 -0.4498 0.2662
vn -0.9221 -0.0435 0.3844
vn -0.8538 -0.0792 0.5146
vn -0.9366 -0.3434 0.0693
vn -0.7012 -0.4485 -0.5542
vn -0.5356 0.5594 0.6326
vn -0.2695 0.7769 -0.5691
vn -0.8339 0.4227 0.3548
vn 0.1480 -0.4443 0.8836
vn -0.6396 0.2246 0.7351
vn -0.9614 0.1746 0.2128
vn -0.2290 0.7819 -0.5798
vn 0.0045 -0.0818 -0.9966
vn 0.5573 -0.7187 0.4157
vn -0.2698 -0.3451 0.8990
vn -0.4487 0.5643 0.6929
vn -0.6655 -0.6988 0.2621
vn -0.1945 -0.0673 0.9786
vn -0.0411 -0.2885 0.9566
vn -0.0951 0.0159 -0.9953
vn -0.7937 0.2041 0.5730
vn -0.8989 -0.4342 0.0592
vn -0.5313 0.5920 0.6061
vn -0.6449 0.3958 0.6538
vn -0.9024 -0.1223 0.4131
vn -0.5854 0.4192 0.6940
vn -0.9413 0.3171 -0.1154
vn -0.8446 0.4467 0.2951
vn -0.6975 -0.5389 0.4722
vn -0.6436 0.0598 0.7630
vn -0.8076 0.3260 0.4915
vn -0.3577 -0.1558 0.9208
vn -0.8516 0.4361 -0.2908
vn -0.3691 0.7241 0.5826
vn -0.7995 0.2100 0.5627
vn -0.5916 0.2536 0.7653
vn -0.5340 0.8214 0.2003
vn -0.5951 -0.3220 0.7363
vn -0.7349 0.6781 0.0077
vn -0.7799 -0.4840 0.3969
vn -0.0384 -0.6589 0.7513
vn -0.7938 0.4879 -0.3632
vn -0.8948 0.1057 0.4339
vn -0.8551 -0.5043 -0.1199
vn -0.2973 0.9372 -0.1822
vn -0.7122 0.4972 -0.4956
vn -0.8208 0.4069 -0.4008
vn 0.4334 -0.6124 0.6612
vn -0.8374 0.3038 -0.4543
vn -0.3534 0.7552 0.5520
vn -0.8747 -0.0283 0.4839
vn -0.8938 0.1214 -0.4318
vn -0.7790 0.3789 -0.4995
vn -0.6255 -0.2867 0.7256
vn 0.1417 -0.7731 0.6183
vn -0.0672 0.1347 0.9886
vn 0.0699 -0.8529 0.5174
vn -0.4857 0.4603 0.7431
vn -0.8494 0.4487 -0.2779
vn -0.7400 -0.6719 -0.0305
vn -0.5290 0.3729 0.7623
vn -0.0524 0.0992 -0.9937
vn -0.8444 0.0852 0.5289
vn -0.0066 0.8260 0.5636
vn -0.6176 0.7847 0.0532
vn -0.5069 0.3845 0.7715
vn -0.9497 -0.0311 0.3115
vn 0.4508 -0.1545 0.8792
vn -0.5545 0.7918 0.2561
vn -0.8817 -0.3240 0.3430
vn -0.2506 -0.9615 0.1128
vn -0.5307 0.8470 0.0300
vn -0.4687 0.7051 0.5321
vn 0.6838 -0.4802 0.5494
vn -0.2881 0.3359 0.8968
vn -0.6189 0.7841 -0.0460
vn -0.5139 0.2710 0.8139
vn -0.2182 0.6921 0.6880
vn -0.4323 0.7648 -0.4776
vn -0.1339 -0.4307 0.8925
vn -0.7184 0.4250 0.5508
vn -0.4415 -0.0561 0.8955
vn -0.7616 -0.2441 0.6003
vn -0.2227 -0.4138 0.8827
vn -0.1535 -0.8056 0.5722
vn -0.9002 0.1904 0.3917
vn -0.2566 0.7209 -0.6438
vn -0.8592 -0.3556 -0.3679
vn -0.2174 -0.4955 0.8410
vn -0.9494 -0.1789 0.2580
vn -0.8953 0.3735 0.2426
vn -0.8696 -0.0064 -0.4938
vn -0.2315 -0.5760 0.7840
vn -0.1118 -0.3631 0.9250
vn -0.9120 0.0268 0.4094
vn -0.3155 -0.9487 -0.0214
vn -0.8365 -0.1058 0.5376
vn 0.3595 -0.4819 0.7991
vn -0.0107 -0.1573 0.9875
vn -0.8484 -0.1980 0.4909
vn -0.8891 0.3525 0.2919
vn -0.7410 -0.6588 -0.1303
vn -0.2997 0.5191 -0.8005
vn -0.9113 -0.0221 0.4113
vn -0.7400 0.1774 0.6488
vn -0.9149 0.3479 0.2049
vn -0.8531 0.4922 0.1728
vn -0.0804 0.6706 -0.7375
vn -0.2741 0.7689 0.5776
vn -0.7232 0.6140 0.3161
vn -0.8667 0.4582 -0.1969
vn -0.7000 -0.6777 0.2252
vn -0.9178 0.3799 0.1158
vn -0.6638 0.7449 -0.0662
vn -0.5387 -0.8379 0.0880
vn -0.7251 0.6303 -0.2772
vn -0.2946 -0.8750 -0.3841
vn 0.0936 -0.0530 0.9942
vn -0.7013 0.3608 -0.6148
vn -0.4803 -0.8433 -0.2412
vn -0.7628 0.4726 0.4413
vn -0.7623 -0.2723 0.5872
vn -0.8680 0.2612 0.4223
vn -0.4223 0.1566 0.8928
vn 0.5347 -0.7650 -0.3591
vn -0.7858 0.2846 0.5490
vn -0.4232 0.6487 0.6325
vn -0.8793 -0.1801 0.4408
vn -0.7616 0.4086 0.5029
vn -0.6300 0.6306 0.4534
vn -0.9965 -0.0407 0.0729
vn 0.0680 0.9283 -0.3656
vn 0.2134 -0.8029 0.5567
vn -0.7347 0.0914 0.6723
vn -0.7130 0.3926 -0.5810
vn -0.7282 -0.6382 0.2499
vn -0.6854 0.6208 -0.3805
vn -0.1805 0.9218 0.3432
vn -0.5700 0.5230 0.6337
vn -0.6358 0.4462 0.6298
vn -0.7603 -0.4930 0.4229
vn -0.7736 -0.1603 0.6131
vn 0.0089 0.8972 0.4415
vn -0.0666 -0.1401 0.9879
vn -0.7591 0.6276 0.1730
vn 0.1849 0.4864 0.8539
vn -0.5399 0.4670 0.7003
vn 0.0159 0.4751 -0.8798
vn -0.9653 -0.0216 0.2603
vn -0.7912 -0.5227 0.3173
vn -0.7943 -0.3713 0.4808
vn -0.8066 0.5894 0.0439
vn -0.8133 0.2888 0.5051
vn 0.7285 -0.4913 0.4774
vn -0.8930 -0.1415 -0.4272
vn -0.7285 0.6827 0.0565
vn -0.4275 0.7798 0.4573
vn -0.7176 0.2514 -0.6495
vn -0.5995 -0.1881 0.7779
vn -0.3198 -0.9359 0.1474
vn -0.7258 -0.6325 0.2704
vn -0.0226 0.7482 -0.6631
vn -0.7665 -0.6256 0.1452
vn -0.3167 -0.9453 -0.0778
vn -0.9944 -0.0313 0.1010
vn -0.9555 0.2499 0.1570
vn -0.5780 -0.7445 0.3341
vn -0.7108 0.7015 0.0515
vn -0.6778 0.7023 0.2176
vn -0.8742 -0.4114 0.2579
vn -0.0955 0.9940 -0.0531
vn 0.2423 0.0375 0.9695
vn -0.2844 0.8976 -0.3367
vn -0.8587 0.3952 -0.3264
vn -0.4090 -0.3800 0.8296
vn -0.5279 0.7281 -0.4373
vn -0.7911 -0.1964 -0.5794
vn -0.6816 0.4171 -0.6011
vn -0.2319 -0.5789 -0.7817
vn -0.6245 0.5563 0.5481
vn -0.9589 -0.1632 0.2323
vn -0.4266 0.9038 0.0349
vn -0.7245 0.1504 -0.6726
vn -0.8933 0.1091 0.4361
vn -0.0934 0.5964 -0.7972
vn -0.6231 0.5679 0.5378
vn -0.3525 -0.6446 0.6784
vn -0.8539 0.3794 0.3564
vn -0.7249 -0.0213 -0.6886
vn -0.8821 -0.3536 -0.3111
vn -0.7778 -0.1125 0.6183
vn -0.9911 0.0628 0.1174
vn -0.6513 0.3374 0.6797
vn -0.5602 0.7135 0.4208
vn -0.6850 0.0443 0.7272
vn -0.3273 -0.5600 0.7611
vn -0.5841 0.5551 0.5921
vn -0.9300 0.2970 0.2163
vn -0.9383 -0.3333 0.0928
vn -0.3542 0.0682 0.9327
vn -0.5763 -0.6835 0.4479
vn -0.9080 0.2777 0.3137
vn -0.8233 -0.2647 -0.5021
vn -0.8927 -0.4505 -0.0126
vn -0.9906 -0.0124 -0.1366
vn -0.5276 0.5200 -0.6717
vn -0.9169 -0.3048 -0.2576
vn 0.2879 0.4331 0.8541
vn -0.1626 0.8752 0.4556
vn -0.9168 0.2732 -0.2913
vn -0.5213 -0.7611 -0.3859
vn -0.7438 0.6682 0.0127
vn -0.3537 0.9342 0.0466
vn -0.9843 0.1695 -0.0488
vn -0.6718 0.6876 -0.2754
vn -0.8687 0.1576 0.4696
vn -0.9644 -0.2108 0.1598
vn -0.8451 -0.5188 0.1294
vn -0.8824 0.3272 0.3381
vn -0.8359 -0.5232 -0.1656
vn -0.7932 -0.4074 0.4525
vn -0.7769 0.6290 0.0267
vn -0.7897 0.5810 -0.1972
vn -0.6762 -0.2691 0.6858
vn -0.7771 0.5370 0.3283
vn -0.8210 0.4653 0.3307
vn -0.9641 0.1483 -0.2204
vn -0.9296 0.3190 -0.1845
vn -0.9149 0.3258 -0.2384
vn -0.4627 0.4037 0.7893
vn -0.3645 0.9090 0.2023
vn -0.9677 -0.1681 0.1881
vn -0.8422 -0.5391 -0.0107
vn -0.8118 0.1594 -0.5617
vn -0.2850 -0.8118 0.5097
vn -0.9751 0.2170 -0.0450
vn -0.6835 -0.7073 -0.1801
vn -0.5117 0.4160 -0.7518
vn 0.3363 0.3282 0.8827
vn -0.9538 -0.2535 0.1612
vn -0.9441 0.2999 -0.1370
vn -0.2259 -0.3845 0.8951
vn -0.3079 0.3177 0.8968
vn -0.0945 0.4231 0.9011
vn -0.3293 0.0853 0.9404
vn -0.9317 0.3592 -0.0548
vn -0.7701 -0.1352 0.6234
vn -0.0043 0.9972 -0.0747
vn -0.7476 0.6469 0.1503
vn -0.5869 0.8096 -0.0037
vn -0.6520 -0.7574 -0.0363
vn -0.5424 0.3495 0.7640
vn -0.4987 0.6407 0.5838
vn -0.8189 0.0888 -0.5670
vn -0.6550 -0.7116 0.2544
vn -0.1394 0.9879 -0.0681
vn -0.4025 -0.9101 -0.0987
vn -0.2759 -0.3086 0.9103
vn -0.9536 -0.2596 0.1527
vn -0.9156 -0.3809 0.1288
vn -0.9130 0.4068 -0.0301
vn -0.6191 -0.4255 0.6600
vn -0.4334 -0.5443 -0.7182
vn -0.1966 0.5160 -0.8337
vn -0.7916 0.3214 0.5197
vn -0.1676 0.9703 -0.1746
vn -0.9594 -0.0327 0.2800
vn -0.8981 -0.3821 -0.2175
vn -0.8872 0.0890 0.4527
vn -0.9572 0.2618 -0.1231
vn -0.5953 0.5009 0.6283
vn -0.9558 -0.1766 -0.2351
vn 0.0180 -0.9761 0.2167
vn -0.9665 0.2400 -0.0916
vn -0.6461 -0.5453 -0.5341
vn -0.2581 0.4070 0.8762
vn -0.9430 0.0597 0.3274
vn -0.1352 -0.3771 0.9163
vn -0.7079 -0.1752 0.6843
vn -0.8957 -0.4413 0.0544
vn -0.7947 -0.0568 0.6044
vn -0.7854 -0.5821 -0.2104
vn -0.7490 0.1074 -0.6538
vn -0.9985 -0.0536 0.0083
vn -0.5572 -0.7689 0.3136
vn -0.9045 0.1867 -0.3834
vn -0.4618 0.7187 0.5199
vn -0.5074 0.3209 0.7997
vn 0.0913 -0.4590 0.8838
vn -0.0805 -0.3753 0.9234
vn -0.9370 -0.2040 0.2837
vn -0.5293 0.7119 0.4615
vn -0.9646 0.2576 0.0571
vn -0.8144 0.3264 -0.4798
vn -0.9103 0.2205 0.3505
vn -0.9889 -0.0625 -0.1349
vn -0.5905 -0.3429 -0.7306
vn -0.7824 0.3530 -0.5130
vn -0.7899 0.5600 0.2500
vn -0.8210 0.0982 -0.5625
vn -0.8739 0.4500 -0.1839
vn -0.9468 0.3213 -0.0184
vn -0.2431 0.2995 0.9226
vn -0.6132 0.3731 0.6962
vn -0.9494 0.2158 0.2282
vn -0.7483 -0.4317 -0.5037
vn -0.5768 -0.6084 0.5451
vn -0.9073 -0.4136 -0.0754
vn -0.7154 0.0862 0.6934
vn -0.9650 0.2070 -0.1608
vn -0.9231 -0.3755 0.0832
vn -0.1421 -0.9849 -0.0992
vn -0.8642 0.4913 -0.1088
vn -0.7007 -0.6526 0.2883
vn -0.2109 0.4646 0.8601
vn 0.1461 -0.4134 -0.8987
vn -0.9141 0.3880 0.1173
vn -0.7272 0.6814 -0.0832
vn -0.2454 -0.4824 0.8409
vn -0.9056 0.3720 -0.2037
vn -0.9778 0.1550 -0.1410
vn -0.8871 0.3290 -0.3237
vn -0.1709 0.6219 -0.7642
vn -0.4915 0.8251 0.2786
vn -0.4004 -0.3747 0.8362
vn -0.8290 -0.3053 0.4686
vn -0.2093 -0.9639 0.1646
vn -0.7073 -0.3532 0.6123
vn -0.9359 0.0510 -0.3486
vn -0.9406 0.1545 0.3024
vn -0.8086 -0.5828 -0.0808
vn -0.2838 -0.8458 0.4518
vn -0.1195 -0.9729 0.1977
vn -0.4581 -0.8825 -0.1063
vn -0.9966 0.0626 0.0534
vn -0.7718 0.1926 -0.6060
vn -0.4610 -0.1596 0.8729
vn -0.0536 0.2512 -0.9665
vn -0.2200 -0.7039 -0.6754
vn -0.7305 0.5274 -0.4339
vn -0.6259 0.5273 0.5746
vn -0.8761 0.4639 0.1316
vn -0.9517 0.0707 -0.2988
vn -0.3944 -0.9181 0.0390
vn -0.3511 -0.1275 0.9276
vn -0.9822 -0.1218 0.1428
vn -0.8780 -0.0701 0.4736
vn -0.7664 -0.6204 -0.1665
vn -0.3484 0.3512 0.8691
vn -0.9096 0.3535 0.2184
vn -0.2924 -0.7461 -0.5981
vn -0.8485 -0.4817 -0.2192
vn -0.6326 -0.5138 0.5795
vn -0.5409 0.7471 -0.3863
vn -0.9243 0.0713 0.3749
vn -0.8946 -0.0474 0.4444
vn -0.9965 -0.0416 0.0729
vn -0.4297 0.6018 -0.6732
vn -0.8799 -0.3620 -0.3077
vn -0.7911 0.2633 0.5521
vn -0.8931 0.1097 0.4363
vn -0.2771 -0.9578 0.0763
vn -0.9193 0.1780 -0.3511
vn -0.9130 0.4037 -0.0590
vn -0.3745 0.6829 -0.6273
vn -0.6562 0.7449 -0.1211
vn -0.9542 0.2692 0.1307
vn -0.8663 0.4271 -0.2591
vn -0.0048 0.9990 -0.0453
vn -0.4526 -0.3085 -0.8367
vn 0.0214 0.6611 0.7500
vn -0.1948 -0.9542 -0.2268
vn -0.6108 -0.6212 0.4909
vn -0.1155 -0.9889 0.0934
vn -0.0136 0.7853 0.6189
vn -0.3358 0.4353 0.8353
vn -0.0000 -0.0000 -0.0000
vn -0.9435 -0.2147 0.2523
vn -0.3466 -0.6918 0.6334
vn -0.1686 0.7631 -0.6239
vn -0.8959 -0.2203 0.3857
vn -0.7895 -0.6064 -0.0946
vn -0.5176 0.4076 0.7523
vn -0.9269 -0.0997 0.3618
vn -0.2661 -0.7504 0.6051
vn -0.9374 0.3455 0.0433
vn -0.9439 -0.1283 0.3042
vn -0.8539 0.0520 0.5179
vn -0.7913 0.6102 0.0393
vn -0.8023 0.5665 0.1884
vn -0.4111 0.0483 0.9103
vn -0.7813 0.6136 -0.1143
vn -0.3029 -0.6262 0.7184
vn -0.7988 0.5714 0.1884
vn -0.8785 -0.3863 -0.2811
vn -0.9280 -0.2969 0.2252
vn -0.7696 -0.5782 0.2709
vn -0.7442 0.6267 0.2312
vn -0.8700 0.2404 0.4304
vn -0.8194 0.3776 -0.4312
vn -0.8254 -0.0380 0.5632
vn -0.1417 0.0835 0.9864
vn -0.9032 0.3114 -0.2955
vn -0.0646 0.1790 -0.9817
vn -0.6603 0.3481 0.6655
vn -0.9044 0.3902 -0.1726
vn -0.9559 -0.0571 -0.2880
vn -0.0015 0.4438 0.8961
vn -0.6332 0.0001 0.7740
vn -0.5369 -0.8214 0.1924
vn -0.8796 0.3596 -0.3114
vn -0.2193 0.6799 0.6998
vn -0.2722 -0.9381 0.2143
vn -0.9692 -0.0566 -0.2397
vn -0.9369 0.2126 0.2776
vn -0.9209 0.3817 0.0795
vn -0.7536 0.0248 -0.6569
vn -0.3010 0.0352 0.9530
vn -0.5004 0.3925 -0.7717
vn -0.3144 0.8502 0.4223
vn -0.6712 0.2203 0.7078
vn -0.8272 -0.4257 0.3668
vn -0.7895 0.5387 0.2941
vn -0.9925 -0.0065 0.1217
vn -0.7614 0.5581 0.3298
vn 0.1758 0.6743 0.7172
vn -0.6407 -0.6861 0.3447
vn -0.4609 0.5445 -0.7008
vn -0.8976 0.4352 0.0699
vn -0.9340 0.3549 -0.0406
vn -0.7039 -0.1723 -0.6891
vn -0.8884 -0.4381 -0.1374
vn -0.0837 -0.8888 0.4506
vn -0.9150 0.0861 -0.3943
vn 0.1678 0.9028 0.3960
vn -0.1012 -0.9841 -0.1459
vn -0.8258 0.1806 0.5343
vn -0.3431 0.1389 -0.9290
vn -0.6862 0.0506 -0.7257
vn -0.5473 0.7000 0.4587
vn -0.5976 0.7985 -0.0726
vn 0.5083 0.4986 0.7022
vn -0.9321 0.2129 -0.2931
vn -0.9452 0.3231 0.0457
vn -0.8431 0.3987 -0.3610
vn 0.1335 -0.5538 0.8219
vn -0.2111 -0.8193 0.5331
vn -0.8145 -0.5153 0.2665
vn -0.5997 -0.1298 0.7896
vn -0.5575 0.8256 0.0868
vn 0.2255 0.9718 0.0686
vn -0.5876 -0.7725 0.2408
vn -0.5063 -0.7140 -0.4836
vn -0.3658 -0.9271 0.0821
vn -0.7783 0.1754 0.6029
vn -0.7608 -0.6398 -0.1089
vn -0.4327 -0.7357 -0.5212
vn -0.8795 -0.1340 -0.4566
vn -0.3911 -0.8951 -0.2141
vn -0.8492 -0.1065 -0.5172
vn 0.1948 0.9489 -0.2482
vn -0.6220 -0.3059 0.7208
vn -0.7792 0.6177 0.1061
vn 0.0010 0.5392 -0.8422
vn -0.8092 -0.1705 0.5623
vn 0.3459 0.8241 0.4486
vn -0.9366 -0.1036 0.3348
vn 0.1060 0.1708 -0.9796
vn -0.7571 0.6482 0.0819
vn 0.3112 0.7545 -0.5779
vn 0.0155 -0.4172 -0.9087
vn -0.3876 -0.8436 0.3716
vn -0.8953 0.3741 0.2419
vn -0.9329 0.3549 -0.0610
vn 0.0121 -0.6680 0.7440
vn 0.1356 0.6542 0.7441
vn -0.3589 -0.8193 0.4472
vn -0.5123 -0.5763 0.6367
vn -0.9256 0.3336 -0.1786
vn -0.6508 -0.6881 -0.3209
vn 0.0055 0.7820 0.6232
vn -0.9199 0.3922 -0.0046
vn -0.7020 0.5141 0.4928
vn 0.3822 0.8421 0.3806
vn -0.6877 0.6276 -0.3650
vn -0.9193 -0.2012 -0.3381
vn -0.5098 -0.1660 0.8441
vn -0.4057 -0.7623 0.5043
vn -0.5375 -0.7849 0.3083
vn -0.5442 -0.1537 0.8248
vn -0.2055 0.9679 -0.1445
vn -0.6887 0.3391 0.6409
vn -0.2970 -0.6135 0.7317
vn -0.9218 0.3875 0.0143
vn -0.9740 0.0628 0.2177
vn -0.6845 0.6379 -0.3529
vn -0.1141 -0.4165 -0.9020
vn -0.9040 0.3710 0.2125
vn -0.3438 -0.8664 0.3620
vn -0.6016 -0.1926 0.7752
vn 0.1332 -0.9773 0.1648
vn -0.8304 -0.2576 -0.4939
vn -0.9594 -0.1034 0.2625
vn 0.2381 0.6205 0.7472
vn -0.5263 0.8367 0.1512
vn -0.8262 -0.3060 0.4729
vn 0.0062 0.1729 -0.9849
vn -0.9304 -0.2854 0.2301
vn -0.9269 0.2806 0.2492
vn -0.8227 0.4151 -0.3884
vn 0.1651 -0.9860 -0.0212
vn -0.8719 0.4708 0.1347
vn 0.3368 -0.2374 0.9112
vn -0.0844 0.7726 -0.6292
vn -0.2886 -0.7656 0.5749
vn 0.0893 -0.3730 0.9235
vn -0.9764 -0.0956 0.1936
vn -0.6976 0.1535 0.6999
vn -0.8606 -0.2887 -0.4196
vn 0.3860 0.4284 0.8170
vn -0.6437 -0.0179 -0.7650
vn -0.6072 -0.6569 -0.4470
vn -0.8402 0.4366 0.3216
vn -0.3338 -0.9406 0.0626
vn -0.2497 0.3192 -0.9142
vn -0.4383 0.3578 0.8245
vn 0.5722 0.7307 0.3725
vn -0.7215 0.0736 0.6884
vn -0.7280 -0.6797 0.0892
vn -0.8032 -0.2928 0.5188
vn -0.7508 0.3950 0.5293
vn 0.0745 -0.3653 -0.9279
vn -0.2399 -0.8586 0.4530
vn -0.5759 -0.5951 0.5606
vn -0.3550 -0.8843 0.3034
vn -0.8192 -0.4852 0.3057
vn -0.7049 -0.6085 -0.3645
vn -0.5242 -0.4921 0.6950
vn -0.5342 0.3967 0.7465
vn -0.8866 0.4524 0.0965
vn -0.4207 -0.7297 0.5391
vn -0.7874 0.6091 0.0951
vn -0.5776 0.7578 -0.3035
vn -0.2623 -0.8225 0.5047
vn 0.3288 0.5490 0.7684
vn -0.6359 0.3021 -0.7102
vn -0.9585 -0.0332 0.2831
vn -0.6958 -0.7136 -0.0811
vn -0.6207 0.1004 0.7776
vn -0.0842 -0.9854 -0.1480
vn -0.7374 -0.3594 0.5720
vn -0.8571 0.3229 0.4013
vn 0.1451 -0.9404 -0.3075
vn -0.4006 -0.0402 0.9154
vn -0.9891 0.1292 0.0701
vn 0.2253 0.1363 0.9647
vn -0.9427 0.3056 0.1340
vn -0.6016 -0.3161 0.7336
vn -0.8902 -0.2969 -0.3455
vn -0.8601 0.4580 -0.2248
vn -0.4064 0.8045 -0.4331
vn -0.8306 0.5391 -0.1393
vn 0.0220 -0.0346 0.9992
vn 0.0618 0.1709 -0.9833
vn -0.8619 -0.4856 0.1461
vn -0.8833 0.4446 -0.1487
vn -0.9170 -0.1416 0.3730
vn -0.0305 -0.4388 0.8981
vn -0.2138 0.6405 0.7376
vn -0.2612 -0.7887 0.5565
vn 0.1157 -0.5115 0.8515
vn -0.9717 0.2258 -0.0694
vn -0.8043 -0.5492 -0.2269
vn -0.8843 0.4666 -0.0141
vn -0.2024 -0.9749 0.0928
vn -0.8631 0.1271 0.4888
vn -0.7862 -0.0034 0.6179
vn -0.0473 -0.8417 0.5379
vn -0.8559 0.4902 -0.1648
vn -0.1062 -0.3181 -0.9421
vn 0.7790 0.3965 0.4857
vn -0.8234 -0.5500 0.1397
vn -0.9630 0.1008 -0.2498
vn -0.4763 -0.8349 0.2758
vn -0.7858 0.4582 0.4155
vn -0.6949 0.7115 -0.1040
vn -0.2844 0.1480 -0.9472
vn -0.3317 -0.9107 0.2463
vn -0.7362 0.3600 -0.5731
vn -0.8299 -0.1563 0.5355
vn 0.3011 0.2049 0.9313
vn -0.1800 -0.9521 0.2471
vn -0.9570 -0.2635 0.1216
vn -0.8446 0.4857 0.2251
vn 0.0894 0.7705 0.6311
vn -0.6415 -0.7373 0.2121
vn 0.5264 0.6873 0.5005
vn -0.5834 0.5838 0.5647
vn -0.1487 -0.5774 -0.8028
vn -0.0969 -0.9953 0.0036
vn -0.3182 -0.6837 0.6567
vn 0.2416 0.8822 0.4042
vn -0.2335 -0.4943 -0.8373
vn -0.9387 0.2867 0.1912
vn -0.7867 0.2330 0.5717
vn -0.8291 0.1352 0.5425
vn -0.7029 -0.4933 -0.5125
vn -0.5939 0.6834 -0.4246
vn -0.7233 -0.4387 0.5333
vn -0.6787 0.7339 0.0265
vn -0.3141 0.3111 0.8970
vn -0.8064 -0.0498 0.5893
vn 0.8372 0.2495 0.4866
vn -0.3324 0.5411 0.7725
vn -0.8384 -0.3999 -0.3703
vn -0.5464 -0.7756 -0.3160
vn 0.0486 -0.9857 -0.1614
vn -0.1275 0.8647 -0.4858
vn -0.8405 0.5040 0.1989
vn 0.2840 0.6534 0.7017
vn -0.8648 -0.1697 0.4727
vn -0.9824 -0.1861 -0.0156
vn 0.3307 0.3806 0.8636
vn -0.9506 0.3031 0.0662
vn -0.7414 0.0082 -0.6710
vn -0.7905 -0.5104 0.3385
vn -0.6418 -0.6612 -0.3885
vn -0.8490 0.5236 0.0712
vn -0.7824 -0.1658 0.6003
vn -0.8095 0.5478 0.2111
vn -0.2002 0.7512 -0.6289
vn -0.6927 -0.4815 -0.5369
vn -0.4750 0.8524 0.2186
vn -0.6563 -0.2601 0.7083
vn -0.7643 0.4453 0.4664
vn -0.5571 0.0038 -0.8304
vn -0.1841 -0.3272 0.9269
vn -0.3068 0.8795 0.3639
vn -0.6867 -0.5125 0.5156
vn -0.7910 -0.5801 0.1945
vn -0.6465 0.4091 0.6439
vn -0.7015 0.4635 -0.5414
vn -0.7802 0.2784 -0.5601
vn -0.6868 0.6683 0.2859
vn 0.4142 0.5036 0.7582
vn -0.3167 0.5636 0.7630
vn -0.7000 0.7141 -0.0001
vn -0.7734 0.5574 -0.3018
vn -0.7019 0.2433 0.6694
vn -0.1463 0.7623 0.6305
vn -0.7920 0.5338 0.2961
vn -0.0524 -0.9734 -0.2230
vn -0.2948 0.3775 0.8778
vn -0.5687 -0.7341 0.3710
vn -0.4071 0.2193 -0.8867
vn -0.7631 -0.5006 -0.4087
vn -0.3359 -0.1429 -0.9310
vn -0.6910 -0.6678 0.2767
vn 0.5955 0.4992 0.6294
vn -0.4489 0.7381 -0.5036
vn -0.4882 0.6687 -0.5608
vn -0.5194 -0.1768 0.8360
vn 0.0226 0.7417 0.6703
vn -0.4966 0.6140 -0.6135
vn -0.0717 -0.1345 0.9883
vn -0.8997 0.0486 0.4339
vn -0.7646 0.1822 -0.6182
vn -0.7429 0.5380 -0.3983
vn -0.7371 -0.4120 -0.5356
vn 0.0452 0.6675 0.7433
vn 0.4724 0.8671 0.1580
vn -0.2133 -0.9724 0.0949
vn -0.9273 0.2462 -0.2819
vn -0.6683 -0.7373 0.0985
vn -0.3219 0.7029 -0.6343
vn -0.8295 0.4921 0.2639
vn 0.0124 0.8055 -0.5924
vn 0.5267 0.7895 0.3152
vn -0.2987 -0.9544 0.0040
vn 0.1985 0.7667 0.6105
vn -0.6232 -0.7566 0.1980
vn -0.6009 -0.0332 0.7986
vn 0.2765 -0.6959 0.6628
vn 0.1267 0.7431 -0.6570
vn -0.5515 0.8068 0.2122
vn -0.9608 0.2009 -0.1909
vn -0.7129 0.2077 -0.6698
vn -0.6042 0.4990 -0.6212
vn 0.2384 -0.9596 0.1494
vn -0.6726 0.4626 0.5776
vn -0.8112 0.5597 0.1694
vn -0.7752 0.1244 0.6194
vn -0.6478 0.0053 -0.7618
vn -0.2643 -0.7558 0.5991
vn 0.2904 -0.3302 0.8981
vn 0.6361 -0.2689 0.7232
vn -0.1626 0.0828 0.9832
vn 0.9155 -0.2215 0.3358
vn -0.6226 -0.7675 -0.1526
vn 0.7082 0.5762 0.4080
vn -0.5148 -0.8473 0.1305
vn -0.7440 0.3003 0.5969
vn -0.3061 -0.7845 0.5394
vn 0.0011 0.4498 0.8931
vn -0.8042 -0.2376 0.5448
vn -0.6406 0.0229 0.7675
vn -0.6643 0.5036 -0.5523
vn -0.2271 -0.9589 0.1699
vn -0.2424 -0.5543 0.7963
vn -0.7669 -0.4376 0.4695
vn -0.4262 -0.0600 -0.9026
vn -0.7680 0.5676 0.2967
vn -0.7534 0.3341 0.5663
vn -0.4676 -0.8746 0.1283
vn -0.1824 0.1922 -0.9642
vn -0.8085 0.5655 0.1629
vn 0.6271 0.6508 0.4281
vn 0.2360 -0.8593 -0.4537
vn -0.5782 0.2573 -0.7743
vn -0.4990 0.5820 0.6421
vn -0.6978 -0.0413 -0.7151
vn -0.6434 -0.7655 -0.0015
vn -0.1603 0.7754 0.6108
vn -0.2877 0.4361 0.8527
vn -0.4370 -0.2840 0.8535
vn -0.1102 0.9226 0.3697
vn -0.5768 0.7963 0.1820
vn -0.7522 0.6473 0.1229
vn 0.0641 -0.9962 -0.0598
vn -0.6805 0.0751 -0.7289
vn -0.5103 0.6506 0.5624
vn 0.6896 0.1010 0.7171
vn -0.3069 0.4870 0.8177
vn 0.5051 0.6465 0.5718
vn 0.1299 0.5712 0.8105
vn -0.4836 -0.6967 0.5298
vn -0.1638 -0.8093 0.5642
vn -0.4345 0.1316 0.8910
vn -0.6386 -0.2959 0.7104
vn -0.9747 -0.0010 0.2237
vn -0.7091 -0.0018 -0.7051
vn -0.8287 -0.5464 -0.1212
vn -0.7313 0.6627 -0.1614
vn -0.6928 -0.5008 0.5188
vn -0.6217 0.6553 -0.4290
vn -0.2883 -0.2062 0.9351
vn -0.6609 -0.7443 -0.0957
vn 0.6609 0.7055 0.2560
vn 0.2000 -0.1955 0.9601
vn -0.7683 0.4062 -0.4947
vn -0.9079 0.1384 0.3957
vn 0.0230 -0.9310 -0.3644
vn -0.1444 -0.8253 0.5460
vn -0.6025 0.7678 -0.2180
vn -0.5607 0.5462 -0.6224
vn 0.2670 -0.2152 0.9394
vn -0.8599 -0.2412 0.4499
vn -0.7060 0.0271 0.7077
vn 0.2117 0.7990 0.5629
vn 0.1967 0.8301 0.5219
vn -0.6380 -0.7219 0.2680
vn -0.4343 -0.8880 0.1511
vn -0.7570 0.5548 0.3453
vn -0.4635 0.5589 -0.6877
vn -0.9262 0.2391 0.2915
vn -0.6034 -0.4120 0.6827
vn -0.8134 -0.0889 0.5749
vn 0.4238 -0.7798 0.4608
vn -0.4273 -0.5745 -0.6981
vn -0.4676 -0.2807 0.8382
vn -0.7110 0.1847 0.6786
vn -0.7578 0.6501 0.0556
vn -0.9315 0.2680 0.2460
vn -0.6475 0.7305 0.2172
vn 0.0300 -0.9048 0.4247
vn -0.7896 0.5441 0.2836
vn -0.5806 -0.3065 0.7543
vn -0.5045 -0.2297 0.8323
vn 0.7563 0.0370 0.6532
vn -0.5821 0.2035 -0.7873
vn -0.7214 -0.2307 0.6530
vn -0.9296 0.2229 0.2936
vn 0.9186 0.1580 0.3622
vn 0.0675 -0.5965 0.7998
vn -0.7260 0.6044 -0.3279
vn 0.4514 -0.7948 0.4055
vn -0.7126 -0.5516 -0.4335
vn 0.1661 0.8043 0.5705
vn -0.5679 -0.0898 -0.8182
vn 0.6714 -0.3224 0.6673
vn -0.7135 0.6551 -0.2484
vn -0.6120 0.2998 -0.7318
vn 0.0708 0.4614 -0.8844
vn -0.6306 0.6932 -0.3489
vn -0.2893 -0.8643 0.4115
vn -0.6434 0.0344 0.7647
vn -0.7001 0.6353 -0.3260
vn -0.7665 0.4328 -0.4745
vn 0.2925 0.5199 0.8026
vn -0.5886 -0.4598 -0.6650
vn -0.4279 0.4653 0.7749
vn -0.8335 -0.2001 0.5151
vn -0.4436 0.5718 -0.6901
vn -0.5000 0.0505 -0.8645
vn 0.3251 -0.1596 0.9321
vn -0.5351 0.6156 -0.5785
vn -0.1480 -0.8245 0.5462
vn 0.3665 -0.3594 0.8582
vn -0.4162 0.4436 0.7937
vn -0.0984 0.8879 -0.4494
vn 0.5955 0.6941 0.4044
vn 0.2015 0.9175 0.3430
vn -0.6154 0.2741 0.7390
vn 0.7312 0.6226 0.2787
vn -0.3601 -0.2835 0.8888
vn -0.9769 -0.2111 0.0317
vn -0.3814 -0.9188 -0.1012
vn -0.5127 -0.4780 0.7132
vn -0.2657 0.9604 0.0832
vn -0.5909 0.2310 0.7730
vn 0.4382 -0.8977 -0.0459
vn -0.2973 0.2736 0.9147
vn -0.5957 0.6784 0.4300
vn 0.1593 0.6374 0.7539
vn -0.5588 0.4311 -0.7084
vn 0.0212 -0.1487 -0.9887
vn -0.8629 -0.4177 -0.2845
vn -0.6482 -0.5605 -0.5155
vn -0.8290 0.1762 0.5308
vn 0.3761 0.1690 0.9110
vn -0.3813 -0.8531 -0.3561
vn -0.2656 -0.4041 0.8753
vn -0.3847 -0.5425 0.7468
vn 0.3115 -0.8255 0.4706
vn 0.3788 -0.9254 -0.0145
vn -0.1824 0.0476 0.9821
vn -0.8840 -0.4501 0.1262
vn 0.0764 0.3974 0.9145
vn 0.0741 0.8501 0.5213
vn -0.4697 -0.8783 0.0891
vn -0.4277 -0.0267 -0.9035
vn -0.9687 0.2151 -0.1241
vn -0.7896 -0.4547 0.4120
vn -0.4495 0.2074 0.8689
vn 0.4416 -0.8955 0.0554
vn -0.3743 -0.8556 -0.3577
vn -0.2867 -0.2862 0.9143
vn -0.2318 0.6234 0.7468
vn -0.3695 0.6650 0.6490
vn -0.4984 0.6522 -0.5712
vn -0.8983 -0.3339 0.2854
vn -0.8092 0.5328 -0.2476
vn -0.0806 -0.9875 -0.1356
vn -0.2039 -0.3992 -0.8939
vn -0.4979 0.8336 0.2391
vn -0.6131 0.6943 0.3768
vn -0.3456 0.0598 -0.9365
vn -0.1960 -0.8251 0.5298
vn 0.5701 -0.8194 0.0596
vn -0.5574 0.0983 0.8244
vn -0.6296 0.0031 0.7769
vn -0.4682 0.7349 -0.4905
vn 0.4405 0.0693 0.8951
vn -0.6699 0.0797 0.7381
vn -0.5355 0.8430 0.0508
vn 0.1324 -0.0258 -0.9909
vn 0.0089 -0.9981 0.0612
vn 0.1007 0.5693 0.8160
vn -0.7871 0.6160 -0.0318
vn -0.1699 -0.9852 0.0245
vn -0.7276 0.5498 -0.4102
vn -0.0274 0.4874 0.8728
vn -0.8814 0.4583 0.1146
vn -0.5385 -0.3129 0.7824
vn 0.2606 -0.9602 0.1008
vn -0.2725 0.6194 0.7363
vn -0.5329 0.4025 0.7443
vn 0.1265 -0.7135 0.6891
vn -0.3112 0.6718 0.6722
vn -0.5139 0.4098 -0.7536
vn -0.3462 -0.7218 0.5993
vn 0.3945 0.5246 0.7545
vn -0.0937 -0.7502 0.6546
vn -0.5401 -0.5554 -0.6323
vn -0.6485 0.7422 0.1694
vn -0.4576 0.7473 -0.4818
vn -0.5279 -0.5435 -0.6527
vn -0.2676 -0.5474 -0.7929
vn 0.0066 0.4154 0.9096
vn 0.3640 0.7902 0.4931
vn 0.2556 -0.8896 0.3786
vn -0.6027 0.4434 0.6634
vn -0.1162 -0.4279 0.8963
vn 0.2005 -0.2135 0.9561
vn -0.1442 -0.8544 0.4991
vn -0.4107 -0.0379 0.9110
vn -0.0150 -0.1799 -0.9836
vn -0.1235 -0.9406 -0.3164
vn 0.1738 -0.8877 0.4263
vn -0.0887 -0.2566 -0.9625
vn -0.2839 0.4734 0.8339
vn 0.7016 -0.6358 0.3217
vn -0.4388 0.1143 -0.8913
vn 0.2561 0.8017 0.5400
vn -0.5408 -0.1881 0.8198
vn -0.4942 0.7561 -0.4291
vn -0.3324 -0.9176 0.2182
vn -0.3212 -0.6677 0.6715
vn 0.0181 -0.5466 0.8372
vn -0.0197 0.4330 -0.9012
vn -0.1076 0.7719 -0.6265
vn -0.4563 0.8885 0.0481
vn -0.1095 0.8242 0.5557
vn 0.8659 -0.2142 0.4520
vn -0.5310 -0.5632 -0.6331
vn -0.1449 -0.3729 0.9165
vn 0.2240 -0.6629 0.7144
vn 0.9700 0.1546 -0.1877
vn -0.5047 -0.6280 0.5924
vn 0.1926 -0.6334 0.7495
vn -0.5881 0.7752 -0.2307
vn -0.2187 -0.7437 0.6317
vn 0.2536 -0.7973 0.5477
vn -0.3446 -0.2972 0.8905
vn -0.4561 0.8527 -0.2546
vn -0.2024 -0.0711 0.9767
vn -0.4052 0.7944 -0.4526
vn -0.7307 -0.2420 0.6384
vn -0.7378 0.5772 0.3500
vn -0.5154 -0.5672 -0.6423
vn 0.1133 -0.9761 0.1853
vn -0.3317 -0.9375 -0.1054
vn 0.0798 -0.9911 -0.1068
vn 0.8947 -0.2043 -0.3973
vn -0.8134 0.5084 0.2827
vn 0.2780 -0.5919 0.7565
vn -0.1277 -0.9899 -0.0622
vn -0.2398 -0.9698 0.0445
vn -0.0443 0.8514 0.5226
vn -0.7364 -0.3912 0.5520
vn 0.7693 0.5695 0.2895
vn -0.7803 0.5942 0.1952
vn -0.4648 -0.5169 0.7189
vn -0.1293 0.6055 -0.7852
vn -0.7104 -0.7029 0.0350
vn -0.1767 -0.9002 0.3979
vn -0.0794 -0.2845 0.9554
vn -0.7687 -0.5265 0.3632
vn -0.1890 -0.9771 0.0975
vn -0.6348 -0.3087 0.7083
vn -0.7620 0.4996 0.4119
vn -0.6295 0.7770 -0.0032
vn -0.8066 -0.2717 0.5250
vn -0.2357 -0.5851 0.7760
vn -0.6217 0.5979 0.5060
vn 0.2717 0.9615 0.0411
vn -0.5188 0.6960 0.4965
vn -0.4477 -0.5040 0.7386
vn 0.0724 0.7230 -0.6870
vn -0.1992 -0.4253 0.8828
vn -0.3855 -0.5622 0.7316
vn 0.5099 -0.8579 -0.0630
vn -0.0732 -0.7709 -0.6327
vn 0.7787 -0.0635 0.6242
vn -0.3167 -0.4102 0.8552
vn -0.5783 -0.0353 0.8150
vn 0.1749 -0.1203 -0.9772
vn -0.2105 0.9290 -0.3045
vn 0.7588 0.5012 0.4159
vn 0.0035 0.3487 0.9372
vn 0.1642 0.9780 0.1289
vn 0.8380 0.5077 0.2000
vn -0.1280 -0.9182 -0.3749
vn -0.8024 0.0099 0.5967
vn -0.6837 -0.3164 0.6576
vn -0.7728 -0.1621 0.6136
vn 0.5655 -0.3599 0.7421
vn 0.0534 0.6728 0.7379
vn -0.5090 -0.3234 0.7977
vn -0.4873 -0.7102 0.5080
vn -0.4502 -0.4124 -0.7920
vn -0.4028 0.0600 0.9133
vn -0.5930 0.4729 0.6518
vn -0.2964 0.4872 -0.8215
vn -0.2329 0.1402 0.9623
vn -0.8993 -0.3990 0.1791
vn -0.3357 0.6252 0.7046
vn -0.3280 -0.6455 0.6898
vn 0.7674 0.3014 0.5660
vn -0.2707 0.7279 -0.6300
vn 0.7394 -0.1481 0.6568
vn -0.7643 0.5301 0.3671
vn -0.9179 0.2304 0.3231
vn 0.5519 -0.3707 0.7470
vn 0.0830 0.5488 -0.8319
vn 0.2580 0.5301 0.8077
vn -0.7686 -0.3362 0.5443
vn -0.5992 0.0863 0.7960
vn -0.4981 0.7283 -0.4706
vn 0.9003 0.4012 0.1687
vn -0.3149 0.8213 -0.4757
vn -0.1612 0.7112 0.6843
vn -0.2141 0.5632 -0.7981
vn -0.5466 -0.8371 0.0241
vn 0.7290 0.4050 0.5518
vn -0.5437 -0.5205 0.6584
vn -0.3907 0.8939 0.2197
vn -0.6703 0.6633 0.3328
vn -0.2013 -0.9412 -0.2714
vn -0.5124 0.8486 -0.1320
vn -0.2257 -0.6572 0.7191
vn -0.0038 -0.6324 0.7746
vn -0.9565 0.2422 -0.1628
vn 0.5554 0.5013 0.6635
vn 0.0295 -0.0440 0.9986
vn -0.0086 0.0649 -0.9979
vn -0.8054 -0.4649 -0.3677
vn -0.3010 0.4616 -0.8345
vn 0.2701 -0.4587 -0.8466
vn -0.5406 -0.4439 0.7147
vn -0.4819 -0.8557 0.1889
vn -0.4659 -0.2401 -0.8517
vn 0.4497 -0.2952 0.8430
vn -0.2184 0.7574 0.6153
vn -0.1766 0.0652 0.9821
vn -0.4988 0.8649 0.0561
vn 0.1150 -0.6814 -0.7228
vn -0.1131 0.1885 -0.9755
vn 0.1420 -0.2845 -0.9481
vn -0.7349 0.6671 -0.1219
vn -0.4437 0.0418 0.8952
vn -0.5404 0.6466 0.5385
vn -0.4546 -0.1737 -0.8736
vn -0.1159 0.1789 -0.9770
vn -0.9999 0.0107 0.0075
vn -0.8129 0.4814 0.3277
vn -0.7159 -0.3061 -0.6276
vn 0.0607 -0.9981 0.0110
vn -0.5951 0.6812 -0.4264
vn 0.7920 0.5700 0.2189
vn -0.1499 -0.6762 0.7213
vn -0.8333 -0.2027 0.5143
vn -0.0941 0.6346 0.7671
vn -0.0710 -0.9964 0.0461
vn 0.0253 0.4721 0.8812
vn -0.4465 0.6122 -0.6526
vn -0.4647 0.7484 0.4731
vn 0.1296 -0.9825 -0.1335
vn -0.5480 0.6519 0.5241
vn -0.4963 0.6665 0.5563
vn -0.5395 0.1077 -0.8351
vn -0.3757 -0.7244 0.5780
vn -0.5006 0.4220 -0.7559
vn -0.5822 0.2179 0.7833
vn -0.5774 -0.6856 -0.4433
vn -0.4629 0.6855 0.5619
vn -0.0124 -0.9879 0.1545
vn -0.3150 0.1282 0.9404
vn 0.2458 -0.8554 0.4560
vn -0.2918 -0.8602 0.4182
vn 0.5617 0.4750 0.6774
vn -0.1218 0.3033 -0.9451
vn -0.2772 -0.8900 0.3621
vn -0.2229 0.5051 -0.8338
vn -0.4902 -0.1676 0.8553
vn -0.1930 0.6600 0.7260
vn -0.3238 0.3104 0.8938
vn -0.3269 0.1230 0.9370
vn -0.2384 0.3945 -0.8874
vn -0.3843 0.7881 0.4808
vn -0.3117 -0.3939 -0.8647
vn -0.4063 0.6199 -0.6713
vn 0.6831 0.4494 0.5757
vn -0.4629 0.8854 -0.0433
vn -0.2181 0.6902 -0.6900
vn 0.0324 0.7079 0.7056
vn -0.6047 -0.6514 0.4582
vn -0.1429 -0.1787 0.9735
vn -0.2571 0.7658 -0.5894
vn -0.3656 0.9215 -0.1313
vn 0.0552 0.4717 -0.8800
vn -0.7727 -0.4157 0.4796
vn 0.1573 -0.7136 0.6827
vn -0.3586 0.0969 0.9285
vn -0.1156 0.5016 -0.8573
vn -0.7209 -0.4415 0.5343
vn -0.7783 -0.6126 -0.1373
vn -0.4776 -0.7016 0.5288
vn -0.4132 0.7039 -0.5778
vn -0.6559 0.0493 0.7532
vn -0.5051 0.8625 -0.0309
vn -0.6959 -0.3349 0.6353
vn -0.3279 0.6018 -0.7282
vn -0.7554 -0.1805 0.6300
vn -0.1871 0.5983 0.7791
vn -0.2338 -0.6279 0.7423
vn 0.2637 -0.9266 -0.2683
vn -0.6249 0.6358 0.4530
vn -0.2636 0.7112 -0.6517
vn -0.7485 -0.5471 -0.3748
vn 0.0749 -0.2098 -0.9749
vn -0.3601 0.6275 0.6904
vn -0.5746 -0.3387 0.7451
vn -0.1799 -0.2302 0.9564
vn -0.4411 0.8038 0.3991
vn -0.0310 0.2834 -0.9585
vn -0.6564 0.0212 -0.7541
vn -0.3868 0.8246 0.4129
vn -0.8844 -0.4593 0.0824
vn -0.6731 0.1196 -0.7299
vn -0.7603 0.5898 -0.2722
vn -0.7242 0.2751 -0.6323
vn -0.0618 0.9023 -0.4267
vn 0.8462 0.4267 0.3193
vn -0.3184 -0.6443 0.6953
vn -0.6053 0.7257 -0.3271
vn 0.1117 -0.3754 -0.9201
vn 0.2861 0.3749 0.8818
vn -0.0324 0.4562 0.8893
vn -0.3788 0.0745 -0.9225
vn -0.5912 -0.6889 0.4193
vn 0.2998 0.9459 -0.1240
vn -0.1948 -0.5095 -0.8381
vn 0.0758 0.9502 0.3023
vn 0.0643 0.5982 0.7988
vn -0.1218 -0.3069 -0.9439
vn -0.4561 0.8829 0.1117
vn 0.0247 0.6998 -0.7140
vn -0.3318 0.7851 -0.5229
vn -0.2284 -0.6051 0.7627
vn 0.4183 0.5047 0.7551
vn -0.9254 -0.3766 -0.0434
vn -0.5228 -0.8484 0.0833
vn -0.3967 0.8740 0.2807
vn -0.2287 0.8703 -0.4363
vn 0.1054 -0.6697 -0.7351
vn -0.8085 -0.5593 0.1830
vn -0.2144 0.8209 0.5294
vn -0.4609 0.6010 -0.6530
vn -0.4383 0.3434 0.8307
vn -0.8813 -0.4724 -0.0135
vn 0.0255 0.5465 0.8371
vn -0.4677 0.5000 0.7289
vn -0.3843 0.4480 0.8072
vn -0.0257 0.9555 0.2938
vn -0.2158 -0.7611 0.6117
vn 0.0236 -0.2006 -0.9794
vn -0.4374 -0.5703 0.6953
vn -0.0844 -0.7512 -0.6546
vn 0.0364 0.0683 0.9970
vn -0.4837 0.3096 0.8186
vn -0.5911 0.8064 0.0159
vn -0.7894 -0.5835 0.1906
vn 0.0032 0.2732 -0.9619
vn -0.1625 0.9166 -0.3654
vn 0.4209 -0.8413 0.3392
vn -0.9495 -0.2260 0.2177
vn -0.4660 0.8820 0.0705
vn -0.2481 0.3240 0.9129
vn 0.2863 0.3381 -0.8965
vn 0.5060 0.4287 0.7484
vn -0.0937 0.3964 -0.9133
vn -0.5284 0.4429 -0.7243
vn -0.3611 -0.4505 0.8165
vn 0.0486 0.5136 -0.8567
vn -0.5996 -0.4122 -0.6860
vn -0.6011 0.3106 0.7364
vn -0.0492 -0.8041 -0.5924
vn -0.4012 -0.3260 0.8560
vn 0.0748 -0.9802 -0.1834
vn -0.5864 0.7616 0.2761
vn -0.6447 -0.6141 0.4552
vn 0.0872 -0.2413 0.9665
vn -0.0287 0.7069 0.7067
vn -0.0337 -0.3461 -0.9376
vn -0.5578 0.0876 -0.8254
vn -0.4638 -0.0332 -0.8853
vn -0.5734 0.7343 0.3634
vn 0.1483 0.1726 -0.9738
vn -0.9010 -0.0710 0.4280
vn 0.3587 0.9049 -0.2290
vn -0.0111 -0.9577 0.2876
vn 0.3892 -0.6165 -0.6845
vn 0.1716 0.8347 -0.5233
vn -0.4118 0.8989 0.1494
vn -0.4340 -0.1768 0.8834
vn -0.6339 -0.1272 0.7629
vn 0.7192 0.5336 0.4450
vn -0.8884 -0.4309 -0.1581
vn -0.4971 -0.6184 0.6086
vn -0.9240 0.3645 -0.1156
vn -0.1568 0.8689 0.4696
vn -0.5049 0.5924 0.6277
vn -0.0853 0.0066 -0.9963
vn -0.3145 0.6596 -0.6827
vn -0.1528 -0.6618 0.7339
vn -0.0662 0.6595 -0.7488
vn -0.8072 -0.3968 0.4370
vn -0.2689 0.9093 0.3176
vn 0.4747 0.4440 0.7600
vn -0.2532 -0.9547 0.1563
vn -0.3149 0.1434 0.9382
vn -0.3613 0.7586 -0.5423
vn -0.2792 0.8890 0.3630
vn -0.3455 0.6894 0.6366
vn -0.4808 -0.0192 0.8766
vn -0.8642 -0.5025 0.0256
vn -0.9061 0.4228 -0.0122
vn -0.4800 0.1561 -0.8633
vn 0.4925 0.5277 0.6921
vn -0.4535 0.8249 -0.3373
vn -0.1748 0.9532 -0.2466
vn -0.2344 -0.1922 0.9529
vn 0.0477 0.9505 0.3070
vn 0.0701 0.5622 0.8240
vn -0.6450 -0.3544 0.6770
vn -0.3931 0.8205 0.4151
vn 0.1735 -0.6757 -0.7165
vn -0.5503 0.4522 -0.7019
vn -0.1117 0.6302 -0.7684
vn 0.1105 0.0015 -0.9939
vn -0.0303 -0.4265 0.9040
vn -0.0550 0.3423 -0.9380
vn -0.6515 -0.5017 0.5690
vn 0.4465 0.8732 0.1954
vn -0.4485 -0.6111 -0.6522
vn -0.4272 -0.3813 -0.8198
vn -0.0687 0.6260 0.7768
vn -0.2586 -0.1956 0.9460
vn -0.9078 -0.3997 -0.1272
vn -0.7161 -0.6801 -0.1571
vn -0.4888 0.0428 0.8713
vn -0.3817 0.6913 0.6135
vn -0.2348 -0.2356 0.9431
vn -0.2090 0.1812 -0.9610
vn 0.1689 -0.5248 -0.8343
vn 0.3831 -0.7357 0.5586
vn 0.1468 0.1083 -0.9832
vn -0.1428 -0.5429 0.8275
vn -0.5224 -0.3030 0.7971
vn -0.9956 -0.0342 -0.0871
vn -0.2593 0.9241 0.2807
vn -0.7559 -0.0830 0.6494
vn -0.9381 0.0184 0.3460
vn 0.6063 -0.7189 -0.3400
vn -0.5345 0.8356 0.1271
vn -0.7110 0.2069 0.6721
vn -0.3000 -0.4186 -0.8572
vn -0.0962 -0.5729 -0.8140
vn -0.1634 0.3477 -0.9233
vn -0.3285 -0.0608 -0.9426
vn 0.5387 0.3876 0.7480
vn -0.3559 -0.9309 -0.0815
vn 0.0164 0.9990 -0.0418
vn -0.6597 -0.6415 0.3915
vn 0.1777 -0.9788 0.1023
vn -0.1639 -0.4729 0.8658
vn -0.8814 0.3127 0.3541
vn -0.6541 -0.3878 -0.6495
vn -0.2333 0.9716 0.0393
vn -0.0952 0.2942 0.9510
vn 0.0628 -0.0518 -0.9967
vn -0.3420 -0.1089 -0.9334
vn -0.4032 -0.1652 0.9001
vn -0.9175 -0.0197 -0.3973
vn 0.3933 -0.8150 -0.4255
vn 0.0304 0.0685 -0.9972
vn -0.7442 -0.4090 0.5281
vn 0.6402 0.5973 0.4831
vn -0.3362 -0.8208 0.4618
vn 0.3428 0.6311 0.6958
vn -0.2641 0.0398 0.9637
vn 0.3177 0.5674 -0.7597
vn -0.2394 0.5407 0.8064
vn -0.5556 -0.3245 0.7655
vn 0.0510 0.0176 -0.9985
vn -0.4703 0.5698 -0.6739
vn -0.4784 -0.1672 -0.8621
vn -0.3926 -0.9073 0.1507
vn -0.3060 0.7975 0.5200
vn -0.1309 -0.9236 0.3604
vn 0.0682 -0.8092 0.5836
vn -0.2546 0.0151 -0.9669
vn -0.4549 0.4793 0.7506
vn -0.6887 -0.2957 -0.6619
vn 0.2852 0.8210 0.4946
vn 0.6198 0.2539 -0.7426
vn -0.6008 0.5334 -0.5955
vn -0.6862 -0.2134 0.6954
vn -0.0753 0.3462 0.9351
vn 0.5968 -0.4051 0.6926
vn 0.3647 0.4270 0.8274
vn -0.2235 0.5766 0.7858
vn -0.0121 -0.8926 0.4508
vn -0.5042 -0.3579 0.7859
vn -0.5267 0.7176 -0.4557
vn -0.1314 0.9913 0.0044
vn -0.2830 0.9519 -0.1176
vn -0.5037 0.5473 -0.6684
vn -0.1785 0.5505 0.8155
vn 0.0287 0.5638 -0.8254
vn 0.4360 -0.6890 0.5790
vn 0.8449 0.1203 0.5213
vn 0.8971 -0.2842 -0.3383
vn -0.0638 0.5563 -0.8285
vn -0.0092 0.4370 0.8994
vn -0.3278 0.3690 0.8697
vn 0.1173 -0.1355 -0.9838
vn 0.0116 -0.7319 -0.6813
vn -0.1572 0.6453 0.7476
vn -0.3842 0.8349 -0.3942
vn 0.2686 -0.5173 0.8126
vn -0.3120 -0.6191 0.7207
vn -0.3406 0.9192 0.1975
vn 0.7707 -0.1306 -0.6237
vn 0.3509 -0.2965 0.8882
vn 0.5106 0.1951 0.8374
vn -0.7573 -0.6453 -0.1008
vn -0.1930 -0.1821 0.9641
vn -0.9714 -0.1947 -0.1356
vn -0.4730 0.2452 0.8462
vn -0.1565 0.9173 0.3661
vn -0.4652 0.4855 0.7401
vn 0.5652 0.4748 -0.6746
vn 0.2189 -0.8478 -0.4830
vn 0.2616 -0.3405 0.9031
vn -0.3569 0.1377 0.9239
vn -0.4975 0.6965 -0.5171
vn 0.3216 -0.3027 0.8972
vn 0.7642 0.4931 0.4158
vn 0.8436 0.2699 -0.4643
vn -0.5493 -0.5619 0.6185
vn -0.7247 -0.2649 0.6361
vn 0.0491 0.5884 -0.8070
vn -0.3621 0.5416 0.7586
vn -0.7448 -0.1278 -0.6550
vn 0.0157 0.8585 -0.5125
vn -0.3652 -0.0240 -0.9306
vn 0.2142 -0.7758 0.5935
vn 0.1547 0.7690 -0.6202
vn -0.0198 -0.6754 -0.7372
vn -0.3681 0.7076 0.6031
vn -0.4190 0.6064 0.6758
vn 0.8382 -0.5099 -0.1933
vn -0.2441 -0.2847 -0.9270
vn -0.4100 0.8297 -0.3788
vn 0.3974 -0.7147 0.5756
vn -0.5475 0.6892 0.4745
vn -0.2149 0.4586 -0.8623
vn -0.0599 -0.7731 0.6314
vn -0.1273 0.9228 0.3637
vn -0.6057 -0.7940 -0.0512
vn 0.4853 0.3212 -0.8132
vn 0.8210 -0.5706 -0.0185
vn 0.8203 -0.0761 -0.5669
vn 0.1707 -0.5463 -0.8200
vn 0.2431 -0.2311 0.9421
vn -0.4456 0.6533 0.6121
vn 0.1348 -0.3064 -0.9423
vn 0.8081 0.1584 0.5674
vn 0.2379 0.4055 0.8826
vn 0.5050 0.2271 0.8327
vn 0.2672 -0.9482 -0.1717
vn -0.2813 0.8247 0.4907
vn 0.4463 0.0833 -0.8910
vn -0.1751 0.9499 -0.2590
vn -0.4043 0.0914 0.9100
vn -0.3846 0.3243 -0.8642
vn 0.4584 -0.7788 -0.4283
vn -0.5924 0.3146 0.7417
vn 0.0913 0.2641 -0.9602
vn 0.1704 0.9791 -0.1109
vn -0.2352 -0.4822 0.8439
vn -0.2212 0.4635 -0.8581
vn -0.5341 -0.2650 0.8028
vn -0.1148 -0.3645 0.9241
vn -0.2129 0.9402 0.2660
vn -0.2131 -0.6144 0.7596
vn 0.1036 -0.4247 0.8994
vn -0.0041 0.8346 -0.5508
vn 0.3018 -0.4469 -0.8421
vn -0.4251 0.3618 0.8297
vn 0.0661 0.9892 -0.1307
vn -0.3945 -0.1187 0.9112
vn -0.6345 -0.3666 0.6805
vn -0.2991 -0.0788 0.9509
vn -0.0837 0.2183 0.9723
vn 0.5138 0.5065 -0.6924
vn 0.2048 0.3741 -0.9045
vn 0.2803 -0.1128 -0.9533
vn 0.0362 -0.4348 0.8998
vn -0.2478 -0.5326 0.8093
vn 0.1815 0.0437 -0.9824
vn -0.4606 0.0808 0.8839
vn 0.4045 0.6512 -0.6422
vn -0.0435 0.3663 -0.9295
vn 0.4921 0.6648 0.5620
vn 0.5895 -0.7471 0.3070
vn 0.7082 -0.4912 -0.5071
vn -0.3548 0.7041 -0.6151
vn 0.8386 0.2635 -0.4767
vn 0.3326 -0.5324 -0.7784
vn -0.2770 0.0581 0.9591
vn 0.6199 -0.4257 -0.6592
vn -0.2491 0.6992 -0.6701
vn -0.1440 -0.2892 0.9464
vn -0.2793 0.8144 0.5086
vn -0.1680 0.1190 0.9786
vn 0.7546 -0.3823 -0.5334
vn 0.3025 -0.1106 -0.9467
vn -0.2770 0.5994 0.7510
vn 0.0025 -0.5537 0.8327
vn -0.1948 0.9525 0.2343
vn -0.1966 0.2532 0.9472
vn -0.3429 0.1908 -0.9198
vn 0.8898 -0.3659 -0.2728
vn -0.3155 0.8760 0.3649
vn -0.4260 -0.0812 0.9011
vn -0.3300 0.9413 -0.0708
vn -0.0646 -0.1152 -0.9912
vn 0.0286 0.9318 0.3618
vn -0.3321 0.1169 0.9360
vn 0.1337 -0.2613 -0.9560
vn -0.0516 -0.3119 0.9487
vn 0.0369 0.8891 -0.4561
vn 0.5315 -0.7975 0.2855
vn -0.4308 0.8083 0.4013
vn -0.7392 -0.5045 0.4462
vn 0.7126 -0.3486 -0.6089
vn 0.4306 -0.8821 0.1912
vn 0.8204 -0.0568 0.5690
vn -0.3391 -0.2678 0.9018
vn 0.4115 -0.8979 -0.1565
vn -0.1086 0.9903 0.0869
vn 0.4413 0.4641 -0.7681
vn -0.5441 -0.7526 0.3708
vn -0.2526 -0.4392 0.8621
vn -0.3379 0.6384 0.6916
vn 0.6785 -0.3103 -0.6658
vn -0.4578 -0.2326 0.8581
vn 0.0196 0.9609 -0.2761
vn 0.7695 -0.6385 -0.0137
vn -0.3337 0.8017 0.4959
vn 0.9436 -0.2233 -0.2443
vn -0.1097 0.9413 0.3192
vn -0.0453 -0.3080 -0.9503
vn -0.4559 -0.5412 0.7065
vn 0.3742 0.6386 -0.6724
vn 0.0323 -0.7418 0.6698
vn 0.7266 0.0091 -0.6870
vn 0.4422 0.7041 -0.5557
vn 0.2121 -0.3725 0.9035
vn -0.0709 -0.2098 0.9752
vn 0.6915 -0.7199 -0.0598
vn -0.6953 -0.6717 0.2558
vn -0.1437 0.0344 0.9890
vn 0.0909 0.4651 -0.8806
vn 0.2050 -0.4837 -0.8509
vn 0.2281 -0.0273 -0.9733
vn 0.7161 -0.2987 -0.6308
vn 0.6158 -0.7840 -0.0784
vn 0.0398 0.0271 0.9988
vn 0.0116 0.9676 0.2523
vn 0.7576 -0.6525 -0.0174
vn 0.9375 -0.3372 0.0857
vn -0.1691 0.7447 0.6457
vn -0.0905 0.9203 0.3807
vn -0.1852 -0.8061 0.5620
vn 0.8890 -0.4549 -0.0533
vn 0.4119 -0.8528 -0.3209
vn 0.9024 -0.4000 -0.1605
vn 0.3342 0.3253 -0.8846
vn 0.3096 -0.4541 0.8354
vn -0.0275 0.3116 -0.9498
vn -0.0720 -0.0763 -0.9945
vn 0.0937 0.3730 0.9231
vn -0.5449 -0.3933 0.7406
vn 0.9206 0.1269 -0.3694
vn 0.9177 -0.0449 -0.3947
vn -0.2436 0.7394 -0.6277
vn -0.2729 0.9188 -0.2851
vn -0.2000 0.8100 0.5513
vn 0.1113 -0.0733 0.9911
vn -0.3879 0.3606 0.8483
vn -0.2981 -0.1321 0.9453
vn -0.2529 0.9105 0.3271
vn -0.0650 0.9823 -0.1756
vn 0.4691 -0.0597 -0.8811
vn -0.1381 0.0130 0.9903
vn 0.6897 0.7241 0.0003
vn -0.2412 0.9239 0.2972
vn 0.2221 -0.5860 0.7793
vn 0.7996 -0.0262 -0.6000
vn 0.9259 -0.1742 -0.3353
vn 0.0273 0.7225 0.6908
vn 0.9328 0.0477 -0.3573
vn 0.4681 0.2217 -0.8554
vn -0.0935 -0.4233 0.9012
vn 0.6059 -0.6742 -0.4224
vn 0.4762 0.7395 0.4758
vn -0.5798 -0.5673 0.5849
vn -0.0235 -0.7827 -0.6219
vn -0.5297 0.0403 0.8473
vn 0.7916 0.4559 -0.4068
vn 0.2084 0.6054 0.7681
vn 0.5472 -0.0573 -0.8350
vn 0.4086 -0.2577 -0.8756
vn 0.3353 0.5892 -0.7351
vn 0.8966 -0.4404 0.0467
vn 0.4750 0.8525 -0.2181
vn -0.0295 0.9856 0.1666
vn 0.9567 -0.0385 -0.2884
vn 0.0089 -0.4370 -0.8994
vn -0.1258 -0.6410 0.7572
vn -0.0720 0.9946 -0.0743
vn 0.9089 0.2532 -0.3315
vn 0.0172 -0.0530 -0.9984
vn 0.1528 0.4669 -0.8710
vn -0.0403 0.7236 0.6890
vn -0.3213 0.9160 0.2402
vn 0.7150 -0.6781 -0.1704
vn -0.1771 0.3176 0.9315
vn -0.2712 -0.0006 0.9625
vn -0.0183 0.8397 0.5427
vn 0.5938 0.5125 0.6203
vn 0.6494 0.7599 0.0290
vn 0.5660 -0.0534 -0.8227
vn -0.1215 0.5714 0.8116
vn 0.1542 -0.1649 -0.9742
vn 0.1223 0.1045 0.9870
vn 0.1261 0.6533 -0.7465
vn 0.1572 -0.2486 -0.9558
vn 0.4075 -0.8113 0.4192
vn 0.9499 -0.1534 -0.2723
vn 0.0100 -0.0928 -0.9956
vn -0.0397 0.4626 0.8857
vn 0.2009 -0.8643 -0.4610
vn -0.1709 0.2413 0.9553
vn 0.0956 -0.3263 0.9404
vn 0.5520 -0.2529 0.7946
vn 0.0750 0.9681 0.2391
vn -0.2889 0.8707 -0.3980
vn 0.0211 0.2515 0.9676
vn -0.0638 0.4457 0.8929
vn 0.4966 -0.6204 0.6070
vn 0.7872 -0.2332 -0.5709
vn 0.1435 0.3942 0.9077
vn -0.1332 0.9411 0.3108
vn 0.6054 -0.6019 -0.5207
vn 0.4348 0.7699 0.4671
vn 0.6235 0.5396 -0.5658
vn 0.9220 -0.3866 0.0199
vn 0.4111 -0.8820 -0.2302
vn 0.1007 -0.9921 -0.0742
vn 0.0611 0.6196 0.7825
vn -0.3316 -0.8224 0.4623
vn 0.3896 -0.8442 0.3683
vn -0.0639 0.2917 0.9544
vn -0.0400 0.2689 0.9623
vn 0.7116 0.0118 -0.7025
vn 0.8789 -0.1371 0.4569
vn -0.6876 -0.5916 0.4210
vn -0.0383 0.9837 0.1758
vn -0.0157 -0.4049 0.9142
vn -0.2153 0.9765 0.0113
vn 0.1245 0.6223 0.7728
vn 0.0426 0.6447 0.7633
vn 0.1510 0.5582 0.8159
vn 0.9318 0.3411 -0.1243
vn -0.0224 0.4315 -0.9018
vn 0.5981 0.7988 0.0654
vn -0.1697 0.1862 -0.9678
vn 0.9402 -0.0613 -0.3350
vn 0.1051 0.6279 -0.7712
vn 0.6065 -0.4960 -0.6214
vn 0.8216 0.4936 -0.2852
vn -0.1327 -0.6395 0.7573
vn 0.7204 0.6270 0.2965
vn 0.0410 -0.4228 0.9053
vn 0.8115 0.4704 -0.3467
vn 0.0715 0.6572 -0.7503
vn 0.8152 0.3975 -0.4212
vn -0.0593 0.0426 0.9973
vn 0.7310 0.1715 -0.6605
vn 0.9129 -0.4051 0.0506
vn 0.1597 -0.6332 0.7574
vn 0.9353 -0.2682 -0.2308
vn 0.3011 -0.1653 -0.9392
vn 0.1441 0.0929 -0.9852
vn 0.1782 0.9827 -0.0499
vn 0.1821 -0.7205 -0.6691
vn 0.1395 -0.3544 0.9246
vn -0.0676 0.8206 0.5675
vn 0.0358 0.9942 -0.1014
vn 0.8378 0.4293 0.3373
vn 0.3936 -0.0695 -0.9166
vn 0.3302 0.2168 -0.9187
vn -0.0934 0.7790 0.6201
vn 0.5443 -0.1494 -0.8255
vn -0.2491 -0.7982 0.5485
vn 0.8702 -0.3356 -0.3607
vn 0.2149 0.0986 -0.9717
vn -0.2488 -0.9501 0.1879
vn 0.3887 0.3843 -0.8374
vn 0.0696 -0.9626 -0.2617
vn 0.8304 -0.5087 -0.2275
vn 0.9767 0.0423 -0.2105
vn 0.1248 0.0466 -0.9911
vn 0.0901 0.7428 0.6634
vn 0.8149 0.5506 -0.1808
vn 0.5172 -0.7548 -0.4035
vn 0.1374 0.2896 -0.9472
vn -0.0374 0.7105 0.7027
vn -0.3886 -0.1478 -0.9095
vn 0.6622 -0.7076 0.2467
vn 0.0359 0.8259 0.5626
vn 0.0851 0.0126 0.9963
vn 0.2354 0.9481 0.2139
vn 0.8204 0.1008 -0.5628
vn 0.6150 -0.4527 -0.6457
vn 0.7101 -0.2082 0.6726
vn 0.8144 0.0655 0.5766
vn 0.1009 -0.3527 -0.9303
vn 0.0254 0.8580 0.5130
vn 0.0002 0.4380 0.8990
vn 0.3235 -0.1468 -0.9348
vn -0.1731 -0.5091 0.8431
vn -0.5359 -0.2892 -0.7932
vn -0.2342 0.0817 -0.9687
vn -0.3899 -0.1022 0.9152
vn 0.0833 -0.2735 -0.9583
vn 0.2116 -0.2924 0.9326
vn -0.0110 0.6757 0.7371
vn 0.3314 -0.6769 -0.6573
vn 0.0779 -0.8182 -0.5696
vn 0.2776 -0.5580 0.7820
vn 0.9784 -0.0223 -0.2057
vn 0.0592 0.9531 -0.2968
vn -0.3229 0.9340 0.1529
vn -0.0660 0.9978 -0.0021
vn -0.0435 -0.4530 0.8904
vn 0.0864 0.5204 0.8495
vn 0.4675 -0.4808 -0.7418
vn 0.0679 0.8080 0.5853
vn 0.1212 0.9625 -0.2428
vn 0.1364 0.4498 0.8827
vn -0.1184 -0.3129 0.9424
vn -0.2080 0.9104 0.3577
vn 0.4704 0.8567 0.2117
vn 0.0429 0.8563 0.5148
vn 0.1395 0.5498 -0.8236
vn 0.2399 -0.1560 -0.9582
vn -0.2117 -0.0843 0.9737
vn 0.1360 -0.4521 -0.8816
vn 0.3733 0.3533 -0.8578
vn 0.8591 -0.3037 -0.4121
vn -0.0865 -0.8491 -0.5212
vn 0.0709 0.2393 0.9684
vn -0.1440 0.9808 -0.1317
vn -0.1175 0.7352 0.6676
vn -0.3513 0.3514 0.8678
vn 0.6084 -0.6137 -0.5032
vn 0.2088 0.7863 -0.5815
vn 0.1467 0.7465 0.6490
vn 0.1672 0.4871 0.8572
vn 0.0643 0.7346 0.6755
vn 0.0843 -0.0469 0.9953
vn -0.1391 -0.4158 0.8988
vn 0.0012 -0.0635 -0.9980
vn 0.2169 0.4735 0.8537
vn -0.1013 0.9936 0.0508
vn 0.2247 -0.7520 0.6197
vn 0.3486 0.2772 -0.8954
vn -0.6301 -0.6357 0.4460
vn 0.1445 0.2211 0.9645
vn -0.0247 0.6071 0.7942
vn 0.7396 0.1144 -0.6632
vn 0.0297 -0.1913 -0.9811
vn -0.3056 0.9383 -0.1621
vn 0.2429 0.5609 0.7915
vn 0.1191 -0.2907 0.9494
vn 0.3312 0.6382 -0.6949
vn 0.3613 0.1538 -0.9197
vn 0.1203 0.9866 0.1106
vn -0.1806 0.2597 -0.9486
vn 0.1468 -0.4052 0.9023
vn 0.3027 -0.7317 0.6108
vn 0.2391 -0.1202 -0.9635
vn -0.2675 0.4317 0.8614
vn 0.1965 0.0540 0.9790
vn -0.3992 -0.4483 0.7998
vn -0.0883 0.5297 0.8436
vn -0.1773 -0.7147 0.6766
vn 0.2471 -0.8702 -0.4263
vn -0.1432 -0.4613 -0.8756
vn 0.2728 0.4954 -0.8247
vn -0.0359 0.9933 0.1101
vn 0.1077 0.0770 0.9912
vn -0.0885 0.4450 0.8911
vn -0.0869 0.2933 0.9521
vn -0.0000 0.5556 -0.8315
vn 0.3764 0.9249 -0.0536
vn 0.3674 0.0248 -0.9297
vn 0.2162 -0.9393 0.2666
vn 0.4631 -0.3105 -0.8301
vn 0.1136 -0.0770 -0.9905
vn 0.0356 -0.1280 0.9911
vn 0.0575 0.9005 0.4310
vn 0.0545 -0.2331 0.9709
vn -0.1415 0.6043 0.7841
vn -0.1775 0.0917 -0.9798
vn 0.1581 0.7039 0.6925
vn 0.1174 0.7261 0.6775
vn -0.1020 -0.7351 0.6702
vn 0.3587 0.3236 -0.8756
vn 0.0250 0.5237 0.8516
vn 0.1885 0.6036 -0.7747
vn 0.3293 0.7161 -0.6155
vn 0.0747 -0.9969 0.0233
vn 0.1472 0.2816 -0.9482
vn 0.2504 -0.0435 0.9672
vn 0.4320 -0.6014 -0.6721
vn 0.3561 0.4622 -0.8121
vn 0.3490 -0.1175 0.9297
vn 0.1963 0.9082 -0.3696
vn -0.0570 0.7322 0.6787
vn 0.1629 0.8954 0.4144
vn 0.0460 0.3758 0.9255
vn -0.2901 -0.3710 0.8822
vn -0.4827 -0.4093 0.7743
vn 0.1249 0.8647 0.4865
vn 0.1517 0.9834 -0.0996
vn 0.2265 -0.2695 -0.9360
vn 0.1789 0.7759 0.6049
vn -0.3332 0.3486 0.8761
vn 0.1653 0.9345 0.3152
vn -0.0959 -0.5043 0.8582
vn 0.3013 -0.3066 0.9029
vn -0.1797 0.7430 0.6447
vn 0.6723 -0.3138 -0.6704
vn 0.4822 0.3446 -0.8054
vn -0.2519 0.0926 -0.9633
vn 0.6005 -0.5904 -0.5392
vn 0.6223 0.1939 -0.7584
vn 0.2918 0.8475 0.4434
vn 0.4657 0.2725 -0.8420
vn 0.2188 0.9672 -0.1294
vn 0.4160 0.8127 0.4080
vn 0.2919 -0.0758 -0.9534
vn 0.3202 0.6100 -0.7248
vn -0.6062 -0.6194 0.4988
vn 0.0638 0.5622 -0.8245
vn 0.1539 -0.3662 0.9177
vn 0.0624 -0.9353 0.3482
vn 0.5280 -0.0183 -0.8491
vn 0.5086 -0.2458 -0.8252
vn 0.2309 0.9708 -0.0654
vn -0.5830 -0.7322 0.3520
vn 0.1476 0.4905 -0.8588
vn -0.0380 -0.9895 0.1392
vn 0.0602 0.5071 0.8598
vn 0.4279 -0.6750 -0.6010
vn 0.2227 0.9514 -0.2128
vn 0.2429 0.9208 0.3051
vn 0.3547 -0.1662 0.9201
vn 0.7463 -0.3575 0.5615
vn 0.0846 0.3120 0.9463
vn 0.4147 0.6439 -0.6430
vn 0.1219 0.9749 0.1865
vn 0.1769 0.2534 0.9511
vn 0.0440 0.8941 0.4458
vn -0.3379 0.9381 0.0761
vn 0.2420 -0.2580 0.9354
vn -0.1701 0.3963 0.9022
vn 0.5733 -0.1261 0.8096
vn 0.5683 -0.4279 0.7028
vn 0.1979 0.9454 0.2588
vn 0.5069 0.8400 0.1934
vn 0.2898 0.5856 -0.7570
vn 0.1811 0.3617 -0.9145
vn 0.3649 0.9250 -0.1065
vn 0.4970 -0.4136 -0.7628
vn 0.4317 -0.0592 0.9001
vn 0.2862 0.9015 -0.3245
vn 0.5594 -0.3783 0.7376
vn 0.2381 0.7378 -0.6316
vn 0.1221 -0.9521 -0.2805
vn 0.2675 0.8069 -0.5266
vn 0.2732 0.5928 -0.7576
vn 0.2158 -0.0806 -0.9731
vn 0.7037 -0.7087 -0.0504
vn 0.3058 -0.3059 -0.9016
vn 0.3872 0.9078 0.1613
vn 0.2310 -0.4764 -0.8483
vn 0.3566 0.8510 0.3855
vn 0.5992 -0.5743 -0.5578
vn 0.3736 0.1503 -0.9153
vn 0.1802 -0.9580 -0.2230
vn 0.4210 -0.7699 -0.4795
vn 0.2077 -0.7346 -0.6459
vn 0.4342 0.8782 -0.2004
vn 0.5957 -0.2429 0.7656
vn 0.5164 -0.3810 -0.7669
vn -0.3221 0.7270 0.6064
vn 0.3606 0.9148 -0.1819
vn 0.0584 0.9589 0.2778
vn -0.2314 0.4511 0.8619
vn 0.2952 0.7366 0.6085
vn 0.7708 -0.4194 -0.4795
vn 0.5266 -0.8478 0.0631
vn 0.1265 0.4904 -0.8623
vn 0.6362 0.0216 -0.7712
vn 0.5562 -0.7617 0.3324
vn 0.3908 0.0772 -0.9172
vn 0.2884 -0.7387 0.6092
vn 0.4061 0.5647 0.7185
vn 0.3197 0.8799 0.3516
vn 0.3585 -0.7496 -0.5564
vn -0.4905 0.6132 0.6191
vn 0.2084 0.8867 0.4128
vn 0.5971 -0.5358 -0.5970
vn -0.0230 0.4578 0.8887
vn 0.3552 -0.3661 0.8601
vn 0.2488 0.9041 -0.3474
vn 0.2002 0.0904 -0.9756
vn 0.4788 0.8678 -0.1329
vn 0.6332 -0.7384 -0.2320
vn 0.5193 -0.4252 -0.7413
vn -0.2105 0.6657 0.7159
vn 0.1179 -0.8772 0.4654
vn 0.2920 -0.1505 0.9445
vn 0.1676 0.5398 0.8249
vn 0.3936 0.8264 -0.4028
vn -0.0779 -0.1501 0.9856
vn 0.3443 0.1036 -0.9331
vn -0.4055 -0.8395 0.3617
vn 0.1236 0.3978 -0.9091
vn 0.7466 0.4160 -0.5192
vn 0.4011 0.1234 -0.9077
vn 0.2859 -0.0602 -0.9564
vn 0.7023 0.2303 -0.6736
vn 0.3016 -0.1063 0.9475
vn 0.0844 -0.6790 0.7292
vn 0.8285 0.2624 -0.4947
vn 0.1734 0.0420 0.9840
vn 0.4314 0.6652 0.6095
vn 0.3422 0.0228 -0.9394
vn 0.2336 -0.9624 -0.1389
vn 0.6116 -0.3696 -0.6995
vn 0.2949 0.3368 0.8942
vn 0.7300 -0.0270 -0.6829
vn 0.1513 0.5389 0.8287
vn 0.3050 0.0351 -0.9517
vn 0.3716 0.8862 -0.2766
vn 0.8167 -0.2039 -0.5399
vn 0.2688 -0.6587 0.7027
vn 0.4290 -0.3256 0.8426
vn 0.5343 0.6101 -0.5851
vn 0.3358 -0.2140 -0.9173
vn 0.5175 0.4270 -0.7415
vn 0.0851 -0.3980 0.9134
vn 0.0846 0.9674 0.2387
vn 0.1103 0.9453 0.3070
vn 0.3194 0.7319 0.6020
vn 0.2430 0.7039 0.6675
vn 0.4022 -0.4213 0.8128
vn 0.4398 -0.6373 0.6328
vn 0.1335 0.9901 -0.0427
vn 0.7575 0.3097 -0.5747
vn 0.7330 0.4649 -0.4965
vn 0.4961 0.4097 -0.7656
vn 0.7042 -0.6591 -0.2640
vn 0.4572 0.7569 0.4669
vn 0.4849 0.1760 -0.8567
vn 0.2717 0.6222 0.7342
vn -0.3433 0.9199 0.1894
vn -0.3308 0.9259 -0.1824
vn 0.4523 0.5788 -0.6785
vn -0.4835 0.8224 -0.2998
vn 0.0235 0.4055 0.9138
vn 0.9412 0.1974 -0.2743
vn 0.3221 0.8784 0.3531
vn 0.0991 -0.1030 0.9897
vn -0.4928 -0.5797 0.6489
vn 0.4883 -0.4020 0.7746
vn 0.4305 -0.4067 0.8058
vn 0.0434 -0.0092 0.9990
vn 0.2959 -0.4950 0.8169
vn 0.3849 0.3703 0.8454
vn 0.3783 -0.9121 0.1577
vn 0.3503 0.8254 0.4428
vn 0.1629 0.9823 0.0929
vn 0.4263 -0.6400 -0.6392
vn -0.2521 0.4115 0.8758
vn -0.4380 -0.1744 0.8819
vn -0.2031 -0.4973 0.8435
vn 0.3809 0.7342 0.5620
vn -0.1183 0.7100 0.6942
vn 0.0818 -0.3314 0.9399
vn 0.5334 -0.4938 -0.6868
vn -0.0233 -0.9891 -0.1454
vn 0.5410 0.3263 0.7751
vn 0.5066 0.4296 -0.7475
vn 0.3035 -0.5340 -0.7891
vn -0.5421 0.6761 0.4991
vn -0.1210 -0.2667 0.9561
vn 0.1834 0.4130 -0.8921
vn -0.2986 0.4068 0.8633
vn 0.4504 0.7445 -0.4929
vn 0.3394 -0.9402 0.0281
vn 0.1499 -0.2330 0.9608
vn 0.3323 -0.8526 -0.4033
vn 0.2632 -0.4547 0.8509
vn 0.8783 -0.0305 -0.4772
vn 0.1362 -0.6250 0.7686
vn -0.1000 -0.1202 0.9877
vn 0.6939 0.2443 -0.6774
vn 0.7752 0.6060 0.1783
vn 0.1092 0.2564 0.9604
vn 0.3379 0.8640 0.3733
vn 0.5637 -0.4560 0.6887
vn 0.1407 0.3502 0.9261
vn 0.5500 -0.2036 0.8099
vn 0.3494 0.7276 0.5903
vn 0.2371 0.7134 0.6595
vn -0.3027 0.9495 -0.0829
vn 0.6382 -0.0626 -0.7673
vn -0.2129 0.4925 0.8439
vn 0.1316 0.5461 -0.8273
vn 0.5821 -0.5831 -0.5668
vn -0.0246 -0.3898 0.9206
vn 0.8681 -0.4634 -0.1777
vn 0.1337 -0.1759 0.9753
vn 0.1854 -0.9800 -0.0717
vn 0.2612 -0.1646 -0.9512
vn 0.9429 -0.0136 -0.3328
vn 0.6066 0.6568 -0.4479
vn -0.0734 -0.1789 0.9811
vn 0.8440 -0.2958 -0.4474
vn 0.5016 0.4220 -0.7552
vn 0.8263 -0.4746 -0.3034
vn 0.4523 0.8916 0.0231
vn 0.5747 0.4910 0.6547
vn 0.4732 0.8469 -0.2426
vn 0.2016 -0.3982 0.8949
vn -0.1069 0.4797 0.8709
vn 0.4856 0.2642 -0.8333
vn -0.3682 -0.7013 0.6104
vn -0.0841 -0.9513 0.2965
vn 0.3821 0.6798 0.6260
vn 0.7303 -0.5196 -0.4435
vn 0.7678 0.6049 -0.2112
vn 0.5629 0.7801 0.2730
vn 0.2828 -0.0715 -0.9565
vn 0.3466 0.7596 0.5503
vn 0.4028 0.4343 -0.8057
vn 0.5152 0.4068 0.7544
vn 0.6510 -0.4814 -0.5869
vn -0.0897 -0.0492 0.9947
vn 0.9085 -0.3810 0.1714
vn 0.6659 -0.5106 0.5440
vn 0.4218 0.3955 -0.8159
vn 0.0651 0.5173 0.8533
vn 0.4752 0.5832 -0.6589
vn -0.3827 0.8055 0.4524
vn 0.2929 -0.4987 -0.8158
vn -0.1644 0.9602 0.2260
vn 0.3529 0.6749 -0.6480
vn 0.2976 -0.2561 -0.9197
vn 0.8671 0.4700 -0.1652
vn 0.2565 -0.1176 0.9593
vn -0.2769 0.7358 0.6181
vn 0.9043 0.1146 0.4113
vn -0.6001 0.7642 0.2365
vn -0.3533 0.7891 0.5025
vn 0.5593 -0.0457 -0.8277
vn 0.4061 0.8557 -0.3208
vn 0.2084 -0.3468 0.9145
vn -0.3059 0.9252 -0.2245
vn 0.7591 -0.5099 0.4046
vn 0.7113 -0.6982 -0.0813
vn 0.2042 0.5082 0.8367
vn 0.4602 -0.7646 -0.4512
vn 0.2547 -0.9201 -0.2977
vn 0.7522 -0.0107 0.6589
vn 0.7002 -0.1718 -0.6929
vn -0.9062 0.0145 0.4225
vn -0.0561 -0.7415 0.6687
vn 0.5675 0.6241 0.5370
vn 0.6605 0.0568 -0.7487
vn 0.3981 -0.7591 0.5151
vn 0.5203 -0.7244 -0.4523
vn 0.9196 -0.2361 -0.3140
vn 0.2600 0.2308 0.9376
vn 0.5142 0.5857 0.6265
vn 0.5436 -0.4216 -0.7258
vn 0.6305 0.6567 -0.4138
vn 0.7340 -0.1603 0.6599
vn 0.7702 0.2405 0.5907
vn 0.2681 0.1744 -0.9475
vn 0.6568 0.6893 -0.3057
vn 0.0411 -0.7678 -0.6394
vn 0.6654 0.7202 -0.1963
vn 0.8187 -0.5694 -0.0747
vn 0.0841 -0.6582 -0.7481
vn 0.3183 -0.8930 -0.3183
vn 0.3761 0.9182 0.1245
vn 0.1313 -0.5839 0.8011
vn -0.2964 -0.6913 -0.6590
vn 0.7636 -0.5807 -0.2822
vn 0.1186 -0.4258 0.8970
vn 0.4788 -0.7732 -0.4159
vn 0.0501 0.0503 0.9975
vn 0.5637 0.3790 -0.7339
vn 0.8608 -0.3604 -0.3595
vn 0.3586 0.8008 -0.4796
vn 0.2639 0.3780 0.8874
vn 0.8877 -0.2620 0.3786
vn 0.4313 0.8735 -0.2258
vn 0.5671 -0.0062 0.8236
vn 0.2782 -0.8857 0.3716
vn 0.4915 -0.8522 -0.1794
vn 0.0914 0.5476 0.8318
vn -0.4830 -0.8177 0.3130
vn 0.2034 0.8341 0.5128
vn 0.3955 -0.2388 -0.8869
vn -0.6695 0.7048 0.2346
vn 0.4960 -0.2894 -0.8187
vn -0.2654 0.7017 0.6612
vn -0.2506 -0.8946 0.3701
vn 0.1544 0.5847 0.7964
vn 0.7067 -0.4552 -0.5417
vn 0.5880 0.2479 -0.7699
vn 0.7613 -0.5300 0.3736
vn 0.5984 0.1559 -0.7859
vn 0.8974 -0.1691 0.4075
vn 0.9111 0.2390 -0.3357
vn 0.4832 -0.2804 -0.8294
vn 0.2376 -0.9176 0.3188
vn 0.0206 -0.5725 0.8196
vn 0.3256 -0.9121 -0.2491
vn 0.0559 -0.9664 -0.2507
vn 0.2109 -0.0436 0.9765
vn 0.2522 0.4675 -0.8473
vn 0.0919 -0.2065 0.9741
vn 0.4381 0.6029 -0.6667
vn 0.5156 0.4616 -0.7219
vn 0.6183 0.5025 0.6043
vn 0.3725 0.7181 -0.5879
vn 0.5193 0.8419 0.1468
vn 0.4487 0.6370 0.6268
vn 0.6971 -0.5264 -0.4868
vn 0.6644 -0.4251 -0.6148
vn 0.9149 -0.0022 -0.4036
vn 0.5815 0.1607 0.7975
vn 0.8895 0.0030 0.4569
vn 0.2663 0.5667 -0.7797
vn 0.6025 -0.0651 0.7955
vn 0.4715 0.4141 -0.7786
vn -0.3538 -0.9014 0.2494
vn 0.4336 0.8806 -0.1912
vn 0.5171 0.1081 0.8491
vn 0.3502 -0.3701 -0.8605
vn 0.6131 -0.7897 0.0230
vn 0.2360 -0.5075 -0.8287
vn 0.0479 -0.3126 0.9487
vn -0.0853 0.8553 0.5110
vn 0.4991 -0.3926 -0.7725
vn -0.3468 0.9379 0.0014
vn -0.3836 0.7670 0.5144
vn 0.3647 -0.9182 -0.1548
vn -0.5076 0.8270 -0.2416
vn 0.6893 0.5599 0.4597
vn 0.5404 -0.3322 -0.7730
vn 0.4271 0.5521 -0.7161
vn 0.7010 -0.5694 0.4294
vn 0.3719 0.8705 -0.3223
vn 0.8499 -0.1710 0.4984
vn 0.2051 -0.3266 -0.9226
vn 0.1251 0.9917 0.0313
vn 0.4070 -0.3705 0.8349
vn 0.5677 0.8227 0.0295
vn 0.7174 -0.3582 -0.5975
vn 0.4120 0.8844 0.2192
vn 0.7504 0.2119 -0.6261
vn 0.6090 0.7319 -0.3056
vn 0.5347 0.8367 -0.1188
vn 0.3777 0.9247 -0.0477
vn 0.8793 -0.3640 0.3071
vn -0.4248 0.7738 0.4699
vn 0.6142 0.7565 0.2245
vn 0.4355 0.6093 0.6627
vn 0.8547 0.3073 0.4183
vn 0.8122 -0.3950 -0.4293
vn 0.1571 0.4257 -0.8911
vn -0.0351 -0.2865 0.9574
vn -0.2470 0.7260 0.6417
vn 0.4951 0.2795 -0.8226
vn 0.4392 0.5647 -0.6987
vn 0.1113 0.7738 -0.6235
vn 0.4502 -0.0087 -0.8929
vn 0.9285 -0.0535 0.3674
vn 0.9304 -0.2323 -0.2836
vn 0.3082 0.7202 -0.6215
vn 0.3698 -0.8321 -0.4133
vn 0.0736 -0.8256 -0.5594
vn -0.0744 0.2422 0.9674
vn 0.7150 0.6560 -0.2417
vn 0.8883 -0.4575 0.0411
vn -0.2433 0.0572 0.9683
vn 0.5984 0.7931 -0.1134
vn 0.7418 0.6018 -0.2958
vn 0.0118 0.4787 0.8779
vn 0.6805 -0.6759 0.2829
vn 0.7988 -0.3455 -0.4925
vn 0.5841 -0.2403 0.7753
vn 0.5017 0.4296 0.7509
vn 0.9177 -0.2538 0.3056
vn 0.5787 0.3675 -0.7280
vn 0.4604 -0.4206 -0.7817
vn 0.7860 -0.4105 0.4623
vn 0.4006 0.7223 0.5637
vn 0.8915 -0.3003 0.3391
vn 0.4109 0.1530 -0.8987
vn 0.3989 -0.1917 -0.8967
vn 0.3545 -0.8580 -0.3718
vn 0.2941 -0.5076 -0.8098
vn 0.3007 0.2270 -0.9263
vn 0.1989 -0.9770 -0.0772
vn 0.4739 0.8511 -0.2258
vn 0.7219 0.3967 -0.5669
vn 0.6795 0.5601 -0.4739
vn 0.1910 -0.8033 -0.5642
vn 0.7848 -0.6193 0.0242
vn 0.3810 0.2386 -0.8932
vn 0.8564 -0.3707 -0.3595
vn 0.2061 0.7115 -0.6717
vn 0.7310 0.6782 -0.0755
vn 0.2956 -0.9522 -0.0763
vn 0.5686 -0.2191 -0.7929
vn -0.2009 0.9232 0.3276
vn 0.3520 -0.3990 -0.8467
vn 0.6315 0.3809 -0.6753
vn -0.4265 0.8277 0.3646
vn 0.1706 -0.3916 0.9042
vn 0.4807 -0.8325 -0.2755
vn 0.8798 0.0077 -0.4754
vn 0.1125 -0.9618 0.2497
vn 0.2588 -0.9586 0.1185
vn 0.5893 -0.5007 -0.6341
vn 0.4142 -0.8937 -0.1723
vn -0.4815 0.7861 0.3875
vn 0.7113 -0.5119 0.4816
vn -0.0217 0.9557 0.2936
vn 0.5394 0.6607 -0.5221
vn 0.9777 0.0091 0.2098
vn 0.5589 -0.8292 0.0058
vn 0.7411 -0.2728 0.6134
vn 0.2339 0.6408 -0.7312
vn 0.7276 -0.3177 -0.6080
vn 0.0803 0.9957 0.0452
vn 0.8992 -0.1101 0.4235
vn 0.5192 0.2815 0.8070
vn 0.4276 0.6614 -0.6162
vn 0.5575 -0.6589 -0.5051
vn 0.4986 -0.2419 -0.8324
vn 0.4799 0.2482 -0.8415
vn 0.4670 0.5024 -0.7277
vn 0.5688 0.7251 0.3881
vn 0.3841 0.5886 0.7113
vn 0.9261 -0.1661 0.3387
vn 0.3509 0.2549 0.9011
vn 0.4914 -0.8401 0.2297
vn 0.9168 -0.0669 -0.3937
vn 0.6868 0.0714 -0.7233
vn 0.6163 -0.7468 -0.2500
vn 0.5889 0.8065 -0.0518
vn 0.5480 -0.6638 -0.5090
vn 0.9698 0.1772 0.1675
vn 0.3759 -0.5649 -0.7346
vn 0.8155 0.5495 0.1817
vn -0.6589 0.6971 0.2827
vn -0.5625 0.7093 0.4249
vn 0.1326 0.5856 0.7997
vn 0.2241 -0.6607 -0.7165
vn 0.9250 -0.0995 0.3667
vn 0.8023 -0.4862 -0.3463
vn 0.3413 0.1388 0.9296
vn 0.3508 -0.9195 -0.1773
vn 0.7340 -0.6261 0.2630
vn 0.1796 0.4977 0.8486
vn 0.6697 0.7238 -0.1659
vn -0.9035 -0.2765 -0.3274
vn 0.6963 -0.0828 0.7130
vn -0.5720 0.7611 0.3057
vn -0.2267 -0.1628 0.9603
vn -0.8763 0.2483 -0.4129
vn 0.6882 0.5812 -0.4343
vn 0.5062 0.8169 0.2766
vn -0.4400 0.0903 0.8934
vn 0.2786 -0.0256 -0.9601
vn -0.3018 -0.7472 -0.5922
vn 0.3247 0.3224 0.8892
vn -0.9661 -0.2571 -0.0245
vn 0.5291 0.8216 0.2124
vn -0.8270 0.0986 0.5535
vn 0.8226 0.2416 -0.5148
vn 0.2475 -0.3365 0.9086
vn 0.3287 0.7671 -0.5509
vn 0.6453 -0.4115 -0.6436
vn 0.5280 0.6382 -0.5603
vn -0.1902 -0.3671 -0.9105
vn 0.7995 -0.3160 0.5109
vn 0.0467 -0.9849 0.1668
vn 0.4058 0.6522 -0.6403
vn -0.5135 0.8581 -0.0020
vn 0.7222 -0.0232 -0.6913
vn 0.4220 -0.4807 -0.7686
vn 0.4303 -0.2533 -0.8664
vn 0.1455 -0.8050 -0.5752
vn 0.5807 0.7900 -0.1967
vn 0.3993 0.8782 -0.2633
vn -0.5064 0.7470 0.4308
vn 0.1889 -0.9661 -0.1760
vn 0.5811 -0.1399 0.8017
vn 0.3633 -0.4142 0.8345
vn 0.6372 0.7693 0.0458
vn 0.6281 0.4207 -0.6546
vn -0.3415 0.9192 -0.1961
vn 0.4756 0.6201 -0.6239
vn -0.2022 -0.9778 -0.0551
vn 0.1892 -0.3977 -0.8978
vn 0.4362 -0.6660 0.6052
vn 0.6300 0.7765 0.0137
vn 0.7735 -0.3261 0.5435
vn 0.4744 0.6049 -0.6396
vn 0.7442 -0.0934 -0.6615
vn 0.5268 0.8432 -0.1068
vn -0.9519 0.0766 -0.2968
vn 0.2673 -0.8780 0.3970
vn 0.7490 0.6401 -0.1711
vn 0.1746 0.3473 0.9214
vn 0.2742 -0.5346 0.7994
vn -0.2531 0.7469 0.6149
vn -0.1247 0.7342 0.6673
vn -0.0389 0.8676 0.4957
vn 0.7891 0.0257 0.6138
vn 0.5009 -0.7533 -0.4263
vn 0.4617 0.7574 0.4617
vn 0.7243 0.1409 -0.6750
vn 0.4619 -0.3333 0.8219
vn 0.6171 0.0494 -0.7853
vn 0.2727 -0.3779 -0.8848
vn 0.5675 -0.3439 0.7481
vn 0.6593 0.3034 -0.6879
vn -0.0895 0.4767 0.8745
vn 0.8814 0.4482 0.1494
vn 0.0628 -0.9953 0.0742
vn -0.2510 0.9360 0.2469
vn 0.5661 -0.3303 0.7553
vn 0.5207 0.6521 -0.5510
vn 0.8889 -0.1179 -0.4428
vn -0.0910 -0.2093 -0.9736
vn -0.4356 0.7643 0.4755
vn 0.5092 0.7181 0.4744
vn 0.9769 -0.2030 -0.0662
vn 0.3423 -0.6722 0.6565
vn 0.2980 -0.2941 0.9081
vn 0.7617 0.6434 0.0771
vn 0.9563 0.2819 0.0777
vn 0.2188 -0.1179 0.9686
vn 0.7545 -0.2785 -0.5943
vn -0.4623 0.8583 0.2227
vn 0.6702 -0.1180 -0.7328
vn 0.6073 -0.6372 -0.4745
vn 0.8913 -0.3307 0.3102
vn 0.4141 0.2250 -0.8820
vn 0.5389 0.5637 0.6259
vn 0.6401 0.6437 -0.4194
vn 0.6895 -0.1304 -0.7124
vn 0.9248 0.2769 0.2610
vn 0.7496 0.3369 -0.5696
vn 0.5837 -0.5150 -0.6278
vn 0.2522 0.8486 -0.4650
vn 0.8985 0.1185 -0.4227
vn 0.9991 -0.0077 -0.0411
vn 0.4333 -0.1538 0.8880
vn 0.5124 0.2999 0.8047
vn 0.3435 0.9392 -0.0006
vn 0.1484 -0.1627 -0.9754
vn -0.1961 -0.1394 0.9706
vn -0.4109 0.7315 0.5441
vn -0.0362 -0.5849 -0.8103
vn 0.9122 -0.1218 0.3913
vn 0.8219 -0.5663 -0.0615
vn 0.4544 -0.8748 -0.1681
vn 0.6562 0.1388 0.7418
vn 0.8391 0.3232 -0.4375
vn 0.3336 0.8061 0.4888
vn 0.9152 -0.1581 0.3708
vn -0.2936 -0.4290 -0.8543
vn 0.4369 -0.4346 0.7875
vn 0.2536 0.9635 -0.0861
vn 0.6837 -0.3554 -0.6374
vn 0.1718 -0.6298 -0.7575
vn 0.7389 -0.4501 -0.5015
vn 0.5748 0.3789 -0.7253
vn -0.2049 0.7559 0.6218
vn 0.6325 0.2522 -0.7323
vn 0.9472 -0.0642 0.3140
vn 0.5420 0.4810 0.6891
vn 0.7152 0.2357 -0.6580
vn 0.7558 0.5747 -0.3138
vn 0.8915 0.3141 -0.3264
vn 0.5483 -0.7986 -0.2481
vn 0.6091 -0.7365 -0.2940
vn 0.3448 -0.9110 -0.2264
vn 0.6667 0.7449 -0.0250
vn 0.1685 -0.9772 0.1290
vn 0.2664 0.2609 0.9279
vn 0.8181 -0.5356 -0.2094
vn 0.9285 -0.1332 0.3467
vn 0.6536 -0.1885 -0.7330
vn 0.1872 -0.8030 0.5659
vn -0.3252 0.7944 0.5130
vn 0.5744 -0.2738 0.7714
vn 0.7766 -0.4366 0.4542
vn 0.7510 -0.4472 0.4857
vn 0.8917 0.2909 -0.3468
vn 0.4188 0.9081 0.0023
vn 0.3974 0.2367 0.8866
vn 0.6467 0.4045 -0.6466
vn 0.2526 -0.5821 0.7729
vn 0.9609 -0.0158 0.2764
vn 0.6631 0.4788 -0.5754
vn 0.3269 -0.3685 0.8702
vn 0.2655 -0.2012 0.9429
vn 0.5389 0.6446 -0.5423
vn 0.7006 0.2239 -0.6776
vn 0.2497 -0.3781 0.8915
vn 0.7410 0.6524 0.1593
vn 0.6086 0.7935 -0.0047
vn 0.4279 0.8178 0.3849
vn 0.8097 -0.1082 0.5768
vn 0.7737 -0.5869 -0.2386
vn -0.7259 0.6156 0.3068
vn 0.4722 -0.8036 0.3624
vn 0.3676 0.9175 0.1519
vn -0.1263 0.7300 0.6716
vn 0.6800 -0.6972 -0.2271
vn 0.7809 -0.1348 0.6100
vn 0.8124 0.2797 -0.5117
vn 0.8073 0.3319 -0.4880
vn 0.8014 -0.1836 0.5692
vn 0.7521 -0.3014 -0.5861
vn 0.2284 0.5791 0.7826
vn 0.3461 0.4229 0.8375
vn 0.7006 -0.0821 -0.7088
vn 0.6310 -0.2537 0.7331
vn 0.8427 -0.5381 -0.0173
vn 0.6827 -0.5346 -0.4982
vn 0.8402 0.4503 -0.3021
vn 0.9744 -0.2180 -0.0547
vn 0.4951 -0.7883 0.3655
vn 0.7559 0.5378 0.3733
vn -0.1813 0.9280 -0.3255
vn 0.9398 -0.2923 0.1770
vn 0.6432 -0.4014 -0.6520
vn 0.4658 0.7947 0.3892
vn 0.8644 0.2544 0.4337
vn 0.8241 0.3457 0.4488
vn 0.3957 0.7919 -0.4651
vn 0.7589 -0.5869 -0.2822
vn 0.8873 -0.1763 0.4262
vn 0.6363 -0.7533 -0.1661
vn 0.5362 -0.4027 0.7418
vn 0.1866 -0.6117 0.7688
vn 0.8703 0.3385 0.3577
vn 0.7734 -0.5799 -0.2561
vn -0.0004 0.7756 0.6312
vn 0.6656 -0.6620 0.3446
vn -0.6891 0.7103 -0.1436
vn 0.4648 -0.8609 -0.2067
vn 0.3166 0.6432 -0.6972
vn 0.7067 -0.7020 0.0887
vn 0.6358 -0.7583 -0.1442
vn 0.7054 0.5900 -0.3929
vn 0.4195 -0.8828 0.2115
vn 0.2727 -0.9589 -0.0789
vn 0.6993 0.3380 -0.6299
vn 0.5075 -0.2337 0.8293
vn 0.5176 0.7430 -0.4243
vn 0.8098 0.5626 -0.1664
vn 0.7668 -0.4698 0.4373
vn 0.6292 -0.5199 -0.5777
vn -0.3225 0.8986 0.2975
vn -0.1264 0.7729 0.6218
vn -0.6455 0.5884 0.4870
vn -0.0116 0.7653 0.6436
vn 0.6254 -0.7372 -0.2556
vn 0.7856 0.3805 -0.4879
vn 0.3907 -0.6152 0.6848
vn 0.2715 0.5403 0.7965
vn 0.4476 -0.1743 0.8771
vn 0.8562 -0.4943 0.1503
vn 0.7864 -0.0682 0.6140
vn 0.3930 -0.9189 0.0351
vn 0.0654 0.8566 0.5119
vn -0.3419 0.9058 0.2501
vn -0.0516 -0.5213 0.8518
vn 0.0265 0.5048 0.8629
vn 0.9245 0.0439 -0.3788
vn 0.2690 0.3113 -0.9114
vn 0.7033 -0.5975 0.3852
vn 0.9994 0.0317 -0.0103
vn 0.0941 -0.7271 0.6800
vn 0.4262 0.6186 -0.6600
vn 0.8966 0.4428 0.0045
vn 0.5908 -0.6900 0.4182
vn 0.2920 0.9023 -0.3171
vn 0.8709 -0.4786 -0.1114
vn 0.8213 0.5681 -0.0519
vn 0.7815 0.6234 0.0258
vn 0.2218 -0.9075 -0.3567
vn 0.9184 0.2490 0.3075
vn 0.8336 0.2946 0.4672
vn 0.7161 0.0928 -0.6918
vn 0.6760 0.4878 -0.5524
vn 0.9899 -0.1186 -0.0777
vn 0.8799 -0.2398 0.4101
vn 0.0993 -0.6912 0.7158
vn 0.5150 0.3226 -0.7942
vn 0.9303 0.3471 0.1186
vn 0.8284 0.5446 -0.1310
vn 0.6746 -0.3432 0.6535
vn 0.4590 -0.8183 -0.3458
vn 0.1565 0.7689 -0.6200
vn 0.5952 0.2220 0.7723
vn 0.7332 -0.5617 -0.3833
vn 0.8382 0.2822 0.4666
vn 0.9885 -0.0568 -0.1400
vn 0.6988 -0.5261 0.4847
vn 0.6269 -0.1918 0.7552
vn 0.7999 0.3007 -0.5193
vn 0.5765 0.7977 0.1767
vn 0.7820 0.1033 -0.6147
vn 0.3372 0.6296 -0.7000
vn 0.6146 -0.7811 -0.1106
vn 0.4283 -0.3575 0.8299
vn -0.2287 -0.4545 0.8609
vn 0.8210 -0.1459 0.5520
vn 0.8637 -0.1196 -0.4896
vn 0.9197 -0.3845 0.0798
vn 0.9158 -0.3837 -0.1187
vn 0.3321 0.9420 -0.0475
vn 0.0705 0.6794 0.7304
vn 0.5312 -0.7155 0.4538
vn 0.6749 -0.6206 0.3993
vn 0.5726 0.7907 0.2164
vn 0.9111 0.1636 -0.3782
vn 0.4303 -0.8282 -0.3591
vn 0.6105 0.7898 0.0591
vn 0.9717 0.1436 -0.1878
vn 0.8912 0.2689 -0.3652
vn 0.0917 0.9754 -0.2005
vn 0.9513 0.2587 0.1677
vn 0.8790 -0.4768 -0.0113
vn 0.9680 -0.2403 0.0725
vn -0.1846 -0.7172 0.6719
vn 0.3611 0.7894 -0.4964
vn 0.9783 -0.1829 -0.0975
vn 0.1244 0.8631 0.4895
vn 0.0171 -0.7137 0.7002
vn 0.6084 -0.7095 -0.3556
vn -0.2434 0.7877 0.5660
vn 0.8866 -0.4436 -0.1307
vn 0.6865 -0.7198 0.1031
vn 0.9826 -0.0881 -0.1637
vn 0.9972 -0.0746 0.0083
vn 0.4193 -0.8436 0.3355
vn 0.6378 0.2565 0.7262
vn 0.8213 0.4908 0.2908
vn 0.9539 -0.1582 0.2551
vn 0.3313 0.7684 -0.5475
vn 0.7679 -0.5022 0.3977
vn 0.9233 -0.0271 0.3832
vn 0.6176 0.4021 -0.6759
vn 0.8392 -0.4528 -0.3012
vn 0.4429 0.4393 0.7816
vn 0.7910 -0.4642 0.3986
vn 0.8826 0.3874 0.2662
vn 0.5834 -0.3818 -0.7168
vn 0.8273 0.4324 -0.3587
vn 0.9713 0.0723 0.2268
vn 0.6411 0.7296 -0.2381
vn 0.1998 0.7786 0.5949
vn 0.3827 -0.8139 0.4372
vn 0.7146 0.5001 0.4892
vn 0.5018 -0.7677 -0.3985
vn 0.7628 0.6398 0.0936
vn 0.4833 0.4777 0.7337
vn 0.4344 -0.8621 -0.2609
vn 0.8138 -0.3087 0.4923
vn 0.6224 -0.6978 0.3545
vn 0.6676 0.5690 0.4801
vn -0.2384 0.3856 0.8913
vn 0.8005 0.5701 -0.1850
vn 0.9373 -0.2756 -0.2134
vn 0.9537 -0.1749 -0.2448
vn 0.4021 -0.6260 0.6681
vn 0.4675 0.5423 -0.6981
vn 0.5494 0.2308 0.8030
vn 0.5311 -0.7248 0.4388
vn 0.6149 0.6757 0.4066
vn 0.5714 0.5023 -0.6491
vn 0.5231 -0.8503 0.0584
vn 0.5909 -0.7846 -0.1878
vn 0.9121 -0.3417 -0.2267
vn 0.4318 0.8683 0.2442
vn 0.4786 0.7858 -0.3918
vn -0.2676 0.9197 0.2873
vn 0.7042 0.7029 -0.1002
vn 0.3740 0.4461 0.8131
vn 0.3937 0.2468 -0.8855
vn 0.8631 0.4619 -0.2044
vn 0.5458 0.8221 0.1622
vn 0.8896 0.0297 0.4558
vn 0.4970 -0.5019 0.7079
vn 0.6555 0.6274 0.4205
vn 0.8756 -0.4407 0.1977
vn 0.1373 0.4746 0.8694
vn 0.7843 0.5479 -0.2911
vn 0.6446 -0.7449 -0.1722
vn 0.7171 -0.6506 -0.2500
vn 0.8634 -0.4482 0.2317
vn 0.1780 0.6512 0.7377
vn 0.7060 0.6678 -0.2357
vn 0.8197 -0.2205 0.5286
vn 0.9525 0.1951 0.2337
vn 0.9090 0.4082 0.0842
vn 0.5982 -0.7911 -0.1276
vn 0.8848 0.3132 0.3450
vn 0.8542 0.4754 -0.2106
vn 0.9450 -0.3238 -0.0461
vn 0.6131 0.7417 -0.2719
vn 0.7114 -0.6087 0.3513
vn 0.3266 -0.3551 -0.8759
vn 0.8645 0.4859 0.1283
vn 0.3878 0.9203 0.0511
vn 0.9172 0.3775 -0.1274
vn 0.8784 -0.4711 -0.0807
vn 0.9444 0.3074 -0.1162
vn 0.7192 0.4888 -0.4938
vn 0.9128 0.3845 -0.1377
vn 0.3143 -0.8799 0.3563
vn -0.0393 -0.9878 0.1507
vn 0.9370 -0.1112 0.3311
vn 0.8904 0.1178 -0.4398
vn 0.7785 -0.6103 0.1465
vn 0.2635 0.9050 -0.3341
vn 0.6592 0.3206 0.6802
vn 0.9147 0.1094 -0.3891
vn 0.5500 0.0983 0.8294
vn 0.8587 -0.3044 -0.4123
vn 0.8902 -0.4135 0.1912
vn 0.7389 -0.6242 0.2539
vn 0.9231 -0.1079 0.3690
vn 0.8221 0.4695 -0.3221
vn -0.2822 0.9271 0.2467
vn 0.6430 -0.2255 0.7319
vn 0.8737 0.3611 0.3259
vn 0.8893 0.1580 -0.4292
vn 0.4921 0.5442 -0.6795
vn 0.9470 0.3077 0.0924
vn 0.4602 -0.8645 -0.2020
vn 0.9498 0.2837 -0.1323
vn 0.6713 -0.2868 0.6834
vn 0.2942 0.5237 0.7995
vn 0.9021 0.4203 -0.0973
vn 0.9560 0.2289 -0.1836
vn -0.0330 0.7060 0.7075
vn 0.7478 0.6040 -0.2757
vn 0.8011 -0.5977 0.0311
vn 0.9286 0.0933 0.3591
vn 0.9844 -0.0153 -0.1755
vn 0.9869 -0.0777 0.1411
vn 0.8994 0.3969 0.1832
vn -0.1990 0.9081 0.3684
vn 0.9321 0.2048 -0.2988
vn 0.9146 0.0271 -0.4035
vn 0.9916 -0.0721 -0.1072
vn 0.9447 0.3218 -0.0634
vn 0.7200 0.6938 -0.0150
vn 0.9667 0.0379 -0.2532
vn 0.9486 0.2288 0.2184
vn -0.2634 0.8624 0.4324
vn 0.4010 0.8012 0.4441
vn 0.0072 0.6744 0.7383
vn 0.4504 -0.4262 -0.7845
vn 0.9060 -0.3820 0.1823
vn 0.7763 0.2143 -0.5929
vn 0.7900 -0.6088 0.0724
vn 0.9765 0.2054 0.0656
vn 0.9617 0.2617 -0.0810
vn 0.3536 0.7387 -0.5738
vn 0.9093 0.3990 0.1180
vn 0.4395 0.3898 -0.8093
vn 0.9176 0.1410 -0.3716
vn 0.8824 -0.4557 0.1171
vn 0.6979 0.7015 0.1443
vn 0.7225 0.2463 0.6460
vn 0.9505 -0.1927 0.2440
vn 0.9964 -0.0749 0.0403
vn 0.6309 0.2964 0.7171
vn 0.6135 0.0557 0.7877
vn 0.6861 -0.6582 0.3099
vn 0.5195 -0.2605 0.8138
vn 0.4549 0.3788 0.8060
vn 0.4195 0.5263 -0.7396
vn 0.6416 0.6392 -0.4240
vn -0.3045 0.9013 0.3082
vn 0.4919 -0.5706 -0.6577
vn 0.3749 0.7285 -0.5733
vn 0.5422 -0.6662 -0.5120
vn 0.5499 0.8248 0.1313
vn -0.3767 0.8084 0.4524
vn 0.7465 -0.5534 0.3695
vn 0.3389 0.5678 0.7502
vn 0.3095 0.6558 0.6885
vn 0.0072 0.5847 0.8112
vn 0.0790 0.7046 0.7052
vn 0.8658 0.1577 0.4750
vn 0.2185 0.4537 0.8639
vn 0.9566 -0.0808 0.2799
vn 0.7809 0.2129 0.5872
vn 0.8987 -0.4180 0.1326
vn 0.9339 -0.2337 0.2706
vn 0.2887 0.9361 -0.2011
vn 0.5466 -0.2746 0.7910
vn 0.4348 0.5828 0.6866
vn 0.1412 0.9237 0.3563
vn -0.2066 0.9653 0.1594
vn 0.7850 -0.4123 0.4624
vn 0.5994 0.2040 0.7740
vn 0.5679 -0.7977 0.2031
vn -0.0093 0.8947 0.4466
vn 0.4788 -0.8659 -0.1448
vn 0.7936 -0.5998 0.1017
vn 0.0214 0.6050 -0.7959
vn 0.5887 0.5456 -0.5964
vn 0.7366 0.2806 0.6154
vn -0.1593 0.9854 0.0598
vn 0.1538 0.3074 0.9391
vn 0.9543 -0.1674 0.2475
vn 0.4222 -0.2298 0.8769
vn 0.4829 0.5279 0.6986
vn -0.0558 0.9646 -0.2577
vn 0.9238 0.0770 0.3751
vn 0.3219 0.2048 0.9244
vn 0.4446 0.5407 0.7141
vn 0.1848 0.2019 0.9618
vn 0.1841 0.4592 -0.8690
vn 0.7085 0.2857 0.6453
vn 0.6536 0.4817 0.5837
vn 0.2290 0.7816 -0.5802
vn 0.4083 0.0049 0.9128
vn 0.6919 -0.5741 0.4377
vn -0.1406 0.2315 0.9626
vn 0.2179 -0.3123 0.9246
vn 0.0066 -0.3283 0.9445
vn -0.1182 0.9786 0.1687
vn 0.2882 0.0589 -0.9558
vn 0.1494 -0.0167 0.9886
vn 0.4709 -0.3780 0.7971
vn 0.3733 -0.2193 0.9014
vn 0.7669 -0.3785 0.5182
vn -0.3767 0.8619 -0.3395
vn 0.6381 0.5740 0.5132
vn 0.3738 0.8716 0.3170
vn 0.5762 0.3800 0.7236
vn 0.0991 -0.0035 0.9951
vn 0.1723 0.5185 0.8375
vn 0.3828 0.8648 0.3248
vn 0.2793 0.5046 0.8169
vn 0.7203 0.5618 0.4069
vn 0.4798 0.4229 0.7688
vn 0.5306 0.2628 0.8059
vn 0.6501 0.2068 0.7312
vn 0.3375 0.9130 0.2290
vn 0.5002 0.3428 0.7952
vn 0.1885 0.6538 -0.7328
vn -0.0063 0.4229 0.9062
vn -0.1022 0.9867 -0.1265
vn 0.5423 -0.8112 -0.2187
vn 0.1510 -0.2353 0.9601
vn 0.2106 0.8699 -0.4459
vn 0.6052 -0.0770 0.7923
vn 0.7883 -0.6136 0.0453
vn 0.3758 0.4966 -0.7824
vn 0.5906 -0.2708 0.7602
vn 0.7906 0.5497 0.2697
vn 0.5778 0.2084 0.7891
vn 0.2878 0.2427 0.9265
vn 0.7859 -0.1096 0.6085
vn 0.6515 0.1709 0.7392
vn 0.6819 0.7282 0.0689
vn -0.0728 -0.1989 0.9773
vn 0.7684 0.1674 0.6176
vn 0.8104 0.0920 0.5786
vn 0.9250 -0.2478 0.2880
vn -0.0189 0.3526 0.9356
vn 0.4425 -0.2506 0.8610
vn 0.2865 0.4457 0.8481
vn 0.7481 0.3508 0.5634
vn 0.4376 0.2213 -0.8715
vn -0.0690 0.6147 0.7857
vn 0.7563 -0.2845 0.5892
vn 0.1988 0.3616 0.9109
vn 0.6484 -0.3468 0.6777
vn 0.8900 -0.2603 0.3743
vn 0.4607 -0.5023 -0.7317
vn -0.6879 0.1838 0.7021
vn 0.0609 0.6146 -0.7865
vn -0.6101 0.1108 0.7846
vn 0.4433 0.2870 0.8492
vn 0.3382 0.9387 -0.0670
vn 0.7137 0.3468 0.6086
vn 0.6753 0.2903 0.6780
vn 0.7560 -0.1629 0.6340
vn 0.6037 0.4201 0.6776
vn 0.7748 0.6318 0.0209
vn -0.0067 0.9324 -0.3613
vn 0.4590 -0.4038 0.7914
vn 0.6543 -0.3284 0.6812
vn -0.7411 0.0487 0.6697
vn 0.5942 0.6555 -0.4662
vn 0.5340 -0.6164 -0.5786
vn -0.8525 0.3874 0.3510
vn -0.1864 -0.1650 0.9685
vn -0.2077 0.3191 0.9247
vn 0.3515 -0.1133 0.9293
vn 0.3179 0.4688 -0.8241
vn -0.6916 0.0871 0.7170
vn -0.6449 0.2061 0.7359
vn 0.7239 0.6720 -0.1560
vn 0.0551 0.8252 0.5622
vn -0.3397 0.4360 0.8334
vn 0.6289 -0.2763 0.7267
vn 0.5552 0.8077 -0.1985
vn -0.6096 0.0028 0.7927
vn 0.4254 0.4500 -0.7851
vn 0.3700 -0.2806 0.8857
vn 0.3942 -0.0734 -0.9161
vn 0.1738 -0.1461 0.9739
vn 0.6199 -0.3249 0.7142
vn 0.8378 0.5426 0.0600
vn 0.8784 0.2988 -0.3729
vn 0.5810 0.7367 -0.3460
vn 0.3881 0.9068 0.1645
vn -0.7864 0.1589 0.5969
vn 0.6221 -0.1883 0.7599
vn 0.2579 0.5023 0.8253
vn 0.5608 -0.7198 0.4091
vn -0.4060 0.0262 0.9135
vn -0.3430 0.1649 0.9248
vn -0.1116 0.1063 0.9881
vn 0.6846 0.6153 0.3908
vn 0.5986 -0.2420 0.7636
vn 0.4433 -0.2212 0.8687
vn 0.4320 -0.2539 0.8654
vn 0.7870 0.5014 0.3596
vn 0.9079 0.4147 -0.0605
vn 0.6424 0.7662 -0.0141
vn -0.0497 -0.0041 0.9988
vn -0.6620 0.5765 -0.4790
vn 0.6533 -0.2841 0.7018
vn 0.7931 0.3822 -0.4742
vn 0.9507 0.3089 0.0276
vn 0.1702 0.2044 0.9640
vn 0.6156 0.0508 -0.7865
vn 0.4642 0.4253 -0.7769
vn 0.2904 -0.0374 0.9562
vn 0.8736 0.3488 0.3393
vn 0.7071 0.5928 -0.3855
vn 0.6768 -0.3474 0.6490
vn 0.1738 0.6502 -0.7396
vn 0.4150 0.7784 0.4711
vn 0.5900 -0.1492 -0.7935
vn -0.6255 0.1901 0.7567
vn 0.6524 0.7423 -0.1530
vn 0.8045 0.5756 -0.1467
vn 0.9376 -0.0027 0.3478
vn 0.6525 -0.7176 -0.2435
vn 0.1555 -0.0510 0.9865
vn 0.1579 0.1054 0.9818
vn -0.1471 0.0782 0.9860
vn 0.6298 -0.3259 0.7051
vn 0.6785 0.2851 0.6770
vn 0.6160 -0.2353 0.7518
vn 0.5568 0.1929 0.8079
vn 0.7010 0.3767 0.6055
vn 0.9363 0.2189 0.2746
vn 0.8454 0.5153 -0.1405
vn 0.7035 -0.5290 0.4746
vn 0.6908 0.5755 -0.4377
vn 0.4303 0.2991 -0.8517
vn 0.3644 0.1240 -0.9230
vn -0.7450 0.3807 0.5477
vn 0.9344 0.3521 0.0546
vn 0.7370 0.6758 0.0123
vn 0.5423 -0.3888 -0.7448
vn 0.0070 0.6648 0.7470
vn 0.9100 0.3035 -0.2825
vn 0.8158 0.5698 0.0992
vn 0.6811 -0.0556 0.7300
vn 0.7600 -0.1523 0.6318
vn 0.6881 0.5292 0.4965
vn 0.4289 -0.1237 0.8948
vn 0.8057 0.3907 -0.4453
vn 0.9030 -0.4064 0.1394
vn 0.4964 -0.1101 -0.8611
vn 0.8405 -0.5121 0.1769
vn 0.8755 0.4479 -0.1812
vn 0.0677 -0.0602 0.9959
vn 0.8672 0.2821 0.4103
vn 0.8165 0.0421 0.5758
vn 0.7162 0.6226 0.3153
vn 0.3414 0.0881 0.9358
vn 0.8424 -0.1476 0.5183
vn 0.9367 0.3300 -0.1167
vn 0.8922 -0.4233 -0.1574
vn 0.4520 0.0261 0.8916
vn 0.8877 0.4381 0.1416
vn 0.3454 0.2936 0.8914
vn 0.6165 -0.2635 0.7420
vn 0.0591 0.4136 0.9085
vn 0.8019 0.4653 0.3749
vn 0.4124 0.3571 0.8381
vn 0.9346 0.3541 -0.0344
vn 0.6524 -0.0135 -0.7578
vn 0.5888 0.3549 0.7262
vn 0.7601 0.5138 0.3978
vn 0.9955 0.0859 0.0408
vn 0.7210 0.4975 0.4824
vn 0.7688 0.3628 0.5266
vn 0.8713 -0.0168 0.4905
vn 0.5825 0.6301 0.5135
vn 0.9339 0.3544 -0.0471
vn 0.4079 0.4178 0.8119
vn 0.8153 0.4497 0.3647
vn 0.7000 -0.5265 -0.4824
vn 0.9145 0.2756 0.2961
vn 0.9833 0.1407 0.1154
vn 0.6944 0.4701 0.5448
vn 0.8968 -0.0770 -0.4357
vn 0.9418 0.2368 0.2384
vn 0.9133 0.1541 0.3769
vn 0.8486 -0.2742 0.4525
vn 0.8974 0.1761 0.4046
vn 0.9947 0.0815 -0.0628
s 1
usemtl none
f 1//1 2//2 3//3
f 2//2 1//1 4//4
f 3//3 25//25 1//1
f 6//6 5//5 4//4
f 1//1 15//15 4//4
f 2//2 4//4 9//9
f 2//2 9//9 11//11
f 3//3 7//7 25//25
f 5//5 9//9 4//4
f 3//3 10//10 7//7
f 6//6 16//16 5//5
f 5//5 13//13 26//26
f 5//5 26//26 9//9
f 2//2 11//11 8//8
f 10//10 22//22 7//7
f 4//4 15//15 6//6
f 3//3 2//2 12//12
f 6//6 14//14 16//16
f 5//5 16//16 13//13
f 3//3 12//12 10//10
f 6//6 19//19 14//14
f 6//6 15//15 17//17
f 1//1 27//27 15//15
f 2//2 8//8 12//12
f 22//22 10//10 18//18
f 7//7 22//22 25//25
f 16//16 23//23 21//21
f 16//16 14//14 23//23
f 8//8 11//11 20//20
f 25//25 27//27 1//1
f 26//26 29//29 9//9
f 29//29 11//11 9//9
f 20//20 32//32 8//8
f 10//10 12//12 47//47
f 22//22 18//18 28//28
f 25//25 33//33 27//27
f 23//23 14//14 30//30
f 6//6 17//17 19//19
f 16//16 21//21 36//36
f 26//26 13//13 31//31
f 25//25 22//22 33//33
f 21//21 23//23 35//35
f 21//21 35//35 34//34
f 13//13 16//16 36//36
f 10//10 37//37 24//24
f 34//34 35//35 41//41
f 8//8 32//32 12//12
f 10//10 47//47 37//37
f 14//14 19//19 38//38
f 23//23 30//30 35//35
f 21//21 34//34 42//42
f 21//21 62//62 36//36
f 35//35 30//30 43//43
f 26//26 31//31 44//44
f 24//24 40//40 10//10
f 26//26 44//44 29//29
f 15//15 27//27 52//52
f 22//22 39//39 33//33
f 10//10 40//40 18//18
f 34//34 41//41 42//42
f 15//15 52//52 17//17
f 14//14 38//38 30//30
f 11//11 46//46 20//20
f 35//35 48//48 41//41
f 27//27 33//33 49//49
f 45//45 37//37 50//50
f 24//24 37//37 53//53
f 17//17 51//51 19//19
f 21//21 42//42 62//62
f 11//11 29//29 46//46
f 24//24 53//53 40//40
f 37//37 47//47 50//50
f 45//45 50//50 59//59
f 62//62 42//42 65//65
f 22//22 28//28 39//39
f 42//42 41//41 65//65
f 45//45 53//53 37//37
f 28//28 18//18 67//67
f 27//27 49//49 52//52
f 30//30 38//38 55//55
f 41//41 48//48 56//56
f 35//35 43//43 66//66
f 36//36 62//62 60//60
f 13//13 36//36 60//60
f 40//40 67//67 18//18
f 30//30 61//61 43//43
f 13//13 60//60 57//57
f 44//44 31//31 54//54
f 13//13 57//57 31//31
f 31//31 63//63 54//54
f 35//35 66//66 48//48
f 31//31 57//57 63//63
f 58//58 45//45 59//59
f 28//28 64//64 39//39
f 59//59 50//50 68//68
f 39//39 49//49 33//33
f 43//43 61//61 66//66
f 38//38 19//19 55//55
f 79//79 62//62 65//65
f 17//17 52//52 51//51
f 62//62 79//79 72//72
f 55//55 61//61 30//30
f 66//66 69//69 48//48
f 65//65 41//41 79//79
f 62//62 72//72 60//60
f 28//28 67//67 70//70
f 68//68 50//50 71//71
f 45//45 58//58 53//53
f 28//28 70//70 64//64
f 12//12 32//32 73//73
f 79//79 41//41 78//78
f 12//12 73//73 47//47
f 50//50 47//47 83//83
f 40//40 53//53 74//74
f 54//54 117//117 80//80
f 29//29 44//44 80//80
f 75//75 71//71 77//77
f 56//56 78//78 41//41
f 55//55 19//19 51//51
f 39//39 64//64 76//76
f 59//59 68//68 84//84
f 40//40 74//74 67//67
f 44//44 54//54 80//80
f 52//52 49//49 81//81
f 48//48 69//69 56//56
f 59//59 84//84 58//58
f 53//53 58//58 74//74
f 71//71 85//85 68//68
f 68//68 82//82 84//84
f 39//39 81//81 49//49
f 71//71 50//50 83//83
f 63//63 90//90 54//54
f 67//67 74//74 70//70
f 77//77 71//71 86//86
f 29//29 91//91 46//46
f 29//29 80//80 91//91
f 75//75 77//77 87//87
f 87//87 77//77 86//86
f 58//58 84//84 88//88
f 58//58 88//88 74//74
f 51//51 101//101 55//55
f 82//82 68//68 85//85
f 66//66 95//95 69//69
f 39//39 76//76 81//81
f 51//51 52//52 92//92
f 71//71 94//94 86//86
f 51//51 89//89 101//101
f 84//84 82//82 98//98
f 63//63 57//57 90//90
f 71//71 75//75 85//85
f 46//46 93//93 20//20
f 46//46 102//102 93//93
f 20//20 93//93 108//108
f 61//61 97//97 100//100
f 61//61 55//55 97//97
f 71//71 83//83 94//94
f 87//87 111//111 75//75
f 54//54 90//90 117//117
f 82//82 85//85 98//98
f 51//51 92//92 89//89
f 74//74 88//88 70//70
f 52//52 81//81 103//103
f 47//47 73//73 83//83
f 85//85 104//104 98//98
f 56//56 69//69 107//107
f 79//79 78//78 96//96
f 81//81 76//76 103//103
f 75//75 111//111 85//85
f 86//86 94//94 105//105
f 64//64 70//70 119//119
f 72//72 79//79 106//106
f 46//46 91//91 102//102
f 88//88 113//113 70//70
f 60//60 99//99 57//57
f 84//84 98//98 88//88
f 20//20 108//108 32//32
f 106//106 79//79 124//124
f 87//87 86//86 114//114
f 70//70 113//113 119//119
f 61//61 109//109 66//66
f 79//79 96//96 124//124
f 78//78 56//56 107//107
f 52//52 103//103 92//92
f 61//61 100//100 109//109
f 64//64 119//119 76//76
f 86//86 105//105 115//115
f 85//85 111//111 104//104
f 57//57 99//99 90//90
f 86//86 115//115 114//114
f 76//76 112//112 103//103
f 94//94 83//83 116//116
f 87//87 114//114 111//111
f 115//115 105//105 94//94
f 60//60 121//121 99//99
f 60//60 72//72 121//121
f 88//88 98//98 120//120
f 76//76 119//119 112//112
f 78//78 107//107 184//184
f 113//113 88//88 120//120
f 95//95 66//66 109//109
f 104//104 120//120 98//98
f 73//73 32//32 126//126
f 55//55 110//110 97//97
f 111//111 120//120 104//104
f 55//55 101//101 110//110
f 78//78 184//184 96//96
f 116//116 83//83 123//123
f 69//69 122//122 107//107
f 73//73 126//126 118//118
f 112//112 92//92 103//103
f 114//114 115//115 111//111
f 83//83 73//73 127//127
f 97//97 133//133 100//100
f 94//94 116//116 125//125
f 72//72 106//106 121//121
f 83//83 127//127 123//123
f 109//109 100//100 133//133
f 119//119 113//113 128//128
f 111//111 115//115 129//129
f 116//116 123//123 130//130
f 116//116 130//130 131//131
f 142//142 113//113 120//120
f 69//69 95//95 122//122
f 116//116 131//131 125//125
f 94//94 125//125 115//115
f 115//115 132//132 129//129
f 117//117 90//90 140//140
f 130//130 123//123 127//127
f 89//89 136//136 101//101
f 115//115 125//125 132//132
f 109//109 133//133 134//134
f 131//131 167//167 138//138
f 125//125 131//131 138//138
f 90//90 149//149 140//140
f 109//109 134//134 148//148
f 135//135 137//137 139//139
f 130//130 141//141 144//144
f 120//120 111//111 142//142
f 142//142 111//111 129//129
f 131//131 130//130 139//139
f 139//139 146//146 135//135
f 139//139 137//137 147//147
f 130//130 144//144 139//139
f 137//137 145//145 147//147
f 109//109 148//148 95//95
f 144//144 141//141 146//146
f 137//137 143//143 151//151
f 89//89 92//92 136//136
f 135//135 146//146 143//143
f 113//113 142//142 128//128
f 135//135 143//143 137//137
f 147//147 131//131 139//139
f 122//122 95//95 150//150
f 129//129 132//132 160//160
f 125//125 138//138 132//132
f 80//80 155//155 91//91
f 139//139 144//144 146//146
f 80//80 117//117 155//155
f 131//131 147//147 167//167
f 121//121 106//106 154//154
f 143//143 172//172 151//151
f 148//148 134//134 158//158
f 138//138 153//153 132//132
f 145//145 137//137 156//156
f 129//129 161//161 142//142
f 96//96 184//184 189//189
f 153//153 145//145 157//157
f 119//119 128//128 152//152
f 95//95 148//148 163//163
f 129//129 160//160 161//161
f 141//141 159//159 146//146
f 117//117 140//140 155//155
f 110//110 101//101 166//166
f 119//119 168//168 112//112
f 133//133 165//165 134//134
f 143//143 164//164 172//172
f 138//138 167//167 153//153
f 119//119 152//152 168//168
f 153//153 157//157 178//178
f 145//145 167//167 147//147
f 145//145 156//156 157//157
f 137//137 151//151 156//156
f 145//145 153//153 167//167
f 159//159 171//171 146//146
f 143//143 146//146 171//171
f 160//160 132//132 175//175
f 158//158 134//134 176//176
f 106//106 124//124 181//181
f 95//95 163//163 150//150
f 170//170 169//169 122//122
f 132//132 153//153 174//174
f 170//170 122//122 150//150
f 170//170 179//179 169//169
f 136//136 92//92 177//177
f 91//91 155//155 102//102
f 96//96 181//181 124//124
f 101//101 136//136 177//177
f 122//122 169//169 107//107
f 143//143 171//171 164//164
f 170//170 150//150 185//185
f 141//141 130//130 159//159
f 156//156 151//151 183//183
f 99//99 162//162 90//90
f 171//171 186//186 164//164
f 133//133 255//255 165//165
f 130//130 127//127 306//306
f 153//153 173//173 174//174
f 142//142 161//161 128//128
f 164//164 180//180 172//172
f 182//182 186//186 159//159
f 32//32 108//108 126//126
f 185//185 150//150 163//163
f 130//130 238//238 159//159
f 169//169 184//184 107//107
f 132//132 174//174 175//175
f 153//153 178//178 173//173
f 151//151 172//172 183//183
f 134//134 232//232 176//176
f 101//101 177//177 166//166
f 106//106 181//181 207//207
f 159//159 238//238 182//182
f 159//159 186//186 171//171
f 110//110 201//201 97//97
f 172//172 180//180 183//183
f 148//148 158//158 193//193
f 112//112 177//177 92//92
f 163//163 148//148 193//193
f 178//178 203//203 173//173
f 169//169 187//187 188//188
f 180//180 190//190 183//183
f 181//181 96//96 194//194
f 169//169 179//179 187//187
f 169//169 188//188 184//184
f 170//170 185//185 192//192
f 90//90 162//162 149//149
f 185//185 163//163 193//193
f 184//184 188//188 195//195
f 170//170 192//192 179//179
f 182//182 197//197 186//186
f 158//158 176//176 193//193
f 174//174 196//196 175//175
f 160//160 196//196 161//161
f 160//160 175//175 196//196
f 191//191 189//189 184//184
f 182//182 216//216 197//197
f 191//191 184//184 195//195
f 164//164 186//186 197//197
f 157//157 200//200 178//178
f 96//96 189//189 194//194
f 161//161 196//196 128//128
f 99//99 204//204 162//162
f 99//99 121//121 204//204
f 178//178 208//208 203//203
f 164//164 197//197 180//180
f 156//156 183//183 190//190
f 185//185 193//193 202//202
f 156//156 190//190 157//157
f 128//128 174//174 152//152
f 173//173 203//203 198//198
f 128//128 196//196 174//174
f 130//130 306//306 238//238
f 179//179 192//192 211//211
f 127//127 73//73 306//306
f 185//185 202//202 205//205
f 192//192 185//185 206//206
f 189//189 191//191 194//194
f 182//182 238//238 213//213
f 168//168 152//152 212//212
f 97//97 201//201 133//133
f 182//182 199//199 216//216
f 197//197 210//210 180//180
f 190//190 180//180 210//210
f 112//112 166//166 177//177
f 112//112 168//168 166//166
f 134//134 165//165 209//209
f 179//179 211//211 187//187
f 191//191 207//207 194//194
f 199//199 182//182 213//213
f 192//192 215//215 211//211
f 173//173 198//198 223//223
f 176//176 225//225 193//193
f 185//185 205//205 206//206
f 173//173 223//223 174//174
f 106//106 207//207 154//154
f 118//118 306//306 73//73
f 192//192 206//206 215//215
f 133//133 214//214 255//255
f 178//178 219//219 208//208
f 193//193 225//225 202//202
f 178//178 200//200 219//219
f 154//154 207//207 221//221
f 203//203 217//217 198//198
f 110//110 253//253 201//201
f 121//121 154//154 204//204
f 187//187 211//211 218//218
f 134//134 209//209 232//232
f 102//102 155//155 458//458
f 207//207 191//191 221//221
f 157//157 190//190 222//222
f 157//157 222//222 200//200
f 206//206 220//220 215//215
f 188//188 229//229 195//195
f 133//133 201//201 214//214
f 195//195 245//245 191//191
f 210//210 224//224 190//190
f 207//207 181//181 194//194
f 197//197 216//216 210//210
f 202//202 225//225 232//232
f 205//205 258//258 206//206
f 174//174 223//223 152//152
f 190//190 227//227 222//222
f 188//188 187//187 229//229
f 203//203 208//208 217//217
f 208//208 219//219 268//268
f 210//210 231//231 224//224
f 110//110 166//166 253//253
f 228//228 233//233 230//230
f 200//200 226//226 219//219
f 225//225 176//176 232//232
f 200//200 222//222 226//226
f 210//210 235//235 231//231
f 224//224 227//227 190//190
f 210//210 216//216 236//236
f 221//221 191//191 245//245
f 210//210 236//236 235//235
f 216//216 199//199 213//213
f 224//224 231//231 237//237
f 102//102 458//458 93//93
f 213//213 241//241 216//216
f 216//216 241//241 236//236
f 224//224 237//237 227//227
f 231//231 242//242 237//237
f 187//187 218//218 274//274
f 140//140 149//149 250//250
f 205//205 247//247 258//258
f 217//217 208//208 248//248
f 233//233 234//234 273//273
f 230//230 233//233 273//273
f 168//168 273//273 166//166
f 239//239 243//243 226//226
f 234//234 233//233 249//249
f 239//239 226//226 240//240
f 152//152 223//223 212//212
f 228//228 244//244 246//246
f 227//227 237//237 222//222
f 206//206 251//251 220//220
f 244//244 228//228 230//230
f 221//221 304//304 154//154
f 118//118 126//126 259//259
f 211//211 215//215 252//252
f 241//241 213//213 254//254
f 168//168 212//212 273//273
f 205//205 202//202 255//255
f 230//230 273//273 212//212
f 231//231 235//235 236//236
f 213//213 238//238 257//257
f 205//205 255//255 247//247
f 202//202 232//232 209//209
f 211//211 256//256 218//218
f 219//219 226//226 268//268
f 211//211 252//252 256//256
f 231//231 236//236 242//242
f 230//230 212//212 244//244
f 220//220 265//265 215//215
f 243//243 268//268 226//226
f 226//226 222//222 267//267
f 165//165 255//255 209//209
f 239//239 260//260 243//243
f 240//240 226//226 267//267
f 242//242 284//284 237//237
f 187//187 274//274 229//229
f 234//234 249//249 253//253
f 244//244 262//262 246//246
f 218//218 279//279 274//274
f 198//198 217//217 266//266
f 198//198 278//278 223//223
f 212//212 278//278 244//244
f 126//126 321//321 259//259
f 215//215 265//265 252//252
f 195//195 229//229 245//245
f 261//261 249//249 263//263
f 201//201 255//255 214//214
f 234//234 253//253 273//273
f 249//249 261//261 253//253
f 228//228 246//246 282//282
f 213//213 257//257 254//254
f 233//233 299//299 249//249
f 220//220 251//251 265//265
f 237//237 270//270 276//276
f 264//264 246//246 262//262
f 223//223 278//278 212//212
f 236//236 293//293 242//242
f 202//202 209//209 255//255
f 253//253 166//166 273//273
f 198//198 266//266 278//278
f 222//222 237//237 267//267
f 239//239 240//240 260//260
f 240//240 267//267 275//275
f 261//261 263//263 201//201
f 265//265 269//269 252//252
f 241//241 293//293 236//236
f 140//140 290//290 155//155
f 241//241 254//254 293//293
f 253//253 261//261 201//201
f 256//256 252//252 280//280
f 206//206 285//285 251//251
f 208//208 268//268 248//248
f 237//237 284//284 270//270
f 246//246 264//264 282//282
f 243//243 329//329 271//271
f 228//228 282//282 281//281
f 263//263 277//277 201//201
f 243//243 271//271 268//268
f 244//244 292//292 262//262
f 217//217 248//248 266//266
f 237//237 276//276 286//286
f 264//264 262//262 283//283
f 271//271 248//248 268//268
f 237//237 286//286 267//267
f 228//228 281//281 272//272
f 254//254 257//257 309//309
f 264//264 281//281 282//282
f 275//275 267//267 286//286
f 252//252 269//269 280//280
f 108//108 321//321 126//126
f 251//251 285//285 265//265
f 233//233 228//228 299//299
f 228//228 272//272 299//299
f 243//243 288//288 329//329
f 243//243 260//260 288//288
f 263//263 287//287 277//277
f 264//264 372//372 281//281
f 278//278 292//292 244//244
f 265//265 289//289 269//269
f 262//262 292//292 305//305
f 240//240 275//275 296//296
f 247//247 255//255 201//201
f 218//218 256//256 279//279
f 256//256 318//318 279//279
f 265//265 285//285 295//295
f 274//274 279//279 380//380
f 240//240 296//296 260//260
f 292//292 271//271 305//305
f 271//271 292//292 248//248
f 278//278 266//266 292//292
f 264//264 283//283 372//372
f 291//291 294//294 300//300
f 291//291 300//300 297//297
f 276//276 314//314 286//286
f 294//294 291//291 307//307
f 270//270 284//284 309//309
f 149//149 162//162 250//250
f 265//265 295//295 289//289
f 257//257 238//238 306//306
f 201//201 277//277 258//258
f 263//263 249//249 311//311
f 291//291 297//297 303//303
f 262//262 302//302 283//283
f 221//221 315//315 304//304
f 258//258 310//310 206//206
f 301//301 283//283 302//302
f 275//275 286//286 296//296
f 271//271 329//329 305//305
f 206//206 310//310 285//285
f 249//249 299//299 311//311
f 262//262 305//305 302//302
f 308//308 319//319 312//312
f 291//291 326//326 307//307
f 287//287 298//298 258//258
f 277//277 287//287 258//258
f 266//266 248//248 292//292
f 247//247 201//201 258//258
f 254//254 309//309 293//293
f 291//291 303//303 326//326
f 256//256 280//280 313//313
f 308//308 312//312 317//317
f 276//276 335//335 314//314
f 295//295 316//316 289//289
f 308//308 320//320 319//319
f 286//286 314//314 296//296
f 242//242 309//309 284//284
f 318//318 256//256 313//313
f 229//229 327//327 245//245
f 308//308 322//322 320//320
f 285//285 310//310 295//295
f 221//221 245//245 315//315
f 283//283 301//301 372//372
f 323//323 328//328 326//326
f 229//229 274//274 327//327
f 298//298 316//316 258//258
f 316//316 295//295 310//310
f 298//298 311//311 324//324
f 308//308 317//317 330//330
f 300//300 331//331 297//297
f 279//279 318//318 348//348
f 269//269 339//339 336//336
f 269//269 336//336 280//280
f 140//140 250//250 290//290
f 297//297 331//331 325//325
f 303//303 375//375 326//326
f 260//260 296//296 350//350
f 260//260 350//350 288//288
f 257//257 306//306 309//309
f 319//319 307//307 312//312
f 323//323 326//326 375//375
f 297//297 332//332 303//303
f 287//287 263//263 311//311
f 297//297 325//325 332//332
f 323//323 333//333 342//342
f 258//258 316//316 310//310
f 301//301 302//302 384//384
f 298//298 324//324 316//316
f 307//307 326//326 358//358
f 330//330 317//317 338//338
f 280//280 336//336 373//373
f 326//326 328//328 337//337
f 312//312 337//337 317//317
f 242//242 293//293 309//309
f 312//312 307//307 358//358
f 289//289 395//395 269//269
f 323//323 375//375 349//349
f 323//323 349//349 333//333
f 323//323 342//342 328//328
f 289//289 355//355 395//395
f 298//298 287//287 311//311
f 289//289 316//316 355//355
f 324//324 355//355 316//316
f 320//320 322//322 357//357
f 296//296 314//314 350//350
f 334//334 346//346 343//343
f 280//280 373//373 313//313
f 294//294 307//307 352//352
f 303//303 360//360 375//375
f 300//300 356//356 331//331
f 347//347 362//362 344//344
f 303//303 332//332 360//360
f 269//269 395//395 339//339
f 272//272 281//281 351//351
f 294//294 356//356 300//300
f 337//337 358//358 326//326
f 334//334 343//343 378//378
f 330//330 354//354 308//308
f 276//276 270//270 366//366
f 314//314 335//335 386//386
f 349//349 360//360 353//353
f 341//341 359//359 344//344
f 322//322 308//308 354//354
f 334//334 370//370 346//346
f 305//305 329//329 302//302
f 307//307 319//319 352//352
f 344//344 364//364 347//347
f 344//344 362//362 341//341
f 312//312 358//358 337//337
f 359//359 402//402 361//361
f 259//259 321//321 493//493
f 118//118 259//259 306//306
f 359//359 361//361 365//365
f 340//340 376//376 345//345
f 349//349 353//353 363//363
f 349//349 363//363 333//333
f 340//340 356//356 369//369
f 320//320 369//369 319//319
f 313//313 373//373 392//392
f 344//344 359//359 368//368
f 345//345 356//356 340//340
f 299//299 429//429 311//311
f 319//319 369//369 352//352
f 359//359 379//379 402//402
f 299//299 272//272 429//429
f 301//301 384//384 385//385
f 311//311 429//429 324//324
f 343//343 377//377 378//378
f 350//350 314//314 386//386
f 288//288 350//350 381//381
f 341//341 362//362 359//359
f 334//334 388//388 370//370
f 359//359 365//365 368//368
f 272//272 351//351 429//429
f 334//334 378//378 388//388
f 274//274 406//406 327//327
f 402//402 427//427 361//361
f 301//301 385//385 372//372
f 333//333 387//387 342//342
f 362//362 424//424 359//359
f 374//374 378//378 377//377
f 374//374 377//377 393//393
f 338//338 394//394 330//330
f 371//371 346//346 370//370
f 349//349 375//375 360//360
f 294//294 352//352 356//356
f 382//382 360//360 332//332
f 330//330 394//394 367//367
f 371//371 370//370 388//388
f 345//345 331//331 356//356
f 320//320 357//357 460//460
f 343//343 346//346 450//450
f 302//302 329//329 461//461
f 383//383 390//390 389//389
f 279//279 348//348 380//380
f 335//335 276//276 430//430
f 383//383 396//396 347//347
f 382//382 405//405 397//397
f 384//384 302//302 415//415
f 386//386 335//335 418//418
f 355//355 324//324 398//398
f 345//345 376//376 442//442
f 383//383 347//347 364//364
f 337//337 328//328 411//411
f 350//350 446//446 381//381
f 343//343 450//450 389//389
f 328//328 342//342 409//409
f 347//347 396//396 362//362
f 383//383 364//364 390//390
f 346//346 371//371 417//417
f 350//350 386//386 446//446
f 371//371 388//388 416//416
f 359//359 424//424 379//379
f 333//333 363//363 420//420
f 382//382 332//332 405//405
f 337//337 421//421 317//317
f 355//355 398//398 408//408
f 429//429 398//398 324//324
f 274//274 380//380 406//406
f 340//340 403//403 376//376
f 333//333 420//420 387//387
f 339//339 413//413 336//336
f 345//345 410//410 331//331
f 332//332 325//325 405//405
f 339//339 395//395 413//413
f 402//402 474//474 427//427
f 346//346 399//399 450//450
f 288//288 381//381 461//461
f 401//401 423//423 387//387
f 355//355 408//408 395//395
f 343//343 389//389 377//377
f 387//387 420//420 401//401
f 419//419 426//426 412//412
f 155//155 290//290 610//610
f 374//374 404//404 437//437
f 414//414 419//419 412//412
f 309//309 366//366 270//270
f 331//331 452//452 325//325
f 340//340 459//459 403//403
f 344//344 407//407 364//364
f 363//363 431//431 420//420
f 306//306 454//454 309//309
f 344//344 368//368 407//407
f 336//336 413//413 434//434
f 374//374 437//437 378//378
f 395//395 408//408 413//413
f 276//276 366//366 479//479
f 317//317 421//421 400//400
f 317//317 400//400 449//449
f 245//245 327//327 315//315
f 412//412 426//426 438//438
f 335//335 430//430 418//418
f 317//317 449//449 338//338
f 422//422 428//428 439//439
f 425//425 376//376 441//441
f 472//472 421//421 477//477
f 371//371 440//440 417//417
f 384//384 432//432 385//385
f 384//384 415//415 432//432
f 288//288 461//461 329//329
f 336//336 434//434 373//373
f 437//437 435//435 388//388
f 365//365 361//361 447//447
f 437//437 388//388 378//378
f 362//362 396//396 438//438
f 372//372 385//385 445//445
f 372//372 457//457 281//281
f 412//412 436//436 448//448
f 320//320 460//460 369//369
f 414//414 412//412 448//448
f 472//472 477//477 470//470
f 419//419 473//473 490//490
f 373//373 434//434 466//466
f 345//345 442//442 410//410
f 353//353 475//475 363//363
f 281//281 457//457 351//351
f 383//383 389//389 450//450
f 362//362 453//453 424//424
f 361//361 433//433 447//447
f 432//432 445//445 385//385
f 372//372 445//445 457//457
f 376//376 403//403 441//441
f 383//383 450//450 396//396
f 348//348 465//465 380//380
f 154//154 480//480 204//204
f 443//443 388//388 435//435
f 412//412 438//438 436//436
f 365//365 444//444 368//368
f 421//421 472//472 449//449
f 422//422 452//452 410//410
f 414//414 473//473 419//419
f 414//414 476//476 473//473
f 401//401 451//451 423//423
f 331//331 463//463 452//452
f 354//354 330//330 367//367
f 108//108 93//93 613//613
f 422//422 410//410 428//428
f 390//390 485//485 389//389
f 360//360 486//486 353//353
f 404//404 374//374 467//467
f 342//342 497//497 409//409
f 340//340 369//369 459//459
f 374//374 393//393 467//467
f 371//371 416//416 464//464
f 365//365 447//447 391//391
f 302//302 461//461 456//456
f 346//346 417//417 399//399
f 443//443 416//416 388//388
f 337//337 411//411 421//421
f 455//455 459//459 460//460
f 397//397 405//405 481//481
f 393//393 364//364 467//467
f 437//437 404//404 468//468
f 421//421 409//409 477//477
f 382//382 486//486 360//360
f 386//386 418//418 491//491
f 381//381 446//446 461//461
f 362//362 438//438 453//453
f 394//394 338//338 487//487
f 421//421 449//449 400//400
f 369//369 356//356 352//352
f 419//419 483//483 426//426
f 431//431 363//363 475//475
f 468//468 495//495 437//437
f 410//410 442//442 428//428
f 462//462 471//471 416//416
f 455//455 403//403 459//459
f 328//328 409//409 411//411
f 379//379 424//424 426//426
f 382//382 397//397 486//486
f 373//373 466//466 392//392
f 379//379 474//474 402//402
f 401//401 527//527 451//451
f 415//415 302//302 456//456
f 364//364 407//407 498//498
f 443//443 462//462 416//416
f 325//325 452//452 501//501
f 462//462 482//482 471//471
f 477//477 423//423 470//470
f 386//386 491//491 446//446
f 309//309 454//454 469//469
f 414//414 448//448 476//476
f 313//313 392//392 511//511
f 342//342 387//387 497//497
f 450//450 399//399 494//494
f 424//424 453//453 426//426
f 390//390 364//364 485//485
f 471//471 464//464 416//416
f 419//419 490//490 488//488
f 399//399 524//524 494//494
f 318//318 522//522 348//348
f 365//365 391//391 444//444
f 438//438 426//426 453//453
f 371//371 464//464 440//440
f 387//387 423//423 477//477
f 433//433 361//361 515//515
f 459//459 369//369 460//460
f 331//331 410//410 463//463
f 391//391 447//447 492//492
f 474//474 516//516 427//427
f 407//407 506//506 498//498
f 430//430 525//525 418//418
f 455//455 496//496 403//403
f 354//354 357//357 322//322
f 408//408 398//398 603//603
f 433//433 489//489 447//447
f 433//433 515//515 489//489
f 364//364 498//498 467//467
f 436//436 438//438 505//505
f 392//392 466//466 508//508
f 409//409 421//421 411//411
f 407//407 368//368 503//503
f 401//401 420//420 527//527
f 489//489 492//492 447//447
f 309//309 535//535 366//366
f 413//413 408//408 513//513
f 427//427 515//515 361//361
f 455//455 460//460 571//571
f 428//428 442//442 561//561
f 428//428 561//561 500//500
f 499//499 510//510 503//503
f 485//485 364//364 512//512
f 485//485 512//512 514//514
f 485//485 514//514 393//393
f 425//425 441//441 507//507
f 472//472 487//487 449//449
f 436//436 559//559 448//448
f 376//376 425//425 442//442
f 410//410 452//452 463//463
f 393//393 512//512 364//364
f 393//393 514//514 512//512
f 393//393 377//377 520//520
f 450//450 494//494 396//396
f 396//396 505//505 438//438
f 422//422 501//501 452//452
f 325//325 501//501 405//405
f 394//394 487//487 543//543
f 155//155 610//610 458//458
f 495//495 468//468 509//509
f 418//418 525//525 502//502
f 482//482 542//542 471//471
f 474//474 379//379 504//504
f 389//389 485//485 520//520
f 393//393 520//520 485//485
f 472//472 518//518 487//487
f 491//491 418//418 502//502
f 429//429 517//517 398//398
f 512//512 514//514 519//519
f 512//512 519//519 514//514
f 486//486 575//575 353//353
f 404//404 467//467 526//526
f 422//422 439//439 609//609
f 507//507 561//561 425//425
f 441//441 403//403 496//496
f 419//419 488//488 483//483
f 468//468 404//404 526//526
f 377//377 389//389 520//520
f 425//425 561//561 442//442
f 499//499 503//503 444//444
f 407//407 532//532 506//506
f 428//428 546//546 439//439
f 468//468 521//521 530//530
f 396//396 494//494 505//505
f 509//509 468//468 530//530
f 338//338 449//449 487//487
f 368//368 444//444 503//503
f 259//259 454//454 306//306
f 407//407 503//503 532//532
f 499//499 539//539 523//523
f 513//513 568//568 413//413
f 523//523 531//531 499//499
f 435//435 484//484 443//443
f 495//495 509//509 536//536
f 351//351 457//457 550//550
f 473//473 476//476 555//555
f 490//490 473//473 601//601
f 354//354 534//534 357//357
f 510//510 532//532 503//503
f 398//398 517//517 554//554
f 354//354 367//367 534//534
f 379//379 426//426 504//504
f 434//434 562//562 466//466
f 474//474 504//504 537//537
f 468//468 526//526 521//521
f 394//394 543//543 538//538
f 387//387 477//477 497//497
f 462//462 528//528 482//482
f 290//290 250//250 610//610
f 357//357 548//548 460//460
f 428//428 500//500 546//546
f 460//460 540//540 571//571
f 451//451 527//527 544//544
f 523//523 605//605 531//531
f 435//435 437//437 640//640
f 486//486 552//552 575//575
f 422//422 609//609 501//501
f 504//504 426//426 564//564
f 399//399 417//417 524//524
f 479//479 533//533 276//276
f 441//441 496//496 507//507
f 397//397 481//481 671//671
f 491//491 547//547 446//446
f 451//451 544//544 423//423
f 391//391 557//557 444//444
f 408//408 603//603 513//513
f 436//436 505//505 559//559
f 491//491 502//502 547//547
f 474//474 537//537 516//516
f 492//492 541//541 391//391
f 506//506 526//526 498//498
f 506//506 532//532 694//694
f 542//542 553//553 549//549
f 391//391 565//565 557//557
f 499//499 444//444 557//557
f 488//488 529//529 567//567
f 443//443 484//484 636//636
f 549//549 464//464 542//542
f 471//471 542//542 464//464
f 443//443 586//586 462//462
f 417//417 600//600 524//524
f 445//445 432//432 457//457
f 529//529 551//551 567//567
f 499//499 531//531 510//510
f 461//461 446//446 456//456
f 446//446 547//547 456//456
f 154//154 304//304 480//480
f 499//499 557//557 539//539
f 473//473 555//555 601//601
f 494//494 524//524 556//556
f 429//429 351//351 517//517
f 494//494 556//556 505//505
f 567//567 551//551 563//563
f 545//545 571//571 558//558
f 467//467 498//498 526//526
f 430//430 276//276 533//533
f 477//477 409//409 497//497
f 488//488 567//567 572//572
f 353//353 575//575 475//475
f 348//348 522//522 465//465
f 472//472 470//470 518//518
f 502//502 525//525 547//547
f 490//490 601//601 578//578
f 530//530 521//521 589//589
f 483//483 564//564 426//426
f 405//405 599//599 481//481
f 357//357 534//534 548//548
f 427//427 596//596 515//515
f 545//545 558//558 625//625
f 575//575 552//552 574//574
f 567//567 577//577 572//572
f 394//394 637//637 367//367
f 524//524 576//576 556//556
f 547//547 579//579 456//456
f 427//427 516//516 596//596
f 380//380 465//465 406//406
f 391//391 541//541 565//565
f 603//603 584//584 513//513
f 487//487 604//604 543//543
f 488//488 590//590 529//529
f 423//423 591//591 470//470
f 573//573 581//581 566//566
f 417//417 440//440 600//600
f 640//640 484//484 435//435
f 545//545 625//625 583//583
f 529//529 590//590 569//569
f 460//460 548//548 540//540
f 574//574 552//552 598//598
f 549//549 602//602 464//464
f 530//530 597//597 509//509
f 488//488 572//572 483//483
f 488//488 490//490 594//594
f 571//571 540//540 558//558
f 432//432 415//415 588//588
f 475//475 575//575 431//431
f 524//524 600//600 576//576
f 510//510 531//531 532//532
f 439//439 573//573 609//609
f 327//327 304//304 315//315
f 536//536 509//509 597//597
f 413//413 568//568 434//434
f 434//434 568//568 562//562
f 455//455 570//570 496//496
f 405//405 501//501 595//595
f 592//592 532//532 531//531
f 566//566 581//581 622//622
f 539//539 557//557 565//565
f 595//595 599//599 405//405
f 534//534 367//367 585//585
f 569//569 590//590 631//631
f 462//462 586//586 528//528
f 457//457 658//658 550//550
f 591//591 560//560 470//470
f 440//440 478//478 600//600
f 594//594 590//590 488//488
f 516//516 537//537 577//577
f 487//487 518//518 582//582
f 398//398 554//554 593//593
f 486//486 397//397 598//598
f 558//558 540//540 548//548
f 398//398 593//593 612//612
f 495//495 611//611 437//437
f 505//505 556//556 559//559
f 443//443 636//636 586//586
f 398//398 612//612 603//603
f 577//577 537//537 572//572
f 420//420 617//617 527//527
f 521//521 526//526 629//629
f 432//432 658//658 457//457
f 589//589 521//521 629//629
f 547//547 525//525 579//579
f 483//483 572//572 564//564
f 534//534 558//558 548//548
f 566//566 609//609 573//573
f 584//584 603//603 608//608
f 490//490 578//578 594//594
f 530//530 589//589 630//630
f 507//507 587//587 561//561
f 566//566 622//622 595//595
f 508//508 627//627 392//392
f 569//569 607//607 529//529
f 511//511 392//392 627//627
f 566//566 595//595 609//609
f 318//318 313//313 656//656
f 431//431 575//575 635//635
f 574//574 632//632 575//575
f 506//506 694//694 629//629
f 545//545 583//583 685//685
f 559//559 585//585 448//448
f 573//573 580//580 581//581
f 556//556 585//585 559//559
f 440//440 464//464 644//644
f 544//544 527//527 619//619
f 539//539 565//565 615//615
f 455//455 571//571 638//638
f 585//585 367//367 637//637
f 515//515 596//596 620//620
f 573//573 439//439 580//580
f 542//542 482//482 697//697
f 542//542 697//697 624//624
f 562//562 568//568 623//623
f 351//351 618//618 626//626
f 574//574 598//598 664//664
f 542//542 624//624 553//553
f 528//528 616//616 482//482
f 526//526 506//506 629//629
f 469//469 535//535 309//309
f 600//600 478//478 628//628
f 602//602 644//644 464//464
f 394//394 538//538 637//637
f 570//570 455//455 638//638
f 489//489 515//515 666//666
f 439//439 546//546 580//580
f 507//507 802//802 587//587
f 415//415 456//456 588//588
f 513//513 584//584 568//568
f 456//456 634//634 588//588
f 581//581 639//639 622//622
f 486//486 598//598 552//552
f 528//528 586//586 636//636
f 554//554 517//517 593//593
f 531//531 605//605 633//633
f 504//504 564//564 537//537
f 515//515 641//641 666//666
f 351//351 550//550 618//618
f 550//550 658//658 655//655
f 406//406 465//465 667//667
f 642//642 515//515 620//620
f 518//518 662//662 582//582
f 448//448 585//585 637//637
f 528//528 636//636 616//616
f 515//515 642//642 641//641
f 448//448 637//637 538//538
f 529//529 607//607 551//551
f 624//624 652//652 553//553
f 549//549 553//553 602//602
f 432//432 588//588 658//658
f 567//567 650//650 577//577
f 484//484 640//640 651//651
f 351//351 626//626 517//517
f 420//420 431//431 635//635
f 596//596 643//643 620//620
f 635//635 575//575 657//657
f 448//448 538//538 476//476
f 603//603 612//612 608//608
f 456//456 579//579 645//645
f 492//492 489//489 691//691
f 523//523 648//648 605//605
f 608//608 646//646 584//584
f 545//545 638//638 571//571
f 527//527 617//617 619//619
f 534//534 585//585 558//558
f 536//536 597//597 670//670
f 590//590 594//594 631//631
f 579//579 525//525 660//660
f 456//456 645//645 634//634
f 609//609 595//595 501//501
f 579//579 660//660 674//674
f 640//640 665//665 651//651
f 487//487 582//582 604//604
f 601//601 695//695 578//578
f 516//516 650//650 596//596
f 576//576 600//600 628//628
f 633//633 684//684 531//531
f 570//570 649//649 496//496
f 545//545 685//685 638//638
f 572//572 537//537 564//564
f 523//523 539//539 683//683
f 645//645 579//579 674//674
f 594//594 614//614 631//631
f 601//601 555//555 653//653
f 437//437 611//611 640//640
f 440//440 644//644 478//478
f 478//478 661//661 628//628
f 518//518 470//470 676//676
f 531//531 684//684 592//592
f 470//470 560//560 676//676
f 626//626 669//669 517//517
f 507//507 496//496 802//802
f 576//576 621//621 556//556
f 420//420 635//635 617//617
f 541//541 647//647 615//615
f 532//532 772//772 694//694
f 563//563 607//607 668//668
f 478//478 663//663 661//661
f 582//582 659//659 543//543
f 671//671 481//481 599//599
f 492//492 681//681 541//541
f 492//492 691//691 681//681
f 574//574 677//677 632//632
f 654//654 484//484 651//651
f 671//671 599//599 679//679
f 576//576 628//628 621//621
f 659//659 582//582 698//698
f 495//495 536//536 611//611
f 556//556 621//621 682//682
f 318//318 656//656 522//522
f 575//575 632//632 657//657
f 582//582 662//662 698//698
f 541//541 615//615 565//565
f 553//553 688//688 602//602
f 582//582 543//543 604//604
f 574//574 664//664 677//677
f 539//539 615//615 683//683
f 632//632 677//677 680//680
f 541//541 681//681 647//647
f 595//595 622//622 690//690
f 646//646 608//608 820//820
f 500//500 561//561 731//731
f 523//523 683//683 648//648
f 516//516 577//577 650//650
f 585//585 556//556 682//682
f 635//635 657//657 678//678
f 500//500 731//731 546//546
f 632//632 719//719 657//657
f 646//646 687//687 584//584
f 558//558 585//585 682//682
f 649//649 802//802 496//496
f 423//423 705//705 591//591
f 578//578 695//695 594//594
f 592//592 772//772 532//532
f 563//563 551//551 607//607
f 659//659 672//672 768//768
f 645//645 674//674 660//660
f 482//482 616//616 702//702
f 594//594 695//695 692//692
f 588//588 713//713 710//710
f 478//478 644//644 767//767
f 625//625 558//558 682//682
f 250//250 162//162 706//706
f 518//518 676//676 662//662
f 625//625 621//621 583//583
f 635//635 678//678 696//696
f 638//638 685//685 703//703
f 423//423 544//544 705//705
f 553//553 652//652 688//688
f 605//605 775//775 633//633
f 522//522 606//606 465//465
f 617//617 743//743 619//619
f 489//489 700//700 691//691
f 693//693 641//641 620//620
f 569//569 675//675 607//607
f 476//476 538//538 707//707
f 580//580 546//546 757//757
f 635//635 696//696 617//617
f 620//620 641//641 642//642
f 93//93 458//458 613//613
f 596//596 650//650 751//751
f 596//596 751//751 643//643
f 659//659 538//538 543//543
f 638//638 703//703 570//570
f 624//624 689//689 652//652
f 588//588 710//710 658//658
f 599//599 741//741 679//679
f 589//589 629//629 720//720
f 595//595 715//715 599//599
f 482//482 702//702 697//697
f 659//659 768//768 707//707
f 397//397 671//671 724//724
f 659//659 707//707 538//538
f 595//595 690//690 715//715
f 701//701 709//709 704//704
f 636//636 484//484 716//716
f 636//636 818//818 616//616
f 652//652 689//689 708//708
f 606//606 522//522 729//729
f 476//476 707//707 555//555
f 484//484 654//654 716//716
f 530//530 673//673 597//597
f 660//660 525//525 718//718
f 672//672 714//714 768//768
f 701//701 726//726 709//709
f 601//601 653//653 695//695
f 517//517 669//669 711//711
f 530//530 732//732 673//673
f 594//594 692//692 614//614
f 622//622 639//639 690//690
f 625//625 682//682 621//621
f 666//666 641//641 730//730
f 567//567 563//563 650//650
f 672//672 659//659 712//712
f 646//646 820//820 744//744
f 678//678 657//657 719//719
f 598//598 397//397 724//724
f 618//618 550//550 765//765
f 560//560 591//591 705//705
f 525//525 430//430 718//718
f 584//584 687//687 723//723
f 689//689 770//770 708//708
f 653//653 717//717 798//798
f 699//699 694//694 772//772
f 659//659 698//698 712//712
f 555//555 768//768 653//653
f 653//653 798//798 695//695
f 624//624 697//697 689//689
f 630//630 589//589 734//734
f 617//617 696//696 733//733
f 562//562 623//623 780//780
f 725//725 727//727 728//728
f 725//725 731//731 727//727
f 568//568 584//584 755//755
f 536//536 793//793 611//611
f 530//530 630//630 732//732
f 689//689 697//697 702//702
f 647//647 681//681 792//792
f 616//616 818//818 721//721
f 641//641 693//693 730//730
f 636//636 716//716 818//818
f 327//327 406//406 304//304
f 588//588 756//756 713//713
f 709//709 738//738 704//704
f 692//692 695//695 742//742
f 701//701 704//704 735//735
f 589//589 720//720 734//734
f 690//690 639//639 745//745
f 632//632 680//680 719//719
f 617//617 733//733 743//743
f 648//648 740//740 605//605
f 555//555 707//707 768//768
f 608//608 612//612 820//820
f 688//688 652//652 773//773
f 699//699 754//754 694//694
f 544//544 619//619 753//753
f 563//563 668//668 751//751
f 668//668 607//607 746//746
f 508//508 750//750 627//627
f 671//671 758//758 724//724
f 664//664 598//598 724//724
f 694//694 754//754 629//629
f 580//580 757//757 829//829
f 687//687 646//646 737//737
f 723//723 687//687 737//737
f 658//658 710//710 655//655
f 720//720 629//629 754//754
f 563//563 751//751 650//650
f 304//304 760//760 480//480
f 711//711 669//669 739//739
f 671//671 679//679 758//758
f 584//584 723//723 755//755
f 599//599 715//715 741//741
f 653//653 768//768 717//717
f 714//714 672//672 735//735
f 466//466 562//562 508//508
f 634//634 756//756 588//588
f 661//661 790//790 628//628
f 602//602 767//767 644//644
f 536//536 670//670 793//793
f 663//663 784//784 661//661
f 736//736 772//772 592//592
f 593//593 517//517 711//711
f 652//652 708//708 810//810
f 742//742 759//759 692//692
f 689//689 761//761 770//770
f 478//478 767//767 663//663
f 651//651 665//665 752//752
f 645//645 660//660 718//718
f 569//569 631//631 831//831
f 645//645 718//718 748//748
f 366//366 779//779 479//479
f 304//304 406//406 760//760
f 709//709 771//771 738//738
f 731//731 725//725 764//764
f 621//621 628//628 790//790
f 727//727 731//731 587//587
f 701//701 735//735 749//749
f 716//716 777//777 818//818
f 766//766 607//607 763//763
f 581//581 580//580 809//809
f 569//569 831//831 675//675
f 511//511 952//952 313//313
f 678//678 719//719 680//680
f 693//693 620//620 781//781
f 561//561 587//587 731//731
f 607//607 766//766 746//746
f 627//627 750//750 806//806
f 313//313 952//952 656//656
f 643//643 751//751 782//782
f 366//366 535//535 686//686
f 648//648 683//683 823//823
f 615//615 647//647 791//791
f 568//568 755//755 623//623
f 581//581 809//809 639//639
f 654//654 651//651 752//752
f 665//665 640//640 783//783
f 250//250 706//706 610//610
f 740//740 648//648 776//776
f 583//583 621//621 790//790
f 643//643 800//800 620//620
f 695//695 738//738 742//742
f 615//615 791//791 683//683
f 713//713 756//756 710//710
f 645//645 748//748 795//795
f 766//766 763//763 855//855
f 602//602 688//688 778//778
f 679//679 741//741 758//758
f 560//560 705//705 676//676
f 489//489 666//666 700//700
f 366//366 686//686 779//779
f 725//725 774//774 764//764
f 695//695 798//798 738//738
f 546//546 731//731 757//757
f 646//646 744//744 737//737
f 616//616 721//721 702//702
f 756//756 788//788 710//710
f 550//550 655//655 838//838
f 611//611 747//747 783//783
f 605//605 740//740 775//775
f 738//738 798//798 704//704
f 763//763 607//607 675//675
f 745//745 769//769 690//690
f 672//672 712//712 735//735
f 668//668 746//746 751//751
f 723//723 787//787 755//755
f 773//773 652//652 785//785
f 533//533 479//479 807//807
f 430//430 533//533 900//900
f 699//699 736//736 808//808
f 727//727 587//587 802//802
f 511//511 627//627 806//806
f 725//725 728//728 817//817
f 611//611 793//793 747//747
f 643//643 782//782 800//800
f 774//774 725//725 797//797
f 583//583 790//790 685//685
f 626//626 618//618 801//801
f 699//699 772//772 736//736
f 766//766 800//800 746//746
f 664//664 850//850 677//677
f 570//570 703//703 803//803
f 735//735 704//704 714//714
f 709//709 726//726 771//771
f 714//714 717//717 768//768
f 640//640 611//611 783//783
f 787//787 723//723 805//805
f 689//689 702//702 761//761
f 544//544 753//753 705//705
f 745//745 799//799 769//769
f 648//648 823//823 776//776
f 766//766 781//781 800//800
f 664//664 724//724 758//758
f 766//766 855//855 781//781
f 699//699 808//808 789//789
f 690//690 796//796 715//715
f 620//620 800//800 781//781
f 662//662 812//812 698//698
f 619//619 743//743 814//814
f 699//699 786//786 754//754
f 683//683 816//816 823//823
f 797//797 725//725 817//817
f 692//692 759//759 614//614
f 716//716 832//832 777//777
f 321//321 613//613 722//722
f 723//723 737//737 805//805
f 654//654 832//832 716//716
f 809//809 764//764 811//811
f 634//634 788//788 756//756
f 612//612 593//593 820//820
f 690//690 769//769 796//796
f 800//800 782//782 746//746
f 580//580 829//829 809//809
f 704//704 798//798 714//714
f 669//669 762//762 739//739
f 633//633 827//827 684//684
f 720//720 754//754 734//734
f 645//645 795//795 634//634
f 465//465 606//606 826//826
f 618//618 765//765 801//801
f 811//811 764//764 815//815
f 683//683 791//791 923//923
f 728//728 819//819 817//817
f 731//731 764//764 757//757
f 430//430 834//834 718//718
f 664//664 794//794 850//850
f 785//785 652//652 853//853
f 763//763 824//824 855//855
f 698//698 812//812 839//839
f 678//678 825//825 696//696
f 737//737 822//822 805//805
f 751//751 746//746 782//782
f 562//562 780//780 508//508
f 685//685 790//790 784//784
f 753//753 619//619 804//804
f 702//702 721//721 830//830
f 683//683 923//923 816//816
f 784//784 663//663 835//835
f 592//592 684//684 736//736
f 655//655 710//710 838//838
f 749//749 735//735 884//884
f 634//634 846//846 788//788
f 698//698 839//839 712//712
f 809//809 829//829 757//757
f 809//809 757//757 764//764
f 662//662 676//676 812//812
f 770//770 761//761 885//885
f 734//734 845//845 630//630
f 711//711 813//813 593//593
f 717//717 714//714 798//798
f 741//741 715//715 821//821
f 631//631 614//614 831//831
f 661//661 784//784 790//790
f 710//710 840//840 838//838
f 321//321 108//108 613//613
f 726//726 701//701 848//848
f 763//763 675//675 836//836
f 828//828 785//785 853//853
f 773//773 785//785 688//688
f 700//700 666//666 856//856
f 830//830 761//761 702//702
f 767//767 602//602 835//835
f 666//666 730//730 856//856
f 663//663 767//767 835//835
f 676//676 705//705 867//867
f 810//810 849//849 652//652
f 630//630 845//845 732//732
f 597//597 673//673 670//670
f 808//808 736//736 684//684
f 710//710 788//788 840//840
f 593//593 813//813 859//859
f 726//726 843//843 771//771
f 749//749 848//848 701//701
f 593//593 859//859 820//820
f 665//665 783//783 873//873
f 763//763 836//836 824//824
f 811//811 841//841 809//809
f 614//614 759//759 963//963
f 570//570 803//803 649//649
f 758//758 741//741 860//860
f 678//678 680//680 825//825
f 787//787 805//805 1034//1034
f 761//761 858//858 885//885
f 550//550 874//874 765//765
f 841//841 639//639 809//809
f 770//770 885//885 708//708
f 602//602 778//778 835//835
f 748//748 718//718 834//834
f 654//654 752//752 832//832
f 743//743 878//878 814//814
f 619//619 814//814 804//804
f 764//764 774//774 883//883
f 712//712 884//884 735//735
f 730//730 693//693 903//903
f 812//812 676//676 852//852
f 705//705 753//753 867//867
f 793//793 854//854 747//747
f 840//840 898//898 838//838
f 818//818 777//777 833//833
f 647//647 923//923 791//791
f 670//670 844//844 793//793
f 664//664 758//758 794//794
f 685//685 784//784 703//703
f 738//738 851//851 742//742
f 771//771 843//843 847//847
f 786//786 699//699 789//789
f 742//742 851//851 759//759
f 818//818 833//833 721//721
f 550//550 838//838 874//874
f 732//732 870//870 673//673
f 812//812 852//852 862//862
f 479//479 779//779 807//807
f 784//784 835//835 863//863
f 715//715 796//796 821//821
f 755//755 902//902 623//623
f 840//840 837//837 898//898
f 686//686 879//879 779//779
f 626//626 801//801 876//876
f 693//693 781//781 903//903
f 759//759 851//851 871//871
f 721//721 833//833 896//896
f 853//853 849//849 828//828
f 830//830 721//721 896//896
f 774//774 797//797 883//883
f 703//703 887//887 803//803
f 815//815 764//764 861//861
f 831//831 614//614 976//976
f 737//737 744//744 822//822
f 822//822 1034//1034 805//805
f 681//681 978//978 792//792
f 847//847 843//843 864//864
f 786//786 789//789 907//907
f 712//712 881//881 884//884
f 688//688 785//785 872//872
f 759//759 871//871 963//963
f 614//614 963//963 976//976
f 673//673 870//870 869//869
f 727//727 802//802 728//728
f 675//675 831//831 910//910
f 669//669 626//626 876//876
f 775//775 740//740 875//875
f 852//852 880//880 862//862
f 669//669 842//842 762//762
f 711//711 739//739 813//813
f 764//764 883//883 861//861
f 406//406 480//480 760//760
f 652//652 849//849 853//853
f 823//823 816//816 776//776
f 840//840 877//877 837//837
f 797//797 946//946 883//883
f 785//785 828//828 922//922
f 696//696 932//932 733//733
f 726//726 848//848 889//889
f 848//848 749//749 881//881
f 508//508 780//780 902//902
f 780//780 623//623 902//902
f 795//795 846//846 634//634
f 406//406 667//667 480//480
f 755//755 787//787 902//902
f 844//844 854//854 793//793
f 753//753 915//915 867//867
f 851//851 738//738 886//886
f 691//691 978//978 681//681
f 691//691 866//866 978//978
f 865//865 902//902 787//787
f 836//836 675//675 910//910
f 797//797 817//817 897//897
f 808//808 684//684 893//893
f 708//708 885//885 810//810
f 845//845 734//734 882//882
f 769//769 799//799 904//904
f 825//825 932//932 696//696
f 771//771 847//847 888//888
f 801//801 765//765 921//921
f 430//430 900//900 834//834
f 758//758 860//860 794//794
f 769//769 904//904 796//796
f 734//734 754//754 907//907
f 665//665 873//873 752//752
f 775//775 868//868 633//633
f 741//741 821//821 894//894
f 728//728 802//802 892//892
f 837//837 877//877 899//899
f 677//677 825//825 680//680
f 815//815 861//861 811//811
f 852//852 915//915 880//880
f 743//743 733//733 891//891
f 533//533 807//807 908//908
f 688//688 872//872 778//778
f 676//676 867//867 852//852
f 738//738 771//771 886//886
f 744//744 901//901 822//822
f 812//812 862//862 881//881
f 835//835 778//778 931//931
f 865//865 787//787 918//918
f 761//761 830//830 914//914
f 712//712 839//839 881//881
f 749//749 884//884 881//881
f 871//871 977//977 963//963
f 669//669 876//876 842//842
f 728//728 892//892 933//933
f 856//856 730//730 903//903
f 673//673 869//869 670//670
f 799//799 911//911 904//904
f 734//734 907//907 882//882
f 508//508 961//961 750//750
f 744//744 820//820 901//901
f 728//728 933//933 819//819
f 844//844 670//670 943//943
f 750//750 906//906 806//806
f 741//741 894//894 860//860
f 812//812 881//881 839//839
f 775//775 875//875 868//868
f 852//852 867//867 915//915
f 700//700 912//912 691//691
f 777//777 905//905 833//833
f 828//828 967//967 922//922
f 732//732 913//913 870//870
f 732//732 845//845 919//919
f 740//740 776//776 875//875
f 858//858 761//761 914//914
f 831//831 976//976 910//910
f 837//837 899//899 909//909
f 522//522 656//656 729//729
f 639//639 841//841 929//929
f 813//813 890//890 859//859
f 647//647 792//792 923//923
f 814//814 926//926 804//804
f 833//833 905//905 896//896
f 854//854 844//844 916//916
f 786//786 907//907 754//754
f 533//533 908//908 1047//1047
f 535//535 469//469 686//686
f 836//836 910//910 928//928
f 837//837 909//909 898//898
f 684//684 827//827 893//893
f 606//606 857//857 826//826
f 726//726 889//889 843//843
f 677//677 850//850 825//825
f 864//864 917//917 847//847
f 794//794 895//895 850//850
f 847//847 917//917 888//888
f 861//861 883//883 934//934
f 834//834 900//900 748//748
f 204//204 706//706 162//162
f 838//838 898//898 874//874
f 890//890 813//813 739//739
f 789//789 882//882 907//907
f 799//799 745//745 942//942
f 785//785 922//922 872//872
f 703//703 784//784 887//887
f 827//827 924//924 893//893
f 822//822 901//901 1034//1034
f 806//806 952//952 511//511
f 844//844 943//943 916//916
f 649//649 803//803 802//802
f 855//855 903//903 781//781
f 508//508 902//902 961//961
f 747//747 854//854 783//783
f 880//880 915//915 920//920
f 802//802 803//803 892//892
f 836//836 928//928 937//937
f 777//777 832//832 1093//1093
f 840//840 966//966 877//877
f 902//902 865//865 930//930
f 788//788 846//846 840//840
f 732//732 919//919 913//913
f 851//851 886//886 871//871
f 816//816 982//982 776//776
f 803//803 927//927 933//933
f 753//753 920//920 915//915
f 762//762 890//890 739//739
f 771//771 888//888 957//957
f 841//841 811//811 970//970
f 819//819 936//936 817//817
f 845//845 882//882 919//919
f 748//748 900//900 938//938
f 863//863 887//887 784//784
f 898//898 925//925 874//874
f 765//765 874//874 925//925
f 849//849 945//945 828//828
f 804//804 926//926 753//753
f 828//828 945//945 967//967
f 321//321 722//722 1391//1391
f 803//803 940//940 927//927
f 743//743 891//891 960//960
f 877//877 944//944 899//899
f 873//873 965//965 752//752
f 943//943 670//670 955//955
f 814//814 878//878 949//949
f 667//667 465//465 935//935
f 639//639 929//929 745//745
f 803//803 933//933 892//892
f 966//966 1083//1083 877//877
f 953//953 890//890 842//842
f 820//820 954//954 901//901
f 859//859 954//954 820//820
f 877//877 941//941 944//944
f 843//843 889//889 864//864
f 925//925 921//921 765//765
f 925//925 950//950 921//921
f 1083//1083 941//941 877//877
f 670//670 869//869 955//955
f 777//777 1093//1093 905//905
f 890//890 762//762 842//842
f 919//919 882//882 971//971
f 789//789 971//971 882//882
f 859//859 890//890 954//954
f 817//817 948//948 897//897
f 917//917 864//864 979//979
f 691//691 912//912 951//951
f 920//920 753//753 926//926
f 700//700 856//856 912//912
f 886//886 771//771 957//957
f 819//819 933//933 936//936
f 947//947 950//950 925//925
f 633//633 868//868 1021//1021
f 810//810 885//885 1028//1028
f 876//876 956//956 842//842
f 778//778 983//983 931//931
f 894//894 821//821 959//959
f 745//745 929//929 942//942
f 846//846 966//966 840//840
f 881//881 862//862 848//848
f 691//691 951//951 866//866
f 743//743 960//960 878//878
f 850//850 974//974 825//825
f 733//733 972//972 891//891
f 871//871 886//886 977//977
f 864//864 889//889 979//979
f 811//811 861//861 968//968
f 817//817 936//936 948//948
f 1047//1047 900//900 533//533
f 204//204 480//480 1008//1008
f 858//858 939//939 885//885
f 733//733 932//932 972//972
f 808//808 893//893 962//962
f 259//259 995//995 454//454
f 814//814 949//949 1001//1001
f 841//841 970//970 969//969
f 960//960 949//949 878//878
f 902//902 930//930 981//981
f 934//934 968//968 861//861
f 811//811 996//996 970//970
f 803//803 887//887 940//940
f 850//850 895//895 974//974
f 938//938 795//795 748//748
f 808//808 962//962 789//789
f 870//870 913//913 986//986
f 917//917 979//979 975//975
f 911//911 988//988 904//904
f 876//876 980//980 956//956
f 752//752 965//965 832//832
f 783//783 1027//1027 873//873
f 943//943 990//990 916//916
f 933//933 927//927 994//994
f 633//633 1021//1021 827//827
f 933//933 994//994 936//936
f 841//841 942//942 929//929
f 880//880 920//920 1005//1005
f 958//958 979//979 889//889
f 869//869 991//991 955//955
f 950//950 947//947 985//985
f 966//966 1010//1010 1083//1083
f 909//909 899//899 944//944
f 910//910 987//987 928//928
f 816//816 923//923 1070//1070
f 816//816 1070//1070 982//982
f 792//792 978//978 923//923
f 987//987 910//910 976//976
f 810//810 1028//1028 1004//1004
f 835//835 983//983 863//863
f 863//863 940//940 887//887
f 956//956 953//953 842//842
f 841//841 969//969 942//942
f 925//925 1046//1046 947//947
f 889//889 848//848 1061//1061
f 888//888 917//917 975//975
f 875//875 776//776 964//964
f 946//946 934//934 883//883
f 984//984 948//948 936//936
f 865//865 918//918 930//930
f 801//801 950//950 980//980
f 947//947 1002//1002 985//985
f 796//796 904//904 821//821
f 952//952 806//806 1160//1160
f 855//855 824//824 1050//1050
f 778//778 872//872 999//999
f 886//886 957//957 977//977
f 797//797 897//897 946//946
f 984//984 936//936 994//994
f 801//801 921//921 950//950
f 465//465 826//826 935//935
f 801//801 980//980 876//876
f 480//480 935//935 1008//1008
f 958//958 889//889 1061//1061
f 939//939 858//858 1015//1015
f 973//973 958//958 1061//1061
f 958//958 993//993 979//979
f 1093//1093 832//832 998//998
f 832//832 965//965 998//998
f 880//880 1005//1005 1061//1061
f 799//799 942//942 911//911
f 836//836 937//937 824//824
f 924//924 827//827 1003//1003
f 821//821 1012//1012 959//959
f 862//862 880//880 1061//1061
f 810//810 1004//1004 849//849
f 958//958 1000//1000 993//993
f 984//984 994//994 997//997
f 962//962 971//971 789//789
f 902//902 981//981 1024//1024
f 811//811 968//968 996//996
f 787//787 1034//1034 918//918
f 961//961 1143//1143 750//750
f 824//824 937//937 1066//1066
f 885//885 939//939 1028//1028
f 942//942 969//969 1072//1072
f 985//985 1006//1006 950//950
f 905//905 1007//1007 896//896
f 963//963 1009//1009 976//976
f 814//814 1001//1001 926//926
f 942//942 1026//1026 911//911
f 920//920 926//926 1005//1005
f 830//830 896//896 1011//1011
f 957//957 888//888 989//989
f 941//941 1083//1083 1114//1114
f 830//830 1011//1011 914//914
f 862//862 1061//1061 848//848
f 958//958 973//973 1000//1000
f 911//911 1026//1026 1029//1029
f 932//932 825//825 972//972
f 873//873 1027//1027 965//965
f 858//858 914//914 1015//1015
f 835//835 931//931 983//983
f 984//984 897//897 948//948
f 922//922 999//999 872//872
f 976//976 1009//1009 1020//1020
f 783//783 854//854 1027//1027
f 970//970 996//996 969//969
f 860//860 894//894 794//794
f 825//825 974//974 972//972
f 1037//1037 856//856 1017//1017
f 667//667 935//935 480//480
f 868//868 875//875 1018//1018
f 911//911 1029//1029 988//988
f 983//983 778//778 999//999
f 963//963 977//977 1009//1009
f 897//897 1013//1013 946//946
f 977//977 1064//1064 1040//1040
f 978//978 1070//1070 923//923
f 941//941 1114//1114 1014//1014
f 863//863 983//983 992//992
f 927//927 940//940 1048//1048
f 982//982 1023//1023 776//776
f 975//975 989//989 888//888
f 953//953 1019//1019 890//890
f 1013//1013 1045//1045 946//946
f 976//976 1020//1020 987//987
f 855//855 1050//1050 903//903
f 993//993 975//975 979//979
f 960//960 891//891 1025//1025
f 975//975 993//993 1016//1016
f 846//846 1031//1031 966//966
f 863//863 992//992 940//940
f 941//941 1014//1014 944//944
f 996//996 1030//1030 969//969
f 827//827 1021//1021 1003//1003
f 947//947 1046//1046 1032//1032
f 984//984 1022//1022 897//897
f 895//895 794//794 1044//1044
f 919//919 971//971 1033//1033
f 854//854 916//916 1027//1027
f 984//984 997//997 1022//1022
f 947//947 1032//1032 1002//1002
f 912//912 856//856 1037//1037
f 913//913 919//919 1035//1035
f 977//977 957//957 1064//1064
f 895//895 1036//1036 974//974
f 891//891 972//972 1080//1080
f 776//776 1102//1102 964//964
f 968//968 934//934 1039//1039
f 927//927 1048//1048 994//994
f 894//894 1104//1104 794//794
f 924//924 1174//1174 893//893
f 821//821 904//904 1012//1012
f 980//980 1081//1081 956//956
f 953//953 1144//1144 1019//1019
f 806//806 906//906 1160//1160
f 906//906 750//750 1143//1143
f 903//903 1050//1050 856//856
f 870//870 991//991 869//869
f 914//914 1011//1011 1015//1015
f 934//934 946//946 1042//1042
f 204//204 1008//1008 706//706
f 987//987 1020//1020 1041//1041
f 977//977 1040//1040 1009//1009
f 898//898 1046//1046 925//925
f 868//868 1018//1018 1021//1021
f 900//900 1047//1047 938//938
f 895//895 1044//1044 1036//1036
f 956//956 1081//1081 953//953
f 946//946 1045//1045 1042//1042
f 973//973 1073//1073 1000//1000
f 997//997 1053//1053 1022//1022
f 966//966 1031//1031 1010//1010
f 875//875 964//964 1043//1043
f 909//909 944//944 1095//1095
f 1061//1061 1005//1005 1051//1051
f 896//896 1063//1063 1011//1011
f 824//824 1066//1066 1050//1050
f 1066//1066 937//937 1049//1049
f 969//969 1030//1030 1072//1072
f 993//993 1000//1000 1016//1016
f 1045//1045 1013//1013 1052//1052
f 974//974 1036//1036 972//972
f 942//942 1072//1072 1026//1026
f 1013//1013 897//897 1052//1052
f 962//962 893//893 1174//1174
f 1020//1020 1058//1058 1065//1065
f 1024//1024 981//981 1055//1055
f 973//973 1061//1061 1076//1076
f 988//988 1029//1029 1079//1079
f 1015//1015 1067//1067 939//939
f 795//795 1031//1031 846//846
f 875//875 1043//1043 1018//1018
f 975//975 1016//1016 989//989
f 891//891 1080//1080 1025//1025
f 856//856 1050//1050 1017//1017
f 1026//1026 1072//1072 1029//1029
f 870//870 1084//1084 991//991
f 1020//1020 1065//1065 1041//1041
f 938//938 1047//1047 1038//1038
f 924//924 1003//1003 1054//1054
f 930//930 918//918 1253//1253
f 902//902 1024//1024 961//961
f 962//962 1099//1099 971//971
f 894//894 959//959 1075//1075
f 606//606 729//729 857//857
f 928//928 1074//1074 937//937
f 939//939 1069//1069 1028//1028
f 919//919 1033//1033 1035//1035
f 849//849 1004//1004 945//945
f 971//971 1068//1068 1033//1033
f 934//934 1042//1042 1039//1039
f 1114//1114 1083//1083 1060//1060
f 949//949 1062//1062 1001//1001
f 950//950 1006//1006 980//980
f 938//938 1038//1038 795//795
f 928//928 987//987 1074//1074
f 898//898 909//909 1120//1120
f 926//926 1001//1001 1056//1056
f 937//937 1074//1074 1049//1049
f 1084//1084 1088//1088 991//991
f 912//912 1037//1037 1089//1089
f 926//926 1056//1056 1005//1005
f 930//930 1253//1253 981//981
f 1064//1064 957//957 989//989
f 1000//1000 1073//1073 1078//1078
f 972//972 1119//1119 1080//1080
f 1011//1011 1063//1063 1015//1015
f 1016//1016 1000//1000 1078//1078
f 1003//1003 1021//1021 1140//1140
f 897//897 1022//1022 1086//1086
f 1064//1064 989//989 1040//1040
f 897//897 1086//1086 1052//1052
f 1065//1065 1085//1085 1041//1041
f 1065//1065 1058//1058 1085//1085
f 1009//1009 1090//1090 1020//1020
f 1067//1067 1015//1015 1152//1152
f 1015//1015 1063//1063 1077//1077
f 1025//1025 1096//1096 960//960
f 469//469 454//454 995//995
f 896//896 1007//1007 1063//1063
f 904//904 988//988 1079//1079
f 973//973 1091//1091 1073//1073
f 870//870 986//986 1071//1071
f 1045//1045 1052//1052 1109//1109
f 982//982 1070//1070 1082//1082
f 898//898 1120//1120 1046//1046
f 973//973 1076//1076 1091//1091
f 943//943 955//955 1097//1097
f 981//981 1253//1253 1055//1055
f 1016//1016 1092//1092 989//989
f 493//493 1115//1115 259//259
f 1005//1005 1056//1056 1051//1051
f 1071//1071 1084//1084 870//870
f 924//924 1054//1054 1174//1174
f 1009//1009 1057//1057 1090//1090
f 901//901 954//954 1290//1290
f 944//944 1014//1014 1095//1095
f 901//901 1290//1290 1034//1034
f 986//986 913//913 1035//1035
f 1061//1061 1051//1051 1087//1087
f 960//960 1096//1096 1059//1059
f 1140//1140 1021//1021 1100//1100
f 1104//1104 894//894 1075//1075
f 1040//1040 989//989 1103//1103
f 1040//1040 1103//1103 1146//1146
f 1049//1049 1074//1074 1151//1151
f 1016//1016 1078//1078 1092//1092
f 916//916 990//990 1094//1094
f 994//994 1101//1101 997//997
f 972//972 1036//1036 1119//1119
f 904//904 1079//1079 1012//1012
f 1001//1001 1062//1062 1056//1056
f 905//905 1093//1093 1149//1149
f 987//987 1041//1041 1074//1074
f 994//994 1048//1048 1101//1101
f 321//321 1391//1391 493//493
f 949//949 960//960 1062//1062
f 1061//1061 1087//1087 1091//1091
f 1070//1070 978//978 1082//1082
f 991//991 1088//1088 955//955
f 939//939 1067//1067 1069//1069
f 978//978 866//866 1082//1082
f 968//968 1039//1039 1164//1164
f 1031//1031 1112//1112 1010//1010
f 794//794 1104//1104 1044//1044
f 997//997 1101//1101 1053//1053
f 1062//1062 960//960 1059//1059
f 1029//1029 1072//1072 1105//1105
f 1019//1019 1113//1113 890//890
f 1061//1061 1091//1091 1076//1076
f 953//953 1081//1081 1144//1144
f 906//906 1143//1143 1145//1145
f 943//943 1097//1097 990//990
f 967//967 945//945 1126//1126
f 1048//1048 940//940 992//992
f 1002//1002 1032//1032 1108//1108
f 1062//1062 1106//1106 1056//1056
f 1114//1114 1138//1138 1014//1014
f 985//985 1002//1002 1108//1108
f 967//967 1126//1126 922//922
f 1050//1050 1066//1066 1124//1124
f 954//954 1098//1098 1290//1290
f 1029//1029 1105//1105 1079//1079
f 1060//1060 1083//1083 1111//1111
f 918//918 1034//1034 1135//1135
f 1030//1030 996//996 1123//1123
f 1106//1106 1051//1051 1056//1056
f 1038//1038 1047//1047 1121//1121
f 1048//1048 992//992 1110//1110
f 962//962 1174//1174 1099//1099
f 968//968 1164//1164 996//996
f 959//959 1012//1012 1075//1075
f 1014//1014 1138//1138 1095//1095
f 954//954 890//890 1098//1098
f 971//971 1173//1173 1068//1068
f 905//905 1149//1149 1007//1007
f 982//982 1107//1107 1023//1023
f 971//971 1099//1099 1173//1173
f 990//990 1129//1129 1094//1094
f 1031//1031 795//795 1112//1112
f 1051//1051 1148//1148 1087//1087
f 1106//1106 1148//1148 1051//1051
f 1106//1106 1062//1062 1059//1059
f 1060//1060 1111//1111 1114//1114
f 909//909 1095//1095 1118//1118
f 916//916 1094//1094 1027//1027
f 986//986 1127//1127 1071//1071
f 1054//1054 1003//1003 1140//1140
f 1092//1092 1078//1078 1130//1130
f 1053//1053 1101//1101 1141//1141
f 1033//1033 1068//1068 1173//1173
f 1020//1020 1090//1090 1058//1058
f 458//458 610//610 1171//1171
f 1009//1009 1040//1040 1057//1057
f 1010//1010 1142//1142 1083//1083
f 1091//1091 1128//1128 1122//1122
f 1088//1088 1134//1134 955//955
f 1057//1057 1040//1040 1146//1146
f 909//909 1118//1118 1120//1120
f 795//795 1038//1038 1167//1167
f 1073//1073 1122//1122 1078//1078
f 1048//1048 1137//1137 1101//1101
f 906//906 1145//1145 1160//1160
f 1110//1110 1137//1137 1048//1048
f 776//776 1023//1023 1102//1102
f 1122//1122 1130//1130 1078//1078
f 1085//1085 1136//1136 1041//1041
f 1073//1073 1091//1091 1122//1122
f 1106//1106 1059//1059 1148//1148
f 1103//1103 989//989 1092//1092
f 613//613 458//458 1171//1171
f 1021//1021 1018//1018 1125//1125
f 1035//1035 1033//1033 1173//1173
f 686//686 469//469 1205//1205
f 686//686 1205//1205 879//879
f 951//951 912//912 1107//1107
f 1034//1034 1116//1116 1135//1135
f 1104//1104 1133//1133 1044//1044
f 996//996 1175//1175 1123//1123
f 1111//1111 1083//1083 1142//1142
f 1089//1089 1107//1107 912//912
f 1036//1036 1044//1044 1119//1119
f 1119//1119 1044//1044 1133//1133
f 996//996 1164//1164 1175//1175
f 951//951 1082//1082 866//866
f 1047//1047 908//908 1121//1121
f 1096//1096 1025//1025 1139//1139
f 1091//1091 1087//1087 1128//1128
f 1111//1111 1187//1187 1114//1114
f 1066//1066 1049//1049 1153//1153
f 1021//1021 1125//1125 1100//1100
f 1148//1148 1128//1128 1087//1087
f 1111//1111 1142//1142 1131//1131
f 992//992 983//983 1214//1214
f 990//990 1097//1097 1129//1129
f 1004//1004 1188//1188 945//945
f 1066//1066 1153//1153 1124//1124
f 1004//1004 1028//1028 1132//1132
f 1134//1134 1097//1097 955//955
f 1074//1074 1041//1041 1151//1151
f 951//951 1107//1107 1082//1082
f 1077//1077 1063//1063 1168//1168
f 1045//1045 1109//1109 1158//1158
f 1030//1030 1161//1161 1072//1072
f 1042//1042 1176//1176 1039//1039
f 1085//1085 1157//1157 1136//1136
f 1088//1088 1084//1084 1134//1134
f 1147//1147 1131//1131 1142//1142
f 1015//1015 1077//1077 1152//1152
f 918//918 1135//1135 1155//1155
f 983//983 1193//1193 1214//1214
f 1119//1119 1133//1133 1154//1154
f 1143//1143 961//961 1241//1241
f 729//729 1170//1170 857//857
f 964//964 1102//1102 1200//1200
f 1079//1079 1105//1105 1190//1190
f 982//982 1082//1082 1107//1107
f 1059//1059 1096//1096 1162//1162
f 1114//1114 1182//1182 1138//1138
f 1022//1022 1181//1181 1086//1086
f 1077//1077 1168//1168 1152//1152
f 1079//1079 1180//1180 1012//1012
f 1090//1090 1057//1057 1163//1163
f 1183//1183 1050//1050 1124//1124
f 1138//1138 1156//1156 1095//1095
f 1024//1024 1055//1055 1166//1166
f 1079//1079 1190//1190 1180//1180
f 1138//1138 1182//1182 1156//1156
f 779//779 1205//1205 807//807
f 918//918 1155//1155 1253//1253
f 1045//1045 1158//1158 1042//1042
f 1018//1018 1043//1043 1185//1185
f 1080//1080 1159//1159 1025//1025
f 998//998 1189//1189 1093//1093
f 1059//1059 1162//1162 1148//1148
f 1086//1086 1217//1217 1052//1052
f 1129//1129 1097//1097 1198//1198
f 1154//1154 1080//1080 1119//1119
f 1041//1041 1136//1136 1186//1186
f 1071//1071 1172//1172 1084//1084
f 1121//1121 908//908 1219//1219
f 1161//1161 1030//1030 1169//1169
f 1007//1007 1168//1168 1063//1063
f 1134//1134 1084//1084 1178//1178
f 1133//1133 1104//1104 1225//1225
f 1039//1039 1176//1176 1164//1164
f 1128//1128 1148//1148 1162//1162
f 1140//1140 1100//1100 1150//1150
f 1136//1136 1157//1157 1165//1165
f 1131//1131 1147//1147 1187//1187
f 999//999 1193//1193 983//983
f 1092//1092 1130//1130 1184//1184
f 1135//1135 1177//1177 1155//1155
f 1187//1187 1182//1182 1114//1114
f 1017//1017 1050//1050 1183//1183
f 1122//1122 1128//1128 1177//1177
f 992//992 1214//1214 1110//1110
f 1010//1010 1112//1112 1142//1142
f 999//999 922//922 1195//1195
f 1085//1085 1058//1058 1157//1157
f 1042//1042 1158//1158 1204//1204
f 1164//1164 1176//1176 1179//1179
f 1128//1128 1162//1162 1177//1177
f 1090//1090 1163//1163 1058//1058
f 795//795 1167//1167 1112//1112
f 1058//1058 1163//1163 1157//1157
f 1253//1253 1166//1166 1055//1055
f 1086//1086 1181//1181 1217//1217
f 1025//1025 1159//1159 1139//1139
f 1105//1105 1072//1072 1161//1161
f 1131//1131 1187//1187 1111//1111
f 1022//1022 1053//1053 1181//1181
f 1153//1153 1049//1049 1199//1199
f 1164//1164 1179//1179 1175//1175
f 1038//1038 1220//1220 1167//1167
f 1177//1177 1162//1162 1139//1139
f 1095//1095 1117//1117 1197//1197
f 965//965 1027//1027 1191//1191
f 965//965 1276//1276 998//998
f 1122//1122 1177//1177 1116//1116
f 1177//1177 1135//1135 1116//1116
f 908//908 807//807 1219//1219
f 1043//1043 964//964 1185//1185
f 1071//1071 1127//1127 1192//1192
f 1136//1136 1165//1165 1186//1186
f 1041//1041 1186//1186 1151//1151
f 1018//1018 1196//1196 1125//1125
f 1100//1100 1125//1125 1194//1194
f 1030//1030 1123//1123 1169//1169
f 964//964 1200//1200 1185//1185
f 935//935 826//826 1223//1223
f 1097//1097 1134//1134 1198//1198
f 1162//1162 1096//1096 1139//1139
f 1156//1156 1182//1182 1203//1203
f 1042//1042 1204//1204 1176//1176
f 1095//1095 1197//1197 1118//1118
f 1191//1191 1276//1276 965//965
f 1177//1177 1139//1139 1155//1155
f 1092//1092 1184//1184 1103//1103
f 1110//1110 1206//1206 1137//1137
f 1151//1151 1199//1199 1049//1049
f 1019//1019 1144//1144 1208//1208
f 1037//1037 1017//1017 1201//1201
f 952//952 1270//1270 656//656
f 1154//1154 1133//1133 1225//1225
f 1143//1143 1227//1227 1145//1145
f 1071//1071 1192//1192 1172//1172
f 1144//1144 1081//1081 1208//1208
f 1053//1053 1141//1141 1181//1181
f 1109//1109 1211//1211 1158//1158
f 1130//1130 1122//1122 1184//1184
f 1104//1104 1075//1075 1225//1225
f 1165//1165 1202//1202 1186//1186
f 998//998 1276//1276 1189//1189
f 1245//1245 1219//1219 807//807
f 1004//1004 1132//1132 1188//1188
f 922//922 1126//1126 1195//1195
f 1035//1035 1207//1207 1210//1210
f 259//259 1115//1115 995//995
f 1157//1157 1209//1209 1165//1165
f 1217//1217 1211//1211 1052//1052
f 1134//1134 1178//1178 1212//1212
f 945//945 1188//1188 1126//1126
f 1037//1037 1201//1201 1089//1089
f 1057//1057 1146//1146 1229//1229
f 986//986 1035//1035 1210//1210
f 1179//1179 1213//1213 1175//1175
f 985//985 1108//1108 1234//1234
f 1109//1109 1052//1052 1211//1211
f 1139//1139 1159//1159 1155//1155
f 1125//1125 1196//1196 1194//1194
f 1103//1103 1184//1184 1229//1229
f 1103//1103 1229//1229 1146//1146
f 1168//1168 1007//1007 1300//1300
f 1018//1018 1185//1185 1196//1196
f 1095//1095 1156//1156 1226//1226
f 1156//1156 1203//1203 1226//1226
f 1122//1122 1116//1116 1184//1184
f 1168//1168 1222//1222 1152//1152
f 1163//1163 1224//1224 1157//1157
f 1189//1189 1149//1149 1093//1093
f 1006//1006 985//985 1228//1228
f 1155//1155 1159//1159 1242//1242
f 1110//1110 1214//1214 1206//1206
f 985//985 1234//1234 1228//1228
f 1006//1006 1081//1081 980//980
f 1121//1121 1219//1219 1230//1230
f 1034//1034 1282//1282 1116//1116
f 879//879 1205//1205 779//779
f 999//999 1195//1195 1193//1193
f 1212//1212 1247//1247 1134//1134
f 1084//1084 1172//1172 1178//1178
f 1105//1105 1161//1161 1259//1259
f 1028//1028 1069//1069 1221//1221
f 1157//1157 1218//1218 1209//1209
f 1035//1035 1173//1173 1207//1207
f 1198//1198 1134//1134 1233//1233
f 1175//1175 1213//1213 1123//1123
f 1094//1094 1129//1129 1240//1240
f 1183//1183 1124//1124 1232//1232
f 1132//1132 1028//1028 1221//1221
f 1168//1168 1300//1300 1216//1216
f 1038//1038 1121//1121 1220//1220
f 1201//1201 1246//1246 1089//1089
f 1101//1101 1255//1255 1141//1141
f 1147//1147 1215//1215 1187//1187
f 1188//1188 1132//1132 1231//1231
f 1184//1184 1116//1116 1236//1236
f 1137//1137 1255//1255 1101//1101
f 1150//1150 1244//1244 1140//1140
f 1174//1174 1054//1054 1250//1250
f 1159//1159 1080//1080 1154//1154
f 1142//1142 1256//1256 1147//1147
f 1205//1205 1245//1245 807//807
f 1012//1012 1180//1180 1075//1075
f 1140//1140 1244//1244 1054//1054
f 729//729 656//656 1170//1170
f 1204//1204 1158//1158 1289//1289
f 1179//1179 1176//1176 1262//1262
f 1217//1217 1181//1181 1141//1141
f 1024//1024 1166//1166 1327//1327
f 1023//1023 1107//1107 1238//1238
f 1108//1108 1032//1032 1267//1267
f 1187//1187 1215//1215 1260//1260
f 1017//1017 1183//1183 1288//1288
f 1069//1069 1067//1067 1277//1277
f 1094//1094 1191//1191 1027//1027
f 1217//1217 1248//1248 1211//1211
f 1214//1214 1193//1193 1249//1249
f 1174//1174 1250//1250 1099//1099
f 1017//1017 1288//1288 1201//1201
f 1006//1006 1228//1228 1237//1237
f 1217//1217 1141//1141 1235//1235
f 1153//1153 1272//1272 1124//1124
f 1173//1173 1257//1257 1207//1207
f 1112//1112 1256//1256 1142//1142
f 1147//1147 1256//1256 1215//1215
f 1006//1006 1237//1237 1081//1081
f 1100//1100 1194//1194 1263//1263
f 1217//1217 1235//1235 1248//1248
f 890//890 1113//1113 1264//1264
f 890//890 1264//1264 1098//1098
f 1196//1196 1314//1314 1194//1194
f 1105//1105 1259//1259 1190//1190
f 986//986 1210//1210 1127//1127
f 1214//1214 1249//1249 1206//1206
f 1007//1007 1269//1269 1300//1300
f 1158//1158 1211//1211 1248//1248
f 1046//1046 1267//1267 1032//1032
f 1100//1100 1263//1263 1150//1150
f 1193//1193 1254//1254 1252//1252
f 1258//1258 1141//1141 1255//1255
f 1151//1151 1186//1186 1275//1275
f 1151//1151 1275//1275 1239//1239
f 1176//1176 1204//1204 1262//1262
f 1224//1224 1218//1218 1157//1157
f 1179//1179 1268//1268 1213//1213
f 1126//1126 1188//1188 1195//1195
f 1034//1034 1290//1290 1282//1282
f 1089//1089 1246//1246 1107//1107
f 1095//1095 1226//1226 1117//1117
f 706//706 1008//1008 1321//1321
f 1161//1161 1169//1169 1265//1265
f 1193//1193 1252//1252 1249//1249
f 1123//1123 1213//1213 1169//1169
f 1165//1165 1209//1209 1202//1202
f 1137//1137 1206//1206 1255//1255
f 1155//1155 1242//1242 1253//1253
f 1158//1158 1248//1248 1289//1289
f 1235//1235 1141//1141 1271//1271
f 1057//1057 1229//1229 1163//1163
f 1172//1172 1212//1212 1178//1178
f 1054//1054 1266//1266 1250//1250
f 1183//1183 1232//1232 1288//1288
f 469//469 995//995 1324//1324
f 1107//1107 1246//1246 1238//1238
f 1173//1173 1309//1309 1257//1257
f 1023//1023 1238//1238 1102//1102
f 1054//1054 1244//1244 1266//1266
f 1108//1108 1267//1267 1234//1234
f 1118//1118 1301//1301 1120//1120
f 1134//1134 1247//1247 1233//1233
f 1213//1213 1268//1268 1278//1278
f 1186//1186 1202//1202 1251//1251
f 1151//1151 1239//1239 1199//1199
f 1161//1161 1265//1265 1259//1259
f 1067//1067 1152//1152 1277//1277
f 1118//1118 1197//1197 1279//1279
f 1185//1185 1200//1200 1284//1284
f 1186//1186 1251//1251 1275//1275
f 1192//1192 1127//1127 1280//1280
f 1159//1159 1154//1154 1242//1242
f 1069//1069 1277//1277 1221//1221
f 1203//1203 1182//1182 1273//1273
f 1222//1222 1168//1168 1216//1216
f 1163//1163 1229//1229 1295//1295
f 1259//1259 1291//1291 1190//1190
f 1184//1184 1295//1295 1229//1229
f 1167//1167 1292//1292 1112//1112
f 1209//1209 1283//1283 1202//1202
f 1192//1192 1280//1280 1172//1172
f 1255//1255 1281//1281 1258//1258
f 1127//1127 1210//1210 1286//1286
f 1193//1193 1195//1195 1254//1254
f 1190//1190 1291//1291 1312//1312
f 1179//1179 1262//1262 1268//1268
f 1264//1264 1287//1287 1098//1098
f 1258//1258 1271//1271 1141//1141
f 1154//1154 1225//1225 1242//1242
f 1184//1184 1224//1224 1295//1295
f 1202//1202 1283//1283 1251//1251
f 1094//1094 1285//1285 1191//1191
f 1099//1099 1294//1294 1173//1173
f 1219//1219 1245//1245 1230//1230
f 952//952 1160//1160 1270//1270
f 1007//1007 1149//1149 1341//1341
f 1190//1190 1312//1312 1180//1180
f 1007//1007 1341//1341 1269//1269
f 935//935 1223//1223 1008//1008
f 1200//1200 1261//1261 1284//1284
f 1274//1274 1275//1275 1251//1251
f 1167//1167 1220//1220 1292//1292
f 1232//1232 1124//1124 1272//1272
f 1213//1213 1278//1278 1325//1325
f 1116//1116 1329//1329 1236//1236
f 610//610 1363//1363 1171//1171
f 1224//1224 1163//1163 1295//1295
f 1274//1274 1251//1251 1283//1283
f 1203//1203 1273//1273 1226//1226
f 1286//1286 1210//1210 1293//1293
f 1204//1204 1289//1289 1296//1296
f 1132//1132 1221//1221 1345//1345
f 706//706 1363//1363 610//610
f 1212//1212 1172//1172 1280//1280
f 1199//1199 1298//1298 1153//1153
f 1094//1094 1240//1240 1285//1285
f 1024//1024 1327//1327 961//961
f 1099//1099 1250//1250 1294//1294
f 1209//1209 1218//1218 1322//1322
f 1152//1152 1222//1222 1297//1297
f 1121//1121 1315//1315 1220//1220
f 1075//1075 1180//1180 1225//1225
f 1230//1230 1315//1315 1121//1121
f 1195//1195 1305//1305 1254//1254
f 1152//1152 1297//1297 1277//1277
f 1274//1274 1299//1299 1275//1275
f 1213//1213 1325//1325 1169//1169
f 1256//1256 1112//1112 1292//1292
f 1116//1116 1282//1282 1329//1329
f 1259//1259 1265//1265 1291//1291
f 1235//1235 1271//1271 1326//1326
f 1252//1252 1254//1254 1318//1318
f 1195//1195 1441//1441 1305//1305
f 1218//1218 1224//1224 1322//1322
f 1143//1143 1339//1339 1227//1227
f 1149//1149 1189//1189 1346//1346
f 1129//1129 1198//1198 1240//1240
f 1187//1187 1260//1260 1182//1182
f 1230//1230 1245//1245 1205//1205
f 1208//1208 1081//1081 1316//1316
f 1206//1206 1281//1281 1255//1255
f 1292//1292 1220//1220 1399//1399
f 1291//1291 1265//1265 1310//1310
f 613//613 1243//1243 722//722
f 1273//1273 1182//1182 1342//1342
f 1258//1258 1323//1323 1271//1271
f 1173//1173 1294//1294 1309//1309
f 1274//1274 1283//1283 1299//1299
f 1233//1233 1247//1247 1320//1320
f 1209//1209 1322//1322 1283//1283
f 1153//1153 1298//1298 1272//1272
f 1265//1265 1169//1169 1317//1317
f 1191//1191 1285//1285 1313//1313
f 1263//1263 1328//1328 1150//1150
f 1204//1204 1296//1296 1262//1262
f 1265//1265 1308//1308 1310//1310
f 1210//1210 1207//1207 1293//1293
f 1169//1169 1325//1325 1317//1317
f 1127//1127 1286//1286 1280//1280
f 1258//1258 1281//1281 1323//1323
f 1215//1215 1303//1303 1260//1260
f 1289//1289 1248//1248 1304//1304
f 1195//1195 1188//1188 1441//1441
f 1314//1314 1332//1332 1194//1194
f 1233//1233 1320//1320 1198//1198
f 1196//1196 1185//1185 1311//1311
f 1263//1263 1194//1194 1332//1332
f 1265//1265 1317//1317 1308//1308
f 1206//1206 1249//1249 1281//1281
f 1081//1081 1367//1367 1316//1316
f 1322//1322 1224//1224 1299//1299
f 1200//1200 1306//1306 1261//1261
f 1271//1271 1323//1323 1326//1326
f 1132//1132 1345//1345 1231//1231
f 1248//1248 1235//1235 1302//1302
f 1253//1253 1327//1327 1166//1166
f 1244//1244 1150//1150 1328//1328
f 1262//1262 1296//1296 1337//1337
f 1298//1298 1199//1199 1239//1239
f 1201//1201 1288//1288 1406//1406
f 1252//1252 1319//1319 1249//1249
f 1266//1266 1334//1334 1250//1250
f 1256//1256 1292//1292 1330//1330
f 1289//1289 1304//1304 1296//1296
f 706//706 1321//1321 1363//1363
f 1102//1102 1343//1343 1200//1200
f 1299//1299 1283//1283 1322//1322
f 1201//1201 1406//1406 1246//1246
f 656//656 1307//1307 1170//1170
f 1200//1200 1343//1343 1306//1306
f 1207//1207 1371//1371 1293//1293
f 1238//1238 1344//1344 1338//1338
f 1215//1215 1256//1256 1330//1330
f 1308//1308 1317//1317 1336//1336
f 1247//1247 1212//1212 1335//1335
f 1286//1286 1347//1347 1280//1280
f 1238//1238 1246//1246 1344//1344
f 1267//1267 1358//1358 1234//1234
f 1215//1215 1330//1330 1303//1303
f 1191//1191 1313//1313 1276//1276
f 857//857 1418//1418 826//826
f 1291//1291 1310//1310 1312//1312
f 1149//1149 1346//1346 1341//1341
f 1273//1273 1342//1342 1226//1226
f 1102//1102 1238//1238 1343//1343
f 1198//1198 1320//1320 1240//1240
f 1242//1242 1361//1361 1253//1253
f 1330//1330 1352//1352 1303//1303
f 1232//1232 1406//1406 1288//1288
f 1333//1333 1331//1331 1348//1348
f 1267//1267 1046//1046 1357//1357
f 1143//1143 1241//1241 1339//1339
f 1208//1208 1316//1316 1019//1019
f 1216//1216 1354//1354 1222//1222
f 1196//1196 1311//1311 1314//1314
f 1188//1188 1470//1470 1441//1441
f 1232//1232 1272//1272 1355//1355
f 1242//1242 1225//1225 1368//1368
f 995//995 1696//1696 1324//1324
f 1098//1098 1287//1287 1356//1356
f 1299//1299 1224//1224 1340//1340
f 1226//1226 1527//1527 1117//1117
f 1249//1249 1319//1319 1393//1393
f 1171//1171 1243//1243 613//613
f 1327//1327 1253//1253 1361//1361
f 1325//1325 1278//1278 1317//1317
f 1349//1349 1350//1350 1351//1351
f 1249//1249 1405//1405 1281//1281
f 1280//1280 1347//1347 1353//1353
f 1349//1349 1374//1374 1350//1350
f 1286//1286 1293//1293 1359//1359
f 1268//1268 1360//1360 1278//1278
f 1117//1117 1373//1373 1197//1197
f 1248//1248 1443//1443 1304//1304
f 1262//1262 1380//1380 1268//1268
f 1160//1160 1145//1145 1365//1365
f 1207//1207 1257//1257 1371//1371
f 1331//1331 1333//1333 1383//1383
f 1331//1331 1383//1383 1372//1372
f 1249//1249 1393//1393 1405//1405
f 1242//1242 1368//1368 1361//1361
f 1222//1222 1354//1354 1297//1297
f 1348//1348 1331//1331 1364//1364
f 469//469 1324//1324 1205//1205
f 1221//1221 1277//1277 1345//1345
f 1235//1235 1326//1326 1302//1302
f 1349//1349 1351//1351 1369//1369
f 1275//1275 1412//1412 1239//1239
f 826//826 1418//1418 1223//1223
f 1236//1236 1417//1417 1184//1184
f 1279//1279 1197//1197 1373//1373
f 1257//1257 1309//1309 1400//1400
f 1275//1275 1299//1299 1383//1383
f 1328//1328 1370//1370 1244//1244
f 1180//1180 1398//1398 1225//1225
f 1257//1257 1400//1400 1371//1371
f 1335//1335 1212//1212 1375//1375
f 1118//1118 1279//1279 1410//1410
f 1113//1113 1019//1019 1449//1449
f 1317//1317 1278//1278 1378//1378
f 1303//1303 1411//1411 1260//1260
f 1236//1236 1329//1329 1382//1382
f 1317//1317 1378//1378 1390//1390
f 1225//1225 1398//1398 1368//1368
f 1331//1331 1414//1414 1364//1364
f 1374//1374 1349//1349 1376//1376
f 1318//1318 1254//1254 1377//1377
f 961//961 1439//1439 1241//1241
f 1281//1281 1362//1362 1323//1323
f 1299//1299 1340//1340 1383//1383
f 1098//1098 1356//1356 1290//1290
f 1318//1318 1319//1319 1252//1252
f 1268//1268 1380//1380 1360//1360
f 1228//1228 1234//1234 1358//1358
f 1296//1296 1392//1392 1337//1337
f 1362//1362 1281//1281 1405//1405
f 1263//1263 1332//1332 1328//1328
f 1286//1286 1359//1359 1347//1347
f 1224//1224 1184//1184 1366//1366
f 1272//1272 1298//1298 1379//1379
f 1308//1308 1336//1336 1387//1387
f 1231//1231 1470//1470 1188//1188
f 1145//1145 1227//1227 1365//1365
f 1269//1269 1216//1216 1300//1300
f 1272//1272 1379//1379 1355//1355
f 1269//1269 1341//1341 1384//1384
f 493//493 1391//1391 1115//1115
f 1308//1308 1387//1387 1310//1310
f 1275//1275 1383//1383 1412//1412
f 1239//1239 1412//1412 1298//1298
f 1262//1262 1337//1337 1380//1380
f 1310//1310 1387//1387 1312//1312
f 1331//1331 1385//1385 1414//1414
f 1314//1314 1421//1421 1332//1332
f 1205//1205 1423//1423 1230//1230
f 1320//1320 1247//1247 1388//1388
f 1406//1406 1381//1381 1246//1246
f 1374//1374 1385//1385 1350//1350
f 1264//1264 1113//1113 1396//1396
f 1336//1336 1317//1317 1390//1390
f 1180//1180 1312//1312 1398//1398
f 1296//1296 1304//1304 1392//1392
f 1247//1247 1335//1335 1435//1435
f 1340//1340 1372//1372 1383//1383
f 1278//1278 1360//1360 1378//1378
f 1248//1248 1302//1302 1443//1443
f 1269//1269 1402//1402 1216//1216
f 1333//1333 1386//1386 1383//1383
f 1182//1182 1472//1472 1342//1342
f 1247//1247 1435//1435 1388//1388
f 1337//1337 1392//1392 1380//1380
f 1294//1294 1250//1250 1426//1426
f 1333//1333 1348//1348 1389//1389
f 1309//1309 1294//1294 1400//1400
f 1232//1232 1355//1355 1406//1406
f 1390//1390 1378//1378 1401//1401
f 1189//1189 1276//1276 1346//1346
f 1331//1331 1372//1372 1407//1407
f 1250//1250 1334//1334 1426//1426
f 1318//1318 1409//1409 1319//1319
f 1303//1303 1352//1352 1394//1394
f 1118//1118 1410//1410 1301//1301
f 1280//1280 1353//1353 1422//1422
f 1350//1350 1385//1385 1407//1407
f 1326//1326 1415//1415 1302//1302
f 1318//1318 1377//1377 1404//1404
f 1383//1383 1386//1386 1412//1412
f 1301//1301 1413//1413 1120//1120
f 1331//1331 1407//1407 1385//1385
f 1228//1228 1358//1358 1397//1397
f 1333//1333 1389//1389 1386//1386
f 1351//1351 1350//1350 1407//1407
f 1244//1244 1370//1370 1416//1416
f 1284//1284 1261//1261 1403//1403
f 1280//1280 1375//1375 1212//1212
f 1374//1374 1376//1376 1445//1445
f 1185//1185 1437//1437 1311//1311
f 1264//1264 1396//1396 1287//1287
f 1394//1394 1411//1411 1303//1303
f 1244//1244 1416//1416 1266//1266
f 1231//1231 1438//1438 1470//1470
f 1182//1182 1260//1260 1472//1472
f 1081//1081 1237//1237 1367//1367
f 1261//1261 1306//1306 1432//1432
f 1378//1378 1420//1420 1401//1401
f 1224//1224 1366//1366 1340//1340
f 656//656 1270//1270 1307//1307
f 1312//1312 1408//1408 1395//1395
f 1314//1314 1311//1311 1421//1421
f 1318//1318 1404//1404 1409//1409
f 1185//1185 1284//1284 1437//1437
f 1298//1298 1412//1412 1424//1424
f 1316//1316 1367//1367 1428//1428
f 1304//1304 1425//1425 1392//1392
f 1304//1304 1443//1443 1419//1419
f 1323//1323 1362//1362 1326//1326
f 1298//1298 1424//1424 1379//1379
f 1351//1351 1429//1429 1369//1369
f 1381//1381 1344//1344 1246//1246
f 1238//1238 1338//1338 1343//1343
f 1313//1313 1285//1285 1506//1506
f 1375//1375 1280//1280 1422//1422
f 1184//1184 1417//1417 1366//1366
f 1205//1205 1324//1324 1423//1423
f 1408//1408 1312//1312 1387//1387
f 1231//1231 1345//1345 1438//1438
f 1220//1220 1315//1315 1423//1423
f 1427//1427 1431//1431 1430//1430
f 1293//1293 1371//1371 1477//1477
f 1302//1302 1415//1415 1443//1443
f 1374//1374 1445//1445 1458//1458
f 1328//1328 1461//1461 1442//1442
f 1312//1312 1395//1395 1398//1398
f 1254//1254 1305//1305 1377//1377
f 1282//1282 1290//1290 1448//1448
f 1421//1421 1311//1311 1437//1437
f 1327//1327 1361//1361 1440//1440
f 1261//1261 1432//1432 1403//1403
f 1293//1293 1477//1477 1359//1359
f 1304//1304 1419//1419 1425//1425
f 1277//1277 1453//1453 1345//1345
f 1427//1427 1436//1436 1431//1431
f 1320//1320 1388//1388 1240//1240
f 1370//1370 1328//1328 1442//1442
f 1019//1019 1316//1316 1449//1449
f 1342//1342 1472//1472 1434//1434
f 1226//1226 1342//1342 1434//1434
f 1386//1386 1389//1389 1412//1412
f 1120//1120 1413//1413 1046//1046
f 1117//1117 1527//1527 1373//1373
f 1294//1294 1426//1426 1463//1463
f 1370//1370 1452//1452 1416//1416
f 1412//1412 1389//1389 1424//1424
f 1428//1428 1556//1556 1316//1316
f 1371//1371 1469//1469 1477//1477
f 1336//1336 1390//1390 1387//1387
f 1269//1269 1384//1384 1402//1402
f 1443//1443 1415//1415 1466//1466
f 1429//1429 1351//1351 1446//1446
f 1276//1276 1313//1313 1456//1456
f 1433//1433 1364//1364 1414//1414
f 1378//1378 1360//1360 1450//1450
f 1395//1395 1408//1408 1451//1451
f 1008//1008 1223//1223 1513//1513
f 1292//1292 1468//1468 1330//1330
f 1429//1429 1478//1478 1369//1369
f 1355//1355 1379//1379 1444//1444
f 1429//1429 1446//1446 1445//1445
f 1279//1279 1373//1373 1460//1460
f 1374//1374 1458//1458 1385//1385
f 1236//1236 1382//1382 1417//1417
f 1380//1380 1392//1392 1473//1473
f 1436//1436 1457//1457 1431//1431
f 961//961 1327//1327 1440//1440
f 1445//1445 1446//1446 1458//1458
f 1401//1401 1420//1420 1483//1483
f 1284//1284 1403//1403 1475//1475
f 1378//1378 1450//1450 1420//1420
f 1431//1431 1478//1478 1430//1430
f 1457//1457 1486//1486 1427//1427
f 1348//1348 1364//1364 1499//1499
f 1427//1427 1430//1430 1457//1457
f 1313//1313 1464//1464 1456//1456
f 1454//1454 1406//1406 1355//1355
f 1419//1419 1443//1443 1482//1482
f 1407//1407 1372//1372 1494//1494
f 1426//1426 1334//1334 1485//1485
f 1349//1349 1462//1462 1376//1376
f 857//857 1170//1170 1418//1418
f 1431//1431 1462//1462 1478//1478
f 1414//1414 1385//1385 1458//1458
f 1449//1449 1563//1563 1113//1113
f 1348//1348 1499//1499 1389//1389
f 1406//1406 1454//1454 1381//1381
f 1358//1358 1474//1474 1397//1397
f 1387//1387 1390//1390 1467//1467
f 1326//1326 1447//1447 1415//1415
f 1371//1371 1400//1400 1469//1469
f 1373//1373 1527//1527 1460//1460
f 1421//1421 1455//1455 1332//1332
f 1370//1370 1442//1442 1452//1452
f 1414//1414 1459//1459 1433//1433
f 1369//1369 1478//1478 1349//1349
f 1294//1294 1463//1463 1400//1400
f 1359//1359 1484//1484 1347//1347
f 1328//1328 1332//1332 1461//1461
f 1436//1436 1486//1486 1457//1457
f 1469//1469 1400//1400 1463//1463
f 1319//1319 1409//1409 1393//1393
f 1160//1160 1365//1365 1270//1270
f 1405//1405 1393//1393 1480//1480
f 1450//1450 1487//1487 1420//1420
f 1351//1351 1494//1494 1446//1446
f 1431//1431 1457//1457 1489//1489
f 1332//1332 1455//1455 1461//1461
f 1424//1424 1389//1389 1481//1481
f 1284//1284 1475//1475 1437//1437
f 1431//1431 1489//1489 1462//1462
f 1349//1349 1478//1478 1462//1462
f 1424//1424 1481//1481 1379//1379
f 1380//1380 1473//1473 1360//1360
f 1395//1395 1505//1505 1398//1398
f 1395//1395 1451//1451 1505//1505
f 1220//1220 1423//1423 1399//1399
f 1230//1230 1423//1423 1315//1315
f 1338//1338 1534//1534 1343//1343
f 1459//1459 1414//1414 1504//1504
f 1407//1407 1494//1494 1351//1351
f 1443//1443 1466//1466 1482//1482
f 1282//1282 1448//1448 1329//1329
f 1436//1436 1427//1427 1486//1486
f 1434//1434 1503//1503 1226//1226
f 1372//1372 1340//1340 1494//1494
f 1276//1276 1456//1456 1346//1346
f 1326//1326 1362//1362 1447//1447
f 1266//1266 1416//1416 1334//1334
f 1422//1422 1490//1490 1375//1375
f 1260//1260 1411//1411 1472//1472
f 1445//1445 1376//1376 1502//1502
f 1292//1292 1399//1399 1492//1492
f 1345//1345 1453//1453 1488//1488
f 1338//1338 1344//1344 1534//1534
f 1425//1425 1419//1419 1482//1482
f 1330//1330 1468//1468 1352//1352
f 1240//1240 1388//1388 1493//1493
f 961//961 1440//1440 1439//1439
f 1458//1458 1446//1446 1496//1496
f 1241//1241 1439//1439 1479//1479
f 1345//1345 1488//1488 1438//1438
f 1393//1393 1409//1409 1480//1480
f 1361//1361 1368//1368 1498//1498
f 1361//1361 1498//1498 1491//1491
f 1430//1430 1497//1497 1457//1457
f 1277//1277 1297//1297 1508//1508
f 1506//1506 1285//1285 1493//1493
f 1387//1387 1467//1467 1408//1408
f 1305//1305 1441//1441 1510//1510
f 1267//1267 1357//1357 1358//1358
f 1459//1459 1518//1518 1433//1433
f 1390//1390 1401//1401 1483//1483
f 1347//1347 1500//1500 1353//1353
f 1360//1360 1473//1473 1450//1450
f 1392//1392 1507//1507 1473//1473
f 1305//1305 1510//1510 1377//1377
f 1368//1368 1398//1398 1498//1498
f 1472//1472 1503//1503 1434//1434
f 1462//1462 1489//1489 1376//1376
f 1329//1329 1574//1574 1382//1382
f 1277//1277 1508//1508 1453//1453
f 1364//1364 1433//1433 1518//1518
f 1494//1494 1496//1496 1446//1446
f 1408//1408 1467//1467 1511//1511
f 1415//1415 1447//1447 1552//1552
f 1362//1362 1405//1405 1447//1447
f 1409//1409 1404//1404 1501//1501
f 1361//1361 1491//1491 1440//1440
f 1389//1389 1499//1499 1481//1481
f 1459//1459 1471//1471 1518//1518
f 1216//1216 1402//1402 1354//1354
f 1241//1241 1476//1476 1339//1339
f 1353//1353 1500//1500 1422//1422
f 1458//1458 1504//1504 1414//1414
f 1408//1408 1511//1511 1451//1451
f 1390//1390 1483//1483 1467//1467
f 1459//1459 1504//1504 1471//1471
f 1432//1432 1306//1306 1520//1520
f 1430//1430 1478//1478 1497//1497
f 1457//1457 1497//1497 1489//1489
f 1292//1292 1492//1492 1468//1468
f 1405//1405 1480//1480 1447//1447
f 1482//1482 1532//1532 1425//1425
f 1223//1223 1535//1535 1513//1513
f 1290//1290 1356//1356 1448//1448
f 1375//1375 1490//1490 1335//1335
f 1379//1379 1481//1481 1444//1444
f 1445//1445 1502//1502 1429//1429
f 1417//1417 1382//1382 1515//1515
f 1474//1474 1358//1358 1509//1509
f 1409//1409 1501//1501 1480//1480
f 1403//1403 1432//1432 1512//1512
f 1313//1313 1506//1506 1464//1464
f 1388//1388 1435//1435 1559//1559
f 1450//1450 1473//1473 1507//1507
f 1503//1503 1517//1517 1226//1226
f 1458//1458 1496//1496 1504//1504
f 1471//1471 1504//1504 1533//1533
f 1376//1376 1489//1489 1502//1502
f 1392//1392 1425//1425 1507//1507
f 1402//1402 1384//1384 1525//1525
f 1285//1285 1240//1240 1493//1493
f 1466//1466 1415//1415 1530//1530
f 1528//1528 1463//1463 1426//1426
f 1422//1422 1500//1500 1490//1490
f 1471//1471 1533//1533 1582//1582
f 1441//1441 1516//1516 1510//1510
f 1343//1343 1520//1520 1306//1306
f 1465//1465 1485//1485 1334//1334
f 1113//1113 1514//1514 1396//1396
f 1341//1341 1346//1346 1519//1519
f 1478//1478 1429//1429 1497//1497
f 1495//1495 1466//1466 1530//1530
f 1334//1334 1526//1526 1465//1465
f 1420//1420 1523//1523 1483//1483
f 1347//1347 1484//1484 1500//1500
f 1279//1279 1460//1460 1527//1527
f 1226//1226 1517//1517 1550//1550
f 1432//1432 1520//1520 1512//1512
f 1467//1467 1483//1483 1511//1511
f 1359//1359 1477//1477 1484//1484
f 1226//1226 1529//1529 1527//1527
f 1499//1499 1364//1364 1518//1518
f 1466//1466 1495//1495 1522//1522
f 1466//1466 1522//1522 1482//1482
f 1416//1416 1524//1524 1334//1334
f 1507//1507 1425//1425 1532//1532
f 1355//1355 1444//1444 1454//1454
f 1481//1481 1499//1499 1521//1521
f 1334//1334 1524//1524 1526//1526
f 1496//1496 1494//1494 1533//1533
f 1113//1113 1563//1563 1514//1514
f 1520//1520 1343//1343 1572//1572
f 1228//1228 1536//1536 1237//1237
f 1469//1469 1463//1463 1528//1528
f 1471//1471 1582//1582 1518//1518
f 1420//1420 1487//1487 1523//1523
f 1404//1404 1377//1377 1538//1538
f 1423//1423 1492//1492 1399//1399
f 1494//1494 1340//1340 1582//1582
f 1495//1495 1530//1530 1522//1522
f 1487//1487 1450//1450 1531//1531
f 1404//1404 1538//1538 1501//1501
f 1344//1344 1381//1381 1534//1534
f 1429//1429 1502//1502 1497//1497
f 1482//1482 1537//1537 1532//1532
f 1470//1470 1438//1438 1542//1542
f 1384//1384 1576//1576 1525//1525
f 1046//1046 1413//1413 1357//1357
f 1534//1534 1572//1572 1343//1343
f 1335//1335 1490//1490 1549//1549
f 1297//1297 1354//1354 1508//1508
f 1444//1444 1481//1481 1521//1521
f 1435//1435 1335//1335 1549//1549
f 1367//1367 1539//1539 1428//1428
f 1496//1496 1533//1533 1504//1504
f 1497//1497 1502//1502 1489//1489
f 1511//1511 1558//1558 1451//1451
f 1398//1398 1575//1575 1498//1498
f 1499//1499 1518//1518 1521//1521
f 1357//1357 1678//1678 1358//1358
f 1507//1507 1532//1532 1543//1543
f 1477//1477 1469//1469 1545//1545
f 1329//1329 1448//1448 1574//1574
f 1511//1511 1540//1540 1558//1558
f 1341//1341 1576//1576 1384//1384
f 1487//1487 1531//1531 1546//1546
f 1482//1482 1522//1522 1537//1537
f 1450//1450 1507//1507 1531//1531
f 1426//1426 1485//1485 1553//1553
f 1483//1483 1523//1523 1551//1551
f 1301//1301 1410//1410 1560//1560
f 1494//1494 1582//1582 1533//1533
f 1435//1435 1549//1549 1559//1559
f 1451//1451 1558//1558 1505//1505
f 1501//1501 1557//1557 1480//1480
f 1346//1346 1456//1456 1519//1519
f 1382//1382 1574//1574 1548//1548
f 1441//1441 1470//1470 1547//1547
f 1508//1508 1561//1561 1453//1453
f 1490//1490 1555//1555 1549//1549
f 1228//1228 1397//1397 1536//1536
f 1541//1541 1544//1544 1558//1558
f 1470//1470 1542//1542 1547//1547
f 1526//1526 1564//1564 1465//1465
f 1535//1535 1223//1223 1418//1418
f 1394//1394 1352//1352 1411//1411
f 1527//1527 1529//1529 1570//1570
f 1447//1447 1480//1480 1565//1565
f 1469//1469 1528//1528 1545//1545
f 1483//1483 1551//1551 1511//1511
f 1316//1316 1556//1556 1449//1449
f 1438//1438 1488//1488 1542//1542
f 1505//1505 1568//1568 1398//1398
f 1490//1490 1500//1500 1585//1585
f 1415//1415 1552//1552 1530//1530
f 1480//1480 1557//1557 1562//1562
f 1505//1505 1558//1558 1544//1544
f 1507//1507 1543//1543 1531//1531
f 1354//1354 1402//1402 1525//1525
f 1518//1518 1582//1582 1521//1521
f 1456//1456 1464//1464 1519//1519
f 1366//1366 1578//1578 1340//1340
f 1532//1532 1571//1571 1543//1543
f 1523//1523 1602//1602 1551//1551
f 1455//1455 1421//1421 1554//1554
f 1437//1437 1475//1475 1421//1421
f 1487//1487 1546//1546 1523//1523
f 1455//1455 1554//1554 1461//1461
f 1447//1447 1565//1565 1588//1588
f 1447//1447 1588//1588 1552//1552
f 1544//1544 1541//1541 1600//1600
f 1403//1403 1512//1512 1475//1475
f 1454//1454 1444//1444 1591//1591
f 1522//1522 1530//1530 1567//1567
f 1421//1421 1579//1579 1554//1554
f 1522//1522 1567//1567 1537//1537
f 1477//1477 1545//1545 1580//1580
f 1558//1558 1540//1540 1541//1541
f 1511//1511 1551//1551 1584//1584
f 1421//1421 1475//1475 1579//1579
f 1381//1381 1454//1454 1591//1591
f 1480//1480 1562//1562 1565//1565
f 1398//1398 1568//1568 1575//1575
f 1530//1530 1552//1552 1577//1577
f 1287//1287 1583//1583 1356//1356
f 1500//1500 1484//1484 1569//1569
f 1515//1515 1382//1382 1548//1548
f 1453//1453 1561//1561 1623//1623
f 1532//1532 1537//1537 1590//1590
f 1523//1523 1546//1546 1602//1602
f 1396//1396 1514//1514 1287//1287
f 1426//1426 1553//1553 1528//1528
f 1388//1388 1559//1559 1493//1493
f 1416//1416 1452//1452 1608//1608
f 1416//1416 1608//1608 1524//1524
f 1498//1498 1581//1581 1491//1491
f 1441//1441 1547//1547 1516//1516
f 1356//1356 1587//1587 1448//1448
f 1341//1341 1605//1605 1576//1576
f 1544//1544 1600//1600 1505//1505
f 1341//1341 1519//1519 1605//1605
f 1493//1493 1559//1559 1633//1633
f 1452//1452 1442//1442 1608//1608
f 1498//1498 1575//1575 1596//1596
f 1534//1534 1634//1634 1572//1572
f 1540//1540 1511//1511 1584//1584
f 1008//1008 1513//1513 1321//1321
f 1461//1461 1598//1598 1442//1442
f 1279//1279 1597//1597 1410//1410
f 1428//1428 1539//1539 1595//1595
f 1498//1498 1596//1596 1581//1581
f 1340//1340 1578//1578 1589//1589
f 1512//1512 1520//1520 1579//1579
f 1503//1503 1604//1604 1517//1517
f 1512//1512 1579//1579 1475//1475
f 1279//1279 1527//1527 1570//1570
f 1537//1537 1567//1567 1590//1590
f 1530//1530 1593//1593 1567//1567
f 1488//1488 1453//1453 1684//1684
f 1577//1577 1614//1614 1530//1530
f 1573//1573 1539//1539 1632//1632
f 1540//1540 1584//1584 1541//1541
f 1543//1543 1571//1571 1592//1592
f 1358//1358 1678//1678 1509//1509
f 1586//1586 1592//1592 1613//1613
f 1354//1354 1525//1525 1508//1508
f 1568//1568 1505//1505 1607//1607
f 1503//1503 1472//1472 1604//1604
f 1413//1413 1301//1301 1647//1647
f 1488//1488 1622//1622 1542//1542
f 1367//1367 1693//1693 1539//1539
f 1340//1340 1589//1589 1582//1582
f 1501//1501 1538//1538 1557//1557
f 1534//1534 1381//1381 1594//1594
f 1592//1592 1586//1586 1601//1601
f 1632//1632 1539//1539 1693//1693
f 1573//1573 1632//1632 1615//1615
f 1532//1532 1613//1613 1571//1571
f 1510//1510 1616//1616 1377//1377
f 1301//1301 1560//1560 1647//1647
f 1586//1586 1613//1613 1638//1638
f 1510//1510 1516//1516 1616//1616
f 1539//1539 1573//1573 1610//1610
f 1442//1442 1598//1598 1608//1608
f 1377//1377 1616//1616 1538//1538
f 1500//1500 1569//1569 1585//1585
f 1573//1573 1615//1615 1610//1610
f 1428//1428 1595//1595 1556//1556
f 1357//1357 1413//1413 1618//1618
f 1552//1552 1588//1588 1617//1617
f 1115//1115 1644//1644 995//995
f 1600//1600 1541//1541 1603//1603
f 1602//1602 1584//1584 1551//1551
f 1531//1531 1620//1620 1546//1546
f 1568//1568 1607//1607 1575//1575
f 1453//1453 1623//1623 1684//1684
f 1506//1506 1493//1493 1464//1464
f 1444//1444 1521//1521 1591//1591
f 1602//1602 1606//1606 1584//1584
f 1638//1638 1601//1601 1586//1586
f 1638//1638 1650//1650 1601//1601
f 1566//1566 1625//1625 1520//1520
f 1490//1490 1585//1585 1555//1555
f 1541//1541 1584//1584 1603//1603
f 1532//1532 1590//1590 1676//1676
f 1484//1484 1580//1580 1609//1609
f 1613//1613 1532//1532 1676//1676
f 1571//1571 1613//1613 1592//1592
f 1505//1505 1600//1600 1607//1607
f 1520//1520 1625//1625 1579//1579
f 1584//1584 1606//1606 1603//1603
f 1530//1530 1614//1614 1593//1593
f 1559//1559 1549//1549 1624//1624
f 1678//1678 1664//1664 1509//1509
f 1602//1602 1612//1612 1606//1606
f 1534//1534 1594//1594 1634//1634
f 1531//1531 1543//1543 1620//1620
f 1582//1582 1631//1631 1521//1521
f 1520//1520 1572//1572 1566//1566
f 1600//1600 1603//1603 1621//1621
f 1508//1508 1525//1525 1657//1657
f 1575//1575 1611//1611 1596//1596
f 1440//1440 1629//1629 1439//1439
f 1553//1553 1626//1626 1528//1528
f 1440//1440 1491//1491 1629//1629
f 1241//1241 1479//1479 1476//1476
f 1484//1484 1477//1477 1580//1580
f 1592//1592 1639//1639 1543//1543
f 1581//1581 1649//1649 1660//1660
f 1602//1602 1546//1546 1635//1635
f 1581//1581 1660//1660 1491//1491
f 1553//1553 1485//1485 1626//1626
f 1492//1492 1324//1324 1468//1468
f 1485//1485 1628//1628 1626//1626
f 1536//1536 1397//1397 1619//1619
f 1545//1545 1528//1528 1626//1626
f 1555//1555 1585//1585 1637//1637
f 1170//1170 1307//1307 1418//1418
f 1521//1521 1627//1627 1591//1591
f 1461//1461 1554//1554 1656//1656
f 1602//1602 1635//1635 1630//1630
f 1567//1567 1593//1593 1590//1590
f 1569//1569 1484//1484 1637//1637
f 1602//1602 1630//1630 1612//1612
f 1472//1472 1411//1411 1604//1604
f 1417//1417 1515//1515 1366//1366
f 1485//1485 1465//1465 1628//1628
f 1526//1526 1524//1524 1645//1645
f 1635//1635 1546//1546 1620//1620
f 1381//1381 1591//1591 1640//1640
f 1542//1542 1622//1622 1547//1547
f 1509//1509 1643//1643 1474//1474
f 1352//1352 1468//1468 1667//1667
f 1611//1611 1575//1575 1607//1607
f 1492//1492 1423//1423 1324//1324
f 1600//1600 1621//1621 1607//1607
f 1635//1635 1620//1620 1639//1639
f 1484//1484 1609//1609 1661//1661
f 1592//1592 1601//1601 1639//1639
f 1611//1611 1607//1607 1641//1641
f 1606//1606 1695//1695 1603//1603
f 1519//1519 1683//1683 1605//1605
f 1635//1635 1639//1639 1648//1648
f 1606//1606 1612//1612 1695//1695
f 1594//1594 1381//1381 1640//1640
f 1543//1543 1639//1639 1620//1620
f 1521//1521 1631//1631 1627//1627
f 1279//1279 1570//1570 1597//1597
f 1397//1397 1474//1474 1643//1643
f 1287//1287 1514//1514 1653//1653
f 1638//1638 1654//1654 1636//1636
f 1638//1638 1636//1636 1652//1652
f 1603//1603 1641//1641 1621//1621
f 1638//1638 1652//1652 1650//1650
f 1448//1448 1700//1700 1574//1574
f 1555//1555 1666//1666 1549//1549
f 1581//1581 1651//1651 1649//1649
f 1484//1484 1661//1661 1637//1637
f 1356//1356 1583//1583 1587//1587
f 1636//1636 1646//1646 1652//1652
f 1622//1622 1488//1488 1723//1723
f 1577//1577 1655//1655 1614//1614
f 1593//1593 1654//1654 1590//1590
f 1227//1227 1599//1599 1365//1365
f 1633//1633 1559//1559 1662//1662
f 1590//1590 1654//1654 1676//1676
f 1611//1611 1641//1641 1596//1596
f 1641//1641 1607//1607 1621//1621
f 1562//1562 1659//1659 1565//1565
f 1545//1545 1665//1665 1580//1580
f 1638//1638 1613//1613 1676//1676
f 1576//1576 1605//1605 1525//1525
f 1641//1641 1679//1679 1596//1596
f 1413//1413 1647//1647 1642//1642
f 722//722 1243//1243 1391//1391
f 1635//1635 1648//1648 1630//1630
f 1604//1604 1411//1411 1685//1685
f 1554//1554 1579//1579 1656//1656
f 1636//1636 1669//1669 1646//1646
f 1593//1593 1658//1658 1654//1654
f 1413//1413 1642//1642 1618//1618
f 1679//1679 1641//1641 1695//1695
f 1270//1270 1673//1673 1307//1307
f 1632//1632 1713//1713 1615//1615
f 1287//1287 1670//1670 1583//1583
f 1569//1569 1637//1637 1585//1585
f 1639//1639 1601//1601 1648//1648
f 1524//1524 1608//1608 1645//1645
f 1352//1352 1667//1667 1411//1411
f 1391//1391 1644//1644 1115//1115
f 1604//1604 1685//1685 1517//1517
f 1552//1552 1617//1617 1577//1577
f 1654//1654 1638//1638 1676//1676
f 1287//1287 1653//1653 1670//1670
f 1539//1539 1610//1610 1595//1595
f 1449//1449 1556//1556 1740//1740
f 1449//1449 1740//1740 1563//1563
f 1563//1563 1653//1653 1514//1514
f 1577//1577 1617//1617 1655//1655
f 1636//1636 1654//1654 1669//1669
f 1641//1641 1603//1603 1695//1695
f 1566//1566 1572//1572 1675//1675
f 1659//1659 1588//1588 1565//1565
f 1461//1461 1656//1656 1598//1598
f 1307//1307 1673//1673 1862//1862
f 1464//1464 1683//1683 1519//1519
f 1591//1591 1627//1627 1640//1640
f 1367//1367 1237//1237 1668//1668
f 1679//1679 1695//1695 1691//1691
f 1559//1559 1624//1624 1662//1662
f 1526//1526 1645//1645 1564//1564
f 1651//1651 1687//1687 1663//1663
f 995//995 1747//1747 1696//1696
f 1642//1642 1692//1692 1618//1618
f 1678//1678 1357//1357 1686//1686
f 1493//1493 1633//1633 1690//1690
f 1651//1651 1663//1663 1688//1688
f 1614//1614 1658//1658 1593//1593
f 1227//1227 1859//1859 1599//1599
f 1572//1572 1634//1634 1675//1675
f 1643//1643 1509//1509 1664//1664
f 1562//1562 1674//1674 1659//1659
f 1465//1465 1697//1697 1628//1628
f 1493//1493 1690//1690 1464//1464
f 1579//1579 1625//1625 1689//1689
f 1632//1632 1693//1693 1713//1713
f 1633//1633 1662//1662 1690//1690
f 1581//1581 1596//1596 1651//1651
f 1634//1634 1699//1699 1675//1675
f 1549//1549 1666//1666 1624//1624
f 1516//1516 1547//1547 1716//1716
f 1366//1366 1515//1515 1698//1698
f 1605//1605 1732//1732 1525//1525
f 1397//1397 1643//1643 1619//1619
f 1677//1677 1588//1588 1659//1659
f 1601//1601 1650//1650 1702//1702
f 1646//1646 1669//1669 1711//1711
f 1679//1679 1694//1694 1596//1596
f 1580//1580 1665//1665 1680//1680
f 1557//1557 1671//1671 1562//1562
f 1411//1411 1667//1667 1685//1685
f 1594//1594 1699//1699 1634//1634
f 1579//1579 1689//1689 1706//1706
f 1677//1677 1617//1617 1588//1588
f 1657//1657 1707//1707 1508//1508
f 1651//1651 1596//1596 1694//1694
f 1601//1601 1717//1717 1648//1648
f 1548//1548 1574//1574 1681//1681
f 1579//1579 1706//1706 1656//1656
f 1599//1599 1750//1750 1365//1365
f 1564//1564 1701//1701 1465//1465
f 1570//1570 1529//1529 1704//1704
f 1464//1464 1705//1705 1683//1683
f 1566//1566 1675//1675 1625//1625
f 1357//1357 1618//1618 1686//1686
f 1598//1598 1710//1710 1608//1608
f 1508//1508 1801//1801 1561//1561
f 1557//1557 1538//1538 1712//1712
f 1226//1226 1550//1550 1529//1529
f 1488//1488 1684//1684 1723//1723
f 1365//1365 1750//1750 1270//1270
f 1651//1651 1694//1694 1687//1687
f 1640//1640 1627//1627 1772//1772
f 1654//1654 1658//1658 1669//1669
f 1536//1536 1619//1619 1709//1709
f 1682//1682 1719//1719 1615//1615
f 1629//1629 1491//1491 1660//1660
f 1663//1663 1703//1703 1688//1688
f 1612//1612 1630//1630 1695//1695
f 1561//1561 1780//1780 1623//1623
f 995//995 1644//1644 1747//1747
f 1711//1711 1669//1669 1738//1738
f 1465//1465 1708//1708 1697//1697
f 1545//1545 1626//1626 1775//1775
f 1410//1410 1597//1597 1560//1560
f 1570//1570 1704//1704 1597//1597
f 1674//1674 1714//1714 1659//1659
f 1448//1448 1587//1587 1700//1700
f 1517//1517 1685//1685 1721//1721
f 1648//1648 1726//1726 1718//1718
f 1624//1624 1666//1666 1766//1766
f 1476//1476 1859//1859 1339//1339
f 1545//1545 1775//1775 1665//1665
f 1679//1679 1687//1687 1694//1694
f 1614//1614 1655//1655 1730//1730
f 1616//1616 1746//1746 1538//1538
f 1614//1614 1730//1730 1658//1658
f 1652//1652 1646//1646 1737//1737
f 1648//1648 1717//1717 1726//1726
f 1649//1649 1651//1651 1688//1688
f 1557//1557 1712//1712 1671//1671
f 1702//1702 1650//1650 1724//1724
f 1564//1564 1645//1645 1725//1725
f 1655//1655 1617//1617 1771//1771
f 1366//1366 1698//1698 1745//1745
f 1366//1366 1745//1745 1578//1578
f 1580//1580 1680//1680 1609//1609
f 1663//1663 1687//1687 1703//1703
f 1555//1555 1637//1637 1666//1666
f 1685//1685 1667//1667 1721//1721
f 1649//1649 1688//1688 1741//1741
f 1659//1659 1733//1733 1677//1677
f 1650//1650 1652//1652 1724//1724
f 1664//1664 1678//1678 1784//1784
f 1479//1479 1439//1439 1736//1736
f 1515//1515 1548//1548 1728//1728
f 1616//1616 1516//1516 1746//1746
f 1630//1630 1729//1729 1695//1695
f 1630//1630 1648//1648 1718//1718
f 1464//1464 1690//1690 1705//1705
f 1711//1711 1743//1743 1720//1720
f 1227//1227 1339//1339 1859//1859
f 1574//1574 1700//1700 1681//1681
f 1640//1640 1734//1734 1594//1594
f 1594//1594 1734//1734 1699//1699
f 1561//1561 1801//1801 1780//1780
f 1684//1684 1623//1623 1805//1805
f 1508//1508 1707//1707 1801//1801
f 1601//1601 1702//1702 1717//1717
f 1653//1653 1563//1563 1735//1735
f 1622//1622 1723//1723 1547//1547
f 1674//1674 1731//1731 1714//1714
f 1536//1536 1709//1709 1237//1237
f 1674//1674 1562//1562 1731//1731
f 1630//1630 1718//1718 1729//1729
f 1439//1439 1629//1629 1736//1736
f 1722//1722 1715//1715 1739//1739
f 1563//1563 1740//1740 1735//1735
f 1682//1682 1755//1755 1719//1719
f 1711//1711 1737//1737 1646//1646
f 1680//1680 1665//1665 1775//1775
f 1656//1656 1706//1706 1742//1742
f 1701//1701 1751//1751 1465//1465
f 1658//1658 1730//1730 1669//1669
f 1687//1687 1679//1679 1757//1757
f 1723//1723 1684//1684 1805//1805
f 1547//1547 1723//1723 1716//1716
f 1525//1525 1732//1732 1657//1657
f 1582//1582 1789//1789 1631//1631
f 1717//1717 1748//1748 1726//1726
f 1720//1720 1743//1743 1752//1752
f 1711//1711 1720//1720 1737//1737
f 1743//1743 1711//1711 1753//1753
f 1468//1468 1721//1721 1667//1667
f 1715//1715 1798//1798 1739//1739
f 1711//1711 1738//1738 1753//1753
f 1746//1746 1754//1754 1538//1538
f 1798//1798 1715//1715 1748//1748
f 1627//1627 1769//1769 1772//1772
f 1598//1598 1759//1759 1710//1710
f 1722//1722 1739//1739 1761//1761
f 1652//1652 1737//1737 1724//1724
f 1734//1734 1640//1640 1783//1783
f 1659//1659 1744//1744 1733//1733
f 1730//1730 1794//1794 1669//1669
f 1715//1715 1722//1722 1718//1718
f 1562//1562 1671//1671 1731//1731
f 1715//1715 1718//1718 1748//1748
f 1270//1270 1750//1750 1673//1673
f 1610//1610 1615//1615 1896//1896
f 1687//1687 1757//1757 1763//1763
f 1626//1626 1628//1628 1775//1775
f 1679//1679 1691//1691 1757//1757
f 1743//1743 1749//1749 1752//1752
f 1727//1727 1703//1703 1764//1764
f 1703//1703 1687//1687 1763//1763
f 1465//1465 1751//1751 1708//1708
f 1726//1726 1748//1748 1718//1718
f 1666//1666 1758//1758 1766//1766
f 1695//1695 1722//1722 1691//1691
f 1243//1243 1773//1773 1391//1391
f 1725//1725 1701//1701 1564//1564
f 1367//1367 1668//1668 1693//1693
f 1695//1695 1729//1729 1722//1722
f 1718//1718 1722//1722 1729//1729
f 1468//1468 1324//1324 1721//1721
f 1680//1680 1767//1767 1609//1609
f 1548//1548 1774//1774 1728//1728
f 1727//1727 1762//1762 1703//1703
f 1690//1690 1662//1662 1705//1705
f 1640//1640 1772//1772 1783//1783
f 1645//1645 1608//1608 1725//1725
f 1712//1712 1797//1797 1671//1671
f 1688//1688 1703//1703 1741//1741
f 1730//1730 1756//1756 1770//1770
f 1608//1608 1710//1710 1788//1788
f 1516//1516 1716//1716 1746//1746
f 1672//1672 1529//1529 1822//1822
f 1730//1730 1655//1655 1756//1756
f 1624//1624 1766//1766 1662//1662
f 1703//1703 1762//1762 1741//1741
f 1605//1605 1683//1683 1732//1732
f 1625//1625 1675//1675 1778//1778
f 1734//1734 1783//1783 1699//1699
f 1727//1727 1749//1749 1768//1768
f 1722//1722 1761//1761 1691//1691
f 1538//1538 1754//1754 1797//1797
f 1743//1743 1796//1796 1749//1749
f 1662//1662 1760//1760 1705//1705
f 1617//1617 1677//1677 1771//1771
f 1727//1727 1777//1777 1762//1762
f 1730//1730 1770//1770 1794//1794
f 1582//1582 1589//1589 1789//1789
f 1662//1662 1766//1766 1760//1760
f 1762//1762 1776//1776 1741//1741
f 1703//1703 1763//1763 1764//1764
f 1656//1656 1742//1742 1598//1598
f 1797//1797 1712//1712 1538//1538
f 1529//1529 1550//1550 1822//1822
f 1625//1625 1778//1778 1689//1689
f 1587//1587 1583//1583 1781//1781
f 1615//1615 1719//1719 1896//1896
f 1675//1675 1699//1699 1783//1783
f 1661//1661 1786//1786 1637//1637
f 1702//1702 1748//1748 1717//1717
f 1749//1749 1727//1727 1764//1764
f 1682//1682 1615//1615 1755//1755
f 1794//1794 1770//1770 1799//1799
f 1675//1675 1783//1783 1778//1778
f 1702//1702 1724//1724 1748//1748
f 1637//1637 1808//1808 1666//1666
f 1707//1707 1787//1787 1801//1801
f 1720//1720 1798//1798 1737//1737
f 1659//1659 1714//1714 1744//1744
f 1669//1669 1794//1794 1738//1738
f 1713//1713 1693//1693 1791//1791
f 1609//1609 1792//1792 1661//1661
f 1672//1672 1800//1800 1529//1529
f 1608//1608 1788//1788 1725//1725
f 1791//1791 1832//1832 1713//1713
f 1739//1739 1798//1798 1779//1779
f 1707//1707 1657//1657 1782//1782
f 1628//1628 1697//1697 1834//1834
f 1727//1727 1768//1768 1777//1777
f 1677//1677 1785//1785 1771//1771
f 1550//1550 1517//1517 1795//1795
f 1598//1598 1742//1742 1759//1759
f 1736//1736 1629//1629 1874//1874
f 1623//1623 1780//1780 1805//1805
f 1713//1713 1869//1869 1615//1615
f 1237//1237 1709//1709 1668//1668
f 1556//1556 1802//1802 1740//1740
f 1677//1677 1733//1733 1785//1785
f 1762//1762 1777//1777 1776//1776
f 1719//1719 1755//1755 1803//1803
f 1798//1798 1720//1720 1752//1752
f 1756//1756 1655//1655 1765//1765
f 1609//1609 1767//1767 1792//1792
f 1171//1171 1363//1363 1967//1967
f 1716//1716 1793//1793 1746//1746
f 1548//1548 1681//1681 1774//1774
f 1627//1627 1809//1809 1810//1810
f 1672//1672 1822//1822 1800//1800
f 1748//1748 1724//1724 1798//1798
f 1689//1689 1778//1778 1706//1706
f 1744//1744 1804//1804 1733//1733
f 1724//1724 1737//1737 1798//1798
f 1629//1629 1660//1660 1874//1874
f 1798//1798 1752//1752 1779//1779
f 1589//1589 1578//1578 1856//1856
f 1627//1627 1631//1631 1809//1809
f 1660//1660 1649//1649 1865//1865
f 1691//1691 1761//1761 1757//1757
f 1796//1796 1768//1768 1749//1749
f 1716//1716 1723//1723 1824//1824
f 1723//1723 1805//1805 1824//1824
f 1767//1767 1680//1680 1775//1775
f 1739//1739 1779//1779 1761//1761
f 1644//1644 1391//1391 1773//1773
f 1749//1749 1764//1764 1752//1752
f 1758//1758 1666//1666 1873//1873
f 1763//1763 1757//1757 1764//1764
f 1716//1716 1824//1824 1793//1793
f 1671//1671 1797//1797 1825//1825
f 1770//1770 1837//1837 1799//1799
f 1704//1704 1816//1816 1597//1597
f 1653//1653 1735//1735 1670//1670
f 1628//1628 1834//1834 1775//1775
f 1610//1610 1814//1814 1595//1595
f 1769//1769 1627//1627 1810//1810
f 1708//1708 1806//1806 1697//1697
f 1746//1746 1815//1815 1754//1754
f 1556//1556 1595//1595 1842//1842
f 1610//1610 1896//1896 1814//1814
f 1661//1661 1792//1792 1786//1786
f 1721//1721 1835//1835 1517//1517
f 1637//1637 1786//1786 1808//1808
f 1768//1768 1811//1811 1777//1777
f 1615//1615 1869//1869 1755//1755
f 1517//1517 1835//1835 1795//1795
f 1686//1686 1618//1618 1807//1807
f 1657//1657 1813//1813 1782//1782
f 1697//1697 1806//1806 1834//1834
f 1752//1752 1764//1764 1779//1779
f 1671//1671 1825//1825 1731//1731
f 1751//1751 1818//1818 1708//1708
f 1701//1701 1812//1812 1751//1751
f 1754//1754 1838//1838 1797//1797
f 1587//1587 1831//1831 1700//1700
f 1738//1738 1819//1819 1753//1753
f 1796//1796 1811//1811 1768//1768
f 1746//1746 1793//1793 1815//1815
f 1655//1655 1771//1771 1765//1765
f 1757//1757 1761//1761 1779//1779
f 1757//1757 1779//1779 1764//1764
f 1515//1515 1728//1728 1698//1698
f 1796//1796 1743//1743 1820//1820
f 1321//1321 1513//1513 1363//1363
f 1704//1704 1529//1529 1816//1816
f 1743//1743 1753//1753 1820//1820
f 1725//1725 1788//1788 1817//1817
f 1733//1733 1804//1804 1785//1785
f 1732//1732 1826//1826 1657//1657
f 1713//1713 1832//1832 1869//1869
f 1678//1678 1686//1686 1784//1784
f 1578//1578 1745//1745 1856//1856
f 1706//1706 1829//1829 1742//1742
f 1529//1529 1800//1800 1870//1870
f 1324//1324 1835//1835 1721//1721
f 1772//1772 1849//1849 1783//1783
f 1710//1710 1759//1759 1823//1823
f 1801//1801 1867//1867 1780//1780
f 1742//1742 1823//1823 1759//1759
f 1742//1742 1846//1846 1823//1823
f 1307//1307 1862//1862 1418//1418
f 1769//1769 1810//1810 1828//1828
f 1770//1770 1756//1756 1827//1827
f 1797//1797 1838//1838 1825//1825
f 1710//1710 1823//1823 1788//1788
f 1787//1787 1707//1707 1782//1782
f 1742//1742 1829//1829 1846//1846
f 1705//1705 1732//1732 1683//1683
f 1777//1777 1811//1811 1830//1830
f 1775//1775 1903//1903 1767//1767
f 1649//1649 1741//1741 1865//1865
f 1657//1657 1839//1839 1813//1813
f 1766//1766 1758//1758 1887//1887
f 1725//1725 1840//1840 1701//1701
f 1708//1708 1818//1818 1806//1806
f 1830//1830 1836//1836 1777//1777
f 1789//1789 1863//1863 1631//1631
f 1171//1171 1875//1875 1243//1243
f 1751//1751 1812//1812 1818//1818
f 1810//1810 1809//1809 1851//1851
f 1693//1693 1844//1844 1791//1791
f 1815//1815 1793//1793 1843//1843
f 1706//1706 1778//1778 1829//1829
f 1754//1754 1815//1815 1838//1838
f 1810//1810 1833//1833 1828//1828
f 1666//1666 1808//1808 1873//1873
f 1738//1738 1794//1794 1819//1819
f 1705//1705 1760//1760 1732//1732
f 1784//1784 1841//1841 1664//1664
f 1824//1824 1843//1843 1793//1793
f 1867//1867 1801//1801 1787//1787
f 1796//1796 1820//1820 1811//1811
f 1700//1700 1866//1866 1681//1681
f 1770//1770 1827//1827 1837//1837
f 1529//1529 1870//1870 1816//1816
f 1243//1243 1875//1875 2077//2077
f 1777//1777 1836//1836 1776//1776
f 1587//1587 1852//1852 1831//1831
f 1785//1785 1847//1847 1771//1771
f 1756//1756 1848//1848 1827//1827
f 1824//1824 1805//1805 1860//1860
f 1756//1756 1765//1765 1848//1848
f 1771//1771 1853//1853 1765//1765
f 1692//1692 1807//1807 1618//1618
f 1792//1792 1767//1767 1854//1854
f 1784//1784 1686//1686 1841//1841
f 1587//1587 1781//1781 1852//1852
f 1698//1698 1728//1728 1861//1861
f 1832//1832 1791//1791 1858//1858
f 1791//1791 1844//1844 1946//1946
f 1660//1660 1865//1865 1874//1874
f 1864//1864 1794//1794 1929//1929
f 1815//1815 1843//1843 1838//1838
f 1556//1556 1842//1842 1802//1802
f 1772//1772 1769//1769 1849//1849
f 1825//1825 1857//1857 1731//1731
f 1583//1583 1790//1790 1821//1821
f 1767//1767 1903//1903 1854//1854
f 1864//1864 1819//1819 1794//1794
f 1701//1701 1840//1840 1812//1812
f 1776//1776 1885//1885 1741//1741
f 1643//1643 1872//1872 1871//1871
f 1643//1643 1871//1871 1619//1619
f 1780//1780 1867//1867 1805//1805
f 1808//1808 1876//1876 1873//1873
f 1824//1824 1860//1860 1843//1843
f 1775//1775 1834//1834 1903//1903
f 1811//1811 1820//1820 1884//1884
f 1753//1753 1819//1819 1820//1820
f 1664//1664 1872//1872 1643//1643
f 1791//1791 1946//1946 1858//1858
f 1714//1714 1731//1731 1744//1744
f 1735//1735 1868//1868 1670//1670
f 1794//1794 1799//1799 1929//1929
f 1735//1735 1740//1740 1868//1868
f 1822//1822 1870//1870 1800//1800
f 1792//1792 1854//1854 1855//1855
f 1725//1725 1817//1817 1840//1840
f 1786//1786 1850//1850 1808//1808
f 1808//1808 1850//1850 1876//1876
f 1418//1418 1862//1862 1535//1535
f 1782//1782 1813//1813 1889//1889
f 1778//1778 1783//1783 1880//1880
f 1826//1826 1839//1839 1657//1657
f 1843//1843 1883//1883 1838//1838
f 1825//1825 1838//1838 1888//1888
f 1583//1583 1821//1821 1781//1781
f 1589//1589 1856//1856 1789//1789
f 1700//1700 1831//1831 1866//1866
f 1741//1741 1885//1885 1886//1886
f 1771//1771 1847//1847 1853//1853
f 1805//1805 1867//1867 1860//1860
f 1479//1479 1921//1921 1476//1476
f 1799//1799 1837//1837 1942//1942
f 1786//1786 1792//1792 1850//1850
f 1766//1766 1887//1887 1760//1760
f 1806//1806 1818//1818 1881//1881
f 1719//1719 1803//1803 1879//1879
f 1776//1776 1836//1836 1885//1885
f 1686//1686 1807//1807 1877//1877
f 1785//1785 1804//1804 1847//1847
f 1644//1644 1773//1773 1891//1891
f 1865//1865 1741//1741 1886//1886
f 1825//1825 1888//1888 1857//1857
f 1719//1719 1879//1879 1896//1896
f 1698//1698 1861//1861 1745//1745
f 1765//1765 1853//1853 1848//1848
f 1816//1816 1893//1893 1597//1597
f 1811//1811 1845//1845 1830//1830
f 1788//1788 1823//1823 1907//1907
f 1833//1833 1810//1810 1957//1957
f 1806//1806 1881//1881 1834//1834
f 1732//1732 1760//1760 1826//1826
f 1758//1758 1890//1890 1887//1887
f 1843//1843 1860//1860 1892//1892
f 1882//1882 1830//1830 1845//1845
f 1731//1731 1857//1857 1932//1932
f 1736//1736 1921//1921 1479//1479
f 1619//1619 1871//1871 1709//1709
f 1631//1631 1863//1863 1809//1809
f 1782//1782 1905//1905 1787//1787
f 1870//1870 1893//1893 1816//1816
f 1243//1243 2077//2077 1773//1773
f 1838//1838 1883//1883 1888//1888
f 1792//1792 1855//1855 1878//1878
f 1853//1853 1847//1847 1894//1894
f 1782//1782 1889//1889 1905//1905
f 1834//1834 1881//1881 1903//1903
f 1789//1789 1895//1895 1863//1863
f 1599//1599 1859//1859 1928//1928
f 1597//1597 1900//1900 1560//1560
f 1890//1890 1758//1758 1873//1873
f 1799//1799 1942//1942 1929//1929
f 1851//1851 1957//1957 1810//1810
f 1792//1792 1878//1878 1850//1850
f 1867//1867 1930//1930 1860//1860
f 1813//1813 1899//1899 1889//1889
f 1642//1642 1647//1647 1920//1920
f 1804//1804 1898//1898 1847//1847
f 1583//1583 1670//1670 1790//1790
f 1857//1857 1888//1888 1901//1901
f 1744//1744 1731//1731 1989//1989
f 1769//1769 1828//1828 1849//1849
f 1842//1842 1595//1595 2029//2029
f 1826//1826 1760//1760 1911//1911
f 1819//1819 1864//1864 1820//1820
f 1902//1902 1904//1904 1864//1864
f 1888//1888 1897//1897 1901//1901
f 1781//1781 1914//1914 1852//1852
f 1892//1892 1860//1860 1910//1910
f 1811//1811 1924//1924 1845//1845
f 1856//1856 1915//1915 1789//1789
f 1789//1789 1915//1915 1895//1895
f 1827//1827 1934//1934 1837//1837
f 1864//1864 1929//1929 1902//1902
f 1811//1811 1884//1884 1924//1924
f 1864//1864 1904//1904 1820//1820
f 1823//1823 1846//1846 1907//1907
f 1829//1829 1778//1778 1918//1918
f 1693//1693 1906//1906 1844//1844
f 1812//1812 1909//1909 1818//1818
f 1873//1873 1876//1876 1937//1937
f 1788//1788 1907//1907 1817//1817
f 1813//1813 1839//1839 1899//1899
f 1783//1783 1849//1849 1880//1880
f 1884//1884 1820//1820 1904//1904
f 1818//1818 1913//1913 1881//1881
f 1744//1744 1898//1898 1804//1804
f 1597//1597 1893//1893 1900//1900
f 1731//1731 1932//1932 1989//1989
f 1781//1781 1821//1821 1914//1914
f 1560//1560 1900//1900 2038//2038
f 1774//1774 1917//1917 1728//1728
f 1809//1809 1863//1863 1925//1925
f 1818//1818 1909//1909 1913//1913
f 1476//1476 1921//1921 1859//1859
f 1647//1647 1560//1560 1912//1912
f 1774//1774 1681//1681 1917//1917
f 1728//1728 1908//1908 1861//1861
f 1860//1860 1930//1930 1910//1910
f 1837//1837 1934//1934 1942//1942
f 1843//1843 1892//1892 1883//1883
f 1845//1845 1924//1924 1882//1882
f 1833//1833 1957//1957 1927//1927
f 1599//1599 1673//1673 1750//1750
f 1668//1668 1906//1906 1693//1693
f 1807//1807 1692//1692 1920//1920
f 1778//1778 1880//1880 1918//1918
f 1847//1847 1898//1898 2035//2035
f 1885//1885 1836//1836 1938//1938
f 1888//1888 1883//1883 1922//1922
f 1686//1686 1877//1877 1841//1841
f 1888//1888 1922//1922 1897//1897
f 1827//1827 1848//1848 1931//1931
f 1882//1882 1945//1945 1830//1830
f 1817//1817 1907//1907 1840//1840
f 1787//1787 1905//1905 1867//1867
f 1809//1809 1925//1925 1851//1851
f 1736//1736 1926//1926 1921//1921
f 1807//1807 1920//1920 1974//1974
f 1841//1841 1916//1916 1664//1664
f 1899//1899 1839//1839 1923//1923
f 1681//1681 1866//1866 1917//1917
f 1882//1882 1924//1924 1963//1963
f 1642//1642 1935//1935 1692//1692
f 1736//1736 1874//1874 1948//1948
f 1882//1882 1963//1963 1941//1941
f 1851//1851 1944//1944 1957//1957
f 1920//1920 1935//1935 1642//1642
f 1848//1848 1936//1936 1939//1939
f 1833//1833 1927//1927 1828//1828
f 1760//1760 1887//1887 1911//1911
f 1850//1850 1950//1950 1876//1876
f 1945//1945 1882//1882 1941//1941
f 1839//1839 1826//1826 1959//1959
f 1867//1867 1905//1905 1943//1943
f 1803//1803 1755//1755 1832//1832
f 1812//1812 1840//1840 1909//1909
f 1853//1853 1936//1936 1848//1848
f 1881//1881 1992//1992 1903//1903
f 1885//1885 1933//1933 1951//1951
f 1885//1885 1952//1952 1933//1933
f 1894//1894 1847//1847 1979//1979
f 1830//1830 1938//1938 1836//1836
f 1830//1830 1945//1945 1938//1938
f 1884//1884 1904//1904 1924//1924
f 1867//1867 1943//1943 1930//1930
f 1915//1915 1856//1856 1984//1984
f 1363//1363 1513//1513 1967//1967
f 1755//1755 1869//1869 1832//1832
f 1826//1826 1911//1911 1959//1959
f 1736//1736 1948//1948 1926//1926
f 1858//1858 1946//1946 1949//1949
f 1858//1858 1949//1949 1832//1832
f 1897//1897 1953//1953 1901//1901
f 1839//1839 1947//1947 1966//1966
f 1932//1932 1956//1956 1989//1989
f 1550//1550 1795//1795 1822//1822
f 1847//1847 2035//2035 1982//1982
f 1905//1905 1889//1889 1943//1943
f 1835//1835 2073//2073 1795//1795
f 1887//1887 1890//1890 1919//1919
f 1904//1904 1954//1954 1924//1924
f 1853//1853 1894//1894 1936//1936
f 1887//1887 1919//1919 1911//1911
f 1846//1846 1829//1829 1955//1955
f 1862//1862 1673//1673 2199//2199
f 1874//1874 2005//2005 1948//1948
f 1890//1890 1873//1873 1962//1962
f 1904//1904 1902//1902 1960//1960
f 1847//1847 1982//1982 1979//1979
f 1839//1839 1959//1959 1947//1947
f 1925//1925 1944//1944 1851//1851
f 1664//1664 1971//1971 1872//1872
f 1885//1885 1938//1938 1952//1952
f 1893//1893 2026//2026 1900//1900
f 1803//1803 2003//2003 1879//1879
f 1903//1903 1992//1992 1958//1958
f 1846//1846 2063//2063 1907//1907
f 1857//1857 1901//1901 1932//1932
f 1740//1740 1802//1802 1868//1868
f 1595//1595 1814//1814 2029//2029
f 1644//1644 1891//1891 1747//1747
f 1861//1861 1990//1990 1745//1745
f 1878//1878 1855//1855 1988//1988
f 1955//1955 1829//1829 1918//1918
f 1934//1934 1827//1827 1970//1970
f 1831//1831 2064//2064 1866//1866
f 1925//1925 1863//1863 1987//1987
f 1832//1832 1961//1961 1803//1803
f 1889//1889 1899//1899 1968//1968
f 1895//1895 1915//1915 1985//1985
f 1897//1897 1922//1922 1953//1953
f 1664//1664 1916//1916 1971//1971
f 1889//1889 1968//1968 1943//1943
f 1840//1840 1907//1907 2009//2009
f 1957//1957 1972//1972 1927//1927
f 1936//1936 1894//1894 1979//1979
f 1929//1929 1940//1940 1902//1902
f 1841//1841 1877//1877 1916//1916
f 1945//1945 1969//1969 1938//1938
f 1807//1807 1976//1976 1877//1877
f 1939//1939 1936//1936 1977//1977
f 1924//1924 1954//1954 1963//1963
f 1844//1844 1906//1906 1946//1946
f 2075//2075 1895//1895 1965//1965
f 1839//1839 1966//1966 1923//1923
f 1892//1892 1910//1910 1986//1986
f 1647//1647 1912//1912 1920//1920
f 1670//1670 1868//1868 1964//1964
f 1827//1827 1931//1931 1970//1970
f 1863//1863 1895//1895 2075//2075
f 1945//1945 1941//1941 1969//1969
f 1870//1870 1994//1994 1893//1893
f 1560//1560 2038//2038 1912//1912
f 1848//1848 1939//1939 1931//1931
f 1828//1828 1927//1927 2027//2027
f 1873//1873 1937//1937 1962//1962
f 1846//1846 1955//1955 2063//2063
f 1850//1850 1878//1878 1988//1988
f 1906//1906 1668//1668 1709//1709
f 1974//1974 1976//1976 1807//1807
f 1892//1892 1980//1980 1883//1883
f 1728//1728 1917//1917 1908//1908
f 1744//1744 1989//1989 1898//1898
f 1850//1850 1988//1988 1950//1950
f 1904//1904 1983//1983 1954//1954
f 1883//1883 2002//2002 1922//1922
f 1901//1901 1953//1953 1932//1932
f 1929//1929 1942//1942 1940//1940
f 1916//1916 1877//1877 1971//1971
f 1899//1899 1996//1996 1968//1968
f 1890//1890 1962//1962 1919//1919
f 1930//1930 2000//2000 1910//1910
f 1892//1892 1986//1986 1980//1980
f 1865//1865 1886//1886 2012//2012
f 1828//1828 2027//2027 1849//1849
f 1879//1879 2003//2003 1896//1896
f 1895//1895 1985//1985 1965//1965
f 1953//1953 1922//1922 2002//2002
f 1870//1870 1822//1822 1994//1994
f 1933//1933 1952//1952 1951//1951
f 1904//1904 1960//1960 1983//1983
f 1963//1963 1993//1993 1941//1941
f 1957//1957 1944//1944 1972//1972
f 1930//1930 1943//1943 1975//1975
f 1880//1880 1999//1999 1918//1918
f 1862//1862 1995//1995 1535//1535
f 1954//1954 1993//1993 1963//1963
f 1909//1909 1840//1840 2031//2031
f 1876//1876 1950//1950 2015//2015
f 1871//1871 1872//1872 2030//2030
f 1920//1920 2007//2007 1974//1974
f 1856//1856 1998//1998 1984//1984
f 1938//1938 1969//1969 1997//1997
f 1171//1171 1967//1967 1875//1875
f 1938//1938 1997//1997 1952//1952
f 1883//1883 1980//1980 2002//2002
f 1953//1953 2002//2002 2013//2013
f 1940//1940 2043//2043 1902//1902
f 1953//1953 1956//1956 1932//1932
f 1745//1745 2032//2032 1856//1856
f 1855//1855 1854//1854 2034//2034
f 1840//1840 2008//2008 2031//2031
f 1950//1950 1988//1988 2015//2015
f 1919//1919 1962//1962 2004//2004
f 1885//1885 1951//1951 2023//2023
f 1849//1849 1973//1973 1880//1880
f 1914//1914 1821//1821 2021//2021
f 1958//1958 1992//1992 2044//2044
f 1899//1899 1923//1923 1996//1996
f 1949//1949 2036//2036 1832//1832
f 1918//1918 1999//1999 1955//1955
f 1986//1986 2011//2011 1980//1980
f 1975//1975 2000//2000 1930//1930
f 1969//1969 1941//1941 2014//2014
f 1982//1982 2001//2001 1979//1979
f 1931//1931 1939//1939 1981//1981
f 1942//1942 1934//1934 1991//1991
f 1919//1919 2004//2004 1911//1911
f 1911//1911 2004//2004 2024//2024
f 1898//1898 2093//2093 2035//2035
f 1907//1907 2063//2063 2009//2009
f 1863//1863 2075//2075 2101//2101
f 1881//1881 2017//2017 1992//1992
f 1985//1985 1915//1915 2028//2028
f 1994//1994 2026//2026 1893//1893
f 1910//1910 2000//2000 1986//1986
f 1974//1974 2048//2048 1976//1976
f 1941//1941 1993//1993 2014//2014
f 1840//1840 2009//2009 2008//2008
f 1885//1885 2023//2023 1886//1886
f 1939//1939 1977//1977 1981//1981
f 1925//1925 2058//2058 1944//1944
f 1949//1949 1946//1946 2036//2036
f 1900//1900 2026//2026 1978//1978
f 1745//1745 1990//1990 2032//2032
f 1962//1962 1937//1937 2033//2033
f 1959//1959 1911//1911 2024//2024
f 1872//1872 1971//1971 2030//2030
f 1863//1863 2101//2101 1987//1987
f 2000//2000 2020//2020 1986//1986
f 1896//1896 2003//2003 1814//1814
f 1944//1944 2025//2025 1972//1972
f 2011//2011 1986//1986 2020//2020
f 1709//1709 1871//1871 2022//2022
f 1988//1988 1855//1855 2034//2034
f 2075//2075 2041//2041 2101//2101
f 1970//1970 1931//1931 2059//2059
f 1931//1931 1981//1981 2059//2059
f 1982//1982 2035//2035 2001//2001
f 1925//1925 1987//1987 2058//2058
f 1795//1795 2073//2073 1822//1822
f 2026//2026 1994//1994 2037//2037
f 1909//1909 2031//2031 1913//1913
f 1891//1891 1773//1773 2046//2046
f 2017//2017 1881//1881 1913//1913
f 1943//1943 1968//1968 1975//1975
f 1898//1898 1989//1989 2093//2093
f 1902//1902 2043//2043 1960//1960
f 1877//1877 2050//2050 1971//1971
f 1960//1960 2043//2043 2052//2052
f 2030//2030 1971//1971 2053//2053
f 1900//1900 1978//1978 2038//2038
f 2034//2034 1854//1854 2039//2039
f 1874//1874 2079//2079 2005//2005
f 1914//1914 2040//2040 1852//1852
f 1906//1906 1709//1709 2019//2019
f 1709//1709 2010//2010 2019//2019
f 1991//1991 1934//1934 1970//1970
f 1980//1980 2011//2011 2002//2002
f 1974//1974 2007//2007 2048//2048
f 1953//1953 2013//2013 2045//2045
f 1709//1709 2022//2022 2010//2010
f 2000//2000 1975//1975 2051//2051
f 1803//1803 1961//1961 2003//2003
f 1935//1935 1920//1920 1692//1692
f 1876//1876 2015//2015 1937//1937
f 2001//2001 2049//2049 1979//1979
f 1989//1989 1956//1956 2016//2016
f 1936//1936 1979//1979 2049//2049
f 1968//1968 2051//2051 1975//1975
f 1944//1944 2058//2058 2025//2025
f 2000//2000 2051//2051 2020//2020
f 2053//2053 1971//1971 2050//2050
f 1599//1599 1928//1928 1673//1673
f 1856//1856 2032//2032 1998//1998
f 1940//1940 1942//1942 2042//2042
f 1940//1940 2042//2042 2054//2054
f 1942//1942 1991//1991 2042//2042
f 1946//1946 1906//1906 2070//2070
f 1960//1960 2052//2052 1983//1983
f 1670//1670 1964//1964 1790//1790
f 1859//1859 1921//1921 2110//2110
f 1972//1972 2025//2025 2058//2058
f 1972//1972 2058//2058 1927//1927
f 1954//1954 2056//2056 1993//1993
f 1886//1886 2060//2060 2012//2012
f 1954//1954 1983//1983 2081//2081
f 1906//1906 2019//2019 2018//2018
f 1952//1952 1997//1997 1951//1951
f 1903//1903 1958//1958 1854//1854
f 1953//1953 2045//2045 1956//1956
f 1954//1954 2081//2081 2056//2056
f 1913//1913 2031//2031 2017//2017
f 2027//2027 1927//1927 2055//2055
f 1965//1965 1985//1985 2057//2057
f 1965//1965 2057//2057 2006//2006
f 1871//1871 2030//2030 2022//2022
f 1880//1880 1973//1973 1999//1999
f 1965//1965 2061//2061 2075//2075
f 1908//1908 2102//2102 1861//1861
f 2004//2004 1962//1962 2062//2062
f 2011//2011 2020//2020 2071//2071
f 1983//1983 2052//2052 2081//2081
f 1852//1852 2107//2107 1831//1831
f 1915//1915 1984//1984 2028//2028
f 1999//1999 2065//2065 1955//1955
f 1914//1914 2021//2021 2040//2040
f 1969//1969 2014//2014 2083//2083
f 1908//1908 1917//1917 2115//2115
f 2033//2033 2066//2066 1962//1962
f 1955//1955 2065//2065 2063//2063
f 1854//1854 1958//1958 2039//2039
f 1994//1994 1822//1822 2073//2073
f 2011//2011 2071//2071 2002//2002
f 1927//1927 2058//2058 2055//2055
f 2020//2020 2051//2051 2106//2106
f 1958//1958 2044//2044 2085//2085
f 1940//1940 2054//2054 2043//2043
f 2001//2001 2035//2035 2069//2069
f 1996//1996 1923//1923 2086//2086
f 1831//1831 2107//2107 2064//2064
f 1513//1513 1535//1535 1967//1967
f 1993//1993 2056//2056 2083//2083
f 1993//1993 2083//2083 2014//2014
f 1977//1977 1936//1936 2072//2072
f 1969//1969 2074//2074 1997//1997
f 2001//2001 2069//2069 2049//2049
f 1324//1324 2356//2356 1835//1835
f 1976//1976 2048//2048 2080//2080
f 2007//2007 1920//1920 2067//2067
f 2023//2023 1951//1951 2078//2078
f 1969//1969 2083//2083 2074//2074
f 1999//1999 1973//1973 2065//2065
f 1747//1747 1891//1891 2046//2046
f 1968//1968 2094//2094 2051//2051
f 2049//2049 2072//2072 1936//1936
f 1832//1832 2036//2036 1961//1961
f 2021//2021 1821//1821 2068//2068
f 2013//2013 2089//2089 2045//2045
f 2052//2052 2043//2043 2076//2076
f 2049//2049 2069//2069 2082//2082
f 1886//1886 2023//2023 2060//2060
f 1946//1946 2070//2070 2047//2047
f 2007//2007 2067//2067 2080//2080
f 1868//1868 2088//2088 1964//1964
f 2010//2010 2022//2022 2019//2019
f 1997//1997 2074//2074 1951//1951
f 1965//1965 2006//2006 2091//2091
f 2027//2027 2055//2055 2120//2120
f 1946//1946 2047//2047 2036//2036
f 2071//2071 2020//2020 2106//2106
f 1908//1908 2115//2115 2102//2102
f 1937//1937 2015//2015 2033//2033
f 2003//2003 1961//1961 2087//2087
f 2031//2031 2008//2008 2140//2140
f 1865//1865 2012//2012 1874//1874
f 2003//2003 2087//2087 1814//1814
f 1861//1861 2102//2102 1990//1990
f 2027//2027 2120//2120 1849//1849
f 2033//2033 2015//2015 2097//2097
f 2024//2024 2084//2084 1959//1959
f 2019//2019 2022//2022 2117//2117
f 2045//2045 2089//2089 1956//1956
f 1802//1802 1842//1842 2105//2105
f 2035//2035 2093//2093 2069//2069
f 1866//1866 2099//2099 1917//1917
f 1814//1814 2133//2133 2029//2029
f 2041//2041 2090//2090 2101//2101
f 1790//1790 1964//1964 1821//1821
f 2024//2024 2004//2004 2084//2084
f 1958//1958 2085//2085 2039//2039
f 2040//2040 2107//2107 1852//1852
f 2013//2013 2002//2002 2098//2098
f 1951//1951 2108//2108 2078//2078
f 1981//1981 1977//1977 2100//2100
f 1988//1988 2034//2034 2015//2015
f 1968//1968 1996//1996 2094//2094
f 1923//1923 1966//1966 2119//2119
f 2033//2033 2097//2097 2092//2092
f 1989//1989 2016//2016 2093//2093
f 1998//1998 2032//2032 2122//2122
f 1992//1992 2017//2017 2044//2044
f 2009//2009 2103//2103 2008//2008
f 1917//1917 2099//2099 2115//2115
f 1773//1773 2077//2077 2046//2046
f 2056//2056 2081//2081 2111//2111
f 2021//2021 2068//2068 2114//2114
f 1981//1981 2100//2100 2118//2118
f 2002//2002 2071//2071 2098//2098
f 1906//1906 2169//2169 2070//2070
f 2004//2004 2062//2062 2149//2149
f 2053//2053 2050//2050 2113//2113
f 2009//2009 2063//2063 2103//2103
f 2089//2089 2013//2013 2104//2104
f 1996//1996 2086//2086 2094//2094
f 1802//1802 2109//2109 1868//1868
f 1849//1849 2120//2120 1973//1973
f 2056//2056 2111//2111 2083//2083
f 1951//1951 2074//2074 2108//2108
f 1970//1970 2059//2059 1991//1991
f 2033//2033 2092//2092 2066//2066
f 1947//1947 2119//2119 1966//1966
f 2051//2051 2094//2094 2112//2112
f 2050//2050 1877//1877 1976//1976
f 1959//1959 2084//2084 1947//1947
f 2074//2074 2083//2083 2111//2111
f 2041//2041 2075//2075 2159//2159
f 1977//1977 2072//2072 2100//2100
f 2099//2099 1866//1866 2124//2124
f 1987//1987 2101//2101 2129//2129
f 1906//1906 2018//2018 2169//2169
f 2051//2051 2112//2112 2106//2106
f 1981//1981 2118//2118 2059//2059
f 2054//2054 2042//2042 2125//2125
f 1921//1921 2219//2219 2191//2191
f 1874//1874 2012//2012 2079//2079
f 2049//2049 2132//2132 2072//2072
f 2019//2019 2116//2116 2018//2018
f 2055//2055 2058//2058 2120//2120
f 2074//2074 2111//2111 2108//2108
f 2043//2043 2054//2054 2076//2076
f 1990//1990 2123//2123 2032//2032
f 1921//1921 1926//1926 2219//2219
f 1821//1821 2121//2121 2068//2068
f 2030//2030 2053//2053 2113//2113
f 2085//2085 2044//2044 2131//2131
f 2019//2019 2117//2117 2116//2116
f 1842//1842 2029//2029 2105//2105
f 2062//2062 2095//2095 2149//2149
f 2015//2015 2034//2034 2039//2039
f 1987//1987 2129//2129 2058//2058
f 2028//2028 1984//1984 2127//2127
f 2044//2044 2017//2017 2137//2137
f 1962//1962 2066//2066 2062//2062
f 2069//2069 2128//2128 2082//2082
f 2092//2092 2097//2097 2167//2167
f 1868//1868 2109//2109 2088//2088
f 1859//1859 2110//2110 1928//1928
f 2013//2013 2098//2098 2104//2104
f 2089//2089 2016//2016 1956//1956
f 2021//2021 2114//2114 2040//2040
f 2090//2090 2041//2041 2130//2130
f 1866//1866 2064//2064 2124//2124
f 2048//2048 2007//2007 2080//2080
f 2064//2064 2107//2107 2124//2124
f 2081//2081 2052//2052 2148//2148
f 2069//2069 2146//2146 2128//2128
f 2017//2017 2031//2031 2137//2137
f 2030//2030 2136//2136 2022//2022
f 2036//2036 2047//2047 1961//1961
f 2086//2086 1923//1923 2145//2145
f 1998//1998 2122//2122 1984//1984
f 2008//2008 2103//2103 2140//2140
f 1994//1994 2073//2073 2037//2037
f 2131//2131 2044//2044 2137//2137
f 2101//2101 2090//2090 2238//2238
f 2100//2100 2072//2072 2138//2138
f 2039//2039 2085//2085 2131//2131
f 2094//2094 2086//2086 2139//2139
f 1984//1984 2122//2122 2127//2127
f 2108//2108 2144//2144 2078//2078
f 2135//2135 2102//2102 2115//2115
f 2134//2134 2135//2135 2078//2078
f 2022//2022 2136//2136 2117//2117
f 2148//2148 2111//2111 2081//2081
f 2049//2049 2082//2082 2132//2132
f 1747//1747 2046//2046 2126//2126
f 2054//2054 2125//2125 2076//2076
f 1967//1967 2096//2096 1875//1875
f 2135//2135 2152//2152 2102//2102
f 2125//2125 2042//2042 2154//2154
f 2094//2094 2139//2139 2112//2112
f 2139//2139 2143//2143 2112//2112
f 1978//1978 2026//2026 2037//2037
f 2069//2069 2093//2093 2146//2146
f 2063//2063 2065//2065 2103//2103
f 2038//2038 2150//2150 1912//1912
f 1978//1978 2153//2153 2038//2038
f 2004//2004 2149//2149 2084//2084
f 2090//2090 2130//2130 2172//2172
f 2118//2118 2100//2100 2147//2147
f 2070//2070 2169//2169 2255//2255
f 2144//2144 2134//2134 2078//2078
f 1923//1923 2119//2119 2145//2145
f 2038//2038 2153//2153 2150//2150
f 2087//2087 2208//2208 1814//1814
f 2108//2108 2111//2111 2151//2151
f 2075//2075 2061//2061 2159//2159
f 2067//2067 1920//1920 2155//2155
f 2041//2041 2159//2159 2163//2163
f 2089//2089 2156//2156 2016//2016
f 1814//1814 2208//2208 2133//2133
f 2047//2047 2208//2208 1961//1961
f 2028//2028 2127//2127 2160//2160
f 2108//2108 2151//2151 2144//2144
f 2052//2052 2076//2076 2181//2181
f 2139//2139 2086//2086 2158//2158
f 1835//1835 2356//2356 2073//2073
f 2128//2128 2146//2146 2157//2157
f 2135//2135 2023//2023 2078//2078
f 2111//2111 2221//2221 2151//2151
f 2067//2067 2252//2252 2080//2080
f 2041//2041 2163//2163 2130//2130
f 2052//2052 2181//2181 2148//2148
f 1978//1978 2037//2037 2182//2182
f 2031//2031 2140//2140 2141//2141
f 1991//1991 2154//2154 2042//2042
f 1985//1985 2218//2218 2057//2057
f 2135//2135 2194//2194 2174//2174
f 1990//1990 2102//2102 2123//2123
f 2139//2139 2158//2158 2143//2143
f 2061//2061 1965//1965 2091//2091
f 1821//1821 1964//1964 2173//2173
f 2128//2128 2157//2157 2082//2082
f 2047//2047 2070//2070 2165//2165
f 2137//2137 2031//2031 2141//2141
f 2125//2125 2164//2164 2076//2076
f 1535//1535 1995//1995 2142//2142
f 2135//2135 2174//2174 2152//2152
f 2098//2098 2071//2071 2106//2106
f 2039//2039 2131//2131 2015//2015
f 2134//2134 2194//2194 2135//2135
f 2121//2121 2211//2211 2068//2068
f 2114//2114 2068//2068 2171//2171
f 2047//2047 2165//2165 2208//2208
f 2090//2090 2166//2166 2238//2238
f 2072//2072 2132//2132 2138//2138
f 2082//2082 2177//2177 2132//2132
f 2144//2144 2151//2151 2134//2134
f 2087//2087 1961//1961 2208//2208
f 1991//1991 2170//2170 2154//2154
f 1324//1324 1696//1696 2291//2291
f 2118//2118 2189//2189 2059//2059
f 1821//1821 2173//2173 2121//2121
f 2059//2059 2216//2216 1991//1991
f 1920//1920 1912//1912 2155//2155
f 2091//2091 2006//2006 2176//2176
f 1973//1973 2197//2197 2065//2065
f 2059//2059 2189//2189 2216//2216
f 2118//2118 2147//2147 2183//2183
f 2148//2148 2184//2184 2111//2111
f 2101//2101 2238//2238 2129//2129
f 2090//2090 2172//2172 2166//2166
f 2178//2178 2175//2175 2179//2179
f 2118//2118 2183//2183 2180//2180
f 2030//2030 2113//2113 2136//2136
f 2012//2012 2060//2060 2192//2192
f 2116//2116 2169//2169 2018//2018
f 2046//2046 2077//2077 2168//2168
f 2135//2135 2115//2115 2023//2023
f 2103//2103 2065//2065 2220//2220
f 2120//2120 2058//2058 2185//2185
f 2006//2006 2057//2057 2176//2176
f 2067//2067 2187//2187 2252//2252
f 2012//2012 2192//2192 2079//2079
f 1964//1964 2088//2088 2173//2173
f 2131//2131 2193//2193 2015//2015
f 2118//2118 2180//2180 2189//2189
f 2121//2121 2173//2173 2214//2214
f 2057//2057 2218//2218 2176//2176
f 2058//2058 2129//2129 2185//2185
f 2177//2177 2186//2186 2132//2132
f 1673//1673 1928//1928 2199//2199
f 2111//2111 2184//2184 2221//2221
f 2098//2098 2106//2106 2201//2201
f 2040//2040 2212//2212 2107//2107
f 2134//2134 2151//2151 2206//2206
f 1985//1985 2028//2028 2218//2218
f 2093//2093 2196//2196 2146//2146
f 2132//2132 2186//2186 2138//2138
f 2106//2106 2112//2112 2188//2188
f 2158//2158 2086//2086 2145//2145
f 2098//2098 2201//2201 2104//2104
f 2084//2084 2203//2203 1947//1947
f 2137//2137 2141//2141 2259//2259
f 2091//2091 2200//2200 2061//2061
f 2093//2093 2016//2016 2196//2196
f 2167//2167 2097//2097 2264//2264
f 2016//2016 2156//2156 2196//2196
f 2130//2130 2163//2163 2202//2202
f 2005//2005 2209//2209 1948//1948
f 2015//2015 2193//2193 2097//2097
f 2032//2032 2123//2123 2122//2122
f 2112//2112 2143//2143 2188//2188
f 2079//2079 2209//2209 2005//2005
f 2149//2149 2224//2224 2084//2084
f 2178//2178 2179//2179 2190//2190
f 2130//2130 2202//2202 2172//2172
f 2157//2157 2146//2146 2256//2256
f 2100//2100 2138//2138 2205//2205
f 2151//2151 2221//2221 2195//2195
f 2097//2097 2193//2193 2264//2264
f 2070//2070 2255//2255 2165//2165
f 2206//2206 2194//2194 2134//2134
f 2073//2073 2182//2182 2037//2037
f 1991//1991 2216//2216 2170//2170
f 2195//2195 2236//2236 2151//2151
f 2123//2123 2102//2102 2152//2152
f 1973//1973 2162//2162 2197//2197
f 2084//2084 2161//2161 2203//2203
f 2065//2065 2197//2197 2204//2204
f 2178//2178 2207//2207 2175//2175
f 2178//2178 2213//2213 2207//2207
f 2068//2068 2211//2211 2171//2171
f 2065//2065 2204//2204 2220//2220
f 2145//2145 2119//2119 2228//2228
f 2157//2157 2245//2245 2241//2241
f 2157//2157 2241//2241 2217//2217
f 2100//2100 2205//2205 2147//2147
f 1973//1973 2120//2120 2162//2162
f 2089//2089 2104//2104 2156//2156
f 2029//2029 2223//2223 2105//2105
f 2149//2149 2095//2095 2224//2224
f 2136//2136 2113//2113 2330//2330
f 2092//2092 2226//2226 2066//2066
f 2115//2115 2099//2099 2215//2215
f 2198//2198 2178//2178 2190//2190
f 2157//2157 2256//2256 2245//2245
f 2143//2143 2158//2158 2250//2250
f 2157//2157 2217//2217 2082//2082
f 2125//2125 2154//2154 2164//2164
f 2151//2151 2236//2236 2206//2206
f 1535//1535 2142//2142 1967//1967
f 2060//2060 2023//2023 2215//2215
f 2028//2028 2160//2160 2218//2218
f 1978//1978 2182//2182 2153//2153
f 2177//2177 2082//2082 2217//2217
f 2115//2115 2215//2215 2023//2023
f 1948//1948 2230//2230 1926//1926
f 2092//2092 2167//2167 2233//2233
f 2156//2156 2225//2225 2227//2227
f 2137//2137 2193//2193 2131//2131
f 2095//2095 2062//2062 2229//2229
f 2079//2079 2192//2192 2209//2209
f 2143//2143 2242//2242 2188//2188
f 2193//2193 2234//2234 2264//2264
f 2186//2186 2237//2237 2138//2138
f 2091//2091 2176//2176 2244//2244
f 2107//2107 2099//2099 2124//2124
f 2156//2156 2227//2227 2196//2196
f 2106//2106 2188//2188 2201//2201
f 1921//1921 2191//2191 2110//2110
f 2196//2196 2227//2227 2146//2146
f 2050//2050 1976//1976 2249//2249
f 2029//2029 2133//2133 2223//2223
f 1802//1802 2294//2294 2109//2109
f 2159//2159 2235//2235 2163//2163
f 2160//2160 2127//2127 2231//2231
f 2181//2181 2184//2184 2148//2148
f 1912//1912 2150//2150 2155//2155
f 2227//2227 2278//2278 2146//2146
f 2062//2062 2066//2066 2226//2226
f 2145//2145 2250//2250 2158//2158
f 2119//2119 2279//2279 2228//2228
f 2061//2061 2200//2200 2159//2159
f 2143//2143 2250//2250 2242//2242
f 2103//2103 2220//2220 2140//2140
f 2092//2092 2233//2233 2226//2226
f 2137//2137 2259//2259 2193//2193
f 2228//2228 2250//2250 2145//2145
f 2224//2224 2095//2095 2319//2319
f 2217//2217 2243//2243 2177//2177
f 2194//2194 2206//2206 2179//2179
f 2113//2113 2050//2050 2249//2249
f 2040//2040 2114//2114 2239//2239
f 2062//2062 2226//2226 2229//2229
f 2195//2195 2198//2198 2236//2236
f 2183//2183 2292//2292 2180//2180
f 2109//2109 2294//2294 2222//2222
f 2256//2256 2146//2146 2278//2278
f 2161//2161 2084//2084 2224//2224
f 2127//2127 2122//2122 2231//2231
f 2138//2138 2237//2237 2205//2205
f 2091//2091 2244//2244 2200//2200
f 2179//2179 2206//2206 2236//2236
f 2179//2179 2236//2236 2190//2190
f 2166//2166 2202//2202 2238//2238
f 2107//2107 2212//2212 2232//2232
f 1947//1947 2203//2203 2253//2253
f 1947//1947 2253//2253 2119//2119
f 2164//2164 2181//2181 2076//2076
f 2195//2195 2276//2276 2198//2198
f 2067//2067 2155//2155 2187//2187
f 2175//2175 2207//2207 2267//2267
f 2250//2250 2228//2228 2274//2274
f 2147//2147 2205//2205 2262//2262
f 2046//2046 2168//2168 2282//2282
f 2233//2233 2167//2167 2311//2311
f 2113//2113 2249//2249 2330//2330
f 2255//2255 2169//2169 2324//2324
f 2186//2186 2246//2246 2237//2237
f 2186//2186 2177//2177 2243//2243
f 2186//2186 2240//2240 2246//2246
f 2160//2160 2231//2231 2263//2263
f 2141//2141 2140//2140 2220//2220
f 2159//2159 2200//2200 2235//2235
f 2073//2073 2356//2356 2182//2182
f 1862//1862 2199//2199 1995//1995
f 2227//2227 2225//2225 2261//2261
f 2114//2114 2171//2171 2239//2239
f 2236//2236 2198//2198 2190//2190
f 2202//2202 2166//2166 2172//2172
f 2122//2122 2123//2123 2231//2231
f 2195//2195 2248//2248 2276//2276
f 2123//2123 2152//2152 2251//2251
f 2117//2117 2136//2136 2116//2116
f 2278//2278 2227//2227 2261//2261
f 2208//2208 2258//2258 2133//2133
f 2120//2120 2185//2185 2162//2162
f 2250//2250 2254//2254 2242//2242
f 2156//2156 2104//2104 2273//2273
f 2104//2104 2201//2201 2273//2273
f 2040//2040 2239//2239 2212//2212
f 2245//2245 2257//2257 2241//2241
f 2179//2179 2175//2175 2267//2267
f 2163//2163 2247//2247 2202//2202
f 2198//2198 2276//2276 2178//2178
f 2208//2208 2165//2165 2258//2258
f 2186//2186 2243//2243 2240//2240
f 1928//1928 2351//2351 2199//2199
f 2184//2184 2248//2248 2221//2221
f 2257//2257 2277//2277 2241//2241
f 2195//2195 2221//2221 2248//2248
f 2267//2267 2207//2207 2284//2284
f 1976//1976 2080//2080 2249//2249
f 2160//2160 2263//2263 2218//2218
f 2235//2235 2260//2260 2163//2163
f 2167//2167 2264//2264 2311//2311
f 2163//2163 2271//2271 2247//2247
f 2203//2203 2161//2161 2272//2272
f 2193//2193 2259//2259 2312//2312
f 2213//2213 2269//2269 2207//2207
f 2274//2274 2228//2228 2279//2279
f 2179//2179 2267//2267 2194//2194
f 2235//2235 2265//2265 2260//2260
f 2119//2119 2253//2253 2279//2279
f 2218//2218 2263//2263 2176//2176
f 2147//2147 2262//2262 2268//2268
f 1967//1967 2142//2142 2309//2309
f 2095//2095 2229//2229 2319//2319
f 2188//2188 2273//2273 2201//2201
f 2242//2242 2273//2273 2188//2188
f 2220//2220 2259//2259 2141//2141
f 2163//2163 2260//2260 2271//2271
f 2126//2126 2320//2320 1747//1747
f 2080//2080 2252//2252 2249//2249
f 2171//2171 2211//2211 2283//2283
f 2154//2154 2352//2352 2164//2164
f 2147//2147 2268//2268 2183//2183
f 2207//2207 2269//2269 2284//2284
f 2216//2216 2189//2189 2270//2270
f 2046//2046 2282//2282 2210//2210
f 2176//2176 2263//2263 2244//2244
f 2213//2213 2178//2178 2290//2290
f 2161//2161 2224//2224 2272//2272
f 2203//2203 2280//2280 2253//2253
f 2181//2181 2281//2281 2184//2184
f 2077//2077 1875//1875 2168//2168
f 2180//2180 2292//2292 2189//2189
f 2173//2173 2286//2286 2214//2214
f 2235//2235 2200//2200 2244//2244
f 2171//2171 2283//2283 2387//2387
f 2220//2220 2204//2204 2259//2259
f 2260//2260 2288//2288 2271//2271
f 2178//2178 2276//2276 2290//2290
f 2189//2189 2292//2292 2270//2270
f 1926//1926 2230//2230 2219//2219
f 2224//2224 2319//2319 2323//2323
f 2245//2245 2256//2256 2257//2257
f 2238//2238 2202//2202 2315//2315
f 2225//2225 2156//2156 2285//2285
f 2275//2275 2247//2247 2271//2271
f 2181//2181 2164//2164 2281//2281
f 2281//2281 2164//2164 2293//2293
f 2123//2123 2251//2251 2231//2231
f 2280//2280 2203//2203 2272//2272
f 2046//2046 2210//2210 2126//2126
f 2242//2242 2254//2254 2273//2273
f 2235//2235 2244//2244 2265//2265
f 2263//2263 2265//2265 2244//2244
f 1802//1802 2296//2296 2294//2294
f 2225//2225 2285//2285 2261//2261
f 2241//2241 2310//2310 2217//2217
f 1875//1875 2096//2096 2343//2343
f 2164//2164 2352//2352 2293//2293
f 2248//2248 2184//2184 2281//2281
f 2253//2253 2280//2280 2334//2334
f 2217//2217 2301//2301 2243//2243
f 2257//2257 2256//2256 2329//2329
f 2285//2285 2156//2156 2289//2289
f 2275//2275 2271//2271 2307//2307
f 2165//2165 2255//2255 2258//2258
f 2271//2271 2288//2288 2307//2307
f 2211//2211 2121//2121 2283//2283
f 2107//2107 2232//2232 2099//2099
f 2243//2243 2317//2317 2240//2240
f 2170//2170 2308//2308 2154//2154
f 2274//2274 2297//2297 2250//2250
f 2156//2156 2273//2273 2289//2289
f 2231//2231 2355//2355 2263//2263
f 2216//2216 2308//2308 2170//2170
f 2292//2292 2183//2183 2268//2268
f 2260//2260 2265//2265 2298//2298
f 2285//2285 2306//2306 2261//2261
f 2222//2222 2294//2294 2303//2303
f 2254//2254 2250//2250 2297//2297
f 2304//2304 2295//2295 2298//2298
f 2152//2152 2174//2174 2332//2332
f 2129//2129 2238//2238 2185//2185
f 2248//2248 2281//2281 2331//2331
f 2255//2255 2324//2324 2326//2326
f 2247//2247 2275//2275 2307//2307
f 2259//2259 2204//2204 2314//2314
f 2260//2260 2298//2298 2316//2316
f 2312//2312 2305//2305 2193//2193
f 2216//2216 2270//2270 2308//2308
f 2253//2253 2378//2378 2279//2279
f 2099//2099 2325//2325 2215//2215
f 2256//2256 2278//2278 2261//2261
f 2260//2260 2316//2316 2288//2288
f 1802//1802 2105//2105 2296//2296
f 2257//2257 2318//2318 2302//2302
f 2257//2257 2302//2302 2277//2277
f 2155//2155 2150//2150 2187//2187
f 2193//2193 2305//2305 2234//2234
f 2202//2202 2247//2247 2315//2315
f 2088//2088 2286//2286 2173//2173
f 2241//2241 2277//2277 2310//2310
f 2257//2257 2329//2329 2318//2318
f 2182//2182 2287//2287 2153//2153
f 2231//2231 2251//2251 2355//2355
f 2213//2213 2290//2290 2269//2269
f 2297//2297 2274//2274 2279//2279
f 2169//2169 2116//2116 2324//2324
f 2240//2240 2317//2317 2246//2246
f 2295//2295 2328//2328 2321//2321
f 2298//2298 2295//2295 2321//2321
f 1995//1995 2199//2199 2266//2266
f 2313//2313 2238//2238 2315//2315
f 2252//2252 2187//2187 2413//2413
f 2259//2259 2314//2314 2312//2312
f 2224//2224 2323//2323 2272//2272
f 2298//2298 2321//2321 2316//2316
f 2185//2185 2238//2238 2313//2313
f 2292//2292 2322//2322 2270//2270
f 2185//2185 2321//2321 2328//2328
f 1995//1995 2266//2266 2142//2142
f 2276//2276 2331//2331 2290//2290
f 2248//2248 2331//2331 2276//2276
f 2256//2256 2261//2261 2329//2329
f 2116//2116 2136//2136 2333//2333
f 2153//2153 2287//2287 2338//2338
f 2116//2116 2337//2337 2324//2324
f 2099//2099 2232//2232 2406//2406
f 2315//2315 2247//2247 2307//2307
f 2265//2265 2355//2355 2298//2298
f 1928//1928 2110//2110 2351//2351
f 2295//2295 2299//2299 2328//2328
f 2199//2199 2351//2351 2559//2559
f 2308//2308 2352//2352 2154//2154
f 2088//2088 2109//2109 2286//2286
f 2185//2185 2328//2328 2162//2162
f 2254//2254 2297//2297 2340//2340
f 2174//2174 2327//2327 2332//2332
f 2263//2263 2355//2355 2265//2265
f 2215//2215 2365//2365 2060//2060
f 2308//2308 2270//2270 2397//2397
f 2304//2304 2298//2298 2336//2336
f 2232//2232 2212//2212 2434//2434
f 2304//2304 2393//2393 2300//2300
f 2285//2285 2289//2289 2340//2340
f 2270//2270 2322//2322 2397//2397
f 2288//2288 2316//2316 2307//2307
f 2328//2328 2377//2377 2162//2162
f 2194//2194 2395//2395 2174//2174
f 2185//2185 2313//2313 2321//2321
f 2109//2109 2222//2222 2345//2345
f 1967//1967 2309//2309 2096//2096
f 2280//2280 2272//2272 2353//2353
f 2226//2226 2233//2233 2229//2229
f 2254//2254 2340//2340 2273//2273
f 2344//2344 2348//2348 2346//2346
f 2261//2261 2306//2306 2349//2349
f 2273//2273 2340//2340 2289//2289
f 2150//2150 2153//2153 2482//2482
f 2311//2311 2264//2264 2347//2347
f 2482//2482 2153//2153 2338//2338
f 2337//2337 2116//2116 2333//2333
f 2255//2255 2350//2350 2258//2258
f 2290//2290 2362//2362 2269//2269
f 2194//2194 2267//2267 2354//2354
f 2292//2292 2268//2268 2322//2322
f 2321//2321 2313//2313 2316//2316
f 2356//2356 1324//1324 2291//2291
f 2339//2339 2361//2361 2335//2335
f 2209//2209 2192//2192 2359//2359
f 2339//2339 2335//2335 2342//2342
f 2243//2243 2301//2301 2419//2419
f 2214//2214 2286//2286 2358//2358
f 2258//2258 2350//2350 2133//2133
f 2335//2335 2361//2361 2360//2360
f 2280//2280 2353//2353 2334//2334
f 2279//2279 2357//2357 2297//2297
f 2299//2299 2377//2377 2328//2328
f 2304//2304 2336//2336 2393//2393
f 2297//2297 2357//2357 2340//2340
f 2267//2267 2284//2284 2362//2362
f 2301//2301 2217//2217 2371//2371
f 2334//2334 2383//2383 2253//2253
f 2212//2212 2239//2239 2434//2434
f 2312//2312 2314//2314 2453//2453
f 2281//2281 2293//2293 2366//2366
f 2269//2269 2362//2362 2284//2284
f 2182//2182 2356//2356 2466//2466
f 2261//2261 2349//2349 2329//2329
f 2197//2197 2162//2162 2389//2389
f 2307//2307 2316//2316 2313//2313
f 2217//2217 2310//2310 2371//2371
f 2285//2285 2372//2372 2306//2306
f 2109//2109 2345//2345 2286//2286
f 2344//2344 2375//2375 2348//2348
f 2204//2204 2197//2197 2367//2367
f 2246//2246 2317//2317 2370//2370
f 2191//2191 2219//2219 2364//2364
f 2330//2330 2249//2249 2384//2384
f 2272//2272 2363//2363 2353//2353
f 2340//2340 2372//2372 2285//2285
f 2204//2204 2367//2367 2368//2368
f 2267//2267 2374//2374 2354//2354
f 2293//2293 2352//2352 2366//2366
f 2319//2319 2369//2369 2323//2323
f 2267//2267 2362//2362 2374//2374
f 2323//2323 2376//2376 2272//2272
f 2174//2174 2395//2395 2327//2327
f 2335//2335 2346//2346 2342//2342
f 2239//2239 2171//2171 2387//2387
f 2234//2234 2305//2305 2420//2420
f 2232//2232 2434//2434 2406//2406
f 2268//2268 2390//2390 2322//2322
f 2234//2234 2420//2420 2341//2341
f 2182//2182 2466//2466 2287//2287
f 2272//2272 2376//2376 2363//2363
f 2346//2346 2335//2335 2360//2360
f 2298//2298 2442//2442 2336//2336
f 2205//2205 2237//2237 2262//2262
f 2362//2362 2290//2290 2373//2373
f 2136//2136 2330//2330 2333//2333
f 2307//2307 2313//2313 2315//2315
f 2255//2255 2326//2326 2350//2350
f 2308//2308 2379//2379 2352//2352
f 2324//2324 2386//2386 2326//2326
f 2233//2233 2311//2311 2347//2347
f 2234//2234 2391//2391 2264//2264
f 2369//2369 2319//2319 2380//2380
f 2290//2290 2331//2331 2373//2373
f 2339//2339 2342//2342 2381//2381
f 2281//2281 2366//2366 2331//2331
f 2319//2319 2229//2229 2380//2380
f 2209//2209 2388//2388 1948//1948
f 2268//2268 2262//2262 2390//2390
f 2300//2300 2382//2382 2304//2304
f 2357//2357 2279//2279 2378//2378
f 2339//2339 2432//2432 2361//2361
f 2300//2300 2393//2393 2382//2382
f 2264//2264 2391//2391 2347//2347
f 2222//2222 2303//2303 2398//2398
f 2162//2162 2377//2377 2389//2389
f 2375//2375 2344//2344 2396//2396
f 2295//2295 2304//2304 2385//2385
f 2322//2322 2414//2414 2397//2397
f 2298//2298 2355//2355 2442//2442
f 2342//2342 2346//2346 2396//2396
f 2348//2348 2375//2375 2346//2346
f 2344//2344 2346//2346 2360//2360
f 2327//2327 2395//2395 2381//2381
f 2229//2229 2233//2233 2411//2411
f 2342//2342 2396//2396 2410//2410
f 2308//2308 2397//2397 2379//2379
f 2233//2233 2347//2347 2411//2411
f 2295//2295 2385//2385 2429//2429
f 2253//2253 2383//2383 2378//2378
f 2252//2252 2413//2413 2249//2249
f 2277//2277 2392//2392 2310//2310
f 2197//2197 2389//2389 2367//2367
f 2324//2324 2337//2337 2386//2386
f 2395//2395 2394//2394 2381//2381
f 2366//2366 2352//2352 2400//2400
f 2287//2287 2466//2466 2433//2433
f 2194//2194 2354//2354 2395//2395
f 2152//2152 2332//2332 2408//2408
f 2304//2304 2382//2382 2385//2385
f 2277//2277 2302//2302 2477//2477
f 2246//2246 2370//2370 2403//2403
f 2215//2215 2325//2325 2365//2365
f 2133//2133 2350//2350 2501//2501
f 2381//2381 2342//2342 2410//2410
f 2391//2391 2234//2234 2407//2407
f 2375//2375 2396//2396 2346//2346
f 2327//2327 2381//2381 2332//2332
f 2329//2329 2404//2404 2318//2318
f 2121//2121 2214//2214 2283//2283
f 2345//2345 2222//2222 2398//2398
f 2361//2361 2427//2427 2360//2360
f 2237//2237 2422//2422 2262//2262
f 2204//2204 2402//2402 2314//2314
f 1747//1747 2320//2320 1696//1696
f 2387//2387 2283//2283 2415//2415
f 2411//2411 2347//2347 2445//2445
f 2344//2344 2360//2360 2396//2396
f 2234//2234 2341//2341 2407//2407
f 2299//2299 2295//2295 2429//2429
f 2340//2340 2357//2357 2372//2372
f 2347//2347 2391//2391 2431//2431
f 2330//2330 2499//2499 2333//2333
f 2204//2204 2368//2368 2402//2402
f 2303//2303 2401//2401 2398//2398
f 2396//2396 2361//2361 2410//2410
f 2362//2362 2435//2435 2374//2374
f 2251//2251 2442//2442 2355//2355
f 2339//2339 2381//2381 2432//2432
f 2192//2192 2060//2060 2365//2365
f 2322//2322 2390//2390 2414//2414
f 2395//2395 2416//2416 2394//2394
f 2243//2243 2446//2446 2317//2317
f 2400//2400 2352//2352 2417//2417
f 2331//2331 2461//2461 2373//2373
f 2434//2434 2239//2239 2539//2539
f 2383//2383 2334//2334 2423//2423
f 2329//2329 2349//2349 2404//2404
f 2243//2243 2419//2419 2446//2446
f 2277//2277 2477//2477 2392//2392
f 2332//2332 2418//2418 2408//2408
f 2312//2312 2453//2453 2305//2305
f 2415//2415 2283//2283 2214//2214
f 2372//2372 2440//2440 2306//2306
f 2262//2262 2422//2422 2390//2390
f 2331//2331 2366//2366 2461//2461
f 2099//2099 2406//2406 2325//2325
f 2391//2391 2407//2407 2441//2441
f 2152//2152 2408//2408 2251//2251
f 2210//2210 2320//2320 2126//2126
f 2310//2310 2426//2426 2371//2371
f 2369//2369 2376//2376 2323//2323
f 2347//2347 2431//2431 2399//2399
f 2349//2349 2306//2306 2440//2440
f 2362//2362 2373//2373 2435//2435
f 2381//2381 2394//2394 2432//2432
f 2374//2374 2435//2435 2405//2405
f 2361//2361 2396//2396 2427//2427
f 2229//2229 2411//2411 2380//2380
f 2453//2453 2314//2314 2439//2439
f 2246//2246 2403//2403 2237//2237
f 2192//2192 2467//2467 2359//2359
f 2105//2105 2223//2223 2473//2473
f 2332//2332 2381//2381 2410//2410
f 2426//2426 2310//2310 2392//2392
f 2338//2338 2287//2287 2433//2433
f 2354//2354 2374//2374 2443//2443
f 2334//2334 2353//2353 2421//2421
f 2410//2410 2361//2361 2437//2437
f 2445//2445 2347//2347 2399//2399
f 2352//2352 2379//2379 2417//2417
f 2366//2366 2400//2400 2461//2461
f 2214//2214 2358//2358 2415//2415
f 2301//2301 2371//2371 2508//2508
f 2192//2192 2365//2365 2467//2467
f 2303//2303 2294//2294 2401//2401
f 2317//2317 2448//2448 2370//2370
f 2317//2317 2425//2425 2448//2448
f 2330//2330 2430//2430 2499//2499
f 2376//2376 2369//2369 2380//2380
f 2396//2396 2360//2360 2427//2427
f 2249//2249 2413//2413 2462//2462
f 2412//2412 2428//2428 2438//2438
f 2412//2412 2438//2438 2474//2474
f 2302//2302 2428//2428 2477//2477
f 2367//2367 2444//2444 2368//2368
f 2302//2302 2318//2318 2428//2428
f 2361//2361 2432//2432 2437//2437
f 2431//2431 2391//2391 2441//2441
f 2403//2403 2370//2370 2449//2449
f 2266//2266 2451//2451 2142//2142
f 2425//2425 2317//2317 2446//2446
f 2237//2237 2403//2403 2422//2422
f 2354//2354 2443//2443 2395//2395
f 2150//2150 2482//2482 2187//2187
f 2301//2301 2508//2508 2419//2419
f 2326//2326 2386//2386 2450//2450
f 2105//2105 2473//2473 2296//2296
f 2239//2239 2387//2387 2539//2539
f 2428//2428 2487//2487 2438//2438
f 2299//2299 2516//2516 2377//2377
f 2336//2336 2442//2442 2436//2436
f 2334//2334 2421//2421 2423//2423
f 2363//2363 2376//2376 2455//2455
f 2487//2487 2428//2428 2318//2318
f 2370//2370 2448//2448 2424//2424
f 2421//2421 2353//2353 2480//2480
f 2414//2414 2390//2390 2458//2458
f 2330//2330 2384//2384 2430//2430
f 2418//2418 2452//2452 2408//2408
f 2210//2210 2282//2282 2320//2320
f 2416//2416 2454//2454 2394//2394
f 2336//2336 2469//2469 2393//2393
f 2336//2336 2436//2436 2469//2469
f 2370//2370 2424//2424 2449//2449
f 2414//2414 2458//2458 2457//2457
f 2382//2382 2470//2470 2385//2385
f 2249//2249 2462//2462 2384//2384
f 2422//2422 2458//2458 2390//2390
f 2416//2416 2395//2395 2447//2447
f 2474//2474 2428//2428 2412//2412
f 2394//2394 2454//2454 2432//2432
f 2466//2466 2478//2478 2433//2433
f 2378//2378 2456//2456 2357//2357
f 2397//2397 2414//2414 2379//2379
f 2372//2372 2357//2357 2440//2440
f 2438//2438 2459//2459 2474//2474
f 2357//2357 2456//2456 2440//2440
f 2411//2411 2445//2445 2380//2380
f 2191//2191 2364//2364 2110//2110
f 2386//2386 2337//2337 2450//2450
f 2429//2429 2516//2516 2299//2299
f 2209//2209 2467//2467 2388//2388
f 2424//2424 2448//2448 2465//2465
f 2374//2374 2405//2405 2443//2443
f 2359//2359 2467//2467 2209//2209
f 1948//1948 2388//2388 2230//2230
f 2418//2418 2464//2464 2463//2463
f 2377//2377 2516//2516 2389//2389
f 2314//2314 2402//2402 2439//2439
f 2380//2380 2460//2460 2376//2376
f 2432//2432 2454//2454 2437//2437
f 2332//2332 2464//2464 2418//2418
f 2353//2353 2363//2363 2455//2455
f 2452//2452 2418//2418 2493//2493
f 2378//2378 2383//2383 2456//2456
f 2416//2416 2463//2463 2464//2464
f 2406//2406 2434//2434 2325//2325
f 2416//2416 2464//2464 2454//2454
f 2445//2445 2399//2399 2472//2472
f 2318//2318 2404//2404 2487//2487
f 2251//2251 2408//2408 2442//2442
f 2333//2333 2498//2498 2337//2337
f 2341//2341 2511//2511 2407//2407
f 2332//2332 2410//2410 2464//2464
f 2380//2380 2445//2445 2460//2460
f 2410//2410 2437//2437 2464//2464
f 2350//2350 2326//2326 2501//2501
f 2439//2439 2485//2485 2453//2453
f 2230//2230 2490//2490 2219//2219
f 2440//2440 2471//2471 2349//2349
f 2468//2468 2476//2476 2452//2452
f 2452//2452 2476//2476 2408//2408
f 2282//2282 2510//2510 2320//2320
f 2414//2414 2457//2457 2503//2503
f 2337//2337 2479//2479 2450//2450
f 2452//2452 2493//2493 2468//2468
f 2420//2420 2511//2511 2341//2341
f 2305//2305 2453//2453 2420//2420
f 2385//2385 2470//2470 2429//2429
f 2414//2414 2503//2503 2379//2379
f 2474//2474 2459//2459 2481//2481
f 2416//2416 2447//2447 2463//2463
f 2356//2356 2291//2291 2409//2409
f 2434//2434 2539//2539 2541//2541
f 2382//2382 2393//2393 2489//2489
f 2492//2492 2457//2457 2458//2458
f 2349//2349 2471//2471 2495//2495
f 2291//2291 1696//1696 2531//2531
f 2326//2326 2450//2450 2491//2491
f 2421//2421 2480//2480 2504//2504
f 2421//2421 2504//2504 2423//2423
f 2133//2133 2501//2501 2223//2223
f 2383//2383 2423//2423 2456//2456
f 2441//2441 2407//2407 2513//2513
f 2431//2431 2441//2441 2483//2483
f 2508//2508 2446//2446 2419//2419
f 2395//2395 2443//2443 2447//2447
f 2367//2367 2475//2475 2444//2444
f 2471//2471 2504//2504 2495//2495
f 2440//2440 2504//2504 2471//2471
f 2477//2477 2494//2494 2392//2392
f 2379//2379 2497//2497 2417//2417
f 2454//2454 2464//2464 2437//2437
f 2424//2424 2465//2465 2449//2449
f 2404//2404 2349//2349 2487//2487
f 2393//2393 2469//2469 2489//2489
f 2434//2434 2488//2488 2325//2325
f 2399//2399 2431//2431 2524//2524
f 2442//2442 2505//2505 2436//2436
f 2456//2456 2504//2504 2440//2440
f 2447//2447 2521//2521 2463//2463
f 2474//2474 2514//2514 2428//2428
f 2429//2429 2470//2470 2496//2496
f 2333//2333 2499//2499 2498//2498
f 2142//2142 2451//2451 2309//2309
f 2460//2460 2445//2445 2484//2484
f 2456//2456 2423//2423 2504//2504
f 2429//2429 2496//2496 2516//2516
f 2438//2438 2487//2487 2459//2459
f 2446//2446 2590//2590 2425//2425
f 2199//2199 2559//2559 2266//2266
f 2405//2405 2435//2435 2500//2500
f 2367//2367 2518//2518 2475//2475
f 2405//2405 2500//2500 2443//2443
f 2325//2325 2488//2488 2365//2365
f 2219//2219 2490//2490 2364//2364
f 2507//2507 2453//2453 2485//2485
f 2486//2486 2506//2506 2476//2476
f 2338//2338 2433//2433 2482//2482
f 2491//2491 2450//2450 2479//2479
f 2367//2367 2389//2389 2518//2518
f 2453//2453 2507//2507 2420//2420
f 2371//2371 2426//2426 2508//2508
f 2382//2382 2489//2489 2470//2470
f 2466//2466 2356//2356 2409//2409
f 2436//2436 2502//2502 2469//2469
f 2443//2443 2500//2500 2447//2447
f 2493//2493 2476//2476 2468//2468
f 2373//2373 2461//2461 2525//2525
f 2495//2495 2487//2487 2349//2349
f 2445//2445 2472//2472 2484//2484
f 2539//2539 2387//2387 2522//2522
f 2384//2384 2462//2462 2580//2580
f 2476//2476 2506//2506 2408//2408
f 2486//2486 2476//2476 2512//2512
f 2376//2376 2460//2460 2455//2455
f 2403//2403 2449//2449 2422//2422
f 2483//2483 2441//2441 2513//2513
f 2407//2407 2520//2520 2513//2513
f 2425//2425 2590//2590 2517//2517
f 2480//2480 2353//2353 2455//2455
f 2436//2436 2509//2509 2502//2502
f 2509//2509 2436//2436 2505//2505
f 2326//2326 2491//2491 2501//2501
f 2373//2373 2525//2525 2435//2435
f 2417//2417 2542//2542 2400//2400
f 2418//2418 2463//2463 2521//2521
f 2508//2508 2526//2526 2446//2446
f 2434//2434 2541//2541 2488//2488
f 2502//2502 2489//2489 2469//2469
f 2442//2442 2408//2408 2505//2505
f 2472//2472 2399//2399 2524//2524
f 2392//2392 2494//2494 2426//2426
f 2365//2365 2488//2488 2467//2467
f 2486//2486 2512//2512 2519//2519
f 2506//2506 2486//2486 2519//2519
f 2503//2503 2532//2532 2379//2379
f 2474//2474 2481//2481 2514//2514
f 2402//2402 2368//2368 2533//2533
f 2418//2418 2521//2521 2493//2493
f 2528//2528 2435//2435 2530//2530
f 2509//2509 2527//2527 2502//2502
f 2511//2511 2420//2420 2582//2582
f 2431//2431 2483//2483 2524//2524
f 2401//2401 2540//2540 2398//2398
f 2407//2407 2511//2511 2535//2535
f 2358//2358 2286//2286 2551//2551
f 2523//2523 2505//2505 2506//2506
f 2484//2484 2472//2472 2534//2534
f 2415//2415 2538//2538 2387//2387
f 2480//2480 2455//2455 2529//2529
f 2407//2407 2535//2535 2520//2520
f 2417//2417 2497//2497 2542//2542
f 2368//2368 2444//2444 2585//2585
f 2425//2425 2517//2517 2448//2448
f 2467//2467 2488//2488 2388//2388
f 2400//2400 2542//2542 2461//2461
f 2401//2401 2294//2294 2540//2540
f 2521//2521 2447//2447 2500//2500
f 2506//2506 2505//2505 2408//2408
f 2168//2168 2741//2741 2282//2282
f 2435//2435 2525//2525 2530//2530
f 2384//2384 2580//2580 2430//2430
f 2480//2480 2543//2543 2504//2504
f 2528//2528 2557//2557 2435//2435
f 2187//2187 2482//2482 2546//2546
f 2506//2506 2519//2519 2523//2523
f 2459//2459 2487//2487 2515//2515
f 2435//2435 2557//2557 2500//2500
f 2499//2499 2545//2545 2498//2498
f 2480//2480 2529//2529 2543//2543
f 2512//2512 2528//2528 2519//2519
f 2514//2514 2570//2570 2428//2428
f 2465//2465 2448//2448 2537//2537
f 2379//2379 2532//2532 2497//2497
f 2527//2527 2509//2509 2547//2547
f 2502//2502 2527//2527 2489//2489
f 2499//2499 2430//2430 2545//2545
f 2492//2492 2549//2549 2457//2457
f 2509//2509 2505//2505 2547//2547
f 2428//2428 2570//2570 2477//2477
f 2520//2520 2548//2548 2513//2513
f 2358//2358 2538//2538 2415//2415
f 2544//2544 2523//2523 2552//2552
f 2368//2368 2585//2585 2533//2533
f 2286//2286 2345//2345 2551//2551
f 2523//2523 2544//2544 2505//2505
f 1696//1696 2320//2320 2578//2578
f 2489//2489 2527//2527 2470//2470
f 2402//2402 2533//2533 2439//2439
f 2495//2495 2515//2515 2487//2487
f 2388//2388 2488//2488 2550//2550
f 2544//2544 2556//2556 2505//2505
f 2554//2554 2481//2481 2563//2563
f 2481//2481 2459//2459 2563//2563
f 2528//2528 2512//2512 2557//2557
f 2230//2230 2388//2388 2490//2490
f 2519//2519 2528//2528 2530//2530
f 2465//2465 2537//2537 2449//2449
f 2457//2457 2566//2566 2503//2503
f 2500//2500 2557//2557 2521//2521
f 2550//2550 2488//2488 2541//2541
f 2523//2523 2558//2558 2552//2552
f 2523//2523 2561//2561 2558//2558
f 2485//2485 2565//2565 2507//2507
f 2504//2504 2543//2543 2495//2495
f 2511//2511 2582//2582 2535//2535
f 2494//2494 2477//2477 2570//2570
f 2398//2398 2553//2553 2345//2345
f 2492//2492 2458//2458 2549//2549
f 2389//2389 2572//2572 2518//2518
f 2309//2309 2574//2574 2096//2096
f 2501//2501 2491//2491 2536//2536
f 2337//2337 2498//2498 2479//2479
f 2523//2523 2519//2519 2561//2561
f 2476//2476 2493//2493 2512//2512
f 2358//2358 2551//2551 2538//2538
f 2439//2439 2568//2568 2485//2485
f 2521//2521 2557//2557 2493//2493
f 2110//2110 2364//2364 2351//2351
f 2472//2472 2524//2524 2575//2575
f 2444//2444 2475//2475 2573//2573
f 2483//2483 2513//2513 2567//2567
f 2496//2496 2470//2470 2527//2527
f 2458//2458 2422//2422 2569//2569
f 2426//2426 2494//2494 2562//2562
f 2520//2520 2535//2535 2564//2564
f 2515//2515 2563//2563 2459//2459
f 2457//2457 2549//2549 2566//2566
f 2556//2556 2544//2544 2552//2552
f 2554//2554 2514//2514 2481//2481
f 2519//2519 2530//2530 2561//2561
f 2564//2564 2548//2548 2520//2520
f 2460//2460 2484//2484 2579//2579
f 2505//2505 2571//2571 2547//2547
f 2524//2524 2483//2483 2575//2575
f 2446//2446 2588//2588 2590//2590
f 2449//2449 2537//2537 2586//2586
f 2525//2525 2461//2461 2542//2542
f 2503//2503 2566//2566 2581//2581
f 2541//2541 2539//2539 2614//2614
f 2513//2513 2548//2548 2567//2567
f 2475//2475 2518//2518 2573//2573
f 2460//2460 2579//2579 2455//2455
f 2496//2496 2547//2547 2516//2516
f 2496//2496 2527//2527 2547//2547
f 2512//2512 2493//2493 2557//2557
f 2433//2433 2478//2478 2546//2546
f 1696//1696 2578//2578 2531//2531
f 2389//2389 2516//2516 2572//2572
f 2503//2503 2581//2581 2532//2532
f 2483//2483 2576//2576 2575//2575
f 2398//2398 2540//2540 2553//2553
f 2444//2444 2577//2577 2585//2585
f 2543//2543 2529//2529 2606//2606
f 2505//2505 2556//2556 2571//2571
f 2413//2413 2187//2187 2546//2546
f 2266//2266 2559//2559 2451//2451
f 2482//2482 2433//2433 2546//2546
f 2537//2537 2448//2448 2586//2586
f 2507//2507 2582//2582 2420//2420
f 2495//2495 2543//2543 2515//2515
f 2444//2444 2573//2573 2577//2577
f 2560//2560 2575//2575 2576//2576
f 2526//2526 2508//2508 2607//2607
f 2296//2296 2473//2473 2294//2294
f 2556//2556 2584//2584 2571//2571
f 2545//2545 2430//2430 2631//2631
f 2564//2564 2535//2535 2604//2604
f 2494//2494 2570//2570 2562//2562
f 2426//2426 2607//2607 2508//2508
f 2536//2536 2491//2491 2592//2592
f 2507//2507 2565//2565 2587//2587
f 2583//2583 2563//2563 2594//2594
f 2484//2484 2534//2534 2579//2579
f 2514//2514 2554//2554 2589//2589
f 2549//2549 2458//2458 2644//2644
f 2426//2426 2562//2562 2607//2607
f 2439//2439 2593//2593 2568//2568
f 2533//2533 2585//2585 2439//2439
f 2517//2517 2586//2586 2448//2448
f 2485//2485 2568//2568 2565//2565
f 1875//1875 2689//2689 2168//2168
f 2518//2518 2572//2572 2639//2639
f 2515//2515 2543//2543 2563//2563
f 2542//2542 2497//2497 2620//2620
f 2554//2554 2583//2583 2589//2589
f 2560//2560 2624//2624 2575//2575
f 2501//2501 2536//2536 2479//2479
f 2446//2446 2526//2526 2588//2588
f 2223//2223 2600//2600 2473//2473
f 2466//2466 2409//2409 2591//2591
f 2583//2583 2554//2554 2563//2563
f 2345//2345 2553//2553 2598//2598
f 2584//2584 2556//2556 2615//2615
f 2541//2541 2614//2614 2550//2550
f 2096//2096 2574//2574 2555//2555
f 2530//2530 2525//2525 2610//2610
f 2585//2585 2593//2593 2439//2439
f 2540//2540 2294//2294 2473//2473
f 2587//2587 2565//2565 2597//2597
f 2542//2542 2620//2620 2525//2525
f 2583//2583 2594//2594 2589//2589
f 2624//2624 2560//2560 2576//2576
f 2566//2566 2603//2603 2581//2581
f 2507//2507 2587//2587 2582//2582
f 2455//2455 2579//2579 2529//2529
f 2514//2514 2589//2589 2570//2570
f 2422//2422 2449//2449 2602//2602
f 2543//2543 2606//2606 2563//2563
f 2618//2618 2596//2596 2608//2608
f 2547//2547 2571//2571 2516//2516
f 2535//2535 2582//2582 2604//2604
f 2592//2592 2479//2479 2536//2536
f 2223//2223 2501//2501 2600//2600
f 2526//2526 2607//2607 2637//2637
f 2582//2582 2587//2587 2604//2604
f 2518//2518 2639//2639 2573//2573
f 2550//2550 2490//2490 2388//2388
f 2529//2529 2579//2579 2606//2606
f 2387//2387 2663//2663 2522//2522
f 2320//2320 2510//2510 2578//2578
f 2584//2584 2599//2599 2572//2572
f 2624//2624 2636//2636 2575//2575
f 1875//1875 2343//2343 2895//2895
f 2570//2570 2612//2612 2562//2562
f 2564//2564 2601//2601 2548//2548
f 2387//2387 2538//2538 2663//2663
f 2532//2532 2581//2581 2618//2618
f 2594//2594 2563//2563 2605//2605
f 2572//2572 2571//2571 2584//2584
f 2556//2556 2552//2552 2615//2615
f 2458//2458 2569//2569 2644//2644
f 2517//2517 2590//2590 2616//2616
f 2491//2491 2479//2479 2592//2592
f 2596//2596 2609//2609 2608//2608
f 2532//2532 2620//2620 2497//2497
f 2564//2564 2604//2604 2601//2601
f 2618//2618 2620//2620 2532//2532
f 2551//2551 2345//2345 2598//2598
f 2639//2639 2622//2622 2573//2573
f 2593//2593 2640//2640 2568//2568
f 2550//2550 2614//2614 2490//2490
f 2517//2517 2630//2630 2586//2586
f 2568//2568 2597//2597 2565//2565
f 2422//2422 2602//2602 2569//2569
f 2553//2553 2540//2540 2617//2617
f 2309//2309 2451//2451 2574//2574
f 2525//2525 2620//2620 2610//2610
f 2606//2606 2579//2579 2621//2621
f 2516//2516 2571//2571 2572//2572
f 2609//2609 2596//2596 2618//2618
f 2599//2599 2632//2632 2572//2572
f 2540//2540 2473//2473 2617//2617
f 2430//2430 2580//2580 2623//2623
f 2530//2530 2610//2610 2561//2561
f 2539//2539 2522//2522 2614//2614
f 2483//2483 2567//2567 2576//2576
f 2472//2472 2636//2636 2534//2534
f 2472//2472 2575//2575 2636//2636
f 2563//2563 2621//2621 2605//2605
f 2618//2618 2581//2581 2603//2603
f 2561//2561 2609//2609 2619//2619
f 2618//2618 2608//2608 2620//2620
f 2584//2584 2611//2611 2599//2599
f 2466//2466 2591//2591 2478//2478
f 2585//2585 2577//2577 2625//2625
f 2625//2625 2577//2577 2633//2633
f 2558//2558 2627//2627 2552//2552
f 2561//2561 2610//2610 2609//2609
f 2570//2570 2589//2589 2629//2629
f 2573//2573 2622//2622 2577//2577
f 2479//2479 2498//2498 2645//2645
f 2613//2613 2595//2595 2641//2641
f 2609//2609 2618//2618 2676//2676
f 2594//2594 2605//2605 2626//2626
f 2517//2517 2616//2616 2630//2630
f 2589//2589 2594//2594 2626//2626
f 2608//2608 2609//2609 2610//2610
f 2624//2624 2635//2635 2636//2636
f 2621//2621 2563//2563 2606//2606
f 2628//2628 2625//2625 2633//2633
f 2614//2614 2522//2522 2638//2638
f 1875//1875 2895//2895 2689//2689
f 2608//2608 2610//2610 2620//2620
f 2629//2629 2612//2612 2570//2570
f 2619//2619 2609//2609 2658//2658
f 2558//2558 2561//2561 2627//2627
f 2549//2549 2644//2644 2566//2566
f 2579//2579 2534//2534 2621//2621
f 2590//2590 2588//2588 2616//2616
f 2587//2587 2656//2656 2604//2604
f 2552//2552 2627//2627 2615//2615
f 2490//2490 2661//2661 2364//2364
f 2630//2630 2595//2595 2667//2667
f 2599//2599 2611//2611 2652//2652
f 2645//2645 2498//2498 2643//2643
f 2613//2613 2641//2641 2634//2634
f 2501//2501 2479//2479 2600//2600
f 2562//2562 2612//2612 2607//2607
f 2548//2548 2601//2601 2567//2567
f 2584//2584 2615//2615 2611//2611
f 2576//2576 2642//2642 2624//2624
f 2618//2618 2675//2675 2676//2676
f 2449//2449 2586//2586 2667//2667
f 2413//2413 2546//2546 2705//2705
f 2413//2413 2705//2705 2462//2462
f 2617//2617 2473//2473 2654//2654
f 2096//2096 2666//2666 2343//2343
f 2598//2598 2553//2553 2648//2648
f 2526//2526 2637//2637 2588//2588
f 2618//2618 2603//2603 2675//2675
f 2640//2640 2647//2647 2568//2568
f 2639//2639 2572//2572 2632//2632
f 2430//2430 2623//2623 2631//2631
f 2619//2619 2627//2627 2561//2561
f 2605//2605 2635//2635 2653//2653
f 2096//2096 2555//2555 2666//2666
f 2613//2613 2682//2682 2595//2595
f 2619//2619 2646//2646 2627//2627
f 2449//2449 2667//2667 2602//2602
f 2605//2605 2621//2621 2635//2635
f 2576//2576 2567//2567 2642//2642
f 2566//2566 2644//2644 2603//2603
f 2585//2585 2625//2625 2593//2593
f 2568//2568 2647//2647 2597//2597
f 2630//2630 2667//2667 2586//2586
f 2559//2559 2351//2351 2695//2695
f 2642//2642 2567//2567 2601//2601
f 2635//2635 2624//2624 2657//2657
f 2609//2609 2676//2676 2658//2658
f 2595//2595 2682//2682 2667//2667
f 2646//2646 2619//2619 2658//2658
f 2168//2168 2689//2689 2741//2741
f 2632//2632 2599//2599 2652//2652
f 2612//2612 2662//2662 2607//2607
f 2641//2641 2595//2595 2659//2659
f 2635//2635 2621//2621 2636//2636
f 2569//2569 2660//2660 2644//2644
f 2580//2580 2462//2462 2673//2673
f 2639//2639 2632//2632 2655//2655
f 2637//2637 2607//2607 2662//2662
f 2589//2589 2626//2626 2629//2629
f 2611//2611 2670//2670 2652//2652
f 2621//2621 2534//2534 2636//2636
f 2653//2653 2635//2635 2657//2657
f 2615//2615 2627//2627 2646//2646
f 2553//2553 2617//2617 2648//2648
f 2613//2613 2634//2634 2679//2679
f 2601//2601 2604//2604 2691//2691
f 2650//2650 2651//2651 2664//2664
f 2613//2613 2679//2679 2682//2682
f 2633//2633 2577//2577 2669//2669
f 2478//2478 2591//2591 2680//2680
f 2626//2626 2605//2605 2690//2690
f 2642//2642 2601//2601 2668//2668
f 2634//2634 2641//2641 2650//2650
f 2630//2630 2616//2616 2595//2595
f 2628//2628 2633//2633 2671//2671
f 2672//2672 2677//2677 2684//2684
f 2498//2498 2545//2545 2643//2643
f 2637//2637 2662//2662 2674//2674
f 2595//2595 2616//2616 2683//2683
f 2664//2664 2651//2651 2681//2681
f 2622//2622 2639//2639 2697//2697
f 2595//2595 2683//2683 2659//2659
f 2655//2655 2697//2697 2639//2639
f 2611//2611 2615//2615 2670//2670
f 2409//2409 2291//2291 2688//2688
f 2522//2522 2739//2739 2638//2638
f 2623//2623 2580//2580 2673//2673
f 2545//2545 2678//2678 2643//2643
f 2545//2545 2631//2631 2723//2723
f 2559//2559 2695//2695 2451//2451
f 2675//2675 2603//2603 2693//2693
f 2633//2633 2669//2669 2671//2671
f 2656//2656 2691//2691 2604//2604
f 2677//2677 2672//2672 2744//2744
f 2538//2538 2551//2551 2663//2663
f 2650//2650 2664//2664 2634//2634
f 2652//2652 2670//2670 2684//2684
f 2667//2667 2682//2682 2602//2602
f 2644//2644 2660//2660 2603//2603
f 2675//2675 2686//2686 2676//2676
f 2668//2668 2601//2601 2691//2691
f 2625//2625 2628//2628 2698//2698
f 2682//2682 2679//2679 2694//2694
f 2624//2624 2642//2642 2687//2687
f 2646//2646 2658//2658 2701//2701
f 2656//2656 2587//2587 2597//2597
f 2631//2631 2623//2623 2753//2753
f 2569//2569 2602//2602 2660//2660
f 2612//2612 2702//2702 2662//2662
f 2614//2614 2638//2638 2661//2661
f 2614//2614 2661//2661 2490//2490
f 2605//2605 2653//2653 2699//2699
f 2605//2605 2699//2699 2690//2690
f 2629//2629 2700//2700 2612//2612
f 2657//2657 2624//2624 2687//2687
f 2640//2640 2593//2593 2647//2647
f 2652//2652 2684//2684 2632//2632
f 2615//2615 2646//2646 2670//2670
f 2637//2637 2674//2674 2704//2704
f 2653//2653 2685//2685 2699//2699
f 2679//2679 2634//2634 2664//2664
f 2679//2679 2664//2664 2694//2694
f 2462//2462 2705//2705 2673//2673
f 2623//2623 2703//2703 2753//2753
f 2685//2685 2696//2696 2699//2699
f 2603//2603 2660//2660 2693//2693
f 2478//2478 2680//2680 2546//2546
f 2593//2593 2625//2625 2709//2709
f 2655//2655 2632//2632 2677//2677
f 2647//2647 2593//2593 2709//2709
f 2641//2641 2659//2659 2706//2706
f 2637//2637 2704//2704 2588//2588
f 2651//2651 2650//2650 2717//2717
f 2678//2678 2545//2545 2723//2723
f 2551//2551 2711//2711 2663//2663
f 2672//2672 2684//2684 2708//2708
f 2479//2479 2645//2645 2600//2600
f 2651//2651 2708//2708 2692//2692
f 2682//2682 2694//2694 2602//2602
f 2651//2651 2692//2692 2681//2681
f 2522//2522 2730//2730 2739//2739
f 2677//2677 2632//2632 2684//2684
f 2650//2650 2641//2641 2706//2706
f 2665//2665 2617//2617 2720//2720
f 2707//2707 2628//2628 2713//2713
f 2653//2653 2710//2710 2685//2685
f 2653//2653 2657//2657 2710//2710
f 2629//2629 2626//2626 2700//2700
f 2574//2574 2761//2761 2555//2555
f 2672//2672 2708//2708 2744//2744
f 2628//2628 2671//2671 2713//2713
f 2692//2692 2714//2714 2686//2686
f 2692//2692 2686//2686 2681//2681
f 2651//2651 2717//2717 2708//2708
f 2574//2574 2451//2451 2715//2715
f 2650//2650 2706//2706 2717//2717
f 2628//2628 2707//2707 2698//2698
f 2588//2588 2704//2704 2616//2616
f 2602//2602 2694//2694 2660//2660
f 2675//2675 2693//2693 2686//2686
f 2658//2658 2676//2676 2701//2701
f 2616//2616 2704//2704 2683//2683
f 2662//2662 2702//2702 2674//2674
f 2625//2625 2698//2698 2709//2709
f 2685//2685 2710//2710 2696//2696
f 2655//2655 2677//2677 2697//2697
f 2673//2673 2705//2705 2760//2760
f 2551//2551 2598//2598 2711//2711
f 2626//2626 2690//2690 2700//2700
f 2676//2676 2686//2686 2714//2714
f 2546//2546 2680//2680 2705//2705
f 2708//2708 2714//2714 2692//2692
f 2617//2617 2654//2654 2720//2720
f 2473//2473 2600//2600 2654//2654
f 2656//2656 2597//2597 2647//2647
f 2612//2612 2700//2700 2696//2696
f 2623//2623 2772//2772 2703//2703
f 2670//2670 2726//2726 2684//2684
f 2718//2718 2722//2722 2732//2732
f 2696//2696 2700//2700 2699//2699
f 2646//2646 2701//2701 2670//2670
f 2741//2741 2510//2510 2282//2282
f 2691//2691 2724//2724 2668//2668
f 2668//2668 2724//2724 2716//2716
f 2622//2622 2669//2669 2577//2577
f 2659//2659 2725//2725 2706//2706
f 2722//2722 2728//2728 2732//2732
f 2574//2574 2715//2715 2761//2761
f 2699//2699 2700//2700 2690//2690
f 2351//2351 2364//2364 2695//2695
f 2659//2659 2683//2683 2725//2725
f 2660//2660 2694//2694 2693//2693
f 2691//2691 2656//2656 2729//2729
f 2712//2712 2698//2698 2707//2707
f 2696//2696 2735//2735 2612//2612
f 2612//2612 2735//2735 2702//2702
f 2722//2722 2718//2718 2747//2747
f 2522//2522 2663//2663 2738//2738
f 2707//2707 2713//2713 2712//2712
f 2668//2668 2716//2716 2737//2737
f 2718//2718 2732//2732 2721//2721
f 2696//2696 2710//2710 2735//2735
f 2729//2729 2647//2647 2709//2709
f 2622//2622 2697//2697 2669//2669
f 2664//2664 2681//2681 2694//2694
f 2684//2684 2745//2745 2708//2708
f 2647//2647 2729//2729 2656//2656
f 2686//2686 2693//2693 2681//2681
f 2676//2676 2714//2714 2701//2701
f 2691//2691 2729//2729 2724//2724
f 2684//2684 2726//2726 2745//2745
f 2718//2718 2721//2721 2747//2747
f 2642//2642 2668//2668 2737//2737
f 2708//2708 2717//2717 2744//2744
f 2727//2727 2722//2722 2750//2750
f 2631//2631 2753//2753 2723//2723
f 2670//2670 2701//2701 2726//2726
f 2674//2674 2702//2702 2731//2731
f 2643//2643 2678//2678 2740//2740
f 2694//2694 2681//2681 2693//2693
f 2733//2733 2728//2728 2710//2710
f 2710//2710 2728//2728 2735//2735
f 2643//2643 2740//2740 2645//2645
f 2697//2697 2742//2742 2669//2669
f 2638//2638 2739//2739 2661//2661
f 2674//2674 2731//2731 2704//2704
f 2732//2732 2716//2716 2743//2743
f 2451//2451 2695//2695 2715//2715
f 2734//2734 2698//2698 2712//2712
f 2522//2522 2738//2738 2730//2730
f 2725//2725 2727//2727 2706//2706
f 2555//2555 2749//2749 2666//2666
f 2736//2736 2744//2744 2706//2706
f 2706//2706 2744//2744 2717//2717
f 2680//2680 2591//2591 2719//2719
f 2364//2364 2661//2661 2649//2649
f 2642//2642 2737//2737 2687//2687
f 2591//2591 2409//2409 2719//2719
f 2364//2364 2649//2649 2695//2695
f 2732//2732 2743//2743 2721//2721
f 2648//2648 2617//2617 2598//2598
f 2714//2714 2708//2708 2745//2745
f 2669//2669 2746//2746 2671//2671
f 2737//2737 2716//2716 2732//2732
f 2716//2716 2724//2724 2743//2743
f 2727//2727 2736//2736 2706//2706
f 2669//2669 2742//2742 2746//2746
f 2734//2734 2748//2748 2721//2721
f 2654//2654 2600//2600 2757//2757
f 2734//2734 2721//2721 2755//2755
f 2746//2746 2713//2713 2671//2671
f 2709//2709 2698//2698 2755//2755
f 2709//2709 2755//2755 2729//2729
f 2657//2657 2687//2687 2733//2733
f 2712//2712 2713//2713 2746//2746
f 2678//2678 2723//2723 2740//2740
f 2745//2745 2726//2726 2714//2714
f 2710//2710 2657//2657 2733//2733
f 2697//2697 2677//2677 2742//2742
f 2728//2728 2722//2722 2754//2754
f 2722//2722 2747//2747 2750//2750
f 2409//2409 2688//2688 2719//2719
f 2735//2735 2731//2731 2702//2702
f 2721//2721 2748//2748 2752//2752
f 2721//2721 2752//2752 2747//2747
f 2714//2714 2726//2726 2701//2701
f 2734//2734 2712//2712 2746//2746
f 2744//2744 2751//2751 2677//2677
f 2728//2728 2733//2733 2732//2732
f 2617//2617 2665//2665 2598//2598
f 2728//2728 2754//2754 2735//2735
f 2704//2704 2731//2731 2683//2683
f 2645//2645 2740//2740 2759//2759
f 2727//2727 2754//2754 2722//2722
f 2753//2753 2703//2703 2756//2756
f 2623//2623 2673//2673 2772//2772
f 2721//2721 2743//2743 2755//2755
f 2734//2734 2755//2755 2698//2698
f 2687//2687 2737//2737 2733//2733
f 2738//2738 2663//2663 2768//2768
f 2661//2661 2739//2739 2767//2767
f 2727//2727 2750//2750 2736//2736
f 2724//2724 2729//2729 2755//2755
f 2732//2732 2733//2733 2737//2737
f 2734//2734 2746//2746 2748//2748
f 2751//2751 2742//2742 2677//2677
f 2291//2291 2758//2758 2688//2688
f 2683//2683 2754//2754 2725//2725
f 2750//2750 2751//2751 2736//2736
f 2725//2725 2754//2754 2727//2727
f 2736//2736 2751//2751 2744//2744
f 2743//2743 2724//2724 2755//2755
f 2703//2703 2772//2772 2756//2756
f 2683//2683 2731//2731 2754//2754
f 2735//2735 2754//2754 2731//2731
f 2600//2600 2645//2645 2785//2785
f 2598//2598 2665//2665 2711//2711
f 2715//2715 2695//2695 2762//2762
f 2748//2748 2746//2746 2742//2742
f 2759//2759 2740//2740 2723//2723
f 2578//2578 2510//2510 2764//2764
f 2768//2768 2663//2663 2763//2763
f 2673//2673 2760//2760 2775//2775
f 2761//2761 2749//2749 2555//2555
f 2715//2715 2765//2765 2761//2761
f 2747//2747 2752//2752 2750//2750
f 2688//2688 2778//2778 2719//2719
f 2645//2645 2759//2759 2785//2785
f 2531//2531 2769//2769 2291//2291
f 2742//2742 2750//2750 2748//2748
f 2742//2742 2751//2751 2750//2750
f 2752//2752 2748//2748 2750//2750
f 2695//2695 2649//2649 2762//2762
f 2663//2663 2711//2711 2763//2763
f 2715//2715 2762//2762 2765//2765
f 2705//2705 2774//2774 2760//2760
f 2661//2661 2767//2767 2649//2649
f 2723//2723 2753//2753 2773//2773
f 2738//2738 2768//2768 2730//2730
f 2768//2768 2763//2763 2771//2771
f 2723//2723 2773//2773 2759//2759
f 2762//2762 2780//2780 2765//2765
f 2531//2531 2787//2787 2769//2769
f 2688//2688 2758//2758 2779//2779
f 2291//2291 2769//2769 2758//2758
f 2665//2665 2720//2720 2770//2770
f 2649//2649 2767//2767 2762//2762
f 2756//2756 2781//2781 2753//2753
f 2531//2531 2578//2578 2789//2789
f 2759//2759 2773//2773 2785//2785
f 2688//2688 2779//2779 2778//2778
f 2753//2753 2781//2781 2773//2773
f 2777//2777 2760//2760 2774//2774
f 2673//2673 2775//2775 2772//2772
f 2776//2776 2680//2680 2719//2719
f 2705//2705 2680//2680 2774//2774
f 2711//2711 2665//2665 2782//2782
f 2730//2730 2784//2784 2739//2739
f 2756//2756 2772//2772 2781//2781
f 2767//2767 2780//2780 2762//2762
f 2720//2720 2654//2654 2829//2829
f 2719//2719 2778//2778 2776//2776
f 2773//2773 2781//2781 2785//2785
f 2761//2761 2792//2792 2749//2749
f 2720//2720 2829//2829 2770//2770
f 2757//2757 2829//2829 2654//2654
f 2578//2578 2764//2764 2766//2766
f 2772//2772 2775//2775 2785//2785
f 2771//2771 2763//2763 2783//2783
f 2739//2739 2784//2784 2767//2767
f 2772//2772 2785//2785 2781//2781
f 2666//2666 2791//2791 2343//2343
f 2780//2780 2767//2767 2784//2784
f 2777//2777 2786//2786 2760//2760
f 2510//2510 2741//2741 2764//2764
f 2665//2665 2770//2770 2782//2782
f 2763//2763 2711//2711 2783//2783
f 2749//2749 2791//2791 2666//2666
f 2771//2771 2788//2788 2768//2768
f 2775//2775 2760//2760 2793//2793
f 2730//2730 2768//2768 2784//2784
f 2760//2760 2786//2786 2793//2793
f 2531//2531 2790//2790 2787//2787
f 2758//2758 2769//2769 2779//2779
f 2761//2761 2765//2765 2792//2792
f 2784//2784 2768//2768 2794//2794
f 2785//2785 2775//2775 2793//2793
f 2768//2768 2788//2788 2794//2794
f 2749//2749 2792//2792 2791//2791
f 2780//2780 2784//2784 2799//2799
f 2600//2600 2785//2785 2757//2757
f 2786//2786 2777//2777 2795//2795
f 2778//2778 2796//2796 2776//2776
f 2680//2680 2776//2776 2774//2774
f 2774//2774 2776//2776 2800//2800
f 2778//2778 2779//2779 2796//2796
f 2769//2769 2787//2787 2797//2797
f 2765//2765 2780//2780 2807//2807
f 2771//2771 2783//2783 2820//2820
f 2782//2782 2770//2770 2798//2798
f 2765//2765 2807//2807 2792//2792
f 2769//2769 2797//2797 2779//2779
f 2780//2780 2799//2799 2807//2807
f 2800//2800 2777//2777 2774//2774
f 2776//2776 2801//2801 2800//2800
f 2531//2531 2789//2789 2790//2790
f 2813//2813 2711//2711 2782//2782
f 2770//2770 2829//2829 2802//2802
f 2787//2787 2812//2812 2797//2797
f 2777//2777 2800//2800 2795//2795
f 2795//2795 2800//2800 2803//2803
f 2786//2786 2805//2805 2793//2793
f 2771//2771 2820//2820 2788//2788
f 2800//2800 2801//2801 2803//2803
f 2792//2792 2807//2807 2791//2791
f 2796//2796 2808//2808 2776//2776
f 2785//2785 2793//2793 2806//2806
f 2343//2343 2791//2791 2804//2804
f 2793//2793 2805//2805 2806//2806
f 2786//2786 2795//2795 2810//2810
f 2578//2578 2766//2766 2836//2836
f 2808//2808 2801//2801 2776//2776
f 2803//2803 2810//2810 2795//2795
f 2779//2779 2797//2797 2811//2811
f 2786//2786 2810//2810 2805//2805
f 2808//2808 2796//2796 2815//2815
f 2784//2784 2794//2794 2819//2819
f 2783//2783 2711//2711 2813//2813
f 2784//2784 2819//2819 2799//2799
f 2811//2811 2797//2797 2812//2812
f 2796//2796 2779//2779 2817//2817
f 2343//2343 2804//2804 2814//2814
f 2799//2799 2819//2819 2807//2807
f 2779//2779 2811//2811 2817//2817
f 2787//2787 2790//2790 2809//2809
f 2791//2791 2833//2833 2804//2804
f 2803//2803 2801//2801 2810//2810
f 2783//2783 2821//2821 2820//2820
f 2796//2796 2817//2817 2815//2815
f 2788//2788 2820//2820 2794//2794
f 2578//2578 2836//2836 2789//2789
f 2787//2787 2809//2809 2812//2812
f 2817//2817 2811//2811 2812//2812
f 2785//2785 2806//2806 2824//2824
f 2785//2785 2824//2824 2816//2816
f 2783//2783 2813//2813 2821//2821
f 2812//2812 2837//2837 2817//2817
f 2805//2805 2822//2822 2806//2806
f 2791//2791 2807//2807 2833//2833
f 2812//2812 2809//2809 2818//2818
f 2807//2807 2819//2819 2833//2833
f 2808//2808 2815//2815 2823//2823
f 2808//2808 2823//2823 2801//2801
f 2815//2815 2817//2817 2823//2823
f 2820//2820 2821//2821 2827//2827
f 2813//2813 2782//2782 2825//2825
f 2817//2817 2837//2837 2823//2823
f 2785//2785 2816//2816 2757//2757
f 2806//2806 2826//2826 2824//2824
f 2806//2806 2822//2822 2826//2826
f 2805//2805 2810//2810 2822//2822
f 2822//2822 2828//2828 2826//2826
f 2824//2824 2826//2826 2816//2816
f 2819//2819 2794//2794 2838//2838
f 2837//2837 2812//2812 2818//2818
f 2821//2821 2813//2813 2835//2835
f 2810//2810 2830//2830 2822//2822
f 2782//2782 2798//2798 2825//2825
f 2828//2828 2834//2834 2826//2826
f 2810//2810 2801//2801 2830//2830
f 2801//2801 2823//2823 2830//2830
f 2821//2821 2831//2831 2827//2827
f 2833//2833 2819//2819 2838//2838
f 2828//2828 2822//2822 2832//2832
f 2343//2343 2814//2814 2895//2895
f 2789//2789 2840//2840 2790//2790
f 2826//2826 2834//2834 2816//2816
f 2828//2828 2832//2832 2834//2834
f 2833//2833 2841//2841 2804//2804
f 2820//2820 2827//2827 2843//2843
f 2804//2804 2841//2841 2814//2814
f 2823//2823 2839//2839 2830//2830
f 2823//2823 2837//2837 2846//2846
f 2820//2820 2843//2843 2848//2848
f 2809//2809 2842//2842 2852//2852
f 2809//2809 2852//2852 2818//2818
f 2822//2822 2847//2847 2832//2832
f 2822//2822 2830//2830 2847//2847
f 2832//2832 2845//2845 2834//2834
f 2816//2816 2834//2834 2757//2757
f 2809//2809 2790//2790 2842//2842
f 2794//2794 2820//2820 2848//2848
f 2840//2840 2849//2849 2790//2790
f 2757//2757 2834//2834 2844//2844
f 2789//2789 2836//2836 2840//2840
f 2790//2790 2849//2849 2842//2842
f 2837//2837 2818//2818 2846//2846
f 2832//2832 2847//2847 2845//2845
f 2823//2823 2846//2846 2839//2839
f 2833//2833 2838//2838 2841//2841
f 2818//2818 2852//2852 2846//2846
f 2821//2821 2835//2835 2831//2831
f 2847//2847 2830//2830 2850//2850
f 2849//2849 2853//2853 2842//2842
f 2813//2813 2825//2825 2835//2835
f 2794//2794 2848//2848 2838//2838
f 2839//2839 2846//2846 2852//2852
f 2839//2839 2851//2851 2830//2830
f 2852//2852 2842//2842 2854//2854
f 2850//2850 2845//2845 2847//2847
f 2844//2844 2834//2834 2858//2858
f 2845//2845 2856//2856 2834//2834
f 2850//2850 2883//2883 2845//2845
f 2830//2830 2851//2851 2850//2850
f 2834//2834 2855//2855 2858//2858
f 2814//2814 2841//2841 2857//2857
f 2853//2853 2849//2849 2866//2866
f 2852//2852 2854//2854 2862//2862
f 2770//2770 2802//2802 2798//2798
f 2839//2839 2859//2859 2851//2851
f 2834//2834 2856//2856 2855//2855
f 2757//2757 2844//2844 2829//2829
f 2841//2841 2884//2884 2857//2857
f 2852//2852 2862//2862 2839//2839
f 2853//2853 2864//2864 2842//2842
f 2802//2802 2829//2829 2870//2870
f 2829//2829 2844//2844 2870//2870
f 2839//2839 2862//2862 2859//2859
f 2842//2842 2864//2864 2854//2854
f 2841//2841 2865//2865 2884//2884
f 2764//2764 2879//2879 2766//2766
f 2895//2895 2814//2814 2857//2857
f 2860//2860 2862//2862 2854//2854
f 2860//2860 2861//2861 2862//2862
f 2741//2741 2689//2689 2863//2863
f 2850//2850 2871//2871 2883//2883
f 2853//2853 2866//2866 2864//2864
f 2741//2741 2879//2879 2764//2764
f 2861//2861 2860//2860 2877//2877
f 2844//2844 2872//2872 2870//2870
f 2855//2855 2856//2856 2867//2867
f 2844//2844 2858//2858 2872//2872
f 2851//2851 2859//2859 2850//2850
f 2841//2841 2838//2838 2865//2865
f 2831//2831 2868//2868 2827//2827
f 2798//2798 2802//2802 2869//2869
f 2843//2843 2827//2827 2873//2873
f 2855//2855 2867//2867 2882//2882
f 2845//2845 2883//2883 2856//2856
f 2835//2835 2874//2874 2831//2831
f 2860//2860 2854//2854 2877//2877
f 2856//2856 2883//2883 2867//2867
f 2850//2850 2859//2859 2871//2871
f 2831//2831 2874//2874 2868//2868
f 2798//2798 2869//2869 2825//2825
f 2849//2849 2840//2840 2875//2875
f 2861//2861 2876//2876 2862//2862
f 2866//2866 2880//2880 2864//2864
f 2865//2865 2838//2838 2878//2878
f 2866//2866 2849//2849 2875//2875
f 2741//2741 2863//2863 2879//2879
f 2864//2864 2886//2886 2854//2854
f 2855//2855 2882//2882 2858//2858
f 2802//2802 2870//2870 2869//2869
f 2854//2854 2885//2885 2877//2877
f 2864//2864 2880//2880 2886//2886
f 2854//2854 2886//2886 2881//2881
f 2835//2835 2825//2825 2874//2874
f 2861//2861 2877//2877 2876//2876
f 2854//2854 2881//2881 2885//2885
f 2827//2827 2868//2868 2873//2873
f 2838//2838 2848//2848 2878//2878
f 2858//2858 2888//2888 2872//2872
f 2875//2875 2840//2840 2905//2905
f 2867//2867 2883//2883 2882//2882
f 2859//2859 2862//2862 2871//2871
f 2884//2884 2865//2865 2893//2893
f 2848//2848 2843//2843 2887//2887
f 2876//2876 2890//2890 2862//2862
f 2876//2876 2877//2877 2892//2892
f 2843//2843 2873//2873 2887//2887
f 2876//2876 2892//2892 2890//2890
f 2858//2858 2882//2882 2904//2904
f 2868//2868 2891//2891 2873//2873
f 2886//2886 2880//2880 2889//2889
f 2868//2868 2874//2874 2891//2891
f 2862//2862 2890//2890 2871//2871
f 2884//2884 2893//2893 2895//2895
f 2865//2865 2878//2878 2893//2893
f 2877//2877 2885//2885 2892//2892
f 2881//2881 2886//2886 2897//2897
f 2887//2887 2878//2878 2848//2848
f 2890//2890 2903//2903 2871//2871
f 2886//2886 2889//2889 2894//2894
f 2886//2886 2894//2894 2897//2897
f 2840//2840 2836//2836 2905//2905
f 2903//2903 2890//2890 2892//2892
f 2870//2870 2909//2909 2869//2869
f 2884//2884 2895//2895 2857//2857
f 2870//2870 2872//2872 2909//2909
f 2883//2883 2871//2871 2908//2908
f 2858//2858 2904//2904 2888//2888
f 2881//2881 2896//2896 2885//2885
f 2872//2872 2888//2888 2909//2909
f 2878//2878 2887//2887 2898//2898
f 2903//2903 2892//2892 2906//2906
f 2866//2866 2907//2907 2880//2880
f 2878//2878 2898//2898 2899//2899
f 2882//2882 2883//2883 2908//2908
f 2888//2888 2901//2901 2909//2909
f 2881//2881 2897//2897 2896//2896
f 2898//2898 2887//2887 2873//2873
f 2908//2908 2871//2871 2903//2903
f 2880//2880 2902//2902 2889//2889
f 2892//2892 2885//2885 2906//2906
f 2891//2891 2900//2900 2873//2873
f 2891//2891 2874//2874 2900//2900
f 2878//2878 2899//2899 2893//2893
f 2894//2894 2889//2889 2902//2902
f 2866//2866 2875//2875 2907//2907
f 2898//2898 2873//2873 2914//2914
f 2897//2897 2894//2894 2912//2912
f 2905//2905 2910//2910 2875//2875
f 2825//2825 2869//2869 2913//2913
f 2874//2874 2825//2825 2915//2915
f 2903//2903 2906//2906 2908//2908
f 2900//2900 2874//2874 2928//2928
f 2873//2873 2900//2900 2914//2914
f 2897//2897 2911//2911 2896//2896
f 2911//2911 2897//2897 2912//2912
f 2894//2894 2902//2902 2912//2912
f 2689//2689 2930//2930 2863//2863
f 2882//2882 2908//2908 2921//2921
f 2882//2882 2921//2921 2904//2904
f 2885//2885 2896//2896 2916//2916
f 2906//2906 2885//2885 2916//2916
f 2907//2907 2875//2875 2918//2918
f 2898//2898 2914//2914 2899//2899
f 2906//2906 2916//2916 2908//2908
f 2909//2909 2917//2917 2925//2925
f 2869//2869 2909//2909 2925//2925
f 2917//2917 2909//2909 2901//2901
f 2915//2915 2825//2825 2913//2913
f 2888//2888 2904//2904 2929//2929
f 2836//2836 2946//2946 2905//2905
f 2900//2900 2919//2919 2914//2914
f 2912//2912 2902//2902 2931//2931
f 2869//2869 2925//2925 2913//2913
f 2910//2910 2905//2905 2924//2924
f 2836//2836 2766//2766 2935//2935
f 2893//2893 2923//2923 2895//2895
f 2908//2908 2916//2916 2921//2921
f 2927//2927 2910//2910 2924//2924
f 2888//2888 2929//2929 2901//2901
f 2919//2919 2920//2920 2899//2899
f 2919//2919 2899//2899 2914//2914
f 2899//2899 2923//2923 2893//2893
f 2916//2916 2896//2896 2911//2911
f 2917//2917 2901//2901 2925//2925
f 2895//2895 2923//2923 2922//2922
f 2902//2902 2880//2880 2931//2931
f 2910//2910 2927//2927 2875//2875
f 2920//2920 2919//2919 2926//2926
f 2911//2911 2912//2912 2938//2938
f 2912//2912 2931//2931 2938//2938
f 2689//2689 2895//2895 2930//2930
f 2874//2874 2915//2915 2928//2928
f 2920//2920 2923//2923 2899//2899
f 2924//2924 2905//2905 2936//2936
f 2925//2925 2901//2901 2932//2932
f 2875//2875 2927//2927 2939//2939
f 2927//2927 2924//2924 2939//2939
f 2920//2920 2933//2933 2923//2923
f 2875//2875 2939//2939 2918//2918
f 2916//2916 2911//2911 2938//2938
f 2925//2925 2932//2932 2934//2934
f 2880//2880 2907//2907 2931//2931
f 2919//2919 2900//2900 2928//2928
f 2925//2925 2944//2944 2913//2913
f 2907//2907 2918//2918 2937//2937
f 2923//2923 2933//2933 2922//2922
f 2931//2931 2907//2907 2938//2938
f 2913//2913 2944//2944 2915//2915
f 2926//2926 2933//2933 2920//2920
f 2925//2925 2934//2934 2940//2940
f 2921//2921 2916//2916 2942//2942
f 2934//2934 2932//2932 2943//2943
f 2916//2916 2938//2938 2942//2942
f 2918//2918 2939//2939 2941//2941
f 2915//2915 2947//2947 2928//2928
f 2934//2934 2943//2943 2940//2940
f 2919//2919 2928//2928 2948//2948
f 2905//2905 2946//2946 2936//2936
f 2836//2836 2935//2935 2946//2946
f 2926//2926 2945//2945 2933//2933
f 2921//2921 2942//2942 2904//2904
f 2919//2919 2948//2948 2926//2926
f 2895//2895 2922//2922 2930//2930
f 2925//2925 2940//2940 2944//2944
f 2941//2941 2939//2939 2924//2924
f 2938//2938 2907//2907 2937//2937
f 2942//2942 2938//2938 2950//2950
f 2915//2915 2944//2944 2947//2947
f 2926//2926 2949//2949 2945//2945
f 2940//2940 2947//2947 2944//2944
f 2766//2766 2879//2879 2935//2935
f 2933//2933 2945//2945 2951//2951
f 2863//2863 2930//2930 2953//2953
f 2947//2947 2952//2952 2928//2928
f 2918//2918 2941//2941 2957//2957
f 2901//2901 2956//2956 2932//2932
f 2933//2933 2951//2951 2922//2922
f 2929//2929 2956//2956 2901//2901
f 2943//2943 2932//2932 2954//2954
f 2904//2904 2959//2959 2929//2929
f 2945//2945 2949//2949 2955//2955
f 2950//2950 2938//2938 2937//2937
f 2945//2945 2955//2955 2951//2951
f 2928//2928 2952//2952 2948//2948
f 2940//2940 2952//2952 2947//2947
f 2937//2937 2918//2918 2957//2957
f 2935//2935 2962//2962 2946//2946
f 2942//2942 2950//2950 2937//2937
f 2943//2943 2954//2954 2940//2940
f 2936//2936 2946//2946 2958//2958
f 2941//2941 2924//2924 2957//2957
f 2926//2926 2948//2948 2949//2949
f 2948//2948 2952//2952 2961//2961
f 2904//2904 2942//2942 2959//2959
f 2955//2955 2930//2930 2951//2951
f 2922//2922 2951//2951 2930//2930
f 2936//2936 2958//2958 2924//2924
f 2946//2946 2962//2962 2958//2958
f 2929//2929 2959//2959 2956//2956
f 2954//2954 2989//2989 2940//2940
f 2962//2962 2960//2960 2958//2958
f 2955//2955 2963//2963 2930//2930
f 2932//2932 2956//2956 2965//2965
f 2955//2955 2949//2949 2963//2963
f 2954//2954 2932//2932 2965//2965
f 2942//2942 2937//2937 2957//2957
f 2935//2935 2964//2964 2962//2962
f 2960//2960 2962//2962 2966//2966
f 2952//2952 2940//2940 2989//2989
f 2924//2924 2958//2958 2971//2971
f 2949//2949 2948//2948 2963//2963
f 2942//2942 2967//2967 2959//2959
f 2930//2930 2963//2963 2953//2953
f 2957//2957 2968//2968 2942//2942
f 2957//2957 2924//2924 2968//2968
f 2924//2924 2971//2971 2968//2968
f 2958//2958 2960//2960 2970//2970
f 2954//2954 2965//2965 2969//2969
f 2863//2863 2993//2993 2879//2879
f 2954//2954 2969//2969 2989//2989
f 2958//2958 2970//2970 2971//2971
f 2935//2935 2879//2879 2973//2973
f 2948//2948 2982//2982 2963//2963
f 2942//2942 2968//2968 2967//2967
f 2960//2960 2966//2966 2970//2970
f 2971//2971 2970//2970 2974//2974
f 2952//2952 2972//2972 2961//2961
f 2969//2969 2965//2965 2975//2975
f 2971//2971 2976//2976 2968//2968
f 2970//2970 2978//2978 2974//2974
f 2962//2962 2977//2977 2966//2966
f 2962//2962 2964//2964 2977//2977
f 2948//2948 2961//2961 2982//2982
f 2863//2863 2953//2953 2993//2993
f 2970//2970 2966//2966 2978//2978
f 2959//2959 2967//2967 2956//2956
f 2935//2935 2973//2973 2964//2964
f 2952//2952 2989//2989 2972//2972
f 2974//2974 2976//2976 2971//2971
f 2974//2974 2978//2978 2976//2976
f 2966//2966 2977//2977 2978//2978
f 2963//2963 2982//2982 2953//2953
f 2956//2956 2967//2967 2965//2965
f 2979//2979 2975//2975 2965//2965
f 2979//2979 2965//2965 2985//2985
f 2976//2976 2978//2978 2980//2980
f 2969//2969 2984//2984 2989//2989
f 2965//2965 2967//2967 2985//2985
f 2969//2969 2975//2975 2984//2984
f 2982//2982 2961//2961 2990//2990
f 2976//2976 2985//2985 2968//2968
f 2976//2976 2980//2980 2985//2985
f 2979//2979 2986//2986 2975//2975
f 2961//2961 2972//2972 2981//2981
f 2980//2980 2983//2983 2985//2985
f 2977//2977 2988//2988 2978//2978
f 2953//2953 2982//2982 2993//2993
f 2981//2981 2990//2990 2961//2961
f 2968//2968 2985//2985 2967//2967
f 2983//2983 2987//2987 2985//2985
f 2980//2980 2978//2978 2983//2983
f 2979//2979 2985//2985 2987//2987
f 2879//2879 2993//2993 2973//2973
f 2975//2975 2995//2995 2984//2984
f 2978//2978 2991//2991 2983//2983
f 2984//2984 2992//2992 2989//2989
f 2983//2983 2991//2991 2987//2987
f 2979//2979 2987//2987 2986//2986
f 2987//2987 2991//2991 2986//2986
f 2984//2984 2995//2995 2992//2992
f 2975//2975 2986//2986 2995//2995
f 2991//2991 2978//2978 2995//2995
f 2992//2992 2996//2996 2989//2989
f 2992//2992 2995//2995 2994//2994
f 2993//2993 2982//2982 2997//2997
f 2986//2986 2991//2991 2995//2995
f 2992//2992 2994//2994 2996//2996
f 2978//2978 2988//2988 2995//2995
f 2977//2977 2964//2964 2988//2988
f 2994//2994 2995//2995 2998//2998
f 2998//2998 2995//2995 2999//2999
f 2999//2999 2988//2988 2964//2964
f 2964//2964 2973//2973 3000//3000
f 2999//2999 2995//2995 2988//2988
f 2990//2990 2997//2997 2982//2982
f 2998//2998 3001//3001 2994//2994
f 2989//2989 2996//2996 2972//2972
f 2964//2964 3000//3000 2999//2999
f 2998//2998 2999//2999 3000//3000
f 2972//2972 3002//3002 2981//2981
f 2998//2998 3000//3000 3001//3001
f 2994//2994 3001//3001 2996//2996
f 2981//2981 2997//2997 2990//2990
f 2996//2996 3001//3001 2972//2972
f 2981//2981 3002//3002 2997//2997
f 2993//2993 2997//2997 3002//3002
f 2993//2993 3002//3002 2973//2973
f 2972//2972 3001//3001 3002//3002
f 3000//3000 2973//2973 3001//3001
f 3002//3002 3001//3001 2973//2973
