# Blender 5.2.0 LTS
# www.blender.org
mtllib bust_athena.mtl
o bust_athena
v -0.814771 -0.756144 -0.004554
v -0.809161 -0.746621 0.038172
v -0.812371 -0.746307 0.061221
v -0.791738 -0.778206 -0.040584
v -0.805362 -0.738078 0.108661
v -0.794109 -0.709763 0.067690
v -0.775934 -0.657961 0.018276
v -0.776441 -0.707103 0.031553
v -0.795570 -0.735046 0.130446
v -0.755065 -0.609106 0.098070
v -0.781275 -0.714295 0.110384
v -0.735128 -0.601725 0.123819
v -0.763993 -0.718649 -0.062560
v -0.756980 -0.748646 0.163092
v -0.754525 -0.647670 0.105693
v -0.625638 -0.948605 -0.016401
v -0.727108 -0.545974 0.006650
v -0.748645 -0.820782 -0.086661
v -0.707254 -0.508342 0.090786
v -0.744836 -0.714888 -0.074700
v -0.737667 -0.614757 0.025350
v -0.754336 -0.729145 -0.096584
v -0.717682 -0.779406 0.211663
v -0.696122 -0.532838 -0.046200
v -0.715285 -0.861552 -0.096740
v -0.698899 -0.532573 0.021703
v -0.734460 -0.759929 0.200556
v -0.715446 -0.640296 -0.102452
v -0.712911 -0.665468 -0.081662
v -0.697997 -0.778884 -0.127728
v -0.722438 -0.585122 0.103087
v -0.729347 -0.751615 0.221475
v -0.718000 -0.663791 0.183484
v -0.717602 -0.718760 0.188189
v -0.715360 -0.668120 0.222162
v -0.706187 -0.659854 0.169921
v -0.694579 -0.575260 -0.077814
v -0.702366 -0.766054 0.280681
v -0.715350 -0.700268 0.242868
v -0.658126 -0.946591 -0.117819
v -0.634836 -0.643132 -0.139723
v -0.683277 -0.556006 0.184266
v -0.682851 -0.552958 -0.062003
v -0.680858 -0.750684 0.290672
v -0.686634 -0.610490 0.158310
v -0.694366 -0.535177 0.100959
v -0.660426 -0.447979 0.005059
v -0.684703 -0.893169 -0.122877
v -0.670053 -0.721796 0.243382
v -0.680961 -0.502834 0.116389
v -0.676240 -0.585053 -0.088715
v -0.661619 -0.535968 -0.108138
v -0.645261 -0.695246 -0.146816
v -0.657163 -0.473814 -0.054273
v -0.659859 -0.480818 0.098234
v -0.658267 -0.807096 0.287543
v -0.660287 -0.507039 0.154785
v -0.664874 -0.553609 0.147522
v -0.661676 -0.744461 0.309912
v -0.637485 -0.422088 0.084624
v -0.640274 -0.485276 0.168236
v -0.649206 -0.499898 -0.089863
v -0.648931 -0.728895 0.296027
v -0.611794 -0.421247 0.107543
v -0.650322 -0.462176 0.018424
v -0.605368 -0.451474 0.127152
v -0.653427 -0.847305 -0.140576
v -0.653217 -0.759054 0.262257
v -0.654810 -0.789817 -0.147012
v -0.661278 -0.736309 -0.161881
v -0.658447 -0.905459 -0.171887
v -0.657292 -0.819908 -0.183027
v -0.654214 -0.673007 -0.181044
v -0.655949 -0.752782 -0.205848
v -0.657946 -0.940148 -0.230598
v -0.646651 -0.908831 -0.129035
v -0.641006 -0.555270 0.203173
v -0.656905 -0.899119 -0.145030
v -0.642875 -0.738728 0.263830
v -0.648576 -0.851324 -0.245061
v -0.652871 -0.942542 -0.156040
v -0.646564 -0.889835 -0.287818
v -0.652221 -0.945404 -0.138494
v -0.645992 -0.682696 -0.253246
v -0.642581 -0.877255 -0.165064
v -0.648927 -0.747055 -0.277237
v -0.621317 -0.882139 -0.236018
v -0.645178 -0.648305 -0.200625
v -0.621889 -0.946048 -0.279035
v -0.629617 -0.598699 0.231600
v -0.636885 -0.944462 -0.218426
v -0.645505 -0.737755 -0.179218
v -0.617849 -0.491283 -0.110670
v -0.605001 -0.425837 0.138152
v -0.597767 -0.670202 0.306354
v -0.621644 -0.530328 -0.169440
v -0.639615 -0.654932 -0.171414
v -0.626020 -0.577031 -0.153256
v -0.615676 -0.510895 -0.147273
v -0.625298 -0.947160 -0.114985
v -0.597472 -0.729785 0.309887
v -0.605012 -0.784693 -0.309590
v -0.632486 -0.568485 -0.234303
v -0.602335 -0.430788 -0.065948
v -0.609018 -0.396196 0.007530
v -0.633711 -0.667591 -0.239175
v -0.619172 -0.433419 0.094074
v -0.594717 -0.405122 -0.051591
v -0.618747 -0.827285 0.295054
v -0.636409 -0.498815 0.140033
v -0.620524 -0.596321 -0.139198
v -0.611472 -0.514913 -0.191610
v -0.610162 -0.617639 -0.277550
v -0.616272 -0.705021 0.256387
v -0.597433 -0.691136 0.281117
v -0.607902 -0.922446 -0.225976
v -0.609524 -0.617200 0.239439
v -0.583714 -0.397904 0.027609
v -0.597896 -0.947927 -0.218426
v -0.607229 -0.476322 0.195871
v -0.616167 -0.762453 -0.243226
v -0.597969 -0.423582 -0.085179
v -0.561106 -0.420701 -0.096358
v -0.602390 -0.790280 0.309380
v -0.578973 -0.410952 0.169436
v -0.603683 -0.534865 -0.137524
v -0.605965 -0.687227 -0.239193
v -0.605694 -0.488515 -0.214634
v -0.549145 -0.860376 -0.323793
v -0.590839 -0.472377 -0.155095
v -0.601598 -0.638458 -0.228100
v -0.598790 -0.654501 0.247745
v -0.585379 -0.500181 -0.130715
v -0.599165 -0.595134 -0.212820
v -0.598751 -0.863335 0.272583
v -0.569748 -0.379905 0.074384
v -0.558690 -0.404139 0.108784
v -0.592478 -0.420908 -0.127528
v -0.574360 -0.380832 -0.110418
v -0.595217 -0.543817 -0.193271
v -0.582421 -0.550431 0.238477
v -0.590112 -0.509934 -0.175959
v -0.563040 -0.939965 -0.299774
v -0.580389 -0.884700 0.283866
v -0.577055 -0.389790 -0.074533
v -0.581287 -0.802229 0.272005
v -0.572516 -0.763001 0.293976
v -0.556804 -0.712745 -0.313573
v -0.560242 -0.624001 0.286967
v -0.523513 -0.602959 -0.293923
v -0.562454 -0.421976 0.162109
v -0.514875 -0.359901 0.080864
v -0.564583 -0.445337 -0.204533
v -0.581241 -0.591117 0.238932
v -0.554209 -0.336755 0.004021
v -0.594119 -0.632125 0.268141
v -0.570642 -0.439619 -0.118706
v -0.545753 -0.644912 0.302806
v -0.562892 -0.402770 -0.075450
v -0.553764 -0.915775 0.269592
v -0.566173 -0.550937 0.223451
v -0.552847 -0.391315 -0.044985
v -0.568900 -0.951127 0.140174
v -0.531452 -0.377634 0.139869
v -0.557429 -0.539351 0.240167
v -0.558214 -0.405737 -0.146314
v -0.541333 -0.452809 0.204168
v -0.546477 -0.608533 0.294952
v -0.562050 -0.740695 0.274108
v -0.544126 -0.890038 0.277024
v -0.551488 -0.515370 0.208841
v -0.507666 -0.947797 -0.302168
v -0.523689 -0.943029 -0.315128
v -0.525661 -0.404760 0.169666
v -0.544863 -0.769606 0.271733
v -0.542971 -0.381178 -0.018556
v -0.513390 -0.369478 0.042307
v -0.529042 -0.344669 0.073699
v -0.534199 -0.663860 0.254520
v -0.536035 -0.361256 0.037653
v -0.545018 -0.368326 0.007485
v -0.522703 -0.950674 0.254106
v -0.534154 -0.345112 -0.105528
v -0.522496 -0.360860 0.058375
v -0.526800 -0.318481 -0.028686
v -0.527630 -0.634883 0.262217
v -0.538669 -0.719318 0.267404
v -0.525931 -0.324605 0.030970
v -0.519340 -0.473571 0.212792
v -0.529262 -0.367803 -0.083685
v -0.518767 -0.339326 -0.021701
v -0.523212 -0.558804 0.271013
v -0.527154 -0.794121 0.279584
v -0.517609 -0.389920 0.138121
v -0.521890 -0.540576 0.242796
v -0.529752 -0.467854 0.188652
v -0.498447 -0.320957 0.102599
v -0.518891 -0.666642 0.279980
v -0.500861 -0.374813 0.078109
v -0.503406 -0.408282 0.172164
v -0.519800 -0.878825 0.257867
v -0.515954 -0.807478 0.262618
v -0.505446 -0.468523 -0.241672
v -0.506519 -0.767656 -0.315120
v -0.496858 -0.347326 0.126566
v -0.503094 -0.491505 0.203969
v -0.503221 -0.579709 0.234686
v -0.496634 -0.796013 0.291433
v -0.481047 -0.367872 0.109370
v -0.496857 -0.419574 0.163226
v -0.498995 -0.948577 -0.280223
v -0.502253 -0.513600 0.245793
v -0.501847 -0.707798 0.263269
v -0.474764 -0.333677 -0.134162
v -0.498820 -0.574362 -0.282848
v -0.482988 -0.305231 0.086064
v -0.490284 -0.329297 0.062898
v -0.504280 -0.645876 0.255054
v -0.495577 -0.361138 0.102347
v -0.492950 -0.700542 0.280090
v -0.470318 -0.403054 0.155080
v -0.492465 -0.941995 0.289037
v -0.493987 -0.694103 -0.286981
v -0.497175 -0.842907 -0.294286
v -0.486183 -0.942380 -0.301111
v -0.492478 -0.546367 0.238551
v -0.462183 -0.295352 -0.030119
v -0.483107 -0.598177 0.244799
v -0.484242 -0.449099 0.181101
v -0.472646 -0.369423 0.134408
v -0.481900 -0.670903 -0.304223
v -0.485751 -0.464774 0.221843
v -0.472935 -0.495235 0.219003
v -0.489595 -0.419267 -0.216402
v -0.488780 -0.612995 -0.271057
v -0.484259 -0.544144 -0.251046
v -0.477230 -0.469988 -0.220371
v -0.478804 -0.815860 -0.313621
v -0.486714 -0.364352 0.161643
v -0.456985 -0.558473 0.261430
v -0.480230 -0.833997 0.285615
v -0.475069 -0.646784 0.273509
v -0.471671 -0.387303 0.213666
v -0.470957 -0.388776 0.139685
v -0.472795 -0.707280 0.278142
v -0.477020 -0.403984 0.185925
v -0.451417 -0.332843 0.146232
v -0.471110 -0.947214 0.270721
v -0.472530 -0.770278 0.314307
v -0.463111 -0.375894 -0.162255
v -0.460993 -0.518917 0.221301
v -0.465148 -0.444193 0.201203
v -0.459520 -0.620470 -0.299785
v -0.451429 -0.845058 -0.308209
v -0.459129 -0.676354 0.293912
v -0.463936 -0.412484 0.161645
v -0.468171 -0.456074 -0.237182
v -0.461405 -0.944648 -0.296434
v -0.469139 -0.411126 -0.187218
v -0.454015 -0.346896 0.197945
v -0.465787 -0.331632 0.115635
v -0.463687 -0.913291 0.320098
v -0.463235 -0.339944 0.173796
v -0.461541 -0.636750 0.262946
v -0.454250 -0.345494 -0.118957
v -0.462312 -0.486649 0.238851
v -0.451840 -0.870322 0.304865
v -0.450641 -0.418607 0.174211
v -0.454321 -0.469077 0.222653
v -0.455349 -0.950243 0.306631
v -0.451931 -0.587738 0.257476
v -0.456030 -0.906154 -0.300171
v -0.438035 -0.373458 0.221575
v -0.443818 -0.802390 -0.329378
v -0.454549 -0.549658 0.276858
v -0.455085 -0.588712 0.304264
v -0.452965 -0.731991 0.304709
v -0.458013 -0.531290 0.280079
v -0.443902 -0.496129 0.252378
v -0.450015 -0.349573 -0.170012
v -0.427620 -0.310925 0.099432
v -0.445182 -0.658979 0.290031
v -0.445769 -0.706060 -0.303614
v -0.439190 -0.756103 0.359622
v -0.438083 -0.576761 0.301955
v -0.440615 -0.911266 0.293825
v -0.439299 -0.597896 -0.286647
v -0.438756 -0.943512 -0.329802
v -0.442206 -0.307546 -0.029343
v -0.432102 -0.473406 -0.248854
v -0.423616 -0.389987 0.232472
v -0.417165 -0.557105 0.300236
v -0.427471 -0.280871 -0.065444
v -0.422563 -0.481738 0.232016
v -0.433773 -0.951772 0.290511
v -0.434522 -0.531920 -0.268531
v -0.430072 -0.482663 -0.272824
v -0.441060 -0.605434 0.280334
v -0.427356 -0.468844 0.245044
v -0.416233 -0.951636 0.338309
v -0.426039 -0.324129 0.135842
v -0.420903 -0.597220 0.312023
v -0.407339 -0.332891 -0.187293
v -0.422124 -0.632225 0.330703
v -0.426138 -0.427335 0.198181
v -0.436441 -0.632767 0.321016
v -0.411203 -0.951094 0.376754
v -0.434951 -0.622937 0.332537
v -0.424092 -0.642056 0.305893
v -0.431124 -0.842284 0.389849
v -0.421688 -0.288923 0.079717
v -0.401624 -0.407236 0.214986
v -0.418112 -0.566840 0.311923
v -0.421807 -0.744271 0.361891
v -0.417441 -0.454085 -0.271605
v -0.429064 -0.667745 -0.322386
v -0.406193 -0.691004 0.393712
v -0.409001 -0.493514 0.262828
v -0.424005 -0.422209 0.205139
v -0.394583 -0.941339 -0.328120
v -0.410741 -0.683299 0.351452
v -0.410892 -0.318269 0.136302
v -0.391250 -0.951646 0.389648
v -0.398371 -0.767278 0.421781
v -0.396314 -0.622534 0.357532
v -0.393561 -0.303492 -0.139296
v -0.406159 -0.319456 0.184748
v -0.405985 -0.378320 0.227390
v -0.403682 -0.661448 0.365506
v -0.368069 -0.947524 -0.325098
v -0.402939 -0.904449 0.412995
v -0.394998 -0.450101 0.229584
v -0.398563 -0.415160 0.184653
v -0.368352 -0.830677 0.473477
v -0.389328 -0.295795 0.090560
v -0.389175 -0.574210 -0.301377
v -0.394783 -0.547766 0.304801
v -0.390070 -0.635517 0.349076
v -0.390018 -0.328605 0.125407
v -0.397660 -0.769830 -0.328580
v -0.386619 -0.275964 -0.023108
v -0.383867 -0.448622 -0.258242
v -0.398508 -0.390498 0.123717
v -0.359218 -0.690251 0.422303
v -0.384200 -0.710893 0.392121
v -0.377917 -0.322306 0.167486
v -0.377156 -0.389574 0.134224
v -0.399538 -0.516239 0.282485
v -0.385850 -0.504202 0.274110
v -0.376988 -0.394889 0.214256
v -0.376128 -0.463818 0.256162
v -0.372520 -0.404412 0.186321
v -0.372839 -0.521699 0.296930
v -0.376999 -0.797705 -0.344466
v -0.381592 -0.305015 -0.101313
v -0.379397 -0.707471 0.412048
v -0.376184 -0.338607 0.135767
v -0.362087 -0.312154 0.086234
v -0.366757 -0.360857 0.091240
v -0.365865 -0.348352 0.187963
v -0.369775 -0.454876 0.233088
v -0.344747 -0.908818 0.471033
v -0.366980 -0.629895 0.367693
v -0.384932 -0.351048 -0.185759
v -0.381836 -0.302771 0.029508
v -0.384339 -0.403198 0.148181
v -0.364821 -0.442032 0.227595
v -0.375567 -0.580921 -0.316351
v -0.370437 -0.408564 0.169825
v -0.374626 -0.359690 0.129696
v -0.360549 -0.466378 0.216707
v -0.371057 -0.489440 0.233371
v -0.361549 -0.388580 -0.234035
v -0.381361 -0.587453 0.339486
v -0.360824 -0.440443 -0.268999
v -0.356505 -0.675939 -0.334451
v -0.363658 -0.588586 0.358873
v -0.353835 -0.757992 0.451016
v -0.355315 -0.360024 -0.213065
v -0.356942 -0.283521 -0.012379
v -0.363595 -0.437278 0.190331
v -0.362825 -0.411341 0.162901
v -0.349929 -0.945132 -0.303312
v -0.364641 -0.548942 0.286611
v -0.363451 -0.303913 -0.141932
v -0.347213 -0.538564 -0.303128
v -0.363311 -0.572588 0.305528
v -0.357717 -0.864876 -0.330436
v -0.357931 -0.518387 0.291030
v -0.339789 -0.699295 0.422406
v -0.341628 -0.578030 0.348796
v -0.364288 -0.518390 0.262081
v -0.330741 -0.356575 0.108395
v -0.343012 -0.394220 0.158755
v -0.357976 -0.812270 -0.339476
v -0.349926 -0.587927 0.321762
v -0.346600 -0.338397 -0.188027
v -0.353928 -0.341550 0.058438
v -0.355546 -0.730925 -0.331778
v -0.347753 -0.344278 -0.244734
v -0.345207 -0.286632 -0.091686
v -0.347907 -0.367312 -0.272889
v -0.348257 -0.594525 0.350947
v -0.351324 -0.411931 -0.251940
v -0.343257 -0.503710 0.254653
v -0.354684 -0.300667 -0.171550
v -0.342037 -0.289191 -0.012526
v -0.345615 -0.715790 0.442455
v -0.356173 -0.741039 0.461702
v -0.321047 -0.951669 0.459742
v -0.316119 -0.754405 0.478119
v -0.341087 -0.653926 -0.311639
v -0.343391 -0.431570 0.192124
v -0.344739 -0.333505 0.028227
v -0.339978 -0.321470 -0.161192
v -0.341851 -0.338604 -0.215243
v -0.329954 -0.404989 -0.281333
v -0.341586 -0.284523 -0.192041
v -0.324521 -0.340925 0.102483
v -0.345577 -0.266179 -0.002501
v -0.344370 -0.299553 0.020530
v -0.340489 -0.620252 -0.304236
v -0.339029 -0.567387 -0.297049
v -0.328504 -0.757657 -0.351837
v -0.326673 -0.452086 0.220980
v -0.342067 -0.879202 -0.343610
v -0.317507 -0.690616 -0.332989
v -0.323484 -0.838614 -0.350922
v -0.319287 -0.329786 -0.259573
v -0.324463 -0.781469 -0.350509
v -0.338347 -0.654404 0.405896
v -0.337062 -0.273031 0.014882
v -0.332347 -0.295336 0.046694
v -0.314038 -0.235491 -0.163796
v -0.318270 -0.312470 -0.240300
v -0.325986 -0.696235 0.446992
v -0.333067 -0.617265 0.353245
v -0.323395 -0.326195 0.046761
v -0.337033 -0.297904 -0.150359
v -0.236363 -0.951814 -0.330250
v -0.330364 -0.309344 -0.119636
v -0.330588 -0.280684 -0.109404
v -0.333602 -0.468775 -0.270727
v -0.323621 -0.422875 0.194108
v -0.336397 -0.604198 0.371829
v -0.317256 -0.238014 -0.127512
v -0.329490 -0.304274 -0.047039
v -0.332527 -0.515630 -0.275763
v -0.334338 -0.291717 -0.026892
v -0.310348 -0.895868 -0.343250
v -0.318646 -0.442343 -0.258672
v -0.333532 -0.647182 -0.324162
v -0.327042 -0.333850 -0.212507
v -0.323587 -0.506565 -0.283880
v -0.316918 -0.265850 -0.047353
v -0.317356 -0.571736 -0.306679
v -0.316191 -0.650256 0.412170
v -0.322286 -0.637496 0.373711
v -0.323475 -0.523402 0.279981
v -0.317427 -0.395475 0.162233
v -0.319876 -0.243616 0.025795
v -0.327265 -0.313010 -0.091568
v -0.319807 -0.239736 -0.012599
v -0.317752 -0.293031 -0.200015
v -0.308882 -0.491006 0.258482
v -0.319206 -0.774963 0.479376
v -0.298345 -0.417326 -0.264869
v -0.310031 -0.567371 0.319913
v -0.311013 -0.770809 0.491599
v -0.288455 -0.276836 -0.059099
v -0.308737 -0.918835 -0.335518
v -0.313109 -0.311649 0.047546
v -0.323571 -0.665509 0.405217
v -0.300899 -0.657752 -0.333494
v -0.311770 -0.706543 0.444465
v -0.304120 -0.220784 -0.170534
v -0.311257 -0.270753 -0.225836
v -0.305999 -0.254053 -0.082387
v -0.320201 -0.221647 -0.092543
v -0.310463 -0.453757 -0.266159
v -0.314629 -0.265870 -0.144024
v -0.300056 -0.546373 0.309253
v -0.303546 -0.293895 -0.088276
v -0.311374 -0.258025 -0.196886
v -0.308442 -0.403789 0.184571
v -0.306873 -0.467168 0.242712
v -0.299462 -0.251810 -0.022868
v -0.298880 -0.789751 0.505502
v -0.285052 -0.816145 0.491158
v -0.307289 -0.663459 0.396267
v -0.292739 -0.607893 0.351250
v -0.295725 -0.722860 -0.343598
v -0.275344 -0.458920 0.245841
v -0.251712 -0.512841 0.299371
v -0.305137 -0.181215 -0.057969
v -0.306974 0.183962 0.210540
v -0.297717 -0.810337 -0.351459
v -0.294596 -0.221517 0.016843
v -0.310299 0.165676 0.202705
v -0.310553 -0.444512 -0.280109
v -0.296435 0.140348 0.151007
v -0.306256 -0.275372 0.034265
v -0.301215 0.176882 0.167988
v -0.293222 -0.246406 0.056284
v -0.299896 0.133358 0.197344
v -0.304607 0.144660 0.224883
v -0.305825 -0.183502 -0.091901
v -0.308421 -0.393130 -0.261663
v -0.297313 -0.289026 -0.244343
v -0.305488 -0.706242 -0.345031
v -0.298801 -0.138317 -0.049454
v -0.281511 -0.266258 0.058256
v -0.306134 0.111632 0.154387
v -0.294050 -0.396987 -0.303101
v -0.295272 -0.358234 -0.251054
v -0.279894 -0.315375 -0.255454
v -0.320585 -0.371702 0.149311
v -0.286248 -0.588495 0.347525
v -0.295795 -0.599103 -0.321785
v -0.291410 0.199612 0.213521
v -0.289947 -0.430587 0.208862
v -0.295091 -0.148813 -0.028719
v -0.297230 0.196631 0.192061
v -0.279690 0.196267 0.183278
v -0.288907 -0.169437 -0.098354
v -0.281023 -0.638112 -0.328694
v -0.301765 0.091357 0.099216
v -0.300583 -0.135817 0.009280
v -0.293867 0.140732 0.131590
v -0.299405 -0.089912 0.022533
v -0.294978 0.110509 0.182844
v -0.283084 -0.338697 -0.293354
v -0.296182 -0.149151 0.034221
v -0.301440 0.115674 0.116305
v -0.293960 -0.079559 0.049337
v -0.233380 -0.851431 0.491285
v -0.291397 0.113308 0.218660
v -0.293088 -0.458727 -0.290469
v -0.274495 -0.494558 0.277118
v -0.290551 -0.422562 -0.290916
v -0.289037 -0.318752 0.101949
v -0.291638 -0.298183 0.016088
v -0.289296 0.153243 0.227499
v -0.278937 -0.851866 -0.349983
v -0.264536 -0.548448 -0.311310
v -0.281637 -0.720086 0.470337
v -0.287798 0.087851 0.166936
v -0.284697 -0.210153 -0.005644
v -0.279337 -0.116246 0.055943
v -0.279123 -0.426794 0.221931
v -0.270347 -0.644938 0.387569
v -0.275049 -0.293097 0.036177
v -0.287749 0.091062 0.062549
v -0.275204 0.053345 0.133841
v -0.284835 -0.084010 0.014148
v -0.291650 0.302748 0.132291
v -0.289777 0.231735 0.020249
v -0.292320 -0.123305 -0.030114
v -0.278847 -0.221272 -0.203196
v -0.290678 0.182430 0.234931
v -0.282925 0.136961 0.231320
v -0.274525 -0.898177 -0.351305
v -0.286602 0.233650 0.069954
v -0.276453 -0.146133 -0.010568
v -0.276030 -0.758368 -0.358504
v -0.282814 -0.098680 0.001843
v -0.291242 0.393986 0.053800
v -0.279038 -0.189334 0.038859
v -0.275097 -0.259727 -0.075824
v -0.284098 -0.085822 -0.017398
v -0.284879 0.122276 0.118469
v -0.261145 -0.123283 -0.079190
v -0.278122 -0.200754 -0.152880
v -0.261896 -0.760569 0.506457
v -0.285918 0.318703 -0.060304
v -0.285776 0.102238 0.149950
v -0.281518 0.280677 0.145302
v -0.262188 -0.699055 0.468904
v -0.278092 -0.182196 0.000132
v -0.271792 -0.102758 -0.063538
v -0.279895 -0.358293 0.163770
v -0.266681 0.125796 0.075390
v -0.265434 0.111027 0.237803
v -0.287454 -0.889297 0.493914
v -0.274529 -0.082143 -0.033243
v -0.267413 -0.785519 -0.358487
v -0.272481 0.162519 0.239089
v -0.272289 -0.092925 0.064603
v -0.270220 0.212463 0.198342
v -0.275857 0.183862 0.260837
v -0.280095 0.032559 0.091246
v -0.273016 0.049031 0.059728
v -0.272507 -0.699508 0.431755
v -0.281217 -0.793143 0.500876
v -0.276132 -0.371788 -0.302308
v -0.269850 -0.282992 0.036603
v -0.253097 -0.739947 0.486868
v -0.286958 0.280747 0.088317
v -0.270468 0.342261 0.171105
v -0.282459 -0.326313 -0.272775
v -0.270339 0.150844 0.257565
v -0.278472 0.196550 0.218065
v -0.279789 0.152291 0.124076
v -0.281972 0.170850 0.093329
v -0.276194 0.060261 0.110732
v -0.280339 0.138424 0.093221
v -0.270329 -0.228507 -0.026298
v -0.273861 -0.483805 -0.283220
v -0.275099 0.177697 0.162073
v -0.276419 -0.224889 -0.045464
v -0.272218 0.186177 -0.008305
v -0.276509 0.214939 0.151816
v -0.268119 0.212720 0.278918
v -0.269165 0.470366 -0.020622
v -0.282762 -0.154135 -0.104330
v -0.274862 -0.186584 -0.121427
v -0.265119 0.109940 0.178669
v -0.248100 -0.678785 0.415574
v -0.280998 -0.156512 -0.124357
v -0.281307 -0.141184 0.070264
v -0.267718 -0.055563 0.006749
v -0.238612 -0.721788 -0.354558
v -0.268092 -0.157601 -0.088485
v -0.271176 0.032042 0.040929
v -0.269235 0.220652 0.175529
v -0.263833 -0.669528 -0.342208
v -0.277868 -0.233040 -0.176716
v -0.261960 -0.219114 0.050991
v -0.253009 -0.444862 -0.276833
v -0.258992 -0.693417 -0.343493
v -0.271166 -0.079548 0.093578
v -0.268449 -0.769244 0.494260
v -0.269656 0.140619 0.030697
v -0.272579 -0.185687 -0.166136
v -0.272251 -0.524500 -0.307132
v -0.274053 0.220754 -0.012064
v -0.253842 -0.400374 0.215926
v -0.245071 -0.562005 0.342213
v -0.251722 -0.177758 0.084996
v -0.232881 -0.618770 0.378147
v -0.256971 -0.791358 0.502725
v -0.259803 0.331103 0.204384
v -0.256215 -0.089213 -0.088235
v -0.252803 0.057619 0.150486
v -0.273360 0.385820 -0.462993
v -0.246226 -0.269527 -0.264499
v -0.275752 0.048606 -0.023590
v -0.265294 0.260063 0.118469
v -0.257087 0.098307 0.021007
v -0.270653 0.064435 -0.007221
v -0.259523 0.179574 -0.072826
v -0.274409 0.079686 0.012517
v -0.246241 -0.215260 -0.205404
v -0.254731 0.255334 -0.127297
v -0.272730 0.028842 0.008353
v -0.270163 0.473839 -0.451796
v -0.263759 -0.127645 0.086118
v -0.244793 -0.278527 0.037772
v -0.260101 -0.427379 -0.309743
v -0.250658 -0.175283 0.039232
v -0.266927 0.051800 0.040911
v -0.269218 -0.164863 0.064597
v -0.262739 0.303151 -0.425547
v -0.267237 0.393726 -0.437373
v -0.263729 -0.827563 0.510225
v -0.268849 -0.325009 0.124882
v -0.253174 -0.392469 0.216046
v -0.260970 0.200242 0.019762
v -0.259284 -0.275331 -0.230665
v -0.266890 0.229676 0.067257
v -0.260339 -0.316050 -0.284459
v -0.265289 0.542854 -0.438433
v -0.226460 -0.273696 -0.268964
v -0.220742 -0.871023 -0.360325
v -0.264012 -0.036641 0.065417
v -0.247794 -0.467401 0.261441
v -0.259322 -0.003760 0.017889
v -0.250312 0.437970 0.178109
v -0.244219 0.147805 0.312617
v -0.256248 0.011205 -0.025982
v -0.257051 -0.218020 -0.037833
v -0.257354 0.063047 0.057779
v -0.233656 -0.239018 0.068457
v -0.260853 0.543466 -0.417100
v -0.265629 0.089600 0.045348
v -0.262378 0.474901 -0.424442
v -0.257559 0.073697 -0.046587
v -0.259288 0.200014 0.216948
v -0.262266 -0.004022 0.114481
v -0.264930 0.024240 0.093025
v -0.246201 -0.816755 -0.358681
v -0.256979 -0.188020 -0.184673
v -0.257671 -0.062507 0.021431
v -0.232354 -0.506476 -0.301925
v -0.262772 -0.062229 0.077320
v -0.259916 -0.156279 -0.138151
v -0.249865 0.119335 0.283660
v -0.255727 0.157215 0.293023
v -0.246176 -0.083089 0.118363
v -0.250793 -0.383579 -0.291369
v -0.253786 0.300182 0.171990
v -0.254181 0.086444 -0.017959
v -0.274701 -0.941631 -0.330940
v -0.249593 -0.218598 0.025448
v -0.240075 -0.589734 -0.327776
v -0.262275 0.244344 -0.443481
v -0.250695 -0.104934 -0.116834
v -0.261258 0.254091 0.190821
v -0.247156 0.395455 -0.423175
v -0.255891 0.038854 0.018514
v -0.249455 -0.031285 0.049841
v -0.257544 -0.172848 -0.016072
v -0.251528 -0.002033 0.035078
v -0.232816 0.136603 -0.097803
v -0.246667 -0.431875 -0.293826
v -0.247793 0.053687 0.106445
v -0.252333 0.070798 -0.028735
v -0.254615 -0.363414 0.141181
v -0.254744 0.256892 0.220073
v -0.243957 0.670427 -0.388967
v -0.263361 0.008711 0.124961
v -0.247285 0.108201 -0.029840
v -0.245565 0.138104 -0.425030
v -0.249075 0.309209 0.203943
v -0.251901 -0.204885 0.060601
v -0.257951 -0.328728 0.088943
v -0.253312 -0.050378 -0.013754
v -0.241942 0.176888 -0.093033
v -0.252254 0.196375 -0.401683
v -0.245314 0.115702 0.172293
v -0.246288 -0.047691 0.119828
v -0.236589 -0.478075 -0.294768
v -0.222109 -0.548712 0.334479
v -0.239121 0.304010 -0.404337
v -0.226581 -0.464846 0.280523
v -0.240856 -0.084432 -0.063492
v -0.247526 -0.716699 0.463421
v -0.248554 0.282725 0.217861
v -0.247068 -0.298952 0.044793
v -0.249877 0.019954 0.053974
v -0.226138 -0.902458 -0.354016
v -0.243186 -0.044606 0.093634
v -0.250905 -0.240758 -0.241317
v -0.255044 0.241731 -0.417421
v -0.212456 0.427556 -0.205262
v -0.247936 0.160247 0.254461
v -0.220007 -0.845494 0.517775
v -0.244624 0.173769 -0.028027
v -0.240224 -0.008197 0.143690
v -0.247753 0.056821 -0.067755
v -0.218084 0.309348 -0.209599
v -0.254598 0.237143 0.292255
v -0.245871 0.621786 -0.381713
v -0.236708 -0.333359 -0.285809
v -0.246352 -0.035011 -0.028289
v -0.246249 0.124862 -0.410388
v -0.251387 -0.463536 -0.304497
v -0.250392 0.222348 0.269600
v -0.207741 -0.407490 0.238288
v -0.245042 0.466265 -0.415733
v -0.230948 0.104032 0.198058
v -0.238687 0.077149 0.161460
v -0.244789 0.392733 0.231134
v -0.240223 0.247056 0.305243
v -0.251309 -0.048825 -0.063558
v -0.239593 0.221360 0.258575
v -0.234641 -0.742931 0.460429
v -0.240634 -0.050145 -0.092552
v -0.220077 0.160181 0.316445
v -0.246009 -0.362022 -0.311456
v -0.172895 -0.948341 0.462922
v -0.244033 0.053026 0.132556
v -0.211658 0.142821 0.318183
v -0.239663 0.536297 -0.405739
v -0.239468 0.120267 -0.383745
v -0.238711 -0.046552 -0.022851
v -0.239160 0.257003 0.254322
v -0.227366 -0.111339 0.086512
v -0.224255 -0.138897 0.077885
v -0.235699 -0.745505 -0.355717
v -0.237356 -0.724263 0.481807
v -0.222170 0.558858 -0.004318
v -0.244338 0.000070 -0.086790
v -0.243063 0.023397 -0.043702
v -0.237037 -0.010930 -0.048894
v -0.226323 0.376378 0.249288
v -0.189193 0.583315 0.130777
v -0.236390 0.310803 0.240850
v -0.234128 0.244234 0.278981
v -0.230791 -0.600410 0.372022
v -0.242298 -0.179857 -0.165591
v -0.216224 -0.249322 0.059726
v -0.229754 0.127917 0.290358
v -0.212632 -0.186408 0.094198
v -0.220898 0.558341 -0.372235
v -0.208949 -0.786751 -0.363502
v -0.217863 0.600404 -0.365882
v -0.241063 0.338302 -0.414792
v -0.207976 0.497970 -0.166116
v -0.228677 -0.505998 0.304032
v -0.219874 0.211802 0.317897
v -0.233491 0.339299 0.214555
v -0.231509 0.189860 -0.384939
v -0.240903 0.191167 0.295644
v -0.238107 0.020228 -0.074330
v -0.239530 -0.154404 -0.164496
v -0.235846 0.023530 0.142377
v -0.234252 0.191561 0.317636
v -0.235946 0.658162 -0.363271
v -0.234248 -0.162762 -0.191603
v -0.226959 0.283901 0.272759
v -0.233072 0.004242 -0.030533
v -0.224757 -0.049442 0.138818
v -0.219276 0.397075 -0.378420
v -0.229092 -0.401446 0.184255
v -0.233681 0.120616 0.228846
v -0.226590 0.066287 0.138924
v -0.236781 0.073492 0.182963
v -0.232535 0.036450 -0.101217
v -0.187578 -0.319360 0.124050
v -0.226700 -0.011294 -0.003847
v -0.197875 -0.789886 0.503863
v -0.230260 -0.242423 -0.247347
v -0.225836 -0.204362 -0.233650
v -0.220359 -0.851753 0.508799
v -0.222584 -0.108333 -0.125777
v -0.229206 0.699113 -0.339491
v -0.220237 -0.647515 -0.339770
v -0.231269 -0.453938 -0.320791
v -0.235523 0.070100 -0.370037
v -0.218636 0.755258 -0.330540
v -0.222598 0.148379 -0.073687
v -0.231742 0.262090 -0.463700
v -0.223699 0.007701 -0.379090
v -0.223113 0.275747 0.294358
v -0.201850 -0.951821 0.478659
v -0.224379 0.006582 -0.356751
v -0.175585 0.549666 -0.474420
v -0.200701 0.100388 0.272369
v -0.221402 -0.341383 -0.316119
v -0.219435 -0.716325 0.442663
v -0.220270 0.132166 -0.428725
v -0.212603 0.262945 -0.366581
v -0.218906 -0.145209 -0.134172
v -0.204584 0.580411 -0.346895
v -0.212264 -0.618866 -0.338755
v -0.215459 -0.287438 -0.270626
v -0.233548 0.399489 0.225381
v -0.214890 0.172180 0.306035
v -0.220739 0.040956 -0.089893
v -0.224866 -0.017631 -0.071922
v -0.223889 -0.081843 0.120869
v -0.215697 0.018549 -0.399706
v -0.241431 -0.398142 -0.324108
v -0.195131 -0.832877 0.521398
v -0.221847 0.048312 0.172151
v -0.217216 0.017776 0.138509
v -0.217314 0.055465 -0.075900
v -0.187987 0.273157 -0.327423
v -0.216842 0.028134 -0.118114
v -0.195608 0.209414 -0.201762
v -0.191980 -0.756028 0.497775
v -0.212854 0.065864 0.186698
v -0.207705 -0.411654 -0.356549
v -0.199693 -0.435058 0.265920
v -0.214887 0.460597 -0.378727
v -0.217102 -0.009779 -0.091934
v -0.208445 -0.432925 -0.341586
v -0.203580 -0.437173 -0.313496
v -0.204919 0.152032 -0.340075
v -0.202249 0.113019 0.194438
v -0.179680 -0.515618 0.321312
v -0.206413 -0.241525 0.045075
v -0.214027 0.150849 -0.138874
v -0.184970 0.396007 -0.323909
v -0.221588 -0.281090 0.016634
v -0.203184 -0.543736 -0.322065
v -0.194628 -0.578774 0.360997
v -0.209882 0.371952 0.245433
v -0.202461 -0.270644 0.022985
v -0.211850 0.203006 0.349943
v -0.225706 -0.303568 -0.333103
v -0.222451 -0.068298 -0.110360
v -0.206991 -0.639556 0.397287
v -0.184465 0.218221 -0.315131
v -0.218435 -0.109320 -0.159224
v -0.211847 -0.089428 0.106116
v -0.201426 -0.485914 -0.299128
v -0.224461 -0.418843 -0.328901
v -0.208969 -0.316703 -0.334045
v -0.220418 -0.058144 -0.339498
v -0.219680 -0.313481 -0.305704
v -0.217403 -0.070288 -0.140276
v -0.217841 -0.095093 -0.362468
v -0.180122 0.534516 0.214916
v -0.208293 -0.194533 -0.228306
v -0.207593 0.345447 0.278185
v -0.205992 -0.027682 -0.330712
v -0.200335 -0.676153 -0.349796
v -0.190966 0.310417 -0.326764
v -0.209941 0.749598 -0.296797
v -0.202724 -0.178139 0.081436
v -0.221149 -0.026177 -0.112867
v -0.206198 0.241033 0.288956
v -0.196239 0.632878 -0.320731
v -0.211210 0.316012 0.295555
v -0.218037 -0.199860 -0.344816
v -0.190784 0.126524 -0.117166
v -0.177929 -0.596588 -0.335908
v -0.179382 -0.354700 -0.364703
v -0.192907 0.682858 -0.306827
v -0.207813 -0.467971 -0.316941
v -0.210163 -0.208212 -0.340288
v -0.190994 0.117252 0.299652
v -0.207140 0.080877 0.167843
v -0.204846 -0.040597 0.139632
v -0.158302 0.628803 -0.256272
v -0.213211 -0.115645 -0.330351
v -0.212021 -0.038672 -0.120965
v -0.120301 -0.371824 0.192088
v -0.201399 0.040853 -0.325470
v -0.195805 0.272569 0.344331
v -0.188756 0.344204 -0.328589
v -0.201647 0.347612 0.309925
v -0.207787 -0.105583 -0.353230
v -0.193735 -0.166159 -0.182938
v -0.208178 -0.486653 0.290750
v -0.205544 -0.020745 -0.079719
v -0.187250 -0.254400 -0.354870
v -0.199643 0.177817 0.326406
v -0.156850 -0.482374 0.309789
v -0.211014 -0.211324 -0.315350
v -0.175521 0.123659 -0.291971
v -0.192545 -0.809111 -0.367993
v -0.206862 0.518544 -0.364387
v -0.206983 -0.241957 -0.237305
v -0.192083 0.141097 -0.451985
v -0.179295 0.445769 -0.316075
v -0.180407 0.480983 -0.496473
v -0.197052 0.734255 -0.297275
v -0.199704 0.803968 -0.280989
v -0.182296 0.300514 -0.496301
v -0.195645 0.229407 0.358894
v -0.179949 -0.701128 0.435863
v -0.189569 -0.882132 0.508015
v -0.201211 0.297295 0.326698
v -0.200029 -0.190000 -0.305244
v -0.183034 0.041912 -0.113693
v -0.194275 -0.014103 0.127933
v -0.198134 -0.755587 0.466124
v -0.188772 -0.256962 -0.276143
v -0.214623 0.241557 0.314674
v -0.171460 0.107499 -0.162779
v -0.186531 0.172542 0.342937
v -0.197850 0.005695 0.187298
v -0.147627 0.464828 0.307655
v -0.193446 0.245721 0.357889
v -0.191488 -0.161414 -0.285844
v -0.168279 0.520078 -0.291217
v -0.192573 -0.172365 0.085175
v -0.200725 -0.000971 -0.109278
v -0.172756 -0.579281 -0.334712
v -0.185497 -0.832195 -0.361775
v -0.188309 0.811112 -0.235259
v -0.190823 -0.126922 0.080569
v -0.175311 -0.494180 0.313686
v -0.195507 -0.060849 0.118123
v -0.183487 0.169074 -0.303379
v -0.175646 0.021416 0.165877
v -0.194200 0.132319 0.294888
v -0.172198 0.493863 -0.306136
v -0.198104 -0.938480 -0.345180
v -0.197491 -0.201039 -0.222445
v -0.206528 -0.659542 0.408592
v -0.190281 -0.189283 -0.360409
v -0.180511 0.112420 0.237268
v -0.184475 0.013908 -0.287012
v -0.156175 0.580982 -0.258297
v -0.194171 -0.006349 -0.140815
v -0.192483 0.326481 0.325941
v -0.182268 -0.454010 -0.337321
v -0.194294 0.071617 0.202721
v -0.196834 -0.700052 -0.352281
v -0.170376 -0.749886 -0.362638
v -0.183850 0.037160 0.141574
v -0.194679 0.073507 0.201174
v -0.172563 -0.085951 0.112329
v -0.196430 0.778695 -0.268331
v -0.152414 0.594804 -0.114452
v -0.162256 -0.115482 -0.217568
v -0.175597 0.064712 0.171428
v -0.172084 0.413558 0.277890
v -0.176429 0.193653 0.338706
v -0.184746 -0.253485 0.024000
v -0.178097 0.308423 0.361208
v -0.176750 -0.041334 -0.257312
v -0.180411 -0.862933 0.507101
v -0.196882 -0.116233 -0.171119
v -0.184146 -0.219795 0.058182
v -0.189148 -0.099795 -0.371348
v -0.188773 -0.159853 -0.213246
v -0.189853 0.413983 -0.318174
v -0.180058 0.052368 0.208785
v -0.162216 0.047100 -0.420140
v -0.177151 -0.678702 0.424532
v -0.184093 0.136598 0.320750
v -0.192186 -0.089096 -0.153149
v -0.184322 0.071410 0.218651
v -0.176459 0.078169 0.172265
v -0.174966 0.166951 -0.466824
v -0.184677 -0.392405 -0.360016
v -0.181766 0.066378 0.191743
v -0.163043 -0.552768 0.352739
v -0.178943 -0.040062 -0.389568
v -0.186923 0.262179 0.329115
v -0.169222 0.005683 0.212923
v -0.187559 -0.785140 0.476703
v -0.161984 0.681756 -0.250456
v -0.177487 0.186854 -0.273572
v -0.179631 -0.837271 0.503287
v -0.177745 0.272051 -0.292006
v -0.178763 0.106140 0.266578
v -0.169493 0.051838 -0.426818
v -0.162496 0.548147 -0.278337
v -0.189199 -0.774406 0.497884
v -0.177043 0.524707 -0.282789
v -0.173567 -0.094443 -0.206062
v -0.192013 0.209335 -0.304879
v -0.169444 -0.099610 0.094008
v -0.178197 -0.208923 -0.256954
v -0.169010 -0.724846 -0.360741
v -0.161096 0.006554 0.203403
v -0.167480 -0.879923 -0.364012
v -0.157095 0.422374 -0.247500
v -0.162758 0.300596 -0.251975
v -0.196354 -0.882705 0.489075
v -0.183744 0.375949 -0.502007
v -0.178023 0.444621 -0.281565
v -0.086716 -0.947529 -0.331353
v -0.170275 -0.165644 -0.370354
v -0.178295 0.213359 0.373502
v -0.180067 0.107302 -0.280106
v -0.169769 0.074897 -0.279117
v -0.186293 -0.047360 -0.142982
v -0.145041 0.489889 0.290997
v -0.179653 0.147755 -0.448745
v -0.184488 0.835031 -0.230310
v -0.172138 -0.439329 0.236726
v -0.182306 0.078805 0.253511
v -0.151078 -0.739016 0.456996
v -0.164972 -0.177936 0.059823
v -0.166958 0.341965 0.355502
v -0.158475 -0.842344 0.517540
v -0.159919 0.860129 -0.223115
v -0.155471 -0.508429 -0.317772
v -0.171793 -0.173144 -0.238101
v -0.167508 0.153508 0.325135
v -0.156537 -0.297947 0.149833
v -0.170967 0.253996 0.352475
v -0.154973 -0.660852 -0.350800
v -0.175192 -0.239167 0.099377
v -0.171991 -0.896262 -0.353780
v -0.181727 0.787351 -0.253071
v -0.157004 -0.140139 -0.221125
v -0.164854 0.366072 0.327586
v -0.159710 -0.055538 -0.399125
v -0.161914 -0.419875 -0.365134
v -0.125915 -0.466077 0.303540
v -0.175459 -0.011760 0.116732
v -0.163925 -0.815288 -0.365365
v -0.151299 -0.824943 0.506367
v -0.179928 0.241986 -0.484247
v -0.173732 0.539502 -0.481231
v -0.167466 -0.605279 0.379704
v -0.170559 0.014120 -0.154123
v -0.161807 -0.714392 0.447336
v -0.150222 0.030081 -0.141778
v -0.139612 0.303140 0.408880
v -0.137975 -0.249104 -0.373008
v -0.156273 -0.500560 -0.332416
v -0.164741 0.067749 0.189899
v -0.174730 0.843157 -0.193402
v -0.167975 0.874438 -0.173543
v -0.144100 -0.794637 0.482212
v -0.148719 0.228098 0.385299
v -0.132315 -0.913814 0.499255
v -0.142262 0.713019 -0.402060
v -0.139291 0.023830 -0.423253
v -0.167569 0.017256 -0.258730
v -0.166670 -0.224548 0.033867
v -0.161184 0.067213 -0.243130
v -0.163689 0.279520 0.360139
v -0.142230 0.134441 -0.199424
v -0.134188 -0.594495 0.376130
v -0.089273 0.376312 -0.528840
v -0.141150 -0.029958 -0.201116
v -0.140098 -0.769738 -0.362862
v -0.157799 0.057606 0.271240
v -0.153655 -0.062028 -0.208088
v -0.161426 0.382253 0.337464
v -0.050318 -0.444509 0.257446
v -0.165908 0.085376 0.278865
v -0.163474 -0.131028 0.062654
v -0.147018 -0.060821 -0.386527
v -0.131801 -0.951425 0.464027
v -0.169061 -0.093160 0.144200
v -0.159475 0.537083 -0.244705
v -0.159420 0.758160 -0.228654
v -0.141006 -0.937126 -0.343574
v -0.166607 0.434369 -0.284296
v -0.146467 0.183613 0.357131
v -0.144091 -0.655297 0.410283
v -0.160307 0.233571 -0.239182
v -0.125939 0.105208 -0.167363
v -0.151823 0.065707 0.287086
v -0.166886 0.253510 -0.253698
v -0.171777 0.078716 0.238854
v -0.151809 0.120835 0.295848
v -0.162220 0.259054 -0.261433
v -0.157660 -0.021878 -0.245455
v -0.144473 0.766628 -0.178790
v -0.143717 -0.080748 -0.208318
v -0.151084 0.001242 -0.220240
v -0.129361 0.166221 0.328801
v -0.139845 0.208324 0.383551
v -0.144809 -0.067216 0.193664
v -0.158838 0.415478 -0.260261
v -0.129137 0.000750 -0.185579
v -0.164360 0.158330 -0.264406
v -0.141596 -0.630631 -0.347723
v -0.153366 0.238803 0.366937
v -0.146479 0.636437 -0.208700
v -0.132293 -0.447966 -0.330770
v -0.141204 0.824744 -0.145572
v -0.153493 0.816683 -0.185063
v -0.137261 -0.777713 -0.367270
v -0.155145 0.271487 0.383060
v -0.152254 -0.058525 -0.226128
v -0.144918 0.616722 -0.231791
v -0.141265 0.719768 -0.197516
v -0.122581 -0.764786 0.470693
v -0.152573 0.362051 0.355429
v -0.130546 -0.182627 0.187185
v -0.106521 0.652759 0.028702
v -0.127171 -0.518269 0.334271
v -0.131051 -0.854558 -0.360880
v -0.144231 0.504421 -0.221163
v -0.149880 0.170957 -0.226642
v -0.131603 0.192749 0.370028
v -0.143344 -0.434903 -0.351237
v -0.127675 0.387976 0.358145
v -0.168044 -0.626812 0.392510
v -0.162156 0.619756 -0.451618
v -0.133677 -0.914678 0.465610
v -0.140666 0.608452 -0.196071
v -0.134376 -0.700489 -0.354460
v -0.118040 -0.341806 -0.378793
v -0.143262 0.881355 -0.108505
v -0.104380 0.126131 -0.474887
v -0.127950 0.263945 0.403453
v -0.104529 0.439844 0.344817
v -0.093228 0.394867 -0.527351
v -0.120769 -0.508009 0.337501
v -0.123661 -0.773580 0.475718
v -0.135809 0.642436 -0.209329
v -0.134684 -0.540816 -0.328164
v -0.118152 0.467363 0.311689
v -0.136282 -0.399748 -0.372249
v -0.138802 0.837789 -0.141697
v -0.140145 0.356455 0.381420
v -0.122398 -0.102743 -0.395485
v -0.134345 -0.469102 -0.310395
v -0.116365 0.333053 0.420796
v -0.117879 0.253277 0.381638
v -0.133741 0.385090 0.370420
v -0.108638 0.815518 -0.315222
v -0.142633 0.514394 -0.232864
v -0.111387 0.075012 0.354686
v -0.121273 0.017928 -0.440200
v -0.139846 0.904972 -0.117632
v -0.089934 0.599222 0.259546
v -0.115253 0.664951 -0.132973
v -0.124755 -0.140597 -0.385513
v -0.131774 0.295217 0.393127
v -0.120542 0.582290 -0.163043
v -0.115444 0.925458 -0.044554
v -0.123006 0.837693 -0.104512
v -0.133574 0.095557 -0.189721
v -0.123530 -0.673401 0.427566
v -0.100542 -0.525902 -0.324435
v -0.087634 -0.476896 0.312273
v -0.121006 -0.903058 0.508064
v -0.120702 -0.627638 0.392736
v -0.117329 -0.704831 0.439152
v -0.104575 -0.136163 0.218087
v -0.102102 -0.309400 -0.382435
v -0.068760 -0.470089 0.287492
v -0.117007 0.356270 0.404609
v -0.133009 0.593288 -0.206293
v -0.130178 0.757906 -0.161698
v -0.123232 0.036284 -0.160982
v -0.129021 -0.473039 -0.333743
v -0.066196 0.639816 -0.465253
v -0.089456 -0.823249 0.502425
v -0.093963 -0.656249 -0.352370
v -0.121214 0.674762 -0.170809
v -0.120151 -0.490764 -0.315956
v -0.116740 0.901609 -0.044749
v -0.070779 -0.101644 0.329462
v -0.068444 0.653376 0.174476
v -0.122967 -0.217501 -0.375662
v -0.109046 -0.557116 0.359561
v -0.110521 -0.586496 -0.339764
v -0.086163 -0.441791 -0.376760
v -0.078104 0.242022 0.396426
v -0.083027 -0.948729 0.455967
v -0.120214 0.220958 0.379461
v -0.111823 0.854183 -0.070431
v -0.123632 -0.640518 0.438831
v -0.111475 0.193160 0.350540
v -0.115851 0.602847 -0.160209
v -0.100656 -0.727048 -0.360893
v -0.080900 0.539562 -0.503995
v -0.107672 -0.912740 -0.349708
v -0.104692 0.402633 0.380371
v -0.111174 -0.594567 0.375087
v -0.103466 -0.725636 0.484762
v -0.102958 0.720246 -0.087116
v -0.093382 -0.482835 -0.345056
v -0.099715 -0.814897 0.487017
v -0.103178 -0.571759 0.398863
v -0.111254 0.698093 -0.138430
v -0.089380 0.248068 0.417175
v -0.101319 0.360541 0.406816
v -0.102709 0.379543 0.408332
v -0.111221 0.460225 0.332025
v -0.106468 -0.216438 -0.389400
v -0.114888 -0.632110 0.435590
v -0.082934 -0.861350 0.507413
v -0.096443 0.153964 0.355588
v -0.100242 -0.361119 -0.376561
v -0.094002 0.238539 -0.508530
v -0.104964 0.305919 0.409087
v -0.092362 0.838986 -0.030739
v -0.099814 0.715209 -0.105224
v -0.067012 0.326400 0.457592
v -0.104683 -0.613172 0.425270
v -0.086507 -0.724016 0.486962
v -0.085893 0.539641 0.309080
v -0.086668 -0.846747 0.500079
v -0.079616 0.937861 -0.026904
v -0.101095 -0.929267 0.496415
v -0.107726 -0.820822 -0.364842
v -0.060765 -0.533838 0.346684
v -0.096659 0.218118 0.371581
v -0.081783 0.096633 0.377146
v -0.114649 0.908736 -0.025780
v -0.099913 -0.649405 0.438507
v -0.092650 0.647695 -0.093314
v -0.088274 0.281269 0.404927
v -0.107274 0.657956 -0.138091
v -0.082797 0.264131 0.427030
v -0.094148 -0.505865 -0.324240
v -0.087184 -0.104719 -0.399173
v -0.088454 -0.558482 0.363566
v -0.102412 0.622525 -0.113498
v -0.081585 -0.588917 0.440329
v -0.100411 0.345789 -0.360566
v -0.084050 0.649705 -0.057427
v -0.100060 0.395311 -0.354165
v -0.087061 0.936703 0.033298
v -0.082506 -0.631855 0.446304
v -0.090265 -0.758814 -0.367823
v -0.056532 0.913169 -0.156201
v -0.084041 0.732752 -0.061348
v -0.098783 -0.619960 -0.346616
v -0.090133 -0.749504 0.456148
v -0.096476 0.309891 -0.361881
v -0.070419 0.203051 0.403398
v -0.096321 0.269802 -0.357758
v -0.097327 0.395331 -0.434665
v -0.093525 -0.904161 0.492372
v -0.051253 -0.245222 0.221478
v -0.096466 0.457010 -0.416052
v -0.095531 0.440470 -0.347256
v -0.093164 0.123068 -0.469520
v -0.089628 0.006417 -0.427687
v -0.095349 0.260413 -0.404426
v -0.090879 0.020525 -0.441092
v -0.079377 -0.890870 0.509237
v -0.041824 0.751899 -0.391384
v -0.087293 0.461111 -0.518641
v -0.070529 -0.730060 0.476246
v -0.089037 0.463267 -0.461361
v -0.083838 -0.589599 0.408388
v -0.094628 0.340800 -0.454150
v -0.080139 -0.450221 -0.330798
v -0.090667 0.302598 -0.451985
v -0.072174 0.284802 0.422800
v -0.085159 0.697800 -0.065863
v -0.071202 0.457733 0.321095
v -0.081644 0.392028 -0.504953
v -0.069694 -0.773822 -0.362417
v -0.085100 -0.644369 0.455324
v -0.091581 0.216132 -0.350424
v -0.091640 -0.566005 0.411555
v -0.041999 -0.524914 0.351665
v -0.078062 -0.221161 -0.386407
v -0.077710 -0.170640 -0.393670
v -0.079455 0.875805 -0.235015
v -0.077275 -0.614486 0.444841
v -0.060581 0.320398 0.440109
v -0.057523 0.670694 0.020248
v -0.091751 0.919696 0.035921
v -0.081878 0.237043 -0.480432
v -0.058159 0.174250 0.397298
v -0.067740 -0.680961 -0.353696
v -0.061548 -0.529049 0.374401
v -0.053547 -0.342372 0.217707
v -0.085837 -0.839866 0.477341
v -0.040430 0.525179 0.329918
v -0.086517 0.520203 -0.404045
v -0.072251 0.351713 0.442689
v -0.054863 0.945421 0.116961
v -0.085579 0.486959 -0.335427
v -0.072183 -0.473407 -0.337935
v -0.013486 0.826162 -0.315437
v -0.085122 0.165875 -0.338235
v -0.064162 -0.554144 0.407459
v -0.078838 0.310119 -0.494117
v -0.085058 0.184567 -0.439373
v -0.046335 -0.811159 -0.363538
v -0.064995 -0.631981 -0.346020
v -0.064786 -0.572783 0.426132
v -0.083767 0.152472 -0.376291
v -0.065730 -0.706572 0.467400
v -0.069608 0.865449 0.044796
v -0.054591 0.750483 0.015432
v -0.081784 -0.541509 -0.334946
v -0.077136 -0.681111 0.456946
v -0.080428 0.117768 -0.445372
v -0.078013 0.186115 -0.465688
v -0.064953 0.719949 0.008306
v -0.060860 0.373857 0.433246
v -0.035125 0.048137 0.394401
v -0.068100 -0.604146 0.439003
v -0.061689 0.253593 -0.368749
v -0.058433 -0.778452 0.473433
v -0.075816 0.470062 -0.492537
v -0.072051 -0.448208 -0.344144
v -0.063648 -0.808556 0.475356
v -0.058977 0.431717 -0.362135
v -0.031819 0.554455 0.332690
v -0.082529 0.532525 -0.457654
v -0.068561 0.524539 -0.324559
v -0.079632 -0.950482 0.480536
v -0.080816 0.121664 -0.327017
v -0.076024 0.075495 -0.315608
v -0.032277 -0.184925 0.239669
v -0.068576 0.902316 0.077262
v -0.057073 0.679986 0.011780
v -0.076177 0.066742 -0.429303
v -0.077708 -0.858488 -0.358683
v -0.068986 -0.321019 -0.370307
v -0.070479 -0.310992 -0.385299
v -0.075115 0.011627 -0.411364
v -0.015840 0.585304 0.310185
v -0.056844 -0.918918 -0.347150
v -0.068889 0.742939 -0.015958
v -0.052100 -0.849712 0.497461
v -0.069275 -0.662609 0.444447
v -0.066566 -0.678084 0.472793
v -0.064697 -0.214036 -0.369051
v -0.062973 -0.909788 0.491696
v -0.071967 -0.480649 -0.314204
v -0.071187 0.538780 -0.482991
v -0.058432 0.749382 0.040004
v -0.040313 -0.405517 0.229372
v -0.073355 0.049613 -0.352576
v -0.060988 -0.419425 -0.367541
v -0.073403 -0.029966 -0.377082
v -0.003645 0.530546 0.340411
v -0.040633 -0.589574 -0.342180
v -0.065396 0.858091 0.033452
v -0.066597 -0.563120 0.391072
v 0.008252 -0.157783 0.359739
v -0.069583 0.587407 -0.403137
v -0.070162 0.029844 -0.304386
v -0.081414 -0.461593 0.294849
v -0.019437 -0.788499 0.503764
v -0.067520 0.001961 -0.342804
v -0.012999 0.474989 0.369873
v -0.061334 0.595565 -0.459632
v -0.038561 0.457355 0.326138
v -0.046910 -0.856872 0.473519
v -0.036960 -0.502190 -0.320583
v -0.043058 -0.605471 0.458845
v -0.071881 -0.566435 -0.336135
v -0.066528 -0.057742 -0.389953
v -0.040694 0.472527 0.313594
v -0.059576 0.667306 -0.450259
v -0.033853 -0.744485 -0.359799
v -0.065072 0.548769 -0.311138
v -0.042364 -0.724694 -0.359355
v -0.064697 -0.113949 -0.375305
v -0.047213 -0.719370 0.488432
v -0.033573 -0.529497 -0.327119
v -0.055328 -0.661616 0.460952
v 0.022395 0.347853 0.493410
v -0.058799 -0.190875 -0.347277
v -0.057423 -0.079570 -0.339295
v -0.050215 0.056612 -0.315216
v -0.048822 0.516115 -0.332017
v -0.040621 0.864506 0.093055
v -0.059194 0.256245 -0.333186
v -0.033312 0.119947 0.382451
v -0.053998 -0.323525 -0.359024
v -0.053159 -0.375181 -0.357938
v -0.002244 0.482936 0.336971
v -0.051257 -0.624770 0.450400
v -0.055471 0.436908 -0.323809
v -0.017181 0.943223 -0.034825
v -0.057205 -0.025302 -0.282042
v -0.057548 0.579303 -0.293287
v -0.037280 -0.454551 -0.343566
v -0.026545 -0.515667 0.348619
v -0.049897 -0.339314 -0.337235
v -0.006453 -0.857549 -0.356632
v -0.047130 -0.752392 0.485818
v -0.058043 0.714191 0.001248
v -0.051892 0.656074 -0.427727
v -0.055515 -0.279417 -0.328064
v -0.051205 0.243574 -0.336928
v -0.045918 0.250084 -0.305738
v -0.050084 0.386028 -0.340864
v -0.053871 -0.569308 0.451545
v -0.054472 0.921008 0.119802
v -0.013598 0.492152 0.358699
v -0.050044 0.401286 -0.306237
v -0.012241 -0.918673 0.481597
v -0.051274 -0.237696 -0.311104
v -0.038654 -0.441498 -0.363970
v -0.047158 -0.693056 0.460486
v -0.000948 0.333975 0.465090
v -0.052613 -0.166457 -0.332766
v -0.010813 -0.946667 -0.336466
v -0.042513 0.946606 0.163816
v -0.013592 -0.774157 0.498770
v 0.016364 -0.492716 0.324957
v -0.009520 -0.105183 0.370876
v -0.012174 0.216439 0.427278
v -0.034215 0.592765 -0.285011
v -0.047488 0.610767 -0.269396
v -0.039838 -0.545792 0.391044
v -0.032995 -0.651209 0.481856
v -0.025175 0.678216 0.109263
v -0.033817 0.755503 0.072769
v -0.047798 -0.124828 -0.301742
v -0.046136 0.477302 -0.281595
v -0.048805 0.690157 -0.372065
v 0.029696 0.639083 0.252570
v -0.042073 0.491758 -0.312898
v -0.038869 -0.033548 -0.278946
v -0.048113 -0.063183 -0.262022
v -0.043222 0.020830 -0.268349
v -0.024942 0.140480 0.389637
v -0.043403 -0.897636 -0.350421
v -0.041258 0.066253 -0.291097
v -0.030728 0.690709 0.069533
v -0.052020 0.160951 0.383890
v -0.000942 -0.951605 0.497349
v -0.005569 0.284532 0.438426
v -0.032523 0.721234 0.068928
v -0.039403 0.737947 -0.400483
v -0.032867 0.727935 0.099924
v -0.040763 0.150555 -0.270163
v -0.041815 -0.094417 -0.245659
v -0.031964 0.597756 -0.237855
v -0.022378 -0.602257 0.476447
v -0.039498 0.695361 -0.400436
v -0.037845 -0.139703 -0.264973
v -0.035054 -0.727981 0.479541
v -0.042262 0.411418 -0.295178
v -0.035486 0.197940 -0.287088
v -0.040987 -0.180100 -0.281312
v -0.043356 0.918970 0.163639
v -0.009672 -0.800017 0.473314
v -0.035930 -0.542628 0.443636
v -0.038307 0.636252 -0.248500
v -0.027232 0.539726 -0.237332
v -0.019892 -0.576524 0.465203
v -0.037318 0.727090 -0.343619
v -0.041413 0.292014 -0.304203
v 0.002654 -0.198698 -0.290156
v -0.028200 0.736922 -0.366719
v -0.029778 -0.086262 -0.248999
v 0.017132 -0.477287 0.299942
v -0.009312 0.749425 0.174837
v -0.033309 0.563291 -0.229969
v -0.016469 -0.364455 -0.340968
v -0.020857 0.020524 -0.204839
v -0.037653 0.480865 -0.272467
v -0.038560 0.531286 -0.290501
v -0.025468 -0.640142 -0.347412
v 0.033534 0.951131 0.103610
v -0.015975 -0.542909 0.434973
v -0.026658 0.176452 0.409149
v -0.026679 0.860057 0.147792
v -0.030842 -0.040755 -0.235452
v -0.021355 0.170416 0.401420
v 0.038008 -0.909495 0.509094
v -0.013087 -0.557324 0.460531
v -0.023182 0.096345 -0.231662
v -0.025024 0.280138 0.422629
v -0.018294 -0.530002 0.371386
v 0.064224 0.919168 -0.123573
v -0.001036 -0.776156 -0.358835
v 0.004172 0.693545 -0.177333
v -0.011649 -0.490974 -0.340924
v -0.016347 0.767072 -0.342925
v 0.012237 -0.885633 0.485857
v -0.022308 0.669373 -0.209788
v -0.020942 0.331011 0.445970
v -0.018294 -0.531217 0.388789
v -0.005837 0.497290 0.305921
v -0.015940 0.911217 0.227738
v 0.033871 0.367821 0.482379
v 0.012042 0.660126 0.201424
v -0.005779 -0.878294 0.472403
v -0.029973 0.153972 -0.268252
v -0.006759 0.657556 -0.166960
v -0.022006 0.744895 -0.263102
v -0.019510 0.756667 0.121934
v -0.019256 0.102277 -0.206271
v -0.014755 -0.761748 0.495337
v -0.008115 0.619188 -0.168685
v 0.005620 -0.436803 0.212154
v -0.014973 -0.454833 -0.326101
v 0.011071 -0.491130 0.278200
v -0.019390 0.782060 -0.310489
v 0.029642 -0.065222 -0.242939
v 0.060635 -0.314369 0.207966
v -0.002383 0.807854 -0.300788
v -0.007429 0.599773 -0.176532
v -0.004013 -0.555882 -0.330912
v -0.012355 0.934637 0.230808
v -0.019354 0.925532 0.251213
v -0.006345 0.868160 0.203175
v 0.003218 0.718332 0.194725
v 0.012272 -0.035856 -0.233722
v -0.008448 -0.334855 -0.322834
v 0.021792 -0.530462 -0.330415
v -0.018411 0.613180 -0.233418
v -0.005624 0.781435 0.168672
v 0.018273 -0.612769 -0.341238
v -0.002316 0.821061 -0.286831
v -0.009107 -0.306678 -0.312859
v 0.023618 -0.037101 0.382390
v 0.008968 0.190239 0.409342
v 0.002676 0.679591 0.171155
v 0.012198 -0.724803 0.508370
v 0.022779 0.465884 0.329917
v 0.025063 0.112215 -0.204106
v -0.001413 -0.434326 -0.358378
v 0.018571 0.180701 0.409394
v 0.001927 -0.321971 -0.343728
v 0.011191 0.144946 0.385460
v -0.006694 -0.403626 -0.341821
v 0.001529 -0.699843 -0.353408
v -0.001792 -0.664509 0.494039
v 0.001828 -0.633516 0.475199
v -0.016651 -0.733969 0.479586
v -0.013204 -0.273889 -0.315318
v -0.011971 -0.828558 0.474220
v 0.009008 -0.368056 -0.365499
v -0.003751 0.171380 0.384122
v -0.004972 -0.675942 -0.353835
v 0.000519 -0.479538 -0.312874
v 0.006862 0.672397 -0.156387
v 0.014043 -0.566555 0.464730
v 0.055664 0.059415 -0.195402
v 0.088525 0.946871 0.046125
v -0.014904 -0.702590 0.494154
v -0.006775 0.694557 -0.176457
v 0.007291 0.343341 0.445769
v -0.002695 0.753682 0.158891
v -0.004869 0.846832 0.204848
v 0.002106 -0.234867 -0.294166
v 0.003840 0.813212 -0.244750
v 0.055341 0.581127 -0.186098
v 0.016348 -0.859298 0.471226
v 0.001019 0.819416 0.181169
v 0.019276 0.866709 -0.253781
v -0.002452 0.719793 0.153157
v 0.011874 0.746931 0.200828
v 0.032052 0.898517 0.339008
v 0.029964 -0.007171 -0.230924
v 0.028534 0.125586 0.372073
v 0.033491 -0.494243 -0.344420
v 0.010765 -0.798099 -0.361309
v 0.015535 -0.398514 0.199013
v 0.017155 -0.698182 0.505088
v 0.028845 -0.528572 0.419041
v 0.028743 -0.407395 -0.369939
v 0.015468 -0.241250 -0.310831
v 0.031009 -0.506499 -0.321064
v 0.015986 0.641081 -0.116318
v 0.010889 -0.579979 -0.337484
v 0.015136 0.687611 -0.111772
v 0.010188 -0.284275 -0.334498
v 0.014535 0.826558 0.242497
v 0.005598 0.708093 -0.151523
v 0.046776 0.107739 -0.221171
v 0.038108 0.914707 0.310961
v 0.015991 -0.660245 0.521861
v 0.024697 -0.900955 -0.346484
v 0.019204 0.662903 -0.086466
v 0.059632 -0.942563 -0.336986
v 0.055105 0.325245 0.449256
v 0.034792 -0.730324 -0.355182
v 0.016709 -0.623466 0.494221
v 0.013540 0.792528 0.223694
v 0.021894 -0.213665 -0.277219
v 0.036615 -0.773301 0.498368
v 0.044284 -0.655791 -0.347818
v 0.013215 -0.677195 0.507731
v 0.049740 0.606775 0.298319
v 0.016460 0.836894 -0.258355
v 0.027290 -0.813155 -0.356883
v 0.038532 -0.529915 0.388693
v 0.027523 0.172710 0.384984
v 0.036894 -0.162939 -0.263399
v 0.016239 0.816866 -0.204287
v 0.060060 0.209645 0.432211
v 0.024143 -0.907060 0.475649
v 0.071015 -0.191620 0.325050
v 0.033205 0.305800 0.426211
v 0.066436 0.560838 0.327032
v 0.021295 0.741042 0.226814
v 0.080774 0.931679 0.243472
v 0.047494 0.502993 0.298087
v 0.022403 0.829183 0.268791
v 0.029346 0.862570 -0.217366
v 0.066468 0.500558 -0.250055
v 0.039369 0.149760 0.369965
v 0.029029 -0.050884 0.371248
v 0.067321 -0.951304 0.502437
v 0.012376 0.721415 -0.121573
v 0.056228 0.153968 0.373867
v 0.036053 -0.576702 0.471099
v 0.030788 -0.302983 -0.348828
v 0.024536 0.882766 0.333719
v 0.048524 0.017651 0.381107
v 0.037226 0.730786 0.268428
v 0.056976 -0.201537 0.221364
v 0.083483 -0.872823 0.504851
v 0.031249 -0.133145 -0.263644
v 0.026467 0.417401 -0.293099
v 0.031526 0.653154 -0.073816
v 0.028361 0.733385 -0.080886
v 0.035773 0.661353 0.252045
v 0.044990 0.044874 0.387271
v 0.028637 -0.456750 -0.348987
v 0.041859 -0.241136 -0.300092
v 0.042103 -0.716655 0.497064
v 0.051071 0.863176 -0.143259
v 0.044397 0.710828 -0.055886
v 0.040866 0.872781 -0.187062
v 0.046197 -0.426561 -0.360929
v 0.046736 0.734900 -0.065308
v 0.055467 -0.729079 0.477045
v 0.031348 -0.541758 0.441284
v 0.043476 0.176844 0.379447
v 0.044907 0.346679 0.453405
v 0.056227 -0.616262 0.476142
v 0.059225 -0.568386 -0.331735
v 0.043343 0.487071 0.327609
v 0.030230 -0.633743 0.474513
v 0.056138 -0.515496 0.348942
v 0.041340 -0.376410 -0.348149
v 0.053027 0.715108 -0.003157
v 0.033418 0.022844 -0.193322
v 0.030145 -0.276682 -0.335506
v 0.038983 -0.078941 -0.231297
v 0.054082 -0.093472 0.369196
v 0.065413 -0.406623 0.221520
v 0.035756 -0.670339 0.496464
v 0.043399 -0.175558 -0.276956
v 0.031683 0.694924 0.268527
v 0.049523 0.828583 -0.097342
v 0.081661 -0.786041 0.470100
v 0.036308 0.692142 0.258435
v 0.052246 -0.202787 -0.289533
v 0.047102 -0.469477 0.302330
v 0.070467 -0.528326 0.373212
v 0.056648 -0.890392 0.479347
v 0.053047 0.457340 0.396269
v 0.079572 0.040179 -0.185414
v 0.045856 -0.821950 0.476942
v 0.030737 0.018008 -0.213649
v 0.044784 0.896860 -0.183263
v 0.049611 0.678004 -0.015102
v 0.042065 -0.032727 -0.223303
v 0.037492 0.795302 0.305583
v 0.054211 -0.556227 0.458461
v 0.044451 0.862493 0.384577
v 0.065085 -0.783110 0.503319
v 0.047483 -0.451472 -0.331225
v 0.057748 -0.044606 0.383279
v 0.076240 -0.441496 0.249077
v 0.045577 -0.756337 -0.359762
v 0.065353 0.530636 0.337921
v 0.044402 -0.635737 -0.344355
v 0.078047 0.307829 0.421708
v 0.059544 -0.481973 -0.316488
v 0.048947 -0.322656 -0.338185
v 0.064522 -0.860789 -0.350553
v 0.093385 0.339413 0.440952
v 0.069921 -0.656747 0.480144
v 0.029866 0.131369 -0.241044
v 0.055992 -0.535718 0.388668
v 0.062493 0.502345 0.345378
v 0.049981 -0.123003 -0.232716
v 0.056194 -0.383998 -0.365028
v 0.060481 0.473533 0.324152
v 0.064822 -0.540755 0.438605
v 0.059042 -0.537568 -0.329253
v 0.072443 -0.552411 0.415969
v 0.133620 0.648967 0.003200
v 0.070592 -0.686565 -0.349093
v 0.044188 0.741006 -0.042343
v 0.068309 -0.069449 0.397675
v 0.088421 -0.126225 0.375124
v 0.048057 -0.271932 -0.328092
v 0.084722 0.607470 0.285452
v 0.088635 0.034296 -0.199693
v 0.060597 -0.415651 -0.347692
v 0.086257 0.126404 -0.190631
v 0.087748 -0.484063 0.316057
v 0.052798 0.023408 0.410429
v 0.066203 -0.119145 -0.249787
v 0.095047 0.349777 -0.277117
v 0.062905 -0.029900 -0.216370
v 0.065612 -0.574772 0.468579
v 0.062170 -0.744973 0.492387
v 0.085697 0.640091 0.237006
v 0.089298 0.784276 0.281399
v 0.081789 0.014286 -0.204221
v 0.079055 0.374062 0.481765
v 0.074950 -0.755001 0.488182
v 0.068746 -0.773384 -0.353358
v 0.079639 0.724970 0.253756
v 0.059593 -0.062166 -0.233898
v 0.107887 -0.161513 0.356490
v 0.067507 -0.457852 -0.344934
v 0.088380 0.718810 0.261461
v 0.077054 -0.229168 -0.294751
v 0.078244 -0.846773 0.484260
v 0.074282 0.895668 -0.110047
v 0.066272 -0.175847 -0.273599
v 0.048931 0.747184 -0.019652
v 0.081624 0.025605 0.402774
v 0.074539 0.849476 -0.019194
v 0.074152 -0.415386 -0.364052
v 0.081675 -0.527877 0.349625
v 0.086957 -0.592491 -0.334452
v 0.072287 -0.710637 0.484369
v 0.078438 -0.737775 0.492572
v 0.072883 0.537927 0.327617
v 0.085563 -0.276093 -0.288196
v 0.072361 0.025368 0.427575
v 0.058915 0.670252 0.002040
v 0.097154 -0.473664 0.282135
v 0.075830 -0.694897 0.462322
v 0.065926 0.749808 0.028452
v 0.085161 -0.289233 -0.324315
v 0.071212 -0.500127 -0.319894
v 0.070511 0.485175 0.364485
v 0.082925 -0.317287 -0.340980
v 0.091563 0.722879 0.071564
v 0.101895 0.343436 0.467226
v 0.079327 -0.530630 0.388994
v 0.097579 -0.408537 0.208350
v 0.095847 0.170136 0.425577
v 0.080344 -0.075757 -0.234095
v 0.084014 -0.588208 0.454812
v 0.083250 -0.367055 -0.358644
v 0.069227 0.243394 -0.276058
v 0.085531 0.843588 -0.004994
v 0.077519 -0.626203 0.458820
v 0.106306 0.746872 0.098319
v 0.093016 -0.505817 -0.319530
v 0.090436 0.682024 0.116684
v 0.075841 0.434825 0.368720
v 0.123962 -0.551254 0.386064
v 0.132437 0.174083 0.416645
v 0.079882 -0.564348 0.447594
v 0.122119 0.658854 0.218604
v 0.133933 0.604648 0.273817
v 0.099382 0.510074 0.362093
v 0.072341 0.454449 0.346373
v 0.089659 -0.606983 0.455456
v 0.088078 0.845918 0.042136
v 0.105560 -0.738202 -0.348703
v 0.087477 -0.730660 0.478054
v 0.099278 0.151006 -0.221534
v 0.084694 -0.177857 -0.249729
v 0.132421 -0.848554 0.519173
v 0.077822 0.454187 0.380019
v 0.100396 -0.043533 -0.216508
v 0.100833 -0.816107 -0.350141
v 0.077435 0.427311 0.378391
v 0.088243 -0.235485 -0.279934
v 0.092033 -0.050447 0.378536
v 0.088381 -0.005336 0.398246
v 0.092501 -0.008431 -0.193305
v 0.078787 0.431757 0.375740
v 0.089100 0.008659 0.414400
v 0.095976 0.361896 0.444011
v 0.083675 0.398669 0.406435
v 0.092006 -0.107398 -0.246827
v 0.082239 0.440518 0.399746
v 0.080250 0.482976 0.367899
v 0.085877 -0.652229 0.454520
v 0.086836 -0.554051 0.384673
v 0.105339 -0.183899 0.203950
v 0.121946 -0.743744 0.493040
v 0.090471 -0.492514 -0.336540
v 0.090496 0.418572 0.439898
v 0.089536 -0.947782 0.486717
v 0.109441 -0.406192 -0.358082
v 0.082920 -0.204031 -0.267413
v 0.089259 0.413770 0.396463
v 0.130179 -0.520575 0.341738
v 0.088450 0.715581 0.094947
v 0.102653 0.927089 -0.035079
v 0.099199 -0.901432 -0.340126
v 0.123012 -0.081993 0.373292
v 0.111331 0.861024 0.367957
v 0.097660 -0.865605 0.485967
v 0.114127 0.551904 0.324366
v 0.093219 -0.449176 -0.336092
v 0.131329 0.132989 -0.192937
v 0.092614 -0.187051 -0.271700
v 0.108503 0.821717 0.321418
v 0.093652 -0.576148 0.427721
v 0.106839 0.357530 0.494102
v 0.096034 0.027704 0.462617
v 0.101017 -0.158126 -0.235380
v 0.113879 -0.816414 0.477728
v 0.095505 -0.222233 -0.287688
v 0.094825 0.471631 0.373970
v 0.115755 -0.098629 0.347591
v 0.090535 0.673875 0.093253
v 0.085255 0.750234 0.081033
v 0.102251 -0.123501 -0.235560
v 0.089398 -0.079474 -0.210532
v 0.100506 -0.049527 -0.199534
v 0.088710 -0.753968 0.497681
v 0.130065 0.412686 0.443860
v 0.091958 -0.714850 0.479852
v 0.106270 -0.329500 -0.331130
v 0.109890 -0.647624 -0.340410
v 0.102150 -0.673777 0.461828
v 0.102720 -0.655209 0.442250
v 0.095928 -0.688931 0.462801
v 0.120458 -0.545470 -0.323609
v 0.103807 0.899932 0.316074
v 0.141833 0.418377 -0.241501
v 0.120893 -0.721359 -0.350425
v 0.102977 -0.298183 -0.305483
v 0.103094 -0.115416 -0.221240
v 0.106060 -0.430624 -0.331723
v 0.102468 -0.551769 0.412544
v 0.132709 -0.950689 0.503605
v 0.122010 -0.008805 -0.202077
v 0.108005 -0.384286 -0.328734
v 0.102939 0.907491 -0.033142
v 0.152204 0.915226 0.253995
v 0.119041 0.048094 -0.167723
v 0.135041 0.689639 0.229576
v 0.110573 0.782145 0.124350
v 0.111025 -0.609183 0.440063
v 0.116420 0.704145 0.173320
v 0.117988 -0.560277 0.394301
v 0.119408 -0.755522 0.464039
v 0.107591 0.659256 0.152710
v 0.098698 0.745486 0.124186
v 0.118127 -0.025248 0.393478
v 0.117159 -0.045754 0.368141
v 0.113007 -0.704596 0.466647
v 0.102667 0.865093 0.060596
v 0.123206 0.360337 0.418726
v 0.125143 0.790899 0.274355
v 0.126719 0.005004 0.445687
v 0.108628 0.840649 0.091293
v 0.107387 -0.628311 0.442960
v 0.115670 -0.002077 0.388924
v 0.107979 -0.586542 0.416847
v 0.120906 0.875245 0.353979
v 0.118435 -0.642206 0.451323
v 0.152462 0.553843 -0.144111
v 0.116679 -0.553465 0.362182
v 0.118792 -0.594897 0.432462
v 0.142871 0.030336 0.451763
v 0.105970 -0.020444 -0.177598
v 0.109805 0.786849 0.136150
v 0.107718 -0.056886 -0.201870
v 0.113412 -0.473747 -0.327640
v 0.147535 -0.453602 0.280625
v 0.125813 -0.709898 0.479353
v 0.141444 0.719519 0.233742
v 0.125859 -0.175127 -0.257616
v 0.114494 0.733397 0.188141
v 0.119251 0.774950 0.183006
v 0.168052 -0.466073 0.295302
v 0.126341 -0.248934 -0.292188
v 0.138078 -0.791948 0.475822
v 0.153598 -0.164111 0.221189
v 0.121266 -0.368974 -0.339669
v 0.122802 -0.295375 -0.304672
v 0.120807 -0.078562 -0.217130
v 0.115049 -0.468751 -0.310993
v 0.117760 0.829973 0.146277
v 0.144999 -0.618275 -0.331528
v 0.261133 -0.381053 0.156150
v 0.123720 0.912149 0.052447
v 0.124373 0.382219 0.411813
v 0.132349 0.455235 0.401003
v 0.131812 0.854112 0.148262
v 0.139563 0.020751 -0.188404
v 0.130541 -0.668438 0.448936
v 0.142835 0.908253 0.100520
v 0.155430 0.640105 0.154276
v 0.141064 -0.161980 0.310767
v 0.162073 -0.458262 0.256887
v 0.126119 0.856417 0.359721
v 0.149102 -0.156820 0.165962
v 0.136606 -0.676633 -0.344406
v 0.137104 -0.388120 0.188347
v 0.174948 0.102477 -0.142137
v 0.151725 -0.899369 0.495949
v 0.129106 -0.588172 0.410056
v 0.133166 -0.860972 -0.346213
v 0.128652 -0.434602 -0.344663
v 0.133758 0.935424 0.068889
v 0.144500 -0.480873 -0.326804
v 0.145029 -0.490025 -0.308290
v 0.154484 0.926629 0.171227
v 0.119704 0.524760 0.319206
v 0.141330 -0.784184 -0.349906
v 0.120806 -0.759643 -0.352352
v 0.139478 -0.836293 0.484793
v 0.135896 0.145723 -0.166912
v 0.114286 0.501383 0.280330
v 0.127008 -0.224943 -0.270993
v 0.133277 -0.947727 -0.325708
v 0.130725 -0.356796 -0.323720
v 0.133062 0.019126 0.406139
v 0.136895 -0.608915 0.423240
v 0.144247 0.547865 0.281879
v 0.185633 0.192189 -0.168848
v 0.126956 0.474920 0.359648
v 0.130684 0.014774 0.375138
v 0.127092 0.477439 0.307081
v 0.179383 0.179397 -0.179598
v 0.126840 0.633638 0.216717
v 0.133686 0.104432 0.437530
v 0.132729 0.390373 0.431512
v 0.140876 -0.183419 -0.250007
v 0.147806 -0.400698 -0.346319
v 0.145622 -0.588090 -0.329614
v 0.139620 0.463810 0.298961
v 0.139481 0.829827 0.205728
v 0.173070 -0.816317 -0.345986
v 0.140690 0.880493 0.162874
v 0.144130 0.460011 0.362762
v 0.139771 0.015387 0.348394
v 0.138721 0.505621 0.268808
v 0.133401 0.527806 0.310684
v 0.138012 -0.636699 0.439337
v 0.140824 -0.244410 -0.278093
v 0.137362 -0.290542 -0.277564
v 0.140523 0.498019 0.325607
v 0.132383 0.789195 0.211738
v 0.163494 0.056173 -0.172653
v 0.172518 -0.113467 0.305103
v 0.141938 -0.687426 0.472863
v 0.154073 0.568337 0.283375
v 0.136098 0.166297 0.340157
v 0.140178 -0.202895 -0.263673
v 0.140577 -0.354094 -0.302369
v 0.161119 0.803689 0.279775
v 0.145563 -0.711480 0.445372
v 0.148468 -0.101756 -0.217309
v 0.147087 -0.420356 -0.338012
v 0.150434 0.329678 0.419251
v 0.127159 0.725498 0.234478
v 0.153884 -0.524076 -0.318655
v 0.142410 -0.059097 0.336095
v 0.162987 -0.902709 -0.336721
v 0.146936 -0.015407 -0.179293
v 0.140287 -0.586311 0.372216
v 0.147358 -0.771680 0.478498
v 0.146039 0.064547 0.359574
v 0.137088 0.599398 0.258833
v 0.139224 -0.317229 -0.297738
v 0.138451 0.467685 0.343035
v 0.200202 -0.888368 0.500543
v 0.142663 0.399908 0.386565
v 0.152820 0.162681 0.347609
v 0.151058 0.835849 0.232898
v 0.149895 0.314341 0.402132
v 0.143537 0.145407 0.332675
v 0.154967 0.430218 0.399006
v 0.158224 0.899374 0.167894
v 0.135852 0.007666 -0.197238
v 0.153139 -0.168070 -0.229984
v 0.158649 -0.043344 0.339143
v 0.151092 -0.712457 -0.346378
v 0.152174 0.018074 0.368931
v 0.170006 -0.492673 0.316940
v 0.194294 -0.939077 -0.322800
v 0.169324 -0.174023 -0.234604
v 0.174885 -0.652535 -0.336053
v 0.158919 0.491275 0.248852
v 0.189199 0.311545 -0.203857
v 0.151427 -0.079147 -0.198762
v 0.154486 -0.631614 0.435404
v 0.154208 -0.624471 0.395046
v 0.181314 -0.863816 0.515243
v 0.155753 0.355942 0.424351
v 0.159452 0.065437 -0.147061
v 0.170038 -0.809354 0.492178
v 0.194527 -0.500341 0.316406
v 0.148390 -0.126175 -0.229655
v 0.154013 -0.213286 -0.266746
v 0.158289 -0.381194 -0.317710
v 0.167342 -0.407782 -0.315187
v 0.169807 0.163018 -0.144154
v 0.186815 0.303764 0.381838
v 0.174537 0.858225 0.343870
v 0.164611 -0.389427 -0.301651
v 0.159628 -0.443584 -0.297855
v 0.154704 -0.686584 0.436157
v 0.187855 0.866473 0.287821
v 0.185409 0.205254 0.387526
v 0.181662 -0.555667 -0.320288
v 0.164413 -0.001560 -0.182139
v 0.168269 -0.286976 -0.279189
v 0.160199 0.345786 0.445575
v 0.179905 -0.152530 -0.216801
v 0.166947 -0.035209 -0.177040
v 0.177197 -0.733207 0.463447
v 0.187208 -0.604496 0.379049
v 0.183733 0.133782 0.329962
v 0.163602 -0.065633 -0.172342
v 0.166177 -0.467530 -0.302599
v 0.161706 -0.097854 -0.192457
v 0.163439 -0.344499 -0.317454
v 0.190573 0.573385 0.236983
v 0.170220 0.354374 0.470747
v 0.174270 0.020066 -0.167369
v 0.165258 -0.557496 0.355929
v 0.175029 0.918076 0.192844
v 0.192831 0.455059 0.262632
v 0.185746 -0.476427 -0.297700
v 0.175097 -0.663766 0.417277
v 0.186165 0.888355 0.291134
v 0.172311 -0.201608 -0.226512
v 0.187352 -0.324092 0.125846
v 0.163671 -0.001859 -0.158132
v 0.205774 -0.373264 -0.314417
v 0.191936 -0.024734 -0.140365
v 0.188215 -0.283281 -0.261828
v 0.204098 0.108362 0.311518
v 0.213475 0.482910 0.279229
v 0.165339 -0.441138 -0.291512
v 0.173655 -0.117641 -0.198451
v 0.191328 0.042286 -0.129626
v 0.174358 -0.731781 -0.342116
v 0.169271 -0.950387 0.508400
v 0.183895 0.176886 0.353298
v 0.223986 -0.771449 0.498037
v 0.191523 0.164413 -0.152690
v 0.180786 0.170964 0.342668
v 0.198428 0.024677 -0.163803
v 0.198217 -0.106570 0.217291
v 0.180535 -0.111933 0.110520
v 0.180024 0.414818 0.399953
v 0.181891 0.073347 -0.126591
v 0.170681 -0.256208 -0.243675
v 0.219922 0.056432 0.312881
v 0.177945 -0.067874 0.006385
v 0.166152 0.475798 0.331830
v 0.218671 -0.433233 0.213379
v 0.173316 -0.127491 0.010711
v 0.171642 -0.025306 -0.144602
v 0.207040 0.601105 0.037817
v 0.218843 -0.421036 0.237663
v 0.178432 -0.043955 0.010546
v 0.175596 -0.163657 -0.198520
v 0.204513 -0.784175 0.473400
v 0.175930 -0.740671 0.457964
v 0.167795 0.530122 0.285416
v 0.205595 -0.356149 -0.300694
v 0.198797 0.852438 0.330040
v 0.204711 -0.853880 0.498081
v 0.190212 -0.253770 -0.248934
v 0.190670 -0.523870 0.326378
v 0.189569 -0.129897 0.000587
v 0.222856 0.541284 -0.063673
v 0.199816 -0.872874 -0.342657
v 0.195670 -0.673668 -0.339162
v 0.178442 0.882567 0.250288
v 0.199788 -0.580979 0.360752
v 0.218607 0.532308 0.244825
v 0.180864 -0.199987 0.006862
v 0.198201 0.519876 0.252090
v 0.205816 -0.042415 -0.142010
v 0.189429 0.158285 0.320999
v 0.200656 -0.002225 0.042653
v 0.185893 -0.256601 -0.027547
v 0.206417 -0.685410 -0.334261
v 0.200898 -0.946636 0.499699
v 0.189934 -0.298731 -0.240581
v 0.192381 0.351893 0.459077
v 0.248051 0.411961 -0.124451
v 0.194699 -0.101606 -0.184499
v 0.208601 -0.591576 -0.322494
v 0.195599 -0.014220 -0.149641
v 0.204384 -0.159955 0.008880
v 0.201290 -0.785657 -0.344256
v 0.184877 -0.329094 -0.284823
v 0.188998 -0.096261 -0.012506
v 0.223107 -0.556523 0.342105
v 0.218387 -0.161200 -0.191054
v 0.207329 -0.513034 0.315416
v 0.191879 -0.199417 -0.004424
v 0.200384 -0.221539 -0.221139
v 0.212396 0.128732 0.311770
v 0.189817 -0.334428 -0.258985
v 0.208500 -0.282350 0.053200
v 0.204268 -0.007551 0.066680
v 0.209846 -0.060459 0.005141
v 0.202829 -0.632936 0.406315
v 0.220192 0.447097 0.228621
v 0.226790 0.330200 0.392641
v 0.200418 0.017957 0.020354
v 0.194085 0.046539 -0.148344
v 0.208740 -0.416767 -0.307611
v 0.217362 0.095377 -0.105011
v 0.223211 0.361293 0.421101
v 0.250000 0.237836 -0.104259
v 0.198609 -0.149125 -0.197682
v 0.202029 -0.245021 -0.236288
v 0.224206 -0.265399 -0.020731
v 0.231742 -0.231605 -0.002646
v 0.236285 -0.208085 -0.003990
v 0.229587 0.168340 0.326458
v 0.203781 0.588631 0.192922
v 0.198874 0.026619 -0.092207
v 0.215072 0.276004 0.363121
v 0.217386 -0.950338 0.495091
v 0.211222 -0.626824 0.395731
v 0.218591 -0.044763 -0.121035
v 0.212251 -0.286964 -0.244954
v 0.209176 -0.693848 0.437568
v 0.214875 0.083171 -0.114505
v 0.220205 0.463670 0.286000
v 0.206056 0.045465 -0.117096
v 0.213375 -0.355408 -0.274603
v 0.219275 -0.252839 -0.010034
v 0.198901 -0.234039 -0.181615
v 0.191000 0.474230 0.272422
v 0.216530 0.492341 0.252288
v 0.210878 0.011629 -0.089716
v 0.216710 0.024822 -0.079060
v 0.211469 0.009160 0.008539
v 0.203786 0.184068 -0.115957
v 0.220639 0.301492 0.381430
v 0.214525 0.159140 0.324676
v 0.207724 -0.241624 -0.203963
v 0.213369 -0.202728 -0.195516
v 0.215839 -0.105215 -0.013964
v 0.205085 -0.018368 -0.108236
v 0.218999 -0.010937 -0.118427
v 0.223478 0.145429 0.290698
v 0.211288 0.066683 -0.103206
v 0.216409 -0.521534 -0.308480
v 0.233627 -0.289672 -0.015664
v 0.211033 -0.456646 -0.309229
v 0.221590 -0.240222 -0.189351
v 0.227854 0.158130 0.325628
v 0.254291 0.193978 0.318852
v 0.226566 -0.281791 -0.187925
v 0.214598 -0.493475 -0.302950
v 0.212619 -0.103577 -0.141876
v 0.230720 0.031101 -0.098319
v 0.240194 -0.736765 -0.337605
v 0.233683 -0.440137 -0.284655
v 0.230976 0.535316 0.203718
v 0.212157 -0.104612 -0.175866
v 0.212458 -0.412586 -0.276214
v 0.242295 0.199976 -0.105948
v 0.236045 -0.435705 0.251379
v 0.213437 0.049701 0.035070
v 0.226416 -0.389612 -0.281727
v 0.219293 -0.188766 -0.160410
v 0.224569 -0.034376 0.011299
v 0.239653 -0.822352 -0.342044
v 0.233284 -0.332183 -0.268946
v 0.215344 -0.037449 -0.093637
v 0.238191 0.485068 0.219509
v 0.227900 -0.151468 -0.172082
v 0.218019 0.050642 0.063487
v 0.227809 -0.015315 0.060502
v 0.221409 -0.141978 0.004749
v 0.224148 -0.497479 0.296102
v 0.235227 -0.754524 0.472567
v 0.241350 -0.088146 -0.016229
v 0.215993 -0.154996 -0.146185
v 0.219388 -0.067705 -0.117645
v 0.235013 -0.268940 -0.214964
v 0.221132 -0.377434 -0.260471
v 0.227100 -0.897613 -0.336310
v 0.232995 0.026408 -0.001698
v 0.232453 0.033486 0.063763
v 0.234108 0.208770 -0.083954
v 0.228973 -0.032092 -0.092966
v 0.254344 0.331368 0.411471
v 0.241179 -0.645684 -0.327288
v 0.241010 -0.785738 0.506041
v 0.227104 -0.455976 -0.284675
v 0.245676 -0.471667 -0.289979
v 0.225611 0.003112 0.084577
v 0.242819 -0.557769 -0.312685
v 0.238290 -0.676509 0.426405
v 0.240102 0.063063 0.043108
v 0.251421 -0.524776 0.314588
v 0.236191 -0.393179 -0.250436
v 0.264302 0.051520 -0.082910
v 0.248660 0.064041 -0.094330
v 0.270077 0.244719 -0.090455
v 0.242318 -0.480449 0.281550
v 0.234941 -0.086053 -0.119537
v 0.251980 -0.584712 0.358830
v 0.243852 0.016939 0.023741
v 0.267709 0.502550 0.184758
v 0.252902 0.124276 -0.069535
v 0.224987 -0.228275 -0.090452
v 0.236086 0.061527 0.019617
v 0.242244 -0.201929 -0.100828
v 0.272241 0.166306 -0.044628
v 0.247071 -0.300374 -0.231867
v 0.257014 0.309813 0.350946
v 0.247520 -0.378162 -0.261399
v 0.239073 -0.156053 -0.147553
v 0.242128 0.048966 0.050604
v 0.264226 0.517914 0.149436
v 0.242033 -0.242385 -0.131559
v 0.244394 0.250894 0.331185
v 0.245425 0.284012 0.362232
v 0.248080 -0.651952 0.409588
v 0.243553 -0.193625 -0.142269
v 0.237365 -0.273954 -0.120757
v 0.279950 0.356109 0.339957
v 0.247715 -0.935780 -0.324613
v 0.242459 0.449797 0.222259
v 0.295932 -0.797512 0.494640
v 0.246492 0.029584 0.136237
v 0.233629 0.144410 0.264867
v 0.259494 -0.178145 0.003592
v 0.236727 0.048668 0.082987
v 0.244810 0.087600 0.038856
v 0.241698 -0.008393 -0.071951
v 0.252927 -0.138676 -0.126497
v 0.234486 -0.100791 -0.066428
v 0.235210 0.015023 -0.048900
v 0.239490 -0.128136 -0.014772
v 0.244496 -0.051985 -0.096448
v 0.235553 -0.230818 -0.174932
v 0.240486 -0.139726 -0.051156
v 0.272357 -0.709542 0.447447
v 0.236905 -0.036003 -0.044003
v 0.275277 0.495411 0.010310
v 0.249470 -0.021044 -0.052779
v 0.331539 -0.950080 -0.315666
v 0.252016 -0.051422 -0.008827
v 0.253597 0.013205 -0.059353
v 0.258257 0.064960 0.238169
v 0.247712 0.016499 -0.019639
v 0.248875 -0.150859 -0.010632
v 0.240869 -0.723992 0.455226
v 0.246160 -0.308691 -0.211112
v 0.257706 -0.265172 -0.099006
v 0.252332 -0.034659 -0.034024
v 0.238106 -0.873993 0.514890
v 0.280233 0.339798 0.358605
v 0.247955 -0.248116 -0.165315
v 0.245079 0.324843 0.357984
v 0.250458 -0.241528 0.009879
v 0.243449 -0.119832 -0.085873
v 0.287289 -0.772157 0.483240
v 0.245726 0.090231 0.079502
v 0.254095 0.039515 -0.002676
v 0.267391 -0.687425 0.443933
v 0.244300 0.029975 0.030994
v 0.248173 -0.405032 0.176069
v 0.248420 -0.077880 -0.061352
v 0.247255 -0.198280 -0.122964
v 0.267729 0.049232 0.019108
v 0.258883 -0.079689 -0.051411
v 0.249812 -0.129793 -0.049287
v 0.259151 -0.381958 0.186305
v 0.267996 0.448293 0.213434
v 0.257336 -0.061971 -0.082677
v 0.273667 -0.354488 0.109422
v 0.268614 -0.314489 0.049449
v 0.276851 0.245244 0.326118
v 0.251900 -0.341465 -0.226688
v 0.253953 0.062681 0.129398
v 0.257225 0.065263 -0.068081
v 0.268940 -0.446601 0.243754
v 0.264303 -0.331247 -0.231195
v 0.257902 0.164994 0.220300
v 0.267269 0.491717 0.168023
v 0.260567 -0.629473 -0.327127
v 0.272613 -0.690494 -0.332862
v 0.267370 -0.216846 -0.092742
v 0.248714 -0.159574 -0.098921
v 0.284664 0.458306 0.181873
v 0.257044 -0.275002 0.003231
v 0.252301 0.089546 0.139763
v 0.253212 0.296071 0.357428
v 0.257353 -0.080979 -0.028871
v 0.264260 -0.869178 -0.339069
v 0.249212 -0.124328 -0.105751
v 0.255374 0.047066 0.096173
v 0.266204 -0.404025 -0.272780
v 0.264682 -0.426649 -0.264550
v 0.270899 0.246667 -0.031156
v 0.266742 -0.287849 -0.135776
v 0.275805 -0.777118 -0.337487
v 0.273404 0.035561 -0.064215
v 0.277280 0.111227 -0.084265
v 0.270841 -0.662732 0.415754
v 0.281344 -0.172083 -0.036585
v 0.286937 -0.177879 -0.085535
v 0.272551 -0.288062 -0.190876
v 0.281579 0.071169 -0.073674
v 0.261960 0.455763 0.195159
v 0.269555 -0.405718 0.212871
v 0.255693 0.080781 0.101458
v 0.289281 -0.706952 0.470592
v 0.273297 -0.594107 -0.314318
v 0.289491 0.247296 -0.041044
v 0.259045 0.185677 0.255422
v 0.263053 0.138716 0.188813
v 0.278435 -0.457218 0.247219
v 0.260454 0.219736 0.277874
v 0.345123 -0.862896 0.482982
v 0.266818 0.020347 -0.048061
v 0.282298 -0.288204 -0.162898
v 0.288690 0.090043 -0.081865
v 0.278133 -0.535698 -0.301533
v 0.277356 0.039687 -0.016786
v 0.278327 -0.357438 -0.251392
v 0.291179 -0.163570 -0.071600
v 0.280609 0.072245 0.119581
v 0.274434 0.261330 0.324098
v 0.284528 -0.178576 -0.017382
v 0.269946 0.120857 -0.048488
v 0.284482 0.273138 0.327077
v 0.274120 -0.502385 -0.295027
v 0.275208 -0.878582 0.501092
v 0.271463 0.431451 0.219476
v 0.289008 -0.420729 -0.265794
v 0.275807 0.088749 0.070784
v 0.277571 -0.321365 -0.223664
v 0.284281 -0.211821 -0.096094
v 0.270928 0.073889 0.022365
v 0.286539 -0.270133 -0.001307
v 0.290904 -0.609869 0.370113
v 0.289688 -0.167787 -0.051141
v 0.277215 -0.230167 -0.000659
v 0.284718 0.204664 -0.020893
v 0.301556 0.076094 0.084438
v 0.275747 0.302230 0.333272
v 0.282470 0.063731 0.045283
v 0.298993 0.301295 -0.023818
v 0.289475 0.367046 0.298043
v 0.278845 -0.268200 -0.119457
v 0.287253 -0.522503 0.304668
v 0.275956 0.062849 -0.010228
v 0.273908 0.051288 -0.051838
v 0.267466 0.079453 0.002017
v 0.273862 -0.554015 0.330768
v 0.289723 -0.377146 -0.227852
v 0.277104 -0.285040 0.005315
v 0.284068 0.412685 0.156046
v 0.287755 0.125954 0.179738
v 0.299886 -0.839338 -0.342295
v 0.286896 0.104743 0.136506
v 0.290340 0.186153 0.260636
v 0.295167 -0.865438 0.491717
v 0.282828 0.093681 0.141765
v 0.282252 -0.337138 0.123606
v 0.306354 -0.296957 -0.137568
v 0.293961 -0.896733 -0.336173
v 0.280788 0.294566 0.309830
v 0.292020 -0.505027 0.282227
v 0.305586 -0.467653 -0.270894
v 0.293136 -0.215708 -0.008158
v 0.302999 0.244305 0.295502
v 0.286168 0.385376 0.252739
v 0.298203 -0.303836 0.051286
v 0.285917 0.233871 0.286839
v 0.304224 -0.673421 0.411883
v 0.292799 -0.374712 0.170546
v 0.295894 0.060445 -0.037993
v 0.308361 -0.731842 -0.336592
v 0.295816 -0.265507 -0.015944
v 0.294388 0.085283 0.002715
v 0.302303 -0.632961 0.383580
v 0.289539 0.449913 0.132452
v 0.263064 -0.952084 0.482631
v 0.287351 0.159936 -0.027537
v 0.298669 -0.242555 -0.092326
v 0.284342 -0.310366 -0.163759
v 0.315279 -0.301478 -0.002916
v 0.292175 -0.329606 -0.210390
v 0.284705 0.170445 0.221123
v 0.306262 -0.407285 0.192046
v 0.293925 0.389044 0.273156
v 0.306720 0.068481 0.019684
v 0.300961 -0.473604 0.258799
v 0.306201 -0.569921 -0.303600
v 0.291367 0.182714 -0.014878
v 0.297647 0.311511 0.356722
v 0.294337 0.288778 0.021951
v 0.282922 0.096984 -0.073798
v 0.286693 -0.244728 -0.044273
v 0.285844 -0.436601 -0.264284
v 0.303062 0.146562 -0.044371
v 0.309740 -0.591211 0.350551
v 0.313007 -0.449897 0.226562
v 0.298376 0.275555 0.293506
v 0.289423 -0.406579 -0.244507
v 0.328770 -0.263455 -0.009073
v 0.309945 -0.547722 -0.297665
v 0.302434 0.369456 0.211429
v 0.302131 0.210626 0.249862
v 0.305708 -0.432659 0.213612
v 0.305579 0.366591 0.246751
v 0.308906 -0.648835 -0.319223
v 0.313203 0.176676 0.232950
v 0.296283 -0.243445 -0.029063
v 0.303233 0.109994 -0.042721
v 0.306678 0.342835 0.284921
v 0.310156 -0.357178 -0.230340
v 0.319878 -0.525043 0.303487
v 0.302175 0.281324 0.033336
v 0.306297 0.411179 0.096360
v 0.305892 -0.329607 -0.179568
v 0.316638 -0.391035 -0.236367
v 0.306143 0.096721 -0.026002
v 0.307011 -0.570537 0.334726
v 0.310343 -0.274680 -0.109359
v 0.322241 -0.435603 -0.247664
v 0.311748 0.137793 0.171152
v 0.335325 -0.688774 -0.320960
v 0.296962 0.367987 0.108916
v 0.315892 0.364669 0.049043
v 0.308192 0.423268 0.115373
v 0.305236 -0.338157 0.117230
v 0.307720 0.173669 0.196955
v 0.307704 -0.211193 -0.058324
v 0.324160 0.118161 0.143618
v 0.298654 0.215437 0.010535
v 0.307761 -0.736476 -0.330750
v 0.314423 0.375738 0.105017
v 0.314069 0.282306 0.072079
v 0.330543 -0.628712 0.398460
v 0.324465 -0.250212 -0.053981
v 0.325782 -0.360232 -0.199555
v 0.312209 0.076474 -0.021573
v 0.302755 0.326387 0.065174
v 0.317323 0.248987 0.268604
v 0.303104 0.113067 0.004326
v 0.305087 -0.244256 -0.065619
v 0.318102 0.155310 -0.031033
v 0.326173 0.122844 0.103501
v 0.330420 0.304384 0.170505
v 0.313202 0.119450 0.098536
v 0.340655 -0.871672 -0.334139
v 0.333456 -0.322152 0.054958
v 0.310150 0.259490 0.042148
v 0.312180 0.231399 0.047487
v 0.318640 0.335589 0.194168
v 0.317297 0.308551 0.033493
v 0.318805 0.159071 0.152526
v 0.311458 -0.827923 -0.338112
v 0.315839 -0.246326 -0.088571
v 0.322517 -0.412343 0.186390
v 0.327828 -0.661739 0.436671
v 0.333149 -0.395815 -0.212392
v 0.306529 0.281736 0.283339
v 0.328026 0.287505 0.292364
v 0.316579 0.105486 0.025405
v 0.305139 0.173609 0.006105
v 0.346158 -0.290893 -0.007791
v 0.314571 0.320915 0.119077
v 0.317259 0.164673 0.020237
v 0.323351 0.089073 0.077280
v 0.335520 -0.523171 -0.282186
v 0.325545 -0.333092 -0.176628
v 0.340867 -0.351135 0.106399
v 0.315477 0.312019 -0.004971
v 0.315791 0.233721 0.222647
v 0.314942 0.338797 0.251318
v 0.341415 -0.475960 0.245915
v 0.319792 0.333724 0.214067
v 0.313967 0.221883 0.247896
v 0.319118 0.243952 0.053036
v 0.325579 0.206353 0.227414
v 0.314147 0.249098 0.252436
v 0.321846 0.087840 0.025540
v 0.338380 -0.709958 0.445970
v 0.311972 0.262128 0.227599
v 0.318449 0.315595 0.289748
v 0.319045 -0.497640 -0.282719
v 0.333182 -0.912726 -0.329601
v 0.322606 0.256290 0.086599
v 0.326468 0.226776 0.084732
v 0.317012 0.127759 -0.008124
v 0.335466 -0.619971 -0.308932
v 0.326003 0.299994 0.235863
v 0.337582 -0.269458 -0.103682
v 0.328532 -0.777994 -0.335975
v 0.328363 -0.634588 0.384699
v 0.345767 -0.602758 0.351770
v 0.333968 0.141421 -0.000305
v 0.343257 -0.431438 -0.236518
v 0.325040 0.243412 0.193693
v 0.333497 0.160285 -0.004577
v 0.327328 0.265434 0.109978
v 0.327801 0.306868 0.199741
v 0.327095 -0.948566 0.447762
v 0.323760 -0.267373 -0.046501
v 0.338456 0.166442 0.157862
v 0.345656 -0.306326 -0.110884
v 0.322853 0.098708 0.058686
v 0.320852 0.183440 0.060299
v 0.355664 -0.719292 0.454088
v 0.327489 0.317153 0.117269
v 0.337784 0.231069 0.203471
v 0.345190 -0.787802 -0.330326
v 0.330156 0.210129 0.087832
v 0.333038 -0.383835 -0.210391
v 0.327578 -0.549382 0.313617
v 0.340127 0.111537 0.043504
v 0.337267 0.284763 0.216110
v 0.329033 -0.310239 -0.157636
v 0.349826 0.175624 0.045138
v 0.339723 0.188574 0.170165
v 0.343287 0.255243 0.209554
v 0.347082 -0.274222 -0.030670
v 0.328752 0.286333 0.137802
v 0.332142 0.229367 0.164680
v 0.334341 -0.390650 0.155845
v 0.338618 -0.593389 -0.302209
v 0.336668 0.140663 0.026738
v 0.349708 -0.431708 0.199319
v 0.346743 -0.785335 0.475164
v 0.339027 0.222649 0.134369
v 0.335331 0.150885 0.135203
v 0.335224 0.247758 0.128368
v 0.337812 0.165266 0.108640
v 0.340066 -0.331601 0.053625
v 0.342166 -0.313365 -0.184490
v 0.350734 -0.269263 -0.082337
v 0.347173 -0.298312 -0.052749
v 0.350912 -0.946673 0.447170
v 0.358482 -0.570497 0.325944
v 0.353235 0.182000 0.104991
v 0.380587 -0.942675 -0.317053
v 0.341000 0.135869 0.070811
v 0.342487 0.145568 0.039644
v 0.336775 0.214092 0.185947
v 0.341784 0.164060 0.067226
v 0.344223 0.203576 0.138575
v 0.360535 -0.447446 0.216046
v 0.362023 -0.549932 0.329782
v 0.337509 0.267198 0.161523
v 0.360353 -0.637063 -0.307654
v 0.361548 -0.516400 0.278888
v 0.353550 -0.461999 -0.266160
v 0.350244 -0.469413 -0.253350
v 0.354545 0.193110 0.134494
v 0.390376 -0.420920 0.181449
v 0.360205 -0.394663 0.153331
v 0.350024 0.144702 0.069381
v 0.382440 -0.329283 0.036306
v 0.344665 -0.366500 0.107964
v 0.355824 -0.296906 -0.035288
v 0.362711 -0.389768 -0.237065
v 0.364336 -0.271896 -0.110108
v 0.376744 -0.737565 -0.316380
v 0.351773 0.198928 0.096572
v 0.381289 -0.543003 0.342650
v 0.360717 -0.829486 -0.328653
v 0.352728 0.217750 0.124127
v 0.365503 -0.298994 -0.086256
v 0.368007 -0.353655 0.086418
v 0.358348 -0.317690 -0.003393
v 0.373332 -0.382620 0.129293
v 0.372342 -0.950941 0.398240
v 0.363489 -0.558359 -0.284872
v 0.354374 -0.504453 -0.265691
v 0.367958 -0.902390 -0.326559
v 0.379486 -0.674333 0.413317
v 0.361175 -0.456567 0.242399
v 0.370989 -0.524390 0.289671
v 0.365009 -0.737363 0.442605
v 0.376200 -0.304786 0.040635
v 0.362032 -0.666882 -0.308559
v 0.379861 -0.486383 0.259121
v 0.368519 -0.274983 -0.076227
v 0.365176 -0.588786 -0.287875
v 0.370073 -0.629955 -0.307879
v 0.381292 -0.481387 -0.282874
v 0.392848 -0.835571 -0.320562
v 0.382490 -0.693918 0.398379
v 0.398283 -0.361064 0.093202
v 0.375357 -0.662611 -0.302836
v 0.393691 -0.336450 0.046281
v 0.415809 -0.274808 -0.066515
v 0.385520 -0.464733 0.229383
v 0.386007 -0.781071 -0.318105
v 0.400730 -0.266165 -0.002265
v 0.392210 -0.292479 -0.012585
v 0.395216 -0.950044 0.387512
v 0.404550 -0.454745 -0.258996
v 0.391341 -0.628307 -0.323558
v 0.403954 -0.374168 0.109609
v 0.401819 -0.407752 0.213091
v 0.403333 -0.914931 -0.314943
v 0.398351 -0.712644 0.404498
v 0.407920 -0.826829 -0.336390
v 0.392367 -0.335612 -0.181127
v 0.408437 -0.876869 0.404772
v 0.418929 -0.314615 0.093807
v 0.416545 -0.297144 0.058733
v 0.398807 -0.360788 0.150679
v 0.408106 -0.764195 0.434965
v 0.408944 -0.838698 0.434099
v 0.432064 -0.339481 -0.167322
v 0.400914 -0.422987 -0.232939
v 0.403396 -0.629932 0.345787
v 0.407006 -0.584029 0.344313
v 0.402641 -0.387739 0.141573
v 0.399986 -0.337281 0.140396
v 0.404000 -0.321501 0.119535
v 0.403889 -0.949788 0.368644
v 0.415957 -0.346857 0.065846
v 0.444792 -0.332228 -0.144515
v 0.409310 -0.948601 -0.314884
v 0.414962 -0.712803 0.417254
v 0.415941 -0.909784 0.374142
v 0.411037 -0.306329 0.105841
v 0.418782 -0.369862 0.160583
v 0.423635 -0.648062 0.372153
v 0.421973 -0.483329 -0.252929
v 0.423041 -0.945352 0.390567
v 0.421123 -0.448703 0.250216
v 0.431328 -0.320114 0.154665
v 0.448502 -0.610731 -0.288811
v 0.415042 -0.569927 0.307329
v 0.433801 -0.352739 0.170785
v 0.438518 -0.297804 0.027718
v 0.445347 -0.636647 -0.305859
v 0.435480 -0.952555 0.379110
v 0.423480 -0.879914 0.381276
v 0.436064 -0.313103 0.101590
v 0.440892 -0.420227 -0.229770
v 0.423424 -0.405269 0.191707
v 0.424646 -0.477038 0.252931
v 0.451655 -0.542482 -0.275146
v 0.432372 -0.839723 0.391310
v 0.427243 -0.523729 0.269948
v 0.432849 -0.574301 0.306207
v 0.454262 -0.330476 0.152525
v 0.433058 -0.384507 0.174138
v 0.436744 -0.684967 0.356654
v 0.441178 -0.857309 0.403551
v 0.449819 -0.298552 0.057509
v 0.437568 -0.379444 -0.188428
v 0.478670 -0.285079 -0.012870
v 0.439267 -0.626605 0.334911
v 0.437153 -0.449236 0.230497
v 0.426852 -0.373185 -0.163469
v 0.434327 -0.940055 -0.332996
v 0.439687 -0.752926 0.382287
v 0.463080 -0.621880 -0.295309
v 0.503928 -0.877517 -0.311670
v 0.433389 -0.357843 -0.140296
v 0.449798 -0.435537 -0.197660
v 0.446515 -0.574680 0.320842
v 0.447367 -0.397123 0.164331
v 0.454556 -0.543118 0.295366
v 0.454495 -0.302453 0.108831
v 0.456767 -0.650890 0.352908
v 0.459834 -0.755838 0.388898
v 0.458811 -0.348944 0.165784
v 0.479320 -0.504475 -0.252799
v 0.469889 -0.326029 0.084147
v 0.461728 -0.948396 0.339547
v 0.464747 -0.482245 0.235663
v 0.468707 -0.884664 0.378397
v 0.459672 -0.427008 -0.183823
v 0.473430 -0.403471 -0.191699
v 0.466890 -0.292440 0.055686
v 0.458062 -0.447171 0.209181
v 0.463325 -0.346155 0.139404
v 0.464442 -0.675763 -0.283899
v 0.466275 -0.392342 0.169485
v 0.463355 -0.350398 -0.158118
v 0.479146 -0.376485 0.176729
v 0.478586 -0.946966 -0.307681
v 0.465054 -0.725721 0.357483
v 0.472686 -0.338804 0.138338
v 0.460485 -0.944166 0.374494
v 0.463084 -0.839118 0.361226
v 0.475334 -0.314620 0.123559
v 0.472777 -0.544932 0.266330
v 0.477989 -0.855437 0.340609
v 0.479373 -0.492376 -0.213779
v 0.477174 -0.754541 0.353417
v 0.479758 -0.745325 -0.284657
v 0.472569 -0.438020 0.216974
v 0.491770 -0.534534 -0.230246
v 0.473328 -0.400750 0.152917
v 0.475996 -0.665090 0.307744
v 0.484073 -0.307800 0.104276
v 0.489526 -0.328333 0.088442
v 0.480536 -0.745241 0.330994
v 0.477525 -0.314832 0.035622
v 0.486936 -0.517763 0.271458
v 0.480010 -0.315399 -0.027220
v 0.487216 -0.473342 0.206322
v 0.478524 -0.610078 0.290636
v 0.493775 -0.639910 -0.292859
v 0.500444 -0.526866 0.262166
v 0.494709 -0.322906 -0.102095
v 0.494769 -0.948778 0.351671
v 0.508162 -0.912404 0.362159
v 0.503721 -0.487623 -0.227910
v 0.496659 -0.561523 -0.261280
v 0.492553 -0.441847 0.221232
v 0.498626 -0.314205 0.068870
v 0.498036 -0.622721 0.315393
v 0.489494 -0.427249 0.179283
v 0.490337 -0.337440 -0.071930
v 0.489072 -0.312548 -0.057514
v 0.503125 -0.741300 0.345176
v 0.496107 -0.391511 0.201835
v 0.494875 -0.800458 -0.287889
v 0.515193 -0.942581 -0.287985
v 0.500635 -0.473293 0.213514
v 0.514355 -0.812527 -0.295308
v 0.536186 -0.493090 -0.209349
v 0.511494 -0.340985 0.103243
v 0.487683 -0.335071 0.135926
v 0.497408 -0.523260 0.235616
v 0.508433 -0.594110 -0.244220
v 0.509863 -0.859618 -0.288047
v 0.519221 -0.342254 0.136504
v 0.517544 -0.307383 -0.016148
v 0.504247 -0.374283 -0.114315
v 0.525885 -0.397048 -0.165358
v 0.522848 -0.516650 0.277853
v 0.506961 -0.590987 0.262610
v 0.508947 -0.332381 -0.051160
v 0.512690 -0.359512 0.151692
v 0.519516 -0.940652 0.344592
v 0.511664 -0.540216 0.245418
v 0.502924 -0.393788 0.138617
v 0.508310 -0.416781 0.165089
v 0.520029 -0.380746 -0.137566
v 0.521270 -0.334959 0.054214
v 0.518535 -0.409999 -0.132386
v 0.515145 -0.366019 0.086949
v 0.518841 -0.715636 0.296801
v 0.522473 -0.720328 0.318043
v 0.535934 -0.319993 0.041090
v 0.527796 -0.850400 -0.291987
v 0.515903 -0.385519 0.102398
v 0.535344 -0.412986 0.179580
v 0.517962 -0.585850 0.263217
v 0.533460 -0.777315 -0.286737
v 0.521262 -0.381703 0.130328
v 0.569158 -0.388249 0.108660
v 0.532311 -0.454167 0.194089
v 0.528709 -0.675599 -0.251164
v 0.563209 -0.400582 0.161318
v 0.528929 -0.635185 0.276901
v 0.526610 -0.948093 -0.268664
v 0.532788 -0.457418 -0.158012
v 0.530182 -0.588601 0.299061
v 0.536642 -0.375995 -0.111756
v 0.530588 -0.886227 0.309552
v 0.539800 -0.947816 0.306055
v 0.540196 -0.725255 0.294066
v 0.533639 -0.906278 0.333743
v 0.536711 -0.461744 0.237130
v 0.548893 -0.795738 0.301796
v 0.535040 -0.858674 -0.287847
v 0.546927 -0.589146 -0.253978
v 0.549881 -0.947979 -0.271343
v 0.539807 -0.883886 -0.273897
v 0.545335 -0.924438 -0.274008
v 0.534573 -0.503304 -0.175966
v 0.555473 -0.472491 -0.177790
v 0.552466 -0.747055 -0.254633
v 0.556964 -0.607507 0.309157
v 0.559768 -0.638894 -0.257421
v 0.539717 -0.344310 0.022996
v 0.558652 -0.346113 0.057827
v 0.595881 -0.538250 -0.204031
v 0.592708 -0.472854 -0.172082
v 0.557820 -0.804981 0.329989
v 0.560549 -0.419709 0.142431
v 0.562551 -0.917815 0.304714
v 0.569275 -0.477832 0.229505
v 0.549456 -0.507765 0.230392
v 0.542355 -0.377221 0.060629
v 0.557031 -0.667225 0.322269
v 0.553701 -0.373071 -0.035364
v 0.554111 -0.854626 -0.294223
v 0.577585 -0.383948 0.088710
v 0.571402 -0.771221 -0.265099
v 0.572418 -0.677552 -0.269863
v 0.561253 -0.541430 -0.183060
v 0.572312 -0.930927 -0.286273
v 0.584784 -0.389238 -0.098705
v 0.582459 -0.431084 0.175580
v 0.557407 -0.877753 0.301726
v 0.619367 -0.434187 0.134495
v 0.575939 -0.387549 0.034960
v 0.564764 -0.347498 -0.034986
v 0.574740 -0.603896 0.269101
v 0.588513 -0.517624 -0.185182
v 0.565916 -0.898185 0.324730
v 0.571158 -0.793663 -0.248669
v 0.612210 -0.413023 0.108510
v 0.583096 -0.823851 0.342258
v 0.567709 -0.605812 -0.196751
v 0.595807 -0.652906 -0.210085
v 0.580949 -0.680511 -0.237473
v 0.595066 -0.476620 0.175437
v 0.590525 -0.842950 -0.248853
v 0.585250 -0.669030 -0.201464
v 0.625872 -0.412614 0.061641
v 0.592315 -0.831579 -0.270215
v 0.588344 -0.667421 0.293896
v 0.585170 -0.402985 0.072536
v 0.604593 -0.891669 -0.246813
v 0.605543 -0.383156 0.016388
v 0.619649 -0.942238 -0.246797
v 0.582407 -0.396537 -0.084513
v 0.593171 -0.850206 0.317817
v 0.589472 -0.949990 0.199107
v 0.594505 -0.387192 -0.073416
v 0.615010 -0.375089 -0.012503
v 0.611383 -0.857262 0.338180
v 0.620345 -0.640937 -0.221849
v 0.615430 -0.851072 0.282141
v 0.623125 -0.950867 -0.235826
v 0.648977 -0.454946 0.105460
v 0.614078 -0.829323 -0.266974
v 0.595580 -0.439239 -0.127747
v 0.612533 -0.890472 -0.262522
v 0.618545 -0.645483 0.278116
v 0.598643 -0.552077 0.258933
v 0.612288 -0.584695 -0.194875
v 0.604861 -0.489962 -0.161387
v 0.606289 -0.720469 -0.201395
v 0.613039 -0.734744 -0.212892
v 0.624769 -0.640918 -0.202982
v 0.634416 -0.619371 -0.196412
v 0.619319 -0.702449 -0.251924
v 0.657923 -0.499201 0.158335
v 0.625125 -0.445680 0.091131
v 0.614051 -0.520602 0.189097
v 0.606820 -0.408806 0.002339
v 0.627379 -0.562286 0.217448
v 0.624657 -0.838905 0.322837
v 0.626301 -0.453790 -0.136619
v 0.643497 -0.686391 -0.229623
v 0.649449 -0.589755 0.210733
v 0.643570 -0.952143 0.073526
v 0.653963 -0.416716 -0.050288
v 0.622369 -0.854831 0.261764
v 0.637270 -0.445426 -0.036382
v 0.646069 -0.539270 -0.182002
v 0.661960 -0.460549 -0.007572
v 0.633195 -0.573944 0.207121
v 0.627888 -0.771041 -0.206072
v 0.658321 -0.493567 0.144306
v 0.637088 -0.944416 -0.244653
v 0.650634 -0.670721 0.249919
v 0.644931 -0.747857 0.264893
v 0.660270 -0.952031 -0.061281
v 0.637739 -0.858980 0.265479
v 0.653854 -0.910606 -0.253182
v 0.649453 -0.942694 0.109411
v 0.642511 -0.741181 0.233668
v 0.657158 -0.799531 -0.239499
v 0.670009 -0.479763 0.135028
v 0.665939 -0.738970 -0.222011
v 0.678523 -0.473432 0.068905
v 0.666114 -0.474635 -0.040831
v 0.660524 -0.787108 -0.218064
v 0.662075 -0.477255 0.076574
v 0.647904 -0.662420 0.225396
v 0.681676 -0.482259 -0.088229
v 0.668161 -0.763163 0.234638
v 0.659377 -0.942011 -0.138663
v 0.659082 -0.496276 0.106670
v 0.663867 -0.493309 -0.077490
v 0.655203 -0.818073 -0.207655
v 0.691520 -0.579639 0.178846
v 0.642371 -0.459225 -0.016454
v 0.659489 -0.832141 0.254472
v 0.684967 -0.816797 0.228533
v 0.693062 -0.879976 -0.219332
v 0.690429 -0.764041 0.231638
v 0.687593 -0.852526 -0.218586
v 0.685220 -0.507863 -0.038912
v 0.681505 -0.709378 -0.214600
v 0.688788 -0.886647 -0.208071
v 0.684384 -0.942725 -0.019290
v 0.713311 -0.570136 0.155715
v 0.686985 -0.572723 0.156825
v 0.685754 -0.543756 -0.108958
v 0.691374 -0.548279 0.117102
v 0.702212 -0.519565 -0.129949
v 0.701857 -0.561105 0.074690
v 0.711147 -0.550205 -0.050464
v 0.692823 -0.581670 -0.125923
v 0.714064 -0.584423 -0.136545
v 0.725085 -0.594475 0.130315
v 0.718503 -0.693253 0.212536
v 0.709885 -0.858720 -0.210891
v 0.715596 -0.537643 0.069626
v 0.694876 -0.618704 -0.138457
v 0.695790 -0.503744 -0.009986
v 0.701418 -0.646964 0.157727
v 0.711940 -0.692939 -0.149281
v 0.720664 -0.566033 -0.006297
v 0.730409 -0.635532 -0.164797
v 0.743099 -0.771927 0.213267
v 0.731241 -0.623593 -0.118645
v 0.724238 -0.733619 0.203393
v 0.733449 -0.608433 -0.052922
v 0.750421 -0.844985 -0.025048
v 0.723347 -0.616003 0.071359
v 0.747469 -0.794611 -0.192232
v 0.747670 -0.678230 -0.133217
v 0.736706 -0.569417 -0.038709
v 0.711681 -0.600909 0.121767
v 0.750607 -0.774807 0.177726
v 0.732729 -0.756182 -0.152816
v 0.734084 -0.679749 0.128529
v 0.760197 -0.620756 -0.015108
v 0.748527 -0.710780 -0.159200
v 0.767991 -0.677331 0.060808
v 0.765085 -0.717576 0.135025
v 0.739276 -0.815240 -0.152708
v 0.768108 -0.715615 -0.008237
v 0.805422 -0.760733 0.028905
v 0.753377 -0.685950 0.164775
v 0.793167 -0.776131 -0.104447
v 0.745267 -0.678273 0.065494
v 0.756239 -0.783205 -0.166654
v 0.748422 -0.635283 -0.008715
v 0.767175 -0.662285 -0.055316
v 0.778648 -0.778766 0.050657
v 0.770731 -0.769376 0.130541
v 0.755451 -0.694484 -0.057307
v 0.752702 -0.735114 0.128447
v 0.776923 -0.752491 0.159755
v 0.789512 -0.779479 -0.061406
v 0.813391 -0.748429 -0.019858
v 0.796477 -0.770063 -0.058367
v 0.782462 -0.784161 -0.137442
v 0.789865 -0.783943 -0.003706
vn -0.9667 -0.1335 -0.2184
vn -0.7793 0.6251 -0.0444
vn -0.9837 -0.1500 0.0993
vn -0.8901 -0.2890 -0.3523
vn -0.8430 -0.3836 0.3772
vn -0.8890 0.4322 -0.1515
vn -0.8045 0.3835 0.4537
vn -0.7486 0.5129 0.4202
vn -0.8833 -0.0390 0.4672
vn -0.7840 0.3963 0.4779
vn -0.7775 0.4131 0.4742
vn -0.8158 0.4571 0.3542
vn -0.8295 0.4010 -0.3887
vn -0.5826 0.4286 0.6906
vn -0.7424 0.3745 0.5555
vn -0.4078 -0.9074 0.1022
vn -0.8654 0.4530 0.2141
vn -0.7222 -0.4352 -0.5376
vn -0.7584 0.4902 0.4297
vn -0.7399 0.5499 -0.3875
vn -0.8400 0.4227 0.3401
vn -0.7375 0.2227 -0.6376
vn -0.7852 -0.5440 0.2960
vn -0.7249 0.4141 -0.5505
vn -0.8265 -0.4592 -0.3256
vn -0.8225 0.4997 0.2717
vn -0.6748 -0.0190 0.7377
vn -0.8696 0.4108 -0.2739
vn -0.8656 0.4688 -0.1758
vn -0.4957 -0.0428 -0.8675
vn -0.7459 0.4327 0.5063
vn -0.9876 -0.1566 0.0117
vn -0.9392 0.1374 -0.3148
vn -0.9100 0.2466 0.3332
vn -0.7123 0.3422 0.6128
vn -0.9374 0.3263 0.1219
vn -0.6497 0.2812 -0.7063
vn -0.7123 -0.2242 0.6651
vn -0.5248 0.4706 0.7093
vn -0.4295 -0.7628 -0.4834
vn -0.8951 0.2182 -0.3888
vn -0.7931 0.4428 0.4182
vn -0.7267 0.5439 -0.4196
vn -0.4498 0.4475 0.7729
vn -0.9074 0.3904 0.1555
vn -0.7581 0.4487 0.4734
vn -0.7521 0.6014 0.2697
vn -0.5916 -0.2933 -0.7510
vn -0.0156 0.5205 0.8537
vn -0.7798 0.5470 0.3044
vn -0.8800 0.3836 -0.2800
vn -0.7643 0.3602 -0.5350
vn -0.9791 0.1888 -0.0757
vn -0.7257 0.5393 -0.4271
vn -0.6736 0.5734 0.4664
vn -0.5016 -0.5359 0.6791
vn -0.8420 0.4354 -0.3184
vn -0.9137 0.3839 0.1335
vn -0.4695 0.1812 0.8641
vn -0.5863 0.7008 0.4063
vn -0.7186 0.5149 0.4674
vn -0.6940 0.4705 -0.5450
vn -0.6837 0.7088 -0.1737
vn -0.5827 0.6896 0.4300
vn -0.7336 0.5901 0.3371
vn -0.7997 0.5919 0.1008
vn -0.9386 -0.0701 -0.3379
vn -0.2652 0.9032 0.3375
vn -0.9608 -0.0008 -0.2773
vn -0.9958 0.0643 -0.0657
vn -0.9709 -0.0616 -0.2314
vn -0.9818 -0.0245 0.1884
vn -0.9319 0.0638 0.3572
vn -0.9087 0.0290 -0.4164
vn -0.8232 -0.4737 0.3129
vn -0.9116 -0.2362 -0.3363
vn -0.5121 0.3531 0.7830
vn -0.9776 0.0619 0.2014
vn -0.7685 0.5220 0.3700
vn -0.7994 0.0851 0.5948
vn -0.7632 -0.6089 -0.2164
vn -0.7554 -0.1299 -0.6422
vn -0.7049 -0.6457 0.2936
vn -0.9871 0.0845 0.1359
vn -0.9851 0.1243 0.1186
vn -0.8809 0.0900 -0.4646
vn -0.8725 0.0153 0.4884
vn -0.8147 0.2263 -0.5339
vn -0.3715 -0.7626 -0.5296
vn -0.4527 0.2716 0.8493
vn -0.2484 -0.5543 0.7944
vn -0.9496 0.0064 0.3133
vn -0.4731 0.4087 -0.7804
vn -0.7555 0.6091 -0.2413
vn -0.6269 0.5454 0.5563
vn -0.8285 0.3771 -0.4139
vn -0.9141 0.0946 0.3942
vn -0.9158 0.1715 0.3633
vn -0.8658 0.3143 0.3893
vn -0.1426 -0.9880 -0.0597
vn 0.0427 -0.0305 0.9986
vn -0.3760 0.0605 -0.9246
vn -0.9574 0.2235 -0.1829
vn -0.6485 0.6728 -0.3561
vn -0.5978 0.7749 0.2052
vn -0.4864 -0.1239 0.8649
vn -0.6220 0.6536 0.4312
vn -0.3634 0.7241 -0.5862
vn -0.1850 -0.4519 0.8727
vn -0.8427 0.5372 -0.0362
vn -0.9266 0.3100 -0.2127
vn -0.4942 -0.3749 0.7844
vn -0.5019 0.2735 -0.8205
vn -0.5130 0.4317 0.7419
vn -0.8517 0.5236 0.0223
vn -0.8529 -0.1533 0.4990
vn -0.1572 0.2082 0.9654
vn -0.5909 0.7397 0.3219
vn -0.2078 -0.9778 0.0276
vn -0.4659 0.4559 0.7583
vn -0.9522 0.0851 0.2932
vn -0.5826 0.7100 -0.3954
vn -0.9959 -0.0880 -0.0197
vn -0.0473 -0.1780 0.9829
vn -0.1831 0.6531 0.7349
vn -0.9649 0.2477 0.0877
vn -0.7968 0.0275 0.6036
vn -0.7138 0.4717 -0.5176
vn -0.0577 -0.0700 -0.9959
vn -0.8876 0.0174 0.4603
vn -0.9520 -0.1064 0.2870
vn -0.7240 0.3360 0.6024
vn -0.9127 0.3976 0.0939
vn -0.9677 0.0398 0.2491
vn -0.5111 -0.4570 0.7280
vn -0.4340 0.8903 0.1377
vn -0.4752 0.8483 0.2337
vn -0.9907 0.0866 0.1047
vn -0.5227 0.7787 -0.3470
vn -0.9929 0.0682 0.0972
vn 0.0541 0.1820 0.9818
vn -0.9993 0.0357 0.0097
vn -0.3381 -0.0316 -0.9406
vn -0.4695 -0.4221 0.7755
vn -0.8415 -0.3422 0.4181
vn 0.4358 -0.1409 0.8890
vn 0.8148 -0.2717 0.5121
vn -0.1067 0.1480 -0.9832
vn -0.7130 0.5596 0.4225
vn -0.0044 0.2576 -0.9662
vn 0.0640 0.4469 0.8923
vn -0.6294 -0.1587 0.7607
vn -0.4272 0.6130 -0.6646
vn -0.5703 0.2975 0.7656
vn -0.7534 0.6572 0.0208
vn -0.8307 0.3228 0.4537
vn -0.8462 -0.1524 0.5106
vn 0.5437 -0.0214 0.8390
vn -0.9676 0.0579 0.2457
vn -0.3369 -0.6032 0.7229
vn -0.1954 0.3994 0.8957
vn -0.9529 0.2556 0.1632
vn -0.3709 -0.9185 0.1369
vn -0.1026 0.8350 0.5406
vn -0.5778 0.5235 0.6262
vn -0.4581 0.7701 -0.4439
vn 0.2361 0.3445 0.9086
vn -0.2174 0.4931 0.8424
vn 0.7131 -0.1491 0.6850
vn 0.3550 -0.1418 0.9240
vn -0.0659 0.4312 0.8999
vn 0.5492 -0.6843 -0.4796
vn 0.1209 -0.5507 -0.8259
vn -0.2591 0.7567 0.6002
vn -0.0893 0.0425 0.9951
vn -0.9877 0.1522 -0.0345
vn -0.9315 0.1856 0.3128
vn -0.9055 -0.0148 0.4241
vn -0.0121 -0.1814 0.9833
vn -0.7019 -0.2408 0.6704
vn -0.9566 0.0170 0.2910
vn -0.3231 -0.8453 0.4256
vn -0.7807 0.5996 -0.1759
vn -0.7675 0.4866 -0.4174
vn -0.8637 0.4956 0.0915
vn 0.5430 0.0879 0.8351
vn -0.5572 0.2085 0.8038
vn -0.1236 0.9895 -0.0748
vn -0.0639 0.5715 0.8181
vn -0.7638 0.6313 -0.1343
vn -0.8467 0.5308 0.0370
vn -0.0962 0.5099 0.8548
vn 0.2886 -0.0237 0.9572
vn 0.0013 0.7239 0.6899
vn -0.4593 0.5675 0.6834
vn 0.0984 0.4143 0.9048
vn -0.2855 0.9156 0.2831
vn 0.1088 0.1497 0.9827
vn -0.6170 0.3611 0.6993
vn 0.4289 0.3259 0.8425
vn -0.1258 -0.0760 0.9891
vn -0.0191 -0.0264 0.9995
vn -0.0294 0.4355 -0.8997
vn 0.5622 0.0448 -0.8258
vn -0.7113 -0.0445 0.7015
vn -0.1586 0.5683 0.8074
vn 0.3996 -0.0961 0.9116
vn -0.3034 0.0559 0.9512
vn -0.6949 0.0781 0.7148
vn 0.3070 0.3791 0.8729
vn 0.0833 -0.9664 -0.2433
vn -0.1300 0.5111 0.8496
vn -0.7672 0.1297 0.6281
vn 0.1494 0.8183 -0.5551
vn 0.5059 0.2402 -0.8285
vn -0.6254 0.6704 0.3993
vn -0.5785 0.7976 0.1706
vn 0.5030 0.1500 0.8512
vn -0.8495 -0.0721 0.5226
vn -0.5415 0.1817 0.8209
vn -0.8754 0.2063 0.4371
vn -0.0694 -0.4824 0.8732
vn 0.0268 0.1077 -0.9938
vn 0.1122 -0.0478 -0.9925
vn -0.3415 -0.5147 -0.7864
vn 0.6404 -0.0189 0.7678
vn 0.1028 0.9801 -0.1697
vn -0.4929 0.2634 0.8293
vn -0.2329 0.6164 0.7522
vn -0.8633 0.3428 0.3704
vn -0.5054 0.1262 -0.8536
vn -0.2341 0.5679 0.7891
vn 0.2276 0.1539 0.9615
vn 0.2399 0.5359 -0.8095
vn 0.0219 0.2431 -0.9698
vn 0.0336 0.3394 -0.9400
vn -0.2002 0.4236 -0.8834
vn -0.2913 0.0132 -0.9565
vn -0.9654 0.2450 -0.0889
vn -0.9429 0.1020 0.3172
vn -0.3284 -0.0738 0.9416
vn -0.0579 0.2210 0.9735
vn -0.6966 -0.0943 0.7112
vn -0.4875 0.2771 0.8279
vn -0.4397 0.1844 0.8790
vn -0.7907 -0.5812 0.1922
vn -0.4148 0.8687 0.2708
vn -0.2231 -0.9010 0.3721
vn -0.4787 0.0711 0.8751
vn -0.2965 0.6938 -0.6563
vn -0.5783 0.1840 0.7948
vn -0.1895 0.6964 0.6922
vn -0.0197 0.2240 -0.9744
vn -0.5729 -0.0176 -0.8194
vn -0.5322 0.2563 0.8069
vn -0.7422 -0.0317 0.6694
vn -0.5646 0.4304 -0.7043
vn -0.1779 -0.8580 -0.4819
vn -0.1104 0.5605 -0.8208
vn -0.4479 0.6510 0.6129
vn -0.1695 0.9783 0.1193
vn -0.2688 -0.1097 0.9569
vn -0.6063 0.7673 0.2089
vn -0.1693 0.2099 0.9629
vn -0.1661 0.8916 -0.4213
vn -0.8087 0.4888 0.3274
vn -0.2017 -0.1102 0.9732
vn -0.6401 -0.0938 0.7626
vn -0.5826 0.3642 0.7266
vn -0.1515 -0.7095 0.6882
vn -0.3455 -0.0713 0.9357
vn -0.5644 -0.0050 -0.8255
vn -0.2144 0.4973 0.8407
vn -0.4751 0.0454 -0.8788
vn -0.8922 0.0164 0.4513
vn -0.8907 0.0892 0.4457
vn -0.5349 0.1786 0.8258
vn -0.7607 0.1791 0.6239
vn -0.2545 0.6767 0.6909
vn -0.7126 0.5650 -0.4159
vn -0.5596 0.7858 0.2634
vn -0.3957 0.2530 0.8828
vn -0.4838 0.0972 -0.8698
vn -0.8330 0.2748 0.4801
vn -0.3444 0.4902 0.8007
vn -0.1987 -0.2335 0.9518
vn -0.3488 0.2181 -0.9114
vn -0.3650 -0.5822 -0.7265
vn -0.2744 0.9540 -0.1205
vn -0.6358 0.3583 -0.6836
vn -0.0465 -0.1419 0.9888
vn -0.4244 0.4793 0.7682
vn -0.4849 0.8605 -0.1565
vn -0.8326 0.2752 0.4807
vn -0.1240 -0.9555 0.2678
vn -0.6551 0.2777 -0.7026
vn -0.8122 0.2373 -0.5330
vn -0.9654 -0.1352 0.2228
vn -0.4873 0.4626 0.7406
vn -0.5753 -0.8041 0.1501
vn -0.3178 0.9137 0.2535
vn 0.1998 0.7402 0.6420
vn -0.0074 0.7376 -0.6752
vn -0.5338 -0.0672 0.8429
vn -0.3374 0.2404 0.9101
vn -0.8866 -0.4413 0.1382
vn -0.6059 -0.6969 0.3836
vn -0.6677 -0.1477 0.7296
vn -0.9561 -0.1468 0.2538
vn -0.8946 -0.0699 0.4414
vn -0.4789 0.8416 0.2499
vn 0.3306 -0.6875 0.6465
vn -0.2156 0.3419 0.9147
vn -0.6265 0.4950 0.6021
vn -0.3271 0.4158 -0.8486
vn -0.4120 0.1515 -0.8985
vn -0.8430 -0.1118 0.5262
vn -0.1449 0.5947 0.7908
vn -0.0171 -0.8174 0.5758
vn 0.0375 -0.1527 -0.9876
vn -0.9353 -0.1296 0.3293
vn -0.0005 0.9712 0.2383
vn -0.3579 -0.8804 0.3112
vn -0.7070 0.3257 0.6277
vn -0.5422 0.2147 0.8124
vn 0.3497 0.8343 -0.4263
vn 0.0142 0.8837 0.4679
vn 0.2535 0.2416 0.9367
vn -0.3842 0.6101 0.6930
vn 0.3397 -0.6918 -0.6373
vn -0.8112 -0.3232 0.4874
vn -0.1263 0.7168 0.6857
vn 0.1880 -0.1611 0.9689
vn -0.5607 0.0439 0.8269
vn 0.6563 0.6856 0.3150
vn -0.3444 0.2529 -0.9041
vn -0.3663 0.4952 0.7878
vn -0.9410 0.0361 0.3365
vn 0.4893 0.8364 0.2470
vn -0.3058 0.0639 -0.9500
vn 0.5647 0.8253 -0.0005
vn -0.1358 0.4548 -0.8802
vn 0.8446 0.5354 -0.0063
vn -0.4383 0.1370 0.8883
vn -0.8714 -0.1650 0.4621
vn 0.6135 0.7827 0.1048
vn 0.4712 0.8732 0.1247
vn -0.1962 0.6051 0.7716
vn -0.3491 0.5822 0.7342
vn 0.6837 -0.3125 0.6595
vn 0.0928 0.7132 0.6948
vn 0.9250 0.2419 0.2931
vn -0.1304 0.6315 0.7644
vn -0.1881 -0.0026 -0.9821
vn 0.2272 0.9465 -0.2293
vn -0.7494 -0.0816 0.6570
vn 0.9256 0.3770 0.0347
vn 0.5897 0.7002 0.4024
vn 0.5278 0.4854 0.6971
vn 0.8632 0.3371 0.3759
vn 0.6441 0.3983 0.6531
vn -0.4754 -0.3344 0.8137
vn -0.3651 0.4962 0.7877
vn 0.0691 0.7061 -0.7048
vn 0.4307 0.8835 0.1843
vn 0.9197 0.2012 0.3371
vn 0.5940 0.4641 0.6571
vn -0.3266 0.2269 -0.9175
vn 0.9268 0.3606 0.1047
vn 0.9621 -0.2024 0.1830
vn 0.3693 0.4958 0.7860
vn 0.7068 0.4919 0.5084
vn -0.7715 0.3502 -0.5312
vn -0.5578 0.3737 0.7410
vn -0.3872 0.3039 -0.8705
vn 0.3492 0.0888 -0.9328
vn -0.2720 -0.2425 0.9312
vn -0.7381 0.0361 0.6737
vn -0.7147 0.5840 -0.3850
vn -0.1193 0.9883 0.0951
vn 0.5199 0.6526 0.5512
vn -0.0166 0.7667 0.6418
vn 0.0795 -0.9144 -0.3970
vn 0.7372 0.4475 0.5063
vn -0.2478 0.8739 -0.4181
vn 0.4499 0.2415 -0.8598
vn 0.7733 0.5369 0.3372
vn -0.0877 -0.1776 -0.9802
vn 0.8591 0.3687 0.3551
vn -0.6561 -0.0451 0.7533
vn 0.8370 0.2722 0.4746
vn 0.7050 0.5174 0.4851
vn -0.5599 0.6251 0.5439
vn -0.2774 0.6455 0.7116
vn -0.0660 -0.0662 -0.9956
vn 0.5141 0.7442 0.4264
vn -0.7501 0.4938 -0.4399
vn 0.7255 0.3394 0.5988
vn 0.4435 0.1571 -0.8824
vn -0.8122 0.5351 -0.2324
vn 0.2136 0.9647 -0.1543
vn -0.5142 0.2285 -0.8266
vn 0.6347 0.3125 0.7068
vn -0.6324 0.3339 -0.6990
vn -0.2697 0.6225 0.7347
vn -0.9749 0.1176 0.1890
vn -0.5071 0.8458 -0.1659
vn -0.4996 0.4540 0.7378
vn -0.6209 0.3025 0.7231
vn -0.2369 -0.7932 0.5610
vn -0.2244 0.5896 0.7759
vn 0.0647 0.0802 -0.9947
vn -0.2969 0.6508 0.6989
vn 0.1377 0.5677 0.8117
vn -0.7524 0.6584 -0.0229
vn -0.7941 0.5781 -0.1876
vn -0.0150 0.0888 -0.9959
vn -0.6913 0.4166 -0.5903
vn -0.5262 0.7233 0.4472
vn -0.9262 0.3602 -0.1111
vn -0.3400 0.7546 0.5612
vn 0.1111 0.2460 -0.9629
vn 0.3111 0.2298 -0.9222
vn -0.2602 0.0100 -0.9655
vn -0.2912 0.6672 0.6856
vn -0.5682 -0.6226 -0.5381
vn -0.4179 0.2398 -0.8762
vn -0.0451 -0.1264 -0.9910
vn -0.3385 0.5008 -0.7966
vn -0.2466 -0.0124 -0.9690
vn -0.2951 0.5137 0.8056
vn -0.7454 0.3378 0.5746
vn -0.4575 0.3173 0.8307
vn -0.9129 0.4064 -0.0369
vn -0.9137 0.3820 -0.1385
vn -0.0162 0.4013 0.9158
vn 0.4756 0.7501 0.4595
vn -0.6530 0.5239 0.5469
vn -0.9214 0.1678 0.3506
vn -0.0661 -0.8869 -0.4571
vn -0.4158 0.9004 0.1278
vn -0.9011 0.0691 0.4281
vn 0.1653 0.2349 -0.9579
vn -0.2915 0.5676 0.7700
vn 0.2332 0.8606 0.4526
vn -0.9810 0.1888 -0.0453
vn 0.0846 0.8739 -0.4787
vn 0.0823 0.1908 -0.9782
vn -0.3073 0.8751 -0.3739
vn -0.2749 -0.2456 -0.9296
vn 0.1721 0.0253 -0.9848
vn -0.5681 -0.1378 -0.8114
vn -0.5121 0.7585 -0.4029
vn -0.4355 0.2314 -0.8699
vn -0.6388 0.5423 -0.5457
vn -0.3300 0.2771 -0.9024
vn 0.4412 0.2204 0.8700
vn 0.5717 0.7159 0.4008
vn -0.2944 0.6168 0.7300
vn -0.5424 0.4886 0.6834
vn -0.7110 0.5053 0.4891
vn 0.1032 0.9944 -0.0228
vn -0.4252 0.7399 -0.5213
vn -0.7011 0.2950 -0.6492
vn -0.3218 0.5736 0.7533
vn -0.6290 -0.1399 0.7647
vn -0.6222 -0.0508 -0.7812
vn -0.2742 0.5706 0.7741
vn -0.5134 0.1864 0.8377
vn -0.6378 0.6327 -0.4392
vn -0.3072 -0.4118 -0.8579
vn -0.2248 0.6377 0.7368
vn 0.2747 0.3807 0.8830
vn -0.1872 0.1935 -0.9631
vn -0.1881 0.5213 0.8324
vn -0.4386 0.6632 -0.6065
vn -0.6833 0.4981 -0.5338
vn -0.6844 -0.2035 0.7002
vn -0.9884 0.0073 0.1516
vn -0.5628 0.1685 -0.8092
vn -0.8769 0.4445 -0.1829
vn -0.2875 0.5931 0.7520
vn -0.7890 0.4708 0.3948
vn -0.6865 0.5471 -0.4789
vn -0.4805 0.5899 0.6490
vn -0.2918 0.6169 0.7309
vn -0.8385 0.5295 -0.1285
vn -0.3213 -0.0097 0.9469
vn -0.4110 -0.2129 0.8864
vn 0.3299 0.6724 0.6626
vn -0.2666 0.4091 0.8727
vn -0.1334 0.1531 -0.9792
vn -0.2784 0.6159 0.7370
vn -0.2687 0.5972 0.7557
vn -0.9247 -0.0564 0.3766
vn -0.8465 0.3852 0.3676
vn -0.1341 -0.0773 -0.9879
vn -0.7105 0.6774 0.1909
vn -0.9969 0.0735 -0.0274
vn -0.9147 0.0129 -0.4039
vn -0.9182 0.2550 -0.3032
vn -0.2037 -0.2904 0.9350
vn -0.7389 0.5508 -0.3880
vn -0.5583 0.1791 0.8101
vn -0.9070 -0.3449 0.2417
vn -0.7178 -0.3095 0.6237
vn -0.8619 0.4549 -0.2240
vn -0.2347 0.2920 -0.9272
vn -0.1054 0.5412 -0.8343
vn -0.5661 -0.2087 -0.7975
vn -0.9494 0.3065 -0.0687
vn -0.2146 -0.4324 0.8758
vn -0.8603 -0.4790 -0.1745
vn -0.6699 -0.0148 -0.7423
vn -0.4484 0.2049 -0.8700
vn -0.5235 0.5080 -0.6841
vn -0.4333 0.6619 0.6116
vn -0.2729 0.5218 0.8082
vn -0.2298 0.2275 -0.9463
vn -0.4867 0.7475 0.4521
vn -0.5503 0.4301 0.7157
vn -0.8479 -0.1612 0.5051
vn -0.6754 0.4971 -0.5447
vn -0.7695 0.5494 -0.3256
vn -0.4247 0.7063 -0.5665
vn -0.1171 0.2168 -0.9692
vn -0.9846 -0.1355 -0.1108
vn -0.9144 -0.0434 -0.4025
vn -0.8730 0.3957 -0.2851
vn -0.8890 0.3257 -0.3218
vn -0.5525 -0.8070 0.2084
vn -0.5935 0.4106 -0.6922
vn -0.8957 -0.2510 0.3672
vn -0.8295 0.5497 0.0990
vn -0.8874 0.2354 0.3964
vn -0.2964 -0.5589 0.7744
vn -0.7269 -0.5988 0.3362
vn -0.3843 -0.4320 -0.8159
vn -0.2703 0.6081 0.7464
vn -0.7502 -0.0811 -0.6562
vn -0.3732 0.8276 0.4193
vn -0.1428 0.2486 0.9580
vn -0.5652 0.1064 0.8180
vn -0.1534 -0.0536 -0.9867
vn -0.1389 0.2410 -0.9605
vn -0.2660 0.4686 0.8424
vn -0.6856 -0.1749 0.7066
vn -0.8049 0.4264 -0.4126
vn -0.8598 -0.0584 0.5072
vn -0.5855 0.4372 0.6827
vn -0.1597 0.5780 0.8003
vn -0.6974 0.4534 0.5549
vn -0.7675 0.1167 -0.6304
vn -0.4792 -0.8618 0.1663
vn -0.4999 0.5435 -0.6743
vn -0.9564 0.2913 -0.0197
vn -0.9404 0.2015 -0.2738
vn -0.9670 0.2378 0.0916
vn -0.6004 0.6015 -0.5270
vn -0.9322 0.1199 0.3415
vn -0.7915 -0.1638 0.5888
vn -0.1600 -0.2145 -0.9635
vn -0.6912 -0.6278 0.3578
vn -0.9515 -0.3075 0.0024
vn -0.1169 0.1180 -0.9861
vn -0.9905 0.0950 0.0991
vn -0.9815 0.1787 0.0690
vn -0.5568 -0.3121 0.7698
vn -0.8248 0.0267 0.5648
vn -0.9145 0.3914 -0.1021
vn -0.8827 0.4099 -0.2299
vn -0.8394 0.4787 -0.2574
vn -0.3561 0.8102 -0.4657
vn 0.1763 0.1666 0.9701
vn -0.9738 -0.0166 -0.2269
vn -0.9085 -0.0510 0.4147
vn -0.5872 -0.5897 0.5544
vn 0.3585 0.6210 0.6970
vn -0.8841 -0.0108 -0.4671
vn -0.5589 0.5419 -0.6277
vn -0.3481 0.7035 0.6196
vn -0.9392 -0.3309 -0.0920
vn -0.1241 -0.9814 0.1463
vn -0.1055 -0.1930 0.9755
vn -0.7094 0.5740 -0.4089
vn -0.0956 -0.0297 -0.9950
vn -0.7648 -0.0161 0.6441
vn -0.8846 0.0893 0.4576
vn -0.8219 0.5213 0.2296
vn -0.8723 -0.2315 0.4306
vn -0.7552 -0.6052 0.2519
vn -0.8981 0.1138 -0.4248
vn 0.6434 0.7323 0.2231
vn -0.0747 0.1004 0.9921
vn 0.0628 0.1779 -0.9820
vn -0.3420 -0.0420 0.9388
vn -0.0780 0.4479 0.8907
vn -0.9392 0.2940 -0.1772
vn -0.9222 0.3833 0.0520
vn -0.8227 0.4902 -0.2880
vn -0.6124 0.3893 0.6881
vn -0.2583 0.8915 0.3723
vn -0.9316 0.3161 -0.1792
vn -0.9938 0.0600 -0.0936
vn -0.6025 -0.7397 0.2998
vn -0.9533 -0.2552 -0.1614
vn -0.5660 0.5456 -0.6181
vn -0.1943 0.2237 -0.9551
vn -0.9853 0.1265 -0.1149
vn -0.3345 -0.5021 0.7975
vn -0.6520 -0.7300 0.2049
vn -0.9738 0.2225 0.0469
vn -0.6278 0.6191 0.4717
vn -0.9301 0.3489 -0.1150
vn -0.9662 0.0128 0.2575
vn -0.6248 0.6607 -0.4160
vn 0.0558 -0.0312 0.9980
vn -0.0817 0.5790 0.8112
vn -0.8929 0.2763 -0.3556
vn -0.9595 -0.2389 0.1495
vn -0.9275 0.3627 0.0906
vn -0.0692 0.1582 -0.9850
vn -0.7759 0.2997 -0.5552
vn -0.9776 -0.1971 -0.0734
vn -0.9442 0.2958 0.1451
vn -0.0912 0.1634 -0.9823
vn -0.6964 0.6042 -0.3873
vn -0.5558 0.6900 0.4637
vn -0.3372 -0.4164 -0.8443
vn -0.0895 0.1471 -0.9851
vn -0.9098 0.3416 0.2360
vn -0.3249 -0.3059 0.8949
vn -0.9669 -0.0071 -0.2551
vn -0.8053 0.4834 -0.3434
vn -0.2082 0.3374 -0.9181
vn -0.9034 0.2075 -0.3752
vn -0.5890 0.3559 0.7256
vn -0.1913 0.6157 0.7644
vn -0.5534 -0.2864 0.7821
vn -0.2760 0.4533 0.8475
vn -0.0611 0.2284 0.9716
vn -0.6011 -0.4148 0.6831
vn -0.9682 0.2496 0.0174
vn 0.0815 -0.7885 0.6096
vn -0.8786 -0.0028 -0.4775
vn -0.4767 0.4565 -0.7512
vn -0.9774 0.2030 -0.0586
vn -0.8163 -0.4387 0.3758
vn -0.9993 -0.0366 -0.0044
vn -0.8373 -0.2816 -0.4687
vn -0.8898 0.0892 -0.4475
vn -0.9537 0.2899 -0.0797
vn -0.5734 0.5179 -0.6348
vn -0.9042 -0.1935 -0.3808
vn -0.9929 0.0930 0.0738
vn -0.8993 0.1151 -0.4219
vn -0.3242 -0.2282 0.9181
vn 0.5023 -0.2441 0.8295
vn 0.2592 -0.2633 -0.9292
vn -0.7643 -0.4246 0.4854
vn -0.9853 0.1543 -0.0737
vn -0.9087 -0.4099 -0.0793
vn -0.8670 0.0136 0.4982
vn -0.8433 -0.0071 0.5374
vn -0.4805 -0.4036 0.7786
vn 0.3140 0.8131 0.4902
vn -0.5249 0.4776 0.7046
vn -0.8004 -0.5764 0.1644
vn -0.5613 0.5004 -0.6592
vn -0.8021 -0.5244 0.2858
vn -0.2349 0.5161 -0.8237
vn -0.8637 0.2201 -0.4534
vn 0.1984 0.4639 -0.8634
vn 0.0159 -0.1416 -0.9898
vn -0.9506 0.2815 -0.1311
vn -0.4528 0.4290 0.7816
vn -0.6322 -0.7724 0.0614
vn -0.8777 0.3216 0.3552
vn -0.5877 -0.3365 0.7358
vn -0.6149 -0.6464 -0.4517
vn -0.9553 -0.0149 0.2952
vn -0.8726 0.1252 -0.4721
vn -0.1613 -0.4532 0.8767
vn -0.8594 -0.0658 0.5070
vn -0.9473 0.0869 -0.3084
vn -0.8316 -0.0669 0.5513
vn -0.4121 0.8725 -0.2623
vn -0.6539 0.7062 0.2714
vn -0.9764 -0.1409 0.1635
vn -0.8871 -0.3175 0.3352
vn -0.1337 -0.0588 -0.9893
vn -0.0552 0.7395 -0.6709
vn -0.9061 0.4224 -0.0229
vn -0.1498 0.3260 -0.9334
vn -0.6845 -0.0862 0.7239
vn -0.2935 0.6474 -0.7034
vn -0.5522 -0.3186 0.7705
vn -0.8615 -0.4539 0.2275
vn -0.3920 -0.4046 0.8262
vn -0.3528 0.1438 -0.9246
vn -0.7653 -0.3592 0.5342
vn -0.8978 0.2098 -0.3871
vn -0.1792 -0.5970 -0.7820
vn -0.6500 0.4544 0.6091
vn -0.1543 0.2353 -0.9596
vn -0.8984 -0.1635 -0.4076
vn -0.5662 0.3977 -0.7220
vn -0.9708 0.2022 0.1289
vn -0.7117 -0.0208 0.7022
vn -0.9610 0.2713 -0.0538
vn -0.9316 0.2794 -0.2323
vn -0.9461 -0.3216 0.0373
vn -0.9696 -0.1623 0.1829
vn -0.6005 -0.7993 -0.0216
vn -0.6412 -0.2947 -0.7085
vn -0.7004 -0.5204 0.4885
vn -0.8053 0.5307 -0.2643
vn 0.6106 0.7490 0.2572
vn -0.9249 0.1842 0.3325
vn -0.8506 0.3818 -0.3617
vn -0.9460 0.0677 0.3170
vn -0.8901 0.0481 -0.4533
vn -0.7651 -0.4090 -0.4973
vn -0.9358 0.3130 0.1623
vn -0.9567 -0.1532 0.2476
vn 0.4846 0.6760 0.5552
vn -0.6256 0.6006 -0.4979
vn -0.8416 0.1005 -0.5307
vn -0.8660 0.0384 0.4986
vn -0.2854 -0.8088 0.5142
vn -0.8861 -0.0859 0.4555
vn -0.4032 -0.2154 -0.8894
vn -0.1768 0.5882 0.7892
vn -0.7688 0.0795 0.6345
vn -0.4944 0.2460 0.8337
vn -0.9832 0.1827 -0.0010
vn 0.6460 0.7630 0.0241
vn -0.8896 0.2005 0.4104
vn 0.5130 0.6123 0.6016
vn -0.8912 -0.4535 -0.0066
vn -0.0249 -0.2533 -0.9671
vn -0.8842 -0.1447 0.4441
vn -0.7541 0.4163 -0.5080
vn -0.8885 0.0308 0.4578
vn -0.7676 0.2086 -0.6060
vn -0.6205 -0.4396 0.6494
vn -0.0714 -0.4562 0.8870
vn -0.7549 -0.6532 0.0587
vn -0.3448 -0.0913 0.9342
vn -0.6219 0.3002 -0.7233
vn -0.7751 -0.0514 -0.6297
vn -0.9127 0.3898 0.1229
vn -0.8628 -0.0855 0.4982
vn -0.4082 0.4069 -0.8172
vn -0.9260 0.0361 0.3758
vn -0.9697 -0.0526 -0.2387
vn -0.8196 -0.4566 -0.3461
vn -0.6722 0.7156 -0.1898
vn 0.3176 0.8808 0.3511
vn -0.6791 -0.3863 0.6242
vn -0.1188 -0.9003 0.4187
vn -0.5399 -0.6546 0.5291
vn -0.8600 0.4389 0.2605
vn -0.4125 0.7515 0.5149
vn -0.9597 0.2574 -0.1131
vn -0.8683 0.4960 -0.0070
vn 0.4451 0.8861 -0.1293
vn -0.5957 0.5054 -0.6243
vn -0.4052 0.2681 0.8740
vn -0.8136 0.3105 -0.4916
vn 0.0443 -0.8363 0.5465
vn -0.3977 -0.5901 0.7026
vn -0.3019 -0.5435 0.7833
vn -0.6562 -0.2203 0.7217
vn -0.9140 0.0347 0.4042
vn -0.9542 0.2803 -0.1044
vn -0.9169 0.2904 0.2738
vn 0.0564 -0.5026 0.8627
vn -0.1555 -0.0425 0.9869
vn -0.0243 0.0907 -0.9956
vn 0.2526 0.7934 0.5538
vn -0.7871 0.6135 -0.0639
vn -0.8660 -0.2811 -0.4135
vn -0.7993 -0.4450 -0.4039
vn -0.9922 0.0984 -0.0772
vn -0.4124 -0.3538 0.8395
vn -0.7285 0.6500 0.2163
vn -0.9017 0.2478 0.3544
vn -0.8352 0.5287 0.1512
vn -0.3601 0.4479 0.8184
vn -0.5535 0.7253 -0.4094
vn 0.5447 -0.6156 0.5695
vn -0.4821 -0.3779 0.7904
vn 0.3801 -0.1252 0.9164
vn -0.7539 -0.2307 0.6152
vn -0.0963 0.0739 -0.9926
vn -0.7506 -0.1858 0.6340
vn -0.7275 0.0762 0.6819
vn -0.7574 0.4587 -0.4646
vn -0.2684 0.6471 0.7136
vn -0.7006 0.3256 0.6349
vn -0.6742 -0.2307 0.7016
vn -0.7553 0.0775 0.6508
vn -0.6277 0.1132 0.7702
vn -0.9256 0.2157 -0.3110
vn -0.9504 0.2786 0.1384
vn -0.1935 0.0798 0.9779
vn -0.7571 -0.3382 0.5589
vn -0.8773 -0.0664 0.4753
vn -0.5426 0.5367 -0.6462
vn -0.9175 0.2249 0.3281
vn -0.9144 -0.3978 -0.0755
vn -0.2014 -0.3185 0.9263
vn -0.8594 -0.0544 0.5084
vn 0.5815 0.7584 0.2943
vn -0.1466 -0.9831 0.1094
vn -0.2887 -0.7369 0.6112
vn -0.7504 -0.4143 0.5149
vn -0.8202 0.4366 -0.3696
vn -0.5102 0.6230 0.5929
vn -0.9549 -0.1165 -0.2731
vn 0.0513 0.3150 0.9477
vn 0.0728 0.4656 -0.8820
vn -0.3457 0.5033 -0.7920
vn -0.2848 -0.7081 0.6461
vn 0.3421 0.3220 -0.8828
vn -0.8956 -0.0245 0.4442
vn -0.0644 0.1031 -0.9926
vn -0.2044 -0.3406 -0.9177
vn -0.9372 -0.0574 0.3439
vn -0.7983 0.5294 -0.2871
vn -0.7007 -0.7125 -0.0365
vn -0.4505 -0.1786 -0.8748
vn -0.8327 -0.2967 -0.4675
vn -0.9033 0.1825 0.3882
vn 0.3050 -0.5873 0.7497
vn -0.9506 -0.0532 0.3057
vn -0.5280 0.3258 -0.7842
vn 0.0266 -0.9767 0.2132
vn -0.8389 0.3702 -0.3989
vn -0.0349 0.5346 0.8444
vn -0.3383 -0.5395 -0.7710
vn -0.8067 0.4130 0.4228
vn -0.7448 0.4608 -0.4825
vn -0.8443 -0.0637 0.5320
vn -0.1010 0.1881 -0.9769
vn -0.3651 0.5515 -0.7500
vn -0.8019 0.5887 0.1015
vn -0.5247 0.1150 0.8435
vn -0.4548 0.7754 -0.4381
vn -0.6865 -0.1500 -0.7115
vn 0.1843 -0.6196 0.7630
vn -0.2898 -0.6955 -0.6575
vn -0.8225 -0.0027 -0.5687
vn 0.0620 -0.2121 0.9753
vn -0.7453 -0.6470 0.1611
vn 0.1448 -0.0427 0.9885
vn -0.5636 0.4203 -0.7111
vn -0.9590 -0.0290 0.2821
vn -0.5894 0.2627 -0.7640
vn -0.7260 -0.3075 -0.6151
vn 0.6419 0.4225 0.6399
vn -0.1577 0.0471 0.9864
vn -0.2846 -0.3230 -0.9026
vn -0.1708 0.6338 0.7544
vn -0.7662 0.1621 0.6218
vn -0.7274 -0.5611 -0.3951
vn -0.5721 -0.6438 -0.5082
vn -0.3856 -0.4560 -0.8021
vn -0.8495 0.3267 0.4143
vn -0.2675 -0.8945 0.3581
vn -0.2291 0.5063 0.8314
vn 0.4506 -0.5840 0.6752
vn -0.7846 -0.3247 -0.5281
vn -0.9836 -0.0713 -0.1657
vn -0.0592 0.1701 0.9836
vn -0.1533 0.2939 -0.9435
vn -0.1215 0.5333 0.8371
vn -0.5844 -0.1894 0.7890
vn -0.3544 0.1151 0.9280
vn -0.6958 -0.2342 0.6790
vn -0.8521 -0.2823 -0.4408
vn -0.7283 0.3939 -0.5607
vn -0.1450 0.4875 0.8610
vn -0.9968 -0.0507 -0.0614
vn -0.7520 0.4108 -0.5155
vn 0.1359 -0.6191 0.7735
vn -0.3687 -0.2486 -0.8957
vn -0.5667 -0.4891 -0.6631
vn -0.7339 -0.1040 -0.6713
vn -0.9621 0.0184 0.2720
vn -0.9669 0.1958 -0.1637
vn -0.7664 0.3406 -0.5446
vn -0.7538 -0.3967 -0.5238
vn -0.7299 0.4845 0.4823
vn 0.3598 0.5947 -0.7190
vn -0.8547 0.3784 0.3554
vn -0.8396 0.1469 0.5229
vn -0.2254 0.1206 -0.9668
vn -0.9682 0.0083 0.2501
vn -0.8872 -0.1380 0.4402
vn 0.3022 -0.2057 0.9308
vn -0.9840 -0.1353 -0.1156
vn -0.6045 0.3509 0.7152
vn -0.8302 -0.1938 0.5228
vn -0.9134 0.2277 0.3373
vn -0.8251 -0.3476 -0.4454
vn -0.5900 -0.7797 -0.2094
vn -0.0874 0.1762 -0.9805
vn -0.3964 0.0278 -0.9176
vn -0.7231 0.0835 0.6856
vn -0.4091 -0.4238 -0.8081
vn -0.7617 -0.3714 -0.5310
vn -0.1530 -0.5733 0.8050
vn 0.3653 -0.0075 0.9308
vn 0.4849 -0.1990 0.8516
vn -0.8815 -0.1371 0.4518
vn -0.9812 -0.0412 0.1885
vn -0.8976 0.1012 -0.4290
vn -0.3645 0.3417 0.8662
vn -0.8373 0.0340 0.5458
vn -0.6188 -0.4292 0.6579
vn -0.9944 0.0511 0.0920
vn 0.0093 0.9079 0.4191
vn -0.6003 -0.5209 -0.6068
vn -0.6501 0.3879 -0.6534
vn -0.4486 0.2957 0.8434
vn -0.8470 -0.1534 -0.5089
vn -0.4550 -0.0197 -0.8903
vn -0.6035 -0.1298 0.7867
vn -0.1806 0.5952 0.7830
vn -0.9493 0.0459 0.3110
vn -0.9907 -0.1347 -0.0190
vn -0.0564 -0.0225 -0.9982
vn -0.8315 -0.0948 0.5473
vn -0.2376 0.4516 -0.8600
vn 0.0764 -0.8182 -0.5698
vn -0.9699 0.2414 -0.0319
vn -0.3026 0.1997 -0.9320
vn -0.7856 -0.4945 0.3719
vn -0.6970 0.6247 -0.3520
vn -0.3531 -0.1158 -0.9284
vn -0.6906 0.1707 0.7028
vn -0.1278 0.4749 0.8707
vn -0.2941 -0.5465 0.7841
vn -0.8528 0.1491 0.5004
vn -0.9149 0.4030 0.0245
vn -0.5469 0.4053 -0.7326
vn 0.5128 -0.0961 0.8531
vn 0.4413 0.6955 0.5670
vn -0.9425 0.3332 0.0260
vn -0.5627 0.7375 0.3735
vn -0.4802 -0.8503 -0.2154
vn -0.4017 -0.0943 0.9109
vn -0.5961 -0.8027 0.0212
vn -0.4629 0.0180 0.8862
vn -0.5561 0.5335 0.6372
vn -0.9395 0.1265 0.3184
vn -0.9391 0.2787 -0.2009
vn 0.2621 -0.1911 0.9459
vn -0.8662 -0.0441 -0.4977
vn -0.0046 0.1271 -0.9919
vn 0.0503 -0.1685 -0.9844
vn -0.8996 -0.1156 0.4211
vn 0.3012 -0.3042 0.9037
vn -0.3054 0.4402 0.8444
vn 0.2465 -0.3668 0.8971
vn -0.9835 -0.0738 0.1653
vn -0.7779 -0.5953 -0.2014
vn -0.2793 -0.5187 0.8081
vn -0.9943 0.0986 0.0411
vn -0.0148 -0.5038 -0.8637
vn -0.5767 0.6118 -0.5415
vn -0.0990 0.5223 0.8470
vn -0.4283 -0.0955 -0.8986
vn -0.5936 -0.8029 0.0546
vn -0.8847 0.1066 0.4537
vn -0.9741 0.2145 0.0709
vn -0.6605 0.1327 -0.7390
vn -0.7978 0.3509 0.4903
vn -0.3270 -0.4346 -0.8392
vn -0.6194 -0.0948 0.7793
vn -0.1042 0.1622 -0.9812
vn -0.0704 0.0563 -0.9959
vn -0.6066 -0.6474 0.4614
vn -0.9392 0.2981 0.1703
vn -0.7040 -0.4051 0.5833
vn -0.3477 -0.5461 0.7622
vn -0.5933 0.7259 -0.3479
vn -0.9744 0.1076 -0.1975
vn -0.3570 0.6095 0.7078
vn -0.5432 -0.0124 0.8395
vn -0.4677 -0.5604 0.6836
vn 0.5396 -0.3663 -0.7581
vn -0.7871 0.2279 0.5732
vn -0.8150 0.0910 0.5722
vn 0.0106 0.0071 0.9999
vn -0.6010 0.4418 -0.6660
vn 0.3907 -0.4967 0.7750
vn -0.3968 -0.2298 -0.8887
vn -0.7265 0.3498 -0.5915
vn -0.9414 -0.0050 0.3373
vn -0.9413 0.0525 0.3335
vn -0.4666 -0.7597 -0.4529
vn -0.0959 0.5190 0.8494
vn 0.3291 -0.8362 0.4387
vn -0.5227 0.3498 -0.7775
vn -0.8758 -0.3352 0.3473
vn -0.6692 -0.5369 0.5137
vn -0.3194 -0.3542 -0.8789
vn -0.1674 -0.1357 -0.9765
vn 0.9459 -0.1043 0.3073
vn -0.1528 0.5153 0.8433
vn -0.4222 -0.2548 -0.8700
vn -0.6493 -0.1527 0.7451
vn -0.8323 -0.4865 0.2657
vn 0.5038 0.7794 0.3725
vn -0.8671 -0.1241 0.4825
vn -0.6340 0.1231 0.7635
vn -0.2057 -0.5782 0.7895
vn -0.8377 0.0370 0.5449
vn -0.4725 -0.7771 0.4156
vn -0.3335 -0.4695 -0.8175
vn -0.9649 0.2509 -0.0774
vn 0.5036 0.5420 0.6727
vn -0.9269 0.3001 -0.2253
vn -0.6369 0.3054 -0.7078
vn -0.9905 -0.0640 -0.1214
vn -0.4160 -0.7334 0.5376
vn -0.9729 0.2221 -0.0651
vn -0.0596 0.1450 -0.9876
vn -0.7062 -0.6555 -0.2676
vn -0.2514 -0.2122 -0.9443
vn -0.9116 0.1654 -0.3764
vn -0.9824 0.0039 -0.1869
vn -0.4334 -0.6837 0.5871
vn -0.3460 -0.0225 -0.9380
vn -0.6447 -0.1483 0.7499
vn 0.0324 -0.8605 -0.5085
vn -0.3038 -0.1471 -0.9413
vn -0.3235 -0.0477 0.9450
vn -0.9817 -0.1558 -0.1097
vn -0.9935 -0.0993 -0.0551
vn -0.6661 0.2382 -0.7069
vn -0.6693 0.4631 0.5810
vn -0.0486 -0.6093 -0.7915
vn -0.9243 0.3733 0.0794
vn 0.3422 0.9384 0.0492
vn -0.8959 -0.4439 -0.0200
vn 0.0204 0.4319 0.9017
vn -0.5409 -0.1490 0.8278
vn -0.7625 0.3991 0.5093
vn 0.6090 -0.4686 0.6399
vn -0.4167 0.8157 -0.4012
vn -0.0383 -0.0904 -0.9952
vn -0.8856 0.3504 -0.3048
vn 0.1702 -0.6560 0.7353
vn -0.8089 0.1076 0.5780
vn -0.5703 0.4126 0.7103
vn -0.0631 0.1408 -0.9880
vn -0.9672 0.0957 0.2355
vn -0.2097 -0.2794 -0.9370
vn -0.6868 -0.3784 0.6206
vn -0.9930 0.0954 -0.0695
vn -0.8127 0.4747 0.3380
vn -0.6121 -0.5961 -0.5196
vn -0.1249 -0.3710 -0.9202
vn -0.0262 0.7012 0.7125
vn -0.4305 -0.2475 0.8680
vn 0.0204 -0.0883 -0.9959
vn 0.1976 0.1687 0.9657
vn -0.3532 -0.2184 -0.9097
vn -0.5132 0.2881 -0.8085
vn -0.0813 0.5140 0.8539
vn -0.6652 0.5962 -0.4495
vn -0.1885 0.3459 0.9191
vn -0.5841 0.4440 -0.6795
vn -0.4886 -0.4154 0.7672
vn -0.2598 -0.0099 -0.9656
vn 0.1905 -0.6360 -0.7478
vn -0.9797 -0.1944 -0.0493
vn -0.9121 -0.1517 0.3809
vn -0.8642 0.4964 0.0816
vn 0.2321 0.7635 0.6027
vn -0.3222 0.1790 0.9296
vn -0.3036 -0.7509 0.5865
vn -0.2433 0.5870 -0.7722
vn -0.4562 -0.5393 -0.7078
vn -0.8914 0.0561 0.4497
vn -0.5088 -0.1174 0.8528
vn -0.8599 0.0427 0.5087
vn -0.4615 -0.5593 0.6886
vn -0.8529 -0.3389 -0.3972
vn -0.0243 0.4510 0.8922
vn 0.4609 0.0076 -0.8874
vn -0.9520 0.3030 0.0446
vn -0.7365 -0.5648 -0.3723
vn -0.8229 -0.3752 0.4267
vn -0.8836 0.0768 -0.4619
vn -0.4988 0.7970 -0.3406
vn 0.1574 0.6752 0.7206
vn -0.7287 -0.1948 0.6566
vn -0.4850 -0.3036 0.8201
vn -0.6979 -0.5743 -0.4280
vn 0.1056 -0.8975 0.4282
vn -0.9463 -0.1142 0.3026
vn -0.7651 -0.1514 0.6258
vn -0.8660 -0.2321 0.4429
vn 0.0460 -0.4742 -0.8792
vn -0.4891 -0.0751 0.8690
vn -0.0213 -0.7405 0.6717
vn -0.0741 0.5408 0.8379
vn -0.9493 -0.1743 -0.2616
vn -0.7620 -0.6433 -0.0742
vn -0.7820 -0.2993 0.5467
vn -0.9812 -0.1337 -0.1393
vn -0.9228 -0.3600 0.1371
vn -0.4781 -0.4307 0.7655
vn -0.9993 -0.0365 -0.0045
vn -0.9684 -0.1148 0.2212
vn -0.8512 -0.1557 0.5012
vn -0.9050 0.1426 -0.4007
vn -0.8879 0.0328 0.4589
vn -0.2874 -0.4666 0.8365
vn 0.0031 -0.4019 0.9157
vn -0.8659 -0.2835 0.4120
vn -0.9704 0.0589 0.2340
vn -0.9070 0.3903 -0.1583
vn -0.6427 0.1213 0.7565
vn -0.0810 0.1690 -0.9823
vn -0.4243 0.4162 0.8043
vn -0.8782 0.4585 -0.1363
vn -0.0801 -0.5689 -0.8185
vn -0.8346 -0.1491 0.5302
vn -0.6838 -0.1992 0.7019
vn -0.1949 0.0596 -0.9790
vn -0.8395 0.2494 0.4827
vn -0.9501 0.0089 0.3117
vn -0.9451 0.3230 -0.0492
vn -0.9163 -0.1628 0.3659
vn 0.0798 0.4618 0.8834
vn -0.7821 0.2754 0.5590
vn -0.7186 -0.0862 0.6901
vn -0.4898 0.8716 -0.0200
vn -0.2214 0.2590 0.9401
vn 0.0433 -0.1213 -0.9917
vn -0.8773 0.3661 -0.3104
vn -0.9653 -0.2449 -0.0904
vn 0.2454 -0.7243 0.6444
vn -0.0741 -0.7050 -0.7053
vn -0.5766 0.7719 0.2679
vn -0.0461 0.5035 0.8628
vn -0.2915 0.4183 -0.8602
vn -0.1628 -0.6527 0.7399
vn -0.6901 -0.3485 0.6343
vn -0.0026 0.1535 -0.9881
vn -0.1184 -0.0634 -0.9909
vn -0.9260 -0.0826 0.3683
vn 0.0048 -0.3169 -0.9485
vn -0.3981 -0.3113 0.8629
vn -0.5910 0.4585 0.6637
vn 0.3278 0.0960 -0.9399
vn -0.1956 0.2666 0.9438
vn 0.0451 0.4475 0.8932
vn -0.9129 0.4078 -0.0198
vn -0.0448 0.2513 -0.9669
vn -0.4837 0.1291 0.8656
vn -0.1849 -0.1642 -0.9689
vn -0.8443 -0.1976 0.4981
vn -0.7184 0.3510 0.6006
vn -0.2447 -0.2229 -0.9436
vn -0.0298 -0.5438 -0.8387
vn -0.6106 0.3080 0.7296
vn -0.2718 -0.4432 0.8542
vn -0.5895 0.6857 0.4269
vn -0.2059 0.7537 -0.6242
vn -0.9529 0.0658 0.2961
vn -0.7103 -0.1304 0.6917
vn -0.1637 -0.8781 -0.4495
vn -0.6759 0.7368 -0.0175
vn -0.4745 0.6880 0.5490
vn -0.6748 -0.4778 0.5625
vn -0.2542 -0.1368 -0.9574
vn -0.2977 -0.4802 0.8251
vn -0.8615 0.4645 -0.2049
vn -0.7324 0.6780 0.0633
vn -0.8840 -0.2529 0.3932
vn -0.9364 -0.2937 0.1918
vn -0.8161 0.1303 0.5630
vn -0.1895 0.1500 -0.9704
vn 0.0121 0.6938 0.7201
vn 0.0557 -0.4383 0.8971
vn -0.6118 0.5019 0.6115
vn -0.5986 0.1896 0.7783
vn -0.7301 -0.3362 0.5949
vn -0.0770 -0.0945 -0.9925
vn 0.2013 0.9792 -0.0253
vn -0.5823 0.4435 0.6813
vn -0.5877 -0.3665 0.7213
vn -0.8320 -0.4201 -0.3623
vn -0.8943 0.1903 -0.4051
vn -0.7063 -0.3005 -0.6410
vn 0.4458 0.3380 -0.8289
vn 0.6780 0.4260 0.5991
vn 0.0236 0.1338 -0.9907
vn -0.9357 0.3489 0.0529
vn -0.4450 -0.1867 -0.8758
vn -0.9462 -0.1385 0.2925
vn -0.6965 -0.4264 0.5770
vn -0.3773 0.8795 0.2901
vn -0.2000 -0.1540 -0.9676
vn -0.0763 0.4834 0.8721
vn -0.0313 0.2159 -0.9759
vn 0.1437 -0.6213 -0.7702
vn -0.3170 -0.5228 0.7913
vn -0.2054 -0.9549 0.2145
vn 0.2019 -0.5669 0.7986
vn -0.8794 -0.2627 0.3970
vn -0.7641 0.3246 0.5574
vn -0.1979 -0.5385 0.8191
vn -0.9583 0.0945 0.2697
vn -0.0044 0.1617 -0.9868
vn 0.4195 0.2022 -0.8850
vn 0.0266 -0.2829 -0.9588
vn -0.5358 0.5875 0.6065
vn -0.5642 0.5265 0.6360
vn -0.6958 -0.1333 0.7058
vn -0.8342 0.5439 0.0907
vn 0.0499 -0.2697 -0.9616
vn 0.4617 0.5971 0.6560
vn -0.7524 0.5640 0.3402
vn -0.9583 0.2374 0.1589
vn -0.2297 -0.7530 0.6167
vn -0.2857 0.7368 0.6128
vn 0.2846 0.5385 0.7931
vn -0.7528 0.3052 0.5833
vn -0.2245 -0.5166 -0.8263
vn -0.2235 0.4654 0.8564
vn 0.0390 0.2198 0.9748
vn -0.5908 -0.0573 0.8048
vn 0.0807 -0.0450 -0.9957
vn 0.4047 -0.1936 -0.8937
vn -0.2080 -0.7271 0.6543
vn -0.9257 -0.2537 0.2804
vn -0.8796 0.4698 0.0748
vn -0.3287 -0.2889 0.8992
vn -0.3763 0.5609 0.7374
vn 0.1758 0.4345 0.8833
vn -0.5066 0.4752 0.7194
vn 0.2827 0.4338 0.8555
vn -0.1940 0.9760 -0.0986
vn 0.0922 -0.3889 0.9167
vn 0.0160 -0.0731 -0.9972
vn -0.4570 0.5570 0.6935
vn -0.3656 -0.5162 0.7745
vn -0.4299 0.0756 0.8997
vn -0.9642 -0.0196 0.2646
vn 0.0790 0.5033 0.8605
vn -0.9538 0.1289 0.2716
vn -0.4270 0.2441 0.8707
vn -0.6789 -0.4450 0.5841
vn -0.2323 -0.0825 0.9691
vn -0.0264 -0.1177 -0.9927
vn 0.2995 -0.1655 -0.9396
vn -0.5360 0.7243 0.4337
vn -0.8144 0.5765 -0.0670
vn -0.6675 0.4348 0.6045
vn 0.7001 0.0764 -0.7100
vn -0.7710 0.6365 0.0229
vn 0.6183 0.0787 -0.7820
vn -0.6639 0.7291 0.1663
vn -0.3537 0.3269 0.8764
vn 0.0507 0.0137 -0.9986
vn -0.0934 0.9412 -0.3248
vn -0.8918 0.3942 0.2222
vn 0.0057 0.1652 -0.9862
vn -0.5149 -0.0873 0.8528
vn 0.6540 0.0322 -0.7558
vn -0.5584 -0.1564 0.8147
vn 0.8480 -0.0082 -0.5300
vn 0.9888 0.0555 0.1387
vn 0.1712 -0.5238 0.8345
vn -0.1886 -0.1158 0.9752
vn 0.9947 -0.0450 0.0923
vn 0.5989 0.0740 -0.7974
vn 0.6244 -0.2502 -0.7399
vn 0.3374 -0.4211 -0.8419
vn 0.8935 0.4478 -0.0327
vn 0.3826 -0.4762 -0.7917
vn 0.3734 -0.2392 0.8963
vn 0.3953 0.5699 -0.7204
vn 0.4256 0.1051 -0.8988
vn 0.1452 0.5739 0.8060
vn 0.7955 -0.5973 0.1025
vn -0.5560 0.4344 0.7087
vn 0.9874 -0.0047 0.1580
vn -0.3087 -0.4463 -0.8400
vn 0.9828 0.0623 0.1739
vn -0.3909 -0.0789 0.9171
vn -0.8727 -0.2822 0.3985
vn 0.2863 0.7926 0.5383
vn 0.9934 0.0145 -0.1134
vn 0.0801 -0.0407 -0.9960
vn -0.4572 0.2048 0.8655
vn 0.6493 -0.1144 -0.7519
vn -0.6342 0.4801 0.6060
vn -0.4289 0.8431 0.3243
vn 0.3773 -0.0608 -0.9241
vn 0.3796 -0.0941 -0.9203
vn -0.1342 0.8746 -0.4658
vn -0.2977 0.2378 0.9246
vn -0.0838 -0.7377 0.6700
vn -0.7161 0.6825 0.1463
vn -0.9298 0.0154 0.3678
vn 0.9896 0.0053 -0.1440
vn -0.3602 -0.5360 0.7635
vn 0.0433 0.1339 -0.9901
vn -0.4310 0.8295 0.3551
vn -0.1088 0.0063 0.9940
vn 0.5937 0.4679 0.6547
vn -0.2231 0.1816 0.9577
vn 0.9736 -0.2200 -0.0608
vn -0.4777 0.3405 0.8098
vn -0.6833 0.7059 0.1863
vn 0.6134 0.0485 -0.7882
vn 0.0269 -0.3923 -0.9194
vn 0.4772 0.5941 -0.6476
vn 0.6169 -0.1234 -0.7773
vn -0.2381 0.9711 0.0150
vn 0.9968 -0.0167 -0.0787
vn 0.9745 -0.1478 0.1691
vn 0.0580 -0.0326 -0.9978
vn 0.0324 0.1203 -0.9922
vn -0.6152 0.6734 0.4100
vn 0.9951 0.0986 0.0093
vn -0.4984 0.1792 0.8482
vn -0.9536 -0.2772 0.1173
vn -0.8599 0.4458 0.2487
vn -0.2578 0.0321 -0.9657
vn -0.3571 0.3605 0.8617
vn 0.9695 -0.0333 -0.2427
vn 0.9823 -0.0693 -0.1742
vn -0.7454 -0.5632 0.3566
vn -0.4220 0.5642 0.7096
vn -0.1946 -0.0392 0.9801
vn -0.3203 0.1154 0.9403
vn 0.4061 -0.1105 -0.9071
vn -0.3365 -0.2821 0.8984
vn 0.9949 -0.0830 -0.0574
vn -0.1584 -0.7326 -0.6620
vn 0.1613 -0.0118 0.9868
vn 0.4115 0.1610 -0.8971
vn -0.1973 0.3378 0.9203
vn 0.9601 -0.1541 0.2334
vn 0.5915 0.1680 -0.7886
vn -0.1796 -0.8424 0.5080
vn 0.6355 -0.1360 -0.7600
vn 0.6483 -0.1099 -0.7534
vn -0.3323 -0.6215 0.7094
vn -0.8701 -0.2345 0.4336
vn -0.9325 0.2386 0.2712
vn 0.9540 -0.0288 -0.2984
vn 0.0322 -0.1544 -0.9875
vn 0.3324 -0.4674 -0.8192
vn 0.3631 -0.3843 -0.8488
vn 0.9463 -0.0769 -0.3141
vn -0.2090 0.6887 0.6943
vn 0.7068 -0.6245 -0.3323
vn -0.8800 0.4102 0.2396
vn 0.4310 0.6680 0.6067
vn -0.1991 -0.0017 0.9800
vn -0.2974 0.4028 0.8656
vn 0.8926 0.0109 -0.4508
vn 0.1475 -0.2816 0.9481
vn 0.1323 -0.5829 -0.8017
vn 0.9940 -0.0726 -0.0815
vn -0.8007 0.5531 0.2303
vn 0.2177 0.3977 0.8913
vn 0.9953 0.0893 -0.0365
vn 0.3145 -0.1428 -0.9385
vn 0.9415 0.2619 -0.2123
vn -0.0410 0.1552 0.9870
vn 0.0566 0.1718 -0.9835
vn -0.8946 -0.2176 0.3902
vn -0.2066 0.8925 0.4010
vn -0.3224 -0.6226 0.7131
vn 0.9695 -0.2431 -0.0314
vn 0.7105 -0.1451 -0.6886
vn 0.2188 0.9514 0.2166
vn -0.1634 -0.5077 0.8459
vn 0.9991 0.0196 -0.0387
vn -0.2852 0.5701 0.7705
vn 0.9776 -0.1074 -0.1810
vn 0.0065 0.9718 -0.2356
vn 0.3524 0.6582 0.6652
vn -0.0101 -0.2187 -0.9757
vn -0.5330 0.0221 0.8458
vn -0.0228 0.1890 -0.9817
vn 0.9057 -0.0103 -0.4239
vn 0.0734 0.2824 0.9565
vn 0.0259 0.4833 -0.8751
vn 0.0678 0.0560 -0.9961
vn 0.6754 0.2649 -0.6883
vn 0.0492 0.0906 -0.9947
vn 0.8947 -0.0167 -0.4464
vn 0.1458 0.2919 0.9453
vn 0.0407 0.2222 -0.9741
vn -0.4976 0.1548 0.8535
vn -0.1679 -0.2390 0.9564
vn 0.9635 -0.0250 -0.2664
vn 0.9839 0.0726 -0.1632
vn 0.4990 -0.2063 -0.8417
vn 0.4993 0.2879 -0.8172
vn -0.8510 -0.2300 0.4721
vn 0.9406 0.0300 0.3381
vn -0.0997 -0.0126 0.9949
vn 0.8984 -0.0166 -0.4389
vn 0.5738 0.1445 -0.8061
vn -0.1261 0.6657 -0.7355
vn -0.4475 0.1022 0.8884
vn 0.8832 -0.1698 0.4372
vn -0.0218 0.9898 -0.1405
vn 0.6700 -0.1653 -0.7237
vn 0.7000 0.2431 -0.6715
vn 0.3151 -0.3620 -0.8773
vn -0.0665 0.7943 0.6039
vn 0.6265 0.2052 -0.7519
vn 0.0608 -0.1316 -0.9894
vn 0.3352 0.7055 0.6244
vn -0.8038 -0.4388 0.4018
vn 0.9694 -0.1264 -0.2103
vn 0.7941 0.1897 -0.5774
vn 0.9703 0.0878 0.2253
vn 0.8332 -0.0677 -0.5489
vn 0.9996 -0.0250 0.0104
vn -0.5692 0.4276 0.7023
vn -0.9464 -0.1437 0.2892
vn -0.2608 0.9250 0.2765
vn 0.8891 0.0398 -0.4559
vn -0.1203 0.4411 0.8893
vn 0.6975 0.1864 -0.6919
vn 0.3050 -0.4722 -0.8271
vn 0.0333 0.2413 0.9699
vn 0.1681 -0.9823 0.0821
vn 0.9644 -0.0146 -0.2641
vn 0.0011 -0.7805 -0.6251
vn -0.6494 0.7044 0.2866
vn 0.0331 0.3626 0.9313
vn -0.0078 0.7608 0.6489
vn -0.3032 -0.2375 0.9229
vn -0.1622 -0.1873 0.9688
vn 0.5853 0.3889 -0.7115
vn 0.6722 0.3107 -0.6720
vn -0.4319 0.7019 0.5663
vn -0.5012 0.1770 0.8470
vn -0.5562 0.7969 0.2358
vn -0.8481 0.4341 0.3038
vn 0.9755 0.0795 -0.2052
vn 0.8893 0.0855 -0.4492
vn 0.9801 -0.1300 0.1503
vn -0.2042 0.6773 0.7069
vn 0.9891 -0.1448 0.0263
vn 0.6093 -0.2937 -0.7365
vn 0.6639 -0.2451 -0.7065
vn 0.7648 0.3905 0.5124
vn -0.0802 -0.3314 0.9401
vn 0.0517 -0.2319 -0.9714
vn 0.9948 0.0863 0.0542
vn -0.9096 0.2294 0.3464
vn -0.3535 -0.5187 0.7785
vn -0.1126 -0.7308 0.6732
vn 0.1934 -0.8147 0.5467
vn -0.7562 -0.5663 0.3278
vn 0.6542 0.3747 -0.6570
vn -0.7922 -0.5406 0.2830
vn 0.7559 -0.2115 -0.6196
vn 0.4415 0.1277 -0.8881
vn 0.8666 -0.4290 0.2550
vn -0.3775 0.2515 0.8912
vn 0.9816 -0.1177 -0.1502
vn 0.1915 0.4259 -0.8843
vn 0.3345 0.3796 0.8626
vn 0.4291 0.1806 -0.8850
vn 0.1434 -0.3053 -0.9414
vn 0.6048 0.2563 -0.7540
vn -0.9383 -0.1464 0.3133
vn -0.0231 -0.4837 0.8749
vn -0.3604 0.9220 0.1413
vn 0.7991 0.2423 -0.5502
vn 0.4319 0.4430 -0.7856
vn -0.2635 0.3102 0.9134
vn 0.9391 -0.3433 -0.0136
vn 0.2686 -0.0309 -0.9628
vn 0.3023 0.2584 -0.9175
vn 0.9718 -0.2007 -0.1241
vn 0.0728 0.0691 -0.9949
vn -0.0716 0.9974 -0.0097
vn -0.7383 0.5655 0.3676
vn 0.8984 0.1381 -0.4170
vn -0.1903 0.2214 -0.9564
vn 0.5307 0.2180 -0.8190
vn 0.4081 0.3715 -0.8339
vn 0.9850 -0.1597 0.0649
vn 0.0162 0.1448 -0.9893
vn 0.0412 0.9986 0.0318
vn -0.1553 0.9367 0.3137
vn -0.1084 -0.5661 0.8172
vn -0.9266 -0.2331 0.2951
vn 0.6471 0.2331 -0.7259
vn 0.0627 -0.6643 0.7449
vn -0.2501 0.2797 0.9269
vn -0.0156 0.6170 0.7868
vn 0.7079 -0.4604 -0.5356
vn -0.0544 -0.5842 0.8098
vn 0.0216 0.1843 0.9826
vn 0.5906 0.6737 -0.4441
vn 0.0250 0.0276 -0.9993
vn 0.6574 0.5083 -0.5563
vn 0.5437 -0.4958 -0.6771
vn 0.9645 -0.1118 -0.2393
vn 0.7112 0.3364 0.6173
vn 0.7464 0.3069 -0.5905
vn 0.1697 -0.7905 0.5885
vn -0.1887 0.9562 0.2239
vn 0.1764 -0.1585 0.9715
vn -0.9893 -0.0893 0.1152
vn -0.1783 0.6037 0.7770
vn -0.6428 0.6176 0.4532
vn 0.3818 0.6386 0.6682
vn 0.2693 -0.4123 -0.8703
vn 0.8717 -0.4875 0.0498
vn 0.9132 -0.2795 -0.2965
vn -0.9327 0.2061 0.2960
vn 0.6078 -0.5970 -0.5236
vn 0.5718 0.3051 0.7616
vn 0.8987 0.1114 -0.4243
vn 0.1011 0.5455 0.8320
vn 0.0989 -0.2201 -0.9705
vn 0.0313 0.9944 0.1014
vn 0.9265 -0.3710 0.0635
vn 0.4458 0.2510 -0.8593
vn -0.1240 -0.0832 0.9888
vn 0.9851 -0.0561 -0.1626
vn 0.5542 0.5310 -0.6410
vn 0.0372 0.1635 -0.9858
vn -0.3892 0.9096 0.1453
vn -0.8543 0.4357 0.2835
vn -0.9692 -0.2220 0.1061
vn -0.8568 -0.4732 0.2047
vn 0.1156 0.1925 -0.9745
vn -0.1584 0.4220 -0.8926
vn 0.8051 -0.4078 -0.4306
vn 0.9131 -0.4037 0.0577
vn -0.8830 -0.2086 0.4205
vn 0.0309 0.1713 -0.9847
vn 0.9420 -0.2257 -0.2485
vn 0.0042 0.0675 -0.9977
vn 0.0121 -0.1945 0.9808
vn 0.1114 -0.3778 0.9191
vn -0.9147 0.1293 0.3829
vn -0.0616 -0.5006 0.8635
vn -0.5139 0.8432 -0.1579
vn 0.2072 -0.8469 -0.4898
vn -0.5739 -0.1494 -0.8052
vn 0.4615 -0.0957 0.8820
vn -0.7166 0.2574 -0.6482
vn 0.2742 -0.3428 0.8985
vn -0.2212 -0.0066 -0.9752
vn 0.0336 0.0754 -0.9966
vn -0.3576 0.5875 0.7259
vn -0.4608 0.1025 0.8816
vn -0.1593 0.1173 0.9802
vn -0.0971 0.3535 -0.9304
vn 0.0643 -0.0005 0.9979
vn -0.2138 0.0964 -0.9721
vn 0.2005 -0.4306 0.8800
vn -0.2339 -0.0165 -0.9721
vn -0.0325 -0.3978 -0.9169
vn 0.8837 -0.4633 -0.0658
vn -0.0504 0.5591 0.8275
vn 0.2587 -0.0965 -0.9611
vn 0.1772 0.9814 -0.0742
vn -0.5894 -0.1198 0.7989
vn 0.7064 0.3917 -0.5896
vn 0.1678 -0.7887 0.5914
vn -0.7771 0.5052 0.3754
vn -0.9846 -0.1598 0.0713
vn 0.2557 0.4562 -0.8523
vn 0.9058 -0.3675 -0.2109
vn 0.2949 0.7107 -0.6387
vn -0.0607 0.0047 0.9981
vn -0.8130 -0.0981 0.5739
vn 0.6283 0.5625 -0.5375
vn -0.7661 -0.6073 0.2103
vn -0.7735 0.4939 0.3972
vn -0.3202 0.7017 0.6365
vn 0.3942 0.3224 -0.8607
vn 0.0722 0.0153 0.9973
vn 0.1417 -0.6090 -0.7804
vn -0.6482 -0.6157 -0.4482
vn -0.0078 0.1570 0.9876
vn 0.0690 0.0150 0.9975
vn 0.1378 0.9515 0.2750
vn 0.1011 0.0313 -0.9944
vn -0.1345 0.5669 -0.8127
vn 0.0122 -0.1409 -0.9900
vn 0.5243 0.6952 -0.4917
vn -0.1361 0.1334 -0.9817
vn 0.7284 -0.6851 -0.0067
vn -0.3456 0.4399 -0.8289
vn -0.9222 -0.2227 0.3162
vn 0.8450 0.3369 -0.4153
vn 0.2862 -0.9083 -0.3050
vn -0.0302 0.9073 0.4195
vn -0.0217 0.0451 0.9987
vn 0.0391 -0.1961 -0.9798
vn 0.9062 0.1709 -0.3867
vn 0.0625 -0.4999 -0.8638
vn 0.1791 -0.4468 0.8765
vn -0.0003 0.1067 -0.9943
vn 0.0261 0.4321 0.9015
vn -0.9271 -0.1490 0.3440
vn 0.0406 0.4349 -0.8995
vn -0.0391 0.4018 0.9149
vn 0.0722 0.1403 -0.9875
vn -0.1005 -0.2583 0.9608
vn 0.0685 0.7122 0.6986
vn 0.9122 -0.2763 -0.3027
vn 0.0725 -0.0540 -0.9959
vn 0.1050 0.9904 0.0894
vn 0.1454 -0.8200 0.5535
vn 0.0572 0.3870 -0.9203
vn 0.9209 -0.3024 -0.2459
vn -0.0491 -0.2664 0.9626
vn -0.1888 0.6164 0.7645
vn 0.0775 -0.9328 0.3519
vn 0.3024 -0.7151 0.6302
vn 0.0680 0.4875 0.8705
vn -0.7944 0.4518 0.4060
vn 0.1171 0.9710 0.2084
vn -0.3278 0.0013 0.9447
vn -0.9334 -0.2311 0.2744
vn 0.9396 -0.2475 -0.2362
vn 0.3137 0.4933 -0.8113
vn 0.0705 -0.1784 0.9814
vn 0.5676 0.0850 0.8189
vn 0.0827 -0.7455 0.6614
vn 0.8596 0.3111 -0.4053
vn -0.4773 -0.1837 0.8593
vn 0.0683 0.3092 0.9485
vn 0.2540 0.3295 -0.9094
vn -0.9184 -0.0212 0.3951
vn -0.1769 -0.2706 0.9463
vn -0.4823 -0.1195 0.8678
vn 0.2646 -0.6728 0.6909
vn -0.5425 0.7983 0.2616
vn 0.4806 0.2577 -0.8382
vn 0.1903 0.2001 -0.9611
vn 0.6511 0.6227 -0.4340
vn 0.7841 0.4375 -0.4403
vn -0.3837 0.0080 0.9234
vn -0.4525 0.0790 0.8883
vn 0.4275 -0.2358 -0.8727
vn 0.1499 0.4465 -0.8822
vn 0.5217 -0.2662 0.8105
vn 0.9276 -0.2469 -0.2805
vn 0.8444 -0.5017 -0.1879
vn 0.9395 -0.2000 -0.2783
vn 0.5388 -0.3021 -0.7864
vn 0.7446 0.5416 -0.3901
vn -0.0033 0.1242 0.9922
vn 0.0413 0.8441 0.5346
vn 0.1875 -0.3717 0.9092
vn 0.0960 -0.9455 0.3110
vn 0.4395 0.3166 0.8406
vn 0.0489 0.1629 -0.9854
vn 0.0947 0.9865 -0.1336
vn 0.3856 0.0742 0.9197
vn 0.0854 0.7950 0.6005
vn -0.0194 0.1743 -0.9845
vn 0.6983 -0.6943 -0.1742
vn 0.0451 0.5821 -0.8119
vn -0.0331 0.5639 -0.8252
vn 0.3805 0.2207 -0.8981
vn -0.0241 -0.1892 0.9816
vn -0.0795 0.4168 0.9055
vn 0.5030 0.1101 0.8572
vn -0.3064 0.4164 -0.8560
vn -0.4802 -0.4999 0.7208
vn 0.8973 -0.3299 -0.2931
vn 0.2368 -0.3344 0.9122
vn -0.5519 -0.7710 0.3177
vn 0.2962 0.2598 -0.9191
vn -0.1297 0.9830 0.1298
vn 0.2060 0.9217 0.3285
vn -0.4494 0.6512 0.6115
vn -0.0404 0.7237 0.6889
vn 0.2105 0.4886 -0.8467
vn -0.0776 0.0957 0.9924
vn 0.0595 0.7260 -0.6852
vn 0.2486 0.8707 -0.4243
vn 0.9167 0.1521 -0.3695
vn 0.3876 0.1748 -0.9051
vn -0.5529 -0.5465 0.6290
vn 0.1687 0.6486 0.7422
vn -0.3392 0.0128 0.9406
vn 0.1747 -0.5597 0.8101
vn 0.1825 -0.3861 -0.9042
vn -0.1432 -0.0154 0.9896
vn -0.0816 0.6823 0.7265
vn -0.0277 0.0168 -0.9995
vn 0.0234 0.2515 0.9676
vn 0.0490 0.1754 -0.9833
vn 0.2877 -0.3027 0.9086
vn -0.1897 -0.3956 -0.8986
vn 0.1565 0.1760 -0.9719
vn 0.1038 -0.1190 -0.9875
vn 0.5264 -0.4007 0.7499
vn 0.6594 0.0797 0.7476
vn 0.2827 -0.3996 -0.8720
vn 0.3036 0.8335 0.4616
vn -0.6548 0.5890 0.4736
vn -0.0484 0.3248 -0.9446
vn -0.4161 -0.0316 -0.9088
vn -0.4178 0.9073 0.0478
vn 0.3396 0.9314 0.1312
vn 0.0040 0.1281 -0.9918
vn 0.4317 0.8882 0.1574
vn 0.4569 0.8570 -0.2383
vn 0.0741 0.1057 -0.9916
vn 0.6982 0.6141 -0.3679
vn -0.0787 -0.1524 0.9852
vn 0.2774 -0.0044 0.9608
vn 0.2825 0.5658 -0.7746
vn 0.2027 0.8471 0.4913
vn 0.1469 0.7065 -0.6923
vn -0.2289 -0.2749 -0.9338
vn 0.4171 -0.8168 -0.3987
vn 0.0167 0.7128 0.7011
vn -0.6376 -0.4896 0.5947
vn -0.3386 0.3840 -0.8590
vn 0.4150 -0.0077 -0.9098
vn 0.2286 0.3181 -0.9201
vn 0.3435 0.2076 0.9159
vn -0.1227 0.2930 0.9482
vn 0.3511 0.4971 0.7935
vn 0.2362 -0.5986 0.7654
vn 0.2168 0.0613 -0.9743
vn -0.0286 0.6277 0.7779
vn -0.0901 0.4691 0.8785
vn 0.1515 -0.0471 -0.9873
vn 0.3538 0.3191 0.8792
vn -0.1361 0.3968 -0.9078
vn 0.4274 -0.5426 0.7231
vn -0.2502 -0.3468 -0.9040
vn 0.3349 0.2707 0.9025
vn 0.5278 0.3276 -0.7836
vn -0.0849 0.0953 0.9918
vn 0.9036 -0.1024 -0.4159
vn 0.4521 0.3054 -0.8381
vn 0.9066 0.2938 -0.3030
vn -0.5598 -0.7634 0.3224
vn 0.9343 -0.3556 -0.0256
vn -0.1897 -0.2665 -0.9450
vn 0.3282 0.7745 0.5408
vn 0.0813 0.1623 -0.9834
vn -0.2766 0.5068 0.8165
vn 0.4142 0.0670 0.9077
vn -0.1533 0.1513 0.9765
vn 0.2019 0.4514 -0.8692
vn -0.7412 -0.5187 0.4262
vn 0.6512 0.6904 -0.3151
vn -0.2159 0.9724 -0.0888
vn 0.2617 0.3623 0.8946
vn 0.8670 0.3800 -0.3224
vn 0.5217 0.6347 -0.5700
vn -0.2006 -0.2223 -0.9541
vn 0.1136 0.5876 0.8012
vn 0.2711 0.3520 -0.8959
vn 0.7849 -0.5557 -0.2740
vn 0.6523 -0.7435 -0.1472
vn 0.5639 0.6109 0.5558
vn 0.0482 0.9920 0.1169
vn -0.2230 -0.0056 0.9748
vn 0.5321 0.2808 -0.7988
vn 0.6848 0.3194 0.6551
vn 0.3761 0.2500 -0.8922
vn 0.3829 -0.2192 -0.8974
vn 0.8951 -0.2925 -0.3366
vn 0.5506 0.1164 0.8266
vn 0.7968 0.5793 -0.1717
vn 0.2048 -0.1693 -0.9641
vn 0.9480 0.1684 -0.2702
vn 0.3848 0.7603 0.5233
vn 0.6092 0.7307 0.3081
vn 0.6480 -0.0355 0.7608
vn 0.7226 0.4964 0.4810
vn 0.8973 -0.1310 0.4214
vn 0.3278 0.9083 0.2599
vn -0.2586 0.5137 0.8181
vn 0.1207 0.3700 0.9212
vn 0.4761 0.0299 0.8789
vn 0.9230 -0.2487 -0.2936
vn -0.0151 0.0089 -0.9998
vn 0.2017 0.3449 0.9167
vn 0.4491 -0.3697 -0.8134
vn 0.5244 0.3099 -0.7931
vn -0.2613 0.3467 0.9009
vn 0.0943 0.9668 0.2375
vn 0.7670 0.1741 -0.6176
vn 0.0651 -0.0448 -0.9969
vn -0.5884 -0.6358 -0.4995
vn -0.0168 0.2278 -0.9736
vn 0.2314 0.0161 0.9727
vn -0.1497 -0.3383 0.9291
vn 0.3362 -0.1824 -0.9240
vn -0.9871 0.1441 0.0704
vn -0.5751 -0.7740 0.2650
vn 0.9631 -0.0851 0.2555
vn 0.7938 0.4375 0.4225
vn 0.5632 0.3748 -0.7364
vn 0.6938 0.4436 0.5673
vn -0.2908 0.3980 0.8701
vn 0.6383 0.1846 0.7474
vn 0.1600 0.7687 0.6193
vn 0.2916 -0.9346 -0.2035
vn 0.5945 -0.2208 0.7732
vn 0.1534 -0.5038 -0.8501
vn 0.6906 0.6015 0.4015
vn 0.2489 -0.8957 0.3684
vn 0.7714 -0.0367 -0.6353
vn 0.2031 0.4685 -0.8598
vn -0.6047 0.1528 0.7817
vn 0.1066 0.5542 0.8255
vn 0.7138 -0.6220 -0.3217
vn 0.7605 0.5730 -0.3055
vn 0.0833 -0.1824 -0.9797
vn 0.6267 -0.4032 0.6668
vn 0.2640 0.0086 0.9645
vn -0.4480 0.6598 0.6033
vn 0.5285 0.4664 0.7094
vn 0.5579 -0.2640 -0.7868
vn 0.4614 -0.8453 -0.2694
vn -0.4310 0.5786 -0.6924
vn 0.1972 -0.7663 0.6115
vn 0.6453 0.5654 0.5138
vn 0.6809 -0.1130 0.7236
vn -0.3642 -0.2752 0.8897
vn 0.1063 0.3388 -0.9348
vn -0.0727 0.1905 0.9790
vn -0.3424 0.2881 -0.8943
vn -0.3479 0.5114 0.7858
vn 0.6187 -0.2296 0.7513
vn 0.6349 0.7629 -0.1225
vn 0.8003 0.5245 -0.2905
vn 0.9240 0.0971 -0.3699
vn 0.6804 0.1709 -0.7127
vn 0.7200 0.1366 -0.6804
vn -0.1481 0.4015 0.9038
vn 0.0991 -0.0167 0.9949
vn 0.4043 0.0759 0.9115
vn 0.4942 0.3370 -0.8014
vn 0.0826 0.1585 -0.9839
vn 0.0814 0.2956 0.9518
vn -0.0724 0.2683 0.9606
vn -0.0153 0.2927 0.9561
vn 0.0753 0.1725 -0.9821
vn 0.1863 0.8695 0.4574
vn 0.5958 0.2315 -0.7690
vn 0.0314 0.0494 -0.9983
vn 0.2730 0.5737 -0.7722
vn 0.4271 0.4152 -0.8033
vn 0.3240 -0.4231 -0.8462
vn 0.3666 0.8178 0.4437
vn -0.2768 -0.5666 0.7762
vn 0.1288 -0.4930 -0.8605
vn 0.1786 0.2089 -0.9615
vn 0.9486 -0.1886 -0.2542
vn 0.2865 0.9233 0.2560
vn 0.2124 0.3989 -0.8921
vn 0.8536 -0.3737 0.3629
vn 0.9611 -0.2553 -0.1058
vn 0.5003 0.1637 0.8502
vn 0.9027 -0.2755 -0.3304
vn 0.3695 0.7010 0.6100
vn 0.4012 -0.1893 0.8962
vn 0.7651 0.6408 -0.0638
vn 0.8445 0.5265 -0.0981
vn 0.4703 -0.2339 0.8510
vn 0.5352 -0.3842 0.7523
vn -0.1080 0.5090 0.8540
vn 0.8704 -0.3473 -0.3490
vn 0.2786 0.1843 0.9426
vn 0.1937 -0.6296 0.7524
vn 0.3335 -0.8294 0.4482
vn 0.8999 -0.2573 -0.3521
vn 0.4084 0.3072 0.8596
vn 0.7043 -0.4110 0.5788
vn 0.5155 0.6265 0.5845
vn 0.1338 0.7149 0.6863
vn 0.6826 0.4721 0.5579
vn 0.5737 0.6029 -0.5544
vn 0.5371 0.7335 0.4166
vn 0.5629 0.5433 0.6228
vn 0.7585 -0.1734 0.6282
vn 0.3542 -0.0978 -0.9301
vn 0.9696 -0.2341 -0.0706
vn -0.0306 0.4144 -0.9096
vn 0.8738 -0.0650 -0.4820
vn -0.2158 0.9620 0.1675
vn -0.2862 0.5016 0.8164
vn 0.8741 0.3154 0.3694
vn 0.2616 0.4487 -0.8545
vn 0.8380 0.5324 -0.1196
vn 0.9391 -0.1847 -0.2897
vn 0.0965 0.6948 0.7127
vn 0.4571 0.2430 -0.8556
vn -0.2748 0.1518 0.9494
vn 0.6125 -0.7905 -0.0074
vn -0.0525 0.2431 -0.9686
vn 0.4696 0.3695 -0.8018
vn -0.0297 0.3842 -0.9228
vn 0.2593 -0.3376 -0.9049
vn 0.9371 -0.2480 -0.2456
vn 0.0204 0.1272 -0.9917
vn -0.6960 0.7064 0.1286
vn 0.9058 -0.3082 -0.2909
vn 0.3353 -0.1890 0.9230
vn 0.5546 0.6422 0.5292
vn 0.8898 -0.4462 0.0956
vn 0.2926 0.4531 -0.8421
vn -0.1784 0.3816 0.9069
vn 0.9446 -0.1685 -0.2816
vn 0.5211 0.8419 0.1405
vn 0.6476 -0.7013 0.2980
vn -0.3081 0.9498 0.0551
vn 0.3344 -0.3109 0.8897
vn 0.8424 -0.4655 0.2715
vn 0.0738 0.1433 -0.9869
vn 0.3550 0.3205 0.8782
vn 0.5928 -0.0818 -0.8012
vn 0.2309 -0.4348 0.8704
vn 0.2950 0.5941 0.7483
vn 0.0202 -0.1152 -0.9931
vn -0.0908 -0.2006 -0.9754
vn 0.7847 0.5817 -0.2144
vn 0.2167 -0.6325 -0.7436
vn 0.1881 -0.1462 -0.9712
vn 0.5668 0.8136 -0.1294
vn 0.7819 0.3973 0.4803
vn 0.0613 -0.0048 -0.9981
vn -0.5840 -0.4953 -0.6431
vn -0.5500 0.6610 0.5105
vn 0.5315 -0.7697 -0.3535
vn 0.8972 -0.0633 0.4370
vn 0.6634 0.3106 -0.6808
vn 0.0439 -0.8238 -0.5652
vn 0.7000 0.4064 -0.5872
vn 0.6506 -0.7558 0.0746
vn 0.3514 0.5137 0.7827
vn 0.6387 0.1051 0.7623
vn 0.5775 0.1358 -0.8050
vn 0.8298 0.4634 0.3109
vn 0.5778 -0.8036 0.1427
vn 0.5925 0.5835 -0.5554
vn 0.5598 0.0420 -0.8276
vn 0.6335 0.6276 0.4526
vn 0.6954 0.2156 0.6855
vn 0.1768 -0.7200 0.6711
vn 0.4139 0.4019 -0.8168
vn 0.3578 -0.0879 -0.9297
vn -0.0036 0.1185 -0.9929
vn 0.1928 0.8883 -0.4169
vn 0.9124 -0.3036 -0.2746
vn 0.0718 -0.0345 -0.9968
vn 0.7463 -0.5152 -0.4214
vn 0.0568 0.7825 0.6201
vn 0.7972 -0.2191 0.5626
vn 0.5291 -0.3089 0.7903
vn 0.6881 0.3910 0.6113
vn 0.1001 0.4281 0.8982
vn 0.4207 0.2495 -0.8722
vn 0.4112 0.2917 -0.8636
vn 0.4807 0.7950 0.3700
vn 0.9194 -0.2029 -0.3368
vn 0.2166 0.6916 -0.6891
vn 0.7939 -0.3423 0.5025
vn 0.3999 0.3071 0.8636
vn 0.6302 0.2055 0.7488
vn 0.5870 -0.4312 0.6852
vn -0.1148 0.5187 -0.8472
vn 0.4134 0.2081 -0.8865
vn 0.7094 -0.6692 0.2211
vn 0.5537 0.1625 0.8167
vn 0.5182 0.4390 -0.7340
vn 0.6107 -0.1201 -0.7827
vn -0.1648 -0.5105 0.8440
vn 0.7454 0.4507 0.4911
vn 0.0688 0.2338 -0.9698
vn 0.5524 -0.3846 0.7396
vn 0.0565 -0.2536 -0.9657
vn 0.4929 -0.1891 -0.8493
vn 0.5495 0.5622 0.6180
vn -0.1568 0.2877 0.9448
vn 0.8936 0.0706 0.4434
vn 0.3890 0.9111 0.1361
vn 0.3446 0.4476 -0.8252
vn 0.3134 0.8560 0.4111
vn -0.3013 0.3443 0.8892
vn 0.1266 -0.1369 0.9825
vn -0.1087 -0.2962 0.9489
vn 0.8807 -0.2584 -0.3970
vn 0.1416 -0.5969 0.7897
vn 0.5120 -0.1170 0.8510
vn 0.5139 0.5590 0.6508
vn 0.9254 -0.1784 -0.3343
vn 0.3703 0.1958 -0.9080
vn 0.2818 0.2998 -0.9114
vn 0.5845 -0.2629 0.7676
vn 0.1363 0.0554 -0.9891
vn 0.8274 -0.5527 -0.1000
vn 0.1445 0.5899 0.7944
vn 0.0430 -0.1735 -0.9839
vn 0.6148 0.2457 -0.7495
vn 0.0833 0.1718 -0.9816
vn 0.3852 -0.0775 0.9196
vn 0.7101 -0.0881 -0.6986
vn 0.6842 0.3145 -0.6580
vn 0.7346 0.3913 0.5543
vn 0.5746 0.5474 0.6084
vn 0.3903 -0.3983 0.8300
vn -0.6369 -0.1871 0.7479
vn 0.5287 0.4348 -0.7290
vn -0.4708 0.6983 0.5392
vn 0.3100 0.4933 0.8128
vn 0.3316 0.3613 -0.8715
vn 0.5139 0.3242 -0.7942
vn 0.8134 0.4478 -0.3713
vn 0.4244 -0.0034 -0.9055
vn 0.6408 -0.6999 -0.3156
vn 0.2082 -0.5007 0.8402
vn 0.4487 0.0228 0.8934
vn 0.2913 0.3905 -0.8733
vn 0.8027 -0.0469 -0.5946
vn 0.6246 0.2569 0.7375
vn 0.9491 -0.1182 -0.2921
vn 0.5379 -0.3290 0.7762
vn 0.1190 0.1678 -0.9786
vn 0.7653 -0.3465 -0.5424
vn 0.3155 0.4236 -0.8491
vn -0.7132 -0.6554 0.2486
vn 0.9418 0.1498 -0.3009
vn 0.8289 0.1624 -0.5354
vn 0.1553 0.1014 0.9826
vn 0.0758 0.5879 0.8053
vn 0.2117 -0.3903 0.8960
vn 0.6879 0.2526 -0.6805
vn 0.4907 0.1679 -0.8550
vn 0.7346 0.5114 -0.4459
vn -0.0875 0.0821 -0.9928
vn 0.6517 0.6135 0.4460
vn -0.2171 -0.1450 0.9653
vn 0.4127 -0.5954 -0.6893
vn 0.1703 0.4960 0.8515
vn 0.8676 0.4557 -0.1989
vn -0.1230 0.9379 -0.3244
vn 0.0849 0.0599 -0.9946
vn 0.0472 0.5253 0.8496
vn 0.7667 0.6162 0.1804
vn 0.7063 0.2062 -0.6772
vn 0.6056 0.4314 0.6687
vn 0.6868 -0.3556 -0.6340
vn 0.4709 0.1793 -0.8638
vn 0.5988 -0.1094 -0.7934
vn 0.8961 0.3584 -0.2617
vn 0.6397 0.0430 0.7674
vn 0.4152 0.9090 0.0372
vn 0.0786 -0.2531 -0.9642
vn 0.5889 0.3790 -0.7138
vn 0.7371 0.6160 -0.2779
vn 0.1525 0.0450 -0.9873
vn 0.0108 -0.7770 0.6294
vn 0.1976 -0.7501 0.6311
vn -0.4039 0.6614 0.6320
vn 0.5911 -0.7986 -0.1130
vn 0.2132 -0.7703 0.6010
vn 0.7332 0.0679 -0.6766
vn 0.8820 -0.4693 0.0432
vn 0.9722 -0.2315 0.0339
vn 0.4888 0.6735 0.5546
vn 0.5525 0.0300 -0.8330
vn 0.6593 0.3849 -0.6459
vn 0.7405 -0.0355 0.6711
vn 0.8737 -0.2647 0.4081
vn 0.5141 0.6798 0.5231
vn -0.4310 0.8798 0.2005
vn 0.9963 0.0862 0.0008
vn 0.5598 0.0318 -0.8280
vn 0.7063 0.6987 -0.1138
vn -0.3468 0.9009 0.2609
vn 0.9224 -0.1400 0.3599
vn 0.6038 0.3335 -0.7240
vn -0.3289 0.7066 0.6265
vn 0.4200 -0.1527 0.8946
vn 0.6017 0.1573 0.7831
vn 0.7134 0.5130 -0.4774
vn 0.8542 -0.1402 0.5007
vn 0.3865 -0.2318 0.8927
vn 0.1174 0.1693 -0.9785
vn 0.2308 0.4712 0.8513
vn 0.3254 0.1666 0.9308
vn 0.7382 0.5442 -0.3987
vn 0.0411 -0.1450 -0.9886
vn 0.1788 0.0716 -0.9813
vn 0.9303 -0.2608 -0.2579
vn 0.1192 0.5495 0.8270
vn 0.6833 0.1985 0.7026
vn 0.9728 0.0218 0.2304
vn 0.6362 0.1587 0.7550
vn 0.6778 0.4146 -0.6072
vn 0.3379 -0.2807 0.8983
vn 0.6263 -0.6208 -0.4714
vn 0.6045 0.1842 0.7750
vn 0.2080 0.0033 -0.9781
vn 0.1863 -0.4845 0.8547
vn 0.4563 0.2979 -0.8385
vn 0.4473 -0.2122 0.8689
vn 0.8347 0.1904 -0.5168
vn 0.3514 0.4370 -0.8280
vn 0.0991 0.1616 -0.9819
vn 0.4633 -0.4974 -0.7335
vn -0.2227 -0.0148 0.9748
vn 0.0800 0.0365 -0.9961
vn 0.8271 0.0458 0.5602
vn 0.5015 -0.0449 0.8640
vn 0.1468 0.5676 0.8101
vn 0.7324 0.1651 -0.6605
vn 0.3033 0.5016 0.8102
vn 0.2760 -0.2340 0.9322
vn 0.7661 0.3395 -0.5457
vn 0.7852 -0.0016 0.6193
vn 0.5688 0.5343 -0.6253
vn 0.8030 0.5579 0.2095
vn 0.5586 -0.7978 -0.2269
vn 0.1460 -0.3118 0.9389
vn 0.5606 0.0900 0.8232
vn 0.0775 0.8102 0.5810
vn 0.4430 0.7949 0.4146
vn 0.6555 -0.7547 0.0271
vn 0.7597 0.6393 -0.1191
vn 0.6103 0.0356 -0.7913
vn 0.4080 0.3651 -0.8368
vn 0.6157 0.5700 0.5441
vn 0.6065 0.3238 -0.7262
vn 0.3071 0.2962 -0.9044
vn 0.5594 0.4388 -0.7032
vn -0.3287 -0.2144 0.9198
vn -0.3476 -0.1007 0.9322
vn -0.2208 -0.0111 0.9753
vn 0.6868 -0.3134 0.6558
vn 0.7097 0.6482 0.2762
vn 0.8143 -0.1716 -0.5544
vn 0.4107 -0.3383 0.8467
vn 0.1418 -0.7840 0.6044
vn 0.1655 0.5920 0.7887
vn 0.9337 0.2981 -0.1983
vn 0.1591 0.2893 -0.9439
vn 0.0093 0.5302 0.8478
vn 0.3578 0.1872 -0.9148
vn 0.7117 0.5295 0.4616
vn 0.5912 -0.3761 -0.7135
vn 0.7052 0.3808 -0.5981
vn -0.0467 -0.4946 0.8679
vn 0.7733 0.2384 -0.5875
vn -0.3489 0.6469 -0.6781
vn 0.6242 0.0532 0.7795
vn 0.7962 0.3553 -0.4898
vn 0.5111 -0.5170 -0.6866
vn 0.5249 -0.0615 0.8489
vn 0.7075 -0.6684 -0.2294
vn 0.3593 -0.4630 0.8103
vn 0.0831 -0.8380 0.5394
vn 0.8083 0.5191 0.2779
vn 0.9418 -0.2630 -0.2096
vn -0.1827 0.3535 0.9174
vn 0.9872 -0.1113 -0.1140
vn 0.9412 -0.3377 -0.0076
vn 0.7228 -0.5777 0.3793
vn 0.7020 -0.1844 -0.6879
vn 0.1398 0.2341 -0.9621
vn -0.1145 0.6831 0.7213
vn 0.4087 -0.4171 -0.8118
vn 0.0959 0.2729 -0.9573
vn 0.5652 -0.6294 0.5333
vn 0.8587 -0.2606 0.4413
vn 0.6184 0.5133 -0.5951
vn 0.0903 0.2664 -0.9596
vn 0.9020 0.1049 -0.4188
vn 0.3156 -0.6728 -0.6691
vn 0.0671 0.0823 -0.9943
vn 0.4769 0.3212 -0.8181
vn 0.7479 0.6547 0.1096
vn 0.7815 0.2655 -0.5646
vn 0.8991 0.1774 -0.4002
vn 0.6690 -0.7384 -0.0843
vn 0.2285 0.6515 0.7234
vn 0.8867 0.1293 0.4439
vn 0.9944 -0.0907 -0.0535
vn 0.8539 0.0566 -0.5173
vn 0.1891 -0.0667 0.9797
vn 0.0419 0.0020 -0.9991
vn 0.3465 0.3457 -0.8720
vn 0.5115 0.4556 -0.7285
vn 0.7295 0.1768 0.6607
vn 0.9859 0.1572 -0.0579
vn 0.8696 -0.2469 -0.4276
vn 0.4277 -0.9019 0.0605
vn 0.1342 0.3414 0.9303
vn 0.3695 0.4190 0.8294
vn -0.5673 0.6663 0.4840
vn 0.4910 -0.1406 0.8598
vn 0.7444 0.2788 -0.6068
vn 0.8046 0.2817 -0.5227
vn 0.8584 0.5127 0.0197
vn 0.7157 -0.1025 -0.6909
vn 0.0366 -0.2458 -0.9686
vn 0.6298 -0.6792 0.3770
vn 0.9620 0.2335 0.1413
vn 0.7570 -0.6333 -0.1606
vn 0.2711 0.3899 -0.8800
vn 0.6101 -0.3233 0.7234
vn 0.0244 0.1000 -0.9947
vn 0.2470 0.0562 0.9674
vn 0.3218 -0.0575 -0.9451
vn 0.0513 0.2362 -0.9704
vn 0.9105 -0.4132 -0.0169
vn 0.1470 0.2080 -0.9670
vn -0.0349 0.5529 0.8325
vn 0.8197 -0.5666 -0.0841
vn 0.1682 0.6106 0.7739
vn 0.0517 0.0080 -0.9986
vn 0.7966 0.1282 -0.5908
vn 0.3943 -0.4146 -0.8201
vn 0.7250 0.1743 -0.6663
vn 0.2770 0.5741 0.7706
vn 0.6409 0.3170 -0.6992
vn 0.1383 0.5930 0.7932
vn 0.7233 -0.6661 -0.1823
vn 0.7782 0.6280 0.0017
vn 0.5488 0.4900 -0.6773
vn 0.8169 -0.1225 -0.5636
vn 0.5439 -0.1921 0.8169
vn 0.8363 -0.2906 -0.4650
vn 0.7529 0.0696 -0.6545
vn 0.9238 0.2035 -0.3242
vn 0.4829 -0.5106 0.7114
vn -0.0900 -0.0577 -0.9943
vn 0.4964 0.1764 -0.8500
vn 0.4886 0.6118 0.6221
vn 0.8730 0.4556 0.1739
vn 0.9402 0.0222 0.3398
vn 0.5537 -0.3835 0.7392
vn 0.4801 -0.3653 0.7975
vn 0.0130 0.5043 0.8634
vn 0.8825 0.0387 -0.4688
vn 0.7493 0.6546 0.1003
vn 0.7739 0.5102 0.3751
vn 0.0098 -0.3905 -0.9206
vn 0.2333 0.7543 0.6137
vn 0.0883 0.2175 0.9721
vn 0.7977 -0.5996 0.0640
vn 0.8822 -0.2142 0.4193
vn 0.3310 0.2417 0.9121
vn 0.8586 -0.3050 -0.4120
vn 0.3823 -0.8918 0.2419
vn 0.8108 0.3938 -0.4330
vn 0.9300 0.1737 -0.3240
vn 0.9477 -0.3185 -0.0233
vn 0.7519 -0.5597 -0.3484
vn 0.6591 0.1882 0.7281
vn 0.6303 0.3576 -0.6891
vn 0.6468 0.3677 -0.6682
vn 0.8103 0.4494 -0.3761
vn -0.3015 0.6482 0.6993
vn 0.9788 0.1412 -0.1485
vn 0.8994 0.3957 -0.1856
vn 0.8860 0.1845 0.4254
vn 0.0078 -0.8531 -0.5217
vn 0.8186 -0.0752 0.5693
vn 0.3398 -0.8777 -0.3380
vn 0.9657 -0.1385 0.2197
vn 0.8210 -0.4178 0.3890
vn 0.6573 0.5021 0.5619
vn -0.0341 0.4725 0.8807
vn 0.5007 0.5353 -0.6803
vn -0.0687 0.5493 -0.8328
vn 0.9131 0.1676 -0.3718
vn -0.0681 0.1505 0.9863
vn 0.7735 0.4857 0.4071
vn 0.8486 0.4721 -0.2387
vn -0.1142 -0.7910 0.6011
vn -0.2128 -0.0555 0.9755
vn 0.9628 0.1055 0.2489
vn 0.1984 0.2482 0.9482
vn 0.5332 -0.8321 -0.1524
vn 0.6922 -0.6372 0.3389
vn 0.0103 0.3832 0.9236
vn 0.8911 -0.3292 0.3123
vn -0.4732 0.7721 0.4241
vn 0.9750 -0.0840 -0.2059
vn 0.9952 -0.0966 0.0180
vn 0.8924 -0.2969 0.3397
vn 0.9272 0.0301 -0.3735
vn 0.7969 -0.0888 -0.5975
vn -0.4541 0.8133 0.3639
vn 0.9184 0.3812 0.1065
vn 0.9865 0.0707 -0.1479
vn -0.4330 0.7770 0.4568
vn -0.5736 0.6608 0.4841
vn 0.4156 -0.4261 0.8036
vn 0.4272 0.5698 -0.7020
vn 0.9923 -0.1191 -0.0327
vn 0.7761 -0.3611 -0.5170
vn 0.3693 0.5653 0.7376
vn -0.1539 0.2778 -0.9482
vn 0.6561 -0.5516 0.5150
vn 0.8017 0.5886 -0.1039
vn 0.1920 0.1474 -0.9703
vn 0.0673 0.1184 -0.9907
vn -0.0466 0.0726 -0.9963
vn 0.8891 0.0879 -0.4492
vn 0.8267 -0.0280 0.5620
vn -0.4987 0.1535 0.8531
vn 0.7789 -0.5159 0.3566
vn 0.4030 0.2207 0.8882
vn 0.9360 -0.1538 0.3166
vn 0.0088 -0.1228 -0.9924
vn 0.9950 0.0820 0.0579
vn 0.7940 -0.4359 -0.4237
vn 0.0110 0.0426 -0.9990
vn -0.1746 0.5519 -0.8154
vn 0.8411 -0.5391 -0.0433
vn 0.5586 0.8255 -0.0808
vn 0.0740 0.0829 -0.9938
vn 0.9007 -0.2387 -0.3629
vn 0.5992 0.6007 -0.5292
vn 0.1475 0.6461 0.7489
vn 0.7870 0.5344 0.3083
vn 0.6277 0.2319 -0.7431
vn 0.5385 0.6222 -0.5682
vn 0.5445 -0.6530 -0.5264
vn 0.8599 0.1003 0.5006
vn 0.3293 0.6474 0.6874
vn 0.5072 -0.7996 -0.3214
vn -0.0961 0.5908 0.8010
vn 0.2093 0.2108 -0.9549
vn 0.7555 -0.6498 0.0833
vn 0.6595 -0.6031 0.4488
vn 0.6340 -0.5718 0.5206
vn 0.2908 0.6230 0.7261
vn 0.5997 -0.5084 0.6180
vn 0.4443 -0.1596 0.8815
vn 0.6743 -0.7346 -0.0754
vn 0.8966 0.4133 0.1587
vn 0.8161 0.0737 -0.5731
vn 0.1739 0.2178 -0.9604
vn 0.8712 -0.3350 0.3588
vn 0.7172 0.5454 -0.4338
vn 0.8185 0.5340 -0.2118
vn 0.1535 -0.9383 0.3098
vn 0.5757 -0.2447 0.7802
vn 0.8278 0.4629 0.3171
vn 0.5547 0.4566 -0.6955
vn 0.7878 -0.1819 0.5884
vn 0.1632 0.2610 -0.9514
vn 0.4887 -0.3193 0.8119
vn 0.8886 0.4194 0.1856
vn 0.8007 0.1070 -0.5894
vn -0.2077 -0.9400 0.2708
vn 0.3162 0.6295 -0.7098
vn 0.1770 0.2736 -0.9454
vn 0.0885 -0.9901 0.1086
vn 0.3660 0.3455 0.8641
vn 0.1757 0.5927 0.7860
vn 0.7423 0.5497 0.3832
vn 0.5137 0.0460 0.8567
vn 0.8422 0.1417 -0.5201
vn 0.2299 -0.9633 0.1388
vn -0.0619 -0.9433 0.3260
vn -0.1552 -0.9818 0.1093
vn 0.6878 0.3922 -0.6109
vn 0.7739 0.5167 0.3662
vn -0.3078 0.2545 -0.9168
vn 0.1608 0.6527 0.7404
vn 0.6757 -0.4613 0.5750
vn -0.0919 -0.9845 -0.1493
vn 0.6015 -0.7709 0.2095
vn 0.1754 0.5874 0.7901
vn 0.2446 0.4091 -0.8791
vn 0.3844 0.6368 0.6684
vn 0.8784 -0.1368 0.4579
vn 0.1200 -0.7890 0.6026
vn 0.1047 -0.0062 -0.9945
vn 0.7196 -0.4937 0.4883
vn 0.3236 -0.6258 0.7096
vn 0.3546 -0.1498 0.9229
vn 0.5397 -0.5056 0.6731
vn -0.4120 0.7947 0.4457
vn 0.2580 0.7918 -0.5536
vn 0.0245 -0.2064 -0.9782
vn 0.5618 -0.4476 0.6957
vn 0.2222 0.6928 0.6860
vn 0.3117 0.4161 -0.8542
vn 0.8467 0.1319 0.5155
vn 0.7469 -0.0342 0.6641
vn 0.7950 0.6067 0.0043
vn 0.3021 0.8934 0.3326
vn 0.3108 -0.7787 0.5450
vn -0.3575 0.7433 0.5655
vn 0.3559 0.7038 0.6148
vn 0.6317 -0.7732 -0.0555
vn -0.2546 -0.1843 -0.9493
vn 0.5126 0.7159 0.4740
vn 0.6980 -0.7075 -0.1105
vn 0.1529 0.5957 0.7885
vn 0.8094 0.5527 -0.1985
vn 0.1882 -0.7823 0.5938
vn 0.4901 0.4880 -0.7222
vn 0.8040 0.3089 -0.5081
vn 0.7555 0.6147 -0.2268
vn 0.3610 0.5330 0.7653
vn 0.7125 0.6291 -0.3106
vn 0.1949 -0.8573 0.4765
vn 0.3979 0.6184 0.6777
vn 0.1175 0.9429 0.3118
vn 0.4480 -0.7997 -0.3997
vn 0.1831 0.6400 0.7463
vn 0.1868 0.2102 -0.9596
vn 0.8618 0.1415 -0.4871
vn 0.7201 -0.3688 0.5878
vn 0.9105 -0.4098 0.0549
vn 0.8239 0.5588 -0.0946
vn 0.8173 0.5654 0.1109
vn 0.4591 0.2330 -0.8573
vn 0.2158 0.3853 -0.8972
vn 0.1840 0.6132 0.7682
vn 0.2191 0.6940 0.6858
vn 0.8556 -0.2905 0.4284
vn 0.6089 0.3241 -0.7240
vn 0.3200 0.7930 0.5185
vn 0.2463 0.2494 -0.9365
vn 0.8816 0.4720 -0.0040
vn 0.7103 -0.3191 0.6275
vn 0.3406 0.6247 0.7027
vn 0.8639 0.5029 0.0265
vn 0.1879 0.1830 -0.9650
vn 0.5664 -0.7109 0.4169
vn 0.9054 0.4218 0.0480
vn 0.7692 -0.0781 -0.6342
vn 0.8826 0.3911 0.2610
vn 0.4789 0.4185 -0.7717
vn 0.2149 0.6403 0.7375
vn 0.8786 0.2959 -0.3748
vn 0.8351 0.4863 -0.2572
vn 0.4265 0.7602 -0.4902
vn 0.5829 -0.1491 -0.7987
vn 0.9735 0.0071 -0.2285
vn 0.1892 0.5937 0.7821
vn 0.3074 0.5955 -0.7422
vn 0.3552 0.4812 -0.8014
vn 0.7425 -0.3437 0.5750
vn 0.2695 0.1814 -0.9458
vn 0.9027 -0.1808 0.3904
vn 0.9800 0.1467 -0.1345
vn 0.8929 0.4339 -0.1205
vn 0.3204 0.7988 0.5092
vn 0.6108 -0.7165 0.3369
vn 0.9665 0.0815 0.2434
vn 0.6903 -0.6671 0.2800
vn 0.8858 0.1476 -0.4400
vn -0.4524 -0.2263 -0.8626
vn 0.8602 -0.2873 0.4213
vn 0.9412 0.2278 -0.2495
vn -0.7519 0.5974 0.2788
vn 0.5865 0.7294 0.3521
vn 0.1541 0.6602 -0.7351
vn 0.9048 -0.4034 0.1364
vn 0.9342 -0.2643 0.2394
vn 0.9744 0.1625 0.1555
vn 0.8408 -0.4866 -0.2372
vn 0.7262 0.6799 0.1023
vn 0.5889 0.4924 -0.6409
vn 0.6607 -0.7344 0.1550
vn 0.9491 0.3102 -0.0541
vn 0.5859 -0.7300 0.3519
vn 0.1782 -0.0500 -0.9827
vn 0.6429 0.7409 0.1945
vn 0.8444 0.0612 -0.5321
vn 0.9128 -0.0085 -0.4084
vn 0.9034 0.4183 -0.0943
vn 0.8370 -0.4591 0.2977
vn 0.8242 -0.3647 0.4332
vn 0.4532 -0.1816 -0.8727
vn -0.1106 0.8886 -0.4451
vn 0.2923 0.6852 0.6671
vn 0.0927 0.5699 0.8165
vn -0.1291 0.2105 -0.9690
vn 0.5250 -0.6930 0.4941
vn 0.7967 -0.4320 0.4227
vn 0.8485 -0.2914 -0.4418
vn 0.7439 0.5625 -0.3609
vn 0.6018 0.3454 0.7201
vn 0.8328 0.4742 -0.2856
vn 0.6580 0.7181 -0.2267
vn 0.9123 -0.3458 0.2195
vn 0.3456 0.2882 -0.8930
vn 0.0520 0.6746 -0.7363
vn 0.7489 0.5582 0.3571
vn 0.8523 0.2461 -0.4616
vn 0.8823 0.3232 0.3423
vn 0.9436 0.3108 0.1145
vn -0.0000 0.6505 0.7595
vn 0.9346 0.3540 0.0336
vn 0.8628 -0.2655 0.4303
vn 0.9036 -0.0184 -0.4280
vn 0.8652 -0.1677 0.4726
vn 0.9878 0.1558 -0.0065
vn 0.9289 -0.1773 -0.3251
vn 0.2266 0.4398 0.8690
vn 0.5793 -0.6570 0.4825
vn 0.9053 0.3713 0.2063
vn 0.3155 0.3165 -0.8946
vn 0.0747 -0.2431 -0.9671
vn 0.9609 0.1665 -0.2212
vn 0.9565 0.1034 -0.2728
vn 0.7082 -0.7042 -0.0512
vn 0.1981 0.2051 -0.9585
vn 0.8833 0.4651 0.0583
vn 0.4434 0.5194 -0.7305
vn 0.1739 0.0604 -0.9829
vn -0.6061 0.6775 0.4167
vn -0.6633 0.6503 0.3702
vn 0.9116 -0.2658 -0.3135
vn -0.5615 0.2894 -0.7752
vn 0.8224 -0.2497 0.5111
vn 0.8137 0.5399 -0.2153
vn 0.9527 0.1765 -0.2475
vn 0.9421 0.3310 -0.0537
vn 0.2498 -0.8312 0.4967
vn 0.6647 0.6354 0.3930
vn 0.6526 -0.7103 0.2638
vn -0.3209 0.8671 -0.3809
vn 0.8421 -0.5381 -0.0366
vn 0.7752 0.4987 -0.3877
vn 0.4307 0.3919 0.8130
vn 0.6003 0.5857 -0.5446
vn 0.8895 0.3802 0.2535
vn 0.2847 0.0339 -0.9580
vn 0.7889 0.3846 -0.4794
vn -0.3773 -0.1542 -0.9132
vn 0.2584 0.5459 0.7970
vn 0.8320 -0.5390 -0.1314
vn 0.9594 0.2776 0.0501
vn -0.3805 0.8000 -0.4639
vn 0.7597 0.6151 -0.2110
vn 0.9127 -0.2073 0.3522
vn 0.8460 -0.4623 0.2656
vn 0.7565 0.6453 -0.1069
vn 0.9873 0.1061 -0.1184
vn 0.9786 -0.1430 0.1478
vn 0.2946 0.7598 0.5797
vn 0.3209 0.2037 -0.9250
vn 0.9531 0.1179 -0.2788
vn 0.1341 0.7148 0.6864
vn 0.4141 0.1630 0.8955
vn 0.9398 0.3358 0.0631
vn 0.9305 0.1224 0.3452
vn 0.9710 0.1423 -0.1921
vn 0.8849 -0.3534 0.3035
vn 0.5169 0.8080 0.2827
vn -0.2509 0.7174 -0.6499
vn 0.8084 0.5884 -0.0148
vn 0.5718 0.8203 0.0089
vn 0.3277 -0.5825 0.7438
vn -0.6633 0.6080 0.4363
vn 0.9647 -0.2631 0.0086
vn 0.0817 -0.2076 -0.9748
vn 0.8819 -0.4337 0.1851
vn 0.9485 -0.1769 -0.2628
vn 0.9625 -0.1645 0.2158
vn 0.8698 0.4928 -0.0236
vn 0.8945 0.3528 0.2748
vn 0.1553 0.7876 0.5963
vn -0.8595 0.4626 0.2173
vn 0.9803 0.1551 -0.1219
vn 0.0833 -0.0369 -0.9958
vn -0.0523 0.6617 0.7479
vn -0.7030 0.1917 -0.6849
vn -0.4677 0.2859 -0.8364
vn 0.9667 0.1732 0.1886
vn -0.6083 0.6457 0.4616
vn 0.1850 0.8300 0.5262
vn 0.9227 -0.3749 0.0897
vn -0.5249 0.4723 0.7081
vn 0.5609 0.6776 0.4757
vn 0.4117 0.9112 -0.0133
vn -0.0049 0.5103 -0.8600
vn -0.2442 0.9442 -0.2211
vn -0.1365 0.0737 -0.9879
vn 0.8543 0.3490 -0.3852
vn 0.0326 0.6423 0.7657
vn 0.2277 0.0341 -0.9731
vn 0.8414 0.5332 0.0883
vn -0.2495 0.7030 0.6660
vn 0.0778 0.8514 0.5187
vn -0.2826 0.7500 0.5980
vn 0.0692 0.8525 0.5181
vn 0.3064 -0.9028 0.3019
vn -0.6550 0.1198 -0.7461
vn -0.3595 0.2355 -0.9030
vn 0.2168 -0.1004 -0.9710
vn 0.7688 0.1795 0.6138
vn 0.0725 0.8328 0.5488
vn -0.8020 0.4775 0.3589
vn 0.6740 0.2696 0.6878
vn -0.7574 0.4393 0.4831
vn 0.2997 0.1375 -0.9441
vn -0.6693 0.5633 0.4845
vn -0.8314 0.4708 0.2951
vn -0.4437 0.1490 -0.8837
vn -0.3471 0.0983 -0.9327
vn 0.0223 0.3378 -0.9410
vn -0.2378 -0.0578 -0.9696
vn 0.7399 0.2787 0.6122
vn -0.5796 0.7402 0.3408
vn -0.7029 -0.0073 -0.7113
vn -0.4695 0.4293 0.7715
vn 0.3290 0.9142 -0.2367
vn -0.6784 0.6368 0.3665
vn -0.3245 -0.0316 -0.9454
vn -0.2986 0.9093 0.2897
vn -0.7789 0.5595 0.2833
vn 0.4830 -0.7386 0.4704
vn 0.5928 0.4705 -0.6536
vn -0.1171 0.1773 -0.9772
vn -0.7657 0.4731 0.4357
vn -0.3030 0.7234 0.6204
vn -0.3536 -0.1264 -0.9268
vn -0.0448 0.5746 0.8172
vn -0.2472 -0.0238 -0.9687
vn 0.3536 0.6607 -0.6622
vn 0.7875 -0.3410 0.5134
vn -0.4293 0.8924 -0.1392
vn -0.1555 0.8912 0.4261
vn -0.8920 0.2312 0.3885
vn 0.6535 0.2097 0.7273
vn 0.7586 -0.1667 0.6298
vn 0.7118 0.4855 -0.5077
vn 0.3718 0.5210 -0.7684
vn 0.4183 0.4000 0.8155
vn 0.8490 0.1786 0.4973
vn -0.8274 0.5284 0.1902
vn -0.8218 0.3895 0.4158
vn -0.7930 0.5791 0.1892
vn 0.0888 -0.9623 0.2572
vn -0.7833 0.4622 0.4158
vn 0.3121 0.6788 -0.6646
vn -0.1226 -0.7943 -0.5950
vn 0.3019 0.3677 0.8796
vn 0.0295 -0.2162 0.9759
vn -0.4806 0.8728 -0.0851
vn -0.2882 0.3940 0.8728
vn 0.2701 0.5280 0.8052
vn 0.5859 0.4951 -0.6415
vn -0.2633 -0.4267 0.8652
vn 0.6591 0.5056 0.5568
vn 0.0556 0.6489 0.7589
vn 0.1298 0.2381 -0.9625
vn 0.6955 0.3804 0.6095
vn -0.2046 0.3594 0.9105
vn 0.7598 0.6111 -0.2219
vn 0.6029 0.2656 -0.7523
vn 0.1383 -0.9237 0.3574
vn -0.0262 -0.1938 0.9807
vn 0.1102 0.9841 -0.1389
vn 0.4177 0.5039 -0.7561
vn 0.4728 0.6120 0.6339
vn 0.6175 0.4213 0.6642
vn 0.3074 0.2763 -0.9106
vn 0.1373 -0.0160 0.9904
vn -0.0935 0.3701 0.9243
vn -0.2461 0.5438 0.8023
vn 0.3383 0.6456 0.6847
vn 0.0682 0.3805 0.9223
vn 0.4006 0.2820 0.8718
vn -0.0876 -0.0010 0.9962
vn -0.0363 0.8557 0.5162
vn 0.9802 0.1612 0.1151
vn 0.6576 0.7503 0.0682
vn 0.1825 0.4173 0.8903
vn 0.2585 0.6319 0.7307
vn 0.9708 0.2153 -0.1055
vn -0.0331 -0.4913 -0.8704
vn 0.3464 0.2397 0.9069
vn -0.1337 0.0816 -0.9877
vn 0.6817 0.0478 -0.7301
vn 0.3407 0.0734 -0.9373
vn 0.8905 0.4048 -0.2075
vn -0.0378 0.4601 0.8871
vn 0.2259 0.2251 0.9478
vn 0.5592 0.4616 0.6886
vn -0.1340 0.9741 0.1822
vn 0.3818 0.3607 0.8510
vn 0.5148 0.1741 0.8394
vn 0.4441 0.5483 0.7086
vn 0.6938 0.4303 -0.5775
vn 0.1763 0.9842 0.0174
vn 0.1922 -0.9471 0.2570
vn -0.0038 0.5601 0.8284
vn 0.9233 -0.0791 0.3758
vn -0.1378 0.4435 -0.8856
vn -0.0917 0.4395 -0.8935
vn 0.3901 0.8196 0.4197
vn -0.0252 0.6172 0.7864
vn 0.4125 0.3844 0.8259
vn 0.1357 0.0322 -0.9902
vn 0.3106 -0.0533 0.9490
vn 0.1828 0.6291 -0.7555
vn -0.4429 0.2830 0.8507
vn 0.3064 -0.7555 -0.5791
vn 0.7973 0.1019 0.5949
vn 0.1586 0.4725 0.8669
vn 0.7064 -0.5175 0.4829
vn 0.9630 -0.0089 0.2695
vn 0.2840 0.8485 0.4466
vn 0.0996 0.3875 0.9165
vn 0.1673 -0.0216 0.9857
vn -0.0770 0.3466 -0.9348
vn 0.7897 0.0406 0.6121
vn 0.3186 0.0777 -0.9447
vn 0.1789 0.6497 0.7388
vn 0.4641 0.3746 -0.8027
vn 0.1044 -0.0203 0.9943
vn 0.4068 0.2563 0.8768
vn 0.1344 0.9846 -0.1119
vn 0.4621 0.8864 -0.0279
vn 0.3938 0.1930 0.8987
vn 0.5286 0.8365 0.1446
vn 0.0168 0.4731 0.8808
vn 0.8994 0.4258 0.0988
vn 0.4647 0.5802 0.6689
vn -0.5707 0.2551 0.7805
vn 0.4687 0.1761 -0.8656
vn 0.9102 0.2893 0.2964
vn 0.6209 0.7340 -0.2752
vn -0.0184 -0.7402 0.6721
vn 0.2705 -0.0172 0.9626
vn 0.0031 0.3584 -0.9336
vn 0.7715 0.3084 -0.5565
vn -0.9050 0.0571 0.4215
vn 0.1757 0.8870 0.4271
vn 0.1347 0.3524 0.9261
vn -0.8699 0.1323 0.4751
vn 0.9165 0.4000 0.0045
vn 0.9790 0.0894 0.1831
vn 0.1441 0.1719 0.9745
vn -0.0972 0.6070 0.7887
vn 0.2919 0.1256 -0.9482
vn 0.6265 -0.4615 -0.6282
vn -0.8979 0.1060 0.4272
vn -0.0350 -0.0333 -0.9988
vn 0.4430 0.4145 -0.7950
vn 0.7662 0.6295 0.1293
vn 0.2466 0.7535 0.6094
vn 0.6555 0.4163 0.6301
vn 0.4866 0.2085 -0.8483
vn 0.5040 0.0007 -0.8637
vn 0.7154 0.6198 0.3226
vn 0.0365 0.9632 -0.2665
vn 0.9766 0.1300 0.1711
vn 0.6752 0.5130 -0.5300
vn -0.3148 0.3286 0.8904
vn 0.6542 0.2938 0.6970
vn 0.0872 0.8657 -0.4929
vn 0.7513 0.3840 0.5368
vn 0.6152 -0.4846 0.6218
vn -0.8954 0.0600 0.4412
vn 0.7366 0.3682 0.5673
vn 0.6244 0.7794 -0.0515
vn 0.9414 0.2376 0.2393
vn 0.6939 0.5303 0.4871
vn 0.8038 0.5025 -0.3185
vn 0.8194 0.2144 0.5317
vn 0.8260 0.1581 0.5410
vn 0.9483 0.1255 0.2917
vn 0.7723 0.4737 0.4233
vn -0.0363 -0.1588 -0.9867
vn 0.7462 0.5679 0.3474
vn -0.0831 0.6903 0.7188
vn -0.6625 0.1340 0.7370
vn 0.5357 0.1619 -0.8287
vn 0.8070 0.5033 0.3090
vn 0.2822 0.8674 0.4098
vn 0.4499 0.5317 0.7176
vn 0.2698 0.1770 -0.9465
vn 0.3918 0.7063 0.5896
vn -0.6731 0.0919 0.7338
vn 0.1791 -0.8709 -0.4576
vn 0.8849 0.4213 -0.1988
vn -0.6685 0.1036 0.7364
vn -0.0045 0.7157 -0.6984
vn 0.8115 0.0938 0.5767
vn 0.4800 -0.7914 0.3786
vn -0.5267 0.0496 0.8486
vn 0.8465 0.0687 0.5279
vn 0.7384 0.4723 0.4813
vn -0.6563 -0.0463 0.7531
vn -0.2119 -0.4362 -0.8745
vn 0.4186 0.2230 -0.8803
vn -0.0737 -0.7766 -0.6257
vn -0.2243 -0.1053 -0.9688
vn -0.5429 -0.2488 -0.8021
vn 0.9112 0.3824 0.1535
vn 0.6175 0.0201 0.7863
vn 0.0516 0.0395 -0.9979
vn 0.4048 0.3324 0.8518
vn 0.2134 0.1682 -0.9624
vn 0.8107 0.5778 0.0941
vn 0.6202 0.6774 0.3956
vn 0.7285 0.3744 -0.5737
vn 0.4118 0.4123 -0.8127
vn -0.7506 -0.0438 0.6593
vn 0.7017 0.7119 0.0278
vn 0.3763 -0.4199 0.8259
vn 0.0837 0.5079 0.8574
vn 0.4532 0.4144 0.7892
vn 0.7233 0.4004 0.5626
vn 0.0446 0.1487 0.9879
vn 0.7851 0.6137 0.0841
vn 0.3088 0.0376 -0.9504
vn 0.4865 0.8670 0.1072
vn -0.4999 -0.1969 -0.8434
vn 0.2404 0.3632 -0.9002
vn 0.9013 0.4332 0.0018
vn 0.2304 -0.3420 -0.9110
vn 0.8122 0.5195 -0.2655
vn 0.7911 0.6062 0.0817
vn -0.2836 -0.0495 -0.9577
vn 0.5415 0.6421 0.5426
vn 0.6760 0.4197 0.6057
vn 0.9290 0.3497 0.1215
vn 0.4695 0.3656 0.8037
vn 0.7583 0.3946 0.5189
vn -0.3919 -0.5193 0.7594
vn -0.1082 -0.0597 -0.9923
vn 0.6459 0.7570 0.0993
vn 0.2722 0.0622 0.9602
vn 0.9603 0.0663 0.2711
vn 0.1810 -0.0378 0.9828
vn 0.5929 0.4934 -0.6365
vn 0.8348 0.5099 0.2076
vn -0.2060 -0.1203 -0.9711
vn 0.9352 0.2609 -0.2396
vn 0.5614 0.7207 0.4068
vn -0.4844 -0.1904 -0.8539
vn 0.6093 0.1780 0.7727
vn 0.5977 0.7962 0.0934
vn -0.1259 -0.0872 -0.9882
vn 0.7525 0.0733 0.6545
vn 0.2159 -0.5084 -0.8336
vn 0.7284 0.6283 -0.2733
vn 0.6776 0.6805 0.2788
vn 0.3739 -0.9031 0.2113
vn 0.2034 0.8452 -0.4942
vn 0.6359 0.7710 0.0359
vn 0.5544 -0.0484 0.8309
vn 0.6932 0.3064 -0.6524
vn 0.5657 0.7960 0.2153
vn 0.1626 -0.9542 -0.2512
vn 0.7573 0.4486 -0.4746
vn 0.3000 0.0442 -0.9529
vn 0.5620 0.5865 -0.5833
vn -0.3969 -0.2447 -0.8847
vn 0.5337 0.1730 0.8278
vn 0.3583 0.3815 0.8521
vn 0.8028 0.0704 0.5921
vn 0.5430 0.4477 -0.7104
vn 0.6085 0.3308 -0.7213
vn 0.6627 0.2521 0.7051
vn 0.6695 0.1703 0.7230
vn -0.0449 0.1549 -0.9869
vn 0.4522 0.3809 -0.8065
vn 0.6808 0.4943 0.5406
vn 0.7649 0.5158 -0.3859
vn 0.6351 0.4285 0.6427
vn 0.8485 0.2540 0.4643
vn 0.8811 0.3452 0.3232
vn 0.5552 0.7182 0.4194
vn 0.3375 0.6301 -0.6993
vn 0.7280 0.4201 -0.5417
vn 0.3044 0.2602 0.9163
vn 0.3485 -0.9356 0.0573
vn 0.8684 0.4889 0.0827
vn 0.6059 0.5956 0.5273
vn 0.8421 0.2267 0.4893
vn 0.1891 0.3436 -0.9199
vn 0.6387 0.6644 -0.3880
vn 0.6352 0.3769 0.6741
vn 0.7689 0.5872 -0.2532
vn 0.6009 0.5025 0.6216
vn 0.4064 -0.6978 -0.5898
vn 0.9318 0.0732 0.3554
vn 0.8881 -0.0715 0.4540
vn 0.2655 -0.9630 -0.0469
vn 0.7754 -0.0959 0.6242
vn 0.5190 -0.2676 -0.8118
vn 0.6160 -0.7500 0.2409
vn 0.7444 0.0239 0.6673
vn 0.6975 0.1862 -0.6920
vn 0.6913 0.5765 0.4357
vn 0.9721 0.1620 0.1696
vn 0.7101 0.5109 0.4846
vn 0.7876 0.6158 0.0218
vn 0.8525 0.1375 0.5044
vn 0.5587 0.4643 0.6873
vn 0.8499 0.1702 0.4987
vn 0.8502 0.0309 0.5255
vn 0.1926 0.1280 0.9729
vn 0.6536 -0.7441 -0.1382
vn 0.8184 0.4473 -0.3607
vn 0.9261 0.2010 0.3192
vn 0.8651 0.3810 -0.3263
vn 0.8576 0.3216 0.4013
vn 0.6732 0.6834 -0.2826
vn 0.5163 -0.0524 0.8548
vn 0.6880 -0.3388 0.6417
vn 0.9689 -0.0719 -0.2367
vn 0.2729 0.0635 0.9600
vn 0.9580 0.2852 0.0310
vn 0.8085 0.5744 -0.1282
vn 0.1817 0.1263 -0.9752
vn 0.9574 -0.2880 0.0195
vn 0.6217 -0.7819 0.0460
vn 0.6322 0.3419 0.6953
vn 0.7173 0.2726 0.6412
vn 0.8680 0.0209 0.4961
vn 0.8317 0.3110 -0.4600
vn 0.8831 0.3940 -0.2547
vn 0.7082 0.2657 0.6541
vn 0.7594 0.4937 -0.4237
vn 0.9814 0.0833 0.1728
vn 0.7563 -0.0405 0.6529
vn 0.8503 0.2752 -0.4487
vn 0.7237 0.2768 0.6322
vn 0.5747 -0.4040 -0.7117
vn 0.7502 0.3268 0.5749
vn 0.9441 0.2175 0.2478
vn 0.8123 0.5697 -0.1246
vn 0.6486 0.2241 0.7274
vn 0.9760 0.1872 0.1109
vn 0.8412 0.3299 0.4283
vn 0.8523 0.2896 -0.4355
vn 0.8084 -0.0896 0.5818
vn 0.7900 0.3870 -0.4756
vn 0.8180 0.2695 0.5082
vn 0.7523 0.3268 -0.5721
vn 0.8212 -0.5703 0.0196
vn 0.7131 0.2116 0.6684
vn 0.8046 -0.1523 -0.5739
vn 0.6827 0.2999 -0.6663
vn 0.8147 0.4446 -0.3723
vn 0.8464 0.2577 -0.4660
vn 0.8353 -0.3242 0.4440
vn 0.9887 0.1463 -0.0321
vn 0.8135 0.2361 -0.5314
vn 0.7895 0.3162 0.5261
vn 0.9159 0.1255 0.3813
vn 0.6743 0.1567 0.7216
vn 0.7932 0.2425 -0.5586
vn 0.8558 -0.4803 -0.1923
vn 0.8399 0.3339 0.4279
vn 0.9848 -0.1116 0.1332
vn 0.7116 0.2772 0.6456
vn 0.9816 -0.1339 -0.1363
vn 0.7028 0.1593 0.6933
vn 0.9646 -0.0756 0.2526
vn 0.3167 0.0865 0.9446
vn 0.5518 0.2393 -0.7989
vn 0.8829 -0.3262 0.3378
vn 0.9652 -0.2590 0.0374
vn 0.7030 0.2829 -0.6526
vn 0.8117 0.3054 -0.4978
vn 0.9270 -0.0969 0.3623
vn 0.9455 -0.2907 -0.1469
vn 0.9569 0.0242 0.2895
vn 0.7570 -0.1829 -0.6273
vn 0.7791 -0.3000 -0.5504
vn 0.8964 -0.4307 0.1048
s 1
usemtl none
f 1//1 3//3 2//2
f 3//3 6//6 2//2
f 5//5 6//6 3//3
f 2//2 6//6 8//8
f 1//1 2//2 7//7
f 7//7 2//2 8//8
f 5//5 9//9 11//11
f 5//5 10//10 6//6
f 4//4 16//16 1//1
f 1//1 16//16 3//3
f 5//5 11//11 15//15
f 4//4 13//13 22//22
f 9//9 12//12 15//15
f 8//8 6//6 21//21
f 9//9 15//15 11//11
f 7//7 8//8 21//21
f 5//5 15//15 10//10
f 4//4 18//18 16//16
f 1//1 7//7 17//17
f 14//14 12//12 9//9
f 4//4 22//22 18//18
f 1//1 17//17 4//4
f 13//13 20//20 22//22
f 14//14 9//9 23//23
f 5//5 3//3 9//9
f 17//17 24//24 4//4
f 6//6 10//10 26//26
f 10//10 19//19 26//26
f 18//18 25//25 16//16
f 22//22 25//25 18//18
f 14//14 23//23 27//27
f 10//10 15//15 31//31
f 14//14 27//27 12//12
f 20//20 28//28 22//22
f 6//6 26//26 21//21
f 12//12 31//31 15//15
f 13//13 29//29 20//20
f 12//12 27//27 34//34
f 13//13 37//37 29//29
f 4//4 24//24 13//13
f 12//12 34//34 36//36
f 20//20 29//29 28//28
f 7//7 21//21 17//17
f 13//13 24//24 37//37
f 33//33 32//32 35//35
f 22//22 30//30 25//25
f 27//27 23//23 34//34
f 9//9 3//3 23//23
f 32//32 39//39 35//35
f 33//33 34//34 32//32
f 23//23 32//32 34//34
f 3//3 16//16 23//23
f 17//17 21//21 26//26
f 10//10 31//31 46//46
f 22//22 41//41 30//30
f 38//38 32//32 23//23
f 16//16 25//25 40//40
f 32//32 38//38 39//39
f 33//33 36//36 34//34
f 35//35 42//42 33//33
f 37//37 51//51 29//29
f 37//37 24//24 43//43
f 28//28 41//41 22//22
f 12//12 36//36 45//45
f 12//12 50//50 46//46
f 12//12 46//46 31//31
f 10//10 46//46 19//19
f 28//28 29//29 51//51
f 36//36 33//33 45//45
f 38//38 44//44 39//39
f 39//39 49//49 35//35
f 39//39 44//44 49//49
f 38//38 23//23 56//56
f 30//30 41//41 53//53
f 28//28 51//51 52//52
f 25//25 48//48 40//40
f 25//25 30//30 48//48
f 19//19 46//46 55//55
f 26//26 65//65 17//17
f 38//38 56//56 44//44
f 24//24 54//54 43//43
f 12//12 45//45 58//58
f 12//12 58//58 50//50
f 17//17 65//65 47//47
f 50//50 55//55 46//46
f 26//26 19//19 65//65
f 33//33 58//58 45//45
f 33//33 42//42 57//57
f 23//23 16//16 163//163
f 33//33 57//57 58//58
f 37//37 62//62 51//51
f 17//17 47//47 24//24
f 35//35 49//49 77//77
f 44//44 56//56 59//59
f 43//43 54//54 37//37
f 42//42 35//35 61//61
f 24//24 47//47 54//54
f 48//48 67//67 40//40
f 42//42 61//61 57//57
f 44//44 68//68 49//49
f 30//30 53//53 69//69
f 50//50 58//58 110//110
f 28//28 111//111 41//41
f 30//30 67//67 48//48
f 44//44 63//63 68//68
f 30//30 69//69 67//67
f 50//50 66//66 64//64
f 61//61 35//35 77//77
f 40//40 67//67 76//76
f 37//37 54//54 62//62
f 44//44 59//59 63//63
f 73//73 74//74 72//72
f 70//70 78//78 67//67
f 70//70 67//67 69//69
f 28//28 52//52 111//111
f 49//49 79//79 77//77
f 75//75 80//80 82//82
f 71//71 72//72 87//87
f 78//78 71//71 81//81
f 23//23 135//135 56//56
f 51//51 62//62 52//52
f 78//78 81//81 83//83
f 78//78 76//76 67//67
f 74//74 73//73 88//88
f 72//72 74//74 87//87
f 19//19 55//55 60//60
f 77//77 79//79 90//90
f 71//71 78//78 85//85
f 57//57 110//110 58//58
f 78//78 83//83 76//76
f 73//73 72//72 92//92
f 84//84 86//86 80//80
f 70//70 85//85 78//78
f 71//71 85//85 72//72
f 52//52 93//93 111//111
f 49//49 68//68 79//79
f 70//70 69//69 53//53
f 80//80 86//86 82//82
f 72//72 85//85 92//92
f 82//82 89//89 75//75
f 70//70 92//92 85//85
f 40//40 76//76 100//100
f 50//50 64//64 55//55
f 73//73 92//92 97//97
f 50//50 110//110 66//66
f 63//63 59//59 95//95
f 81//81 71//71 87//87
f 75//75 91//91 80//80
f 73//73 96//96 88//88
f 70//70 97//97 92//92
f 70//70 53//53 41//41
f 41//41 98//98 70//70
f 68//68 63//63 79//79
f 54//54 104//104 62//62
f 75//75 89//89 91//91
f 70//70 98//98 97//97
f 19//19 60//60 65//65
f 40//40 100//100 16//16
f 73//73 97//97 99//99
f 86//86 102//102 82//82
f 64//64 107//107 55//55
f 73//73 99//99 96//96
f 52//52 62//62 93//93
f 60//60 55//55 107//107
f 59//59 56//56 101//101
f 88//88 121//121 74//74
f 88//88 131//131 121//121
f 57//57 94//94 110//110
f 99//99 97//97 98//98
f 103//103 84//84 106//106
f 56//56 109//109 101//101
f 76//76 83//83 100//100
f 87//87 74//74 121//121
f 54//54 47//47 108//108
f 61//61 94//94 57//57
f 77//77 120//120 61//61
f 86//86 84//84 113//113
f 54//54 108//108 104//104
f 80//80 121//121 84//84
f 90//90 79//79 117//117
f 77//77 90//90 120//120
f 41//41 111//111 98//98
f 84//84 121//121 106//106
f 84//84 103//103 113//113
f 47//47 105//105 108//108
f 79//79 63//63 115//115
f 80//80 87//87 121//121
f 59//59 101//101 95//95
f 79//79 114//114 117//117
f 103//103 106//106 112//112
f 83//83 119//119 100//100
f 80//80 116//116 87//87
f 91//91 116//116 80//80
f 86//86 113//113 102//102
f 62//62 122//122 93//93
f 62//62 104//104 122//122
f 56//56 135//135 109//109
f 94//94 66//66 110//110
f 47//47 65//65 118//118
f 87//87 116//116 81//81
f 101//101 109//109 124//124
f 99//99 98//98 126//126
f 121//121 127//127 106//106
f 81//81 119//119 83//83
f 91//91 89//89 119//119
f 121//121 131//131 127//127
f 23//23 160//160 135//135
f 98//98 111//111 126//126
f 79//79 115//115 114//114
f 61//61 125//125 94//94
f 61//61 120//120 125//125
f 116//116 91//91 119//119
f 106//106 127//127 131//131
f 88//88 134//134 131//131
f 88//88 96//96 134//134
f 93//93 126//126 111//111
f 117//117 114//114 132//132
f 60//60 118//118 65//65
f 99//99 130//130 96//96
f 23//23 163//163 160//160
f 103//103 128//128 113//113
f 156//156 114//114 115//115
f 119//119 81//81 116//116
f 93//93 133//133 126//126
f 106//106 131//131 134//134
f 64//64 66//66 137//137
f 112//112 106//106 134//134
f 90//90 117//117 120//120
f 96//96 140//140 134//134
f 114//114 156//156 132//132
f 103//103 139//139 128//128
f 99//99 126//126 133//133
f 96//96 142//142 140//140
f 124//124 109//109 135//135
f 60//60 107//107 136//136
f 112//112 134//134 140//140
f 103//103 112//112 138//138
f 82//82 143//143 89//89
f 103//103 138//138 139//139
f 112//112 140//140 142//142
f 60//60 136//136 118//118
f 117//117 132//132 154//154
f 96//96 130//130 142//142
f 113//113 128//128 203//203
f 47//47 180//180 105//105
f 47//47 118//118 180//180
f 112//112 142//142 130//130
f 107//107 64//64 136//136
f 95//95 101//101 158//158
f 117//117 154//154 141//141
f 93//93 122//122 123//123
f 135//135 160//160 144//144
f 132//132 156//156 154//154
f 82//82 129//129 143//143
f 112//112 130//130 138//138
f 93//93 123//123 133//133
f 120//120 117//117 141//141
f 113//113 203//203 150//150
f 113//113 148//148 102//102
f 113//113 150//150 148//148
f 125//125 120//120 151//151
f 66//66 94//94 137//137
f 128//128 139//139 153//153
f 124//124 135//135 147//147
f 63//63 95//95 115//115
f 156//156 115//115 149//149
f 64//64 137//137 152//152
f 156//156 149//149 165//165
f 100//100 119//119 16//16
f 16//16 119//119 163//163
f 138//138 130//130 157//157
f 99//99 157//157 130//130
f 120//120 141//141 167//167
f 102//102 129//129 82//82
f 135//135 144//144 146//146
f 99//99 133//133 157//157
f 155//155 138//138 145//145
f 89//89 211//211 119//119
f 138//138 157//157 145//145
f 146//146 144//144 169//169
f 138//138 155//155 139//139
f 133//133 123//123 157//157
f 147//147 158//158 124//124
f 108//108 162//162 104//104
f 124//124 158//158 101//101
f 95//95 149//149 115//115
f 135//135 146//146 147//147
f 125//125 164//164 94//94
f 120//120 167//167 151//151
f 154//154 161//161 141//141
f 128//128 153//153 203//203
f 105//105 180//180 108//108
f 146//146 169//169 147//147
f 154//154 156//156 165//165
f 64//64 152//152 136//136
f 145//145 123//123 159//159
f 145//145 157//157 123//123
f 122//122 104//104 159//159
f 154//154 165//165 161//161
f 122//122 159//159 123//123
f 104//104 162//162 159//159
f 95//95 168//168 149//149
f 153//153 139//139 166//166
f 95//95 158//158 168//168
f 145//145 159//159 162//162
f 144//144 160//160 170//170
f 141//141 161//161 167//167
f 89//89 143//143 173//173
f 144//144 170//170 169//169
f 108//108 180//180 181//181
f 161//161 171//171 167//167
f 169//169 170//170 175//175
f 108//108 181//181 176//176
f 161//161 165//165 171//171
f 108//108 176//176 162//162
f 145//145 162//162 176//176
f 151//151 167//167 174//174
f 118//118 177//177 180//180
f 89//89 172//172 211//211
f 160//160 163//163 182//182
f 89//89 173//173 172//172
f 169//169 175//175 187//187
f 145//145 178//178 155//155
f 169//169 179//179 147//147
f 145//145 176//176 181//181
f 129//129 173//173 143//143
f 94//94 219//219 137//137
f 145//145 181//181 178//178
f 136//136 152//152 184//184
f 169//169 187//187 179//179
f 151//151 174//174 194//194
f 183//183 190//190 185//185
f 147//147 186//186 158//158
f 178//178 181//181 180//180
f 219//219 94//94 164//164
f 165//165 149//149 195//195
f 183//183 166//166 190//190
f 166//166 183//183 153//153
f 171//171 196//196 167//167
f 118//118 136//136 177//177
f 139//139 188//188 191//191
f 171//171 165//165 196//196
f 139//139 155//155 188//188
f 139//139 190//190 166//166
f 125//125 151//151 194//194
f 149//149 168//168 192//192
f 165//165 195//195 189//189
f 147//147 179//179 186//186
f 170//170 193//193 175//175
f 148//148 129//129 102//102
f 137//137 219//219 199//199
f 139//139 191//191 190//190
f 155//155 197//197 188//188
f 152//152 137//137 199//199
f 125//125 194//194 164//164
f 168//168 158//158 192//192
f 160//160 182//182 170//170
f 187//187 186//186 179//179
f 187//187 175//175 186//186
f 175//175 198//198 186//186
f 193//193 198//198 175//175
f 185//185 190//190 191//191
f 196//196 165//165 189//189
f 149//149 192//192 195//195
f 178//178 177//177 184//184
f 170//170 201//201 193//193
f 178//178 197//197 155//155
f 178//178 180//180 177//177
f 136//136 184//184 177//177
f 183//183 214//214 153//153
f 167//167 200//200 174//174
f 170//170 182//182 201//201
f 193//193 201//201 202//202
f 184//184 152//152 178//178
f 167//167 196//196 200//200
f 189//189 195//195 206//206
f 148//148 204//204 129//129
f 178//178 152//152 205//205
f 129//129 204//204 173//173
f 148//148 150//150 204//204
f 158//158 186//186 207//207
f 192//192 158//158 212//212
f 201//201 182//182 208//208
f 153//153 234//234 203//203
f 200//200 196//196 210//210
f 201//201 208//208 202//202
f 192//192 212//212 195//195
f 186//186 198//198 207//207
f 193//193 202//202 198//198
f 198//198 202//202 218//218
f 173//173 204//204 172//172
f 164//164 194//194 209//209
f 119//119 211//211 163//163
f 185//185 191//191 216//216
f 202//202 213//213 218//218
f 178//178 205//205 197//197
f 196//196 189//189 210//210
f 150//150 215//215 204//204
f 188//188 217//217 191//191
f 150//150 203//203 215//215
f 202//202 208//208 220//220
f 183//183 185//185 227//227
f 182//182 222//222 208//208
f 183//183 227//227 214//214
f 198//198 218//218 207//207
f 206//206 195//195 212//212
f 205//205 152//152 219//219
f 202//202 220//220 213//213
f 153//153 214//214 234//234
f 206//206 212//212 232//232
f 191//191 217//217 216//216
f 189//189 221//221 210//210
f 158//158 207//207 226//226
f 215//215 203//203 234//234
f 218//218 213//213 228//228
f 204//204 224//224 172//172
f 152//152 199//199 219//219
f 172//172 224//224 211//211
f 188//188 197//197 217//217
f 204//204 223//223 224//224
f 164//164 209//209 219//219
f 215//215 235//235 204//204
f 204//204 235//235 223//223
f 212//212 158//158 233//233
f 158//158 226//226 233//233
f 206//206 229//229 189//189
f 174//174 230//230 194//194
f 205//205 219//219 230//230
f 224//224 225//225 211//211
f 213//213 220//220 228//228
f 218//218 228//228 207//207
f 234//234 236//236 215//215
f 223//223 231//231 224//224
f 206//206 232//232 229//229
f 224//224 238//238 225//225
f 185//185 216//216 227//227
f 228//228 226//226 207//207
f 189//189 229//229 221//221
f 215//215 236//236 235//235
f 194//194 230//230 209//209
f 223//223 235//235 231//231
f 182//182 248//248 222//222
f 182//182 163//163 248//248
f 208//208 242//242 220//220
f 224//224 231//231 238//238
f 234//234 237//237 236//236
f 228//228 220//220 242//242
f 208//208 222//222 241//241
f 219//219 209//209 230//230
f 212//212 233//233 232//232
f 235//235 236//236 231//231
f 174//174 200//200 230//230
f 217//217 197//197 261//261
f 200//200 210//210 244//244
f 211//211 258//258 163//163
f 228//228 242//242 240//240
f 239//239 246//246 243//243
f 214//214 250//250 234//234
f 210//210 221//221 244//244
f 208//208 245//245 242//242
f 208//208 241//241 245//245
f 239//239 230//230 221//221
f 200//200 244//244 230//230
f 239//239 221//221 246//246
f 229//229 232//232 256//256
f 222//222 248//248 241//241
f 216//216 217//217 247//247
f 236//236 237//237 257//257
f 236//236 257//257 231//231
f 226//226 251//251 233//233
f 226//226 228//228 251//251
f 221//221 229//229 256//256
f 241//241 249//249 245//245
f 230//230 244//244 221//221
f 217//217 261//261 247//247
f 231//231 253//253 238//238
f 205//205 247//247 197//197
f 234//234 250//250 259//259
f 234//234 259//259 237//237
f 205//205 230//230 247//247
f 238//238 254//254 225//225
f 245//245 249//249 255//255
f 211//211 225//225 258//258
f 243//243 260//260 239//239
f 248//248 249//249 241//241
f 249//249 248//248 262//262
f 228//228 240//240 251//251
f 239//239 260//260 263//263
f 237//237 259//259 257//257
f 251//251 240//240 275//275
f 231//231 257//257 253//253
f 225//225 254//254 258//258
f 232//232 233//233 252//252
f 239//239 247//247 230//230
f 242//242 245//245 264//264
f 232//232 252//252 256//256
f 197//197 247//247 261//261
f 239//239 263//263 247//247
f 259//259 280//280 257//257
f 258//258 254//254 272//272
f 238//238 253//253 254//254
f 246//246 221//221 256//256
f 242//242 264//264 240//240
f 248//248 270//270 262//262
f 233//233 269//269 252//252
f 256//256 252//252 268//268
f 250//250 214//214 265//265
f 163//163 295//295 248//248
f 262//262 267//267 249//249
f 266//266 251//251 278//278
f 233//233 251//251 269//269
f 240//240 264//264 271//271
f 259//259 250//250 280//280
f 249//249 267//267 277//277
f 245//245 255//255 264//264
f 246//246 256//256 268//268
f 248//248 295//295 270//270
f 251//251 275//275 278//278
f 216//216 281//281 227//227
f 260//260 243//243 273//273
f 251//251 266//266 269//269
f 246//246 319//319 243//243
f 258//258 272//272 274//274
f 266//266 278//278 279//279
f 240//240 276//276 275//275
f 249//249 277//277 255//255
f 250//250 265//265 280//280
f 246//246 268//268 319//319
f 257//257 290//290 253//253
f 255//255 277//277 282//282
f 266//266 279//279 269//269
f 253//253 283//283 254//254
f 255//255 298//298 264//264
f 264//264 298//298 271//271
f 274//274 272//272 254//254
f 214//214 289//289 265//265
f 227//227 289//289 214//214
f 253//253 287//287 283//283
f 267//267 284//284 277//277
f 270//270 295//295 262//262
f 262//262 286//286 267//267
f 274//274 288//288 258//258
f 240//240 298//298 276//276
f 254//254 283//283 274//274
f 265//265 289//289 280//280
f 276//276 285//285 275//275
f 252//252 269//269 299//299
f 257//257 280//280 290//290
f 216//216 247//247 281//281
f 277//277 284//284 282//282
f 271//271 298//298 240//240
f 298//298 255//255 282//282
f 278//278 275//275 292//292
f 263//263 260//260 327//327
f 267//267 310//310 284//284
f 252//252 299//299 268//268
f 263//263 301//301 247//247
f 280//280 289//289 293//293
f 262//262 295//295 286//286
f 243//243 291//291 273//273
f 283//283 297//297 274//274
f 279//279 294//294 269//269
f 287//287 253//253 296//296
f 279//279 278//278 318//318
f 276//276 308//308 285//285
f 276//276 306//306 308//308
f 253//253 290//290 296//296
f 281//281 247//247 301//301
f 269//269 294//294 299//299
f 283//283 287//287 297//297
f 227//227 281//281 289//289
f 263//263 327//327 301//301
f 267//267 300//300 310//310
f 306//306 276//276 298//298
f 258//258 288//288 330//330
f 258//258 330//330 163//163
f 291//291 243//243 319//319
f 319//319 268//268 305//305
f 297//297 316//316 274//274
f 308//308 306//306 304//304
f 282//282 309//309 298//298
f 267//267 286//286 300//300
f 287//287 296//296 297//297
f 303//303 280//280 293//293
f 298//298 309//309 306//306
f 286//286 295//295 300//300
f 274//274 316//316 288//288
f 260//260 273//273 328//328
f 296//296 290//290 297//297
f 310//310 300//300 307//307
f 284//284 314//314 282//282
f 275//275 285//285 292//292
f 293//293 289//289 311//311
f 268//268 299//299 305//305
f 281//281 311//311 289//289
f 318//318 278//278 348//348
f 260//260 328//328 327//327
f 280//280 315//315 290//290
f 290//290 315//315 297//297
f 297//297 315//315 316//316
f 281//281 301//301 311//311
f 319//319 312//312 291//291
f 279//279 299//299 294//294
f 280//280 303//303 315//315
f 313//313 285//285 302//302
f 293//293 326//326 303//303
f 273//273 291//291 328//328
f 285//285 313//313 292//292
f 301//301 327//327 322//322
f 282//282 321//321 309//309
f 295//295 836//836 300//300
f 308//308 325//325 285//285
f 301//301 322//322 311//311
f 285//285 325//325 302//302
f 299//299 332//332 305//305
f 278//278 292//292 337//337
f 284//284 310//310 324//324
f 316//316 340//340 288//288
f 284//284 324//324 314//314
f 306//306 309//309 321//321
f 306//306 317//317 304//304
f 279//279 318//318 299//299
f 310//310 307//307 323//323
f 288//288 320//320 330//330
f 317//317 306//306 321//321
f 317//317 329//329 304//304
f 299//299 318//318 332//332
f 292//292 313//313 337//337
f 282//282 314//314 321//321
f 288//288 340//340 320//320
f 278//278 337//337 348//348
f 310//310 323//323 331//331
f 291//291 312//312 328//328
f 319//319 305//305 333//333
f 314//314 345//345 321//321
f 311//311 322//322 335//335
f 310//310 334//334 324//324
f 308//308 304//304 325//325
f 315//315 336//336 316//316
f 163//163 330//330 383//383
f 319//319 350//350 312//312
f 329//329 338//338 304//304
f 325//325 304//304 338//338
f 333//333 305//305 332//332
f 316//316 336//336 340//340
f 293//293 311//311 341//341
f 313//313 302//302 337//337
f 322//322 327//327 346//346
f 315//315 342//342 336//336
f 321//321 345//345 317//317
f 311//311 335//335 341//341
f 300//300 836//836 307//307
f 293//293 341//341 326//326
f 325//325 374//374 302//302
f 317//317 344//344 329//329
f 310//310 331//331 334//334
f 322//322 339//339 335//335
f 322//322 346//346 339//339
f 318//318 348//348 349//349
f 315//315 303//303 342//342
f 302//302 374//374 337//337
f 319//319 352//352 350//350
f 303//303 364//364 342//342
f 318//318 349//349 332//332
f 324//324 345//345 314//314
f 319//319 333//333 352//352
f 340//340 354//354 320//320
f 312//312 350//350 328//328
f 317//317 345//345 356//356
f 303//303 326//326 364//364
f 338//338 329//329 325//325
f 332//332 349//349 351//351
f 307//307 836//836 323//323
f 339//339 346//346 357//357
f 326//326 355//355 364//364
f 348//348 353//353 349//349
f 343//343 370//370 347//347
f 339//339 357//357 358//358
f 333//333 332//332 352//352
f 328//328 360//360 327//327
f 329//329 363//363 325//325
f 340//340 368//368 354//354
f 340//340 336//336 368//368
f 331//331 362//362 334//334
f 374//374 377//377 337//337
f 343//343 359//359 370//370
f 339//339 365//365 335//335
f 337//337 377//377 353//353
f 332//332 367//367 352//352
f 348//348 337//337 353//353
f 332//332 351//351 361//361
f 341//341 355//355 326//326
f 335//335 365//365 341//341
f 341//341 365//365 355//355
f 295//295 163//163 836//836
f 332//332 361//361 367//367
f 349//349 353//353 351//351
f 374//374 325//325 363//363
f 327//327 360//360 346//346
f 328//328 350//350 360//360
f 336//336 375//375 368//368
f 339//339 380//380 365//365
f 317//317 356//356 344//344
f 343//343 347//347 359//359
f 339//339 358//358 380//380
f 342//342 375//375 336//336
f 345//345 324//324 378//378
f 369//369 366//366 347//347
f 352//352 369//369 350//350
f 371//371 361//361 372//372
f 364//364 373//373 342//342
f 366//366 369//369 382//382
f 330//330 320//320 354//354
f 351//351 353//353 389//389
f 324//324 334//334 378//378
f 364//364 355//355 385//385
f 329//329 344//344 431//431
f 365//365 380//380 355//355
f 342//342 373//373 375//375
f 356//356 345//345 409//409
f 370//370 357//357 347//347
f 373//373 364//364 379//379
f 346//346 360//360 357//357
f 329//329 431//431 363//363
f 409//409 345//345 378//378
f 368//368 376//376 354//354
f 359//359 347//347 393//393
f 355//355 380//380 385//385
f 351//351 389//389 361//361
f 381//381 382//382 369//369
f 392//392 372//372 361//361
f 354//354 388//388 330//330
f 350//350 369//369 360//360
f 331//331 323//323 362//362
f 361//361 371//371 367//367
f 366//366 382//382 394//394
f 364//364 385//385 379//379
f 366//366 394//394 347//347
f 374//374 363//363 403//403
f 377//377 374//374 403//403
f 381//381 369//369 352//352
f 384//384 392//392 389//389
f 353//353 391//391 389//389
f 368//368 375//375 386//386
f 354//354 395//395 388//388
f 376//376 395//395 354//354
f 384//384 389//389 387//387
f 385//385 380//380 401//401
f 381//381 413//413 382//382
f 347//347 357//357 369//369
f 392//392 361//361 389//389
f 368//368 386//386 376//376
f 387//387 389//389 391//391
f 352//352 367//367 381//381
f 395//395 376//376 399//399
f 330//330 388//388 383//383
f 379//379 385//385 397//397
f 381//381 367//367 371//371
f 353//353 377//377 391//391
f 357//357 360//360 369//369
f 836//836 410//410 323//323
f 375//375 373//373 404//404
f 357//357 370//370 358//358
f 323//323 410//410 362//362
f 409//409 411//411 356//356
f 356//356 390//390 344//344
f 383//383 440//440 163//163
f 363//363 431//431 403//403
f 372//372 405//405 371//371
f 392//392 405//405 372//372
f 356//356 408//408 390//390
f 359//359 398//398 370//370
f 373//373 400//400 402//402
f 387//387 391//391 396//396
f 387//387 396//396 384//384
f 373//373 379//379 400//400
f 381//381 371//371 413//413
f 385//385 415//415 397//397
f 371//371 405//405 425//425
f 375//375 404//404 417//417
f 394//394 517//517 347//347
f 373//373 402//402 404//404
f 356//356 411//411 408//408
f 376//376 412//412 399//399
f 398//398 414//414 370//370
f 392//392 384//384 405//405
f 359//359 419//419 398//398
f 358//358 421//421 380//380
f 402//402 417//417 404//404
f 388//388 395//395 428//428
f 380//380 421//421 407//407
f 358//358 370//370 421//421
f 406//406 416//416 397//397
f 406//406 418//418 416//416
f 371//371 425//425 413//413
f 379//379 397//397 416//416
f 380//380 407//407 401//401
f 403//403 391//391 377//377
f 382//382 413//413 394//394
f 406//406 397//397 415//415
f 376//376 422//422 412//412
f 379//379 416//416 400//400
f 386//386 423//423 376//376
f 375//375 443//443 386//386
f 385//385 401//401 415//415
f 375//375 417//417 443//443
f 420//420 407//407 421//421
f 405//405 486//486 425//425
f 370//370 414//414 421//421
f 347//347 517//517 393//393
f 396//396 391//391 403//403
f 399//399 427//427 424//424
f 376//376 423//423 422//422
f 428//428 395//395 497//497
f 388//388 428//428 426//426
f 406//406 434//434 418//418
f 431//431 445//445 403//403
f 400//400 416//416 435//435
f 421//421 432//432 420//420
f 344//344 390//390 436//436
f 411//411 475//475 408//408
f 414//414 433//433 421//421
f 384//384 396//396 459//459
f 408//408 436//436 390//390
f 407//407 449//449 401//401
f 421//421 433//433 432//432
f 409//409 378//378 469//469
f 399//399 412//412 427//427
f 398//398 438//438 414//414
f 399//399 430//430 395//395
f 396//396 403//403 437//437
f 415//415 401//401 441//441
f 400//400 429//429 402//402
f 406//406 415//415 439//439
f 388//388 450//450 383//383
f 399//399 424//424 430//430
f 405//405 384//384 459//459
f 388//388 426//426 450//450
f 416//416 418//418 464//464
f 426//426 428//428 497//497
f 359//359 393//393 419//419
f 423//423 386//386 448//448
f 439//439 442//442 446//446
f 449//449 447//447 401//401
f 386//386 443//443 448//448
f 394//394 413//413 444//444
f 420//420 432//432 461//461
f 431//431 457//457 445//445
f 407//407 420//420 449//449
f 443//443 454//454 448//448
f 396//396 482//482 459//459
f 394//394 444//444 460//460
f 416//416 453//453 435//435
f 344//344 436//436 431//431
f 403//403 445//445 437//437
f 395//395 430//430 497//497
f 449//449 455//455 447//447
f 412//412 422//422 452//452
f 420//420 461//461 463//463
f 443//443 417//417 451//451
f 398//398 419//419 438//438
f 433//433 414//414 438//438
f 423//423 448//448 456//456
f 362//362 584//584 334//334
f 439//439 415//415 441//441
f 416//416 464//464 453//453
f 422//422 456//456 452//452
f 401//401 447//447 462//462
f 396//396 437//437 518//518
f 439//439 446//446 481//481
f 441//441 401//401 462//462
f 439//439 441//441 442//442
f 426//426 497//497 450//450
f 423//423 456//456 422//422
f 437//437 445//445 458//458
f 420//420 463//463 449//449
f 408//408 475//475 436//436
f 469//469 378//378 466//466
f 400//400 435//435 429//429
f 451//451 417//417 467//467
f 413//413 521//521 444//444
f 459//459 465//465 405//405
f 468//468 396//396 518//518
f 393//393 517//517 419//419
f 413//413 425//425 521//521
f 378//378 334//334 466//466
f 429//429 516//516 402//402
f 394//394 460//460 517//517
f 405//405 465//465 486//486
f 383//383 450//450 471//471
f 433//433 438//438 472//472
f 447//447 455//455 470//470
f 438//438 419//419 472//472
f 396//396 468//468 482//482
f 406//406 439//439 481//481
f 431//431 473//473 457//457
f 462//462 483//483 441//441
f 431//431 475//475 473//473
f 452//452 474//474 412//412
f 418//418 434//434 476//476
f 464//464 418//418 484//484
f 442//442 441//441 483//483
f 402//402 508//508 417//417
f 452//452 456//456 474//474
f 431//431 436//436 475//475
f 442//442 478//478 446//446
f 442//442 483//483 478//478
f 334//334 584//584 489//489
f 334//334 489//489 466//466
f 412//412 474//474 427//427
f 433//433 502//502 432//432
f 453//453 464//464 435//435
f 464//464 484//484 477//477
f 448//448 454//454 456//456
f 464//464 477//477 435//435
f 383//383 703//703 440//440
f 462//462 447//447 483//483
f 517//517 460//460 485//485
f 402//402 515//515 508//508
f 456//456 519//519 474//474
f 463//463 487//487 449//449
f 444//444 485//485 460//460
f 458//458 491//491 437//437
f 406//406 481//481 434//434
f 432//432 512//512 461//461
f 424//424 427//427 492//492
f 435//435 477//477 429//429
f 451//451 480//480 443//443
f 427//427 474//474 510//510
f 516//516 515//515 402//402
f 473//473 490//490 457//457
f 454//454 443//443 480//480
f 383//383 471//471 703//703
f 425//425 486//486 493//493
f 469//469 411//411 409//409
f 446//446 478//478 479//479
f 459//459 482//482 494//494
f 429//429 477//477 509//509
f 433//433 472//472 502//502
f 455//455 449//449 487//487
f 447//447 470//470 483//483
f 458//458 445//445 490//490
f 479//479 495//495 507//507
f 461//461 498//498 463//463
f 481//481 446//446 434//434
f 418//418 476//476 484//484
f 467//467 480//480 451//451
f 496//496 499//499 506//506
f 461//461 512//512 504//504
f 499//499 503//503 501//501
f 419//419 517//517 541//541
f 444//444 521//521 485//485
f 479//479 507//507 446//446
f 497//497 544//544 450//450
f 499//499 496//496 523//523
f 476//476 627//627 484//484
f 506//506 499//499 505//505
f 510//510 474//474 526//526
f 417//417 508//508 467//467
f 445//445 457//457 490//490
f 454//454 608//608 456//456
f 458//458 551//551 491//491
f 499//499 501//501 513//513
f 434//434 446//446 507//507
f 461//461 504//504 498//498
f 499//499 513//513 505//505
f 434//434 507//507 476//476
f 500//500 480//480 467//467
f 437//437 491//491 518//518
f 429//429 509//509 516//516
f 512//512 432//432 502//502
f 427//427 510//510 492//492
f 425//425 493//493 521//521
f 463//463 498//498 487//487
f 584//584 536//536 489//489
f 495//495 511//511 507//507
f 469//469 574//574 411//411
f 478//478 483//483 569//569
f 495//495 522//522 511//511
f 503//503 499//499 524//524
f 465//465 539//539 486//486
f 499//499 523//523 524//524
f 424//424 492//492 430//430
f 513//513 501//501 529//529
f 514//514 540//540 508//508
f 508//508 600//600 514//514
f 466//466 489//489 488//488
f 465//465 459//459 539//539
f 496//496 543//543 520//520
f 496//496 506//506 543//543
f 466//466 488//488 469//469
f 419//419 541//541 472//472
f 472//472 542//542 502//502
f 500//500 467//467 540//540
f 514//514 600//600 532//532
f 513//513 531//531 505//505
f 475//475 411//411 546//546
f 490//490 551//551 458//458
f 530//530 533//533 535//535
f 500//500 540//540 538//538
f 362//362 410//410 836//836
f 528//528 533//533 530//530
f 505//505 531//531 537//537
f 508//508 515//515 600//600
f 527//527 547//547 534//534
f 455//455 487//487 548//548
f 533//533 549//549 535//535
f 473//473 475//475 578//578
f 485//485 550//550 517//517
f 456//456 545//545 519//519
f 508//508 540//540 467//467
f 519//519 526//526 474//474
f 600//600 515//515 516//516
f 450//450 562//562 471//471
f 502//502 542//542 552//552
f 485//485 521//521 550//550
f 477//477 484//484 559//559
f 522//522 558//558 511//511
f 543//543 560//560 520//520
f 517//517 581//581 541//541
f 547//547 527//527 554//554
f 500//500 538//538 480//480
f 513//513 576//576 531//531
f 534//534 547//547 576//576
f 534//534 553//553 527//527
f 473//473 578//578 490//490
f 480//480 608//608 454//454
f 479//479 478//478 564//564
f 472//472 552//552 542//542
f 530//530 555//555 528//528
f 534//534 576//576 571//571
f 472//472 541//541 552//552
f 430//430 586//586 497//497
f 487//487 498//498 548//548
f 479//479 564//564 495//495
f 557//557 563//563 556//556
f 506//506 561//561 543//543
f 517//517 550//550 637//637
f 513//513 571//571 576//576
f 534//534 582//582 553//553
f 528//528 555//555 564//564
f 507//507 572//572 525//525
f 476//476 573//573 627//627
f 544//544 497//497 586//586
f 496//496 520//520 523//523
f 507//507 525//525 476//476
f 480//480 538//538 608//608
f 530//530 535//535 675//675
f 556//556 563//563 577//577
f 476//476 525//525 573//573
f 537//537 531//531 583//583
f 494//494 539//539 459//459
f 528//528 579//579 533//533
f 486//486 539//539 493//493
f 513//513 529//529 571//571
f 506//506 505//505 561//561
f 568//568 533//533 579//579
f 566//566 570//570 558//558
f 507//507 511//511 580//580
f 488//488 594//594 469//469
f 537//537 561//561 505//505
f 450//450 544//544 562//562
f 455//455 548//548 607//607
f 502//502 552//552 596//596
f 560//560 602//602 520//520
f 544//544 586//586 691//691
f 532//532 595//595 514//514
f 502//502 596//596 512//512
f 627//627 559//559 484//484
f 556//556 598//598 557//557
f 567//567 575//575 598//598
f 507//507 580//580 572//572
f 478//478 569//569 610//610
f 524//524 609//609 503//503
f 520//520 589//589 523//523
f 608//608 635//635 456//456
f 543//543 587//587 560//560
f 475//475 546//546 578//578
f 495//495 564//564 522//522
f 455//455 607//607 470//470
f 557//557 598//598 636//636
f 498//498 568//568 548//548
f 411//411 597//597 546//546
f 553//553 592//592 527//527
f 558//558 522//522 566//566
f 501//501 503//503 603//603
f 456//456 635//635 545//545
f 469//469 594//594 632//632
f 529//529 501//501 603//603
f 555//555 566//566 564//564
f 565//565 492//492 622//622
f 511//511 558//558 585//585
f 430//430 492//492 565//565
f 411//411 574//574 597//597
f 527//527 591//591 605//605
f 519//519 545//545 705//705
f 575//575 636//636 598//598
f 468//468 638//638 482//482
f 585//585 558//558 570//570
f 527//527 592//592 591//591
f 490//490 593//593 618//618
f 560//560 587//587 590//590
f 534//534 571//571 582//582
f 490//490 618//618 551//551
f 517//517 637//637 581//581
f 525//525 616//616 573//573
f 524//524 604//604 603//603
f 557//557 611//611 563//563
f 576//576 617//617 531//531
f 570//570 566//566 621//621
f 527//527 605//605 554//554
f 522//522 564//564 566//566
f 603//603 604//604 606//606
f 567//567 598//598 599//599
f 561//561 601//601 543//543
f 489//489 594//594 488//488
f 503//503 609//609 603//603
f 524//524 612//612 604//604
f 556//556 599//599 598//598
f 471//471 562//562 703//703
f 510//510 526//526 626//626
f 548//548 568//568 579//579
f 504//504 628//628 498//498
f 528//528 564//564 579//579
f 478//478 610//610 564//564
f 491//491 551//551 518//518
f 580//580 511//511 585//585
f 548//548 579//579 607//607
f 549//549 588//588 535//535
f 529//529 603//603 606//606
f 567//567 614//614 575//575
f 538//538 629//629 608//608
f 619//619 616//616 615//615
f 541//541 581//581 666//666
f 492//492 630//630 622//622
f 524//524 603//603 609//609
f 362//362 836//836 584//584
f 492//492 510//510 630//630
f 524//524 625//625 612//612
f 430//430 565//565 586//586
f 526//526 519//519 705//705
f 541//541 596//596 552//552
f 468//468 518//518 638//638
f 533//533 568//568 549//549
f 547//547 617//617 576//576
f 483//483 470//470 569//569
f 577//577 642//642 556//556
f 543//543 601//601 587//587
f 616//616 559//559 573//573
f 624//624 591//591 592//592
f 520//520 602//602 589//589
f 619//619 634//634 616//616
f 604//604 612//612 648//648
f 555//555 530//530 711//711
f 570//570 621//621 585//585
f 632//632 574//574 469//469
f 524//524 523//523 589//589
f 675//675 711//711 530//530
f 498//498 704//704 568//568
f 535//535 588//588 695//695
f 594//594 641//641 632//632
f 604//604 633//633 606//606
f 516//516 646//646 600//600
f 541//541 666//666 596//596
f 559//559 616//616 634//634
f 596//596 666//666 658//658
f 563//563 648//648 577//577
f 563//563 670//670 648//648
f 563//563 668//668 670//670
f 529//529 606//606 582//582
f 529//529 582//582 571//571
f 631//631 588//588 620//620
f 559//559 627//627 573//573
f 606//606 649//649 582//582
f 568//568 660//660 549//549
f 623//623 616//616 525//525
f 615//615 616//616 623//623
f 560//560 590//590 613//613
f 489//489 665//665 594//594
f 556//556 763//763 599//599
f 547//547 554//554 644//644
f 553//553 685//685 682//682
f 615//615 643//643 707//707
f 540//540 659//659 538//538
f 551//551 640//640 518//518
f 563//563 611//611 668//668
f 559//559 653//653 477//477
f 610//610 569//569 681//681
f 509//509 477//477 669//669
f 553//553 582//582 685//685
f 537//537 697//697 561//561
f 620//620 588//588 549//549
f 613//613 758//758 560//560
f 620//620 657//657 631//631
f 516//516 509//509 669//669
f 562//562 544//544 674//674
f 620//620 549//549 662//662
f 619//619 615//615 707//707
f 525//525 572//572 623//623
f 600//600 671//671 532//532
f 514//514 595//595 659//659
f 620//620 639//639 657//657
f 560//560 758//758 602//602
f 604//604 668//668 633//633
f 537//537 583//583 697//697
f 553//553 682//682 592//592
f 577//577 648//648 701//701
f 535//535 695//695 675//675
f 652//652 650//650 661//661
f 645//645 663//663 664//664
f 604//604 670//670 668//668
f 600//600 673//673 671//671
f 532//532 671//671 595//595
f 556//556 642//642 763//763
f 493//493 539//539 676//676
f 615//615 572//572 643//643
f 524//524 589//589 625//625
f 634//634 619//619 696//696
f 624//624 592//592 661//661
f 521//521 493//493 550//550
f 564//564 610//610 712//712
f 540//540 514//514 659//659
f 567//567 599//599 678//678
f 566//566 555//555 693//693
f 651//651 557//557 636//636
f 645//645 706//706 663//663
f 645//645 664//664 656//656
f 625//625 589//589 708//708
f 512//512 792//792 504//504
f 615//615 623//623 572//572
f 591//591 740//740 690//690
f 604//604 648//648 670//670
f 590//590 679//679 613//613
f 547//547 644//644 617//617
f 655//655 647//647 680//680
f 587//587 698//698 590//590
f 620//620 662//662 639//639
f 477//477 653//653 669//669
f 621//621 566//566 693//693
f 581//581 637//637 667//667
f 591//591 624//624 740//740
f 605//605 591//591 690//690
f 634//634 692//692 559//559
f 557//557 651//651 611//611
f 672//672 656//656 684//684
f 579//579 564//564 712//712
f 526//526 705//705 626//626
f 518//518 640//640 638//638
f 626//626 630//630 510//510
f 656//656 686//686 684//684
f 661//661 682//682 652//652
f 538//538 715//715 629//629
f 504//504 683//683 628//628
f 635//635 694//694 545//545
f 662//662 549//549 660//660
f 664//664 686//686 656//656
f 602//602 688//688 589//589
f 607//607 579//579 712//712
f 470//470 607//607 569//569
f 559//559 692//692 653//653
f 655//655 677//677 624//624
f 498//498 628//628 704//704
f 612//612 701//701 648//648
f 516//516 669//669 646//646
f 493//493 676//676 550//550
f 654//654 728//728 575//575
f 665//665 489//489 536//536
f 607//607 712//712 681//681
f 606//606 633//633 702//702
f 605//605 690//690 716//716
f 583//583 531//531 761//761
f 610//610 681//681 712//712
f 690//690 675//675 689//689
f 680//680 677//677 655//655
f 606//606 702//702 649//649
f 650//650 710//710 661//661
f 652//652 682//682 685//685
f 631//631 657//657 699//699
f 538//538 659//659 715//715
f 595//595 700//700 659//659
f 561//561 697//697 601//601
f 679//679 590//590 698//698
f 592//592 682//682 661//661
f 593//593 490//490 737//737
f 612//612 625//625 701//701
f 587//587 601//601 746//746
f 600//600 646//646 673//673
f 624//624 710//710 655//655
f 596//596 658//658 512//512
f 650//650 652//652 702//702
f 624//624 661//661 710//710
f 611//611 651//651 714//714
f 675//675 695//695 689//689
f 578//578 546//546 737//737
f 569//569 607//607 681//681
f 647//647 655//655 710//710
f 634//634 696//696 692//692
f 605//605 716//716 554//554
f 650//650 717//717 710//710
f 588//588 742//742 695//695
f 585//585 727//727 580//580
f 621//621 693//693 711//711
f 611//611 748//748 668//668
f 664//664 663//663 798//798
f 602//602 758//758 766//766
f 647//647 717//717 687//687
f 632//632 641//641 574//574
f 672//672 684//684 720//720
f 706//706 744//744 663//663
f 577//577 701//701 642//642
f 633//633 722//722 702//702
f 587//587 746//746 698//698
f 675//675 690//690 740//740
f 589//589 719//719 708//708
f 625//625 708//708 701//701
f 664//664 798//798 709//709
f 651//651 636//636 728//728
f 585//585 621//621 727//727
f 708//708 719//719 724//724
f 575//575 728//728 636//636
f 742//742 588//588 731//731
f 685//685 582//582 649//649
f 490//490 578//578 737//737
f 568//568 704//704 660//660
f 666//666 718//718 726//726
f 647//647 710//710 717//717
f 680//680 647//647 750//750
f 650//650 702//702 717//717
f 482//482 733//733 494//494
f 664//664 709//709 686//686
f 608//608 629//629 732//732
f 602//602 766//766 688//688
f 647//647 687//687 750//750
f 706//706 729//729 744//744
f 667//667 666//666 581//581
f 667//667 759//759 666//666
f 608//608 694//694 635//635
f 737//737 546//546 781//781
f 546//546 597//597 781//781
f 580//580 736//736 572//572
f 643//643 768//768 707//707
f 554//554 716//716 772//772
f 652//652 649//649 702//702
f 695//695 742//742 689//689
f 593//593 767//767 618//618
f 654//654 575//575 751//751
f 676//676 735//735 550//550
f 685//685 649//649 652//652
f 663//663 734//734 798//798
f 555//555 711//711 693//693
f 690//690 689//689 716//716
f 706//706 723//723 729//729
f 631//631 699//699 731//731
f 624//624 677//677 740//740
f 482//482 638//638 733//733
f 631//631 731//731 588//588
f 554//554 772//772 644//644
f 763//763 848//848 599//599
f 724//724 719//719 738//738
f 567//567 678//678 614//614
f 594//594 665//665 747//747
f 726//726 739//739 666//666
f 659//659 700//700 715//715
f 621//621 711//711 713//713
f 565//565 622//622 780//780
f 689//689 721//721 716//716
f 674//674 741//741 562//562
f 595//595 754//754 700//700
f 666//666 739//739 658//658
f 633//633 668//668 748//748
f 633//633 748//748 722//722
f 706//706 645//645 833//833
f 565//565 780//780 586//586
f 536//536 584//584 771//771
f 575//575 745//745 751//751
f 575//575 614//614 745//745
f 551//551 618//618 640//640
f 684//684 686//686 774//774
f 703//703 562//562 741//741
f 662//662 660//660 725//725
f 721//721 689//689 731//731
f 677//677 713//713 740//740
f 749//749 772//772 721//721
f 617//617 644//644 762//762
f 684//684 753//753 720//720
f 669//669 743//743 646//646
f 708//708 724//724 701//701
f 589//589 777//777 719//719
f 642//642 701//701 802//802
f 678//678 599//599 848//848
f 617//617 730//730 531//531
f 544//544 691//691 674//674
f 539//539 927//927 676//676
f 765//765 643//643 755//755
f 617//617 762//762 730//730
f 653//653 743//743 669//669
f 595//595 671//671 754//754
f 589//589 688//688 766//766
f 572//572 736//736 643//643
f 613//613 679//679 769//769
f 662//662 725//725 639//639
f 594//594 747//747 641//641
f 750//750 784//784 680//680
f 608//608 732//732 694//694
f 677//677 821//821 713//713
f 836//836 163//163 771//771
f 531//531 730//730 761//761
f 757//757 629//629 715//715
f 512//512 658//658 792//792
f 731//731 689//689 742//742
f 686//686 709//709 760//760
f 601//601 697//697 746//746
f 621//621 713//713 727//727
f 692//692 696//696 791//791
f 763//763 642//642 786//786
f 613//613 804//804 758//758
f 583//583 761//761 816//816
f 643//643 776//776 755//755
f 716//716 721//721 772//772
f 643//643 765//765 768//768
f 678//678 787//787 614//614
f 643//643 736//736 776//776
f 704//704 628//628 725//725
f 494//494 927//927 539//539
f 675//675 740//740 711//711
f 679//679 773//773 769//769
f 574//574 641//641 597//597
f 614//614 782//782 799//799
f 630//630 626//626 828//828
f 738//738 777//777 788//788
f 756//756 775//775 723//723
f 721//721 731//731 749//749
f 757//757 715//715 854//854
f 758//758 752//752 789//789
f 697//697 793//793 746//746
f 657//657 779//779 778//778
f 593//593 737//737 767//767
f 738//738 788//788 724//724
f 640//640 790//790 638//638
f 629//629 757//757 732//732
f 729//729 723//723 775//775
f 772//772 749//749 807//807
f 783//783 785//785 784//784
f 580//580 727//727 736//736
f 691//691 586//586 796//796
f 692//692 791//791 653//653
f 770//770 854//854 700//700
f 663//663 744//744 734//734
f 726//726 718//718 820//820
f 504//504 792//792 683//683
f 630//630 828//828 622//622
f 784//784 812//812 680//680
f 611//611 832//832 748//748
f 727//727 776//776 736//736
f 628//628 683//683 725//725
f 783//783 784//784 805//805
f 713//713 711//711 740//740
f 684//684 774//774 795//795
f 536//536 825//825 665//665
f 613//613 769//769 804//804
f 657//657 778//778 699//699
f 753//753 684//684 797//797
f 719//719 777//777 738//738
f 665//665 825//825 747//747
f 550//550 735//735 637//637
f 698//698 746//746 793//793
f 726//726 820//820 739//739
f 752//752 804//804 808//808
f 698//698 793//793 679//679
f 772//772 817//817 644//644
f 752//752 758//758 804//804
f 766//766 789//789 589//589
f 700//700 854//854 715//715
f 725//725 660//660 704//704
f 494//494 733//733 800//800
f 657//657 639//639 794//794
f 611//611 714//714 832//832
f 680//680 812//812 677//677
f 720//720 753//753 809//809
f 765//765 755//755 812//812
f 777//777 811//811 788//788
f 709//709 814//814 760//760
f 699//699 813//813 731//731
f 791//791 806//806 653//653
f 597//597 641//641 822//822
f 758//758 789//789 766//766
f 626//626 705//705 846//846
f 718//718 666//666 815//815
f 854//854 829//829 757//757
f 653//653 806//806 810//810
f 727//727 713//713 821//821
f 614//614 799//799 745//745
f 752//752 801//801 764//764
f 641//641 747//747 822//822
f 702//702 722//722 717//717
f 707//707 826//826 619//619
f 583//583 839//839 697//697
f 642//642 802//802 786//786
f 666//666 759//759 815//815
f 764//764 789//789 752//752
f 743//743 653//653 824//824
f 700//700 754//754 770//770
f 765//765 812//812 785//785
f 778//778 852//852 699//699
f 750//750 805//805 784//784
f 727//727 821//821 776//776
f 743//743 823//823 646//646
f 765//765 785//785 768//768
f 614//614 787//787 782//782
f 730//730 762//762 818//818
f 671//671 847//847 754//754
f 677//677 812//812 821//821
f 785//785 812//812 784//784
f 657//657 794//794 779//779
f 730//730 818//818 761//761
f 696//696 619//619 826//826
f 744//744 729//729 803//803
f 723//723 706//706 833//833
f 720//720 809//809 827//827
f 858//858 687//687 717//717
f 671//671 673//673 847//847
f 729//729 775//775 803//803
f 687//687 858//858 750//750
f 626//626 846//846 828//828
f 722//722 748//748 832//832
f 651//651 728//728 874//874
f 854//854 889//889 829//829
f 760//760 866//866 686//686
f 810//810 824//824 653//653
f 775//775 756//756 830//830
f 819//819 860//860 805//805
f 762//762 644//644 817//817
f 651//651 874//874 714//714
f 743//743 824//824 823//823
f 805//805 860//860 783//783
f 701//701 724//724 802//802
f 720//720 827//827 831//831
f 696//696 844//844 791//791
f 440//440 1039//1039 163//163
f 494//494 800//800 927//927
f 744//744 843//843 734//734
f 640//640 618//618 974//974
f 769//769 849//849 804//804
f 812//812 755//755 821//821
f 805//805 750//750 850//850
f 646//646 823//823 673//673
f 755//755 776//776 821//821
f 684//684 845//845 797//797
f 589//589 835//835 777//777
f 717//717 722//722 858//858
f 770//770 840//840 854//854
f 638//638 790//790 733//733
f 767//767 841//841 618//618
f 756//756 837//837 830//830
f 756//756 834//834 837//837
f 783//783 851//851 785//785
f 654//654 751//751 861//861
f 768//768 785//785 851//851
f 691//691 796//796 674//674
f 819//819 805//805 850//850
f 807//807 817//817 772//772
f 725//725 683//683 639//639
f 705//705 545//545 877//877
f 686//686 935//935 774//774
f 589//589 789//789 835//835
f 806//806 791//791 844//844
f 597//597 862//862 781//781
f 768//768 883//883 707//707
f 753//753 905//905 809//809
f 798//798 814//814 709//709
f 777//777 835//835 811//811
f 757//757 888//888 732//732
f 658//658 739//739 876//876
f 696//696 826//826 844//844
f 676//676 927//927 735//735
f 707//707 883//883 826//826
f 752//752 808//808 801//801
f 749//749 857//857 807//807
f 834//834 756//756 853//853
f 802//802 724//724 788//788
f 618//618 841//841 974//974
f 723//723 842//842 756//756
f 820//820 880//880 739//739
f 731//731 813//813 749//749
f 440//440 703//703 972//972
f 818//818 863//863 761//761
f 637//637 865//865 667//667
f 783//783 867//867 851//851
f 672//672 838//838 656//656
f 804//804 849//849 808//808
f 818//818 762//762 856//856
f 756//756 842//842 853//853
f 843//843 744//744 859//859
f 654//654 861//861 728//728
f 817//817 856//856 762//762
f 754//754 840//840 770//770
f 764//764 801//801 952//952
f 639//639 683//683 794//794
f 845//845 684//684 795//795
f 854//854 864//864 868//868
f 697//697 914//914 793//793
f 637//637 735//735 865//865
f 890//890 864//864 854//854
f 854//854 868//868 889//889
f 835//835 906//906 811//811
f 798//798 875//875 814//814
f 786//786 802//802 879//879
f 768//768 851//851 883//883
f 545//545 694//694 877//877
f 586//586 780//780 796//796
f 749//749 916//916 857//857
f 788//788 811//811 897//897
f 699//699 852//852 813//813
f 806//806 844//844 886//886
f 810//810 806//806 886//886
f 584//584 836//836 771//771
f 863//863 818//818 856//856
f 739//739 880//880 876//876
f 583//583 816//816 839//839
f 686//686 866//866 935//935
f 732//732 888//888 694//694
f 788//788 897//897 879//879
f 803//803 775//775 885//885
f 764//764 952//952 789//789
f 640//640 974//974 884//884
f 722//722 832//832 858//858
f 823//823 824//824 896//896
f 640//640 884//884 790//790
f 774//774 935//935 795//795
f 728//728 861//861 874//874
f 734//734 843//843 900//900
f 667//667 865//865 759//759
f 622//622 983//983 780//780
f 767//767 950//950 841//841
f 837//837 834//834 891//891
f 827//827 901//901 831//831
f 754//754 892//892 840//840
f 658//658 876//876 880//880
f 658//658 880//880 873//873
f 883//883 886//886 844//844
f 163//163 1216//1216 771//771
f 163//163 1471//1471 1216//1216
f 163//163 2808//2808 1471//1471
f 802//802 788//788 879//879
f 815//815 920//920 718//718
f 852//852 778//778 887//887
f 749//749 813//813 916//916
f 753//753 797//797 905//905
f 883//883 844//844 826//826
f 824//824 810//810 896//896
f 750//750 858//858 850//850
f 828//828 983//983 622//622
f 678//678 895//895 787//787
f 760//760 814//814 1002//1002
f 883//883 893//893 886//886
f 891//891 834//834 894//894
f 683//683 792//792 794//794
f 714//714 908//908 832//832
f 694//694 888//888 877//877
f 796//796 934//934 674//674
f 803//803 885//885 744//744
f 757//757 829//829 888//888
f 854//854 840//840 890//890
f 673//673 823//823 847//847
f 882//882 892//892 932//932
f 829//829 889//889 869//869
f 794//794 902//902 779//779
f 761//761 863//863 915//915
f 837//837 891//891 898//898
f 705//705 909//909 846//846
f 779//779 902//902 778//778
f 775//775 870//870 885//885
f 891//891 894//894 918//918
f 678//678 848//848 1045//1045
f 734//734 900//900 798//798
f 697//697 839//839 914//914
f 658//658 873//873 792//792
f 809//809 905//905 827//827
f 841//841 944//944 974//974
f 645//645 656//656 1037//1037
f 536//536 771//771 1036//1036
f 761//761 915//915 871//871
f 893//893 883//883 919//919
f 847//847 892//892 754//754
f 789//789 952//952 904//904
f 869//869 912//912 829//829
f 808//808 881//881 801//801
f 811//811 906//906 897//897
f 840//840 892//892 890//890
f 828//828 899//899 983//983
f 679//679 793//793 773//773
f 882//882 890//890 892//892
f 835//835 789//789 922//922
f 837//837 921//921 830//830
f 760//760 1002//1002 866//866
f 890//890 910//910 864//864
f 823//823 896//896 973//973
f 913//913 929//929 882//882
f 881//881 808//808 930//930
f 790//790 878//878 733//733
f 703//703 741//741 972//972
f 645//645 1037//1037 833//833
f 656//656 838//838 939//939
f 905//905 917//917 827//827
f 793//793 914//914 970//970
f 847//847 823//823 936//936
f 678//678 1045//1045 895//895
f 903//903 928//928 867//867
f 918//918 894//894 925//925
f 813//813 852//852 916//916
f 775//775 830//830 933//933
f 723//723 833//833 937//937
f 851//851 928//928 883//883
f 858//858 832//832 908//908
f 808//808 849//849 930//930
f 783//783 961//961 867//867
f 860//860 961//961 783//783
f 747//747 855//855 822//822
f 907//907 932//932 918//918
f 902//902 960//960 778//778
f 834//834 1000//1000 894//894
f 903//903 919//919 928//928
f 882//882 932//932 913//913
f 827//827 911//911 940//940
f 897//897 906//906 924//924
f 833//833 942//942 1072//1072
f 830//830 921//921 933//933
f 798//798 923//923 875//875
f 819//819 850//850 948//948
f 816//816 761//761 839//839
f 866//866 938//938 935//935
f 759//759 1048//1048 815//815
f 903//903 867//867 961//961
f 852//852 887//887 916//916
f 851//851 867//867 928//928
f 807//807 857//857 817//817
f 778//778 965//965 887//887
f 901//901 827//827 940//940
f 800//800 733//733 872//872
f 672//672 1153//1153 838//838
f 950//950 944//944 841//841
f 907//907 918//918 925//925
f 906//906 835//835 946//946
f 907//907 913//913 932//932
f 847//847 951//951 892//892
f 882//882 929//929 890//890
f 810//810 926//926 973//973
f 900//900 843//843 859//859
f 874//874 953//953 714//714
f 597//597 822//822 1025//1025
f 833//833 1037//1037 942//942
f 823//823 973//973 936//936
f 810//810 973//973 896//896
f 831//831 901//901 941//941
f 918//918 932//932 947//947
f 763//763 786//786 956//956
f 888//888 829//829 912//912
f 881//881 943//943 801//801
f 737//737 950//950 767//767
f 883//883 928//928 919//919
f 798//798 900//900 923//923
f 810//810 998//998 926//926
f 672//672 720//720 1153//1153
f 892//892 951//951 932//932
f 893//893 1044//1044 886//886
f 536//536 945//945 825//825
f 800//800 872//872 927//927
f 789//789 904//904 922//922
f 705//705 877//877 962//962
f 889//889 868//868 869//869
f 857//857 916//916 949//949
f 790//790 884//884 878//878
f 850//850 858//858 948//948
f 769//769 773//773 954//954
f 947//947 996//996 918//918
f 834//834 1014//1014 1000//1000
f 901//901 988//988 964//964
f 974//974 944//944 1005//1005
f 856//856 817//817 985//985
f 955//955 856//856 969//969
f 801//801 957//957 952//952
f 860//860 979//979 961//961
f 886//886 998//998 810//810
f 901//901 964//964 941//941
f 723//723 937//937 842//842
f 795//795 959//959 845//845
f 833//833 1072//1072 937//937
f 763//763 1045//1045 848//848
f 705//705 962//962 909//909
f 781//781 950//950 737//737
f 887//887 967//967 916//916
f 782//782 989//989 799//799
f 853//853 842//842 1023//1023
f 814//814 875//875 1002//1002
f 932//932 958//958 947//947
f 792//792 873//873 794//794
f 828//828 846//846 1060//1060
f 828//828 1060//1060 899//899
f 775//775 968//968 870//870
f 778//778 960//960 965//965
f 894//894 1000//1000 925//925
f 927//927 966//966 735//735
f 786//786 879//879 992//992
f 922//922 904//904 1015//1015
f 935//935 938//938 971//971
f 849//849 769//769 930//930
f 884//884 1152//1152 878//878
f 797//797 978//978 905//905
f 936//936 951//951 847//847
f 906//906 946//946 980//980
f 906//906 980//980 924//924
f 856//856 982//982 863//863
f 794//794 873//873 902//902
f 910//910 1011//1011 864//864
f 842//842 937//937 1046//1046
f 781//781 862//862 950//950
f 674//674 934//934 963//963
f 817//817 857//857 985//985
f 536//536 1036//1036 945//945
f 733//733 878//878 872//872
f 869//869 868//868 981//981
f 936//936 973//973 1001//1001
f 903//903 961//961 979//979
f 839//839 761//761 976//976
f 898//898 977//977 921//921
f 597//597 1025//1025 862//862
f 744//744 885//885 859//859
f 907//907 925//925 975//975
f 801//801 943//943 957//957
f 780//780 984//984 796//796
f 775//775 933//933 968//968
f 893//893 919//919 1044//1044
f 939//939 838//838 1073//1073
f 842//842 1046//1046 1023//1023
f 887//887 987//987 967//967
f 869//869 981//981 912//912
f 863//863 982//982 986//986
f 898//898 921//921 837//837
f 891//891 996//996 898//898
f 952//952 1015//1015 904//904
f 866//866 1002//1002 938//938
f 769//769 954//954 930//930
f 886//886 1044//1044 1007//1007
f 887//887 965//965 987//987
f 860//860 819//819 948//948
f 871//871 915//915 1009//1009
f 856//856 985//985 969//969
f 916//916 967//967 949//949
f 857//857 949//949 985//985
f 656//656 939//939 1037//1037
f 747//747 825//825 855//855
f 835//835 995//995 946//946
f 881//881 930//930 993//993
f 674//674 963//963 741//741
f 858//858 908//908 948//948
f 879//879 897//897 992//992
f 890//890 929//929 910//910
f 932//932 990//990 958//958
f 886//886 1007//1007 998//998
f 945//945 997//997 825//825
f 979//979 919//919 903//903
f 761//761 871//871 976//976
f 856//856 955//955 1003//1003
f 907//907 975//975 913//913
f 1072//1072 1010//1010 937//937
f 868//868 864//864 1011//1011
f 856//856 1003//1003 982//982
f 946//946 995//995 980//980
f 936//936 1001//1001 951//951
f 983//983 1031//1031 780//780
f 915//915 863//863 991//991
f 780//780 1031//1031 984//984
f 915//915 991//991 1009//1009
f 873//873 880//880 999//999
f 793//793 970//970 1006//1006
f 741//741 963//963 972//972
f 932//932 1030//1030 990//990
f 932//932 951//951 1030//1030
f 891//891 918//918 996//996
f 933//933 921//921 1043//1043
f 897//897 924//924 980//980
f 853//853 1004//1004 834//834
f 793//793 1006//1006 773//773
f 935//935 959//959 795//795
f 900//900 1028//1028 1002//1002
f 998//998 1001//1001 973//973
f 973//973 926//926 998//998
f 898//898 996//996 977//977
f 884//884 974//974 1152//1152
f 934//934 796//796 1097//1097
f 955//955 1016//1016 1003//1003
f 900//900 885//885 1028//1028
f 871//871 1009//1009 986//986
f 863//863 986//986 991//991
f 773//773 1006//1006 954//954
f 986//986 982//982 1008//1008
f 992//992 897//897 980//980
f 835//835 922//922 995//995
f 874//874 861//861 1093//1093
f 880//880 994//994 999//999
f 1028//1028 1019//1019 1021//1021
f 986//986 1008//1008 976//976
f 796//796 984//984 1097//1097
f 877//877 888//888 1055//1055
f 718//718 920//920 820//820
f 870//870 968//968 885//885
f 927//927 872//872 966//966
f 845//845 978//978 797//797
f 911//911 1018//1018 940//940
f 855//855 825//825 1020//1020
f 846//846 909//909 1060//1060
f 900//900 1002//1002 923//923
f 986//986 1012//1012 991//991
f 853//853 1023//1023 1004//1004
f 825//825 997//997 1020//1020
f 952//952 957//957 1015//1015
f 878//878 1013//1013 872//872
f 1002//1002 1028//1028 1021//1021
f 919//919 979//979 1044//1044
f 751//751 745//745 1034//1034
f 964//964 1047//1047 941//941
f 839//839 976//976 1022//1022
f 986//986 976//976 871//871
f 815//815 1101//1101 920//920
f 917//917 911//911 827//827
f 986//986 1009//1009 1012//1012
f 874//874 1093//1093 953//953
f 1001//1001 998//998 1027//1027
f 899//899 1060//1060 983//983
f 902//902 873//873 999//999
f 996//996 947//947 958//958
f 950//950 1050//1050 944//944
f 714//714 953//953 1188//1188
f 902//902 999//999 960//960
f 862//862 1025//1025 950//950
f 950//950 1025//1025 1017//1017
f 972//972 1039//1039 440//440
f 913//913 975//975 929//929
f 1002//1002 875//875 923//923
f 885//885 900//900 859//859
f 1002//1002 1021//1021 1038//1038
f 1007//1007 1027//1027 998//998
f 941//941 1054//1054 831//831
f 1044//1044 979//979 1075//1075
f 975//975 925//925 1040//1040
f 971//971 959//959 935//935
f 1026//1026 1002//1002 1038//1038
f 982//982 1003//1003 1012//1012
f 965//965 1029//1029 987//987
f 786//786 992//992 956//956
f 751//751 1034//1034 1035//1035
f 988//988 901//901 1108//1108
f 1028//1028 885//885 968//968
f 983//983 1060//1060 1031//1031
f 940//940 1018//1018 901//901
f 990//990 1030//1030 1056//1056
f 957//957 1059//1059 1015//1015
f 714//714 1188//1188 908//908
f 735//735 1068//1068 865//865
f 735//735 931//931 1068//1068
f 1007//1007 1044//1044 1027//1027
f 735//735 966//966 931//931
f 845//845 1024//1024 978//978
f 994//994 1090//1090 999//999
f 720//720 1087//1087 1153//1153
f 1028//1028 933//933 1042//1042
f 822//822 1071//1071 1025//1025
f 949//949 967//967 987//987
f 1001//1001 1030//1030 951//951
f 980//980 1065//1065 992//992
f 1047//1047 1054//1054 941//941
f 922//922 1078//1078 995//995
f 977//977 1043//1043 921//921
f 1026//1026 938//938 1002//1002
f 1011//1011 1067//1067 868//868
f 960//960 1051//1051 965//965
f 834//834 1088//1088 1014//1014
f 933//933 1028//1028 968//968
f 908//908 1077//1077 948//948
f 963//963 1062//1062 972//972
f 976//976 1008//1008 1117//1117
f 855//855 1053//1053 822//822
f 945//945 1036//1036 1086//1086
f 963//963 934//934 1070//1070
f 970//970 1057//1057 1006//1006
f 943//943 881//881 1041//1041
f 976//976 1049//1049 1022//1022
f 964//964 988//988 1063//1063
f 1028//1028 1042//1042 1019//1019
f 963//963 1033//1033 1062//1062
f 901//901 1018//1018 1108//1108
f 878//878 1152//1152 1074//1074
f 1026//1026 1038//1038 1107//1107
f 976//976 1117//1117 1049//1049
f 1001//1001 1056//1056 1030//1030
f 949//949 1069//1069 985//985
f 1012//1012 1081//1081 982//982
f 980//980 1052//1052 1065//1065
f 988//988 1108//1108 1063//1063
f 1020//1020 997//997 1053//1053
f 949//949 987//987 1069//1069
f 880//880 1061//1061 1090//1090
f 880//880 1090//1090 994//994
f 980//980 995//995 1052//1052
f 1001//1001 1027//1027 1064//1064
f 1026//1026 971//971 938//938
f 771//771 1105//1105 1036//1036
f 1017//1017 1084//1084 950//950
f 1012//1012 1009//1009 1081//1081
f 912//912 981//981 1080//1080
f 1048//1048 1101//1101 815//815
f 925//925 1000//1000 1040//1040
f 877//877 1055//1055 962//962
f 930//930 954//954 993//993
f 937//937 1010//1010 1046//1046
f 820//820 1058//1058 880//880
f 1042//1042 1091//1091 1019//1019
f 978//978 917//917 905//905
f 1016//1016 955//955 1032//1032
f 974//974 1005//1005 1112//1112
f 763//763 956//956 1045//1045
f 1001//1001 1064//1064 1056//1056
f 845//845 959//959 1024//1024
f 982//982 1081//1081 1008//1008
f 868//868 1067//1067 981//981
f 834//834 1004//1004 1088//1088
f 958//958 1138//1138 996//996
f 1047//1047 1082//1082 1083//1083
f 1038//1038 1021//1021 1110//1110
f 970//970 914//914 1057//1057
f 855//855 1020//1020 1053//1053
f 957//957 943//943 1085//1085
f 1188//1188 1114//1114 908//908
f 974//974 1112//1112 1152//1152
f 972//972 1109//1109 1039//1039
f 955//955 969//969 1032//1032
f 985//985 1069//1069 969//969
f 878//878 1074//1074 1094//1094
f 910//910 929//929 1079//1079
f 977//977 996//996 1089//1089
f 1046//1046 1159//1159 1023//1023
f 954//954 1006//1006 1057//1057
f 1049//1049 1102//1102 1022//1022
f 922//922 1015//1015 1092//1092
f 839//839 1022//1022 914//914
f 1019//1019 1129//1129 1021//1021
f 1042//1042 933//933 1043//1043
f 1026//1026 959//959 971//971
f 944//944 1076//1076 1005//1005
f 782//782 1144//1144 989//989
f 1047//1047 1083//1083 1054//1054
f 1043//1043 977//977 1089//1089
f 964//964 1121//1121 1047//1047
f 1044//1044 1075//1075 1096//1096
f 999//999 1051//1051 960//960
f 860//860 1077//1077 979//979
f 1014//1014 1104//1104 1000//1000
f 745//745 799//799 1147//1147
f 934//934 1097//1097 1070//1070
f 964//964 1063//1063 1121//1121
f 1003//1003 1016//1016 1008//1008
f 751//751 1113//1113 861//861
f 1027//1027 1044//1044 1096//1096
f 912//912 1080//1080 888//888
f 958//958 990//990 1138//1138
f 999//999 1090//1090 1051//1051
f 1017//1017 1025//1025 1084//1084
f 822//822 1053//1053 1071//1071
f 881//881 993//993 1111//1111
f 979//979 1077//1077 1075//1075
f 1012//1012 1003//1003 991//991
f 878//878 1094//1094 1013//1013
f 950//950 1084//1084 1050//1050
f 993//993 954//954 1111//1111
f 881//881 1111//1111 1041//1041
f 1008//1008 1081//1081 1003//1003
f 969//969 1069//1069 1106//1106
f 957//957 1131//1131 1059//1059
f 751//751 1035//1035 1113//1113
f 943//943 1125//1125 1085//1085
f 1069//1069 987//987 1106//1106
f 1089//1089 1091//1091 1042//1042
f 1049//1049 1098//1098 1102//1102
f 1015//1015 1059//1059 1092//1092
f 1063//1063 1108//1108 1121//1121
f 943//943 1041//1041 1125//1125
f 965//965 1051//1051 1103//1103
f 1026//1026 1024//1024 959//959
f 1052//1052 1100//1100 1065//1065
f 944//944 1050//1050 1076//1076
f 1089//1089 1042//1042 1043//1043
f 1014//1014 1088//1088 1066//1066
f 914//914 1022//1022 1118//1118
f 799//799 989//989 1147//1147
f 1067//1067 1150//1150 981//981
f 872//872 1013//1013 1145//1145
f 1058//1058 1061//1061 880//880
f 1008//1008 1016//1016 1117//1117
f 991//991 1081//1081 1009//1009
f 922//922 1092//1092 1078//1078
f 1037//1037 939//939 1095//1095
f 945//945 1086//1086 997//997
f 888//888 1080//1080 1055//1055
f 1108//1108 1018//1018 1165//1165
f 987//987 1029//1029 1106//1106
f 1021//1021 1129//1129 1119//1119
f 1061//1061 1106//1106 1051//1051
f 782//782 787//787 1144//1144
f 1102//1102 1118//1118 1022//1022
f 720//720 831//831 1087//1087
f 1106//1106 1103//1103 1051//1051
f 991//991 1003//1003 1081//1081
f 1082//1082 1047//1047 1121//1121
f 1038//1038 1110//1110 1107//1107
f 1049//1049 1117//1117 1098//1098
f 1091//1091 1129//1129 1019//1019
f 965//965 1103//1103 1029//1029
f 1106//1106 1029//1029 1103//1103
f 996//996 1120//1120 1089//1089
f 1057//1057 914//914 1124//1124
f 1102//1102 1098//1098 1115//1115
f 1084//1084 1141//1141 1050//1050
f 969//969 1126//1126 1032//1032
f 963//963 1146//1146 1033//1033
f 909//909 1130//1130 1060//1060
f 972//972 1062//1062 1109//1109
f 1021//1021 1127//1127 1110//1110
f 957//957 1085//1085 1131//1131
f 1089//1089 1123//1123 1091//1091
f 1031//1031 1060//1060 1156//1156
f 1061//1061 1051//1051 1090//1090
f 1076//1076 1112//1112 1005//1005
f 1021//1021 1119//1119 1127//1127
f 1096//1096 1075//1075 1128//1128
f 1078//1078 1092//1092 1184//1184
f 1116//1116 1035//1035 1127//1127
f 908//908 1114//1114 1077//1077
f 860//860 948//948 1077//1077
f 1026//1026 978//978 1024//1024
f 1027//1027 1122//1122 990//990
f 1116//1116 1113//1113 1035//1035
f 1117//1117 1016//1016 1098//1098
f 1027//1027 1099//1099 1122//1122
f 1086//1086 1192//1192 997//997
f 1089//1089 1120//1120 1138//1138
f 1116//1116 1127//1127 1119//1119
f 1014//1014 1066//1066 1104//1104
f 969//969 1106//1106 1126//1126
f 1056//1056 1064//1064 990//990
f 929//929 975//975 1079//1079
f 1065//1065 1151//1151 992//992
f 942//942 1242//1242 1072//1072
f 1113//1113 1148//1148 861//861
f 745//745 1147//1147 1034//1034
f 1127//1127 1035//1035 1034//1034
f 996//996 1138//1138 1120//1120
f 1082//1082 1135//1135 1134//1134
f 1110//1110 1127//1127 1177//1177
f 1040//1040 1000//1000 1183//1183
f 1064//1064 1027//1027 990//990
f 1082//1082 1121//1121 1135//1135
f 1080//1080 981//981 1133//1133
f 1059//1059 1131//1131 1137//1137
f 984//984 1031//1031 1136//1136
f 1026//1026 1107//1107 1132//1132
f 1089//1089 1138//1138 1123//1123
f 838//838 1153//1153 1073//1073
f 1052//1052 1142//1142 1100//1100
f 1026//1026 1132//1132 978//978
f 911//911 1139//1139 1018//1018
f 1061//1061 1143//1143 1106//1106
f 942//942 1037//1037 1242//1242
f 909//909 962//962 1166//1166
f 1041//1041 1111//1111 1149//1149
f 1138//1138 1099//1099 1123//1123
f 1125//1125 1041//1041 1149//1149
f 1061//1061 1058//1058 1143//1143
f 1082//1082 1134//1134 1083//1083
f 1036//1036 1105//1105 1154//1154
f 1023//1023 1088//1088 1004//1004
f 1116//1116 1119//1119 1148//1148
f 954//954 1057//1057 1111//1111
f 911//911 917//917 1139//1139
f 1011//1011 910//910 1157//1157
f 997//997 1071//1071 1053//1053
f 962//962 1055//1055 1166//1166
f 1129//1129 1148//1148 1119//1119
f 872//872 1145//1145 966//966
f 1110//1110 1177//1177 1199//1199
f 1000//1000 1104//1104 1171//1171
f 1000//1000 1171//1171 1183//1183
f 1072//1072 1242//1242 1010//1010
f 1127//1127 1034//1034 1147//1147
f 1096//1096 1099//1099 1027//1027
f 990//990 1122//1122 1138//1138
f 981//981 1150//1150 1133//1133
f 1062//1062 1033//1033 1109//1109
f 975//975 1183//1183 1079//1079
f 1110//1110 1199//1199 1107//1107
f 1059//1059 1184//1184 1092//1092
f 1108//1108 1165//1165 1140//1140
f 1113//1113 1116//1116 1148//1148
f 831//831 1176//1176 1087//1087
f 1074//1074 1152//1152 1094//1094
f 1016//1016 1032//1032 1126//1126
f 909//909 1166//1166 1130//1130
f 787//787 895//895 1181//1181
f 1112//1112 1076//1076 1194//1194
f 1046//1046 1010//1010 1159//1159
f 1075//1075 1201//1201 1128//1128
f 1095//1095 939//939 1162//1162
f 861//861 1148//1148 1093//1093
f 1059//1059 1137//1137 1184//1184
f 992//992 1151//1151 1161//1161
f 1107//1107 1155//1155 1132//1132
f 1121//1121 1108//1108 1140//1140
f 1036//1036 1154//1154 1086//1086
f 1127//1127 1147//1147 1177//1177
f 1010//1010 1242//1242 1159//1159
f 963//963 1070//1070 1146//1146
f 820//820 920//920 1058//1058
f 984//984 1136//1136 1097//1097
f 1075//1075 1077//1077 1201//1201
f 1134//1134 1169//1169 1083//1083
f 1102//1102 1115//1115 1118//1118
f 914//914 1118//1118 1124//1124
f 975//975 1040//1040 1183//1183
f 865//865 1068//1068 759//759
f 966//966 1163//1163 931//931
f 1048//1048 759//759 1389//1389
f 1098//1098 1016//1016 1115//1115
f 1084//1084 1164//1164 1141//1141
f 1142//1142 1052//1052 1170//1170
f 1132//1132 1139//1139 978//978
f 1137//1137 1131//1131 1160//1160
f 1067//1067 1011//1011 1168//1168
f 1054//1054 1176//1176 831//831
f 956//956 992//992 1167//1167
f 1091//1091 1128//1128 1129//1129
f 966//966 1145//1145 1163//1163
f 1100//1100 1151//1151 1065//1065
f 1083//1083 1180//1180 1054//1054
f 1142//1142 1170//1170 1100//1100
f 1037//1037 1095//1095 1242//1242
f 1083//1083 1158//1158 1180//1180
f 1083//1083 1169//1169 1158//1158
f 1115//1115 1016//1016 1178//1178
f 1067//1067 1168//1168 1150//1150
f 1155//1155 1107//1107 1199//1199
f 1045//1045 1249//1249 895//895
f 1058//1058 920//920 1143//1143
f 917//917 978//978 1139//1139
f 1129//1129 1128//1128 1148//1148
f 1076//1076 1050//1050 1194//1194
f 1100//1100 1170//1170 1175//1175
f 1118//1118 1115//1115 1178//1178
f 1099//1099 1138//1138 1122//1122
f 1091//1091 1123//1123 1128//1128
f 1085//1085 1174//1174 1131//1131
f 1052//1052 995//995 1173//1173
f 1148//1148 1188//1188 1093//1093
f 1080//1080 1172//1172 1055//1055
f 1123//1123 1099//1099 1096//1096
f 1106//1106 1195//1195 1126//1126
f 1147//1147 989//989 1185//1185
f 1132//1132 1155//1155 1182//1182
f 1011//1011 1157//1157 1168//1168
f 939//939 1073//1073 1162//1162
f 1080//1080 1133//1133 1172//1172
f 1158//1158 1169//1169 1187//1187
f 1139//1139 1165//1165 1018//1018
f 1106//1106 1143//1143 1195//1195
f 1132//1132 1165//1165 1139//1139
f 895//895 1249//1249 1181//1181
f 1052//1052 1173//1173 1170//1170
f 1100//1100 1175//1175 1151//1151
f 1050//1050 1141//1141 1277//1277
f 1050//1050 1277//1277 1194//1194
f 992//992 1161//1161 1167//1167
f 953//953 1093//1093 1188//1188
f 997//997 1192//1192 1071//1071
f 1094//1094 1152//1152 1193//1193
f 771//771 1216//1216 1105//1105
f 1079//1079 1196//1196 910//910
f 1121//1121 1200//1200 1135//1135
f 1068//1068 1191//1191 759//759
f 1070//1070 1097//1097 1136//1136
f 1131//1131 1174//1174 1160//1160
f 1180//1180 1158//1158 1186//1186
f 1023//1023 1159//1159 1179//1179
f 1055//1055 1190//1190 1166//1166
f 163//163 1039//1039 1446//1446
f 163//163 1446//1446 2808//2808
f 1130//1130 1166//1166 1213//1213
f 1033//1033 1146//1146 1109//1109
f 1060//1060 1130//1130 1205//1205
f 1016//1016 1126//1126 1195//1195
f 1152//1152 1112//1112 1193//1193
f 1023//1023 1179//1179 1088//1088
f 1096//1096 1128//1128 1123//1123
f 1048//1048 1197//1197 1101//1101
f 1057//1057 1124//1124 1111//1111
f 910//910 1196//1196 1157//1157
f 1148//1148 1128//1128 1188//1188
f 1112//1112 1194//1194 1189//1189
f 1150//1150 1168//1168 1214//1214
f 1153//1153 1203//1203 1073//1073
f 1160//1160 1184//1184 1137//1137
f 995//995 1078//1078 1173//1173
f 1118//1118 1178//1178 1124//1124
f 1104//1104 1066//1066 1171//1171
f 1153//1153 1087//1087 1203//1203
f 1031//1031 1222//1222 1136//1136
f 1191//1191 1389//1389 759//759
f 1140//1140 1165//1165 1206//1206
f 1013//1013 1094//1094 1212//1212
f 1199//1199 1177//1177 1221//1221
f 1055//1055 1172//1172 1207//1207
f 1135//1135 1200//1200 1232//1232
f 1078//1078 1184//1184 1243//1243
f 1013//1013 1212//1212 1145//1145
f 1132//1132 1206//1206 1165//1165
f 1121//1121 1232//1232 1200//1200
f 1140//1140 1206//1206 1121//1121
f 1048//1048 1389//1389 1197//1197
f 1084//1084 1025//1025 1204//1204
f 787//787 1210//1210 1144//1144
f 1177//1177 1147//1147 1185//1185
f 1112//1112 1189//1189 1193//1193
f 1135//1135 1232//1232 1134//1134
f 1172//1172 1133//1133 1202//1202
f 1170//1170 1198//1198 1175//1175
f 1086//1086 1154//1154 1356//1356
f 1060//1060 1205//1205 1156//1156
f 1079//1079 1183//1183 1211//1211
f 1172//1172 1202//1202 1207//1207
f 1188//1188 1201//1201 1114//1114
f 1071//1071 1204//1204 1025//1025
f 1031//1031 1156//1156 1222//1222
f 1077//1077 1114//1114 1201//1201
f 1016//1016 1209//1209 1178//1178
f 1186//1186 1158//1158 1208//1208
f 1155//1155 1199//1199 1261//1261
f 1146//1146 1224//1224 1109//1109
f 1070//1070 1136//1136 1146//1146
f 1079//1079 1211//1211 1196//1196
f 1105//1105 1216//1216 1154//1154
f 1111//1111 1124//1124 1220//1220
f 1155//1155 1261//1261 1182//1182
f 989//989 1266//1266 1185//1185
f 1125//1125 1149//1149 1217//1217
f 1150//1150 1214//1214 1133//1133
f 1128//1128 1201//1201 1188//1188
f 1134//1134 1245//1245 1169//1169
f 1168//1168 1241//1241 1214//1214
f 1158//1158 1218//1218 1208//1208
f 1149//1149 1111//1111 1220//1220
f 1071//1071 1192//1192 1250//1250
f 1055//1055 1207//1207 1263//1263
f 1055//1055 1263//1263 1190//1190
f 1158//1158 1187//1187 1218//1218
f 1211//1211 1183//1183 1237//1237
f 1132//1132 1182//1182 1228//1228
f 1189//1189 1219//1219 1193//1193
f 1170//1170 1173//1173 1198//1198
f 1203//1203 1223//1223 1073//1073
f 1189//1189 1194//1194 1219//1219
f 1175//1175 1198//1198 1225//1225
f 1121//1121 1206//1206 1232//1232
f 1164//1164 1084//1084 1230//1230
f 1177//1177 1185//1185 1221//1221
f 1132//1132 1232//1232 1206//1206
f 1094//1094 1193//1193 1226//1226
f 1016//1016 1195//1195 1209//1209
f 1219//1219 1194//1194 1227//1227
f 787//787 1181//1181 1210//1210
f 1219//1219 1231//1231 1193//1193
f 1132//1132 1228//1228 1232//1232
f 1071//1071 1250//1250 1204//1204
f 1180//1180 1186//1186 1251//1251
f 1175//1175 1225//1225 1151//1151
f 1159//1159 1286//1286 1179//1179
f 1166//1166 1190//1190 1213//1213
f 1149//1149 1220//1220 1217//1217
f 1232//1232 1245//1245 1134//1134
f 1085//1085 1125//1125 1217//1217
f 1161//1161 1236//1236 1167//1167
f 1157//1157 1241//1241 1168//1168
f 931//931 1163//1163 1068//1068
f 1207//1207 1202//1202 1263//1263
f 1199//1199 1221//1221 1261//1261
f 1198//1198 1235//1235 1225//1225
f 1130//1130 1276//1276 1205//1205
f 1169//1169 1245//1245 1187//1187
f 1219//1219 1227//1227 1238//1238
f 1085//1085 1215//1215 1174//1174
f 1231//1231 1219//1219 1247//1247
f 1257//1257 1186//1186 1208//1208
f 1176//1176 1054//1054 1310//1310
f 1202//1202 1229//1229 1263//1263
f 1146//1146 1136//1136 1253//1253
f 1086//1086 1356//1356 1252//1252
f 1124//1124 1240//1240 1220//1220
f 1219//1219 1238//1238 1247//1247
f 1193//1193 1231//1231 1226//1226
f 1124//1124 1178//1178 1256//1256
f 1087//1087 1291//1291 1203//1203
f 1227//1227 1248//1248 1238//1238
f 1171//1171 1066//1066 1088//1088
f 1124//1124 1256//1256 1240//1240
f 1085//1085 1217//1217 1215//1215
f 1198//1198 1234//1234 1235//1235
f 1130//1130 1213//1213 1276//1276
f 1202//1202 1133//1133 1229//1229
f 1145//1145 1212//1212 1254//1254
f 1154//1154 1216//1216 1356//1356
f 1257//1257 1208//1208 1244//1244
f 1192//1192 1239//1239 1250//1250
f 1231//1231 1247//1247 1295//1295
f 1217//1217 1220//1220 1255//1255
f 1160//1160 1174//1174 1215//1215
f 1078//1078 1246//1246 1173//1173
f 1094//1094 1226//1226 1212//1212
f 1184//1184 1160//1160 1233//1233
f 1160//1160 1215//1215 1233//1233
f 989//989 1144//1144 1269//1269
f 1156//1156 1205//1205 1222//1222
f 1221//1221 1185//1185 1266//1266
f 1211//1211 1308//1308 1196//1196
f 1171//1171 1088//1088 1264//1264
f 1184//1184 1262//1262 1260//1260
f 1151//1151 1225//1225 1161//1161
f 1164//1164 1230//1230 1141//1141
f 1228//1228 1245//1245 1232//1232
f 1220//1220 1240//1240 1255//1255
f 1211//1211 1237//1237 1308//1308
f 1192//1192 1290//1290 1239//1239
f 1084//1084 1204//1204 1230//1230
f 1109//1109 1224//1224 1039//1039
f 1247//1247 1267//1267 1295//1295
f 1184//1184 1233//1233 1262//1262
f 1045//1045 956//956 1249//1249
f 1146//1146 1363//1363 1224//1224
f 1221//1221 1266//1266 1259//1259
f 1146//1146 1253//1253 1363//1363
f 1228//1228 1182//1182 1300//1300
f 1171//1171 1264//1264 1183//1183
f 1194//1194 1277//1277 1227//1227
f 1136//1136 1303//1303 1253//1253
f 1222//1222 1273//1273 1136//1136
f 1258//1258 1272//1272 1238//1238
f 1088//1088 1287//1287 1264//1264
f 1212//1212 1226//1226 1265//1265
f 1180//1180 1251//1251 1274//1274
f 1157//1157 1196//1196 1241//1241
f 1231//1231 1265//1265 1226//1226
f 1255//1255 1240//1240 1279//1279
f 1162//1162 1073//1073 1292//1292
f 1243//1243 1312//1312 1078//1078
f 1238//1238 1272//1272 1311//1311
f 1257//1257 1271//1271 1186//1186
f 1212//1212 1265//1265 1254//1254
f 1145//1145 1254//1254 1163//1163
f 1133//1133 1297//1297 1229//1229
f 1286//1286 1289//1289 1179//1179
f 1184//1184 1260//1260 1243//1243
f 1221//1221 1259//1259 1261//1261
f 1187//1187 1245//1245 1218//1218
f 1179//1179 1289//1289 1088//1088
f 1176//1176 1291//1291 1087//1087
f 1073//1073 1223//1223 1292//1292
f 1257//1257 1314//1314 1271//1271
f 989//989 1269//1269 1266//1266
f 1235//1235 1234//1234 1225//1225
f 1086//1086 1282//1282 1192//1192
f 1237//1237 1183//1183 1308//1308
f 1133//1133 1214//1214 1297//1297
f 1183//1183 1309//1309 1308//1308
f 920//920 1283//1283 1143//1143
f 1173//1173 1323//1323 1198//1198
f 1054//1054 1180//1180 1310//1310
f 1141//1141 1230//1230 1277//1277
f 1238//1238 1248//1248 1293//1293
f 1159//1159 1242//1242 1286//1286
f 1088//1088 1289//1289 1287//1287
f 1218//1218 1245//1245 1275//1275
f 1182//1182 1261//1261 1300//1300
f 1238//1238 1311//1311 1247//1247
f 1270//1270 1268//1268 1281//1281
f 1243//1243 1260//1260 1299//1299
f 1186//1186 1271//1271 1251//1251
f 1136//1136 1273//1273 1303//1303
f 1280//1280 1288//1288 1278//1278
f 1068//1068 1163//1163 1191//1191
f 1284//1284 1285//1285 1270//1270
f 1231//1231 1318//1318 1265//1265
f 1247//1247 1311//1311 1267//1267
f 1086//1086 1252//1252 1282//1282
f 1192//1192 1282//1282 1290//1290
f 920//920 1101//1101 1378//1378
f 1259//1259 1266//1266 1269//1269
f 1205//1205 1317//1317 1222//1222
f 1270//1270 1281//1281 1294//1294
f 1284//1284 1270//1270 1294//1294
f 1228//1228 1275//1275 1245//1245
f 1268//1268 1278//1278 1296//1296
f 1143//1143 1283//1283 1195//1195
f 1296//1296 1278//1278 1298//1298
f 1281//1281 1268//1268 1302//1302
f 920//920 1319//1319 1283//1283
f 1240//1240 1316//1316 1279//1279
f 1288//1288 1280//1280 1315//1315
f 1288//1288 1298//1298 1278//1278
f 1190//1190 1263//1263 1339//1339
f 1278//1278 1305//1305 1280//1280
f 1257//1257 1338//1338 1314//1314
f 1224//1224 1363//1363 1368//1368
f 1243//1243 1299//1299 1312//1312
f 1276//1276 1213//1213 1398//1398
f 1163//1163 1307//1307 1191//1191
f 1208//1208 1218//1218 1244//1244
f 1304//1304 1272//1272 1258//1258
f 1296//1296 1302//1302 1268//1268
f 1281//1281 1302//1302 1294//1294
f 1229//1229 1297//1297 1326//1326
f 1225//1225 1234//1234 1344//1344
f 1288//1288 1315//1315 1298//1298
f 1309//1309 1183//1183 1264//1264
f 1306//1306 1231//1231 1295//1295
f 1195//1195 1283//1283 1359//1359
f 956//956 1167//1167 1321//1321
f 1280//1280 1305//1305 1315//1315
f 1176//1176 1327//1327 1291//1291
f 1287//1287 1289//1289 1366//1366
f 1258//1258 1238//1238 1340//1340
f 1249//1249 956//956 1353//1353
f 1242//1242 1330//1330 1315//1315
f 1218//1218 1275//1275 1244//1244
f 1306//1306 1295//1295 1334//1334
f 1298//1298 1315//1315 1330//1330
f 1310//1310 1180//1180 1274//1274
f 1204//1204 1320//1320 1230//1230
f 1238//1238 1293//1293 1336//1336
f 1278//1278 1347//1347 1305//1305
f 1190//1190 1398//1398 1213//1213
f 1306//1306 1329//1329 1231//1231
f 1190//1190 1339//1339 1398//1398
f 1271//1271 1314//1314 1324//1324
f 1217//1217 1255//1255 1215//1215
f 1315//1315 1305//1305 1342//1342
f 1205//1205 1276//1276 1333//1333
f 1162//1162 1302//1302 1095//1095
f 1167//1167 1236//1236 1321//1321
f 1286//1286 1341//1341 1289//1289
f 1242//1242 1342//1342 1286//1286
f 1331//1331 1342//1342 1305//1305
f 1144//1144 1313//1313 1269//1269
f 1244//1244 1338//1338 1257//1257
f 1242//1242 1315//1315 1342//1342
f 1238//1238 1336//1336 1340//1340
f 1305//1305 1335//1335 1331//1331
f 1162//1162 1292//1292 1302//1302
f 1229//1229 1326//1326 1263//1263
f 1328//1328 1335//1335 1305//1305
f 1297//1297 1214//1214 1350//1350
f 1284//1284 1322//1322 1325//1325
f 1318//1318 1231//1231 1385//1385
f 1095//1095 1330//1330 1242//1242
f 1284//1284 1325//1325 1285//1285
f 1256//1256 1178//1178 1345//1345
f 1286//1286 1342//1342 1341//1341
f 1278//1278 1268//1268 1347//1347
f 1304//1304 1258//1258 1340//1340
f 1204//1204 1250//1250 1320//1320
f 1230//1230 1348//1348 1277//1277
f 1322//1322 1284//1284 1354//1354
f 1300//1300 1261//1261 1473//1473
f 1330//1330 1302//1302 1296//1296
f 1302//1302 1349//1349 1294//1294
f 1241//1241 1196//1196 1364//1364
f 1095//1095 1302//1302 1330//1330
f 1357//1357 1335//1335 1328//1328
f 1298//1298 1330//1330 1296//1296
f 1231//1231 1329//1329 1385//1385
f 1289//1289 1341//1341 1362//1362
f 1241//1241 1364//1364 1214//1214
f 1335//1335 1341//1341 1331//1331
f 1253//1253 1303//1303 1332//1332
f 1205//1205 1333//1333 1317//1317
f 1300//1300 1343//1343 1228//1228
f 1253//1253 1332//1332 1363//1363
f 1289//1289 1362//1362 1366//1366
f 1225//1225 1344//1344 1161//1161
f 1311//1311 1346//1346 1267//1267
f 1292//1292 1223//1223 1349//1349
f 1264//1264 1287//1287 1405//1405
f 1234//1234 1198//1198 1344//1344
f 1325//1325 1352//1352 1285//1285
f 1341//1341 1335//1335 1357//1357
f 1228//1228 1369//1369 1275//1275
f 1331//1331 1341//1341 1342//1342
f 1292//1292 1349//1349 1302//1302
f 1181//1181 1249//1249 1367//1367
f 920//920 1378//1378 1319//1319
f 1263//1263 1375//1375 1339//1339
f 1250//1250 1239//1239 1370//1370
f 1287//1287 1366//1366 1399//1399
f 1325//1325 1322//1322 1355//1355
f 1314//1314 1360//1360 1324//1324
f 1337//1337 1314//1314 1384//1384
f 1305//1305 1347//1347 1328//1328
f 1230//1230 1320//1320 1351//1351
f 1320//1320 1250//1250 1370//1370
f 1196//1196 1308//1308 1365//1365
f 1259//1259 1269//1269 1361//1361
f 1260//1260 1262//1262 1299//1299
f 1263//1263 1326//1326 1375//1375
f 1244//1244 1369//1369 1338//1338
f 1270//1270 1285//1285 1352//1352
f 1287//1287 1399//1399 1405//1405
f 1255//1255 1279//1279 1215//1215
f 1276//1276 1383//1383 1333//1333
f 1276//1276 1398//1398 1383//1383
f 1223//1223 1376//1376 1349//1349
f 1357//1357 1362//1362 1341//1341
f 1340//1340 1336//1336 1372//1372
f 1377//1377 1369//1369 1228//1228
f 1282//1282 1374//1374 1290//1290
f 1270//1270 1352//1352 1268//1268
f 1244//1244 1275//1275 1369//1369
f 1354//1354 1284//1284 1376//1376
f 1294//1294 1349//1349 1284//1284
f 1230//1230 1351//1351 1348//1348
f 1357//1357 1358//1358 1362//1362
f 1284//1284 1349//1349 1376//1376
f 1304//1304 1340//1340 1371//1371
f 1228//1228 1343//1343 1377//1377
f 1282//1282 1252//1252 1356//1356
f 1209//1209 1195//1195 1386//1386
f 1325//1325 1355//1355 1352//1352
f 1196//1196 1365//1365 1364//1364
f 1328//1328 1347//1347 1357//1357
f 1198//1198 1323//1323 1344//1344
f 1265//1265 1318//1318 1254//1254
f 1314//1314 1338//1338 1384//1384
f 1290//1290 1374//1374 1239//1239
f 1236//1236 1382//1382 1321//1321
f 1268//1268 1352//1352 1347//1347
f 1343//1343 1300//1300 1430//1430
f 1314//1314 1337//1337 1360//1360
f 1227//1227 1277//1277 1348//1348
f 1362//1362 1358//1358 1379//1379
f 1379//1379 1366//1366 1362//1362
f 1259//1259 1473//1473 1261//1261
f 1372//1372 1408//1408 1340//1340
f 1358//1358 1388//1388 1379//1379
f 1295//1295 1267//1267 1334//1334
f 1322//1322 1354//1354 1393//1393
f 1203//1203 1291//1291 1401//1401
f 1381//1381 1399//1399 1366//1366
f 1223//1223 1203//1203 1376//1376
f 1214//1214 1364//1364 1380//1380
f 1236//1236 1161//1161 1392//1392
f 1078//1078 1312//1312 1246//1246
f 1216//1216 1471//1471 1356//1356
f 1366//1366 1379//1379 1381//1381
f 1381//1381 1379//1379 1391//1391
f 1297//1297 1350//1350 1326//1326
f 1214//1214 1380//1380 1350//1350
f 1309//1309 1264//1264 1405//1405
f 1376//1376 1203//1203 1393//1393
f 1224//1224 1368//1368 1039//1039
f 1308//1308 1309//1309 1373//1373
f 1388//1388 1391//1391 1379//1379
f 1240//1240 1470//1470 1316//1316
f 1320//1320 1370//1370 1395//1395
f 1375//1375 1396//1396 1339//1339
f 1227//1227 1390//1390 1248//1248
f 1322//1322 1387//1387 1355//1355
f 1322//1322 1393//1393 1387//1387
f 1222//1222 1317//1317 1404//1404
f 1256//1256 1416//1416 1240//1240
f 1375//1375 1326//1326 1396//1396
f 1300//1300 1473//1473 1430//1430
f 1272//1272 1420//1420 1311//1311
f 1273//1273 1402//1402 1303//1303
f 1271//1271 1324//1324 1251//1251
f 1339//1339 1396//1396 1407//1407
f 1340//1340 1408//1408 1371//1371
f 1354//1354 1376//1376 1393//1393
f 1306//1306 1334//1334 1329//1329
f 1269//1269 1313//1313 1361//1361
f 1308//1308 1373//1373 1365//1365
f 1377//1377 1338//1338 1369//1369
f 1309//1309 1405//1405 1373//1373
f 1259//1259 1361//1361 1473//1473
f 1173//1173 1246//1246 1409//1409
f 1272//1272 1304//1304 1420//1420
f 1304//1304 1371//1371 1408//1408
f 1358//1358 1357//1357 1412//1412
f 1381//1381 1391//1391 1399//1399
f 1387//1387 1403//1403 1355//1355
f 1336//1336 1406//1406 1372//1372
f 1273//1273 1222//1222 1402//1402
f 1388//1388 1358//1358 1412//1412
f 1363//1363 1467//1467 1368//1368
f 1355//1355 1413//1413 1352//1352
f 1227//1227 1348//1348 1390//1390
f 1282//1282 1356//1356 1374//1374
f 1236//1236 1419//1419 1301//1301
f 1388//1388 1399//1399 1391//1391
f 1039//1039 1368//1368 1467//1467
f 1395//1395 1351//1351 1320//1320
f 1357//1357 1347//1347 1412//1412
f 1388//1388 1423//1423 1399//1399
f 1365//1365 1373//1373 1417//1417
f 956//956 1321//1321 1353//1353
f 1251//1251 1422//1422 1274//1274
f 1360//1360 1437//1437 1324//1324
f 1222//1222 1404//1404 1402//1402
f 1364//1364 1365//1365 1417//1417
f 1039//1039 1467//1467 1446//1446
f 1380//1380 1364//1364 1418//1418
f 1301//1301 1394//1394 1400//1400
f 1333//1333 1504//1504 1317//1317
f 1410//1410 1373//1373 1405//1405
f 1398//1398 1339//1339 1407//1407
f 1405//1405 1399//1399 1411//1411
f 1416//1416 1470//1470 1240//1240
f 1310//1310 1327//1327 1176//1176
f 1173//1173 1409//1409 1323//1323
f 1360//1360 1414//1414 1437//1437
f 1350//1350 1425//1425 1326//1326
f 1236//1236 1301//1301 1382//1382
f 1293//1293 1248//1248 1429//1429
f 1355//1355 1403//1403 1413//1413
f 1267//1267 1346//1346 1397//1397
f 1191//1191 1307//1307 1426//1426
f 1144//1144 1456//1456 1313//1313
f 1401//1401 1431//1431 1203//1203
f 1267//1267 1436//1436 1334//1334
f 1262//1262 1514//1514 1299//1299
f 1347//1347 1435//1435 1433//1433
f 1399//1399 1423//1423 1411//1411
f 1304//1304 1408//1408 1420//1420
f 1203//1203 1431//1431 1393//1393
f 1178//1178 1209//1209 1450//1450
f 1403//1403 1424//1424 1413//1413
f 1387//1387 1424//1424 1403//1403
f 1418//1418 1364//1364 1417//1417
f 1291//1291 1474//1474 1401//1401
f 1415//1415 1435//1435 1421//1421
f 1387//1387 1431//1431 1424//1424
f 1301//1301 1419//1419 1394//1394
f 1363//1363 1332//1332 1428//1428
f 1303//1303 1402//1402 1332//1332
f 1178//1178 1450//1450 1345//1345
f 1387//1387 1393//1393 1431//1431
f 1347//1347 1352//1352 1435//1435
f 1421//1421 1439//1439 1415//1415
f 1191//1191 1449//1449 1389//1389
f 1210//1210 1181//1181 1461//1461
f 1236//1236 1392//1392 1438//1438
f 1312//1312 1444//1444 1246//1246
f 1318//1318 1385//1385 1454//1454
f 1163//1163 1254//1254 1307//1307
f 1423//1423 1388//1388 1412//1412
f 1415//1415 1433//1433 1435//1435
f 1337//1337 1384//1384 1338//1338
f 1415//1415 1439//1439 1434//1434
f 1427//1427 1417//1417 1432//1432
f 1373//1373 1410//1410 1417//1417
f 1248//1248 1448//1448 1429//1429
f 1432//1432 1417//1417 1410//1410
f 1437//1437 1447//1447 1324//1324
f 1347//1347 1468//1468 1412//1412
f 1262//1262 1233//1233 1514//1514
f 1336//1336 1293//1293 1406//1406
f 1363//1363 1428//1428 1467//1467
f 1470//1470 1416//1416 1466//1466
f 1380//1380 1418//1418 1442//1442
f 1343//1343 1475//1475 1377//1377
f 1377//1377 1457//1457 1338//1338
f 1423//1423 1412//1412 1463//1463
f 1316//1316 1451//1451 1279//1279
f 1239//1239 1374//1374 1370//1370
f 1356//1356 1440//1440 1374//1374
f 1347//1347 1433//1433 1468//1468
f 1410//1410 1405//1405 1445//1445
f 1248//1248 1390//1390 1448//1448
f 1337//1337 1457//1457 1360//1360
f 1352//1352 1462//1462 1435//1435
f 1432//1432 1410//1410 1441//1441
f 1372//1372 1443//1443 1408//1408
f 1420//1420 1408//1408 1455//1455
f 1350//1350 1380//1380 1442//1442
f 1421//1421 1459//1459 1439//1439
f 1411//1411 1423//1423 1464//1464
f 1312//1312 1299//1299 1472//1472
f 1431//1431 1480//1480 1424//1424
f 1447//1447 1437//1437 1486//1486
f 1254//1254 1318//1318 1307//1307
f 1317//1317 1504//1504 1569//1569
f 1424//1424 1452//1452 1413//1413
f 1293//1293 1429//1429 1406//1406
f 1413//1413 1462//1462 1352//1352
f 1233//1233 1215//1215 1514//1514
f 1411//1411 1458//1458 1405//1405
f 1436//1436 1488//1488 1334//1334
f 1405//1405 1458//1458 1445//1445
f 1195//1195 1359//1359 1386//1386
f 1311//1311 1420//1420 1397//1397
f 1346//1346 1311//1311 1397//1397
f 1144//1144 1210//1210 1456//1456
f 1453//1453 1424//1424 1460//1460
f 1421//1421 1435//1435 1462//1462
f 1318//1318 1426//1426 1307//1307
f 1350//1350 1442//1442 1425//1425
f 1377//1377 1475//1475 1498//1498
f 1360//1360 1457//1457 1414//1414
f 1415//1415 1468//1468 1433//1433
f 1317//1317 1569//1569 1404//1404
f 1361//1361 1469//1469 1473//1473
f 1337//1337 1338//1338 1457//1457
f 1249//1249 1353//1353 1367//1367
f 1316//1316 1470//1470 1507//1507
f 1410//1410 1445//1445 1441//1441
f 1418//1418 1417//1417 1427//1427
f 1460//1460 1424//1424 1480//1480
f 1453//1453 1452//1452 1424//1424
f 1267//1267 1397//1397 1436//1436
f 1348//1348 1351//1351 1487//1487
f 1333//1333 1383//1383 1504//1504
f 1401//1401 1474//1474 1431//1431
f 1343//1343 1430//1430 1473//1473
f 1423//1423 1463//1463 1464//1464
f 1396//1396 1326//1326 1519//1519
f 1415//1415 1465//1465 1468//1468
f 1458//1458 1411//1411 1464//1464
f 1415//1415 1434//1434 1476//1476
f 1324//1324 1505//1505 1251//1251
f 1458//1458 1481//1481 1445//1445
f 1459//1459 1421//1421 1478//1478
f 1420//1420 1479//1479 1397//1397
f 1421//1421 1503//1503 1478//1478
f 1432//1432 1441//1441 1573//1573
f 1372//1372 1406//1406 1443//1443
f 1316//1316 1507//1507 1451//1451
f 1313//1313 1456//1456 1361//1361
f 1454//1454 1524//1524 1318//1318
f 1389//1389 1449//1449 1497//1497
f 1445//1445 1481//1481 1485//1485
f 1348//1348 1487//1487 1390//1390
f 1445//1445 1485//1485 1441//1441
f 1421//1421 1462//1462 1503//1503
f 1343//1343 1473//1473 1475//1475
f 1459//1459 1478//1478 1499//1499
f 1474//1474 1480//1480 1431//1431
f 1385//1385 1329//1329 1506//1506
f 1408//1408 1443//1443 1455//1455
f 1439//1439 1483//1483 1493//1493
f 1439//1439 1493//1493 1434//1434
f 1310//1310 1593//1593 1327//1327
f 1319//1319 1542//1542 1283//1283
f 1436//1436 1397//1397 1491//1491
f 1476//1476 1434//1434 1484//1484
f 1477//1477 1464//1464 1496//1496
f 1464//1464 1463//1463 1496//1496
f 1464//1464 1481//1481 1458//1458
f 1415//1415 1501//1501 1465//1465
f 1415//1415 1476//1476 1501//1501
f 1464//1464 1477//1477 1481//1481
f 1460//1460 1492//1492 1489//1489
f 1460//1460 1480//1480 1495//1495
f 1439//1439 1459//1459 1483//1483
f 1215//1215 1279//1279 1451//1451
f 1447//1447 1486//1486 1546//1546
f 1459//1459 1499//1499 1490//1490
f 1312//1312 1523//1523 1444//1444
f 1453//1453 1460//1460 1489//1489
f 1463//1463 1412//1412 1468//1468
f 1427//1427 1500//1500 1418//1418
f 1459//1459 1502//1502 1483//1483
f 1427//1427 1432//1432 1500//1500
f 1385//1385 1506//1506 1454//1454
f 1310//1310 1274//1274 1593//1593
f 1398//1398 1407//1407 1383//1383
f 1215//1215 1451//1451 1514//1514
f 1413//1413 1452//1452 1462//1462
f 1329//1329 1334//1334 1506//1506
f 1434//1434 1493//1493 1484//1484
f 1429//1429 1448//1448 1535//1535
f 1374//1374 1440//1440 1370//1370
f 1442//1442 1418//1418 1568//1568
f 1437//1437 1414//1414 1508//1508
f 1437//1437 1508//1508 1486//1486
f 1406//1406 1482//1482 1443//1443
f 1459//1459 1490//1490 1502//1502
f 1470//1470 1466//1466 1510//1510
f 1356//1356 1511//1511 1440//1440
f 1432//1432 1573//1573 1500//1500
f 1236//1236 1438//1438 1419//1419
f 1476//1476 1484//1484 1530//1530
f 1406//1406 1429//1429 1482//1482
f 1460//1460 1495//1495 1492//1492
f 1481//1481 1477//1477 1496//1496
f 1463//1463 1468//1468 1509//1509
f 1256//1256 1345//1345 1416//1416
f 1465//1465 1509//1509 1468//1468
f 1453//1453 1489//1489 1452//1452
f 1441//1441 1485//1485 1494//1494
f 1291//1291 1495//1495 1474//1474
f 1462//1462 1452//1452 1503//1503
f 1443//1443 1482//1482 1572//1572
f 1483//1483 1658//1658 1493//1493
f 1318//1318 1524//1524 1515//1515
f 1326//1326 1425//1425 1519//1519
f 1488//1488 1436//1436 1512//1512
f 1334//1334 1488//1488 1506//1506
f 1465//1465 1501//1501 1509//1509
f 1377//1377 1498//1498 1457//1457
f 1161//1161 1344//1344 1392//1392
f 1512//1512 1436//1436 1491//1491
f 1478//1478 1503//1503 1553//1553
f 1299//1299 1514//1514 1472//1472
f 1480//1480 1474//1474 1495//1495
f 1274//1274 1516//1516 1593//1593
f 1470//1470 1510//1510 1507//1507
f 1209//1209 1386//1386 1450//1450
f 1476//1476 1530//1530 1513//1513
f 1324//1324 1447//1447 1505//1505
f 1489//1489 1492//1492 1522//1522
f 1455//1455 1443//1443 1583//1583
f 1395//1395 1529//1529 1574//1574
f 1395//1395 1574//1574 1351//1351
f 1351//1351 1574//1574 1487//1487
f 1441//1441 1494//1494 1573//1573
f 1361//1361 1456//1456 1469//1469
f 1476//1476 1513//1513 1501//1501
f 1291//1291 1520//1520 1495//1495
f 1492//1492 1532//1532 1522//1522
f 1191//1191 1426//1426 1449//1449
f 1482//1482 1429//1429 1535//1535
f 1400//1400 1525//1525 1301//1301
f 1344//1344 1527//1527 1392//1392
f 1492//1492 1520//1520 1532//1532
f 1475//1475 1473//1473 1594//1594
f 1481//1481 1496//1496 1485//1485
f 1463//1463 1509//1509 1496//1496
f 1383//1383 1545//1545 1504//1504
f 1414//1414 1457//1457 1508//1508
f 1443//1443 1572//1572 1583//1583
f 1452//1452 1489//1489 1518//1518
f 1492//1492 1495//1495 1520//1520
f 1482//1482 1535//1535 1572//1572
f 1420//1420 1455//1455 1479//1479
f 1457//1457 1533//1533 1508//1508
f 1502//1502 1658//1658 1483//1483
f 1181//1181 1367//1367 1461//1461
f 1383//1383 1407//1407 1545//1545
f 1370//1370 1521//1521 1395//1395
f 1522//1522 1518//1518 1489//1489
f 1397//1397 1479//1479 1491//1491
f 1454//1454 1506//1506 1524//1524
f 1503//1503 1452//1452 1553//1553
f 1332//1332 1402//1402 1517//1517
f 1390//1390 1624//1624 1448//1448
f 1478//1478 1531//1531 1499//1499
f 1344//1344 1323//1323 1527//1527
f 1486//1486 1526//1526 1546//1546
f 1389//1389 1497//1497 1197//1197
f 1532//1532 1520//1520 1540//1540
f 1425//1425 1442//1442 1568//1568
f 1378//1378 1101//1101 1537//1537
f 1499//1499 1536//1536 1490//1490
f 1378//1378 1537//1537 1319//1319
f 1457//1457 1498//1498 1533//1533
f 1509//1509 1541//1541 1496//1496
f 1291//1291 1327//1327 1520//1520
f 1197//1197 1539//1539 1101//1101
f 1425//1425 1538//1538 1519//1519
f 1486//1486 1508//1508 1526//1526
f 1531//1531 1536//1536 1499//1499
f 1210//1210 1528//1528 1456//1456
f 1197//1197 1497//1497 1539//1539
f 1425//1425 1568//1568 1538//1538
f 1395//1395 1521//1521 1529//1529
f 1488//1488 1512//1512 1506//1506
f 1418//1418 1500//1500 1568//1568
f 1475//1475 1594//1594 1549//1549
f 1475//1475 1549//1549 1498//1498
f 1509//1509 1550//1550 1541//1541
f 1530//1530 1720//1720 1513//1513
f 1484//1484 1493//1493 1788//1788
f 1312//1312 1472//1472 1523//1523
f 1466//1466 1567//1567 1510//1510
f 1301//1301 1525//1525 1382//1382
f 1345//1345 1450//1450 1558//1558
f 1508//1508 1548//1548 1526//1526
f 1500//1500 1573//1573 1551//1551
f 1540//1540 1543//1543 1532//1532
f 1490//1490 1536//1536 1544//1544
f 1419//1419 1562//1562 1394//1394
f 1467//1467 1428//1428 1446//1446
f 1319//1319 1537//1537 1601//1601
f 1452//1452 1518//1518 1553//1553
f 1456//1456 1560//1560 1469//1469
f 1513//1513 1534//1534 1501//1501
f 1455//1455 1626//1626 1570//1570
f 1572//1572 1561//1561 1583//1583
f 1533//1533 1554//1554 1508//1508
f 1407//1407 1396//1396 1578//1578
f 1323//1323 1409//1409 1527//1527
f 1407//1407 1578//1578 1552//1552
f 1274//1274 1422//1422 1516//1516
f 1455//1455 1583//1583 1626//1626
f 1569//1569 1504//1504 1577//1577
f 1504//1504 1545//1545 1555//1555
f 1327//1327 1543//1543 1520//1520
f 1101//1101 1539//1539 1537//1537
f 1251//1251 1505//1505 1422//1422
f 1484//1484 1788//1788 1530//1530
f 1578//1578 1396//1396 1519//1519
f 1531//1531 1478//1478 1553//1553
f 1535//1535 1448//1448 1572//1572
f 1532//1532 1543//1543 1556//1556
f 1547//1547 1546//1546 1526//1526
f 1504//1504 1555//1555 1577//1577
f 1455//1455 1571//1571 1479//1479
f 1534//1534 1513//1513 1563//1563
f 1400//1400 1394//1394 1562//1562
f 1400//1400 1562//1562 1525//1525
f 1471//1471 2808//2808 1647//1647
f 1510//1510 1565//1565 1507//1507
f 1520//1520 1543//1543 1540//1540
f 1573//1573 1557//1557 1551//1551
f 1532//1532 1556//1556 1522//1522
f 1508//1508 1554//1554 1548//1548
f 1538//1538 1568//1568 1564//1564
f 1356//1356 1471//1471 1511//1511
f 1496//1496 1657//1657 1485//1485
f 1210//1210 1461//1461 1528//1528
f 1473//1473 1469//1469 1594//1594
f 1551//1551 1566//1566 1500//1500
f 1501//1501 1597//1597 1509//1509
f 1491//1491 1479//1479 1580//1580
f 1510//1510 1567//1567 1576//1576
f 1522//1522 1556//1556 1584//1584
f 1534//1534 1563//1563 1581//1581
f 1533//1533 1498//1498 1586//1586
f 1538//1538 1578//1578 1519//1519
f 1510//1510 1576//1576 1565//1565
f 1500//1500 1575//1575 1568//1568
f 1407//1407 1552//1552 1545//1545
f 1494//1494 1588//1588 1573//1573
f 1404//1404 1569//1569 1402//1402
f 1534//1534 1581//1581 1501//1501
f 1531//1531 1553//1553 1579//1579
f 1500//1500 1566//1566 1575//1575
f 1573//1573 1566//1566 1557//1557
f 1547//1547 1526//1526 1587//1587
f 1455//1455 1570//1570 1571//1571
f 1440//1440 1635//1635 1370//1370
f 1444//1444 1523//1523 1585//1585
f 1587//1587 1526//1526 1548//1548
f 1491//1491 1580//1580 1512//1512
f 1451//1451 1507//1507 1559//1559
f 1370//1370 1635//1635 1521//1521
f 1566//1566 1551//1551 1557//1557
f 1513//1513 1613//1613 1563//1563
f 1469//1469 1560//1560 1594//1594
f 1553//1553 1518//1518 1579//1579
f 1584//1584 1518//1518 1522//1522
f 1246//1246 1444//1444 1409//1409
f 1548//1548 1554//1554 1592//1592
f 1507//1507 1565//1565 1559//1559
f 1456//1456 1528//1528 1560//1560
f 1574//1574 1529//1529 1591//1591
f 1509//1509 1597//1597 1550//1550
f 1554//1554 1533//1533 1586//1586
f 1332//1332 1517//1517 1428//1428
f 1586//1586 1587//1587 1554//1554
f 1544//1544 1590//1590 1490//1490
f 1498//1498 1595//1595 1586//1586
f 1587//1587 1592//1592 1554//1554
f 1327//1327 1556//1556 1543//1543
f 1501//1501 1700//1700 1597//1597
f 1446//1446 1428//1428 1616//1616
f 1547//1547 1587//1587 1652//1652
f 1416//1416 1598//1598 1466//1466
f 1584//1584 1556//1556 1589//1589
f 1586//1586 1595//1595 1587//1587
f 1587//1587 1548//1548 1592//1592
f 1568//1568 1575//1575 1604//1604
f 1538//1538 1564//1564 1599//1599
f 1524//1524 1506//1506 1603//1603
f 1461//1461 1367//1367 1627//1627
f 1466//1466 1598//1598 1567//1567
f 1555//1555 1545//1545 1608//1608
f 1506//1506 1672//1672 1603//1603
f 1402//1402 1620//1620 1517//1517
f 1547//1547 1652//1652 1596//1596
f 1583//1583 1602//1602 1626//1626
f 1584//1584 1589//1589 1633//1633
f 1524//1524 1603//1603 1630//1630
f 1512//1512 1580//1580 1506//1506
f 1327//1327 1593//1593 1628//1628
f 1327//1327 1628//1628 1556//1556
f 1523//1523 1619//1619 1585//1585
f 1587//1587 1611//1611 1652//1652
f 1573//1573 1605//1605 1610//1610
f 1448//1448 1624//1624 1572//1572
f 1428//1428 1517//1517 1629//1629
f 1319//1319 1601//1601 1542//1542
f 1485//1485 1657//1657 1494//1494
f 1584//1584 1612//1612 1518//1518
f 1573//1573 1610//1610 1566//1566
f 1402//1402 1569//1569 1620//1620
f 1573//1573 1588//1588 1605//1605
f 1536//1536 1607//1607 1544//1544
f 1440//1440 1511//1511 1635//1635
f 1538//1538 1599//1599 1578//1578
f 1515//1515 1630//1630 1695//1695
f 1606//1606 1552//1552 1578//1578
f 1570//1570 1626//1626 1615//1615
f 1531//1531 1617//1617 1536//1536
f 1490//1490 1590//1590 1502//1502
f 1318//1318 1695//1695 1426//1426
f 1587//1587 1595//1595 1622//1622
f 1556//1556 1628//1628 1589//1589
f 1633//1633 1612//1612 1584//1584
f 1587//1587 1622//1622 1611//1611
f 1345//1345 1598//1598 1416//1416
f 1571//1571 1570//1570 1621//1621
f 1531//1531 1579//1579 1609//1609
f 1531//1531 1609//1609 1617//1617
f 1438//1438 1722//1722 1419//1419
f 1571//1571 1621//1621 1479//1479
f 1570//1570 1615//1615 1621//1621
f 1547//1547 1614//1614 1546//1546
f 1426//1426 1695//1695 1679//1679
f 1546//1546 1614//1614 1447//1447
f 1359//1359 1636//1636 1386//1386
f 1451//1451 1559//1559 1634//1634
f 1536//1536 1617//1617 1607//1607
f 1515//1515 1524//1524 1630//1630
f 1566//1566 1610//1610 1575//1575
f 1517//1517 1600//1600 1629//1629
f 1565//1565 1576//1576 1567//1567
f 1496//1496 1541//1541 1657//1657
f 1502//1502 1590//1590 1644//1644
f 1515//1515 1695//1695 1318//1318
f 1547//1547 1596//1596 1614//1614
f 1494//1494 1632//1632 1588//1588
f 1506//1506 1580//1580 1672//1672
f 1568//1568 1604//1604 1564//1564
f 1514//1514 1637//1637 1472//1472
f 1588//1588 1632//1632 1623//1623
f 1612//1612 1633//1633 1648//1648
f 1594//1594 1560//1560 1661//1661
f 1493//1493 1658//1658 1788//1788
f 1353//1353 1321//1321 1638//1638
f 1611//1611 1642//1642 1652//1652
f 1565//1565 1567//1567 1631//1631
f 1574//1574 1591//1591 1487//1487
f 1498//1498 1639//1639 1595//1595
f 1612//1612 1648//1648 1518//1518
f 1583//1583 1561//1561 1602//1602
f 1720//1720 1613//1613 1513//1513
f 1345//1345 1662//1662 1598//1598
f 1529//1529 1521//1521 1635//1635
f 1622//1622 1595//1595 1639//1639
f 1283//1283 1542//1542 1655//1655
f 1525//1525 1641//1641 1382//1382
f 1577//1577 1555//1555 1713//1713
f 1577//1577 1713//1713 1625//1625
f 1529//1529 1635//1635 1591//1591
f 1616//1616 1618//1618 1446//1446
f 1611//1611 1622//1622 1642//1642
f 1622//1622 1639//1639 1642//1642
f 1494//1494 1657//1657 1632//1632
f 1501//1501 1581//1581 1682//1682
f 1631//1631 1649//1649 1565//1565
f 1283//1283 1655//1655 1359//1359
f 1523//1523 1472//1472 1619//1619
f 1549//1549 1689//1689 1498//1498
f 1577//1577 1730//1730 1569//1569
f 1321//1321 1382//1382 1638//1638
f 1575//1575 1610//1610 1651//1651
f 1558//1558 1450//1450 1685//1685
f 1447//1447 1640//1640 1505//1505
f 1501//1501 1682//1682 1700//1700
f 1549//1549 1594//1594 1692//1692
f 1577//1577 1625//1625 1730//1730
f 1578//1578 1599//1599 1606//1606
f 1607//1607 1590//1590 1544//1544
f 1648//1648 1633//1633 1668//1668
f 1564//1564 1669//1669 1663//1663
f 1518//1518 1648//1648 1670//1670
f 1580//1580 1479//1479 1650//1650
f 1608//1608 1545//1545 1676//1676
f 1589//1589 1628//1628 1633//1633
f 1588//1588 1623//1623 1605//1605
f 1594//1594 1661//1661 1692//1692
f 1511//1511 1656//1656 1635//1635
f 1558//1558 1662//1662 1345//1345
f 1525//1525 1562//1562 1677//1677
f 1518//1518 1667//1667 1579//1579
f 1610//1610 1605//1605 1664//1664
f 1444//1444 1585//1585 1674//1674
f 1498//1498 1689//1689 1654//1654
f 1610//1610 1664//1664 1683//1683
f 1591//1591 1699//1699 1487//1487
f 1498//1498 1654//1654 1639//1639
f 1426//1426 1679//1679 1449//1449
f 1636//1636 1359//1359 1655//1655
f 1560//1560 1528//1528 1661//1661
f 1593//1593 1516//1516 1701//1701
f 1552//1552 1606//1606 1545//1545
f 1479//1479 1675//1675 1650//1650
f 1479//1479 1621//1621 1675//1675
f 1390//1390 1707//1707 1624//1624
f 1609//1609 1579//1579 1667//1667
f 1514//1514 1451//1451 1714//1714
f 1514//1514 1714//1714 1637//1637
f 1567//1567 1598//1598 1645//1645
f 1610//1610 1683//1683 1651//1651
f 1472//1472 1637//1637 1619//1619
f 1561//1561 1665//1665 1602//1602
f 1561//1561 1572//1572 1671//1671
f 1597//1597 1703//1703 1550//1550
f 1593//1593 1643//1643 1628//1628
f 1608//1608 1676//1676 1555//1555
f 1633//1633 1643//1643 1668//1668
f 1419//1419 1677//1677 1562//1562
f 1525//1525 1677//1677 1641//1641
f 1567//1567 1645//1645 1631//1631
f 1788//1788 1658//1658 1742//1742
f 1565//1565 1673//1673 1559//1559
f 1528//1528 1461//1461 1661//1661
f 1461//1461 1627//1627 1735//1735
f 1626//1626 1687//1687 1615//1615
f 1549//1549 1692//1692 1689//1689
f 1564//1564 1604//1604 1669//1669
f 1517//1517 1620//1620 1600//1600
f 1634//1634 1559//1559 1673//1673
f 1633//1633 1628//1628 1643//1643
f 1558//1558 1685//1685 1646//1646
f 1545//1545 1606//1606 1676//1676
f 1604//1604 1575//1575 1680//1680
f 1609//1609 1681//1681 1617//1617
f 1367//1367 1353//1353 1627//1627
f 1662//1662 1558//1558 1653//1653
f 1617//1617 1702//1702 1607//1607
f 1621//1621 1615//1615 1687//1687
f 1621//1621 1687//1687 1678//1678
f 1648//1648 1690//1690 1660//1660
f 1564//1564 1663//1663 1599//1599
f 1648//1648 1668//1668 1666//1666
f 1447//1447 1614//1614 1640//1640
f 1581//1581 1698//1698 1682//1682
f 1450//1450 1386//1386 1733//1733
f 1660//1660 1670//1670 1648//1648
f 1390//1390 1487//1487 1691//1691
f 1572//1572 1624//1624 1671//1671
f 1607//1607 1702//1702 1659//1659
f 1575//1575 1651//1651 1716//1716
f 1623//1623 1632//1632 1688//1688
f 1541//1541 1684//1684 1657//1657
f 1642//1642 1639//1639 1654//1654
f 1626//1626 1602//1602 1687//1687
f 1575//1575 1716//1716 1680//1680
f 1422//1422 1582//1582 1516//1516
f 1623//1623 1693//1693 1605//1605
f 1518//1518 1670//1670 1667//1667
f 1621//1621 1678//1678 1675//1675
f 1487//1487 1699//1699 1691//1691
f 1623//1623 1688//1688 1693//1693
f 1609//1609 1667//1667 1681//1681
f 1607//1607 1659//1659 1590//1590
f 1428//1428 1629//1629 1717//1717
f 1392//1392 1697//1697 1438//1438
f 1569//1569 1730//1730 1620//1620
f 1673//1673 1565//1565 1649//1649
f 1390//1390 1691//1691 1707//1707
f 1580//1580 1650//1650 1705//1705
f 1648//1648 1666//1666 1690//1690
f 1497//1497 1694//1694 1539//1539
f 1497//1497 1449//1449 1694//1694
f 1422//1422 1505//1505 1582//1582
f 1642//1642 1654//1654 1704//1704
f 1601//1601 1686//1686 1542//1542
f 1550//1550 1703//1703 1541//1541
f 1591//1591 1635//1635 1696//1696
f 1635//1635 1656//1656 1696//1696
f 1642//1642 1704//1704 1652//1652
f 1672//1672 1580//1580 1705//1705
f 1637//1637 1714//1714 1619//1619
f 1620//1620 1711//1711 1629//1629
f 1620//1620 1629//1629 1600//1600
f 1591//1591 1696//1696 1699//1699
f 1382//1382 1712//1712 1638//1638
f 1561//1561 1671//1671 1665//1665
f 1597//1597 1700//1700 1703//1703
f 1537//1537 1539//1539 1710//1710
f 1659//1659 1729//1729 1590//1590
f 1602//1602 1665//1665 1687//1687
f 1652//1652 1704//1704 1706//1706
f 1652//1652 1706//1706 1596//1596
f 1353//1353 1638//1638 1627//1627
f 1601//1601 1537//1537 1686//1686
f 1502//1502 1644//1644 1658//1658
f 1646//1646 1709//1709 1558//1558
f 1643//1643 1593//1593 1668//1668
f 1678//1678 1687//1687 1675//1675
f 1599//1599 1715//1715 1606//1606
f 1631//1631 1645//1645 1649//1649
f 1731//1731 1670//1670 1660//1660
f 1651//1651 1683//1683 1716//1716
f 1555//1555 1676//1676 1766//1766
f 1616//1616 1428//1428 1717//1717
f 1537//1537 1710//1710 1686//1686
f 1593//1593 1701//1701 1668//1668
f 1660//1660 1690//1690 1731//1731
f 1617//1617 1681//1681 1702//1702
f 1638//1638 1712//1712 1769//1769
f 1438//1438 1697//1697 1722//1722
f 1683//1683 1664//1664 1734//1734
f 1630//1630 1603//1603 1721//1721
f 1663//1663 1669//1669 1737//1737
f 1687//1687 1719//1719 1675//1675
f 1605//1605 1693//1693 1664//1664
f 1677//1677 1419//1419 1722//1722
f 1700//1700 1682//1682 1736//1736
f 1657//1657 1684//1684 1723//1723
f 1663//1663 1737//1737 1708//1708
f 1663//1663 1715//1715 1599//1599
f 1451//1451 1634//1634 1714//1714
f 1676//1676 1606//1606 1727//1727
f 1657//1657 1723//1723 1632//1632
f 1705//1705 1726//1726 1672//1672
f 1585//1585 1619//1619 1674//1674
f 1703//1703 1684//1684 1541//1541
f 1581//1581 1563//1563 1738//1738
f 1702//1702 1772//1772 1659//1659
f 1382//1382 1641//1641 1712//1712
f 1680//1680 1716//1716 1724//1724
f 1672//1672 1728//1728 1603//1603
f 1645//1645 1598//1598 1649//1649
f 1392//1392 1527//1527 1697//1697
f 1647//1647 2808//2808 1830//1830
f 1555//1555 1766//1766 1713//1713
f 1620//1620 1730//1730 1711//1711
f 1694//1694 1449//1449 1739//1739
f 1641//1641 1677//1677 1725//1725
f 1604//1604 1680//1680 1669//1669
f 1632//1632 1723//1723 1741//1741
f 1616//1616 1717//1717 1618//1618
f 1703//1703 1700//1700 1743//1743
f 1661//1661 1461//1461 1746//1746
f 1606//1606 1715//1715 1777//1777
f 1527//1527 1409//1409 1749//1749
f 1630//1630 1721//1721 1695//1695
f 1684//1684 1741//1741 1723//1723
f 1646//1646 1685//1685 1732//1732
f 1696//1696 1758//1758 1699//1699
f 1662//1662 1653//1653 1740//1740
f 1661//1661 1798//1798 1692//1692
f 1709//1709 1646//1646 1732//1732
f 1671//1671 1624//1624 1745//1745
f 1603//1603 1728//1728 1721//1721
f 1654//1654 1747//1747 1704//1704
f 1663//1663 1708//1708 1715//1715
f 1386//1386 1636//1636 1754//1754
f 1606//1606 1777//1777 1792//1792
f 1731//1731 1761//1761 1670//1670
f 1596//1596 1706//1706 1614//1614
f 1606//1606 1792//1792 1727//1727
f 1680//1680 1737//1737 1669//1669
f 1700//1700 1736//1736 1748//1748
f 1735//1735 1746//1746 1461//1461
f 1450//1450 1733//1733 1685//1685
f 1692//1692 1798//1798 1689//1689
f 1664//1664 1757//1757 1734//1734
f 1680//1680 1724//1724 1737//1737
f 1683//1683 1734//1734 1779//1779
f 1731//1731 1690//1690 1761//1761
f 1650//1650 1744//1744 1705//1705
f 1693//1693 1760//1760 1664//1664
f 1687//1687 1665//1665 1719//1719
f 1703//1703 1743//1743 1684//1684
f 1563//1563 1613//1613 1738//1738
f 1737//1737 1724//1724 1764//1764
f 1711//1711 1751//1751 1629//1629
f 1708//1708 1737//1737 1755//1755
f 1693//1693 1688//1688 1760//1760
f 1668//1668 1701//1701 1516//1516
f 1708//1708 1755//1755 1777//1777
f 1624//1624 1707//1707 1859//1859
f 1625//1625 1713//1713 1766//1766
f 1697//1697 1778//1778 1722//1722
f 1674//1674 1619//1619 1718//1718
f 1708//1708 1777//1777 1715//1715
f 1386//1386 1754//1754 1733//1733
f 1700//1700 1748//1748 1743//1743
f 1726//1726 1705//1705 1797//1797
f 1677//1677 1722//1722 1725//1725
f 1668//1668 1516//1516 1666//1666
f 1624//1624 1750//1750 1745//1745
f 1740//1740 1653//1653 1762//1762
f 1530//1530 1806//1806 1720//1720
f 1527//1527 1749//1749 1697//1697
f 1598//1598 1662//1662 1649//1649
f 1654//1654 1752//1752 1747//1747
f 1667//1667 1670//1670 1780//1780
f 1716//1716 1683//1683 1779//1779
f 1641//1641 1725//1725 1722//1722
f 1690//1690 1666//1666 1759//1759
f 1682//1682 1698//1698 1736//1736
f 1539//1539 1694//1694 1773//1773
f 1684//1684 1753//1753 1741//1741
f 1743//1743 1753//1753 1684//1684
f 1614//1614 1868//1868 1640//1640
f 1624//1624 1859//1859 1750//1750
f 1737//1737 1764//1764 1755//1755
f 1449//1449 1679//1679 1739//1739
f 1666//1666 1516//1516 1759//1759
f 1530//1530 1788//1788 1806//1806
f 1671//1671 1745//1745 1768//1768
f 1672//1672 1726//1726 1728//1728
f 1689//1689 1756//1756 1654//1654
f 1761//1761 1763//1763 1789//1789
f 1659//1659 1772//1772 1729//1729
f 1734//1734 1757//1757 1770//1770
f 1632//1632 1741//1741 1688//1688
f 1761//1761 1789//1789 1775//1775
f 1706//1706 1704//1704 1839//1839
f 1654//1654 1756//1756 1752//1752
f 1734//1734 1770//1770 1776//1776
f 1625//1625 1766//1766 1863//1863
f 1722//1722 1712//1712 1641//1641
f 1740//1740 1762//1762 1771//1771
f 1716//1716 1779//1779 1724//1724
f 1671//1671 1774//1774 1665//1665
f 1658//1658 1869//1869 1742//1742
f 1761//1761 1775//1775 1670//1670
f 1780//1780 1670//1670 1791//1791
f 1774//1774 1671//1671 1767//1767
f 1720//1720 1806//1806 1613//1613
f 1675//1675 1719//1719 1790//1790
f 1667//1667 1780//1780 1681//1681
f 1695//1695 1721//1721 1782//1782
f 1665//1665 1774//1774 1719//1719
f 1690//1690 1759//1759 1761//1761
f 1673//1673 1649//1649 1784//1784
f 1705//1705 1744//1744 1797//1797
f 1539//1539 1773//1773 1710//1710
f 1695//1695 1795//1795 1679//1679
f 1614//1614 1706//1706 1868//1868
f 1691//1691 1699//1699 1850//1850
f 1444//1444 1781//1781 1409//1409
f 1740//1740 1771//1771 1662//1662
f 1722//1722 1823//1823 1712//1712
f 1634//1634 1796//1796 1714//1714
f 1711//1711 1804//1804 1751//1751
f 1681//1681 1793//1793 1702//1702
f 1760//1760 1757//1757 1664//1664
f 1777//1777 1755//1755 1828//1828
f 1775//1775 1791//1791 1670//1670
f 1650//1650 1675//1675 1790//1790
f 1444//1444 1674//1674 1781//1781
f 1702//1702 1854//1854 1772//1772
f 1724//1724 1779//1779 1787//1787
f 1730//1730 1804//1804 1711//1711
f 1753//1753 1743//1743 1810//1810
f 1671//1671 1768//1768 1767//1767
f 1505//1505 1640//1640 1582//1582
f 1629//1629 1751//1751 1811//1811
f 1629//1629 1811//1811 1717//1717
f 1661//1661 1746//1746 1798//1798
f 1699//1699 1758//1758 1850//1850
f 1625//1625 1863//1863 1730//1730
f 1794//1794 1801//1801 1778//1778
f 1714//1714 1718//1718 1619//1619
f 1768//1768 1745//1745 1750//1750
f 1722//1722 1778//1778 1823//1823
f 1753//1753 1810//1810 1785//1785
f 1653//1653 1815//1815 1762//1762
f 1727//1727 1792//1792 1676//1676
f 1658//1658 1644//1644 1869//1869
f 1627//1627 1638//1638 1799//1799
f 1653//1653 1558//1558 1815//1815
f 1709//1709 1732//1732 1814//1814
f 1757//1757 1813//1813 1770//1770
f 1778//1778 1809//1809 1794//1794
f 1673//1673 1784//1784 1634//1634
f 1794//1794 1817//1817 1801//1801
f 1767//1767 1768//1768 1805//1805
f 1734//1734 1776//1776 1779//1779
f 1744//1744 1650//1650 1802//1802
f 1760//1760 1807//1807 1757//1757
f 1762//1762 1815//1815 1818//1818
f 1759//1759 1878//1878 1761//1761
f 1697//1697 1829//1829 1778//1778
f 1582//1582 1836//1836 1516//1516
f 1823//1823 1769//1769 1712//1712
f 1409//1409 1847//1847 1749//1749
f 1721//1721 1728//1728 1825//1825
f 1753//1753 1785//1785 1741//1741
f 1743//1743 1816//1816 1810//1810
f 1724//1724 1787//1787 1764//1764
f 1674//1674 1718//1718 1819//1819
f 1793//1793 1854//1854 1702//1702
f 1721//1721 1825//1825 1782//1782
f 1769//1769 1800//1800 1638//1638
f 1812//1812 1794//1794 1809//1809
f 1859//1859 1707//1707 1827//1827
f 1812//1812 1809//1809 1817//1817
f 1778//1778 1801//1801 1823//1823
f 1719//1719 1774//1774 1824//1824
f 1649//1649 1662//1662 1848//1848
f 1618//1618 1717//1717 1837//1837
f 1744//1744 1786//1786 1797//1797
f 1830//1830 2808//2808 1875//1875
f 1681//1681 1835//1835 1793//1793
f 1749//1749 1829//1829 1697//1697
f 1511//1511 1471//1471 1808//1808
f 1741//1741 1821//1821 1688//1688
f 1801//1801 1817//1817 1809//1809
f 1835//1835 1681//1681 1780//1780
f 1542//1542 1686//1686 1783//1783
f 1741//1741 1785//1785 1821//1821
f 1820//1820 1812//1812 1817//1817
f 1650//1650 1790//1790 1802//1802
f 1743//1743 1748//1748 1816//1816
f 1807//1807 1832//1832 1757//1757
f 1809//1809 1778//1778 1822//1822
f 1820//1820 1817//1817 1794//1794
f 1662//1662 1771//1771 1848//1848
f 1801//1801 1809//1809 1823//1823
f 1820//1820 1794//1794 1822//1822
f 1878//1878 1763//1763 1761//1761
f 1803//1803 1892//1892 1775//1775
f 1820//1820 1833//1833 1812//1812
f 1688//1688 1821//1821 1760//1760
f 1764//1764 1831//1831 1755//1755
f 1674//1674 1819//1819 1781//1781
f 1805//1805 1861//1861 1767//1767
f 1794//1794 1812//1812 1822//1822
f 1777//1777 1828//1828 1792//1792
f 1638//1638 1800//1800 1841//1841
f 1790//1790 1719//1719 1824//1824
f 1778//1778 1829//1829 1822//1822
f 1779//1779 1776//1776 1862//1862
f 1685//1685 1838//1838 1732//1732
f 1634//1634 1784//1784 1796//1796
f 1772//1772 1854//1854 1729//1729
f 1638//1638 1841//1841 1799//1799
f 1809//1809 1822//1822 1823//1823
f 1757//1757 1832//1832 1813//1813
f 1613//1613 1806//1806 1843//1843
f 1696//1696 1840//1840 1758//1758
f 1812//1812 1833//1833 1822//1822
f 1704//1704 1747//1747 1839//1839
f 1516//1516 1836//1836 1759//1759
f 1726//1726 1797//1797 1846//1846
f 1855//1855 1775//1775 1892//1892
f 1685//1685 1733//1733 1853//1853
f 1679//1679 1795//1795 1765//1765
f 1775//1775 1789//1789 1803//1803
f 1696//1696 1656//1656 1840//1840
f 1728//1728 1726//1726 1846//1846
f 1744//1744 1802//1802 1786//1786
f 1685//1685 1853//1853 1838//1838
f 1728//1728 1846//1846 1874//1874
f 1590//1590 1902//1902 1644//1644
f 1751//1751 1804//1804 1811//1811
f 1775//1775 1855//1855 1791//1791
f 1750//1750 1805//1805 1768//1768
f 1771//1771 1762//1762 1818//1818
f 1774//1774 1767//1767 1866//1866
f 2808//2808 2164//2164 1875//1875
f 1695//1695 1782//1782 1825//1825
f 1656//1656 1511//1511 1808//1808
f 1749//1749 1847//1847 1829//1829
f 1706//1706 1839//1839 1868//1868
f 1558//1558 1709//1709 1889//1889
f 1822//1822 1829//1829 1820//1820
f 1755//1755 1831//1831 1842//1842
f 1676//1676 1792//1792 1867//1867
f 1786//1786 1846//1846 1797//1797
f 1735//1735 1627//1627 1799//1799
f 1824//1824 1774//1774 1864//1864
f 1558//1558 1889//1889 1815//1815
f 1832//1832 1851//1851 1813//1813
f 1409//1409 1781//1781 1847//1847
f 1795//1795 1695//1695 1885//1885
f 1832//1832 1844//1844 1851//1851
f 1679//1679 1765//1765 1916//1916
f 1679//1679 1916//1916 1739//1739
f 1785//1785 1857//1857 1856//1856
f 1774//1774 1866//1866 1864//1864
f 1709//1709 1814//1814 1889//1889
f 1776//1776 1770//1770 1871//1871
f 1446//1446 1618//1618 1957//1957
f 1823//1823 1822//1822 1852//1852
f 1763//1763 1878//1878 1789//1789
f 1785//1785 1856//1856 1821//1821
f 1655//1655 1826//1826 1919//1919
f 1676//1676 1867//1867 1766//1766
f 1771//1771 1818//1818 1848//1848
f 1747//1747 1845//1845 1839//1839
f 1471//1471 1647//1647 1808//1808
f 1822//1822 1833//1833 1860//1860
f 1787//1787 1779//1779 1862//1862
f 1760//1760 1856//1856 1807//1807
f 1767//1767 1861//1861 1866//1866
f 1769//1769 1823//1823 1852//1852
f 1824//1824 1865//1865 1790//1790
f 1804//1804 1730//1730 1870//1870
f 1750//1750 1859//1859 1805//1805
f 1649//1649 1848//1848 1784//1784
f 1698//1698 1581//1581 1880//1880
f 1790//1790 1897//1897 1802//1802
f 1717//1717 1811//1811 1837//1837
f 1855//1855 1882//1882 1888//1888
f 1835//1835 1798//1798 1793//1793
f 1831//1831 1873//1873 1842//1842
f 1807//1807 1849//1849 1832//1832
f 1816//1816 1748//1748 1876//1876
f 1787//1787 1831//1831 1764//1764
f 1825//1825 1728//1728 1874//1874
f 1856//1856 1857//1857 1872//1872
f 1858//1858 1857//1857 1810//1810
f 1760//1760 1821//1821 1856//1856
f 1758//1758 1840//1840 1850//1850
f 1769//1769 1852//1852 1800//1800
f 1829//1829 1819//1819 1820//1820
f 1824//1824 1864//1864 1865//1865
f 1832//1832 1849//1849 1844//1844
f 1857//1857 1858//1858 1908//1908
f 1855//1855 1888//1888 1791//1791
f 1647//1647 2031//2031 1808//1808
f 1822//1822 1860//1860 1852//1852
f 1825//1825 1885//1885 1695//1695
f 1787//1787 1862//1862 1877//1877
f 1783//1783 1655//1655 1542//1542
f 1785//1785 1810//1810 1857//1857
f 1655//1655 1919//1919 1636//1636
f 1729//1729 1902//1902 1590//1590
f 1707//1707 1691//1691 1886//1886
f 1802//1802 1883//1883 1786//1786
f 1829//1829 1847//1847 1819//1819
f 1755//1755 1842//1842 1909//1909
f 1866//1866 1861//1861 1891//1891
f 1759//1759 1836//1836 1878//1878
f 1694//1694 1739//1739 1916//1916
f 1776//1776 1871//1871 1862//1862
f 1770//1770 1813//1813 1871//1871
f 1884//1884 1798//1798 1835//1835
f 1846//1846 1899//1899 1874//1874
f 1707//1707 1886//1886 1827//1827
f 1738//1738 1613//1613 1843//1843
f 1755//1755 1909//1909 1828//1828
f 1819//1819 1847//1847 1781//1781
f 1825//1825 1874//1874 1885//1885
f 1818//1818 1895//1895 1848//1848
f 1766//1766 1867//1867 1925//1925
f 1714//1714 1893//1893 1718//1718
f 1819//1819 1893//1893 1820//1820
f 1710//1710 1773//1773 1936//1936
f 1752//1752 1894//1894 1747//1747
f 1892//1892 1896//1896 1855//1855
f 1855//1855 1896//1896 1882//1882
f 1694//1694 1910//1910 1773//1773
f 1881//1881 1689//1689 1798//1798
f 1873//1873 1923//1923 1842//1842
f 1854//1854 1887//1887 1729//1729
f 1790//1790 1901//1901 1897//1897
f 1807//1807 1856//1856 1849//1849
f 1790//1790 1865//1865 1901//1901
f 1735//1735 2006//2006 1746//1746
f 1815//1815 1898//1898 1818//1818
f 1730//1730 1863//1863 1870//1870
f 1689//1689 1881//1881 1756//1756
f 1833//1833 1928//1928 1860//1860
f 1846//1846 1786//1786 1904//1904
f 1732//1732 1890//1890 1814//1814
f 1864//1864 1866//1866 1891//1891
f 1863//1863 1766//1766 1925//1925
f 1795//1795 1903//1903 1765//1765
f 1787//1787 1877//1877 1831//1831
f 1849//1849 1856//1856 1872//1872
f 1815//1815 1889//1889 1898//1898
f 1846//1846 1904//1904 1899//1899
f 1861//1861 1805//1805 1891//1891
f 1802//1802 1897//1897 1883//1883
f 1839//1839 1900//1900 1868//1868
f 1816//1816 1906//1906 1810//1810
f 1906//1906 1858//1858 1810//1810
f 1792//1792 1909//1909 1923//1923
f 1792//1792 1828//1828 1909//1909
f 1686//1686 1926//1926 1783//1783
f 1818//1818 1898//1898 1895//1895
f 1844//1844 1913//1913 1851//1851
f 1718//1718 1893//1893 1819//1819
f 1907//1907 1888//1888 1882//1882
f 1698//1698 1931//1931 1736//1736
f 1835//1835 1780//1780 1884//1884
f 1877//1877 1862//1862 1920//1920
f 1789//1789 1878//1878 1803//1803
f 1732//1732 1838//1838 1890//1890
f 1842//1842 1923//1923 1909//1909
f 1691//1691 1850//1850 1918//1918
f 1814//1814 1890//1890 1889//1889
f 1691//1691 1918//1918 1886//1886
f 1640//1640 1868//1868 1879//1879
f 1805//1805 1859//1859 1911//1911
f 1833//1833 1820//1820 1928//1928
f 1923//1923 1948//1948 1792//1792
f 1813//1813 1851//1851 1871//1871
f 1446//1446 1957//1957 2808//2808
f 1871//1871 1921//1921 1862//1862
f 1698//1698 1880//1880 1931//1931
f 1914//1914 1888//1888 1915//1915
f 1826//1826 1655//1655 1938//1938
f 1854//1854 1793//1793 1798//1798
f 1640//1640 1879//1879 1582//1582
f 1907//1907 1882//1882 1924//1924
f 1852//1852 1860//1860 1800//1800
f 1784//1784 1848//1848 1968//1968
f 1896//1896 1930//1930 1882//1882
f 1908//1908 1872//1872 1857//1857
f 1800//1800 1929//1929 1841//1841
f 1805//1805 1911//1911 1891//1891
f 1887//1887 1854//1854 1798//1798
f 1636//1636 1935//1935 1754//1754
f 1786//1786 1883//1883 1904//1904
f 1863//1863 1939//1939 1870//1870
f 1816//1816 1876//1876 1906//1906
f 1738//1738 1941//1941 1581//1581
f 1892//1892 1927//1927 1933//1933
f 1892//1892 1933//1933 1896//1896
f 1831//1831 1877//1877 1873//1873
f 1655//1655 1783//1783 1938//1938
f 1920//1920 1862//1862 1921//1921
f 1914//1914 1791//1791 1888//1888
f 1874//1874 1899//1899 1943//1943
f 2006//2006 1735//1735 1799//1799
f 1851//1851 1913//1913 1917//1917
f 1908//1908 1922//1922 1872//1872
f 1804//1804 1870//1870 1952//1952
f 1851//1851 1917//1917 1871//1871
f 1865//1865 1864//1864 1901//1901
f 1765//1765 1903//1903 1834//1834
f 1748//1748 2017//2017 1876//1876
f 1820//1820 1893//1893 1928//1928
f 1848//1848 1895//1895 1905//1905
f 1811//1811 1944//1944 1837//1837
f 1830//1830 1942//1942 1647//1647
f 1811//1811 1804//1804 1951//1951
f 1864//1864 1891//1891 1932//1932
f 1844//1844 1849//1849 1913//1913
f 1582//1582 1946//1946 1836//1836
f 1752//1752 1756//1756 1998//1998
f 1803//1803 1927//1927 1892//1892
f 1848//1848 1905//1905 1968//1968
f 1803//1803 1878//1878 1927//1927
f 1916//1916 1910//1910 1694//1694
f 1859//1859 1827//1827 1911//1911
f 1618//1618 1837//1837 1957//1957
f 1923//1923 1873//1873 1947//1947
f 1845//1845 1937//1937 1839//1839
f 1798//1798 1746//1746 1967//1967
f 1998//1998 1756//1756 1912//1912
f 1864//1864 1932//1932 1901//1901
f 1747//1747 1894//1894 1845//1845
f 1748//1748 1736//1736 2017//2017
f 1925//1925 1939//1939 1863//1863
f 1898//1898 1964//1964 1895//1895
f 1840//1840 1953//1953 1850//1850
f 1729//1729 1887//1887 1934//1934
f 1839//1839 1937//1937 1900//1900
f 1780//1780 1791//1791 1884//1884
f 1878//1878 1836//1836 1927//1927
f 1899//1899 1904//1904 1943//1943
f 1581//1581 1941//1941 1880//1880
f 1888//1888 1907//1907 1915//1915
f 1887//1887 1798//1798 1967//1967
f 1927//1927 1836//1836 1946//1946
f 1756//1756 1881//1881 1912//1912
f 1746//1746 2006//2006 1967//1967
f 1873//1873 1945//1945 1947//1947
f 1783//1783 1926//1926 1940//1940
f 1783//1783 1940//1940 1938//1938
f 1582//1582 1879//1879 1949//1949
f 1873//1873 1877//1877 1920//1920
f 1858//1858 1906//1906 2002//2002
f 1913//1913 1956//1956 1917//1917
f 1897//1897 1901//1901 1932//1932
f 1858//1858 2002//2002 1908//1908
f 1882//1882 1930//1930 1924//1924
f 1784//1784 1968//1968 1796//1796
f 1804//1804 1952//1952 1951//1951
f 1873//1873 1920//1920 1945//1945
f 1582//1582 1949//1949 1946//1946
f 1871//1871 1917//1917 1921//1921
f 1792//1792 1948//1948 1867//1867
f 1841//1841 1929//1929 1950//1950
f 1890//1890 2000//2000 1889//1889
f 1841//1841 1950//1950 1961//1961
f 1884//1884 1881//1881 1798//1798
f 1874//1874 1943//1943 1885//1885
f 1920//1920 1921//1921 1958//1958
f 1884//1884 1791//1791 1912//1912
f 1773//1773 1910//1910 1936//1936
f 1644//1644 1902//1902 1869//1869
f 1738//1738 1843//1843 1954//1954
f 1924//1924 1976//1976 1907//1907
f 1860//1860 1929//1929 1800//1800
f 1923//1923 1947//1947 1948//1948
f 1887//1887 1967//1967 1934//1934
f 1913//1913 1970//1970 1956//1956
f 1929//1929 1963//1963 1950//1950
f 1860//1860 1928//1928 1969//1969
f 1738//1738 1954//1954 1941//1941
f 1893//1893 1714//1714 2013//2013
f 1849//1849 1872//1872 1913//1913
f 1636//1636 1919//1919 1935//1935
f 1891//1891 1911//1911 1932//1932
f 1919//1919 1826//1826 1938//1938
f 1686//1686 1710//1710 1926//1926
f 1850//1850 1953//1953 1918//1918
f 1914//1914 1912//1912 1791//1791
f 1883//1883 1960//1960 1904//1904
f 1867//1867 1972//1972 1925//1925
f 1948//1948 1999//1999 1867//1867
f 1964//1964 1959//1959 1895//1895
f 1897//1897 1932//1932 1981//1981
f 1965//1965 1973//1973 1955//1955
f 1811//1811 1975//1975 1944//1944
f 1898//1898 1978//1978 1964//1964
f 1908//1908 2002//2002 1922//1922
f 1914//1914 1998//1998 1912//1912
f 1906//1906 1876//1876 2002//2002
f 1840//1840 1656//1656 1953//1953
f 1788//1788 1962//1962 1806//1806
f 1955//1955 1984//1984 1965//1965
f 1799//1799 1841//1841 1989//1989
f 1883//1883 1897//1897 1981//1981
f 1955//1955 1973//1973 1979//1979
f 1963//1963 1977//1977 1950//1950
f 1752//1752 1998//1998 1894//1894
f 1886//1886 1918//1918 2004//2004
f 1931//1931 1880//1880 1986//1986
f 1853//1853 1733//1733 1987//1987
f 1904//1904 1960//1960 1943//1943
f 1733//1733 1754//1754 1987//1987
f 1950//1950 1977//1977 1980//1980
f 1885//1885 1943//1943 1795//1795
f 1950//1950 1980//1980 1961//1961
f 1915//1915 1974//1974 1985//1985
f 1915//1915 1985//1985 1914//1914
f 1907//1907 1974//1974 1915//1915
f 1811//1811 1951//1951 1975//1975
f 1911//1911 1827//1827 1988//1988
f 1956//1956 1970//1970 1991//1991
f 1894//1894 1998//1998 1993//1993
f 1913//1913 1872//1872 2036//2036
f 1921//1921 1917//1917 1983//1983
f 1911//1911 1988//1988 1932//1932
f 1893//1893 2013//2013 1997//1997
f 1955//1955 1980//1980 1984//1984
f 1890//1890 1838//1838 2000//2000
f 1917//1917 1956//1956 1982//1982
f 1853//1853 2000//2000 1838//1838
f 1886//1886 1994//1994 1827//1827
f 1924//1924 1930//1930 1976//1976
f 1914//1914 1985//1985 1998//1998
f 1834//1834 1903//1903 2064//2064
f 1920//1920 1996//1996 1945//1945
f 1920//1920 1971//1971 1996//1996
f 1917//1917 1982//1982 1983//1983
f 1837//1837 1944//1944 2001//2001
f 1956//1956 1991//1991 1982//1982
f 1872//1872 1922//1922 2036//2036
f 1889//1889 1978//1978 1898//1898
f 1896//1896 1933//1933 1930//1930
f 1884//1884 1912//1912 1881//1881
f 1921//1921 2007//2007 1958//1958
f 1964//1964 1978//1978 2021//2021
f 1900//1900 1879//1879 1868//1868
f 1765//1765 1834//1834 1916//1916
f 1883//1883 1981//1981 1960//1960
f 1841//1841 1961//1961 1989//1989
f 1927//1927 1946//1946 1933//1933
f 2036//2036 1922//1922 1995//1995
f 1903//1903 1795//1795 2003//2003
f 1806//1806 1962//1962 1966//1966
f 1796//1796 2005//2005 1990//1990
f 1958//1958 2007//2007 1992//1992
f 1830//1830 1875//1875 2009//2009
f 1921//1921 1983//1983 2007//2007
f 1886//1886 2004//2004 1994//1994
f 1806//1806 1966//1966 1843//1843
f 1928//1928 1893//1893 2010//2010
f 1870//1870 1939//1939 2020//2020
f 1968//1968 2005//2005 1796//1796
f 1932//1932 1988//1988 1981//1981
f 1969//1969 1928//1928 2010//2010
f 1969//1969 2010//2010 2015//2015
f 1984//1984 1980//1980 2008//2008
f 1977//1977 2008//2008 1980//1980
f 1647//1647 1942//1942 2031//2031
f 1837//1837 2001//2001 1957//1957
f 2003//2003 2064//2064 1903//1903
f 1943//1943 1960//1960 1795//1795
f 1971//1971 1920//1920 1958//1958
f 1947//1947 1945//1945 1996//1996
f 1870//1870 1951//1951 1952//1952
f 1976//1976 2016//2016 1907//1907
f 1969//1969 2015//2015 1860//1860
f 1990//1990 2005//2005 2014//2014
f 1796//1796 2041//2041 1714//1714
f 1853//1853 1987//1987 2000//2000
f 1916//1916 1834//1834 2022//2022
f 1736//1736 1931//1931 2017//2017
f 1754//1754 1935//1935 1987//1987
f 1963//1963 1929//1929 1977//1977
f 1742//1742 1869//1869 2027//2027
f 1889//1889 2019//2019 1978//1978
f 1990//1990 2014//2014 2011//2011
f 1827//1827 1994//1994 1988//1988
f 1922//1922 2028//2028 1995//1995
f 2000//2000 2019//2019 1889//1889
f 1968//1968 1905//1905 2005//2005
f 1918//1918 1953//1953 2034//2034
f 1929//1929 1860//1860 2015//2015
f 1960//1960 2029//2029 1795//1795
f 1907//1907 2016//2016 1974//1974
f 2010//2010 1893//1893 2032//2032
f 1893//1893 1997//1997 2032//2032
f 1977//1977 1984//1984 2008//2008
f 1982//1982 2050//2050 1983//1983
f 1991//1991 1970//1970 2024//2024
f 1960//1960 1981//1981 2029//2029
f 1895//1895 1959//1959 1905//1905
f 1979//1979 1973//1973 2026//2026
f 1985//1985 1974//1974 2012//2012
f 1930//1930 1933//1933 2016//2016
f 1961//1961 1980//1980 2105//2105
f 1964//1964 2021//2021 1959//1959
f 1913//1913 2036//2036 1970//1970
f 1929//1929 2015//2015 1977//1977
f 1988//1988 2029//2029 1981//1981
f 1983//1983 2050//2050 2007//2007
f 2005//2005 1905//1905 2021//2021
f 1742//1742 2027//2027 1788//1788
f 1959//1959 2021//2021 1905//1905
f 1941//1941 1954//1954 2040//2040
f 1957//1957 2001//2001 2023//2023
f 1980//1980 1955//1955 2105//2105
f 1944//1944 1975//1975 2113//2113
f 2003//2003 1795//1795 2030//2030
f 1955//1955 1979//1979 2105//2105
f 1918//1918 2034//2034 2004//2004
f 1976//1976 1930//1930 2016//2016
f 1876//1876 2017//2017 2049//2049
f 1900//1900 1937//1937 2042//2042
f 1845//1845 1894//1894 2042//2042
f 1845//1845 2042//2042 1937//1937
f 1922//1922 2002//2002 2053//2053
f 1939//1939 2025//2025 2020//2020
f 2005//2005 2021//2021 1978//1978
f 2007//2007 2060//2060 1992//1992
f 1962//1962 1788//1788 2027//2027
f 1880//1880 1941//1941 2033//2033
f 1985//1985 1993//1993 1998//1998
f 1965//1965 1984//1984 2175//2175
f 1992//1992 2038//2038 1958//1958
f 1795//1795 2029//2029 2030//2030
f 1994//1994 2045//2045 1988//1988
f 1982//1982 1991//1991 2037//2037
f 1970//1970 2018//2018 2024//2024
f 2002//2002 1876//1876 2049//2049
f 1867//1867 1999//1999 2048//2048
f 1796//1796 1990//1990 2047//2047
f 1714//1714 2041//2041 2013//2013
f 1830//1830 2009//2009 1942//1942
f 1875//1875 2125//2125 2082//2082
f 1875//1875 2164//2164 2125//2125
f 1953//1953 1656//1656 2034//2034
f 2006//2006 2061//2061 1967//1967
f 1922//1922 2053//2053 2028//2028
f 1944//1944 2113//2113 2001//2001
f 2003//2003 2030//2030 2064//2064
f 1988//1988 2045//2045 2029//2029
f 1990//1990 2083//2083 2047//2047
f 1880//1880 2033//2033 1986//1986
f 2014//2014 2086//2086 2011//2011
f 1958//1958 2038//2038 1971//1971
f 2017//2017 1931//1931 2063//2063
f 1967//1967 2161//2161 1934//1934
f 2010//2010 2032//2032 2015//2015
f 1984//1984 2077//2077 2175//2175
f 1992//1992 2043//2043 2038//2038
f 1985//1985 2046//2046 1993//1993
f 2036//2036 1995//1995 2052//2052
f 1834//1834 2035//2035 2022//2022
f 1867//1867 2048//2048 1972//1972
f 1870//1870 2020//2020 1951//1951
f 1996//1996 1971//1971 2038//2038
f 1946//1946 1949//1949 1933//1933
f 1965//1965 2175//2175 1973//1973
f 1985//1985 2012//2012 2046//2046
f 2006//2006 1799//1799 2061//2061
f 1954//1954 1843//1843 2040//2040
f 2029//2029 2045//2045 2030//2030
f 2002//2002 2072//2072 2053//2053
f 2015//2015 1984//1984 1977//1977
f 2007//2007 2050//2050 2060//2060
f 1970//1970 2036//2036 2018//2018
f 2033//2033 1941//1941 2091//2091
f 2026//2026 1973//1973 2066//2066
f 1879//1879 2065//2065 1949//1949
f 1996//1996 2039//2039 2044//2044
f 1996//1996 2038//2038 2039//2039
f 1991//1991 2024//2024 2037//2037
f 1939//1939 1925//1925 2025//2025
f 1994//1994 2004//2004 2054//2054
f 2028//2028 2053//2053 2057//2057
f 2036//2036 2052//2052 2024//2024
f 1933//1933 1949//1949 2016//2016
f 2030//2030 2055//2055 2064//2064
f 2061//2061 2161//2161 1967//1967
f 1947//1947 2058//2058 1948//1948
f 1979//1979 2026//2026 2105//2105
f 2016//2016 2115//2115 1974//1974
f 1656//1656 2084//2084 2034//2034
f 2051//2051 2015//2015 2032//2032
f 1996//1996 2044//2044 1947//1947
f 2052//2052 1995//1995 2028//2028
f 2028//2028 2057//2057 2059//2059
f 2036//2036 2024//2024 2018//2018
f 1948//1948 2067//2067 1999//1999
f 2014//2014 2056//2056 2086//2086
f 1900//1900 2069//2069 1879//1879
f 2040//2040 1843//1843 2085//2085
f 2011//2011 2083//2083 1990//1990
f 2037//2037 2075//2075 1982//1982
f 1948//1948 2058//2058 2067//2067
f 2051//2051 2062//2062 2015//2015
f 1925//1925 1972//1972 2025//2025
f 2045//2045 2068//2068 2030//2030
f 2014//2014 2076//2076 2056//2056
f 1710//1710 1936//1936 2096//2096
f 2037//2037 2070//2070 2092//2092
f 1949//1949 2065//2065 2016//2016
f 1834//1834 2064//2064 2110//2110
f 2044//2044 2039//2039 2078//2078
f 1919//1919 2088//2088 1935//1935
f 2017//2017 2063//2063 2049//2049
f 2072//2072 2002//2002 2049//2049
f 1972//1972 2048//2048 2025//2025
f 1947//1947 2044//2044 2058//2058
f 1984//1984 2090//2090 2095//2095
f 2000//2000 1987//1987 2019//2019
f 1900//1900 2042//2042 2069//2069
f 1656//1656 1808//1808 2084//2084
f 1986//1986 2087//2087 1931//1931
f 2020//2020 2081//2081 1951//1951
f 2014//2014 2005//2005 2076//2076
f 2044//2044 2078//2078 2058//2058
f 1992//1992 2060//2060 2073//2073
f 1978//1978 2019//2019 2093//2093
f 2050//2050 1982//1982 2075//2075
f 2035//2035 1834//1834 2110//2110
f 2028//2028 2059//2059 2079//2079
f 2038//2038 2043//2043 2039//2039
f 2057//2057 2074//2074 2059//2059
f 1843//1843 1966//1966 2085//2085
f 2015//2015 2090//2090 1984//1984
f 2020//2020 2114//2114 2081//2081
f 1940//1940 2089//2089 1938//1938
f 2034//2034 2103//2103 2004//2004
f 1940//1940 2071//2071 2089//2089
f 2072//2072 2098//2098 2053//2053
f 1973//1973 2175//2175 2066//2066
f 1978//1978 2093//2093 2005//2005
f 2033//2033 2091//2091 2080//2080
f 1799//1799 1989//1989 2061//2061
f 1974//1974 2115//2115 2012//2012
f 2081//2081 2133//2133 1951//1951
f 2037//2037 2024//2024 2070//2070
f 1951//1951 2133//2133 1975//1975
f 2037//2037 2092//2092 2075//2075
f 2045//2045 1994//1994 2168//2168
f 2025//2025 2114//2114 2020//2020
f 2063//2063 1931//1931 2087//2087
f 1910//1910 2100//2100 1936//1936
f 2030//2030 2068//2068 2146//2146
f 2030//2030 2146//2146 2055//2055
f 2070//2070 2109//2109 2092//2092
f 1729//1729 1934//1934 2099//2099
f 2004//2004 2104//2104 2054//2054
f 2072//2072 2049//2049 2063//2063
f 1729//1729 2099//2099 2112//2112
f 1729//1729 2112//2112 1902//1902
f 2051//2051 2127//2127 2062//2062
f 1992//1992 2073//2073 2043//2043
f 2072//2072 2131//2131 2098//2098
f 1994//1994 2054//2054 2168//2168
f 2057//2057 2053//2053 2098//2098
f 2043//2043 2073//2073 2039//2039
f 2097//2097 2094//2094 2122//2122
f 1879//1879 2069//2069 2065//2065
f 2004//2004 2103//2103 2104//2104
f 1935//1935 2088//2088 1987//1987
f 1894//1894 2107//2107 2042//2042
f 2058//2058 2078//2078 2067//2067
f 2094//2094 2101//2101 2122//2122
f 2098//2098 2074//2074 2057//2057
f 2102//2102 2052//2052 2079//2079
f 2097//2097 2111//2111 2094//2094
f 2046//2046 2012//2012 2115//2115
f 2115//2115 2016//2016 2065//2065
f 2079//2079 2052//2052 2028//2028
f 1942//1942 2108//2108 2031//2031
f 1894//1894 1993//1993 2107//2107
f 2033//2033 2150//2150 1986//1986
f 2060//2060 2050//2050 2106//2106
f 2045//2045 2168//2168 2068//2068
f 2015//2015 2127//2127 2090//2090
f 1989//1989 2117//2117 2061//2061
f 2050//2050 2075//2075 2106//2106
f 1938//1938 2089//2089 1919//1919
f 2062//2062 2127//2127 2015//2015
f 1910//1910 1916//1916 2100//2100
f 1984//1984 2095//2095 2077//2077
f 2064//2064 2055//2055 2116//2116
f 2097//2097 2118//2118 2111//2111
f 1940//1940 1926//1926 2071//2071
f 2102//2102 2155//2155 2070//2070
f 2072//2072 2063//2063 2131//2131
f 2013//2013 2041//2041 1997//1997
f 2097//2097 2122//2122 2118//2118
f 2082//2082 2298//2298 1875//1875
f 2024//2024 2052//2052 2070//2070
f 2102//2102 2070//2070 2052//2052
f 2059//2059 2120//2120 2079//2079
f 2027//2027 1869//1869 2128//2128
f 2075//2075 2134//2134 2106//2106
f 2080//2080 2150//2150 2033//2033
f 2009//2009 1875//1875 2298//2298
f 2118//2118 2139//2139 2111//2111
f 2059//2059 2074//2074 2120//2120
f 1796//1796 2163//2163 2041//2041
f 1796//1796 2047//2047 2163//2163
f 2115//2115 2065//2065 2069//2069
f 1993//1993 2046//2046 2107//2107
f 1869//1869 1902//1902 2128//2128
f 1942//1942 2009//2009 2108//2108
f 2808//2808 2427//2427 2164//2164
f 2808//2808 2549//2549 2427//2427
f 1961//1961 2119//2119 1989//1989
f 2001//2001 2113//2113 2023//2023
f 1975//1975 2133//2133 2113//2113
f 2040//2040 2180//2180 1941//1941
f 2011//2011 2086//2086 2083//2083
f 1961//1961 2105//2105 2119//2119
f 2022//2022 2206//2206 1916//1916
f 2092//2092 2126//2126 2075//2075
f 1710//1710 2309//2309 1926//1926
f 1986//1986 2150//2150 2087//2087
f 2115//2115 2069//2069 2046//2046
f 2078//2078 2039//2039 2067//2067
f 2064//2064 2136//2136 2110//2110
f 2091//2091 1941//1941 2152//2152
f 2119//2119 2117//2117 1989//1989
f 2035//2035 2110//2110 2138//2138
f 2042//2042 2107//2107 2069//2069
f 2111//2111 2139//2139 2132//2132
f 2086//2086 2056//2056 2121//2121
f 2079//2079 2120//2120 2129//2129
f 2181//2181 2148//2148 1997//1997
f 2131//2131 2063//2063 2087//2087
f 2064//2064 2116//2116 2136//2136
f 2048//2048 2130//2130 2025//2025
f 1999//1999 2190//2190 2048//2048
f 2070//2070 2155//2155 2137//2137
f 2090//2090 2153//2153 2095//2095
f 2074//2074 2098//2098 2131//2131
f 2109//2109 2070//2070 2140//2140
f 2111//2111 2135//2135 2094//2094
f 1997//1997 2148//2148 2032//2032
f 1710//1710 2096//2096 2309//2309
f 2056//2056 2076//2076 2141//2141
f 2027//2027 2154//2154 1962//1962
f 1919//1919 2089//2089 2088//2088
f 1999//1999 2067//2067 2190//2190
f 2101//2101 2149//2149 2122//2122
f 2123//2123 2139//2139 2118//2118
f 2005//2005 2093//2093 2076//2076
f 2142//2142 2134//2134 2075//2075
f 2069//2069 2107//2107 2046//2046
f 2089//2089 2118//2118 2122//2122
f 2055//2055 2146//2146 2165//2165
f 2126//2126 2142//2142 2075//2075
f 2126//2126 2092//2092 2167//2167
f 2067//2067 2197//2197 2190//2190
f 1936//1936 2100//2100 2096//2096
f 2081//2081 2124//2124 2133//2133
f 2104//2104 2103//2103 2294//2294
f 2127//2127 2153//2153 2090//2090
f 2039//2039 2192//2192 2067//2067
f 2089//2089 2122//2122 2144//2144
f 2101//2101 2145//2145 2149//2149
f 2139//2139 2159//2159 2132//2132
f 2104//2104 2294//2294 2054//2054
f 2102//2102 2079//2079 2155//2155
f 2109//2109 2140//2140 2156//2156
f 2091//2091 2169//2169 2080//2080
f 2026//2026 2066//2066 2147//2147
f 2089//2089 2143//2143 2118//2118
f 2019//2019 1987//1987 2093//2093
f 2094//2094 2145//2145 2101//2101
f 2040//2040 2085//2085 2180//2180
f 2118//2118 2143//2143 2123//2123
f 2039//2039 2151//2151 2192//2192
f 2121//2121 2182//2182 2086//2086
f 2140//2140 2070//2070 2137//2137
f 2139//2139 2123//2123 2173//2173
f 2060//2060 2106//2106 2073//2073
f 2089//2089 2071//2071 2143//2143
f 2113//2113 2133//2133 2211//2211
f 2032//2032 2148//2148 2051//2051
f 2105//2105 2176//2176 2119//2119
f 2094//2094 2135//2135 2145//2145
f 2025//2025 2130//2130 2232//2232
f 2146//2146 2068//2068 2165//2165
f 2068//2068 2168//2168 2165//2165
f 2079//2079 2129//2129 2137//2137
f 2026//2026 2147//2147 2105//2105
f 2034//2034 2084//2084 2103//2103
f 2144//2144 2236//2236 2089//2089
f 2134//2134 2142//2142 2172//2172
f 2120//2120 2166//2166 2129//2129
f 2025//2025 2232//2232 2114//2114
f 2126//2126 2167//2167 2142//2142
f 2055//2055 2165//2165 2116//2116
f 2157//2157 2173//2173 2123//2123
f 1957//1957 2023//2023 2288//2288
f 2039//2039 2073//2073 2151//2151
f 2056//2056 2182//2182 2121//2121
f 2067//2067 2234//2234 2197//2197
f 1808//1808 2233//2233 2084//2084
f 2149//2149 2145//2145 2179//2179
f 2041//2041 2181//2181 1997//1997
f 2081//2081 2114//2114 2124//2124
f 2135//2135 2185//2185 2145//2145
f 2092//2092 2109//2109 2167//2167
f 2234//2234 2067//2067 2192//2192
f 2135//2135 2111//2111 2185//2185
f 2080//2080 2162//2162 2150//2150
f 2080//2080 2171//2171 2162//2162
f 1934//1934 2161//2161 2099//2099
f 2129//2129 2166//2166 2203//2203
f 2091//2091 2152//2152 2169//2169
f 2150//2150 2162//2162 2087//2087
f 1987//1987 2291//2291 2093//2093
f 2140//2140 2137//2137 2184//2184
f 2095//2095 2153//2153 2170//2170
f 2162//2162 2178//2178 2177//2177
f 2177//2177 2213//2213 2186//2186
f 2123//2123 2143//2143 2191//2191
f 2123//2123 2191//2191 2157//2157
f 2080//2080 2169//2169 2171//2171
f 2140//2140 2174//2174 2183//2183
f 2181//2181 2041//2041 2163//2163
f 2079//2079 2137//2137 2155//2155
f 2074//2074 2131//2131 2187//2187
f 2174//2174 2140//2140 2184//2184
f 2088//2088 2089//2089 2236//2236
f 2111//2111 2132//2132 2221//2221
f 2178//2178 2162//2162 2199//2199
f 2074//2074 2186//2186 2120//2120
f 2162//2162 2171//2171 2199//2199
f 2139//2139 2173//2173 2158//2158
f 2088//2088 2291//2291 1987//1987
f 2169//2169 2189//2189 2171//2171
f 2114//2114 2232//2232 2124//2124
f 2061//2061 2202//2202 2161//2161
f 2054//2054 2294//2294 2168//2168
f 2077//2077 2095//2095 2170//2170
f 2186//2186 2074//2074 2187//2187
f 2213//2213 2177//2177 2230//2230
f 2087//2087 2177//2177 2187//2187
f 2056//2056 2141//2141 2188//2188
f 2145//2145 2210//2210 2179//2179
f 2142//2142 2212//2212 2172//2172
f 2180//2180 2085//2085 2205//2205
f 2087//2087 2162//2162 2177//2177
f 2087//2087 2187//2187 2131//2131
f 2048//2048 2237//2237 2130//2130
f 2186//2186 2187//2187 2177//2177
f 2110//2110 2136//2136 2138//2138
f 2083//2083 2195//2195 2047//2047
f 2083//2083 2194//2194 2160//2160
f 2120//2120 2186//2186 2166//2166
f 2056//2056 2188//2188 2182//2182
f 2084//2084 2220//2220 2103//2103
f 2111//2111 2221//2221 2185//2185
f 2134//2134 2172//2172 2106//2106
f 1808//1808 2031//2031 2233//2233
f 2183//2183 2174//2174 2196//2196
f 2203//2203 2166//2166 2223//2223
f 2083//2083 2160//2160 2195//2195
f 2122//2122 2217//2217 2144//2144
f 2142//2142 2167//2167 2212//2212
f 2113//2113 2226//2226 2023//2023
f 2151//2151 2201//2201 2192//2192
f 2132//2132 2218//2218 2221//2221
f 2139//2139 2158//2158 2159//2159
f 2073//2073 2208//2208 2151//2151
f 2100//2100 1916//1916 2206//2206
f 1941//1941 2250//2250 2152//2152
f 2213//2213 2166//2166 2186//2186
f 2083//2083 2086//2086 2194//2194
f 2198//2198 2222//2222 2203//2203
f 2294//2294 2103//2103 2220//2220
f 2133//2133 2124//2124 2200//2200
f 2165//2165 2168//2168 2238//2238
f 2129//2129 2203//2203 2215//2215
f 2129//2129 2215//2215 2137//2137
f 2082//2082 2125//2125 2298//2298
f 2206//2206 2022//2022 2245//2245
f 2174//2174 2193//2193 2196//2196
f 2174//2174 2184//2184 2209//2209
f 2234//2234 2235//2235 2197//2197
f 2066//2066 2175//2175 2147//2147
f 1966//1966 2205//2205 2085//2085
f 2119//2119 2214//2214 2117//2117
f 2138//2138 2219//2219 2035//2035
f 2119//2119 2176//2176 2214//2214
f 2174//2174 2209//2209 2193//2193
f 2222//2222 2215//2215 2203//2203
f 2073//2073 2106//2106 2208//2208
f 2086//2086 2182//2182 2194//2194
f 2223//2223 2198//2198 2203//2203
f 2140//2140 2224//2224 2156//2156
f 2116//2116 2165//2165 2136//2136
f 2061//2061 2117//2117 2249//2249
f 2022//2022 2035//2035 2245//2245
f 2109//2109 2156//2156 2167//2167
f 2149//2149 2179//2179 2227//2227
f 2105//2105 2147//2147 2176//2176
f 2216//2216 2228//2228 2207//2207
f 2138//2138 2240//2240 2219//2219
f 2209//2209 2184//2184 2215//2215
f 2127//2127 2231//2231 2153//2153
f 2223//2223 2166//2166 2213//2213
f 2225//2225 2208//2208 2172//2172
f 2204//2204 2151//2151 2208//2208
f 1902//1902 2112//2112 2128//2128
f 2106//2106 2172//2172 2208//2208
f 2177//2177 2178//2178 2230//2230
f 1962//1962 2244//2244 1966//1966
f 2144//2144 2217//2217 2236//2236
f 2204//2204 2201//2201 2151//2151
f 2222//2222 2209//2209 2215//2215
f 2207//2207 2239//2239 2216//2216
f 2204//2204 2225//2225 2241//2241
f 2222//2222 2198//2198 2258//2258
f 2223//2223 2230//2230 2246//2246
f 2213//2213 2230//2230 2223//2223
f 2204//2204 2208//2208 2225//2225
f 2190//2190 2197//2197 2235//2235
f 2137//2137 2215//2215 2184//2184
f 2180//2180 2229//2229 2254//2254
f 2122//2122 2248//2248 2217//2217
f 2140//2140 2183//2183 2224//2224
f 2189//2189 2242//2242 2171//2171
f 2076//2076 2188//2188 2141//2141
f 2145//2145 2185//2185 2221//2221
f 2136//2136 2165//2165 2247//2247
f 2156//2156 2255//2255 2167//2167
f 2180//2180 2254//2254 1941//1941
f 1966//1966 2244//2244 2205//2205
f 2192//2192 2201//2201 2234//2234
f 2183//2183 2196//2196 2224//2224
f 2048//2048 2190//2190 2237//2237
f 2138//2138 2136//2136 2240//2240
f 2188//2188 2194//2194 2182//2182
f 2223//2223 2246//2246 2198//2198
f 2181//2181 2163//2163 2263//2263
f 2076//2076 2272//2272 2188//2188
f 2180//2180 2205//2205 2229//2229
f 2156//2156 2224//2224 2255//2255
f 2202//2202 2061//2061 2249//2249
f 2219//2219 2245//2245 2035//2035
f 2145//2145 2221//2221 2210//2210
f 2202//2202 2260//2260 2161//2161
f 2222//2222 2258//2258 2209//2209
f 2147//2147 2269//2269 2176//2176
f 2204//2204 2241//2241 2201//2201
f 2179//2179 2210//2210 2227//2227
f 2149//2149 2248//2248 2122//2122
f 2153//2153 2267//2267 2170//2170
f 2168//2168 2294//2294 2238//2238
f 2171//2171 2242//2242 2199//2199
f 2181//2181 2263//2263 2256//2256
f 2076//2076 2093//2093 2272//2272
f 2047//2047 2195//2195 2163//2163
f 2051//2051 2231//2231 2127//2127
f 2023//2023 2226//2226 2268//2268
f 2167//2167 2255//2255 2212//2212
f 2112//2112 2099//2099 2286//2286
f 2228//2228 2259//2259 2207//2207
f 2165//2165 2238//2238 2264//2264
f 2009//2009 2298//2298 2270//2270
f 1957//1957 2288//2288 2808//2808
f 2147//2147 2175//2175 2269//2269
f 2124//2124 2232//2232 2200//2200
f 2228//2228 2216//2216 2274//2274
f 2178//2178 2276//2276 2230//2230
f 2198//2198 2246//2246 2277//2277
f 2207//2207 2252//2252 2239//2239
f 2190//2190 2235//2235 2366//2366
f 2190//2190 2366//2366 2237//2237
f 2209//2209 2265//2265 2193//2193
f 2251//2251 2261//2261 2253//2253
f 2108//2108 2009//2009 2304//2304
f 2238//2238 2294//2294 2284//2284
f 2225//2225 2257//2257 2241//2241
f 2225//2225 2172//2172 2212//2212
f 2188//2188 2272//2272 2194//2194
f 2132//2132 2159//2159 2273//2273
f 2099//2099 2161//2161 2260//2260
f 2178//2178 2279//2279 2276//2276
f 2149//2149 2227//2227 2248//2248
f 2189//2189 2169//2169 2243//2243
f 2216//2216 2239//2239 2274//2274
f 2193//2193 2265//2265 2282//2282
f 2210//2210 2221//2221 2289//2289
f 2173//2173 2157//2157 2158//2158
f 2272//2272 2160//2160 2194//2194
f 2130//2130 2328//2328 2232//2232
f 2175//2175 2077//2077 2269//2269
f 2178//2178 2199//2199 2279//2279
f 2071//2071 1926//1926 2143//2143
f 2196//2196 2193//2193 2350//2350
f 2209//2209 2258//2258 2265//2265
f 2225//2225 2212//2212 2257//2257
f 2236//2236 2228//2228 2274//2274
f 2031//2031 2108//2108 2233//2233
f 2218//2218 2280//2280 2221//2221
f 2228//2228 2236//2236 2308//2308
f 2236//2236 2274//2274 2271//2271
f 2009//2009 2270//2270 2304//2304
f 2143//2143 2319//2319 2191//2191
f 2195//2195 2262//2262 2163//2163
f 2230//2230 2276//2276 2281//2281
f 2198//2198 2277//2277 2258//2258
f 2263//2263 2335//2335 2256//2256
f 2170//2170 2267//2267 2377//2377
f 2266//2266 2261//2261 2251//2251
f 2256//2256 2301//2301 2181//2181
f 2113//2113 2211//2211 2337//2337
f 2217//2217 2248//2248 2236//2236
f 2236//2236 2291//2291 2088//2088
f 1962//1962 2154//2154 2244//2244
f 2113//2113 2337//2337 2226//2226
f 2251//2251 2296//2296 2266//2266
f 2226//2226 2337//2337 2268//2268
f 2153//2153 2299//2299 2267//2267
f 2308//2308 2236//2236 2248//2248
f 2199//2199 2290//2290 2279//2279
f 2210//2210 2289//2289 2227//2227
f 2181//2181 2301//2301 2148//2148
f 2239//2239 2252//2252 2275//2275
f 2163//2163 2262//2262 2263//2263
f 2282//2282 2265//2265 2311//2311
f 2297//2297 2279//2279 2292//2292
f 2218//2218 2293//2293 2280//2280
f 1941//1941 2254//2254 2250//2250
f 2230//2230 2281//2281 2246//2246
f 2096//2096 2100//2100 2309//2309
f 2279//2279 2290//2290 2292//2292
f 2158//2158 2157//2157 2333//2333
f 2285//2285 2279//2279 2297//2297
f 2158//2158 2333//2333 2302//2302
f 2282//2282 2311//2311 2300//2300
f 2218//2218 2132//2132 2273//2273
f 2158//2158 2302//2302 2159//2159
f 2228//2228 2308//2308 2259//2259
f 2196//2196 2295//2295 2224//2224
f 2152//2152 2250//2250 2346//2346
f 2279//2279 2285//2285 2287//2287
f 2165//2165 2264//2264 2347//2347
f 2189//2189 2243//2243 2242//2242
f 2233//2233 2108//2108 2304//2304
f 2193//2193 2282//2282 2300//2300
f 2227//2227 2306//2306 2248//2248
f 2125//2125 2164//2164 2376//2376
f 2227//2227 2289//2289 2292//2292
f 2261//2261 2311//2311 2253//2253
f 2130//2130 2237//2237 2328//2328
f 2100//2100 2315//2315 2309//2309
f 2224//2224 2295//2295 2255//2255
f 2207//2207 2312//2312 2252//2252
f 2207//2207 2259//2259 2312//2312
f 2231//2231 2051//2051 2389//2389
f 2279//2279 2287//2287 2276//2276
f 2278//2278 2303//2303 2310//2310
f 2283//2283 2278//2278 2314//2314
f 2251//2251 2253//2253 2330//2330
f 2274//2274 2339//2339 2271//2271
f 2261//2261 2300//2300 2311//2311
f 2051//2051 2148//2148 2389//2389
f 2136//2136 2247//2247 2398//2398
f 2280//2280 2313//2313 2336//2336
f 2281//2281 2317//2317 2246//2246
f 2218//2218 2273//2273 2293//2293
f 2292//2292 2289//2289 2297//2297
f 2265//2265 2258//2258 2277//2277
f 2027//2027 2128//2128 2154//2154
f 2212//2212 2255//2255 2295//2295
f 2143//2143 2318//2318 2319//2319
f 2143//2143 1926//1926 2318//2318
f 2236//2236 2271//2271 2291//2291
f 2274//2274 2275//2275 2305//2305
f 2274//2274 2239//2239 2275//2275
f 2170//2170 2377//2377 2077//2077
f 2261//2261 2266//2266 2343//2343
f 2227//2227 2292//2292 2306//2306
f 2176//2176 2316//2316 2214//2214
f 2176//2176 2269//2269 2316//2316
f 2212//2212 2295//2295 2321//2321
f 2234//2234 2201//2201 2235//2235
f 2278//2278 2283//2283 2303//2303
f 2221//2221 2280//2280 2336//2336
f 2276//2276 2317//2317 2281//2281
f 2133//2133 2200//2200 2344//2344
f 2241//2241 2341//2341 2201//2201
f 2206//2206 2353//2353 2100//2100
f 2285//2285 2310//2310 2287//2287
f 2285//2285 2297//2297 2310//2310
f 2243//2243 2323//2323 2242//2242
f 2310//2310 2314//2314 2278//2278
f 2093//2093 2326//2326 2272//2272
f 2202//2202 2327//2327 2260//2260
f 2376//2376 2164//2164 2406//2406
f 2133//2133 2344//2344 2211//2211
f 2249//2249 2117//2117 2332//2332
f 2117//2117 2214//2214 2332//2332
f 2023//2023 2268//2268 2288//2288
f 2248//2248 2306//2306 2308//2308
f 2305//2305 2354//2354 2274//2274
f 2295//2295 2196//2196 2325//2325
f 2165//2165 2347//2347 2384//2384
f 2280//2280 2293//2293 2313//2313
f 2099//2099 2260//2260 2286//2286
f 2274//2274 2354//2354 2339//2339
f 2193//2193 2300//2300 2350//2350
f 2303//2303 2331//2331 2338//2338
f 2338//2338 2246//2246 2317//2317
f 2310//2310 2297//2297 2313//2313
f 2152//2152 2346//2346 2169//2169
f 2241//2241 2257//2257 2340//2340
f 2084//2084 2233//2233 2355//2355
f 2314//2314 2313//2313 2293//2293
f 2159//2159 2302//2302 2273//2273
f 2271//2271 2322//2322 2291//2291
f 2232//2232 2329//2329 2200//2200
f 2303//2303 2338//2338 2310//2310
f 2276//2276 2287//2287 2317//2317
f 2300//2300 2261//2261 2343//2343
f 2136//2136 2398//2398 2240//2240
f 2289//2289 2221//2221 2336//2336
f 2238//2238 2347//2347 2264//2264
f 2253//2253 2311//2311 2331//2331
f 2246//2246 2338//2338 2277//2277
f 2290//2290 2199//2199 2363//2363
f 2252//2252 2382//2382 2275//2275
f 2206//2206 2245//2245 2324//2324
f 2202//2202 2249//2249 2327//2327
f 2406//2406 2164//2164 2427//2427
f 2077//2077 2377//2377 2316//2316
f 2165//2165 2384//2384 2247//2247
f 2153//2153 2231//2231 2299//2299
f 2331//2331 2303//2303 2349//2349
f 2308//2308 2312//2312 2259//2259
f 2272//2272 2326//2326 2195//2195
f 2272//2272 2195//2195 2160//2160
f 2229//2229 2205//2205 2357//2357
f 2199//2199 2345//2345 2363//2363
f 2310//2310 2313//2313 2314//2314
f 2093//2093 2291//2291 2326//2326
f 2311//2311 2265//2265 2277//2277
f 2269//2269 2077//2077 2316//2316
f 2323//2323 2243//2243 2351//2351
f 2195//2195 2361//2361 2262//2262
f 2157//2157 2191//2191 2333//2333
f 2331//2331 2277//2277 2338//2338
f 2331//2331 2311//2311 2277//2277
f 2283//2283 2314//2314 2348//2348
f 2199//2199 2242//2242 2345//2345
f 2289//2289 2336//2336 2297//2297
f 2229//2229 2357//2357 2342//2342
f 2251//2251 2330//2330 2296//2296
f 2315//2315 2100//2100 2353//2353
f 2220//2220 2084//2084 2355//2355
f 2295//2295 2325//2325 2321//2321
f 2310//2310 2317//2317 2287//2287
f 2252//2252 2312//2312 2382//2382
f 2316//2316 2352//2352 2214//2214
f 2301//2301 2256//2256 2148//2148
f 2310//2310 2338//2338 2317//2317
f 2229//2229 2342//2342 2254//2254
f 2128//2128 2112//2112 2286//2286
f 2322//2322 2334//2334 2291//2291
f 2238//2238 2307//2307 2347//2347
f 2308//2308 2306//2306 2312//2312
f 2257//2257 2212//2212 2368//2368
f 2245//2245 2360//2360 2324//2324
f 2253//2253 2331//2331 2330//2330
f 2238//2238 2284//2284 2307//2307
f 2241//2241 2340//2340 2341//2341
f 2232//2232 2328//2328 2329//2329
f 2237//2237 2356//2356 2328//2328
f 2298//2298 2125//2125 2376//2376
f 2354//2354 2322//2322 2271//2271
f 2313//2313 2297//2297 2336//2336
f 2148//2148 2256//2256 2389//2389
f 2354//2354 2271//2271 2339//2339
f 2354//2354 2334//2334 2322//2322
f 2291//2291 2359//2359 2326//2326
f 2219//2219 2240//2240 2394//2394
f 2196//2196 2350//2350 2325//2325
f 2191//2191 2319//2319 2333//2333
f 2291//2291 2334//2334 2359//2359
f 2293//2293 2348//2348 2314//2314
f 2212//2212 2321//2321 2368//2368
f 2169//2169 2365//2365 2243//2243
f 2406//2406 2427//2427 2362//2362
f 2275//2275 2390//2390 2305//2305
f 2275//2275 2382//2382 2390//2390
f 2352//2352 2332//2332 2214//2214
f 2219//2219 2394//2394 2245//2245
f 2326//2326 2358//2358 2195//2195
f 2262//2262 2371//2371 2263//2263
f 2306//2306 2292//2292 2367//2367
f 2254//2254 2373//2373 2250//2250
f 2262//2262 2361//2361 2320//2320
f 2292//2292 2290//2290 2363//2363
f 2361//2361 2195//2195 2358//2358
f 2361//2361 2418//2418 2320//2320
f 2303//2303 2369//2369 2349//2349
f 2220//2220 2355//2355 2284//2284
f 2245//2245 2412//2412 2360//2360
f 2201//2201 2341//2341 2378//2378
f 2293//2293 2273//2273 2372//2372
f 2201//2201 2378//2378 2444//2444
f 2266//2266 2296//2296 2343//2343
f 2235//2235 2375//2375 2366//2366
f 2309//2309 2315//2315 2408//2408
f 2309//2309 2408//2408 1926//1926
f 2354//2354 2370//2370 2334//2334
f 2206//2206 2324//2324 2353//2353
f 2205//2205 2244//2244 2357//2357
f 2359//2359 2334//2334 2407//2407
f 2331//2331 2349//2349 2330//2330
f 2325//2325 2350//2350 2380//2380
f 2220//2220 2284//2284 2294//2294
f 2330//2330 2381//2381 2296//2296
f 2306//2306 2367//2367 2397//2397
f 2300//2300 2343//2343 2364//2364
f 2235//2235 2201//2201 2375//2375
f 2306//2306 2397//2397 2312//2312
f 2302//2302 2383//2383 2273//2273
f 2329//2329 2328//2328 2356//2356
f 2363//2363 2367//2367 2292//2292
f 2257//2257 2368//2368 2340//2340
f 2263//2263 2371//2371 2335//2335
f 2354//2354 2305//2305 2379//2379
f 2169//2169 2346//2346 2365//2365
f 2361//2361 2358//2358 2405//2405
f 2323//2323 2351//2351 2396//2396
f 2397//2397 2382//2382 2312//2312
f 2302//2302 2333//2333 2400//2400
f 2256//2256 2335//2335 2411//2411
f 2283//2283 2385//2385 2303//2303
f 2334//2334 2370//2370 2407//2407
f 2397//2397 2367//2367 2395//2395
f 2387//2387 2254//2254 2342//2342
f 2343//2343 2296//2296 2409//2409
f 2323//2323 2396//2396 2242//2242
f 2359//2359 2433//2433 2326//2326
f 2381//2381 2393//2393 2296//2296
f 2335//2335 2374//2374 2411//2411
f 2352//2352 2316//2316 2377//2377
f 2283//2283 2348//2348 2385//2385
f 2377//2377 2267//2267 2392//2392
f 2262//2262 2320//2320 2371//2371
f 2321//2321 2325//2325 2399//2399
f 2340//2340 2378//2378 2341//2341
f 2305//2305 2390//2390 2379//2379
f 2319//2319 2408//2408 2333//2333
f 2254//2254 2428//2428 2373//2373
f 2333//2333 2417//2417 2400//2400
f 1926//1926 2408//2408 2318//2318
f 2300//2300 2364//2364 2350//2350
f 2268//2268 2337//2337 2410//2410
f 2326//2326 2433//2433 2358//2358
f 2293//2293 2372//2372 2348//2348
f 2321//2321 2399//2399 2368//2368
f 2237//2237 2366//2366 2438//2438
f 2335//2335 2371//2371 2374//2374
f 2273//2273 2383//2383 2386//2386
f 2154//2154 2391//2391 2244//2244
f 2352//2352 2377//2377 2401//2401
f 2361//2361 2405//2405 2418//2418
f 2237//2237 2438//2438 2356//2356
f 2211//2211 2344//2344 2403//2403
f 2256//2256 2411//2411 2389//2389
f 2407//2407 2404//2404 2359//2359
f 2273//2273 2386//2386 2414//2414
f 2201//2201 2444//2444 2413//2413
f 2354//2354 2379//2379 2388//2388
f 2353//2353 2420//2420 2315//2315
f 2346//2346 2442//2442 2365//2365
f 2320//2320 2418//2418 2415//2415
f 2398//2398 2394//2394 2240//2240
f 2247//2247 2384//2384 2398//2398
f 2352//2352 2401//2401 2332//2332
f 2211//2211 2403//2403 2337//2337
f 2231//2231 2440//2440 2299//2299
f 2250//2250 2373//2373 2346//2346
f 2243//2243 2365//2365 2351//2351
f 2343//2343 2430//2430 2364//2364
f 2359//2359 2402//2402 2433//2433
f 2397//2397 2436//2436 2382//2382
f 2319//2319 2318//2318 2408//2408
f 2315//2315 2420//2420 2408//2408
f 2296//2296 2393//2393 2409//2409
f 2200//2200 2329//2329 2481//2481
f 2200//2200 2481//2481 2344//2344
f 2307//2307 2419//2419 2347//2347
f 2396//2396 2395//2395 2242//2242
f 2359//2359 2404//2404 2402//2402
f 2330//2330 2349//2349 2381//2381
f 2395//2395 2396//2396 2421//2421
f 2307//2307 2284//2284 2419//2419
f 2377//2377 2392//2392 2416//2416
f 2411//2411 2508//2508 2389//2389
f 2340//2340 2368//2368 2449//2449
f 2367//2367 2363//2363 2345//2345
f 2395//2395 2367//2367 2242//2242
f 2154//2154 2128//2128 2391//2391
f 2329//2329 2356//2356 2456//2456
f 2303//2303 2385//2385 2369//2369
f 2366//2366 2451//2451 2438//2438
f 2273//2273 2414//2414 2372//2372
f 2245//2245 2394//2394 2412//2412
f 2358//2358 2433//2433 2405//2405
f 2436//2436 2397//2397 2424//2424
f 2302//2302 2400//2400 2383//2383
f 2242//2242 2367//2367 2345//2345
f 2337//2337 2403//2403 2410//2410
f 2260//2260 2464//2464 2286//2286
f 2397//2397 2395//2395 2424//2424
f 2398//2398 2384//2384 2446//2446
f 2342//2342 2480//2480 2387//2387
f 2386//2386 2383//2383 2423//2423
f 2260//2260 2327//2327 2426//2426
f 2260//2260 2426//2426 2464//2464
f 2422//2422 2329//2329 2456//2456
f 2375//2375 2201//2201 2413//2413
f 2428//2428 2445//2445 2373//2373
f 2353//2353 2324//2324 2420//2420
f 2389//2389 2440//2440 2231//2231
f 2368//2368 2399//2399 2449//2449
f 2380//2380 2350//2350 2432//2432
f 2390//2390 2382//2382 2436//2436
f 2354//2354 2388//2388 2370//2370
f 2254//2254 2387//2387 2428//2428
f 2381//2381 2429//2429 2393//2393
f 2327//2327 2249//2249 2426//2426
f 2399//2399 2325//2325 2461//2461
f 2408//2408 2420//2420 2476//2476
f 2324//2324 2360//2360 2454//2454
f 2392//2392 2435//2435 2416//2416
f 2390//2390 2388//2388 2379//2379
f 2351//2351 2421//2421 2396//2396
f 2428//2428 2387//2387 2439//2439
f 2343//2343 2409//2409 2430//2430
f 2384//2384 2347//2347 2425//2425
f 2808//2808 2288//2288 2668//2668
f 2808//2808 2668//2668 2730//2730
f 2386//2386 2423//2423 2414//2414
f 2432//2432 2364//2364 2430//2430
f 2340//2340 2449//2449 2378//2378
f 2350//2350 2364//2364 2432//2432
f 2395//2395 2421//2421 2424//2424
f 2233//2233 2304//2304 2355//2355
f 2346//2346 2373//2373 2442//2442
f 2377//2377 2416//2416 2452//2452
f 2324//2324 2434//2434 2420//2420
f 2333//2333 2408//2408 2417//2417
f 2400//2400 2417//2417 2431//2431
f 2426//2426 2249//2249 2475//2475
f 2400//2400 2431//2431 2512//2512
f 2410//2410 2288//2288 2268//2268
f 2405//2405 2433//2433 2457//2457
f 2349//2349 2429//2429 2381//2381
f 2444//2444 2378//2378 2449//2449
f 2401//2401 2482//2482 2332//2332
f 2393//2393 2429//2429 2469//2469
f 2342//2342 2463//2463 2480//2480
f 2348//2348 2458//2458 2443//2443
f 2402//2402 2471//2471 2433//2433
f 2387//2387 2480//2480 2439//2439
f 2416//2416 2435//2435 2455//2455
f 2284//2284 2355//2355 2419//2419
f 2371//2371 2320//2320 2448//2448
f 2347//2347 2419//2419 2425//2425
f 2392//2392 2267//2267 2460//2460
f 2374//2374 2371//2371 2448//2448
f 2408//2408 2476//2476 2417//2417
f 2411//2411 2374//2374 2508//2508
f 2441//2441 2463//2463 2342//2342
f 2423//2423 2458//2458 2414//2414
f 2373//2373 2459//2459 2442//2442
f 2394//2394 2462//2462 2412//2412
f 2433//2433 2477//2477 2457//2457
f 2394//2394 2398//2398 2468//2468
f 2249//2249 2332//2332 2475//2475
f 2481//2481 2329//2329 2422//2422
f 2491//2491 2478//2478 2443//2443
f 2348//2348 2414//2414 2458//2458
f 2385//2385 2348//2348 2478//2478
f 2325//2325 2380//2380 2461//2461
f 2298//2298 2376//2376 2270//2270
f 2443//2443 2478//2478 2348//2348
f 2348//2348 2372//2372 2414//2414
f 2432//2432 2430//2430 2465//2465
f 2391//2391 2519//2519 2244//2244
f 2342//2342 2357//2357 2441//2441
f 2398//2398 2446//2446 2468//2468
f 2360//2360 2447//2447 2454//2454
f 2434//2434 2324//2324 2454//2454
f 2390//2390 2436//2436 2388//2388
f 2508//2508 2440//2440 2389//2389
f 2128//2128 2474//2474 2391//2391
f 2286//2286 2474//2474 2128//2128
f 2402//2402 2404//2404 2479//2479
f 2360//2360 2412//2412 2437//2437
f 2442//2442 2459//2459 2467//2467
f 2351//2351 2487//2487 2421//2421
f 2401//2401 2377//2377 2473//2473
f 2399//2399 2461//2461 2449//2449
f 2356//2356 2537//2537 2456//2456
f 2405//2405 2453//2453 2418//2418
f 2365//2365 2442//2442 2487//2487
f 2351//2351 2365//2365 2487//2487
f 2453//2453 2415//2415 2418//2418
f 2416//2416 2455//2455 2452//2452
f 2422//2422 2456//2456 2472//2472
f 2385//2385 2478//2478 2369//2369
f 2267//2267 2299//2299 2531//2531
f 2393//2393 2469//2469 2409//2409
f 2435//2435 2392//2392 2460//2460
f 2400//2400 2512//2512 2450//2450
f 2366//2366 2375//2375 2451//2451
f 2373//2373 2445//2445 2459//2459
f 2443//2443 2458//2458 2485//2485
f 2394//2394 2468//2468 2462//2462
f 2357//2357 2244//2244 2519//2519
f 2320//2320 2489//2489 2448//2448
f 2374//2374 2448//2448 2508//2508
f 2426//2426 2475//2475 2464//2464
f 2473//2473 2482//2482 2401//2401
f 2349//2349 2369//2369 2478//2478
f 2424//2424 2421//2421 2487//2487
f 2404//2404 2407//2407 2495//2495
f 2344//2344 2481//2481 2403//2403
f 2419//2419 2355//2355 2484//2484
f 2442//2442 2467//2467 2487//2487
f 2441//2441 2357//2357 2501//2501
f 2491//2491 2443//2443 2485//2485
f 2445//2445 2428//2428 2492//2492
f 2441//2441 2488//2488 2483//2483
f 2433//2433 2471//2471 2477//2477
f 2441//2441 2483//2483 2463//2463
f 2439//2439 2511//2511 2428//2428
f 2429//2429 2491//2491 2469//2469
f 2508//2508 2509//2509 2440//2440
f 2432//2432 2465//2465 2486//2486
f 2286//2286 2464//2464 2474//2474
f 2380//2380 2432//2432 2461//2461
f 2320//2320 2415//2415 2489//2489
f 2377//2377 2452//2452 2500//2500
f 2405//2405 2526//2526 2453//2453
f 2458//2458 2423//2423 2485//2485
f 2435//2435 2460//2460 2455//2455
f 2349//2349 2478//2478 2429//2429
f 2423//2423 2383//2383 2450//2450
f 2432//2432 2486//2486 2461//2461
f 2267//2267 2531//2531 2460//2460
f 2417//2417 2497//2497 2431//2431
f 2377//2377 2494//2494 2473//2473
f 2441//2441 2501//2501 2488//2488
f 2424//2424 2490//2490 2528//2528
f 2453//2453 2524//2524 2415//2415
f 2476//2476 2420//2420 2434//2434
f 2377//2377 2500//2500 2494//2494
f 2332//2332 2482//2482 2475//2475
f 2299//2299 2440//2440 2531//2531
f 2410//2410 2403//2403 2496//2496
f 2270//2270 2376//2376 2575//2575
f 2480//2480 2511//2511 2439//2439
f 2429//2429 2478//2478 2491//2491
f 2473//2473 2494//2494 2513//2513
f 2449//2449 2470//2470 2444//2444
f 2462//2462 2468//2468 2561//2561
f 2488//2488 2482//2482 2473//2473
f 2481//2481 2540//2540 2403//2403
f 2473//2473 2513//2513 2488//2488
f 2388//2388 2436//2436 2515//2515
f 2434//2434 2454//2454 2505//2505
f 2469//2469 2491//2491 2504//2504
f 2403//2403 2503//2503 2496//2496
f 2511//2511 2480//2480 2499//2499
f 2356//2356 2438//2438 2537//2537
f 2477//2477 2471//2471 2502//2502
f 2449//2449 2466//2466 2507//2507
f 2491//2491 2485//2485 2504//2504
f 2407//2407 2370//2370 2515//2515
f 2375//2375 2516//2516 2451//2451
f 2428//2428 2511//2511 2492//2492
f 2357//2357 2519//2519 2501//2501
f 2480//2480 2463//2463 2498//2498
f 2424//2424 2487//2487 2490//2490
f 2453//2453 2526//2526 2524//2524
f 2480//2480 2498//2498 2499//2499
f 2488//2488 2501//2501 2482//2482
f 2448//2448 2489//2489 2527//2527
f 2476//2476 2434//2434 2518//2518
f 2446//2446 2384//2384 2542//2542
f 2499//2499 2498//2498 2525//2525
f 2449//2449 2507//2507 2470//2470
f 2476//2476 2518//2518 2417//2417
f 2444//2444 2470//2470 2413//2413
f 2425//2425 2542//2542 2384//2384
f 2404//2404 2495//2495 2493//2493
f 2460//2460 2521//2521 2455//2455
f 2490//2490 2467//2467 2536//2536
f 2430//2430 2517//2517 2465//2465
f 2455//2455 2523//2523 2452//2452
f 2449//2449 2461//2461 2466//2466
f 2415//2415 2524//2524 2489//2489
f 2490//2490 2510//2510 2528//2528
f 2467//2467 2490//2490 2487//2487
f 2527//2527 2508//2508 2448//2448
f 2355//2355 2506//2506 2484//2484
f 2375//2375 2413//2413 2532//2532
f 2511//2511 2554//2554 2514//2514
f 2424//2424 2528//2528 2436//2436
f 2410//2410 2533//2533 2288//2288
f 2437//2437 2522//2522 2360//2360
f 2370//2370 2388//2388 2515//2515
f 2430//2430 2409//2409 2517//2517
f 2488//2488 2513//2513 2483//2483
f 2360//2360 2522//2522 2447//2447
f 2304//2304 2529//2529 2355//2355
f 2403//2403 2558//2558 2503//2503
f 2434//2434 2571//2571 2518//2518
f 2474//2474 2519//2519 2391//2391
f 2437//2437 2412//2412 2522//2522
f 2490//2490 2536//2536 2510//2510
f 2400//2400 2450//2450 2383//2383
f 2402//2402 2479//2479 2471//2471
f 2463//2463 2525//2525 2498//2498
f 2527//2527 2524//2524 2520//2520
f 2423//2423 2550//2550 2485//2485
f 2407//2407 2515//2515 2495//2495
f 2445//2445 2492//2492 2459//2459
f 2436//2436 2528//2528 2515//2515
f 2464//2464 2475//2475 2474//2474
f 2455//2455 2521//2521 2523//2523
f 2470//2470 2507//2507 2544//2544
f 2440//2440 2509//2509 2531//2531
f 2452//2452 2523//2523 2500//2500
f 2527//2527 2489//2489 2524//2524
f 2403//2403 2540//2540 2558//2558
f 2499//2499 2535//2535 2511//2511
f 2511//2511 2546//2546 2492//2492
f 2530//2530 2508//2508 2527//2527
f 2404//2404 2493//2493 2479//2479
f 2511//2511 2535//2535 2554//2554
f 2469//2469 2552//2552 2409//2409
f 2460//2460 2531//2531 2521//2521
f 2459//2459 2492//2492 2543//2543
f 2521//2521 2538//2538 2523//2523
f 2531//2531 2538//2538 2521//2521
f 2513//2513 2547//2547 2483//2483
f 2459//2459 2536//2536 2467//2467
f 2376//2376 2406//2406 2575//2575
f 2438//2438 2572//2572 2537//2537
f 2483//2483 2547//2547 2534//2534
f 2499//2499 2525//2525 2535//2535
f 2571//2571 2434//2434 2505//2505
f 2459//2459 2543//2543 2536//2536
f 2423//2423 2450//2450 2550//2550
f 2477//2477 2502//2502 2551//2551
f 2410//2410 2496//2496 2533//2533
f 2524//2524 2526//2526 2557//2557
f 2494//2494 2500//2500 2548//2548
f 2375//2375 2532//2532 2516//2516
f 2465//2465 2517//2517 2486//2486
f 2463//2463 2483//2483 2525//2525
f 2425//2425 2419//2419 2541//2541
f 2511//2511 2514//2514 2546//2546
f 2530//2530 2527//2527 2545//2545
f 2482//2482 2474//2474 2475//2475
f 2530//2530 2545//2545 2508//2508
f 2481//2481 2422//2422 2540//2540
f 2520//2520 2524//2524 2557//2557
f 2482//2482 2501//2501 2474//2474
f 2425//2425 2541//2541 2542//2542
f 2405//2405 2457//2457 2526//2526
f 2501//2501 2519//2519 2474//2474
f 2504//2504 2539//2539 2469//2469
f 2304//2304 2270//2270 2555//2555
f 2468//2468 2446//2446 2561//2561
f 2419//2419 2484//2484 2541//2541
f 2461//2461 2560//2560 2466//2466
f 2808//2808 2618//2618 2549//2549
f 2808//2808 2665//2665 2618//2618
f 2808//2808 2718//2718 2665//2665
f 2527//2527 2520//2520 2545//2545
f 2553//2553 2495//2495 2515//2515
f 2510//2510 2553//2553 2515//2515
f 2417//2417 2518//2518 2497//2497
f 2510//2510 2515//2515 2528//2528
f 2513//2513 2556//2556 2547//2547
f 2495//2495 2553//2553 2493//2493
f 2513//2513 2494//2494 2556//2556
f 2461//2461 2486//2486 2560//2560
f 2362//2362 2427//2427 2549//2549
f 2409//2409 2552//2552 2564//2564
f 2409//2409 2564//2564 2517//2517
f 2554//2554 2565//2565 2514//2514
f 2554//2554 2535//2535 2559//2559
f 2483//2483 2534//2534 2525//2525
f 2520//2520 2557//2557 2545//2545
f 2545//2545 2567//2567 2508//2508
f 2510//2510 2562//2562 2553//2553
f 2477//2477 2566//2566 2457//2457
f 2304//2304 2555//2555 2529//2529
f 2362//2362 2575//2575 2406//2406
f 2422//2422 2472//2472 2540//2540
f 2466//2466 2560//2560 2507//2507
f 2548//2548 2500//2500 2563//2563
f 2523//2523 2563//2563 2500//2500
f 2549//2549 2618//2618 2584//2584
f 2535//2535 2525//2525 2534//2534
f 2517//2517 2564//2564 2486//2486
f 2450//2450 2568//2568 2550//2550
f 2510//2510 2536//2536 2543//2543
f 2451//2451 2572//2572 2438//2438
f 2454//2454 2447//2447 2505//2505
f 2523//2523 2538//2538 2563//2563
f 2469//2469 2539//2539 2552//2552
f 2508//2508 2567//2567 2509//2509
f 2479//2479 2577//2577 2471//2471
f 2504//2504 2485//2485 2582//2582
f 2471//2471 2577//2577 2502//2502
f 2457//2457 2566//2566 2526//2526
f 2456//2456 2627//2627 2472//2472
f 2543//2543 2492//2492 2546//2546
f 2486//2486 2564//2564 2581//2581
f 2451//2451 2516//2516 2572//2572
f 2556//2556 2569//2569 2547//2547
f 2270//2270 2575//2575 2555//2555
f 2534//2534 2578//2578 2535//2535
f 2547//2547 2578//2578 2534//2534
f 2561//2561 2446//2446 2542//2542
f 2477//2477 2551//2551 2566//2566
f 2514//2514 2573//2573 2546//2546
f 2502//2502 2577//2577 2579//2579
f 2505//2505 2447//2447 2574//2574
f 2547//2547 2569//2569 2578//2578
f 2431//2431 2497//2497 2580//2580
f 2510//2510 2543//2543 2562//2562
f 2412//2412 2597//2597 2522//2522
f 2494//2494 2569//2569 2556//2556
f 2570//2570 2545//2545 2557//2557
f 2561//2561 2542//2542 2585//2585
f 2505//2505 2601//2601 2571//2571
f 2355//2355 2529//2529 2506//2506
f 2504//2504 2582//2582 2539//2539
f 2502//2502 2586//2586 2551//2551
f 2553//2553 2562//2562 2493//2493
f 2456//2456 2537//2537 2627//2627
f 2550//2550 2583//2583 2485//2485
f 2503//2503 2558//2558 2612//2612
f 2462//2462 2597//2597 2412//2412
f 2543//2543 2546//2546 2573//2573
f 2573//2573 2562//2562 2543//2543
f 2526//2526 2590//2590 2557//2557
f 2554//2554 2559//2559 2610//2610
f 2554//2554 2610//2610 2591//2591
f 2588//2588 2579//2579 2577//2577
f 2570//2570 2592//2592 2576//2576
f 2462//2462 2561//2561 2597//2597
f 2545//2545 2570//2570 2567//2567
f 2535//2535 2576//2576 2559//2559
f 2578//2578 2569//2569 2595//2595
f 2514//2514 2565//2565 2573//2573
f 2526//2526 2566//2566 2590//2590
f 2431//2431 2580//2580 2616//2616
f 2535//2535 2578//2578 2576//2576
f 2531//2531 2509//2509 2563//2563
f 2538//2538 2531//2531 2563//2563
f 2502//2502 2579//2579 2586//2586
f 2548//2548 2563//2563 2494//2494
f 2503//2503 2612//2612 2496//2496
f 2554//2554 2591//2591 2565//2565
f 2583//2583 2550//2550 2568//2568
f 2562//2562 2573//2573 2589//2589
f 2522//2522 2593//2593 2447//2447
f 2493//2493 2577//2577 2479//2479
f 2540//2540 2472//2472 2609//2609
f 2574//2574 2447//2447 2593//2593
f 2569//2569 2494//2494 2595//2595
f 2493//2493 2588//2588 2577//2577
f 2470//2470 2599//2599 2413//2413
f 2590//2590 2566//2566 2592//2592
f 2413//2413 2599//2599 2532//2532
f 2505//2505 2574//2574 2601//2601
f 2493//2493 2562//2562 2588//2588
f 2563//2563 2509//2509 2567//2567
f 2570//2570 2557//2557 2592//2592
f 2570//2570 2576//2576 2567//2567
f 2576//2576 2592//2592 2613//2613
f 2588//2588 2589//2589 2603//2603
f 2484//2484 2594//2594 2541//2541
f 2494//2494 2563//2563 2595//2595
f 2541//2541 2594//2594 2542//2542
f 2516//2516 2619//2619 2572//2572
f 2588//2588 2603//2603 2579//2579
f 2560//2560 2598//2598 2507//2507
f 2497//2497 2518//2518 2580//2580
f 2560//2560 2486//2486 2598//2598
f 2592//2592 2566//2566 2600//2600
f 2431//2431 2616//2616 2512//2512
f 2590//2590 2592//2592 2557//2557
f 2288//2288 2533//2533 2587//2587
f 2578//2578 2567//2567 2576//2576
f 2507//2507 2598//2598 2544//2544
f 2563//2563 2567//2567 2595//2595
f 2516//2516 2532//2532 2620//2620
f 2532//2532 2599//2599 2620//2620
f 2578//2578 2595//2595 2567//2567
f 2568//2568 2606//2606 2583//2583
f 2486//2486 2581//2581 2607//2607
f 2551//2551 2600//2600 2566//2566
f 2589//2589 2573//2573 2565//2565
f 2571//2571 2605//2605 2518//2518
f 2537//2537 2596//2596 2627//2627
f 2470//2470 2544//2544 2599//2599
f 2518//2518 2605//2605 2580//2580
f 2576//2576 2613//2613 2559//2559
f 2586//2586 2600//2600 2551//2551
f 2580//2580 2615//2615 2604//2604
f 2552//2552 2629//2629 2564//2564
f 2562//2562 2589//2589 2588//2588
f 2564//2564 2608//2608 2581//2581
f 2589//2589 2565//2565 2603//2603
f 2540//2540 2609//2609 2558//2558
f 2484//2484 2506//2506 2611//2611
f 2579//2579 2603//2603 2586//2586
f 2610//2610 2559//2559 2613//2613
f 2564//2564 2629//2629 2608//2608
f 2486//2486 2607//2607 2598//2598
f 2591//2591 2610//2610 2586//2586
f 2561//2561 2585//2585 2597//2597
f 2450//2450 2512//2512 2568//2568
f 2592//2592 2600//2600 2610//2610
f 2485//2485 2583//2583 2582//2582
f 2580//2580 2605//2605 2615//2615
f 2592//2592 2610//2610 2613//2613
f 2533//2533 2496//2496 2621//2621
f 2544//2544 2598//2598 2599//2599
f 2616//2616 2580//2580 2604//2604
f 2516//2516 2620//2620 2619//2619
f 2591//2591 2603//2603 2565//2565
f 2529//2529 2622//2622 2506//2506
f 2591//2591 2586//2586 2603//2603
f 2605//2605 2571//2571 2602//2602
f 2552//2552 2539//2539 2614//2614
f 2597//2597 2585//2585 2624//2624
f 2539//2539 2582//2582 2614//2614
f 2512//2512 2606//2606 2568//2568
f 2472//2472 2627//2627 2609//2609
f 2610//2610 2600//2600 2586//2586
f 2512//2512 2616//2616 2606//2606
f 2572//2572 2630//2630 2537//2537
f 2522//2522 2623//2623 2593//2593
f 2599//2599 2598//2598 2620//2620
f 2605//2605 2602//2602 2617//2617
f 2522//2522 2597//2597 2628//2628
f 2552//2552 2614//2614 2629//2629
f 2537//2537 2631//2631 2596//2596
f 2594//2594 2585//2585 2542//2542
f 2583//2583 2614//2614 2582//2582
f 2572//2572 2619//2619 2630//2630
f 2612//2612 2633//2633 2496//2496
f 2598//2598 2607//2607 2632//2632
f 2616//2616 2626//2626 2606//2606
f 2529//2529 2555//2555 2622//2622
f 2555//2555 2575//2575 2625//2625
f 2602//2602 2571//2571 2601//2601
f 2537//2537 2630//2630 2631//2631
f 2619//2619 2620//2620 2598//2598
f 2594//2594 2484//2484 2611//2611
f 2605//2605 2617//2617 2615//2615
f 2558//2558 2609//2609 2640//2640
f 2581//2581 2608//2608 2651//2651
f 2522//2522 2628//2628 2623//2623
f 2288//2288 2587//2587 2668//2668
f 2533//2533 2621//2621 2587//2587
f 2585//2585 2594//2594 2624//2624
f 2598//2598 2631//2631 2619//2619
f 2625//2625 2622//2622 2555//2555
f 2583//2583 2606//2606 2642//2642
f 2583//2583 2642//2642 2614//2614
f 2612//2612 2558//2558 2633//2633
f 2619//2619 2631//2631 2630//2630
f 2506//2506 2622//2622 2611//2611
f 2596//2596 2636//2636 2627//2627
f 2602//2602 2601//2601 2617//2617
f 2616//2616 2604//2604 2626//2626
f 2597//2597 2624//2624 2628//2628
f 2598//2598 2645//2645 2631//2631
f 2596//2596 2631//2631 2636//2636
f 2609//2609 2627//2627 2636//2636
f 2625//2625 2634//2634 2622//2622
f 2581//2581 2651//2651 2607//2607
f 2623//2623 2628//2628 2593//2593
f 2598//2598 2632//2632 2645//2645
f 2593//2593 2639//2639 2574//2574
f 2618//2618 2665//2665 2643//2643
f 2608//2608 2638//2638 2651//2651
f 2615//2615 2637//2637 2604//2604
f 2574//2574 2639//2639 2601//2601
f 2558//2558 2640//2640 2633//2633
f 2626//2626 2604//2604 2637//2637
f 2496//2496 2633//2633 2621//2621
f 2628//2628 2639//2639 2593//2593
f 2614//2614 2642//2642 2629//2629
f 2549//2549 2657//2657 2362//2362
f 2617//2617 2601//2601 2662//2662
f 2622//2622 2661//2661 2611//2611
f 2629//2629 2641//2641 2608//2608
f 2624//2624 2594//2594 2628//2628
f 2621//2621 2648//2648 2587//2587
f 2631//2631 2609//2609 2636//2636
f 2632//2632 2607//2607 2644//2644
f 2808//2808 2902//2902 2718//2718
f 2808//2808 2914//2914 2902//2902
f 2617//2617 2646//2646 2615//2615
f 2549//2549 2584//2584 2657//2657
f 2615//2615 2646//2646 2635//2635
f 2609//2609 2631//2631 2645//2645
f 2594//2594 2647//2647 2628//2628
f 2594//2594 2611//2611 2647//2647
f 2607//2607 2659//2659 2644//2644
f 2626//2626 2654//2654 2606//2606
f 2606//2606 2654//2654 2642//2642
f 2607//2607 2651//2651 2659//2659
f 2609//2609 2650//2650 2640//2640
f 2575//2575 2656//2656 2625//2625
f 2584//2584 2618//2618 2652//2652
f 2634//2634 2649//2649 2660//2660
f 2634//2634 2625//2625 2649//2649
f 2625//2625 2656//2656 2649//2649
f 2609//2609 2645//2645 2650//2650
f 2654//2654 2641//2641 2629//2629
f 2639//2639 2628//2628 2655//2655
f 2639//2639 2655//2655 2601//2601
f 2637//2637 2653//2653 2626//2626
f 2634//2634 2660//2660 2622//2622
f 2575//2575 2362//2362 2656//2656
f 2651//2651 2638//2638 2667//2667
f 2621//2621 2633//2633 2648//2648
f 2584//2584 2652//2652 2657//2657
f 2640//2640 2650//2650 2633//2633
f 2362//2362 2657//2657 2656//2656
f 2628//2628 2647//2647 2655//2655
f 2622//2622 2660//2660 2661//2661
f 2653//2653 2654//2654 2626//2626
f 2615//2615 2635//2635 2666//2666
f 2615//2615 2666//2666 2637//2637
f 2629//2629 2642//2642 2654//2654
f 2655//2655 2662//2662 2601//2601
f 2663//2663 2664//2664 2635//2635
f 2618//2618 2643//2643 2652//2652
f 2587//2587 2648//2648 2668//2668
f 2635//2635 2664//2664 2671//2671
f 2617//2617 2662//2662 2646//2646
f 2644//2644 2689//2689 2632//2632
f 2635//2635 2646//2646 2655//2655
f 2635//2635 2655//2655 2663//2663
f 2608//2608 2641//2641 2638//2638
f 2647//2647 2611//2611 2676//2676
f 2656//2656 2669//2669 2649//2649
f 2632//2632 2678//2678 2645//2645
f 2643//2643 2665//2665 2670//2670
f 2635//2635 2671//2671 2666//2666
f 2651//2651 2667//2667 2658//2658
f 2651//2651 2658//2658 2659//2659
f 2653//2653 2637//2637 2666//2666
f 2611//2611 2661//2661 2676//2676
f 2648//2648 2633//2633 2668//2668
f 2649//2649 2669//2669 2673//2673
f 2649//2649 2673//2673 2660//2660
f 2664//2664 2663//2663 2677//2677
f 2644//2644 2659//2659 2674//2674
f 2647//2647 2672//2672 2655//2655
f 2655//2655 2646//2646 2662//2662
f 2633//2633 2703//2703 2668//2668
f 2633//2633 2650//2650 2703//2703
f 2645//2645 2678//2678 2682//2682
f 2641//2641 2697//2697 2638//2638
f 2632//2632 2689//2689 2678//2678
f 2647//2647 2676//2676 2672//2672
f 2660//2660 2679//2679 2661//2661
f 2671//2671 2653//2653 2666//2666
f 2665//2665 2675//2675 2670//2670
f 2697//2697 2681//2681 2638//2638
f 2659//2659 2658//2658 2686//2686
f 2663//2663 2655//2655 2680//2680
f 2675//2675 2665//2665 2683//2683
f 2679//2679 2660//2660 2673//2673
f 2654//2654 2653//2653 2685//2685
f 2665//2665 2718//2718 2683//2683
f 2643//2643 2670//2670 2684//2684
f 2655//2655 2672//2672 2680//2680
f 2643//2643 2684//2684 2652//2652
f 2657//2657 2652//2652 2690//2690
f 2679//2679 2688//2688 2661//2661
f 2670//2670 2675//2675 2684//2684
f 2676//2676 2661//2661 2688//2688
f 2677//2677 2663//2663 2693//2693
f 2688//2688 2679//2679 2691//2691
f 2652//2652 2684//2684 2690//2690
f 2638//2638 2699//2699 2667//2667
f 2679//2679 2673//2673 2692//2692
f 2663//2663 2680//2680 2693//2693
f 2654//2654 2697//2697 2641//2641
f 2672//2672 2676//2676 2687//2687
f 2679//2679 2692//2692 2691//2691
f 2653//2653 2671//2671 2685//2685
f 2644//2644 2674//2674 2689//2689
f 2687//2687 2694//2694 2672//2672
f 2676//2676 2688//2688 2687//2687
f 2669//2669 2656//2656 2695//2695
f 2672//2672 2694//2694 2680//2680
f 2675//2675 2696//2696 2684//2684
f 2681//2681 2699//2699 2638//2638
f 2656//2656 2657//2657 2704//2704
f 2673//2673 2669//2669 2700//2700
f 2687//2687 2701//2701 2694//2694
f 2687//2687 2688//2688 2701//2701
f 2718//2718 2902//2902 2873//2873
f 2707//2707 2702//2702 2658//2658
f 2691//2691 2709//2709 2688//2688
f 2645//2645 2682//2682 2706//2706
f 2669//2669 2695//2695 2700//2700
f 2702//2702 2698//2698 2658//2658
f 2650//2650 2645//2645 2706//2706
f 2684//2684 2696//2696 2690//2690
f 2695//2695 2656//2656 2704//2704
f 2658//2658 2698//2698 2686//2686
f 2691//2691 2692//2692 2709//2709
f 2677//2677 2693//2693 2664//2664
f 2673//2673 2700//2700 2692//2692
f 2680//2680 2715//2715 2693//2693
f 2657//2657 2690//2690 2704//2704
f 2664//2664 2693//2693 2671//2671
f 2707//2707 2658//2658 2667//2667
f 2675//2675 2683//2683 2733//2733
f 2674//2674 2659//2659 2716//2716
f 2702//2702 2708//2708 2698//2698
f 2659//2659 2686//2686 2716//2716
f 2701//2701 2688//2688 2711//2711
f 2702//2702 2707//2707 2708//2708
f 2704//2704 2690//2690 2714//2714
f 2700//2700 2709//2709 2692//2692
f 2688//2688 2709//2709 2711//2711
f 2678//2678 2689//2689 2705//2705
f 2680//2680 2694//2694 2715//2715
f 2695//2695 2713//2713 2700//2700
f 2654//2654 2717//2717 2697//2697
f 2690//2690 2696//2696 2714//2714
f 2694//2694 2701//2701 2719//2719
f 2654//2654 2685//2685 2717//2717
f 2704//2704 2714//2714 2695//2695
f 2695//2695 2714//2714 2713//2713
f 2681//2681 2723//2723 2699//2699
f 2708//2708 2707//2707 2721//2721
f 2675//2675 2733//2733 2720//2720
f 2668//2668 2703//2703 2730//2730
f 2710//2710 2729//2729 2694//2694
f 2707//2707 2667//2667 2722//2722
f 2685//2685 2671//2671 2735//2735
f 2700//2700 2713//2713 2709//2709
f 2694//2694 2729//2729 2715//2715
f 2685//2685 2712//2712 2717//2717
f 2694//2694 2724//2724 2710//2710
f 2671//2671 2693//2693 2735//2735
f 2693//2693 2715//2715 2725//2725
f 2675//2675 2720//2720 2696//2696
f 2694//2694 2719//2719 2724//2724
f 2678//2678 2726//2726 2682//2682
f 2711//2711 2719//2719 2701//2701
f 2681//2681 2697//2697 2723//2723
f 2686//2686 2698//2698 2716//2716
f 2667//2667 2728//2728 2722//2722
f 2674//2674 2716//2716 2689//2689
f 2710//2710 2727//2727 2729//2729
f 2707//2707 2722//2722 2721//2721
f 2683//2683 2718//2718 2733//2733
f 2650//2650 2706//2706 2703//2703
f 2711//2711 2709//2709 2713//2713
f 2710//2710 2741//2741 2727//2727
f 2724//2724 2741//2741 2710//2710
f 2685//2685 2735//2735 2712//2712
f 2696//2696 2720//2720 2714//2714
f 2667//2667 2699//2699 2755//2755
f 2693//2693 2725//2725 2732//2732
f 2718//2718 2720//2720 2733//2733
f 2698//2698 2708//2708 2716//2716
f 2697//2697 2717//2717 2723//2723
f 2708//2708 2721//2721 2738//2738
f 2712//2712 2735//2735 2717//2717
f 2678//2678 2705//2705 2726//2726
f 2718//2718 2737//2737 2734//2734
f 2734//2734 2720//2720 2718//2718
f 2724//2724 2719//2719 2741//2741
f 2713//2713 2714//2714 2731//2731
f 2693//2693 2732//2732 2735//2735
f 2713//2713 2739//2739 2711//2711
f 2731//2731 2714//2714 2734//2734
f 2734//2734 2714//2714 2720//2720
f 2713//2713 2731//2731 2739//2739
f 2711//2711 2736//2736 2719//2719
f 2726//2726 2740//2740 2682//2682
f 2719//2719 2749//2749 2741//2741
f 2734//2734 2737//2737 2739//2739
f 2708//2708 2742//2742 2716//2716
f 2735//2735 2732//2732 2774//2774
f 2731//2731 2734//2734 2739//2739
f 2742//2742 2708//2708 2738//2738
f 2735//2735 2745//2745 2717//2717
f 2711//2711 2739//2739 2736//2736
f 2736//2736 2749//2749 2719//2719
f 2739//2739 2744//2744 2736//2736
f 2725//2725 2729//2729 2732//2732
f 2721//2721 2722//2722 2738//2738
f 2717//2717 2745//2745 2746//2746
f 2718//2718 2756//2756 2757//2757
f 2736//2736 2744//2744 2752//2752
f 2725//2725 2715//2715 2729//2729
f 2717//2717 2699//2699 2723//2723
f 2682//2682 2740//2740 2706//2706
f 2744//2744 2739//2739 2747//2747
f 2717//2717 2748//2748 2699//2699
f 2740//2740 2726//2726 2705//2705
f 2718//2718 2757//2757 2737//2737
f 2748//2748 2750//2750 2699//2699
f 2727//2727 2743//2743 2729//2729
f 2738//2738 2722//2722 2758//2758
f 2667//2667 2755//2755 2728//2728
f 2727//2727 2751//2751 2743//2743
f 2705//2705 2759//2759 2753//2753
f 2739//2739 2737//2737 2747//2747
f 2705//2705 2689//2689 2759//2759
f 2689//2689 2716//2716 2759//2759
f 2750//2750 2765//2765 2699//2699
f 2727//2727 2754//2754 2751//2751
f 2737//2737 2757//2757 2766//2766
f 2716//2716 2742//2742 2759//2759
f 2736//2736 2752//2752 2749//2749
f 2717//2717 2746//2746 2761//2761
f 2755//2755 2699//2699 2765//2765
f 2735//2735 2774//2774 2745//2745
f 2727//2727 2741//2741 2754//2754
f 2752//2752 2762//2762 2749//2749
f 2743//2743 2751//2751 2763//2763
f 2729//2729 2743//2743 2763//2763
f 2729//2729 2763//2763 2760//2760
f 2744//2744 2747//2747 2766//2766
f 2732//2732 2729//2729 2767//2767
f 2750//2750 2764//2764 2765//2765
f 2703//2703 2706//2706 2730//2730
f 2737//2737 2766//2766 2747//2747
f 2744//2744 2766//2766 2762//2762
f 2744//2744 2762//2762 2752//2752
f 2750//2750 2748//2748 2784//2784
f 2760//2760 2767//2767 2729//2729
f 2705//2705 2753//2753 2771//2771
f 2751//2751 2770//2770 2763//2763
f 2740//2740 2768//2768 2706//2706
f 2749//2749 2754//2754 2741//2741
f 2718//2718 2813//2813 2756//2756
f 2722//2722 2728//2728 2772//2772
f 2717//2717 2761//2761 2748//2748
f 2738//2738 2758//2758 2742//2742
f 2740//2740 2705//2705 2771//2771
f 2746//2746 2745//2745 2773//2773
f 2728//2728 2755//2755 2781//2781
f 2740//2740 2771//2771 2768//2768
f 2760//2760 2763//2763 2770//2770
f 2732//2732 2767//2767 2774//2774
f 2751//2751 2754//2754 2775//2775
f 2742//2742 2776//2776 2759//2759
f 2751//2751 2775//2775 2770//2770
f 2750//2750 2784//2784 2764//2764
f 2748//2748 2761//2761 2779//2779
f 2745//2745 2774//2774 2773//2773
f 2730//2730 2769//2769 2808//2808
f 2768//2768 2777//2777 2706//2706
f 2774//2774 2767//2767 2785//2785
f 2758//2758 2722//2722 2772//2772
f 2730//2730 2706//2706 2769//2769
f 2748//2748 2779//2779 2784//2784
f 2749//2749 2762//2762 2754//2754
f 2764//2764 2780//2780 2765//2765
f 2775//2775 2754//2754 2783//2783
f 2775//2775 2787//2787 2770//2770
f 2780//2780 2790//2790 2765//2765
f 2768//2768 2771//2771 2777//2777
f 2764//2764 2784//2784 2780//2780
f 2760//2760 2782//2782 2767//2767
f 2756//2756 2786//2786 2757//2757
f 2774//2774 2785//2785 2778//2778
f 2742//2742 2758//2758 2776//2776
f 2760//2760 2770//2770 2787//2787
f 2755//2755 2790//2790 2781//2781
f 2753//2753 2801//2801 2771//2771
f 2755//2755 2765//2765 2790//2790
f 2767//2767 2816//2816 2785//2785
f 2775//2775 2783//2783 2787//2787
f 2791//2791 2746//2746 2773//2773
f 2788//2788 2785//2785 2789//2789
f 2762//2762 2795//2795 2754//2754
f 2761//2761 2746//2746 2796//2796
f 2774//2774 2778//2778 2773//2773
f 2762//2762 2766//2766 2795//2795
f 2746//2746 2791//2791 2796//2796
f 2780//2780 2784//2784 2792//2792
f 2783//2783 2800//2800 2787//2787
f 2728//2728 2781//2781 2772//2772
f 2754//2754 2795//2795 2783//2783
f 2753//2753 2759//2759 2801//2801
f 2759//2759 2776//2776 2801//2801
f 2785//2785 2788//2788 2802//2802
f 2756//2756 2813//2813 2786//2786
f 2773//2773 2778//2778 2793//2793
f 2789//2789 2799//2799 2788//2788
f 2766//2766 2757//2757 2795//2795
f 2771//2771 2797//2797 2777//2777
f 2785//2785 2802//2802 2778//2778
f 2783//2783 2795//2795 2794//2794
f 2780//2780 2792//2792 2790//2790
f 2795//2795 2757//2757 2786//2786
f 2761//2761 2796//2796 2779//2779
f 2758//2758 2819//2819 2776//2776
f 2801//2801 2776//2776 2805//2805
f 2798//2798 2802//2802 2806//2806
f 2789//2789 2785//2785 2804//2804
f 2783//2783 2807//2807 2800//2800
f 2769//2769 2706//2706 2808//2808
f 2783//2783 2794//2794 2807//2807
f 2788//2788 2799//2799 2802//2802
f 2793//2793 2798//2798 2803//2803
f 2777//2777 2808//2808 2706//2706
f 2787//2787 2800//2800 2760//2760
f 2767//2767 2782//2782 2816//2816
f 2800//2800 2782//2782 2760//2760
f 2795//2795 2786//2786 2815//2815
f 2794//2794 2814//2814 2807//2807
f 2802//2802 2798//2798 2793//2793
f 2758//2758 2772//2772 2819//2819
f 2718//2718 2873//2873 2813//2813
f 2784//2784 2779//2779 2811//2811
f 2791//2791 2773//2773 2829//2829
f 2789//2789 2804//2804 2799//2799
f 2777//2777 2797//2797 2808//2808
f 2802//2802 2793//2793 2778//2778
f 2784//2784 2811//2811 2792//2792
f 2771//2771 2801//2801 2797//2797
f 2792//2792 2809//2809 2790//2790
f 2794//2794 2817//2817 2814//2814
f 2800//2800 2810//2810 2782//2782
f 2794//2794 2795//2795 2812//2812
f 2800//2800 2807//2807 2810//2810
f 2785//2785 2816//2816 2804//2804
f 2786//2786 2813//2813 2815//2815
f 2792//2792 2811//2811 2809//2809
f 2797//2797 2822//2822 2808//2808
f 2808//2808 2822//2822 2820//2820
f 2798//2798 2849//2849 2803//2803
f 2809//2809 2824//2824 2790//2790
f 2797//2797 2818//2818 2821//2821
f 2812//2812 2795//2795 2815//2815
f 2794//2794 2834//2834 2817//2817
f 2812//2812 2834//2834 2794//2794
f 2779//2779 2796//2796 2851//2851
f 2801//2801 2805//2805 2825//2825
f 2809//2809 2811//2811 2831//2831
f 2807//2807 2814//2814 2810//2810
f 2776//2776 2819//2819 2827//2827
f 2776//2776 2827//2827 2805//2805
f 2828//2828 2791//2791 2829//2829
f 2801//2801 2840//2840 2797//2797
f 2822//2822 2797//2797 2821//2821
f 2810//2810 2826//2826 2782//2782
f 2772//2772 2781//2781 2830//2830
f 2815//2815 2813//2813 2812//2812
f 2791//2791 2828//2828 2796//2796
f 2793//2793 2837//2837 2773//2773
f 2814//2814 2832//2832 2810//2810
f 2816//2816 2782//2782 2826//2826
f 2810//2810 2838//2838 2826//2826
f 2804//2804 2816//2816 2836//2836
f 2790//2790 2824//2824 2781//2781
f 2804//2804 2835//2835 2799//2799
f 2805//2805 2842//2842 2825//2825
f 2798//2798 2833//2833 2849//2849
f 2781//2781 2824//2824 2830//2830
f 2797//2797 2840//2840 2818//2818
f 2806//2806 2833//2833 2798//2798
f 2837//2837 2793//2793 2841//2841
f 2823//2823 2824//2824 2809//2809
f 2813//2813 2834//2834 2812//2812
f 2823//2823 2809//2809 2844//2844
f 2779//2779 2851//2851 2846//2846
f 2811//2811 2779//2779 2846//2846
f 2805//2805 2827//2827 2843//2843
f 2814//2814 2817//2817 2832//2832
f 2821//2821 2818//2818 2822//2822
f 2828//2828 2839//2839 2796//2796
f 2799//2799 2847//2847 2802//2802
f 2805//2805 2843//2843 2842//2842
f 2817//2817 2854//2854 2832//2832
f 2818//2818 2820//2820 2822//2822
f 2817//2817 2834//2834 2848//2848
f 2823//2823 2853//2853 2824//2824
f 2818//2818 2845//2845 2820//2820
f 2845//2845 2818//2818 2840//2840
f 2839//2839 2851//2851 2796//2796
f 2802//2802 2847//2847 2806//2806
f 2801//2801 2825//2825 2840//2840
f 2817//2817 2848//2848 2854//2854
f 2823//2823 2844//2844 2853//2853
f 2832//2832 2838//2838 2810//2810
f 2809//2809 2831//2831 2844//2844
f 2841//2841 2867//2867 2837//2837
f 2816//2816 2826//2826 2836//2836
f 2836//2836 2826//2826 2852//2852
f 2799//2799 2835//2835 2847//2847
f 2840//2840 2825//2825 2855//2855
f 2804//2804 2836//2836 2835//2835
f 2824//2824 2853//2853 2830//2830
f 2848//2848 2834//2834 2854//2854
f 2819//2819 2772//2772 2827//2827
f 2793//2793 2856//2856 2841//2841
f 2837//2837 2869//2869 2773//2773
f 2825//2825 2842//2842 2855//2855
f 2837//2837 2850//2850 2869//2869
f 2793//2793 2803//2803 2856//2856
f 2813//2813 2915//2915 2834//2834
f 2832//2832 2857//2857 2838//2838
f 2839//2839 2828//2828 2874//2874
f 2773//2773 2869//2869 2829//2829
f 2828//2828 2829//2829 2875//2875
f 2844//2844 2858//2858 2859//2859
f 2837//2837 2864//2864 2850//2850
f 2843//2843 2827//2827 2860//2860
f 2839//2839 2871//2871 2851//2851
f 2840//2840 2868//2868 2845//2845
f 2854//2854 2834//2834 2876//2876
f 2836//2836 2885//2885 2835//2835
f 2832//2832 2854//2854 2857//2857
f 2811//2811 2846//2846 2831//2831
f 2833//2833 2806//2806 2861//2861
f 2839//2839 2874//2874 2871//2871
f 2851//2851 2871//2871 2846//2846
f 2840//2840 2855//2855 2862//2862
f 2838//2838 2866//2866 2826//2826
f 2859//2859 2886//2886 2844//2844
f 2844//2844 2886//2886 2853//2853
f 2842//2842 2865//2865 2855//2855
f 2826//2826 2866//2866 2852//2852
f 2838//2838 2857//2857 2866//2866
f 2833//2833 2861//2861 2849//2849
f 2858//2858 2844//2844 2863//2863
f 2813//2813 2873//2873 2915//2915
f 2867//2867 2864//2864 2837//2837
f 2861//2861 2806//2806 2847//2847
f 2855//2855 2865//2865 2862//2862
f 2836//2836 2852//2852 2885//2885
f 2820//2820 2845//2845 2870//2870
f 2844//2844 2831//2831 2863//2863
f 2827//2827 2772//2772 2877//2877
f 2863//2863 2859//2859 2858//2858
f 2772//2772 2830//2830 2877//2877
f 2857//2857 2854//2854 2876//2876
f 2828//2828 2875//2875 2874//2874
f 2840//2840 2862//2862 2868//2868
f 2857//2857 2876//2876 2872//2872
f 2860//2860 2827//2827 2877//2877
f 2872//2872 2878//2878 2857//2857
f 2843//2843 2860//2860 2892//2892
f 2871//2871 2882//2882 2846//2846
f 2857//2857 2878//2878 2866//2866
f 2820//2820 2879//2879 2808//2808
f 2843//2843 2881//2881 2842//2842
f 2831//2831 2891//2891 2863//2863
f 2834//2834 2915//2915 2876//2876
f 2820//2820 2870//2870 2879//2879
f 2846//2846 2882//2882 2831//2831
f 2865//2865 2842//2842 2881//2881
f 2829//2829 2869//2869 2875//2875
f 2835//2835 2885//2885 2847//2847
f 2841//2841 2856//2856 2867//2867
f 2866//2866 2884//2884 2852//2852
f 2871//2871 2874//2874 2882//2882
f 2852//2852 2884//2884 2885//2885
f 2865//2865 2883//2883 2862//2862
f 2863//2863 2889//2889 2859//2859
f 2859//2859 2890//2890 2886//2886
f 2831//2831 2882//2882 2887//2887
f 2885//2885 2897//2897 2847//2847
f 2850//2850 2896//2896 2869//2869
f 2863//2863 2888//2888 2889//2889
f 2853//2853 2886//2886 2830//2830
f 2861//2861 2893//2893 2849//2849
f 2862//2862 2883//2883 2868//2868
f 2882//2882 2899//2899 2887//2887
f 2882//2882 2874//2874 2899//2899
f 2850//2850 2864//2864 2896//2896
f 2831//2831 2887//2887 2891//2891
f 2860//2860 2877//2877 2900//2900
f 2808//2808 2879//2879 2914//2914
f 2881//2881 2843//2843 2892//2892
f 2803//2803 2849//2849 2856//2856
f 2863//2863 2891//2891 2888//2888
f 2845//2845 2868//2868 2870//2870
f 2861//2861 2847//2847 2895//2895
f 2874//2874 2875//2875 2903//2903
f 2872//2872 2876//2876 2898//2898
f 2867//2867 2856//2856 2880//2880
f 2867//2867 2880//2880 2894//2894
f 2872//2872 2898//2898 2878//2878
f 2830//2830 2886//2886 2877//2877
f 2865//2865 2881//2881 2883//2883
f 2861//2861 2895//2895 2901//2901
f 2867//2867 2925//2925 2864//2864
f 2892//2892 2860//2860 2900//2900
f 2888//2888 2909//2909 2889//2889
f 2874//2874 2903//2903 2899//2899
f 2867//2867 2894//2894 2925//2925
f 2889//2889 2890//2890 2859//2859
f 2887//2887 2899//2899 2906//2906
f 2885//2885 2884//2884 2897//2897
f 2896//2896 2934//2934 2905//2905
f 2868//2868 2883//2883 2870//2870
f 2877//2877 2886//2886 2890//2890
f 2847//2847 2908//2908 2895//2895
f 2897//2897 2908//2908 2847//2847
f 2878//2878 2898//2898 2904//2904
f 2866//2866 2878//2878 2913//2913
f 2896//2896 2907//2907 2934//2934
f 2849//2849 2910//2910 2856//2856
f 2876//2876 2915//2915 2898//2898
f 2870//2870 2883//2883 2911//2911
f 2884//2884 2912//2912 2897//2897
f 2866//2866 2912//2912 2884//2884
f 2881//2881 2916//2916 2883//2883
f 2856//2856 2910//2910 2920//2920
f 2879//2879 2870//2870 2911//2911
f 2895//2895 2908//2908 2901//2901
f 2904//2904 2898//2898 2915//2915
f 2902//2902 2917//2917 2873//2873
f 2869//2869 2903//2903 2875//2875
f 2887//2887 2906//2906 2891//2891
f 2890//2890 2889//2889 2921//2921
f 2861//2861 2901//2901 2893//2893
f 2889//2889 2909//2909 2921//2921
f 2866//2866 2913//2913 2912//2912
f 2896//2896 2927//2927 2869//2869
f 2883//2883 2916//2916 2911//2911
f 2877//2877 2890//2890 2900//2900
f 2904//2904 2913//2913 2878//2878
f 2905//2905 2927//2927 2896//2896
f 2873//2873 2917//2917 2915//2915
f 2904//2904 2915//2915 2935//2935
f 2896//2896 2864//2864 2907//2907
f 2904//2904 2918//2918 2913//2913
f 2905//2905 2934//2934 2923//2923
f 2925//2925 2922//2922 2864//2864
f 2897//2897 2912//2912 2908//2908
f 2881//2881 2921//2921 2919//2919
f 2869//2869 2927//2927 2903//2903
f 2881//2881 2892//2892 2921//2921
f 2904//2904 2935//2935 2918//2918
f 2918//2918 2935//2935 2928//2928
f 2926//2926 2908//2908 2912//2912
f 2908//2908 2926//2926 2901//2901
f 2894//2894 2880//2880 2930//2930
f 2909//2909 2932//2932 2924//2924
f 2849//2849 2893//2893 2910//2910
f 2894//2894 2930//2930 2925//2925
f 2909//2909 2924//2924 2921//2921
f 2856//2856 2920//2920 2880//2880
f 2879//2879 2911//2911 2929//2929
f 2900//2900 2921//2921 2892//2892
f 2918//2918 2926//2926 2913//2913
f 2881//2881 2919//2919 2916//2916
f 2905//2905 2923//2923 2931//2931
f 2914//2914 2879//2879 2929//2929
f 2899//2899 2903//2903 2948//2948
f 2890//2890 2921//2921 2900//2900
f 2901//2901 2933//2933 2893//2893
f 2918//2918 2928//2928 2926//2926
f 2909//2909 2888//2888 2941//2941
f 2912//2912 2913//2913 2926//2926
f 2911//2911 2937//2937 2929//2929
f 2905//2905 2931//2931 2927//2927
f 2909//2909 2941//2941 2932//2932
f 2888//2888 2891//2891 2941//2941
f 2864//2864 2922//2922 2907//2907
f 2928//2928 2938//2938 2926//2926
f 2917//2917 2936//2936 2915//2915
f 2919//2919 2921//2921 2924//2924
f 2911//2911 2916//2916 2937//2937
f 2932//2932 2939//2939 2924//2924
f 2902//2902 2914//2914 2917//2917
f 2910//2910 2944//2944 2920//2920
f 2901//2901 2926//2926 2933//2933
f 2926//2926 2938//2938 2933//2933
f 2906//2906 2941//2941 2891//2891
f 2923//2923 2934//2934 2940//2940
f 2919//2919 2924//2924 2939//2939
f 2935//2935 2915//2915 2936//2936
f 2948//2948 2903//2903 2927//2927
f 2914//2914 2929//2929 2943//2943
f 2893//2893 2933//2933 2910//2910
f 2935//2935 2936//2936 2928//2928
f 2934//2934 2907//2907 2940//2940
f 2930//2930 2947//2947 2925//2925
f 2914//2914 2943//2943 2917//2917
f 2916//2916 2919//2919 2939//2939
f 2931//2931 2923//2923 2946//2946
f 2910//2910 2933//2933 2945//2945
f 2942//2942 2939//2939 2932//2932
f 2899//2899 2948//2948 2906//2906
f 2916//2916 2939//2939 2937//2937
f 2930//2930 2880//2880 2947//2947
f 2931//2931 2952//2952 2927//2927
f 2946//2946 2952//2952 2931//2931
f 2910//2910 2945//2945 2944//2944
f 2880//2880 2920//2920 2953//2953
f 2928//2928 2936//2936 2938//2938
f 2923//2923 2950//2950 2946//2946
f 2942//2942 2937//2937 2939//2939
f 2929//2929 2937//2937 2942//2942
f 2925//2925 2956//2956 2922//2922
f 2923//2923 2940//2940 2950//2950
f 2932//2932 2941//2941 2955//2955
f 2938//2938 2954//2954 2933//2933
f 2907//2907 2922//2922 2956//2956
f 2925//2925 2947//2947 2949//2949
f 2917//2917 2973//2973 2936//2936
f 2920//2920 2944//2944 2953//2953
f 2906//2906 2948//2948 2962//2962
f 2880//2880 2953//2953 2947//2947
f 2932//2932 2955//2955 2942//2942
f 2946//2946 2951//2951 2952//2952
f 2958//2958 2907//2907 2956//2956
f 2927//2927 2952//2952 2948//2948
f 2929//2929 2942//2942 2943//2943
f 2947//2947 2953//2953 2972//2972
f 2906//2906 2962//2962 2941//2941
f 2925//2925 2949//2949 2956//2956
f 2907//2907 2958//2958 2940//2940
f 2945//2945 2933//2933 2959//2959
f 2933//2933 2954//2954 2959//2959
f 2951//2951 2946//2946 2964//2964
f 2917//2917 2967//2967 2973//2973
f 2951//2951 2964//2964 2957//2957
f 2951//2951 2957//2957 2952//2952
f 2943//2943 2942//2942 2967//2967
f 2963//2963 2965//2965 2938//2938
f 2956//2956 2961//2961 2958//2958
f 2938//2938 2936//2936 2963//2963
f 2950//2950 2940//2940 2971//2971
f 2945//2945 2959//2959 2944//2944
f 2957//2957 2970//2970 2960//2960
f 2941//2941 2969//2969 2955//2955
f 2938//2938 2965//2965 2954//2954
f 2957//2957 2964//2964 2970//2970
f 2959//2959 2954//2954 2965//2965
f 2948//2948 2952//2952 2962//2962
f 2940//2940 2958//2958 2971//2971
f 2950//2950 2971//2971 2966//2966
f 2941//2941 2962//2962 2969//2969
f 2946//2946 2950//2950 2964//2964
f 2972//2972 2985//2985 2947//2947
f 2949//2949 2947//2947 2968//2968
f 2957//2957 2960//2960 2952//2952
f 2968//2968 2956//2956 2949//2949
f 2959//2959 2965//2965 2973//2973
f 2917//2917 2943//2943 2967//2967
f 2965//2965 2963//2963 2973//2973
f 2960//2960 2970//2970 2974//2974
f 2960//2960 2977//2977 2952//2952
f 2961//2961 2976//2976 2958//2958
f 2966//2966 2971//2971 2988//2988
f 2975//2975 2972//2972 2953//2953
f 2955//2955 2969//2969 2980//2980
f 2942//2942 2980//2980 2967//2967
f 2964//2964 2950//2950 2966//2966
f 2952//2952 2977//2977 2962//2962
f 2968//2968 2978//2978 2956//2956
f 2955//2955 2980//2980 2942//2942
f 2936//2936 2973//2973 2963//2963
f 2959//2959 2973//2973 2944//2944
f 2947//2947 2985//2985 2968//2968
f 2972//2972 2975//2975 2985//2985
f 2974//2974 2977//2977 2960//2960
f 2956//2956 2981//2981 2961//2961
f 2958//2958 2976//2976 2971//2971
f 2975//2975 2992//2992 2985//2985
f 2975//2975 2953//2953 2979//2979
f 2968//2968 2985//2985 2978//2978
f 2944//2944 2983//2983 2953//2953
f 2961//2961 2987//2987 2976//2976
f 2961//2961 2981//2981 2987//2987
f 2974//2974 2980//2980 2986//2986
f 2970//2970 2964//2964 2984//2984
f 2962//2962 2977//2977 2969//2969
f 2981//2981 2956//2956 2982//2982
f 2969//2969 2986//2986 2980//2980
f 2973//2973 2967//2967 2990//2990
f 2944//2944 2973//2973 2983//2983
f 2956//2956 2978//2978 2982//2982
f 2985//2985 2992//2992 2989//2989
f 2975//2975 2979//2979 2992//2992
f 2966//2966 2991//2991 2964//2964
f 2974//2974 2986//2986 2977//2977
f 2991//2991 2966//2966 2988//2988
f 2969//2969 2977//2977 2986//2986
f 2974//2974 2997//2997 2980//2980
f 2970//2970 2997//2997 2974//2974
f 2985//2985 2989//2989 2978//2978
f 2973//2973 2993//2993 2983//2983
f 2964//2964 2991//2991 2984//2984
f 2953//2953 2983//2983 2979//2979
f 2967//2967 2989//2989 2990//2990
f 2992//2992 2990//2990 2989//2989
f 2983//2983 2993//2993 2979//2979
f 2979//2979 2990//2990 2992//2992
f 2987//2987 2981//2981 2976//2976
f 2973//2973 2990//2990 2993//2993
f 2970//2970 2984//2984 2997//2997
f 2976//2976 2995//2995 2971//2971
f 2981//2981 2995//2995 2976//2976
f 2988//2988 2971//2971 2995//2995
f 2981//2981 2982//2982 2998//2998
f 2991//2991 2988//2988 2996//2996
f 2979//2979 2993//2993 2990//2990
f 2984//2984 2991//2991 2994//2994
f 2980//2980 2984//2984 2967//2967
f 2991//2991 2996//2996 2994//2994
f 2980//2980 2997//2997 2984//2984
f 2967//2967 2984//2984 2994//2994
f 2967//2967 2998//2998 2989//2989
f 2994//2994 2998//2998 2967//2967
f 2989//2989 2982//2982 2978//2978
f 2981//2981 2998//2998 2995//2995
f 2994//2994 2996//2996 2998//2998
f 2989//2989 2998//2998 2982//2982
f 2988//2988 2995//2995 2996//2996
f 2998//2998 2996//2996 2995//2995
