# Blender 5.2.0 LTS
# www.blender.org
mtllib corbel_georgian.mtl
o corbel_georgian
v -0.419612 0.874491 -0.176399
v -0.419610 0.942081 0.268876
v -0.419574 0.942338 0.098630
v -0.419435 0.944657 -0.179069
v -0.419543 0.942329 -0.068266
v -0.419552 0.876153 -0.045637
v -0.419521 0.876388 0.268706
v -0.419548 0.876126 0.117685
v -0.418086 0.946879 0.261828
v -0.417794 0.877081 -0.181236
v -0.418177 0.871650 0.244242
v -0.418032 0.871352 -0.059950
v -0.418428 0.945592 0.193600
v -0.417726 0.875748 0.274819
v -0.412814 0.867550 0.271197
v -0.414825 0.949652 0.040800
v -0.415085 0.943128 0.274937
v -0.415326 0.891571 0.274703
v -0.413628 0.950907 -0.178663
v -0.413856 0.867722 -0.176650
v -0.412929 0.867482 0.180793
v -0.413549 0.867922 0.254482
v -0.413105 0.945860 -0.184826
v -0.413193 0.867589 -0.025034
v -0.413844 0.950765 0.260832
v -0.413610 0.875220 -0.183587
v -0.412622 0.876684 0.277612
v -0.411620 0.950944 0.136885
v -0.409255 0.893629 0.277370
v -0.408736 0.942039 0.277547
v -0.404837 0.871008 -0.181861
v -0.412222 0.896318 -0.184692
v -0.411386 0.950940 -0.068474
v -0.404440 0.865515 -0.048332
v -0.403786 0.865266 -0.174058
v -0.404470 0.865559 0.152026
v -0.401858 0.950924 0.270422
v -0.397544 0.884684 -0.182490
v -0.397752 0.866926 0.268744
v -0.402996 0.865232 0.250420
v -0.403049 0.864222 0.039944
v -0.402767 0.857156 0.255046
v -0.402779 0.857431 0.124604
v -0.402753 0.857493 -0.009308
v -0.402923 0.863354 0.167841
v -0.402916 0.863361 -0.086824
v -0.398006 0.863428 -0.181871
v -0.402721 0.857643 -0.176768
v -0.363850 0.871555 0.276160
v -0.397706 0.855608 0.260723
v -0.399636 0.856933 -0.181419
v -0.396545 0.865090 0.263371
v -0.396314 0.867810 -0.185426
v -0.382233 0.949889 -0.179781
v -0.395233 0.851078 0.103871
v -0.394460 0.850416 -0.046245
v -0.392001 0.847423 0.242115
v -0.310748 0.950918 0.093278
v -0.394146 0.858054 0.262616
v -0.392547 0.848387 -0.168120
v -0.386061 0.847564 -0.172706
v -0.312918 0.944025 0.277465
v -0.386470 0.840832 0.106500
v -0.386755 0.841462 -0.026739
v -0.386504 0.841185 -0.116807
v -0.383278 0.845159 0.249063
v -0.303682 0.950922 0.270685
v -0.324002 0.950923 -0.106573
v -0.385431 0.812494 0.234541
v -0.384657 0.789588 0.233742
v -0.385241 0.795238 0.213294
v -0.385317 0.796266 -0.157783
v -0.381342 0.831039 0.230010
v -0.385820 0.809839 -0.162680
v -0.385614 0.811477 0.058028
v -0.384882 0.823447 -0.162426
v -0.384157 0.812080 0.238905
v -0.385139 0.793241 0.023980
v -0.384252 0.821241 -0.019257
v -0.383521 0.821883 0.118589
v -0.383300 0.786973 -0.157924
v -0.381890 0.792216 -0.163026
v -0.380952 0.828524 0.230203
v -0.379989 0.832841 -0.162833
v -0.382292 0.832050 -0.148516
v -0.381609 0.782931 0.097272
v -0.380824 0.781230 0.233164
v -0.375556 0.855306 -0.178901
v -0.381158 0.832230 -0.085921
v -0.380452 0.830684 -0.027224
v -0.378379 0.791914 0.241573
v -0.380419 0.781369 -0.046893
v -0.380044 0.830175 0.108167
v -0.379168 0.779678 -0.153046
v -0.373245 0.837058 -0.170478
v -0.376993 0.824747 -0.168979
v -0.377952 0.861431 -0.180129
v -0.375000 0.798290 -0.169329
v -0.374094 0.822351 0.240317
v -0.336226 0.881225 -0.183849
v -0.375629 0.776224 0.112654
v -0.377724 0.813094 0.241840
v -0.375069 0.779028 0.235965
v -0.373218 0.774276 0.214184
v -0.375265 0.776017 -0.038762
v -0.372541 0.771625 0.226623
v -0.372341 0.781091 -0.163584
v -0.371224 0.831631 -0.166951
v -0.372605 0.829692 0.237829
v -0.372178 0.774132 -0.152287
v -0.369564 0.773321 0.010231
v -0.271597 0.875644 0.277626
v -0.340757 0.946034 -0.183941
v -0.364754 0.771029 -0.150873
v -0.361269 0.776684 -0.161803
v -0.362367 0.771313 0.220688
v -0.362474 0.771326 0.011313
v -0.362930 0.770773 -0.118108
v -0.334939 0.821782 -0.169730
v -0.337301 0.944567 -0.185165
v -0.284405 0.849813 0.252591
v -0.355224 0.787620 -0.167552
v -0.290323 0.842383 0.246477
v -0.224878 0.782603 0.238366
v -0.335484 0.862287 -0.180946
v -0.351699 0.831256 0.238548
v -0.358321 0.765189 0.216907
v -0.358532 0.764740 -0.119374
v -0.358973 0.763306 -0.155596
v -0.358224 0.764711 0.050816
v -0.356900 0.755235 -0.153278
v -0.356693 0.755181 0.007894
v -0.356640 0.755117 0.149734
v -0.354766 0.753688 0.216910
v -0.354035 0.769984 0.224170
v -0.342804 0.756165 -0.164026
v -0.334831 0.867376 -0.185174
v -0.341475 0.950834 -0.177564
v -0.334834 0.847999 -0.172663
v -0.352713 0.763027 0.220470
v -0.335690 0.894516 -0.184367
v -0.353472 0.753647 -0.156490
v -0.350914 0.755423 0.219450
v -0.333709 0.834649 -0.170715
v -0.352969 0.753550 0.039130
v -0.334496 0.780980 -0.169974
v -0.319739 0.830138 0.238075
v -0.336389 0.830362 -0.167726
v -0.260126 0.831113 0.238642
v -0.236474 0.867156 0.270206
v -0.336186 0.753499 0.171922
v -0.334193 0.855155 -0.179920
v -0.336127 0.753465 -0.003967
v -0.335893 0.753481 -0.161128
v -0.334445 0.757711 -0.167611
v -0.330287 0.950802 -0.189592
v -0.335326 0.945207 -0.188888
v -0.333779 0.945181 -0.226419
v -0.333373 0.750919 0.166058
v -0.333313 0.751603 -0.171764
v -0.333309 0.751028 0.108047
v -0.333306 0.751155 -0.103874
v -0.333339 0.751090 -0.002691
v -0.333439 0.945787 -0.271567
v -0.333395 0.854994 -0.208052
v -0.333270 0.574895 0.162984
v -0.333286 0.437793 0.165554
v -0.333278 0.437600 -0.270253
v -0.333271 0.661267 -0.270544
v -0.333222 0.634974 0.121319
v -0.333236 0.678168 0.027573
v -0.333283 0.785453 -0.270164
v -0.333228 0.417965 -0.201959
v -0.333243 0.673610 -0.196985
v -0.333230 0.647051 -0.100047
v -0.333215 0.572358 -0.228040
v -0.333226 0.413118 -0.062970
v -0.333223 0.546806 -0.014317
v -0.333242 0.433383 0.030772
v -0.333247 0.429988 0.100778
v -0.333217 0.503404 -0.137437
v -0.332624 0.315927 0.025830
v -0.332036 0.945084 -0.275266
v -0.332575 0.332737 0.162485
v -0.332530 0.312060 -0.271157
v -0.329220 0.950943 -0.270359
v -0.331969 0.586452 0.167789
v -0.331010 0.949408 -0.221694
v -0.332607 0.316074 -0.113934
v -0.332205 0.732246 -0.274704
v -0.332234 0.440751 -0.274452
v -0.331630 0.281673 -0.269576
v -0.331592 0.281792 0.044996
v -0.331272 0.283551 0.164445
v -0.329905 0.280322 0.167515
v -0.330293 0.286498 -0.275691
v -0.329209 0.265421 -0.141652
v -0.329624 0.402714 -0.277282
v -0.331360 0.281381 -0.069007
v -0.327720 0.751088 0.170864
v -0.327691 0.944912 -0.278566
v -0.328900 0.262877 -0.271761
v -0.324852 0.242545 -0.019419
v -0.327550 0.811464 -0.278551
v -0.328606 0.607923 -0.277983
v -0.329874 0.422586 0.169723
v -0.327181 0.610522 0.170824
v -0.326560 0.255686 0.157707
v -0.327536 0.949824 -0.274450
v -0.324705 0.256023 -0.276910
v -0.325512 0.279706 -0.278595
v -0.324799 0.277885 0.170618
v -0.324412 0.240145 -0.202391
v -0.211631 0.865454 0.263563
v -0.325467 0.595282 -0.278605
v -0.325680 0.416738 -0.278591
v -0.324892 0.421438 0.170970
v -0.320768 0.221224 0.145886
v -0.321684 0.242077 0.157998
v -0.321107 0.226969 -0.273057
v -0.320767 0.216765 0.083430
v -0.317804 0.200463 -0.059106
v -0.313429 0.179228 -0.142396
v -0.315051 0.227140 -0.278570
v -0.309969 0.752935 0.171064
v -0.316172 0.211568 0.147421
v -0.308095 0.262522 0.171001
v -0.311336 0.593544 0.170950
v -0.310001 0.442672 0.171055
v -0.308684 0.284062 0.171604
v -0.312715 0.166345 0.027890
v -0.315851 0.192938 0.138201
v -0.316023 0.209849 -0.275871
v -0.310191 0.753527 0.216979
v -0.308870 0.166473 -0.272927
v -0.310070 0.155876 0.124645
v -0.306893 0.149482 -0.199307
v -0.309207 0.182420 -0.277050
v -0.309190 0.149206 -0.076302
v -0.239739 0.858039 0.261978
v -0.310076 0.171564 0.134156
v -0.304264 0.753081 0.207417
v -0.307607 0.751288 0.199317
v -0.307292 0.345117 0.172554
v -0.307605 0.598709 0.172408
v -0.302675 0.111079 0.110297
v -0.301924 0.102114 0.036818
v -0.303519 0.111954 -0.038252
v -0.307423 0.611813 0.199509
v -0.307306 0.398235 0.199359
v -0.306766 0.750828 0.173941
v -0.306640 0.594117 0.174708
v -0.306338 0.501044 0.174508
v -0.179912 0.950920 -0.185405
v -0.306225 0.341709 0.176555
v -0.306636 0.316049 0.195555
v -0.304378 0.267879 0.174792
v -0.301802 0.216504 0.153781
v -0.304896 0.315431 0.203300
v -0.303841 0.132375 0.121019
v -0.301019 0.137556 -0.276524
v -0.304975 0.749522 0.203610
v -0.303852 0.262905 0.200464
v -0.211114 0.461313 -0.278571
v -0.300808 0.155160 -0.278533
v -0.295717 0.181011 0.142048
v -0.300228 0.240941 0.166108
v -0.299317 0.115981 -0.273279
v -0.298813 0.265346 0.206413
v -0.299659 0.229602 0.172489
v -0.189747 0.762921 0.220479
v -0.300964 0.749403 0.205605
v -0.300772 0.483175 0.205549
v -0.297789 0.088555 -0.137392
v -0.297491 0.244983 0.199731
v -0.297698 0.098712 0.111459
v -0.297107 0.101543 -0.237685
v -0.285658 0.121345 0.121337
v -0.295443 0.069058 0.099457
v -0.291851 0.210805 0.187513
v -0.295002 0.207494 0.181921
v -0.292956 0.078841 -0.272075
v -0.292436 0.111502 -0.278542
v -0.218096 0.356115 -0.278580
v -0.296002 0.215406 0.157618
v -0.292994 0.184510 0.156934
v -0.292892 0.196572 0.152069
v -0.290054 0.079862 -0.276974
v -0.276582 0.942406 0.277631
v -0.286398 0.151194 0.134541
v -0.291993 0.049714 -0.061273
v -0.290691 0.059634 0.101151
v -0.288965 0.029399 0.034828
v -0.288468 0.027226 0.090110
v -0.288711 0.161958 0.168464
v -0.282462 0.000523 -0.112916
v -0.289930 0.175707 0.145158
v -0.269296 0.570267 -0.278577
v -0.273439 0.052361 0.101317
v -0.287438 0.034625 -0.172310
v -0.286734 0.179097 0.177086
v -0.286427 0.134856 0.140223
v -0.283363 0.017415 -0.221202
v -0.286602 0.040779 -0.273261
v -0.282594 0.117979 0.153446
v -0.211616 0.609358 0.205588
v -0.278792 0.098303 0.115728
v -0.283155 0.130175 0.128767
v -0.263714 0.945415 -0.278576
v -0.160992 0.950936 0.270281
v -0.280599 0.042638 -0.278503
v -0.282452 0.146545 0.166665
v -0.281316 0.002637 0.088025
v -0.278931 -0.030135 0.077151
v -0.279567 0.092623 0.127957
v -0.278744 0.107204 0.120780
v -0.277488 0.112273 0.155563
v -0.280494 0.015445 -0.275926
v -0.280015 -0.018977 -0.030402
v -0.279033 -0.004890 -0.272816
v -0.228203 0.753030 0.207749
v -0.274213 0.062698 0.136372
v -0.149618 0.644926 0.205603
v -0.273639 -0.042279 -0.195347
v -0.275438 0.076922 0.109181
v -0.273174 -0.060753 -0.000075
v -0.274755 0.082168 0.114307
v -0.273407 -0.039734 0.079689
v -0.261816 0.761369 -0.278574
v -0.265566 0.008408 0.090700
v -0.275251 -0.027293 -0.273076
v -0.192563 0.136842 -0.278587
v -0.242072 0.239519 0.198250
v -0.269511 -0.023740 -0.278524
v -0.271009 0.041549 0.111964
v -0.270017 -0.069181 -0.118833
v -0.182209 0.769956 0.224043
v -0.299120 0.289701 0.205566
v -0.268954 -0.072148 0.074226
v -0.261408 -0.016407 0.085158
v -0.270613 0.056679 0.106407
v -0.272249 0.073819 0.145067
v -0.270260 -0.057537 -0.272890
v -0.267135 0.025816 0.096012
v -0.270545 -0.079268 0.068308
v -0.270952 0.049777 0.135934
v -0.200903 0.277948 0.205600
v -0.257599 0.198156 0.183795
v -0.260724 -0.130706 -0.022917
v -0.262901 -0.067700 -0.278532
v -0.265486 0.023064 0.098573
v -0.265797 -0.098232 0.069167
v -0.257208 -0.048984 0.078984
v -0.262308 -0.114234 -0.155590
v -0.260783 -0.113778 -0.272681
v -0.266117 -0.097258 -0.065991
v -0.262384 -0.013729 0.098288
v -0.262229 -0.090118 -0.276350
v -0.264273 0.017119 0.129079
v -0.262402 -0.125085 0.064268
v -0.265129 0.041597 0.136427
v -0.199213 0.868890 0.273517
v -0.262520 -0.008961 0.119060
v -0.261117 -0.006325 0.089535
v -0.257526 -0.030195 0.084333
v -0.258302 -0.011239 0.123026
v -0.211941 0.007999 -0.278576
v -0.253936 -0.089048 0.072923
v -0.253476 -0.167126 -0.116555
v -0.253455 -0.162302 -0.205853
v -0.255817 -0.162824 0.057296
v -0.257072 -0.129177 0.067621
v -0.255124 -0.050853 0.111062
v -0.251001 -0.086228 0.080929
v -0.255690 -0.144229 -0.273116
v -0.253352 -0.064003 0.079100
v -0.250477 -0.190913 -0.040459
v -0.253789 -0.159798 0.062263
v -0.205654 0.480068 0.205654
v -0.249301 -0.118940 0.069718
v -0.251297 -0.047894 0.115069
v -0.248592 -0.190666 -0.272766
v -0.248934 -0.090408 0.101977
v -0.250496 -0.167036 -0.275626
v -0.237900 0.111729 0.155857
v -0.246774 -0.080715 0.108531
v -0.251043 -0.133590 -0.278522
v -0.249469 -0.207206 0.050696
v -0.147696 0.265922 0.206154
v -0.142791 0.944816 -0.278538
v -0.243957 -0.228968 -0.141991
v -0.244084 -0.143639 0.066756
v -0.241839 -0.169987 0.061406
v -0.211501 0.944038 0.277410
v -0.247720 -0.186433 0.058153
v -0.240158 -0.153066 0.090209
v -0.244352 -0.233341 0.048301
v -0.242276 -0.258954 0.040676
v -0.192889 0.613491 -0.278581
v -0.244421 -0.122058 0.097757
v -0.242345 -0.235083 -0.272011
v -0.240694 -0.241010 0.048676
v -0.243381 -0.237791 -0.052558
v -0.241164 -0.196643 -0.278563
v -0.241950 -0.221374 -0.276094
v -0.235495 -0.205279 0.055748
v -0.238803 -0.174453 0.062208
v -0.196561 0.437605 0.205567
v -0.234808 -0.291540 0.040388
v -0.194901 -0.002573 0.124721
v -0.094995 0.755279 0.219554
v -0.240275 -0.127678 0.099629
v -0.235606 -0.296053 -0.056247
v -0.236896 -0.277939 -0.273064
v -0.238757 -0.266550 -0.173509
v -0.237408 -0.254339 -0.276168
v -0.216550 0.204228 0.184506
v -0.235443 -0.235699 -0.278574
v -0.235196 -0.309837 0.033593
v -0.146921 0.851716 0.253828
v -0.231949 -0.228209 0.052197
v -0.230939 -0.327490 -0.271701
v -0.233994 -0.301925 -0.272967
v -0.234916 -0.190365 0.083325
v -0.228861 -0.289927 -0.278568
v -0.230447 -0.251312 0.047843
v -0.228589 -0.350313 -0.061321
v -0.232120 -0.179495 0.089157
v -0.228934 -0.234628 0.074578
v -0.050320 0.950937 -0.270600
v -0.229315 -0.352118 0.027281
v -0.226577 -0.346819 0.032361
v -0.102802 0.812928 0.241835
v -0.227085 -0.328941 -0.277084
v -0.225921 -0.280953 0.043349
v -0.190103 -0.031120 0.118140
v -0.224355 -0.253233 0.074679
v -0.215564 0.176421 0.175955
v -0.223921 -0.392625 0.022664
v -0.226316 -0.365143 -0.272979
v -0.210874 0.131413 0.161287
v -0.211098 0.219029 0.189892
v -0.226240 -0.267758 0.047547
v -0.221975 -0.285955 0.067212
v -0.189180 0.749565 0.205618
v -0.220857 -0.322601 0.037354
v -0.223951 -0.234693 0.079370
v -0.221827 -0.402201 -0.273135
v -0.224432 -0.382234 -0.171426
v -0.207084 -0.112425 0.103053
v -0.163784 0.950915 0.135068
v -0.218806 -0.373599 -0.278522
v -0.221619 -0.301613 0.042796
v -0.218274 -0.413716 0.022833
v -0.196683 0.024089 0.131252
v -0.184515 0.414421 0.205615
v -0.217094 -0.366732 0.031012
v -0.217760 -0.277067 0.073257
v -0.217109 -0.441148 -0.272839
v -0.219523 -0.424187 0.017881
v -0.214933 -0.355020 0.036486
v -0.121229 0.844650 0.247258
v -0.202228 0.535574 0.205825
v -0.215891 -0.331667 0.062406
v -0.213319 -0.471373 0.010202
v -0.141243 0.950918 -0.028425
v -0.211997 -0.432624 -0.278548
v -0.209653 -0.413634 0.025093
v -0.216810 -0.444218 -0.097098
v -0.212548 -0.320620 0.067105
v -0.031761 0.871678 0.275951
v -0.200644 -0.159263 0.092944
v -0.210705 -0.391960 0.030668
v -0.207815 0.113296 0.155504
v -0.214356 0.200964 0.180247
v -0.205367 -0.450544 0.019395
v -0.213365 -0.470160 -0.271696
v -0.209607 0.147017 0.164204
v -0.211806 0.171409 0.171255
v -0.169435 -0.226186 0.080578
v -0.210931 0.776460 0.233489
v -0.217017 0.230319 -0.278578
v -0.210426 -0.379188 0.055028
v -0.209150 -0.500619 -0.146733
v -0.210908 -0.471117 0.014221
v -0.209786 -0.480795 -0.275997
v -0.208889 0.209805 0.158635
v -0.205927 -0.523875 0.003022
v -0.206926 -0.516512 -0.273033
v -0.209071 0.198762 0.153047
v -0.204531 -0.384962 0.058428
v -0.205001 0.082852 0.147590
v -0.206642 0.168633 0.149864
v -0.204946 -0.484924 -0.278509
v -0.156848 0.855221 -0.278580
v -0.199581 0.227471 0.193020
v -0.203755 -0.522443 -0.276519
v -0.186212 0.229344 0.194506
v -0.203291 -0.435799 0.046570
v -0.206760 0.175803 0.146297
v -0.204697 0.218776 0.162937
v -0.201554 0.059796 0.141199
v -0.204771 0.157712 0.139877
v -0.205013 -0.513114 0.008414
v -0.151755 0.717771 -0.278584
v -0.202708 -0.450280 0.024859
v -0.201190 0.222436 0.174015
v -0.203836 0.095890 0.148967
v -0.201676 -0.553444 -0.091494
v -0.203021 0.481212 0.207421
v -0.201609 -0.554437 -0.273069
v -0.161216 -0.293969 0.070296
v -0.199781 -0.553073 0.002887
v -0.202804 0.515128 0.212489
v -0.198650 0.105965 0.123901
v -0.202264 0.483180 0.212321
v -0.050674 0.942500 0.277652
v -0.197347 0.555235 0.206244
v -0.192081 0.206697 0.138193
v -0.198051 0.056926 0.138123
v -0.202352 0.138660 0.134466
v -0.202913 -0.421538 0.051932
v -0.200073 0.538697 0.212015
v -0.199135 -0.484039 0.017435
v -0.198194 -0.580356 -0.004227
v -0.200627 0.120257 0.128270
v -0.176511 -0.154677 0.093164
v -0.134470 -0.068783 -0.278586
v -0.200282 -0.491690 0.013446
v -0.196444 -0.592539 -0.171324
v -0.197128 0.450681 0.207551
v -0.196161 -0.455330 0.048838
v -0.198115 0.456053 0.211767
v -0.197682 -0.583526 -0.271661
v -0.189501 0.214045 0.144402
v -0.200414 -0.794139 -0.272094
v -0.199068 -0.787245 -0.272014
v -0.192592 0.173508 0.134231
v -0.200226 -0.795826 0.027419
v -0.199030 -0.787310 0.025891
v -0.196240 -0.791387 -0.278588
v -0.196885 -0.812469 0.024758
v -0.195760 0.035764 0.132665
v -0.199667 0.509230 0.215880
v -0.195060 -0.556075 -0.278527
v -0.196818 0.467383 0.215272
v -0.143300 0.830355 0.237981
v -0.197085 0.534397 0.215517
v -0.194856 -0.503659 0.038939
v -0.195034 0.561637 0.212068
v -0.198854 -0.742806 0.026922
v -0.198349 -0.748489 -0.272401
v -0.198723 -0.745057 -0.131958
v -0.196501 0.090944 0.119423
v -0.197249 -0.737857 -0.273028
v -0.195828 0.471803 0.221166
v -0.196765 -0.812592 -0.274450
v -0.193459 -0.590654 -0.277088
v -0.190636 0.225603 0.168376
v -0.196601 -0.753085 0.026802
v -0.196968 -0.751440 -0.087557
v -0.194371 -0.777284 0.021877
v -0.193900 -0.524757 0.010958
v -0.192355 -0.779887 -0.277546
v -0.193880 0.540766 0.222632
v -0.194490 -0.596108 -0.003040
v -0.192347 -0.626348 -0.010631
v -0.194148 -0.792842 0.033746
v -0.191475 -0.814071 0.030665
v -0.186374 0.221546 0.161952
v -0.194748 -0.817509 -0.124587
v -0.194150 -0.777874 -0.270786
v -0.194412 0.075272 0.115318
v -0.192933 -0.741137 0.032349
v -0.191825 -0.781273 0.030132
v -0.194581 -0.778884 -0.042801
v -0.192627 -0.750560 0.032260
v -0.193505 0.518007 0.227598
v -0.192957 -0.620792 -0.271646
v -0.194614 -0.745129 -0.278674
v -0.195798 -0.734956 0.026367
v -0.193591 -0.756592 -0.271360
v -0.193466 -0.731765 -0.169476
v -0.191115 0.560286 0.215505
v -0.192663 0.572169 0.205936
v -0.186006 0.589605 0.205813
v -0.105485 0.070698 -0.278582
v -0.154053 -0.361360 0.061111
v -0.193504 -0.543626 0.006092
v -0.192075 0.435247 0.212272
v -0.191504 0.482460 0.228601
v -0.192738 -0.730913 -0.000209
v -0.192595 -0.730946 -0.273455
v -0.192577 -0.757241 -0.081355
v -0.190989 -0.001411 0.122694
v -0.190475 -0.619539 -0.276693
v -0.192263 -0.821341 0.022092
v -0.185594 0.137550 0.121118
v -0.191861 -0.758918 0.026689
v -0.192601 -0.820805 -0.270826
v -0.191490 -0.734028 0.029396
v -0.191380 0.051273 0.110713
v -0.190021 0.429047 0.207685
v -0.188036 -0.517981 0.040499
v -0.191444 -0.729983 0.025575
v -0.183751 0.110842 0.111738
v -0.186102 0.450068 0.228165
v -0.137142 0.949268 -0.274928
v -0.185549 0.572899 0.221290
v -0.189162 0.032894 0.106293
v -0.188087 -0.772539 -0.006050
v -0.185196 0.168284 0.129561
v -0.188084 -0.772378 -0.129305
v -0.172851 -0.190088 0.087124
v -0.186743 -0.055347 0.113158
v -0.182375 -0.824672 -0.278599
v -0.188232 -0.773937 0.024518
v -0.191018 -0.637497 -0.004656
v -0.188676 -0.550372 0.032972
v -0.186557 -0.820454 0.027694
v -0.187893 -0.760771 0.002044
v -0.187492 -0.568974 0.007755
v -0.187051 0.583403 0.212160
v -0.190775 -0.641735 0.010946
v -0.185096 -0.725715 0.004780
v -0.186433 -0.726835 -0.193185
v -0.186330 -0.656117 -0.276426
v -0.184047 -0.621778 -0.005541
v -0.186978 -0.826828 -0.084913
v -0.183339 0.429342 0.223047
v -0.186865 -0.671382 -0.271698
v -0.178683 0.080939 0.102277
v -0.184654 0.541261 0.230862
v -0.188315 -0.825515 -0.274665
v -0.187245 -0.771910 -0.273194
v -0.185929 -0.613044 -0.278570
v -0.187708 -0.760373 -0.274346
v -0.186086 -0.726316 -0.274824
v -0.187253 -0.586273 0.000405
v -0.187483 -0.760564 -0.140683
v -0.186483 0.011227 0.101701
v -0.187659 -0.762018 0.021605
v -0.184630 -0.691119 0.005897
v -0.183743 -0.827154 0.021854
v -0.184739 0.560707 0.227869
v -0.180620 0.408374 0.212222
v -0.187473 -0.666461 -0.128526
v -0.182039 0.176325 0.132854
v -0.172191 -0.721498 -0.278573
v -0.179075 -0.767644 0.014019
v -0.182764 -0.631878 -0.003696
v -0.185697 0.204982 0.138189
v -0.188892 0.437985 0.215358
v -0.186146 -0.726345 0.018875
v -0.186265 -0.726526 -0.082027
v -0.182537 0.583764 0.215546
v -0.178555 -0.833180 0.013005
v -0.180652 -0.641423 0.024481
v -0.178731 -0.054409 0.088186
v -0.183999 -0.008388 0.096836
v -0.184101 -0.079811 0.108473
v -0.179547 -0.768382 -0.271571
v -0.181308 -0.074284 0.106623
v -0.134364 -0.465175 -0.278581
v -0.174248 0.611247 0.206023
v -0.181394 -0.573583 0.033378
v -0.178148 -0.832635 -0.211459
v -0.182329 0.458505 0.230895
v -0.179469 -0.626826 0.022257
v -0.183528 -0.637025 0.019639
v -0.174512 -0.690574 0.018450
v -0.183196 -0.719912 -0.270463
v -0.182446 -0.709481 -0.130592
v -0.182915 -0.704415 -0.273082
v -0.183301 -0.721377 -0.101983
v -0.181097 -0.722535 0.017077
v -0.179744 -0.120860 0.100726
v -0.026268 0.791896 0.241646
v -0.173573 -0.759485 -0.278422
v -0.182005 -0.762147 -0.189137
v -0.178053 0.221107 0.165533
v -0.180726 0.417571 0.215646
v -0.179423 0.406135 0.207526
v -0.180029 -0.769007 -0.162015
v -0.179409 -0.681710 -0.278555
v -0.178379 -0.832578 -0.045539
v -0.178992 -0.831588 -0.006900
v -0.179592 -0.763547 -0.270979
v -0.175774 -0.626097 0.026696
v -0.182378 -0.714174 0.011145
v -0.175709 0.606888 0.211901
v -0.180644 -0.625348 -0.000616
v -0.179557 -0.712862 -0.276759
v -0.172624 0.061401 0.096471
v -0.181733 -0.028239 0.092557
v -0.178878 -0.831667 -0.272568
v -0.179509 0.601321 0.206947
v -0.179173 0.145804 0.123682
v -0.179691 -0.763372 0.014482
v -0.177963 0.212374 0.153416
v -0.173216 -0.770784 -0.278561
v -0.180098 -0.768943 -0.059106
v -0.173583 0.603178 0.215070
v -0.175051 0.581121 0.229616
v -0.175941 0.091289 0.104209
v -0.176927 0.110420 0.110093
v -0.179393 -0.764185 -0.121283
v -0.175880 -0.833377 -0.121701
v -0.173540 0.599343 0.221777
v -0.176873 -0.110486 0.099414
v -0.175587 -0.081710 0.082663
v -0.160561 0.631393 0.205802
v -0.174972 -0.710947 0.016095
v -0.170618 0.403459 0.223322
v -0.178723 -0.028126 0.090342
v -0.174017 0.116562 0.114052
v -0.162590 0.117265 0.128692
v -0.162929 0.379416 0.206058
v -0.167934 0.393421 0.215426
v -0.170766 0.391666 0.207311
v -0.167772 -0.835678 -0.084432
v -0.172687 0.221074 0.188026
v -0.159961 0.398064 0.230056
v -0.169084 0.011007 0.088078
v -0.170526 0.036532 0.092421
v -0.147900 -0.406184 0.055002
v -0.167120 -0.016313 0.082561
v -0.168947 0.202826 0.156669
v -0.167300 0.174059 0.148212
v -0.173093 -0.151891 0.091220
v -0.168927 0.073130 0.100087
v -0.173263 -0.104099 0.078451
v -0.164443 -0.261245 0.075033
v -0.167266 -0.835451 -0.009894
v -0.167005 -0.835907 -0.270376
v -0.166307 0.216790 0.188873
v -0.165003 0.605990 0.227738
v -0.170924 -0.126695 0.074532
v -0.166855 0.385896 0.212281
v -0.167715 -0.159019 0.068760
v -0.169585 0.209518 0.160302
v -0.164805 -0.835063 0.000005
v -0.168674 -0.193711 0.084211
v -0.159227 0.602981 0.230937
v -0.164963 0.462543 0.230795
v -0.143497 -0.453002 0.048827
v -0.164695 0.539909 0.230709
v -0.166555 -0.836410 -0.170509
v -0.170440 -0.082375 0.078780
v -0.164944 0.141547 0.137100
v -0.112496 0.329695 0.205617
v -0.112526 -0.640622 0.024669
v -0.160504 -0.831705 -0.278545
v -0.166616 0.621399 0.211029
v -0.195491 0.789640 0.241095
v -0.165136 -0.224030 0.078349
v -0.165366 0.045156 0.095477
v -0.163867 0.204692 0.184426
v -0.165663 0.157029 0.147438
v -0.159136 0.086742 0.120228
v -0.165356 -0.179075 0.064717
v -0.160340 0.486034 0.228493
v -0.164232 -0.040129 0.073908
v -0.163776 -0.141092 0.067331
v -0.157087 0.367493 0.205618
v -0.160384 -0.063285 0.069475
v -0.158449 0.625713 0.215469
v -0.165139 -0.838253 -0.002840
v -0.162319 0.160171 0.167845
v -0.158087 0.623996 0.221060
v -0.164366 -0.844841 -0.162242
v -0.164988 -0.838375 -0.273265
v -0.164586 -0.855145 -0.146490
v -0.160633 -0.219628 0.057760
v -0.164432 -0.854845 -0.020093
v -0.164474 -0.849838 -0.005894
v -0.164137 -0.854881 -0.271843
v -0.159581 -0.033821 0.074708
v -0.161011 0.007457 0.088762
v -0.162372 -0.204187 0.060093
v -0.160300 0.177891 0.176351
v -0.159821 -0.850074 -0.278295
v -0.158080 -0.190097 0.058568
v -0.159625 0.090082 0.127478
v -0.159280 -0.277213 0.070169
v -0.155464 -0.107658 0.062741
v -0.159107 -0.016215 0.081923
v -0.104627 -0.766004 0.012380
v -0.140700 0.858665 0.261777
v -0.156671 -0.325157 0.065863
v -0.156647 0.508238 0.225224
v -0.154208 -0.124175 0.059271
v -0.150764 0.374347 0.223492
v -0.158566 0.109790 0.151551
v -0.126723 -0.214011 -0.278583
v -0.157001 0.053648 0.110260
v -0.157228 0.633873 0.212246
v -0.153581 0.553444 0.228077
v -0.146592 0.432597 0.228918
v -0.095727 0.753259 0.208986
v -0.136441 -0.517194 0.040397
v -0.155478 -0.858866 -0.170783
v -0.156048 -0.858467 -0.010657
v -0.157743 -0.246053 0.053326
v -0.153924 0.369051 0.211946
v -0.157126 0.134911 0.162056
v -0.131439 -0.558754 0.035087
v -0.148091 0.629014 0.228135
v -0.152683 0.373234 0.215394
v -0.155380 -0.088810 0.065201
v -0.153685 0.013297 0.101099
v -0.151872 -0.146851 0.051924
v -0.111750 -0.760112 0.022392
v -0.156048 0.037620 0.112751
v -0.127036 -0.606626 0.029237
v -0.142469 -0.853972 -0.002046
v -0.153121 -0.856353 -0.002547
v -0.155418 0.107154 0.154356
v -0.152504 0.027143 0.128974
v -0.154926 -0.037169 0.077300
v -0.151417 0.538814 0.222630
v -0.152330 0.366834 0.207532
v -0.152248 -0.071812 0.069356
v -0.151932 -0.241164 0.049914
v -0.078059 -0.798333 0.033222
v -0.018591 0.753548 0.217027
v -0.079071 0.822910 0.240206
v -0.155868 -0.264838 0.051329
v -0.153086 0.474658 0.223921
v -0.133537 -0.866572 -0.278535
v -0.153535 -0.292158 0.048517
v -0.153244 0.091000 0.149745
v -0.154085 0.072954 0.143734
v -0.146168 0.646820 0.211635
v -0.151132 -0.275132 0.048298
v -0.147307 -0.864016 -0.273058
v -0.117228 -0.753847 0.029260
v -0.100601 0.866511 0.265835
v -0.149437 -0.135580 0.054944
v -0.150430 0.042810 0.136263
v -0.148740 -0.033979 0.090111
v -0.150220 -0.359912 0.058649
v -0.149838 0.535597 0.217566
v -0.144865 0.135208 0.162124
v -0.150280 -0.323006 0.043917
v -0.145330 -0.198598 0.041354
v -0.146756 -0.020094 0.117977
v -0.147907 -0.863101 -0.022910
v -0.151890 0.493699 0.215272
v -0.147388 0.451810 0.224000
v -0.150330 0.524519 0.209272
v -0.149034 0.477593 0.208732
v -0.148231 -0.340457 0.042136
v -0.159506 -0.831960 0.013232
v -0.139303 0.568390 0.219971
v -0.147532 -0.121635 0.061976
v -0.143912 0.451942 0.216948
v -0.143040 -0.089535 0.078062
v -0.145806 -0.313797 0.041899
v -0.146125 -0.063405 0.089531
v -0.147036 0.539984 0.208722
v -0.146458 -0.171218 0.047048
v -0.143678 -0.867103 -0.211505
v -0.141801 0.591042 0.230482
v -0.052279 -0.642214 -0.278586
v -0.137215 0.656905 0.205668
v -0.116788 0.236750 0.196764
v -0.140148 0.375924 0.230865
v -0.141477 0.355747 0.211911
v -0.144644 0.458550 0.208904
v -0.141258 0.355316 0.207542
v -0.145163 0.000491 0.125277
v -0.142461 -0.228052 0.039051
v -0.144345 0.642947 0.215185
v -0.139778 -0.260927 0.034229
v -0.105578 -0.772167 0.019956
v -0.142242 -0.164702 0.050538
v -0.144664 -0.369901 0.039357
v -0.142757 0.553347 0.208187
v -0.142379 -0.428610 0.049803
v -0.141788 -0.399244 0.037212
v -0.138808 0.470982 0.208618
v -0.141514 0.512250 0.208971
v -0.139250 -0.867433 -0.024494
v -0.137375 -0.307579 0.027168
v -0.140082 -0.126939 0.077294
v -0.139510 -0.870356 -0.036118
v -0.139342 0.645264 0.222074
v -0.140727 -0.112756 0.074204
v -0.134545 0.354011 0.215344
v -0.138215 -0.140119 0.067666
v -0.067079 -0.747371 0.031879
v -0.078554 0.749446 0.205591
v -0.133982 0.359247 0.226498
v -0.139181 0.442893 0.209056
v -0.073533 0.690514 -0.278577
v -0.141398 0.492863 0.209340
v -0.138604 -0.245968 0.034671
v -0.133079 -0.877648 -0.271388
v -0.136567 -0.384255 0.033538
v -0.139234 -0.421432 0.034504
v -0.069131 -0.780536 -0.278575
v -0.141896 -0.073866 0.107230
v -0.132420 0.417084 0.225480
v -0.137369 -0.203660 0.041004
v -0.141125 0.504589 0.218139
v -0.136237 -0.277117 0.031084
v -0.129940 0.593436 0.225166
v -0.138384 -0.482299 0.044284
v -0.131012 0.950954 0.270288
v -0.089244 0.429584 -0.278575
v -0.137351 0.538670 0.209238
v -0.137267 0.533455 0.219323
v -0.137137 0.471785 0.219287
v -0.140349 -0.048147 0.115077
v -0.134993 -0.498094 0.040506
v -0.136382 -0.089284 0.107084
v -0.135101 -0.461876 0.029724
v -0.136854 -0.229047 0.037539
v -0.137334 0.403043 0.230786
v -0.082463 -0.834405 0.002677
v -0.128423 0.663202 0.211980
v -0.122781 0.647075 0.230912
v -0.133819 -0.182928 0.057123
v -0.135364 -0.149375 0.090440
v -0.132888 -0.340430 0.026149
v -0.136861 0.502158 0.221328
v -0.134074 -0.294940 0.026137
v -0.134505 0.457025 0.209668
v -0.125770 0.666650 0.205870
v -0.127507 0.658145 0.218354
v -0.137138 0.569310 0.208971
v -0.133646 -0.262053 0.034476
v -0.133511 -0.205860 0.059828
v -0.102684 0.567083 -0.278580
v -0.131744 0.554815 0.217181
v -0.039899 -0.703216 0.016582
v -0.134729 -0.121986 0.099827
v -0.129294 0.444635 0.217011
v -0.126437 0.415550 0.218744
v -0.131746 -0.449469 0.027420
v -0.131874 -0.316073 0.022854
v -0.124392 0.340544 0.212418
v -0.129122 -0.382129 0.023826
v -0.129662 0.424558 0.208490
v -0.131616 -0.878862 -0.039677
v -0.130744 -0.505104 0.025754
v -0.131590 -0.197344 0.081345
v -0.036016 -0.720044 0.016215
v -0.123430 0.339716 0.207742
v -0.128246 -0.194778 0.085016
v -0.130295 0.580740 0.208403
v -0.131917 0.556212 0.209063
v -0.121807 0.345081 0.221661
v -0.130133 -0.215087 0.049790
v -0.130316 -0.154084 0.092531
v -0.127377 -0.569634 0.031184
v -0.064459 0.776159 0.233204
v -0.128699 -0.304216 0.026697
v -0.127732 -0.491181 0.023563
v -0.120299 0.394766 0.228042
v -0.125576 0.557860 0.221262
v -0.123799 0.593038 0.209033
v -0.128831 0.441707 0.208951
v -0.126064 0.570646 0.208860
v -0.120012 0.600085 0.216963
v -0.125572 -0.878102 -0.034692
v -0.126452 -0.268607 0.044044
v -0.119194 0.434998 0.221307
v -0.127578 -0.273512 0.050395
v -0.124250 -0.890431 -0.271568
v -0.125432 -0.888035 -0.046565
v 0.037674 0.769923 0.224006
v -0.126596 -0.369139 0.023991
v -0.126865 -0.424753 0.022815
v -0.127418 -0.335610 0.026206
v -0.117297 0.659362 0.228209
v -0.084831 -0.858722 -0.010397
v -0.112914 -0.004713 0.124314
v 0.006446 0.864882 0.263077
v -0.119562 0.665007 0.215358
v -0.123980 -0.468658 0.018371
v -0.127408 -0.243730 0.073936
v -0.124215 -0.233426 0.078136
v -0.125754 -0.395316 0.023560
v -0.125878 -0.553407 0.020137
v -0.124286 0.571375 0.217729
v -0.125358 -0.632625 0.025725
v -0.113521 0.675591 0.206047
v -0.108672 -0.769058 0.014129
v -0.119553 0.408458 0.209698
v -0.118620 0.349069 0.228368
v -0.123482 -0.885919 -0.276979
v -0.123386 -0.294928 0.066427
v -0.123729 -0.607564 0.025207
v -0.123325 -0.423581 0.022743
v -0.122610 -0.440803 0.020147
v -0.100433 0.073077 0.144802
v -0.121388 -0.331095 0.035206
v -0.122196 -0.341648 0.041336
v -0.001792 0.950922 -0.104322
v -0.123084 -0.302608 0.038203
v -0.123216 -0.630514 0.021979
v -0.120941 -0.275528 0.072099
v -0.112026 0.396550 0.220332
v -0.122319 -0.600654 0.015853
v -0.021848 0.830437 0.237895
v -0.120071 -0.494332 0.015496
v -0.090920 0.335986 0.230783
v -0.119090 0.424599 0.209508
v -0.118505 -0.357907 0.057491
v -0.115032 0.337926 0.215425
v -0.119495 -0.366965 0.032807
v -0.115525 -0.439074 0.029056
v -0.116742 0.422563 0.217452
v -0.119040 -0.890287 -0.042310
v -0.118313 -0.905861 -0.272040
v -0.121387 -0.896461 -0.049761
v -0.117827 -0.541663 0.010053
v -0.118336 -0.511188 0.013003
v -0.110268 0.616603 0.224772
v 0.035745 0.763369 0.220580
v -0.114825 0.624652 0.230592
v -0.118890 0.582308 0.209014
v -0.106132 -0.100637 0.105281
v -0.118285 -0.907201 -0.198670
v -0.114709 -0.587783 0.008701
v -0.111001 0.592137 0.217814
v -0.043784 0.950942 0.270151
v -0.114679 -0.908476 -0.277032
v -0.116044 -0.341616 0.063601
v -0.117712 -0.405699 0.031805
v -0.117537 -0.627323 0.016056
v -0.115324 -0.525420 0.012098
v -0.095719 -0.732052 0.027506
v -0.112145 -0.604257 0.004288
v -0.109917 0.196555 0.181869
v -0.116873 -0.916245 -0.055156
v -0.105118 0.679902 0.212118
v -0.114400 0.605746 0.209549
v -0.110335 -0.633229 0.018437
v -0.017299 0.876218 0.277631
v -0.112405 -0.390933 0.057139
v -0.114368 -0.907250 -0.047168
v -0.113506 -0.432979 0.048052
v -0.110761 -0.426410 0.052444
v -0.113780 -0.943098 -0.273478
v -0.110834 -0.508937 0.023139
v -0.113653 -0.943539 -0.057914
v -0.111864 -0.614990 0.008867
v -0.106514 0.411735 0.218873
v -0.107608 0.394342 0.209737
v -0.092377 0.368531 0.228493
v -0.104086 0.333638 0.223467
v -0.078596 0.349750 0.230826
v -0.103871 -0.854374 -0.001660
v -0.065644 -0.866506 -0.023386
v -0.078801 0.283841 -0.278586
v 0.046530 0.949593 -0.274388
v -0.110825 -0.904092 -0.278560
v -0.111812 -0.581114 0.008818
v -0.108731 -0.943368 -0.052297
v -0.035463 -0.822732 0.025006
v -0.111238 -0.948085 -0.273159
v -0.110382 -0.948873 -0.085621
v -0.102191 0.325109 0.212458
v -0.109045 0.596392 0.208715
v -0.094039 0.680191 0.220686
v -0.060149 -0.764044 0.011953
v -0.107051 -0.352946 -0.278588
v -0.104181 0.615951 0.208700
v -0.107699 -0.943928 -0.278602
v -0.100922 0.677703 0.215214
v -0.109734 -0.466264 0.045789
v -0.107678 -0.519543 0.037080
v -0.107629 -0.553102 0.019207
v -0.104691 -0.599492 0.015821
v -0.082425 0.013336 0.128553
v -0.032777 -0.727002 0.019600
v -0.074275 -0.172752 0.089293
v -0.105150 -0.950134 -0.058548
v -0.106076 -0.474067 0.046185
v -0.094361 0.324249 0.215371
v -0.107942 0.588352 0.221267
v 0.017667 -0.739996 0.031024
v -0.101630 -0.633513 0.025531
v -0.091454 0.628669 0.218300
v -0.104734 -0.951797 -0.270635
v -0.105316 -0.951598 -0.062279
v -0.101703 0.324815 0.207794
v -0.103742 -0.623289 0.018114
v -0.094874 0.397508 0.216160
v -0.106702 0.407907 0.208311
v -0.096323 0.685582 0.206307
v -0.064487 -0.836937 0.000078
v -0.068399 0.950912 0.151932
v -0.104217 -0.949754 -0.275392
v -0.102884 -0.534363 0.038334
v -0.102933 -0.573562 0.031791
v -0.067664 0.658160 0.230415
v -0.093014 0.379927 0.217044
v -0.091538 0.637024 0.227551
v 0.020301 0.860638 0.262032
v -0.101107 -0.623313 0.024346
v -0.034486 -0.812894 0.030552
v -0.088300 0.316018 0.205646
v -0.097971 0.608176 0.209392
v -0.084310 0.679539 0.228084
v -0.079065 -0.535541 -0.278582
v -0.090655 0.397721 0.220528
v -0.082531 0.673917 0.230879
v -0.099349 -0.593503 0.030628
v -0.096024 0.384152 0.208768
v -0.067188 -0.296039 0.069584
v -0.088979 0.207309 0.185455
v -0.089011 0.175491 0.175210
v -0.091184 0.612622 0.217730
v -0.091624 0.393710 0.209539
v -0.094153 0.624475 0.209046
v -0.077299 -0.079781 0.108987
v -0.017427 0.858014 0.260078
v -0.062246 0.812961 -0.278589
v -0.029516 0.943348 -0.278605
v -0.081563 0.221596 0.190974
v -0.019515 -0.945019 -0.278560
v -0.074000 -0.148240 0.093557
v -0.079525 0.616723 0.221223
v -0.095258 0.378111 0.222776
v -0.042261 -0.844156 -0.002033
v -0.087105 0.123107 0.158147
v -0.089340 0.326130 0.224971
v -0.081521 0.314242 0.211991
v -0.060950 -0.397532 0.056268
v 0.047501 0.777201 0.234408
v -0.022821 0.266571 0.205711
v -0.071220 0.641064 0.218515
v -0.087357 0.188276 0.177822
v -0.068615 -0.268208 0.073362
v -0.060217 -0.427057 0.052513
v -0.010271 -0.761889 0.019329
v -0.082876 0.039307 0.135490
v -0.085234 0.095119 0.150880
v -0.076059 0.694707 0.212265
v -0.070496 -0.235012 0.078010
v -0.080307 0.634923 0.209226
v -0.082496 0.374041 0.208769
v -0.081970 0.693163 0.205902
v -0.049685 0.867573 0.271076
v 0.009114 -0.881328 -0.037701
v -0.069557 -0.831895 0.012495
v 0.052404 0.945682 0.276127
v -0.084532 0.069636 0.144197
v -0.081753 0.687385 0.215437
v -0.063652 -0.368454 0.060094
v -0.034237 0.164516 -0.278584
v -0.086238 0.158417 0.168978
v -0.086894 0.617577 0.208988
v -0.076264 0.381397 0.208818
v -0.079564 0.216055 0.162972
v -0.084720 0.139644 0.161321
v -0.075935 -0.118613 0.100869
v -0.050913 -0.952140 -0.268345
v -0.083195 0.203752 0.165027
v 0.009638 0.494797 0.221391
v -0.057801 -0.454465 0.048890
v -0.083492 0.111319 0.152051
v -0.080470 -0.012097 0.122475
v -0.055075 -0.518166 0.040320
v -0.036225 -0.196666 -0.278584
v -0.069908 0.228361 0.193300
v -0.062420 0.316865 0.227277
v -0.070259 0.313709 0.217179
v -0.078725 0.134381 0.134605
v -0.050328 -0.611376 0.028427
v -0.041228 -0.640433 0.024462
v 0.008756 -0.952116 -0.062889
v -0.081058 0.065632 0.140268
v -0.082268 0.205013 0.158249
v -0.080295 0.171787 0.146630
v -0.081352 0.188991 0.153181
v -0.038975 -0.042760 -0.278584
v -0.072210 0.626459 0.217952
v -0.019148 -0.409411 -0.278587
v -0.077423 -0.018975 0.118892
v -0.079338 0.019351 0.127433
v -0.068296 0.378127 0.217821
v -0.069186 0.364074 0.220441
v -0.078518 -0.046366 0.115272
v -0.079721 0.150290 0.140237
v -0.077217 0.093093 0.123877
v -0.074683 0.630835 0.208005
v -0.073282 0.310582 0.207724
v 0.003667 -0.892367 -0.043756
v -0.070408 0.628793 0.209727
v -0.072958 0.222113 0.167261
v -0.077970 0.116168 0.128214
v -0.076105 0.069802 0.117217
v -0.071130 -0.204962 0.083425
v -0.064911 0.648045 0.224487
v -0.065732 0.691386 0.223678
v -0.075580 0.052083 0.112818
v -0.075080 -0.062709 0.109561
v -0.074473 0.029630 0.107355
v 0.040023 0.784244 0.239167
v -0.073909 0.012390 0.103415
v -0.073475 -0.106157 0.101112
v -0.073474 0.117805 0.124888
v -0.048511 0.346234 0.228543
v -0.072846 -0.011482 0.098403
v -0.061536 -0.768885 0.011833
v 0.006056 -0.854347 -0.002217
v 0.009904 0.594909 -0.278588
v -0.066072 -0.323165 0.066125
v -0.065567 0.182438 0.136277
v -0.066369 0.381135 0.221212
v -0.070484 -0.066746 0.085817
v -0.063443 0.164565 0.129009
v -0.066158 0.364495 0.209683
v -0.069785 -0.182779 0.085036
v -0.071406 -0.136505 0.092538
v -0.068864 0.016072 0.100758
v -0.071889 -0.033421 0.093429
v 0.018009 -0.872940 -0.031199
v -0.047225 0.705002 0.205756
v -0.040088 0.670174 0.230791
v -0.035721 0.368586 0.221289
v -0.051160 0.227576 0.193695
v -0.061878 0.695258 0.215561
v -0.063160 0.209063 0.139626
v -0.062575 0.226024 0.171298
v -0.069664 -0.092373 0.081060
v -0.068900 -0.120250 0.079270
v -0.069191 -0.053559 0.088163
v -0.063056 -0.347378 0.062518
v -0.059214 0.080120 0.106212
v -0.060192 0.306211 0.212279
v -0.059610 0.131413 0.116510
v -0.068316 -0.115232 0.075988
v -0.067082 -0.241092 0.074813
v -0.065094 -0.037479 0.088311
v -0.060210 0.644797 0.209045
v -0.061774 0.216538 0.148022
v -0.059835 0.115012 0.110304
v 0.017285 0.950918 0.072976
v -0.057507 -0.489329 0.044259
v -0.067716 -0.136659 0.071935
v -0.061980 0.147203 0.123899
v -0.066134 -0.171059 0.065238
v -0.057159 0.042545 0.098257
v -0.065269 -0.274713 0.070118
v -0.063824 -0.214327 0.057767
v -0.063518 -0.099833 0.075898
v -0.064466 0.699069 0.207003
v -0.064434 -0.198430 0.060350
v -0.062878 -0.319393 0.064271
v -0.061203 -0.146133 0.065277
v -0.040925 0.300273 0.205834
v -0.101794 -0.776783 0.025616
v -0.055936 0.371127 0.209489
v -0.056531 0.304904 0.207597
v -0.063051 -0.231303 0.054872
v -0.059341 0.203641 0.137318
v -0.061302 -0.269012 0.050716
v -0.060276 -0.178267 0.060480
v -0.050241 -0.051790 0.073682
v -0.053061 0.023016 0.089873
v -0.057797 0.635284 0.209059
v -0.053311 0.636276 0.217581
v -0.053592 0.000999 0.081745
v -0.059567 -0.299322 0.046947
v -0.003528 -0.783696 0.029978
v -0.059782 -0.369545 0.056296
v -0.056688 -0.248791 0.048819
v -0.056673 -0.213675 0.053013
v -0.058814 0.178285 0.132630
v -0.000888 0.751975 -0.278589
v -0.049932 -0.150490 0.053182
v -0.053458 -0.545869 0.036680
v -0.045736 0.306089 0.215607
v -0.039842 0.699668 0.221965
v -0.058265 -0.321881 0.043462
v -0.054685 0.151645 0.125149
v -0.056737 -0.348256 0.039446
v -0.056589 -0.428754 0.049408
v -0.054643 0.088051 0.106261
v -0.054201 0.358992 0.209682
v -0.047522 0.220568 0.166378
v -0.056135 0.210369 0.144082
v -0.044970 0.651658 0.217248
v -0.054610 -0.394871 0.036188
v -0.053976 -0.413699 0.034963
v -0.053580 -0.492449 0.040983
v -0.051397 -0.319486 0.040017
v -0.049927 -0.114782 0.062082
v -0.048128 0.354278 0.220983
v -0.051635 -0.075144 0.069612
v -0.051904 -0.582615 0.032057
v -0.051776 0.114044 0.111102
v -0.050522 -0.031333 0.077090
v -0.023377 0.656476 0.216408
v -0.048746 0.221753 0.175080
v -0.041239 0.182493 0.150241
v -0.050953 -0.829051 0.017609
v -0.036486 0.316476 0.230882
v -0.052712 0.631482 0.221303
v -0.040213 0.705185 0.212812
v -0.049116 -0.177016 0.045776
v -0.050179 -0.353806 0.035164
v -0.052658 -0.437108 0.031880
v -0.048526 0.037289 0.096246
v -0.007005 -0.858421 -0.011132
v -0.049780 0.061912 0.102208
v -0.046426 -0.764291 0.011999
v -0.046157 -0.141530 0.054402
v -0.045785 -0.241080 0.031302
v -0.049442 -0.626591 0.023862
v -0.047662 -0.092603 0.065722
v -0.048570 0.089589 0.110434
v -0.047003 0.012781 0.085595
v -0.050753 -0.487302 0.028128
v -0.046080 -0.210416 0.039233
v -0.049166 -0.572924 0.030256
v -0.041610 0.642080 0.209326
v -0.037816 0.365503 0.217533
v -0.041066 0.165771 0.143541
v -0.047037 -0.410054 0.031339
v -0.040899 0.208296 0.158189
v -0.048690 -0.519126 0.024404
v -0.044776 -0.194891 0.040558
v -0.047469 -0.550650 0.020753
v -0.041704 0.355312 0.208602
v -0.045668 0.649759 0.207993
v 0.002116 -0.856173 -0.003394
v 0.011637 -0.291840 -0.278581
v -0.039940 0.301123 0.211945
v -0.046404 0.000515 0.082213
v -0.045279 -0.171753 0.045240
v -0.040784 0.140688 0.135454
v -0.044951 -0.472860 0.024917
v -0.045023 -0.040865 0.077656
v -0.043227 -0.077404 0.069910
v -0.045208 -0.604772 0.015378
v -0.026950 0.659962 0.224393
v -0.044307 -0.222512 0.035579
v -0.041871 -0.327065 0.028815
v -0.041019 0.691462 0.230499
v -0.038673 0.306182 0.221011
v -0.042282 -0.264753 0.031458
v -0.040151 0.209335 0.166211
v -0.043997 -0.282105 0.034098
v -0.041823 -0.141062 0.056132
v -0.041382 -0.347587 0.023483
v -0.040229 0.364978 0.208500
v -0.042732 -0.114687 0.063241
v 0.084582 -0.707311 0.016168
v -0.039709 0.065355 0.114238
v -0.040107 0.115293 0.127195
v -0.037658 -0.507536 0.015477
v -0.040696 -0.386682 0.026016
v -0.038404 0.215487 0.187859
v -0.028884 0.644459 0.217703
v -0.038598 -0.623860 0.014249
v -0.040282 -0.459495 0.019814
v -0.039561 -0.308316 0.031397
v -0.039069 -0.322596 0.028700
v -0.040683 -0.235011 0.032303
v -0.040962 -0.179083 0.045904
v 0.005493 -0.837404 0.000460
v -0.021760 0.199911 0.182872
v -0.038541 0.027129 0.103784
v -0.038423 -0.418129 0.023522
v -0.037335 -0.588550 0.009776
v -0.037173 0.002349 0.096219
v -0.039170 -0.532798 0.013103
v -0.038628 -0.248315 0.031922
v -0.039117 -0.212795 0.041928
v -0.038775 -0.432680 0.021042
v -0.041068 0.700904 0.215371
v -0.036843 -0.028616 0.090755
v -0.036353 -0.064933 0.083673
v -0.035741 -0.604201 0.005785
v -0.039796 0.114685 0.133012
v -0.037005 -0.486793 0.017857
v -0.038995 0.054985 0.117610
v -0.036760 -0.445287 0.019758
v -0.023137 0.348597 0.220319
v -0.015430 0.335172 0.230496
v -0.037254 -0.360791 0.023796
v -0.037550 -0.382883 0.025947
v -0.036538 -0.342297 0.024306
v 0.088372 0.844900 0.247323
v -0.036255 -0.270241 0.036337
v -0.035659 -0.121320 0.072244
v -0.036124 0.196272 0.178054
v -0.034624 0.079635 0.144178
v -0.037538 -0.013988 0.099696
v -0.034393 0.126236 0.157167
v -0.034139 -0.191331 0.055888
v -0.035375 -0.555598 0.010626
v -0.028993 0.708328 0.206218
v -0.034422 0.038787 0.132416
v -0.014955 0.643568 0.220703
v -0.035810 -0.107419 0.082358
v -0.033703 -0.028564 0.114990
v -0.033781 -0.588386 0.009500
v -0.020219 0.350822 0.208879
v -0.032324 0.166044 0.172506
v -0.032199 0.194062 0.181372
v -0.020563 0.309271 0.228546
v -0.027611 0.362485 0.209543
v -0.034145 -0.203900 0.060306
v -0.032599 -0.104200 0.100214
v -0.029238 -0.500257 0.025257
v -0.031633 -0.246429 0.047836
v -0.032018 0.134998 0.161982
v -0.030847 -0.185831 0.083626
v -0.030681 -0.353903 0.032816
v -0.031545 0.006872 0.127073
v -0.030488 -0.395974 0.034022
v -0.001566 0.672203 0.230778
v 0.001232 0.242049 0.198131
v -0.030881 0.034307 0.134369
v 0.008302 -0.843870 -0.278566
v 0.032088 0.332039 -0.278588
v -0.016997 0.296281 0.205853
v -0.012419 0.705159 0.215542
v -0.031891 -0.284117 0.050559
v -0.029991 -0.626149 0.017079
v -0.030474 0.092750 0.150855
v -0.030671 -0.310279 0.041992
v -0.030314 0.066048 0.143395
v -0.029849 -0.434122 0.030080
v -0.029819 -0.062401 0.112165
v -0.028808 -0.565199 0.017978
v -0.013069 0.475655 -0.278577
v -0.029628 -0.255454 0.070666
v -0.024565 0.655867 0.208652
v 0.038706 -0.828656 0.018066
v -0.027809 -0.605699 0.013950
v -0.028069 -0.147417 0.093507
v -0.028481 -0.102384 0.104403
v -0.030164 -0.024839 0.119879
v -0.028417 -0.358810 0.057197
v -0.025713 -0.624841 0.020673
v -0.023733 -0.631256 0.025402
v 0.019064 -0.866422 -0.023993
v 0.007632 0.365860 0.221433
v 0.066264 -0.952085 -0.271063
v 0.042472 -0.753819 0.028671
v -0.023954 0.645732 0.209176
v -0.027059 -0.440368 0.048146
v -0.017269 0.298574 0.212021
v -0.027721 -0.299095 0.067358
v -0.026523 -0.202057 0.083562
v -0.026530 -0.241076 0.076703
v 0.092399 -0.747822 0.031754
v -0.026478 -0.502486 0.039614
v -0.026517 -0.562377 0.030819
v 0.107470 -0.946653 -0.054460
v -0.024993 -0.317443 0.066608
v -0.024419 -0.410985 0.054700
v -0.024709 -0.362751 0.061000
v -0.025222 -0.278703 0.071615
v 0.038930 -0.952227 -0.175663
v -0.020561 0.126576 0.159159
v -0.023616 -0.507617 0.041893
v -0.022742 -0.597728 0.029909
v -0.010292 0.341162 0.227638
v -0.008102 0.710141 0.205942
v -0.023072 -0.544896 0.036786
v 0.000681 0.709705 0.212116
v -0.019869 0.019670 0.130129
v -0.023010 -0.472858 0.046535
v -0.013228 -0.055006 0.113599
v 0.031849 -0.639919 0.024503
v -0.000997 0.647177 0.208993
v -0.017989 0.301603 0.215754
v -0.002952 0.361260 0.218315
v -0.015422 -0.219959 0.079808
v -0.011866 0.360284 0.208677
v -0.008882 0.699312 0.227508
v 0.002469 0.703711 0.222124
v 0.055942 -0.551891 -0.278581
v 0.021905 0.640209 0.221365
v 0.032258 0.866522 0.265961
v 0.116601 -0.796944 0.033488
v 0.042995 0.870158 -0.278583
v 0.024291 0.752916 0.207612
v 0.033420 0.175104 0.175231
v 0.157833 0.950935 -0.270674
v 0.099763 0.950934 0.270187
v 0.191703 0.946456 -0.277609
v 0.019099 0.075276 0.145285
v -0.002660 0.303300 0.222873
v 0.008675 0.347828 0.218779
v 0.008769 0.658238 0.220143
v 0.049627 0.749656 0.205650
v 0.007249 0.359969 0.208577
v 0.015402 -0.109596 0.102682
v 0.026286 -0.297467 0.069175
v 0.031533 0.316658 0.230920
v 0.022648 -0.512840 0.041057
v -0.003608 -0.910506 -0.048014
v 0.014173 0.342928 0.226693
v 0.091102 -0.759538 0.023168
v 0.023387 -0.459197 0.048343
v 0.106477 -0.942316 -0.052144
v 0.014503 0.298120 0.211773
v 0.024176 -0.394901 0.056838
v 0.057413 -0.149319 -0.278584
v 0.022721 -0.566417 0.033835
v 0.025119 -0.324141 0.065799
v 0.035383 0.852793 0.254204
v 0.093322 0.830427 0.237936
v 0.023111 -0.628963 0.025818
v 0.009625 0.709729 0.207134
v 0.035266 0.353834 0.208626
v 0.013228 0.663876 0.227452
v 0.018039 0.645482 0.217849
v 0.023744 0.655130 0.208733
v 0.036533 0.310821 0.228314
v 0.030639 0.011850 -0.278576
v 0.022300 0.697452 0.228199
v 0.017723 -0.235378 0.077269
v 0.028368 -0.147159 0.093620
v 0.048145 0.339262 0.230797
v 0.018667 -0.790010 0.032513
v 0.038488 -0.844432 -0.002205
v 0.015124 0.349816 0.209603
v 0.098751 -0.726041 0.018521
v 0.018569 0.009472 0.127313
v 0.024622 -0.427961 0.052459
v 0.016409 0.295579 0.205583
v -0.003861 -0.731789 0.026445
v 0.034292 0.196914 0.181995
v 0.026221 0.644843 0.208978
v 0.025924 0.302827 0.215621
v 0.025791 0.363365 0.217608
v 0.030334 -0.046202 0.115310
v 0.083454 0.144345 -0.278592
v 0.053269 -0.773888 0.022120
v 0.042121 -0.817126 0.028801
v 0.081766 -0.768972 0.012827
v 0.066352 -0.429910 -0.278587
v 0.088818 -0.732266 0.027607
v 0.038012 0.689742 0.230767
v 0.024571 -0.481491 0.045005
v 0.032575 0.702811 0.215520
v 0.044026 -0.837132 0.000150
v 0.029719 -0.072466 0.110292
v 0.030721 -0.002001 0.125056
v 0.025566 -0.357249 0.061638
v 0.036454 0.655056 0.221691
v 0.128013 0.755342 0.219549
v 0.064044 0.485034 -0.278582
v 0.022268 -0.608560 0.028347
v 0.029755 0.363275 0.208569
v 0.029399 0.706928 0.212690
v 0.027562 0.708450 0.206031
v 0.105365 -0.948107 -0.277090
v 0.027841 -0.232985 0.077858
v 0.026340 -0.260876 0.074035
v 0.025064 -0.532367 0.037005
v 0.025157 -0.593723 0.027624
v 0.046305 0.307824 0.220981
v 0.047273 0.302704 0.212447
v 0.044123 0.368264 0.219512
v 0.072921 0.277768 0.205597
v 0.028135 -0.212365 0.081635
v 0.045759 0.349648 0.226429
v 0.026608 -0.501664 0.039316
v 0.027068 -0.378783 0.057247
v 0.027258 -0.449284 0.046314
v 0.026204 -0.560077 0.030520
v 0.035958 0.299873 0.206207
v 0.104025 -0.951576 -0.060765
v 0.079496 -0.699546 -0.278593
v 0.094888 -0.825422 0.022570
v 0.102169 0.266823 0.206025
v 0.057166 0.665826 0.230867
v 0.029671 -0.106291 0.103384
v 0.032102 0.088445 0.149458
v 0.033411 0.147936 0.166240
v 0.032054 0.042916 0.136540
v 0.046040 0.354360 0.220447
v 0.027803 -0.601780 0.013991
v 0.028330 -0.188203 0.086012
v 0.028109 -0.624241 0.017461
v 0.028715 -0.333009 0.061860
v 0.029191 -0.283608 0.068510
v 0.027803 -0.406280 0.051502
v 0.040411 0.218555 0.189816
v 0.033686 0.023987 0.130841
v 0.032651 0.125941 0.159109
v 0.028507 -0.549598 0.019335
v 0.029113 -0.507601 0.024000
v 0.029539 -0.471448 0.027161
v 0.066480 0.739175 -0.278588
v 0.030395 -0.408620 0.032804
v 0.032385 -0.058056 0.111770
v 0.030519 -0.350827 0.042313
v 0.031799 -0.158436 0.088678
v 0.029943 -0.257674 0.070806
v 0.033092 -0.031380 0.117035
v 0.032368 -0.126974 0.095607
v 0.048354 0.697471 0.222738
v 0.050075 0.659203 0.228705
v 0.029673 -0.435077 0.029684
v 0.029806 -0.325844 0.037578
v 0.029605 -0.344269 0.034340
v 0.032072 -0.275711 0.051202
v 0.097104 -0.832350 -0.278569
v 0.035892 -0.589874 0.008029
v 0.033172 -0.080102 0.105694
v 0.034338 0.060779 0.139980
v 0.030722 -0.296714 0.042408
v 0.031627 -0.189056 0.081373
v 0.034303 -0.623791 0.014179
v 0.036179 -0.340290 0.023235
v 0.042816 0.637517 0.220001
v 0.031406 -0.250263 0.046949
v 0.031712 -0.272807 0.042728
v 0.036800 -0.505876 0.015936
v 0.035897 -0.605155 0.005527
v 0.034516 -0.188554 0.063161
v 0.033360 -0.203275 0.054715
v 0.037543 -0.424007 0.023156
v 0.035888 0.132099 0.158848
v 0.034086 -0.005420 0.121052
v 0.035606 -0.559081 0.010163
v 0.035392 -0.530529 0.013602
v 0.037698 -0.322324 0.027846
v 0.052023 -0.764075 0.012073
v 0.042062 0.650538 0.208388
v 0.038270 -0.440806 0.019152
v 0.036440 -0.482668 0.018476
v 0.037577 -0.390352 0.025814
v 0.040186 -0.283950 0.034164
v 0.159854 0.950920 -0.012524
v 0.036106 -0.105309 0.082664
v 0.036618 0.204222 0.182896
v 0.038193 -0.361761 0.023813
v 0.036519 0.165685 0.169056
v 0.035044 -0.160250 0.062653
v 0.039046 -0.307920 0.031710
v 0.038991 -0.240397 0.032531
v 0.035382 -0.132843 0.069843
v 0.037557 -0.032197 0.096286
v 0.035450 0.104643 0.150654
v 0.036184 -0.087713 0.079115
v 0.155592 0.796124 0.241792
v 0.039226 0.043855 0.114562
v 0.043591 0.640098 0.209090
v 0.041876 -0.143024 0.055101
v 0.039282 -0.514109 0.015646
v 0.041744 -0.159166 0.050647
v 0.037105 -0.056120 0.085723
v 0.045600 0.705524 0.205796
v 0.048921 0.303035 0.207315
v 0.041555 -0.178210 0.044861
v 0.038827 -0.540232 0.012076
v 0.151943 -0.856101 -0.002361
v 0.037261 -0.034288 0.089957
v 0.041906 -0.632094 0.020856
v 0.040850 -0.331717 0.025376
v 0.037314 -0.014550 0.093691
v 0.041274 0.144354 0.141656
v 0.108187 -0.941871 -0.278590
v 0.038601 0.019801 0.100773
v 0.043379 -0.084382 0.068494
v 0.042043 -0.120086 0.062214
v 0.045707 -0.611791 0.015524
v 0.041235 -0.213957 0.039410
v 0.039194 0.040479 0.107866
v 0.050804 0.368925 0.208595
v 0.094952 0.867661 0.271381
v 0.039663 0.058848 0.112178
v 0.042401 -0.260104 0.031074
v 0.041014 -0.424857 0.023528
v 0.040656 0.095189 0.120895
v 0.069257 0.383967 0.221284
v 0.045658 -0.587684 0.017267
v 0.041041 -0.390541 0.026055
v 0.041570 0.123497 0.128242
v 0.041650 0.207309 0.164748
v 0.046130 -0.026144 0.078675
v 0.044609 0.004174 0.084304
v 0.041926 -0.348472 0.023070
v 0.041323 0.137467 0.133743
v 0.048360 0.220023 0.165544
v 0.047994 -0.634423 0.025410
v 0.043430 -0.312365 0.031907
v 0.043065 -0.545311 0.016907
v 0.041287 0.150136 0.138117
v 0.044493 -0.276962 0.034477
v 0.042255 0.167824 0.143286
v 0.061047 0.231346 0.195206
v 0.042310 0.203490 0.155818
v 0.042508 0.186901 0.150321
v 0.050205 -0.496440 0.027538
v 0.045638 -0.208487 0.039805
v 0.043766 0.214620 0.161660
v 0.047717 0.015744 0.087687
v 0.049832 0.042942 0.097892
v 0.044650 -0.228401 0.034043
v 0.066374 0.362892 0.220295
v 0.045836 -0.243827 0.031315
v 0.046155 -0.109917 0.062605
v 0.046918 -0.442911 0.028043
v 0.157925 0.942635 -0.278599
v 0.046427 -0.063182 0.071801
v 0.047748 -0.046379 0.075441
v 0.049720 0.067684 0.103998
v 0.050994 0.701309 0.213381
v 0.054937 0.308773 0.215484
v 0.048989 -0.155673 0.050990
v 0.047862 -0.179489 0.043722
v 0.107479 -0.269497 -0.278587
v 0.056352 0.360560 0.209000
v 0.048343 -0.525877 0.022863
v 0.050469 -0.623811 0.026850
v 0.048891 -0.001564 0.080783
v 0.048345 -0.602387 0.027433
v 0.049124 -0.384558 0.033963
v 0.051066 -0.073563 0.069176
v 0.067115 0.629172 0.217221
v 0.050515 0.088636 0.108542
v 0.055395 0.162178 0.128192
v 0.049873 -0.130021 0.058601
v 0.052837 0.113791 0.110112
v 0.056931 0.645865 0.208654
v 0.060558 0.647950 0.222739
v 0.054618 -0.277663 0.045794
v 0.058907 0.208572 0.139383
v 0.056026 0.224835 0.169692
v 0.053817 -0.418393 0.034436
v 0.056032 0.181288 0.135408
v 0.052658 -0.517747 0.038378
v 0.052615 0.025955 0.092124
v 0.053389 0.136859 0.120806
v 0.160777 0.942492 0.277635
v 0.076155 -0.831828 0.012010
v 0.051113 -0.102145 0.065121
v 0.056747 -0.245800 0.048738
v 0.055026 -0.227839 0.048360
v 0.051409 -0.352099 0.036063
v 0.049545 0.225326 0.191049
v 0.060259 0.215713 0.145035
v 0.051983 -0.454852 0.030324
v 0.067089 0.687564 0.227248
v 0.053771 -0.048934 0.076571
v 0.052355 -0.568357 0.033822
v 0.055104 -0.468444 0.044373
v 0.064122 0.376159 0.218111
v 0.057418 0.089426 0.106715
v 0.061286 0.632706 0.208742
v 0.060576 0.627769 0.221310
v 0.064877 0.699499 0.206428
v 0.079767 0.360451 0.228853
v 0.055890 -0.515970 0.040675
v 0.055047 0.003836 0.084220
v 0.058467 0.033079 0.096936
v 0.078900 0.320548 0.224260
v 0.057450 0.064713 0.102652
v 0.179225 -0.721605 0.016870
v 0.108624 0.650570 -0.278584
v 0.117502 -0.891635 -0.042765
v 0.055992 -0.378719 0.037638
v 0.058402 -0.407764 0.052327
v 0.060189 0.128546 0.116056
v 0.060420 0.188858 0.135531
v 0.061096 0.148036 0.123730
v 0.058368 -0.341077 0.041115
v 0.058576 -0.461917 0.047786
v 0.139154 0.950921 0.144671
v 0.072386 0.696093 0.212272
v 0.064296 0.306498 0.205636
v 0.065060 -0.084597 0.079382
v 0.068284 0.693084 0.215462
v 0.065043 0.225286 0.170949
v 0.071641 0.228090 0.192289
v 0.060712 0.113159 0.111234
v 0.090006 -0.765871 0.011938
v 0.137433 -0.866249 -0.022246
v 0.111103 -0.907503 -0.047043
v 0.060833 -0.424466 0.052820
v 0.061744 -0.264194 0.051118
v 0.060058 -0.300693 0.046772
v 0.060013 -0.183029 0.059282
v 0.062284 -0.334979 0.061748
v 0.063367 -0.229237 0.054582
v 0.063426 0.162378 0.128849
v 0.071889 -0.043448 0.091638
v 0.067662 -0.154701 0.068768
v 0.067700 0.001046 0.095695
v 0.062496 -0.384664 0.057979
v 0.064427 -0.208920 0.058077
v 0.067194 0.376213 0.208784
v 0.065234 -0.341310 0.063663
v 0.081589 -0.834328 0.002657
v 0.064765 0.208781 0.140755
v 0.072112 0.367976 0.209032
v 0.066792 -0.250323 0.072895
v 0.076864 0.080381 0.120200
v 0.072100 0.093619 0.119744
v 0.190162 -0.810961 0.031528
v 0.071091 0.639385 0.209757
v 0.069829 -0.101739 0.079471
v 0.066616 -0.168008 0.065961
v 0.077994 0.116978 0.129141
v 0.068472 -0.131736 0.073092
v 0.067225 -0.297829 0.069420
v 0.065473 -0.189702 0.062261
v 0.079864 0.313702 0.212572
v 0.071695 -0.062093 0.087343
v 0.068841 -0.275098 0.072336
v 0.103506 -0.951670 -0.269066
v 0.076769 0.624163 0.209742
v 0.070414 -0.236524 0.077941
v 0.104526 -0.526223 0.039251
v 0.126178 0.377261 -0.278595
v 0.187171 -0.820830 0.027827
v 0.073042 0.024395 0.105181
v 0.070670 -0.180739 0.086208
v 0.071710 -0.143429 0.090774
v 0.075758 0.046767 0.111847
v 0.063567 0.176189 0.133932
v 0.084965 0.684229 0.221335
v 0.072421 -0.020253 0.095281
v 0.078946 0.312951 0.206376
v 0.074765 0.221580 0.167876
v 0.081004 0.199658 0.154668
v 0.087121 0.331875 0.230246
v 0.177227 0.812683 0.241826
v 0.126601 -0.878453 -0.035015
v 0.072742 -0.202624 0.084014
v 0.079688 0.148455 0.139061
v 0.090481 0.378250 0.217612
v 0.098274 -0.619194 0.027353
v 0.117420 0.237706 0.197170
v 0.073626 0.002872 0.100202
v 0.071145 -0.085381 0.088144
v 0.078654 0.383131 0.208729
v 0.075014 0.677985 0.230781
v 0.082997 0.617725 0.219615
v 0.141429 -0.847442 -0.001942
v 0.084056 0.634216 0.220261
v 0.074717 -0.081140 0.105762
v 0.075056 -0.159363 0.091670
v 0.074813 -0.127687 0.098360
v 0.080222 0.385756 0.217387
v 0.078889 0.317141 0.215577
v 0.083711 0.692261 0.205702
v 0.078814 0.000502 0.122588
v 0.078271 -0.094798 0.106380
v 0.109615 -0.452733 0.049185
v 0.082861 0.211440 0.161336
v 0.082440 0.374450 0.208661
v 0.179166 0.874816 0.277518
v 0.079229 -0.858938 -0.010666
v 0.125536 0.007659 -0.278580
v 0.085973 0.630632 0.208660
v 0.083125 0.642510 0.227931
v 0.079534 -0.037248 0.117182
v 0.101430 -0.558994 0.034934
v 0.081892 -0.232153 0.078267
v 0.093892 0.373759 0.226768
v 0.081890 0.177758 0.149508
v 0.081699 0.221343 0.190911
v 0.086151 0.211958 0.185669
v 0.086342 0.685165 0.215399
v 0.080998 0.056515 0.137400
v 0.103785 0.660863 0.230881
v 0.087218 -0.152032 0.092869
v 0.110811 -0.416159 0.054111
v 0.083859 0.099786 0.149373
v 0.082141 0.006105 0.126494
v 0.095719 0.684936 0.212187
v 0.083896 0.205440 0.165678
v 0.084983 0.130807 0.157903
v 0.100177 0.640369 0.230739
v 0.193709 0.950984 0.269099
v 0.085064 0.072112 0.144886
v 0.090604 0.392752 0.208955
v 0.110810 0.374595 0.230827
v 0.093906 -0.103562 0.104473
v 0.099456 0.408778 0.221082
v 0.087220 0.201580 0.179914
v 0.116953 -0.329519 0.065247
v 0.087453 0.107425 0.154167
v 0.145259 -0.128992 -0.278590
v 0.094740 0.610332 0.208949
v 0.086112 0.159241 0.167521
v 0.248107 0.787077 0.240504
v 0.120689 -0.282897 0.071222
v 0.089196 0.129974 0.160004
v 0.099057 0.402183 0.216921
v 0.094497 0.320428 0.205776
v 0.139597 0.522903 -0.278583
v 0.099815 0.596610 0.221321
v 0.088557 0.168659 0.173093
v 0.090459 0.193549 0.181122
v 0.100823 0.324590 0.212449
v 0.102163 0.329445 0.215298
v 0.209716 0.753564 0.217126
v 0.131437 0.540281 0.221341
v 0.096756 0.607001 0.217470
v 0.105010 0.615862 0.219043
v 0.084944 0.042509 0.136367
v 0.111152 0.349129 0.230731
v 0.168253 0.851890 0.254126
v 0.154987 -0.771920 0.020658
v 0.210063 0.777364 0.234566
v 0.106121 -0.488507 0.044275
v 0.101715 0.617290 0.209623
v 0.103830 0.675661 0.215698
v 0.099010 0.683345 0.207451
v 0.113356 0.604230 0.208377
v 0.174383 0.753039 0.207858
v 0.163314 0.831161 0.238613
v 0.095776 0.673737 0.227214
v 0.101838 0.198751 0.182407
v 0.103886 -0.637139 0.025339
v 0.113256 -0.883198 -0.278572
v 0.144063 -0.342699 -0.278586
v 0.104798 0.406527 0.208805
v 0.105870 0.624025 0.227829
v 0.109589 0.393124 0.222095
v 0.140962 0.822835 0.240246
v 0.102521 -0.595866 0.028291
v 0.175167 -0.709990 0.016169
v 0.096755 0.385507 0.208959
v 0.116151 0.016449 0.129514
v 0.111393 -0.042376 0.116610
v 0.103781 -0.605680 0.014312
v 0.106004 -0.621992 0.014657
v 0.157624 -0.455158 -0.278588
v 0.160713 -0.836568 -0.000187
v 0.134778 0.821134 -0.278583
v 0.109856 0.593766 0.208909
v 0.109428 0.591794 0.218254
v 0.104162 -0.565648 0.031985
v 0.122808 -0.258631 0.074363
v 0.166198 -0.763991 0.013753
v 0.173384 -0.737471 0.031058
v 0.189029 -0.782441 0.030640
v 0.105753 -0.580523 0.017400
v 0.107194 -0.533703 0.033819
v 0.107777 0.327766 0.205978
v 0.117430 0.405216 0.217907
v 0.109968 0.678061 0.205921
v 0.109000 -0.499931 0.040352
v 0.126107 0.190779 0.180206
v 0.113452 -0.629954 0.016243
v 0.111198 0.400009 0.208998
v 0.108420 -0.540239 0.020467
v 0.157524 -0.831985 0.012921
v 0.109487 -0.948642 -0.061609
v 0.108858 -0.949272 -0.271298
v 0.124595 0.398859 0.228975
v 0.111191 -0.471065 0.044083
v 0.120454 0.126281 0.159244
v 0.112586 -0.607475 0.004897
v 0.115822 0.334610 0.207717
v 0.114945 0.421611 0.217669
v 0.114303 -0.576612 0.007959
v 0.112761 -0.931622 -0.052575
v 0.125385 -0.222084 0.079841
v 0.191509 0.869787 0.274646
v 0.128668 -0.193838 0.084969
v 0.129443 0.362788 0.230517
v 0.113425 -0.372255 0.059755
v 0.111589 -0.499968 0.023993
v 0.111871 -0.594295 0.007494
v 0.112828 -0.944073 -0.058385
v 0.109739 0.337628 0.223634
v 0.113572 -0.435229 0.048916
v 0.112729 -0.944232 -0.164915
v 0.112908 -0.943885 -0.273005
v 0.123224 0.339933 0.212159
v 0.115278 -0.899720 -0.277157
v 0.117848 0.580151 0.218775
v 0.117678 -0.637836 0.025943
v 0.122695 -0.768995 0.013918
v 0.144460 -0.755952 0.028493
v 0.121606 0.596037 0.218164
v 0.113775 -0.553752 0.010784
v 0.115144 0.419612 0.209047
v 0.113679 -0.472174 0.026330
v 0.116497 -0.522700 0.012750
v 0.115867 -0.390046 0.055371
v 0.115061 -0.411441 0.051765
v 0.121725 -0.300196 0.068731
v 0.127747 0.655953 0.221905
v 0.116068 -0.905588 -0.049328
v 0.116696 0.659224 0.227822
v 0.134897 -0.107067 0.103502
v 0.156616 0.950920 -0.158999
v 0.115729 -0.440973 0.028396
v 0.115967 -0.916657 -0.271633
v 0.117165 -0.908466 -0.053863
v 0.117757 -0.499222 0.016604
v 0.120936 0.663801 0.215492
v 0.121778 0.343722 0.215413
v 0.117152 -0.551005 0.010826
v 0.187039 -0.595047 -0.278581
v 0.134873 0.572223 0.208519
v 0.121306 0.577411 0.208874
v 0.121101 -0.474782 0.017418
v 0.134469 0.600404 0.230542
v 0.127036 0.596407 0.225341
v 0.117620 -0.412918 0.030754
v 0.122908 0.667775 0.207647
v 0.121795 0.668138 0.212194
v 0.118597 -0.360734 0.057873
v 0.118722 -0.342029 0.062181
v 0.121869 -0.605393 0.015036
v 0.137777 -0.076117 0.109803
v 0.199910 0.865464 0.263609
v 0.119958 -0.520749 0.012555
v 0.190317 -0.776382 0.026775
v 0.120607 -0.367928 0.038934
v 0.121659 -0.447201 0.020036
v 0.119345 -0.900116 -0.271307
v 0.125704 0.439629 0.217513
v 0.123465 -0.420095 0.023026
v 0.122046 0.442748 0.221321
v 0.121641 0.430011 0.209149
v 0.121592 -0.495346 0.016982
v 0.122289 -0.892518 -0.048317
v 0.131249 -0.157172 0.091679
v 0.167040 0.341346 0.205592
v 0.171060 0.749604 0.205627
v 0.124017 0.591021 0.209518
v 0.119360 -0.376163 0.032088
v 0.121140 -0.340743 0.034382
v 0.124647 -0.316751 0.044488
v 0.121927 -0.319236 0.063483
v 0.121104 0.412422 0.208393
v 0.167867 -0.834358 0.001219
v 0.166416 -0.760913 0.022217
v 0.192589 -0.742490 0.033024
v 0.125267 -0.396457 0.023794
v 0.124064 -0.889199 -0.271014
v 0.124883 -0.628952 0.027674
v 0.128141 0.342873 0.206038
v 0.123152 -0.297442 0.037448
v 0.125013 -0.277288 0.069273
v 0.125416 -0.442632 0.019861
v 0.126882 -0.359916 0.023741
v 0.129747 0.557642 0.217648
v 0.121256 -0.623479 0.017865
v 0.128242 -0.328662 0.024786
v 0.128874 -0.875426 -0.277200
v 0.128085 0.441717 0.209160
v 0.124598 -0.573393 0.018024
v 0.131795 0.418115 0.225013
v 0.127365 -0.245194 0.073747
v 0.130613 0.424783 0.217750
v 0.128473 -0.303292 0.024608
v 0.126151 -0.271121 0.043134
v 0.151650 0.949712 0.271891
v 0.145232 -0.001978 0.124859
v 0.134200 0.483300 0.221349
v 0.131595 -0.454914 0.026673
v 0.130000 -0.543198 0.033391
v 0.129685 -0.521769 0.023888
v 0.128307 -0.266515 0.051713
v 0.127197 -0.419707 0.023301
v 0.132359 0.554469 0.209085
v 0.128214 -0.380677 0.023839
v 0.150413 0.618776 0.230776
v 0.130644 -0.289433 0.027226
v 0.141401 -0.043710 0.116035
v 0.129369 -0.880118 -0.041264
v 0.129266 -0.585835 0.031891
v 0.136205 0.356134 0.215323
v 0.128945 -0.235432 0.047129
v 0.129624 -0.219487 0.077516
v 0.131921 -0.877647 -0.273319
v 0.131737 -0.878086 -0.143631
v 0.131390 -0.200500 0.080996
v 0.128767 0.423773 0.208465
v 0.134175 0.460918 0.217393
v 0.133107 -0.273504 0.032396
v 0.132809 -0.488888 0.027846
v 0.132185 -0.220179 0.057257
v 0.137739 0.569322 0.216715
v 0.135475 0.539484 0.218104
v 0.134165 0.264299 -0.278588
v 0.132126 0.354638 0.221915
v 0.135144 0.657459 0.207407
v 0.138653 0.648072 0.215584
v 0.136421 -0.232985 0.037603
v 0.130720 -0.209795 0.049976
v 0.133442 -0.179314 0.084546
v 0.163168 0.234325 0.195642
v 0.132473 0.453663 0.209569
v 0.156384 0.639863 0.205822
v 0.132722 -0.341211 0.026073
v 0.135346 -0.134545 0.095905
v 0.135577 -0.154247 0.088990
v 0.133995 -0.182627 0.056472
v 0.141530 0.636733 0.227387
v 0.136363 -0.248594 0.035282
v 0.136394 -0.213190 0.039906
v 0.140809 -0.643390 0.024711
v 0.137277 -0.872146 -0.101816
v 0.132821 -0.544137 0.036915
v 0.134268 0.433786 0.209081
v 0.135385 -0.308340 0.023404
v 0.137057 -0.167311 0.067630
v 0.192304 -0.793275 0.034008
v 0.138567 0.482402 0.217937
v 0.141596 0.354918 0.206249
v 0.140543 -0.179848 0.047086
v 0.136629 0.466821 0.209449
v 0.137783 -0.281167 0.031078
v 0.151015 0.426480 0.230798
v 0.139718 -0.261358 0.033927
v 0.143477 0.648310 0.212448
v 0.138260 -0.114075 0.098808
v 0.137200 -0.391334 0.034029
v 0.146875 0.383735 0.230650
v 0.149008 0.038280 0.135323
v 0.137080 -0.509548 0.041376
v 0.139384 0.514650 0.218406
v 0.137859 -0.473769 0.044073
v 0.143347 0.445172 0.222515
v 0.143539 -0.865261 -0.024018
v 0.143679 0.357403 0.211715
v 0.140688 -0.204606 0.039014
v 0.148390 0.374974 0.225563
v 0.137858 -0.147928 0.065010
v 0.142142 0.554509 0.208679
v 0.138638 0.529069 0.209576
v 0.176698 -0.829127 0.019925
v 0.139259 0.444597 0.210007
v 0.150375 0.370539 0.215749
v 0.145477 -0.864918 -0.272145
v 0.144240 0.567412 0.226271
v 0.140558 0.484147 0.208949
v 0.138492 -0.433120 0.032400
v 0.140734 -0.088577 0.104257
v 0.139661 0.460417 0.207985
v 0.142535 -0.069909 0.108474
v 0.157076 0.134458 0.161610
v 0.159555 0.167817 0.172793
v 0.159309 -0.830621 -0.278542
v 0.142827 -0.392286 0.037713
v 0.142405 -0.228789 0.038811
v 0.146764 0.436537 0.228587
v 0.351977 0.762874 0.220529
v 0.140606 -0.115939 0.073720
v 0.146923 -0.295985 0.043368
v 0.145844 -0.147474 0.051809
v 0.145604 -0.192119 0.041730
v 0.145862 0.646687 0.207593
v 0.204474 0.146297 -0.278590
v 0.153524 0.628792 0.221854
v 0.143102 -0.454976 0.048617
v 0.143071 0.454772 0.209078
v 0.142563 -0.089917 0.078508
v 0.144572 -0.412912 0.052059
v 0.149380 -0.127338 0.057593
v 0.145399 -0.023984 0.119015
v 0.146311 -0.159230 0.048608
v 0.142631 -0.097404 0.084122
v 0.205817 0.769915 0.223988
v 0.147226 0.533994 0.208237
v 0.159169 0.553043 0.230596
v 0.147324 -0.347998 0.041219
v 0.144573 -0.070973 0.081824
v 0.145185 -0.043656 0.112949
v 0.147137 0.470013 0.208918
v 0.182057 -0.562173 0.034776
v 0.150579 -0.086277 0.066938
v 0.152832 0.069008 0.143753
v 0.148206 0.537053 0.217010
v 0.149398 -0.364947 0.057425
v 0.150230 0.468894 0.222708
v 0.148356 -0.006482 0.121362
v 0.146364 -0.864303 -0.079588
v 0.148026 -0.174657 0.047119
v 0.157089 -0.851803 -0.278336
v 0.152787 -0.240854 0.050613
v 0.147555 -0.045377 0.087266
v 0.144427 -0.320058 0.040686
v 0.151684 0.365068 0.205936
v 0.154200 0.630911 0.215338
v 0.151098 0.021981 0.127917
v 0.150573 -0.112864 0.061907
v 0.154152 0.094454 0.150720
v 0.152540 -0.144309 0.052262
v 0.177801 -0.656437 0.022486
v 0.149921 0.490102 0.209525
v 0.149661 0.515382 0.209526
v 0.149891 -0.395003 0.056539
v 0.149833 -0.329885 0.043034
v 0.158010 0.373649 0.211957
v 0.150994 -0.017714 0.093683
v 0.177805 -0.592417 0.030920
v 0.173988 -0.685206 0.019032
v 0.153287 0.006474 0.104162
v 0.153224 -0.132031 0.056175
v 0.150833 0.486124 0.217718
v 0.152658 0.535659 0.224560
v 0.153990 -0.055882 0.072013
v 0.154968 -0.276139 0.050256
v 0.159523 0.629927 0.212031
v 0.151664 -0.311053 0.045348
v 0.155369 -0.314009 0.064402
v 0.157763 -0.023357 0.079375
v 0.156471 -0.070545 0.067515
v 0.154837 -0.858737 -0.011431
v 0.155149 -0.858762 -0.269765
v 0.154049 0.053270 0.136605
v 0.156055 -0.106701 0.063101
v 0.148065 0.672371 0.205598
v 0.161737 0.385733 0.215341
v 0.153685 0.009114 0.099348
v 0.280216 0.867306 0.270847
v 0.155813 0.503533 0.224336
v 0.163550 0.399643 0.227771
v 0.160686 0.629086 0.207558
v 0.158366 0.476898 0.228492
v 0.192973 -0.479919 0.045467
v 0.189509 -0.731452 0.027603
v 0.159916 -0.004109 0.086258
v 0.154540 -0.347219 0.063091
v 0.159328 0.067982 0.119430
v 0.158086 0.118968 0.155879
v 0.191405 -0.752720 0.031500
v 0.158464 -0.185880 0.059052
v 0.159999 -0.040869 0.072021
v 0.157717 0.092057 0.146890
v 0.159328 0.373481 0.205814
v 0.171383 0.423696 0.230659
v 0.173999 -0.622486 0.027121
v 0.161887 0.194789 0.181118
v 0.159477 -0.274537 0.070915
v 0.159575 -0.304977 0.068804
v 0.157458 -0.247886 0.053171
v 0.157755 0.053909 0.109464
v 0.165578 0.206283 0.184686
v 0.168036 0.611178 0.215376
v 0.163351 0.022838 0.091224
v 0.165138 0.043651 0.095271
v 0.209868 -0.028923 -0.278580
v 0.253903 0.843306 0.247106
v 0.197289 -0.450296 0.049507
v 0.171647 0.401165 0.216483
v 0.247411 0.826270 -0.278575
v 0.163098 -0.849988 -0.005803
v 0.160293 0.079792 0.115663
v 0.163630 -0.854511 -0.272053
v 0.163158 0.113315 0.131959
v 0.167669 0.598093 0.228516
v 0.162781 -0.855951 -0.056701
v 0.161373 0.143668 0.162042
v 0.166627 0.487371 0.230667
v 0.170964 -0.081639 0.079275
v 0.161245 -0.214896 0.057912
v 0.162238 0.104574 0.123407
v 0.168562 0.388568 0.212423
v 0.165043 -0.835984 -0.272641
v 0.163353 0.174155 0.172002
v 0.164659 -0.225789 0.077697
v 0.162738 -0.855849 -0.228711
v 0.165918 -0.035537 0.075786
v 0.163203 -0.198022 0.060801
v 0.167901 0.005695 0.087108
v 0.166158 -0.242134 0.077623
v 0.164407 0.129024 0.130700
v 0.163899 -0.853851 -0.013251
v 0.163435 -0.846987 -0.255900
v 0.168282 0.170509 0.144976
v 0.185228 -0.533629 0.038488
v 0.165339 -0.180161 0.064231
v 0.167307 0.384809 0.205762
v 0.168614 0.071694 0.100052
v 0.164678 -0.837844 -0.004311
v 0.175446 -0.710062 -0.278529
v 0.172844 -0.770232 -0.278251
v 0.188167 -0.761398 0.024226
v 0.166624 -0.015165 0.082181
v 0.171321 0.602705 0.220796
v 0.170679 0.100184 0.109026
v 0.166231 -0.835491 -0.208614
v 0.166286 -0.835511 -0.062140
v 0.171891 0.219740 0.189220
v 0.169379 0.206366 0.162854
v 0.164612 -0.135649 0.068608
v 0.166094 0.151462 0.138500
v 0.183024 0.553348 0.230722
v 0.172728 0.609846 0.211996
v 0.187587 -0.819628 -0.278653
v 0.193097 0.696277 -0.278583
v 0.177674 -0.832820 0.014248
v 0.169192 -0.149753 0.070373
v 0.169333 -0.188191 0.084468
v 0.170892 0.048505 0.094811
v 0.170611 0.615517 0.206009
v 0.233360 0.559423 -0.278579
v 0.171342 -0.199169 0.085376
v 0.168514 0.189265 0.151954
v 0.171239 0.212915 0.160797
v 0.172894 -0.110599 0.077634
v 0.179337 0.420761 0.222151
v 0.176585 0.401704 0.212156
v 0.171250 -0.129051 0.074328
v 0.174891 -0.833405 -0.063122
v 0.173781 -0.149907 0.091696
v 0.173984 0.217047 0.170251
v 0.181422 0.175216 0.132084
v 0.177295 0.122593 0.113070
v 0.175836 0.398734 0.205742
v 0.182718 -0.026579 0.093886
v 0.177076 0.081825 0.101179
v 0.178008 -0.012850 0.092230
v 0.179034 -0.726614 -0.278464
v 0.177442 -0.767610 0.014247
v 0.179239 0.140032 0.119622
v 0.178454 0.601503 0.206470
v 0.179171 0.155917 0.125077
v 0.174588 -0.833376 -0.209580
v 0.181560 -0.826484 -0.277349
v 0.174193 0.062641 0.097427
v 0.237608 -0.212361 -0.278568
v 0.180828 0.448645 0.230510
v 0.202035 -0.410444 0.054994
v 0.176629 0.101632 0.105734
v 0.177257 -0.157718 0.092704
v 0.178331 -0.102836 0.101119
v 0.227076 0.250089 0.201831
v 0.176397 -0.080111 0.083267
v 0.178028 -0.626524 0.023944
v 0.181852 0.577898 0.223440
v 0.174944 -0.758958 -0.278472
v 0.183609 0.202119 0.137360
v 0.180261 0.222262 0.166269
v 0.187233 0.482323 0.230800
v 0.184536 0.829669 0.238253
v 0.205855 -0.372542 0.060107
v 0.179382 0.589639 0.215303
v 0.178878 -0.764076 0.014676
v 0.179099 0.406511 0.207683
v 0.179106 -0.057177 0.087234
v 0.180275 -0.111796 0.102617
v 0.181252 0.420546 0.215523
v 0.264035 0.950921 0.178222
v 0.182318 -0.638226 0.022367
v 0.179276 -0.763258 -0.270731
v 0.184397 0.228721 0.193311
v 0.183874 0.589163 0.211894
v 0.178848 -0.763097 0.006446
v 0.184957 0.210906 0.141183
v 0.178462 -0.765529 -0.008661
v 0.181610 -0.708566 0.007695
v 0.216878 -0.274532 0.073555
v 0.180482 -0.709784 -0.274163
v 0.178761 -0.626844 0.004444
v 0.179589 -0.769114 -0.271042
v 0.179558 -0.769153 -0.008875
v 0.183735 0.416738 0.212353
v 0.180262 -0.625331 -0.003689
v 0.186741 0.450889 0.227164
v 0.182827 -0.829358 -0.072804
v 0.180802 -0.830440 -0.272219
v 0.184141 -0.828158 -0.002411
v 0.185316 -0.677125 0.007697
v 0.180313 -0.762487 -0.135831
v 0.185075 -0.726418 0.019260
v 0.187633 -0.756642 -0.276762
v 0.188911 0.021457 0.104144
v 0.190404 -0.781891 -0.278430
v 0.185303 -0.726204 -0.272923
v 0.239701 0.312938 -0.278589
v 0.187794 -0.026551 0.115942
v 0.181152 -0.714108 -0.270162
v 0.182833 -0.633923 0.000500
v 0.184864 -0.575051 0.029495
v 0.181561 -0.599429 0.026687
v 0.183467 -0.615373 -0.003909
v 0.181522 -0.709987 -0.123474
v 0.182566 -0.722135 0.011883
v 0.182718 -0.722057 -0.215520
v 0.185863 0.000257 0.099489
v 0.184241 0.111765 0.110935
v 0.189165 -0.640873 0.012115
v 0.287794 0.950918 0.067336
v 0.188698 0.172874 0.130174
v 0.187129 -0.570308 0.003281
v 0.188483 -0.773136 -0.273321
v 0.185683 -0.673227 -0.271983
v 0.189744 -0.823291 -0.273400
v 0.185108 0.419708 0.207568
v 0.184227 -0.598650 -0.001196
v 0.187322 0.570658 0.215425
v 0.189180 0.215377 0.145408
v 0.188941 0.226329 0.176488
v 0.187023 -0.772352 -0.165814
v 0.187207 -0.772277 -0.071495
v 0.185273 -0.726406 -0.118975
v 0.187870 -0.772200 0.022442
v 0.187373 -0.760223 -0.129205
v 0.190585 -0.758450 -0.273357
v 0.194363 0.065380 0.113866
v 0.190538 0.450844 0.221074
v 0.190871 0.524830 0.229577
v 0.186160 0.584664 0.207560
v 0.186984 0.152989 0.123605
v 0.194045 -0.742774 -0.278624
v 0.299792 0.601297 0.205592
v 0.185913 -0.073663 0.109548
v 0.187528 -0.657925 0.009018
v 0.187566 -0.553457 0.031897
v 0.298298 0.279541 0.205608
v 0.192097 0.547767 0.223613
v 0.189678 0.443176 0.215504
v 0.189601 0.431555 0.212363
v 0.190044 0.222512 0.163890
v 0.188502 -0.626881 -0.276702
v 0.186830 -0.584411 0.000458
v 0.189799 -0.823129 -0.071643
v 0.191033 -0.821848 0.023089
v 0.189728 -0.535144 0.034981
v 0.187935 0.193091 0.133880
v 0.189876 -0.626123 -0.008508
v 0.187929 -0.760380 0.000696
v 0.222643 -0.237190 0.078998
v 0.189332 -0.040340 0.116068
v 0.194082 -0.732825 -0.273432
v 0.189133 0.428265 0.205806
v 0.190003 -0.637814 -0.002858
v 0.189957 -0.637123 -0.271267
v 0.191326 -0.509306 0.040509
v 0.191886 0.041910 0.108587
v 0.197445 0.228234 0.193772
v 0.192796 0.565199 0.212178
v 0.193877 -0.593557 -0.002860
v 0.191672 -0.623181 -0.117219
v 0.189454 -0.556668 0.005568
v 0.192294 -0.731222 -0.144043
v 0.191742 -0.757278 -0.070387
v 0.190809 0.574272 0.206035
v 0.204414 0.831103 0.238662
v 0.224236 -0.323029 -0.278524
v 0.233403 -0.156735 0.093386
v 0.192595 0.206682 0.138324
v 0.191280 -0.627334 -0.011843
v 0.192339 -0.019404 0.120828
v 0.195604 -0.591823 -0.273156
v 0.192741 0.440122 0.207404
v 0.193710 -0.732111 0.023919
v 0.195212 0.544549 0.215283
v 0.194428 -0.779805 -0.114341
v 0.192311 -0.776902 -0.006723
v 0.196409 0.453666 0.212195
v 0.194919 -0.815127 0.026182
v 0.192974 -0.512946 0.035742
v 0.191333 -0.542990 0.007297
v 0.195063 -0.753621 -0.026423
v 0.194814 -0.514382 0.011613
v 0.194837 0.021415 0.129396
v 0.197301 0.080648 0.123039
v 0.195279 0.466147 0.215432
v 0.197548 -0.561753 0.002352
v 0.196138 -0.487676 0.040861
v 0.195890 0.492300 0.224229
v 0.194225 -0.529497 0.008649
v 0.196808 0.080300 0.116921
v 0.194813 0.001712 0.125714
v 0.201879 0.125018 0.128963
v 0.194669 -0.601396 -0.007400
v 0.196048 0.559109 0.206159
v 0.198774 -0.795000 -0.275213
v 0.195779 -0.591102 -0.033451
v 0.195147 -0.814594 -0.273193
v 0.196240 -0.751827 -0.271812
v 0.195079 -0.734874 -0.100370
v 0.299864 0.749675 0.205634
v 0.197885 -0.742439 0.028165
v 0.196381 -0.783296 -0.273095
v 0.196808 0.454320 0.207274
v 0.199053 -0.795651 0.028862
v 0.196901 -0.750826 0.027002
v 0.200855 -0.509017 -0.278534
v 0.198297 0.445680 0.205610
v 0.197395 -0.784972 0.026419
v 0.214816 0.445077 -0.278576
v 0.200913 0.858659 0.262075
v 0.228817 -0.193524 0.086849
v 0.197202 -0.806560 0.026832
v 0.200823 0.534113 0.211950
v 0.198658 0.519284 0.215781
v 0.201833 -0.528363 0.006850
v 0.201828 0.076920 0.143465
v 0.197969 0.487004 0.215593
v 0.197788 -0.742490 -0.270781
v 0.206011 0.216813 0.162246
v 0.198969 0.544520 0.207547
v 0.197691 -0.747222 -0.110167
v 0.196212 0.224682 0.168596
v 0.199299 -0.462320 0.043767
v 0.198359 -0.789371 -0.150453
v 0.198856 -0.569166 -0.002455
v 0.210982 -0.110384 0.103282
v 0.204838 0.149691 0.136888
v 0.199868 0.104104 0.123143
v 0.198689 -0.483473 0.017182
v 0.198907 -0.796478 -0.128621
v 0.201554 0.478449 0.207263
v 0.351414 0.755496 0.219527
v 0.202132 0.488913 0.212983
v 0.201339 -0.549542 -0.272983
v 0.199243 0.037173 0.135057
v 0.208204 0.186051 0.149186
v 0.203198 0.206096 0.149397
v 0.201212 -0.435891 0.049650
v 0.198919 -0.496304 0.013129
v 0.206632 0.166932 0.142895
v 0.204413 -0.527409 -0.139592
v 0.202754 -0.539659 0.002547
v 0.202556 -0.449815 0.021255
v 0.208924 -0.344128 0.063885
v 0.205609 -0.506260 0.009507
v 0.202345 -0.466529 0.017455
v 0.200478 0.593443 0.205611
v 0.202532 0.525053 0.207430
v 0.205520 0.152564 0.142681
v 0.210311 -0.477306 -0.274577
v 0.284417 0.875782 0.277617
v 0.209137 0.220231 0.189778
v 0.203388 0.061478 0.142010
v 0.349550 0.943980 0.277454
v 0.218964 -0.044662 0.115724
v 0.206396 -0.513618 0.004847
v 0.208292 -0.499874 -0.271986
v 0.205073 -0.434669 0.022953
v 0.209216 -0.479764 0.013194
v 0.208713 0.128754 0.156952
v 0.206448 0.492860 0.205633
v 0.205165 -0.417829 0.049568
v 0.207559 0.092820 0.150269
v 0.207659 -0.420760 0.024560
v 0.209326 -0.381492 0.055912
v 0.213471 -0.321776 0.066591
v 0.211820 -0.475313 0.010179
v 0.212237 -0.422399 -0.278526
v 0.210225 -0.486313 -0.115016
v 0.211889 -0.455707 0.017099
v 0.208928 -0.406032 0.027096
v 0.327298 0.950827 -0.272889
v 0.214360 0.204594 0.181795
v 0.209494 0.205764 0.155805
v 0.213828 -0.354332 0.039265
v 0.215374 -0.430342 0.020633
v 0.287617 0.949840 0.271960
v 0.214131 0.160400 0.170755
v 0.213415 -0.349116 0.058749
v 0.212751 0.126638 0.159668
v 0.212291 -0.385669 0.029399
v 0.216327 -0.440124 -0.158445
v 0.215989 -0.442903 -0.271839
v 0.217219 -0.296396 0.069604
v 0.217054 0.207530 0.185954
v 0.219055 -0.403997 0.023977
v 0.216509 -0.440204 0.015755
v 0.217860 -0.308965 0.065116
v 0.218645 0.064489 0.142487
v 0.215335 -0.361450 0.032421
v 0.221680 -0.384583 0.026682
v 0.238989 -0.127732 0.099499
v 0.216675 0.185741 0.178994
v 0.217899 -0.339652 0.034974
v 0.221501 -0.280905 0.069782
v 0.221225 -0.399677 -0.273234
v 0.220815 -0.406908 0.019984
v 0.221667 -0.397284 -0.151177
v 0.225941 -0.358167 0.029883
v 0.218802 -0.319923 0.038351
v 0.220668 -0.305036 0.040493
v 0.222711 -0.263557 0.073049
v 0.226019 -0.344421 0.032753
v 0.223440 -0.287659 0.042757
v 0.227629 -0.351342 -0.054231
v 0.225472 -0.271790 0.045455
v 0.228692 -0.246475 0.049642
v 0.227406 -0.338751 -0.274604
v 0.226889 -0.241630 0.074664
v 0.228053 -0.343763 -0.270330
v 0.230372 -0.315713 0.036945
v 0.225938 -0.369861 0.024707
v 0.228234 -0.259245 0.047166
v 0.229996 -0.218127 0.079441
v 0.296754 0.265367 0.206518
v 0.228712 -0.339670 -0.180101
v 0.231602 -0.328657 0.031490
v 0.234140 -0.291092 0.040462
v 0.310181 0.857567 0.262348
v 0.235455 -0.300152 0.034728
v 0.249784 -0.053911 0.113776
v 0.230802 -0.232056 0.051531
v 0.233580 -0.300373 -0.153912
v 0.233365 -0.192347 0.084073
v 0.246254 -0.082981 0.108068
v 0.308399 0.753294 0.207816
v 0.235104 -0.285025 -0.272081
v 0.232513 -0.219252 0.053717
v 0.236583 -0.169227 0.088387
v 0.236496 -0.272565 0.043576
v 0.260660 0.008133 0.127653
v 0.242710 -0.106340 0.103800
v 0.240485 0.112887 0.156294
v 0.238187 -0.175196 0.061185
v 0.239907 -0.236398 -0.274605
v 0.234509 -0.204974 0.056075
v 0.240819 -0.241531 0.048471
v 0.238242 -0.269935 -0.053380
v 0.254399 0.197780 0.183367
v 0.238670 -0.260357 -0.163213
v 0.240124 -0.145113 0.093210
v 0.237518 -0.190356 0.058179
v 0.240569 -0.262867 0.042298
v 0.303132 0.849928 0.252883
v 0.240855 -0.239678 -0.271872
v 0.243155 -0.215597 0.052969
v 0.289704 0.102316 -0.278551
v 0.267362 -0.031385 -0.278517
v 0.240827 -0.158660 0.064451
v 0.243596 -0.123900 0.096840
v 0.245195 -0.181465 -0.277175
v 0.242676 -0.145424 0.067063
v 0.245342 -0.219887 -0.037397
v 0.244469 -0.217591 -0.160396
v 0.244081 -0.238014 0.044896
v 0.249522 -0.180126 0.058752
v 0.248377 -0.186221 -0.271770
v 0.244841 -0.134097 0.068954
v 0.247012 -0.217422 0.048847
v 0.251804 -0.162273 0.062663
v 0.246668 -0.121548 0.070596
v 0.249888 -0.192311 0.003230
v 0.270465 0.068835 0.143879
v 0.249959 -0.195636 0.053063
v 0.376296 0.819360 0.241082
v 0.248347 -0.091060 0.102797
v 0.248073 -0.108669 0.073471
v 0.327177 0.950909 -0.209179
v 0.299545 0.384625 0.205592
v 0.253926 -0.111203 -0.278460
v 0.371194 0.829954 0.238336
v 0.253913 -0.036930 0.117358
v 0.255185 -0.135387 0.067852
v 0.253805 -0.153870 -0.209689
v 0.251724 -0.073441 0.078406
v 0.252660 -0.166763 -0.108105
v 0.251450 -0.064524 0.109920
v 0.267034 0.703867 -0.278577
v 0.305470 0.186334 -0.278566
v 0.250359 -0.094263 0.073214
v 0.257599 -0.014230 0.122276
v 0.258010 -0.116505 -0.274718
v 0.253769 -0.169391 0.056365
v 0.253694 -0.052211 0.080614
v 0.326518 0.945005 -0.278580
v 0.254212 -0.072840 0.075299
v 0.257049 -0.146647 -0.017938
v 0.259249 -0.118382 -0.270517
v 0.255343 -0.048370 0.111763
v 0.256455 -0.034257 0.082854
v 0.257219 -0.045122 0.079601
v 0.275837 0.106780 0.154246
v 0.258062 -0.022424 0.085056
v 0.262372 -0.111468 -0.109789
v 0.259606 -0.023420 0.116293
v 0.257966 -0.143104 0.062883
v 0.262029 -0.114566 0.067854
v 0.279185 0.039629 -0.278537
v 0.259423 -0.011757 0.088686
v 0.257787 -0.037853 0.093207
v 0.267236 -0.092596 0.068185
v 0.264987 -0.087309 0.072301
v 0.267630 0.024412 0.107870
v 0.267786 -0.086648 0.002724
v 0.262802 -0.007032 0.087155
v 0.261550 0.002555 0.090665
v 0.264028 0.003060 0.122768
v 0.264414 0.027468 0.132562
v 0.269607 -0.060375 -0.198204
v 0.267331 -0.069845 -0.271837
v 0.264673 0.015577 0.093283
v 0.265119 0.026751 0.098348
v 0.269443 -0.061439 0.076117
v 0.285453 0.170837 0.174353
v 0.268595 0.044460 0.136043
v 0.268417 -0.074001 -0.109082
v 0.267393 0.023658 0.126860
v 0.273099 -0.034639 -0.273082
v 0.267322 0.039108 0.101696
v 0.271679 0.036987 0.097692
v 0.270637 0.053698 0.103206
v 0.314980 0.950915 -0.069209
v 0.271252 0.065007 0.108227
v 0.274044 0.066454 0.138832
v 0.282089 0.011507 0.089933
v 0.276036 -0.019144 0.083551
v 0.273470 -0.057720 0.072477
v 0.277858 -0.011537 -0.203111
v 0.277069 0.090191 0.147416
v 0.273607 0.080257 0.111119
v 0.277160 -0.035865 0.077059
v 0.275599 0.070376 0.106403
v 0.354133 0.770310 0.224551
v 0.294226 0.237690 0.197450
v 0.275980 0.094693 0.116701
v 0.277991 -0.006065 -0.271134
v 0.289290 0.202108 0.184296
v 0.276890 -0.028436 -0.072606
v 0.277387 0.083207 0.124595
v 0.279508 0.106661 0.151701
v 0.283703 0.038064 -0.274997
v 0.284224 0.010352 -0.023938
v 0.279251 0.111519 0.119975
v 0.282295 0.122771 0.156183
v 0.280678 0.135898 0.163169
v 0.281073 -0.011298 0.081902
v 0.284191 0.014967 -0.108877
v 0.285042 0.031694 -0.210652
v 0.285460 0.038837 -0.271867
v 0.285998 0.017249 0.087506
v 0.289222 0.056533 0.100538
v 0.288782 0.033375 0.049783
v 0.281145 0.124199 0.125902
v 0.285625 0.146515 0.163805
v 0.283412 0.137481 0.129755
v 0.285109 0.128936 0.124079
v 0.287625 0.036463 0.094583
v 0.292474 0.073850 0.104754
v 0.285565 0.149964 0.133287
v 0.287222 0.161854 0.138806
v 0.292427 0.060262 -0.108748
v 0.285656 0.135638 0.139609
v 0.350198 0.753538 0.216743
v 0.292625 0.057504 0.096755
v 0.292847 0.084388 -0.273167
v 0.291211 0.189890 0.176570
v 0.288740 0.172408 0.142967
v 0.288764 0.168360 0.168829
v 0.294205 0.198645 0.161969
v 0.293673 0.079571 -0.194994
v 0.291261 0.185178 0.146813
v 0.323374 0.489951 -0.278580
v 0.297443 0.083089 -0.024372
v 0.293497 0.199843 0.151628
v 0.295657 0.216755 0.186484
v 0.298159 0.109122 0.114449
v 0.363864 0.871472 0.276066
v 0.296197 0.217828 0.158314
v 0.297748 0.113015 -0.272106
v 0.297046 0.085258 0.105364
v 0.300486 0.144280 -0.276921
v 0.401652 0.950938 0.270139
v 0.300265 0.240252 0.194216
v 0.302839 0.125631 -0.153877
v 0.302669 0.136139 -0.234120
v 0.300546 0.102582 0.108045
v 0.304453 0.127290 -0.084513
v 0.304906 0.142953 0.124407
v 0.324707 0.852816 -0.278576
v 0.299094 0.233272 0.163309
v 0.302969 0.200480 0.147183
v 0.303667 0.258272 0.175558
v 0.303565 0.121591 0.114889
v 0.301825 0.261843 0.203306
v 0.302105 0.249104 0.168019
v 0.307058 0.162106 -0.272088
v 0.305141 0.303534 0.202064
v 0.304768 0.428341 0.203030
v 0.304736 0.585418 0.202933
v 0.304639 0.751006 0.203257
v 0.303941 0.263648 0.199029
v 0.307967 0.165007 0.132119
v 0.324789 0.662479 -0.278584
v 0.308778 0.147351 0.000637
v 0.305873 0.258786 0.169784
v 0.306126 0.338706 0.199861
v 0.304952 0.301683 0.174979
v 0.305679 0.375052 0.176195
v 0.305928 0.500548 0.175027
v 0.306030 0.641810 0.175972
v 0.306593 0.751075 0.199062
v 0.308578 0.151275 0.123099
v 0.306220 0.752828 0.172994
v 0.306737 0.447731 0.172101
v 0.306744 0.650022 0.172184
v 0.313909 0.196833 -0.273399
v 0.306476 0.599137 0.198301
v 0.306367 0.269993 0.172226
v 0.311316 0.174094 -0.164271
v 0.313675 0.199227 0.143581
v 0.317124 0.201108 -0.039264
v 0.312708 0.180256 0.135586
v 0.311027 0.749331 0.170762
v 0.310947 0.564832 0.170731
v 0.310955 0.371267 0.170774
v 0.322224 0.261914 -0.278578
v 0.316646 0.215638 0.149070
v 0.322555 0.277088 0.170809
v 0.316346 0.197953 0.125430
v 0.319077 0.215985 -0.156298
v 0.322103 0.250589 0.161411
v 0.324462 0.362817 -0.278574
v 0.317661 0.206127 0.141540
v 0.318977 0.210337 0.036107
v 0.326086 0.498359 0.170843
v 0.321508 0.233040 -0.272844
v 0.326532 0.751161 0.171004
v 0.390649 0.851065 0.254749
v 0.333670 0.753466 0.171639
v 0.330597 0.280769 0.069246
v 0.325189 0.248366 -0.153737
v 0.323017 0.240212 0.154882
v 0.330088 0.275162 -0.273121
v 0.326838 0.338894 0.170279
v 0.330546 0.285363 0.166671
v 0.327773 0.319525 -0.277458
v 0.328056 0.270363 0.164270
v 0.327887 0.557232 -0.277840
v 0.327785 0.605840 0.170228
v 0.330499 0.278625 -0.160711
v 0.330661 0.284448 -0.016465
v 0.329466 0.778989 -0.276843
v 0.332394 0.943831 -0.273265
v 0.331384 0.949237 -0.191680
v 0.330474 0.661686 0.168385
v 0.332247 0.750516 0.166260
v 0.330568 0.428734 0.168444
v 0.331391 0.321858 0.165346
v 0.332046 0.404947 -0.273197
v 0.332538 0.945900 -0.232157
v 0.331812 0.331541 -0.270065
v 0.331705 0.326748 -0.036525
v 0.332361 0.431613 0.164658
v 0.332304 0.664385 -0.271368
v 0.332329 0.676512 0.164572
v 0.334398 0.945530 -0.188706
v 0.332278 0.405737 0.065479
v 0.332269 0.415655 -0.152289
v 0.332262 0.750952 -0.078082
v 0.332275 0.751262 -0.029366
v 0.332405 0.751308 -0.097752
v 0.332332 0.751289 -0.128192
v 0.332306 0.750436 -0.112157
v 0.332190 0.751458 -0.007024
v 0.332379 0.750866 0.021642
v 0.332361 0.750991 0.042325
v 0.332375 0.750784 0.059339
v 0.332412 0.751031 0.100623
v 0.334992 0.753401 0.073114
v 0.332328 0.751101 0.085863
v 0.332314 0.750549 0.000142
v 0.332350 0.750872 -0.159597
v 0.332419 0.858264 -0.198620
v 0.332543 0.767149 -0.171052
v 0.333066 0.855373 -0.179404
v 0.333876 0.866207 -0.184378
v 0.333971 0.875023 -0.185534
v 0.335245 0.753453 -0.023344
v 0.334972 0.753378 0.009257
v 0.334650 0.753955 -0.165759
v 0.334302 0.907234 -0.188092
v 0.334786 0.830943 -0.168379
v 0.335392 0.767419 -0.168217
v 0.335029 0.847757 -0.172474
v 0.337979 0.945200 -0.184586
v 0.334833 0.883371 -0.183177
v 0.334673 0.798497 -0.170070
v 0.335347 0.862008 -0.180526
v 0.336921 0.895277 -0.184379
v 0.335584 0.753507 -0.112061
v 0.376104 0.791838 0.241812
v 0.340123 0.950882 -0.178171
v 0.375147 0.779206 0.236118
v 0.351485 0.753591 -0.156364
v 0.349446 0.925138 -0.185029
v 0.355297 0.788544 -0.168351
v 0.376270 0.855453 -0.179520
v 0.352000 0.753613 0.059293
v 0.333266 0.834279 -0.170465
v 0.358135 0.776432 -0.162503
v 0.398040 0.862898 -0.181380
v 0.392048 0.873315 -0.185949
v 0.374266 0.823928 -0.169283
v 0.395621 0.866105 -0.184348
v 0.383402 0.945852 -0.183980
v 0.355415 0.755221 0.213079
v 0.355870 0.755853 0.073042
v 0.355850 0.755705 -0.153643
v 0.357372 0.765992 0.216348
v 0.361095 0.771870 -0.156708
v 0.371708 0.771511 0.226592
v 0.371812 0.831470 -0.166594
v 0.374796 0.807153 -0.169868
v 0.356799 0.763241 0.090595
v 0.356858 0.763434 -0.082865
v 0.358006 0.763573 -0.150188
v 0.359475 0.769232 0.057504
v 0.361720 0.771454 0.219897
v 0.361044 0.770900 -0.080972
v 0.393029 0.856995 0.262159
v 0.399966 0.884369 -0.182428
v 0.365392 0.771978 -0.148599
v 0.373216 0.789444 -0.167046
v 0.414519 0.876776 0.277503
v 0.370564 0.773863 0.064574
v 0.372823 0.774606 0.213125
v 0.370521 0.778956 -0.161568
v 0.375321 0.837516 -0.169833
v 0.387902 0.950867 -0.178180
v 0.373315 0.775313 -0.151716
v 0.377247 0.843383 0.247740
v 0.380140 0.782923 -0.155244
v 0.377355 0.778656 -0.107193
v 0.376444 0.777748 0.151161
v 0.379730 0.829737 0.232362
v 0.379931 0.832616 -0.161659
v 0.381823 0.784598 0.234732
v 0.386522 0.841344 0.238967
v 0.381975 0.813998 -0.167033
v 0.380783 0.783238 0.023833
v 0.382268 0.812102 0.239867
v 0.379324 0.831213 0.120782
v 0.379180 0.828914 0.010363
v 0.378922 0.829811 0.150600
v 0.383962 0.792173 -0.157720
v 0.379105 0.831227 -0.037055
v 0.382144 0.822489 0.131386
v 0.379885 0.831937 -0.093545
v 0.384311 0.794487 0.236025
v 0.386908 0.845895 0.247310
v 0.382718 0.822338 -0.037542
v 0.410740 0.894608 -0.184561
v 0.381507 0.832949 -0.154966
v 0.383762 0.824133 -0.158674
v 0.386346 0.841996 0.158499
v 0.384055 0.792174 0.080398
v 0.386434 0.847706 -0.172520
v 0.397341 0.856786 -0.181839
v 0.384797 0.812570 0.235674
v 0.385713 0.841896 -0.109821
v 0.384517 0.811296 0.093137
v 0.384896 0.808690 -0.160076
v 0.412444 0.944604 -0.185020
v 0.409934 0.891037 0.277207
v 0.393025 0.849991 0.098228
v 0.393931 0.850884 -0.068425
v 0.411195 0.950973 0.262898
v 0.393059 0.849999 -0.167925
v 0.394440 0.851026 0.245851
v 0.411333 0.950997 -0.179096
v 0.406884 0.943724 0.277526
v 0.401873 0.857458 0.007734
v 0.401362 0.856729 0.256586
v 0.394740 0.864642 0.263171
v 0.401694 0.857369 -0.178206
v 0.396560 0.866790 0.266660
v 0.401789 0.857493 0.163294
v 0.401138 0.856827 -0.104930
v 0.402256 0.865208 0.250378
v 0.403956 0.872768 -0.182827
v 0.402481 0.865359 -0.175743
v 0.402529 0.865199 0.178479
v 0.402567 0.865169 -0.056034
v 0.402610 0.865208 0.063321
v 0.412027 0.950887 -0.000858
v 0.410196 0.866738 -0.120344
v 0.414269 0.868229 -0.175672
v 0.410225 0.866983 0.270379
v 0.410477 0.867053 0.075405
v 0.412878 0.867746 -0.046499
v 0.414920 0.874481 -0.183314
v 0.418481 0.943304 0.269531
v 0.412961 0.943136 0.275610
v 0.413956 0.949619 0.145230
v 0.415447 0.948669 0.262262
v 0.415251 0.869847 0.271832
v 0.418579 0.943722 -0.179210
v 0.416051 0.891036 0.273064
v 0.415389 0.948764 -0.177490
v 0.416559 0.870783 -0.087087
v 0.415701 0.869689 0.149194
v 0.418020 0.872557 0.211071
v 0.417951 0.944711 0.029843
v 0.418573 0.943033 0.102216
v 0.418570 0.943126 -0.129515
v 0.418565 0.943358 0.194552
v 0.418604 0.874847 -0.177530
v 0.418602 0.874780 0.138544
v 0.418604 0.874906 -0.047961
v 0.418593 0.879167 0.269040
vn -0.9040 -0.3560 -0.2367
vn -0.8968 0.3031 0.3224
vn -0.9853 0.1710 -0.0002
vn -0.8780 0.3227 -0.3535
vn -0.9970 0.0776 0.0011
vn -0.9883 -0.1523 0.0003
vn -0.9543 -0.2509 0.1622
vn -0.9889 -0.1486 -0.0001
vn -0.8001 0.5857 0.1296
vn -0.7376 -0.2072 -0.6427
vn -0.8327 -0.5537 0.0055
vn -0.8204 -0.5718 0.0029
vn -0.8638 0.5038 -0.0000
vn -0.7556 -0.2602 0.6011
vn -0.3786 -0.8370 0.3952
vn -0.5755 0.8178 -0.0004
vn -0.5522 0.4323 0.7128
vn -0.6528 0.0406 0.7565
vn -0.3617 0.8815 -0.3035
vn -0.4500 -0.8190 -0.3559
vn -0.4248 -0.9053 0.0021
vn -0.4262 -0.9042 0.0287
vn -0.3257 0.3888 -0.8619
vn -0.4330 -0.9014 0.0004
vn -0.3875 0.9113 0.1391
vn -0.2780 -0.3326 -0.9012
vn -0.2388 -0.2367 0.9418
vn -0.1407 0.9900 -0.0018
vn -0.1991 0.0196 0.9798
vn -0.1719 0.3292 0.9285
vn -0.2552 -0.4170 -0.8723
vn -0.2358 -0.0374 -0.9711
vn -0.1143 0.9934 0.0021
vn -0.5382 -0.8428 0.0021
vn -0.7141 -0.6327 -0.2995
vn -0.5499 -0.8352 -0.0013
vn -0.0873 0.8989 0.4294
vn -0.0043 -0.0396 -0.9992
vn -0.0611 -0.9751 0.2131
vn -0.7555 -0.6396 0.1420
vn -0.9086 -0.4177 -0.0001
vn -0.8786 -0.3641 0.3091
vn -0.9009 -0.4340 -0.0004
vn -0.8999 -0.4361 -0.0004
vn -0.9595 -0.2818 0.0053
vn -0.9557 -0.2945 -0.0017
vn -0.3949 -0.3373 -0.8546
vn -0.8690 -0.3971 -0.2952
vn -0.0035 -0.5530 0.8332
vn -0.4709 -0.5723 0.6714
vn -0.4687 -0.4074 -0.7838
vn -0.3960 -0.6903 0.6055
vn -0.1913 -0.2484 -0.9496
vn 0.0075 0.8092 -0.5875
vn -0.7044 -0.7098 -0.0006
vn -0.7066 -0.7076 -0.0005
vn -0.6320 -0.7566 0.1678
vn 0.0001 1.0000 -0.0000
vn -0.1042 -0.3529 0.9298
vn -0.6106 -0.7592 -0.2254
vn -0.2329 -0.6956 -0.6796
vn -0.0014 0.3812 0.9245
vn -0.8116 -0.5842 -0.0014
vn -0.8133 -0.5819 -0.0012
vn -0.8278 -0.5609 0.0088
vn -0.2447 -0.7679 0.5920
vn -0.0001 0.9221 0.3869
vn -0.0000 1.0000 -0.0002
vn -0.9766 0.1415 0.1619
vn -0.9100 -0.2532 0.3283
vn -0.9984 -0.0564 0.0035
vn -0.9690 -0.1511 -0.1956
vn -0.9410 -0.3364 0.0357
vn -0.8851 -0.0200 -0.4649
vn -0.9973 0.0738 0.0021
vn -0.8899 0.2151 -0.4022
vn -0.7559 0.1487 0.6376
vn -0.9848 -0.1738 0.0010
vn -0.9581 0.2862 0.0076
vn -0.9562 0.2927 -0.0001
vn -0.8408 -0.4299 -0.3291
vn -0.6919 -0.2796 -0.6656
vn -0.9631 0.0253 0.2680
vn -0.7790 -0.1749 -0.6021
vn -0.9925 -0.1204 -0.0202
vn -0.8570 -0.5153 -0.0011
vn -0.7452 -0.5629 0.3575
vn 0.0152 -0.4338 -0.9009
vn -0.9859 -0.1670 0.0096
vn -0.9979 -0.0651 0.0071
vn -0.3762 -0.2257 0.8986
vn -0.8043 -0.5942 -0.0001
vn -0.9974 -0.0720 -0.0004
vn -0.7110 -0.6739 -0.2010
vn -0.1869 -0.4520 -0.8722
vn -0.3434 0.2042 -0.9167
vn 0.0196 -0.4145 -0.9098
vn -0.3094 -0.1507 -0.9389
vn -0.2330 0.2990 0.9254
vn -0.3573 0.0218 -0.9337
vn -0.6335 -0.7738 -0.0001
vn -0.2414 0.1324 0.9613
vn -0.2622 -0.6296 0.7314
vn -0.4967 -0.8668 -0.0431
vn -0.5916 -0.8063 0.0012
vn -0.3820 -0.9032 0.1956
vn -0.3351 -0.5875 -0.7366
vn -0.1765 -0.1222 -0.9767
vn -0.2798 -0.1937 0.9403
vn -0.4504 -0.8567 -0.2515
vn -0.3521 -0.9360 0.0015
vn 0.0002 -0.1781 0.9840
vn -0.2106 0.6330 -0.7449
vn -0.6202 -0.7564 -0.2079
vn -0.3648 -0.5088 -0.7798
vn -0.3388 -0.9397 0.0468
vn -0.5972 -0.8021 0.0020
vn -0.6043 -0.7966 0.0108
vn -0.3638 0.0547 -0.9299
vn -0.5030 0.0473 -0.8630
vn 0.0055 -0.7058 0.7084
vn -0.2439 -0.4695 -0.8486
vn 0.0047 -0.5985 0.8011
vn -0.0000 -0.4922 0.8705
vn -0.5934 -0.3550 -0.7224
vn -0.0032 -0.5174 0.8557
vn -0.7977 -0.4833 0.3606
vn -0.9174 -0.3978 0.0125
vn -0.8011 -0.4153 -0.4309
vn -0.9342 -0.3568 0.0004
vn -0.7753 -0.5980 -0.2032
vn -0.7897 -0.6135 0.0008
vn -0.8226 -0.5687 -0.0018
vn -0.5594 -0.7221 0.4069
vn -0.1414 -0.7521 0.6438
vn -0.2992 -0.5941 -0.7467
vn -0.7892 -0.1517 -0.5952
vn -0.0778 0.9673 -0.2412
vn -0.5555 -0.3785 -0.7403
vn -0.3177 -0.3319 0.8882
vn -0.6829 -0.0390 -0.7294
vn -0.4250 -0.7759 -0.4663
vn -0.1535 -0.4859 0.8605
vn -0.7593 -0.1873 -0.6232
vn -0.2063 -0.9785 -0.0001
vn -0.5133 -0.0453 -0.8570
vn 0.0002 -0.1710 0.9853
vn -0.3333 -0.1321 -0.9335
vn 0.0025 -0.5589 0.8292
vn 0.0002 -0.9351 0.3543
vn -0.1044 -0.9905 0.0895
vn -0.7805 -0.3342 -0.5284
vn -0.3478 -0.9376 -0.0003
vn -0.4416 -0.8737 -0.2041
vn -0.8016 -0.2182 -0.5566
vn -0.3432 0.9331 -0.1070
vn -0.9043 0.3675 -0.2171
vn -0.9579 0.2867 -0.0180
vn -0.7980 -0.5358 0.2757
vn -0.9975 -0.0435 -0.0556
vn -0.9095 -0.4158 -0.0004
vn -0.9097 -0.4153 -0.0007
vn -0.9076 -0.4198 -0.0001
vn -0.9103 0.3558 -0.2116
vn -0.9997 -0.0130 -0.0199
vn -0.9920 0.0018 0.1260
vn -0.9433 -0.0041 0.3319
vn -0.9925 -0.0026 -0.1222
vn -0.9918 -0.0003 -0.1274
vn -1.0000 -0.0003 -0.0009
vn -1.0000 -0.0007 0.0001
vn -0.9949 -0.0016 -0.1013
vn -1.0000 -0.0033 -0.0001
vn -1.0000 -0.0007 0.0003
vn -1.0000 -0.0004 -0.0000
vn -1.0000 -0.0001 0.0006
vn -1.0000 -0.0032 0.0001
vn -1.0000 -0.0000 -0.0001
vn -1.0000 -0.0023 0.0001
vn -1.0000 -0.0032 -0.0000
vn -1.0000 -0.0000 -0.0000
vn -0.9998 -0.0187 0.0004
vn -0.7530 0.3096 -0.5806
vn -0.9773 -0.0116 0.2114
vn -0.9790 -0.0145 -0.2033
vn -0.4259 0.8867 -0.1799
vn -0.8049 -0.0006 0.5933
vn -0.8009 0.5985 -0.0167
vn -0.9998 -0.0202 0.0004
vn -0.8514 0.0009 -0.5244
vn -0.8774 -0.0001 -0.4798
vn -0.9874 -0.0879 -0.1318
vn -0.9953 -0.0972 0.0013
vn -0.9784 -0.0802 0.1906
vn -0.7965 -0.1521 0.5851
vn -0.8072 -0.0446 -0.5886
vn -0.9873 -0.1591 -0.0001
vn -0.5601 -0.0025 -0.8284
vn -0.9953 -0.0973 0.0019
vn -0.1906 -0.2834 0.9399
vn -0.2897 0.3114 -0.9050
vn -0.9527 -0.1634 -0.2565
vn -0.9863 -0.1652 -0.0003
vn -0.3289 -0.0008 -0.9444
vn -0.4598 -0.0011 -0.8880
vn -0.5623 -0.0119 0.8268
vn -0.2913 0.0018 0.9566
vn -0.9429 -0.2365 0.2347
vn -0.2633 0.8013 -0.5372
vn -0.6647 -0.1291 -0.7359
vn -0.3154 -0.0350 -0.9483
vn -0.3589 -0.1523 0.9209
vn -0.9816 -0.1906 -0.0052
vn 0.0037 -0.6922 0.7217
vn -0.0970 -0.0000 -0.9953
vn -0.1567 -0.0008 -0.9877
vn -0.1237 -0.0021 0.9923
vn -0.9351 -0.2457 0.2553
vn -0.6085 -0.3504 0.7120
vn -0.9012 -0.1848 -0.3919
vn -0.9865 -0.1636 0.0059
vn -0.9861 -0.1664 -0.0035
vn -0.9841 -0.1770 -0.0122
vn -0.3426 -0.0654 -0.9372
vn -0.3607 -0.6482 0.6706
vn -0.5593 -0.3372 0.7573
vn -0.3712 -0.2739 0.8873
vn -0.1870 -0.0006 0.9824
vn -0.3408 -0.0028 0.9401
vn -0.3436 -0.0066 0.9391
vn -0.9869 -0.1613 0.0009
vn -0.8721 -0.2725 0.4063
vn -0.7211 -0.1373 -0.6791
vn -0.0103 -0.9422 0.3348
vn -0.9118 -0.1922 -0.3628
vn -0.9372 -0.2379 0.2549
vn -0.9829 -0.1828 -0.0207
vn -0.6324 -0.1346 -0.7629
vn -0.9862 -0.1649 -0.0118
vn 0.0025 -0.5126 0.8586
vn -0.5639 -0.3465 0.7497
vn -0.0779 -0.9314 0.3555
vn -0.8391 -0.5200 0.1597
vn -0.7998 -0.0041 0.6002
vn -0.6988 0.0010 0.7154
vn -0.9383 -0.2348 0.2538
vn -0.9853 -0.1711 0.0036
vn -0.9854 -0.1701 -0.0081
vn -0.9649 -0.0012 0.2624
vn -0.9695 -0.0015 0.2451
vn -0.8712 -0.3854 0.3040
vn -0.9837 -0.0028 0.1796
vn -0.9372 0.0023 0.3489
vn -0.0000 1.0000 0.0001
vn -0.9947 -0.0153 0.1014
vn -0.9962 -0.0244 0.0841
vn -0.9126 -0.1045 0.3952
vn -0.4252 -0.3490 0.8351
vn -0.7651 -0.0161 0.6437
vn -0.5658 -0.3384 0.7519
vn -0.6652 -0.1240 -0.7363
vn -0.7289 -0.2106 0.6514
vn -0.9094 -0.1550 0.3859
vn 0.0001 -0.0000 -1.0000
vn -0.3391 -0.0514 -0.9393
vn -0.4717 -0.3500 0.8093
vn -0.8765 -0.2795 0.3919
vn -0.8986 -0.1741 -0.4028
vn -0.3780 -0.1427 0.9147
vn -0.9892 -0.1439 -0.0288
vn -0.0000 -0.2935 0.9560
vn -0.1828 -0.2836 0.9414
vn -0.2350 -0.0003 0.9720
vn -0.9847 -0.1732 -0.0206
vn -0.4617 -0.3522 0.8141
vn -0.5436 -0.3149 0.7781
vn -0.9845 -0.1744 -0.0181
vn -0.4508 -0.3442 0.8236
vn -0.9207 -0.2365 0.3105
vn -0.4092 -0.3466 0.8440
vn -0.9063 -0.2409 0.3473
vn -0.9486 -0.1595 -0.2732
vn -0.3356 -0.0561 -0.9403
vn -0.9008 -0.2499 0.3551
vn -0.9907 -0.1172 -0.0690
vn -0.9310 -0.2436 0.2718
vn -0.6647 -0.1139 -0.7384
vn -0.0002 0.0557 0.9984
vn -0.8980 -0.2572 0.3569
vn -0.9842 -0.1765 -0.0107
vn -0.4627 -0.2841 0.8397
vn -0.9851 -0.1718 -0.0020
vn -0.9128 -0.2290 0.3381
vn -0.8530 -0.2622 0.4512
vn -0.9845 -0.1750 -0.0149
vn -0.9425 -0.2329 0.2397
vn 0.0002 -0.0000 -1.0000
vn -0.4520 -0.2802 0.8469
vn -0.9846 -0.1737 -0.0221
vn -0.2686 -0.3362 0.9027
vn -0.9892 -0.1226 -0.0806
vn -0.9859 -0.1664 -0.0161
vn -0.8962 -0.1454 -0.4191
vn -0.8784 -0.2591 0.4017
vn -0.0041 0.0021 1.0000
vn -0.6512 -0.3094 0.6930
vn -0.9592 -0.2094 0.1899
vn -0.0000 0.3681 -0.9298
vn -0.0004 0.9276 0.3737
vn -0.3307 -0.0544 -0.9422
vn -0.3149 -0.3327 0.8889
vn -0.4322 -0.2642 0.8622
vn -0.9180 -0.2234 0.3277
vn -0.9852 -0.1258 -0.1165
vn -0.9456 -0.2513 0.2065
vn -0.3384 -0.3093 0.8887
vn -0.6830 -0.1160 -0.7212
vn -0.9849 -0.1727 -0.0102
vn -0.9135 -0.1682 -0.3705
vn 0.0009 -0.8553 0.5182
vn -0.9431 -0.2097 0.2582
vn -0.4582 0.4043 0.7916
vn -0.9860 -0.1662 -0.0135
vn -0.6361 -0.3122 0.7056
vn -0.9855 -0.1695 -0.0097
vn -0.9832 -0.1752 0.0518
vn -0.4015 -0.2187 0.8894
vn -0.0001 0.0001 -1.0000
vn -0.4818 -0.2814 0.8299
vn -0.8948 -0.1489 -0.4210
vn -0.0003 -0.0001 -1.0000
vn 0.0051 -0.3218 0.9468
vn -0.3483 -0.0580 -0.9356
vn -0.9828 -0.1186 -0.1418
vn -0.9860 -0.1665 -0.0125
vn -0.0000 -0.6589 0.7522
vn -0.1274 0.0223 0.9916
vn -0.5153 -0.2128 0.8301
vn -0.4330 -0.2454 0.8674
vn -0.9600 -0.1914 0.2043
vn -0.4458 -0.3037 0.8420
vn -0.9084 -0.1454 -0.3919
vn -0.7780 -0.2805 0.5622
vn -0.9531 -0.1919 0.2342
vn -0.7783 -0.2952 0.5542
vn 0.0007 0.0263 0.9997
vn 0.0028 -0.3170 0.9484
vn -0.9855 -0.1695 -0.0091
vn -0.3669 -0.0510 -0.9289
vn -0.9857 -0.1615 0.0475
vn -0.7668 -0.2099 0.6066
vn -0.4427 -0.1984 0.8744
vn -0.9860 -0.1661 -0.0110
vn -0.9129 -0.1655 -0.3731
vn -0.9858 -0.1677 -0.0116
vn -0.9867 -0.1330 -0.0939
vn -0.6867 -0.1198 -0.7169
vn -0.6330 -0.2766 0.7230
vn -0.8813 -0.2120 0.4225
vn -0.2315 -0.2770 0.9326
vn 0.0043 -0.8192 0.5736
vn -0.9109 -0.2335 0.3401
vn -0.9465 -0.2001 0.2532
vn -0.9383 -0.1802 0.2951
vn -0.3967 -0.2710 0.8770
vn -0.0005 -0.0000 -1.0000
vn -0.5537 -0.1608 0.8171
vn -0.9870 -0.1604 -0.0091
vn -0.9873 -0.1582 -0.0101
vn -0.9526 -0.1889 0.2386
vn -0.3706 -0.1802 0.9112
vn -0.8668 -0.2294 0.4428
vn -0.9693 -0.1386 0.2031
vn -0.9053 -0.1309 -0.4040
vn -0.9327 -0.1536 0.3262
vn -0.9880 -0.1538 -0.0111
vn -0.5281 -0.2322 0.8168
vn -0.2634 -0.0226 0.9644
vn -0.4908 -0.1956 0.8491
vn -0.3057 -0.2451 0.9200
vn -0.9075 -0.1443 -0.3945
vn -0.9296 -0.1862 0.3182
vn -0.6985 -0.1099 -0.7072
vn 0.0023 -0.2832 0.9591
vn -0.4079 -0.2382 0.8814
vn -0.3472 -0.0520 -0.9364
vn -0.8972 -0.1929 0.3973
vn 0.0033 -0.1244 0.9922
vn 0.0014 0.3329 -0.9430
vn -0.9901 -0.1402 -0.0072
vn -0.7029 -0.2168 0.6774
vn -0.3082 -0.2016 0.9297
vn 0.0009 0.3880 0.9217
vn -0.3099 -0.2132 0.9266
vn -0.8966 -0.2120 0.3889
vn -0.6763 -0.1984 0.7094
vn -0.9595 -0.1738 0.2215
vn -0.0000 -0.0000 -1.0000
vn -0.8821 -0.2069 0.4232
vn -0.9587 -0.1296 -0.2532
vn -0.3131 -0.1931 0.9299
vn -0.9903 -0.1382 -0.0124
vn -0.3370 -0.0412 -0.9406
vn -0.6921 -0.1001 -0.7148
vn -0.6809 -0.2151 0.7001
vn -0.8518 -0.2058 0.4818
vn -0.2448 -0.0815 0.9661
vn -0.5150 -0.1931 0.8351
vn 0.2495 -0.1968 0.9482
vn -0.0001 -0.5201 0.8541
vn -0.3612 -0.2422 0.9005
vn -0.9914 -0.1302 -0.0100
vn -0.9065 -0.1236 -0.4038
vn -0.9919 -0.1267 -0.0051
vn -0.6767 -0.0804 -0.7318
vn 0.5339 -0.3138 0.7852
vn -0.2446 -0.0328 -0.9691
vn -0.9365 -0.1776 0.3024
vn 0.0039 -0.7166 0.6974
vn -0.7107 -0.2088 0.6718
vn -0.9504 -0.1199 -0.2871
vn -0.9022 -0.1017 -0.4192
vn -0.8770 -0.1983 0.4376
vn -0.3414 -0.0426 -0.9390
vn -0.3874 -0.1845 0.9033
vn -0.9920 -0.1265 -0.0053
vn -0.3457 -0.2202 0.9121
vn -0.8915 -0.1853 0.4134
vn -0.0003 0.9842 -0.1770
vn -0.9363 -0.1642 0.3103
vn -0.5042 -0.1855 0.8434
vn -0.0000 0.0758 0.9971
vn -0.6507 -0.0782 -0.7553
vn -0.5231 -0.1965 0.8293
vn 0.2908 -0.1635 0.9427
vn -0.6713 -0.1943 0.7153
vn 0.3738 -0.2481 0.8937
vn -0.9176 -0.1721 0.3583
vn -0.9054 -0.1164 -0.4083
vn 0.2511 -0.2526 0.9344
vn 0.3752 -0.5760 0.7263
vn -0.9175 -0.1837 0.3528
vn -0.9524 -0.1568 0.2616
vn 0.0001 -0.2713 0.9625
vn -0.5414 -0.1800 0.8213
vn -0.3588 -0.1929 0.9133
vn -0.9021 -0.1075 -0.4180
vn -0.9925 -0.1222 -0.0015
vn 0.0071 -0.1950 0.9808
vn -0.0000 1.0000 -0.0001
vn -0.3435 -0.0424 -0.9382
vn -0.9247 -0.1661 0.3426
vn -0.5308 -0.1936 0.8251
vn 0.3096 -0.2047 0.9286
vn -0.5732 -0.2612 0.7767
vn -0.4644 -0.1763 0.8679
vn -0.2289 -0.1642 0.9595
vn -0.9140 -0.1091 -0.3907
vn -0.9342 -0.1696 0.3137
vn -0.9161 -0.1521 0.3711
vn -0.0000 -0.6175 0.7866
vn -0.6022 0.0865 0.7936
vn -0.8509 -0.1733 0.4959
vn -0.9496 -0.1685 0.2643
vn -0.0000 1.0000 -0.0000
vn -0.3617 -0.0441 -0.9312
vn -0.6015 -0.1836 0.7775
vn -0.9917 -0.1287 -0.0012
vn -0.2771 -0.1675 0.9461
vn -0.0000 -0.5749 0.8182
vn 0.0125 -0.1918 0.9814
vn -0.8457 -0.1817 0.5018
vn 0.5771 -0.1643 0.8000
vn 0.9168 0.0194 0.3989
vn -0.6142 -0.1938 0.7650
vn -0.9677 -0.1345 -0.2133
vn 0.8322 -0.0892 0.5473
vn 0.8681 -0.0698 0.4915
vn 0.2538 -0.1291 0.9586
vn 0.0004 -0.7302 0.6833
vn -0.0001 -0.0001 -1.0000
vn -0.8777 -0.1714 0.4475
vn -0.9905 -0.1374 0.0001
vn -0.5868 -0.1936 0.7862
vn -0.7200 -0.0922 -0.6878
vn 0.8505 -0.3555 0.3876
vn -0.9511 -0.1655 0.2606
vn -0.9476 -0.1309 -0.2913
vn 0.9525 -0.0769 0.2947
vn -0.3159 -0.1609 0.9351
vn 0.3090 -0.2138 0.9267
vn 0.9847 0.0433 0.1690
vn -0.2596 -0.0331 -0.9651
vn 0.1579 -0.7510 0.6411
vn -0.6562 -0.0923 -0.7489
vn -0.0778 -0.6925 0.7172
vn -0.9192 -0.1757 0.3525
vn 0.8818 -0.0566 0.4682
vn 0.6823 -0.6973 0.2197
vn 0.2626 -0.2221 0.9390
vn 0.8731 -0.0400 0.4859
vn -0.6243 -0.1821 0.7597
vn -0.9551 -0.1579 0.2506
vn 0.5250 -0.8284 0.1951
vn 0.8512 -0.0409 0.5233
vn -0.9907 -0.1358 -0.0006
vn -0.8280 -0.0656 0.5569
vn -0.9052 -0.1302 -0.4046
vn 0.2630 -0.0995 0.9597
vn -0.5875 -0.1853 0.7877
vn -0.9161 0.0489 0.3979
vn -0.0741 -0.3451 0.9356
vn -0.8555 -0.0671 0.5135
vn 0.0011 0.1902 0.9817
vn -0.6583 0.1459 0.7384
vn 0.3097 -0.4215 0.8523
vn 0.8452 -0.0402 0.5330
vn 0.8657 -0.0625 0.4966
vn -0.6638 -0.1852 0.7246
vn -0.8522 0.1656 0.4963
vn -0.8668 -0.1804 0.4648
vn -0.9590 -0.1555 0.2370
vn 0.9933 0.1144 -0.0160
vn 0.3012 -0.1511 0.9415
vn -0.0002 -0.0000 -1.0000
vn -0.5443 -0.1875 0.8177
vn -0.9918 -0.1275 -0.0000
vn -0.8579 -0.2155 0.4664
vn -0.3623 -0.1625 0.9178
vn -0.8823 -0.1997 0.4262
vn -0.9584 -0.1348 -0.2516
vn -0.0343 -0.7903 0.6118
vn -0.9652 0.0027 -0.2614
vn -0.9129 0.3227 -0.2502
vn 0.5494 -0.1547 0.8211
vn -0.9210 -0.0338 0.3882
vn -0.8878 0.3276 0.3233
vn -0.5231 0.0765 -0.8488
vn -0.8839 -0.3560 0.3033
vn 0.8361 -0.0427 0.5469
vn -0.8165 0.0064 0.5773
vn -0.3390 -0.0449 -0.9397
vn -0.8365 -0.1614 0.5237
vn 0.0007 -0.1423 0.9898
vn -0.8382 0.1198 0.5320
vn -0.8634 -0.1737 0.4737
vn -0.8474 0.2417 0.4728
vn -0.9289 0.0822 0.3612
vn -0.9201 -0.2472 -0.3037
vn -0.9988 -0.0496 0.0001
vn 0.2059 0.3408 -0.9173
vn -0.8753 0.3368 -0.3469
vn -0.8925 -0.1244 0.4336
vn -0.8126 -0.2995 -0.4999
vn -0.6266 -0.0819 -0.7750
vn 0.0453 -0.9420 0.3325
vn -0.8460 -0.4180 0.3311
vn -0.8962 -0.4436 -0.0001
vn -0.7280 0.6563 0.1984
vn -0.7747 -0.2011 0.5995
vn -0.5108 0.4106 -0.7553
vn -0.8505 0.1701 0.4977
vn -0.6017 -0.1956 0.7744
vn -0.9021 -0.0633 0.4270
vn -0.3990 0.0916 0.9124
vn -0.3984 -0.3850 0.8325
vn -0.1189 -0.8701 0.4783
vn -0.8576 -0.5144 0.0010
vn -0.7785 0.6067 -0.1608
vn 0.8845 0.0048 0.4666
vn -0.3637 0.1948 0.9109
vn -0.3650 0.5065 0.7812
vn -0.8019 0.5974 -0.0002
vn -0.3541 -0.2805 0.8921
vn -0.6863 0.0374 0.7263
vn -0.9645 -0.1182 -0.2363
vn -0.5149 -0.0514 -0.8557
vn -0.7899 0.5040 0.3493
vn -0.7148 -0.6431 -0.2747
vn -0.7222 0.6917 -0.0012
vn -0.7953 0.2277 0.5618
vn -0.5815 0.2163 0.7843
vn -0.5468 0.2535 0.7979
vn 0.2890 -0.0974 0.9524
vn -0.5674 -0.1778 0.8041
vn -0.8448 -0.2945 0.4467
vn -0.5927 -0.0373 0.8046
vn -0.6884 0.7253 0.0001
vn -0.6681 0.6144 -0.4197
vn -0.6905 -0.7233 -0.0027
vn 0.8015 -0.0427 0.5964
vn -0.6491 -0.0816 -0.7563
vn -0.6982 -0.6541 0.2908
vn 0.3191 -0.2709 0.9082
vn -0.4342 -0.7637 0.4777
vn -0.8225 -0.5611 -0.0930
vn -0.2714 0.5381 0.7980
vn 0.8442 -0.0078 0.5359
vn -0.8338 -0.3690 0.4105
vn -0.2908 -0.1605 0.9432
vn -0.4176 0.8078 0.4160
vn 0.4470 -0.2278 0.8651
vn -0.6406 -0.1903 0.7439
vn 0.0017 0.7989 -0.6014
vn -0.8563 0.3203 0.4051
vn 0.8396 -0.0175 0.5429
vn -0.5584 0.8296 -0.0075
vn 0.0865 -0.2679 0.9595
vn -0.5514 0.8343 0.0006
vn 0.2736 -0.1389 0.9518
vn 0.5573 -0.0927 0.8251
vn -0.2331 -0.3678 -0.9002
vn -0.2979 0.8126 0.5010
vn -0.9431 0.2303 0.2398
vn -0.8691 -0.1694 0.4648
vn -0.2653 -0.6159 0.7419
vn -0.3903 -0.9206 -0.0128
vn -0.9601 -0.1579 0.2306
vn -0.7932 0.3244 0.5153
vn -0.9226 0.2448 0.2981
vn -0.8097 0.5858 0.0349
vn -0.7521 0.6590 0.0028
vn -0.6970 -0.0789 -0.7127
vn -0.6638 -0.1182 0.7385
vn -0.6630 -0.7486 -0.0017
vn -0.7860 -0.3180 0.5302
vn -0.9727 -0.1090 -0.2048
vn 0.3907 -0.1605 0.9064
vn -0.3483 0.0660 0.9350
vn -0.6123 -0.6518 -0.4474
vn -0.4905 0.7928 -0.3618
vn -0.1642 -0.0230 -0.9862
vn -0.4159 -0.7501 -0.5142
vn -0.6433 0.5031 -0.5771
vn -0.6491 -0.1861 0.7376
vn -0.4249 -0.9052 -0.0011
vn 0.8381 -0.0167 0.5452
vn -0.2832 -0.9362 0.2080
vn -0.9495 -0.0885 0.3011
vn -0.2790 -0.7991 0.5325
vn -0.6513 0.1925 0.7340
vn -0.7874 -0.4268 0.4449
vn -0.9930 -0.1181 -0.0004
vn -0.5180 -0.2647 0.8134
vn -0.1041 0.0211 -0.9943
vn -0.5216 0.6537 0.5483
vn -0.7506 0.4263 0.5049
vn -0.4118 -0.3874 0.8248
vn -0.7740 -0.2402 0.5859
vn -0.3602 0.8879 0.2860
vn -0.7299 0.6836 0.0024
vn -0.7727 0.3402 0.5359
vn -0.2743 -0.9294 0.2470
vn -0.4925 -0.0627 0.8680
vn 0.8558 0.0063 0.5172
vn 0.7979 -0.0465 0.6010
vn 0.3639 -0.1390 0.9210
vn -0.7311 0.5597 -0.3902
vn 0.8587 0.0009 0.5125
vn -0.0004 -0.0001 -1.0000
vn -0.5465 0.3397 0.7655
vn -0.3288 -0.1619 0.9304
vn -0.4374 -0.8993 -0.0028
vn -0.2287 -0.0522 0.9721
vn -0.9190 0.0598 0.3896
vn -0.8556 0.3018 0.4207
vn -0.3977 -0.1060 0.9114
vn -0.9594 0.2731 -0.0701
vn -0.9998 -0.0222 -0.0001
vn -0.9331 -0.0550 -0.3553
vn -0.9551 0.2961 0.0015
vn -0.4515 0.4835 0.7499
vn 0.3568 -0.1552 0.9212
vn -0.0007 -0.1652 0.9863
vn -0.3033 -0.1316 -0.9438
vn -0.4328 -0.9015 -0.0017
vn -0.4959 -0.8033 0.3299
vn -0.7743 -0.3457 0.5300
vn -0.8565 -0.5144 0.0411
vn -0.7981 0.6025 0.0013
vn -0.3193 -0.0472 -0.9465
vn -0.4349 -0.9004 0.0082
vn -0.0345 -0.9987 -0.0382
vn -0.7390 -0.5627 -0.3704
vn -0.3745 -0.1001 0.9218
vn -0.9048 0.1225 0.4078
vn -0.7489 0.4413 0.4944
vn -0.9608 0.0305 0.2757
vn -0.5793 -0.0130 -0.8150
vn 0.1746 -0.1579 0.9719
vn 0.8927 0.0148 0.4505
vn -0.3729 -0.8628 -0.3414
vn -0.8724 0.4720 0.1268
vn -0.3808 -0.2986 0.8751
vn -0.3410 -0.8811 0.3278
vn -0.5693 -0.6269 0.5319
vn -0.2184 0.1277 -0.9675
vn -0.7592 0.6509 0.0050
vn -0.7293 0.4160 0.5432
vn -0.4902 0.2111 0.8456
vn 0.0274 -0.2741 0.9613
vn -0.1262 -0.3363 0.9333
vn -0.9379 -0.3470 0.0014
vn -0.2988 -0.9543 0.0017
vn -0.7976 0.4096 0.4428
vn 0.8588 -0.0066 0.5123
vn 0.8407 -0.0109 0.5414
vn -0.5086 0.3963 0.7644
vn -0.2621 0.0269 0.9647
vn -0.7453 -0.4052 0.5295
vn 0.6338 -0.0992 0.7671
vn -0.5365 -0.3609 0.7628
vn -0.9079 -0.2105 0.3625
vn -0.6575 -0.4554 0.6002
vn -0.7008 -0.4498 0.5537
vn -0.8494 -0.5252 -0.0517
vn -0.2649 -0.9643 0.0031
vn -0.6147 -0.7813 0.1086
vn -0.3961 -0.2474 0.8842
vn 0.2544 -0.1678 0.9524
vn 0.2022 -0.1556 0.9669
vn 0.3312 -0.0859 0.9396
vn 0.3960 -0.2129 0.8932
vn -0.9353 -0.2044 0.2887
vn -0.9010 -0.1841 0.3928
vn 0.8318 -0.0274 0.5543
vn -0.4702 -0.2715 0.8398
vn 0.8352 -0.0102 0.5498
vn 0.4392 -0.0863 0.8942
vn -0.5992 -0.7985 0.0584
vn -0.5847 -0.7619 -0.2785
vn -0.1643 -0.4228 0.8912
vn -0.5738 0.3572 0.7370
vn 0.8517 -0.0129 0.5238
vn -0.7422 -0.5116 0.4330
vn 0.8454 -0.0039 0.5341
vn -0.8287 -0.4290 0.3595
vn -0.3191 -0.8529 0.4132
vn 0.8076 -0.0185 0.5894
vn -0.1882 0.1209 0.9747
vn 0.1002 0.0264 0.9946
vn 0.2415 -0.0971 0.9655
vn 0.1663 -0.0384 0.9853
vn -0.7249 -0.6888 -0.0045
vn 0.6529 -0.0629 0.7548
vn -0.8886 -0.2221 0.4013
vn -0.3315 -0.4868 0.8082
vn 0.0077 0.1524 0.9883
vn -0.1905 -0.1461 -0.9708
vn -0.7464 0.5005 0.4386
vn 0.0007 -0.2962 0.9551
vn 0.8057 -0.0092 0.5922
vn -0.5656 -0.1994 0.8002
vn -0.5467 -0.4040 0.7334
vn -0.9847 -0.1126 0.1326
vn -0.9451 -0.1711 0.2783
vn 0.8223 -0.0161 0.5689
vn 0.5039 0.0287 0.8633
vn 0.4501 -0.1367 0.8824
vn 0.6927 -0.0767 0.7171
vn -0.1858 -0.1270 0.9743
vn 0.3144 -0.1169 0.9421
vn -0.7002 0.5026 0.5071
vn -0.9728 -0.1443 0.1815
vn -0.8424 -0.2153 0.4939
vn -0.7368 0.5409 0.4056
vn -0.9928 -0.1199 -0.0035
vn -0.8923 -0.1052 -0.4389
vn -0.8353 -0.5497 -0.0001
vn 0.8253 0.0007 0.5646
vn -0.8289 -0.5572 0.0491
vn -0.8118 -0.3974 0.4279
vn -0.7920 -0.5172 -0.3243
vn -0.2042 -0.2998 0.9319
vn -0.5349 -0.2492 0.8073
vn 0.8248 0.0054 0.5654
vn -0.2270 -0.3093 0.9235
vn -0.4365 -0.2264 -0.8708
vn 0.6751 -0.0593 0.7353
vn -0.9928 -0.1039 0.0600
vn 0.8331 0.0057 0.5530
vn 0.3008 -0.1141 0.9468
vn -0.4394 -0.3001 0.8467
vn 0.0282 0.1204 0.9923
vn 0.0037 -0.5214 0.8533
vn 0.4248 -0.0779 0.9019
vn 0.7433 -0.0188 0.6687
vn 0.3161 -0.2481 0.9157
vn -0.6566 -0.5438 0.5226
vn -0.8950 -0.1834 0.4066
vn -0.0001 -0.0000 -1.0000
vn -0.9463 -0.1395 0.2918
vn -0.6683 0.5430 0.5085
vn 0.5359 -0.1904 0.8225
vn 0.4252 0.2010 0.8825
vn -0.0002 -0.9920 0.1259
vn 0.2773 -0.0908 0.9565
vn -0.4756 -0.8797 0.0008
vn -0.3744 -0.8885 0.2653
vn 0.8124 0.0118 0.5829
vn -0.6828 -0.5953 0.4236
vn -0.2983 -0.3055 0.9043
vn 0.3488 -0.0820 0.9336
vn -0.4811 0.4000 0.7801
vn -0.6535 -0.5505 0.5195
vn -0.0734 -0.1544 0.9853
vn -0.9207 -0.1754 0.3487
vn 0.3366 -0.1544 0.9289
vn 0.0065 -0.8499 0.5269
vn -0.9941 -0.0990 0.0450
vn 0.4251 -0.0872 0.9010
vn -0.0046 -0.1260 0.9920
vn -0.1975 -0.6604 0.7245
vn -0.3603 -0.2715 0.8924
vn -0.8574 -0.2146 0.4678
vn -0.7435 -0.2363 0.6256
vn 0.8330 -0.1736 0.5253
vn -0.6364 -0.5721 0.5173
vn -0.5628 -0.2000 0.8020
vn 0.6652 -0.0404 0.7456
vn 0.0033 -0.0770 0.9970
vn -0.0009 -0.9454 0.3258
vn 0.0003 0.2259 0.9741
vn 0.7906 0.0110 0.6123
vn 0.7688 0.1758 0.6148
vn -0.1849 -0.1568 -0.9702
vn 0.8233 0.0059 0.5676
vn -0.1231 -0.2844 0.9508
vn -0.6139 -0.2497 0.7489
vn -0.6450 0.6028 0.4697
vn 0.6290 -0.0286 0.7769
vn -0.5364 -0.7426 -0.4010
vn 0.0161 -0.6061 0.7952
vn -0.0027 -0.9332 0.3594
vn -0.2684 -0.3094 0.9123
vn -0.3403 -0.2742 0.8994
vn -0.9616 -0.1648 0.2194
vn 0.8241 0.0183 0.5662
vn 0.9379 -0.1969 0.2857
vn 0.0038 -0.2899 0.9570
vn 0.8048 0.0193 0.5932
vn 0.4199 -0.1019 0.9019
vn -0.8523 -0.1864 0.4887
vn -0.4833 -0.8743 0.0454
vn 0.9402 0.0556 0.3362
vn 0.7962 0.2390 0.5559
vn 0.7699 -0.0543 0.6358
vn 0.7093 0.1207 0.6945
vn 0.8023 0.0308 0.5961
vn 0.0167 -0.9286 0.3708
vn 0.8332 -0.3889 0.3931
vn -0.5749 -0.2540 0.7778
vn 0.9074 0.3083 0.2855
vn -0.9619 -0.1299 0.2405
vn 0.7007 -0.0133 0.7133
vn -0.9933 -0.1052 0.0472
vn 0.6565 -0.1606 0.7370
vn 0.2082 -0.1737 0.9625
vn -0.6468 -0.7627 -0.0018
vn 0.2188 -0.1192 0.9685
vn -0.4319 0.4642 0.7733
vn 0.0017 -0.3266 0.9452
vn -0.2360 -0.2025 0.9504
vn -0.6429 -0.6461 0.4114
vn 0.6585 0.1807 0.7306
vn -0.6492 -0.7149 0.2596
vn -0.2729 -0.2519 0.9285
vn 0.5328 -0.0747 0.8429
vn -0.6223 0.5517 0.5553
vn 0.4373 -0.0706 0.8966
vn 0.0145 0.8382 0.5452
vn -0.6277 -0.2490 0.7375
vn 0.8234 0.0404 0.5660
vn 0.6028 -0.2195 0.7671
vn 0.8183 0.0103 0.5747
vn 0.8420 0.0326 0.5384
vn -0.6033 -0.1235 0.7879
vn -0.6600 0.0608 0.7488
vn -0.2340 -0.8711 0.4317
vn 0.7352 -0.0148 0.6777
vn -0.9952 -0.0944 0.0248
vn -0.6604 -0.7460 0.0859
vn -0.6264 0.6211 0.4710
vn -0.9630 -0.1386 0.2310
vn -0.5797 -0.6072 0.5434
vn -0.9557 -0.1655 0.2435
vn 0.0031 -0.1669 0.9860
vn -0.0011 -0.2540 0.9672
vn -0.5321 -0.5455 0.6475
vn 0.6391 0.2899 0.7124
vn -0.8863 -0.0707 -0.4577
vn 0.2247 -0.1019 0.9691
vn -0.7326 -0.6760 -0.0787
vn 0.6940 0.0107 0.7199
vn 0.8454 0.0276 0.5334
vn -0.8358 -0.1797 0.5188
vn 0.6576 0.4118 0.6308
vn -0.5077 -0.1748 0.8436
vn -0.8809 0.0115 0.4731
vn 0.0565 -0.1730 0.9833
vn 0.5953 -0.3833 0.7061
vn 0.5323 -0.0549 0.8448
vn 0.0005 0.9249 0.3802
vn -0.6880 0.1535 0.7093
vn -0.7643 0.1519 0.6267
vn -0.7348 -0.1600 0.6592
vn -0.3027 -0.2133 0.9289
vn 0.8419 0.0126 0.5395
vn -0.2953 -0.2129 0.9314
vn 0.8368 0.0291 0.5468
vn -0.1486 -0.1529 0.9770
vn 0.1079 0.0707 0.9916
vn -0.0172 -0.8909 0.4538
vn -0.5611 0.7216 0.4056
vn -0.1681 0.1773 0.9697
vn -0.9796 -0.1377 0.1461
vn -0.8399 -0.1886 0.5089
vn 0.4744 0.0234 0.8800
vn -0.3320 -0.0080 0.9433
vn 0.0685 -0.2410 0.9681
vn -0.9417 -0.3100 -0.1309
vn -0.4036 0.5080 0.7610
vn -0.5354 0.6679 0.5170
vn 0.6203 -0.2872 0.7299
vn -0.5168 -0.1563 0.8417
vn -0.9941 -0.0772 -0.0755
vn -0.8448 0.3090 0.4369
vn 0.0005 -0.0745 0.9972
vn -0.4016 -0.2341 0.8854
vn -0.8121 -0.3498 0.4671
vn 0.7803 0.5226 0.3435
vn 0.6862 -0.0197 0.7272
vn -0.0153 -0.0013 0.9999
vn -0.5803 -0.6823 0.4446
vn 0.4459 0.0072 0.8950
vn 0.5798 0.3080 0.7543
vn -0.6255 -0.7262 0.2852
vn 0.8501 0.0275 0.5259
vn -0.8739 -0.1595 0.4592
vn 0.0003 0.2138 0.9769
vn -0.6643 -0.7443 0.0691
vn -0.3536 -0.1981 0.9142
vn 0.5373 -0.2983 0.7889
vn -0.6532 0.2253 0.7229
vn -0.5683 -0.7135 0.4098
vn -0.9843 -0.1022 0.1437
vn -0.2708 -0.2115 0.9391
vn 0.8542 0.0146 0.5198
vn -0.0010 -0.7479 0.6638
vn -0.6900 -0.1576 0.7065
vn 0.6807 0.0009 0.7326
vn 0.4267 0.3874 0.8172
vn -0.3327 0.1384 0.9328
vn 0.5855 -0.3794 0.7165
vn -0.5827 -0.2944 0.7575
vn -0.5691 0.3061 0.7632
vn 0.7611 -0.5914 0.2664
vn -0.1737 -0.7023 0.6904
vn -0.9813 -0.1129 0.1558
vn -0.3388 -0.1861 0.9223
vn -0.9960 -0.0765 -0.0461
vn -0.8701 -0.4365 -0.2287
vn -0.8896 -0.4034 -0.2142
vn 0.0006 -0.6606 0.7507
vn -0.3606 -0.0587 0.9309
vn 0.4314 -0.0540 0.9006
vn -0.5244 0.0089 0.8514
vn -0.3980 0.5423 0.7399
vn 0.0022 -0.9040 0.4275
vn -0.0005 -0.2247 0.9744
vn 0.0004 -0.6003 0.7998
vn -0.4637 0.6831 0.5642
vn 0.5329 -0.0301 0.8456
vn -0.8403 -0.1465 0.5219
vn -0.2756 -0.1757 0.9451
vn -0.4080 -0.0407 0.9121
vn 0.8894 0.0383 0.4556
vn -0.7464 0.4067 0.5268
vn 0.3023 0.0683 0.9508
vn -0.3678 0.5163 0.7734
vn 0.0176 0.7175 0.6964
vn 0.6333 0.4937 0.5960
vn -0.3557 -0.4649 0.8107
vn -0.6820 -0.4117 -0.6045
vn -0.8668 -0.1301 0.4815
vn 0.9228 -0.0283 0.3842
vn -0.3874 -0.0924 0.9173
vn -0.2795 -0.1164 0.9531
vn -0.0065 -0.2621 0.9650
vn -0.9777 -0.0525 0.2032
vn -0.9972 -0.0672 -0.0335
vn -0.9887 -0.0971 0.1143
vn 0.6440 0.3794 0.6644
vn -0.3040 -0.1558 0.9398
vn 0.6612 0.6077 0.4399
vn 0.8837 0.0282 0.4673
vn 0.0002 -0.1404 0.9901
vn 0.0003 -0.0809 0.9967
vn -0.1682 -0.2868 0.9431
vn -0.7790 -0.4912 -0.3897
vn -0.8981 -0.1217 0.4226
vn -0.4868 -0.6868 0.5398
vn -0.9661 -0.0607 0.2508
vn -0.9117 -0.0975 0.3992
vn -0.7197 -0.5008 0.4810
vn -0.2635 -0.5247 0.8095
vn -0.9351 -0.2450 -0.2560
vn -0.8645 -0.4103 0.2904
vn 0.3163 -0.0583 0.9469
vn -0.0124 -0.1603 0.9870
vn 0.5092 -0.5056 0.6965
vn 0.0001 -0.2997 0.9540
vn 0.1893 -0.1968 0.9620
vn -0.5628 0.3501 0.7488
vn -0.0009 -0.2117 0.9773
vn -0.9760 -0.2176 -0.0036
vn 0.5506 -0.0897 0.8299
vn -0.6812 0.5322 0.5028
vn -0.0006 0.9327 0.3606
vn -0.5965 -0.1079 -0.7953
vn -0.3824 -0.1520 0.9114
vn -0.9185 -0.0862 0.3859
vn 0.3939 0.4453 0.8041
vn -0.5630 -0.1208 0.8176
vn 0.0025 0.6649 0.7469
vn -0.0603 0.0547 0.9967
vn -0.0008 -0.3252 0.9457
vn -0.9537 -0.1860 0.2364
vn -0.4505 0.7477 0.4880
vn 0.5591 -0.5010 0.6606
vn -0.1717 0.5748 0.8000
vn -0.0006 -0.1734 0.9849
vn -0.3493 -0.1390 0.9267
vn -0.4162 -0.2867 0.8629
vn -0.9052 -0.1084 0.4109
vn -0.4054 -0.1431 0.9029
vn -0.8811 -0.2685 -0.3894
vn -0.9110 -0.1217 0.3941
vn -0.8382 -0.4478 0.3114
vn -0.1513 0.3949 0.9062
vn -0.5770 -0.5022 0.6440
vn 0.5822 0.5599 0.5895
vn 0.3366 0.4420 0.8315
vn -0.4491 -0.7038 0.5504
vn 0.0485 0.0939 0.9944
vn -0.0021 -0.2148 0.9767
vn 0.0068 -0.7914 0.6112
vn -0.0007 0.8367 -0.5476
vn -0.1316 -0.0382 -0.9906
vn -0.4464 -0.0839 0.8909
vn -0.3568 -0.4473 0.8201
vn -0.0023 -0.6375 0.7705
vn -0.6587 -0.6637 -0.3545
vn -0.6834 -0.7300 0.0051
vn -0.4545 -0.7673 0.4525
vn -0.4724 0.3964 0.7872
vn -0.4437 0.8043 0.3953
vn -0.0027 -0.5903 0.8072
vn 0.4827 -0.4928 0.7240
vn -0.3172 -0.2835 -0.9050
vn -0.4283 0.7006 0.5707
vn -0.6238 -0.1468 0.7677
vn -0.8684 -0.1222 0.4806
vn -0.9307 -0.0835 0.3562
vn -0.9176 -0.0638 0.3924
vn 0.3127 -0.2133 0.9256
vn 0.0027 0.6558 0.7550
vn 0.2409 -0.1685 0.9558
vn -0.2465 -0.8221 0.5133
vn -0.2024 -0.1392 0.9694
vn -0.3932 -0.7347 0.5528
vn -0.2610 0.2000 0.9444
vn -0.0029 0.2917 0.9565
vn -0.2965 0.0868 0.9511
vn 0.5770 -0.7284 0.3695
vn -0.2294 -0.9563 -0.1811
vn -0.3278 -0.9281 0.1764
vn -0.4790 -0.8537 0.2046
vn -0.7642 0.2052 0.6115
vn -0.6355 -0.6917 0.3429
vn -0.4474 -0.3949 0.8024
vn -0.3046 0.5763 0.7584
vn -0.0142 -0.6666 0.7452
vn -0.1459 -0.7465 -0.6491
vn -0.3191 -0.1380 0.9376
vn -0.6120 -0.1367 0.7790
vn 0.0995 -0.2301 0.9681
vn 0.5822 0.7603 0.2881
vn 0.4132 -0.5833 0.6993
vn -0.0037 -0.3973 0.9177
vn -0.9737 0.0400 0.2244
vn -0.0019 -0.3423 0.9396
vn -0.2727 -0.5495 0.7897
vn -0.4683 0.4683 0.7493
vn -0.2899 0.5894 0.7541
vn -0.3535 -0.4093 0.8411
vn -0.1022 0.1990 0.9746
vn -0.2772 -0.1399 0.9506
vn 0.4356 0.5145 0.7386
vn 0.3111 -0.1073 0.9443
vn 0.4967 -0.4154 0.7620
vn 0.2136 -0.3013 0.9293
vn -0.5663 0.6388 0.5208
vn -0.6218 -0.7362 -0.2672
vn 0.4192 -0.5141 0.7483
vn 0.3773 -0.1670 0.9109
vn 0.0061 -0.6890 0.7247
vn -0.0000 -0.0001 -1.0000
vn 0.0009 0.0931 -0.9957
vn 0.3347 -0.5876 0.7367
vn -0.0015 -0.2704 -0.9627
vn 0.3857 -0.1616 0.9084
vn -0.2268 0.3026 0.9258
vn 0.5124 0.6283 0.5855
vn -0.0008 -0.1494 0.9888
vn 0.3084 -0.2644 0.9138
vn -0.3576 -0.6996 0.6186
vn -0.3695 -0.8337 0.4105
vn 0.4254 -0.0894 0.9006
vn 0.0003 -0.7015 0.7127
vn 0.0008 -0.1499 0.9887
vn 0.4186 -0.8419 0.3404
vn 0.8474 -0.1379 0.5127
vn 0.3229 -0.1132 0.9396
vn 0.3266 -0.1060 0.9392
vn 0.0009 -0.9117 0.4109
vn 0.3601 -0.2335 0.9032
vn 0.4019 -0.2098 0.8913
vn -0.3180 0.8087 0.4948
vn 0.2816 -0.1493 0.9478
vn 0.3932 -0.6430 0.6572
vn 0.3656 0.5670 0.7382
vn -0.2533 0.5657 0.7847
vn 0.0014 -0.9025 0.4307
vn -0.0004 -0.5484 0.8362
vn -0.0053 -0.8910 0.4540
vn -0.0001 0.6020 0.7985
vn 0.3267 -0.2386 0.9145
vn -0.3446 0.7488 0.5661
vn 0.3598 -0.1108 0.9264
vn 0.6324 -0.2081 0.7462
vn -0.3807 0.5284 0.7589
vn -0.3504 -0.5086 0.7865
vn 0.7268 -0.6015 0.3316
vn 0.8635 -0.1343 0.4862
vn 0.3727 -0.2026 0.9056
vn -0.0030 -0.9987 -0.0504
vn 0.9689 -0.1212 0.2159
vn -0.0000 -0.0002 1.0000
vn 0.4203 -0.0993 0.9019
vn 0.8789 -0.0816 0.4699
vn 0.3241 -0.1856 0.9276
vn 0.3606 -0.1009 0.9272
vn 0.0880 -0.7943 0.6012
vn -0.2175 -0.6448 0.7327
vn -0.2991 -0.7894 0.5361
vn 0.8583 -0.1281 0.4968
vn 0.5677 -0.0998 0.8172
vn 0.0551 0.0682 0.9961
vn -0.0013 -0.9836 0.1806
vn 0.8587 -0.1022 0.5023
vn 0.8900 -0.2210 0.3989
vn 0.8558 -0.1325 0.5000
vn 0.8909 -0.0939 0.4444
vn -0.4447 0.7345 0.5126
vn 0.8473 -0.0674 0.5268
vn 0.8513 -0.0996 0.5151
vn -0.4335 -0.7831 0.4458
vn 0.4225 0.8018 0.4225
vn 0.6914 -0.1126 0.7136
vn -0.6556 -0.2353 0.7175
vn 0.8572 -0.0821 0.5084
vn -0.0513 0.0675 0.9964
vn -0.3334 -0.9418 -0.0437
vn -0.0007 -0.3583 0.9336
vn -0.3917 0.7017 0.5952
vn 0.3994 -0.8659 0.3013
vn 0.8826 -0.0888 0.4616
vn 0.7673 -0.1269 0.6287
vn 0.3830 -0.1446 0.9123
vn 0.2864 -0.6407 0.7123
vn -0.2869 0.7984 0.5294
vn 0.7995 -0.1174 0.5891
vn 0.8727 -0.0584 0.4847
vn 0.8179 -0.1003 0.5665
vn -0.0005 -0.4443 0.8959
vn 0.8209 -0.0885 0.5642
vn 0.8150 -0.0892 0.5726
vn 0.6566 -0.1812 0.7321
vn 0.1690 0.5812 0.7960
vn 0.8271 -0.0813 0.5561
vn 0.0065 0.5368 0.8437
vn -0.0010 -0.2813 0.9596
vn 0.2840 -0.1010 0.9535
vn 0.5407 -0.2050 0.8159
vn -0.1934 -0.3482 0.9173
vn 0.6606 -0.1138 0.7421
vn 0.3762 -0.2477 0.8928
vn 0.3643 0.7352 0.5716
vn 0.8323 -0.0510 0.5520
vn 0.8995 -0.0538 0.4336
vn 0.5964 -0.1797 0.7823
vn 0.8231 -0.0885 0.5610
vn -0.0013 -0.6802 0.7330
vn -0.1671 0.5814 0.7963
vn 0.0014 -0.0245 0.9997
vn -0.1014 -0.4124 0.9053
vn -0.1619 -0.6579 0.7355
vn -0.2574 0.7955 0.5486
vn 0.2361 -0.5180 0.8221
vn -0.0169 -0.9192 0.3934
vn 0.8614 -0.0760 0.5022
vn 0.9836 0.0039 0.1804
vn 0.4766 -0.1766 0.8612
vn 0.5530 -0.0858 0.8287
vn 0.4168 -0.1389 0.8983
vn -0.2655 -0.8827 0.3878
vn 0.2718 -0.3345 0.9023
vn 0.8108 -0.0781 0.5801
vn 0.8448 -0.0358 0.5338
vn 0.6069 -0.1261 0.7847
vn 0.2787 -0.6387 0.7172
vn 0.0121 -0.8429 0.5379
vn 0.3252 -0.2292 0.9175
vn 0.3054 -0.1179 0.9449
vn 0.8720 -0.0625 0.4855
vn 0.3806 -0.3046 0.8731
vn 0.8770 -0.0349 0.4792
vn 0.3433 -0.2291 0.9109
vn 0.8484 -0.0271 0.5287
vn 0.8308 -0.0561 0.5537
vn 0.5825 -0.1409 0.8005
vn -0.3208 0.9450 0.0631
vn 0.5544 -0.1146 0.8243
vn 0.8313 -0.0255 0.5552
vn 0.6530 -0.1394 0.7444
vn -0.1242 -0.6213 0.7737
vn 0.0073 0.6999 0.7142
vn -0.3845 -0.8729 -0.3003
vn -0.3024 -0.9407 -0.1539
vn 0.8202 -0.0461 0.5703
vn -0.2251 -0.2874 0.9310
vn 0.8457 -0.0208 0.5333
vn 0.6752 -0.0880 0.7324
vn 0.1845 -0.1933 0.9636
vn 0.3002 -0.3408 0.8909
vn -0.2931 0.6027 0.7422
vn -0.3419 0.8061 0.4830
vn 0.3522 -0.2024 0.9138
vn 0.8238 -0.0211 0.5664
vn 0.0027 0.4916 0.8708
vn 0.8776 -0.0142 0.4792
vn 0.7192 -0.0324 0.6940
vn 0.6986 -0.0971 0.7089
vn -0.1996 -0.2920 0.9354
vn 0.5233 -0.2214 0.8229
vn 0.3846 -0.0993 0.9177
vn -0.1957 -0.8227 0.5338
vn -0.1741 0.8729 0.4558
vn 0.8016 -0.0452 0.5961
vn -0.3709 -0.3193 0.8720
vn 0.8007 -0.0346 0.5980
vn 0.8580 -0.0170 0.5133
vn -0.1652 -0.1520 0.9745
vn 0.3246 0.7618 0.5606
vn -0.5506 -0.8012 0.2343
vn -0.5062 -0.5719 0.6455
vn 0.2682 -0.9504 0.1578
vn 0.8007 -0.0072 0.5990
vn 0.8108 -0.0217 0.5850
vn 0.8427 -0.0220 0.5380
vn 0.6249 -0.0833 0.7763
vn 0.2755 -0.1993 0.9404
vn 0.2792 0.8268 0.4884
vn 0.3159 -0.1743 0.9326
vn 0.3634 -0.0975 0.9265
vn -0.4856 -0.2281 0.8439
vn -0.2796 -0.1427 0.9494
vn 0.1179 -0.9640 0.2382
vn -0.5508 -0.8195 0.1584
vn -0.8798 -0.1461 0.4523
vn -0.0550 -0.7847 0.6174
vn -0.0604 -0.2786 0.9585
vn -0.1349 0.3159 0.9391
vn -0.1628 0.8181 0.5516
vn 0.6088 -0.1319 0.7823
vn 0.6618 -0.0255 0.7493
vn 0.7915 -0.0302 0.6104
vn -0.4006 -0.3181 0.8592
vn 0.0018 -0.9123 0.4096
vn -0.3828 -0.2146 0.8986
vn -0.0104 -0.5661 0.8242
vn -0.0442 -0.2601 0.9646
vn 0.4420 -0.0579 0.8951
vn 0.9296 0.3682 -0.0147
vn -0.0646 -0.1824 0.9811
vn -0.6627 -0.1569 0.7323
vn -0.4245 -0.3196 0.8471
vn 0.8355 -0.0137 0.5493
vn 0.2827 -0.1631 0.9452
vn 0.8713 -0.0241 0.4902
vn -0.2128 0.6564 0.7238
vn -0.2389 -0.8714 0.4284
vn -0.8894 -0.1716 0.4237
vn 0.5784 -0.0472 0.8144
vn -0.8561 -0.3455 0.3843
vn 0.8571 -0.0368 0.5139
vn -0.0378 -0.1437 0.9889
vn 0.8714 -0.0041 0.4905
vn 0.1555 0.6272 0.7631
vn 0.1854 -0.5671 0.8025
vn -0.0007 -0.8021 0.5972
vn -0.1406 -0.8691 0.4742
vn -0.4899 -0.1905 0.8507
vn -0.0692 -0.2636 0.9621
vn -0.9012 -0.1607 0.4025
vn 0.6654 -0.0353 0.7456
vn -0.5950 -0.1475 0.7901
vn -0.5295 -0.1827 0.8284
vn 0.8178 0.0242 0.5750
vn 0.1423 -0.7586 0.6358
vn -0.0587 -0.3026 0.9513
vn 0.5094 -0.1568 0.8461
vn -0.0901 0.4176 0.9042
vn -0.1680 -0.8733 0.4572
vn -0.0394 0.1140 0.9927
vn -0.9265 -0.3420 0.1571
vn 0.3477 -0.0421 0.9367
vn -0.6347 -0.2093 0.7439
vn 0.3940 -0.0552 0.9175
vn -0.1833 -0.6053 0.7746
vn -0.5442 -0.1909 0.8170
vn -0.0026 -0.0489 0.9988
vn -0.9120 -0.1157 0.3935
vn -0.9329 -0.1121 0.3421
vn -0.0416 -0.1036 0.9937
vn 0.4128 -0.0196 0.9106
vn -0.7150 -0.6656 0.2139
vn -0.1760 0.8540 0.4896
vn 0.2495 0.3882 0.8871
vn 0.5246 -0.0448 0.8502
vn -0.4599 -0.1110 0.8810
vn -0.2334 -0.2258 0.9458
vn -0.4590 -0.2019 0.8652
vn -0.7045 -0.1694 0.6892
vn 0.0017 -0.6710 0.7414
vn 0.0073 -0.3202 0.9473
vn -0.9337 -0.1455 0.3272
vn -0.0812 -0.1268 0.9886
vn 0.4115 -0.0997 0.9059
vn -0.9676 -0.0950 0.2338
vn 0.4314 -0.0817 0.8984
vn -0.5942 -0.0429 0.8032
vn -0.7077 -0.1673 0.6864
vn -0.0006 -0.1510 0.9885
vn -0.1715 0.7957 0.5810
vn -0.9618 -0.0535 0.2685
vn -0.9585 -0.0813 0.2733
vn 0.0046 0.0631 0.9980
vn -0.9872 -0.0543 0.1499
vn -0.5098 -0.0688 0.8575
vn -0.9877 -0.0586 0.1448
vn -0.3369 -0.0851 0.9377
vn 0.1250 0.8872 0.4440
vn 0.0206 0.1991 0.9798
vn -0.4108 0.0625 0.9096
vn -0.4512 0.0398 0.8915
vn -0.4634 -0.1618 0.8712
vn -0.0026 -0.6104 0.7921
vn -0.7294 0.0251 0.6836
vn -0.9547 -0.0866 0.2847
vn -0.8790 -0.2212 0.4224
vn -0.8229 -0.1566 0.5462
vn -0.9982 -0.0290 0.0524
vn -0.8444 -0.1602 0.5113
vn -0.9710 -0.0681 0.2291
vn -0.2879 -0.0827 0.9541
vn -0.0692 0.6053 0.7930
vn -0.8592 -0.1438 0.4909
vn -0.0276 0.5923 0.8053
vn -0.9947 -0.0356 0.0961
vn -0.8948 -0.1063 0.4337
vn -0.3988 -0.1147 0.9098
vn 0.0705 0.6548 0.7525
vn -0.4133 -0.2880 0.8639
vn -0.3391 -0.3152 0.8864
vn -0.0537 -0.5965 0.8008
vn -0.1513 -0.9844 -0.0896
vn -0.9983 -0.0395 0.0431
vn -0.8668 -0.1207 0.4838
vn -0.8944 -0.0429 0.4452
vn -0.9893 -0.0479 0.1379
vn -0.3380 -0.2845 0.8971
vn -0.8439 -0.1164 0.5238
vn -0.9474 -0.0047 0.3201
vn -0.4130 -0.2210 0.8835
vn -0.9158 -0.0290 0.4007
vn -0.0058 -0.2109 0.9775
vn -0.0006 -0.3165 0.9486
vn -0.3373 -0.2461 0.9087
vn -0.0449 -0.5548 0.8308
vn -0.0660 0.8278 0.5571
vn -0.9998 -0.0188 0.0119
vn -0.4333 0.4244 0.7951
vn -0.2526 -0.2582 0.9325
vn -0.9739 -0.0418 0.2230
vn -0.2544 -0.2547 0.9330
vn -0.9012 -0.0722 0.4274
vn -0.4037 -0.1829 0.8964
vn -0.9071 -0.0557 0.4172
vn -0.9136 -0.0683 0.4009
vn 0.0917 -0.6870 0.7208
vn -0.0010 -0.8480 0.5300
vn -0.8671 0.0230 0.4977
vn -0.2618 -0.2035 0.9434
vn -0.3503 -0.2044 0.9141
vn -0.4062 -0.2100 0.8893
vn -0.9114 -0.0670 0.4061
vn -0.8173 0.1268 0.5620
vn -0.2635 0.0772 0.9616
vn -0.0034 -0.8005 0.5993
vn 0.0294 -0.3469 0.9374
vn 0.0056 -0.9600 -0.2800
vn 0.0007 -0.5933 0.8050
vn -0.0822 0.6794 0.7291
vn -0.8671 -0.0778 0.4920
vn -0.0712 -0.8710 0.4861
vn -0.7124 -0.0972 0.6950
vn -0.2568 -0.1703 0.9513
vn -0.3887 -0.1498 0.9091
vn -0.0093 -0.2189 0.9757
vn -0.8897 -0.0661 0.4518
vn -0.8887 -0.0671 0.4537
vn 0.3632 -0.6196 0.6958
vn -0.2595 -0.1220 0.9580
vn -0.3925 -0.1193 0.9120
vn -0.4142 -0.1198 0.9023
vn -0.2152 -0.1363 0.9670
vn 0.0038 -1.0000 0.0005
vn 0.0202 -0.2794 0.9600
vn -0.3941 -0.1285 0.9100
vn -0.4610 -0.1281 0.8781
vn 0.0034 0.5750 0.8181
vn -0.0395 0.6364 0.7704
vn -0.3783 -0.1276 0.9168
vn 0.0187 0.8670 0.4979
vn 0.0115 -0.2474 0.9689
vn -0.2615 -0.1238 0.9572
vn 0.0023 -0.2011 0.9796
vn 0.0556 0.1045 0.9930
vn -0.0066 0.6320 0.7749
vn -0.0787 -0.8583 0.5070
vn -0.0246 -0.8401 0.5419
vn 0.0200 -0.1679 0.9856
vn -0.0599 -0.6151 0.7862
vn -0.0380 0.6388 0.7685
vn 0.0297 0.9133 0.4062
vn 0.0570 0.3308 0.9420
vn 0.0006 -0.9372 0.3487
vn -0.0041 -0.0575 0.9983
vn 0.0005 -0.8519 0.5237
vn 0.3383 -0.2994 0.8921
vn -0.0013 0.9911 -0.1329
vn -0.0017 0.9386 0.3449
vn -0.0016 0.5229 -0.8524
vn -0.0162 -0.2647 0.9642
vn 0.0142 -0.8699 0.4931
vn -0.0341 0.9292 0.3680
vn -0.0299 -0.9063 0.4217
vn -0.0002 -0.2695 0.9630
vn 0.0431 -0.6150 0.7874
vn 0.0012 -0.2173 0.9761
vn 0.3597 -0.1249 0.9247
vn 0.0239 -0.2009 0.9793
vn 0.3186 -0.1218 0.9400
vn -0.0003 -0.1794 0.9838
vn -0.0591 0.7225 0.6888
vn -0.0091 -0.8473 0.5311
vn 0.3284 -0.1182 0.9371
vn 0.2382 -0.3084 0.9210
vn 0.0480 -0.8260 0.5616
vn 0.3509 -0.1378 0.9262
vn 0.4187 -0.1202 0.9001
vn 0.2995 -0.1300 0.9452
vn -0.0014 -0.7114 0.7028
vn -0.0011 -0.1411 0.9900
vn 0.3666 0.0413 0.9295
vn 0.0644 0.9936 -0.0923
vn -0.1523 0.6536 0.7414
vn -0.0587 -0.6018 0.7965
vn 0.1026 0.8809 0.4621
vn -0.0848 -0.6562 0.7498
vn 0.1093 -0.6386 0.7617
vn 0.0666 0.6218 0.7803
vn -0.0091 -0.1526 0.9882
vn 0.2941 -0.2066 0.9332
vn -0.0496 0.1652 0.9850
vn -0.0035 0.2345 0.9721
vn 0.0027 -0.1559 0.9878
vn -0.0857 0.7806 0.6192
vn -0.0028 0.6201 0.7845
vn -0.0007 -0.2321 0.9727
vn 0.4276 -0.1202 0.8959
vn 0.0543 -0.5137 0.8563
vn 0.0020 0.6737 0.7390
vn 0.2835 -0.3147 0.9059
vn 0.1369 0.6323 0.7625
vn 0.0945 -0.8274 0.5537
vn 0.1408 -0.8751 0.4630
vn 0.2320 -0.1994 0.9521
vn -0.0076 0.7912 0.6115
vn 0.0007 -0.4934 0.8698
vn -0.0010 0.6269 0.7791
vn -0.0054 0.6639 0.7478
vn 0.0770 0.3181 0.9449
vn 0.5296 -0.1202 0.8397
vn 0.1137 0.7927 0.5990
vn 0.0063 -0.6625 0.7491
vn 0.3014 -0.1978 0.9328
vn 0.3245 -0.2279 0.9180
vn 0.3587 -0.1204 0.9257
vn -0.1881 -0.8664 0.4626
vn -0.0001 -0.5105 0.8599
vn 0.3125 -0.1072 0.9438
vn 0.1387 -0.6406 0.7553
vn 0.1076 0.8400 0.5318
vn 0.0850 0.6509 0.7544
vn 0.2505 -0.6380 -0.7282
vn 0.4183 -0.1539 0.8952
vn 0.3699 -0.1264 0.9204
vn 0.7086 -0.1008 0.6984
vn 0.8709 -0.0795 0.4849
vn 0.2128 -0.8927 0.3973
vn 0.1973 -0.8609 0.4689
vn 0.2221 -0.7215 0.6558
vn 0.0002 0.0134 0.9999
vn 0.4500 -0.1660 0.8775
vn -0.1767 0.5856 0.7911
vn 0.8809 -0.0812 0.4663
vn 0.7366 -0.1057 0.6680
vn 0.8861 -0.0753 0.4574
vn 0.9120 -0.0695 0.4043
vn 0.0923 -0.6465 0.7573
vn 0.2132 -0.9343 0.2857
vn 0.0003 -0.0002 -1.0000
vn -0.0037 -0.7403 0.6722
vn -0.0021 -0.1279 0.9918
vn -0.0378 -0.1078 0.9934
vn 0.3923 -0.2021 0.8974
vn 0.3306 -0.2418 0.9123
vn 0.4390 -0.2800 0.8537
vn 0.2229 -0.2531 0.9414
vn -0.2791 0.8518 0.4432
vn 0.8597 -0.0280 0.5101
vn 0.4370 -0.1750 0.8823
vn 0.6397 0.2938 0.7102
vn 0.8731 -0.0685 0.4827
vn 0.8735 -0.0721 0.4814
vn 0.9045 -0.0591 0.4224
vn 0.3787 -0.5639 0.7339
vn 0.6313 -0.2105 0.7464
vn 0.2865 -0.2802 0.9162
vn 0.9005 -0.0540 0.4316
vn 0.8952 -0.0554 0.4422
vn 0.9060 -0.0417 0.4213
vn 0.9117 -0.0410 0.4088
vn 0.6361 -0.1636 0.7541
vn 0.9999 -0.0097 0.0081
vn 0.8598 -0.1093 0.4988
vn 0.8979 -0.0837 0.4322
vn 0.8028 -0.1387 0.5799
vn 0.8574 -0.1350 0.4967
vn 0.1946 0.7878 0.5844
vn -0.1391 -0.4334 0.8904
vn 0.9883 -0.0404 0.1469
vn 0.9697 -0.0964 0.2245
vn 0.9705 0.0031 0.2412
vn 0.9998 -0.0199 -0.0047
vn 0.0004 0.0002 -1.0000
vn 0.0084 -0.1174 0.9931
vn 0.8701 -0.1050 0.4815
vn 0.8186 -0.1629 0.5508
vn 0.9548 -0.0537 0.2923
vn 0.9215 -0.0874 0.3785
vn 0.0760 0.4491 0.8902
vn 0.4426 -0.0990 0.8912
vn 0.2365 0.7074 0.6661
vn 0.9914 -0.0468 0.1222
vn 0.8678 -0.0177 0.4965
vn 0.2754 -0.1057 0.9555
vn 0.0102 0.0707 0.9974
vn 0.9990 -0.0337 0.0283
vn 0.9779 -0.0678 0.1976
vn 0.3461 -0.1356 0.9283
vn 0.8209 -0.1874 0.5394
vn 0.8730 -0.1193 0.4729
vn 0.3463 -0.0683 0.9356
vn 0.4639 -0.1254 0.8770
vn 0.3778 -0.2921 0.8786
vn 0.0005 -0.5219 0.8530
vn -0.1580 -0.5843 0.7960
vn 0.0314 -0.1029 0.9942
vn 0.6173 -0.0504 0.7851
vn 0.3729 -0.0079 0.9278
vn 0.3892 -0.0377 0.9204
vn 0.9963 -0.0344 0.0782
vn 0.9353 -0.2755 0.2221
vn 0.4154 0.0612 0.9076
vn 0.8578 -0.1688 0.4855
vn 0.9630 -0.0778 0.2582
vn 0.3181 -0.1592 0.9346
vn 0.5746 -0.1251 0.8088
vn 0.9679 -0.0795 0.2384
vn 0.9963 -0.0313 0.0801
vn 0.8641 -0.1424 0.4827
vn 0.9658 -0.0762 0.2477
vn 0.0009 -0.0616 0.9981
vn 0.9910 -0.0518 0.1233
vn 0.2161 0.6053 0.7661
vn 0.5219 -0.2424 0.8178
vn -0.4481 -0.0744 0.8909
vn 0.5482 -0.2329 0.8033
vn 0.9493 -0.0778 0.3045
vn 0.1408 0.5538 0.8207
vn 0.2277 -0.9725 0.0490
vn 0.5681 -0.2025 0.7977
vn -0.3918 -0.0957 0.9151
vn 0.1833 -0.6332 0.7519
vn 0.9607 -0.0575 0.2717
vn -0.3925 0.4634 0.7945
vn -0.4342 -0.1962 0.8792
vn 0.9768 -0.0493 0.2085
vn 0.9910 -0.0550 0.1221
vn 0.3936 -0.1933 -0.8987
vn 0.9355 -0.1544 0.3180
vn 0.5270 -0.1644 0.8338
vn 0.5914 -0.1679 0.7887
vn -0.8064 0.1039 0.5822
vn 0.5638 -0.2302 0.7932
vn 0.9206 -0.1314 0.3677
vn 0.2077 -0.5868 0.7826
vn -0.0029 -0.9017 0.4324
vn 0.9211 -0.1091 0.3738
vn 0.0407 0.0829 0.9957
vn -0.4692 -0.1100 0.8762
vn 0.9394 -0.0947 0.3293
vn 0.1927 -0.2914 0.9370
vn -0.8573 -0.0267 0.5141
vn -0.4162 -0.0158 0.9091
vn 0.9020 -0.1513 0.4045
vn 0.9588 -0.2357 0.1587
vn 0.4663 -0.1101 0.8777
vn 0.6392 -0.2410 0.7303
vn -0.4463 -0.0247 0.8946
vn 0.9307 -0.1231 0.3445
vn 0.5570 -0.7820 0.2798
vn -0.1910 0.0117 0.9815
vn -0.5024 -0.1334 0.8543
vn -0.7207 -0.0340 0.6925
vn 0.9286 -0.1447 0.3416
vn -0.5344 0.0756 0.8418
vn 0.8846 -0.1691 0.4347
vn 0.0088 -0.4497 0.8931
vn 0.8926 -0.2127 0.3975
vn 0.8847 -0.1491 0.4416
vn -0.8633 -0.0118 0.5045
vn -0.3681 -0.1492 0.9177
vn 0.8315 -0.5340 0.1530
vn 0.3238 -0.3833 0.8650
vn 0.3215 -0.2511 0.9130
vn -0.1930 -0.2468 0.9497
vn -0.3878 0.8099 0.4401
vn -0.4240 -0.0693 0.9030
vn 0.1028 -0.2011 0.9742
vn -0.6335 -0.0595 0.7715
vn 0.0004 0.1224 -0.9925
vn 0.3785 -0.2386 0.8943
vn -0.2910 -0.1763 0.9403
vn 0.4401 -0.1949 0.8765
vn 0.2471 0.8818 0.4018
vn 0.2522 -0.7931 0.5544
vn -0.3471 -0.2257 0.9103
vn -0.3783 -0.1699 0.9100
vn -0.2421 0.6558 0.7150
vn -0.8203 -0.0375 0.5706
vn -0.4127 -0.0096 0.9108
vn 0.0622 -0.1966 0.9785
vn -0.8360 -0.0595 0.5455
vn -0.5792 -0.0285 0.8147
vn -0.2763 -0.1756 0.9449
vn 0.4258 0.8077 0.4079
vn 0.5277 -0.1607 0.8341
vn 0.3352 -0.3201 0.8861
vn -0.3050 -0.2278 0.9247
vn 0.3540 -0.2463 0.9023
vn -0.2514 -0.5953 0.7632
vn -0.3531 -0.7901 0.5010
vn -0.6420 -0.0299 0.7661
vn 0.2845 -0.4200 0.8618
vn 0.1345 -0.8723 0.4700
vn -0.8165 -0.0198 0.5771
vn 0.4214 -0.2264 0.8782
vn -0.8122 -0.0282 0.5826
vn -0.2210 -0.3464 0.9117
vn 0.4506 -0.3410 0.8250
vn -0.0010 0.1878 0.9822
vn 0.0155 -0.9154 0.4023
vn -0.3743 -0.1897 0.9077
vn -0.7215 -0.0466 0.6908
vn -0.7990 -0.0869 0.5950
vn -0.6671 -0.0370 0.7441
vn 0.4786 -0.8581 -0.1863
vn 0.0851 -0.7823 0.6170
vn -0.7944 -0.0121 0.6073
vn 0.2407 0.6539 0.7173
vn -0.4439 -0.1594 0.8818
vn -0.3506 -0.1018 0.9310
vn -0.8455 -0.0262 0.5333
vn 0.3915 -0.7646 0.5120
vn -0.2114 -0.1457 0.9665
vn 0.2759 0.6043 0.7475
vn 0.1702 0.3474 0.9221
vn 0.2889 0.9226 -0.2555
vn -0.3067 0.5157 0.8000
vn -0.2868 -0.1066 0.9520
vn -0.4526 -0.2355 0.8601
vn -0.4354 -0.2630 0.8610
vn 0.3246 -0.7516 0.5742
vn -0.2760 -0.1899 0.9422
vn 0.3641 0.4519 0.8143
vn 0.3091 -0.4985 0.8099
vn -0.7938 -0.0032 0.6082
vn -0.8535 -0.0218 0.5206
vn -0.3062 -0.3506 0.8851
vn -0.0070 -0.1734 0.9848
vn -0.3022 -0.2733 0.9132
vn -0.9483 0.0062 0.3173
vn -0.3375 -0.1061 0.9353
vn 0.3119 0.8131 0.4916
vn 0.1973 -0.5715 0.7965
vn -0.5831 -0.1375 0.8007
vn 0.2829 0.7486 0.5996
vn -0.0874 -0.9588 0.2702
vn -0.3565 -0.8562 -0.3740
vn -0.4457 -0.1961 0.8735
vn -0.0207 -0.0022 0.9998
vn 0.1221 -0.8316 0.5418
vn 0.2273 -0.2378 0.9443
vn -0.3302 -0.1055 0.9380
vn -0.8248 -0.0129 0.5653
vn -0.8288 -0.0372 0.5583
vn -0.6796 -0.0948 0.7275
vn -0.8570 -0.0210 0.5149
vn -0.8009 -0.0552 0.5963
vn -0.3886 -0.2908 0.8743
vn -0.8822 -0.0656 0.4664
vn -0.8281 0.1016 -0.5513
vn -0.6258 -0.1375 0.7678
vn -0.3672 -0.1005 0.9247
vn -0.8509 -0.0473 0.5232
vn 0.3005 -0.5547 0.7759
vn -0.3366 -0.1019 0.9361
vn 0.0112 -0.8683 0.4960
vn -0.4560 -0.4096 0.7901
vn -0.3330 0.5976 0.7294
vn -0.8772 -0.0280 0.4794
vn -0.8355 -0.0956 0.5410
vn -0.6233 -0.1481 0.7678
vn 0.3102 -0.2765 0.9096
vn -0.4201 -0.8361 0.3527
vn -0.8547 -0.0697 0.5144
vn -0.8310 -0.0615 0.5529
vn -0.8339 -0.1225 0.5382
vn -0.8391 -0.0637 0.5402
vn -0.3250 -0.1092 0.9394
vn -0.8451 -0.0620 0.5310
vn 0.3621 -0.8164 0.4500
vn -0.8479 -0.1066 0.5193
vn -0.2967 -0.1050 0.9492
vn 0.1832 -0.9690 -0.1660
vn 0.5137 0.7545 -0.4086
vn -0.3307 -0.1412 0.9331
vn 0.4358 -0.1596 0.8858
vn 0.2560 -0.6016 0.7567
vn -0.5023 -0.2117 0.8384
vn -0.7927 -0.0688 0.6057
vn -0.9092 -0.0609 0.4119
vn -0.8039 -0.1175 0.5830
vn -0.3629 -0.2560 0.8960
vn 0.3954 0.8100 0.4331
vn -0.7993 -0.0693 0.5969
vn 0.4123 -0.8961 -0.1640
vn -0.5007 -0.8121 0.2995
vn -0.7641 -0.1835 0.6184
vn 0.1939 -0.3642 0.9109
vn -0.0006 0.0739 0.9973
vn 0.2410 -0.7493 0.6168
vn -0.1977 -0.1585 0.9674
vn -0.8423 -0.1286 0.5235
vn -0.5712 0.7439 0.3469
vn 0.4827 -0.0400 0.8749
vn -0.0023 -0.3223 0.9466
vn -0.8213 -0.1005 0.5616
vn -0.9887 0.0119 0.1494
vn 0.3536 -0.5292 0.7713
vn 0.1256 0.2697 0.9547
vn 0.4611 0.6016 0.6522
vn -0.0099 -0.0972 0.9952
vn -0.5103 -0.7532 0.4150
vn -0.8560 -0.0690 0.5124
vn -0.3115 -0.1481 0.9386
vn -0.4980 -0.1790 0.8485
vn 0.5213 -0.6722 0.5257
vn 0.3259 -0.7500 0.5756
vn 0.2687 0.5652 0.7800
vn -0.8602 -0.0705 0.5050
vn -0.3151 -0.1744 0.9329
vn 0.3626 -0.1485 0.9200
vn -0.8237 -0.4269 0.3732
vn -0.3644 0.5540 0.7485
vn -0.0000 -0.2567 0.9665
vn -0.0043 -0.9060 0.4233
vn -0.3979 -0.5372 0.7437
vn -0.2851 -0.4836 0.8276
vn -0.3671 -0.1696 0.9146
vn 0.3199 -0.1264 0.9390
vn 0.0180 -0.1611 0.9868
vn -0.3850 0.5258 0.7585
vn -0.9080 -0.0751 0.4121
vn -0.3555 -0.6042 0.7131
vn -0.9424 -0.2743 -0.1914
vn 0.3699 0.7557 0.5404
vn -0.8378 -0.1201 0.5327
vn 0.1362 0.2064 0.9689
vn 0.0089 -0.2047 0.9788
vn 0.3053 -0.1406 0.9418
vn -0.8521 -0.0926 0.5151
vn -0.3332 -0.2115 0.9188
vn 0.4230 0.7772 0.4658
vn -0.9825 -0.0607 0.1762
vn -0.7955 -0.1412 0.5893
vn -0.0955 -0.1194 0.9882
vn -0.0005 0.9788 0.2047
vn -0.2167 -0.2424 0.9457
vn 0.4203 -0.4815 0.7691
vn -0.1048 0.1074 0.9887
vn -0.0005 -0.2151 0.9766
vn 0.3013 -0.2804 0.9114
vn -0.9284 -0.1978 0.3144
vn 0.2859 -0.1379 0.9483
vn -0.1510 -0.2538 0.9554
vn 0.4442 0.4886 0.7510
vn -0.8390 -0.1585 0.5206
vn -0.0025 -0.3513 0.9363
vn 0.2627 -0.1238 0.9569
vn -0.2424 -0.2649 0.9333
vn 0.6182 -0.6334 0.4654
vn 0.2981 -0.5884 0.7516
vn 0.2474 0.2225 0.9430
vn -0.4047 -0.2698 0.8738
vn -0.3535 -0.2861 0.8906
vn 0.4445 -0.7594 0.4751
vn 0.4303 -0.6932 0.5782
vn 0.0012 -0.9396 0.3423
vn 0.3547 0.1001 0.9296
vn 0.6307 0.6211 0.4652
vn -0.6607 -0.6521 0.3719
vn -0.2464 -0.2387 0.9393
vn 0.2080 -0.2809 0.9369
vn -0.0050 -0.7096 0.7045
vn -0.0158 0.8310 0.5561
vn 0.0007 -0.6859 0.7277
vn 0.2821 -0.1464 0.9482
vn -0.6096 -0.6442 0.4619
vn 0.4365 0.6798 0.5894
vn 0.4565 0.8746 0.1633
vn -0.4958 -0.4195 0.7604
vn 0.0002 -0.8651 0.5017
vn -0.0049 -0.4361 0.8999
vn 0.3708 0.6050 0.7046
vn 0.0040 -0.3279 0.9447
vn 0.1562 0.1086 0.9817
vn 0.0584 -0.0322 -0.9978
vn 0.0004 -0.0000 -1.0000
vn 0.4761 -0.4054 0.7804
vn -0.4255 -0.4354 0.7933
vn -0.5627 0.5616 0.6067
vn -0.0005 0.2200 0.9755
vn 0.8359 -0.1352 0.5319
vn 0.4090 0.0603 0.9105
vn -0.4720 0.4948 0.7296
vn -0.0031 -0.2425 0.9702
vn -0.0023 -0.2010 0.9796
vn 0.8692 -0.0464 0.4922
vn 0.6244 0.3189 0.7130
vn 0.0006 -0.0000 -1.0000
vn 0.1864 -0.5013 0.8449
vn 0.5165 0.4099 0.7518
vn 0.6641 0.5294 0.5279
vn 0.8240 -0.1203 0.5537
vn 0.3019 -0.1521 0.9411
vn -0.0232 -0.5302 0.8475
vn -0.0018 0.4275 0.9040
vn 0.2131 0.4208 0.8818
vn 0.9023 -0.0981 0.4199
vn 0.9173 -0.1217 0.3791
vn 0.3546 -0.4969 0.7921
vn -0.7427 0.6082 0.2804
vn 0.3250 0.5158 0.7927
vn 0.8438 -0.1220 0.5226
vn -0.0047 -0.3207 0.9472
vn -0.1102 0.5754 0.8104
vn -0.4963 0.4819 0.7222
vn 0.9236 -0.0964 0.3710
vn -0.0215 -0.9457 0.3244
vn 0.6330 -0.7605 0.1448
vn 0.5746 -0.7877 -0.2220
vn -0.4075 0.3127 0.8580
vn 0.8572 -0.1324 0.4977
vn -0.0050 -0.2835 0.9590
vn 0.0005 0.1055 0.9944
vn 0.5678 -0.7944 0.2158
vn 0.6923 -0.4794 0.5394
vn 0.0379 -0.0707 0.9968
vn 0.7044 -0.1992 0.6813
vn 0.2904 -0.1825 0.9393
vn -0.0009 -0.6877 0.7260
vn 0.3408 -0.1957 0.9196
vn 0.2863 -0.3070 0.9076
vn 0.2958 -0.1353 0.9456
vn 0.9089 -0.1123 0.4016
vn 0.7055 -0.1176 0.6989
vn 0.8560 -0.4127 0.3113
vn 0.4838 -0.6894 0.5391
vn 0.8636 -0.1126 0.4914
vn 0.9276 -0.3736 -0.0007
vn 0.8657 -0.3648 -0.3427
vn 0.5350 -0.7141 0.4514
vn 0.5746 -0.1512 -0.8044
vn 0.6618 0.4102 0.6274
vn -0.1989 0.0111 0.9800
vn -0.0205 0.6323 0.7745
vn -0.0161 -0.6567 0.7540
vn -0.7529 -0.5652 0.3373
vn 0.4931 -0.1094 0.8631
vn 0.5373 -0.3929 0.7463
vn 0.9052 -0.0944 0.4144
vn 0.4885 -0.1192 0.8644
vn 0.8135 -0.1192 0.5693
vn 0.8553 -0.1217 0.5036
vn 0.5314 -0.1488 0.8340
vn 0.5883 0.6753 0.4449
vn 0.6924 -0.3402 0.6362
vn 0.3955 0.5326 0.7483
vn 0.3162 -0.2288 0.9207
vn 0.9121 -0.0962 0.3986
vn 0.9707 -0.1273 -0.2039
vn 0.9567 -0.2319 0.1761
vn 0.4623 -0.1518 0.8736
vn 0.4965 0.6489 0.5766
vn 0.5186 -0.6525 0.5525
vn -0.3698 -0.0426 0.9281
vn 0.1399 -0.0217 -0.9899
vn -0.5812 -0.2978 0.7573
vn 0.5592 0.3256 0.7624
vn 0.0829 -0.0851 0.9929
vn -0.2101 -0.1492 0.9662
vn -0.5725 -0.4135 0.7080
vn 0.9142 -0.0868 0.3960
vn 0.6354 0.7694 -0.0657
vn 0.5451 0.6954 0.4683
vn 0.8740 -0.1400 0.4653
vn 0.6340 -0.1503 0.7586
vn -0.8794 0.0567 0.4726
vn 0.2797 -0.2207 0.9344
vn -0.0026 -0.6930 0.7209
vn -0.3574 -0.0864 0.9299
vn 0.4361 0.6642 0.6072
vn 0.9976 -0.0694 0.0069
vn 0.5107 -0.1015 0.8537
vn 0.9080 -0.3103 -0.2816
vn 0.7831 -0.3858 0.4878
vn 0.3939 -0.1062 0.9130
vn 0.3184 -0.1497 0.9361
vn 0.5774 -0.3445 0.7402
vn -0.4089 -0.0439 0.9115
vn 0.8167 -0.4878 0.3085
vn 0.3240 -0.2189 0.9204
vn 0.0060 -0.0039 1.0000
vn 0.0002 -0.2841 0.9588
vn -0.7334 -0.4865 0.4748
vn 0.9605 -0.0479 0.2742
vn 0.9817 -0.0559 0.1821
vn 0.9954 -0.0627 -0.0729
vn 0.8779 -0.1464 0.4558
vn -0.5286 0.3734 0.7623
vn 0.2356 -0.9604 0.1486
vn -0.0415 -0.9105 0.4115
vn 0.3716 0.1497 0.9162
vn 0.4343 -0.0399 0.8999
vn 0.8852 -0.4528 -0.1066
vn -0.3824 0.0501 0.9226
vn 0.4113 -0.4990 0.7628
vn 0.9895 -0.1112 0.0919
vn 0.8491 -0.1272 0.5126
vn -0.3385 -0.0764 0.9378
vn 0.3044 -0.0506 0.9512
vn 0.7892 0.3387 0.5123
vn -0.7542 0.2761 0.5958
vn 0.4287 0.0276 0.9030
vn 0.4039 -0.4088 -0.8184
vn 0.5985 -0.2520 0.7604
vn -0.8752 0.0303 0.4828
vn -0.6646 0.4099 0.6247
vn 0.8471 -0.1435 0.5117
vn -0.8260 0.4697 0.3117
vn 0.5539 -0.1414 0.8205
vn 0.9796 -0.1200 0.1614
vn 0.0029 0.8040 0.5947
vn 0.2994 -0.2391 0.9237
vn 0.3342 -0.0461 0.9414
vn -0.6747 0.0064 0.7380
vn -0.9032 0.0383 0.4275
vn -0.8935 0.0282 0.4482
vn 0.9964 -0.0719 -0.0440
vn -0.4276 -0.0507 0.9026
vn 0.6135 0.2244 0.7572
vn -0.4078 0.0181 0.9129
vn 0.3205 0.2310 0.9186
vn 0.3909 -0.2859 0.8749
vn 0.3281 -0.2195 0.9188
vn 0.6779 -0.7012 0.2207
vn -0.3124 -0.0737 0.9471
vn 0.5785 -0.6200 0.5301
vn 0.9772 -0.0912 0.1916
vn 0.8468 -0.1653 0.5055
vn 0.6799 -0.6102 -0.4066
vn 0.7630 -0.6464 0.0024
vn 0.8631 -0.1674 0.4765
vn -0.5593 0.3332 0.7590
vn 0.8206 -0.2509 0.5135
vn 0.4380 -0.2272 0.8698
vn -0.8685 0.0360 0.4944
vn 0.9950 -0.0759 -0.0650
vn -0.8601 -0.4026 0.3133
vn 0.8646 0.2078 0.4575
vn 0.5926 -0.6557 0.4678
vn 0.6537 0.7521 0.0836
vn 0.5849 0.5839 0.5631
vn 0.3906 -0.1372 0.9103
vn 0.9793 -0.1271 0.1575
vn 0.8646 -0.1593 0.4766
vn 0.0100 -0.3702 0.9289
vn 0.7384 -0.2865 0.6105
vn 0.1777 0.1468 0.9731
vn -0.5835 0.0232 0.8118
vn 0.6148 -0.2237 0.7563
vn 0.8664 -0.1790 0.4662
vn 0.9745 -0.1479 0.1688
vn 0.4947 0.4689 0.7317
vn 0.0624 -0.1413 0.9880
vn 0.5738 -0.1041 0.8123
vn 0.0123 -0.1359 0.9907
vn 0.6885 -0.7253 0.0023
vn -0.4393 -0.0666 0.8959
vn -0.6415 0.2869 0.7114
vn -0.4327 -0.0187 0.9013
vn 0.9959 -0.0875 -0.0228
vn 0.3328 0.0996 0.9377
vn 0.8473 -0.1143 0.5187
vn 0.4587 -0.5033 0.7323
vn 0.5732 -0.2565 0.7782
vn 0.7575 -0.1741 0.6292
vn -0.5350 -0.1483 0.8318
vn -0.0982 0.0536 0.9937
vn -0.4521 -0.0688 0.8893
vn 0.6358 0.6089 0.4743
vn 0.8571 -0.1677 0.4871
vn -0.6518 -0.0098 0.7584
vn 0.2615 -0.2025 0.9437
vn 0.3179 -0.2770 0.9068
vn -0.3494 -0.0907 0.9326
vn 0.8407 0.0464 0.5396
vn -0.8176 0.0146 0.5755
vn -0.8018 0.3018 0.5158
vn 0.4207 -0.8873 0.1888
vn 0.6250 -0.6446 0.4403
vn 0.1319 -0.1531 0.9794
vn 0.6168 -0.4978 0.6097
vn 0.9629 -0.1579 0.2186
vn -0.6451 -0.2172 0.7326
vn 0.6940 0.1042 0.7124
vn 0.0559 -0.7845 0.6177
vn -0.7394 0.2882 0.6085
vn 0.6286 -0.5316 0.5676
vn 0.5988 -0.7637 -0.2414
vn -0.6500 -0.2899 0.7024
vn 0.6193 -0.0596 0.7829
vn -0.8189 0.0167 0.5737
vn 0.8419 -0.1866 0.5064
vn 0.0389 -0.0022 0.9992
vn 0.8247 -0.1881 0.5334
vn 0.2690 -0.2961 0.9165
vn 0.3265 -0.3107 0.8927
vn 0.1503 -0.1394 -0.9788
vn -0.8240 0.0217 0.5662
vn -0.4738 -0.0682 0.8780
vn -0.4387 0.1905 0.8782
vn 0.3648 -0.3316 0.8700
vn 0.9598 -0.1283 0.2496
vn -0.7105 -0.0406 0.7025
vn 0.5084 -0.2850 0.8126
vn -0.3469 -0.1792 0.9206
vn 0.6190 0.5854 0.5236
vn 0.0002 -0.0001 -1.0000
vn 0.6983 0.5341 0.4766
vn -0.2878 -0.0943 0.9531
vn -0.9083 0.3296 0.2576
vn 0.9673 -0.1272 0.2193
vn -0.8172 0.0136 0.5761
vn 0.4426 -0.2774 0.8527
vn 0.6032 -0.2202 0.7666
vn 0.1349 -0.1801 0.9744
vn 0.9951 -0.0943 0.0294
vn -0.0003 -0.6535 0.7569
vn -0.6041 -0.1014 0.7904
vn -0.2129 -0.0709 0.9745
vn -0.7737 0.0406 0.6323
vn 0.9647 -0.1552 0.2128
vn 0.8637 -0.1811 0.4704
vn -0.6599 0.1192 0.7419
vn 0.3445 -0.1585 0.9253
vn 0.5771 -0.1637 0.8001
vn 0.3868 -0.2749 0.8802
vn -0.9249 -0.1998 0.3234
vn -0.8711 0.0290 0.4903
vn -0.8420 0.1905 0.5047
vn 0.1427 -0.2220 0.9646
vn 0.5866 -0.8099 0.0083
vn -0.3954 -0.1041 0.9126
vn 0.3730 -0.2641 -0.8894
vn -0.6633 -0.0388 0.7473
vn 0.9886 -0.1318 0.0728
vn -0.6914 0.0094 0.7224
vn 0.4921 -0.4312 0.7563
vn 0.6606 0.5326 0.5291
vn 0.8520 -0.2048 0.4818
vn -0.3835 -0.2215 0.8966
vn 0.2824 -0.2720 0.9199
vn -0.4228 -0.1821 0.8877
vn 0.4438 -0.1591 0.8819
vn -0.7746 0.0313 0.6316
vn -0.7933 -0.0532 0.6065
vn -0.3068 -0.0881 0.9477
vn -0.7950 0.0291 0.6060
vn 0.6884 -0.5401 0.4842
vn 0.9303 -0.1881 0.3150
vn 0.3059 -0.1569 0.9390
vn 0.3954 -0.1292 0.9094
vn 0.9882 -0.1181 0.0978
vn -0.4107 -0.2336 0.8813
vn -0.9570 0.1047 0.2704
vn -0.7238 -0.1231 0.6790
vn 0.6875 -0.1970 0.6989
vn -0.8377 0.0110 0.5459
vn 0.7166 0.5403 0.4411
vn -0.8124 0.0091 0.5830
vn -0.8813 0.0300 0.4716
vn 0.4748 -0.3172 0.8209
vn 0.0921 -0.1614 0.9826
vn 0.3427 -0.9025 0.2607
vn 0.4885 -0.8678 0.0910
vn 0.8923 -0.2034 0.4030
vn -0.3720 -0.1414 0.9174
vn 0.0047 0.0043 1.0000
vn 0.5626 -0.4055 0.7205
vn 0.9335 -0.1588 0.3216
vn 0.0030 -0.9110 0.4124
vn -0.7538 -0.0027 0.6571
vn 0.5951 -0.3705 0.7131
vn 0.7368 0.5016 0.4534
vn -0.4907 0.0988 0.8657
vn 0.3512 -0.1607 0.9224
vn 0.2839 0.6955 0.6600
vn 0.5217 -0.2552 0.8141
vn -0.3569 -0.0853 0.9302
vn 0.9905 -0.1140 0.0766
vn 0.5573 -0.2632 0.7875
vn 0.3453 -0.4393 0.8293
vn -0.6735 -0.0568 0.7370
vn 0.0662 -0.2364 0.9694
vn 0.8553 -0.1965 0.4794
vn 0.4954 -0.3872 0.7776
vn 0.3554 -0.1569 0.9215
vn 0.2595 -0.1223 0.9580
vn 0.1626 -0.3464 0.9239
vn -0.8254 0.0042 0.5645
vn -0.3599 -0.0987 0.9278
vn -0.8138 0.0138 0.5809
vn 0.9479 -0.1532 0.2792
vn 0.6165 -0.4034 0.6762
vn 0.7208 0.4550 0.5229
vn 0.5037 -0.2025 0.8398
vn 0.5592 -0.2116 0.8015
vn 0.0006 -0.0002 -1.0000
vn -0.0025 -0.6059 0.7956
vn 0.3854 -0.1810 0.9048
vn 0.7008 -0.4322 0.5675
vn 0.7889 -0.3702 0.4905
vn 0.9428 -0.1622 0.2914
vn 0.7927 -0.4978 -0.3520
vn 0.9915 -0.1035 0.0790
vn 0.5415 0.2948 0.7873
vn 0.6535 -0.7569 0.0006
vn 0.8266 -0.2266 0.5152
vn -0.1924 0.0315 0.9808
vn -0.6476 -0.0567 0.7599
vn -0.8533 0.0151 0.5212
vn 0.9487 -0.1631 0.2709
vn 0.7155 -0.4524 0.5323
vn 0.6674 -0.5416 -0.5111
vn 0.8435 -0.2183 0.4908
vn -0.8536 0.0102 0.5208
vn 0.6288 -0.7776 -0.0002
vn -0.4937 -0.2035 0.8455
vn -0.8157 -0.0037 0.5784
vn 0.4594 -0.2132 0.8623
vn -0.3040 -0.1100 0.9463
vn 0.9183 -0.1954 0.3444
vn 0.8829 -0.4464 0.1454
vn 0.9983 -0.0585 0.0073
vn 0.8820 -0.2060 0.4237
vn 0.2869 -0.1658 0.9435
vn -0.6930 -0.0542 0.7189
vn 0.5337 -0.3593 0.7655
vn 0.5098 -0.2389 0.8265
vn 0.7879 -0.5367 0.3019
vn 0.3152 0.0121 -0.9490
vn 0.2450 0.1049 -0.9638
vn 0.3719 -0.8489 0.3755
vn -0.3109 -0.2557 0.9154
vn 0.7983 0.4473 0.4033
vn 0.6597 -0.2550 0.7069
vn 0.4262 -0.9046 -0.0018
vn 0.5664 -0.8241 0.0028
vn 0.4131 -0.6094 0.6768
vn 0.9597 -0.2389 0.1483
vn -0.6781 -0.0861 0.7299
vn 0.9562 -0.1818 0.2292
vn 0.3769 0.1203 0.9184
vn 0.7664 0.4436 0.4646
vn 0.3857 -0.2744 -0.8809
vn 0.2651 -0.9337 0.2406
vn -0.8390 -0.0117 0.5440
vn -0.8634 0.0090 0.5044
vn 0.1039 -0.1874 0.9768
vn 0.5229 0.3496 0.7774
vn -0.2696 -0.1385 0.9530
vn 0.9580 -0.1190 0.2609
vn 0.8273 -0.5019 0.2523
vn -0.8440 -0.0141 0.5362
vn 0.7962 -0.3498 0.4937
vn 0.8054 -0.4256 0.4126
vn -0.8442 -0.0200 0.5356
vn 0.3503 -0.9366 0.0057
vn -0.8134 -0.0279 0.5810
vn 0.7821 -0.6086 0.1336
vn 0.4887 -0.2665 0.8308
vn 0.3131 -0.3420 0.8860
vn 0.5744 -0.3123 0.7566
vn -0.8658 -0.0194 0.5000
vn -0.2252 -0.2014 0.9533
vn -0.6243 -0.1163 0.7725
vn 0.2948 0.1741 -0.9396
vn 0.4531 0.6493 0.6108
vn 0.4214 -0.3291 0.8450
vn 0.5849 0.3249 0.7432
vn 0.4336 -0.3245 0.8407
vn 0.3406 -0.9402 0.0004
vn 0.3084 -0.5627 -0.7670
vn -0.2678 -0.1558 0.9508
vn 0.2716 -0.0453 -0.9613
vn 0.2958 -0.0929 0.9507
vn 0.3778 -0.1762 0.9090
vn 0.1159 -0.2640 0.9575
vn -0.2462 -0.1488 0.9577
vn -0.8760 0.0152 0.4821
vn -0.0061 -0.3107 0.9505
vn -0.8361 0.0009 0.5486
vn 0.8889 0.0912 0.4488
vn 0.7882 0.3215 0.5248
vn 0.2232 -0.2025 -0.9535
vn 0.4728 -0.3291 0.8174
vn 0.4117 -0.8676 0.2788
vn 0.3571 -0.0461 0.9329
vn -0.0005 0.0111 0.9999
vn 0.3054 -0.1491 0.9405
vn 0.7592 0.3603 0.5420
vn 0.3356 -0.8932 0.2994
vn 0.9064 -0.4150 0.0785
vn -0.8516 -0.0118 0.5241
vn -0.4498 -0.1455 0.8812
vn 0.7722 -0.3206 0.5486
vn 0.7567 0.1251 0.6416
vn 0.7549 -0.5299 -0.3864
vn 0.0808 -0.7755 0.6262
vn 0.8166 0.3744 0.4392
vn 0.7322 -0.6809 -0.0126
vn 0.3765 -0.5935 0.7113
vn 0.9985 0.0522 -0.0164
vn 0.9518 0.0328 0.3049
vn 0.2233 -0.1663 0.9605
vn 0.8553 -0.0462 -0.5160
vn 0.9804 0.1504 0.1271
vn 0.7052 0.6217 -0.3408
vn 0.7372 0.6756 -0.0121
vn 0.8277 -0.3650 0.4262
vn 0.7954 0.1123 0.5957
vn 0.6996 -0.1863 0.6899
vn 0.5642 -0.8256 0.0005
vn 0.4507 -0.8530 -0.2630
vn 0.5402 -0.8415 -0.0100
vn 0.9338 -0.1340 0.3317
vn 0.5786 -0.8156 -0.0003
vn 0.3759 0.8576 0.3511
vn 0.3283 -0.4880 -0.8087
vn -0.8392 -0.0066 0.5437
vn 0.3762 0.2611 -0.8890
vn 0.6896 0.6170 -0.3792
vn -0.8656 0.0004 0.5007
vn 0.9855 0.0719 -0.1535
vn 0.7185 0.5991 0.3534
vn 0.8743 -0.1735 0.4534
vn 0.8664 -0.1717 0.4688
vn 0.4405 -0.1689 0.8817
vn 1.0000 -0.0005 -0.0011
vn 0.8848 0.4236 0.1940
vn 0.9399 0.3414 -0.0020
vn -0.8279 -0.0077 0.5608
vn -0.4611 -0.2128 0.8614
vn 0.8988 0.2990 0.3205
vn -0.2706 -0.2439 0.9313
vn 0.7557 -0.2086 0.6208
vn 0.5596 0.7387 -0.3758
vn 0.9666 -0.1099 -0.2314
vn 0.7107 -0.6327 -0.3075
vn 0.9077 -0.4185 0.0311
vn 0.7002 -0.1749 0.6922
vn 0.7983 0.2896 0.5281
vn -0.0608 -0.8281 0.5573
vn 0.0737 -0.9780 0.1950
vn 0.5549 0.8319 0.0020
vn 0.5487 0.8360 -0.0033
vn 0.7274 0.6862 0.0009
vn 0.4106 0.8369 0.3621
vn 0.4281 -0.9037 0.0008
vn 0.5630 -0.7305 -0.3864
vn -0.8486 -0.0162 0.5288
vn 0.9002 -0.2303 0.3695
vn 0.5939 0.0484 0.8031
vn 0.9126 0.4087 0.0125
vn -0.2989 -0.2740 0.9141
vn 0.5583 0.0242 -0.8293
vn 0.2423 -0.0006 0.9702
vn -0.3135 -0.1424 0.9389
vn 0.9424 -0.1409 0.3034
vn 0.8966 -0.1714 0.4083
vn 0.2668 0.0088 0.9637
vn 0.8416 0.2046 0.4998
vn 0.8069 -0.2591 0.5309
vn 0.8336 -0.2923 0.4687
vn -0.0293 -0.9215 0.3872
vn 0.6599 -0.0854 -0.7465
vn 0.3364 -0.1819 0.9240
vn 0.7624 -0.6471 -0.0000
vn 0.6631 -0.6945 0.2793
vn 0.8529 -0.1810 0.4897
vn -0.0174 -0.2189 0.9756
vn 0.7497 0.0393 0.6607
vn 0.4551 -0.8899 -0.0312
vn 0.2935 -0.1987 0.9351
vn -0.3853 -0.1453 0.9113
vn 0.7380 0.5544 -0.3848
vn 0.6773 -0.2691 0.6847
vn 0.9483 0.2108 0.2374
vn 0.9690 -0.1149 -0.2186
vn 0.6684 -0.1904 0.7190
vn -0.6567 -0.0690 0.7510
vn -0.1270 -0.7040 0.6988
vn 0.8296 0.2673 0.4901
vn 0.6037 -0.1922 0.7737
vn 0.9924 -0.1227 -0.0004
vn 0.7429 -0.2093 0.6358
vn 0.6801 0.7331 0.0019
vn 0.6732 -0.7395 -0.0021
vn 0.5935 0.2249 0.7727
vn -0.0010 -0.4246 0.9054
vn 0.3220 -0.0397 -0.9459
vn 0.2235 -0.2220 0.9491
vn -0.3598 -0.4225 0.8319
vn 0.9862 -0.0827 0.1436
vn -0.3574 -0.1693 0.9185
vn 0.9324 -0.1173 -0.3418
vn 0.8172 -0.2965 0.4943
vn 0.7178 0.6478 0.2553
vn 0.8468 0.1857 0.4985
vn 0.8311 0.5561 -0.0030
vn 0.7803 0.6254 0.0002
vn 0.8721 -0.2123 0.4409
vn 0.8081 -0.4162 0.4168
vn 0.9556 -0.1507 0.2531
vn 0.7529 -0.1838 0.6320
vn 0.8061 -0.5918 -0.0012
vn 0.7738 -0.1810 0.6070
vn -0.8109 -0.0472 0.5833
vn -0.9837 0.0901 0.1558
vn 0.8150 -0.1439 0.5613
vn 0.5731 -0.2024 0.7941
vn 0.9056 -0.1569 0.3940
vn 0.8424 -0.0486 0.5367
vn 0.3567 -0.1790 0.9169
vn -0.3205 -0.1610 0.9335
vn -0.3413 -0.1868 0.9212
vn -0.8858 -0.0420 0.4622
vn 0.9568 -0.1631 0.2408
vn 0.6169 0.1593 0.7708
vn 0.8440 0.0088 -0.5362
vn 0.9916 -0.1291 -0.0029
vn 0.8756 -0.3323 -0.3506
vn 0.8631 -0.3979 -0.3110
vn 0.9152 0.4029 0.0012
vn 0.1735 -0.3350 0.9261
vn 0.8937 0.1516 0.4223
vn 0.8565 0.4042 -0.3209
vn 0.8169 -0.1849 0.5463
vn 0.8878 -0.0067 0.4602
vn 0.8587 -0.3818 0.3419
vn 0.3430 -0.0505 -0.9380
vn 0.2012 -0.0591 0.9778
vn 0.8365 0.3989 0.3758
vn -0.0000 0.0001 -1.0000
vn -0.0046 -0.5112 0.8595
vn 0.2805 -0.2067 0.9373
vn 0.8902 -0.2438 0.3847
vn 0.8943 0.1464 0.4228
vn 0.8417 0.0521 0.5374
vn 0.5534 -0.1797 0.8133
vn -0.8329 -0.0354 0.5522
vn 0.7954 -0.0773 0.6012
vn 0.9774 0.0878 -0.1921
vn -0.6664 -0.6615 0.3442
vn 0.9804 0.1904 -0.0498
vn 0.9802 -0.1980 0.0007
vn -0.2409 -0.9096 0.3385
vn 0.9054 -0.1741 0.3872
vn 0.9742 0.2255 0.0013
vn 0.9520 -0.1623 0.2597
vn -0.0047 -0.1963 0.9805
vn -0.8831 -0.0549 0.4660
vn -0.5553 -0.1705 0.8140
vn 0.9158 -0.1600 0.3683
vn 0.9986 -0.0525 0.0006
vn 0.8243 -0.1256 0.5521
vn 0.3761 -0.5167 0.7691
vn 0.8887 -0.0451 0.4563
vn 0.9117 -0.1235 -0.3918
vn -0.5003 -0.1576 0.8514
vn -0.9333 -0.0329 0.3575
vn -0.6798 -0.3617 0.6380
vn 0.7366 -0.1808 0.6517
vn 0.4819 -0.1908 0.8552
vn -0.8972 -0.0690 0.4362
vn 0.9905 -0.1374 -0.0002
vn 0.9251 -0.1687 0.3401
vn 0.7791 -0.1947 0.5959
vn 0.3257 -0.1779 0.9286
vn 0.6343 -0.1868 0.7502
vn 0.4935 -0.1832 0.8502
vn 0.0170 0.0057 0.9998
vn 0.9813 0.1005 -0.1642
vn -0.9873 0.0473 0.1515
vn 0.7914 -0.1055 -0.6022
vn 0.0014 -0.1546 0.9880
vn -0.3898 -0.5967 0.7014
vn -0.2883 -0.2093 0.9344
vn 0.0019 0.3854 0.9228
vn -0.0078 -0.2016 0.9794
vn 0.9550 -0.1732 0.2408
vn 0.9755 -0.1320 -0.1761
vn 0.7501 -0.1928 0.6326
vn 0.6096 -0.1904 0.7696
vn -0.8391 -0.0775 0.5384
vn 0.1746 -0.0065 0.9846
vn 0.9098 -0.1605 0.3828
vn -0.3124 -0.2076 0.9270
vn 0.3860 -0.1775 0.9053
vn 0.8579 -0.1607 0.4881
vn 0.4989 -0.1814 0.8474
vn 0.9550 -0.1618 0.2486
vn 0.3435 -0.0413 -0.9383
vn 0.9907 -0.1359 -0.0005
vn 0.5796 -0.2054 0.7885
vn 0.7723 -0.1830 0.6084
vn 0.3990 0.8469 -0.3516
vn -0.8587 -0.2639 0.4393
vn -0.8640 -0.2713 0.4241
vn 0.9676 -0.1393 0.2104
vn 0.5846 -0.1794 0.7912
vn -0.0014 0.8067 0.5910
vn -0.4165 -0.2540 0.8729
vn 0.8914 -0.1631 0.4228
vn -0.3278 -0.2458 0.9122
vn 0.6111 -0.1880 0.7689
vn 0.9919 -0.1271 -0.0006
vn 0.9749 -0.1274 -0.1824
vn 0.5442 -0.1845 0.8184
vn -0.2771 -0.3904 0.8779
vn 0.6169 -0.1906 0.7636
vn 0.9402 -0.1667 0.2971
vn 0.9104 -0.1708 0.3768
vn 0.0057 -0.2620 0.9650
vn 0.6568 -0.1779 0.7328
vn 0.6132 -0.1837 0.7683
vn 0.3295 -0.2357 0.9143
vn -0.3288 -0.2614 0.9075
vn 0.5883 -0.1563 0.7934
vn 0.8294 -0.1737 0.5309
vn 0.9013 -0.1095 -0.4192
vn 0.9518 -0.1619 0.2605
vn 0.9924 -0.1232 -0.0017
vn 0.6369 -0.2015 0.7442
vn 0.7211 -0.1884 0.6667
vn 0.7248 -0.1902 0.6622
vn 0.5667 -0.1901 0.8017
vn 0.4211 -0.1673 0.8915
vn 0.4898 -0.1986 0.8489
vn 0.9918 -0.1276 -0.0063
vn 0.4309 -0.1983 0.8803
vn 0.7218 -0.2050 0.6611
vn 0.8139 -0.1030 -0.5717
vn 0.8633 -0.1847 0.4696
vn 0.9842 -0.1154 -0.1344
vn 0.5162 -0.1857 0.8361
vn 0.9608 -0.1684 0.2203
vn 0.2182 -0.1839 0.9584
vn 0.8349 -0.2055 0.5106
vn 0.2375 -0.1148 0.9646
vn 0.9925 -0.1220 -0.0021
vn 0.9278 -0.1772 0.3284
vn 0.5328 -0.2098 0.8198
vn -0.0021 -0.4908 0.8713
vn 0.9506 -0.1727 0.2578
vn 0.2690 -0.2303 0.9352
vn 0.6978 -0.2069 0.6858
vn 0.9922 -0.1248 -0.0044
vn 0.8440 -0.2043 0.4959
vn 0.3790 -0.2384 0.8942
vn 0.1021 -0.9892 0.1048
vn 0.9701 -0.1195 -0.2111
vn 0.7034 -0.2095 0.6792
vn 0.8241 -0.2125 0.5251
vn 0.4465 -0.2003 0.8721
vn 0.3244 -0.2806 0.9034
vn 0.3940 -0.2253 0.8911
vn -0.0074 -0.2847 0.9586
vn 0.6885 -0.2280 0.6885
vn 0.7617 -0.1000 -0.6401
vn 0.7046 -0.2000 0.6809
vn 0.5191 -0.1871 0.8340
vn 0.9911 -0.1328 -0.0107
vn -0.0016 -0.3199 0.9474
vn 0.9914 -0.1304 -0.0059
vn 0.6865 -0.2495 0.6829
vn 0.2082 -0.1928 0.9589
vn 0.9141 -0.1840 0.3612
vn -0.0054 -0.7114 0.7027
vn 0.9648 -0.1266 -0.2305
vn 0.4127 -0.2115 0.8860
vn 0.3248 -0.0648 -0.9435
vn 0.3478 -0.0575 -0.9358
vn 0.0439 -0.1986 0.9791
vn 0.8725 -0.2131 0.4397
vn 0.6457 -0.1019 -0.7568
vn 0.6955 -0.2399 0.6773
vn 0.9898 -0.1420 -0.0117
vn 0.9898 -0.1422 -0.0075
vn 0.9428 -0.1650 0.2896
vn 0.5127 -0.2243 0.8287
vn 0.9429 -0.1381 -0.3031
vn 0.6768 -0.2232 0.7015
vn 0.9013 -0.2000 0.3843
vn 0.4872 -0.2498 0.8368
vn 0.7021 -0.1692 0.6917
vn 0.9889 -0.1483 -0.0106
vn 0.3738 -0.3066 0.8754
vn 0.9062 -0.2002 0.3725
vn 0.3048 0.2503 0.9189
vn 0.9118 -0.2058 0.3553
vn 0.9782 -0.1361 0.1566
vn 0.2866 0.9576 -0.0289
vn 0.2457 -0.0027 0.9693
vn 0.3168 -0.0513 -0.9471
vn 0.2420 -0.1770 0.9540
vn 0.4092 -0.2522 0.8769
vn 0.3901 -0.1982 0.8992
vn 0.9869 -0.1612 -0.0089
vn 0.9356 -0.1659 0.3118
vn 0.9869 -0.1610 -0.0098
vn 0.6372 -0.2415 0.7319
vn 0.3213 -0.0578 -0.9452
vn 0.6165 -0.1518 0.7726
vn 0.5518 -0.2742 0.7876
vn 0.7959 -0.1294 -0.5914
vn 0.9448 -0.1979 0.2611
vn 0.9347 -0.1540 0.3202
vn 0.3285 0.3389 -0.8816
vn 0.4559 -0.1711 0.8734
vn 0.9859 -0.1672 -0.0092
vn 0.9716 -0.1592 -0.1750
vn 0.8645 -0.2481 0.4372
vn 0.8822 -0.2043 0.4242
vn 0.3371 -0.1935 0.9214
vn 0.2847 -0.3037 0.9092
vn 0.8443 -0.2071 0.4942
vn 0.9860 -0.1664 -0.0112
vn 0.9075 -0.2277 0.3529
vn 0.8591 -0.2206 0.4619
vn 0.7262 -0.2035 0.6567
vn 0.3132 -0.0545 -0.9481
vn 0.9504 -0.2110 0.2286
vn 0.9872 -0.1429 -0.0710
vn 0.9204 -0.1963 0.3381
vn 0.4393 -0.1811 0.8799
vn 0.9839 -0.1227 -0.1297
vn 0.9853 -0.1705 -0.0095
vn 0.3520 -0.2415 0.9043
vn 0.8090 -0.2731 0.5205
vn 0.8889 -0.2344 0.3937
vn 0.4125 -0.2994 0.8603
vn 0.9862 -0.1652 -0.0120
vn 0.9699 -0.1659 -0.1781
vn 0.4687 -0.2879 0.8351
vn 0.9355 -0.2437 0.2559
vn 0.4440 -0.2109 0.8709
vn 0.4195 -0.3222 0.8486
vn 0.6979 -0.2871 0.6561
vn 0.9861 -0.1658 -0.0129
vn 0.9286 -0.2203 0.2986
vn 0.8963 -0.1489 -0.4176
vn 0.9328 -0.2024 0.2982
vn 0.3410 -0.2756 0.8988
vn 0.5847 -0.2826 0.7604
vn 0.9560 -0.2246 0.1885
vn 0.9073 -0.2313 0.3512
vn 0.4671 -0.2682 0.8425
vn 0.3683 -0.2385 0.8986
vn 0.9283 -0.2149 0.3033
vn 0.9857 -0.1680 -0.0142
vn 0.8369 -0.2534 0.4851
vn 0.8891 -0.2485 0.3843
vn 0.9003 -0.2166 0.3777
vn 0.3833 -0.2743 0.8820
vn 0.1619 -0.7914 0.5895
vn 0.2872 -0.3549 0.8897
vn 0.9871 -0.1468 -0.0647
vn 0.9782 -0.1579 -0.1345
vn 0.3249 -0.3609 0.8742
vn 0.9849 -0.1727 -0.0121
vn 0.9874 -0.1183 -0.1056
vn 0.8345 -0.2678 0.4816
vn 0.7527 -0.1317 -0.6451
vn 0.9838 -0.1789 -0.0066
vn 0.7920 -0.3094 0.5263
vn 0.8555 -0.2692 0.4423
vn 0.4975 -0.3267 0.8036
vn 0.3830 -0.2500 0.8892
vn 0.9840 -0.1773 -0.0150
vn 0.9857 -0.1679 -0.0175
vn 0.9574 -0.1626 -0.2387
vn 0.9243 -0.2284 0.3058
vn 0.4778 -0.2777 0.8334
vn 0.9857 -0.1683 -0.0011
vn 0.9667 -0.2069 0.1508
vn 0.8573 -0.2586 0.4451
vn 0.9423 -0.2305 0.2427
vn 0.4521 -0.3375 0.8256
vn 0.7271 -0.2653 0.6332
vn 0.4463 -0.3071 0.8405
vn 0.8372 -0.2945 0.4608
vn 0.9911 -0.1155 -0.0657
vn 0.9844 -0.1752 -0.0168
vn 0.9888 -0.1258 -0.0807
vn 0.1937 -0.9372 0.2901
vn 0.9201 -0.2304 0.3167
vn 0.8997 -0.1488 -0.4104
vn 0.8878 -0.2506 0.3861
vn 0.9097 -0.2687 0.3166
vn 0.9274 -0.2027 0.3145
vn 0.9881 -0.1536 -0.0014
vn 0.9849 -0.1716 -0.0233
vn 0.8204 -0.3037 0.4844
vn 0.0724 0.0006 -0.9974
vn 0.9847 -0.1743 -0.0058
vn 0.8409 -0.2876 0.4584
vn 0.8271 -0.3130 0.4668
vn 0.4932 -0.3291 0.8053
vn 0.0034 -0.5619 0.8272
vn 0.8687 -0.2908 0.4011
vn 0.9631 -0.1617 -0.2149
vn 0.8231 -0.2729 0.4980
vn 0.6751 -0.1278 -0.7266
vn 0.0902 0.9179 0.3864
vn 0.8556 -0.2875 0.4305
vn 0.9844 -0.1746 -0.0222
vn 0.9831 -0.1818 -0.0199
vn 0.9320 -0.2253 0.2839
vn 0.9857 -0.1682 -0.0133
vn 0.5606 -0.3326 0.7584
vn 0.1355 -0.0026 -0.9908
vn 0.8686 -0.2759 0.4116
vn 0.3481 -0.3583 0.8663
vn 0.9880 -0.1445 0.0539
vn 0.8775 -0.2742 0.3935
vn 0.6877 -0.2023 0.6973
vn 0.8275 -0.2988 0.4754
vn 0.9474 -0.1936 -0.2548
vn 0.8599 -0.0209 0.5100
vn 0.7300 -0.0002 0.6835
vn 0.7527 0.0005 0.6584
vn 0.6179 -0.6422 0.4537
vn 0.9716 -0.1050 0.2120
vn 0.5155 -0.3623 0.7765
vn 0.1526 0.0011 -0.9883
vn 0.9861 -0.1659 -0.0025
vn 0.2061 -0.2726 0.9398
vn 0.9819 -0.0064 0.1893
vn 0.9705 -0.0142 0.2408
vn 0.9998 -0.0071 0.0208
vn 0.9887 -0.0021 0.1497
vn 0.9966 -0.0002 0.0822
vn 0.9355 -0.3387 0.1002
vn 0.9376 -0.2338 0.2573
vn 0.6429 -0.6062 0.4681
vn 0.7237 0.0003 0.6901
vn 0.7527 0.0015 0.6584
vn 0.8877 -0.1828 -0.4227
vn 0.9863 -0.0014 0.1650
vn 0.5427 -0.1015 0.8338
vn 0.9838 -0.1784 -0.0155
vn 0.5347 -0.3473 0.7704
vn 0.9867 -0.1626 -0.0053
vn 0.7906 -0.2944 0.5370
vn 0.1662 -0.1973 0.9662
vn 0.1579 -0.0003 0.9875
vn 0.1503 0.0003 0.9886
vn 0.3977 -0.0748 -0.9144
vn 0.5607 -0.3597 0.7458
vn 0.3605 -0.1458 0.9213
vn 0.9853 -0.1703 0.0141
vn 0.9829 -0.1839 -0.0083
vn 0.5293 -0.3392 0.7777
vn 0.1517 -0.0009 -0.9884
vn 0.9343 -0.2436 0.2602
vn 0.9869 -0.1616 0.0006
vn 0.2271 -0.0009 0.9739
vn 0.9193 -0.1856 -0.3471
vn 0.2124 -0.3288 0.9202
vn 0.2641 -0.8374 0.4786
vn 0.1340 -0.9830 0.1255
vn 0.9955 -0.0945 0.0020
vn 0.9841 -0.1778 -0.0011
vn 0.9028 -0.2640 0.3394
vn 0.9050 -0.0967 -0.4144
vn 0.4043 -0.0069 0.9146
vn 0.8631 -0.0933 0.4964
vn 0.5734 -0.0107 -0.8192
vn 0.8698 -0.2412 0.4305
vn 0.4700 -0.0018 -0.8827
vn 0.4875 -0.0004 0.8731
vn 0.9950 -0.0994 0.0015
vn 0.9958 -0.0913 -0.0010
vn 0.6340 -0.0019 -0.7733
vn 0.8896 0.2668 -0.3707
vn 0.9449 -0.1674 -0.2813
vn 0.6546 0.0089 0.7559
vn 0.8858 -0.3578 0.2956
vn 0.7212 -0.0025 0.6927
vn 0.9761 -0.0111 0.2173
vn 0.9274 -0.0022 -0.3742
vn 0.9162 0.4005 -0.0153
vn 0.9909 -0.0158 -0.1338
vn 0.9999 -0.0157 0.0001
vn 0.9759 -0.0026 0.2183
vn 0.9760 0.0007 -0.2180
vn 0.9777 -0.0039 0.2101
vn 0.8866 0.1327 -0.4432
vn 1.0000 -0.0047 0.0004
vn 1.0000 -0.0029 -0.0004
vn 0.9561 -0.2929 -0.0047
vn 0.9018 -0.4321 0.0032
vn 0.8425 -0.5387 0.0049
vn 0.8688 -0.4952 0.0047
vn 0.9224 -0.3863 0.0002
vn 0.9160 -0.4011 -0.0012
vn 0.8210 -0.5709 0.0021
vn 0.9056 -0.4242 0.0020
vn 0.9298 -0.3682 -0.0044
vn 0.9306 -0.3659 0.0051
vn 0.3710 -0.9286 0.0042
vn 0.9731 -0.2302 -0.0057
vn 0.9607 -0.2752 -0.0355
vn 0.9502 -0.3074 -0.0513
vn 0.9994 -0.0167 -0.0306
vn 0.9325 -0.0594 -0.3563
vn 0.7621 -0.2993 -0.5741
vn 0.7399 -0.2882 -0.6079
vn 0.7211 0.0276 -0.6923
vn 0.3095 -0.9509 0.0041
vn 0.3969 -0.9179 -0.0004
vn -0.1657 -0.6833 -0.7111
vn 0.9380 -0.0218 -0.3459
vn 0.4096 -0.1558 -0.8988
vn 0.4984 -0.1436 -0.8550
vn 0.4333 -0.3769 -0.8186
vn 0.5078 0.2772 -0.8157
vn 0.5718 0.0438 -0.8192
vn 0.2156 -0.0090 -0.9764
vn 0.2883 -0.4257 -0.8577
vn 0.2531 -0.1118 -0.9609
vn 0.3580 -0.9337 -0.0001
vn 0.2824 -0.2082 0.9364
vn 0.1004 0.9584 -0.2672
vn 0.3275 -0.6432 0.6921
vn 0.3781 -0.8157 -0.4378
vn -0.0140 0.0040 -0.9999
vn 0.1155 -0.2196 -0.9687
vn -0.0118 -0.4679 -0.8837
vn 0.2648 -0.9643 0.0002
vn 0.7458 -0.1940 -0.6373
vn 0.3348 -0.4373 -0.8347
vn 0.4538 -0.2687 -0.8496
vn 0.0861 0.0380 -0.9956
vn 0.2766 0.2271 -0.9338
vn 0.1797 -0.4107 -0.8939
vn -0.0171 0.4614 -0.8870
vn 0.7585 -0.6281 0.1736
vn 0.8352 -0.5499 -0.0008
vn 0.7538 -0.5998 -0.2683
vn 0.8116 -0.4966 0.3076
vn 0.5950 -0.6266 -0.5034
vn 0.3922 -0.8986 0.1966
vn 0.2540 -0.0850 -0.9635
vn 0.2511 -0.0808 -0.9646
vn 0.9651 -0.2618 0.0031
vn 0.9483 -0.3174 0.0051
vn 0.9089 -0.4169 -0.0127
vn 0.8268 -0.5626 -0.0001
vn 0.3366 -0.9410 0.0356
vn 0.6186 -0.7857 0.0063
vn 0.2287 -0.4948 0.8384
vn 0.0101 -0.0256 -0.9996
vn 0.5451 -0.8320 -0.1029
vn 0.3808 -0.3482 -0.8566
vn 0.5008 -0.2262 0.8355
vn 0.4142 -0.9102 0.0011
vn 0.5334 -0.8451 -0.0367
vn 0.3816 -0.6323 -0.6742
vn 0.2319 -0.4977 -0.8358
vn -0.0127 0.9398 -0.3415
vn 0.5460 -0.8168 -0.1863
vn 0.1461 -0.7038 0.6952
vn 0.7796 -0.5496 -0.3002
vn 0.7409 -0.6716 -0.0018
vn 0.7003 -0.7139 -0.0022
vn 0.9060 -0.1486 0.3964
vn 0.8272 -0.2435 -0.5064
vn 0.7995 -0.4529 0.3947
vn 0.6567 -0.6992 0.2826
vn 0.7101 0.0409 -0.7029
vn 0.8762 -0.4820 -0.0000
vn 0.6128 0.1201 0.7810
vn 0.9050 -0.4254 -0.0022
vn 0.9639 0.2662 0.0025
vn 0.9986 -0.0522 -0.0106
vn 0.8960 -0.2756 -0.3482
vn 0.9961 -0.0880 0.0090
vn 0.9495 0.3139 -0.0023
vn 0.9967 -0.0801 0.0113
vn 0.8915 -0.1580 0.4246
vn 0.3964 -0.8215 0.4099
vn 0.9631 0.2689 0.0083
vn 0.0804 -0.0497 -0.9955
vn 0.5894 -0.8074 -0.0244
vn 0.9541 0.2363 -0.1838
vn 0.8098 -0.5867 -0.0059
vn 0.9837 -0.1798 -0.0008
vn 0.2901 -0.6983 -0.6543
vn 0.2969 -0.4156 -0.8597
vn 0.9484 0.1530 0.2776
vn 0.8118 -0.5838 0.0076
vn 0.9962 0.0876 0.0010
vn 0.9740 -0.0211 -0.2255
vn 0.3477 0.3459 -0.8715
vn 0.2670 0.0454 0.9626
vn 0.7071 -0.7071 -0.0006
vn 0.6886 -0.7252 0.0003
vn 0.2912 0.9393 0.1815
vn 0.6371 -0.7548 -0.1561
vn 0.6211 -0.7752 0.1152
vn 0.2637 0.8845 -0.3849
vn 0.1693 0.4160 0.8935
vn 0.8853 -0.4649 -0.0005
vn 0.8080 -0.4031 0.4297
vn 0.3704 -0.6121 0.6987
vn 0.8173 -0.4165 -0.3983
vn 0.0656 -0.9807 0.1840
vn 0.8883 -0.4593 0.0001
vn 0.6590 -0.7522 0.0004
vn 0.7136 -0.6905 0.1182
vn 0.2171 -0.2883 -0.9326
vn 0.7392 -0.5725 -0.3546
vn 0.7500 -0.6614 0.0020
vn 0.7560 -0.6546 0.0013
vn 0.7519 -0.6592 0.0005
vn 0.3841 0.9233 0.0023
vn 0.2680 -0.9634 -0.0009
vn 0.5177 -0.8126 -0.2676
vn 0.2118 -0.8915 0.4005
vn 0.3238 -0.9461 0.0015
vn 0.4460 -0.8951 -0.0002
vn 0.4441 -0.3511 -0.8244
vn 0.8467 0.3813 0.3712
vn 0.5043 0.4121 0.7588
vn 0.6571 0.7538 -0.0019
vn 0.6672 0.7331 0.1323
vn 0.6408 -0.6434 0.4189
vn 0.8835 0.2840 -0.3724
vn 0.7373 0.0434 0.6742
vn 0.6681 0.6992 -0.2543
vn 0.7942 -0.6076 0.0021
vn 0.6820 -0.7314 -0.0034
vn 0.9083 -0.4183 0.0046
vn 0.8496 0.5275 -0.0014
vn 0.9579 0.2870 0.0026
vn 0.9684 0.2494 -0.0005
vn 0.9623 0.2718 -0.0007
vn 0.9210 -0.2861 -0.2644
vn 0.9669 -0.2550 -0.0002
vn 0.9740 -0.2267 -0.0001
vn 0.9706 -0.1207 0.2083
s 1
usemtl none
f 6//6 5//5 1//1
f 2//2 3//3 8//8
f 6//6 8//8 5//5
f 1//1 5//5 4//4
f 2//2 8//8 7//7
f 3//3 5//5 8//8
f 4//4 10//10 1//1
f 2//2 9//9 13//13
f 6//6 1//1 12//12
f 3//3 2//2 13//13
f 7//7 8//8 11//11
f 3//3 13//13 5//5
f 8//8 6//6 11//11
f 5//5 13//13 4//4
f 6//6 12//12 11//11
f 1//1 10//10 20//20
f 4//4 13//13 19//19
f 11//11 15//15 7//7
f 14//14 18//18 7//7
f 2//2 17//17 9//9
f 2//2 7//7 17//17
f 7//7 18//18 17//17
f 1//1 20//20 12//12
f 13//13 9//9 25//25
f 13//13 25//25 16//16
f 13//13 16//16 19//19
f 4//4 19//19 23//23
f 7//7 15//15 14//14
f 4//4 23//23 10//10
f 10//10 23//23 32//32
f 12//12 20//20 24//24
f 11//11 21//21 22//22
f 11//11 24//24 21//21
f 11//11 12//12 24//24
f 11//11 22//22 15//15
f 10//10 26//26 20//20
f 9//9 17//17 25//25
f 10//10 32//32 26//26
f 14//14 27//27 18//18
f 14//14 15//15 27//27
f 18//18 27//27 29//29
f 16//16 25//25 28//28
f 19//19 16//16 33//33
f 16//16 28//28 33//33
f 18//18 29//29 17//17
f 20//20 26//26 31//31
f 17//17 29//29 30//30
f 26//26 38//38 31//31
f 22//22 36//36 40//40
f 20//20 31//31 35//35
f 20//20 35//35 24//24
f 24//24 35//35 34//34
f 21//21 36//36 22//22
f 25//25 17//17 37//37
f 21//21 24//24 36//36
f 26//26 32//32 38//38
f 24//24 34//34 36//36
f 22//22 39//39 15//15
f 28//28 25//25 37//37
f 22//22 40//40 39//39
f 17//17 30//30 37//37
f 34//34 41//41 36//36
f 15//15 49//49 27//27
f 36//36 45//45 40//40
f 35//35 46//46 34//34
f 34//34 46//46 41//41
f 36//36 41//41 45//45
f 35//35 31//31 47//47
f 48//48 44//44 46//46
f 42//42 45//45 43//43
f 43//43 41//41 44//44
f 42//42 40//40 45//45
f 41//41 46//46 44//44
f 43//43 45//45 41//41
f 35//35 48//48 46//46
f 35//35 51//51 48//48
f 23//23 19//19 54//54
f 42//42 52//52 40//40
f 30//30 62//62 37//37
f 35//35 47//47 51//51
f 31//31 38//38 53//53
f 40//40 52//52 39//39
f 31//31 53//53 47//47
f 43//43 55//55 42//42
f 44//44 55//55 43//43
f 48//48 56//56 44//44
f 44//44 56//56 55//55
f 48//48 51//51 60//60
f 42//42 50//50 52//52
f 33//33 68//68 19//19
f 42//42 55//55 57//57
f 57//57 50//50 42//42
f 50//50 59//59 52//52
f 56//56 48//48 60//60
f 33//33 28//28 58//58
f 60//60 51//51 61//61
f 55//55 63//63 57//57
f 55//55 56//56 64//64
f 37//37 62//62 67//67
f 55//55 64//64 63//63
f 60//60 65//65 56//56
f 50//50 57//57 66//66
f 51//51 47//47 88//88
f 56//56 65//65 64//64
f 60//60 85//85 65//65
f 57//57 73//73 66//66
f 57//57 63//63 73//73
f 69//69 71//71 70//70
f 69//69 70//70 77//77
f 74//74 78//78 75//75
f 74//74 75//75 76//76
f 74//74 72//72 78//78
f 69//69 75//75 71//71
f 85//85 89//89 65//65
f 76//76 75//75 79//79
f 75//75 78//78 71//71
f 85//85 60//60 84//84
f 75//75 69//69 80//80
f 71//71 78//78 70//70
f 72//72 81//81 78//78
f 75//75 80//80 79//79
f 69//69 77//77 83//83
f 51//51 88//88 61//61
f 72//72 74//74 82//82
f 64//64 89//89 90//90
f 64//64 90//90 63//63
f 64//64 65//65 89//89
f 76//76 79//79 85//85
f 70//70 78//78 86//86
f 78//78 81//81 86//86
f 69//69 83//83 80//80
f 72//72 82//82 81//81
f 79//79 80//80 93//93
f 76//76 85//85 84//84
f 47//47 97//97 88//88
f 85//85 79//79 90//90
f 63//63 93//93 73//73
f 70//70 86//86 87//87
f 80//80 83//83 93//93
f 81//81 92//92 86//86
f 81//81 94//94 92//92
f 70//70 91//91 77//77
f 61//61 95//95 60//60
f 70//70 87//87 91//91
f 66//66 73//73 83//83
f 85//85 90//90 89//89
f 79//79 93//93 90//90
f 74//74 96//96 98//98
f 74//74 76//76 96//96
f 63//63 90//90 93//93
f 83//83 73//73 93//93
f 47//47 53//53 97//97
f 29//29 112//112 30//30
f 60//60 95//95 84//84
f 91//91 102//102 77//77
f 87//87 103//103 91//91
f 76//76 84//84 96//96
f 99//99 77//77 102//102
f 74//74 98//98 82//82
f 86//86 92//92 101//101
f 83//83 77//77 109//109
f 87//87 104//104 106//106
f 29//29 27//27 112//112
f 87//87 86//86 104//104
f 92//92 94//94 105//105
f 92//92 105//105 101//101
f 77//77 99//99 109//109
f 82//82 107//107 81//81
f 82//82 98//98 107//107
f 83//83 109//109 66//66
f 84//84 95//95 108//108
f 86//86 101//101 104//104
f 87//87 106//106 103//103
f 61//61 88//88 139//139
f 96//96 84//84 108//108
f 81//81 107//107 94//94
f 30//30 112//112 62//62
f 94//94 107//107 110//110
f 105//105 94//94 110//110
f 53//53 38//38 100//100
f 101//101 111//111 104//104
f 105//105 111//111 101//101
f 105//105 110//110 111//111
f 37//37 67//67 28//28
f 23//23 54//54 113//113
f 32//32 120//120 141//141
f 53//53 125//125 97//97
f 104//104 116//116 106//106
f 107//107 115//115 110//110
f 110//110 114//114 118//118
f 111//111 116//116 104//104
f 98//98 96//96 119//119
f 111//111 117//117 116//116
f 110//110 115//115 114//114
f 111//111 118//118 117//117
f 111//111 110//110 118//118
f 50//50 66//66 121//121
f 32//32 23//23 120//120
f 61//61 139//139 95//95
f 107//107 122//122 115//115
f 97//97 125//125 88//88
f 96//96 108//108 119//119
f 98//98 122//122 107//107
f 114//114 129//129 118//118
f 114//114 115//115 129//129
f 39//39 52//52 214//214
f 117//117 128//128 130//130
f 117//117 118//118 128//128
f 116//116 130//130 127//127
f 116//116 117//117 130//130
f 129//129 128//128 118//118
f 109//109 126//126 66//66
f 91//91 103//103 124//124
f 116//116 135//135 106//106
f 38//38 32//32 141//141
f 38//38 141//141 100//100
f 116//116 127//127 135//135
f 128//128 129//129 131//131
f 130//130 128//128 131//131
f 129//129 142//142 131//131
f 131//131 132//132 130//130
f 19//19 138//138 54//54
f 130//130 132//132 133//133
f 130//130 133//133 127//127
f 53//53 137//137 125//125
f 127//127 133//133 134//134
f 115//115 136//136 129//129
f 127//127 134//134 140//140
f 95//95 139//139 144//144
f 108//108 95//95 148//148
f 135//135 127//127 140//140
f 133//133 145//145 134//134
f 132//132 145//145 133//133
f 131//131 142//142 145//145
f 132//132 131//131 145//145
f 134//134 143//143 140//140
f 54//54 138//138 113//113
f 68//68 33//33 58//58
f 66//66 149//149 123//123
f 53//53 100//100 137//137
f 126//126 147//147 66//66
f 122//122 98//98 146//146
f 129//129 136//136 142//142
f 49//49 112//112 27//27
f 115//115 122//122 136//136
f 125//125 152//152 88//88
f 142//142 154//154 145//145
f 39//39 150//150 15//15
f 145//145 153//153 151//151
f 134//134 145//145 151//151
f 23//23 113//113 120//120
f 145//145 154//154 153//153
f 136//136 122//122 155//155
f 66//66 147//147 149//149
f 95//95 144//144 148//148
f 139//139 88//88 152//152
f 108//108 148//148 119//119
f 142//142 136//136 154//154
f 98//98 119//119 146//146
f 122//122 146//146 155//155
f 19//19 68//68 138//138
f 136//136 155//155 154//154
f 138//138 156//156 113//113
f 113//113 156//156 120//120
f 120//120 157//157 141//141
f 151//151 163//163 161//161
f 154//154 162//162 153//153
f 153//153 162//162 163//163
f 154//154 160//160 162//162
f 153//153 163//163 151//151
f 151//151 161//161 159//159
f 119//119 148//148 144//144
f 100//100 141//141 137//137
f 158//158 141//141 157//157
f 141//141 158//158 137//137
f 155//155 160//160 154//154
f 119//119 144//144 146//146
f 125//125 137//137 165//165
f 120//120 156//156 157//157
f 125//125 165//165 152//152
f 146//146 160//160 155//155
f 146//146 144//144 160//160
f 139//139 152//152 144//144
f 137//137 158//158 165//165
f 158//158 157//157 188//188
f 152//152 165//165 144//144
f 158//158 188//188 164//164
f 164//164 188//188 186//186
f 144//144 165//165 160//160
f 168//168 176//176 169//169
f 159//159 170//170 166//166
f 158//158 164//164 165//165
f 162//162 160//160 174//174
f 161//161 163//163 171//171
f 170//170 159//159 161//161
f 160//160 165//165 172//172
f 171//171 163//163 175//175
f 172//172 169//169 160//160
f 165//165 164//164 172//172
f 162//162 175//175 163//163
f 169//169 174//174 160//160
f 174//174 175//175 162//162
f 161//161 171//171 170//170
f 159//159 166//166 187//187
f 175//175 178//178 171//171
f 175//175 174//174 176//176
f 168//168 173//173 176//176
f 177//177 181//181 173//173
f 180//180 178//178 179//179
f 166//166 178//178 180//180
f 173//173 181//181 176//176
f 166//166 170//170 178//178
f 178//178 175//175 181//181
f 176//176 174//174 169//169
f 170//170 171//171 178//178
f 177//177 178//178 181//181
f 166//166 180//180 167//167
f 167//167 187//187 166//166
f 175//175 176//176 181//181
f 177//177 179//179 178//178
f 172//172 190//190 169//169
f 164//164 183//183 190//190
f 164//164 190//190 172//172
f 169//169 190//190 168//168
f 168//168 190//190 191//191
f 180//180 179//179 182//182
f 180//180 182//182 184//184
f 177//177 182//182 179//179
f 177//177 173//173 189//189
f 167//167 180//180 184//184
f 173//173 168//168 185//185
f 173//173 185//185 189//189
f 188//188 157//157 156//156
f 177//177 189//189 182//182
f 168//168 191//191 185//185
f 185//185 192//192 189//189
f 182//182 193//193 184//184
f 184//184 206//206 167//167
f 156//156 138//138 68//68
f 134//134 151//151 234//234
f 193//193 194//194 184//184
f 191//191 196//196 185//185
f 151//151 159//159 200//200
f 189//189 199//199 182//182
f 187//187 167//167 206//206
f 182//182 199//199 193//193
f 184//184 194//194 195//195
f 184//184 195//195 206//206
f 185//185 196//196 192//192
f 189//189 192//192 199//199
f 191//191 198//198 196//196
f 159//159 207//207 200//200
f 164//164 209//209 183//183
f 159//159 187//187 207//207
f 192//192 196//196 202//202
f 192//192 197//197 199//199
f 206//206 207//207 187//187
f 190//190 204//204 205//205
f 164//164 186//186 209//209
f 190//190 183//183 204//204
f 191//191 190//190 205//205
f 191//191 205//205 198//198
f 192//192 202//202 197//197
f 199//199 203//203 193//193
f 193//193 208//208 194//194
f 183//183 201//201 204//204
f 202//202 196//196 210//210
f 197//197 202//202 213//213
f 196//196 198//198 211//211
f 183//183 209//209 201//201
f 206//206 195//195 212//212
f 28//28 67//67 58//58
f 194//194 208//208 195//195
f 198//198 205//205 216//216
f 126//126 109//109 147//147
f 188//188 156//156 186//186
f 205//205 215//215 216//216
f 206//206 217//217 207//207
f 196//196 211//211 210//210
f 198//198 216//216 211//211
f 206//206 212//212 217//217
f 199//199 197//197 203//203
f 195//195 208//208 219//219
f 205//205 204//204 215//215
f 208//208 193//193 221//221
f 195//195 219//219 212//212
f 213//213 202//202 220//220
f 66//66 123//123 121//121
f 109//109 99//99 147//147
f 156//156 68//68 186//186
f 221//221 193//193 203//203
f 202//202 210//210 220//220
f 218//218 219//219 208//208
f 221//221 218//218 208//208
f 91//91 124//124 755//751
f 151//151 200//200 225//225
f 217//217 228//228 207//207
f 203//203 197//197 222//222
f 197//197 213//213 223//223
f 197//197 223//223 222//222
f 15//15 362//361 49//49
f 210//210 224//224 220//220
f 221//221 203//203 222//222
f 218//218 226//226 219//219
f 217//217 212//212 229//229
f 207//207 228//228 225//225
f 215//215 204//204 329//328
f 15//15 150//150 362//361
f 210//210 211//211 224//224
f 200//200 207//207 225//225
f 228//228 217//217 229//229
f 103//103 106//106 481//480
f 221//221 222//222 231//231
f 212//212 219//219 227//227
f 232//232 226//226 218//218
f 220//220 224//224 233//233
f 39//39 214//214 150//150
f 134//134 234//234 143//143
f 151//151 225//225 234//234
f 229//229 212//212 230//230
f 212//212 227//227 230//230
f 221//221 236//236 218//218
f 220//220 235//235 213//213
f 235//235 220//220 233//233
f 231//231 236//236 221//221
f 213//213 237//237 223//223
f 50//50 240//240 59//59
f 232//232 218//218 236//236
f 222//222 239//239 231//231
f 233//233 238//238 235//235
f 222//222 223//223 239//239
f 213//213 235//235 237//237
f 232//232 236//236 241//241
f 232//232 241//241 226//226
f 226//226 258//258 219//219
f 219//219 258//258 227//227
f 233//233 224//224 238//238
f 68//68 254//254 186//186
f 234//234 243//243 242//242
f 50//50 121//121 240//240
f 201//201 209//209 309//308
f 201//201 309//308 204//204
f 234//234 225//225 243//243
f 225//225 251//251 243//243
f 229//229 230//230 244//244
f 228//228 229//229 245//245
f 228//228 245//245 225//225
f 231//231 247//247 236//236
f 236//236 260//260 241//241
f 231//231 239//239 248//248
f 236//236 247//247 246//246
f 245//245 251//251 225//225
f 229//229 253//253 245//245
f 244//244 253//253 229//229
f 241//241 258//258 226//226
f 230//230 227//227 257//257
f 236//236 246//246 260//260
f 243//243 251//251 249//249
f 250//250 249//249 253//253
f 244//244 230//230 257//257
f 249//249 251//251 252//252
f 245//245 252//252 251//251
f 249//249 252//252 253//253
f 250//250 253//253 255//255
f 245//245 253//253 252//252
f 237//237 274//274 223//223
f 250//250 255//255 256//256
f 253//253 244//244 255//255
f 249//249 262//262 243//243
f 256//256 259//259 250//250
f 250//250 262//262 249//249
f 243//243 262//262 242//242
f 241//241 266//266 258//258
f 244//244 257//257 255//255
f 140//140 143//143 271//271
f 231//231 248//248 247//247
f 227//227 267//267 257//257
f 238//238 265//265 235//235
f 223//223 274//274 239//239
f 237//237 235//235 277//277
f 256//256 255//255 257//257
f 250//250 259//259 262//262
f 103//103 481//480 124//124
f 256//256 263//263 259//259
f 258//258 267//267 227//227
f 256//256 257//257 263//263
f 238//238 224//224 265//265
f 262//262 272//272 242//242
f 268//268 235//235 261//261
f 262//262 273//273 272//272
f 259//259 263//263 269//269
f 259//259 273//273 262//262
f 235//235 268//268 277//277
f 235//235 265//265 261//261
f 263//263 257//257 270//270
f 239//239 274//274 248//248
f 215//215 298//297 216//216
f 263//263 275//275 269//269
f 259//259 338//337 273//273
f 259//259 269//269 338//337
f 246//246 276//276 260//260
f 270//270 257//257 267//267
f 309//308 329//328 204//204
f 260//260 266//266 241//241
f 258//258 285//284 267//267
f 246//246 247//247 279//279
f 237//237 277//277 274//274
f 248//248 274//274 291//290
f 267//267 285//284 270//270
f 263//263 280//280 275//275
f 216//216 284//264 211//211
f 260//260 278//278 266//266
f 261//261 283//283 268//268
f 248//248 291//290 247//247
f 263//263 270//270 281//281
f 246//246 292//291 276//276
f 268//268 282//282 277//277
f 263//263 281//281 280//280
f 246//246 279//279 292//291
f 270//270 285//284 286//285
f 265//265 283//283 261//261
f 258//258 287//286 285//284
f 282//282 268//268 288//287
f 247//247 293//292 279//279
f 270//270 286//285 281//281
f 285//284 287//286 286//285
f 258//258 266//266 287//286
f 260//260 276//276 278//278
f 247//247 291//290 293//292
f 268//268 283//283 288//287
f 293//292 294//293 279//279
f 224//224 211//211 482//481
f 266//266 297//296 287//286
f 274//274 277//277 300//299
f 291//290 274//274 296//295
f 278//278 290//289 266//266
f 281//281 286//285 295//294
f 281//281 295//294 280//280
f 265//265 482//481 332//331
f 287//286 297//296 286//285
f 62//62 112//112 289//288
f 279//279 294//293 292//291
f 266//266 290//289 297//296
f 274//274 300//299 296//295
f 224//224 482//481 265//265
f 269//269 347//346 338//337
f 276//276 299//298 278//278
f 295//294 301//300 280//280
f 286//285 297//296 302//301
f 216//216 298//297 264//264
f 215//215 329//328 298//297
f 282//282 304//303 277//277
f 242//242 321//320 234//234
f 265//265 332//331 283//283
f 272//272 273//273 306//305
f 276//276 292//291 299//298
f 300//299 277//277 303//302
f 278//278 308//307 290//289
f 282//282 288//287 304//303
f 302//301 305//304 286//285
f 297//296 290//289 302//301
f 277//277 304//303 303//302
f 286//285 305//304 295//294
f 291//290 319//318 293//292
f 299//298 325//324 278//278
f 283//283 311//310 288//287
f 294//293 313//312 292//291
f 304//303 288//287 311//310
f 291//290 296//295 319//318
f 294//293 314//313 313//312
f 325//324 307//306 278//278
f 295//294 312//311 301//300
f 307//306 316//315 278//278
f 302//301 290//289 308//307
f 295//294 305//304 317//316
f 295//294 317//316 312//311
f 294//293 293//292 314//313
f 302//301 315//314 305//304
f 278//278 316//315 308//307
f 320//319 304//303 318//317
f 303//302 304//303 320//319
f 293//292 319//318 314//313
f 302//301 308//307 315//314
f 300//299 303//302 296//295
f 304//303 311//310 318//317
f 272//272 306//305 323//322
f 59//59 240//240 52//52
f 280//280 333//332 275//275
f 292//291 330//329 299//298
f 296//295 303//302 324//323
f 305//304 315//314 322//321
f 140//140 271//271 135//135
f 308//307 316//315 315//314
f 284//264 482//481 211//211
f 303//302 320//319 324//323
f 301//300 348//347 280//280
f 315//314 316//315 327//326
f 313//312 330//329 292//291
f 314//313 319//318 326//325
f 314//313 328//327 313//312
f 307//306 325//324 327//326
f 307//306 327//326 316//315
f 311//310 334//333 318//317
f 322//321 342//341 305//304
f 320//319 331//330 324//323
f 305//304 342//341 317//316
f 318//317 334//333 320//319
f 328//327 340//339 313//312
f 315//314 327//326 335//334
f 242//242 272//272 321//320
f 216//216 264//264 284//264
f 319//318 296//295 336//335
f 322//321 346//345 342//341
f 325//324 299//298 341//340
f 315//314 335//334 322//321
f 314//313 339//338 328//327
f 320//319 334//333 331//330
f 296//295 324//323 336//335
f 135//135 271//271 337//336
f 319//318 336//335 326//325
f 345//344 339//338 314//313
f 325//324 341//340 327//326
f 313//312 340//339 330//329
f 314//313 326//325 345//344
f 299//298 330//329 344//343
f 335//334 327//326 341//340
f 324//323 331//330 343//342
f 311//310 283//283 332//331
f 326//325 336//335 356//355
f 346//345 361//360 342//341
f 331//330 334//333 343//342
f 344//343 351//350 299//298
f 328//327 353//352 340//339
f 280//280 348//347 333//332
f 62//62 394//393 67//67
f 301//300 312//311 348//347
f 335//334 341//340 351//350
f 326//325 349//348 345//344
f 299//298 351//350 341//340
f 345//344 352//351 339//338
f 343//342 334//333 350//349
f 326//325 356//355 349//348
f 336//335 324//323 354//353
f 324//323 343//342 355//354
f 343//342 350//349 358//357
f 322//321 359//358 346//345
f 335//334 357//356 322//321
f 106//106 135//135 337//336
f 335//334 351//350 357//356
f 346//345 359//358 361//360
f 324//323 355//354 354//353
f 345//344 360//359 352//351
f 311//310 367//366 334//333
f 275//275 333//332 269//269
f 322//321 357//356 363//362
f 340//339 364//363 330//329
f 354//353 356//355 336//335
f 343//342 358//357 355//354
f 322//321 363//362 359//358
f 345//344 371//370 360//359
f 330//329 351//350 344//343
f 345//344 349//348 371//370
f 330//329 364//363 351//350
f 328//327 339//338 353//352
f 339//338 368//367 353//352
f 352//351 372//371 339//338
f 351//350 364//363 357//356
f 356//355 354//353 349//348
f 363//362 366//365 359//358
f 352//351 360//359 372//371
f 311//310 332//331 367//366
f 361//360 359//358 366//365
f 353//352 365//364 340//339
f 112//112 394//393 289//288
f 354//353 355//354 370//369
f 339//338 372//371 368//367
f 354//353 370//369 369//368
f 364//363 340//339 365//364
f 357//356 364//363 365//364
f 354//353 369//368 349//348
f 363//362 357//356 373//372
f 272//272 323//322 445//444
f 358//357 387//386 355//354
f 373//372 366//365 363//362
f 372//371 380//379 368//367
f 368//367 376//375 353//352
f 360//359 378//377 372//371
f 350//349 387//386 358//357
f 370//369 355//354 375//374
f 371//370 378//377 360//359
f 357//356 374//373 373//372
f 58//58 451//450 68//68
f 357//356 365//364 376//375
f 373//372 381//380 366//365
f 349//348 377//376 371//370
f 349//348 369//368 377//376
f 353//352 376//375 365//364
f 355//354 387//386 375//374
f 357//356 376//375 374//373
f 106//106 337//336 481//480
f 62//62 289//288 394//393
f 348//347 312//311 385//384
f 375//374 382//381 370//369
f 317//316 385//384 312//311
f 317//316 342//341 385//384
f 372//371 392//391 380//379
f 373//372 374//373 383//382
f 382//381 375//374 384//383
f 269//269 333//332 389//388
f 378//377 371//370 388//387
f 376//375 368//367 374//373
f 52//52 240//240 214//214
f 371//370 377//376 388//387
f 373//372 383//382 386//385
f 375//374 387//386 384//383
f 373//372 386//385 381//380
f 378//377 388//387 395//394
f 380//379 374//373 368//367
f 378//377 392//391 372//371
f 378//377 393//392 392//391
f 370//369 391//390 369//368
f 342//341 361//360 385//384
f 378//377 395//394 393//392
f 380//379 392//391 374//373
f 383//382 400//399 386//385
f 388//387 377//376 403//402
f 374//373 392//391 396//395
f 382//381 391//390 370//369
f 374//373 396//395 383//382
f 377//376 391//390 403//402
f 273//273 379//378 306//305
f 388//387 402//401 395//394
f 377//376 369//368 391//390
f 388//387 398//397 397//396
f 382//381 384//383 404//403
f 388//387 397//396 402//401
f 338//337 379//378 273//273
f 396//395 400//399 383//382
f 99//99 102//102 827//823
f 298//297 329//328 399//398
f 400//399 412//411 386//385
f 387//386 404//403 384//383
f 382//381 405//404 401//400
f 382//381 401//400 391//390
f 395//394 406//405 393//392
f 395//394 402//401 406//405
f 382//381 404//403 405//404
f 388//387 403//402 413//412
f 388//387 413//412 398//397
f 392//391 407//406 396//395
f 392//391 393//392 407//406
f 143//143 411//410 271//271
f 334//333 367//366 350//349
f 391//390 401//400 415//414
f 400//399 396//395 412//411
f 398//397 409//408 397//396
f 397//396 409//408 402//401
f 408//407 338//337 456//455
f 403//402 391//390 413//412
f 99//99 827//823 147//147
f 402//401 421//420 406//405
f 406//405 407//406 393//392
f 405//404 416//415 401//400
f 396//395 428//427 412//411
f 415//414 401//400 414//413
f 401//400 416//415 414//413
f 404//403 418//417 405//404
f 398//397 413//412 419//418
f 309//308 495//328 329//328
f 338//337 408//407 379//378
f 405//404 418//417 416//415
f 391//390 415//414 413//412
f 402//401 426//425 421//420
f 396//395 407//406 424//423
f 398//397 419//418 409//408
f 396//395 424//423 428//427
f 419//418 413//412 431//430
f 350//349 367//366 387//386
f 415//414 414//413 422//421
f 415//414 422//421 413//412
f 416//415 425//424 414//413
f 361//360 366//365 410//409
f 418//417 425//424 416//415
f 407//406 406//405 424//423
f 414//413 423//422 422//421
f 406//405 421//420 424//423
f 348//347 417//416 333//332
f 348//347 385//384 441//440
f 402//401 435//434 426//425
f 431//430 413//412 427//426
f 413//412 422//421 427//426
f 348//347 438//437 417//416
f 381//380 436//435 366//365
f 102//102 91//91 433//432
f 424//423 421//420 429//428
f 409//408 435//434 402//401
f 409//408 419//418 432//431
f 366//365 436//435 410//409
f 414//413 425//424 423//422
f 423//422 434//433 422//421
f 424//423 429//428 447//446
f 424//423 447//446 428//427
f 385//384 361//360 492//491
f 269//269 389//388 347//346
f 426//425 443//442 421//420
f 429//428 437//436 447//446
f 426//425 435//434 443//442
f 419//418 431//430 432//431
f 423//422 425//424 434//433
f 427//426 422//421 449//448
f 421//420 443//442 429//428
f 333//332 417//416 442//441
f 379//378 463//462 306//305
f 435//434 409//408 446//445
f 431//430 439//438 432//431
f 422//421 434//433 440//439
f 143//143 234//234 411//410
f 422//421 440//439 449//448
f 492//491 441//440 385//384
f 348//347 441//440 438//437
f 321//320 272//272 445//444
f 409//408 432//431 446//445
f 429//428 444//443 437//436
f 429//428 443//442 444//443
f 67//67 451//450 58//58
f 434//433 452//451 440//439
f 431//430 427//426 439//438
f 439//438 427//426 460//459
f 449//448 440//439 448//447
f 381//380 386//385 436//435
f 264//264 298//297 399//398
f 149//149 147//147 547//544
f 435//434 453//452 443//442
f 432//431 457//456 446//445
f 446//445 453//452 435//434
f 425//424 452//451 434//433
f 443//442 453//452 444//443
f 338//337 765//761 456//455
f 386//385 412//411 450//449
f 427//426 449//448 460//459
f 240//240 121//121 420//419
f 412//411 428//427 472//471
f 147//147 827//823 547//544
f 437//436 458//457 447//446
f 439//438 454//453 432//431
f 386//385 450//449 436//435
f 68//68 451//450 466//465
f 440//439 452//451 448//447
f 460//459 449//448 469//468
f 68//68 466//465 254//254
f 448//447 459//458 449//448
f 123//123 462//461 121//121
f 457//456 461//460 446//445
f 439//438 460//459 454//453
f 338//337 347//346 765//761
f 361//360 455//454 492//491
f 449//448 459//458 469//468
f 437//436 444//443 464//463
f 444//443 453//452 464//463
f 432//431 454//453 468//467
f 432//431 468//467 457//456
f 464//463 470//469 437//436
f 446//445 461//460 453//452
f 448//447 452//451 467//466
f 459//458 477//476 469//468
f 437//436 470//469 458//457
f 362//361 471//470 49//49
f 121//121 462//461 420//419
f 447//446 480//479 428//427
f 186//186 430//429 209//209
f 469//468 465//464 460//459
f 464//463 453//452 461//460
f 460//459 485//484 454//453
f 404//403 387//386 528//525
f 448//447 467//466 459//458
f 438//437 475//474 417//416
f 457//456 473//472 461//460
f 460//459 465//464 485//484
f 441//440 478//477 438//437
f 361//360 410//409 455//454
f 404//403 528//525 418//417
f 450//449 412//411 472//471
f 492//491 474//473 441//440
f 454//453 476//475 468//467
f 457//456 468//467 473//472
f 438//437 479//478 475//474
f 389//388 333//332 498//496
f 472//471 428//427 480//479
f 459//458 486//485 477//476
f 464//463 461//460 483//482
f 454//453 485//484 476//475
f 475//474 487//486 417//416
f 459//458 467//466 486//485
f 438//437 478//477 479//478
f 469//468 477//476 484//483
f 469//468 484//483 465//464
f 475//474 479//478 487//486
f 417//416 487//486 442//441
f 483//482 491//490 464//463
f 436//435 450//449 661//657
f 333//332 442//441 496//494
f 477//476 489//488 484//483
f 465//464 484//483 488//487
f 477//476 486//485 489//488
f 464//463 491//490 470//469
f 465//464 488//487 485//484
f 487//486 479//478 493//492
f 479//478 478//477 493//492
f 487//486 493//492 490//489
f 489//488 486//485 497//495
f 492//491 455//454 502//500
f 467//466 494//493 486//485
f 488//487 504//502 485//484
f 67//67 310//309 451//450
f 461//460 473//472 506//503
f 483//482 522//519 491//490
f 461//460 499//497 483//482
f 441//440 474//473 478//477
f 461//460 506//503 499//497
f 490//489 493//492 500//498
f 483//482 499//497 522//519
f 492//491 508//505 474//473
f 310//309 67//67 394//393
f 458//457 512//509 447//446
f 309//308 390//389 495//328
f 399//398 329//328 505//398
f 379//378 510//507 463//462
f 254//254 430//429 186//186
f 487//486 507//504 442//441
f 476//475 506//503 468//467
f 485//484 529//526 476//475
f 468//467 506//503 473//472
f 500//498 493//492 503//501
f 486//485 494//493 497//495
f 490//489 519//516 487//486
f 474//473 508//505 478//477
f 487//486 501//499 507//504
f 489//488 511//508 484//483
f 488//487 484//483 509//506
f 463//462 518//515 306//305
f 827//823 102//102 433//432
f 447//446 512//509 480//479
f 333//332 496//494 498//496
f 489//488 497//495 511//508
f 488//487 513//510 504//502
f 487//486 519//516 501//499
f 478//477 515//512 493//492
f 442//441 507//504 496//494
f 478//477 508//505 515//512
f 493//492 521//518 503//501
f 484//483 511//508 509//506
f 510//507 514//511 463//462
f 529//526 524//521 476//475
f 514//511 510//507 516//513
f 379//378 408//407 531//528
f 306//305 518//515 585//582
f 472//471 527//524 450//449
f 379//378 531//528 510//507
f 485//484 504//502 529//526
f 476//475 524//521 506//503
f 493//492 515//512 521//518
f 463//462 514//511 523//520
f 522//519 532//529 491//490
f 492//491 520//517 508//505
f 521//518 515//512 526//523
f 488//487 509//506 525//522
f 511//508 530//527 509//506
f 511//508 534//531 530//527
f 510//507 531//528 533//530
f 502//500 543//540 520//517
f 502//500 520//517 492//491
f 502//500 455//454 543//540
f 510//507 533//530 516//513
f 463//462 523//520 518//515
f 513//510 589//585 504//502
f 514//511 544//541 523//520
f 516//513 546//543 544//541
f 516//513 544//541 514//511
f 523//520 544//541 548//545
f 488//487 525//522 513//510
f 497//495 545//542 511//508
f 536//533 537//534 541//538
f 539//536 540//537 536//533
f 499//497 532//529 522//519
f 516//513 533//530 546//543
f 507//504 501//499 559//556
f 503//501 538//535 500//498
f 499//497 506//503 549//546
f 539//536 568//565 540//537
f 536//533 540//537 537//534
f 490//489 500//498 538//535
f 504//502 589//585 563//560
f 536//533 541//538 557//554
f 470//469 512//509 458//457
f 499//497 549//546 532//529
f 494//493 545//542 497//495
f 504//502 563//560 529//526
f 539//536 536//533 557//554
f 520//517 554//551 508//505
f 546//543 556//553 544//541
f 552//549 553//550 555//552
f 539//536 557//554 542//539
f 534//531 511//508 558//555
f 515//512 508//505 554//551
f 490//489 538//535 519//516
f 553//550 560//557 551//548
f 523//520 550//547 518//515
f 553//550 561//558 560//557
f 551//548 555//552 553//550
f 552//549 561//558 553//550
f 509//506 530//527 525//522
f 470//469 588//584 512//509
f 541//538 537//534 564//561
f 503//501 521//518 538//535
f 539//536 542//539 569//566
f 513//510 525//522 566//563
f 519//516 535//532 501//499
f 529//526 563//560 524//521
f 507//504 559//556 496//494
f 501//499 570//567 559//556
f 568//565 575//572 540//537
f 551//548 574//571 581//578
f 544//541 565//562 548//545
f 455//454 410//409 595//591
f 525//522 530//527 567//564
f 542//539 557//554 571//568
f 585//582 586//583 306//305
f 540//537 575//572 562//559
f 555//552 551//548 581//578
f 540//537 562//559 576//573
f 537//534 576//573 572//569
f 537//534 540//537 576//573
f 554//551 573//570 515//512
f 544//541 578//575 565//562
f 551//548 577//574 574//571
f 555//552 580//577 552//549
f 544//541 556//553 578//575
f 523//520 548//545 550//547
f 537//534 572//569 564//561
f 551//548 560//557 577//574
f 552//549 580//577 582//579
f 561//558 552//549 582//579
f 539//536 569//566 568//565
f 550//547 548//545 584//581
f 511//508 545//542 558//555
f 555//552 581//578 583//580
f 534//531 579//576 530//527
f 535//532 570//567 501//499
f 515//512 573//570 526//523
f 520//517 543//540 554//551
f 518//515 550//547 585//582
f 560//557 561//558 599//595
f 556//553 591//587 578//575
f 533//530 531//528 590//586
f 583//580 593//589 555//552
f 545//542 494//493 664//660
f 561//558 582//579 594//590
f 467//466 664//660 494//493
f 581//578 592//588 583//580
f 309//308 209//209 608//604
f 436//435 661//657 615//611
f 534//531 558//555 596//592
f 513//510 639//635 589//585
f 542//539 571//568 597//593
f 557//554 600//596 571//568
f 408//407 603//599 531//528
f 513//510 566//563 639//635
f 506//503 524//521 563//560
f 548//545 565//562 584//581
f 579//576 534//531 596//592
f 555//552 593//589 580//577
f 543//540 595//591 554//551
f 542//539 597//593 569//566
f 525//522 567//564 566//563
f 506//503 563//560 622//618
f 546//543 533//530 653//649
f 506//503 622//618 549//546
f 561//558 594//590 599//595
f 533//530 590//586 653//649
f 554//551 602//598 573//570
f 455//454 595//591 543//540
f 581//578 605//601 592//588
f 554//551 595//591 602//598
f 549//546 604//600 532//529
f 410//409 436//435 595//591
f 526//523 573//570 606//602
f 521//518 598//594 538//535
f 549//546 622//618 619//615
f 526//523 606//602 521//518
f 557//554 634//630 600//596
f 472//471 614//610 527//524
f 472//471 480//479 614//610
f 450//449 677//673 661//657
f 367//366 332//331 587//398
f 387//386 367//366 528//525
f 495//328 505//398 329//328
f 541//538 616//612 557//554
f 560//557 599//595 577//574
f 556//553 607//603 591//587
f 580//577 637//633 582//579
f 521//518 606//602 598//594
f 590//586 531//528 603//599
f 530//527 579//576 567//564
f 562//559 575//572 617//613
f 581//578 601//597 605//601
f 584//581 565//562 609//605
f 562//559 611//607 576//573
f 602//598 595//591 610//606
f 546//543 653//649 556//553
f 572//569 576//573 613//609
f 576//573 611//607 613//609
f 581//578 574//571 601//597
f 564//561 572//569 635//631
f 579//576 647//643 567//564
f 572//569 613//609 635//631
f 585//582 550//547 623//619
f 538//535 612//608 519//516
f 496//494 559//556 498//496
f 579//576 596//592 627//623
f 571//568 629//625 597//593
f 589//585 622//618 563//560
f 600//596 629//625 571//568
f 556//553 630//626 607//603
f 566//563 628//624 639//635
f 545//542 636//632 558//555
f 580//577 593//589 638//634
f 567//564 628//624 566//563
f 605//601 654//650 592//588
f 578//575 591//587 633//629
f 592//588 654//650 625//621
f 557//554 616//612 634//630
f 582//579 637//633 640//636
f 556//553 653//649 630//626
f 592//588 625//621 655//651
f 599//595 594//590 621//617
f 594//590 640//636 621//617
f 583//580 638//634 593//589
f 583//580 626//622 638//634
f 582//579 640//636 594//590
f 592//588 655//651 626//622
f 592//588 626//622 583//580
f 579//576 631//627 647//643
f 579//576 627//623 631//627
f 123//123 149//149 462//461
f 91//91 755//751 678//674
f 600//596 634//630 629//625
f 578//575 633//629 565//562
f 599//595 621//617 642//638
f 394//393 112//112 517//514
f 567//564 647//643 618//614
f 538//535 598//594 612//608
f 612//608 648//644 519//516
f 624//620 618//614 643//639
f 595//591 641//637 610//606
f 565//562 645//641 609//605
f 519//516 652//648 535//532
f 450//449 527//524 677//673
f 639//635 622//618 589//585
f 408//407 456//455 603//599
f 567//564 651//647 628//624
f 550//547 584//581 623//619
f 591//587 668//664 633//629
f 618//614 651//647 567//564
f 619//615 604//600 549//546
f 597//593 644//640 569//566
f 562//559 650//646 611//607
f 562//559 617//613 650//646
f 573//570 632//628 606//602
f 623//619 584//581 656//652
f 565//562 633//629 645//641
f 585//582 623//619 586//583
f 618//614 647//643 643//639
f 590//586 603//599 646//642
f 597//593 629//625 657//653
f 558//555 636//632 596//592
f 149//149 547//544 462//461
f 467//466 452//451 1070//525
f 590//586 646//642 653//649
f 573//570 602//598 632//628
f 306//305 586//583 665//661
f 648//644 652//648 519//516
f 620//616 569//566 644//640
f 618//614 624//620 651//647
f 591//587 607//603 668//664
f 646//642 682//678 653//649
f 596//592 636//632 627//623
f 584//581 609//605 656//652
f 603//599 456//455 646//642
f 595//591 436//435 663//659
f 624//620 670//666 651//647
f 597//593 657//653 644//640
f 629//625 634//630 667//663
f 615//611 663//659 436//435
f 619//615 666//662 604//600
f 663//659 659//655 595//591
f 595//591 659//655 660//656
f 626//622 655//651 675//671
f 624//620 658//654 670//666
f 595//591 660//656 641//637
f 631//627 674//670 647//643
f 619//615 622//618 669//665
f 1070//525 664//660 467//466
f 624//620 643//639 671//667
f 653//649 682//678 630//626
f 637//633 580//577 679//675
f 580//577 638//634 649//645
f 559//556 681//677 498//496
f 640//636 637//633 680//676
f 640//636 680//676 621//617
f 621//617 680//676 699//695
f 621//617 699//695 642//638
f 654//650 676//672 625//621
f 624//620 671//667 658//654
f 629//625 667//663 686//682
f 626//622 672//668 638//634
f 647//643 673//669 643//639
f 626//622 675//671 672//668
f 655//651 625//621 675//671
f 619//615 669//665 666//662
f 635//631 613//609 684//680
f 535//532 652//648 700//696
f 647//643 674//670 673//669
f 661//657 663//659 615//611
f 651//647 692//688 628//624
f 586//583 623//619 691//687
f 639//635 692//688 622//618
f 637//633 688//684 680//676
f 586//583 697//693 665//661
f 598//594 698//694 612//608
f 625//621 676//672 690//686
f 669//665 689//685 666//662
f 627//623 674//670 631//627
f 646//642 456//455 683//679
f 628//624 692//688 639//635
f 627//623 636//632 685//681
f 570//567 535//532 700//696
f 559//556 570//567 681//677
f 637//633 679//675 688//684
f 613//609 702//698 684//680
f 635//631 684//680 662//658
f 613//609 611//607 702//698
f 611//607 650//646 702//698
f 675//671 625//621 690//686
f 602//598 694//690 632//628
f 635//631 662//658 701//697
f 657//653 629//625 687//683
f 687//683 629//625 686//682
f 667//663 634//630 696//692
f 623//619 656//652 691//687
f 672//668 693//689 638//634
f 627//623 685//681 674//670
f 622//618 692//688 669//665
f 672//668 675//671 673//669
f 675//671 690//686 673//669
f 643//639 673//669 690//686
f 674//670 672//668 673//669
f 691//687 656//652 703//699
f 674//670 693//689 672//668
f 660//656 695//691 715//711
f 598//594 606//602 706//702
f 598//594 706//702 716//712
f 645//641 704//700 609//605
f 632//628 705//701 606//602
f 690//686 671//667 643//639
f 598//594 716//712 698//694
f 234//234 321//320 800//796
f 651//647 670//666 669//665
f 470//469 491//490 588//584
f 660//656 659//655 695//691
f 612//608 698//694 648//644
f 498//496 681//677 722//718
f 670//666 658//654 669//665
f 635//631 701//697 564//561
f 699//695 680//676 707//703
f 634//630 616//612 696//692
f 680//676 688//684 707//703
f 570//567 700//696 681//677
f 645//641 633//629 704//700
f 586//583 691//687 697//693
f 674//670 685//681 693//689
f 686//682 667//663 708//704
f 664//660 636//632 545//542
f 651//647 669//665 692//688
f 677//673 663//659 661//657
f 491//490 746//742 726//722
f 660//656 715//711 641//637
f 610//606 694//690 602//598
f 656//652 609//605 709//705
f 606//602 705//701 706//702
f 641//637 724//720 610//606
f 707//703 650//646 699//695
f 679//675 580//577 649//645
f 616//612 541//538 753//749
f 306//305 665//661 712//708
f 209//209 430//429 608//604
f 656//652 709//705 703//699
f 662//658 684//680 688//684
f 684//680 702//698 707//703
f 702//698 650//646 707//703
f 684//680 707//703 688//684
f 659//655 715//711 695//691
f 638//634 693//689 649//645
f 658//654 689//685 669//665
f 688//684 679//675 662//658
f 690//686 676//672 713//709
f 677//673 710//706 663//659
f 610//606 725//721 694//690
f 609//605 704//700 709//705
f 677//673 527//524 730//726
f 630//626 682//678 714//710
f 652//648 648//644 728//724
f 420//419 789//785 240//240
f 668//664 745//741 633//629
f 456//455 765//761 718//714
f 633//629 745//741 747//743
f 491//490 532//529 746//742
f 659//655 711//707 749//745
f 456//455 720//716 683//679
f 662//658 679//675 701//697
f 646//642 719//715 682//678
f 610//606 724//720 725//721
f 630//626 723//719 607//603
f 698//694 717//713 648//644
f 686//682 708//704 721//717
f 663//659 711//707 659//655
f 690//686 713//709 671//667
f 697//693 691//687 665//661
f 528//525 795//791 418//417
f 677//673 730//726 710//706
f 715//711 724//720 641//637
f 659//655 749//745 715//711
f 527//524 614//610 730//726
f 632//628 731//727 705//701
f 652//648 728//724 700//696
f 682//678 719//715 714//710
f 456//455 718//714 720//716
f 480//479 512//509 733//729
f 683//679 720//716 646//642
f 541//538 564//561 701//697
f 498//496 722//718 736//732
f 693//689 685//681 649//645
f 696//692 735//731 667//663
f 681//677 700//696 741//737
f 663//659 710//706 711//707
f 728//724 648//644 729//725
f 418//417 795//791 425//424
f 91//91 678//674 433//432
f 709//705 704//700 737//733
f 711//707 710//706 732//728
f 632//628 694//690 731//727
f 681//677 741//737 722//718
f 646//642 720//716 739//735
f 711//707 732//728 749//745
f 541//538 701//697 753//749
f 717//713 750//746 648//644
f 705//701 731//727 706//702
f 687//683 742//738 657//653
f 687//683 734//730 742//738
f 687//683 686//682 734//730
f 607//603 723//719 668//664
f 710//706 738//734 732//728
f 646//642 739//735 719//715
f 710//706 730//726 738//734
f 700//696 728//724 741//737
f 648//644 750//746 729//725
f 706//702 731//727 716//712
f 347//346 751//747 765//761
f 323//322 306//305 712//708
f 708//704 667//663 748//744
f 715//711 727//723 724//720
f 630//626 714//710 723//719
f 730//726 740//736 738//734
f 665//661 691//687 754//750
f 657//653 854//850 644//640
f 658//654 671//667 752//748
f 309//308 608//604 390//389
f 614//610 743//739 730//726
f 616//612 753//749 696//692
f 696//692 753//749 735//731
f 686//682 721//717 734//730
f 708//704 748//744 721//717
f 667//663 735//731 748//744
f 715//711 763//759 727//723
f 698//694 716//712 717//713
f 704//700 633//629 744//740
f 749//745 766//762 715//711
f 452//451 425//424 1070//525
f 532//529 604//600 801//797
f 614//610 480//479 743//739
f 730//726 743//739 740//736
f 715//711 766//762 763//759
f 732//728 738//734 749//745
f 725//721 757//753 694//690
f 712//708 665//661 754//750
f 491//490 726//722 588//584
f 704//700 744//740 737//733
f 480//479 756//752 743//739
f 666//662 807//803 604//600
f 727//723 787//783 724//720
f 703//699 709//705 770//766
f 741//737 758//754 722//718
f 605//601 601//597 1035//1025
f 633//629 747//743 744//740
f 747//743 745//741 762//758
f 739//735 720//716 718//714
f 691//687 703//699 754//750
f 742//738 734//730 768//764
f 728//724 729//725 741//737
f 740//736 743//739 761//757
f 753//749 772//768 735//731
f 694//690 757//753 731//727
f 741//737 729//725 759//755
f 666//662 689//685 815//811
f 740//736 764//760 738//734
f 722//718 758//754 736//732
f 754//750 703//699 767//763
f 759//755 758//754 741//737
f 323//322 893//888 445//444
f 716//712 731//727 760//756
f 734//730 721//717 748//744
f 740//736 783//779 764//760
f 763//759 778//774 727//723
f 709//705 737//733 770//766
f 480//479 733//729 756//752
f 743//739 756//752 761//757
f 724//720 787//783 779//775
f 758//754 759//755 769//765
f 750//746 759//755 729//725
f 734//730 748//744 771//767
f 734//730 771//767 768//764
f 723//719 868//863 668//664
f 717//713 716//712 760//756
f 724//720 779//775 725//721
f 703//699 770//766 767//763
f 748//744 772//768 771//767
f 748//744 735//731 772//768
f 756//752 774//770 761//757
f 771//767 776//772 768//764
f 773//769 775//771 776//772
f 773//769 776//772 771//767
f 773//769 771//767 777//773
f 761//757 783//779 740//736
f 772//768 777//773 771//767
f 725//721 779//775 757//753
f 727//723 778//774 787//783
f 738//734 764//760 749//745
f 747//743 762//758 791//787
f 769//765 781//777 758//754
f 749//745 764//760 786//782
f 774//770 780//776 761//757
f 657//653 742//738 854//850
f 750//746 717//713 759//755
f 699//695 650//646 788//784
f 617//613 575//572 1258//1238
f 240//240 789//785 214//214
f 772//768 782//778 777//773
f 588//584 790//786 512//509
f 768//764 776//772 742//738
f 756//752 733//729 785//781
f 775//771 803//799 776//772
f 719//715 793//789 714//710
f 717//713 784//780 759//755
f 756//752 785//781 774//770
f 772//768 753//749 782//778
f 749//745 786//782 766//762
f 761//757 780//776 783//779
f 747//743 791//787 798//794
f 733//729 512//509 785//781
f 731//727 796//792 760//756
f 757//753 796//792 731//727
f 482//481 284//264 1058//398
f 745//741 799//795 762//758
f 773//769 803//799 775//771
f 773//769 802//798 803//799
f 777//773 802//798 773//769
f 784//780 794//790 759//755
f 712//708 754//750 797//793
f 776//772 803//799 817//813
f 764//760 792//788 786//782
f 714//710 793//789 723//719
f 759//755 794//790 769//765
f 784//780 717//713 760//756
f 774//770 783//779 780//776
f 739//735 718//714 805//801
f 769//765 794//790 806//802
f 763//759 766//762 778//774
f 737//733 808//804 770//766
f 599//595 642//638 813//809
f 745//741 668//664 920//912
f 776//772 817//813 742//738
f 757//753 779//775 796//792
f 769//765 806//802 781//777
f 739//735 805//801 809//805
f 739//735 809//805 719//715
f 754//750 767//763 797//793
f 774//770 785//781 804//800
f 786//782 810//806 766//762
f 498//496 736//732 867//862
f 764//760 812//808 792//788
f 779//775 811//807 796//792
f 512//509 790//786 785//781
f 774//770 804//800 824//820
f 784//780 760//756 814//810
f 234//234 800//796 826//822
f 868//863 920//912 668//664
f 532//529 801//797 746//742
f 744//740 747//743 864//860
f 747//743 798//794 864//860
f 779//775 787//783 811//807
f 737//733 744//740 808//804
f 742//738 817//813 816//812
f 719//715 809//805 793//789
f 766//762 823//819 778//774
f 760//756 796//792 814//810
f 718//714 765//761 822//818
f 718//714 822//818 805//801
f 782//778 830//826 777//773
f 778//774 820//816 787//783
f 785//781 828//824 804//800
f 784//780 814//810 819//815
f 794//790 818//814 806//802
f 784//780 819//815 794//790
f 774//770 824//820 783//779
f 762//758 829//825 791//787
f 794//790 833//829 818//814
f 778//774 823//819 820//816
f 791//787 821//817 798//794
f 804//800 835//831 824//820
f 762//758 799//795 829//825
f 819//815 833//829 794//790
f 804//800 828//824 835//831
f 990//981 650//646 876//871
f 577//574 599//595 837//833
f 679//675 649//645 701//697
f 399//398 935//398 264//264
f 766//762 810//806 823//819
f 833//829 832//828 818//814
f 764//760 783//779 812//808
f 785//781 831//827 828//824
f 796//792 811//807 814//810
f 797//793 834//830 712//708
f 658//654 752//748 689//685
f 792//788 812//808 839//835
f 785//781 790//786 842//838
f 828//824 831//827 835//831
f 785//781 842//838 831//827
f 781//777 844//840 758//754
f 781//777 806//802 844//840
f 685//681 636//632 865//791
f 782//778 753//749 830//826
f 787//783 820//816 841//837
f 588//584 842//838 790//786
f 819//815 840//836 833//829
f 787//783 841//837 811//807
f 797//793 767//763 874//869
f 745//741 920//912 799//795
f 712//708 834//830 323//322
f 791//787 843//839 821//817
f 803//799 802//798 848//844
f 777//773 836//832 802//798
f 814//810 811//807 819//815
f 791//787 849//845 843//839
f 791//787 829//825 849//845
f 792//788 839//835 856//852
f 599//595 813//809 837//833
f 150//150 214//214 838//834
f 411//410 234//234 826//822
f 650//646 617//613 876//871
f 617//613 1258//1238 876//871
f 806//802 818//814 832//828
f 767//763 770//766 874//869
f 284//264 911//398 1058//398
f 568//565 569//566 825//821
f 792//788 856//852 786//782
f 786//782 856//852 810//806
f 833//829 840//836 832//828
f 810//806 856//852 823//819
f 811//807 847//843 819//815
f 783//779 862//858 812//808
f 849//845 851//847 843//839
f 777//773 830//826 836//832
f 797//793 874//869 834//830
f 842//838 845//841 831//827
f 849//845 852//848 851//847
f 988//979 689//685 752//748
f 783//779 846//842 862//858
f 829//825 850//846 849//845
f 842//838 853//849 845//841
f 798//794 821//817 855//851
f 802//798 863//859 848//844
f 807//803 801//797 604//600
f 588//584 726//722 842//838
f 676//672 654//650 1079//1067
f 367//366 587//398 528//525
f 264//264 911//398 284//264
f 150//150 838//834 362//361
f 849//845 850//846 857//853
f 758//754 867//862 736//732
f 823//819 858//854 820//816
f 851//847 852//848 861//857
f 845//841 859//855 831//827
f 820//816 858//854 841//837
f 802//798 836//832 863//859
f 829//825 799//795 850//846
f 824//820 873//868 783//779
f 819//815 872//867 840//836
f 451//450 310//309 910//903
f 823//819 856//852 858//854
f 851//847 861//857 843//839
f 874//869 770//766 888//883
f 849//845 857//853 852//848
f 811//807 860//856 847//843
f 811//807 841//837 860//856
f 482//481 1058//398 332//331
f 845//841 853//849 859//855
f 831//827 859//855 835//831
f 805//801 822//818 871//866
f 805//801 871//866 869//864
f 744//740 864//860 1023//1013
f 689//685 988//979 815//811
f 770//766 808//804 888//883
f 765//761 871//866 822//818
f 812//808 877//872 839//835
f 848//844 884//879 803//799
f 853//849 842//838 878//873
f 847//843 872//867 819//815
f 852//848 857//853 870//865
f 835//831 859//855 875//870
f 783//779 873//868 846//842
f 824//820 835//831 875//870
f 726//722 746//742 880//875
f 860//856 903//896 847//843
f 852//848 882//877 883//878
f 861//857 852//848 883//878
f 861//857 883//878 879//874
f 866//861 893//888 323//322
f 666//662 815//811 807//803
f 481//480 337//336 958//949
f 862//858 877//872 812//808
f 808//804 744//740 923//915
f 805//801 869//864 809//805
f 843//839 861//857 879//874
f 848//844 887//882 884//879
f 726//722 880//875 842//838
f 753//749 902//481 830//826
f 860//856 841//837 858//854
f 842//838 880//875 881//876
f 842//838 881//876 878//873
f 821//817 843//839 855//851
f 859//855 885//880 875//870
f 809//805 890//885 793//789
f 846//842 905//898 862//858
f 856//852 839//835 877//872
f 870//865 882//877 852//848
f 858//854 856//852 889//884
f 882//877 897//891 883//878
f 878//873 900//894 853//849
f 847//843 915//907 872//867
f 860//856 858//854 886//881
f 869//864 890//885 809//805
f 793//789 894//889 723//719
f 723//719 894//889 868//863
f 863//859 887//882 848//844
f 824//820 898//892 873//868
f 870//865 857//853 895//890
f 859//855 853//849 900//894
f 323//322 834//830 866//861
f 713//709 937//928 671//667
f 799//795 904//897 850//846
f 878//873 881//876 900//894
f 860//856 886//881 903//896
f 836//832 899//893 863//859
f 903//896 915//907 847//843
f 856//852 891//886 889//884
f 389//388 498//496 867//862
f 806//802 832//828 844//840
f 844//840 1037//1027 758//754
f 746//742 801//797 909//902
f 854//850 742//738 921//913
f 864//860 798//794 908//901
f 879//874 883//878 912//904
f 843//839 879//874 932//924
f 856//852 877//872 891//886
f 885//880 907//900 875//870
f 880//875 901//895 881//876
f 843//839 932//924 855//851
f 824//820 875//870 898//892
f 746//742 909//902 880//875
f 897//891 906//899 883//878
f 858//854 889//884 886//881
f 798//794 855//851 908//901
f 873//868 919//911 905//898
f 873//868 905//898 846//842
f 862//858 905//898 877//872
f 883//878 906//899 913//905
f 701//697 902//481 753//749
f 713//709 949//940 937//928
f 906//899 897//891 914//906
f 873//868 898//892 919//911
f 883//878 913//905 912//904
f 903//896 917//909 915//907
f 888//883 808//804 977//968
f 886//881 889//884 891//886
f 880//875 909//902 916//908
f 903//896 886//881 925//917
f 866//861 930//922 893//888
f 425//424 795//791 1070//525
f 866//861 834//830 922//914
f 897//891 882//877 914//906
f 880//875 916//908 918//910
f 880//875 918//910 901//895
f 903//896 938//929 917//909
f 901//895 900//894 881//876
f 875//870 933//925 898//892
f 909//902 801//797 916//908
f 895//890 882//877 870//865
f 642//638 699//695 813//809
f 685//681 865//791 649//645
f 832//828 840//836 998//989
f 867//862 758//754 1037//1027
f 834//830 874//869 931//923
f 834//830 931//923 922//914
f 793//789 890//885 894//889
f 877//872 924//916 891//886
f 906//899 927//919 913//905
f 859//855 900//894 926//918
f 885//880 928//920 907//900
f 859//855 926//918 885//880
f 887//882 863//859 946//937
f 850//846 904//897 857//853
f 906//899 914//906 927//919
f 903//896 925//917 938//929
f 451//450 910//903 1096//450
f 901//895 941//932 900//894
f 899//893 836//832 993//984
f 907//900 933//925 875//870
f 886//881 891//886 924//916
f 879//874 953//944 932//924
f 879//874 912//904 953//944
f 877//872 905//898 924//916
f 886//881 924//916 934//926
f 901//895 918//910 941//932
f 765//761 751//747 871//866
f 926//918 942//933 885//880
f 869//864 943//934 890//885
f 912//904 913//905 936//927
f 885//880 942//933 928//920
f 863//859 899//893 946//937
f 882//877 929//921 914//906
f 857//853 940//931 895//890
f 914//906 929//921 939//930
f 900//894 944//935 926//918
f 886//881 934//926 925//917
f 904//897 940//931 857//853
f 874//869 888//883 931//923
f 895//890 964//955 882//877
f 744//740 1023//1013 923//915
f 664//660 1109//398 636//632
f 840//836 872//867 979//970
f 751//747 950//941 871//866
f 919//911 933//925 905//898
f 882//877 964//955 929//921
f 927//919 962//953 913//905
f 919//911 898//892 933//925
f 977//968 808//804 923//915
f 871//866 950//941 869//864
f 836//832 830//826 993//984
f 912//904 936//927 953//944
f 574//571 577//574 892//887
f 934//926 948//939 925//917
f 916//908 947//938 918//910
f 932//924 952//943 855//851
f 869//864 950//941 943//934
f 887//882 946//937 884//879
f 890//885 954//945 894//889
f 801//797 807//803 916//908
f 799//795 961//952 904//897
f 932//924 965//956 952//943
f 920//912 961//952 799//795
f 924//916 905//898 955//946
f 905//898 933//925 955//946
f 942//933 959//950 928//920
f 934//926 924//916 955//946
f 945//936 964//955 895//890
f 932//924 953//944 965//956
f 927//919 914//906 969//960
f 918//910 947//938 960//951
f 925//917 948//939 951//942
f 925//917 956//947 938//929
f 907//900 928//920 959//950
f 884//879 946//937 967//958
f 907//900 959//950 933//925
f 929//921 964//955 939//930
f 505//398 935//398 399//398
f 855//851 966//957 908//901
f 916//908 957//948 947//938
f 925//917 951//942 956//947
f 913//905 962//953 936//927
f 855//851 963//954 966//957
f 900//894 975//966 944//935
f 854//850 1150//1136 644//640
f 803//799 978//969 817//813
f 505//398 495//328 1122//1108
f 916//908 807//803 957//948
f 214//214 980//971 838//834
f 895//890 940//931 945//936
f 855//851 952//943 963//954
f 214//214 789//785 980//971
f 918//910 960//951 941//932
f 944//935 974//965 926//918
f 926//918 976//967 942//933
f 807//803 815//811 957//948
f 926//918 974//965 976//967
f 800//796 321//320 1488//1461
f 321//320 445//444 1488//1461
f 575//572 568//565 1271//1251
f 451//450 1096//450 466//465
f 899//893 993//984 971//962
f 922//914 931//923 981//972
f 899//893 972//963 946//937
f 868//863 894//889 992//983
f 939//930 969//960 914//906
f 933//925 968//959 955//946
f 941//932 975//966 900//894
f 934//926 955//946 970//961
f 970//961 983//974 934//926
f 934//926 983//974 948//939
f 941//932 960//951 982//973
f 941//932 982//973 975//966
f 944//935 975//966 985//976
f 970//961 955//946 968//959
f 899//893 971//962 972//963
f 481//480 958//949 124//124
f 788//784 650//646 990//981
f 310//309 394//393 910//903
f 959//950 968//959 933//925
f 866//861 922//914 930//922
f 948//939 984//975 951//942
f 953//944 936//927 965//956
f 957//948 986//977 947//938
f 936//927 962//953 987//978
f 942//933 976//967 959//950
f 948//939 983//974 984//975
f 940//931 991//982 945//936
f 947//938 986//977 960//951
f 888//883 977//968 931//923
f 816//812 817//813 1056//1046
f 915//907 917//909 1025//1015
f 944//935 985//976 974//965
f 965//956 936//927 987//978
f 49//49 471//470 112//112
f 957//948 995//986 986//977
f 960//951 1008//998 982//973
f 957//948 815//811 995//986
f 973//964 337//336 1022//1012
f 975//966 996//987 985//976
f 601//597 574//571 1035//1025
f 701//697 649//645 902//481
f 970//961 994//985 983//974
f 959//950 1002//992 968//959
f 815//811 988//979 995//986
f 975//966 982//973 997//988
f 976//967 974//965 999//990
f 904//897 961//952 1005//995
f 959//950 976//967 999//990
f 971//962 1018//1008 972//963
f 975//966 997//988 996//987
f 964//955 945//936 1093//1081
f 964//955 1093//1081 1010//1000
f 930//922 989//980 893//888
f 264//264 935//398 911//398
f 917//909 938//929 1025//1015
f 337//336 271//271 1022//1012
f 915//907 979//970 872//867
f 840//836 979//970 998//989
f 952//943 965//956 1024//1014
f 970//961 968//959 1002//992
f 992//983 1009//999 868//863
f 986//977 1008//998 960//951
f 986//977 995//986 1006//996
f 896//398 505//398 1122//1108
f 959//950 999//990 1002//992
f 970//961 1002//992 1000//991
f 964//955 1010//1000 939//930
f 939//930 1015//1005 969//960
f 970//961 1000//991 994//985
f 983//974 1004//994 984//975
f 713//709 676//672 949//940
f 974//965 985//976 1032//1022
f 988//979 1003//993 1006//996
f 890//885 1012//1002 954//945
f 988//979 1006//996 995//986
f 988//979 752//748 1003//993
f 644//640 1150//1136 1063//1052
f 920//912 868//863 1009//999
f 963//954 952//943 1024//1014
f 986//977 1020//1010 1008//998
f 832//828 998//989 844//840
f 979//970 915//907 1025//1015
f 1000//991 1011//1001 994//985
f 996//987 1014//1004 985//976
f 972//963 1018//1008 946//937
f 864//860 908//901 1021//1011
f 967//958 946//937 1016//1006
f 994//985 1004//994 983//974
f 890//885 943//934 1012//1002
f 974//965 1013//1003 999//990
f 894//889 954//945 992//983
f 965//956 987//978 1024//1014
f 1018//1008 971//962 1017//1007
f 986//977 1019//1009 1020//1010
f 1000//991 1002//992 999//990
f 986//977 1027//1017 1019//1009
f 974//965 1032//1022 1013//1003
f 864//860 1021//1011 1023//1013
f 904//897 1005//995 940//931
f 1006//996 1027//1017 986//977
f 946//937 1018//1008 1016//1006
f 930//922 922//914 989//980
f 993//984 1030//1020 971//962
f 920//912 1053//1043 961//952
f 1024//1014 987//978 1028//1018
f 985//976 1014//1004 1032//1022
f 1006//996 1003//993 1036//1026
f 605//601 1035//1025 654//650
f 971//962 1030//1020 1017//1007
f 1017//1007 1026//1016 1018//1008
f 1019//1009 1034//1024 1020//1010
f 994//985 1031//1021 1004//994
f 1000//991 999//990 1013//1003
f 987//978 962//953 1084//1072
f 982//973 1008//998 997//988
f 996//987 997//988 1014//1004
f 644//640 1063//1052 620//616
f 1003//993 1033//1023 1036//1026
f 1000//991 1013//1003 1032//1022
f 994//985 1011//1001 1031//1021
f 1000//991 1032//1022 1011//1001
f 1033//1023 1003//993 1041//1031
f 939//930 1010//1000 1015//1005
f 112//112 471//470 1042//1032
f 332//331 1155//398 587//398
f 1009//999 1055//1045 920//912
f 1018//1008 1026//1016 1038//1028
f 987//978 1084//1072 1028//1018
f 989//980 922//914 1039//1029
f 963//954 1040//1030 966//957
f 940//931 1005//995 991//982
f 1018//1008 1044//1034 1016//1006
f 1258//1238 575//572 1271//1251
f 938//929 956//947 1025//1015
f 1018//1008 1038//1028 1044//1034
f 1036//1026 1033//1023 1050//1040
f 445//444 893//888 1488//1461
f 1003//993 752//748 1041//1031
f 1011//1001 1043//1033 1031//1021
f 997//988 1048//1038 1014//1004
f 963//954 1024//1014 1067//1056
f 997//988 1008//998 1048//1038
f 1011//1001 1032//1022 1045//1035
f 908//901 966//957 1021//1011
f 1006//996 1036//1026 1027//1017
f 1026//1016 1017//1007 1038//1028
f 922//914 981//972 1039//1029
f 569//566 620//616 1063//1052
f 884//879 1057//1047 803//799
f 1032//1022 1014//1004 1045//1035
f 1024//1014 1028//1018 1067//1056
f 1027//1017 1061//1050 1019//1009
f 991//982 1052//1042 945//936
f 1038//1028 1017//1007 1047//1037
f 1045//1035 1046//1036 1011//1001
f 1040//1030 963//954 1067//1056
f 1034//1024 1048//1038 1020//1010
f 1019//1009 1061//1050 1034//1024
f 608//604 430//429 1059//1048
f 993//984 830//826 1060//1049
f 1017//1007 1030//1020 1047//1037
f 1038//1028 1047//1037 1049//1039
f 1030//1020 993//984 1060//1049
f 950//941 751//747 943//934
f 1015//1005 1051//1041 969//960
f 954//945 1012//1002 1054//1044
f 1038//1028 1049//1039 1044//1034
f 1020//1010 1048//1038 1008//998
f 991//982 1005//995 1052//1042
f 920//912 1055//1045 1053//1043
f 1011//1001 1046//1036 1043//1033
f 495//328 390//389 1123//1109
f 1049//1039 1062//1051 1044//1034
f 1047//1037 1064//1053 1049//1039
f 1027//1017 1036//1026 1061//1050
f 1033//1023 1041//1031 1050//1040
f 699//695 788//784 1069//1058
f 699//695 1069//1058 813//809
f 816//812 1056//1046 1129//1115
f 943//934 1066//1055 1012//1002
f 1039//1029 981//972 1073//1061
f 931//923 1068//1057 981//972
f 1049//1039 1064//1053 1065//1054
f 1014//1004 1048//1038 1045//1035
f 954//945 1054//1044 992//983
f 1010//1000 1093//1081 1015//1005
f 844//840 998//989 1130//1116
f 966//957 1040//1030 1071//1059
f 956//947 951//942 1080//1068
f 1047//1037 1030//1020 1072//1060
f 943//934 751//747 1066//1055
f 1045//1035 1074//1062 1046//1036
f 1052//1042 1113//1099 945//936
f 1045//1035 1075//1063 1074//1062
f 1061//1050 1077//1065 1076//1064
f 854//850 921//913 1150//1136
f 935//398 505//398 896//398
f 1034//1024 1076//1064 1048//1038
f 1034//1024 1061//1050 1076//1064
f 1048//1038 1075//1063 1045//1035
f 1047//1037 1072//1060 1064//1053
f 981//972 1068//1057 1073//1061
f 1062//1051 1049//1039 1081//1069
f 1065//1054 1089//1077 1049//1039
f 979//970 1078//1066 998//989
f 1030//1020 1060//1049 1072//1060
f 1061//1050 1036//1026 1077//1065
f 1005//995 961//952 1128//1114
f 1040//1030 1067//1056 1071//1059
f 742//738 816//812 1129//1115
f 751//747 1090//1078 1066//1055
f 1074//1062 1082//1070 1046//1036
f 1054//1044 1012//1002 1083//1071
f 1049//1039 1089//1077 1081//1069
f 1012//1002 1066//1055 1083//1071
f 1041//1031 1091//1079 1050//1040
f 1065//1054 1064//1053 1088//1076
f 1021//1011 966//957 1087//1075
f 931//923 977//968 1068//1057
f 752//748 671//667 937//928
f 1076//1064 1075//1063 1048//1038
f 1023//1013 1021//1011 1102//1089
f 1091//1079 1036//1026 1050//1040
f 945//936 1113//1099 1093//1081
f 989//980 1094//1082 893//888
f 923//915 1023//1013 1100//1087
f 1015//1005 1093//1081 1092//1080
f 1075//1063 1098//1085 1074//1062
f 1015//1005 1092//1080 1051//1041
f 992//983 1054//1044 1009//999
f 1064//1053 1097//1084 1088//1076
f 1065//1054 1088//1076 1089//1077
f 789//785 1103//1090 980//971
f 254//254 466//465 1001//465
f 752//748 1086//1074 1041//1031
f 1064//1053 1072//1060 1097//1084
f 1076//1064 1077//1065 1075//1063
f 1074//1062 1098//1085 1082//1070
f 825//821 569//566 1105//1092
f 1005//995 1101//1088 1052//1042
f 961//952 1053//1043 1128//1114
f 1091//1079 1077//1065 1036//1026
f 844//840 1130//1116 1037//1027
f 921//913 742//738 1095//1083
f 966//957 1071//1059 1087//1075
f 568//565 1527//1498 1271//1251
f 1005//995 1128//1114 1101//1088
f 977//968 1108//1095 1068//1057
f 1041//1031 1086//1074 1091//1079
f 1077//1065 1104//1091 1075//1063
f 1075//1063 1099//1086 1098//1085
f 1075//1063 1104//1091 1099//1086
f 923//915 1100//1087 1111//1097
f 649//645 865//791 902//481
f 1067//1056 1028//1018 1107//1094
f 977//968 923//915 1111//1097
f 1077//1065 1091//1079 1104//1091
f 1051//1041 1110//1096 969//960
f 1091//1079 1086//1074 1104//1091
f 989//980 1039//1029 1094//1082
f 1099//1086 1112//1098 1098//1085
f 1099//1086 1104//1091 1112//1098
f 979//970 1167//1152 1078//1066
f 1025//1015 956//947 1126//1112
f 910//903 1029//1019 1096//450
f 654//650 1035//1025 1079//1067
f 1102//1089 1021//1011 1087//1075
f 962//953 927//919 1084//1072
f 1052//1042 1101//1088 1113//1099
f 789//785 1121//1107 1103//1090
f 574//571 892//887 1085//1073
f 751//747 347//346 1106//1093
f 1025//1015 1161//1146 1120//1106
f 332//331 1058//398 1155//398
f 867//862 1037//1027 1124//1110
f 1037//1027 1115//1101 1124//1110
f 1071//1059 1067//1056 1107//1094
f 1071//1059 1107//1094 1157//1142
f 751//747 1106//1093 1090//1078
f 1071//1059 1119//1105 1087//1075
f 1009//999 1054//1044 1131//1117
f 1104//1091 1086//1074 1112//1098
f 1028//1018 1084//1072 1117//1103
f 1093//1081 1118//1104 1092//1080
f 1092//1080 1110//1096 1051//1041
f 1107//1094 1028//1018 1117//1103
f 1025//1015 1126//1112 1161//1146
f 1023//1013 1102//1089 1100//1087
f 893//888 1094//1082 1147//1133
f 979//970 1025//1015 1120//1106
f 742//738 1129//1115 1095//1083
f 1072//1060 1125//1111 1097//1084
f 547//544 827//823 1007//997
f 803//799 1057//1047 978//969
f 969//960 1164//1149 927//919
f 347//346 389//388 1135//1121
f 910//903 394//393 1029//1019
f 1084//1072 1127//1113 1117//1103
f 1054//1044 1083//1071 1131//1117
f 1119//1105 1071//1059 1157//1142
f 124//124 958//949 1134//1120
f 347//346 1135//1121 1106//1093
f 902//481 1060//1049 830//826
f 1004//994 1031//1021 1114//1100
f 1037//1027 1130//1116 1156//1141
f 1037//1027 1156//1141 1116//1102
f 1037//1027 1116//1102 1115//1101
f 1083//1071 1066//1055 1132//1118
f 1090//1078 1106//1093 1066//1055
f 1066//1055 1106//1093 1132//1118
f 1044//1034 1062//1051 1503//1476
f 1082//1070 1139//1125 1046//1036
f 1004//994 1138//1124 984//975
f 998//989 1078//1066 1141//1127
f 1115//1101 1116//1102 1137//1123
f 1130//1116 998//989 1142//1128
f 1094//1082 1039//1029 1143//1129
f 394//393 517//514 1151//1137
f 1119//1105 1145//1131 1087//1075
f 471//470 362//361 1148//1134
f 969//960 1215//1196 1226//1207
f 979//970 1120//1106 1167//1152
f 420//419 1121//1107 789//785
f 1031//1021 1213//1194 1114//1100
f 1093//1081 1113//1099 1146//1132
f 636//632 1109//398 865//791
f 951//942 984//975 1144//1130
f 1043//1033 1154//1140 1031//1021
f 998//989 1152//1138 1142//1128
f 1073//1061 1153//1139 1039//1029
f 977//968 1111//1097 1108//1095
f 1073//1061 1068//1057 1153//1139
f 1113//1099 1101//1088 1146//1132
f 956//947 1080//1068 1126//1112
f 967//958 1016//1006 1149//1135
f 884//879 967//958 1057//1047
f 1107//1094 1117//1103 1157//1142
f 1102//1089 1087//1075 1136//1122
f 1086//1074 752//748 1175//1159
f 1156//1141 1130//1116 1160//1145
f 1056//1046 817//813 1211//1193
f 795//791 528//525 1169//398
f 813//809 1069//1058 1140//1126
f 1146//1132 1158//1143 1093//1081
f 998//989 1141//1127 1152//1138
f 1093//1081 1158//1143 1118//1104
f 1039//1029 1153//1139 1143//1129
f 951//942 1144//1130 1080//1068
f 568//565 825//821 1527//1498
f 788//784 990//981 1210//1192
f 1119//1105 1157//1142 1191//1173
f 990//981 876//871 1210//1192
f 969//960 1110//1096 1215//1196
f 1115//1101 1137//1123 1163//1148
f 1115//1101 1163//1148 1159//1144
f 984//975 1138//1124 1144//1130
f 1004//994 1114//1100 1138//1124
f 927//919 1164//1149 1084//1072
f 1082//1070 1245//1225 1165//1150
f 1116//1102 1156//1141 1137//1123
f 1145//1131 1119//1105 1191//1173
f 577//574 837//833 892//887
f 795//791 1169//398 1070//525
f 1043//1033 1046//1036 1133//1119
f 1098//1085 1112//1098 1278//1257
f 867//862 1124//1110 1170//1154
f 1131//1117 1083//1071 1172//1156
f 1094//1082 1143//1129 1147//1133
f 1137//1123 1156//1141 1163//1148
f 1130//1116 1166//1151 1160//1145
f 1142//1128 1166//1151 1130//1116
f 755//751 124//124 678//674
f 1132//1118 1106//1093 1192//1174
f 574//571 1085//1073 1035//1025
f 1098//1085 1168//1153 1082//1070
f 394//393 1151//1137 1029//1019
f 1152//1138 1141//1127 1177//1161
f 664//660 1070//525 1183//398
f 1120//1106 1188//1170 1167//1152
f 1009//999 1131//1117 1171//1155
f 1118//1104 1158//1143 1092//1080
f 1092//1080 1158//1143 1186//1168
f 1152//1138 1177//1161 1142//1128
f 1173//1157 1179//1163 1160//1145
f 1142//1128 1177//1161 1166//1151
f 1157//1142 1117//1103 1182//1165
f 1156//1141 1179//1163 1163//1148
f 1160//1145 1179//1163 1156//1141
f 1160//1145 1166//1151 1173//1157
f 1179//1163 1180//1164 1163//1148
f 1163//1148 1178//1162 1159//1144
f 1078//1066 1167//1152 1185//1167
f 1163//1148 1180//1164 1178//1162
f 1046//1036 1139//1125 1133//1119
f 1226//1207 1164//1149 969//960
f 1101//1088 1187//1169 1146//1132
f 1131//1117 1172//1156 1171//1155
f 1110//1096 1186//1168 1215//1196
f 1110//1096 1092//1080 1186//1168
f 1124//1110 1115//1101 1195//1177
f 1141//1127 1185//1167 1177//1161
f 1078//1066 1185//1167 1141//1127
f 1086//1074 1175//1159 1112//1098
f 1157//1142 1182//1165 1194//1176
f 1115//1101 1159//1144 1195//1177
f 1166//1151 1177//1161 1190//1172
f 1173//1157 1189//1171 1179//1163
f 1087//1075 1145//1131 1136//1122
f 1128//1114 1187//1169 1101//1088
f 1190//1172 1173//1157 1166//1151
f 1167//1152 1188//1170 1184//1166
f 1080//1068 1144//1130 1198//1180
f 1154//1140 1043//1033 1133//1119
f 528//525 587//398 1181//398
f 420//419 462//461 1121//1107
f 1191//1173 1157//1142 1194//1176
f 1083//1071 1132//1118 1172//1156
f 1117//1103 1127//1113 1182//1165
f 1177//1161 1185//1167 1190//1172
f 1167//1152 1184//1166 1185//1167
f 362//361 838//834 1148//1134
f 1213//1194 1031//1021 1154//1140
f 1190//1172 1196//1178 1173//1157
f 1102//1089 1136//1122 1199//1181
f 1128//1114 1053//1043 1187//1169
f 1100//1087 1102//1089 1199//1181
f 1072//1060 1060//1049 1125//1111
f 1147//1133 1143//1129 1253//1233
f 1068//1057 1200//1182 1153//1139
f 1173//1157 1196//1178 1207//1189
f 1190//1172 1201//1183 1197//1179
f 1190//1172 1185//1167 1201//1183
f 1188//1170 1202//1184 1184//1166
f 1185//1167 1184//1166 1205//1187
f 1120//1106 1202//1184 1188//1170
f 1185//1167 1203//1185 1201//1183
f 1173//1157 1207//1189 1189//1171
f 1096//450 1244//465 466//465
f 788//784 1210//1192 1069//1058
f 1100//1087 1225//1206 1111//1097
f 1068//1057 1108//1095 1200//1182
f 1180//1164 1179//1163 1214//1195
f 1205//1187 1203//1185 1185//1167
f 1161//1146 1206//1188 1120//1106
f 1082//1070 1168//1153 1245//1225
f 1190//1172 1207//1189 1196//1178
f 1120//1106 1206//1188 1202//1184
f 1179//1163 1189//1171 1217//1198
f 1146//1132 1187//1169 1218//1199
f 1184//1166 1209//1191 1205//1187
f 1143//1129 1153//1139 1228//1209
f 1184//1166 1202//1184 1209//1191
f 1057//1047 967//958 1223//1204
f 867//862 1170//1154 1227//1208
f 1062//1051 1081//1069 1459//1434
f 1063//1052 1150//1136 1303//1282
f 1124//1110 1195//1177 1170//1154
f 1205//1187 1221//1202 1203//1185
f 1153//1139 1200//1182 1228//1209
f 1202//1184 1222//1203 1209//1191
f 1161//1146 1220//1201 1206//1188
f 1126//1112 1220//1201 1161//1146
f 389//388 867//862 1135//1121
f 1082//1070 1165//1150 1139//1125
f 893//888 1147//1133 1224//1205
f 1178//1162 1229//1210 1159//1144
f 1216//1197 1222//1203 1202//1184
f 1195//1177 1230//1211 1170//1154
f 1080//1068 1219//1200 1126//1112
f 1206//1188 1220//1201 1202//1184
f 1053//1043 1208//1190 1187//1169
f 1080//1068 1198//1180 1219//1200
f 1178//1162 1180//1164 1229//1210
f 271//271 411//410 1022//1012
f 1154//1140 1234//1215 1213//1194
f 1132//1118 1236//1217 1172//1156
f 1203//1185 1221//1202 1201//1183
f 1202//1184 1220//1201 1216//1197
f 1201//1183 1221//1202 1197//1179
f 1126//1112 1219//1200 1220//1201
f 1222//1203 1216//1197 1233//1214
f 1098//1085 1278//1257 1168//1153
f 1220//1201 1232//1213 1216//1197
f 1216//1197 1232//1213 1231//1212
f 1180//1164 1214//1195 1229//1210
f 1179//1163 1217//1198 1214//1195
f 1145//1131 1191//1173 1241//1222
f 1144//1130 1138//1124 1239//1220
f 1190//1172 1197//1179 1235//1216
f 1189//1171 1247//1227 1217//1198
f 1149//1135 1223//1204 967//958
f 1207//1189 1237//1218 1189//1171
f 1200//1182 1108//1095 1346//1324
f 1182//1165 1127//1113 1305//1284
f 1136//1122 1145//1131 1241//1222
f 1132//1118 1192//1174 1236//1217
f 1144//1130 1239//1220 1198//1180
f 1220//1201 1219//1200 1232//1213
f 1112//1098 1175//1159 1174//1158
f 1016//1006 1193//1175 1149//1135
f 495//328 1123//1109 1122//1108
f 1232//1213 1238//1219 1231//1212
f 1222//1203 1233//1214 1240//1221
f 1207//1189 1243//1224 1237//1218
f 1198//1180 1239//1220 1219//1200
f 1216//1197 1231//1212 1233//1214
f 1190//1172 1235//1216 1207//1189
f 1159//1144 1242//1223 1195//1177
f 1138//1124 1114//1100 1250//1230
f 1189//1171 1237//1218 1247//1227
f 1231//1212 1238//1219 1252//1232
f 1238//1219 1232//1213 1246//1226
f 1146//1132 1331//1310 1158//1143
f 1205//1187 1209//1191 1221//1202
f 1112//1098 1174//1158 1297//1276
f 1235//1216 1243//1224 1207//1189
f 1232//1213 1248//1228 1246//1226
f 1138//1124 1250//1230 1239//1220
f 1222//1203 1240//1221 1209//1191
f 1219//1200 1239//1220 1251//1231
f 1114//1100 1213//1194 1255//1235
f 1246//1226 1248//1228 1256//1236
f 1053//1043 1055//1045 1208//1190
f 1232//1213 1219//1200 1251//1231
f 1146//1132 1218//1199 1331//1310
f 1044//1034 1193//1175 1016//1006
f 1106//1093 1257//1237 1192//1174
f 569//566 1063//1052 1105//1092
f 935//398 1435//398 911//398
f 1147//1133 1253//1233 1224//1205
f 1232//1213 1251//1231 1248//1228
f 1236//1217 1192//1174 1260//1240
f 1158//1143 1259//1239 1186//1168
f 1197//1179 1221//1202 1249//1229
f 1114//1100 1255//1235 1250//1230
f 1159//1144 1229//1210 1242//1223
f 1251//1231 1254//1234 1248//1228
f 1209//1191 1240//1221 1221//1202
f 1239//1220 1250//1230 1261//1241
f 1084//1072 1305//1284 1127//1113
f 1238//1219 1246//1226 1252//1232
f 1239//1220 1261//1241 1251//1231
f 1213//1194 1234//1215 1255//1235
f 1254//1234 1264//1244 1248//1228
f 1214//1195 1262//1242 1229//1210
f 547//544 1007//997 462//461
f 1088//1076 1097//1084 1448//1423
f 1241//1222 1191//1173 1267//1247
f 1346//1324 1108//1095 1111//1097
f 1191//1173 1194//1176 1267//1247
f 1192//1174 1257//1237 1260//1240
f 1194//1176 1182//1165 1268//1248
f 1240//1221 1233//1214 1265//1245
f 1248//1228 1264//1244 1256//1236
f 1088//1076 1162//1147 1176//1160
f 1089//1077 1088//1076 1176//1160
f 1250//1230 1263//1243 1261//1241
f 1255//1235 1263//1243 1250//1230
f 1231//1212 1252//1232 1233//1214
f 1197//1179 1249//1229 1235//1216
f 1221//1202 1266//1246 1249//1229
f 1254//1234 1251//1231 1274//1254
f 1251//1231 1261//1241 1274//1254
f 1214//1195 1217//1198 1275//1255
f 1214//1195 1275//1255 1262//1242
f 817//813 978//969 1311//1290
f 1035//1025 1085//1073 1534//1505
f 124//124 1204//1186 678//674
f 1112//1098 1297//1276 1278//1257
f 1170//1154 1230//1211 1227//1208
f 921//913 1095//1083 1150//1136
f 1261//1241 1263//1243 1273//1253
f 1236//1217 1279//1258 1172//1156
f 1228//1209 1200//1182 1280//1259
f 1255//1235 1270//1250 1263//1243
f 1154//1140 1272//1252 1234//1215
f 1234//1215 1272//1252 1255//1235
f 752//748 937//928 1175//1159
f 935//398 896//398 1212//398
f 867//862 1227//1208 1135//1121
f 1240//1221 1269//1249 1221//1202
f 1154//1140 1133//1119 1272//1252
f 1221//1202 1269//1249 1266//1246
f 1254//1234 1274//1254 1264//1244
f 1261//1241 1273//1253 1274//1254
f 1255//1235 1272//1252 1270//1250
f 1217//1198 1282//1261 1275//1255
f 1136//1122 1241//1222 1289//1268
f 1217//1198 1247//1227 1282//1261
f 1241//1222 1267//1247 1332//1311
f 1235//1216 1285//1264 1243//1224
f 1187//1169 1286//1265 1218//1199
f 1229//1210 1262//1242 1288//1267
f 390//389 608//604 1059//1048
f 124//124 1134//1120 1204//1186
f 813//809 1449//1424 837//833
f 1106//1093 1135//1121 1257//1237
f 1230//1211 1195//1177 1287//1266
f 1229//1210 1288//1267 1242//1223
f 1195//1177 1242//1223 1287//1266
f 1009//999 1171//1155 1304//1283
f 1267//1247 1194//1176 1268//1248
f 1252//1232 1246//1226 1294//1273
f 1272//1252 1281//1260 1270//1250
f 1240//1221 1265//1245 1269//1249
f 1139//1125 1284//1263 1133//1119
f 1133//1119 1284//1263 1272//1252
f 1281//1260 1272//1252 1283//1262
f 1136//1122 1289//1268 1199//1181
f 1270//1250 1273//1253 1263//1243
f 1139//1125 1165//1150 1284//1263
f 1187//1169 1208//1190 1295//1274
f 1218//1199 1286//1265 1331//1310
f 1165//1150 1245//1225 1292//1271
f 1247//1227 1237//1218 1282//1261
f 1158//1143 1353//1331 1259//1239
f 1158//1143 1331//1310 1353//1331
f 978//969 1057//1047 1311//1290
f 1069//1058 1313//1292 1140//1126
f 1215//1196 1186//1168 1226//1207
f 1279//1258 1347//1325 1172//1156
f 1256//1236 1277//1256 1294//1273
f 1172//1156 1347//1325 1171//1155
f 1233//1214 1252//1232 1296//1275
f 1246//1226 1256//1236 1294//1273
f 1272//1252 1290//1269 1283//1262
f 1272//1252 1291//1270 1290//1269
f 1233//1214 1296//1275 1265//1245
f 1272//1252 1284//1263 1291//1270
f 1270//1250 1293//1272 1273//1253
f 1187//1169 1295//1274 1286//1265
f 1252//1232 1294//1273 1296//1275
f 1256//1236 1264//1244 1307//1286
f 1270//1250 1281//1260 1293//1272
f 1283//1262 1293//1272 1281//1260
f 1245//1225 1168//1153 1292//1271
f 1243//1224 1285//1264 1298//1277
f 1269//1249 1265//1245 1299//1278
f 1056//1046 1211//1193 1129//1115
f 1243//1224 1298//1277 1237//1218
f 1230//1211 1301//1280 1227//1208
f 1262//1242 1275//1255 1302//1281
f 1274//1254 1321//1300 1264//1244
f 1292//1271 1284//1263 1165//1150
f 1283//1262 1308//1287 1293//1272
f 1275//1255 1282//1261 1302//1281
f 1249//1229 1310//1289 1312//1291
f 1249//1229 1312//1291 1235//1216
f 1264//1244 1321//1300 1307//1286
f 1235//1216 1312//1291 1285//1264
f 1283//1262 1290//1269 1308//1287
f 1069//1058 1210//1192 1313//1292
f 1306//1285 1143//1129 1228//1209
f 1237//1218 1298//1277 1282//1261
f 1182//1165 1305//1284 1268//1248
f 1253//1233 1143//1129 1224//1205
f 1266//1246 1269//1249 1319//1298
f 1084//1072 1164//1149 1305//1284
f 254//254 1001//465 430//429
f 1256//1236 1307//1286 1277//1256
f 1230//1211 1287//1266 1301//1280
f 1162//1147 1088//1076 1448//1423
f 1273//1253 1315//1294 1274//1254
f 1284//1263 1309//1288 1291//1270
f 1242//1223 1288//1267 1287//1266
f 1278//1257 1292//1271 1168//1153
f 1199//1181 1300//1279 1343//1321
f 1284//1263 1292//1271 1309//1288
f 1290//1269 1326//1305 1308//1287
f 1199//1181 1289//1268 1300//1279
f 1249//1229 1266//1246 1310//1289
f 1174//1158 1175//1159 1316//1295
f 1294//1273 1277//1256 1314//1293
f 1150//1136 1095//1083 1303//1282
f 1290//1269 1291//1270 1326//1305
f 892//887 837//833 1456//1431
f 1169//398 1334//398 1070//525
f 1129//1115 1368//1346 1095//1083
f 1169//398 528//525 1181//398
f 837//833 1449//1424 1456//1431
f 1332//1311 1267//1247 1323//1302
f 1186//1168 1259//1239 1324//1303
f 1294//1273 1317//1296 1296//1275
f 1200//1182 1346//1324 1280//1259
f 1186//1168 1324//1303 1226//1207
f 1224//1205 1143//1129 1306//1285
f 1262//1242 1327//1306 1288//1267
f 1285//1264 1318//1297 1298//1277
f 1267//1247 1268//1248 1323//1302
f 1228//1209 1280//1259 1378//1356
f 1273//1253 1350//1328 1315//1294
f 1292//1271 1320//1299 1309//1288
f 1274//1254 1315//1294 1321//1300
f 1278//1257 1322//1301 1292//1271
f 1285//1264 1312//1291 1318//1297
f 1297//1276 1322//1301 1278//1257
f 1289//1268 1241//1222 1332//1311
f 1269//1249 1299//1278 1336//1314
f 1269//1249 1336//1314 1319//1298
f 817//813 1311//1290 1333//1312
f 958//949 337//336 973//964
f 1225//1206 1420//1398 1111//1097
f 935//398 1212//398 1435//398
f 1262//1242 1302//1281 1327//1306
f 1282//1261 1338//1316 1325//1304
f 1288//1267 1327//1306 1287//1266
f 1321//1300 1329//1308 1307//1286
f 1302//1281 1282//1261 1325//1304
f 1297//1276 1174//1158 1322//1301
f 1293//1272 1350//1328 1273//1253
f 1320//1299 1292//1271 1328//1307
f 1322//1301 1330//1309 1292//1271
f 1320//1299 1339//1317 1309//1288
f 1292//1271 1330//1309 1328//1307
f 1307//1286 1337//1315 1277//1256
f 1309//1288 1339//1317 1326//1305
f 1296//1275 1317//1296 1341//1319
f 1199//1181 1343//1321 1100//1087
f 1296//1275 1341//1319 1265//1245
f 676//672 1079//1067 949//940
f 1265//1245 1340//1318 1299//1278
f 1306//1285 1228//1209 1378//1356
f 1315//1294 1344//1322 1321//1300
f 1279//1258 1236//1217 1335//1313
f 1236//1217 1260//1240 1257//1237
f 1236//1217 1257//1237 1335//1313
f 1299//1278 1340//1318 1336//1314
f 1309//1288 1326//1305 1291//1270
f 1308//1287 1326//1305 1359//1337
f 1266//1246 1319//1298 1310//1289
f 1316//1295 1342//1320 1174//1158
f 1308//1287 1352//1330 1293//1272
f 1322//1301 1174//1158 1342//1320
f 1109//398 664//660 1183//398
f 1060//1049 902//481 1423//1108
f 1293//1272 1352//1330 1345//1323
f 1293//1272 1345//1323 1350//1328
f 1322//1301 1342//1320 1330//1309
f 1329//1308 1337//1315 1307//1286
f 1277//1256 1337//1315 1314//1293
f 1320//1299 1328//1307 1339//1317
f 1298//1277 1338//1316 1282//1261
f 1314//1293 1351//1329 1354//1332
f 1314//1293 1354//1332 1294//1273
f 1294//1273 1354//1332 1317//1296
f 1009//999 1304//1283 1055//1045
f 1298//1277 1357//1335 1338//1316
f 1323//1302 1268//1248 1361//1339
f 1324//1303 1259//1239 1353//1331
f 1301//1280 1287//1266 1349//1327
f 1268//1248 1305//1284 1361//1339
f 1227//1208 1301//1280 1360//1338
f 1315//1294 1350//1328 1348//1326
f 1308//1287 1359//1337 1352//1330
f 1316//1295 1175//1159 1362//1340
f 1342//1320 1372//1350 1330//1309
f 1312//1291 1356//1334 1318//1297
f 1329//1308 1367//1345 1337//1315
f 1286//1265 1295//1274 1331//1310
f 1121//1107 462//461 1513//1485
f 1315//1294 1366//1344 1344//1322
f 1342//1320 1316//1295 1362//1340
f 1298//1277 1318//1297 1357//1335
f 1337//1315 1367//1345 1314//1293
f 1301//1280 1349//1327 1360//1338
f 1317//1296 1354//1332 1341//1319
f 1326//1305 1371//1349 1359//1337
f 1265//1245 1341//1319 1340//1318
f 1339//1317 1363//1341 1326//1305
f 1357//1335 1318//1297 1356//1334
f 1310//1289 1319//1298 1370//1348
f 1328//1307 1358//1336 1339//1317
f 1181//398 587//398 1522//398
f 1312//1291 1310//1289 1370//1348
f 1345//1323 1365//1343 1364//1342
f 1345//1323 1364//1342 1350//1328
f 1314//1293 1367//1345 1351//1329
f 1348//1326 1375//1353 1315//1294
f 1342//1320 1381//1359 1372//1350
f 1336//1314 1373//1351 1319//1298
f 1315//1294 1375//1353 1366//1344
f 1349//1327 1287//1266 1327//1306
f 1336//1314 1340//1318 1379//1357
f 1344//1322 1376//1354 1321//1300
f 1227//1208 1360//1338 1369//1347
f 1326//1305 1377//1355 1371//1349
f 1321//1300 1376//1354 1329//1308
f 1330//1309 1374//1352 1328//1307
f 1312//1291 1370//1348 1356//1334
f 1358//1336 1363//1341 1339//1317
f 1363//1341 1377//1355 1326//1305
f 462//461 1391//1369 1513//1485
f 466//465 1244//465 1001//465
f 1379//1357 1373//1351 1336//1314
f 1328//1307 1374//1352 1358//1336
f 1342//1320 1362//1340 1381//1359
f 1330//1309 1372//1350 1374//1352
f 1352//1330 1390//1368 1345//1323
f 1345//1323 1390//1368 1365//1343
f 1352//1330 1359//1337 1388//1366
f 1363//1341 1358//1336 1383//1361
f 1340//1318 1380//1358 1379//1357
f 1208//1190 1055//1045 1387//1365
f 1341//1319 1380//1358 1340//1318
f 1373//1351 1370//1348 1319//1298
f 1304//1283 1171//1155 1409//1387
f 817//813 1333//1312 1211//1193
f 1363//1341 1385//1363 1377//1355
f 1350//1328 1364//1342 1392//1370
f 1344//1322 1366//1344 1376//1354
f 1367//1345 1329//1308 1376//1354
f 1302//1281 1325//1304 1382//1360
f 1302//1281 1382//1360 1349//1327
f 1359//1337 1371//1349 1389//1367
f 1302//1281 1349//1327 1327//1306
f 1350//1328 1392//1370 1348//1326
f 1325//1304 1338//1316 1382//1360
f 1338//1316 1357//1335 1382//1360
f 1382//1360 1394//1372 1349//1327
f 1357//1335 1356//1334 1382//1360
f 1356//1334 1384//1362 1382//1360
f 1363//1341 1383//1361 1385//1363
f 1374//1352 1372//1350 1399//1377
f 1351//1329 1393//1371 1354//1332
f 1352//1330 1388//1366 1390//1368
f 1388//1366 1359//1337 1389//1367
f 1351//1329 1367//1345 1398//1376
f 1224//1205 1306//1285 1400//1378
f 1356//1334 1370//1348 1384//1362
f 1341//1319 1393//1371 1380//1358
f 1348//1326 1392//1370 1375//1353
f 1366//1344 1375//1353 1376//1354
f 1382//1360 1384//1362 1395//1373
f 1367//1345 1376//1354 1398//1376
f 1341//1319 1354//1332 1393//1371
f 1396//1374 1384//1362 1370//1348
f 1396//1374 1370//1348 1373//1351
f 1382//1360 1397//1375 1394//1372
f 1331//1310 1295//1274 1406//1384
f 1396//1374 1373//1351 1379//1357
f 1289//1268 1332//1311 1437//1412
f 1295//1274 1386//1364 1406//1384
f 1360//1338 1349//1327 1394//1372
f 1305//1284 1402//1380 1361//1339
f 1095//1083 1368//1346 1303//1282
f 1376//1354 1375//1353 1414//1392
f 1374//1352 1399//1377 1358//1336
f 1384//1362 1396//1374 1401//1379
f 1382//1360 1395//1373 1397//1375
f 1171//1155 1347//1325 1409//1387
f 1351//1329 1398//1376 1393//1371
f 1372//1350 1405//1383 1399//1377
f 1396//1374 1404//1382 1401//1379
f 1396//1374 1379//1357 1380//1358
f 1384//1362 1401//1379 1395//1373
f 1396//1374 1380//1358 1403//1381
f 1324//1303 1353//1331 1410//1388
f 1044//1034 1503//1476 1193//1175
f 911//398 1435//398 1058//398
f 1403//1381 1380//1358 1393//1371
f 1396//1374 1403//1381 1404//1382
f 1372//1350 1381//1359 1405//1383
f 1394//1372 1397//1375 1415//1393
f 1383//1361 1413//1391 1385//1363
f 1364//1342 1430//1406 1392//1370
f 1394//1372 1415//1393 1407//1385
f 1377//1355 1385//1363 1432//1408
f 1393//1371 1398//1376 1403//1381
f 1388//1366 1417//1395 1390//1368
f 1362//1340 1428//1404 1381//1359
f 1371//1349 1377//1355 1432//1408
f 1224//1205 1400//1378 893//888
f 1394//1372 1408//1386 1360//1338
f 1332//1311 1323//1302 1450//1425
f 1403//1381 1398//1376 1411//1389
f 1362//1340 1175//1159 1428//1404
f 1392//1370 1414//1392 1375//1353
f 1378//1356 1426//1402 1306//1285
f 1389//1367 1417//1395 1388//1366
f 1364//1342 1365//1343 1430//1406
f 1404//1382 1418//1396 1401//1379
f 1376//1354 1414//1392 1398//1376
f 1403//1381 1412//1390 1404//1382
f 1389//1367 1371//1349 1419//1397
f 1063//1052 1303//1282 1438//1413
f 1394//1372 1407//1385 1408//1386
f 1411//1389 1416//1394 1403//1381
f 1390//1368 1430//1406 1365//1343
f 1401//1379 1422//1400 1395//1373
f 1397//1375 1395//1373 1429//1405
f 1401//1379 1418//1396 1422//1400
f 1289//1268 1437//1412 1300//1279
f 1419//1397 1371//1349 1432//1408
f 1418//1396 1404//1382 1442//1417
f 1392//1370 1430//1406 1414//1392
f 1411//1389 1398//1376 1414//1392
f 1295//1274 1208//1190 1386//1364
f 1100//1087 1420//1398 1225//1206
f 1358//1336 1399//1377 1434//1410
f 1405//1383 1434//1410 1399//1377
f 1135//1121 1227//1208 1421//1399
f 1412//1390 1433//1409 1404//1382
f 1257//1237 1135//1121 1425//1401
f 1109//398 1483//398 865//791
f 1058//398 1435//398 1424//398
f 1280//1259 1426//1402 1378//1356
f 1403//1381 1416//1394 1412//1390
f 1427//1403 1411//1389 1414//1392
f 1360//1338 1408//1386 1369//1347
f 1383//1361 1358//1336 1413//1391
f 1405//1383 1381//1359 1439//1414
f 1385//1363 1413//1391 1432//1408
f 1404//1382 1433//1409 1442//1417
f 1395//1373 1431//1407 1429//1405
f 1395//1373 1422//1400 1431//1407
f 1413//1391 1358//1336 1434//1410
f 1428//1404 1439//1414 1381//1359
f 1427//1403 1436//1411 1411//1389
f 1176//1160 1162//1147 1464//1439
f 1390//1368 1417//1395 1430//1406
f 1419//1397 1417//1395 1389//1367
f 1411//1389 1436//1411 1416//1394
f 1427//1403 1414//1392 1430//1406
f 1405//1383 1439//1414 1434//1410
f 1412//1390 1441//1416 1433//1409
f 1416//1394 1440//1415 1412//1390
f 1100//1087 1343//1321 1420//1398
f 1057//1047 1446//1421 1311//1290
f 1437//1412 1332//1311 1450//1425
f 1427//1403 1430//1406 1419//1397
f 1346//1324 1481//1456 1280//1259
f 1397//1375 1429//1405 1415//1393
f 1428//1404 1175//1159 1445//1420
f 1085//1073 892//887 1456//1431
f 1412//1390 1440//1415 1441//1416
f 1427//1403 1419//1397 1443//1418
f 1060//1049 1423//1108 1125//1111
f 1417//1395 1419//1397 1430//1406
f 1427//1403 1443//1418 1436//1411
f 1416//1394 1436//1411 1455//1430
f 1428//1404 1444//1419 1439//1414
f 1226//1207 1447//1422 1681//1647
f 1035//1025 1534//1505 1079//1067
f 1400//1378 1469//1444 893//888
f 1257//1237 1452//1427 1335//1313
f 1279//1258 1335//1313 1452//1427
f 1443//1418 1453//1428 1436//1411
f 1419//1397 1432//1408 1451//1426
f 1428//1404 1445//1420 1444//1419
f 1436//1411 1453//1428 1455//1430
f 1432//1408 1457//1432 1451//1426
f 1419//1397 1451//1426 1443//1418
f 1416//1394 1454//1429 1440//1415
f 1416//1394 1455//1430 1454//1429
f 1432//1408 1413//1391 1457//1432
f 937//928 949//940 1355//1333
f 1434//1410 1458//1433 1413//1391
f 1413//1391 1458//1433 1457//1432
f 1443//1418 1462//1437 1453//1428
f 1451//1426 1461//1436 1443//1418
f 1415//1393 1429//1405 1465//1440
f 1439//1414 1444//1419 1434//1410
f 1208//1190 1387//1365 1468//1443
f 1415//1393 1465//1440 1407//1385
f 1129//1115 1211//1193 1528//1499
f 1306//1285 1471//1446 1400//1378
f 1280//1259 1482//1457 1426//1402
f 1434//1410 1444//1419 1458//1433
f 1453//1428 1460//1435 1463//1438
f 1443//1418 1461//1436 1462//1437
f 1453//1428 1463//1438 1455//1430
f 1453//1428 1462//1437 1460//1435
f 1457//1432 1466//1441 1451//1426
f 587//398 1155//398 1522//398
f 1451//1426 1466//1441 1473//1448
f 1458//1433 1444//1419 1467//1442
f 1070//525 1334//398 1183//398
f 1458//1433 1470//1445 1457//1432
f 1431//1407 1465//1440 1429//1405
f 1431//1407 1472//1447 1465//1440
f 1418//1396 1472//1447 1422//1400
f 1431//1407 1422//1400 1472//1447
f 1408//1386 1407//1385 1369//1347
f 1442//1417 1433//1409 1474//1449
f 1369//1347 1421//1399 1227//1208
f 896//398 1122//1108 1276//398
f 1437//1412 1450//1425 1476//1451
f 1279//1258 1452//1427 1477//1452
f 1279//1258 1477//1452 1347//1325
f 1458//1433 1467//1442 1470//1445
f 1324//1303 1410//1388 1480//1455
f 1226//1207 1324//1303 1478//1453
f 1444//1419 1445//1420 1467//1442
f 1457//1432 1470//1445 1466//1441
f 1451//1426 1473//1448 1461//1436
f 1111//1097 1420//1398 1546//1515
f 1346//1324 1111//1097 1546//1515
f 1418//1396 1442//1417 1472//1447
f 1440//1415 1454//1429 1479//1454
f 1441//1416 1474//1449 1433//1409
f 1407//1385 1465//1440 1369//1347
f 1455//1430 1479//1454 1454//1429
f 1058//398 1424//398 1155//398
f 1055//1045 1304//1283 1387//1365
f 462//461 1007//997 1391//1369
f 1353//1331 1331//1310 1480//1455
f 1280//1259 1481//1456 1482//1457
f 1400//1378 1471//1446 1469//1444
f 1323//1302 1361//1339 1450//1425
f 1455//1430 1463//1438 1479//1454
f 1123//1109 1487//1108 1122//1108
f 1257//1237 1425//1401 1452//1427
f 1409//1387 1347//1325 1494//1467
f 1347//1325 1477//1452 1494//1467
f 1324//1303 1480//1455 1478//1453
f 430//429 1490//1463 1059//1048
f 896//398 1276//398 1212//398
f 1480//1455 1331//1310 1406//1384
f 1425//1401 1135//1121 1533//1504
f 1353//1331 1480//1455 1410//1388
f 1306//1285 1426//1402 1471//1446
f 1226//1207 1681//1647 1164//1149
f 1175//1159 937//928 1475//1450
f 800//796 1488//1461 826//822
f 1148//1134 838//834 1485//1459
f 390//389 1059//1048 1492//1465
f 1465//1440 1489//1462 1369//1347
f 390//389 1492//1465 1123//1109
f 1386//1364 1208//1190 1468//1443
f 1472//1447 1493//1466 1465//1440
f 1105//1092 1063//1052 1542//1512
f 1406//1384 1386//1364 1495//1468
f 1343//1321 1300//1279 1496//1469
f 1305//1284 1484//1458 1402//1380
f 893//888 1497//1470 1488//1461
f 1181//398 1510//398 1169//398
f 1057//1047 1223//1204 1446//1421
f 1440//1415 1525//1496 1499//1472
f 1472//1447 1442//1417 1474//1449
f 1226//1207 1478//1453 1447//1422
f 1448//1423 1464//1439 1162//1147
f 1480//1455 1498//1471 1478//1453
f 876//871 1541//1511 1210//1192
f 1062//1051 1459//1434 1507//1480
f 1450//1425 1361//1339 1476//1451
f 1466//1441 1470//1445 1511//1483
f 1175//1159 1475//1450 1445//1420
f 1440//1415 1479//1454 1525//1496
f 1406//1384 1495//1468 1529//1500
f 1462//1437 1509//1482 1460//1435
f 1463//1438 1524//1495 1479//1454
f 1460//1435 1500//1473 1463//1438
f 876//871 1258//1238 1541//1511
f 1148//1134 1485//1459 1676//1642
f 1479//1454 1587//1555 1525//1496
f 1462//1437 1461//1436 1509//1482
f 1461//1436 1473//1448 1506//1479
f 1465//1440 1594//1562 1489//1462
f 1480//1455 1406//1384 1498//1471
f 1441//1416 1440//1415 1499//1472
f 1452//1427 1425//1401 1508//1481
f 1466//1441 1511//1483 1502//1475
f 1467//1442 1445//1420 1515//1487
f 1029//1019 1491//1464 1096//450
f 1304//1283 1501//1474 1387//1365
f 1386//1364 1504//1477 1495//1468
f 1386//1364 1468//1443 1504//1477
f 813//809 1505//1478 1449//1424
f 813//809 1140//1126 1505//1478
f 1303//1282 1368//1346 1438//1413
f 1109//398 1183//398 1483//398
f 1081//1069 1089//1077 1176//1160
f 1467//1442 1511//1483 1470//1445
f 1460//1435 1509//1482 1512//1484
f 1402//1380 1519//1491 1361//1339
f 1361//1339 1519//1491 1476//1451
f 517//514 112//112 1042//1032
f 1441//1416 1499//1472 1474//1449
f 1477//1452 1452//1427 1508//1481
f 1466//1441 1502//1475 1473//1448
f 1498//1471 1406//1384 1517//1489
f 1469//1444 1471//1446 1516//1488
f 1473//1448 1502//1475 1506//1479
f 1491//1464 1244//465 1096//450
f 1409//1387 1494//1467 1521//1493
f 1527//1498 825//821 1486//1460
f 1300//1279 1437//1412 1496//1469
f 1587//1555 1479//1454 1524//1495
f 1420//1398 1343//1321 1518//1490
f 1148//1134 1676//1642 471//470
f 1467//1442 1556//1524 1511//1483
f 1346//1324 1546//1515 1523//1494
f 1346//1324 1523//1494 1481//1456
f 1469//1444 1516//1488 1559//1527
f 1437//1412 1476//1451 1520//1492
f 1493//1466 1472//1447 1531//1502
f 1496//1469 1518//1490 1343//1321
f 893//888 1469//1444 1559//1527
f 902//481 865//791 1577//1545
f 1494//1467 1477//1452 1537//1508
f 1304//1283 1409//1387 1501//1474
f 1029//1019 1151//1137 1491//1464
f 1409//1387 1521//1493 1501//1474
f 1472//1447 1474//1449 1531//1502
f 1594//1562 1465//1440 1493//1466
f 1467//1442 1515//1487 1556//1524
f 1445//1420 1475//1450 1515//1487
f 1387//1365 1526//1497 1468//1443
f 1468//1443 1526//1497 1504//1477
f 1509//1482 1461//1436 1532//1503
f 1258//1238 1271//1251 1541//1511
f 1305//1284 1164//1149 1484//1458
f 1477//1452 1508//1481 1537//1508
f 1135//1121 1568//1536 1533//1504
f 1129//1115 1528//1499 1368//1346
f 1517//1489 1406//1384 1529//1500
f 1508//1481 1425//1401 1533//1504
f 1481//1456 1523//1494 1482//1457
f 949//940 1079//1067 1530//1501
f 1496//1469 1437//1412 1520//1492
f 1519//1491 1536//1507 1476//1451
f 1519//1491 1402//1380 1484//1458
f 1105//1092 1542//1512 1806//1769
f 1105//1092 1806//1769 825//821
f 1474//1449 1499//1472 1539//1510
f 1463//1438 1500//1473 1524//1495
f 838//834 980//971 1485//1459
f 1478//1453 1498//1471 1538//1509
f 1369//1347 1535//1506 1421//1399
f 1135//1121 1579//1547 1568//1536
f 1387//1365 1501//1474 1526//1497
f 1471//1446 1426//1402 1558//1526
f 1461//1436 1506//1479 1532//1503
f 433//432 678//674 1651//1617
f 1474//1449 1539//1510 1531//1502
f 1576//1544 1081//1069 1176//1160
f 1122//1108 1487//1108 1276//398
f 1510//398 1181//398 1522//398
f 1210//1192 1541//1511 1543//1513
f 1460//1435 1512//1484 1500//1473
f 1212//398 1555//398 1435//398
f 1276//398 1598//398 1212//398
f 411//410 826//822 1554//1523
f 1483//398 1577//1545 865//791
f 1438//1413 1368//1346 1549//1518
f 902//481 1577//1545 1423//1108
f 1476//1451 1536//1507 1520//1492
f 1420//1398 1518//1490 1580//1548
f 1369//1347 1489//1462 1535//1506
f 1426//1402 1548//1517 1558//1526
f 1506//1479 1502//1475 1547//1516
f 1496//1469 1520//1492 1553//1522
f 1529//1500 1495//1468 1517//1489
f 1534//1505 1085//1073 1545//1514
f 433//432 1651//1617 1834//1796
f 893//888 1658//1624 1497//1470
f 1482//1457 1548//1517 1426//1402
f 1538//1509 1498//1471 1557//1525
f 1537//1508 1565//1533 1494//1467
f 1471//1446 1558//1526 1516//1488
f 1516//1488 1558//1526 1559//1527
f 1125//1111 1560//1528 1097//1084
f 893//888 1559//1527 1658//1624
f 1447//1422 1478//1453 1538//1509
f 1539//1510 1499//1472 1550//1519
f 1509//1482 1552//1521 1512//1484
f 1518//1490 1496//1469 1553//1522
f 433//432 1834//1796 827//823
f 1511//1483 1556//1524 1564//1532
f 1511//1483 1563//1531 1502//1475
f 1508//1481 1533//1504 1575//1543
f 1498//1471 1517//1489 1557//1525
f 958//949 973//964 1134//1120
f 1525//1496 1581//1549 1499//1472
f 1531//1502 1539//1510 1551//1520
f 1499//1472 1581//1549 1550//1519
f 1531//1502 1584//1552 1493//1466
f 1587//1555 1524//1495 1569//1537
f 1500//1473 1562//1530 1524//1495
f 1524//1495 1561//1529 1569//1537
f 1524//1495 1562//1530 1561//1529
f 1495//1468 1504//1477 1570//1538
f 1081//1069 1576//1544 1459//1434
f 1547//1516 1502//1475 1571//1539
f 1552//1521 1509//1482 1572//1540
f 1494//1467 1565//1533 1521//1493
f 1566//1534 1508//1481 1575//1543
f 1552//1521 1589//1557 1512//1484
f 1503//1476 1062//1051 1507//1480
f 1489//1462 1594//1562 1583//1551
f 1495//1468 1585//1553 1517//1489
f 1502//1475 1563//1531 1571//1539
f 1556//1524 1515//1487 1564//1532
f 1511//1483 1564//1532 1574//1542
f 1511//1483 1574//1542 1563//1531
f 1506//1479 1547//1516 1573//1541
f 1506//1479 1573//1541 1532//1503
f 1493//1466 1582//1550 1594//1562
f 1562//1530 1500//1473 1590//1558
f 1531//1502 1551//1520 1593//1561
f 1548//1517 1482//1457 1606//1573
f 1447//1422 1538//1509 1567//1535
f 1537//1508 1508//1481 1566//1534
f 1135//1121 1421//1399 1579//1547
f 1421//1399 1535//1506 1592//1560
f 1493//1466 1584//1552 1582//1550
f 1531//1502 1593//1561 1584//1552
f 1515//1487 1586//1554 1564//1532
f 1435//398 1555//398 1424//398
f 1515//1487 1475//1450 1588//1556
f 1564//1532 1586//1554 1574//1542
f 1244//465 1639//465 1001//465
f 1509//1482 1591//1559 1572//1540
f 1532//1503 1591//1559 1509//1482
f 1563//1531 1574//1542 1571//1539
f 1515//1487 1588//1556 1586//1554
f 1547//1516 1571//1539 1573//1541
f 1512//1484 1589//1557 1500//1473
f 1532//1503 1573//1541 1591//1559
f 1586//1554 1595//1563 1574//1542
f 1525//1496 1587//1555 1602//1569
f 1482//1457 1523//1494 1606//1573
f 1581//1549 1525//1496 1605//1572
f 1539//1510 1550//1519 1600//1567
f 1539//1510 1604//1571 1551//1520
f 1533//1504 1568//1536 1575//1543
f 1503//1476 1785//1748 1193//1175
f 1553//1522 1607//1574 1518//1490
f 430//429 1001//465 1998//254
f 1580//1548 1518//1490 1607//1574
f 1574//1542 1596//1564 1571//1539
f 1571//1539 1597//1565 1573//1541
f 1571//1539 1596//1564 1597//1565
f 1574//1542 1595//1563 1596//1564
f 1572//1540 1589//1557 1552//1521
f 1562//1530 1603//1570 1561//1529
f 1591//1559 1573//1541 1599//1566
f 1572//1540 1591//1559 1589//1557
f 1590//1558 1603//1570 1562//1530
f 1597//1565 1599//1566 1573//1541
f 1155//398 1540//398 1522//398
f 1500//1473 1589//1557 1590//1558
f 1591//1559 1599//1566 1601//1568
f 1588//1556 1475//1450 1618//1585
f 1591//1559 1601//1568 1589//1557
f 1550//1519 1581//1549 1614//1581
f 1597//1565 1608//1575 1599//1566
f 1484//1458 1620//1587 1519//1491
f 1582//1550 1584//1552 1615//1582
f 1536//1507 1653//1619 1520//1492
f 1586//1554 1613//1580 1595//1563
f 1586//1554 1588//1556 1624//1591
f 1589//1557 1611//1578 1590//1558
f 1610//1577 1609//1576 1601//1568
f 1561//1529 1603//1570 1617//1584
f 1587//1555 1617//1584 1602//1569
f 1569//1537 1561//1529 1617//1584
f 1525//1496 1602//1569 1605//1572
f 1601//1568 1599//1566 1610//1577
f 1569//1537 1617//1584 1587//1555
f 1609//1576 1616//1583 1601//1568
f 1589//1557 1601//1568 1611//1578
f 1590//1558 1611//1578 1603//1570
f 1588//1556 1618//1585 1624//1591
f 1616//1583 1622//1589 1621//1588
f 1538//1509 1557//1525 1567//1535
f 1616//1583 1611//1578 1601//1568
f 1594//1562 1628//1595 1583//1551
f 1313//1292 1210//1192 1633//1600
f 1653//1619 1634//1601 1520//1492
f 1621//1588 1611//1578 1616//1583
f 1586//1554 1624//1591 1613//1580
f 1585//1553 1495//1468 1570//1538
f 1603//1570 1611//1578 1617//1584
f 1596//1564 1636//1603 1597//1565
f 1617//1584 1611//1578 1625//1592
f 1595//1563 1623//1590 1596//1564
f 1597//1565 1636//1603 1635//1602
f 1597//1565 1635//1602 1608//1575
f 1550//1519 1614//1581 1600//1567
f 1125//1111 1423//1108 1612//1579
f 1613//1580 1630//1597 1595//1563
f 1604//1571 1629//1596 1551//1520
f 1539//1510 1600//1567 1604//1571
f 1581//1549 1605//1572 1614//1581
f 1610//1577 1619//1586 1609//1576
f 1626//1593 1611//1578 1621//1588
f 1599//1566 1637//1604 1610//1577
f 1617//1584 1625//1592 1602//1569
f 1489//1462 1583//1551 1643//1609
f 1551//1520 1629//1596 1593//1561
f 1596//1564 1623//1590 1636//1603
f 1595//1563 1631//1598 1623//1590
f 1626//1593 1625//1592 1611//1578
f 1447//1422 1567//1535 1681//1647
f 1313//1292 1633//1600 1140//1126
f 1535//1506 1641//1607 1592//1560
f 1183//398 1334//398 1544//398
f 1609//1576 1645//1611 1616//1583
f 1553//1522 1520//1492 1634//1601
f 1608//1575 1635//1602 1627//1594
f 1609//1576 1619//1586 1632//1599
f 1622//1589 1646//1612 1621//1588
f 1602//1569 1640//1606 1605//1572
f 1600//1567 1614//1581 1604//1571
f 1616//1583 1645//1611 1638//1605
f 1610//1577 1637//1604 1642//1608
f 1610//1577 1642//1608 1619//1586
f 1621//1588 1646//1612 1626//1593
f 1582//1550 1649//1615 1594//1562
f 1594//1562 1649//1615 1628//1595
f 1608//1575 1627//1594 1599//1566
f 1605//1572 1640//1606 1614//1581
f 1582//1550 1615//1582 1649//1615
f 1599//1566 1627//1594 1637//1604
f 1630//1597 1631//1598 1595//1563
f 937//928 1355//1333 1475//1450
f 1609//1576 1632//1599 1645//1611
f 1602//1569 1625//1592 1640//1606
f 1584//1552 1593//1561 1615//1582
f 1626//1593 1644//1610 1625//1592
f 1604//1571 1648//1614 1629//1596
f 1616//1583 1638//1605 1622//1589
f 1557//1525 1675//1641 1567//1535
f 1519//1491 1620//1587 1653//1619
f 1519//1491 1653//1619 1536//1507
f 1630//1597 1661//1627 1631//1598
f 1559//1527 1558//1526 1658//1624
f 1631//1598 1655//1621 1623//1590
f 1575//1543 1659//1625 1566//1534
f 1647//1613 1625//1592 1644//1610
f 1618//1585 1475//1450 1664//1630
f 1333//1312 1662//1628 1211//1193
f 1155//398 1424//398 1540//398
f 1007//997 1514//1486 1391//1369
f 1311//1290 1446//1421 1784//1747
f 1647//1613 1640//1606 1625//1592
f 1614//1581 1640//1606 1604//1571
f 1650//1616 1640//1606 1647//1613
f 1629//1596 1652//1618 1593//1561
f 1644//1610 1654//1620 1647//1613
f 1628//1595 1643//1609 1583//1551
f 1644//1610 1626//1593 1656//1622
f 1604//1571 1640//1606 1648//1614
f 1619//1586 1665//1631 1632//1599
f 1615//1582 1652//1618 1649//1615
f 1489//1462 1641//1607 1535//1506
f 1626//1593 1660//1626 1656//1622
f 1615//1582 1593//1561 1652//1618
f 1489//1462 1643//1609 1641//1607
f 1644//1610 1656//1622 1654//1620
f 1629//1596 1648//1614 1652//1618
f 1650//1616 1657//1623 1640//1606
f 1630//1597 1613//1580 1661//1627
f 1636//1603 1623//1590 1655//1621
f 1622//1589 1638//1605 1646//1612
f 1619//1586 1642//1608 1688//1654
f 1631//1598 1661//1627 1655//1621
f 1657//1623 1648//1614 1640//1606
f 1558//1526 1548//1517 1714//1680
f 1420//1398 1580//1548 1546//1515
f 1663//1629 1648//1614 1657//1623
f 1421//1399 1592//1560 1697//1663
f 1627//1594 1635//1602 1679//1645
f 1648//1614 1663//1629 1666//1632
f 1628//1595 1667//1633 1643//1609
f 1628//1595 1649//1615 1667//1633
f 1646//1612 1673//1639 1626//1593
f 1650//1616 1647//1613 1671//1637
f 1626//1593 1673//1639 1660//1626
f 1618//1585 1664//1630 1624//1591
f 1650//1616 1670//1636 1657//1623
f 1647//1613 1654//1620 1671//1637
f 1666//1632 1669//1635 1648//1614
f 1483//398 1183//398 1544//398
f 1669//1635 1652//1618 1648//1614
f 1650//1616 1671//1637 1670//1636
f 1649//1615 1652//1618 1684//1650
f 1645//1611 1632//1599 1692//1658
f 1669//1635 1674//1640 1652//1618
f 1537//1508 1715//1681 1565//1533
f 1613//1580 1624//1591 1682//1648
f 1642//1608 1683//1649 1688//1654
f 1715//1681 1537//1508 1566//1534
f 1642//1608 1637//1604 1683//1649
f 1637//1604 1627//1594 1683//1649
f 1624//1591 1672//1638 1682//1648
f 1627//1594 1679//1645 1683//1649
f 1063//1052 1578//1546 1542//1512
f 1646//1612 1638//1605 1678//1644
f 1475//1450 1691//1657 1664//1630
f 1636//1603 1655//1621 1635//1602
f 1652//1618 1674//1640 1677//1643
f 1649//1615 1684//1650 1667//1633
f 1619//1586 1688//1654 1665//1631
f 1657//1623 1670//1636 1711//1677
f 1657//1623 1686//1652 1663//1629
f 1663//1629 1686//1652 1666//1632
f 1652//1618 1677//1643 1680//1646
f 1641//1607 1685//1651 1592//1560
f 1667//1633 1685//1651 1643//1609
f 1311//1290 1860//1822 1333//1312
f 1666//1632 1687//1653 1669//1635
f 1624//1591 1664//1630 1672//1638
f 1661//1627 1613//1580 1693//1659
f 1652//1618 1680//1646 1684//1650
f 1643//1609 1685//1651 1641//1607
f 1638//1605 1695//1661 1678//1644
f 1646//1612 1707//1673 1705//1671
f 1673//1639 1701//1667 1660//1626
f 1646//1612 1705//1671 1673//1639
f 1592//1560 1685//1651 1690//1656
f 1558//1526 1714//1680 1658//1624
f 1606//1573 1523//1494 1546//1515
f 1689//1655 1667//1633 1684//1650
f 1646//1612 1678//1644 1707//1673
f 1613//1580 1682//1648 1693//1659
f 1638//1605 1645//1611 1692//1658
f 1557//1525 1517//1489 1675//1641
f 411//410 1554//1523 1022//1012
f 1655//1621 1661//1627 1693//1659
f 1632//1599 1665//1631 1692//1658
f 1694//1660 1667//1633 1689//1655
f 1517//1489 1585//1553 1706//1672
f 1694//1660 1696//1662 1667//1633
f 1671//1637 1708//1674 1670//1636
f 1667//1633 1696//1662 1685//1651
f 1669//1635 1687//1653 1703//1669
f 1680//1646 1677//1643 1727//1692
f 1635//1602 1700//1666 1709//1675
f 1657//1623 1711//1677 1686//1652
f 1685//1651 1696//1662 1699//1665
f 1685//1651 1698//1664 1702//1668
f 1685//1651 1699//1665 1698//1664
f 1669//1635 1703//1669 1704//1670
f 1669//1635 1704//1670 1674//1640
f 1635//1602 1655//1621 1700//1666
f 1679//1645 1635//1602 1709//1675
f 1666//1632 1686//1652 1687//1653
f 1674//1640 1704//1670 1677//1643
f 1655//1621 1693//1659 1700//1666
f 1656//1622 1716//1682 1654//1620
f 1548//1517 1606//1573 1714//1680
f 1210//1192 1543//1513 1633//1600
f 1517//1489 1719//1684 1675//1641
f 1592//1560 1690//1656 1747//1712
f 1683//1649 1679//1645 1709//1675
f 1690//1656 1685//1651 1702//1668
f 1660//1626 1701//1667 1717//1683
f 1125//1111 1612//1579 1668//1634
f 1711//1677 1712//1678 1686//1652
f 1680//1646 1730//1695 1684//1650
f 1638//1605 1692//1658 1695//1661
f 1700//1666 1693//1659 1720//1685
f 1688//1654 1683//1649 1746//1711
f 1673//1639 1705//1671 1701//1667
f 1620//1587 1726//1691 1653//1619
f 1671//1637 1729//1694 1708//1674
f 1671//1637 1654//1620 1729//1694
f 1664//1630 1721//1686 1672//1638
f 1654//1620 1716//1682 1729//1694
f 1693//1659 1682//1648 1720//1685
f 1683//1649 1709//1675 1724//1689
f 1687//1653 1686//1652 1722//1687
f 1670//1636 1725//1690 1711//1677
f 1695//1661 1707//1673 1678//1644
f 1656//1622 1660//1626 1716//1682
f 1660//1626 1717//1683 1716//1682
f 1580//1548 1844//1806 1546//1515
f 827//823 1834//1796 1929//1888
f 1688//1654 1746//1711 1665//1631
f 1517//1489 1706//1672 1719//1684
f 1553//1522 1634//1601 1732//1697
f 1730//1695 1689//1655 1684//1650
f 1607//1574 1553//1522 1732//1697
f 1677//1643 1704//1670 1713//1679
f 1689//1655 1740//1705 1694//1660
f 1727//1692 1730//1695 1680//1646
f 1664//1630 1691//1657 1721//1686
f 1421//1399 1697//1663 1579//1547
f 1713//1679 1727//1692 1677//1643
f 1672//1638 1723//1688 1682//1648
f 1703//1669 1739//1704 1704//1670
f 1701//1667 1705//1671 1707//1673
f 1747//1712 1690//1656 1735//1700
f 1683//1649 1724//1689 1746//1711
f 1670//1636 1743//1708 1725//1690
f 1670//1636 1708//1674 1743//1708
f 1698//1664 1699//1665 1734//1699
f 517//514 1741//1706 1151//1137
f 1007//997 827//823 1929//1888
f 1549//1518 1742//1707 1438//1413
f 1694//1660 1740//1705 1728//1693
f 1709//1675 1736//1701 1724//1689
f 1665//1631 1746//1711 1692//1658
f 1694//1660 1728//1693 1696//1662
f 1699//1665 1696//1662 1737//1702
f 1687//1653 1722//1687 1703//1669
f 1700//1666 1749//1714 1709//1675
f 1730//1695 1740//1705 1689//1655
f 1695//1661 1692//1658 1733//1698
f 1682//1648 1723//1688 1738//1703
f 1672//1638 1721//1686 1723//1688
f 1682//1648 1738//1703 1720//1685
f 1592//1560 1747//1712 1697//1663
f 1606//1573 1546//1515 1750//1715
f 1702//1668 1698//1664 1748//1713
f 1712//1678 1751//1716 1686//1652
f 1722//1687 1686//1652 1751//1716
f 1712//1678 1711//1677 1751//1716
f 1484//1458 1757//1722 1620//1587
f 1692//1658 1746//1711 1733//1698
f 1711//1677 1725//1690 1751//1716
f 1653//1619 1756//1721 1634//1601
f 1701//1667 1707//1673 1745//1710
f 1193//1175 1767//1731 1149//1135
f 1534//1505 1545//1514 1079//1067
f 1079//1067 1545//1514 1530//1501
f 1695//1661 1733//1698 1707//1673
f 1732//1697 1634//1601 1731//1696
f 1707//1673 1733//1698 1744//1709
f 1708//1674 1729//1694 1743//1708
f 1734//1699 1699//1665 1737//1702
f 1696//1662 1728//1693 1737//1702
f 1720//1685 1738//1703 1700//1666
f 1702//1668 1748//1713 1690//1656
f 1698//1664 1734//1699 1748//1713
f 1097//1084 1560//1528 1448//1423
f 1681//1647 1567//1535 1754//1719
f 1620//1587 1757//1722 1726//1691
f 1738//1703 1723//1688 1752//1717
f 1722//1687 1751//1716 1761//1726
f 1703//1669 1722//1687 1761//1726
f 1276//398 1487//1108 1598//398
f 1484//1458 1164//1149 1757//1722
f 1700//1666 1738//1703 1749//1714
f 1504//1477 1526//1497 1570//1538
f 1723//1688 1721//1686 1752//1717
f 1703//1669 1761//1726 1739//1704
f 1749//1714 1736//1701 1709//1675
f 1707//1673 1744//1709 1745//1710
f 1738//1703 1753//1718 1749//1714
f 825//821 1806//1769 1486//1460
f 1575//1543 1568//1536 1777//1740
f 1169//398 1510//398 1718//398
f 1487//1108 1123//1109 1710//1676
f 1578//1546 1063//1052 1438//1413
f 1752//1717 1760//1725 1738//1703
f 949//940 1765//1730 1355//1333
f 1653//1619 1726//1691 1756//1721
f 1713//1679 1755//1720 1727//1692
f 1713//1679 1764//1729 1755//1720
f 1727//1692 1755//1720 1730//1695
f 1658//1624 1714//1680 1758//1723
f 1713//1679 1704//1670 1764//1729
f 1716//1682 1717//1683 1789//1752
f 1717//1683 1701//1667 1789//1752
f 1169//398 1718//398 1334//398
f 1739//1704 1762//1727 1704//1670
f 1223//1204 1784//1747 1446//1421
f 1701//1667 1745//1710 1789//1752
f 1585//1553 1570//1538 1759//1724
f 1724//1689 1736//1701 1768//1732
f 1746//1711 1773//1737 1733//1698
f 1334//398 1718//398 1544//398
f 1746//1711 1724//1689 1768//1732
f 1728//1693 1740//1705 1772//1736
f 1753//1718 1738//1703 1760//1725
f 1753//1718 1769//1733 1749//1714
f 1740//1705 1730//1695 1770//1734
f 1714//1680 1606//1573 1779//1742
f 1521//1493 1565//1533 1763//1728
f 1690//1656 1780//1743 1735//1700
f 1501//1474 1521//1493 1833//1795
f 1212//398 1598//398 1766//398
f 1749//1714 1769//1733 1736//1701
f 1764//1729 1704//1670 1762//1727
f 1746//1711 1768//1732 1773//1737
f 1736//1701 1769//1733 1768//1732
f 1753//1718 1760//1725 1774//1738
f 1745//1710 1744//1709 1789//1752
f 1716//1682 1794//1757 1729//1694
f 1725//1690 1743//1708 1778//1741
f 1769//1733 1753//1718 1774//1738
f 1690//1656 1748//1713 1780//1743
f 1566//1534 1659//1625 1777//1740
f 1772//1736 1740//1705 1770//1734
f 1747//1712 1781//1744 1697//1663
f 1730//1695 1782//1745 1770//1734
f 1633//1600 1543//1513 1783//1746
f 1368//1346 1528//1499 1549//1518
f 1659//1625 1575//1543 1777//1740
f 1860//1822 1311//1290 1784//1747
f 1734//1699 1737//1702 1771//1735
f 1730//1695 1755//1720 1782//1745
f 1758//1723 1714//1680 1776//1739
f 1733//1698 1773//1737 1788//1751
f 1739//1704 1761//1726 1762//1727
f 430//429 1998//254 1490//1463
f 1744//1709 1733//1698 1787//1750
f 1729//1694 1778//1741 1743//1708
f 1751//1716 1725//1690 1778//1741
f 1244//465 1491//1464 1775//450
f 1769//1733 1774//1738 1786//1749
f 1729//1694 1794//1757 1778//1741
f 1761//1726 1751//1716 1795//1758
f 1744//1709 1791//1754 1789//1752
f 1737//1702 1728//1693 1827//1789
f 1737//1702 1827//1789 1771//1735
f 1715//1681 1566//1534 1814//1777
f 1747//1712 1735//1700 1781//1744
f 1728//1693 1792//1755 1827//1789
f 1728//1693 1772//1736 1792//1755
f 1140//1126 1633//1600 1505//1478
f 1634//1601 1756//1721 1731//1696
f 1424//398 2090//398 1540//398
f 1423//1108 1577//1545 1612//1579
f 1773//1737 1768//1732 1788//1751
f 1567//1535 1675//1641 1754//1719
f 1768//1732 1769//1733 1790//1753
f 1751//1716 1793//1756 1795//1758
f 1733//1698 1788//1751 1787//1750
f 1744//1709 1787//1750 1791//1754
f 1475//1450 1355//1333 1691//1657
f 1716//1682 1789//1752 1794//1757
f 1768//1732 1790//1753 1788//1751
f 1762//1727 1761//1726 1823//1785
f 1769//1733 1786//1749 1796//1759
f 1754//1719 1675//1641 1798//1761
f 1779//1742 1776//1739 1714//1680
f 1734//1699 1771//1735 1801//1764
f 1742//1707 1549//1518 1800//1763
f 1580//1548 1881//1842 1844//1806
f 1675//1641 1719//1684 1802//1765
f 1790//1753 1769//1733 1796//1759
f 1789//1752 1791//1754 1797//1760
f 1755//1720 1805//1768 1782//1745
f 1751//1716 1778//1741 1793//1756
f 1790//1753 1796//1759 1799//1762
f 1566//1534 1777//1740 1814//1777
f 1735//1700 1780//1743 1781//1744
f 1789//1752 1809//1772 1794//1757
f 1734//1699 1801//1764 1748//1713
f 1797//1760 1813//1776 1789//1752
f 1125//1111 1668//1634 1560//1528
f 1788//1751 1790//1753 1787//1750
f 1789//1752 1813//1776 1809//1772
f 1787//1750 1790//1753 1803//1766
f 1794//1757 1811//1774 1778//1741
f 1787//1750 1803//1766 1791//1754
f 1755//1720 1804//1767 1805//1768
f 1570//1538 1526//1497 1759//1724
f 1448//1423 1817//1780 1464//1439
f 1764//1729 1762//1727 1804//1767
f 1771//1735 1827//1789 1801//1764
f 1755//1720 1764//1729 1804//1767
f 1823//1785 1761//1726 1795//1758
f 1803//1766 1790//1753 1799//1762
f 1803//1766 1799//1762 1812//1775
f 1770//1734 1782//1745 1810//1773
f 1715//1681 1852//1814 1565//1533
f 1438//1413 1742//1707 1578//1546
f 1675//1641 1802//1765 1798//1761
f 1658//1624 1758//1723 1853//1815
f 1123//1109 1492//1465 1710//1676
f 1791//1754 1813//1776 1797//1760
f 1732//1697 1731//1696 1847//1809
f 1731//1696 1807//1770 1847//1809
f 1719//1684 1706//1672 1802//1765
f 1778//1741 1811//1774 1808//1771
f 1778//1741 1815//1778 1793//1756
f 1762//1727 1823//1785 1804//1767
f 1791//1754 1803//1766 1813//1776
f 1542//1512 1822//1784 1806//1769
f 1715//1681 1814//1777 1852//1814
f 1521//1493 1763//1728 1833//1795
f 1803//1766 1812//1775 1816//1779
f 1149//1135 1835//1797 1223//1204
f 1607//1574 1732//1697 1863//1824
f 1658//1624 1853//1815 1497//1470
f 1770//1734 1810//1773 1772//1736
f 1778//1741 1808//1771 1815//1778
f 1810//1773 1782//1745 1805//1768
f 1501//1474 1833//1795 1526//1497
f 949//940 1530//1501 1765//1730
f 1697//1663 1840//1802 1579//1547
f 1754//1719 1798//1761 1851//1813
f 1565//1533 1852//1814 1763//1728
f 1814//1777 1777//1740 1830//1792
f 1779//1742 1606//1573 1828//1790
f 1606//1573 1750//1715 1828//1790
f 1794//1757 1809//1772 1811//1774
f 1546//1515 1844//1806 1750//1715
f 1721//1686 1691//1657 1839//1801
f 1813//1776 1825//1787 1809//1772
f 1803//1766 1824//1786 1813//1776
f 1803//1766 1816//1779 1819//1782
f 1804//1767 1823//1785 1826//1788
f 1811//1774 1809//1772 1842//1804
f 1780//1743 1748//1713 1831//1793
f 1706//1672 1838//1800 1802//1765
f 1795//1758 1793//1756 1829//1791
f 1585//1553 1759//1724 1706//1672
f 1803//1766 1819//1782 1824//1786
f 1813//1776 1824//1786 1825//1787
f 1795//1758 1829//1791 1841//1803
f 1809//1772 1825//1787 1842//1804
f 1811//1774 1842//1804 1808//1771
f 1801//1764 1827//1789 1832//1794
f 1824//1786 1819//1782 1836//1798
f 1827//1789 1792//1755 1837//1799
f 1808//1771 1842//1804 1815//1778
f 1799//1762 1816//1779 1812//1775
f 1718//398 1925//1884 1544//398
f 1780//1743 1831//1793 1781//1744
f 1798//1761 1843//1805 1851//1813
f 1795//1758 1841//1803 1823//1785
f 1842//1804 1825//1787 1848//1810
f 1748//1713 1801//1764 1857//1819
f 1792//1755 1772//1736 1837//1799
f 1528//1499 1846//1808 1938//1897
f 1756//1721 1726//1691 1818//1781
f 1754//1719 1851//1813 1681//1647
f 1798//1761 1858//1820 1843//1805
f 1726//1691 1757//1722 1845//1807
f 1825//1787 1824//1786 1849//1811
f 1815//1778 1842//1804 1793//1756
f 1333//1312 1860//1822 1662//1628
f 1798//1761 1802//1765 1858//1820
f 1752//1717 1721//1686 1839//1801
f 1042//1032 471//470 1859//1821
f 1793//1756 1842//1804 1829//1791
f 1607//1574 1863//1824 1580//1548
f 1825//1787 1850//1812 1848//1810
f 1732//1697 1847//1809 1863//1824
f 1801//1764 1832//1794 1857//1819
f 1825//1787 1849//1811 1850//1812
f 1528//1499 1211//1193 1846//1808
f 1829//1791 1842//1804 1848//1810
f 1758//1723 1776//1739 1853//1815
f 1829//1791 1848//1810 1854//1816
f 1848//1810 1850//1812 1855//1817
f 1522//398 1540//398 1861//398
f 1121//1107 1513//1485 2492//2442
f 1681//1647 2027//1984 1164//1149
f 1731//1696 1756//1721 1862//1823
f 1731//1696 1862//1823 1807//1770
f 1697//1663 1781//1744 1869//1830
f 1823//1785 1841//1803 1826//1788
f 1836//1798 1849//1811 1824//1786
f 1748//1713 1857//1819 1831//1793
f 1829//1791 1854//1816 1841//1803
f 1805//1768 1804//1767 1810//1773
f 1772//1736 1810//1773 1837//1799
f 1760//1725 1865//1826 1820//1783
f 1826//1788 1841//1803 1854//1816
f 1819//1782 1816//1779 1866//1827
f 1819//1782 1866//1827 1836//1798
f 1836//1798 1866//1827 1849//1811
f 1424//398 1821//398 2090//398
f 1007//997 1929//1888 1514//1486
f 1854//1816 1848//1810 1864//1825
f 1706//1672 1759//1724 1867//1828
f 1176//1160 1464//1439 1576//1544
f 1802//1765 1838//1800 1858//1820
f 1848//1810 1855//1817 1864//1825
f 1827//1789 1837//1799 1868//1829
f 1510//398 1522//398 1891//264
f 1781//1744 1831//1793 1869//1830
f 1826//1788 1854//1816 1804//1767
f 1832//1794 1827//1789 1868//1829
f 1779//1742 1828//1790 1871//1832
f 1779//1742 1871//1832 1776//1739
f 1726//1691 1845//1807 1818//1781
f 1849//1811 1866//1827 1874//1835
f 1786//1749 1875//1836 1796//1759
f 1271//1251 2021//1978 1541//1511
f 1850//1812 1849//1811 1874//1835
f 1831//1793 1857//1819 1870//1831
f 1807//1770 1862//1823 1847//1809
f 1810//1773 1804//1767 1837//1799
f 1831//1793 1870//1831 1869//1830
f 1804//1767 1854//1816 1872//1833
f 1750//1715 1844//1806 1921//1880
f 1776//1739 1871//1832 1878//1839
f 1844//1806 1873//1834 1921//1880
f 1818//1781 1892//1852 1756//1721
f 1854//1816 1877//1838 1872//1833
f 1576//1544 1464//1439 1817//1780
f 1487//1108 1939//398 1598//398
f 1777//1740 1898//1858 1830//1792
f 1844//1806 1881//1842 1873//1834
f 1526//1497 1885//1846 1759//1724
f 1854//1816 1864//1825 1877//1838
f 1837//1799 1804//1767 1876//1837
f 1804//1767 1872//1833 1876//1837
f 678//674 1894//1854 1651//1617
f 1774//1738 1760//1725 1914//1873
f 1555//398 1212//398 1899//398
f 1503//1476 1507//1480 1785//1748
f 1774//1738 1856//1818 1786//1749
f 1528//1499 1938//1897 1549//1518
f 1837//1799 1879//1840 1868//1829
f 1870//1831 1857//1819 1879//1840
f 1828//1790 1750//1715 1921//1880
f 1879//1840 1837//1799 1880//1841
f 1837//1799 1876//1837 1880//1841
f 1850//1812 1874//1835 1855//1817
f 1843//1805 1858//1820 1932//1891
f 1864//1825 1855//1817 1886//1847
f 1121//1107 2492//2442 1103//1090
f 1555//398 1821//398 1424//398
f 1756//1721 1892//1852 1862//1823
f 1149//1135 1767//1731 1835//1797
f 1872//1833 1877//1838 1909//1868
f 1832//1794 1868//1829 1857//1819
f 1851//1813 1843//1805 1884//1845
f 1872//1833 1909//1868 1883//1844
f 1776//1739 1878//1839 1853//1815
f 1872//1833 1883//1844 1876//1837
f 1868//1829 1879//1840 1857//1819
f 1193//1175 1785//1748 1767//1731
f 1818//1781 1845//1807 1892//1852
f 1757//1722 1900//1859 1845//1807
f 1612//1579 1924//1883 1668//1634
f 1706//1672 1867//1828 1838//1800
f 1879//1840 1888//1849 1870//1831
f 1880//1841 1888//1849 1879//1840
f 1876//1837 1890//1851 1880//1841
f 1876//1837 1883//1844 1890//1851
f 1880//1841 1893//1853 1888//1849
f 1760//1725 1820//1783 1914//1873
f 1830//1792 1898//1858 1814//1777
f 1851//1813 1897//1857 1681//1647
f 1880//1841 1896//1856 1893//1853
f 1884//1845 1843//1805 1932//1891
f 1799//1762 1796//1759 1972//1930
f 1697//1663 1869//1830 1840//1802
f 1541//1511 1912//1871 1543//1513
f 1491//1464 1882//1843 1775//450
f 1271//1251 1527//1498 1946//1904
f 1893//1853 1901//1860 1888//1849
f 1691//1657 1355//1333 2107//2063
f 1691//1657 2107//2063 1923//1882
f 1796//1759 1875//1836 1972//1930
f 1763//1728 1852//1814 1904//1863
f 1888//1849 1902//1861 1870//1831
f 1814//1777 1903//1862 1852//1814
f 1554//1523 826//822 1905//1864
f 1833//1795 1910//1869 1526//1497
f 1888//1849 1901//1860 1902//1861
f 1580//1548 1863//1824 1881//1842
f 678//674 1204//1186 1894//1854
f 1893//1853 1896//1856 1901//1860
f 1681//1647 1897//1857 1887//1848
f 1880//1841 1890//1851 1896//1856
f 1757//1722 1164//1149 1906//1865
f 1858//1820 1838//1800 1932//1891
f 1204//1186 1134//1120 1913//1872
f 1816//1779 1799//1762 1889//1850
f 1856//1818 1774//1738 1914//1873
f 1851//1813 1884//1845 1897//1857
f 1852//1814 1903//1862 1904//1863
f 1845//1807 1900//1859 1907//1866
f 1448//1423 1560//1528 1817//1780
f 1816//1779 1895//1855 1866//1827
f 2492//2442 1513//1485 1911//1870
f 1691//1657 1923//1882 1839//1801
f 1681//1647 1887//1848 2027//1984
f 1839//1801 1865//1826 1752//1717
f 1870//1831 1902//1861 1869//1830
f 1847//1809 1862//1823 1908//1867
f 1845//1807 1907//1866 1892//1852
f 1760//1725 1752//1717 1865//1826
f 1853//1815 1878//1839 1917//1876
f 1871//1832 1916//1875 1878//1839
f 1917//1876 1951//1909 1853//1815
f 1890//1851 1909//1868 1896//1856
f 1890//1851 1883//1844 1909//1868
f 1488//1461 1919//1878 826//822
f 1862//1823 1892//1852 1918//1877
f 1676//1642 1969//1927 471//470
f 1918//1877 1915//1874 1862//1823
f 1881//1842 1863//1824 1927//1886
f 1862//1823 1915//1874 1908//1867
f 1757//1722 1906//1865 1900//1859
f 1899//398 1212//398 1766//398
f 1355//1333 1765//1730 1931//1890
f 1871//1832 1828//1790 1916//1875
f 1763//1728 1976//1934 1833//1795
f 1814//1777 1898//1858 1903//1862
f 1901//1860 1896//1856 1922//1881
f 1902//1861 1922//1881 1869//1830
f 1526//1497 1910//1869 1885//1846
f 1488//1461 1497//1470 1919//1878
f 1505//1478 1633//1600 1944//1902
f 1513//1485 1391//1369 1911//1870
f 1759//1724 1885//1846 1867//1828
f 1763//1728 1904//1863 1976//1934
f 1838//1800 1867//1828 1928//1887
f 1816//1779 1889//1850 1895//1855
f 1864//1825 1934//1893 1877//1838
f 1639//465 1244//465 1775//450
f 1901//1860 1922//1881 1902//1861
f 1898//1858 1777//1740 1568//1536
f 1864//1825 1886//1847 1934//1893
f 1897//1857 1884//1845 1926//1885
f 1847//1809 1927//1886 1863//1824
f 1847//1809 1908//1867 1927//1886
f 1799//1762 1972//1930 1889//1850
f 1786//1749 1856//1818 1875//1836
f 1555//398 1899//398 1821//398
f 1828//1790 1921//1880 1916//1875
f 1884//1845 1932//1891 1926//1885
f 1839//1801 1930//1889 1865//1826
f 1869//1830 1922//1881 1840//1802
f 973//964 1022//1012 2169//2125
f 1549//1518 1938//1897 1800//1763
f 826//822 1919//1878 1905//1864
f 1835//1797 1784//1747 1223//1204
f 1909//1868 1877//1838 1933//1892
f 1839//1801 1923//1882 1936//1895
f 1085//1073 1945//1903 1545//1514
f 1839//1801 1936//1895 1935//1894
f 1544//398 1937//1896 1483//398
f 1900//1859 1941//1899 1907//1866
f 1839//1801 1935//1894 1930//1889
f 1895//1855 1943//1901 1866//1827
f 1710//1676 1939//398 1487//1108
f 1134//1120 973//964 1913//1872
f 1855//1817 1874//1835 1886//1847
f 1633//1600 1783//1746 1944//1902
f 1505//1478 1985//1943 1449//1424
f 1271//1251 1946//1904 2021//1978
f 1907//1866 1940//1898 1892//1852
f 1001//465 1639//465 1998//254
f 1930//1889 1942//1900 1865//1826
f 1898//1858 1949//1907 1903//1862
f 1914//1873 1820//1783 1952//1910
f 1874//1835 1866//1827 1970//1928
f 1742//1707 1800//1763 1957//1915
f 1543//1513 1912//1871 1984//1942
f 1877//1838 1934//1893 1933//1892
f 1930//1889 1935//1894 1947//1905
f 1921//1880 1996//1954 1916//1875
f 1865//1826 1948//1906 1820//1783
f 1932//1891 1838//1800 1950//1908
f 1930//1889 1947//1905 1942//1900
f 1942//1900 1948//1906 1865//1826
f 1917//1876 1878//1839 1951//1909
f 1923//1882 1954//1912 1936//1895
f 1932//1891 1950//1908 1955//1913
f 1817//1780 1560//1528 1959//1917
f 1817//1780 1959//1917 1576//1544
f 1921//1880 1873//1834 1996//1954
f 1856//1818 1914//1873 1961//1919
f 1892//1852 1940//1898 1918//1877
f 1783//1746 1543//1513 1944//1902
f 1898//1858 1568//1536 1949//1907
f 1926//1885 1932//1891 1955//1913
f 1942//1900 1947//1905 1948//1906
f 1867//1828 1960//1918 1928//1887
f 1935//1894 1974//1932 1947//1905
f 1948//1906 1947//1905 1956//1914
f 1820//1783 1948//1906 1952//1910
f 1907//1866 1941//1899 1940//1898
f 1866//1827 1943//1901 1968//1926
f 1042//1032 1859//1821 517//514
f 1935//1894 1936//1895 1963//1921
f 1903//1862 1949//1907 1964//1922
f 1959//1917 1958//1916 1576//1544
f 1904//1863 1903//1862 1980//1938
f 1576//1544 1958//1916 1459//1434
f 1560//1528 1668//1634 1979//1937
f 1950//1908 1838//1800 1928//1887
f 1866//1827 1968//1926 1970//1928
f 1507//1480 1967//1925 1785//1748
f 1860//1822 1784//1747 2215//2171
f 1522//398 1861//398 1891//264
f 1391//1369 1514//1486 1920//1879
f 1909//1868 1933//1892 1962//1920
f 1909//1868 1962//1920 1896//1856
f 1906//1865 1164//1149 2027//1984
f 1951//1909 1878//1839 2014//1971
f 1887//1848 1897//1857 1965//1923
f 1935//1894 1963//1921 1974//1932
f 1598//398 1939//398 1766//398
f 1887//1848 1965//1923 2027//1984
f 1897//1857 1926//1885 1965//1923
f 1947//1905 1974//1932 1966//1924
f 1908//1867 1915//1874 1918//1877
f 1914//1873 1952//1910 1961//1919
f 1560//1528 1979//1937 1959//1917
f 1507//1480 1459//1434 1967//1925
f 1910//1869 1833//1795 1976//1934
f 1668//1634 1924//1883 1981//1939
f 1856//1818 1977//1935 1875//1836
f 1886//1847 1874//1835 1997//1955
f 1934//1893 1886//1847 2018//1975
f 1949//1907 1568//1536 2032//1989
f 1944//1902 1543//1513 1984//1942
f 1923//1882 2107//2063 1983//1941
f 1900//1859 1982//1940 1941//1899
f 1952//1910 1948//1906 1973//1931
f 1941//1899 1982//1940 1940//1898
f 1948//1906 1956//1914 1973//1931
f 1956//1914 1987//1945 1990//1948
f 1959//1917 1978//1936 1958//1916
f 1959//1917 1979//1937 1978//1936
f 1958//1916 1978//1936 1975//1933
f 1859//1821 471//470 1969//1927
f 1459//1434 1958//1916 1975//1933
f 1577//1545 1483//398 2006//1963
f 1956//1914 1947//1905 1987//1945
f 1965//1923 1926//1885 1988//1946
f 1961//1919 1952//1910 1973//1931
f 1918//1877 1986//1944 1908//1867
f 1926//1885 2039//1996 1988//1946
f 1459//1434 1975//1933 1967//1925
f 1878//1839 1916//1875 2014//1971
f 1916//1875 1996//1954 1994//1952
f 1875//1836 1977//1935 1992//1950
f 1785//1748 1967//1925 1995//1953
f 1936//1895 1954//1912 1963//1921
f 1875//1836 1991//1949 1972//1930
f 1926//1885 1955//1913 2039//1996
f 1874//1835 1970//1928 2031//1988
f 1923//1882 1983//1941 1954//1912
f 1497//1470 1853//1815 2033//1990
f 1956//1914 1990//1948 1973//1931
f 1903//1862 1964//1922 1980//1938
f 1966//1924 1987//1945 1947//1905
f 1961//1919 1977//1935 1856//1818
f 1973//1931 1989//1947 1961//1919
f 1668//1634 1981//1939 1979//1937
f 1875//1836 1992//1950 1991//1949
f 1976//1934 1904//1863 2004//1961
f 1916//1875 2003//1960 2014//1971
f 1973//1931 1990//1948 2002//1959
f 1910//1869 1971//1929 1885//1846
f 1940//1898 2007//1964 1918//1877
f 1718//398 1510//398 1891//264
f 1505//1478 1944//1902 2041//1998
f 1974//1932 1963//1921 1966//1924
f 1456//1431 1449//1424 1985//1943
f 1967//1925 2001//1958 1995//1953
f 1895//1855 1889//1850 1993//1951
f 1927//1886 2010//1967 1881//1842
f 1916//1875 1994//1952 2003//1960
f 1961//1919 1989//1947 1999//1956
f 1961//1919 1999//1956 1977//1935
f 1978//1936 1979//1937 2000//1957
f 1967//1925 1975//1933 2001//1958
f 1975//1933 1978//1936 2001//1958
f 1979//1937 1981//1939 2000//1957
f 1896//1856 1962//1920 1922//1881
f 1541//1511 2021//1978 1912//1871
f 1867//1828 1885//1846 1960//1918
f 1978//1936 2000//1957 2001//1958
f 1973//1931 2009//1966 1989//1947
f 517//514 1859//1821 1741//1706
f 1951//1909 2014//1971 2013//1970
f 1904//1863 1980//1938 2004//1961
f 1987//1945 2005//1962 2020//1977
f 1767//1731 1785//1748 1995//1953
f 1940//1898 1982//1940 2008//1965
f 1889//1850 1972//1930 2016//1973
f 1973//1931 2002//1959 2009//1966
f 1927//1886 1908//1867 1986//1944
f 1900//1859 1906//1865 1982//1940
f 1987//1945 2020//1977 1990//1948
f 1676//1642 1485//1459 2019//1976
f 1485//1459 980//971 2019//1976
f 1987//1945 1966//1924 2005//1962
f 1955//1913 1950//1908 2039//1996
f 1963//1921 2017//1974 1966//1924
f 1977//1935 1999//1956 2012//1969
f 1972//1930 1991//1949 2015//1972
f 1986//1944 1918//1877 2034//1991
f 1989//1947 2009//1966 1999//1956
f 1951//1909 2219//2175 1853//1815
f 1992//1950 1977//1935 2022//1979
f 1977//1935 2012//1969 2022//1979
f 1990//1948 2020//1977 2002//1959
f 2027//1984 1965//1923 2025//1982
f 1972//1930 2015//1972 2016//1973
f 1964//1922 1949//1907 2046//2003
f 2000//1957 2024//1981 2001//1958
f 1924//1883 2054//2011 1981//1939
f 1927//1886 1986//1944 2011//1968
f 1997//1955 1874//1835 2031//1988
f 1919//1878 1497//1470 2033//1990
f 2007//1964 2034//1991 1918//1877
f 1527//1498 1486//1460 2113//2069
f 1922//1881 1962//1920 1953//1911
f 1992//1950 2022//1979 1991//1949
f 1963//1921 2052//2009 2017//1974
f 1966//1924 2017//1974 2005//1962
f 1965//1923 1988//1946 2028//1985
f 1981//1939 2024//1981 2000//1957
f 1999//1956 2009//1966 2023//1980
f 1954//1912 2052//2009 1963//1921
f 1995//1953 2001//1958 2030//1987
f 1995//1953 2030//1987 1767//1731
f 2012//1969 1999//1956 2026//1983
f 1456//1431 2042//1999 1085//1073
f 2012//1969 2035//1992 2022//1979
f 1988//1946 2039//1996 2028//1985
f 1991//1949 2022//1979 2015//1972
f 2002//1959 2020//1977 2029//1986
f 1954//1912 1983//1941 2052//2009
f 1889//1850 2016//1973 2038//1995
f 1886//1847 1997//1955 2018//1975
f 1800//1763 2040//1997 1957//1915
f 1662//1628 1860//1822 2215//2171
f 1949//1907 2032//1989 2046//2003
f 1999//1956 2023//1980 2026//1983
f 2002//1959 2029//1986 2009//1966
f 2011//1968 2010//1967 1927//1886
f 2016//1973 2015//1972 2038//1995
f 2035//1992 2036//1993 2022//1979
f 1889//1850 2038//1995 1993//1951
f 1965//1923 2028//1985 2025//1982
f 2024//1981 1981//1939 2054//2011
f 2015//1972 2022//1979 2037//1994
f 2001//1958 2024//1981 2030//1987
f 2015//1972 2037//1994 2038//1995
f 1933//1892 1934//1893 2063//2020
f 2012//1969 2026//1983 2043//2000
f 1983//1941 2045//2002 2052//2009
f 1964//1922 2046//2003 1980//1938
f 1950//1908 1928//1887 2057//2014
f 1906//1865 2051//2008 1982//1940
f 1895//1855 1993//1951 2048//2005
f 2024//1981 2054//2011 2044//2001
f 1960//1918 2057//2014 1928//1887
f 1940//1898 2008//1965 2007//1964
f 1985//1943 1505//1478 2041//1998
f 1767//1731 2030//1987 2075//2032
f 2036//1993 2037//1994 2022//1979
f 2024//1981 2044//2001 2030//1987
f 2012//1969 2043//2000 2035//1992
f 2035//1992 2050//2007 2036//1993
f 2020//1977 2005//1962 2067//2024
f 2219//2175 2033//1990 1853//1815
f 2025//1982 2028//1985 2055//2012
f 2036//1993 2047//2004 2037//1994
f 1767//1731 2075//2032 1835//1797
f 2035//1992 2043//2000 2050//2007
f 2036//1993 2050//2007 2053//2010
f 2005//1962 2017//1974 2056//2013
f 1976//1934 1971//1929 1910//1869
f 1976//1934 2091//2047 1971//1929
f 1895//1855 2048//2005 1943//1901
f 1968//1926 1943//1901 2058//2015
f 1800//1763 1938//1897 2040//1997
f 1881//1842 2010//1967 2072//2029
f 2023//1980 2009//1966 2049//2006
f 1491//1464 2062//2019 1882//1843
f 1950//1908 2059//2016 2039//1996
f 1578//1546 1742//1707 1957//1915
f 1544//398 1925//1884 1937//1896
f 1545//1514 1945//1903 2228//2184
f 2027//1984 2064//2021 1906//1865
f 1922//1881 1953//1911 1840//1802
f 2023//1980 2049//2006 2026//1983
f 2017//1974 2052//2009 2056//2013
f 1993//1951 2038//1995 2048//2005
f 2005//1962 2056//2013 2067//2024
f 2030//1987 2044//2001 2075//2032
f 2036//1993 2060//2017 2047//2004
f 2048//2005 2038//1995 2037//1994
f 2036//1993 2053//2010 2060//2017
f 1982//1940 2051//2008 2008//1965
f 1976//1934 2004//1961 2091//2047
f 1943//1901 2048//2005 2058//2015
f 2047//2004 2061//2018 2037//1994
f 1996//1954 1873//1834 2072//2029
f 2043//2000 2071//2028 2050//2007
f 2039//1996 2083//2040 2028//1985
f 2045//2002 1983//1941 2107//2063
f 1934//1893 2018//1975 2074//2031
f 2026//1983 2049//2006 2069//2026
f 1881//1842 2072//2029 1873//1834
f 2020//1977 2067//2024 2029//1986
f 2026//1983 2069//2026 2043//2000
f 2039//1996 2059//2016 2083//2040
f 2052//2009 2045//2002 2066//2023
f 2047//2004 2073//2030 2061//2018
f 1986//1944 2088//2045 2011//1968
f 2009//1966 2029//1986 2065//2022
f 2008//1965 2051//2008 2070//2027
f 2009//1966 2065//2022 2049//2006
f 2048//2005 2037//1994 2068//2025
f 2047//2004 2060//2017 2073//2030
f 2037//1994 2061//2018 2068//2025
f 2052//2009 2066//2023 2056//2013
f 2004//1961 2077//2034 2091//2047
f 2044//2001 2054//2011 2080//2037
f 2027//1984 2025//1982 2084//2041
f 2055//2012 2028//1985 2083//2040
f 2048//2005 2068//2025 2058//2015
f 2045//2002 2076//2033 2066//2023
f 1970//1928 1968//1926 2079//2036
f 1950//1908 2057//2014 2059//2016
f 1968//1926 2058//2015 2079//2036
f 1934//1893 2074//2031 2063//2020
f 1491//1464 1151//1137 2062//2019
f 2071//2028 2043//2000 2069//2026
f 2068//2025 2061//2018 2078//2035
f 2056//2013 2066//2023 2067//2024
f 2061//2018 2085//2042 2078//2035
f 2029//1986 2086//2043 2065//2022
f 2075//2032 2044//2001 2081//2038
f 2044//2001 2080//2037 2081//2038
f 2029//1986 2067//2024 2086//2043
f 1906//1865 2089//2046 2051//2008
f 2013//1970 2092//2048 1951//1909
f 2069//2026 2049//2006 2065//2022
f 1996//1954 2104//2060 1994//1952
f 2058//2015 2068//2025 2079//2036
f 2003//1960 2093//2049 2014//1971
f 2078//2035 2087//2044 2068//2025
f 2031//1988 1970//1928 2096//2052
f 2034//1991 2088//2045 1986//1944
f 1970//1928 2079//2036 2082//2039
f 1951//1909 2092//2048 2099//2055
f 1578//1546 2137//2093 1542//1512
f 1483//398 1937//1896 2006//1963
f 1951//1909 2099//2055 2219//2175
f 980//971 1103//1090 2019//1976
f 1946//1904 1527//1498 2113//2069
f 2031//1988 2101//2057 1997//1955
f 2053//2010 2050//2007 2100//2056
f 2013//1970 2014//1971 2092//2048
f 2003//1960 1994//1952 2093//2049
f 2066//2023 2076//2033 2109//2065
f 2050//2007 2071//2028 2100//2056
f 1211//1193 1662//1628 1846//1808
f 2073//2030 2085//2042 2061//2018
f 2079//2036 2068//2025 2087//2044
f 2078//2035 2085//2042 2094//2050
f 2055//2012 2098//2054 2025//1982
f 2078//2035 2095//2051 2087//2044
f 2069//2026 2123//2079 2071//2028
f 2060//2017 2111//2067 2073//2030
f 2077//2034 2004//1961 1980//1938
f 1996//1954 2072//2029 2104//2060
f 2060//2017 2053//2010 2111//2067
f 2071//2028 2123//2079 2100//2056
f 2079//2036 2087//2044 2082//2039
f 2055//2012 2083//2040 2110//2066
f 2070//2027 2135//2091 2007//1964
f 2070//2027 2007//1964 2008//1965
f 1885//1846 1971//1929 2124//2080
f 1933//1892 2063//2020 2125//2081
f 1103//1090 2492//2442 2019//1976
f 1486//1460 1806//1769 2113//2069
f 2034//1991 2007//1964 2088//2045
f 2027//1984 2084//2041 2064//2021
f 2053//2010 2100//2056 2111//2067
f 2069//2026 2065//2022 2123//2079
f 2065//2022 2086//2043 2143//2099
f 1962//1920 2125//2081 2147//2103
f 2083//2040 2059//2016 2110//2066
f 2085//2042 2105//2061 2094//2050
f 2078//2035 2106//2062 2095//2051
f 2075//2032 2081//2038 2108//2064
f 2082//2039 2087//2044 2096//2052
f 2095//2051 2103//2059 2087//2044
f 1970//1928 2082//2039 2096//2052
f 2031//1988 2096//2052 2102//2058
f 2025//1982 2098//2054 2084//2041
f 2073//2030 2118//2074 2085//2042
f 2064//2021 2084//2041 2114//2070
f 2098//2054 2055//2012 2145//2101
f 2067//2024 2066//2023 2086//2043
f 2101//2057 2122//2078 1997//1955
f 2014//1971 2093//2049 2121//2077
f 1980//1938 2046//2003 2115//2071
f 2110//2066 2145//2101 2055//2012
f 2073//2030 2111//2067 2118//2074
f 1960//1918 1885//1846 2119//2075
f 2096//2052 2087//2044 2112//2068
f 2065//2022 2143//2099 2123//2079
f 2057//2014 1960//1918 2152//2108
f 2095//2051 2116//2072 2103//2059
f 2078//2035 2094//2050 2106//2062
f 2098//2054 2117//2073 2084//2041
f 2095//2051 2106//2062 2116//2072
f 2031//1988 2102//2058 2101//2057
f 1980//1938 2131//2087 2077//2034
f 2107//2063 1355//1333 2203//2159
f 2051//2008 2089//2046 2070//2027
f 2014//1971 2121//2077 2092//2048
f 2103//2059 2112//2068 2087//2044
f 2098//2054 2145//2101 2117//2073
f 1906//1865 2127//2083 2089//2046
f 2066//2023 2109//2065 2126//2082
f 1835//1797 2130//2086 1784//1747
f 2066//2023 2126//2082 2128//2084
f 2096//2052 2112//2068 2102//2058
f 2011//1968 2088//2045 2141//2097
f 2045//2002 2107//2063 2076//2033
f 1953//1911 1962//1920 2148//2104
f 2085//2042 2118//2074 2120//2076
f 2145//2101 2110//2066 2138//2094
f 1835//1797 2075//2032 2130//2086
f 2085//2042 2120//2076 2105//2061
f 1960//1918 2119//2075 2152//2108
f 2106//2062 2132//2088 2116//2072
f 2086//2043 2066//2023 2128//2084
f 2103//2059 2134//2090 2112//2068
f 2080//2037 2054//2011 2140//2096
f 2070//2027 2089//2046 2136//2092
f 2075//2032 2108//2064 2130//2086
f 2114//2070 2127//2083 2064//2021
f 1906//1865 2064//2021 2127//2083
f 1971//1929 2091//2047 2133//2089
f 2059//2016 2057//2014 2129//2085
f 1997//1955 2144//2100 2018//1975
f 2081//2038 2080//2037 2108//2064
f 1840//1802 2240//2196 2097//2053
f 1953//1911 2240//2196 1840//1802
f 1933//1892 2125//2081 1962//1920
f 1612//1579 2149//2105 1924//1883
f 2169//2125 1022//1012 2153//2109
f 2059//2016 2129//2085 2138//2094
f 1980//1938 2115//2071 2131//2087
f 2100//2056 2188//2144 2111//2067
f 2102//2058 2122//2078 2101//2057
f 2110//2066 2059//2016 2138//2094
f 2103//2059 2116//2072 2134//2090
f 2100//2056 2123//2079 2188//2144
f 2011//1968 2141//2097 2010//1967
f 1997//1955 2122//2078 2144//2100
f 2091//2047 2077//2034 2139//2095
f 2080//2037 2140//2096 2108//2064
f 2084//2041 2117//2073 2142//2098
f 1939//398 2298//264 1766//398
f 2086//2043 2128//2084 2143//2099
f 2123//2079 2143//2099 2150//2106
f 2084//2041 2142//2098 2114//2070
f 2136//2092 2089//2046 2127//2083
f 2018//1975 2144//2100 2146//2102
f 2092//2048 2158//2114 2099//2055
f 2106//2062 2151//2107 2132//2088
f 2106//2062 2094//2050 2151//2107
f 2018//1975 2146//2102 2074//2031
f 1953//1911 2148//2104 2240//2196
f 1540//398 2090//398 2159//2115
f 2057//2014 2152//2108 2129//2085
f 2094//2050 2105//2061 2151//2107
f 2007//1964 2135//2091 2088//2045
f 2117//2073 2145//2101 2142//2098
f 2105//2061 2120//2076 2151//2107
f 2128//2084 2126//2082 2161//2117
f 2145//2101 2138//2094 2162//2118
f 2116//2072 2132//2088 2157//2113
f 2102//2058 2168//2124 2122//2078
f 2102//2058 2112//2068 2168//2124
f 2092//2048 2121//2077 2158//2114
f 2130//2086 2108//2064 2183//2139
f 2116//2072 2156//2112 2134//2090
f 1971//1929 2133//2089 2124//2080
f 1540//398 2159//2115 1861//398
f 2134//2090 2154//2110 2168//2124
f 2134//2090 2168//2124 2112//2068
f 2123//2079 2150//2106 2188//2144
f 1994//1952 2104//2060 2160//2116
f 2127//2083 2142//2098 2136//2092
f 2114//2070 2142//2098 2127//2083
f 1994//1952 2160//2116 2093//2049
f 2122//2078 2168//2124 2144//2100
f 2074//2031 2146//2102 2174//2130
f 2136//2092 2142//2098 2170//2126
f 2143//2099 2128//2084 2164//2120
f 2136//2092 2170//2126 2070//2027
f 2074//2031 2166//2122 2063//2020
f 2118//2074 2111//2067 2155//2111
f 1885//1846 2124//2080 2119//2075
f 2135//2091 2070//2027 2170//2126
f 1612//1579 1577//1545 2339//2292
f 1962//1920 2147//2103 2148//2104
f 1913//1872 973//964 2169//2125
f 2111//2067 2188//2144 2155//2111
f 2116//2072 2167//2123 2156//2112
f 2134//2090 2165//2121 2154//2110
f 2154//2110 2163//2119 2168//2124
f 2134//2090 2156//2112 2165//2121
f 2128//2084 2161//2117 2164//2120
f 2188//2144 2150//2106 2172//2128
f 2091//2047 2139//2095 2133//2089
f 2142//2098 2175//2131 2170//2126
f 2142//2098 2145//2101 2175//2131
f 1577//1545 2006//1963 2283//2238
f 2046//2003 2032//1989 2115//2071
f 2145//2101 2162//2118 2175//2131
f 2141//2097 2171//2127 2010//1967
f 2144//2100 2168//2124 2146//2102
f 2143//2099 2164//2120 2150//2106
f 2154//2110 2165//2121 2163//2119
f 2163//2119 2173//2129 2168//2124
f 2118//2074 2155//2111 2120//2076
f 2132//2088 2151//2107 2157//2113
f 2074//2031 2174//2130 2166//2122
f 2162//2118 2138//2094 2175//2131
f 2108//2064 2140//2096 2183//2139
f 2167//2123 2116//2072 2184//2140
f 2077//2034 2131//2087 2139//2095
f 2063//2020 2166//2122 2182//2138
f 2150//2106 2164//2120 2180//2136
f 2116//2072 2157//2113 2184//2140
f 2054//2011 2185//2141 2140//2096
f 2138//2094 2181//2137 2175//2131
f 1784//1747 2130//2086 2215//2171
f 1924//1883 2185//2141 2054//2011
f 2163//2119 2177//2133 2173//2129
f 2088//2045 2135//2091 2179//2135
f 2125//2081 2193//2149 2147//2103
f 2125//2081 2178//2134 2193//2149
f 2138//2094 2129//2085 2181//2137
f 2164//2120 2161//2117 2198//2154
f 2179//2135 2141//2097 2088//2045
f 1882//1843 2351//68 1775//450
f 2168//2124 2173//2129 2201//2157
f 2163//2119 2165//2121 2177//2133
f 2135//2091 2170//2126 2179//2135
f 2146//2102 2168//2124 2201//2157
f 2115//2071 2189//2145 2131//2087
f 2146//2102 2201//2157 2174//2130
f 2093//2049 2190//2146 2121//2077
f 2063//2020 2182//2138 2191//2147
f 2173//2129 2187//2143 2201//2157
f 2150//2106 2180//2136 2172//2128
f 2063//2020 2191//2147 2125//2081
f 2120//2076 2186//2142 2151//2107
f 1924//1883 2149//2105 2185//2141
f 2170//2126 2196//2152 2197//2153
f 2155//2111 2186//2142 2120//2076
f 2170//2126 2175//2131 2196//2152
f 2165//2121 2156//2112 2194//2150
f 2164//2120 2198//2154 2180//2136
f 2174//2130 2182//2138 2166//2122
f 2165//2121 2192//2148 2177//2133
f 2175//2131 2181//2137 2206//2162
f 2188//2144 2172//2128 2199//2155
f 2076//2033 2176//2132 2109//2065
f 2131//2087 2200//2156 2139//2095
f 2093//2049 2160//2116 2190//2146
f 2131//2087 2189//2145 2200//2156
f 2151//2107 2234//2190 2157//2113
f 2183//2139 2140//2096 2216//2172
f 2156//2112 2167//2123 2194//2150
f 2010//1967 2171//2127 2072//2029
f 1355//1333 1931//1890 2203//2159
f 2119//2075 2124//2080 2238//2194
f 2115//2071 2032//1989 2189//2145
f 2173//2129 2177//2133 2187//2143
f 2188//2144 2199//2155 2211//2167
f 2179//2135 2207//2163 2141//2097
f 2179//2135 2170//2126 2197//2153
f 2188//2144 2211//2167 2155//2111
f 2174//2130 2201//2157 2204//2160
f 2177//2133 2208//2164 2187//2143
f 2182//2138 2174//2130 2191//2147
f 2129//2085 2152//2108 2181//2137
f 2155//2111 2211//2167 2209//2165
f 2175//2131 2206//2162 2196//2152
f 2076//2033 2202//2158 2176//2132
f 2167//2123 2184//2140 2194//2150
f 2172//2128 2180//2136 2199//2155
f 2121//2077 2210//2166 2158//2114
f 2126//2082 2109//2065 2278//2233
f 2190//2146 2210//2166 2121//2077
f 2174//2130 2204//2160 2191//2147
f 2183//2139 2215//2171 2130//2086
f 2165//2121 2194//2150 2205//2161
f 2179//2135 2197//2153 2223//2179
f 2178//2134 2125//2081 2217//2173
f 1676//1642 2222//2178 1969//1927
f 2339//2292 1577//1545 2283//2238
f 2107//2063 2203//2159 2195//2151
f 2196//2152 2206//2162 2197//2153
f 1985//1943 2041//1998 2285//2240
f 2179//2135 2223//2179 2207//2163
f 2180//2136 2198//2154 2230//2186
f 2180//2136 2212//2168 2199//2155
f 2151//2107 2186//2142 2234//2190
f 2155//2111 2209//2165 2186//2142
f 2104//2060 2072//2029 2160//2116
f 2177//2133 2214//2170 2208//2164
f 2201//2157 2221//2177 2204//2160
f 2076//2033 2239//2195 2202//2158
f 2199//2155 2212//2168 2211//2167
f 2187//2143 2213//2169 2201//2157
f 2187//2143 2208//2164 2213//2169
f 2183//2139 2216//2172 2215//2171
f 2158//2114 2225//2181 2099//2055
f 2177//2133 2192//2148 2218//2174
f 2125//2081 2191//2147 2217//2173
f 2206//2162 2223//2179 2197//2153
f 2126//2082 2227//2183 2161//2117
f 2076//2033 2107//2063 2239//2195
f 2149//2105 1612//1579 2297//2252
f 1530//1501 1545//1514 2228//2184
f 1578//1546 1957//1915 2137//2093
f 2042//1999 1456//1431 2233//2189
f 1938//1897 1846//1808 1662//1628
f 2192//2148 2165//2121 2218//2174
f 2181//2137 2152//2108 2226//2182
f 2184//2140 2157//2113 2234//2190
f 2124//2080 2133//2089 2224//2180
f 2207//2163 2171//2127 2141//2097
f 2206//2162 2181//2137 2223//2179
f 2201//2157 2213//2169 2229//2185
f 2201//2157 2229//2185 2221//2177
f 2180//2136 2230//2186 2212//2168
f 1204//1186 1913//1872 1894//1854
f 1822//1784 1542//1512 2137//2093
f 2158//2114 2210//2166 2225//2181
f 2139//2095 2200//2156 2220//2176
f 2177//2133 2218//2174 2214//2170
f 2193//2149 2232//2188 2147//2103
f 1920//1879 2250//2206 1391//1369
f 2181//2137 2226//2182 2223//2179
f 2184//2140 2234//2190 2194//2150
f 2165//2121 2205//2161 2218//2174
f 2217//2173 2236//2192 2178//2134
f 2208//2164 2235//2191 2213//2169
f 2200//2156 2189//2145 2237//2193
f 2152//2108 2119//2075 2226//2182
f 2186//2142 2209//2165 2243//2199
f 2178//2134 2236//2192 2193//2149
f 2211//2167 2212//2168 2209//2165
f 2217//2173 2191//2147 2236//2192
f 2191//2147 2204//2160 2231//2187
f 2230//2186 2242//2198 2212//2168
f 2185//2141 2256//2211 2140//2096
f 1662//1628 2215//2171 2275//2230
f 2221//2177 2244//2200 2204//2160
f 2140//2096 2256//2211 2216//2172
f 2194//2150 2234//2190 2293//2248
f 1530//1501 2373//2325 1765//1730
f 1891//264 1861//398 2249//2205
f 1944//1902 1984//1942 2322//2275
f 2209//2165 2212//2168 2241//2197
f 2194//2150 2293//2248 2205//2161
f 2212//2168 2242//2198 2241//2197
f 2236//2192 2191//2147 2231//2187
f 2186//2142 2243//2199 2263//2218
f 2208//2164 2214//2170 2235//2191
f 2133//2089 2139//2095 2252//2208
f 2229//2185 2247//2203 2221//2177
f 2207//2163 2223//2179 2171//2127
f 2243//2199 2209//2165 2241//2197
f 2234//2190 2186//2142 2263//2218
f 2221//2177 2247//2203 2248//2204
f 2221//2177 2248//2204 2244//2200
f 2193//2149 2236//2192 2232//2188
f 2190//2146 2160//2116 2246//2202
f 2224//2180 2133//2089 2252//2208
f 2072//2029 2258//2213 2160//2116
f 2139//2095 2220//2176 2252//2208
f 2204//2160 2244//2200 2231//2187
f 1766//398 2298//264 1899//398
f 2218//2174 2205//2161 2293//2248
f 1662//1628 2275//2230 2254//2209
f 2215//2171 2259//2214 2275//2230
f 2147//2103 2260//2215 2148//2104
f 2124//2080 2224//2180 2238//2194
f 1662//1628 2254//2209 1938//1897
f 1612//1579 2339//2292 2284//2239
f 2097//2053 2240//2196 2245//2201
f 2216//2172 2256//2211 2269//2224
f 2226//2182 2119//2075 2261//2216
f 2216//2172 2269//2224 2215//2171
f 2243//2199 2241//2197 2268//2223
f 2223//2179 2261//2216 2171//2127
f 2232//2188 2236//2192 2260//2215
f 2223//2179 2226//2182 2261//2216
f 2232//2188 2260//2215 2147//2103
f 2244//2200 2255//2210 2231//2187
f 2200//2156 2237//2193 2280//2235
f 2220//2176 2200//2156 2265//2220
f 2236//2192 2231//2187 2257//2212
f 2190//2146 2246//2202 2210//2166
f 2215//2171 2269//2224 2259//2214
f 2243//2199 2271//2226 2263//2218
f 2185//2141 2266//2221 2256//2211
f 2148//2104 2267//2222 2240//2196
f 2185//2141 2149//2105 2266//2221
f 2107//2063 2195//2151 2239//2195
f 1984//1942 1912//1871 2322//2275
f 1456//1431 1985//1943 2233//2189
f 2189//2145 2032//1989 2237//2193
f 2234//2190 2263//2218 2271//2226
f 2214//2170 2218//2174 2235//2191
f 2255//2210 2264//2219 2231//2187
f 2260//2215 2267//2222 2148//2104
f 2243//2199 2268//2223 2271//2226
f 2006//1963 1937//1896 2488//2438
f 2126//2082 2278//2233 2227//2183
f 2231//2187 2264//2219 2257//2212
f 1938//1897 2254//2209 2282//2237
f 2236//2192 2257//2212 2260//2215
f 2229//2185 2286//2241 2272//2227
f 1938//1897 2282//2237 2040//1997
f 2229//2185 2272//2227 2247//2203
f 2229//2185 2213//2169 2286//2241
f 2235//2191 2218//2174 2270//2225
f 2242//2198 2230//2186 2198//2154
f 2339//2292 2283//2238 2321//2274
f 2072//2029 2171//2127 2295//2250
f 2213//2169 2270//2225 2286//2241
f 2213//2169 2235//2191 2270//2225
f 2234//2190 2271//2226 2279//2234
f 2268//2223 2241//2197 2273//2228
f 2241//2197 2242//2198 2273//2228
f 2234//2190 2279//2234 2293//2248
f 2244//2200 2281//2236 2255//2210
f 2260//2215 2257//2212 2277//2232
f 2269//2224 2275//2230 2259//2214
f 2264//2219 2274//2229 2257//2212
f 2244//2200 2248//2204 2281//2236
f 2297//2252 1612//1579 2284//2239
f 2160//2116 2287//2242 2246//2202
f 2269//2224 2256//2211 2275//2230
f 2256//2211 2266//2221 2276//2231
f 2255//2210 2288//2243 2264//2219
f 2258//2213 2287//2242 2160//2116
f 2254//2209 2275//2230 2276//2231
f 2276//2231 2275//2230 2256//2211
f 2240//2196 2267//2222 2245//2201
f 2276//2231 2282//2237 2254//2209
f 2276//2231 2266//2221 2282//2237
f 1676//1642 2019//1976 2222//2178
f 1985//1943 2285//2240 2233//2189
f 2161//2117 2251//2207 2198//2154
f 1957//1915 2040//1997 2299//2253
f 2260//2215 2277//2232 2267//2222
f 2279//2234 2300//2254 2293//2248
f 2282//2237 2266//2221 2289//2244
f 2257//2212 2294//2249 2277//2232
f 2274//2229 2294//2249 2257//2212
f 2262//2217 2218//2174 2293//2248
f 2255//2210 2281//2236 2288//2243
f 2270//2225 2218//2174 2262//2217
f 2282//2237 2289//2244 2290//2245
f 1939//398 2253//398 2298//264
f 1085//1073 2042//1999 1945//1903
f 2200//2156 2280//2235 2265//2220
f 2246//2202 2296//2251 2210//2166
f 2267//2222 2292//2247 2245//2201
f 2264//2219 2288//2243 2274//2229
f 2282//2237 2290//2245 2040//1997
f 2271//2226 2268//2223 2301//2255
f 2279//2234 2271//2226 2300//2254
f 2099//2055 2529//2479 2219//2175
f 1899//398 2491//2441 1821//398
f 2261//2216 2119//2075 2330//2283
f 2097//2053 2335//2288 1840//1802
f 1530//1501 2228//2184 2373//2325
f 2248//2204 2302//2256 2281//2236
f 2072//2029 2295//2250 2258//2213
f 2271//2226 2301//2255 2300//2254
f 2277//2232 2292//2247 2267//2222
f 2210//2166 2296//2251 2225//2181
f 2225//2181 2296//2251 2303//2257
f 2119//2075 2238//2194 2330//2283
f 2277//2232 2306//2259 2292//2247
f 2248//2204 2247//2203 2302//2256
f 2251//2207 2161//2117 2227//2183
f 2245//2201 2291//2246 2097//2053
f 2268//2223 2305//2258 2301//2255
f 2247//2203 2272//2227 2302//2256
f 1957//1915 2299//2253 2137//2093
f 2268//2223 2273//2228 2305//2258
f 2293//2248 2300//2254 2311//2264
f 2262//2217 2293//2248 2308//2261
f 2293//2248 2311//2264 2308//2261
f 1840//1802 2335//2288 1579//1547
f 2292//2247 2306//2259 2307//2260
f 2265//2220 2280//2235 2310//2263
f 2245//2201 2292//2247 2291//2246
f 2224//2180 2252//2208 2309//2262
f 1821//398 2378//264 2090//398
f 2220//2176 2265//2220 2310//2263
f 2220//2176 2310//2263 2252//2208
f 2277//2232 2294//2249 2315//2268
f 2225//2181 2303//2257 2099//2055
f 2266//2221 2149//2105 2327//2280
f 2149//2105 2297//2252 2327//2280
f 2176//2132 2278//2233 2109//2065
f 2198//2154 2251//2207 2331//2284
f 2291//2246 2292//2247 2314//2267
f 2281//2236 2302//2256 2328//2281
f 2288//2243 2281//2236 2319//2272
f 2274//2229 2288//2243 2316//2269
f 2270//2225 2262//2217 2318//2271
f 2300//2254 2301//2255 2313//2266
f 2280//2235 2317//2270 2310//2263
f 2277//2232 2315//2268 2306//2259
f 2286//2241 2270//2225 2320//2273
f 2274//2229 2325//2278 2294//2249
f 2292//2247 2307//2260 2314//2267
f 2288//2243 2319//2272 2332//2285
f 2266//2221 2327//2280 2369//2321
f 2266//2221 2326//2279 2289//2244
f 2266//2221 2369//2321 2326//2279
f 2289//2244 2326//2279 2290//2245
f 2290//2245 2326//2279 2312//2265
f 2290//2245 2312//2265 2040//1997
f 2294//2249 2325//2278 2315//2268
f 2237//2193 2032//1989 2280//2235
f 2261//2216 2330//2283 2342//2295
f 2311//2264 2313//2266 2308//2261
f 2171//2127 2261//2216 2342//2295
f 2301//2255 2305//2258 2313//2266
f 2262//2217 2308//2261 2336//2289
f 2272//2227 2286//2241 2328//2281
f 2270//2225 2318//2271 2320//2273
f 2302//2256 2272//2227 2328//2281
f 2303//2257 2296//2251 2324//2277
f 2300//2254 2313//2266 2311//2264
f 1718//398 1891//264 2329//2282
f 2224//2180 2309//2262 2238//2194
f 2258//2213 2338//2291 2287//2242
f 2313//2266 2305//2258 2333//2286
f 1639//465 1775//450 2391//450
f 2288//2243 2332//2285 2316//2269
f 2274//2229 2323//2276 2325//2278
f 2097//2053 2291//2246 2354//2306
f 2295//2250 2171//2127 2342//2295
f 2041//1998 1944//1902 2346//2299
f 2281//2236 2328//2281 2319//2272
f 1944//1902 2322//2275 2346//2299
f 2315//2268 2340//2293 2306//2259
f 2274//2229 2316//2269 2323//2276
f 2307//2260 2341//2294 2314//2267
f 2262//2217 2336//2289 2348//2301
f 2317//2270 2347//2300 2310//2263
f 2313//2266 2334//2287 2308//2261
f 2262//2217 2348//2301 2318//2271
f 2246//2202 2287//2242 2345//2298
f 2246//2202 2345//2298 2296//2251
f 2306//2259 2340//2293 2307//2260
f 2286//2241 2320//2273 2328//2281
f 2239//2195 2352//2304 2337//2290
f 2312//2265 2326//2279 2368//2320
f 2202//2158 2239//2195 2383//2334
f 2305//2258 2273//2228 2333//2286
f 2273//2228 2242//2198 2360//2312
f 2322//2275 1912//1871 2405//2355
f 2291//2246 2314//2267 2341//2294
f 2041//1998 2346//2299 2285//2240
f 2334//2287 2313//2266 2333//2286
f 2334//2287 2333//2286 2349//2302
f 2308//2261 2334//2287 2336//2289
f 2309//2262 2252//2208 2350//2303
f 2340//2293 2357//2309 2307//2260
f 2296//2251 2355//2307 2324//2277
f 2284//2239 2339//2292 2353//2305
f 2284//2239 2353//2305 2363//2315
f 2040//1997 2370//2322 2299//2253
f 2252//2208 2310//2263 2365//2317
f 2252//2208 2365//2317 2350//2303
f 2307//2260 2357//2309 2341//2294
f 2345//2298 2355//2307 2296//2251
f 2040//1997 2312//2265 2370//2322
f 2239//2195 2337//2290 2383//2334
f 2239//2195 2195//2151 2352//2304
f 2303//2257 2529//2479 2099//2055
f 1920//1879 1514//1486 2343//2296
f 1514//1486 1929//1888 2343//2296
f 2291//2246 2341//2294 2354//2306
f 2283//2238 2361//2313 2321//2274
f 2356//2308 2322//2275 2364//2316
f 2364//2316 2358//2310 2356//2308
f 2322//2275 2356//2308 2346//2299
f 2258//2213 2295//2250 2338//2291
f 2358//2310 2353//2305 2372//2324
f 2353//2305 2358//2310 2363//2315
f 2238//2194 2309//2262 2367//2319
f 2287//2242 2338//2291 2345//2298
f 2358//2310 2364//2316 2363//2315
f 2358//2310 2372//2324 2356//2308
f 1931//1890 2359//2311 2203//2159
f 1931//1890 1765//1730 2359//2311
f 2328//2281 2320//2273 2375//2327
f 2203//2159 2359//2311 2371//2323
f 2337//2290 2352//2304 2362//2314
f 2312//2265 2368//2320 2370//2322
f 2326//2279 2369//2321 2368//2320
f 2328//2281 2408//2358 2319//2272
f 2203//2159 2371//2323 2195//2151
f 2337//2290 2362//2314 2383//2334
f 2176//2132 2202//2158 2382//2333
f 2238//2194 2367//2319 2330//2283
f 2297//2252 2284//2239 2376//2328
f 2303//2257 2324//2277 2529//2479
f 1912//1871 2021//1978 2405//2355
f 2348//2301 2336//2289 2318//2271
f 2316//2269 2332//2285 2389//2340
f 2332//2285 2319//2272 2389//2340
f 2328//2281 2375//2327 2408//2358
f 2352//2304 2381//2332 2362//2314
f 2320//2273 2318//2271 2388//2339
f 2198//2154 2344//2297 2242//2198
f 1765//1730 2386//2337 2359//2311
f 2336//2289 2334//2287 2379//2330
f 2361//2313 2380//2331 2321//2274
f 2366//2318 2362//2314 2381//2332
f 2321//2274 2380//2331 2377//2329
f 2336//2289 2379//2330 2318//2271
f 2310//2263 2347//2300 2365//2317
f 2315//2268 2325//2278 2392//2342
f 2284//2239 2363//2315 2394//2344
f 2363//2315 2402//2352 2394//2344
f 2322//2275 2405//2355 2364//2316
f 2364//2316 2403//2353 2402//2352
f 2364//2316 2405//2355 2403//2353
f 2363//2315 2364//2316 2402//2352
f 2202//2158 2383//2334 2382//2333
f 2323//2276 2412//2362 2325//2278
f 2339//2292 2407//2357 2353//2305
f 2356//2308 2430//2380 2346//2299
f 2339//2292 2374//2326 2407//2357
f 2284//2239 2394//2344 2376//2328
f 2283//2238 2423//2373 2361//2313
f 2137//2093 2299//2253 1822//1784
f 2283//2238 2006//1963 2423//2373
f 2321//2274 2413//2363 2339//2292
f 1925//1884 2329//2282 2448//2398
f 2295//2250 2342//2295 2410//2360
f 2359//2311 2386//2337 2387//2338
f 2385//2336 2359//2311 2387//2338
f 2385//2336 2387//2338 2380//2331
f 2323//2276 2316//2269 2412//2362
f 2228//2184 1945//1903 2042//1999
f 2354//2306 2341//2294 2401//2351
f 2362//2314 2366//2318 2398//2348
f 2347//2300 2397//2347 2365//2317
f 2195//2151 2416//2366 2390//2341
f 2195//2151 2390//2341 2352//2304
f 2372//2324 2406//2356 2356//2308
f 2395//2345 2385//2336 2380//2331
f 1765//1730 2373//2325 2386//2337
f 2345//2298 2338//2291 2399//2349
f 2345//2298 2399//2349 2355//2307
f 2349//2302 2415//2365 2334//2287
f 2359//2311 2385//2336 2371//2323
f 2309//2262 2409//2359 2367//2319
f 2387//2338 2386//2337 2404//2354
f 1568//1536 2418//2368 2032//1989
f 2195//2151 2371//2323 2416//2366
f 2380//2331 2387//2338 2377//2329
f 2366//2318 2384//2335 2398//2348
f 2383//2334 2362//2314 2382//2333
f 2324//2277 2355//2307 2411//2361
f 2341//2294 2357//2309 2400//2350
f 2362//2314 2398//2348 2393//2343
f 2350//2303 2365//2317 2421//2371
f 2340//2293 2315//2268 2428//2378
f 2347//2300 2317//2270 2434//2384
f 2324//2277 2411//2361 2446//2396
f 2338//2291 2295//2250 2419//2369
f 2369//2321 2327//2280 2396//2346
f 2341//2294 2400//2350 2422//2372
f 2372//2324 2353//2305 2406//2356
f 2353//2305 2407//2357 2406//2356
f 2356//2308 2406//2356 2430//2380
f 2278//2233 2176//2132 2427//2377
f 2346//2299 2430//2380 2285//2240
f 2392//2342 2325//2278 2412//2362
f 2347//2300 2434//2384 2397//2347
f 2366//2318 2429//2379 2384//2335
f 2242//2198 2344//2297 2526//2476
f 1568//1536 1579//1547 2418//2368
f 2097//2053 2354//2306 2439//2389
f 2318//2271 2379//2330 2388//2339
f 2352//2304 2390//2341 2381//2332
f 2316//2269 2389//2340 2412//2362
f 2385//2336 2416//2366 2371//2323
f 2309//2262 2350//2303 2420//2370
f 2334//2287 2415//2365 2379//2330
f 2375//2327 2320//2273 2388//2339
f 2423//2373 2395//2345 2361//2313
f 2386//2337 2373//2325 2404//2354
f 2362//2314 2393//2343 2382//2333
f 2387//2338 2404//2354 2377//2329
f 2176//2132 2382//2333 2417//2367
f 2385//2336 2395//2345 2416//2366
f 2309//2262 2420//2370 2409//2359
f 2398//2348 2424//2374 2393//2343
f 2381//2332 2435//2385 2366//2318
f 2361//2313 2395//2345 2380//2331
f 2299//2253 2370//2322 2426//2376
f 2369//2321 2396//2346 2368//2320
f 2368//2320 2425//2375 2370//2322
f 2366//2318 2435//2385 2429//2379
f 2330//2283 2367//2319 2342//2295
f 1822//1784 2299//2253 2426//2376
f 2176//2132 2417//2367 2427//2377
f 2381//2332 2390//2341 2435//2385
f 2315//2268 2392//2342 2428//2378
f 2374//2326 2339//2292 2413//2363
f 2379//2330 2415//2365 2432//2382
f 2350//2303 2421//2371 2420//2370
f 1925//1884 1718//398 2329//2282
f 2278//2233 2437//2387 2227//2183
f 2198//2154 2331//2284 2344//2297
f 2335//2288 2097//2053 2439//2389
f 2321//2274 2377//2329 2433//2383
f 2375//2327 2438//2388 2408//2358
f 2389//2340 2319//2272 2408//2358
f 2397//2347 2434//2384 2365//2317
f 2338//2291 2419//2369 2399//2349
f 2423//2373 2436//2386 2395//2345
f 2382//2333 2393//2343 2417//2367
f 2395//2345 2436//2386 2416//2366
f 2355//2307 2399//2349 2440//2390
f 2365//2317 2434//2384 2421//2371
f 2396//2346 2425//2375 2368//2320
f 2278//2233 2427//2377 2437//2387
f 2384//2335 2429//2379 2441//2391
f 2321//2274 2433//2383 2413//2363
f 2373//2325 2228//2184 2455//2405
f 2357//2309 2450//2400 2400//2350
f 2357//2309 2340//2293 2450//2400
f 2398//2348 2384//2335 2441//2391
f 2341//2294 2504//2454 2401//2351
f 2428//2378 2450//2400 2340//2293
f 2388//2339 2379//2330 2375//2327
f 2341//2294 2422//2372 2504//2454
f 2529//2479 2324//2277 2446//2396
f 2349//2302 2333//2286 2449//2399
f 2317//2270 2489//2439 2434//2384
f 1391//1369 2250//2206 1911//1870
f 2273//2228 2431//2381 2333//2286
f 2273//2228 2360//2312 2431//2381
f 2404//2354 2444//2394 2377//2329
f 2404//2354 2373//2325 2444//2394
f 2406//2356 2445//2395 2430//2380
f 2416//2366 2436//2386 2442//2392
f 2411//2361 2355//2307 2446//2396
f 1939//398 1710//1676 2253//398
f 2327//2280 2297//2252 2396//2346
f 2416//2366 2451//2401 2435//2385
f 2417//2367 2393//2343 2427//2377
f 2405//2355 2458//2408 2403//2353
f 2427//2377 2393//2343 2443//2393
f 2370//2322 2425//2375 2426//2376
f 2355//2307 2440//2390 2446//2396
f 2377//2329 2444//2394 2433//2383
f 2373//2325 2455//2405 2444//2394
f 2389//2340 2408//2358 2474//2424
f 2374//2326 2413//2363 2407//2357
f 1806//1769 1822//1784 2460//2410
f 2424//2374 2398//2348 2441//2391
f 2375//2327 2379//2330 2465//2415
f 1946//1904 2113//2069 2021//1978
f 2343//2296 2447//2397 1920//1879
f 2367//2319 2470//2420 2342//2295
f 2491//2441 1899//398 2304//398
f 2280//2235 2032//1989 2317//2270
f 2420//2370 2421//2371 2459//2409
f 2250//2206 1920//1879 2447//2397
f 2349//2302 2449//2399 2508//2458
f 2416//2366 2435//2385 2390//2341
f 2379//2330 2432//2382 2452//2402
f 2529//2479 2414//2364 2219//2175
f 2434//2384 2454//2404 2421//2371
f 2435//2385 2451//2401 2429//2379
f 2451//2401 2416//2366 2442//2392
f 2427//2377 2461//2411 2437//2387
f 2402//2352 2403//2353 2457//2407
f 2399//2349 2419//2369 2456//2406
f 2443//2393 2462//2412 2427//2377
f 2445//2395 2463//2413 2430//2380
f 2423//2373 2453//2403 2436//2386
f 2430//2380 2463//2413 2285//2240
f 2461//2411 2427//2377 2462//2412
f 2295//2250 2410//2360 2419//2369
f 2402//2352 2457//2407 2394//2344
f 2403//2353 2458//2408 2457//2407
f 2227//2183 2437//2387 2469//2419
f 2379//2330 2452//2402 2473//2423
f 2399//2349 2456//2406 2440//2390
f 2379//2330 2473//2423 2465//2415
f 2406//2356 2407//2357 2445//2395
f 2428//2378 2392//2342 2450//2400
f 2412//2362 2389//2340 2474//2424
f 2297//2252 2479//2429 2396//2346
f 2393//2343 2424//2374 2468//2418
f 2424//2374 2441//2391 2468//2418
f 2297//2252 2376//2328 2477//2427
f 2354//2306 2401//2351 2439//2389
f 2090//398 2378//264 2159//2115
f 2438//2388 2375//2327 2466//2416
f 2342//2295 2470//2420 2410//2360
f 2461//2411 2462//2412 2464//2414
f 2409//2359 2420//2370 2467//2417
f 2442//2392 2478//2428 2451//2401
f 2451//2401 2475//2425 2429//2379
f 2285//2240 2487//2437 2233//2189
f 1822//1784 2426//2376 2460//2410
f 2429//2379 2475//2425 2441//2391
f 2407//2357 2480//2430 2445//2395
f 2426//2376 2425//2375 2460//2410
f 2425//2375 2396//2346 2479//2429
f 2375//2327 2465//2415 2466//2416
f 2367//2319 2409//2359 2470//2420
f 2405//2355 2490//2440 2458//2408
f 1861//398 2159//2115 2249//2205
f 2378//264 1821//398 2491//2441
f 2455//2405 2481//2431 2444//2394
f 2228//2184 2042//1999 2483//2433
f 2228//2184 2483//2433 2455//2405
f 2394//2344 2484//2434 2376//2328
f 2446//2396 2440//2390 2476//2426
f 2457//2407 2484//2434 2394//2344
f 2462//2412 2471//2421 2464//2414
f 2285//2240 2463//2413 2487//2437
f 2454//2404 2434//2384 2489//2439
f 2021//1978 2113//2069 2490//2440
f 2233//2189 2487//2437 2042//1999
f 1806//1769 2486//2436 2113//2069
f 2443//2393 2468//2418 2462//2412
f 2436//2386 2453//2403 2442//2392
f 2006//1963 2488//2438 2423//2373
f 2425//2375 2479//2429 2460//2410
f 2421//2371 2454//2404 2459//2409
f 2443//2393 2393//2343 2468//2418
f 2405//2355 2021//1978 2490//2440
f 1937//1896 1925//1884 2550//2500
f 1059//1048 2554//2504 1492//1465
f 2451//2401 2478//2428 2475//2425
f 1925//1884 2448//2398 2550//2500
f 2444//2394 2481//2431 2433//2383
f 2420//2370 2459//2409 2467//2417
f 2474//2424 2408//2358 2472//2422
f 1806//1769 2460//2410 2494//2444
f 2297//2252 2477//2427 2479//2429
f 2454//2404 2485//2435 2459//2409
f 2412//2362 2474//2424 2509//2459
f 2422//2372 2400//2350 2501//2451
f 2470//2420 2409//2359 2467//2417
f 2437//2387 2461//2411 2469//2419
f 2445//2395 2480//2430 2463//2413
f 1806//1769 2494//2444 2486//2436
f 2478//2428 2442//2392 2453//2403
f 2407//2357 2413//2363 2480//2430
f 2458//2408 2490//2440 2457//2407
f 2474//2424 2472//2422 2510//2460
f 2438//2388 2466//2416 2408//2358
f 2454//2404 2489//2439 2485//2435
f 2456//2406 2495//2445 2440//2390
f 2113//2069 2486//2436 2490//2440
f 2227//2183 2505//2455 2251//2207
f 2376//2328 2484//2434 2477//2427
f 2471//2421 2462//2412 2497//2447
f 2219//2175 2482//2432 2033//1990
f 2032//1989 2489//2439 2317//2270
f 2242//2198 2526//2476 2360//2312
f 1022//1012 1554//1523 2153//2109
f 2415//2365 2349//2302 2508//2458
f 2401//2351 2504//2454 2439//2389
f 2423//2373 2488//2438 2453//2403
f 2412//2362 2509//2459 2392//2342
f 2461//2411 2464//2414 2511//2461
f 2408//2358 2466//2416 2472//2422
f 2440//2390 2495//2445 2476//2426
f 2479//2429 2494//2444 2460//2410
f 2475//2425 2507//2457 2441//2391
f 2419//2369 2496//2446 2456//2406
f 2422//2372 2501//2451 2504//2454
f 2470//2420 2467//2417 2499//2449
f 2487//2437 2483//2433 2042//1999
f 2441//2391 2507//2457 2468//2418
f 2481//2431 2500//2450 2433//2383
f 2413//2363 2433//2383 2500//2450
f 2419//2369 2410//2360 2496//2446
f 2463//2413 2480//2430 2503//2453
f 2465//2415 2498//2448 2466//2416
f 2476//2426 2495//2445 2502//2452
f 2463//2413 2503//2453 2487//2437
f 2457//2407 2506//2456 2484//2434
f 2227//2183 2469//2419 2505//2455
f 2413//2363 2500//2450 2480//2430
f 2464//2414 2521//2471 2511//2461
f 2467//2417 2459//2409 2515//2465
f 2410//2360 2470//2420 2496//2446
f 2455//2405 2500//2450 2481//2431
f 2455//2405 2483//2433 2500//2450
f 2475//2425 2478//2428 2507//2457
f 2400//2350 2450//2400 2501//2451
f 2497//2447 2462//2412 2468//2418
f 2488//2438 2516//2466 2453//2403
f 2464//2414 2471//2421 2497//2447
f 2457//2407 2490//2440 2506//2456
f 2331//2284 2251//2207 2520//2470
f 1554//1523 2514//2464 2153//2109
f 2333//2286 2493//2443 2449//2399
f 2415//2365 2508//2458 2432//2382
f 2467//2417 2515//2465 2499//2449
f 2494//2444 2512//2462 2486//2436
f 2479//2429 2477//2427 2512//2462
f 2501//2451 2450//2400 2519//2469
f 2500//2450 2483//2433 2503//2453
f 2503//2453 2480//2430 2500//2450
f 2479//2429 2512//2462 2494//2444
f 2487//2437 2503//2453 2483//2433
f 2392//2342 2518//2468 2450//2400
f 2459//2409 2485//2435 2513//2463
f 2470//2420 2499//2449 2496//2446
f 2453//2403 2523//2473 2478//2428
f 2465//2415 2517//2467 2498//2448
f 2478//2428 2524//2474 2507//2457
f 2392//2342 2509//2459 2522//2472
f 1937//1896 2550//2500 2488//2438
f 2506//2456 2477//2427 2484//2434
f 2472//2422 2466//2416 2510//2460
f 2516//2466 2523//2473 2453//2403
f 2490//2440 2486//2436 2512//2462
f 2490//2440 2512//2462 2506//2456
f 2496//2446 2495//2445 2456//2406
f 2478//2428 2523//2473 2524//2474
f 2506//2456 2512//2462 2477//2427
f 2505//2455 2469//2419 2461//2411
f 2497//2447 2468//2418 2524//2474
f 2496//2446 2515//2465 2495//2445
f 2521//2471 2464//2414 2527//2477
f 2485//2435 2489//2439 2513//2463
f 2464//2414 2497//2447 2527//2477
f 2333//2286 2431//2381 2493//2443
f 2499//2449 2515//2465 2496//2446
f 2465//2415 2473//2423 2517//2467
f 2450//2400 2518//2468 2519//2469
f 2392//2342 2522//2472 2518//2468
f 2507//2457 2524//2474 2468//2418
f 2459//2409 2513//2463 2515//2465
f 2251//2207 2505//2455 2520//2470
f 2461//2411 2525//2475 2505//2455
f 2461//2411 2511//2461 2525//2475
f 2249//2205 2329//2282 1891//264
f 1151//1137 1741//1706 2536//2486
f 2498//2448 2517//2467 2535//2485
f 2511//2461 2528//2478 2525//2475
f 2331//2284 2520//2470 2544//2494
f 2513//2463 2489//2439 2543//2493
f 2502//2452 2495//2445 2530//2480
f 2476//2426 2529//2479 2446//2396
f 2502//2452 2530//2480 2476//2426
f 2511//2461 2521//2471 2528//2478
f 2488//2438 2532//2482 2516//2466
f 2439//2389 2504//2454 2534//2484
f 2505//2455 2544//2494 2520//2470
f 2510//2460 2466//2416 2474//2424
f 2466//2416 2531//2481 2474//2424
f 2505//2455 2525//2475 2544//2494
f 2495//2445 2515//2465 2530//2480
f 2474//2424 2531//2481 2509//2459
f 2513//2463 2530//2480 2515//2465
f 2528//2478 2521//2471 2541//2491
f 2530//2480 2543//2493 2476//2426
f 2521//2471 2527//2477 2541//2491
f 2517//2467 2473//2423 2535//2485
f 2530//2480 2513//2463 2543//2493
f 2516//2466 2532//2482 2539//2489
f 2524//2474 2523//2473 2538//2488
f 2466//2416 2498//2448 2542//2492
f 2497//2447 2538//2488 2527//2477
f 2516//2466 2539//2489 2523//2473
f 2498//2448 2535//2485 2545//2495
f 2524//2474 2538//2488 2497//2447
f 2504//2454 2501//2451 2534//2484
f 2344//2297 2331//2284 2547//2497
f 2544//2494 2525//2475 2540//2490
f 2542//2492 2498//2448 2545//2495
f 1899//398 2298//264 2304//398
f 1059//1048 1490//1463 2554//2504
f 2452//2402 2432//2382 2537//2487
f 2466//2416 2542//2492 2531//2481
f 2519//2469 2556//2506 2501//2451
f 2528//2478 2541//2491 2552//2502
f 2331//2284 2544//2494 2547//2497
f 2519//2469 2518//2468 2556//2506
f 2509//2459 2531//2481 2522//2472
f 2544//2494 2540//2490 2553//2503
f 2540//2490 2546//2496 2553//2503
f 2525//2475 2528//2478 2552//2502
f 2535//2485 2473//2423 2571//2521
f 2360//2312 2526//2476 2548//2498
f 2538//2488 2551//2501 2549//2499
f 2538//2488 2549//2499 2527//2477
f 2527//2477 2549//2499 2541//2491
f 2522//2472 2531//2481 2518//2468
f 2538//2488 2523//2473 2551//2501
f 2544//2494 2553//2503 2557//2507
f 2219//2175 2414//2364 2482//2432
f 2542//2492 2545//2495 2562//2512
f 2544//2494 2557//2507 2547//2497
f 2526//2476 2344//2297 2561//2511
f 2531//2481 2542//2492 2555//2505
f 2540//2490 2525//2475 2558//2508
f 2523//2473 2539//2489 2551//2501
f 2525//2475 2552//2502 2558//2508
f 2535//2485 2571//2521 2545//2495
f 2488//2438 2550//2500 2532//2482
f 2062//2019 2559//2509 1882//1843
f 2476//2426 2543//2493 2529//2479
f 2432//2382 2508//2458 2537//2487
f 2518//2468 2531//2481 2556//2506
f 1579//1547 2335//2288 2597//2547
f 2557//2507 2553//2503 2563//2513
f 2547//2497 2561//2511 2344//2297
f 2531//2481 2555//2505 2556//2506
f 2561//2511 2547//2497 2557//2507
f 2526//2476 2561//2511 2548//2498
f 2546//2496 2540//2490 2558//2508
f 2501//2451 2555//2505 2534//2484
f 2556//2506 2555//2505 2501//2451
f 2062//2019 2536//2486 2559//2509
f 1151//1137 2536//2486 2062//2019
f 2439//2389 2534//2484 2335//2288
f 2548//2498 2566//2516 2360//2312
f 2555//2505 2542//2492 2560//2510
f 2542//2492 2562//2512 2560//2510
f 2541//2491 2549//2499 2552//2502
f 2539//2489 2565//2515 2551//2501
f 2551//2501 2565//2515 2564//2514
f 2549//2499 2551//2501 2564//2514
f 2534//2484 2555//2505 2567//2517
f 2539//2489 2532//2482 2565//2515
f 2563//2513 2553//2503 2573//2523
f 2553//2503 2568//2518 2573//2523
f 2550//2500 2578//2528 2532//2482
f 2553//2503 2546//2496 2568//2518
f 2546//2496 2558//2508 2568//2518
f 1554//1523 1905//1864 2514//2464
f 2564//2514 2569//2519 2549//2499
f 2552//2502 2549//2499 2569//2519
f 2552//2502 2569//2519 2558//2508
f 2557//2507 2563//2513 2572//2522
f 2555//2505 2560//2510 2575//2525
f 2360//2312 2566//2516 2577//2527
f 2548//2498 2570//2520 2566//2516
f 2545//2495 2571//2521 2562//2512
f 2534//2484 2567//2517 2335//2288
f 2532//2482 2578//2528 2565//2515
f 2557//2507 2572//2522 2576//2526
f 2548//2498 2561//2511 2570//2520
f 2555//2505 2575//2525 2567//2517
f 2508//2458 2449//2399 2574//2524
f 2561//2511 2557//2507 2570//2520
f 2563//2513 2581//2531 2572//2522
f 2533//2483 1741//1706 1859//1821
f 2550//2500 2448//2398 2578//2528
f 2557//2507 2576//2526 2582//2532
f 2558//2508 2569//2519 2579//2529
f 2558//2508 2579//2529 2568//2518
f 2565//2515 2578//2528 2564//2514
f 2569//2519 2564//2514 2580//2530
f 2563//2513 2573//2523 2581//2531
f 2360//2312 2577//2527 2584//2534
f 2572//2522 2581//2531 2585//2535
f 2360//2312 2584//2534 2431//2381
f 2571//2521 2615//2565 2562//2512
f 2569//2519 2580//2530 2579//2529
f 2570//2520 2577//2527 2566//2516
f 2570//2520 2557//2507 2583//2533
f 2557//2507 2582//2532 2583//2533
f 2570//2520 2583//2533 2577//2527
f 2572//2522 2585//2535 2576//2526
f 2473//2423 2452//2402 2571//2521
f 2568//2518 2579//2529 2573//2523
f 2580//2530 2587//2537 2579//2529
f 2448//2398 2590//2540 2578//2528
f 2564//2514 2578//2528 2580//2530
f 2582//2532 2576//2526 2593//2543
f 2576//2526 2585//2535 2593//2543
f 2033//1990 2482//2432 1919//1878
f 2586//2536 2588//2538 2583//2533
f 2577//2527 2583//2533 2589//2539
f 2577//2527 2591//2541 2584//2534
f 2579//2529 2594//2544 2573//2523
f 2573//2523 2594//2544 2581//2531
f 2584//2534 2591//2541 2431//2381
f 2580//2530 2578//2528 2592//2542
f 2418//2368 1579//1547 2597//2547
f 2583//2533 2588//2538 2589//2539
f 2578//2528 2590//2540 2592//2542
f 2577//2527 2589//2539 2591//2541
f 2579//2529 2587//2537 2594//2544
f 2583//2533 2593//2543 2600//2550
f 2583//2533 2582//2532 2593//2543
f 2431//2381 2596//2546 2493//2443
f 2508//2458 2607//2557 2537//2487
f 2589//2539 2588//2538 2595//2545
f 2329//2282 2249//2205 2652//2602
f 2492//2442 1911//1870 2626//2576
f 2492//2442 2626//2576 2601//2551
f 2587//2537 2580//2530 2598//2548
f 2580//2530 2592//2542 2598//2548
f 2431//2381 2591//2541 2596//2546
f 2585//2535 2599//2549 2593//2543
f 2586//2536 2583//2533 2600//2550
f 2508//2458 2574//2524 2614//2564
f 2492//2442 2601//2551 2019//1976
f 2591//2541 2589//2539 2596//2546
f 2585//2535 2581//2531 2599//2549
f 2493//2443 2596//2546 2606//2556
f 2586//2536 2600//2550 2612//2562
f 1919//1878 2482//2432 2608//2558
f 2560//2510 2562//2512 2615//2565
f 2589//2539 2604//2554 2596//2546
f 2594//2544 2587//2537 2602//2552
f 2581//2531 2594//2544 2599//2549
f 2594//2544 2602//2552 2599//2549
f 2598//2548 2605//2555 2587//2537
f 1639//465 2704//465 1998//254
f 2595//2545 2588//2538 2612//2562
f 2586//2536 2612//2562 2588//2538
f 2493//2443 2611//2561 2449//2399
f 2508//2458 2614//2564 2607//2557
f 2452//2402 2690//2639 2571//2521
f 2537//2487 2607//2557 2603//2553
f 2604//2554 2610//2560 2596//2546
f 2590//2540 2609//2559 2592//2542
f 2598//2548 2592//2542 2605//2555
f 2493//2443 2606//2556 2611//2561
f 2448//2398 2617//2567 2590//2540
f 2592//2542 2609//2559 2605//2555
f 2589//2539 2595//2545 2619//2569
f 1911//1870 2250//2206 2626//2576
f 2567//2517 2575//2525 2621//2571
f 2606//2556 2596//2546 2616//2566
f 2448//2398 2329//2282 2617//2567
f 2599//2549 2602//2552 2593//2543
f 2590//2540 2617//2567 2609//2559
f 2587//2537 2605//2555 2620//2570
f 2593//2543 2602//2552 2600//2550
f 2595//2545 2612//2562 2619//2569
f 2596//2546 2610//2560 2618//2568
f 2603//2553 2613//2563 2537//2487
f 2587//2537 2620//2570 2602//2552
f 2596//2546 2618//2568 2616//2566
f 2610//2560 2604//2554 2619//2569
f 2612//2562 2625//2575 2619//2569
f 2589//2539 2619//2569 2604//2554
f 2537//2487 2613//2563 2452//2402
f 2335//2288 2567//2517 2621//2571
f 2560//2510 2615//2565 2575//2525
f 2159//2115 2629//2579 2249//2205
f 2616//2566 2618//2568 2624//2574
f 2449//2399 2611//2561 2623//2573
f 2605//2555 2622//2572 2620//2570
f 2606//2556 2616//2566 2611//2561
f 2449//2399 2623//2573 2574//2524
f 2610//2560 2619//2569 2628//2578
f 2602//2552 2625//2575 2600//2550
f 2609//2559 2622//2572 2605//2555
f 2612//2562 2600//2550 2625//2575
f 2609//2559 2627//2577 2622//2572
f 2602//2552 2620//2570 2625//2575
f 2609//2559 2617//2567 2627//2577
f 2610//2560 2628//2578 2618//2568
f 2616//2566 2631//2581 2634//2584
f 2611//2561 2616//2566 2632//2582
f 2616//2566 2634//2584 2632//2582
f 2611//2561 2632//2582 2623//2573
f 2622//2572 2636//2586 2620//2570
f 2574//2524 2632//2582 2614//2564
f 2329//2282 2633//2583 2617//2567
f 2624//2574 2628//2578 2638//2588
f 2618//2568 2628//2578 2624//2574
f 2574//2524 2623//2573 2632//2582
f 2627//2577 2636//2586 2622//2572
f 2620//2570 2637//2587 2625//2575
f 2625//2575 2637//2587 2619//2569
f 1998//254 2650//2600 1490//1463
f 2620//2570 2636//2586 2635//2585
f 2452//2402 2613//2563 2690//2639
f 1775//450 2351//68 2391//450
f 2624//2574 2638//2588 2642//2592
f 2624//2574 2642//2592 2616//2566
f 2620//2570 2635//2585 2637//2587
f 2627//2577 2639//2589 2636//2586
f 2619//2569 2637//2587 2628//2578
f 2632//2582 2634//2584 2640//2590
f 2489//2439 2032//1989 2651//2601
f 2628//2578 2637//2587 2641//2591
f 2627//2577 2617//2567 2639//2589
f 2638//2588 2628//2578 2646//2596
f 2615//2565 2571//2521 2645//2595
f 2249//2205 2630//2580 2652//2602
f 2631//2581 2616//2566 2642//2592
f 2632//2582 2640//2590 2643//2593
f 2614//2564 2632//2582 2648//2598
f 2637//2587 2635//2585 2641//2591
f 2617//2567 2633//2583 2639//2589
f 1929//1888 1834//1796 2647//2597
f 2614//2564 2648//2598 2607//2557
f 2645//2595 2571//2521 2690//2639
f 2329//2282 2652//2602 2633//2583
f 2603//2553 2607//2557 2659//2609
f 2447//2397 2343//2296 2653//2603
f 2575//2525 2615//2565 2621//2571
f 2628//2578 2641//2591 2646//2596
f 2631//2581 2642//2592 2655//2605
f 2631//2581 2655//2605 2634//2584
f 2632//2582 2643//2593 2649//2599
f 2304//398 2298//264 2660//398
f 2378//264 2661//2610 2159//2115
f 2635//2585 2644//2594 2641//2591
f 1710//1676 1492//1465 2667//2616
f 2640//2590 2634//2584 2655//2605
f 2613//2563 2603//2553 2663//2612
f 2603//2553 2654//2604 2663//2612
f 2632//2582 2649//2599 2657//2607
f 2607//2557 2648//2598 2659//2609
f 2648//2598 2632//2582 2657//2607
f 1929//1888 2647//2597 2343//2296
f 2636//2586 2658//2608 2635//2585
f 2641//2591 2644//2594 2646//2596
f 2635//2585 2658//2608 2644//2594
f 2636//2586 2656//2606 2658//2608
f 2652//2602 2664//2613 2633//2583
f 2636//2586 2639//2589 2656//2606
f 2654//2604 2603//2553 2671//2620
f 2649//2599 2662//2611 2657//2607
f 2640//2590 2655//2605 2643//2593
f 2298//264 2253//398 2660//398
f 2649//2599 2643//2593 2662//2611
f 2491//2441 2304//398 2754//2702
f 2633//2583 2664//2613 2639//2589
f 2638//2588 2646//2596 2665//2614
f 2662//2611 2668//2617 2657//2607
f 2253//398 1710//1676 2667//2616
f 2603//2553 2659//2609 2671//2620
f 2655//2605 2642//2592 2678//2627
f 2249//2205 2680//2629 2630//2580
f 2657//2607 2668//2617 2666//2615
f 2646//2596 2644//2594 2665//2614
f 2638//2588 2665//2614 2642//2592
f 2639//2589 2670//2619 2656//2606
f 2658//2608 2669//2618 2644//2594
f 2249//2205 2629//2579 2680//2629
f 2639//2589 2664//2613 2670//2619
f 2659//2609 2648//2598 2671//2620
f 2666//2615 2682//2631 2657//2607
f 2644//2594 2669//2618 2665//2614
f 2643//2593 2655//2605 2684//2633
f 2662//2611 2643//2593 2684//2633
f 2648//2598 2657//2607 2671//2620
f 2671//2620 2657//2607 2682//2631
f 2666//2615 2672//2621 2682//2631
f 2642//2592 2665//2614 2678//2627
f 2666//2615 2673//2622 2672//2621
f 2654//2604 2677//2626 2663//2612
f 2666//2615 2668//2617 2673//2622
f 2655//2605 2679//2628 2684//2633
f 2615//2565 2645//2595 2674//2623
f 2672//2621 2675//2624 2682//2631
f 2671//2620 2677//2626 2654//2604
f 2658//2608 2656//2606 2676//2625
f 2668//2617 2684//2633 2695//2644
f 2668//2617 2662//2611 2684//2633
f 2658//2608 2676//2625 2669//2618
f 2675//2624 2681//2630 2682//2631
f 2671//2620 2682//2631 2677//2626
f 2655//2605 2678//2627 2679//2628
f 2615//2565 2696//2645 2621//2571
f 2656//2606 2670//2619 2676//2625
f 2669//2618 2683//2632 2665//2614
f 2665//2614 2683//2632 2678//2627
f 2613//2563 2663//2612 2689//2638
f 2668//2617 2695//2644 2673//2622
f 2681//2630 2685//2634 2682//2631
f 2663//2612 2677//2626 2689//2638
f 2679//2628 2678//2627 2683//2632
f 2681//2630 2687//2636 2688//2637
f 2681//2630 2688//2637 2685//2634
f 2677//2626 2682//2631 2689//2638
f 2652//2602 2630//2580 2664//2613
f 2681//2630 2675//2624 2687//2636
f 2669//2618 2676//2625 2686//2635
f 2672//2621 2673//2622 2675//2624
f 2664//2613 2692//2641 2670//2619
f 2670//2619 2698//2647 2676//2625
f 2670//2619 2691//2640 2698//2647
f 2669//2618 2686//2635 2683//2632
f 2688//2637 2694//2643 2685//2634
f 2688//2637 2693//2642 2694//2643
f 2613//2563 2689//2638 2690//2639
f 2689//2638 2682//2631 2685//2634
f 2670//2619 2692//2641 2691//2640
f 2684//2633 2679//2628 2683//2632
f 2675//2624 2673//2622 2687//2636
f 2019//1976 2601//2551 2966//2914
f 2690//2639 2697//2646 2645//2595
f 2690//2639 2689//2638 2699//2648
f 2689//2638 2685//2634 2699//2648
f 2378//264 2491//2441 2754//2702
f 2032//1989 2418//2368 2651//2601
f 2673//2622 2708//2656 2687//2636
f 2615//2565 2674//2623 2696//2645
f 2529//2479 2543//2493 2414//2364
f 2694//2643 2702//2651 2701//2650
f 2690//2639 2699//2648 2697//2646
f 2676//2625 2698//2647 2686//2635
f 2630//2580 2700//2649 2664//2613
f 2664//2613 2700//2649 2692//2641
f 2694//2643 2693//2642 2702//2651
f 2673//2622 2695//2644 2708//2656
f 2304//398 2660//398 2785//2733
f 2694//2643 2701//2650 2685//2634
f 2650//2600 2554//2504 1490//1463
f 2489//2439 2414//2364 2543//2493
f 2701//2650 2702//2651 2703//2652
f 2688//2637 2707//2655 2693//2642
f 2684//2633 2683//2632 2695//2644
f 2688//2637 2687//2636 2707//2655
f 2159//2115 2661//2610 2629//2579
f 2701//2650 2703//2652 2705//2653
f 2701//2650 2705//2653 2685//2634
f 2683//2632 2709//2657 2695//2644
f 2697//2646 2699//2648 2706//2654
f 2697//2646 2706//2654 2645//2595
f 2692//2641 2700//2649 2691//2640
f 2686//2635 2709//2657 2683//2632
f 2695//2644 2713//2661 2708//2656
f 2674//2623 2645//2595 2711//2659
f 2693//2642 2707//2655 2702//2651
f 1905//1864 1919//1878 2608//2558
f 2169//2125 2715//2663 1913//1872
f 2621//2571 2716//2664 2335//2288
f 2691//2640 2700//2649 2710//2658
f 2699//2648 2721//2669 2706//2654
f 2699//2648 2685//2634 2721//2669
f 2705//2653 2712//2660 2685//2634
f 2686//2635 2698//2647 2720//2668
f 2695//2644 2709//2657 2713//2661
f 2785//2733 2754//2702 2304//398
f 2685//2634 2712//2660 2721//2669
f 2705//2653 2714//2662 2712//2660
f 2705//2653 2703//2652 2714//2662
f 2687//2636 2708//2656 2707//2655
f 2698//2647 2691//2640 2720//2668
f 2645//2595 2706//2654 2711//2659
f 2712//2660 2717//2665 2721//2669
f 2667//2616 2771//2719 2253//398
f 2686//2635 2720//2668 2713//2661
f 2691//2640 2710//2658 2720//2668
f 2700//2649 2718//2666 2710//2658
f 2709//2657 2686//2635 2713//2661
f 2630//2580 2680//2629 2700//2649
f 2696//2645 2674//2623 2727//2675
f 1639//465 2391//450 2704//465
f 2674//2623 2711//2659 2722//2670
f 2680//2629 2723//2671 2700//2649
f 2700//2649 2723//2671 2718//2666
f 2674//2623 2726//2674 2727//2675
f 2414//2364 2489//2439 2651//2601
f 2713//2661 2728//2676 2708//2656
f 2706//2654 2721//2669 2711//2659
f 2720//2668 2734//2682 2713//2661
f 2674//2623 2722//2670 2726//2674
f 2717//2665 2712//2660 2725//2673
f 2720//2668 2724//2672 2734//2682
f 2714//2662 2703//2652 2733//2681
f 2703//2652 2702//2651 2733//2681
f 2711//2659 2721//2669 2722//2670
f 2717//2665 2744//2692 2721//2669
f 2717//2665 2725//2673 2744//2692
f 2718//2666 2730//2678 2710//2658
f 2722//2670 2721//2669 2726//2674
f 2721//2669 2744//2692 2726//2674
f 2708//2656 2728//2676 2707//2655
f 2710//2658 2729//2677 2720//2668
f 2723//2671 2731//2679 2718//2666
f 2720//2668 2729//2677 2724//2672
f 2718//2666 2731//2679 2730//2678
f 2713//2661 2734//2682 2732//2680
f 2725//2673 2735//2683 2744//2692
f 2727//2675 2736//2684 2696//2645
f 2621//2571 2719//2667 2716//2664
f 2702//2651 2707//2655 2733//2681
f 2621//2571 2696//2645 2719//2667
f 2713//2661 2732//2680 2728//2676
f 2727//2675 2726//2674 2736//2684
f 2725//2673 2738//2686 2735//2683
f 2707//2655 2728//2676 2732//2680
f 2729//2677 2710//2658 2730//2678
f 1651//1617 2883//2831 1834//1796
f 1651//1617 1894//1854 2883//2831
f 2735//2683 2738//2686 2737//2685
f 2735//2683 2737//2685 2744//2692
f 2725//2673 2712//2660 2714//2662
f 2707//2655 2739//2687 2733//2681
f 2714//2662 2733//2681 2740//2688
f 2597//2547 2335//2288 2716//2664
f 2726//2674 2744//2692 2736//2684
f 2707//2655 2732//2680 2739//2687
f 2725//2673 2714//2662 2758//2706
f 2725//2673 2758//2706 2738//2686
f 2680//2629 2629//2579 2723//2671
f 2737//2685 2741//2689 2744//2692
f 2736//2684 2750//2698 2696//2645
f 2741//2689 2737//2685 2738//2686
f 2629//2579 2747//2695 2723//2671
f 2741//2689 2742//2690 2744//2692
f 2719//2667 2696//2645 2748//2696
f 2736//2684 2744//2692 2750//2698
f 2729//2677 2730//2678 2743//2691
f 2729//2677 2743//2691 2724//2672
f 2732//2680 2734//2682 2746//2694
f 2739//2687 2732//2680 2746//2694
f 2730//2678 2731//2679 2747//2695
f 2730//2678 2747//2695 2752//2700
f 2742//2690 2749//2697 2744//2692
f 2696//2645 2750//2698 2748//2696
f 2714//2662 2740//2688 2758//2706
f 2661//2610 2378//264 2808//2756
f 2750//2698 2744//2692 2748//2696
f 2739//2687 2746//2694 2733//2681
f 1905//1864 2608//2558 2745//2693
f 2730//2678 2752//2700 2743//2691
f 2723//2671 2747//2695 2731//2679
f 2749//2697 2742//2690 2741//2689
f 2744//2692 2749//2697 2751//2699
f 2744//2692 2751//2699 2748//2696
f 2719//2667 2757//2705 2716//2664
f 1969//1927 2759//2707 1859//1821
f 2754//2702 2814//2762 2378//264
f 2753//2701 2749//2697 2773//2721
f 2743//2691 2755//2703 2724//2672
f 2749//2697 2753//2701 2751//2699
f 2719//2667 2748//2696 2757//2705
f 2724//2672 2755//2703 2734//2682
f 2753//2701 2756//2704 2751//2699
f 2749//2697 2741//2689 2773//2721
f 2733//2681 2746//2694 2740//2688
f 2758//2706 2740//2688 2762//2710
f 1998//254 2704//465 2650//2600
f 2747//2695 2629//2579 2763//2711
f 2747//2695 2761//2709 2752//2700
f 2756//2704 2760//2708 2751//2699
f 2660//398 2253//398 2785//2733
f 2343//2296 2647//2597 2653//2603
f 2740//2688 2746//2694 2762//2710
f 2748//2696 2751//2699 2757//2705
f 2753//2701 2773//2721 2756//2704
f 2629//2579 2661//2610 2763//2711
f 2716//2664 2776//2724 2597//2547
f 2514//2464 1905//1864 2745//2693
f 2763//2711 2761//2709 2747//2695
f 1741//1706 2533//2483 2536//2486
f 2757//2705 2765//2713 2716//2664
f 2743//2691 2752//2700 2766//2714
f 2738//2686 2758//2706 2770//2718
f 2746//2694 2768//2716 2762//2710
f 2761//2709 2767//2715 2752//2700
f 2762//2710 2768//2716 2758//2706
f 2743//2691 2769//2717 2755//2703
f 2743//2691 2766//2714 2769//2717
f 2760//2708 2756//2704 2773//2721
f 2716//2664 2765//2713 2776//2724
f 2765//2713 2757//2705 2751//2699
f 2760//2708 2772//2720 2751//2699
f 2784//2732 2738//2686 2770//2718
f 2734//2682 2755//2703 2746//2694
f 2765//2713 2751//2699 2774//2722
f 2772//2720 2774//2722 2751//2699
f 2746//2694 2755//2703 2768//2716
f 2758//2706 2768//2716 2775//2723
f 2760//2708 2773//2721 2772//2720
f 2752//2700 2767//2715 2766//2714
f 2772//2720 2777//2725 2774//2722
f 2770//2718 2758//2706 2775//2723
f 2597//2547 2776//2724 2418//2368
f 2741//2689 2738//2686 2784//2732
f 2418//2368 2776//2724 2779//2727
f 2608//2558 2482//2432 2782//2730
f 2651//2601 2779//2727 2780//2728
f 2651//2601 2418//2368 2779//2727
f 2414//2364 2782//2730 2482//2432
f 2414//2364 2781//2729 2782//2730
f 2651//2601 2780//2728 2414//2364
f 2741//2689 2784//2732 2773//2721
f 2761//2709 2763//2711 2778//2726
f 2776//2724 2765//2713 2783//2731
f 2755//2703 2769//2717 2786//2734
f 1913//1872 2715//2663 2903//2851
f 2755//2703 2786//2734 2768//2716
f 2765//2713 2774//2722 2783//2731
f 2780//2728 2781//2729 2414//2364
f 2761//2709 2778//2726 2767//2715
f 1492//1465 2554//2504 2667//2616
f 2772//2720 2773//2721 2777//2725
f 2777//2725 2787//2735 2800//2748
f 2777//2725 2800//2748 2774//2722
f 2779//2727 2788//2736 2780//2728
f 2768//2716 2786//2734 2794//2742
f 2776//2724 2783//2731 2779//2727
f 2768//2716 2794//2742 2775//2723
f 2774//2722 2789//2737 2783//2731
f 2773//2721 2784//2732 2804//2752
f 1882//1843 2764//2712 2351//68
f 2783//2731 2789//2737 2779//2727
f 2775//2723 2794//2742 2770//2718
f 2782//2730 2781//2729 2793//2741
f 2779//2727 2789//2737 2788//2736
f 2790//2738 2789//2737 2796//2744
f 2789//2737 2774//2722 2800//2748
f 1969//1927 2222//2178 2759//2707
f 2789//2737 2790//2738 2788//2736
f 2790//2738 2796//2744 2791//2739
f 2763//2711 2798//2746 2778//2726
f 2781//2729 2799//2747 2793//2741
f 2791//2739 2796//2744 2792//2740
f 2792//2740 2796//2744 2797//2745
f 2780//2728 2788//2736 2781//2729
f 2781//2729 2788//2736 2799//2747
f 2792//2740 2797//2745 2795//2743
f 2796//2744 2789//2737 2800//2748
f 2790//2738 2791//2739 2788//2736
f 2800//2748 2787//2735 2810//2758
f 2792//2740 2799//2747 2791//2739
f 2767//2715 2801//2749 2766//2714
f 2792//2740 2793//2741 2799//2747
f 2792//2740 2795//2743 2793//2741
f 2791//2739 2799//2747 2788//2736
f 2378//264 2814//2762 2808//2756
f 2782//2730 2793//2741 2608//2558
f 2793//2741 2795//2743 2608//2558
f 2777//2725 2773//2721 2787//2735
f 2773//2721 2804//2752 2802//2750
f 2770//2718 2794//2742 2784//2732
f 2767//2715 2778//2726 2801//2749
f 2766//2714 2801//2749 2769//2717
f 2795//2743 2797//2745 2805//2753
f 2797//2745 2806//2754 2805//2753
f 2796//2744 2806//2754 2797//2745
f 2796//2744 2807//2755 2806//2754
f 2763//2711 2661//2610 2798//2746
f 2796//2744 2800//2748 2807//2755
f 2447//2397 2653//2603 2250//2206
f 2769//2717 2803//2751 2786//2734
f 2784//2732 2794//2742 2804//2752
f 2773//2721 2813//2761 2787//2735
f 1859//1821 2759//2707 2533//2483
f 2778//2726 2798//2746 2801//2749
f 2773//2721 2802//2750 2809//2757
f 2661//2610 2808//2756 2798//2746
f 2769//2717 2801//2749 2803//2751
f 2794//2742 2786//2734 2811//2759
f 2773//2721 2809//2757 2813//2761
f 2787//2735 2813//2761 2810//2758
f 2800//2748 2810//2758 2807//2755
f 2801//2749 2798//2746 2812//2760
f 2804//2752 2794//2742 2811//2759
f 1913//1872 2903//2851 2885//2833
f 2804//2752 2815//2763 2802//2750
f 2804//2752 2811//2759 2815//2763
f 2801//2749 2812//2760 2803//2751
f 2786//2734 2803//2751 2816//2764
f 2811//2759 2786//2734 2816//2764
f 1913//1872 2885//2833 1894//1854
f 2802//2750 2815//2763 2809//2757
f 2809//2757 2824//2772 2813//2761
f 2795//2743 2821//2769 2608//2558
f 2807//2755 2817//2765 2806//2754
f 2805//2753 2806//2754 2817//2765
f 2795//2743 2805//2753 2819//2767
f 2601//2551 2626//2576 2820//2768
f 2807//2755 2810//2758 2817//2765
f 2253//398 2771//2719 2785//2733
f 2795//2743 2819//2767 2821//2769
f 2798//2746 2808//2756 2818//2766
f 2805//2753 2817//2765 2819//2767
f 2798//2746 2818//2766 2812//2760
f 2809//2757 2815//2763 2824//2772
f 2608//2558 2821//2769 2745//2693
f 2811//2759 2816//2764 2822//2770
f 2811//2759 2822//2770 2824//2772
f 2812//2760 2823//2771 2803//2751
f 2811//2759 2824//2772 2815//2763
f 2803//2751 2823//2771 2833//2781
f 2818//2766 2823//2771 2812//2760
f 2803//2751 2833//2781 2816//2764
f 2816//2764 2833//2781 2822//2770
f 2704//465 2884//2832 2650//2600
f 2808//2756 2825//2773 2818//2766
f 2810//2758 2813//2761 2829//2777
f 2814//2762 2828//2776 2808//2756
f 2817//2765 2810//2758 2826//2774
f 2754//2702 2785//2733 2830//2778
f 2819//2767 2817//2765 2831//2779
f 2754//2702 2830//2778 2814//2762
f 2824//2772 2829//2777 2813//2761
f 2818//2766 2825//2773 2823//2771
f 2810//2758 2829//2777 2827//2775
f 2814//2762 2830//2778 2828//2776
f 2785//2733 2771//2719 2834//2782
f 2785//2733 2834//2782 2830//2778
f 2771//2719 2667//2616 2834//2782
f 1882//1843 2559//2509 2764//2712
f 2810//2758 2827//2775 2826//2774
f 2823//2771 2825//2773 2832//2780
f 2808//2756 2828//2776 2825//2773
f 2823//2771 2832//2780 2833//2781
f 2826//2774 2827//2775 2839//2787
f 2831//2779 2817//2765 2839//2787
f 2826//2774 2839//2787 2817//2765
f 2667//2616 2835//2783 2834//2782
f 2831//2779 2838//2786 2819//2767
f 2831//2779 2837//2785 2838//2786
f 2824//2772 2822//2770 2827//2775
f 2827//2775 2840//2788 2839//2787
f 2824//2772 2827//2775 2829//2777
f 2667//2616 2554//2504 2835//2783
f 2830//2778 2841//2789 2828//2776
f 2830//2778 2834//2782 2841//2789
f 2831//2779 2839//2787 2837//2785
f 2819//2767 2838//2786 2821//2769
f 2828//2776 2841//2789 2825//2773
f 2554//2504 2650//2600 2842//2790
f 2650//2600 2884//2832 2836//2784
f 2650//2600 2836//2784 2842//2790
f 2839//2787 2840//2788 2845//2793
f 2834//2782 2846//2794 2841//2789
f 2834//2782 2835//2783 2846//2794
f 2833//2781 2832//2780 2844//2792
f 2839//2787 2847//2795 2837//2785
f 2832//2780 2825//2773 2843//2791
f 2839//2787 2845//2793 2847//2795
f 2825//2773 2841//2789 2843//2791
f 2833//2781 2844//2792 2822//2770
f 2837//2785 2847//2795 2838//2786
f 2827//2775 2822//2770 2844//2792
f 2827//2775 2844//2792 2840//2788
f 2832//2780 2843//2791 2844//2792
f 2842//2790 2836//2784 2848//2796
f 2554//2504 2842//2790 2835//2783
f 2840//2788 2844//2792 2849//2797
f 2840//2788 2849//2797 2845//2793
f 2844//2792 2843//2791 2850//2798
f 2844//2792 2850//2798 2849//2797
f 2843//2791 2841//2789 2850//2798
f 2853//2801 2851//2799 2855//2803
f 2851//2799 2870//2818 2852//2800
f 2855//2803 2882//2830 2853//2801
f 2855//2803 2854//2802 2882//2830
f 2857//2805 2863//2811 2871//2819
f 2846//2794 2850//2798 2841//2789
f 2847//2795 2845//2793 2849//2797
f 2863//2811 2847//2795 2849//2797
f 2863//2811 2846//2794 2855//2803
f 2846//2794 2863//2811 2849//2797
f 2849//2797 2850//2798 2846//2794
f 2863//2811 2858//2806 2847//2795
f 2855//2803 2846//2794 2864//2812
f 2855//2803 2851//2799 2852//2800
f 2864//2812 2854//2802 2855//2803
f 2855//2803 2852//2800 2863//2811
f 2847//2795 2858//2806 2859//2807
f 2847//2795 2859//2807 2860//2808
f 2864//2812 2846//2794 2866//2814
f 2863//2811 2857//2805 2858//2806
f 2863//2811 2852//2800 2856//2804
f 2846//2794 2865//2813 2866//2814
f 2859//2807 2862//2810 2860//2808
f 2847//2795 2860//2808 2838//2786
f 2856//2804 2852//2800 2870//2818
f 2835//2783 2865//2813 2846//2794
f 2863//2811 2856//2804 2871//2819
f 2862//2810 2859//2807 2861//2809
f 2866//2814 2872//2820 2864//2812
f 2865//2813 2891//2839 2866//2814
f 2835//2783 2842//2790 2865//2813
f 2865//2813 2867//2815 2891//2839
f 2867//2815 2865//2813 2868//2816
f 2836//2784 2877//2825 2848//2796
f 2866//2814 2875//2823 2872//2820
f 2865//2813 2869//2817 2868//2816
f 2891//2839 2874//2822 2879//2827
f 2867//2815 2876//2824 2891//2839
f 2891//2839 2879//2827 2866//2814
f 2842//2790 2848//2796 2873//2821
f 2857//2805 2871//2819 2861//2809
f 2842//2790 2873//2821 2865//2813
f 2851//2799 2853//2801 2870//2818
f 2859//2807 2858//2806 2861//2809
f 2857//2805 2861//2809 2858//2806
f 2856//2804 2870//2818 2871//2819
f 2864//2812 2872//2820 2882//2830
f 2853//2801 2882//2830 2870//2818
f 2864//2812 2882//2830 2854//2802
f 2860//2808 2821//2769 2838//2786
f 2860//2808 2861//2809 2821//2769
f 2862//2810 2861//2809 2860//2808
f 2836//2784 2884//2832 2877//2825
f 2865//2813 2873//2821 2869//2817
f 2866//2814 2879//2827 2875//2823
f 2869//2817 2873//2821 2878//2826
f 2868//2816 2880//2828 2867//2815
f 2873//2821 2881//2829 2878//2826
f 2848//2796 2881//2829 2873//2821
f 2848//2796 2877//2825 2881//2829
f 2169//2125 2153//2109 2715//2663
f 2882//2830 2886//2834 2870//2818
f 2871//2819 2890//2838 2861//2809
f 2870//2818 2890//2838 2871//2819
f 2872//2820 2886//2834 2882//2830
f 2881//2829 2877//2825 2887//2835
f 2626//2576 2250//2206 2923//2871
f 2821//2769 2861//2809 2745//2693
f 2875//2823 2879//2827 2888//2836
f 2876//2824 2867//2815 2889//2837
f 2870//2818 2886//2834 2890//2838
f 2875//2823 2892//2840 2872//2820
f 2880//2828 2893//2841 2867//2815
f 2868//2816 2869//2817 2894//2842
f 1834//1796 2883//2831 2647//2597
f 2874//2822 2904//2852 2895//2843
f 2820//2768 2626//2576 2923//2871
f 2250//2206 2653//2603 2923//2871
f 2861//2809 2890//2838 2745//2693
f 2872//2820 2892//2840 2886//2834
f 2876//2824 2889//2837 2949//2897
f 2868//2816 2896//2844 2880//2828
f 1894//1854 2885//2833 2883//2831
f 2875//2823 2888//2836 2892//2840
f 2879//2827 2874//2822 2905//2853
f 2874//2822 2895//2843 2905//2853
f 2876//2824 2949//2897 2891//2839
f 2745//2693 2898//2846 2514//2464
f 2878//2826 2881//2829 2913//2861
f 2745//2693 2890//2838 2898//2846
f 2886//2834 2892//2840 2900//2848
f 2890//2838 2899//2847 2898//2846
f 2890//2838 2886//2834 2900//2848
f 2890//2838 2900//2848 2899//2847
f 2153//2109 2901//2849 2715//2663
f 2892//2840 2902//2850 2900//2848
f 2874//2822 2891//2839 2904//2852
f 2888//2836 2879//2827 2905//2853
f 2351//68 2764//2712 2959//2907
f 2514//2464 2901//2849 2153//2109
f 2514//2464 2898//2846 2901//2849
f 2898//2846 2899//2847 2906//2854
f 2898//2846 2906//2854 2901//2849
f 2900//2848 2907//2855 2899//2847
f 2900//2848 2908//2856 2907//2855
f 2899//2847 2907//2855 2906//2854
f 2900//2848 2902//2850 2908//2856
f 2715//2663 2901//2849 2910//2858
f 2601//2551 2912//2860 2966//2914
f 2901//2849 2906//2854 2909//2857
f 2907//2855 2909//2857 2906//2854
f 2907//2855 2911//2859 2909//2857
f 2907//2855 2908//2856 2911//2859
f 2715//2663 2910//2858 2903//2851
f 2877//2825 2897//2845 2887//2835
f 2867//2815 2893//2841 2889//2837
f 2881//2829 2887//2835 2944//2892
f 2884//2832 2921//2869 2877//2825
f 2909//2857 2910//2858 2901//2849
f 2909//2857 2911//2859 2910//2858
f 2222//2178 2019//1976 2968//2916
f 2019//1976 2966//2914 2968//2916
f 2601//2551 2820//2768 2912//2860
f 2868//2816 2894//2842 2896//2844
f 2911//2859 2908//2856 2914//2862
f 2908//2856 2902//2850 2914//2862
f 2888//2836 2919//2867 2892//2840
f 2888//2836 2915//2863 2919//2867
f 2904//2852 2891//2839 2920//2868
f 2888//2836 2905//2853 2915//2863
f 2869//2817 2878//2826 2894//2842
f 2559//2509 2536//2486 2764//2712
f 2892//2840 2919//2867 2902//2850
f 2911//2859 2914//2862 2917//2865
f 2911//2859 2917//2865 2910//2858
f 2910//2858 2917//2865 2918//2866
f 2891//2839 2949//2897 2920//2868
f 2910//2858 2918//2866 2903//2851
f 2704//465 2921//2869 2884//2832
f 2880//2828 2896//2844 2893//2841
f 2878//2826 2913//2861 2894//2842
f 2902//2850 2919//2867 2922//2870
f 2877//2825 2921//2869 2897//2845
f 2902//2850 2922//2870 2914//2862
f 2222//2178 2980//2928 2759//2707
f 2391//450 2351//68 2959//2907
f 2917//2865 2914//2862 2922//2870
f 2704//465 2391//450 2977//2925
f 2919//2867 2924//2872 2922//2870
f 2653//2603 2647//2597 2927//2875
f 2917//2865 2922//2870 2926//2874
f 2917//2865 2926//2874 2918//2866
f 2922//2870 2925//2873 2926//2874
f 2653//2603 2927//2875 2930//2878
f 2919//2867 2915//2863 2924//2872
f 2904//2852 2928//2876 2895//2843
f 2653//2603 2930//2878 2923//2871
f 2905//2853 2895//2843 2931//2879
f 2904//2852 2920//2868 2928//2876
f 2536//2486 2533//2483 2963//2911
f 2915//2863 2905//2853 2931//2879
f 2883//2831 2885//2833 2929//2877
f 2895//2843 2928//2876 2931//2879
f 2647//2597 2883//2831 2933//2881
f 2922//2870 2924//2872 2925//2873
f 2918//2866 2926//2874 2929//2877
f 2918//2866 2929//2877 2903//2851
f 2885//2833 2903//2851 2929//2877
f 2925//2873 2924//2872 2932//2880
f 2915//2863 2931//2879 2937//2885
f 2926//2874 2925//2873 2932//2880
f 2926//2874 2932//2880 2929//2877
f 2915//2863 2937//2885 2924//2872
f 2883//2831 2929//2877 2941//2889
f 2923//2871 2930//2878 2942//2890
f 2913//2861 2881//2829 2944//2892
f 2938//2886 2936//2884 2935//2883
f 2938//2886 2934//2882 2936//2884
f 2936//2884 2939//2887 2935//2883
f 2938//2886 2943//2891 2940//2888
f 2647//2597 2933//2881 2927//2875
f 2935//2883 2939//2887 2943//2891
f 2935//2883 2943//2891 2938//2886
f 2936//2884 2927//2875 2939//2887
f 2883//2831 2941//2889 2933//2881
f 2923//2871 2942//2890 2820//2768
f 2222//2178 2968//2916 2980//2928
f 2536//2486 2963//2911 2764//2712
f 2889//2837 2950//2898 2949//2897
f 2928//2876 2945//2893 2940//2888
f 2943//2891 2946//2894 2940//2888
f 2927//2875 2933//2881 2951//2899
f 2940//2888 2946//2894 2928//2876
f 2928//2876 2946//2894 2931//2879
f 2938//2886 2940//2888 2952//2900
f 2934//2882 2947//2895 2936//2884
f 2924//2872 2937//2885 2932//2880
f 2932//2880 2937//2885 2948//2896
f 2932//2880 2948//2896 2929//2877
f 2927//2875 2951//2899 2939//2887
f 2920//2868 2949//2897 2928//2876
f 2897//2845 2955//2903 2887//2835
f 2936//2884 2947//2895 2927//2875
f 2929//2877 2948//2896 2941//2889
f 2931//2879 2946//2894 2954//2902
f 2939//2887 2953//2901 2943//2891
f 2939//2887 2951//2899 2953//2901
f 2937//2885 2931//2879 2954//2902
f 2704//465 2962//2910 2921//2869
f 2927//2875 2947//2895 2930//2878
f 2934//2882 2938//2886 2952//2900
f 2934//2882 2952//2900 2947//2895
f 2940//2888 2945//2893 2952//2900
f 2943//2891 2954//2902 2946//2894
f 2943//2891 2953//2901 2954//2902
f 2933//2881 2941//2889 2951//2899
f 2948//2896 2937//2885 2954//2902
f 2953//2901 2948//2896 2954//2902
f 2948//2896 2953//2901 2941//2889
f 2941//2889 2953//2901 2951//2899
f 2928//2876 2949//2897 2960//2908
f 2945//2893 2960//2908 2952//2900
f 2928//2876 2960//2908 2945//2893
f 2533//2483 2956//2904 2963//2911
f 2947//2895 2952//2900 2957//2905
f 2952//2900 2958//2906 2957//2905
f 2533//2483 2759//2707 2916//2864
f 2889//2837 2893//2841 2950//2898
f 2952//2900 2960//2908 2958//2906
f 2942//2890 2930//2878 2961//2909
f 2947//2895 2961//2909 2930//2878
f 2391//450 2959//2907 2977//2925
f 2947//2895 2957//2905 2961//2909
f 2704//465 2977//2925 2962//2910
f 2820//2768 2942//2890 2961//2909
f 2820//2768 2965//2913 2912//2860
f 2912//2860 2965//2913 2966//2914
f 2950//2898 2967//2915 2949//2897
f 2957//2905 2958//2906 2964//2912
f 2949//2897 2967//2915 2960//2908
f 2958//2906 2960//2908 2970//2918
f 2820//2768 2961//2909 2965//2913
f 2957//2905 2969//2917 2961//2909
f 2961//2909 2969//2917 2965//2913
f 2960//2908 2967//2915 2970//2918
f 2958//2906 2970//2918 2964//2912
f 2533//2483 2916//2864 2956//2904
f 2966//2914 2965//2913 2971//2919
f 2887//2835 2955//2903 2944//2892
f 2950//2898 2893//2841 2967//2915
f 2894//2842 2972//2920 2896//2844
f 2893//2841 2896//2844 2972//2920
f 2966//2914 2971//2919 2968//2916
f 2957//2905 2964//2912 2969//2917
f 2894//2842 2913//2861 2972//2920
f 2893//2841 2972//2920 2973//2921
f 2893//2841 2973//2921 2967//2915
f 2970//2918 2967//2915 2964//2912
f 2967//2915 2973//2921 2964//2912
f 2965//2913 2969//2917 2974//2922
f 2965//2913 2974//2922 2971//2919
f 2964//2912 2973//2921 2975//2923
f 2964//2912 2976//2924 2969//2917
f 2969//2917 2976//2924 2974//2922
f 2964//2912 2975//2923 2976//2924
f 2913//2861 2944//2892 2983//2931
f 2963//2911 2985//2933 2764//2712
f 2973//2921 2979//2927 2978//2926
f 2973//2921 2978//2926 2975//2923
f 2971//2919 2980//2928 2968//2916
f 2759//2707 2980//2928 2916//2864
f 2955//2903 2897//2845 2962//2910
f 2921//2869 2962//2910 2897//2845
f 2976//2924 2975//2923 2981//2929
f 2974//2922 2976//2924 2981//2929
f 2975//2923 2982//2930 2981//2929
f 2974//2922 2980//2928 2971//2919
f 2973//2921 2972//2920 2983//2931
f 2972//2920 2913//2861 2983//2931
f 2974//2922 2981//2929 2980//2928
f 2975//2923 2978//2926 2982//2930
f 2916//2864 2980//2928 2988//2936
f 2973//2921 2983//2931 2979//2927
f 2764//2712 2985//2933 2959//2907
f 2956//2904 2985//2933 2963//2911
f 2959//2907 2986//2934 2977//2925
f 2959//2907 2985//2933 2984//2932
f 2959//2907 2984//2932 2987//2935
f 2978//2926 2979//2927 2982//2930
f 2981//2929 2982//2930 2993//2941
f 2981//2929 2993//2941 2980//2928
f 2980//2928 2993//2941 2988//2936
f 2962//2910 2977//2925 2991//2939
f 2959//2907 2987//2935 2986//2934
f 2944//2892 2955//2903 2983//2931
f 2962//2910 2989//2937 2955//2903
f 2985//2933 2956//2904 2990//2938
f 2962//2910 2991//2939 2989//2937
f 2955//2903 2989//2937 2983//2931
f 2982//2930 2992//2940 2993//2941
f 2956//2904 2916//2864 2990//2938
f 2993//2941 2994//2942 2988//2936
f 2982//2930 2979//2927 2992//2940
f 2977//2925 2986//2934 2995//2943
f 2990//2938 2984//2932 2985//2933
f 2977//2925 2995//2943 2991//2939
f 2916//2864 3002//2950 2990//2938
f 2991//2939 2995//2943 2997//2945
f 2986//2934 2996//2944 2995//2943
f 2986//2934 2987//2935 2996//2944
f 2987//2935 2998//2946 2996//2944
f 2987//2935 2984//2932 2998//2946
f 2983//2931 2989//2937 2999//2947
f 2991//2939 2997//2945 2989//2937
f 2992//2940 3001//2949 3000//2948
f 2992//2940 3000//2948 2993//2941
f 2992//2940 2999//2947 3001//2949
f 2993//2941 3000//2948 2994//2942
f 2992//2940 2979//2927 2999//2947
f 2988//2936 3002//2950 2916//2864
f 2990//2938 3002//2950 2984//2932
f 2979//2927 2983//2931 2999//2947
f 2988//2936 2994//2942 3002//2950
f 2995//2943 2996//2944 2997//2945
f 2994//2942 3000//2948 3002//2950
f 2998//2946 3002//2950 3000//2948
f 2996//2944 3000//2948 3001//2949
f 3001//2949 2989//2937 2997//2945
f 3000//2948 2996//2944 2998//2946
f 3002//2950 2998//2946 2984//2932
f 3001//2949 2997//2945 2996//2944
f 3001//2949 2999//2947 2989//2937
