# Blender 5.2.0 LTS
# www.blender.org
mtllib exedra_item.mtl
o exedra_item
v 1.200402 0.796052 0.646175
v 1.241652 0.884037 0.694236
v 1.223274 0.884976 0.631779
v 1.259802 0.830515 0.644323
v 1.284209 0.853607 0.687789
v 1.330695 0.806696 0.670347
v 1.315397 0.838046 0.676193
v 1.342365 0.911951 0.679050
v 1.298576 0.781756 0.630110
v 1.310776 0.800145 0.649223
v 1.325686 0.878880 0.679260
v 1.336161 0.933352 0.664105
v 1.344891 0.833060 0.684555
v 1.363484 0.891235 0.673549
v 1.354100 0.761781 0.610340
v 1.340421 0.770587 0.628997
v 1.436276 0.811448 0.641468
v 1.374508 0.810268 0.442508
v 1.428162 0.853785 0.649409
v 1.397351 0.775864 0.551917
v 1.414313 0.835320 0.431619
v 1.390578 0.912977 0.656387
v 1.416544 0.801314 0.610816
v 1.469903 0.882780 0.634193
v 1.457806 0.837095 0.573225
v 1.450664 0.914748 0.574477
v 1.206531 0.736243 0.664700
v 1.208101 0.763803 0.661270
v 1.229607 0.694485 0.699261
v 1.259409 0.698808 0.685068
v 1.241064 0.671488 0.657445
v 1.264468 0.755165 0.651130
v 1.259777 0.800609 0.666973
v 1.264024 0.754244 0.665937
v 1.291437 0.697503 0.642882
v 1.297343 0.790507 0.640635
v 1.293260 0.692624 0.651747
v 1.306921 0.621113 0.649830
v 1.318257 0.663898 0.626064
v 1.345273 0.682155 0.600246
v 1.109797 0.664752 0.524203
v 1.123522 0.642387 0.472023
v 1.120214 0.914866 0.536179
v 1.154477 0.740437 0.524519
v 1.165732 0.798743 0.527873
v 1.163816 0.804020 0.555634
v 1.183291 0.798322 0.574770
v 1.189981 0.794006 0.601330
v 1.191260 0.735756 0.626227
v 1.204094 0.809022 0.630993
v 1.306188 0.855560 0.286819
v 1.355095 0.816113 0.382454
v 1.354241 0.545862 0.451318
v 1.364325 0.771647 0.435737
v 1.205038 0.922276 0.518302
v 1.275260 0.937049 0.616461
v 1.332597 0.949235 0.665889
v 1.355177 0.994159 0.461058
v 1.322669 0.948315 0.514411
v 1.397345 0.954231 0.486532
v 1.388842 0.982758 0.484303
v 1.352440 0.925069 0.371657
v 1.347850 0.907180 0.403490
v 1.344470 0.885123 0.378198
v 1.342007 0.878867 0.312774
v 1.365958 0.859616 0.383723
v 1.362227 0.931319 0.399273
v 1.311144 0.995631 0.219998
v 1.368452 0.937929 0.459187
v 1.410693 0.903517 0.436897
v 1.402004 0.852153 0.381525
v 1.399295 0.943169 0.648539
v 1.371089 0.956210 0.283953
v 1.374813 0.977963 0.312912
v 1.035265 0.955593 0.408801
v 1.039230 0.980122 0.412214
v 1.093811 0.955673 0.587834
v 1.078096 0.993287 0.412676
v 1.082965 0.913855 0.391279
v 1.095699 0.911944 0.346200
v 1.094034 0.980607 0.588455
v 1.116639 0.881245 0.493233
v 1.111137 0.871219 0.418030
v 1.098791 0.511188 0.343397
v 1.120550 0.995418 0.547178
v 1.122014 0.854887 0.257047
v 1.181604 0.910090 0.505072
v 1.167695 0.857182 0.529369
v 1.238243 0.663833 0.672093
v 1.283430 0.667790 0.633412
v 1.270197 0.641582 0.658505
v 1.239295 0.611512 0.651853
v 1.241430 0.572473 0.644846
v 1.304721 0.609083 0.609086
v 1.225257 0.546434 0.634027
v 1.352360 0.538844 0.613824
v 1.151751 0.602874 0.699691
v 0.948306 0.600054 0.760240
v 1.110160 0.638409 0.693561
v 1.153329 0.673510 0.614020
v 1.137193 0.645659 0.693238
v 1.168880 0.573841 0.678652
v 1.161876 0.663864 0.685879
v 1.177652 0.617967 0.684664
v 1.221643 0.597797 0.669423
v 1.190520 0.692485 0.675666
v 1.125857 0.684948 0.530260
v 1.130129 0.666252 0.577384
v 1.139239 0.710428 0.526335
v 1.179996 0.724948 0.592681
v 1.204967 0.710593 0.675368
v 1.092047 0.497328 0.745180
v 1.443223 0.504911 0.619985
v 1.171694 0.536745 0.655152
v 1.416209 0.510263 0.611499
v 1.387452 0.539025 0.542034
v 1.479411 0.498372 0.637155
v 1.464144 0.477823 0.641325
v 1.020684 0.620117 0.695083
v 0.980863 0.614796 0.654489
v 1.104895 0.641721 0.615921
v 1.080702 0.628218 0.701735
v 0.895905 0.543065 0.775404
v 0.918084 0.486452 0.769868
v 0.942676 0.559707 0.757562
v 0.939687 0.513283 0.759291
v 0.926045 0.599046 0.711001
v 1.009979 0.560512 0.750912
v 1.053905 0.578332 0.736152
v 1.073315 0.546523 0.719495
v 1.047418 0.536377 0.733909
v 1.045413 0.581144 0.711544
v 1.086250 0.554819 0.696764
v 1.092569 0.519628 0.696464
v 1.090114 0.513853 0.681068
v 0.970464 0.575859 0.769898
v 0.816802 0.546136 0.561230
v 0.853466 0.493081 0.593280
v 0.841359 0.556831 0.600343
v 0.884616 0.597804 0.590116
v 0.882280 0.607114 0.552051
v 0.860423 0.557669 0.533795
v 0.875560 0.540849 0.720698
v 0.980169 0.618168 0.575298
v 0.971274 0.615572 0.609265
v 0.852663 0.528078 0.541137
v 0.911938 0.563281 0.514806
v 0.953404 0.580746 0.506213
v 0.903476 0.496337 0.511099
v 0.972867 0.521257 0.494906
v 1.107819 0.641824 0.497500
v 0.915290 0.582010 0.535692
v 0.999915 0.529910 0.492208
v 1.015536 0.552524 0.491835
v 1.018440 0.626544 0.554793
v 1.012512 0.486288 0.489213
v 1.067303 0.640106 0.533209
v 1.084957 0.507866 0.248235
v 1.103856 0.518565 0.472847
v 1.126848 0.547421 0.456523
v 1.305984 0.555042 0.284799
v 1.255821 0.543564 0.104347
v 1.273927 0.510307 0.099398
v 1.337427 0.532433 0.311378
v 1.395544 0.436465 0.397307
v 1.346138 0.479336 0.159759
v 1.369709 0.513678 0.408548
v 1.352207 0.658718 0.377797
v 0.974052 0.506634 0.017084
v 1.014016 0.479867 0.250501
v 1.072433 0.541474 0.171007
v 1.020222 0.555113 0.036000
v 1.087335 0.509978 0.394837
v 1.121847 0.558400 0.255213
v 1.101599 0.539978 0.300823
v 1.296817 0.471606 0.073959
v 1.252453 0.577563 0.105721
v 1.232014 0.856257 0.075072
v 1.266872 0.874771 0.095408
v 1.276036 0.981282 0.021642
v 1.223341 0.861089 0.030912
v 1.293123 0.958339 0.057439
v 1.014078 0.959008 0.183366
v 1.084896 0.995148 0.244870
v 1.047070 0.965882 0.289793
v 1.072609 0.878412 0.200349
v 1.030473 0.923571 0.123725
v 1.051338 0.856152 0.088789
v 1.089401 0.919681 0.279931
v 1.102002 0.874955 0.294591
v 0.904525 0.956489 -0.003767
v 0.782084 0.981667 -0.160522
v 0.828206 0.874489 -0.159385
v 0.864677 0.855880 -0.161156
v 0.921683 0.925514 -0.044169
v 0.952172 0.876930 -0.015916
v 0.901196 0.996615 -0.391344
v 0.933025 0.995265 -0.034169
v 0.996371 0.860479 0.020959
v 1.163777 0.993791 -0.105882
v 1.055079 0.854993 -0.222238
v 1.095940 0.929775 -0.200492
v 1.049863 0.871649 -0.256834
v 1.087692 0.957702 -0.261893
v 1.098373 0.980913 -0.241495
v 1.157897 0.875080 -0.113353
v 1.185756 0.959409 -0.131976
v 1.241538 0.929722 0.030155
v 0.837631 0.542450 -0.162087
v 0.863760 0.558002 -0.158489
v 1.053089 0.538949 -0.258064
v 1.048469 0.553255 -0.225770
v 1.109909 0.509835 -0.196044
v 1.155902 0.553717 -0.065162
v 1.111134 0.445552 -0.224735
v 1.194973 0.478321 -0.130406
v 1.275317 0.496778 -0.012159
v 1.022636 0.334304 0.628704
v 1.078712 0.363737 0.620338
v 1.037141 0.490711 0.718363
v 1.011732 0.497515 0.753164
v 0.999049 0.462441 0.706998
v 0.988905 0.465866 0.739335
v 1.074986 0.492362 0.710804
v 1.065163 0.481274 0.666577
v 1.089710 0.422161 0.676153
v 1.088088 0.476995 0.740533
v 1.097631 0.434017 0.724721
v 1.103670 0.448529 0.716484
v 1.147904 0.394587 0.685725
v 1.395231 0.400456 0.627524
v 1.454156 0.436599 0.636223
v 1.443835 0.427971 0.622615
v 1.274836 0.427855 0.075750
v 1.314950 0.436070 0.127273
v 1.137022 0.135434 0.701597
v 1.168930 0.240474 0.671664
v 1.189719 0.285997 0.667336
v 1.223389 0.320030 0.658487
v 1.258331 0.357535 0.648009
v 1.305798 0.317292 0.635519
v 1.329977 0.295036 0.628845
v 1.346189 0.273062 0.625245
v 1.077325 0.110013 0.618307
v 1.160192 0.191629 0.672774
v 1.172874 0.212550 0.669827
v 1.190813 0.264926 0.669389
v 1.230771 0.208183 0.656164
v 1.200161 0.177375 0.663803
v 1.247984 0.174816 0.656152
v 1.262962 0.218976 0.653772
v 1.245011 0.151920 0.658666
v 1.288413 0.161696 0.646262
v 1.303048 0.202930 0.637317
v 1.325258 0.175328 0.630675
v 1.354227 0.216831 0.622566
v 1.363091 0.193689 0.619614
v 1.402245 0.136625 0.631455
v 0.738091 0.058092 0.767640
v 0.630678 0.058109 0.427695
v 0.741257 0.077018 0.753296
v 0.730480 0.000635 0.768526
v 0.752615 0.103953 0.732975
v 0.797624 0.140728 0.684271
v 1.017195 0.139983 0.628716
v 1.042772 0.069969 0.672760
v 1.058016 0.103263 0.645405
v 1.089206 0.102547 0.735342
v 1.073419 0.061942 0.768489
v 1.104336 0.111093 0.713282
v 1.158674 0.157329 0.677257
v 0.757269 0.110152 0.703252
v 0.707935 0.001194 0.396980
v 1.493684 0.059528 0.661240
v 1.483167 0.072546 0.659012
v 1.067314 0.001434 0.775074
v 1.035147 0.001068 0.684957
v 1.460111 0.104151 0.644587
v 1.502796 0.008139 0.677673
v 1.376087 0.153508 0.619316
v 1.361918 0.110925 0.307785
v 1.438081 0.112690 0.627163
v 1.411839 0.100741 0.401945
v 1.437377 0.066539 0.408559
v 1.448600 0.053629 0.403100
v 1.250885 0.059957 -0.077486
v 1.304161 -0.000227 0.012788
v 1.258800 0.102577 -0.003861
v 1.326126 0.072776 0.095952
v 1.254143 0.109531 0.023221
v 1.329297 0.102140 0.162521
v 1.345716 0.056932 0.120250
v 1.433434 0.000402 0.355514
v 0.715771 0.466419 0.794609
v 0.725513 0.415585 0.781673
v 0.746324 0.390039 0.749465
v 0.755149 0.366022 0.733284
v 0.757429 0.359308 0.703758
v 0.915019 0.479185 0.709617
v 0.855457 0.480376 0.540976
v 0.798218 0.330034 0.684457
v 0.872738 0.495430 0.546643
v 0.948261 0.483569 0.513634
v 0.927986 0.469415 0.461974
v 1.042482 0.499455 0.517105
v 0.714871 0.425374 0.799699
v 0.615662 0.421549 0.431117
v 0.674569 0.415808 0.412448
v 0.613229 0.466675 0.435240
v 0.681430 0.470906 0.418405
v 0.661096 0.387766 0.450406
v 0.677331 0.363003 0.457744
v 0.751063 0.379330 0.430304
v 0.615267 0.413810 0.228922
v 0.782769 0.353855 0.418750
v 0.793331 0.326297 0.374425
v 0.882724 0.468794 0.473468
v 0.781212 0.469283 0.177103
v 0.651535 0.077141 0.434708
v 0.670788 0.101297 0.446099
v 0.687351 0.113641 0.467769
v 0.783703 0.143889 0.389484
v 0.646229 0.364341 0.148083
v 0.711520 0.366107 0.282703
v 0.707345 0.360418 0.199010
v 0.740891 0.339733 0.272769
v 0.740443 0.146318 0.272253
v 0.768289 0.470087 0.135793
v 0.859825 0.470241 0.183988
v 0.567271 0.406718 0.158239
v 0.481422 0.417731 0.069747
v 0.607516 0.467358 0.206726
v 0.665347 0.387991 0.184601
v 0.614983 0.468163 -0.076537
v 0.819138 0.458000 0.168181
v 0.753338 0.481366 -0.143359
v 0.522909 0.360766 -0.011335
v 0.580752 0.000354 0.127299
v 0.487810 0.058654 0.036839
v 0.646916 0.063033 0.208969
v 0.659262 0.109431 0.140270
v 0.584990 0.113344 0.048568
v 0.572260 0.082123 0.069117
v 0.650645 0.157677 0.090020
v 0.499242 0.144957 -0.032135
v 0.658181 0.141394 0.134818
v 0.657594 0.316619 0.098236
v 0.671190 0.080544 0.198408
v 0.626068 0.001918 0.422876
v 0.719582 0.064886 0.400456
v 0.658040 0.331609 0.132971
v 0.702086 0.112065 0.193042
v 0.680405 0.103230 0.205409
v 0.767995 0.107406 0.419095
v 1.075843 0.427713 -0.244453
v 1.143928 0.108968 -0.160934
v 1.038893 0.434693 -0.318337
v 1.187299 0.434817 -0.129031
v 1.096858 0.101252 -0.254665
v 1.102489 0.066193 -0.283916
v 1.008051 -0.000700 -0.402097
v 0.725236 0.957061 -0.199268
v 0.711720 0.878235 -0.259630
v 0.558085 0.923312 -0.352948
v 0.488871 0.957214 -0.347101
v 0.704204 0.857572 -0.295585
v 0.757417 0.996040 -0.230159
v 0.773831 0.919270 -0.213465
v 0.801579 0.858486 -0.437584
v 0.803283 0.556153 -0.436019
v 0.836872 0.882766 -0.440201
v 0.917355 0.929996 -0.390730
v 0.884721 0.978828 -0.455176
v 0.940586 0.955877 -0.412637
v 1.008989 0.511833 -0.304869
v 0.522238 0.876082 -0.377872
v 0.835629 0.534800 -0.437244
v 0.436202 0.945798 -0.386120
v 0.507670 0.980754 -0.341413
v 0.443806 0.995911 -0.418563
v 0.533909 0.857246 -0.598015
v 0.637665 0.928353 -0.579760
v 0.651352 0.983620 -0.601008
v 0.532753 0.888503 -0.623484
v 0.709917 0.883583 -0.523193
v 0.719023 0.956513 -0.576492
v 0.578440 0.994397 -0.605769
v 0.494178 0.840549 -0.415619
v 0.107715 0.955513 -0.450964
v 0.262450 0.969552 -0.432292
v 0.382388 0.859611 -0.472712
v 0.306505 0.922261 -0.460515
v 0.301780 0.876280 -0.474219
v 0.282295 0.858184 -0.676946
v 0.222218 0.926172 -0.717036
v 0.411039 0.927450 -0.676728
v 0.284927 0.880412 -0.698083
v 0.234316 0.955661 -0.751641
v 0.447337 0.957633 -0.701372
v 0.330056 0.982465 -0.724000
v 0.208623 0.996018 -0.709856
v -0.006238 0.878079 -0.730168
v 0.006867 0.958354 -0.774861
v 0.020039 0.996052 -0.502712
v 0.141539 0.926761 -0.489587
v 0.070207 0.980805 -0.459348
v 0.144040 0.858164 -0.525137
v 0.004297 0.920138 -0.731936
v 0.132600 0.877527 -0.502510
v 0.007301 0.857143 -0.710640
v -0.017969 0.557912 -0.532023
v 0.778998 0.509941 -0.209313
v 0.713053 0.540609 -0.258075
v 0.706657 0.558613 -0.292313
v 0.909923 0.509901 -0.395920
v 0.884035 0.478146 -0.463410
v 1.027436 0.497580 -0.354595
v 1.064136 0.478283 -0.303776
v 0.449144 0.510874 -0.417140
v 0.534534 0.544262 -0.380421
v 0.520927 0.558434 -0.403326
v 0.419367 0.495667 -0.404191
v 0.563902 0.554756 -0.586332
v 0.646341 0.537503 -0.558836
v 0.339298 0.478687 -0.737621
v 0.659599 0.473057 -0.601169
v 0.674245 0.489422 -0.608825
v 0.605181 0.511831 -0.590495
v 0.428827 0.497367 -0.712457
v -0.050896 0.477791 -0.774704
v 0.026096 0.497532 -0.784606
v 0.096961 0.510806 -0.729500
v 0.060143 0.542245 -0.510947
v -0.181814 0.557668 -0.695165
v 0.040153 0.558645 -0.707718
v 0.115163 0.475883 -0.767176
v 0.038501 0.538138 -0.726753
v 0.313457 0.556655 -0.490438
v 0.310444 0.543504 -0.473720
v 0.291130 0.556208 -0.676359
v 0.302674 0.509674 -0.697999
v 0.432144 0.538685 -0.656253
v 0.405752 0.470414 -0.243687
v 0.455709 0.459335 -0.190346
v 0.365337 0.467949 -0.023481
v 0.460620 0.468873 -0.153577
v 0.663518 0.470802 -0.078467
v 0.454355 0.481022 -0.334897
v 0.147429 0.470206 -0.098997
v 0.097075 0.409879 -0.104215
v -0.077799 0.412628 -0.106830
v -0.073425 0.363096 -0.177635
v -0.125667 0.353247 -0.185488
v 0.222903 0.331871 -0.171888
v 0.217046 0.414807 -0.077974
v 0.184095 0.388245 -0.147901
v 0.197253 0.469461 -0.254258
v 0.196624 0.360748 -0.177452
v 0.218021 0.458605 -0.276951
v 0.196508 0.365483 -0.157619
v 0.219641 0.471862 -0.305714
v 0.382194 0.409861 -0.004949
v 0.411384 0.388943 -0.055051
v 0.005171 0.470620 -0.334767
v 0.226408 0.428739 -0.734101
v 0.113821 0.507367 -0.498808
v -0.052053 0.437382 -0.762223
v 0.268305 0.436664 -0.741374
v -0.094679 0.478551 -0.434135
v 0.192341 0.480825 -0.421502
v 0.352616 0.446591 -0.710305
v 0.606241 0.435934 -0.625920
v -0.054752 0.458764 -0.306087
v 0.263036 0.159504 -0.175430
v 0.422175 0.313498 -0.101282
v 0.493789 0.365331 -0.008122
v 0.500240 0.328971 -0.034183
v 0.578992 0.313302 0.013043
v 0.129786 0.062711 -0.152490
v 0.083438 0.315055 -0.213596
v -0.017091 0.100220 -0.185529
v 0.133373 0.143679 -0.186687
v 0.098710 0.159102 -0.211517
v -0.044074 0.058097 -0.139994
v 0.175333 0.002002 -0.121117
v 0.180179 0.107062 -0.172799
v 0.238564 0.058958 -0.104520
v 0.162430 0.090408 -0.161611
v 0.262060 0.313417 -0.174836
v 0.289472 0.073394 -0.109742
v 0.324988 0.143045 -0.126871
v 0.464803 0.159274 -0.080749
v 0.388452 0.088281 -0.076972
v 0.409431 0.106694 -0.084186
v 0.445867 0.062163 -0.024714
v 0.535841 0.095822 0.031333
v 0.563272 0.001656 -0.683039
v 0.730698 0.428268 -0.546544
v 0.635555 0.110593 -0.598285
v 0.716358 0.072968 -0.596991
v 0.840683 0.101392 -0.491664
v 0.584456 0.098692 -0.639016
v 0.869529 0.434613 -0.463718
v 0.868220 0.060423 -0.506841
v 0.870855 0.447834 -0.449085
v 0.930485 0.109291 -0.401043
v -0.021122 0.061498 -0.796137
v -0.013045 0.091532 -0.766258
v 0.298016 0.101005 -0.740134
v 0.071030 0.110835 -0.750648
v 0.275158 0.062628 -0.767185
v 0.099919 0.001117 -0.800718
v 0.369688 0.109131 -0.701701
v 0.384675 0.000446 -0.033275
v 0.471960 0.073425 -0.708611
v 0.579406 0.057486 -0.671988
v -1.353595 0.995385 0.462686
v -1.238407 0.911216 0.628647
v -1.224853 0.928296 0.518413
v -1.209158 0.810421 0.640029
v -1.168133 0.803337 0.531484
v -1.185433 0.908428 0.513203
v -1.093669 0.980318 0.587197
v -1.120777 0.917219 0.536555
v -1.152553 0.851530 0.526850
v -1.091633 0.956906 0.589294
v -1.119501 0.994622 0.547902
v -1.115636 0.886406 0.497083
v -1.112766 0.667357 0.528217
v -1.093377 0.884882 0.397200
v -1.073566 0.923212 0.396158
v -1.094410 0.911404 0.351519
v -1.068442 0.992173 0.414698
v -1.467823 0.897990 0.635211
v -1.463786 0.902195 0.573210
v -1.469053 0.833575 0.633329
v -1.458044 0.831971 0.573597
v -1.426265 0.813023 0.642578
v -1.391186 0.943069 0.651072
v -1.435858 0.860168 0.637865
v -1.417711 0.863703 0.434729
v -1.429441 0.880404 0.657401
v -1.393148 0.829550 0.667837
v -1.341170 0.952721 0.597874
v -1.349656 0.916379 0.669915
v -1.397245 0.953753 0.487780
v -1.393209 0.981638 0.486604
v -1.343507 0.889884 0.680023
v -1.298316 0.948223 0.521682
v -1.366563 0.935941 0.460284
v -1.301972 0.933052 0.676179
v -1.317395 0.865750 0.679120
v -1.238944 0.878711 0.694391
v -1.415311 0.832973 0.429685
v -1.421578 0.892694 0.429977
v -1.405835 0.868582 0.381682
v -1.361417 0.935990 0.407152
v -1.346820 0.908674 0.402568
v -1.371573 0.787641 0.432847
v -1.354348 0.847460 0.379459
v -1.346894 0.891527 0.380514
v -1.343343 0.876788 0.319544
v -1.357418 0.812074 0.382300
v -1.417375 0.801944 0.608906
v -1.344429 0.800975 0.668509
v -1.396260 0.775300 0.549996
v -1.342770 0.770737 0.629583
v -1.339738 0.832527 0.674093
v -1.308828 0.800504 0.639106
v -1.283977 0.837506 0.692269
v -1.302407 0.792133 0.645351
v -1.307021 0.725103 0.650532
v -1.261865 0.798449 0.657654
v -1.273227 0.855429 0.672760
v -1.194696 0.800132 0.637168
v -1.196819 0.803992 0.583018
v -1.192967 0.788342 0.607410
v -1.364709 0.532245 0.428626
v -1.353348 0.748698 0.599340
v -1.305702 0.607335 0.610370
v -1.326393 0.666776 0.646529
v -1.313921 0.645522 0.626431
v -1.295151 0.682052 0.635760
v -1.298694 0.704175 0.640074
v -1.265043 0.714172 0.668771
v -1.265873 0.745648 0.673652
v -1.245806 0.688502 0.657898
v -1.260090 0.772313 0.653696
v -1.277691 0.651141 0.656469
v -1.225392 0.696836 0.700880
v -1.205719 0.736073 0.662693
v -1.213578 0.774885 0.660728
v -1.197412 0.711006 0.667679
v -1.190389 0.689416 0.674176
v -1.179548 0.694506 0.638591
v -1.180627 0.728753 0.589130
v -1.171309 0.802324 0.557370
v -1.148308 0.741699 0.525108
v -1.132744 0.691315 0.529880
v -1.112346 0.639894 0.496837
v -1.122076 0.640524 0.472858
v -1.102108 0.879660 0.296486
v -1.102659 0.513727 0.291878
v -1.097190 0.521419 0.403761
v -1.086717 0.551759 0.698903
v -1.086905 0.506856 0.679697
v -1.067334 0.549540 0.688666
v -1.072734 0.567160 0.719518
v -1.073210 0.540416 0.718495
v -1.067604 0.496689 0.713604
v -1.012635 0.491954 0.726845
v -1.046603 0.517256 0.731573
v -1.182819 0.616107 0.701309
v -1.007455 0.584192 0.750623
v -1.013873 0.561392 0.749659
v -0.948285 0.599964 0.760789
v -0.948530 0.550319 0.774836
v -0.955260 0.607142 0.704120
v -0.931388 0.531353 0.756073
v -0.925569 0.489305 0.769129
v -0.895308 0.548121 0.773988
v -0.880969 0.562354 0.724337
v -1.092880 0.524647 0.701985
v -1.128049 0.630334 0.720897
v -1.113060 0.645490 0.616125
v -1.133241 0.598919 0.697537
v -1.094140 0.630363 0.697317
v -1.057229 0.627503 0.624955
v -1.050410 0.625170 0.696454
v -0.989055 0.617694 0.658830
v -1.013425 0.617903 0.687483
v -0.979015 0.618148 0.577594
v -0.973151 0.615053 0.609125
v -1.063030 0.506619 0.504743
v -1.019319 0.626737 0.557230
v -1.061267 0.632342 0.508346
v -1.004708 0.485163 0.484811
v -1.001564 0.515483 0.490582
v -0.974628 0.524422 0.495661
v -0.948807 0.561197 0.507325
v -0.898623 0.599711 0.589152
v -0.881045 0.572957 0.535574
v -0.867499 0.599750 0.555575
v -0.894362 0.543044 0.517361
v -0.929776 0.493102 0.503755
v -0.883972 0.533741 0.710526
v -0.852647 0.572360 0.598635
v -0.882127 0.507663 0.717225
v -0.853195 0.528254 0.540576
v -0.816886 0.527680 0.559710
v -1.112759 0.531424 0.464592
v -1.012655 0.562876 0.493511
v -1.067785 0.640563 0.532129
v -1.024844 0.507844 0.486275
v -1.220824 0.598427 0.657162
v -1.239048 0.662943 0.673137
v -1.158863 0.676162 0.629340
v -1.159579 0.660378 0.685300
v -1.135683 0.664781 0.587823
v -1.130342 0.644008 0.696591
v -1.252526 0.573868 0.662028
v -1.223462 0.597330 0.669480
v -1.172678 0.536272 0.658029
v -1.186192 0.621966 0.684183
v -1.190060 0.582655 0.654036
v -1.178816 0.621775 0.669748
v -1.155685 0.571837 0.677211
v -1.476608 0.480588 0.644216
v -1.461561 0.473670 0.635935
v -1.427394 0.509241 0.613006
v -1.099693 0.506369 0.709001
v -1.356771 0.510985 0.379402
v -1.353184 0.539614 0.616154
v -1.402780 0.528827 0.552801
v -1.221179 0.547794 0.633356
v -1.091971 0.497536 0.750472
v -1.343841 0.497690 0.135047
v -1.451947 0.441875 0.629732
v -1.296304 0.474632 0.056394
v -1.346711 0.505096 0.263055
v -1.341421 0.531020 0.318847
v -1.328940 0.478401 0.092934
v -1.262286 0.533729 0.097157
v -1.306633 0.554238 0.288069
v -1.253306 0.555130 0.120965
v -1.235683 0.446497 -0.026693
v -1.225648 0.509243 -0.015142
v -1.057314 0.540641 -0.248955
v -1.121963 0.555542 0.265860
v -1.027810 0.556481 0.045339
v -1.061981 0.539607 0.156135
v -1.030635 0.511416 0.107381
v -1.064922 0.496249 0.248660
v -0.944508 0.540294 -0.038793
v -1.121427 0.855065 0.248509
v -1.089879 0.919806 0.273611
v -1.052969 0.878257 0.150718
v -1.088760 0.995380 0.260158
v -1.056539 0.982551 0.274152
v -1.048201 0.956597 0.275510
v -1.036089 0.954647 0.407292
v -0.998905 0.953555 0.150449
v -1.373333 0.957913 0.294389
v -1.351579 0.988527 0.307069
v -1.351993 0.927229 0.372031
v -1.283667 0.980959 0.040319
v -1.246219 0.929382 0.038780
v -1.284058 0.958436 0.032923
v -1.308568 0.856212 0.287177
v -1.244249 0.994373 0.038804
v -1.222556 0.877831 -0.008052
v -1.255515 0.856121 0.122297
v -0.983056 0.856141 -0.013025
v -1.079505 0.995679 -0.210714
v -1.034329 0.924039 0.135655
v -0.966362 0.997362 0.008243
v -0.937763 0.980895 0.034808
v -0.917292 0.922619 -0.051625
v -0.907541 0.873360 -0.076194
v -0.888236 0.956004 -0.024733
v -0.743870 0.980656 -0.195890
v -0.861580 0.856138 -0.159681
v -0.740147 0.923650 -0.238712
v -1.157164 0.856130 -0.066076
v -1.135590 0.965129 -0.207759
v -1.114606 0.925712 -0.177927
v -1.052397 0.874427 -0.259886
v -1.038170 0.930749 -0.271327
v -1.113357 0.497499 -0.256219
v -1.054227 0.554368 -0.229041
v -1.016289 0.510823 -0.303550
v -1.091521 0.476099 -0.273986
v -1.049614 0.855744 -0.228805
v -0.918467 0.508433 -0.056227
v -0.829948 0.539761 -0.159994
v -1.016857 0.487159 0.523047
v -0.973523 0.500160 0.767381
v -1.001321 0.464242 0.734517
v -0.715834 0.424736 0.799133
v -0.897408 0.480281 0.534174
v -1.001557 0.322651 0.620914
v -0.755943 0.363253 0.733039
v -0.749023 0.388737 0.747835
v -0.933562 0.470171 0.718186
v -1.092375 0.403118 0.659309
v -0.871641 0.484830 0.591019
v -0.791178 0.334188 0.690255
v -0.866896 0.506152 0.547365
v -0.757726 0.359535 0.706099
v -0.716167 0.465121 0.798251
v -0.832747 0.522703 0.597891
v -0.727273 0.413769 0.783862
v -0.728707 0.473556 0.779322
v -0.616657 0.420952 0.433617
v -1.018624 0.481749 0.282413
v -0.934095 0.469767 0.458034
v -0.908856 0.460411 0.463297
v -0.881639 0.470271 0.474548
v -0.775811 0.327265 0.389480
v -0.734984 0.327450 0.269070
v -0.759514 0.109926 0.703977
v -0.747026 0.384800 0.430396
v -0.684614 0.385628 0.214643
v -0.767496 0.107713 0.421694
v -0.680036 0.362661 0.456331
v -0.654322 0.391807 0.449382
v -0.652056 0.408852 0.315459
v -0.678387 0.413290 0.415044
v -0.613924 0.467495 0.436112
v -0.680261 0.469910 0.417871
v -0.626398 0.002145 0.423019
v -0.775526 0.141995 0.392633
v -0.649734 0.077120 0.431528
v -0.692697 0.057006 0.649022
v -0.676400 0.105373 0.447642
v -0.728737 0.070489 0.403172
v -0.636880 0.058647 0.423833
v -0.825777 0.470616 0.125974
v -0.867995 0.469373 0.209680
v -0.915292 0.481732 0.048445
v -0.799690 0.458376 0.127047
v -0.760609 0.470473 0.130598
v -0.779421 0.359480 0.427719
v -0.677762 0.365468 0.200669
v -0.709872 0.360089 0.213213
v -0.575554 0.459721 -0.113433
v -0.598560 0.361456 0.076561
v -0.613899 0.472065 0.215665
v -0.659832 0.328178 0.124874
v -0.603578 0.414641 0.206814
v -0.492660 0.405821 0.078866
v -0.494609 0.384354 -0.004018
v -0.520765 0.467466 0.100894
v -1.280021 0.434754 0.031572
v -0.654357 0.000421 0.231091
v -0.704951 0.001415 0.400584
v -0.739623 0.148121 0.268453
v -0.703394 0.111445 0.200912
v -0.681227 0.103524 0.205420
v -0.655152 0.066394 0.206772
v -0.674984 0.081301 0.198347
v -0.533960 0.097588 0.028073
v -0.661468 0.143415 0.129868
v -0.661731 0.313197 0.097626
v -0.658359 0.163021 0.096228
v -0.519834 0.067490 0.034272
v -0.504277 0.158726 -0.053119
v -0.637237 0.058080 0.204383
v -0.464680 0.002044 0.015391
v -0.520001 0.315002 -0.037734
v -1.307275 0.428186 0.132839
v -1.243948 0.109398 -0.001265
v -1.076894 0.428289 -0.245010
v -1.250057 0.057959 -0.080877
v -1.197886 0.103003 -0.112931
v -1.081415 0.435882 -0.272883
v -1.124514 0.063519 -0.263478
v -1.057902 0.110253 -0.273900
v -1.050855 0.093167 -0.302840
v -1.450866 0.429678 0.631011
v -1.100989 0.447045 0.719145
v -1.086691 0.477494 0.741438
v -1.148417 0.397697 0.689562
v -1.405075 0.406489 0.631952
v -1.100990 0.434243 0.726450
v -1.262819 0.356510 0.647328
v -1.105492 0.108315 0.714445
v -1.084451 0.379429 0.631010
v -1.077339 0.109970 0.616636
v -1.088690 0.428318 0.678615
v -1.067135 0.479249 0.669354
v -1.069804 0.344660 0.619221
v -1.337936 0.283024 0.628252
v -1.301962 0.322216 0.635109
v -1.377036 0.388313 0.617639
v -1.217432 0.315920 0.658227
v -1.200185 0.298049 0.665120
v -1.183220 0.276979 0.667581
v -1.163023 0.253544 0.671123
v -1.370584 0.109973 0.319459
v -1.408288 0.133787 0.632776
v -1.384984 0.181932 0.618484
v -1.355089 0.215763 0.621362
v -1.326634 0.181173 0.630475
v -1.304158 0.207386 0.637832
v -1.295036 0.173904 0.639717
v -1.273725 0.218498 0.651336
v -1.263623 0.176329 0.656264
v -1.239682 0.200433 0.653416
v -1.179519 0.219074 0.668793
v -1.209102 0.188005 0.661446
v -1.436229 0.109475 0.623003
v -1.378658 0.434624 0.313325
v -1.312436 0.145419 0.646577
v -1.264580 0.153273 0.650861
v -1.191022 0.163473 0.668548
v -1.157941 0.150248 0.682743
v -1.155566 0.186899 0.678737
v -1.089743 0.097469 0.732182
v -1.071475 0.060928 0.765195
v -1.058994 0.105594 0.645920
v -1.040578 0.067713 0.674628
v -0.745589 0.076298 0.757962
v -1.013203 0.138433 0.627550
v -0.738192 0.058750 0.765626
v -0.791532 0.133890 0.692766
v -0.752412 0.103710 0.733042
v -0.730267 0.000831 0.767657
v -1.505635 0.001422 0.654765
v -1.501443 0.054826 0.657039
v -1.484585 0.066129 0.645949
v -1.424066 0.066054 0.352637
v -1.460431 0.102502 0.632136
v -1.392788 0.098838 0.334312
v -1.368527 0.151399 0.623376
v -1.067965 0.001863 0.772413
v -1.346290 0.058865 0.110786
v -1.036289 0.000454 0.683311
v -1.308566 0.001694 0.013036
v -1.284286 0.096413 0.050203
v -1.117066 -0.000999 -0.272316
v -0.891309 0.984409 -0.448522
v -0.901171 0.995089 -0.392762
v -0.964286 0.956265 -0.397526
v -0.865732 0.926296 -0.432183
v -0.839034 0.885487 -0.439186
v -0.674807 0.994928 -0.554293
v -0.826499 0.872768 -0.159644
v -0.766911 0.994372 -0.222534
v -0.777724 0.910930 -0.214512
v -0.722604 0.957032 -0.203094
v -0.712339 0.876801 -0.259743
v -0.713964 0.542548 -0.265645
v -0.705005 0.860744 -0.293772
v -0.468085 0.928020 -0.393680
v -0.697132 0.955891 -0.588500
v -0.802768 0.556055 -0.434742
v -0.676325 0.884482 -0.545766
v -0.803959 0.858732 -0.438486
v -0.597042 0.927319 -0.599386
v -0.520768 0.857869 -0.604247
v -0.503170 0.981485 -0.674352
v -0.425040 0.875424 -0.432195
v -0.407722 0.995057 -0.432907
v -0.471110 0.956565 -0.354124
v -0.505086 0.884917 -0.631100
v -0.484999 0.957096 -0.688580
v -0.403296 0.921813 -0.431293
v -0.141539 0.927050 -0.729577
v -0.162432 0.995919 -0.721731
v -0.283457 0.955524 -0.745582
v -0.172993 0.953522 -0.446528
v -0.099566 0.859710 -0.527937
v -0.303289 0.883814 -0.695997
v -0.296794 0.858539 -0.674927
v -0.182677 0.882951 -0.494247
v -0.183054 0.925621 -0.485102
v -0.074888 0.980891 -0.764869
v -0.382500 0.927445 -0.682202
v -0.189294 0.981958 -0.449813
v -0.405732 0.981141 -0.392651
v -0.381684 0.858401 -0.472250
v -0.304696 0.557949 -0.492374
v -0.924334 0.478563 -0.435685
v -0.882121 0.498113 -0.475415
v -0.878347 0.510260 -0.418514
v -0.862778 0.559488 -0.159057
v -0.833941 0.537956 -0.436657
v -0.770056 0.510416 -0.219182
v -0.654585 0.538095 -0.553824
v -0.706132 0.558741 -0.296668
v -0.508823 0.541209 -0.389179
v -0.491171 0.557215 -0.420340
v -0.597620 0.510931 -0.594144
v -0.664361 0.477830 -0.605294
v -0.584301 0.557826 -0.573777
v -0.478907 0.497592 -0.699397
v -0.459876 0.508759 -0.411779
v -0.419972 0.558138 -0.640977
v -0.391576 0.473489 -0.712891
v -0.217981 0.541920 -0.493394
v -0.165614 0.510706 -0.498932
v -0.373332 0.537505 -0.675809
v -0.298394 0.511022 -0.702316
v -0.389301 0.478700 -0.728855
v -0.568125 0.473141 -0.155156
v -0.380700 0.474373 -0.018154
v -0.311071 0.471590 -0.219898
v -0.292992 0.469427 -0.289971
v -0.250089 0.466147 -0.070734
v -0.272387 0.466039 -0.270226
v -0.404281 0.415876 0.007417
v -0.388731 0.482686 -0.365532
v -0.309170 0.362285 -0.117073
v -0.166953 0.389748 -0.156797
v -0.093549 0.472454 -0.116134
v -0.239605 0.411648 -0.071171
v -0.020709 0.469757 -0.276603
v -0.687359 0.480960 -0.189610
v -0.640242 0.468868 -0.093196
v -0.562524 0.468104 -0.088484
v -0.263536 0.428309 -0.730547
v -0.428553 0.434699 -0.693338
v -0.199888 0.444852 -0.740848
v -0.490293 0.329855 -0.039122
v -0.539053 0.107265 0.009449
v -0.462625 0.145820 -0.056502
v -0.359264 0.360953 -0.115112
v -0.377619 0.315111 -0.126728
v -0.326564 0.157845 -0.149983
v -0.269638 0.331727 -0.154689
v -0.138013 0.313123 -0.208817
v -0.498877 0.081249 -0.008918
v -0.370860 0.106829 -0.102362
v -0.245212 0.142194 -0.159517
v -0.269504 0.089664 -0.132735
v -0.124028 0.065706 -0.150470
v -0.168187 0.109480 -0.177057
v -0.099849 0.159909 -0.213748
v -0.044356 0.080534 -0.178712
v -0.058001 0.142913 -0.193897
v -0.115068 -0.000370 -0.135848
v -0.317706 0.067658 -0.092074
v -1.047120 0.448487 -0.293616
v -0.855148 0.001007 -0.519328
v -0.890974 0.072001 -0.483102
v -0.729330 0.442755 -0.553171
v -0.861416 0.435150 -0.472220
v -0.845068 0.101885 -0.488840
v -0.851411 0.057331 -0.519538
v -0.784343 0.110677 -0.511939
v -0.769527 0.428369 -0.519511
v -0.459360 0.002220 -0.731840
v -0.649305 0.436701 -0.604402
v -0.567925 0.063484 -0.676410
v -0.536270 0.101594 -0.661144
v -0.484602 0.112077 -0.663866
v -0.447697 0.059791 0.002487
v -0.367566 0.072024 -0.742269
v -0.287439 0.101899 -0.739862
v -0.310286 0.058173 -0.761567
v -0.230119 0.109240 -0.731357
vn -0.8646 -0.1769 0.4703
vn -0.6852 0.5275 -0.5022
vn -0.8591 -0.2350 0.4547
vn -0.9852 -0.1434 0.0942
vn -0.4260 0.8165 0.3896
vn -0.4916 0.7531 0.4371
vn -0.9278 -0.0772 -0.3649
vn 0.1213 0.8476 0.5166
vn -0.9307 -0.0407 0.3636
vn -0.5858 0.8100 0.0277
vn -0.7104 0.5760 -0.4045
vn -0.1004 0.9685 0.2277
vn -0.5921 0.8051 0.0351
vn -0.1692 -0.5363 0.8269
vn -0.9647 0.0737 0.2530
vn -0.8369 0.3924 -0.3815
vn -0.7846 -0.4077 -0.4671
vn -0.7525 -0.6543 0.0748
vn -0.2174 0.2852 0.9335
vn -0.6390 0.7692 0.0107
vn -0.0610 -0.3210 0.9451
vn -0.7506 -0.2994 0.5890
vn -0.7665 -0.6365 -0.0855
vn 0.4132 0.4442 0.7950
vn -0.7422 0.5172 -0.4262
vn -0.8671 -0.2086 -0.4523
vn -0.7494 -0.5216 -0.4078
vn -0.6624 -0.7155 -0.2222
vn -0.5865 0.8100 0.0037
vn -0.8790 -0.3511 0.3226
vn -0.6099 -0.7471 0.2643
vn -0.7401 0.0949 0.6657
vn -0.1149 0.9912 0.0659
vn -0.4164 -0.8341 0.3618
vn -0.9259 -0.2334 0.2971
vn -0.9199 0.0095 -0.3920
vn -0.8584 0.4878 -0.1589
vn -0.7436 -0.6241 0.2399
vn -0.5116 0.3596 -0.7803
vn -0.5271 -0.0832 0.8457
vn -0.7876 0.1214 -0.6041
vn -0.1756 -0.8895 0.4217
vn -0.9754 0.1139 -0.1887
vn 0.4556 0.5975 0.6599
vn -0.9571 -0.1131 -0.2668
vn -0.4560 0.8601 -0.2287
vn -0.0382 0.0568 0.9977
vn -0.5438 -0.8229 -0.1647
vn -0.8535 0.4697 -0.2257
vn 0.0068 0.9999 0.0113
vn 0.0633 0.9822 0.1770
vn -0.2506 -0.1833 0.9506
vn -0.1311 -0.6737 0.7273
vn -0.2989 -0.1629 0.9403
vn 0.2216 0.3933 0.8923
vn -0.0859 -0.2501 0.9644
vn -0.7748 -0.1555 -0.6128
vn 0.0454 0.1287 0.9906
vn -0.7083 -0.5071 0.4911
vn -0.3955 -0.1278 0.9095
vn -0.6745 -0.4341 0.5972
vn -0.8073 0.4192 0.4154
vn -0.8308 0.0956 -0.5483
vn -0.0531 0.1964 0.9791
vn -0.9727 0.0125 -0.2319
vn 0.3941 0.2798 0.8755
vn -0.4244 0.2907 0.8575
vn 0.4928 -0.0594 0.8681
vn -0.1748 0.9817 -0.0756
vn -0.4710 0.2168 0.8551
vn -0.5608 -0.7250 -0.3999
vn -0.2027 0.6951 0.6897
vn 0.4872 -0.7331 0.4746
vn -0.5379 0.8397 -0.0751
vn -0.6535 0.6592 -0.3720
vn 0.1119 0.7346 0.6692
vn -0.1884 0.2181 -0.9576
vn -0.6466 0.3839 -0.6591
vn 0.3823 -0.4947 0.7805
vn -0.5291 -0.8097 0.2538
vn -0.7770 -0.5582 -0.2909
vn -0.4697 -0.1000 0.8771
vn 0.0718 -0.0372 0.9967
vn -0.6672 -0.4482 -0.5949
vn -0.6850 -0.2911 0.6678
vn -0.3963 -0.0571 0.9163
vn -0.1575 0.6265 0.7633
vn -0.1704 0.9847 -0.0368
vn -0.6828 0.6716 -0.2878
vn -0.9501 -0.3101 0.0340
vn 0.0335 -0.5380 0.8423
vn -0.9748 -0.0221 -0.2218
vn -0.7324 -0.4983 -0.4640
vn 0.3536 -0.2455 0.9026
vn 0.7198 0.2318 0.6543
vn -0.3510 -0.0969 0.9314
vn -0.9325 0.1095 -0.3443
vn -0.7654 -0.6142 0.1922
vn -0.8779 0.3084 0.3663
vn 0.3718 0.1016 0.9227
vn -0.2208 -0.4730 0.8530
vn -0.2740 0.8985 -0.3429
vn 0.5663 -0.0348 0.8235
vn -0.4381 -0.1547 0.8855
vn -0.1407 0.1494 0.9787
vn -0.8500 0.4575 -0.2610
vn -0.8097 0.2898 -0.5103
vn 0.5724 0.7736 0.2720
vn -0.7819 -0.4703 -0.4093
vn -0.2526 -0.0996 0.9624
vn -0.4573 -0.3919 0.7983
vn -0.4610 -0.1114 0.8804
vn -0.8384 0.3694 -0.4009
vn -0.8822 -0.2867 -0.3734
vn -0.8909 -0.0273 -0.4535
vn -0.6025 0.6739 -0.4276
vn -0.2651 -0.0723 0.9615
vn -0.5602 -0.2650 0.7848
vn -0.7736 0.2349 -0.5885
vn 0.0125 0.9938 -0.1104
vn -0.8319 0.3808 -0.4036
vn -0.2217 -0.8030 0.5533
vn -0.3601 0.1705 0.9172
vn 0.7253 0.0674 -0.6851
vn 0.0018 0.1836 0.9830
vn -0.9610 -0.1278 0.2454
vn -0.7474 -0.4156 -0.5182
vn -0.2576 0.2439 0.9350
vn -0.3328 -0.1409 0.9324
vn -0.4049 -0.2962 0.8650
vn -0.6100 0.1161 0.7838
vn 0.3687 -0.5199 0.7705
vn 0.4460 -0.2813 -0.8496
vn 0.5588 -0.8293 -0.0023
vn 0.3761 -0.1395 0.9160
vn -0.4930 0.1912 0.8487
vn 0.4521 -0.1454 0.8800
vn 0.3190 0.7863 0.5292
vn -0.0851 0.2882 0.9538
vn 0.4018 -0.7952 0.4541
vn 0.0008 0.4285 0.9035
vn 0.9754 0.2204 -0.0051
vn 0.2661 0.4488 0.8531
vn 0.3200 0.4828 0.8152
vn -0.6139 0.4688 -0.6351
vn -0.7309 0.1404 -0.6678
vn -0.3510 -0.5855 -0.7307
vn 0.4384 0.8621 0.2542
vn 0.3245 0.3958 -0.8591
vn 0.0680 -0.1188 0.9906
vn -0.1847 -0.0152 0.9827
vn -0.3922 -0.1473 0.9080
vn 0.0233 -0.0566 0.9981
vn -0.4655 0.0668 0.8825
vn -0.3263 -0.3052 0.8946
vn -0.6980 -0.4756 0.5353
vn -0.4030 -0.0389 0.9144
vn -0.3779 0.0649 0.9236
vn 0.6073 -0.3707 0.7026
vn -0.2021 -0.8905 -0.4075
vn -0.4756 -0.8485 -0.2321
vn -0.3374 0.6238 0.7050
vn -0.1181 0.3641 0.9238
vn -0.0723 -0.0596 0.9956
vn -0.3017 -0.2261 0.9262
vn 0.6832 -0.0083 0.7302
vn 0.8522 0.3068 0.4239
vn -0.5871 -0.5231 -0.6178
vn 0.6300 0.3937 0.6694
vn 0.9677 0.2521 0.0071
vn -0.4086 -0.7155 0.5666
vn -0.8550 0.2485 -0.4553
vn 0.5834 0.5528 0.5950
vn -0.5557 -0.7127 -0.4281
vn -0.8048 -0.5908 -0.0570
vn -0.6398 -0.2753 -0.7175
vn -0.1469 -0.6601 0.7367
vn -0.2528 0.9651 -0.0678
vn 0.9053 0.1360 0.4023
vn -0.4596 0.1270 0.8790
vn -0.9051 0.1724 -0.3887
vn 0.9186 0.1534 0.3641
vn 0.4891 0.4292 0.7593
vn -0.9167 -0.2979 -0.2662
vn 0.9407 0.3176 0.1193
vn 0.0359 0.9919 -0.1219
vn -0.7007 -0.0296 -0.7128
vn -0.9740 -0.0243 0.2254
vn -0.3768 -0.0703 0.9236
vn 0.7036 0.6829 0.1963
vn -0.1045 -0.7183 -0.6878
vn 0.1569 0.4648 0.8714
vn -0.6876 0.0187 -0.7259
vn 0.7570 0.4947 0.4269
vn 0.8773 0.3692 0.3066
vn 0.5480 0.6334 0.5463
vn -0.7621 0.1005 -0.6396
vn -0.2771 -0.7574 0.5912
vn -0.4962 -0.6656 -0.5575
vn -0.3940 0.3648 0.8436
vn 0.7052 0.6551 0.2711
vn -0.4405 -0.0250 0.8974
vn -0.4896 0.6537 -0.5770
vn 0.2877 -0.3382 0.8960
vn -0.0193 0.6303 0.7762
vn 0.1153 -0.0575 0.9917
vn 0.6746 0.6797 0.2879
vn -0.2075 -0.4356 0.8759
vn 0.4907 0.4335 0.7559
vn -0.6343 0.4086 -0.6563
vn -0.7408 0.0512 0.6698
vn 0.1936 0.9004 0.3897
vn -0.7061 -0.0801 -0.7036
vn 0.8033 0.5308 0.2700
vn 0.3571 0.9229 0.1442
vn -0.3258 0.9417 -0.0837
vn 0.5555 0.8295 -0.0576
vn 0.3143 0.9367 0.1545
vn 0.0529 0.9702 0.2365
vn -0.5469 0.6174 -0.5654
vn -0.7763 -0.5169 0.3609
vn -0.8881 -0.0417 -0.4578
vn 0.5331 0.8423 0.0793
vn 0.9903 -0.0337 0.1351
vn 0.5766 0.6009 -0.5536
vn 0.7653 0.4789 -0.4301
vn 0.8010 0.2120 -0.5599
vn 0.8674 0.4940 -0.0596
vn 0.9879 -0.0983 0.1196
vn 0.9832 0.0024 0.1824
vn 0.9948 0.0805 0.0627
vn 0.9439 0.3262 -0.0517
vn 0.9258 -0.3780 0.0002
vn 0.9361 -0.3486 -0.0465
vn 0.7689 0.5831 0.2624
vn 0.8210 -0.5337 -0.2026
vn -0.4568 0.6744 -0.5801
vn 0.8454 0.4058 0.3472
vn 0.9312 -0.3634 0.0295
vn 0.3049 0.1509 -0.9403
vn 0.7652 0.3405 0.5465
vn 0.6043 -0.7759 0.1811
vn 0.5145 -0.8574 -0.0136
vn 0.8365 -0.4023 0.3721
vn 0.4984 0.0290 0.8665
vn 0.6925 -0.4227 0.5846
vn 0.4484 0.6740 -0.5871
vn 0.4371 0.8695 -0.2301
vn 0.5312 0.5146 0.6731
vn 0.2450 -0.4222 0.8728
vn -0.2380 0.2083 0.9487
vn 0.8292 0.0392 0.5575
vn 0.6134 -0.1702 0.7712
vn -0.7583 -0.2469 0.6033
vn 0.1311 -0.6302 -0.7653
vn -0.1299 0.0432 0.9906
vn 0.0770 0.9346 0.3474
vn -0.3080 -0.3937 0.8661
vn -0.6056 -0.2409 -0.7584
vn 0.0539 0.9149 0.4001
vn 0.1192 0.9721 0.2022
vn 0.4139 0.8985 0.1464
vn 0.7104 0.6830 0.1700
vn 0.7694 -0.5728 0.2826
vn 0.7457 0.6653 0.0358
vn 0.0915 0.9875 0.1286
vn 0.4213 0.9060 0.0413
vn 0.3569 0.3906 0.8486
vn 0.9573 -0.1158 0.2649
vn 0.0087 -0.9945 0.1048
vn -0.2824 -0.1977 0.9387
vn 0.6227 0.3798 -0.6841
vn -0.4184 -0.7560 0.5033
vn -0.1227 0.0560 0.9909
vn 0.5279 0.3649 0.7669
vn -0.1505 0.9789 -0.1379
vn 0.8265 -0.5392 0.1620
vn 0.3367 0.3367 0.8794
vn 0.1874 0.9738 0.1291
vn -0.5033 -0.2676 -0.8217
vn 0.3035 0.3399 0.8901
vn -0.3212 0.2388 0.9164
vn -0.4466 0.1639 0.8796
vn 0.7197 -0.4958 0.4860
vn 0.2421 0.9696 0.0355
vn 0.2648 0.9551 0.1329
vn 0.0508 0.9974 0.0517
vn -0.5581 -0.4292 -0.7102
vn 0.1966 -0.7944 -0.5748
vn 0.7273 0.4120 0.5489
vn -0.4817 -0.3925 -0.7835
vn 0.5414 0.6802 0.4942
vn 0.6731 -0.6104 0.4176
vn 0.2830 0.9422 0.1797
vn 0.2148 0.8271 -0.5194
vn 0.0421 -0.7306 0.6815
vn 0.3760 0.9250 0.0550
vn -0.2090 -0.2610 0.9425
vn -0.0129 0.0368 0.9992
vn 0.0810 0.9317 0.3542
vn -0.1762 0.9709 -0.1620
vn 0.2979 -0.9198 0.2555
vn -0.7258 -0.0657 -0.6848
vn -0.6689 0.3232 -0.6694
vn -0.0326 0.2584 -0.9655
vn -0.5483 -0.1100 -0.8290
vn 0.2257 0.8967 0.3809
vn 0.3291 0.9441 0.0208
vn -0.8205 -0.2851 0.4955
vn 0.1953 -0.8461 0.4959
vn -0.3037 0.8198 -0.4855
vn 0.6070 0.3725 -0.7020
vn 0.7782 -0.4609 0.4265
vn 0.7079 0.6640 0.2407
vn -0.4787 0.4241 -0.7687
vn -0.6185 0.5712 -0.5397
vn -0.1906 0.0066 -0.9816
vn -0.3853 -0.1216 0.9148
vn 0.6082 -0.5166 0.6027
vn -0.2971 -0.1742 0.9388
vn 0.2550 0.9618 -0.0994
vn 0.3290 0.6223 0.7103
vn 0.1596 0.2970 0.9414
vn 0.3387 0.9355 -0.1001
vn 0.5207 -0.2425 0.8186
vn -0.3634 0.4019 -0.8405
vn 0.2270 -0.8421 0.4892
vn -0.7970 -0.2437 0.5526
vn 0.1222 0.9525 -0.2788
vn 0.6536 -0.4062 0.6386
vn 0.2885 0.8680 -0.4042
vn 0.1772 -0.8426 0.5085
vn 0.2165 -0.3845 0.8974
vn 0.2181 0.4175 -0.8821
vn -0.4118 -0.6679 -0.6200
vn 0.5417 -0.3199 -0.7774
vn 0.4933 -0.3407 0.8003
vn -0.3868 0.2768 -0.8797
vn 0.6463 0.0679 0.7600
vn 0.0900 -0.9477 -0.3062
vn -0.1066 -0.9936 0.0387
vn -0.0370 0.9985 0.0397
vn 0.0872 0.9843 0.1532
vn -0.1783 0.9628 -0.2029
vn 0.4736 0.5703 -0.6711
vn 0.2260 0.6525 0.7233
vn 0.2177 0.5035 0.8361
vn 0.1032 0.9921 0.0716
vn -0.0544 0.8834 -0.4654
vn 0.0756 0.5485 -0.8327
vn 0.7601 0.5979 -0.2545
vn 0.4425 0.7761 0.4493
vn 0.3889 0.3056 0.8691
vn 0.6568 -0.3099 -0.6874
vn 0.5235 0.0069 0.8520
vn 0.9259 0.2962 -0.2346
vn -0.4306 -0.1361 -0.8922
vn 0.8925 -0.2751 -0.3574
vn 0.7814 -0.6226 -0.0425
vn 0.7639 0.5879 0.2661
vn 0.5727 0.2013 0.7947
vn 0.9733 -0.0798 -0.2150
vn 0.6539 0.7153 0.2465
vn 0.4369 -0.1521 -0.8866
vn -0.4891 -0.1919 -0.8509
vn 0.1739 0.9686 0.1777
vn 0.0737 0.9584 0.2756
vn 0.7473 0.4516 0.4875
vn 0.3403 0.7754 0.5319
vn 0.1999 0.9723 0.1211
vn 0.6191 -0.0897 0.7802
vn 0.8735 -0.2215 -0.4335
vn -0.1263 -0.9659 0.2258
vn 0.6686 -0.3817 0.6382
vn -0.0636 0.9959 -0.0640
vn -0.2523 0.9454 -0.2063
vn -0.3786 0.3442 -0.8592
vn 0.4406 -0.2386 0.8654
vn 0.1439 -0.7717 0.6196
vn -0.2717 0.8464 -0.4581
vn 0.3905 0.2490 0.8863
vn 0.7512 -0.2015 0.6286
vn -0.4159 -0.0819 -0.9057
vn -0.2749 0.3801 -0.8831
vn -0.2414 0.9695 -0.0415
vn 0.6269 -0.4147 0.6595
vn -0.3653 0.3917 -0.8445
vn -0.4753 -0.4403 -0.7617
vn 0.0725 0.9679 0.2408
vn -0.1321 0.5142 0.8475
vn -0.2430 0.5054 -0.8280
vn 0.9565 0.2913 -0.0169
vn 0.9120 0.1849 0.3661
vn 0.9665 -0.1752 0.1878
vn -0.5866 0.0670 -0.8071
vn 0.1759 -0.9091 -0.3777
vn 0.8988 0.3213 -0.2981
vn 0.9562 -0.2762 0.0971
vn 0.9926 -0.0767 0.0944
vn 0.5908 0.2329 0.7725
vn -0.3309 -0.5549 -0.7633
vn 0.8587 0.3542 0.3703
vn 0.7111 0.6463 0.2768
vn 0.5765 -0.3825 0.7220
vn 0.6141 -0.3471 -0.7088
vn 0.6148 -0.7818 0.1040
vn 0.7166 -0.6067 0.3441
vn 0.4626 -0.8796 0.1108
vn 0.6657 -0.4635 0.5849
vn -0.3281 -0.1991 -0.9234
vn 0.7460 0.4972 0.4430
vn 0.0187 0.9734 0.2282
vn 0.3317 0.8016 -0.4974
vn 0.6163 0.6247 -0.4795
vn 0.5800 -0.8121 -0.0638
vn 0.5332 -0.6808 0.5022
vn 0.2690 -0.0364 -0.9624
vn 0.6780 0.7335 0.0478
vn -0.2295 0.7184 -0.6567
vn 0.3284 -0.3660 -0.8707
vn 0.7269 0.6077 0.3199
vn 0.3803 -0.8445 -0.3770
vn 0.5818 0.4615 0.6697
vn 0.7196 0.2469 -0.6490
vn 0.6088 -0.7050 -0.3639
vn -0.4809 0.1561 -0.8628
vn 0.6299 -0.4868 0.6052
vn 0.7374 0.2887 0.6106
vn 0.4023 0.5989 0.6925
vn 0.3495 -0.9257 0.1448
vn 0.5151 -0.7625 -0.3914
vn 0.5722 0.7740 0.2711
vn 0.2547 0.9456 0.2026
vn -0.1158 0.9774 -0.1766
vn 0.9919 0.0043 -0.1266
vn 0.6569 -0.1136 0.7454
vn 0.8767 0.2875 0.3856
vn -0.2671 -0.4560 -0.8490
vn 0.7763 0.0416 0.6290
vn 0.0986 0.9541 0.2826
vn -0.3367 0.6629 -0.6687
vn 0.8417 -0.2683 0.4685
vn 0.8338 -0.0684 -0.5478
vn 0.8210 -0.5258 0.2223
vn 0.2205 0.8761 0.4286
vn 0.8708 0.2689 0.4115
vn 0.5940 -0.7051 0.3873
vn -0.0177 0.9978 -0.0634
vn -0.4186 -0.4259 -0.8021
vn 0.4648 0.5605 0.6854
vn 0.6700 0.5542 0.4939
vn 0.0390 0.9585 0.2825
vn 0.6367 0.4861 0.5986
vn 0.8216 -0.4401 0.3623
vn 0.7579 0.4604 0.4622
vn -0.1376 0.9893 -0.0476
vn 0.6194 -0.4495 0.6437
vn 0.4550 -0.4818 0.7489
vn -0.1887 0.3063 -0.9330
vn -0.0301 0.9683 -0.2480
vn 0.4172 0.4495 0.7899
vn 0.4507 0.7699 0.4518
vn 0.5762 0.0857 0.8128
vn 0.5814 0.4526 0.6761
vn 0.6128 -0.3595 0.7038
vn 0.8450 0.4769 0.2419
vn -0.1620 0.4538 -0.8763
vn 0.6827 0.4784 0.5523
vn -0.4427 -0.1440 -0.8850
vn 0.3106 -0.8708 0.3812
vn -0.4479 -0.1765 -0.8765
vn 0.2962 0.7709 0.5639
vn 0.4544 -0.5055 0.7335
vn 0.3399 -0.4835 0.8066
vn 0.6031 -0.4782 0.6384
vn -0.2761 -0.6927 -0.6663
vn 0.4516 -0.6931 0.5618
vn 0.4128 -0.5319 0.7394
vn 0.1603 0.7911 -0.5904
vn -0.5123 -0.1017 -0.8528
vn 0.0116 0.9880 0.1539
vn -0.2715 0.2360 -0.9331
vn 0.8128 -0.3983 0.4251
vn -0.3399 -0.3115 -0.8874
vn 0.3341 -0.6122 0.7167
vn 0.4846 0.5459 0.6834
vn -0.2170 -0.5196 -0.8264
vn 0.2440 0.9569 0.1576
vn -0.1378 0.4498 -0.8824
vn -0.0709 0.9411 0.3307
vn 0.6981 0.0713 0.7124
vn 0.2565 0.0413 0.9657
vn 0.1039 -0.6873 0.7189
vn 0.6002 -0.2702 0.7528
vn 0.4777 -0.4506 0.7541
vn -0.0299 -0.1224 -0.9920
vn -0.0863 -0.9937 -0.0712
vn -0.0437 0.7491 -0.6610
vn 0.4067 0.5141 0.7552
vn 0.0255 0.3342 -0.9422
vn -0.1644 0.9591 -0.2303
vn 0.1649 -0.9078 0.3856
vn 0.6031 0.2686 0.7511
vn -0.0174 0.9568 0.2903
vn -0.0743 -0.3594 -0.9302
vn 0.2399 0.8069 0.5398
vn -0.0839 0.9934 -0.0783
vn 0.0815 0.9935 0.0797
vn 0.0435 -0.5139 0.8568
vn -0.1603 -0.2987 -0.9408
vn 0.0134 0.9781 0.2078
vn 0.2942 0.4380 0.8495
vn 0.3073 -0.4595 0.8333
vn 0.2624 0.3957 0.8801
vn 0.1574 -0.5845 0.7960
vn -0.0866 0.3517 -0.9321
vn 0.3361 0.5588 0.7581
vn 0.3449 0.4706 0.8122
vn 0.2024 -0.5747 0.7930
vn -0.0350 -0.9984 0.0453
vn 0.0365 -0.4992 0.8657
vn 0.1950 0.5354 0.8218
vn -0.0648 0.0704 -0.9954
vn -0.0129 -0.4019 0.9156
vn 0.0965 0.3433 0.9343
vn 0.4126 0.3094 0.8567
vn 0.3706 0.5481 0.7498
vn 0.2062 -0.2122 0.9552
vn 0.4174 0.8074 0.4171
vn -0.0346 0.6593 -0.7511
vn 0.2262 -0.5616 0.7959
vn -0.1428 0.0066 -0.9897
vn -0.0954 0.1157 -0.9887
vn 0.2635 0.2720 0.9255
vn 0.0802 0.9951 -0.0575
vn 0.1382 -0.1560 -0.9780
vn 0.1586 -0.2740 -0.9485
vn -0.1869 -0.4747 -0.8601
vn 0.0453 -0.7045 -0.7082
vn -0.0984 -0.6044 -0.7906
vn 0.1703 0.3042 0.9373
vn 0.2308 -0.7803 0.5812
vn 0.0205 0.4743 -0.8801
vn 0.1286 0.3906 0.9115
vn -0.0718 0.9723 0.2225
vn 0.0317 -0.4871 0.8728
vn -0.0454 0.5890 0.8068
vn 0.1574 -0.3742 0.9139
vn 0.0500 -0.7043 0.7082
vn -0.0473 0.9842 -0.1708
vn 0.0525 0.6258 -0.7782
vn -0.0434 -0.2480 -0.9678
vn 0.0250 0.9708 0.2388
vn 0.0677 -0.5036 0.8613
vn 0.2816 0.5094 0.8131
vn -0.0226 0.5279 -0.8490
vn 0.1326 0.5089 0.8506
vn 0.0449 -0.3376 -0.9402
vn 0.0753 0.4995 0.8630
vn -0.0123 0.9950 -0.0993
vn -0.0344 0.6069 0.7940
vn -0.0535 -0.4975 -0.8658
vn -0.0152 0.3554 -0.9346
vn 0.1670 0.3656 -0.9157
vn -0.1236 0.4720 0.8729
vn 0.0729 0.2606 -0.9627
vn -0.1377 -0.3873 0.9116
vn 0.1263 0.2179 -0.9678
vn -0.2111 0.5208 0.8272
vn -0.0739 0.7099 0.7004
vn -0.0139 0.7910 -0.6117
vn -0.0302 -0.3772 0.9257
vn -0.0371 -0.5949 0.8029
vn -0.1254 0.5127 0.8494
vn 0.1444 0.9337 -0.3276
vn -0.1189 0.9278 0.3535
vn 0.1219 0.5851 0.8018
vn -0.2056 -0.4686 0.8592
vn -0.0388 -0.8880 0.4582
vn -0.0508 -0.4954 0.8672
vn 0.2478 0.1871 -0.9506
vn 0.0391 -0.8325 -0.5526
vn -0.0221 -0.3023 0.9530
vn -0.0317 0.9696 -0.2428
vn 0.2959 -0.6091 -0.7359
vn 0.0155 0.8659 -0.5000
vn 0.2923 0.0959 -0.9515
vn -0.2684 -0.7697 0.5792
vn -0.1823 0.4434 0.8776
vn -0.2450 0.5121 0.8232
vn -0.2768 -0.4930 0.8248
vn 0.0669 0.4115 0.9090
vn 0.1164 -0.2124 -0.9702
vn -0.0989 -0.7648 0.6367
vn 0.1956 0.7240 -0.6615
vn 0.0208 0.9684 -0.2484
vn 0.1937 -0.5578 0.8071
vn -0.2017 -0.1983 0.9592
vn -0.3690 0.8528 0.3697
vn -0.0750 0.4796 0.8743
vn 0.4339 0.0183 -0.9008
vn -0.0122 0.9633 0.2680
vn -0.0964 0.9285 0.3585
vn -0.6129 0.2833 0.7376
vn -0.2346 0.4105 0.8811
vn 0.0493 0.6088 0.7918
vn -0.0744 0.9632 0.2582
vn -0.2242 -0.4526 0.8631
vn 0.2900 -0.1329 -0.9478
vn -0.2127 0.4662 0.8587
vn -0.2045 0.7008 0.6834
vn -0.1513 0.6277 0.7636
vn 0.2790 0.2246 -0.9337
vn -0.2329 0.4871 0.8417
vn -0.3785 -0.4382 0.8153
vn 0.2467 -0.3503 -0.9036
vn 0.2407 0.8707 -0.4289
vn -0.2391 -0.4242 0.8734
vn 0.4369 -0.1673 -0.8838
vn -0.1400 0.8966 0.4201
vn -0.1198 0.2858 0.9508
vn 0.0103 0.9655 0.2602
vn 0.3091 0.3422 -0.8873
vn 0.1916 -0.2994 -0.9347
vn 0.2136 -0.7445 -0.6326
vn -0.0398 -0.9856 -0.1646
vn -0.1530 -0.7619 0.6293
vn -0.1944 0.6522 0.7326
vn -0.2257 -0.5083 0.8311
vn 0.4137 0.3254 -0.8502
vn -0.2958 -0.4141 0.8608
vn -0.1569 0.9792 0.1288
vn -0.2039 -0.9525 0.2260
vn -0.2959 0.2745 0.9149
vn 0.3104 0.1591 -0.9372
vn -0.2700 0.7257 0.6328
vn -0.5175 0.7788 0.3545
vn -0.5553 0.3829 0.7383
vn -0.3897 -0.5490 0.7394
vn -0.0327 0.9748 0.2205
vn 0.3098 0.4345 -0.8457
vn 0.1969 -0.6265 -0.7541
vn -0.6035 -0.3580 0.7125
vn -0.3819 -0.5465 0.7453
vn -0.1782 -0.6123 0.7703
vn -0.2977 -0.4638 0.8344
vn -0.1356 0.9632 0.2321
vn 0.4524 -0.0195 -0.8916
vn -0.8317 -0.2739 0.4830
vn 0.4186 0.2332 -0.8777
vn -0.4924 -0.4889 0.7201
vn -0.4655 0.4088 0.7850
vn -0.0269 0.9412 0.3367
vn -0.1024 0.9943 0.0307
vn -0.8667 0.3467 0.3587
vn -0.3424 -0.8825 0.3223
vn 0.5652 -0.3215 -0.7597
vn -0.6272 -0.3330 0.7041
vn 0.0271 0.9678 -0.2502
vn -0.3338 0.6190 0.7109
vn 0.4597 0.3123 -0.8314
vn 0.5641 -0.2588 -0.7841
vn -0.7605 0.4139 0.5003
vn -0.5026 -0.0695 0.8617
vn -0.1520 0.9845 -0.0869
vn -0.1810 -0.9605 0.2112
vn 0.1974 -0.6822 -0.7040
vn -0.5853 0.3925 0.7095
vn -0.1014 0.9948 -0.0130
vn 0.3205 -0.5380 -0.7796
vn -0.4212 -0.4415 0.7922
vn -0.6763 0.2957 0.6747
vn -0.4627 0.3229 0.8256
vn -0.4352 -0.3481 0.8303
vn 0.3296 0.8281 -0.4534
vn -0.1504 0.2117 0.9657
vn -0.4833 0.5938 0.6433
vn -0.5748 0.2703 0.7724
vn 0.5614 0.2441 -0.7907
vn -0.3760 0.5847 0.7189
vn 0.4707 -0.3981 -0.7873
vn 0.4477 0.4534 -0.7707
vn 0.4426 0.6849 -0.5788
vn -0.3678 -0.8286 0.4221
vn -0.2685 0.9422 0.2003
vn 0.5351 0.0288 -0.8443
vn -0.6868 -0.3597 0.6316
vn -0.6231 0.6329 0.4595
vn -0.5887 0.2504 0.7686
vn 0.3795 0.6678 -0.6403
vn -0.6627 -0.6244 0.4135
vn 0.4093 0.3284 -0.8512
vn 0.1847 -0.9424 -0.2789
vn 0.4980 -0.4001 -0.7694
vn -0.5921 0.6984 0.4020
vn -0.6387 -0.4766 0.6041
vn -0.5539 -0.6681 0.4969
vn -0.7743 -0.4055 0.4858
vn -0.0126 0.9906 0.1363
vn -0.5160 -0.8001 0.3058
vn -0.8307 0.2985 0.4699
vn 0.6061 0.1280 -0.7850
vn 0.7190 -0.6517 -0.2415
vn 0.3670 0.6025 -0.7088
vn 0.6272 -0.1728 -0.7595
vn -0.8042 0.4293 0.4111
vn -0.5911 0.3566 0.7235
vn 0.6630 -0.4929 -0.5634
vn -0.4818 0.5473 0.6843
vn 0.1188 0.9832 -0.1385
vn -0.6325 -0.2195 0.7428
vn -0.8308 0.2016 0.5188
vn -0.6680 0.3523 0.6555
vn -0.7351 0.1052 0.6697
vn -0.8756 0.2254 -0.4272
vn -0.5636 -0.7224 -0.4007
vn -0.6956 -0.0357 -0.7176
vn -0.9392 -0.2016 0.2779
vn -0.7667 0.6419 -0.0153
vn -0.8104 -0.0745 -0.5812
vn -0.3986 0.1598 0.9031
vn -0.5853 0.5199 0.6222
vn -0.4783 0.7497 -0.4574
vn -0.4146 0.8903 -0.1881
vn -0.6600 -0.4627 0.5919
vn -0.6715 0.5917 0.4460
vn -0.7736 -0.5958 0.2158
vn -0.1902 0.6955 0.6929
vn -0.5068 -0.6498 -0.5665
vn -0.6195 -0.3974 0.6769
vn -0.6247 -0.7246 -0.2911
vn -0.3149 -0.8333 0.4544
vn 0.2123 -0.2458 -0.9458
vn 0.4663 0.5680 -0.6781
vn -0.7863 0.5286 0.3198
vn -0.4926 0.7082 0.5058
vn -0.5797 0.3765 0.7227
vn -0.2552 0.9353 -0.2449
vn 0.4510 0.7705 -0.4504
vn -0.1331 0.8646 -0.4845
vn -0.2082 -0.0553 0.9765
vn 0.4341 -0.6011 -0.6710
vn -0.2364 -0.4348 -0.8689
vn 0.5412 -0.4375 -0.7181
vn -0.5300 -0.8060 0.2636
vn -0.3594 -0.7855 0.5039
vn -0.3681 0.6822 0.6318
vn -0.4174 0.8090 -0.4139
vn -0.8552 0.4807 -0.1937
vn -0.7068 0.3512 -0.6141
vn -0.5369 -0.8248 0.1773
vn -0.7779 -0.2753 -0.5650
vn -0.0375 -0.9957 -0.0842
vn -0.4716 -0.4806 0.7393
vn -0.1560 -0.8146 0.5586
vn -0.1124 0.9721 0.2060
vn -0.3915 0.8653 0.3131
vn -0.7101 -0.4166 -0.5676
vn 0.3611 -0.1272 -0.9238
vn -0.9687 0.1174 0.2186
vn -0.7926 -0.0368 0.6087
vn -0.3790 0.6991 0.6064
vn 0.7606 -0.1177 -0.6385
vn 0.0512 -0.9980 0.0359
vn -0.1792 0.9572 0.2274
vn -0.6459 0.2243 0.7297
vn -0.0904 0.9947 0.0492
vn -0.2975 0.9545 0.0193
vn 0.3858 0.2734 -0.8811
vn 0.5108 0.6380 -0.5763
vn -0.5795 0.7773 0.2451
vn 0.5790 0.4666 -0.6686
vn 0.7169 -0.0460 -0.6957
vn -0.9685 0.0913 0.2317
vn 0.1331 0.9765 -0.1696
vn 0.5021 0.1767 -0.8465
vn 0.6451 -0.3378 -0.6853
vn 0.2918 0.1855 0.9383
vn -0.8928 -0.4478 -0.0478
vn -0.8545 0.2929 0.4289
vn 0.3202 -0.1409 0.9368
vn -0.5959 -0.1422 0.7904
vn -0.7758 0.3869 0.4985
vn 0.3984 0.5868 -0.7049
vn -0.6338 -0.5086 0.5828
vn -0.7972 -0.3739 0.4740
vn 0.2338 -0.5642 0.7919
vn 0.0346 0.9800 -0.1960
vn -0.1541 0.8521 0.5001
vn -0.2473 0.3365 0.9086
vn 0.1246 -0.1204 0.9849
vn -0.1244 0.9914 0.0397
vn -0.6616 0.2371 0.7114
vn -0.9366 -0.3503 0.0046
vn -0.7789 0.3453 0.5236
vn 0.6302 -0.1028 -0.7696
vn -0.6969 -0.2822 0.6593
vn -0.2432 0.9687 0.0491
vn -0.5453 -0.8127 0.2055
vn -0.1580 0.9860 -0.0536
vn -0.3355 -0.5176 0.7871
vn -0.2551 -0.0370 -0.9662
vn 0.2139 0.0345 0.9762
vn -0.3790 -0.2491 -0.8912
vn 0.1547 0.0631 0.9860
vn -0.5273 0.4248 0.7359
vn -0.4282 0.7546 -0.4973
vn -0.2200 0.9501 0.2211
vn 0.5939 -0.5709 -0.5669
vn -0.6728 -0.4272 0.6041
vn -0.3173 0.2480 -0.9153
vn -0.7046 0.6503 0.2840
vn 0.0116 -0.3635 0.9315
vn -0.7105 0.4947 0.5005
vn -0.6580 0.2092 -0.7234
vn -0.2578 0.8563 -0.4475
vn -0.6964 0.5301 -0.4838
vn -0.6572 0.7529 0.0353
vn -0.7681 -0.1903 0.6114
vn 0.1358 0.9757 -0.1722
vn -0.1680 0.6385 -0.7510
vn -0.0794 -0.8043 -0.5889
vn -0.2812 0.4622 -0.8410
vn -0.0891 -0.0221 -0.9958
vn 0.3625 0.7344 -0.5738
vn -0.1590 -0.8820 0.4435
vn -0.6696 0.0779 0.7386
vn -0.3068 -0.1187 0.9444
vn 0.1353 0.7358 0.6635
vn 0.7481 -0.0966 -0.6565
vn -0.2897 0.9571 -0.0063
vn 0.0978 0.0598 0.9934
vn -0.7808 -0.3735 0.5008
vn -0.2887 0.9278 0.2362
vn 0.5309 0.7462 -0.4016
vn 0.7817 -0.0662 -0.6201
vn -0.8102 -0.2082 0.5479
vn 0.2861 0.0784 0.9550
vn 0.2155 0.0840 -0.9729
vn 0.6886 -0.5370 -0.4872
vn -0.3648 0.7610 -0.5365
vn -0.1636 0.9838 0.0733
vn 0.5812 0.5950 -0.5552
vn -0.4476 0.7251 -0.5234
vn -0.0451 0.8142 0.5788
vn -0.5638 -0.6489 0.5108
vn 0.8882 -0.0564 -0.4560
vn 0.6377 -0.4795 -0.6029
vn -0.1357 -0.8419 0.5223
vn 0.8013 -0.2421 -0.5471
vn 0.6185 -0.6782 -0.3968
vn -0.1152 0.9883 0.0997
vn -0.7232 0.5504 0.4172
vn -0.0821 0.3919 -0.9163
vn 0.1022 -0.5126 0.8525
vn 0.5006 0.8218 -0.2721
vn -0.5108 0.2645 -0.8180
vn 0.7542 -0.2136 0.6210
vn 0.5633 -0.6746 0.4771
vn 0.1490 0.0775 0.9858
vn -0.0904 -0.9046 -0.4165
vn 0.1535 0.9875 -0.0350
vn 0.1126 0.3336 0.9359
vn -0.0226 0.9926 0.1191
vn -0.7822 -0.4628 0.4171
vn -0.9044 0.1746 -0.3892
vn 0.5239 0.7281 -0.4421
vn 0.6479 -0.0604 0.7593
vn 0.2957 -0.0327 0.9547
vn -0.3355 0.9294 0.1538
vn -0.8137 -0.5539 0.1761
vn 0.3905 0.9025 -0.1819
vn 0.7697 -0.5953 -0.2306
vn 0.2124 -0.2518 0.9442
vn 0.9437 0.2069 0.2580
vn -0.8196 0.5546 0.1437
vn 0.7641 0.2776 -0.5823
vn -0.9843 0.0904 0.1513
vn 0.1889 0.9818 -0.0209
vn 0.7983 0.0295 -0.6015
vn -0.7042 0.6878 -0.1759
vn 0.8881 0.1496 -0.4346
vn -0.8612 -0.5052 0.0557
vn -0.7992 0.5729 0.1819
vn -0.2914 0.7167 -0.6336
vn -0.7961 -0.5980 0.0932
vn -0.1980 -0.7599 0.6192
vn -0.7249 -0.2626 0.6369
vn 0.8390 -0.2268 -0.4947
vn -0.9127 0.4085 0.0117
vn -0.5759 0.1874 0.7957
vn 0.9007 -0.2988 -0.3153
vn 0.8889 0.4108 -0.2030
vn -0.4795 0.3884 0.7869
vn 0.3862 -0.5014 0.7742
vn 0.6718 -0.5733 -0.4690
vn -0.4683 -0.2965 0.8323
vn -0.2444 0.9692 -0.0311
vn -0.4466 0.7737 0.4493
vn -0.3404 -0.5620 0.7538
vn -0.4713 -0.5799 0.6646
vn -0.9007 -0.4063 0.1539
vn -0.3557 0.8324 -0.4250
vn -0.7433 -0.6520 0.1494
vn -0.2145 0.8217 0.5281
vn 0.9152 -0.2579 -0.3096
vn 0.9252 -0.1133 0.3621
vn -0.6047 0.7955 0.0400
vn -0.6667 0.6786 0.3082
vn 0.6810 -0.4941 0.5405
vn 0.6157 -0.5188 0.5931
vn 0.4826 -0.8634 -0.1475
vn -0.7702 0.5990 -0.2191
vn -0.2889 0.4967 0.8184
vn 0.5177 0.2276 0.8248
vn -0.9767 -0.2145 0.0043
vn -0.5637 -0.1557 0.8112
vn 0.8971 0.2027 0.3926
vn -0.8045 0.5695 -0.1684
vn -0.8618 -0.5018 0.0738
vn -0.2423 0.2336 0.9417
vn -0.3141 0.9325 -0.1782
vn 0.7961 -0.4183 -0.4373
vn 0.9403 -0.3355 0.0575
vn -0.9861 0.1205 -0.1143
vn -0.9135 0.3517 -0.2044
vn -0.0729 -0.6312 0.7722
vn -0.1007 0.9843 0.1451
vn -0.7622 -0.1805 0.6217
vn -0.9641 -0.2059 0.1678
vn -0.7365 0.6317 0.2419
vn -0.0367 -0.1410 0.9893
vn -0.6646 0.4374 0.6058
vn 0.0696 -0.1618 0.9844
vn -0.2539 0.9523 -0.1694
vn -0.1537 -0.0933 0.9837
vn 0.7800 0.4947 -0.3833
vn 0.5494 0.6880 0.4742
vn -0.5424 0.2833 0.7909
vn 0.7988 -0.5363 -0.2726
vn 0.9038 -0.3103 -0.2946
vn 0.9042 0.3217 -0.2811
vn 0.8662 -0.2135 -0.4518
vn 0.2122 0.1657 0.9631
vn 0.0252 -0.0131 0.9996
vn -0.2013 -0.0743 0.9767
vn 0.0258 -0.3803 0.9245
vn 0.7591 0.6139 -0.2166
vn 0.6895 0.5807 0.4328
vn -0.4374 -0.2002 0.8767
vn 0.6670 -0.7232 -0.1792
vn -0.9130 0.3116 0.2631
vn 0.7173 0.6351 -0.2867
vn 0.4836 0.2559 0.8371
vn 0.5988 0.6797 -0.4237
vn 0.1735 0.9793 -0.1045
vn 0.5871 -0.5239 0.6171
vn 0.8559 -0.3465 -0.3839
vn -0.5488 0.1205 0.8272
vn 0.2363 0.2627 0.9355
vn -0.3847 0.7098 0.5900
vn -0.1806 -0.9830 -0.0337
vn 0.4806 0.0850 0.8728
vn 0.2312 0.0831 0.9693
vn 0.6281 -0.6208 0.4692
vn -0.9418 0.3321 -0.0522
vn -0.9531 0.2939 -0.0722
vn -0.5948 0.7679 0.2378
vn 0.4625 -0.6417 0.6118
vn 0.1711 -0.3828 0.9079
vn 0.3699 0.1194 0.9214
vn -0.8304 -0.0186 0.5568
vn 0.0119 0.0635 0.9979
vn 0.6046 -0.1183 0.7877
vn 0.1727 -0.1607 0.9718
vn -0.0066 -0.0648 0.9979
vn -0.9332 0.3197 0.1641
vn -0.5160 0.7539 0.4066
vn 0.2373 -0.3982 0.8861
vn 0.2762 0.8039 0.5267
vn 0.3487 -0.2878 0.8919
vn -0.9391 0.1948 0.2830
vn 0.0709 0.3971 0.9150
vn 0.0515 -0.3336 0.9413
vn -0.8072 0.1139 0.5792
vn -0.9134 0.0315 0.4059
vn -0.5698 0.1224 0.8126
vn -0.9968 0.0664 0.0455
vn -0.8894 0.3463 0.2984
vn -0.8622 0.0024 0.5065
vn 0.7239 -0.3690 0.5829
vn 0.8745 -0.3156 0.3683
vn 0.9003 -0.1819 -0.3955
vn 0.5846 0.7830 -0.2124
vn 0.2416 -0.0515 0.9690
vn 0.7783 -0.5568 0.2901
vn 0.2696 0.1399 0.9528
vn 0.0563 -0.0477 0.9973
vn 0.1741 0.9759 0.1316
vn 0.0948 0.2650 0.9596
vn -0.5517 0.1436 0.8216
vn 0.9195 -0.3203 -0.2279
vn 0.8754 -0.3807 -0.2978
vn 0.6576 -0.6766 0.3313
vn 0.7848 -0.4845 -0.3865
vn -0.3363 0.9082 0.2491
vn 0.9537 -0.2575 0.1557
vn 0.2088 0.0272 0.9776
vn 0.8415 0.4323 -0.3240
vn 0.9374 0.1373 -0.3199
vn 0.2993 0.0425 0.9532
vn 0.4650 0.8127 -0.3513
vn 0.6601 0.5637 0.4965
vn 0.5104 0.5568 0.6553
vn 0.3522 0.9278 -0.1234
vn -0.8815 0.3048 0.3607
vn 0.8933 0.1648 -0.4183
vn -0.4187 -0.9070 0.0445
vn 0.1174 -0.5890 0.7995
vn 0.6620 -0.5951 -0.4557
vn 0.3382 -0.2587 0.9048
vn 0.7693 0.6385 0.0213
vn 0.8978 0.0634 -0.4358
vn 0.2797 -0.9542 0.1062
vn -0.3094 -0.0664 -0.9486
vn -0.3340 0.0467 0.9414
vn 0.3354 -0.2341 0.9125
vn -0.8879 0.3735 -0.2685
vn 0.6818 0.1268 0.7205
vn 0.1237 -0.0090 0.9923
vn 0.8204 -0.1007 0.5629
vn 0.0193 0.1772 0.9840
vn 0.4323 0.2646 0.8620
vn -0.1121 0.4357 0.8931
vn 0.5413 0.8407 -0.0161
vn 0.6057 -0.6245 0.4930
vn 0.0305 0.7036 0.7099
vn 0.6735 -0.5273 -0.5180
vn 0.1795 0.2175 0.9594
vn -0.5258 0.1722 -0.8330
vn -0.9696 0.0370 0.2420
vn 0.7301 -0.4197 -0.5392
vn -0.0633 0.1952 0.9787
vn 0.0949 0.1292 0.9871
vn 0.3377 -0.1770 0.9245
vn 0.5896 0.1681 0.7900
vn -0.2311 -0.6603 0.7146
vn 0.9629 -0.1899 -0.1919
vn -0.0184 -0.2642 0.9643
vn 0.9546 -0.0040 -0.2979
vn 0.7623 -0.3722 0.5295
vn 0.1737 -0.0936 0.9803
vn 0.1825 0.0517 0.9818
vn 0.0795 0.9910 0.1076
vn -0.0984 -0.7543 0.6491
vn -0.2201 0.8043 -0.5520
vn -0.3191 0.9100 0.2648
vn 0.0309 -0.0362 0.9989
vn 0.9636 -0.2485 0.0991
vn 0.6618 -0.7141 0.2284
vn 0.7631 0.5937 -0.2556
vn -0.0596 -0.0185 0.9980
vn -0.0328 -0.0897 0.9954
vn -0.8474 0.5037 -0.1679
vn 0.7568 0.6496 -0.0729
vn 0.9317 -0.0398 -0.3611
vn -0.0318 0.2721 0.9617
vn 0.0362 0.5509 0.8338
vn -0.0430 0.0700 0.9966
vn 0.8956 -0.2812 -0.3447
vn 0.7986 0.5972 -0.0742
vn 0.7879 -0.6063 -0.1079
vn 0.9002 -0.0248 -0.4348
vn 0.2966 0.9514 0.0831
vn 0.2597 0.6202 0.7402
vn 0.4917 -0.4265 0.7592
vn 0.3625 -0.4669 0.8066
vn 0.7596 0.5661 -0.3203
vn 0.4355 -0.4914 0.7542
vn 0.6997 0.0829 -0.7096
vn 0.5244 0.5943 0.6097
vn 0.2430 0.1255 0.9619
vn 0.6399 0.1525 0.7532
vn 0.1704 0.9854 0.0006
vn 0.2854 0.0760 0.9554
vn 0.1762 -0.3201 0.9308
vn 0.4499 0.4342 -0.7804
vn 0.9652 -0.1105 -0.2371
vn 0.0006 0.4606 -0.8876
vn 0.9344 -0.0521 -0.3525
vn 0.9786 0.0747 0.1920
vn 0.7932 -0.3647 0.4876
vn 0.8869 -0.1848 -0.4234
vn 0.0359 -0.2583 0.9654
vn 0.9693 0.2366 -0.0668
vn 0.9241 0.0272 -0.3812
vn 0.5158 -0.8498 0.1085
vn 0.9095 0.4157 0.0036
vn 0.5255 -0.8508 0.0013
vn 0.7506 -0.5770 -0.3219
vn 0.7506 0.1475 -0.6441
vn 0.4225 0.8608 -0.2838
vn 0.8906 0.2016 -0.4076
vn 0.5233 -0.8077 0.2716
vn 0.9454 0.2647 0.1904
vn 0.8947 0.0798 -0.4395
vn 0.8756 -0.3197 -0.3622
vn 0.6436 0.0945 0.7595
vn 0.5393 0.7776 0.3234
vn 0.9719 0.1992 -0.1255
vn 0.9442 0.0767 -0.3202
vn 0.7665 0.5739 0.2882
s 1
usemtl none
f 534//1 535//2 536//3
f 535//2 537//4 536//3
f 870//5 871//6 872//7
f 536//3 538//8 534//1
f 668//9 670//10 677//11
f 534//1 539//12 535//2
f 871//6 873//13 872//7
f 869//14 870//15 877//16
f 537//4 535//2 541//17
f 537//4 564//18 536//3
f 538//8 540//19 534//1
f 852//20 824//21 820//22
f 534//1 540//19 539//12
f 869//14 877//16 879//23
f 870//5 872//7 877//16
f 668//9 676//24 670//10
f 852//20 840//25 873//13
f 668//9 677//11 682//26
f 820//22 853//27 811//28
f 872//7 873//13 874//29
f 820//22 840//25 852//20
f 540//30 543//31 542//32
f 535//2 539//12 544//33
f 668//9 682//26 669//34
f 820//22 678//35 853//27
f 541//36 555//37 554//38
f 555//37 556//39 554//38
f 852//20 841//40 824//21
f 537//4 541//17 559//41
f 536//3 564//18 565//42
f 564//18 674//43 670//10
f 537//4 559//41 564//18
f 873//13 827//44 852//20
f 564//18 566//45 674//43
f 535//2 550//46 541//17
f 539//12 540//19 545//47
f 555//37 557//48 556//39
f 670//10 674//43 672//49
f 820//22 811//28 840//25
f 536//3 565//42 538//8
f 535//2 544//50 550//46
f 542//32 545//47 540//30
f 873//13 840//25 874//29
f 670//10 676//24 671//51
f 564//52 673//53 567//54
f 824//21 841//55 835//56
f 554//38 556//39 563//57
f 564//52 670//58 673//53
f 541//36 550//59 555//37
f 540//30 568//60 543//31
f 541//36 554//38 559//41
f 540//19 538//8 568//60
f 546//61 547//62 703//63
f 564//18 559//41 566//45
f 841//55 842//64 835//56
f 672//49 674//43 578//65
f 543//31 548//66 542//32
f 542//32 548//66 545//47
f 841//55 875//67 842//64
f 678//35 820//22 825//68
f 670//10 672//49 680//69
f 564//52 567//54 569//70
f 682//26 679//71 669//34
f 544//50 549//72 550//46
f 555//37 550//59 557//48
f 554//38 563//57 559//41
f 564//18 569//73 565//42
f 547//62 704//74 703//63
f 543//31 568//60 548//66
f 874//29 880//75 872//7
f 873//13 871//6 859//76
f 678//35 669//34 853//27
f 556//39 558//77 560//78
f 556//39 560//78 563//57
f 673//53 579//79 567//80
f 546//61 703//63 705//81
f 842//64 875//67 844//82
f 835//56 842//64 843//83
f 703//63 708//84 705//81
f 670//10 680//69 677//11
f 550//59 549//72 546//61
f 556//39 557//48 558//77
f 578//65 559//41 563//57
f 558//77 561//85 560//78
f 835//56 843//83 833//86
f 566//45 578//65 674//43
f 578//65 563//57 672//49
f 538//8 565//42 568//60
f 546//61 705//81 557//48
f 841//55 854//87 875//67
f 546//61 557//48 550//59
f 566//45 559//41 578//65
f 842//64 844//82 843//83
f 547//62 517//88 704//74
f 840//25 880//75 874//29
f 852//20 827//44 841//40
f 703//63 704//74 706//89
f 560//78 561//85 705//81
f 563//57 560//78 672//49
f 557//48 705//81 558//90
f 835//56 833//86 834//91
f 560//78 562//92 672//49
f 560//78 705//81 562//92
f 705//81 708//84 707//93
f 678//35 825//68 821//94
f 870//5 860//95 871//6
f 579//79 673//53 580//96
f 672//49 562//92 681//97
f 703//63 706//89 708//84
f 558//90 705//81 561//85
f 872//7 880//75 877//16
f 567//80 579//79 582//98
f 567//80 582//98 581//99
f 539//12 551//100 544//33
f 567//54 581//99 572//101
f 672//49 681//97 687//102
f 875//67 854//87 844//82
f 672//49 687//102 680//69
f 565//42 569//73 570//103
f 568//60 552//104 548//66
f 579//79 580//96 582//98
f 548//66 552//104 545//47
f 854//87 846//105 844//82
f 681//97 683//106 687//102
f 840//25 811//28 812//107
f 669//34 679//71 853//27
f 873//13 859//76 827//44
f 565//42 552//104 568//60
f 569//70 567//54 571//108
f 565//42 570//103 552//104
f 681//97 562//92 709//109
f 833//86 847//110 834//91
f 673//53 670//58 663//111
f 567//54 572//101 571//108
f 705//81 707//93 562//92
f 843//83 845//112 847//110
f 681//97 709//109 684//113
f 844//82 846//105 845//112
f 562//92 712//114 709//109
f 853//27 794//115 811//28
f 843//83 847//110 833//86
f 840//25 812//107 880//75
f 877//16 814//116 879//23
f 545//47 574//117 551//100
f 834//91 826//118 835//56
f 853//27 686//119 794//115
f 539//12 545//47 551//100
f 869//14 860//95 870//15
f 545//47 570//103 574//117
f 853//27 679//71 686//119
f 704//74 710//120 706//89
f 681//97 684//113 685//121
f 581//99 582//98 661//122
f 681//97 685//121 683//106
f 844//82 845//112 843//83
f 545//47 552//104 570//103
f 684//113 709//109 685//121
f 673//53 675//123 580//96
f 584//124 569//70 571//108
f 569//73 574//117 570//103
f 854//87 848//125 846//105
f 572//101 573//126 571//108
f 562//92 707//93 711//127
f 572//101 589//128 585//129
f 835//56 823//130 824//21
f 572//101 581//99 589//128
f 572//101 586//131 573//126
f 669//34 822//132 668//9
f 680//69 687//102 677//11
f 845//112 846//105 847//110
f 584//133 571//108 588//134
f 544//50 519//135 549//72
f 581//99 662//136 589//128
f 572//101 585//129 586//131
f 709//109 712//114 685//121
f 581//99 661//122 662//136
f 869//14 876//137 860//95
f 551//100 518//138 544//33
f 517//88 710//120 704//74
f 847//110 846//105 848//125
f 854//87 855//139 848//125
f 869//14 878//140 876//137
f 584//141 573//126 569//73
f 571//108 573//126 588//134
f 583//142 573//126 584//141
f 834//91 847//110 826//118
f 562//92 711//127 712//114
f 551//100 574//117 553//143
f 670//10 671//51 606//144
f 582//98 663//111 661//122
f 814//116 877//16 817//145
f 544//50 518//138 519//135
f 574//117 586//131 553//143
f 812//107 815//146 880//75
f 584//133 588//134 587//147
f 678//35 821//94 669//34
f 569//73 573//126 574//117
f 860//95 859//76 871//6
f 584//141 655//148 583//142
f 583//142 588//134 573//126
f 584//133 587//147 655//149
f 586//131 574//117 573//126
f 582//98 580//96 663//111
f 848//125 849//150 847//110
f 877//16 880//75 817//145
f 668//9 822//132 676//24
f 583//142 587//147 588//134
f 580//96 675//123 663//111
f 847//110 850//151 837//152
f 847//110 849//150 850//151
f 586//131 585//129 590//153
f 826//118 847//110 836//154
f 835//56 826//118 823//130
f 589//128 662//136 656//155
f 670//58 606//156 663//111
f 551//100 553//143 518//138
f 586//131 590//153 553//143
f 589//128 656//155 585//129
f 849//150 848//125 851//157
f 841//40 827//44 857//158
f 547//62 546//61 526//159
f 712//114 711//127 724//160
f 585//129 656//155 613//161
f 841//55 857//158 854//87
f 583//142 655//148 665//162
f 848//125 855//139 856//163
f 826//118 836//154 823//130
f 585//129 613//164 590//153
f 850//151 838//165 837//152
f 590//153 591//166 592//167
f 679//71 682//26 732//168
f 590//153 593//169 591//166
f 590//153 592//167 553//143
f 673//53 663//111 675//123
f 847//110 837//152 836//154
f 553//143 592//167 520//170
f 662//136 664//171 656//155
f 685//121 712//114 730//172
f 590//153 594//173 593//169
f 583//142 666//174 587//147
f 583//142 665//162 666//174
f 811//28 794//115 813//175
f 820//22 824//21 825//68
f 656//155 664//171 613//161
f 655//149 587//147 666//174
f 677//11 729//176 682//26
f 553//143 520//170 518//138
f 546//61 549//72 526//177
f 518//138 520//170 519//135
f 682//26 729//176 732//168
f 854//87 857//158 855//139
f 848//125 856//163 851//157
f 855//139 857//158 856//163
f 687//102 729//178 677//11
f 592//167 575//179 520//170
f 836//154 837//152 823//130
f 686//119 679//71 732//168
f 850//151 839//180 838//165
f 683//106 688//181 687//102
f 520//170 576//182 521//183
f 712//114 733//184 730//172
f 519//135 520//170 521//183
f 575//179 592//167 577//185
f 520//170 575//179 576//182
f 592//167 591//166 577//185
f 517//88 698//186 710//120
f 686//119 816//187 794//115
f 576//182 575//179 577//185
f 712//114 724//160 733//184
f 823//130 837//152 838//165
f 591//166 593//169 577//185
f 851//157 856//163 858//188
f 669//34 821//94 822//132
f 519//135 521//183 522//189
f 576//182 577//185 597//190
f 811//28 813//191 812//107
f 685//121 730//172 683//106
f 547//62 523//192 517//88
f 708//84 706//89 725//193
f 593//169 595//194 596//195
f 593//169 594//173 595//194
f 849//150 851//157 850//151
f 590//153 658//196 594//173
f 577//185 593//169 596//195
f 577//185 596//195 597//190
f 823//130 838//165 839//180
f 707//93 726//197 711//127
f 662//136 626//198 664//171
f 879//23 814//116 881//199
f 856//163 857//158 858//188
f 590//153 624//200 658//196
f 596//195 595//194 657//201
f 519//135 526//177 549//72
f 662//136 661//122 623//202
f 576//182 597//190 521//183
f 880//75 819//203 817//145
f 880//75 815//146 819//203
f 597//190 596//195 598//204
f 594//173 658//196 595//194
f 851//157 858//188 850//151
f 662//136 667//205 626//198
f 683//106 730//172 688//181
f 595//194 658//196 657//201
f 521//183 525//206 522//189
f 839//180 850//151 858//188
f 596//195 657//201 659//207
f 521//183 597//190 598//204
f 519//135 522//189 524//208
f 596//195 659//207 599//209
f 815//146 812//107 818//210
f 813//191 818//210 812//107
f 823//130 839//180 858//188
f 662//136 623//202 605//211
f 664//171 626//198 613//161
f 658//196 624//200 660//212
f 525//206 521//183 598//204
f 686//119 984//213 816//187
f 824//21 823//130 825//68
f 598//204 529//214 524//208
f 525//206 598//204 524//208
f 657//201 625//215 659//207
f 522//189 525//206 524//208
f 857//158 823//130 858//188
f 706//89 710//120 714//216
f 547//62 526//159 523//192
f 655//148 607//217 665//162
f 590//153 613//164 624//200
f 662//136 605//211 667//205
f 596//195 599//209 598//204
f 869//14 879//23 878//140
f 623//202 661//122 663//111
f 657//201 658//196 627//218
f 658//196 660//212 627//218
f 517//88 523//192 527//219
f 598//204 599//209 529//214
f 729//178 687//102 731//220
f 706//89 714//216 725//193
f 814//116 817//145 881//199
f 655//149 666//174 607//217
f 707//93 728//221 726//197
f 711//127 733//184 724//160
f 686//119 732//168 984//213
f 726//197 727//222 711//127
f 667//205 605//211 626//198
f 519//135 524//208 526//177
f 708//84 725//193 707//93
f 527//219 533//223 698//186
f 528//224 600//225 601//226
f 517//88 527//219 698//186
f 599//209 659//207 529//214
f 794//115 816//187 813//175
f 651//227 604//228 601//229
f 530//230 601//229 604//228
f 528//224 601//229 530//230
f 524//231 529//214 528//224
f 857//158 825//68 823//130
f 529//214 600//225 528//224
f 689//232 695//233 602//234
f 689//232 602//234 603//235
f 707//93 725//193 728//221
f 857//158 827//44 825//68
f 528//224 532//236 524//231
f 725//193 714//216 882//237
f 657//201 627//218 625//215
f 624//200 627//218 660//212
f 623//202 663//111 606//156
f 689//232 603//235 691//238
f 602//234 532//236 603//235
f 602//234 696//239 532//236
f 651//227 634//240 604//228
f 695//233 689//232 690//241
f 524//242 532//236 531//243
f 526//159 524//242 531//243
f 602//234 695//233 697//244
f 825//68 827//44 830//245
f 818//210 819//203 815//146
f 528//224 530//230 532//236
f 827//44 745//246 830//245
f 666//174 665//162 607//217
f 821//94 825//68 830//245
f 600//225 529//214 636//247
f 529//214 653//248 636//247
f 827//44 829//249 745//246
f 711//127 727//222 733//184
f 821//94 831//250 822//132
f 531//243 532//236 696//239
f 604//228 603//235 532//236
f 604//228 532//236 530//230
f 659//207 653//248 529//214
f 676//24 606//144 671//51
f 821//94 830//245 831//250
f 605//211 623//202 608//251
f 745//246 832//252 828//253
f 745//246 829//249 832//252
f 623//202 609//254 608//251
f 651//227 654//255 634//240
f 624//200 613//164 614//256
f 676//24 610//257 606//144
f 623//202 606//156 610//258
f 725//193 884//259 728//221
f 602//234 697//244 696//239
f 604//228 634//240 603//235
f 676//24 822//132 610//258
f 859//76 861//260 827//44
f 527//219 523//192 533//223
f 827//44 861//260 829//249
f 689//232 691//238 690//241
f 625//215 627//218 628//261
f 710//120 698//186 714//216
f 603//235 693//262 692//263
f 696//239 697//244 715//264
f 605//211 608//251 626//198
f 698//186 533//223 699//265
f 623//202 610//258 609//254
f 822//132 831//250 610//258
f 603//235 634//240 693//262
f 698//186 716//266 714//216
f 628//261 627//218 629//267
f 659//207 625//215 653//248
f 859//76 862//268 861//260
f 696//239 701//269 531//243
f 526//159 531//243 701//269
f 859//76 860//95 862//268
f 624//200 629//267 627//218
f 603//235 692//263 691//238
f 610//258 831//250 738//270
f 860//95 876//137 862//268
f 523//192 526//159 701//269
f 609//254 610//258 611//271
f 651//227 601//229 652//272
f 609//254 611//271 612//273
f 609//254 612//273 615//274
f 634//240 654//255 736//275
f 714//216 883//276 882//237
f 696//239 700//277 701//269
f 613//161 626//198 614//278
f 687//102 688//181 731//220
f 651//227 652//272 654//255
f 726//197 728//221 727//222
f 725//193 882//237 884//259
f 688//181 733//184 727//222
f 625//215 628//261 635//279
f 626//198 608//251 614//278
f 729//176 924//280 732//168
f 636//247 653//248 635//279
f 730//172 733//184 688//181
f 634//240 736//275 693//262
f 624//200 614//256 616//281
f 523//192 701//269 533//223
f 831//250 830//245 744//282
f 696//239 715//264 700//277
f 878//140 862//268 876//137
f 731//220 688//181 727//222
f 829//249 864//283 832//252
f 695//233 713//284 697//244
f 625//215 635//279 653//248
f 699//265 701//269 700//277
f 628//285 631//286 630//287
f 727//222 728//221 731//220
f 533//223 701//269 699//265
f 728//221 884//259 885//288
f 628//261 629//267 631//286
f 608//251 609//254 614//278
f 881//199 817//145 985//289
f 690//241 691//238 694//290
f 729//176 925//291 924//280
f 610//258 738//270 611//271
f 698//186 717//292 716//266
f 699//265 717//292 698//186
f 700//277 715//264 702//293
f 635//279 628//261 632//294
f 693//262 736//275 637//295
f 615//274 612//273 737//296
f 695//233 690//241 713//284
f 629//267 618//297 631//286
f 864//283 741//298 832//299
f 624//200 618//297 629//267
f 700//277 702//293 699//265
f 693//262 637//295 755//300
f 609//254 615//274 614//278
f 729//178 731//220 925//301
f 654//255 637//295 736//275
f 652//272 637//295 654//255
f 738//270 831//250 744//302
f 984//213 732//168 987//303
f 611//271 737//296 612//273
f 817//145 819//203 986//304
f 652//272 638//305 637//295
f 816//187 984//213 988//306
f 693//262 755//300 780//307
f 628//285 633//308 632//294
f 832//309 742//310 828//253
f 818//210 989//311 819//203
f 691//238 692//263 694//290
f 624//200 616//281 618//297
f 652//272 640//312 638//305
f 715//264 697//244 718//313
f 692//263 693//262 734//314
f 636//247 635//279 632//294
f 817//145 990//315 985//289
f 731//220 926//316 925//301
f 628//285 630//287 633//308
f 699//265 702//293 717//292
f 638//305 640//312 639//317
f 817//145 986//304 990//315
f 832//309 741//298 747//318
f 697//244 719//319 718//313
f 864//283 829//249 866//320
f 631//286 618//297 630//287
f 601//226 600//225 642//321
f 861//260 862//268 867//322
f 615//274 617//323 614//278
f 693//262 780//307 734//314
f 692//263 734//314 694//290
f 641//324 632//294 633//308
f 737//296 611//271 619//325
f 989//311 818//210 991//326
f 728//221 885//288 731//220
f 618//297 633//308 630//287
f 745//246 828//253 743//327
f 611//271 738//270 619//328
f 755//300 637//295 756//329
f 816//187 988//306 813//175
f 715//264 720//330 702//293
f 615//274 737//296 617//323
f 639//317 740//331 638//305
f 717//292 702//293 720//330
f 832//309 749//332 742//310
f 738//270 744//302 620//333
f 614//256 619//328 616//281
f 600//225 636//247 642//334
f 639//317 645//335 740//336
f 614//278 617//323 619//325
f 637//295 638//305 740//331
f 984//213 987//303 988//306
f 713//284 690//241 722//337
f 813//175 988//306 992//338
f 830//245 739//339 744//282
f 601//229 642//334 652//272
f 737//296 619//325 617//323
f 828//253 742//310 743//327
f 715//264 718//313 720//330
f 878//140 796//340 868//341
f 813//191 992//338 818//210
f 861//260 867//322 829//249
f 755//300 756//329 779//342
f 738//270 620//333 619//328
f 716//266 717//292 889//343
f 755//300 779//342 780//307
f 885//288 926//316 731//220
f 697//244 713//284 719//319
f 637//295 758//344 756//329
f 636//247 643//345 642//334
f 862//268 865//346 863//347
f 618//297 641//324 633//308
f 741//298 864//283 747//318
f 632//294 641//324 643//345
f 780//307 779//342 778//348
f 636//247 632//294 643//345
f 818//210 992//338 991//326
f 758//344 757//349 756//329
f 652//272 642//334 640//312
f 819//203 989//311 986//304
f 639//317 640//312 644//350
f 714//216 716//266 883//276
f 639//317 644//350 645//335
f 616//281 622//351 618//297
f 717//292 721//352 889//343
f 619//328 620//333 616//281
f 879//23 796//340 878//140
f 732//168 924//280 987//303
f 690//241 694//290 927//353
f 740//336 645//335 748//354
f 756//329 778//348 779//342
f 616//281 621//355 622//351
f 616//281 620//333 621//355
f 618//297 622//351 646//356
f 885//288 884//259 896//357
f 620//333 744//302 648//358
f 796//340 771//359 868//341
f 713//284 722//337 719//319
f 690//241 927//353 722//337
f 744//360 646//356 648//358
f 640//312 642//334 644//350
f 620//333 648//358 621//355
f 864//283 866//320 747//318
f 618//297 646//356 641//324
f 637//295 740//331 758//344
f 717//292 720//330 721//352
f 694//290 735//361 927//353
f 832//309 747//318 749//332
f 621//355 648//358 622//351
f 744//360 746//362 646//356
f 646//356 647//363 641//324
f 644//350 649//364 645//335
f 885//288 886//365 926//316
f 748//354 645//335 649//364
f 646//356 622//351 648//358
f 744//360 750//366 753//367
f 641//324 647//363 643//345
f 756//329 757//349 778//348
f 734//314 735//361 694//290
f 734//314 929//368 735//361
f 867//322 761//369 829//249
f 644//350 642//334 649//364
f 778//348 757//349 781//370
f 646//356 746//362 647//363
f 642//334 643//345 649//364
f 722//337 888//371 719//319
f 748//354 649//364 650//372
f 740//331 650//372 746//362
f 740//336 748//354 650//372
f 879//23 881//199 795//373
f 647//363 746//362 751//374
f 879//23 795//373 796//340
f 757//349 758//344 781//375
f 882//237 883//276 887//376
f 886//365 928//377 926//316
f 734//314 780//307 929//368
f 720//330 891//378 721//352
f 866//320 829//249 761//369
f 830//245 752//379 739//339
f 746//362 650//372 751//374
f 830//245 745//246 752//379
f 926//316 934//380 925//301
f 643//345 650//372 649//364
f 722//337 927//353 888//371
f 744//282 739//339 750//381
f 643//345 647//363 650//372
f 927//353 735//361 888//371
f 719//319 890//382 718//313
f 647//363 751//374 650//372
f 886//365 899//383 897//384
f 886//365 897//384 928//377
f 716//266 889//343 883//276
f 758//344 782//385 781//375
f 720//330 718//313 723//386
f 926//316 928//377 930//387
f 719//319 888//371 890//382
f 718//313 890//382 723//386
f 744//360 753//367 746//362
f 740//331 746//362 753//367
f 886//365 898//388 899//383
f 780//307 959//389 929//368
f 735//361 929//368 888//371
f 862//268 868//390 865//346
f 986//304 995//391 990//315
f 720//330 723//386 891//378
f 888//371 929//368 890//382
f 928//377 897//384 930//387
f 878//140 868//390 862//268
f 747//318 866//320 761//369
f 926//316 930//387 934//380
f 772//392 797//393 759//394
f 924//280 925//291 935//395
f 745//246 743//327 752//379
f 985//289 990//315 993//396
f 772//392 759//394 764//397
f 862//268 863//347 867//322
f 764//397 759//394 783//398
f 747//318 761//369 749//332
f 924//280 935//395 987//303
f 883//276 889//343 887//376
f 759//394 797//393 760//399
f 890//382 929//368 893//400
f 896//357 900//401 885//288
f 772//392 764//397 798//402
f 758//344 788//403 782//385
f 884//259 882//237 896//357
f 759//394 760//399 783//398
f 890//382 893//400 892//404
f 886//365 885//288 898//388
f 749//332 765//405 742//310
f 772//392 798//402 797//393
f 783//406 763//407 762//408
f 760//399 785//409 783//398
f 899//383 898//388 901//410
f 764//397 799//411 798//402
f 780//307 778//348 946//412
f 758//344 740//331 788//403
f 776//413 764//397 775//414
f 783//406 785//415 784//416
f 743//327 742//310 765//405
f 761//369 765//405 749//332
f 885//288 900//401 898//388
f 761//369 775//414 765//405
f 764//397 783//417 765//405
f 783//406 784//416 763//407
f 764//397 776//413 799//411
f 780//307 946//412 959//389
f 890//382 892//404 723//386
f 867//322 863//347 773//418
f 882//237 902//419 896//357
f 783//417 762//420 765//405
f 865//346 868//390 774//421
f 761//369 867//322 775//414
f 785//409 760//399 797//393
f 785//409 797//393 798//402
f 743//327 765//405 766//422
f 776//413 801//423 799//411
f 740//331 753//367 769//424
f 752//379 754//425 739//339
f 897//384 899//383 936//426
f 892//404 893//400 894//427
f 893//400 931//428 894//427
f 929//368 938//429 893//400
f 897//384 936//426 930//387
f 762//408 767//430 768//431
f 863//347 865//346 773//418
f 743//327 766//422 752//379
f 776//413 800//432 801//423
f 867//322 773//418 775//414
f 764//397 765//405 775//414
f 762//420 768//431 766//422
f 776//413 808//433 800//432
f 925//301 934//380 937//434
f 796//435 808//436 776//437
f 925//291 937//438 935//395
f 796//340 776//413 771//359
f 778//348 960//439 946//412
f 762//420 766//422 765//405
f 740//331 770//440 788//403
f 986//304 989//311 996//441
f 776//413 775//414 773//418
f 785//409 798//402 789//442
f 774//421 777//443 865//346
f 762//408 763//407 767//430
f 868//444 771//359 774//421
f 865//346 777//443 773//418
f 778//348 781//370 786//445
f 796//435 795//446 808//436
f 784//416 785//415 787//447
f 989//311 991//326 996//441
f 781//375 782//385 786//448
f 987//303 994//449 988//306
f 882//237 887//376 902//419
f 985//289 993//396 881//199
f 739//339 754//425 750//381
f 740//331 769//424 770//440
f 893//400 938//429 932//450
f 799//411 801//423 802//451
f 889//343 721//352 904//452
f 752//379 766//422 754//425
f 771//359 777//443 774//421
f 776//413 777//443 771//359
f 789//442 803//453 804//454
f 768//431 754//425 766//422
f 798//402 803//453 789//442
f 776//413 773//418 777//443
f 803//453 805//455 804//454
f 782//385 788//403 948//456
f 788//403 770//440 768//431
f 988//306 994//449 992//338
f 778//348 786//445 960//439
f 785//409 789//442 787//457
f 892//404 903//458 723//386
f 750//366 769//424 753//367
f 986//304 996//441 999//459
f 782//385 961//460 786//448
f 931//428 893//400 933//461
f 799//411 802//451 798//402
f 801//423 800//432 806//462
f 801//423 973//463 802//451
f 803//453 807//464 805//455
f 892//404 894//427 903//458
f 789//442 804//454 810//465
f 768//431 767//430 790//466
f 991//326 992//338 997//467
f 798//402 966//468 803//453
f 750//381 754//425 769//424
f 768//431 770//440 754//425
f 896//357 902//419 907//469
f 798//402 802//451 966//468
f 767//430 763//407 791//470
f 768//431 790//466 788//403
f 801//423 806//462 973//463
f 899//383 901//410 936//426
f 931//428 933//461 894//427
f 990//315 995//391 993//396
f 800//432 808//433 806//462
f 986//304 999//459 995//391
f 770//440 769//424 754//425
f 898//388 906//471 901//410
f 721//352 921//472 904//452
f 784//416 792//473 763//407
f 767//430 791//470 790//466
f 894//427 933//461 922//474
f 891//378 905//475 721//352
f 987//303 940//476 994//449
f 789//442 810//465 965//477
f 723//386 895//478 891//378
f 934//380 944//479 937//434
f 992//338 994//449 963//480
f 788//403 947//481 948//456
f 930//387 936//426 939//482
f 896//357 907//469 900//401
f 784//416 787//447 792//473
f 721//352 905//475 921//472
f 804//454 805//455 810//465
f 788//403 790//466 793//483
f 992//338 963//480 997//467
f 935//395 945//484 940//476
f 987//303 935//395 940//476
f 782//385 948//456 961//460
f 991//326 997//467 996//441
f 805//455 807//464 810//465
f 789//442 965//477 787//457
f 929//368 959//389 938//429
f 723//386 903//458 908//485
f 803//453 966//468 967//486
f 803//453 967//486 807//464
f 893//400 932//450 933//461
f 900//401 907//469 919//487
f 935//395 937//438 945//484
f 808//433 998//488 806//462
f 900//401 906//471 898//388
f 930//387 939//482 943//489
f 763//407 792//473 791//470
f 723//386 908//485 895//478
f 930//387 943//489 934//380
f 889//343 904//452 887//376
f 788//403 793//483 947//481
f 959//389 946//412 953//490
f 891//378 895//478 905//475
f 795//446 809//491 808//436
f 900//401 919//487 906//471
f 808//436 809//491 998//492
f 787//457 965//477 968//493
f 790//466 791//470 952//494
f 810//465 969//495 965//477
f 959//389 953//490 938//429
f 907//469 902//419 911//496
f 793//483 790//466 952//494
f 961//460 948//456 786//448
f 881//199 809//497 795//373
f 996//441 1000//498 999//459
f 807//464 967//486 970//499
f 894//427 922//474 903//458
f 995//391 999//459 1001//500
f 940//476 963//480 994//449
f 810//465 807//464 969//495
f 936//426 901//410 939//482
f 904//452 910//501 887//376
f 968//493 954//502 787//457
f 967//486 966//468 974//503
f 946//412 469//504 953//490
f 887//376 910//501 902//419
f 901//410 915//505 939//482
f 806//462 983//506 973//463
f 948//456 951//507 786//448
f 960//439 951//508 946//412
f 793//483 950//509 947//481
f 906//471 914//510 901//410
f 787//447 954//502 792//473
f 946//412 951//508 949//511
f 960//439 786//445 951//508
f 946//412 949//511 469//504
f 793//483 952//494 950//509
f 933//461 923//512 922//474
f 965//477 971//513 968//493
f 996//441 997//467 1000//498
f 998//488 983//506 806//462
f 932//450 941//514 933//461
f 792//473 955//515 791//470
f 997//467 1002//516 1000//498
f 966//468 976//517 974//503
f 802//451 973//463 976//517
f 967//486 975//518 970//499
f 919//487 914//510 906//471
f 934//380 943//489 944//479
f 802//451 976//517 966//468
f 895//478 908//485 917//519
f 907//469 911//496 919//487
f 933//461 941//514 923//512
f 932//450 938//429 941//514
f 791//470 955//515 952//494
f 997//467 963//480 1002//516
f 881//199 993//396 982//520
f 807//464 970//499 969//495
f 905//475 912//521 921//472
f 901//410 914//510 915//505
f 995//391 1001//500 993//396
f 967//486 974//503 975//518
f 965//477 969//495 971//513
f 921//472 912//521 920//522
f 792//473 954//502 955//515
f 973//463 983//506 976//517
f 895//478 917//519 905//475
f 963//480 962//523 1002//516
f 903//458 916//524 908//485
f 998//488 977//525 983//506
f 975//518 974//503 978//526
f 881//199 982//520 809//497
f 905//475 917//519 912//521
f 904//452 921//472 920//522
f 938//429 942//527 941//514
f 969//495 970//499 972//528
f 948//456 947//481 956//529
f 911//496 902//419 918//530
f 952//494 955//515 957//531
f 963//480 964//532 962//523
f 939//482 434//533 943//489
f 950//509 952//494 957//531
f 902//419 910//501 918//530
f 809//491 982//534 998//492
f 983//506 977//525 976//517
f 974//503 976//517 978//526
f 940//476 964//532 963//480
f 947//481 950//509 956//529
f 969//495 972//528 971//513
f 903//458 922//474 916//524
f 939//482 915//505 434//533
f 998//492 982//534 977//525
f 916//524 917//519 908//485
f 951//507 948//456 473//535
f 918//530 403//536 911//496
f 914//510 402//537 915//505
f 940//476 430//538 964//532
f 937//438 431//539 945//484
f 945//484 430//538 940//476
f 919//487 909//540 914//510
f 953//490 469//504 938//429
f 976//517 481//541 978//526
f 954//502 968//493 453//542
f 993//396 1001//500 507//543
f 972//528 970//499 979//544
f 469//504 949//511 464//545
f 945//484 431//539 430//538
f 971//513 453//546 968//493
f 999//459 507//543 1001//500
f 970//499 975//518 979//544
f 977//525 980//547 976//517
f 923//512 913//548 922//474
f 954//502 453//542 452//549
f 937//434 944//479 431//550
f 954//502 452//549 955//515
f 999//459 1000//498 508//551
f 964//532 467//552 962//523
f 919//487 911//496 909//540
f 920//522 404//553 904//452
f 938//429 469//504 942//527
f 957//531 451//554 950//509
f 982//534 484//555 977//525
f 943//489 434//533 437//556
f 979//544 975//518 981//557
f 910//501 904//452 404//553
f 915//505 402//537 410//558
f 915//505 410//558 434//533
f 923//512 411//559 913//548
f 923//512 941//514 411//559
f 999//459 508//551 507//543
f 976//517 980//547 481//541
f 922//474 913//548 916//524
f 948//456 958//560 473//535
f 943//489 437//556 944//479
f 920//522 406//561 404//553
f 971//513 972//528 453//546
f 951//508 464//545 949//511
f 909//540 402//537 914//510
f 975//518 978//526 981//557
f 993//396 507//543 512//562
f 951//507 473//535 464//545
f 1000//498 1002//516 510//563
f 909//540 408//564 402//537
f 411//559 941//514 433//565
f 964//532 430//538 436//566
f 972//528 480//567 453//546
f 978//526 481//541 981//557
f 434//533 410//558 435//568
f 981//557 482//569 979//544
f 941//514 942//527 433//565
f 481//541 980//547 488//570
f 437//556 432//571 944//479
f 451//554 956//529 950//509
f 913//548 411//559 407//572
f 916//524 405//573 917//519
f 993//396 512//562 982//520
f 979//544 482//569 483//574
f 948//456 457//575 958//560
f 977//525 479//576 980//547
f 942//527 469//504 466//577
f 920//522 912//521 406//561
f 977//525 484//555 479//576
f 964//532 436//566 467//552
f 957//531 955//515 451//554
f 453//542 458//578 452//549
f 962//523 510//563 1002//516
f 451//554 450//579 956//529
f 916//524 409//580 405//573
f 916//524 913//548 409//580
f 962//523 465//581 510//563
f 962//523 467//552 465//582
f 911//496 403//536 909//540
f 917//519 389//583 912//521
f 1000//498 510//563 508//551
f 404//553 401//584 910//501
f 912//521 389//583 406//561
f 909//540 403//536 395//585
f 955//515 450//579 451//554
f 944//479 432//571 431//550
f 508//551 509//586 511//587
f 434//533 435//568 437//556
f 452//549 458//578 460//588
f 452//549 460//588 955//515
f 956//529 450//589 449//590
f 480//567 454//591 453//546
f 508//551 511//587 507//543
f 972//528 979//544 480//567
f 982//534 485//592 484//555
f 403//536 918//530 398//593
f 909//540 395//585 408//564
f 910//501 401//584 918//530
f 955//515 456//594 450//579
f 453//542 454//591 458//578
f 918//530 401//584 400//595
f 979//544 483//574 480//567
f 481//541 482//569 981//557
f 917//519 405//573 389//583
f 958//560 459//596 473//535
f 955//515 460//588 456//594
f 980//597 479//598 490//599
f 481//541 488//570 486//600
f 408//564 395//585 402//537
f 510//563 509//586 508//551
f 431//539 425//601 430//538
f 473//535 459//602 464//545
f 481//541 486//600 482//569
f 464//545 461//603 469//504
f 484//555 485//592 487//604
f 980//547 490//605 488//570
f 450//589 455//606 449//590
f 469//504 461//603 470//607
f 409//580 393//608 405//573
f 948//456 956//529 449//590
f 942//527 466//577 433//565
f 467//552 468//609 465//582
f 948//456 449//590 457//575
f 430//538 425//601 436//566
f 433//565 438//610 411//559
f 913//548 407//572 409//580
f 484//555 487//611 479//576
f 469//504 470//607 466//577
f 433//565 466//577 439//612
f 435//568 440//613 437//556
f 483//574 482//569 474//614
f 480//567 489//615 454//591
f 958//560 457//575 459//596
f 402//537 397//616 410//558
f 437//556 441//617 432//571
f 407//572 411//559 391//618
f 467//552 471//619 468//609
f 402//537 395//585 397//616
f 480//567 483//574 489//615
f 435//568 410//558 440//613
f 466//577 470//607 422//620
f 431//550 432//571 441//617
f 433//565 439//612 438//610
f 403//536 398//593 395//585
f 467//552 436//566 471//619
f 389//583 390//621 406//561
f 464//545 459//602 461//603
f 483//574 474//614 489//615
f 406//561 380//622 404//553
f 507//543 511//587 512//562
f 510//563 513//623 509//586
f 409//580 407//572 393//608
f 410//558 397//616 394//624
f 465//581 513//623 510//563
f 398//593 918//530 400//595
f 982//520 497//625 485//626
f 389//583 378//627 390//621
f 411//559 438//610 391//618
f 482//569 486//600 491//628
f 406//561 390//621 380//622
f 405//573 393//608 392//629
f 389//583 405//573 378//627
f 437//556 442//630 441//617
f 410//558 394//624 440//613
f 450//589 462//631 455//606
f 450//579 456//594 462//631
f 982//520 512//562 497//625
f 455//606 462//631 449//590
f 422//620 470//607 448//632
f 485//626 497//625 514//633
f 466//577 422//620 419//634
f 449//590 446//635 457//575
f 490//605 493//636 488//570
f 401//584 404//553 380//622
f 449//590 445//637 446//635
f 486//600 494//638 491//628
f 466//577 419//634 439//612
f 456//594 463//639 462//631
f 460//588 463//639 456//594
f 487//611 495//640 479//576
f 431//539 429//641 425//601
f 398//593 396//642 395//585
f 490//599 479//598 495//643
f 437//556 440//613 442//630
f 378//627 365//644 390//621
f 482//569 491//628 474//614
f 485//592 514//645 487//604
f 489//615 474//614 475//646
f 488//570 493//636 486//600
f 431//550 441//617 429//641
f 459//602 444//647 461//603
f 398//593 400//595 399//648
f 486//600 493//636 494//638
f 436//566 425//601 471//619
f 459//596 457//575 444//647
f 398//593 399//648 396//642
f 407//572 391//618 393//608
f 487//604 514//645 339//649
f 405//573 392//629 378//627
f 449//590 462//631 445//637
f 511//587 509//586 515//650
f 489//615 475//646 454//591
f 454//591 477//651 458//578
f 474//614 491//628 492//652
f 461//603 443//653 470//607
f 512//562 511//587 497//625
f 470//607 443//653 447//654
f 470//607 447//654 448//632
f 462//631 331//655 445//637
f 463//639 460//588 476//656
f 397//616 395//585 384//657
f 458//578 477//651 337//658
f 401//584 387//659 400//595
f 401//584 380//622 387//659
f 454//591 475//646 477//651
f 390//621 365//644 379//660
f 440//613 394//624 423//661
f 390//621 379//660 380//622
f 394//624 397//616 381//662
f 487//611 339//663 495//640
f 438//610 388//664 391//618
f 461//603 444//647 443//653
f 457//575 334//665 444//647
f 458//578 337//666 460//588
f 468//609 472//667 465//582
f 395//585 396//642 384//657
f 494//638 345//668 491//628
f 457//575 446//635 334//669
f 474//614 492//652 475//646
f 468//609 471//619 472//667
f 394//624 381//662 423//661
f 396//642 399//648 382//670
f 491//628 345//668 492//652
f 392//629 393//608 364//671
f 490//605 343//672 493//636
f 460//588 337//666 476//656
f 490//599 495//643 343//672
f 392//629 364//671 378//627
f 438//610 421//673 388//664
f 393//608 391//618 376//674
f 441//617 442//630 428//675
f 397//616 384//657 381//662
f 514//676 338//677 339//663
f 493//636 496//678 494//638
f 511//587 515//650 516//679
f 393//608 376//674 364//671
f 439//612 420//680 438//610
f 438//610 420//680 421//673
f 465//582 472//667 498//681
f 441//617 428//675 429//641
f 440//613 423//661 442//630
f 509//586 499//682 502//683
f 513//623 499//682 509//586
f 462//631 463//639 330//684
f 448//632 336//685 422//620
f 465//581 498//686 513//623
f 462//631 330//684 331//655
f 439//612 419//634 420//680
f 475//646 492//652 478//687
f 446//635 445//637 332//688
f 493//636 343//672 496//678
f 494//638 342//689 345//668
f 400//595 387//659 383//690
f 511//587 516//679 497//625
f 400//595 383//690 399//648
f 475//646 478//687 477//651
f 513//623 498//686 499//682
f 463//639 476//656 333//691
f 515//650 500//692 516//679
f 497//625 338//693 514//633
f 445//637 331//655 332//688
f 378//627 364//671 365//644
f 509//586 502//683 515//650
f 471//619 426//694 472//667
f 496//678 341//695 494//638
f 447//654 336//685 448//632
f 425//601 426//694 471//619
f 391//618 388//664 366//696
f 331//655 330//684 314//697
f 477//651 478//687 347//698
f 443//653 444//647 334//665
f 443//653 334//699 447//654
f 476//656 337//666 323//700
f 492//652 344//701 478//687
f 429//641 427//702 425//601
f 497//625 287//703 338//693
f 442//630 424//704 428//675
f 399//648 386//705 382//670
f 463//639 333//691 330//684
f 494//638 341//706 342//689
f 442//630 423//661 424//704
f 495//640 339//663 340//707
f 495//643 340//707 343//672
f 345//668 344//701 492//652
f 425//601 427//702 426//694
f 384//657 385//708 381//662
f 331//655 314//697 332//688
f 399//648 383//690 386//705
f 339//663 338//677 340//707
f 422//620 336//685 412//709
f 446//635 332//688 328//710
f 429//641 428//675 427//702
f 376//674 363//711 364//671
f 477//651 351//712 337//658
f 388//664 421//673 414//713
f 446//635 328//710 334//669
f 476//656 323//700 333//691
f 420//680 419//634 413//714
f 422//620 412//709 419//634
f 309//715 308//716 307//717
f 345//668 346//718 344//701
f 345//668 342//689 346//718
f 260//719 349//720 262//721
f 384//657 396//642 382//670
f 391//618 363//711 376//674
f 391//618 366//696 363//711
f 343//672 340//707 348//722
f 260//719 350//723 349//720
f 478//687 344//701 347//698
f 477//651 347//698 351//712
f 314//697 308//716 332//688
f 309//715 310//724 308//716
f 364//671 368//725 365//644
f 496//678 343//672 353//726
f 337//658 351//712 325//727
f 307//717 294//728 309//715
f 338//677 273//729 340//707
f 388//664 414//713 366//696
f 323//700 337//666 325//727
f 330//684 333//691 314//697
f 379//660 365//644 362//730
f 307//717 311//731 295//732
f 381//662 369//733 423//661
f 332//688 308//716 310//724
f 342//689 341//706 346//718
f 497//625 516//679 504//734
f 341//695 496//678 352//735
f 344//701 346//718 347//698
f 379//660 362//730 192//736
f 347//698 346//718 351//712
f 420//680 413//714 414//713
f 346//718 341//706 351//712
f 340//707 273//729 350//723
f 421//673 420//680 414//713
f 496//678 353//726 352//735
f 307//717 308//716 311//731
f 260//719 261//737 319//738
f 343//672 348//722 353//726
f 319//738 350//723 260//719
f 502//683 499//682 501//739
f 332//688 300//740 328//710
f 307//717 295//732 306//741
f 307//717 306//741 294//728
f 497//625 504//734 361//742
f 287//703 273//729 338//693
f 419//634 412//709 413//714
f 311//731 308//716 313//743
f 472//667 503//744 498//681
f 333//691 323//700 324//745
f 295//732 311//731 296//746
f 309//715 294//728 310//724
f 260//719 259//747 261//737
f 320//748 321//749 354//750
f 262//721 259//747 260//719
f 341//695 352//735 351//712
f 308//716 314//697 313//751
f 319//738 261//737 320//748
f 311//731 313//743 312//752
f 349//720 350//723 273//729
f 384//657 382//670 385//708
f 340//707 350//723 348//722
f 351//712 352//735 325//727
f 333//691 313//751 314//697
f 365//644 368//725 362//730
f 349//720 273//729 262//753
f 321//749 312//752 354//750
f 312//752 321//749 298//754
f 366//696 414//713 363//711
f 312//752 297//755 311//731
f 332//688 310//724 300//740
f 323//700 325//727 324//745
f 379//660 367//756 380//622
f 413//714 363//711 414//713
f 321//749 272//757 298//754
f 312//752 315//758 354//750
f 385//708 371//759 381//662
f 320//748 272//757 321//749
f 325//727 352//735 327//760
f 364//671 363//711 368//725
f 325//727 327//760 326//761
f 311//731 297//755 296//746
f 320//748 263//762 272//757
f 427//702 416//763 426//694
f 262//753 273//729 277//764
f 324//745 313//751 333//691
f 334//669 328//710 335//765
f 310//724 294//728 299//766
f 328//710 300//740 318//767
f 334//699 335//765 329//768
f 320//748 261//737 263//762
f 319//738 320//748 354//750
f 423//661 369//733 370//769
f 515//650 502//683 501//739
f 348//722 350//723 353//726
f 379//660 192//736 367//756
f 383//690 373//770 386//705
f 353//726 354//771 352//735
f 325//727 326//761 315//758
f 499//682 506//772 501//739
f 353//726 350//723 354//771
f 472//667 505//773 503//744
f 334//699 329//768 447//654
f 324//745 325//727 315//758
f 327//760 352//735 322//774
f 319//738 354//750 350//723
f 413//714 412//709 363//711
f 312//752 298//754 297//755
f 324//745 315//758 313//751
f 472//667 426//694 505//773
f 380//622 367//756 197//775
f 423//661 370//769 377//776
f 423//661 377//776 424//704
f 354//750 322//774 352//735
f 312//752 313//743 315//758
f 363//711 412//709 368//725
f 382//670 372//777 385//708
f 515//650 501//739 500//692
f 272//757 264//778 298//754
f 327//760 316//779 326//761
f 326//761 316//779 315//758
f 500//692 504//734 516//679
f 310//724 299//766 138//780
f 497//625 361//742 287//703
f 499//682 498//686 506//772
f 381//662 371//759 369//733
f 298//754 264//778 301//781
f 354//750 315//758 322//774
f 387//659 380//622 197//775
f 368//725 412//709 193//782
f 327//760 322//774 316//779
f 322//774 315//758 316//779
f 336//685 169//783 412//709
f 428//675 424//704 415//784
f 424//704 377//776 415//784
f 368//725 195//785 362//730
f 385//708 372//777 371//759
f 296//746 226//786 295//732
f 428//675 415//784 427//702
f 306//741 222//787 294//728
f 318//767 317//788 328//710
f 263//762 261//737 267//789
f 259//747 266//790 261//737
f 370//769 369//733 377//776
f 426//694 416//763 505//773
f 447//654 329//768 336//685
f 371//759 377//776 369//733
f 298//754 301//781 218//791
f 192//736 198//792 367//756
f 412//709 209//793 193//782
f 137//794 138//780 139//795
f 382//670 374//796 372//777
f 137//794 300//740 138//780
f 328//710 317//788 335//765
f 382//670 386//705 374//796
f 298//754 219//797 297//755
f 367//756 198//792 197//775
f 139//795 140//798 137//794
f 383//690 387//659 197//775
f 306//741 295//732 226//786
f 386//705 373//770 374//796
f 310//724 138//780 300//740
f 362//730 191//799 192//736
f 335//765 304//800 329//768
f 193//782 209//793 194//801
f 368//725 193//782 195//785
f 300//740 317//788 318//767
f 300//740 137//794 302//802
f 272//757 244//803 264//778
f 362//730 195//785 191//799
f 137//794 146//804 302//802
f 264//778 244//803 265//805
f 209//793 210//806 194//801
f 383//690 197//775 373//770
f 137//794 140//798 141//807
f 329//768 170//808 336//685
f 427//702 417//809 416//763
f 193//782 194//801 196//810
f 137//794 152//811 146//804
f 263//762 244//812 272//757
f 298//754 218//791 219//813
f 209//793 172//814 210//806
f 317//788 304//800 335//765
f 139//795 138//780 299//766
f 146//815 152//816 142//817
f 371//759 372//777 377//776
f 139//795 127//818 140//798
f 139//795 299//766 143//819
f 415//784 377//776 372//777
f 427//702 415//784 417//820
f 142//817 147//821 146//815
f 146//804 149//822 302//802
f 294//728 222//787 299//766
f 139//795 143//819 127//818
f 300//740 302//802 303//823
f 146//815 147//821 149//824
f 142//817 148//825 147//821
f 300//740 304//800 317//788
f 412//709 169//783 209//793
f 143//819 299//766 124//826
f 263//762 267//789 244//812
f 143//819 124//826 123//827
f 262//721 277//828 259//747
f 143//819 123//827 98//829
f 300//740 303//823 304//800
f 142//817 152//816 148//825
f 137//794 141//807 152//811
f 143//819 98//829 127//818
f 503//744 357//830 498//681
f 192//736 184//831 198//792
f 261//737 266//790 267//789
f 123//827 124//826 125//832
f 194//801 210//806 188//833
f 336//685 170//808 169//783
f 140//798 144//834 141//807
f 193//782 196//810 195//785
f 415//784 213//835 417//820
f 500//692 360//836 504//734
f 192//736 191//799 183//837
f 124//826 126//838 125//832
f 296//746 297//755 219//797
f 149//822 147//821 150//839
f 302//802 149//822 303//823
f 264//778 218//791 301//781
f 505//773 416//763 418//840
f 503//744 505//773 357//830
f 152//811 141//807 151//841
f 140//798 127//818 145//842
f 277//828 266//790 259//747
f 150//839 303//823 149//822
f 500//692 501//739 360//843
f 303//823 156//844 304//800
f 123//827 125//832 98//829
f 140//798 145//842 144//834
f 222//787 124//826 299//766
f 125//832 126//838 136//845
f 194//801 199//846 196//810
f 191//799 195//785 183//837
f 505//773 418//840 215//847
f 192//736 183//837 184//831
f 498//686 355//848 506//772
f 126//838 124//826 223//849
f 373//770 204//850 374//796
f 372//777 375//851 415//784
f 210//806 172//814 188//833
f 329//768 304//800 170//808
f 127//818 120//852 145//842
f 209//793 171//853 172//814
f 150//839 147//821 153//854
f 136//845 126//838 221//855
f 287//703 277//764 273//729
f 222//787 223//849 124//826
f 303//823 150//839 153//854
f 501//739 359//856 360//843
f 505//773 215//847 357//830
f 152//816 154//857 148//825
f 304//800 156//844 170//808
f 136//845 221//855 128//858
f 194//801 188//833 199//846
f 126//838 220//859 221//855
f 223//849 220//860 126//838
f 498//681 357//830 355//861
f 127//818 119//862 120//852
f 501//739 506//772 359//856
f 264//778 265//805 218//791
f 147//821 154//857 153//854
f 306//741 226//863 222//787
f 141//807 144//834 155//864
f 303//823 153//854 156//844
f 195//785 196//810 187//865
f 361//742 504//734 360//836
f 209//793 169//783 171//853
f 213//835 415//784 375//851
f 416//763 417//809 418//840
f 147//821 148//825 154//857
f 151//841 42//866 152//811
f 197//775 205//867 373//770
f 141//807 155//864 151//841
f 221//855 131//868 128//858
f 98//829 125//832 129//869
f 152//816 42//866 154//857
f 374//796 204//850 372//777
f 120//852 121//870 145//842
f 183//837 195//785 187//865
f 196//810 186//871 187//865
f 197//775 200//872 205//867
f 144//834 145//842 155//864
f 156//844 305//873 170//808
f 154//857 156//844 153//854
f 125//832 136//845 129//874
f 120//852 119//862 121//870
f 127//818 98//829 119//862
f 128//858 130//875 136//845
f 170//808 305//873 158//876
f 506//772 355//848 356//877
f 183//837 185//878 184//831
f 183//837 187//865 185//878
f 265//805 244//803 218//791
f 170//808 158//876 169//783
f 373//770 205//867 204//850
f 221//855 220//859 131//868
f 296//746 219//797 226//786
f 198//792 184//831 68//879
f 196//810 199//846 188//833
f 220//860 130//875 131//868
f 375//851 372//777 203//880
f 151//841 155//864 157//881
f 203//880 211//882 375//851
f 155//864 145//842 121//870
f 75//883 76//884 185//878
f 130//875 128//858 131//868
f 136//845 130//875 129//874
f 156//844 159//885 305//873
f 185//878 189//886 75//883
f 187//865 189//886 185//878
f 222//787 225//887 224//888
f 222//787 224//888 223//849
f 196//810 188//833 186//871
f 223//849 224//888 220//860
f 357//830 358//889 355//861
f 188//833 172//814 174//890
f 277//764 269//891 266//790
f 375//851 211//882 213//835
f 201//892 212//893 203//880
f 154//857 159//885 156//844
f 169//783 158//876 171//853
f 212//893 211//882 203//880
f 155//864 121//870 157//881
f 76//884 75//883 81//894
f 98//829 129//869 97//895
f 204//850 202//896 372//777
f 218//791 244//803 219//813
f 81//894 75//883 77//897
f 185//878 76//884 78//898
f 266//790 269//891 268//899
f 266//790 268//899 267//789
f 277//764 276//900 269//891
f 154//857 42//866 159//885
f 225//887 227//901 224//888
f 188//833 174//890 86//902
f 119//862 98//829 122//903
f 75//883 79//904 77//897
f 267//789 270//905 244//812
f 76//884 81//894 78//898
f 222//787 226//863 225//887
f 185//878 78//898 184//831
f 129//906 132//907 97//895
f 220//860 224//888 130//875
f 305//873 173//908 158//876
f 157//881 121//870 108//909
f 359//856 506//772 356//877
f 130//875 134//910 129//874
f 132//907 129//906 133//911
f 201//892 203//880 181//912
f 372//777 202//896 203//880
f 158//876 173//908 84//913
f 187//865 186//871 189//886
f 75//883 189//886 79//904
f 122//903 121//870 119//862
f 267//789 268//899 270//905
f 224//888 227//901 112//914
f 171//853 174//890 172//814
f 219//797 244//812 270//905
f 134//915 133//911 129//906
f 130//875 224//888 134//910
f 186//871 190//916 189//886
f 225//887 226//786 229//917
f 224//888 135//918 134//910
f 225//887 229//917 227//901
f 224//888 112//914 135//918
f 157//881 41//919 151//841
f 79//904 189//886 80//920
f 226//786 219//797 270//905
f 226//786 228//921 229//917
f 80//920 84//913 79//904
f 173//908 79//904 84//913
f 122//903 99//922 121//870
f 203//880 202//896 206//923
f 305//873 159//885 173//908
f 201//892 181//912 178//924
f 173//908 160//925 79//904
f 171//853 175//926 174//890
f 77//897 79//904 43//927
f 226//786 270//905 228//921
f 159//885 42//866 160//925
f 132//907 133//911 97//895
f 171//853 158//876 84//913
f 108//909 41//919 157//881
f 81//894 85//928 78//898
f 79//904 83//929 82//930
f 186//871 86//902 190//916
f 175//926 190//916 86//902
f 80//920 190//916 84//913
f 79//904 82//930 43//927
f 186//871 188//833 86//902
f 171//853 84//913 175//926
f 189//886 190//916 80//920
f 84//913 190//916 175//926
f 121//870 99//922 100//931
f 79//904 160//925 83//929
f 159//885 160//925 173//908
f 133//911 134//915 102//932
f 357//830 215//847 358//889
f 108//909 107//933 41//919
f 41//919 82//930 42//866
f 41//919 42//866 151//841
f 160//925 82//930 83//929
f 82//930 107//933 43//927
f 122//903 98//829 99//922
f 228//921 270//905 230//934
f 41//919 107//933 82//930
f 175//926 86//902 174//890
f 99//922 101//935 100//931
f 98//829 97//895 29//936
f 205//867 200//872 180//937
f 160//925 42//866 82//930
f 268//899 278//938 270//905
f 203//880 206//923 181//912
f 121//870 100//931 108//909
f 107//933 88//939 43//927
f 202//896 208//940 206//923
f 417//809 216//941 418//840
f 98//829 101//935 99//922
f 212//893 214//942 211//882
f 204//850 207//943 202//896
f 270//905 236//944 230//934
f 97//895 133//911 102//932
f 107//933 109//945 44//946
f 43//927 88//939 87//947
f 107//933 44//946 88//939
f 78//898 85//928 184//831
f 356//877 355//848 290//948
f 81//894 61//949 85//928
f 215//847 418//840 216//941
f 98//829 29//936 101//935
f 77//897 43//927 55//950
f 417//809 217//951 216//941
f 107//933 110//952 109//945
f 361//742 360//836 286//953
f 236//944 245//954 230//934
f 356//877 288//955 359//856
f 197//775 198//792 200//872
f 205//867 180//937 204//850
f 417//820 213//835 217//956
f 134//910 135//918 93//957
f 212//893 201//892 177//958
f 88//939 44//946 45//959
f 236//944 271//960 245//954
f 101//935 103//961 100//931
f 287//703 293//962 277//764
f 212//893 177//958 214//942
f 204//850 180//937 207//943
f 135//963 114//964 93//965
f 198//792 68//879 200//872
f 43//927 87//947 55//950
f 108//909 100//931 110//952
f 45//966 44//967 46//968
f 97//895 102//932 104//969
f 108//909 110//952 107//933
f 245//954 246//970 237//971
f 44//946 47//972 46//968
f 29//936 103//961 101//935
f 245//954 237//971 230//934
f 361//742 286//953 287//703
f 100//931 103//961 110//952
f 245//954 271//960 249//973
f 109//945 110//952 44//946
f 230//934 237//971 238//974
f 87//947 88//939 55//950
f 110//952 47//972 44//946
f 230//934 238//974 239//975
f 237//971 247//976 238//974
f 47//972 110//952 48//977
f 103//961 106//978 110//952
f 45//966 46//968 47//972
f 102//932 105//979 104//969
f 77//897 55//950 59//980
f 246//970 248//981 237//971
f 110//952 49//982 48//977
f 45//959 47//972 88//939
f 110//952 106//978 49//982
f 236//944 252//983 271//960
f 230//934 231//984 228//921
f 88//939 47//972 50//985
f 246//970 245//954 249//973
f 50//985 48//977 1//986
f 106//978 111//987 49//982
f 49//982 27//988 48//977
f 88//939 50//985 3//989
f 48//977 27//988 28//990
f 104//969 89//991 97//895
f 201//892 178//924 177//958
f 112//914 227//901 118//992
f 355//861 358//889 234//993
f 49//982 111//987 27//988
f 103//961 29//936 106//978
f 211//882 162//994 213//835
f 48//977 28//990 1//986
f 355//848 234//993 290//948
f 271//960 250//995 249//973
f 288//955 356//877 290//948
f 47//972 48//977 50//985
f 29//936 97//895 30//996
f 236//944 258//997 252//983
f 271//960 252//983 250//995
f 104//969 105//979 89//998
f 246//970 249//973 248//981
f 184//831 85//928 58//999
f 50//985 1//986 3//989
f 29//936 111//987 106//978
f 135//963 96//1000 114//964
f 237//971 248//981 247//976
f 1//986 2//1001 3//989
f 202//896 207//943 182//1002
f 206//923 208//940 179//1003
f 359//856 288//955 360//843
f 134//910 93//957 38//1004
f 215//847 216//941 176//1005
f 97//895 89//991 30//996
f 88//939 56//1006 55//950
f 249//973 250//995 248//981
f 202//896 182//1002 208//940
f 111//987 29//936 27//988
f 85//928 61//949 58//999
f 1//986 28//990 29//936
f 211//882 214//942 162//994
f 81//894 77//897 60//1007
f 27//988 29//936 28//990
f 1//986 29//936 2//1001
f 206//923 179//1003 181//912
f 247//976 248//981 251//1008
f 360//843 288//955 289//1009
f 3//989 2//1001 56//1006
f 214//942 177//958 161//1010
f 93//965 114//964 95//1011
f 102//932 134//915 105//979
f 213//835 162//994 163//1012
f 269//891 274//1013 275//1014
f 214//942 161//1010 162//994
f 92//1015 90//1016 31//1017
f 360//836 289//1009 286//953
f 134//915 38//1004 105//979
f 88//939 3//989 56//1006
f 247//976 239//975 238//974
f 277//764 279//1018 276//900
f 247//976 251//1008 239//975
f 29//936 30//996 2//1001
f 239//975 251//1008 240//1019
f 358//889 235//1020 234//993
f 89//998 105//979 91//1021
f 230//934 239//975 240//1019
f 276//900 279//1022 269//891
f 213//835 163//1012 217//956
f 216//941 166//1023 176//1005
f 31//1017 4//1024 32//1025
f 114//964 96//1000 95//1011
f 31//1017 9//1026 4//1027
f 105//979 38//1004 91//1021
f 31//1017 35//1028 92//1015
f 30//996 89//991 34//1029
f 215//847 176//1005 235//1020
f 89//998 37//1030 34//1029
f 2//1001 33//1031 5//1032
f 230//934 240//1019 231//984
f 4//1027 33//1031 36//1033
f 240//1019 241//1034 231//984
f 236//944 270//905 258//997
f 290//948 291//1035 288//955
f 2//1001 30//996 33//1031
f 228//921 232//1036 229//917
f 33//1031 30//996 34//1029
f 215//847 235//1020 358//889
f 248//981 250//995 251//1008
f 91//1021 37//1030 89//998
f 56//1006 2//1001 57//1037
f 95//1011 94//1038 93//965
f 252//983 253//1039 250//995
f 32//1025 36//1040 9//1041
f 251//1008 241//1034 240//1019
f 4//1024 36//1040 32//1025
f 31//1017 32//1025 35//1028
f 4//1027 5//1032 33//1031
f 289//1009 288//955 291//1035
f 33//1031 34//1029 36//1033
f 207//943 180//937 182//1002
f 55//950 56//1006 59//980
f 178//924 51//1042 177//958
f 216//941 217//951 166//1023
f 250//995 253//1039 251//1008
f 90//1016 92//1015 35//1028
f 181//912 51//1042 178//924
f 269//891 275//1014 268//899
f 2//1001 5//1032 12//1043
f 31//1017 90//1016 9//1026
f 254//1044 243//1045 251//1008
f 251//1008 253//1046 254//1044
f 2//1001 12//1043 57//1037
f 35//1028 32//1025 9//1041
f 4//1027 6//1047 5//1032
f 200//872 68//879 180//937
f 268//899 275//1014 278//938
f 179//1003 208//940 62//1048
f 251//1008 243//1045 242//1049
f 77//897 59//980 60//1007
f 286//953 289//1009 292//1050
f 252//983 258//997 253//1039
f 93//965 94//1038 39//1051
f 253//1046 255//1052 254//1044
f 12//1043 5//1032 8//1053
f 112//914 113//1054 135//918
f 4//1027 9//1026 10//1055
f 9//1056 36//1057 10//1058
f 9//1041 90//1016 35//1028
f 93//957 39//1059 38//1004
f 4//1027 10//1055 6//1047
f 184//831 58//999 68//879
f 232//1036 228//921 233//1060
f 181//912 179//1003 51//1042
f 290//948 281//1061 291//1035
f 34//1029 37//1030 36//1033
f 94//1038 95//1011 40//1062
f 37//1030 10//1058 36//1057
f 5//1032 7//1063 8//1053
f 177//958 51//1042 161//1010
f 7//1063 11//1064 8//1053
f 68//879 74//1065 180//937
f 287//703 286//953 292//1050
f 162//994 161//1010 164//1066
f 91//1021 38//1004 37//1030
f 39//1051 94//1038 40//1062
f 253//1039 258//997 280//1067
f 161//1010 51//1042 164//1066
f 135//963 115//1068 96//1000
f 251//1008 242//1049 241//1034
f 37//1030 38//1004 10//1058
f 243//1045 254//1044 256//1069
f 234//993 281//1061 290//948
f 5//1032 6//1047 7//1063
f 228//921 231//984 233//1060
f 208//940 182//1002 73//1070
f 163//1012 167//1071 113//1054
f 235//1020 165//1072 234//993
f 234//993 165//1072 233//1060
f 162//994 167//1071 163//1012
f 51//1042 65//1073 164//1066
f 135//918 113//1054 115//1074
f 59//980 56//1006 72//1075
f 229//917 118//992 227//901
f 11//1064 7//1063 13//1076
f 179//1003 65//1073 51//1042
f 10//1058 38//1004 16//1077
f 235//1020 176//1005 165//1072
f 39//1059 16//1077 38//1004
f 162//994 164//1066 167//1071
f 95//1011 96//1000 40//1062
f 254//1044 255//1052 256//1069
f 253//1046 280//1067 255//1052
f 60//1007 61//949 81//894
f 179//1003 62//1048 65//1073
f 176//1005 166//1023 165//1072
f 234//993 233//1060 281//1061
f 289//1009 291//1035 284//1078
f 16//1077 39//1059 15//1079
f 62//1048 63//1080 64//1081
f 255//1052 257//1082 256//1069
f 13//1076 14//1083 11//1064
f 56//1006 57//1037 72//1075
f 61//949 74//1065 68//879
f 217//956 163//1012 117//1084
f 12//1043 8//1053 22//1085
f 269//891 279//1022 274//1013
f 231//984 242//1049 243//1045
f 39//1051 40//1062 15//1086
f 241//1034 242//1049 231//984
f 64//1081 66//1087 52//1088
f 64//1081 52//1088 62//1048
f 62//1048 67//1089 63//1080
f 164//1066 65//1073 168//1090
f 208//940 73//1070 62//1048
f 62//1048 69//1091 67//1089
f 164//1066 168//1090 167//1071
f 11//1064 14//1083 8//1053
f 65//1073 62//1048 52//1088
f 65//1073 52//1088 168//1090
f 61//949 68//879 58//999
f 163//1012 113//1054 117//1084
f 180//937 73//1070 182//1002
f 62//1048 73//1070 69//1091
f 73//1070 60//1007 69//1091
f 217//951 117//1092 166//1023
f 243//1045 256//1069 257//1082
f 64//1081 63//1080 66//1087
f 168//1090 52//1088 54//1093
f 16//1077 23//1094 10//1058
f 231//984 243//1045 257//1082
f 53//1095 167//1071 54//1093
f 255//1052 280//1067 257//1082
f 53//1095 54//1093 20//1096
f 10//1055 17//1097 6//1047
f 72//1075 26//1098 59//980
f 52//1088 18//1099 54//1093
f 168//1090 54//1093 167//1071
f 180//937 74//1065 73//1070
f 18//1099 52//1088 21//1100
f 52//1088 66//1087 71//1101
f 291//1035 281//1061 283//1102
f 63//1080 67//1089 71//1101
f 53//1095 20//1096 116//1103
f 10//1055 23//1104 17//1097
f 96//1000 15//1086 40//1062
f 229//917 232//1036 118//992
f 69//1091 70//1105 67//1089
f 53//1095 116//1103 167//1071
f 52//1088 71//1101 21//1100
f 12//1043 72//1075 57//1037
f 7//1063 6//1047 13//1076
f 59//980 69//1091 60//1007
f 59//980 26//1098 69//1091
f 287//703 292//1050 293//1106
f 12//1043 22//1085 72//1075
f 18//1099 21//1100 25//1107
f 167//1071 115//1074 113//1054
f 277//764 293//962 279//1018
f 16//1077 15//1079 23//1094
f 63//1080 71//1101 66//1087
f 13//1076 19//1108 14//1083
f 231//984 257//1082 280//1067
f 54//1093 18//1099 20//1096
f 270//905 282//1109 258//997
f 8//1053 14//1083 19//1108
f 60//1007 73//1070 74//1065
f 13//1076 6//1047 19//1108
f 61//949 60//1007 74//1065
f 289//1009 284//1078 292//1050
f 231//984 280//1067 258//997
f 69//1091 26//1098 70//1105
f 166//1023 118//992 165//1072
f 96//1000 23//1094 15//1079
f 165//1072 118//992 232//1036
f 293//1106 292//1050 285//1110
f 18//1099 23//1111 20//1096
f 233//1060 282//1109 281//1061
f 8//1053 19//1108 22//1085
f 291//1035 283//1102 284//1078
f 71//1101 67//1089 70//1105
f 167//1071 116//1103 115//1074
f 72//1075 22//1085 19//1108
f 20//1096 115//1074 116//1103
f 96//1000 115//1068 23//1094
f 71//1101 70//1105 21//1100
f 292//1050 284//1078 285//1110
f 18//1099 25//1107 23//1104
f 20//1096 23//1111 115//1074
f 270//905 278//938 282//1109
f 6//1047 17//1097 19//1108
f 166//1023 117//1092 118//992
f 112//914 118//992 117//1092
f 278//938 281//1061 282//1109
f 258//997 282//1109 231//984
f 165//1072 232//1036 233//1060
f 278//938 283//1102 281//1061
f 231//984 282//1109 233//1060
f 19//1108 17//1097 24//1112
f 19//1108 24//1112 72//1075
f 70//1105 26//1098 25//1107
f 70//1105 25//1107 21//1100
f 23//1104 25//1107 17//1097
f 112//914 117//1084 113//1054
f 72//1075 24//1112 26//1098
f 284//1078 283//1102 275//1014
f 283//1102 278//938 275//1014
f 293//1106 285//1110 279//1022
f 25//1107 24//1112 17//1097
f 25//1107 26//1098 24//1112
f 284//1078 275//1014 274//1013
f 284//1078 274//1013 285//1110
f 285//1110 274//1013 279//1022
