# Blender 5.2.0 LTS
# www.blender.org
mtllib finial_kynara.mtl
o finial_kynara
v -0.496110 0.175210 -0.004031
v -0.490765 0.173855 -0.017319
v -0.484653 0.155405 0.034530
v -0.488348 0.174842 0.015268
v -0.477492 0.184878 -0.005215
v -0.474862 0.140323 -0.062740
v -0.483393 -0.058890 -0.234130
v -0.483103 -0.067009 -0.201042
v -0.483791 -0.042501 0.258092
v -0.481203 -0.059264 0.213232
v -0.481390 -0.032425 -0.272657
v -0.474226 -0.023804 -0.255342
v -0.477202 -0.029427 0.278725
v -0.476628 -0.024717 0.256280
v -0.478080 -0.117269 0.147403
v -0.477920 -0.116794 -0.134587
v -0.475056 -0.119192 0.126567
v -0.464553 -0.025298 0.236256
v -0.468845 -0.021611 -0.277299
v -0.468700 -0.047945 0.285315
v -0.457882 -0.056247 -0.174308
v -0.466036 -0.160226 0.094364
v -0.459614 -0.019516 0.278049
v -0.475189 0.095813 0.000794
v -0.468140 0.120539 0.083362
v -0.462659 -0.037213 -0.292517
v -0.465190 -0.051807 -0.287228
v -0.473003 -0.125226 -0.107558
v -0.469801 -0.040372 0.000519
v -0.460751 -0.158005 0.082637
v -0.465104 -0.157241 -0.087047
v -0.453145 -0.050031 0.184803
v -0.449783 0.035925 -0.103772
v -0.457442 -0.037981 0.291970
v -0.458615 -0.150725 -0.145599
v -0.448804 -0.052404 0.094882
v -0.449204 -0.019609 -0.261441
v -0.453648 0.045813 0.089500
v -0.449050 0.115970 -0.096626
v -0.449728 -0.106484 -0.255244
v -0.456740 -0.167138 -0.067958
v -0.454407 -0.107856 0.000934
v -0.458537 0.099392 -0.108718
v -0.455902 -0.158494 0.144993
v -0.452686 -0.095179 0.261854
v -0.448656 -0.108024 -0.099604
v -0.450312 0.081756 0.125804
v -0.443429 -0.089421 0.129009
v -0.450845 0.119703 0.091195
v -0.448993 -0.064993 -0.091784
v -0.435752 -0.032909 -0.218869
v -0.434113 -0.027602 -0.285613
v -0.433813 0.157193 -0.022704
v -0.467795 0.182908 0.000751
v -0.451059 -0.127256 0.210091
v -0.444317 0.072944 -0.136176
v -0.435373 -0.216865 -0.038794
v -0.406420 -0.071043 -0.313456
v -0.432608 0.158740 0.013735
v -0.431896 -0.109103 0.275594
v -0.427882 -0.024997 0.272040
v -0.442284 -0.132079 -0.074773
v -0.432722 0.141479 -0.046498
v -0.425141 -0.075034 0.304744
v -0.433852 -0.152187 0.078102
v -0.432583 -0.064500 -0.167032
v -0.427375 -0.223648 0.149757
v -0.423366 0.003362 0.171470
v -0.441311 -0.081568 0.093783
v -0.428961 -0.195988 0.049939
v -0.436327 0.153839 0.029355
v -0.425209 -0.224955 -0.160969
v -0.428434 -0.174355 0.247035
v -0.429676 -0.225895 0.046061
v -0.443151 -0.104996 -0.268659
v -0.422374 -0.036955 0.220436
v -0.431758 0.158118 -0.012683
v -0.433329 -0.071147 0.157046
v -0.407469 -0.048511 -0.191611
v -0.427532 -0.091477 -0.135895
v -0.432265 -0.129576 -0.081455
v -0.416874 0.081987 0.120068
v -0.419673 -0.197972 -0.250371
v -0.412348 0.067037 -0.132837
v -0.421544 0.022920 0.167737
v -0.426736 0.052398 -0.151313
v -0.428369 0.148035 -0.003411
v -0.420924 -0.099529 -0.124842
v -0.428642 0.123720 -0.071251
v -0.423207 -0.197778 -0.210115
v -0.399320 -0.131195 -0.291750
v -0.432562 0.137412 0.052850
v -0.427875 0.119775 0.075798
v -0.424213 -0.083004 0.148611
v -0.417275 -0.119346 -0.102787
v -0.422656 -0.083946 -0.151697
v -0.416203 -0.250046 -0.024462
v -0.418938 0.088647 -0.112913
v -0.413807 -0.081441 -0.312444
v -0.425941 -0.096055 0.126418
v -0.414087 -0.204941 0.250674
v -0.416559 0.199197 0.123722
v -0.424746 -0.126423 0.102198
v -0.418540 -0.052923 -0.160659
v -0.423874 -0.111411 -0.116304
v -0.413730 -0.055051 0.189621
v -0.420406 0.265832 -0.042909
v -0.407726 -0.144887 -0.084440
v -0.424232 0.107309 -0.092818
v -0.408424 -0.200601 -0.003291
v -0.393976 -0.257668 0.023777
v -0.424855 0.210259 -0.022442
v -0.387805 -0.046199 -0.290306
v -0.416916 0.193475 -0.127536
v -0.422900 0.104976 0.094830
v -0.419310 -0.149873 0.084401
v -0.410294 -0.057201 -0.187220
v -0.413072 0.139932 0.008340
v -0.422338 0.228612 0.027465
v -0.410133 -0.154177 -0.080640
v -0.423664 -0.196135 0.208361
v -0.421043 -0.121376 0.100707
v -0.416695 -0.133221 -0.099349
v -0.414969 -0.078296 -0.182281
v -0.416891 -0.051968 0.166116
v -0.404879 0.186823 0.010157
v -0.410233 0.319804 -0.078950
v -0.422633 0.016644 -0.169543
v -0.420648 -0.077212 0.146184
v -0.414358 0.302062 0.063610
v -0.399594 -0.055418 -0.196628
v -0.400136 0.284670 -0.123530
v -0.409567 -0.215749 -0.022822
v -0.415867 -0.178733 0.063307
v -0.415445 -0.085068 0.174186
v -0.411090 0.062250 0.135419
v -0.414413 0.276956 0.043407
v -0.399096 -0.272779 0.023775
v -0.404811 0.188556 -0.010238
v -0.407821 0.137590 -0.008311
v -0.415315 -0.083153 -0.154193
v -0.380808 -0.300843 -0.064478
v -0.384775 -0.191610 -0.272746
v -0.358195 -0.125297 0.336590
v -0.395301 -0.246721 -0.198825
v -0.399534 0.229815 -0.021495
v -0.408541 -0.186174 0.049659
v -0.398138 0.296107 0.123204
v -0.406435 -0.206401 0.049263
v -0.404647 0.039241 -0.149145
v -0.403798 0.036267 0.150188
v -0.405590 -0.012864 -0.182863
v -0.401051 -0.071109 0.164956
v -0.399339 -0.246216 0.232291
v -0.386370 0.131164 -0.219983
v -0.402367 -0.068212 -0.168477
v -0.408687 0.310975 -0.063763
v -0.409331 -0.193588 -0.038691
v -0.401721 -0.169149 -0.068331
v -0.378608 -0.047621 -0.275522
v -0.400850 -0.050156 0.195350
v -0.407452 -0.061984 0.184271
v -0.386330 0.123188 0.217918
v -0.397005 0.009410 -0.164102
v -0.401398 -0.185017 -0.051376
v -0.397945 -0.208961 -0.029325
v -0.387492 -0.258067 0.193885
v -0.381038 -0.205166 0.267035
v -0.395459 0.004671 0.165869
v -0.377540 -0.059580 0.309305
v -0.396742 0.237041 0.024504
v -0.393689 0.366524 -0.138360
v -0.381371 0.207194 -0.217428
v -0.397243 0.272708 0.000885
v -0.391067 0.374611 0.151376
v -0.385012 0.171601 0.218928
v -0.391351 -0.231118 0.041227
v -0.379089 -0.301966 -0.016593
v -0.387464 0.278547 0.042484
v -0.401316 0.318554 0.065436
v -0.376086 -0.051179 0.252277
v -0.401081 -0.057751 0.198445
v -0.378557 -0.014942 0.204482
v -0.392635 -0.221165 0.035237
v -0.385920 0.288857 -0.051371
v -0.379050 -0.270032 0.232261
v -0.391951 0.375319 -0.136112
v -0.367186 -0.303672 0.127361
v -0.400342 -0.241624 -0.239561
v -0.393862 -0.065275 0.177591
v -0.382641 -0.246540 0.005448
v -0.391986 0.258164 -0.034490
v -0.390035 0.353383 -0.097790
v -0.380101 0.313491 -0.067121
v -0.389804 -0.066975 -0.180833
v -0.363870 0.301186 -0.206965
v -0.386267 -0.034255 -0.171392
v -0.385981 -0.037162 0.172145
v -0.388584 -0.227819 -0.019584
v -0.389750 0.375353 0.128520
v -0.390111 -0.008056 -0.171328
v -0.367904 -0.274555 -0.008817
v -0.377770 -0.008810 -0.207119
v -0.384042 -0.076335 0.192072
v -0.385206 0.415615 -0.010961
v -0.364587 0.298415 0.205719
v -0.369289 -0.046522 -0.205021
v -0.378928 0.217319 0.216618
v -0.386468 0.354415 0.098832
v -0.374996 0.374679 -0.052859
v -0.381029 -0.056198 -0.219963
v -0.385183 0.416849 0.009681
v -0.380829 0.411608 0.197267
v -0.354529 -0.119817 -0.338599
v -0.376303 -0.052282 -0.252722
v -0.371164 -0.068950 0.180834
v -0.353278 -0.249117 0.255626
v -0.381049 0.308987 0.062543
v -0.379363 -0.249298 -0.013808
v -0.371082 -0.241609 0.023105
v -0.371454 -0.054268 0.280277
v -0.374440 0.332294 0.082815
v -0.376647 0.405347 -0.171132
v -0.388255 -0.015000 0.173805
v -0.378373 -0.270808 -0.232757
v -0.361491 -0.315683 -0.100370
v -0.367633 0.347123 -0.203670
v -0.385077 -0.298410 0.021803
v -0.379411 0.414215 -0.205210
v -0.366795 0.342624 0.202812
v -0.377892 -0.266117 0.013099
v -0.378348 0.404511 -0.219387
v -0.376436 -0.063522 0.213560
v -0.376906 -0.039251 0.173647
v -0.375682 0.404189 0.221980
v -0.381455 -0.251833 0.034836
v -0.374006 0.334316 -0.085107
v -0.374310 -0.034937 -0.173139
v -0.361334 -0.237905 -0.260047
v -0.366438 0.379740 0.132705
v -0.375099 -0.049797 0.233038
v -0.380654 -0.075244 -0.197678
v -0.369258 -0.063819 -0.187442
v -0.364779 0.445702 -0.045860
v -0.367678 0.351253 0.103749
v -0.328313 0.179097 0.283785
v -0.338977 -0.355515 0.004234
v -0.369591 0.473750 -0.003203
v -0.344263 -0.320372 -0.209746
v -0.374167 -0.008818 0.270638
v -0.343855 -0.313632 -0.173383
v -0.372723 -0.008564 -0.272685
v -0.366362 0.414672 0.223706
v -0.363441 0.417755 0.194654
v -0.370513 -0.005359 -0.252131
v -0.367243 -0.035468 -0.228599
v -0.368153 0.349780 -0.104029
v -0.366253 -0.041113 0.208020
v -0.360253 0.417572 -0.219591
v -0.362775 0.406576 -0.174184
v -0.359924 -0.065973 -0.265765
v -0.362968 0.029655 0.265767
v -0.364563 -0.060534 0.262105
v -0.329532 0.188316 -0.282328
v -0.364456 -0.034932 0.228702
v -0.360380 -0.037170 -0.213227
v -0.368474 0.024342 -0.285926
v -0.359702 0.371879 -0.128815
v -0.362220 0.016702 -0.228203
v -0.354985 0.416648 -0.206123
v -0.352637 -0.346022 -0.007306
v -0.340337 -0.021397 0.227884
v -0.361067 0.051118 0.294039
v -0.368925 0.437140 0.044614
v -0.360372 0.363961 -0.121285
v -0.350640 -0.303576 -0.000887
v -0.358497 0.434999 -0.085488
v -0.362204 0.429979 0.079595
v -0.357183 0.416757 0.218673
v -0.355979 0.402681 -0.235136
v -0.342182 0.024961 0.249247
v -0.358761 0.009274 -0.250499
v -0.345069 -0.013158 -0.298766
v -0.303867 -0.321279 0.222593
v -0.353549 0.042850 -0.270493
v -0.346429 -0.087502 0.324238
v -0.353464 0.066832 -0.303511
v -0.351299 -0.331064 0.003381
v -0.337751 0.088052 0.330364
v -0.324248 0.370202 -0.260705
v -0.331235 -0.336295 0.201360
v -0.347850 0.011343 0.248390
v -0.340920 -0.079705 -0.285204
v -0.330339 -0.090964 -0.318510
v -0.354904 -0.075091 0.266536
v -0.343007 -0.072786 -0.278905
v -0.345422 -0.071874 0.275400
v -0.344388 -0.139857 -0.341918
v -0.324235 0.371420 0.260174
v -0.336070 0.389909 0.168378
v -0.339376 -0.037480 -0.220182
v -0.358547 0.364287 0.123919
v -0.339930 -0.035899 0.217847
v -0.348196 0.385063 -0.155112
v -0.338130 0.363257 -0.141060
v -0.331012 0.539689 -0.029790
v -0.335526 0.032567 -0.260127
v -0.338018 0.039924 0.264607
v -0.346787 0.361746 -0.153753
v -0.343769 0.365658 0.156701
v -0.311015 -0.111838 0.322366
v -0.343949 0.386761 0.159936
v -0.341272 -0.034776 0.230585
v -0.339661 -0.010302 -0.238058
v -0.341316 0.357226 0.141682
v -0.339779 0.542357 -0.001109
v -0.343427 0.285922 -0.232925
v -0.319873 0.383388 -0.248709
v -0.339646 -0.027894 -0.233632
v -0.342376 -0.002946 0.240067
v -0.330825 0.513585 -0.077437
v -0.344740 0.392496 0.139785
v -0.339608 0.386166 -0.144536
v -0.341382 0.010740 -0.249015
v -0.332572 0.098592 0.320723
v -0.335962 0.383241 -0.155504
v -0.325590 -0.216375 -0.303837
v -0.301945 -0.360561 0.152665
v -0.329261 0.544253 0.034587
v -0.329566 0.060269 0.275464
v -0.316537 0.388968 -0.199824
v -0.327634 0.526495 0.079563
v -0.300650 -0.196721 0.339727
v -0.332153 0.455792 0.108809
v -0.325480 0.094451 0.305329
v -0.333055 0.369628 0.141983
v -0.312928 -0.052873 0.333007
v -0.306276 0.045439 -0.348647
v -0.337577 0.081097 -0.330213
v -0.337415 0.007113 0.310755
v -0.323028 0.108666 -0.342385
v -0.330615 0.468534 -0.104141
v -0.311916 -0.303566 -0.233585
v -0.335890 0.422257 0.156099
v -0.316276 0.383973 -0.180634
v -0.332387 0.052435 -0.273188
v -0.307291 -0.116598 -0.329708
v -0.326455 -0.090678 -0.294874
v -0.309864 0.383766 -0.221666
v -0.335525 -0.085546 0.284309
v -0.310041 0.275949 0.276155
v -0.310514 0.384290 0.219691
v -0.332150 0.089148 -0.305048
v -0.303333 0.050954 0.351342
v -0.295012 0.357381 0.272204
v -0.302851 0.274154 -0.286041
v -0.326156 0.067277 -0.282159
v -0.323249 0.478199 0.130810
v -0.291911 -0.188081 0.347905
v -0.306667 -0.167113 -0.348173
v -0.317510 0.390524 0.200599
v -0.307239 -0.060733 -0.340122
v -0.330897 0.585677 -0.000414
v -0.322021 0.076768 0.288398
v -0.331352 0.626993 -0.003199
v -0.320585 0.446760 0.153297
v -0.324991 0.605818 0.038814
v -0.323760 0.639638 0.007495
v -0.295400 -0.385507 0.060924
v -0.299720 -0.367936 -0.184320
v -0.324048 0.636968 -0.012117
v -0.319397 0.581904 -0.063205
v -0.294539 -0.137502 0.334496
v -0.303558 0.101052 -0.307342
v -0.319895 0.391057 0.191168
v -0.317234 0.523627 0.107335
v -0.325091 -0.756731 0.022288
v -0.322155 -0.774807 -0.036712
v -0.323237 -0.098113 0.294737
v -0.319612 0.576137 0.069784
v -0.317087 0.085146 -0.295972
v -0.318438 -0.752507 -0.059961
v -0.314557 -0.101823 -0.303146
v -0.304527 -0.393181 -0.001878
v -0.314151 0.379395 0.168256
v -0.302304 0.103694 0.307378
v -0.316721 0.385522 -0.168512
v -0.312536 0.092256 0.300205
v -0.311029 -0.763113 0.099643
v -0.307395 -0.738426 -0.060206
v -0.309733 0.534163 -0.105545
v -0.311167 -0.109525 0.301971
v -0.307334 0.636666 -0.009499
v -0.314743 0.626026 0.026367
v -0.291358 0.127936 -0.334454
v -0.305859 0.484543 0.135708
v -0.280316 0.149424 -0.372952
v -0.318584 -0.777579 0.048862
v -0.252659 -0.272574 -0.310336
v -0.312268 0.420775 -0.192651
v -0.315144 -0.804286 0.304954
v -0.315113 -0.940023 0.142606
v -0.315053 -0.940112 -0.186009
v -0.315187 -0.803906 0.062661
v -0.315205 -0.804160 -0.305505
v -0.315014 -0.939806 -0.305649
v -0.315037 -0.939952 0.304977
v -0.300926 -0.737239 0.062920
v -0.310627 0.587938 -0.064661
v -0.298632 0.421518 -0.154306
v -0.275795 0.348361 0.253097
v -0.295030 -0.746014 0.122656
v -0.306443 0.418665 -0.177779
v -0.302884 -0.761644 -0.122143
v -0.313166 0.368481 0.208569
v -0.301573 0.634399 0.006235
v -0.305355 0.439339 0.189117
v -0.304068 -0.951078 0.304664
v -0.303953 -0.951116 -0.305361
v -0.305509 0.576289 0.073175
v -0.286235 -0.143091 -0.333925
v -0.304316 -0.792785 0.304343
v -0.296325 0.351782 -0.280540
v -0.312120 0.369077 -0.207867
v -0.300412 0.500489 -0.126200
v -0.304518 -0.792680 -0.305098
v -0.275626 0.296369 0.312123
v -0.312388 0.386309 0.178274
v -0.304745 -0.112558 -0.308615
v -0.298819 0.378948 -0.159146
v -0.281417 0.307933 -0.306637
v -0.263800 -0.223873 -0.344209
v -0.303769 -0.803775 -0.316039
v -0.302366 0.370543 0.205723
v -0.297023 -0.776306 -0.126593
v -0.303994 -0.791670 -0.063692
v -0.280383 0.144774 0.387879
v -0.297715 -0.788495 0.099266
v -0.303327 -0.940116 -0.316107
v -0.298342 -0.122004 0.309727
v -0.303304 -0.940138 0.315149
v -0.304096 -0.803957 0.315175
v -0.305456 -0.792473 0.048738
v -0.284190 0.361530 -0.240864
v -0.296816 -0.776173 0.127296
v -0.290732 -0.747644 -0.138162
v -0.289812 0.421830 0.213916
v -0.291973 0.364875 0.226250
v -0.295921 0.381208 0.173780
v -0.289451 0.115222 -0.319111
v -0.299551 0.387609 -0.211336
v -0.304712 0.421571 0.158851
v -0.285496 0.359898 0.239310
v -0.296538 -0.790216 -0.099612
v -0.278938 -0.098638 -0.350334
v -0.270016 0.149179 0.354735
v -0.288510 0.512297 0.110188
v -0.292828 0.365160 -0.226862
v -0.298252 0.379447 0.159610
v -0.298652 0.367739 -0.206716
v -0.281236 -0.790735 0.138003
v -0.287252 0.116888 0.319187
v -0.286304 0.468203 -0.179276
v -0.293566 0.448978 -0.146728
v -0.242122 0.193048 0.347136
v -0.290782 -0.128322 -0.313102
v -0.278359 -0.348204 -0.208517
v -0.276769 0.127271 -0.328633
v -0.288952 0.422728 -0.214814
v -0.246931 0.183752 0.415579
v -0.283451 0.419140 -0.166408
v -0.290124 0.605386 -0.021633
v -0.292487 0.571834 -0.068329
v -0.279378 0.490147 -0.195035
v -0.291089 -0.238881 0.313007
v -0.285173 -0.790391 -0.130545
v -0.281674 0.144611 -0.388011
v -0.287518 0.466818 0.178576
v -0.269316 -0.394477 0.167530
v -0.260710 0.074741 0.387027
v -0.284494 -0.730177 0.033470
v -0.256692 0.076675 -0.390807
v -0.276270 0.321227 0.301339
v -0.291667 0.380004 -0.172030
v -0.289094 0.416818 0.154057
v -0.282634 0.455098 0.136271
v -0.278412 -0.129892 0.329569
v -0.277177 0.326104 -0.298047
v -0.288221 0.597101 0.035069
v -0.274234 -0.763323 0.177310
v -0.281056 -0.141861 0.313313
v -0.284419 0.418234 0.165972
v -0.273887 -0.737493 -0.148959
v -0.288641 0.580742 -0.006496
v -0.284593 -0.730315 -0.057931
v -0.285931 -0.715247 -0.048209
v -0.280972 0.577294 -0.033252
v -0.268389 0.406811 0.252141
v -0.284360 -0.715462 0.030002
v -0.274615 0.487407 0.112292
v -0.279977 0.581018 0.028870
v -0.268414 -0.790567 -0.161517
v -0.280715 0.484719 -0.120686
v -0.276849 0.526903 0.080227
v -0.264582 0.291588 -0.316948
v -0.258915 -0.417951 -0.054035
v -0.265551 0.514669 0.198233
v -0.269907 -0.769493 -0.183416
v -0.275024 0.552659 0.053282
v -0.273927 0.467339 -0.141643
v -0.274758 0.581570 0.027470
v -0.277075 -0.146867 -0.315366
v -0.278931 0.353000 -0.248188
v -0.237932 -0.266420 0.331767
v -0.275121 0.579577 -0.029859
v -0.261528 0.427624 -0.256246
v -0.275695 0.512239 -0.092404
v -0.269470 -0.392190 -0.135336
v -0.267938 0.452241 -0.169791
v -0.273651 -0.730042 -0.094866
v -0.234861 -0.018751 0.407295
v -0.275285 0.555112 -0.052237
v -0.273848 0.535962 -0.068490
v -0.268850 -0.715103 -0.106614
v -0.261635 0.512312 -0.187365
v -0.247304 -0.339774 0.245769
v -0.268819 -0.714631 0.099600
v -0.274247 -0.729828 0.083624
v -0.262113 -0.712135 -0.049933
v -0.273825 0.337959 -0.277386
v -0.264749 0.330593 0.266711
v -0.267256 0.520337 0.088892
v -0.268725 0.336899 -0.261933
v -0.265037 -0.712743 0.043222
v -0.259154 -0.730039 -0.129743
v -0.255013 -0.738572 0.182031
v -0.263989 -0.165755 0.317610
v -0.274179 -0.513888 -0.022865
v -0.272418 -0.493114 -0.030426
v -0.268554 -0.492146 0.058318
v -0.268344 -0.790193 0.161732
v -0.253026 -0.747665 -0.199067
v -0.233297 -0.025208 -0.407597
v -0.264783 0.462169 0.170209
v -0.270362 -0.517012 0.043863
v -0.256642 0.475528 -0.166092
v -0.237989 -0.151854 -0.349966
v -0.251374 0.452019 0.255295
v -0.251558 -0.728911 0.135294
v -0.264790 -0.161558 -0.315609
v -0.237171 -0.792032 -0.207624
v -0.263081 0.620729 0.000000
v -0.207302 -0.330848 -0.281261
v -0.270952 0.494745 -0.113923
v -0.256841 0.641955 0.016967
v -0.265331 0.525625 -0.086508
v -0.238536 -0.392819 0.180537
v -0.258418 -0.472059 -0.042785
v -0.230137 -0.093570 0.395471
v -0.256043 0.270329 0.323561
v -0.242653 0.544567 0.196746
v -0.239511 -0.209990 0.331421
v -0.252048 -0.406910 -0.158434
v -0.251248 0.241545 -0.333803
v -0.259230 0.520031 0.132262
v -0.251491 -0.790599 -0.187485
v -0.237189 0.514367 -0.233208
v -0.258169 -0.541345 0.018294
v -0.255256 0.170826 -0.427355
v -0.254782 -0.499887 -0.105452
v -0.258839 0.639273 -0.017072
v -0.261499 0.139798 0.339207
v -0.251943 0.484959 -0.176612
v -0.238654 0.515164 0.230828
v -0.253411 -0.188353 -0.333221
v -0.259945 0.321918 -0.272875
v -0.247355 0.290878 -0.298436
v -0.250890 0.615269 0.114406
v -0.250994 0.603107 -0.117872
v -0.207343 -0.442729 0.097965
v -0.246229 0.493952 0.177023
v -0.256643 -0.527141 -0.086024
v -0.243145 0.653864 0.057303
v -0.254995 0.176567 0.424543
v -0.254334 -0.532866 0.077042
v -0.242370 0.549914 -0.203110
v -0.254958 0.311991 0.280329
v -0.256004 -0.789697 0.181516
v -0.258818 0.522117 -0.137123
v -0.250558 0.165771 -0.372579
v -0.253240 0.306844 -0.283780
v -0.251263 -0.542664 -0.038729
v -0.232276 0.562887 -0.216839
v -0.251978 0.181557 -0.416220
v -0.230258 0.079751 0.413913
v -0.245450 0.168557 0.433835
v -0.245292 0.278682 0.307423
v -0.259261 0.142069 -0.342765
v -0.240352 -0.473175 -0.105878
v -0.220190 -0.287795 -0.325410
v -0.254664 -0.469539 0.052411
v -0.245682 0.658229 -0.020815
v -0.235063 -0.777885 0.220752
v -0.232431 -0.709653 0.122886
v -0.224780 0.575743 0.214491
v -0.253716 -0.512956 0.105622
v -0.224996 0.173531 0.380744
v -0.226456 -0.124759 0.384019
v -0.237588 -0.715001 -0.165752
v -0.246186 0.639438 -0.054477
v -0.230218 0.076780 -0.414285
v -0.229660 -0.678730 0.041005
v -0.249274 -0.186709 0.319702
v -0.250900 -0.181818 -0.315827
v -0.230394 -0.086180 -0.397627
v -0.229809 -0.751998 0.229122
v -0.246274 0.618948 0.000996
v -0.242198 0.181745 -0.427669
v -0.239478 0.153340 -0.356658
v -0.229781 -0.266010 0.334318
v -0.239379 -0.729896 -0.163418
v -0.242841 0.284482 0.295402
v -0.239275 -0.692765 -0.054732
v -0.228289 0.238956 -0.313654
v -0.216742 -0.762445 -0.244226
v -0.240385 -0.713162 -0.118432
v -0.215744 0.584616 0.171340
v -0.240258 0.192404 -0.346939
v -0.185791 -0.390196 -0.228524
v -0.235116 0.680539 0.029357
v -0.159950 -0.950731 0.091137
v -0.238936 -0.484606 0.126764
v -0.238152 -0.790148 0.204388
v -0.236041 -0.253669 -0.337694
v -0.229052 -0.533059 0.134001
v -0.223626 -0.715463 0.183830
v -0.209790 0.402053 0.318144
v -0.243627 -0.461698 -0.005504
v -0.226576 -0.401532 -0.175599
v -0.226671 -0.119084 -0.387108
v -0.227231 -0.729386 0.178323
v -0.237618 0.177955 0.429600
v -0.217752 -0.790913 0.225961
v -0.234602 -0.461981 0.065906
v -0.234623 0.639724 -0.015821
v -0.235578 -0.206264 0.318882
v -0.227641 -0.690993 0.085186
v -0.203623 0.258627 0.337087
v -0.238903 0.166146 -0.435689
v -0.242192 0.616241 -0.125938
v -0.222606 -0.468249 0.128634
v -0.238155 0.272736 -0.299565
v -0.221665 -0.241509 -0.326989
v -0.219715 -0.778053 -0.235722
v -0.238156 -0.442917 0.004428
v -0.201980 0.395534 -0.327593
v -0.242221 -0.573227 0.013203
v -0.236381 -0.202965 -0.315687
v -0.212376 -0.323938 0.285285
v -0.198021 -0.735192 -0.237741
v -0.238145 0.155523 0.356716
v -0.236703 -0.572862 -0.050682
v -0.233452 -0.447856 0.066826
v -0.234333 0.643839 0.017104
v -0.227387 0.180621 0.412455
v -0.234715 -0.547401 -0.034116
v -0.228013 0.532827 0.188654
v -0.225239 0.695889 -0.039055
v -0.234054 -0.547145 0.039640
v -0.235876 -0.448048 -0.050628
v -0.236433 -0.462780 -0.056969
v -0.233024 -0.573403 0.066123
v -0.213467 -0.790295 -0.229075
v -0.216487 -0.543680 -0.130888
v -0.218498 0.179598 0.330922
v -0.206274 -0.229444 0.332921
v -0.187984 -0.737575 0.249865
v -0.231147 0.250108 0.308218
v -0.226109 -0.443308 0.049758
v -0.228146 -0.542893 0.107907
v -0.231464 -0.443365 -0.031363
v -0.221213 -0.493270 -0.162220
v -0.222228 -0.546713 -0.081006
v -0.225331 -0.546987 0.074044
v -0.215113 0.711174 0.039060
v -0.225679 0.661799 0.026116
v -0.223780 0.657535 -0.026523
v -0.222054 -0.729665 -0.186602
v -0.233839 0.519353 -0.185388
v -0.225725 0.174107 -0.382301
v -0.212409 0.580693 -0.210893
v -0.204704 0.690923 0.113296
v -0.206043 -0.712555 0.174564
v -0.219712 -0.463160 -0.102328
v -0.223919 -0.583802 0.028449
v -0.219399 -0.232756 -0.313792
v -0.223189 0.214226 0.320696
v -0.221806 0.207651 -0.322950
v -0.219631 0.688246 0.002506
v -0.206535 -0.529751 -0.172878
v -0.216601 0.153963 -0.338780
v -0.212780 -0.675918 -0.095089
v -0.218586 0.177037 -0.332260
v -0.220933 -0.443256 -0.064071
v -0.219647 -0.655695 -0.042827
v -0.204242 0.687580 -0.112376
v -0.193128 0.471184 -0.309556
v -0.225433 -0.497680 0.157670
v -0.208766 -0.270543 0.321515
v -0.224381 -0.223547 0.317618
v -0.189076 0.457836 0.318655
v -0.216876 -0.573468 -0.108134
v -0.187489 -0.396490 0.218142
v -0.190990 0.143016 -0.438119
v -0.201264 -0.769036 0.256049
v -0.217434 0.545477 -0.193962
v -0.186258 0.589890 -0.207041
v -0.173616 0.610694 0.206416
v -0.200401 -0.676695 0.121153
v -0.211007 -0.582165 0.089989
v -0.176984 0.523582 0.294053
v -0.216079 0.684048 0.034766
v -0.213020 -0.572987 0.115413
v -0.220854 -0.584390 -0.052523
v -0.216288 -0.443500 0.074429
v -0.193418 0.161688 -0.408110
v -0.215014 0.673742 -0.032586
v -0.196988 -0.584532 -0.114323
v -0.191001 0.562578 0.259798
v -0.187694 -0.470236 -0.179424
v -0.204520 0.567921 0.200869
v -0.215884 0.150213 0.339219
v -0.222414 -0.448015 -0.092068
v -0.207604 -0.442467 -0.093699
v -0.200980 -0.729082 0.210438
v -0.214037 -0.170165 -0.362978
v -0.218070 -0.520484 0.163524
v -0.185189 0.141812 0.435668
v -0.206289 0.156197 0.370779
v -0.206006 0.693223 -0.038847
v -0.212548 0.236261 -0.332650
v -0.187111 -0.472623 0.184211
v -0.216580 -0.236316 0.315293
v -0.212378 -0.614367 -0.047894
v -0.195213 -0.487631 -0.188682
v -0.203327 -0.443306 0.127737
v -0.177189 -0.713726 -0.207499
v -0.212007 -0.547075 0.106533
v -0.212746 -0.614610 0.026067
v -0.205721 -0.257485 -0.311272
v -0.195450 -0.950856 -0.072244
v -0.200645 -0.462679 -0.135915
v -0.203263 -0.443033 -0.126499
v -0.189267 -0.543067 0.168553
v -0.204512 0.734966 -0.055495
v -0.205912 0.704681 0.042859
v -0.215766 0.706461 -0.038442
v -0.183446 -0.950976 -0.020903
v -0.206356 -0.642014 -0.074952
v -0.205196 0.159208 -0.370494
v -0.201421 -0.628087 0.080289
v -0.191162 -0.330050 0.301806
v -0.208162 0.192355 0.342561
v -0.211844 -0.461826 0.118503
v -0.166644 0.570074 -0.285811
v -0.204587 -0.746138 -0.247624
v -0.189999 0.152666 0.388991
v -0.204577 0.159363 -0.348973
v -0.187664 -0.791159 -0.251357
v -0.199957 0.163851 0.351017
v -0.191088 0.606496 0.224069
v -0.155425 0.131662 0.412552
v -0.192796 0.727443 -0.102456
v -0.174418 0.687296 -0.151802
v -0.203103 -0.297527 -0.319544
v -0.193927 -0.714827 -0.215007
v -0.179924 -0.498765 0.209350
v -0.192692 0.611746 -0.249741
v -0.199655 -0.595369 0.095588
v -0.204974 -0.547052 -0.118427
v -0.190532 0.743515 -0.001114
v -0.190155 -0.790482 0.250300
v -0.191354 -0.329141 -0.303957
v -0.199933 -0.268642 0.311770
v -0.179905 -0.531493 0.198083
v -0.194323 0.611517 0.246221
v -0.199501 -0.231999 -0.332573
v -0.202813 -0.729402 -0.207709
v -0.161730 -0.180948 0.364159
v -0.202962 0.567082 -0.201873
v -0.188304 0.589294 0.212231
v -0.201031 0.266228 -0.338039
v -0.187819 -0.288591 0.309577
v -0.193045 0.380112 0.332888
v -0.194277 -0.281380 -0.307936
v -0.194680 0.722348 0.052627
v -0.192644 0.729655 0.102735
v -0.177330 -0.461901 0.166910
v -0.175103 0.532108 -0.291581
v -0.187692 0.152773 -0.391487
v -0.195550 0.206817 0.365702
v -0.193878 0.191525 -0.350050
v -0.180655 -0.585996 0.135117
v -0.198760 0.605105 -0.230832
v -0.181935 -0.600812 -0.124926
v -0.153013 -0.060609 0.428311
v -0.191935 0.718821 -0.052206
v -0.185099 0.457736 -0.320525
v -0.187235 0.587053 -0.212051
v -0.189785 0.203598 0.348712
v -0.172895 -0.950846 0.141878
v -0.181661 -0.573059 0.160068
v -0.194442 -0.446462 -0.139467
v -0.169189 -0.358275 0.280582
v -0.179034 -0.547048 -0.155109
v -0.125407 0.085650 -0.444385
v -0.177799 -0.666206 -0.142026
v -0.183730 -0.715939 0.224791
v -0.188772 -0.950759 -0.122201
v -0.192349 -0.932391 -0.061272
v -0.189503 -0.931999 -0.118775
v -0.176640 -0.317617 -0.297732
v -0.175783 -0.638790 0.130375
v -0.176788 -0.638005 -0.130494
v -0.185314 0.763466 -0.074120
v -0.177949 0.233316 0.345953
v -0.176638 0.751671 0.066801
v -0.167140 -0.788389 0.266991
v -0.169562 -0.777265 -0.274545
v -0.176327 -0.227764 0.340192
v -0.177911 -0.443303 0.141615
v -0.173675 -0.688945 0.169560
v -0.171884 -0.449062 0.170961
v -0.195479 0.751611 0.064683
v -0.180429 0.248831 0.362431
v -0.170947 -0.217911 -0.339993
v -0.175673 0.738657 -0.065992
v -0.171455 -0.208527 0.351017
v -0.194249 -0.547022 0.136012
v -0.170967 0.627381 -0.244049
v -0.184101 0.216093 -0.347541
v -0.168302 -0.729773 -0.236990
v -0.183097 -0.932263 -0.026391
v -0.168950 -0.462300 -0.173825
v -0.171899 0.245799 -0.346126
v -0.190608 0.218856 -0.370625
v -0.174690 0.253165 0.374520
v -0.169680 -0.572807 -0.173351
v -0.168285 -0.515562 -0.217294
v -0.162432 -0.750827 -0.280397
v -0.152910 -0.729695 0.248196
v -0.149843 -0.443673 -0.166885
v -0.167575 0.595549 0.217486
v -0.179341 -0.250009 0.329699
v -0.178988 -0.280499 0.316835
v -0.176315 -0.300592 -0.306874
v -0.169050 0.270104 -0.373229
v -0.186212 -0.279697 0.341169
v -0.183078 -0.283061 0.348673
v -0.182895 -0.258007 -0.359542
v -0.179448 -0.217375 -0.388381
v -0.181608 -0.227460 -0.350979
v -0.177060 -0.203565 0.364852
v -0.177339 -0.203289 0.396125
v -0.141615 0.086693 0.440512
v -0.170072 0.780930 -0.108657
v -0.164165 -0.586304 -0.154935
v -0.160629 0.607055 -0.221538
v -0.149915 -0.393059 0.257793
v -0.184022 -0.285670 -0.334140
v -0.180163 -0.271631 -0.316493
v -0.166935 0.567759 0.285892
v -0.181492 -0.289010 -0.345354
v -0.164935 0.638536 0.286794
v -0.166570 0.267424 -0.353419
v -0.180754 -0.695519 -0.169528
v -0.167682 0.141085 -0.401455
v -0.168530 -0.341591 -0.289990
v -0.162243 -0.757075 0.283154
v -0.166639 0.632058 0.245673
v -0.175596 -0.313187 0.301807
v -0.172279 0.637340 -0.275528
v -0.171125 -0.337295 0.290489
v -0.173117 0.239296 -0.380489
v -0.178519 -0.249944 0.367537
v -0.167742 -0.446973 -0.172655
v -0.176234 -0.441140 -0.143943
v -0.175990 0.788573 0.084610
v -0.144566 -0.542235 -0.211357
v -0.172608 0.788896 -0.086702
v -0.151641 -0.444624 0.163841
v -0.174378 -0.247552 -0.326705
v -0.168781 -0.332762 0.310467
v -0.172149 -0.211066 0.399431
v -0.167195 -0.950671 0.008065
v -0.161841 -0.790549 -0.268667
v -0.168805 -0.547083 0.166384
v -0.164671 0.598901 -0.234792
v -0.130702 -0.950898 0.189065
v -0.206354 -0.707993 -0.158863
v -0.162066 0.600872 0.236074
v -0.171834 -0.932043 0.004133
v -0.140467 -0.790719 0.279923
v -0.150896 -0.052111 -0.429750
v -0.156911 -0.933771 -0.144668
v -0.145070 0.674988 0.196415
v -0.168206 -0.178938 -0.377922
v -0.164256 -0.193763 -0.354025
v -0.121295 0.396818 0.351400
v -0.161687 0.268205 0.346131
v -0.161179 0.772428 0.076548
v -0.163046 0.789994 0.082639
v -0.169431 -0.359302 -0.281976
v -0.140886 -0.138144 -0.392587
v -0.162671 -0.163548 -0.426579
v -0.162836 0.135563 0.402314
v -0.157672 0.771421 -0.035709
v -0.167536 -0.950500 0.032219
v -0.158737 0.640836 -0.259102
v -0.155667 -0.586628 0.163157
v -0.172769 -0.932155 0.143705
v -0.144227 -0.498533 -0.234348
v -0.155777 -0.950864 -0.146278
v -0.168732 -0.950672 0.165195
v -0.143661 -0.471684 -0.217861
v -0.169496 -0.932343 0.061665
v -0.144319 0.679982 -0.195879
v -0.166916 -0.932399 0.165879
v -0.148213 -0.714825 -0.248563
v -0.168335 -0.334134 -0.310416
v -0.170863 -0.226148 -0.340911
v -0.167619 -0.932927 0.034440
v -0.162844 0.786603 0.103577
v -0.128843 -0.712462 0.234915
v -0.160005 -0.274314 -0.357948
v -0.157462 0.180952 0.396503
v -0.155704 0.811105 0.001221
v -0.122795 -0.715483 0.263277
v -0.145672 -0.778221 0.286814
v -0.081769 0.199078 -0.420776
v -0.162354 -0.195899 -0.359884
v -0.145581 0.718587 0.172104
v -0.161007 -0.278314 0.353037
v -0.157651 0.757758 -0.078134
v -0.142227 -0.399835 -0.253588
v -0.126050 -0.447610 0.205883
v -0.160325 0.643853 0.282398
v -0.148375 -0.152973 0.384578
v -0.159078 0.637649 -0.291566
v -0.157403 0.778911 -0.081243
v -0.155748 -0.173149 -0.366540
v -0.170365 0.773869 0.112895
v -0.155235 -0.170483 0.373139
v -0.148797 0.305044 0.363493
v -0.139458 0.303445 0.349319
v -0.144375 -0.663228 -0.172999
v -0.153187 -0.932603 0.138317
v -0.154537 0.803009 0.038696
v -0.144185 0.122122 -0.408201
v -0.146449 -0.160626 0.443333
v -0.150458 -0.134464 0.410772
v -0.134379 -0.573226 0.201699
v -0.147385 -0.146256 0.444008
v -0.139697 -0.932237 0.043070
v -0.111947 -0.249830 0.410350
v -0.148391 0.305127 -0.367024
v -0.147157 -0.950614 0.136871
v -0.166267 -0.446363 -0.154248
v -0.148990 -0.366836 -0.281973
v -0.146285 0.725416 -0.168047
v -0.155312 -0.932698 0.092312
v -0.150918 -0.135182 -0.407580
v -0.153568 0.751707 -0.139898
v -0.132299 -0.547048 -0.197580
v -0.131647 -0.595137 0.179151
v -0.147236 0.291411 -0.349077
v -0.146454 -0.376791 0.277772
v -0.153774 -0.950513 0.100471
v -0.145362 0.300210 0.379976
v -0.139957 -0.635013 0.167769
v -0.147393 0.643098 0.266393
v -0.095312 -0.242407 -0.421390
v -0.132205 -0.468841 0.222208
v -0.149745 0.783267 0.094903
v -0.144597 0.743956 0.141478
v -0.146324 -0.169523 -0.439562
v -0.127960 0.097272 0.441041
v -0.151078 -0.170727 -0.375313
v -0.130151 -0.620495 -0.174811
v -0.147002 0.620599 -0.232949
v -0.132122 -0.447817 -0.202734
v -0.137373 -0.790888 -0.281709
v -0.135977 0.107890 -0.436585
v -0.156793 -0.932332 0.112981
v -0.140113 -0.932378 0.018508
v -0.126483 -0.443196 0.185555
v -0.154854 -0.950816 0.118941
v -0.147631 0.620350 0.232039
v -0.154490 0.790922 -0.091634
v -0.133305 -0.932076 -0.127299
v -0.128769 -0.541822 0.221692
v -0.125298 0.329258 -0.383667
v -0.131741 -0.932048 0.187287
v -0.141743 0.636900 -0.262521
v -0.122413 -0.674225 0.197218
v -0.114471 -0.742066 -0.296274
v -0.111772 -0.508811 0.251942
v -0.117544 -0.743515 0.296746
v -0.125651 -0.113341 -0.409545
v -0.142277 -0.139426 0.393425
v -0.137298 -0.463085 -0.199697
v -0.144522 -0.324543 -0.317205
v -0.144321 0.767781 0.092138
v -0.138122 0.778050 0.060712
v -0.147988 0.767349 -0.088957
v -0.122201 -0.374000 0.272618
v -0.144866 0.770999 0.078438
v -0.142328 0.631386 0.294581
v -0.139598 -0.129142 -0.456313
v -0.125667 -0.729572 -0.262597
v -0.130957 -0.932028 0.151369
v -0.117684 -0.776571 -0.300579
v -0.139467 0.786006 -0.060179
v -0.119269 -0.490416 -0.245293
v -0.128479 -0.950647 0.022466
v -0.134321 -0.932406 0.127200
v -0.147860 0.639665 -0.290766
v -0.141280 -0.152499 -0.384010
v -0.137186 0.743822 -0.126029
v -0.093064 -0.756616 -0.312608
v -0.143632 0.621983 0.229481
v -0.139689 -0.330121 0.313970
v -0.132038 -0.462382 0.202688
v -0.111030 -0.669259 -0.200027
v -0.140991 -0.523277 0.231654
v -0.115032 0.456713 -0.338738
v -0.111428 0.598662 -0.301622
v -0.117903 0.340425 0.380933
v -0.133288 0.616830 -0.247644
v -0.134523 -0.129813 0.401983
v -0.135867 0.838261 -0.018884
v -0.090885 -0.531216 -0.252868
v -0.140555 0.757229 -0.104268
v -0.129366 -0.932260 0.090281
v -0.106828 -0.950919 0.052878
v -0.124464 0.779374 -0.071348
v -0.122654 -0.950939 -0.123174
v -0.134169 0.735359 0.134100
v -0.113492 0.527672 -0.311168
v -0.114998 0.606216 0.300268
v -0.128661 0.314930 -0.352424
v -0.129610 -0.950312 0.092042
v -0.111909 0.807101 -0.094469
v -0.121676 -0.400880 0.253683
v -0.130066 0.852967 0.003971
v -0.120517 -0.098029 -0.430942
v -0.140085 0.117586 0.408533
v -0.110204 0.523322 0.313993
v -0.115470 0.405994 -0.352125
v -0.133190 -0.443791 -0.180061
v -0.150538 -0.932290 0.103632
v -0.145378 -0.547459 0.187055
v -0.071492 0.293813 0.403330
v -0.124747 -0.115709 -0.471018
v -0.096874 -0.573662 -0.222706
v -0.122613 0.609027 -0.230270
v -0.129938 0.733446 -0.131892
v -0.133157 -0.121608 -0.409107
v -0.094394 -0.771062 0.310854
v -0.126426 0.659358 0.183937
v -0.124060 0.711615 -0.149383
v -0.118713 0.099170 -0.413610
v -0.127244 0.789161 0.041783
v -0.125414 0.616832 -0.218831
v -0.126224 0.689875 -0.165710
v -0.129476 0.620216 0.214472
v -0.123203 0.695891 0.159645
v -0.119732 0.812967 0.024567
v -0.125440 -0.932498 -0.021238
v -0.091489 0.591475 0.283897
v -0.098552 -0.950974 0.110305
v -0.123793 0.782324 0.075274
v -0.062871 -0.791443 -0.304380
v -0.100700 -0.095867 0.425232
v -0.078918 -0.950968 0.023416
v -0.123728 -0.371670 -0.273737
v -0.122433 -0.932399 -0.051953
v -0.109742 -0.696333 0.222281
v -0.105377 0.811204 0.097073
v -0.120133 -0.109534 0.414840
v -0.107230 -0.546858 0.212043
v -0.134144 -0.707025 -0.220626
v -0.095072 -0.405915 -0.254395
v -0.125716 -0.119162 0.409040
v -0.113966 -0.093084 0.439652
v -0.119233 0.797321 -0.084915
v -0.070646 -0.735379 0.299641
v -0.128686 0.783436 -0.061453
v -0.129299 0.652539 -0.191681
v -0.123997 0.610987 0.255318
v -0.118893 0.803429 0.061313
v -0.129432 0.588504 -0.251286
v -0.099719 0.599725 -0.283329
v -0.118184 0.329308 0.354266
v -0.098211 -0.332766 0.338485
v -0.096334 0.746443 -0.156095
v -0.123491 -0.932448 0.071996
v -0.105976 -0.109499 0.477941
v -0.115143 0.096447 0.414427
v -0.121022 0.590262 0.252106
v -0.120991 0.803192 -0.038725
v -0.124180 -0.950666 0.072848
v -0.107901 -0.714824 -0.268900
v -0.113379 0.837567 -0.013663
v -0.113612 0.344402 -0.373051
v -0.098351 -0.932448 0.172141
v -0.106563 -0.462892 -0.217718
v -0.125014 0.609728 0.235518
v -0.124914 -0.950860 -0.022838
v -0.109545 -0.951011 0.167957
v -0.124116 0.734388 0.135878
v -0.102177 -0.444023 0.200137
v -0.105089 0.350501 0.372260
v -0.097742 -0.932095 -0.111073
v -0.094542 -0.321829 -0.349949
v -0.100684 -0.490584 0.253738
v -0.101887 -0.932172 0.055845
v -0.116288 0.657920 -0.190096
v -0.116852 0.796870 -0.053857
v -0.114578 0.620225 0.217432
v -0.106838 -0.105113 -0.417445
v -0.109591 -0.789793 0.294185
v -0.077252 -0.662090 0.213855
v -0.122620 0.580011 -0.244181
v -0.095336 -0.475062 -0.245443
v -0.098083 0.073895 -0.436994
v -0.076640 0.802658 0.132567
v -0.088733 -0.462186 0.224072
v -0.113425 0.847816 0.002165
v -0.108752 0.588168 0.242001
v -0.112115 -0.618524 0.186619
v -0.118396 -0.950921 -0.055257
v -0.111705 0.644595 0.231584
v -0.091743 -0.730243 0.277234
v -0.097350 0.807201 0.080695
v -0.091058 0.581813 -0.268858
v -0.097980 0.828865 0.054102
v -0.100066 -0.950639 0.150494
v -0.071504 0.021108 0.445802
v -0.105256 0.812976 0.087597
v -0.086133 -0.084076 -0.486881
v -0.077621 -0.932165 -0.017884
v -0.097455 0.643974 0.208402
v -0.107879 0.337902 -0.358318
v -0.107729 -0.950614 0.137986
v -0.075874 -0.220634 0.444817
v -0.093259 0.682063 -0.222815
v -0.115773 0.446762 0.342323
v -0.098944 0.648737 -0.205917
v -0.112254 -0.584952 -0.198549
v -0.090017 -0.950880 0.081935
v -0.090137 -0.284294 0.390880
v -0.103363 0.868849 0.001065
v -0.103338 0.681780 0.183220
v -0.102380 0.804455 -0.079737
v -0.115928 -0.445912 -0.195349
v -0.088477 -0.534525 0.248825
v -0.095748 0.066389 0.440227
v -0.040905 -0.136407 0.485144
v -0.092032 0.570779 -0.258947
v -0.095968 0.581634 0.261187
v -0.081168 -0.067209 -0.457677
v -0.106309 -0.931749 0.138046
v -0.108019 -0.933954 0.147900
v -0.038418 -0.126232 -0.490967
v -0.100370 0.081567 -0.416170
v -0.086009 -0.932220 -0.062293
v -0.080253 -0.750700 0.313221
v -0.089601 0.751465 0.159504
v -0.078034 -0.932424 0.107673
v -0.107554 0.579505 -0.242997
v -0.060614 -0.712652 -0.260582
v -0.102198 -0.582814 0.205569
v -0.033756 -0.193175 -0.467821
v -0.063622 0.653511 -0.239983
v -0.101808 -0.790351 -0.296515
v -0.077921 0.854228 -0.061608
v -0.068959 0.375621 0.404691
v -0.075508 -0.401900 0.268136
v -0.083129 -0.447599 -0.227077
v -0.081613 -0.729502 -0.278781
v -0.084643 0.366824 -0.395986
v -0.098429 0.678394 0.222981
v -0.072996 0.480271 -0.327419
v -0.097836 0.344771 0.359381
v -0.082122 -0.088942 0.432065
v -0.075693 -0.596406 0.208389
v -0.084475 0.044773 -0.446574
v -0.069336 0.358081 0.360575
v -0.082864 -0.932465 0.078281
v -0.093844 0.588798 -0.302590
v -0.059903 -0.477540 0.258884
v -0.086381 -0.547101 -0.220980
v -0.089229 -0.512821 -0.259876
v -0.025542 -0.541850 -0.256736
v -0.094846 0.075275 0.416686
v -0.048250 -0.772349 -0.321212
v -0.042516 -0.950869 -0.014963
v -0.085440 0.866558 -0.032642
v -0.092557 0.350855 -0.364160
v -0.083852 0.671229 0.198322
v -0.072602 0.360702 0.404810
v -0.071755 -0.062532 0.467092
v -0.081884 -0.789044 0.301789
v -0.054370 -0.713113 0.262655
v -0.087756 -0.096755 -0.425112
v -0.069360 -0.950865 -0.057049
v -0.089582 0.856041 0.039792
v -0.062282 -0.078877 -0.506024
v -0.001451 0.135356 -0.441049
v -0.072559 -0.442867 0.212637
v -0.086644 0.699749 -0.209940
v -0.072527 -0.638617 -0.206884
v -0.071915 0.292653 -0.402939
v -0.057340 -0.632010 0.211013
v -0.086742 0.833217 -0.091056
v -0.063860 -0.715017 -0.282876
v -0.072302 0.696309 0.190849
v -0.044852 -0.736164 -0.307584
v -0.083231 0.709315 0.207685
v -0.071702 0.559387 0.312867
v -0.069413 0.860377 0.057904
v -0.083250 0.061127 -0.416021
v -0.072026 -0.462347 -0.232107
v -0.070065 -0.676284 -0.222422
v 0.303982 -0.803912 -0.316087
v -0.061220 0.383680 -0.387610
v -0.077154 0.570151 0.266674
v -0.081687 0.793917 -0.132441
v -0.081001 0.848505 -0.108354
v -0.054829 -0.932318 0.140998
v -0.095487 -0.444099 -0.204890
v -0.035056 -0.950555 0.155443
v -0.085614 0.818920 -0.083145
v -0.025012 -0.541800 0.255271
v -0.081441 0.848042 0.104118
v -0.070452 -0.932623 -0.097244
v -0.075630 0.049156 0.416781
v -0.078331 -0.085392 -0.430777
v -0.072481 0.849807 0.119516
v -0.075657 0.208103 0.421661
v -0.082354 -0.572989 0.227447
v -0.070680 0.848373 0.095846
v -0.069110 0.472121 0.330525
v -0.078961 0.558380 -0.267928
v -0.072041 -0.078437 0.495594
v -0.070637 0.848935 -0.120122
v -0.053301 0.399003 -0.353828
v -0.067023 0.560693 -0.300442
v -0.071821 0.827898 0.088087
v -0.077967 0.685891 -0.194299
v -0.039916 0.741615 -0.181821
v -0.064562 -0.080657 0.437613
v -0.090793 0.836573 -0.053992
v -0.067247 0.549116 0.280529
v -0.063442 -0.078254 -0.436410
v -0.052890 -0.950785 -0.088259
v -0.028395 -0.932483 0.053448
v -0.068243 0.036633 -0.415805
v -0.044433 0.394910 -0.416740
v -0.047371 -0.490760 -0.269307
v -0.072328 0.357344 -0.361173
v -0.066654 -0.442994 -0.215160
v -0.066612 0.852338 -0.100746
v -0.067854 -0.950795 0.076005
v -0.061985 0.863488 -0.037721
v -0.059417 0.360903 -0.409195
v -0.086178 -0.932342 0.018063
v -0.067298 0.832312 -0.090662
v -0.065272 0.729180 -0.198998
v 0.303389 -0.951152 -0.305421
v -0.070724 0.908639 0.001844
v -0.035799 -0.585479 0.223680
v -0.037992 -0.573234 -0.238820
v -0.054288 -0.068116 -0.441071
v -0.036489 -0.507402 0.272177
v -0.062644 0.729975 -0.204841
v -0.059217 0.015942 0.435020
v -0.046888 -0.932156 -0.080999
v -0.026997 -0.399357 -0.287601
v -0.059231 -0.002544 -0.445057
v -0.051556 -0.950323 0.097523
v -0.074672 0.853729 0.044395
v -0.057647 -0.066365 -0.509859
v -0.061321 0.534762 -0.320676
v -0.059607 0.868068 0.033318
v -0.067482 0.543990 -0.276349
v -0.040147 -0.524899 0.267445
v -0.040980 -0.592644 -0.220986
v -0.035470 -0.793702 0.306754
v -0.046107 -0.547034 -0.232765
v -0.043456 -0.696294 -0.243785
v -0.059352 0.853865 0.109081
v -0.000441 0.144802 0.441752
v -0.042462 -0.780465 0.317414
v -0.062197 0.712763 -0.187088
v -0.032460 -0.515978 -0.273035
v -0.053785 0.006022 -0.432481
v -0.054410 0.739913 0.204207
v -0.038405 -0.729892 0.288409
v -0.061800 0.654018 0.239082
v -0.032008 -0.026160 -0.515684
v -0.051891 -0.932321 0.098430
v -0.038063 0.363716 -0.356930
v -0.035965 -0.462650 -0.241120
v -0.060051 0.018674 0.418634
v -0.050487 0.536789 0.309350
v -0.055362 0.901152 -0.003252
v -0.037604 -0.932012 -0.011588
v -0.051375 0.386350 0.355581
v -0.057358 -0.546799 0.230236
v -0.058788 0.719503 0.188974
v -0.040164 0.818197 -0.140965
v -0.039216 -0.932436 0.032991
v -0.048642 0.599335 -0.266603
v -0.023645 -0.462089 0.240823
v -0.061667 -0.085971 0.502715
v -0.049662 0.396409 0.399667
v -0.049988 0.742878 0.193561
v -0.019827 -0.762256 0.325904
v -0.035548 -0.287209 0.400121
v -0.052466 0.844902 -0.120028
v -0.027068 -0.573178 0.240813
v -0.056312 0.833341 0.097977
v -0.015329 0.766179 0.177197
v -0.047188 0.524909 -0.320655
v -0.055796 0.009578 -0.414263
v -0.054055 0.524540 -0.284161
v -0.054429 0.841442 -0.101761
v -0.020962 -0.446313 -0.230888
v -0.046248 -0.068353 0.442146
v -0.008514 -0.473833 -0.265228
v -0.047675 -0.699867 0.245988
v -0.033827 -0.026990 0.510991
v -0.036410 -0.932371 0.155446
v -0.050441 0.870387 -0.074936
v -0.041596 0.360462 -0.368933
v -0.038495 -0.729998 -0.288257
v -0.034696 -0.446066 0.220978
v -0.034038 -0.448537 -0.240326
v -0.047314 0.841595 -0.112603
v -0.044601 0.515189 0.295656
v -0.010767 -0.950966 0.050413
v -0.041801 0.360805 0.356227
v -0.041547 0.385390 0.375512
v -0.053161 -0.447981 0.235200
v -0.047543 -0.623305 -0.213700
v -0.001202 0.299829 -0.416798
v -0.040943 0.516259 -0.302955
v -0.045327 0.837740 0.112076
v -0.020412 -0.035355 0.544079
v -0.043308 -0.010714 0.414708
v -0.013797 -0.950926 0.081032
v -0.031292 -0.039213 -0.462600
v -0.039829 0.741583 0.182444
v -0.018538 0.417711 -0.411813
v -0.031404 -0.393299 0.293593
v -0.003256 0.220531 -0.437187
v -0.037967 0.360538 0.366983
v -0.052192 -0.950641 0.139472
v -0.047259 0.833001 0.130760
v -0.035201 -0.212439 0.457647
v -0.048647 -0.014141 0.415795
v -0.043160 0.382871 -0.374721
v -0.044054 -0.055444 -0.442772
v -0.036775 -0.067240 0.441338
v -0.046434 -0.021565 -0.413561
v -0.033895 0.820447 0.135194
v -0.008052 -0.664813 -0.227499
v -0.045424 0.003535 -0.415981
v -0.030366 -0.044103 -0.537362
v -0.040092 0.868173 -0.098676
v -0.025753 -0.441315 -0.226659
v -0.033354 -0.949985 0.136155
v -0.042631 0.499478 -0.291007
v -0.043673 0.515751 0.327042
v -0.001014 -0.472934 0.264623
v -0.023965 0.908395 0.066563
v -0.021831 -0.932366 0.080851
v -0.022631 -0.048146 0.541413
v -0.024105 0.451345 -0.348189
v 0.000778 0.404713 -0.434625
v -0.036217 -0.247950 -0.433117
v -0.041888 -0.038325 0.410811
v -0.035388 -0.057901 -0.434350
v -0.044992 -0.077559 0.406495
v -0.032496 -0.317090 -0.372173
v -0.022239 -0.931681 -0.053098
v -0.037174 0.863748 0.099934
v -0.020091 -0.441490 0.226690
v -0.018289 0.415529 0.421541
v 0.006631 -0.951039 -0.089296
v -0.020905 0.388787 -0.365460
v -0.006195 -0.716139 -0.290813
v -0.036701 -0.078738 0.426049
v -0.041337 -0.062714 -0.407951
v -0.007637 0.786570 0.199795
v -0.028098 -0.950632 0.100129
v -0.032679 0.817032 -0.136644
v -0.025792 0.906920 -0.066935
v -0.010289 0.783460 -0.199188
v -0.035461 -0.030952 -0.408641
v -0.000653 0.307123 0.414872
v -0.004467 0.621684 0.272287
v -0.020870 0.920982 0.028509
v -0.008891 -0.612629 -0.219400
v -0.025847 0.902810 0.047688
v -0.003430 0.516494 0.302987
v -0.026838 -0.069964 0.398821
v 0.064589 -0.791495 -0.304875
v -0.028897 0.487576 -0.331754
v -0.000656 0.217297 0.437170
v -0.032261 -0.715197 0.289032
v -0.017852 -0.546956 0.237101
v -0.007954 0.713826 -0.222375
v -0.036306 -0.071089 -0.420375
v -0.020837 0.388256 0.363741
v 0.026228 -0.746319 0.321143
v -0.031316 0.476107 -0.297421
v -0.001790 0.718195 0.223730
v -0.032268 0.809777 -0.123593
v -0.032842 -0.931408 0.133404
v -0.020897 0.463252 -0.301701
v -0.018472 0.463519 0.336482
v -0.024950 0.900798 -0.049068
v 0.006856 -0.746999 -0.322346
v -0.017775 0.766724 -0.176124
v -0.008891 0.780523 0.180924
v 0.004280 -0.950863 0.039063
v -0.026324 0.799868 0.132279
v -0.023462 -0.062742 -0.400746
v -0.031569 0.812211 0.121497
v -0.029460 -0.932810 0.100852
v 0.002181 0.360806 0.421904
v -0.006369 -0.932211 -0.000158
v 0.016704 -0.674157 0.231697
v -0.007782 -0.078856 0.412940
v -0.006018 0.615023 -0.272922
v -0.023783 0.794271 -0.140268
v -0.020050 0.464449 0.314690
v -0.001253 0.871331 -0.089896
v -0.018297 -0.087769 0.421395
v -0.004476 0.949743 0.001825
v -0.000718 0.405447 -0.375967
v -0.020765 -0.950513 -0.055597
v -0.021976 0.448882 -0.308429
v -0.000334 0.345219 -0.418641
v -0.006668 -0.060523 -0.418714
v -0.002604 0.774582 -0.207497
v -0.016354 0.781144 0.149387
v -0.001747 0.774180 0.210857
v -0.006689 -0.042089 -0.552465
v 0.002328 -0.021510 -0.502024
v -0.000489 0.867997 0.093941
v -0.002198 0.858438 -0.099567
v -0.013476 -0.027019 -0.542402
v -0.000623 -0.185716 0.487432
v 0.209106 -0.931813 0.187707
v -0.007017 -0.932622 0.093933
v -0.004222 0.783144 -0.178551
v 0.002672 0.496471 -0.302259
v -0.012608 0.893174 -0.054475
v 0.055768 -0.729261 -0.286082
v -0.000682 -0.379414 0.327066
v -0.016964 0.420090 0.356432
v -0.000693 -0.285915 0.422656
v 0.028592 -0.786970 -0.313233
v 0.007452 -0.547147 -0.237913
v 0.018713 -0.573499 -0.242354
v -0.017829 0.422875 -0.313147
v 0.000612 -0.053040 -0.422296
v 0.038224 -0.049958 0.466135
v -0.000860 -0.103199 0.517965
v -0.005610 -0.950359 0.091888
v -0.000444 -0.095959 -0.522951
v -0.011305 0.395069 -0.361034
v 0.013039 -0.037031 -0.458360
v -0.003484 -0.189837 -0.485039
v 0.001298 0.408598 0.434445
v -0.005905 0.418493 -0.426675
v 0.000810 -0.247727 -0.454303
v -0.013868 0.449231 -0.329717
v -0.015654 0.772600 -0.156436
v 0.027602 -0.023835 0.512998
v 0.024341 -0.705678 -0.255447
v 0.016354 -0.629228 0.216792
v -0.010505 0.419013 0.328293
v -0.000581 0.880322 0.065771
v 0.060933 -0.715447 0.283361
v -0.000889 -0.423383 0.268050
v -0.006457 -0.301567 -0.407490
v -0.007857 0.386102 0.357897
v 0.001005 -0.335391 0.375174
v 0.000491 -0.044449 0.422765
v -0.007485 0.389072 -0.321157
v -0.001205 0.761556 -0.171529
v -0.010487 0.390071 -0.331483
v 0.000764 0.417307 0.392225
v 0.001285 -0.018616 0.535670
v 0.000478 -0.387595 -0.317313
v -0.000242 0.808994 -0.141499
v 0.007754 -0.021966 -0.539722
v 0.000066 0.812471 0.139495
v 0.064411 -0.713067 0.260375
v 0.006916 -0.045334 0.550597
v -0.003628 0.762057 0.168026
v 0.042882 -0.526725 0.266952
v 0.008758 0.418826 0.424716
v -0.001694 0.877277 -0.064409
v 0.006258 -0.950891 0.000993
v 0.039411 -0.656011 -0.219884
v 0.034597 -0.546999 0.235976
v 0.038328 -0.932048 0.053572
v 0.009239 0.410409 0.326593
v 0.005857 -0.082759 0.427103
v -0.002024 0.387860 0.339558
v 0.028470 0.896922 -0.046748
v 0.018850 0.768187 -0.176758
v 0.032017 -0.585594 -0.226074
v 0.009773 0.766469 0.175645
v 0.036852 -0.448065 -0.240204
v 0.012527 0.391372 0.364115
v 0.012572 -0.031553 0.545918
v 0.011721 0.417889 -0.403751
v 0.023033 -0.950917 0.100651
v 0.009617 -0.443285 0.233738
v 0.029289 -0.508619 0.273094
v 0.039975 -0.584465 0.225185
v 0.003371 -0.304608 -0.405381
v 0.002415 -0.444255 -0.237935
v -0.000818 -0.237146 0.459309
v 0.047184 -0.761495 -0.323360
v 0.021145 0.902663 0.049472
v 0.013845 -0.950715 -0.077482
v 0.002030 -0.202132 -0.480472
v -0.005736 0.386576 -0.353315
v 0.007808 0.391460 -0.358986
v 0.043969 -0.529674 -0.265777
v 0.008368 0.780098 0.180286
v 0.005055 0.950493 0.001003
v 0.006584 -0.075305 0.413547
v 0.009872 0.781483 0.155618
v 0.018833 0.410322 -0.426893
v 0.013325 0.416695 0.402218
v 0.054855 -0.698857 0.243789
v 0.044033 -0.543110 -0.250541
v 0.007068 0.388206 -0.336164
v 0.061300 -0.735820 0.302237
v 0.015338 0.779821 0.201162
v 0.011142 -0.064903 -0.413631
v 0.021780 -0.442842 -0.225442
v 0.030874 -0.932410 0.160487
v 0.041526 0.609195 -0.267433
v 0.018083 0.835009 -0.110710
v 0.017058 0.443313 0.315969
v 0.011202 0.781250 -0.197711
v 0.009406 -0.049070 -0.549076
v 0.016529 0.392677 -0.365942
v 0.026776 0.598783 0.271410
v 0.016386 0.435034 -0.313788
v 0.014189 0.769115 -0.159637
v 0.023083 -0.509003 -0.275619
v 0.040688 -0.462617 -0.240263
v 0.006243 -0.931332 -0.086129
v 0.019633 0.799376 0.139261
v 0.031047 0.814139 0.121667
v 0.029307 -0.448446 0.239676
v 0.025435 -0.403107 -0.282222
v 0.022708 -0.036887 -0.542710
v 0.018120 0.775157 -0.185236
v 0.022560 0.905055 -0.069150
v 0.014201 0.453544 -0.335287
v 0.010449 0.412986 0.353065
v 0.021862 0.787311 -0.145581
v 0.040652 0.512907 0.293763
v 0.061602 -0.542231 0.247728
v 0.013894 0.447893 0.328771
v 0.024003 0.906128 0.069460
v 0.060584 -0.471337 -0.255280
v 0.031238 -0.395728 0.291313
v 0.080852 0.650737 -0.238668
v 0.033507 0.876717 -0.093296
v 0.052876 0.735082 -0.204800
v 0.031681 -0.932063 0.007026
v 0.030033 0.808054 -0.127331
v 0.067912 0.549390 -0.277485
v 0.044618 0.510430 -0.295135
v 0.054674 -0.572918 0.236960
v 0.028266 0.474816 -0.304732
v 0.057257 -0.950841 0.055044
v 0.032780 -0.208161 -0.459547
v 0.061986 -0.086313 0.501281
v 0.056565 0.017312 -0.414500
v 0.024415 0.467796 0.306796
v 0.020747 0.442759 0.350362
v 0.038597 -0.131512 0.488062
v 0.038796 -0.020562 0.413381
v 0.033707 -0.260060 -0.422722
v 0.032161 -0.129514 -0.492185
v 0.022096 0.470939 0.335952
v 0.068662 -0.713660 -0.262619
v 0.033291 -0.333451 -0.355452
v 0.035374 -0.323411 0.365843
v 0.032387 -0.194907 0.465795
v 0.014941 -0.948593 0.130837
v 0.023143 -0.059384 -0.401876
v 0.037168 0.405044 -0.410297
v 0.024470 -0.088087 0.412410
v 0.034720 -0.071161 -0.421942
v 0.032328 -0.028373 -0.513407
v 0.033402 -0.058554 -0.433163
v 0.075875 -0.588230 -0.213042
v 0.086927 -0.950984 -0.097168
v 0.025135 0.899637 0.050909
v 0.026555 0.812358 0.141077
v 0.027083 0.799788 0.155060
v 0.023243 -0.932875 0.102511
v 0.027385 -0.443391 0.221407
v 0.070949 0.361718 -0.405668
v 0.048928 -0.546903 -0.233009
v 0.024195 0.755037 0.178345
v 0.025278 -0.072329 0.400249
v 0.050073 0.141264 0.430905
v 0.076859 0.290273 -0.402509
v 0.030751 0.501520 0.319067
v 0.033802 -0.246014 0.434843
v 0.025901 0.468684 -0.341711
v 0.064109 0.728586 0.198410
v 0.073282 0.213432 0.421289
v 0.067168 -0.080647 -0.502725
v 0.041875 -0.082353 0.422724
v 0.032428 0.814205 -0.142211
v 0.057276 -0.715275 -0.284220
v 0.061504 0.382988 0.387180
v 0.046237 0.678011 0.230567
v 0.034151 0.374938 -0.367143
v 0.028026 0.372698 0.361758
v 0.043699 -0.041624 -0.472991
v 0.036064 -0.950717 0.132427
v 0.055725 -0.932305 -0.072776
v 0.051205 0.382960 -0.378033
v 0.046885 -0.010317 -0.412614
v 0.042661 -0.480532 0.264459
v 0.071110 0.294212 0.402888
v 0.039589 0.742646 -0.180314
v 0.049829 0.743235 0.204966
v 0.032786 -0.729785 0.289778
v 0.035707 -0.931344 0.129447
v 0.066828 -0.950497 0.008395
v 0.041290 -0.049303 0.522062
v 0.041421 0.814008 -0.142764
v 0.039462 0.518470 -0.312095
v 0.059955 0.735903 -0.198970
v 0.039055 0.384920 0.375250
v 0.035269 0.876790 0.090662
v 0.036432 -0.932360 0.103438
v 0.032884 -0.073080 0.433890
v 0.060597 -0.950795 0.081194
v 0.041587 0.501737 0.331441
v 0.035634 0.493805 0.299356
v 0.034705 -0.950637 0.158982
v 0.055157 -0.950913 0.033510
v 0.037322 -0.066030 -0.406990
v 0.050481 0.627121 0.248841
v 0.045843 0.840360 -0.113831
v 0.067292 0.863425 0.059026
v 0.067432 -0.791208 0.304163
v 0.048620 0.520420 0.290475
v 0.038503 -0.950661 0.105056
v 0.040942 -0.043970 0.407094
v 0.045018 0.886661 -0.064382
v 0.055149 0.532037 -0.321654
v 0.041462 -0.040640 -0.409461
v 0.057586 -0.604270 0.212276
v 0.042645 0.362058 0.365840
v 0.057281 0.867144 -0.036259
v 0.071202 -0.496226 -0.266556
v 0.050122 0.391569 0.354801
v 0.053551 0.900568 0.006857
v 0.043952 0.734715 0.184002
v 0.039147 -0.053052 -0.442151
v 0.042584 0.365943 0.355638
v 0.051790 -0.443588 -0.216657
v 0.040179 -0.068346 0.441819
v 0.048624 0.838682 0.127201
v 0.063820 -0.070747 -0.503507
v 0.040508 -0.077300 0.407717
v 0.100002 0.776433 -0.125307
v 0.046959 -0.015377 0.435708
v 0.043491 -0.461868 0.237759
v 0.046798 0.841832 0.108805
v 0.075642 0.556080 0.266389
v 0.059743 -0.638641 0.210539
v 0.053667 -0.044120 0.488422
v 0.083719 0.706834 0.210758
v 0.062119 0.537623 0.281743
v 0.048919 0.393936 0.411600
v 0.042626 0.373486 -0.360316
v 0.055714 0.851199 -0.111536
v 0.056644 0.416774 -0.348933
v 0.060667 0.544592 0.317318
v 0.077766 -0.447930 0.228557
v 0.060148 0.547574 0.294399
v 0.054478 0.009613 -0.427696
v 0.073010 0.567370 0.306323
v 0.063876 0.031553 0.417515
v 0.053827 -0.774487 0.320529
v 0.073476 0.475979 -0.328086
v 0.057298 -0.950791 0.113767
v 0.071996 0.852704 -0.118388
v 0.058568 0.836756 -0.094883
v 0.061210 0.553302 -0.305291
v 0.059687 0.864697 0.038072
v 0.061135 -0.080409 0.436517
v 0.065605 -0.389410 -0.286491
v 0.072457 -0.223524 -0.439292
v 0.063450 0.018058 -0.442521
v 0.058377 0.715920 -0.184418
v 0.065621 -0.446224 -0.215233
v 0.061742 0.534402 -0.287036
v 0.074465 0.021430 -0.446707
v 0.070267 0.021980 0.446037
v 0.050343 -0.003150 0.415593
v 0.068066 0.362357 -0.361662
v 0.075788 -0.951028 -0.067091
v 0.085385 -0.932321 0.060369
v 0.057600 -0.950439 0.141188
v 0.088250 0.751055 0.160719
v 0.088764 -0.502088 0.261487
v 0.092076 -0.467517 0.239586
v 0.053326 -0.064718 -0.439925
v 0.059059 0.833823 0.093737
v 0.097367 0.352666 -0.393085
v 0.085727 -0.573688 -0.227151
v 0.068769 -0.730106 0.283045
v 0.096393 -0.707607 -0.240999
v 0.096484 0.589235 -0.269182
v 0.127453 0.108284 -0.411847
v 0.070635 -0.204267 0.452968
v 0.064475 0.707179 0.189894
v 0.083201 0.364908 0.398411
v 0.076548 -0.064841 -0.462041
v 0.072086 -0.932259 0.081472
v 0.077389 -0.067331 0.463559
v 0.057437 -0.931992 0.139943
v 0.058192 -0.932270 0.115545
v 0.075204 0.486736 0.326278
v 0.098661 0.080692 0.415851
v 0.074160 0.853197 -0.046130
v 0.076866 0.825087 -0.083724
v 0.077003 0.800020 0.133337
v 0.078551 0.202638 -0.422345
v 0.066815 -0.077079 -0.436295
v 0.085185 -0.547251 0.223054
v 0.071583 0.851286 0.118789
v 0.074316 0.845830 0.093259
v 0.069689 0.855558 0.107115
v 0.082575 0.061131 0.417178
v 0.097180 -0.313253 0.359439
v 0.085998 -0.671332 0.213867
v 0.054803 -0.932301 0.032309
v 0.111561 -0.542780 -0.230891
v 0.111144 -0.777023 -0.304303
v 0.073584 0.357391 0.361567
v 0.067891 0.904900 0.006093
v 0.061553 -0.444311 0.212785
v 0.082018 -0.088597 0.489094
v 0.107059 0.582900 0.235168
v 0.075289 -0.547030 -0.225457
v 0.092899 -0.406917 -0.253287
v 0.076449 0.878202 -0.023421
v 0.096253 -0.248757 0.418797
v 0.075555 -0.622340 -0.205419
v 0.105120 -0.669833 -0.203808
v 0.076904 0.828282 0.085234
v 0.085475 0.705919 -0.210157
v 0.080744 -0.085024 -0.430449
v 0.084598 -0.525552 -0.258995
v 0.094264 0.675283 0.226332
v 0.099839 0.353305 0.372822
v 0.096933 -0.447657 -0.222603
v 0.077347 0.844227 -0.095755
v 0.105743 -0.161214 -0.454767
v 0.084036 -0.932673 0.015909
v 0.076684 0.050526 -0.418102
v 0.110018 -0.462614 -0.216825
v 0.077127 0.552777 0.275089
v 0.076560 0.684050 -0.191779
v 0.105406 -0.932263 0.045769
v 0.100195 -0.932453 0.118137
v 0.089271 0.071531 -0.416269
v 0.074907 -0.081400 0.431829
v 0.081804 0.553265 -0.277595
v 0.081646 -0.932778 -0.062517
v 0.093764 0.594172 -0.282117
v 0.099387 0.568439 0.248089
v 0.121412 -0.447122 0.210521
v 0.085239 -0.932596 -0.096764
v 0.112486 0.598091 0.302848
v 0.084086 -0.950630 0.017629
v 0.094561 0.832628 0.053882
v 0.092613 0.348234 -0.359722
v 0.079952 0.675821 0.197874
v 0.095328 0.066739 0.440403
v 0.098959 0.678123 -0.224008
v 0.104491 -0.789782 0.296996
v 0.118976 -0.467109 -0.225525
v 0.089576 -0.587125 0.206930
v 0.104464 -0.749575 0.306637
v 0.097344 0.344343 0.359199
v 0.097129 0.829257 -0.061153
v 0.091809 0.694398 -0.168957
v 0.104180 -0.730122 0.272339
v 0.193574 -0.950647 0.158788
v 0.111656 0.420157 -0.350748
v 0.114842 -0.528898 0.244117
v 0.107944 0.603838 -0.297445
v 0.088043 -0.462307 0.225288
v 0.096952 0.825546 0.098106
v 0.095225 0.565226 -0.261300
v 0.088462 -0.443076 -0.206520
v 0.099712 -0.643341 0.195598
v 0.125154 0.090368 0.443748
v 0.110865 -0.573514 0.215994
v 0.107929 0.579156 0.254861
v 0.093965 -0.094552 0.425462
v 0.096718 0.595988 0.281987
v 0.105823 -0.790553 -0.295781
v 0.119041 -0.950918 0.095033
v 0.094462 0.564186 0.262768
v 0.303494 -0.951149 0.304427
v 0.116091 0.801040 -0.086958
v 0.109226 -0.547035 -0.211624
v 0.105108 0.073759 -0.444502
v 0.124623 -0.715859 0.262829
v 0.089425 -0.321052 -0.350524
v 0.090617 -0.444576 0.203139
v 0.114814 -0.931881 -0.089134
v 0.144555 0.766779 0.088575
v 0.113719 0.632950 -0.233401
v 0.100632 -0.950927 -0.020128
v 0.115009 -0.093993 0.439026
v 0.122455 -0.131634 0.464659
v 0.137099 -0.950609 0.066687
v 0.111239 -0.443970 0.194701
v 0.113996 -0.104878 -0.475004
v 0.092777 0.656246 -0.202212
v 0.098765 0.825554 -0.056586
v 0.122760 -0.585906 -0.191363
v 0.104777 0.803899 0.079555
v 0.118329 -0.121725 -0.471534
v 0.115790 -0.729944 -0.266826
v 0.121503 0.582819 -0.235237
v 0.125960 -0.715315 -0.262103
v 0.121003 0.604256 -0.299180
v 0.110490 0.528994 -0.311158
v 0.134132 -0.541373 0.220726
v 0.138298 -0.675164 0.187884
v 0.104689 0.571170 -0.260851
v 0.115707 0.435418 0.345902
v 0.120363 -0.272086 -0.381481
v 0.114684 0.664688 0.183798
v 0.121144 -0.950537 0.050259
v 0.093734 0.817647 -0.110952
v 0.086476 -0.740249 -0.305663
v 0.111194 0.834528 0.012047
v 0.096613 0.642710 0.208221
v 0.114415 0.828924 -0.016404
v 0.123501 -0.950359 -0.104931
v 0.099747 -0.932689 -0.026262
v 0.104757 0.799035 -0.079187
v 0.117591 -0.104019 -0.422931
v 0.105197 0.651093 0.225195
v 0.123259 -0.100564 -0.435710
v 0.110727 -0.444497 -0.196263
v 0.117994 0.804239 0.062058
v 0.303901 -0.792766 0.304379
v 0.098316 -0.093998 -0.424222
v 0.124596 0.334749 -0.371953
v 0.110700 0.629973 -0.215380
v 0.120595 -0.374919 -0.269807
v 0.119271 0.798247 0.084956
v 0.119010 -0.932354 0.094159
v 0.138122 -0.758071 -0.296562
v 0.133795 -0.950830 -0.080857
v 0.136758 -0.487447 -0.237264
v 0.147333 0.644272 0.274362
v 0.158733 0.159729 0.399076
v 0.119297 0.326412 0.355445
v 0.128439 -0.124740 0.459195
v 0.135861 -0.515668 -0.239923
v 0.116179 0.529381 0.310485
v 0.114056 0.329938 -0.356681
v 0.158912 0.274699 0.378351
v 0.142369 -0.325358 -0.315983
v 0.113234 -0.479796 0.244025
v 0.111860 0.094025 -0.413901
v 0.117956 0.098960 0.413238
v 0.182655 0.138492 -0.437780
v 0.154254 -0.182100 -0.425355
v 0.118871 0.608282 0.229303
v 0.115049 0.605706 0.266335
v 0.133230 -0.777169 0.295080
v 0.159084 -0.932271 0.123285
v 0.122645 0.335205 0.378492
v 0.115904 -0.932213 -0.051761
v 0.125875 0.721539 -0.141757
v 0.130230 0.106406 0.431758
v 0.124990 0.716075 0.145714
v 0.120229 -0.398190 0.253913
v 0.303817 -0.792724 -0.305251
v 0.136618 -0.532343 -0.230166
v 0.124707 0.647290 0.191860
v 0.138696 0.632081 0.292242
v 0.140132 -0.932096 0.069450
v 0.129915 -0.506177 0.243682
v 0.130489 0.106459 -0.432742
v 0.125743 0.611779 -0.254312
v 0.113017 0.847411 -0.000110
v 0.140667 0.770007 -0.090807
v 0.112415 -0.105841 0.419012
v 0.118938 -0.932688 0.014579
v 0.109695 -0.934280 -0.069095
v 0.119316 0.585545 0.238863
v 0.168766 -0.712460 -0.208150
v 0.142611 -0.327805 0.315153
v 0.122322 -0.462146 0.209854
v 0.120294 0.803180 -0.038224
v 0.122610 -0.547143 0.204169
v 0.153661 -0.045459 0.430464
v 0.117635 -0.617543 -0.184321
v 0.136604 0.115387 0.409172
v 0.110990 -0.951191 -0.069351
v 0.147716 0.304087 -0.376559
v 0.120594 -0.950938 -0.047017
v 0.132285 -0.932363 -0.024887
v 0.142681 -0.610901 0.165465
v 0.125296 0.664424 -0.180883
v 0.150365 -0.391828 -0.260439
v 0.118191 0.812378 0.024347
v 0.161980 -0.950897 0.122313
v 0.114948 -0.950909 0.011126
v 0.117423 -0.105608 -0.415775
v 0.130139 0.578231 -0.244014
v 0.123539 -0.950890 -0.022325
v 0.113405 -0.932445 -0.010665
v 0.127692 0.787271 0.043804
v 0.156730 -0.178526 0.429047
v 0.151637 -0.385688 0.267063
v 0.154995 0.131150 -0.405710
v 0.140261 -0.932638 -0.042558
v 0.122489 0.787935 -0.054208
v 0.146997 -0.656122 0.168879
v 0.132011 0.743668 0.120806
v 0.148802 -0.573239 -0.191651
v 0.174142 -0.220702 -0.391662
v 0.124998 0.609858 -0.230373
v 0.168808 -0.950763 0.143991
v 0.125635 0.687850 0.166464
v 0.137277 0.315593 0.362141
v 0.135747 0.773073 0.070497
v 0.136634 0.616568 0.238781
v 0.124998 0.777723 -0.072547
v 0.127539 0.596264 0.252597
v 0.127288 0.616412 0.217212
v 0.130999 0.599884 -0.252705
v 0.124085 -0.117920 0.410500
v 0.140894 -0.547035 -0.191409
v 0.150534 -0.448035 -0.190144
v 0.125187 0.848312 -0.010929
v 0.134503 -0.790855 0.284562
v 0.159151 -0.605028 -0.151485
v 0.130089 0.850635 0.004911
v 0.136837 0.748372 -0.116614
v 0.149746 -0.705337 -0.208734
v 0.179933 -0.736949 -0.256893
v 0.136056 -0.950612 -0.063622
v 0.139251 0.807349 0.037134
v 0.154151 0.279198 -0.382526
v 0.159631 -0.763809 0.285628
v 0.132114 -0.444520 -0.179469
v 0.151311 -0.747212 0.284764
v 0.169464 -0.932301 0.033527
v 0.139278 0.633176 0.255829
v 0.125792 -0.119007 -0.409328
v 0.144503 -0.461899 0.195719
v 0.150431 0.635476 -0.294688
v 0.146171 0.637762 -0.254454
v 0.304175 -0.940091 -0.316069
v 0.134084 0.307546 -0.351603
v 0.138433 -0.790211 -0.282798
v 0.151746 0.645217 -0.278635
v 0.126452 -0.933030 -0.103741
v 0.141730 -0.135741 -0.454005
v 0.131631 0.625306 -0.214085
v 0.142783 0.618212 -0.232277
v 0.197716 -0.932364 0.161074
v 0.130976 -0.583423 0.188399
v 0.165147 0.578224 -0.286504
v 0.147427 0.768571 -0.084515
v 0.167591 -0.097976 0.410295
v 0.202930 0.261341 0.336760
v 0.133542 0.308684 0.350844
v 0.138060 0.790122 -0.052985
v 0.147926 -0.653817 -0.166692
v 0.173209 0.537783 0.289947
v 0.135149 0.849029 -0.005864
v 0.143893 0.716744 -0.174485
v 0.140571 -0.931573 -0.069452
v 0.148962 -0.932083 -0.088006
v 0.157162 -0.735691 0.267163
v 0.156639 -0.470115 0.209455
v 0.161931 -0.272404 0.359142
v 0.135081 -0.132775 -0.398433
v 0.154031 -0.573153 0.187263
v 0.133447 -0.445612 0.179418
v 0.144234 0.770235 -0.074237
v 0.137820 -0.729998 0.256925
v 0.133711 -0.131140 0.400425
v 0.177137 -0.932122 -0.111435
v 0.146530 -0.950840 -0.088209
v 0.142003 0.690450 0.186965
v 0.143202 0.727984 0.162135
v 0.143561 0.679513 -0.193841
v 0.151123 -0.368089 -0.281084
v 0.158606 -0.529469 0.218946
v 0.167019 -0.447127 0.177455
v 0.176702 -0.715358 0.230947
v 0.157564 -0.462080 -0.184307
v 0.151737 0.768843 0.081094
v 0.159570 -0.547567 0.176097
v 0.177114 -0.708186 0.193191
v 0.161083 0.059088 0.433040
v 0.147314 -0.130891 0.412327
v 0.141766 0.759175 0.104073
v 0.155155 0.801767 0.038436
v 0.159173 0.634978 0.291165
v 0.149079 -0.048538 -0.430896
v 0.190545 0.460973 -0.316900
v 0.192989 0.390768 -0.332093
v 0.171044 0.143011 0.417581
v 0.152403 -0.139061 -0.405936
v 0.146191 0.291494 0.348774
v 0.168323 0.121151 0.439025
v 0.172474 -0.950827 0.107097
v 0.145063 0.621055 0.231538
v 0.166389 -0.340145 -0.306790
v 0.148033 -0.368738 0.281140
v 0.167819 -0.674531 -0.161341
v 0.138139 -0.711958 0.228446
v 0.177813 -0.258992 -0.364938
v 0.189546 0.411906 0.330320
v 0.156539 -0.951162 -0.052596
v 0.144913 -0.144467 -0.388447
v 0.146828 0.663996 0.200503
v 0.169841 0.778904 0.000979
v 0.157007 -0.932151 -0.053665
v 0.143657 -0.146491 0.389875
v 0.166878 0.565493 0.285957
v 0.151178 0.783944 0.096496
v 0.182219 0.226073 -0.377893
v 0.151664 0.786269 -0.084399
v 0.149955 -0.162977 -0.381370
v 0.152236 -0.442426 -0.165077
v 0.140279 0.742919 -0.139075
v 0.174885 -0.950801 -0.019984
v 0.150554 0.284137 -0.347827
v 0.152254 0.740847 0.150521
v 0.153685 0.129384 0.404614
v 0.163381 -0.166514 -0.424446
v 0.169942 -0.932242 0.054248
v 0.183983 0.150169 -0.393440
v 0.228983 -0.099431 -0.393905
v 0.151425 0.629967 -0.221165
v 0.173055 -0.584509 -0.149653
v 0.160343 0.285827 0.370449
v 0.171178 -0.461728 0.173039
v 0.171708 -0.932393 0.141824
v 0.154458 -0.443931 0.160423
v 0.196644 -0.542127 0.166204
v 0.162787 0.268535 -0.350445
v 0.178435 -0.932279 -0.021324
v 0.147157 0.616172 -0.234099
v 0.196695 -0.394459 -0.214205
v 0.171133 0.552144 -0.285938
v 0.180613 -0.584508 0.140671
v 0.174336 -0.470345 -0.193927
v 0.150283 -0.158271 0.382429
v 0.160408 -0.790040 0.270899
v 0.160926 -0.167875 0.425692
v 0.167282 0.620945 0.239654
v 0.173379 -0.774199 -0.275116
v 0.151596 -0.163959 -0.375444
v 0.167290 0.778008 -0.111559
v 0.168097 -0.547037 -0.167665
v 0.167997 -0.790739 -0.266947
v 0.177309 -0.234123 0.379058
v 0.162843 0.790610 0.080504
v 0.212496 -0.950680 0.187331
v 0.155176 -0.171303 0.373391
v 0.191007 0.728621 -0.103532
v 0.158341 0.600773 0.222299
v 0.178292 -0.530040 -0.202459
v 0.156393 0.793761 -0.090590
v 0.156658 -0.729535 -0.245339
v 0.197979 -0.542002 -0.165002
v 0.164535 -0.350895 0.285969
v 0.162069 0.602337 -0.237820
v 0.170829 -0.192891 -0.366697
v 0.168149 0.615176 0.210566
v 0.170163 -0.489281 0.214666
v 0.212780 0.711189 -0.002951
v 0.172129 -0.950753 0.054196
v 0.171726 -0.950875 0.034568
v 0.161848 0.596174 -0.220897
v 0.162109 -0.190645 -0.355177
v 0.215958 -0.165548 0.363665
v 0.186435 -0.342560 -0.291604
v 0.169375 -0.341841 -0.290889
v 0.164511 0.770574 0.072862
v 0.187714 0.612977 0.232660
v 0.181711 -0.508414 0.208710
v 0.162934 0.599303 0.237128
v 0.170422 -0.443386 -0.146996
v 0.167882 -0.336294 0.308310
v 0.185923 -0.715436 -0.222653
v 0.160227 0.639557 0.254340
v 0.170177 -0.932335 0.106326
v 0.304077 -0.803840 0.315206
v 0.178176 -0.605903 0.128527
v 0.168858 0.791839 0.089626
v 0.187018 0.470309 0.314016
v 0.171856 0.142321 0.397495
v 0.164819 -0.189771 0.362570
v 0.160921 0.269602 0.347013
v 0.170122 0.637716 0.277076
v 0.194882 0.645776 -0.158073
v 0.170496 0.639987 -0.276765
v 0.172493 0.622976 -0.238853
v 0.176405 -0.352891 0.286921
v 0.182211 0.152025 -0.414335
v 0.172620 -0.950823 0.082563
v 0.171263 -0.932201 0.082545
v 0.172690 0.774215 0.108952
v 0.175886 0.258775 -0.366600
v 0.184961 -0.627601 -0.115918
v 0.164567 -0.213770 -0.342533
v 0.196029 -0.573411 0.143429
v 0.187597 -0.380869 0.237721
v 0.191543 0.145741 0.435552
v 0.187536 -0.499899 -0.203529
v 0.176132 -0.441734 0.144708
v 0.197718 -0.772119 0.259775
v 0.180903 -0.932351 -0.057342
v 0.197105 -0.678855 0.130848
v 0.172620 0.243717 -0.347115
v 0.178743 -0.950657 -0.111522
v 0.184238 -0.285250 -0.347268
v 0.171258 -0.729703 0.237022
v 0.172514 0.245610 0.346553
v 0.203852 -0.586197 -0.099032
v 0.190043 0.728634 0.103864
v 0.188571 0.225242 0.360785
v 0.200098 -0.749584 -0.254752
v 0.176665 0.776794 -0.084234
v 0.178098 0.748060 0.063920
v 0.172912 -0.326710 0.294614
v 0.170325 -0.210519 0.349829
v 0.173060 -0.234700 -0.332740
v 0.184935 0.591146 -0.216791
v 0.198647 -0.343231 -0.270708
v 0.170120 -0.179552 0.381465
v 0.175451 -0.321783 -0.296953
v 0.184317 -0.791042 0.255866
v 0.202028 0.689246 0.114491
v 0.196526 0.745873 -0.065560
v 0.183831 0.588404 0.211192
v 0.195601 -0.695308 -0.151782
v 0.183141 0.590903 -0.209158
v 0.187924 -0.462268 -0.153402
v 0.180981 -0.214351 0.382083
v 0.304152 -0.940261 0.315085
v 0.303388 -0.951210 0.016732
v 0.205578 -0.729529 -0.207017
v 0.182791 -0.226906 -0.374116
v 0.193682 -0.573645 -0.144554
v 0.186027 0.593042 0.216418
v 0.178879 -0.313862 0.319698
v 0.182680 -0.242500 -0.343633
v 0.177895 -0.644362 0.130319
v 0.194286 0.610539 -0.246578
v 0.191862 0.152886 0.386020
v 0.197167 -0.469858 0.172093
v 0.229189 0.072517 0.413273
v 0.178137 0.739817 -0.065965
v 0.209542 -0.292782 -0.324291
v 0.193416 -0.447337 -0.146053
v 0.177284 -0.260274 -0.322983
v 0.183301 0.217932 0.348184
v 0.178680 -0.292296 0.313350
v 0.178001 -0.290793 -0.311744
v 0.176285 -0.233256 0.338082
v 0.204100 0.729305 0.049854
v 0.230512 -0.099679 0.392728
v 0.184767 0.774351 0.078228
v 0.195087 -0.546933 0.136487
v 0.197933 -0.747119 0.255028
v 0.223957 -0.129341 -0.382895
v 0.188247 -0.546735 -0.144783
v 0.183404 -0.950723 -0.039525
v 0.179350 -0.258757 0.326843
v 0.191263 0.213677 0.370762
v 0.199594 -0.228913 -0.332675
v 0.202765 0.261962 -0.337737
v 0.185733 -0.280585 0.347785
v 0.205416 -0.650428 -0.085562
v 0.191880 0.213642 -0.361011
v 0.185566 -0.307121 0.302920
v 0.189986 0.615482 0.249653
v 0.218016 -0.514182 0.171312
v 0.192093 0.727973 0.053577
v 0.197577 -0.273360 -0.311240
v 0.207230 0.194480 0.342841
v 0.197669 -0.251929 0.326806
v 0.195941 -0.325739 0.302987
v 0.197034 -0.650499 0.102990
v 0.237467 0.619181 0.125764
v 0.203669 0.738296 0.057920
v 0.214680 0.166906 -0.377233
v 0.206561 -0.293691 0.321154
v 0.202433 -0.441607 -0.131726
v 0.200874 -0.446890 0.137282
v 0.245966 0.166899 -0.433457
v 0.203749 -0.335417 0.278233
v 0.206743 -0.729507 0.206652
v 0.193616 -0.790783 -0.248830
v 0.221962 -0.483685 -0.156706
v 0.188298 0.202837 -0.348507
v 0.203877 0.687277 -0.114917
v 0.210002 -0.523095 -0.174386
v 0.234918 -0.028113 0.406242
v 0.202698 0.594139 -0.218947
v 0.200076 0.570701 -0.204506
v 0.213066 -0.706373 0.146630
v 0.219802 0.574760 -0.171197
v 0.216777 0.709782 -0.038448
v 0.238639 -0.389094 0.184357
v 0.202884 -0.607965 0.081302
v 0.204560 0.160732 -0.371349
v 0.196617 -0.461757 0.143104
v 0.240794 -0.389351 -0.182817
v 0.201716 0.714634 -0.045984
v 0.228257 -0.712611 -0.139388
v 0.203432 -0.547151 -0.120754
v 0.197921 0.161529 -0.350900
v 0.213218 -0.462296 -0.114807
v 0.194795 0.177844 0.349537
v 0.198435 -0.275568 0.313048
v 0.203455 -0.442300 0.128446
v 0.220770 0.580074 0.219695
v 0.199066 0.156331 -0.382745
v 0.219489 -0.715460 0.191817
v 0.226919 -0.695090 -0.097172
v 0.242838 -0.736353 0.196748
v 0.231338 -0.542993 -0.103699
v 0.207442 0.703902 0.039346
v 0.215675 0.682397 0.078416
v 0.211637 0.388142 -0.318019
v 0.213917 0.577884 0.209030
v 0.229268 -0.779264 0.227715
v 0.219148 0.580471 0.169250
v 0.216486 0.403735 0.311305
v 0.223740 0.175181 0.383404
v 0.212829 -0.240731 -0.315110
v 0.213342 -0.770996 -0.246578
v 0.210639 -0.251156 0.317958
v 0.211839 -0.611569 -0.053652
v 0.235891 0.552920 -0.217145
v 0.225576 -0.275120 0.332997
v 0.211422 0.211038 -0.336138
v 0.191177 -0.379094 -0.237220
v 0.209569 0.561382 0.198759
v 0.208430 -0.584496 0.090871
v 0.238752 0.168445 0.435133
v 0.229945 0.168816 -0.435157
v 0.203397 -0.443524 0.096829
v 0.205629 -0.440747 -0.104706
v 0.213158 -0.790893 0.232122
v 0.218350 -0.573037 -0.104857
v 0.259955 0.431080 -0.256366
v 0.217798 -0.447844 -0.105669
v 0.227874 -0.715713 -0.180572
v 0.231582 0.182026 -0.416719
v 0.218164 0.681356 -0.076660
v 0.228871 -0.276703 -0.328471
v 0.227130 0.644675 -0.121047
v 0.225401 -0.671087 0.051217
v 0.238525 -0.335524 0.257385
v 0.228943 0.079226 -0.414821
v 0.215207 -0.446192 -0.079588
v 0.218196 -0.789920 -0.228040
v 0.215551 -0.443460 0.075237
v 0.218675 -0.547017 0.092356
v 0.216619 -0.462089 0.110056
v 0.226596 -0.713802 0.159563
v 0.235612 -0.218141 0.333970
v 0.205666 0.155942 0.369043
v 0.218804 0.150570 -0.342797
v 0.214255 -0.620989 0.032839
v 0.223184 0.540437 -0.192599
v 0.234898 0.513093 0.236632
v 0.219065 0.188745 0.329700
v 0.222769 -0.227393 0.321665
v 0.227931 -0.674026 -0.045578
v 0.237721 0.184165 0.420964
v 0.244127 -0.754532 -0.216611
v 0.224625 -0.584800 -0.039808
v 0.243462 -0.533039 -0.110327
v 0.241991 -0.467237 0.084561
v 0.244156 0.545680 -0.198390
v 0.220992 0.698491 0.033596
v 0.218728 0.680050 0.031078
v 0.240723 0.513648 -0.229652
v 0.230687 -0.573459 0.074554
v 0.216866 0.168393 -0.332568
v 0.233485 0.152072 -0.358512
v 0.231434 -0.468238 -0.114088
v 0.240471 -0.542888 0.080817
v 0.223022 0.218389 -0.318968
v 0.229018 -0.668823 0.002880
v 0.224777 0.228895 0.316804
v 0.221069 -0.585203 0.049101
v 0.220149 -0.546680 -0.087964
v 0.219650 -0.599896 -0.013857
v 0.242361 -0.414767 0.150719
v 0.218855 0.193515 -0.327748
v 0.224161 -0.222114 -0.317628
v 0.221173 -0.440905 -0.065739
v 0.232972 0.685206 0.033549
v 0.215450 0.152072 0.339205
v 0.222798 -0.237440 -0.329566
v 0.230187 0.690145 -0.035596
v 0.247598 -0.527954 0.113006
v 0.241531 -0.477057 0.114721
v 0.218174 0.690669 -0.031285
v 0.252641 -0.231962 -0.343942
v 0.261514 -0.258653 -0.314212
v 0.226479 -0.447684 0.089453
v 0.226269 -0.486893 0.153434
v 0.233625 -0.729662 0.174919
v 0.231557 -0.697474 0.093825
v 0.227531 0.533304 0.187536
v 0.235298 -0.506860 -0.145279
v 0.229707 0.246254 -0.309042
v 0.230992 0.251281 0.308068
v 0.237289 -0.573417 -0.050004
v 0.236008 -0.203737 -0.318691
v 0.253606 -0.761258 0.207759
v 0.230466 0.656395 0.023273
v 0.224167 -0.443875 0.049386
v 0.254724 -0.274266 0.309307
v 0.237585 -0.462460 -0.049126
v 0.230983 -0.546510 -0.055249
v 0.240970 -0.197835 0.320918
v 0.232730 -0.462337 0.067713
v 0.244996 0.544497 0.209467
v 0.255798 -0.403289 -0.130181
v 0.269233 -0.714248 -0.109901
v 0.280492 -0.736288 -0.135416
v 0.223920 -0.168817 -0.353688
v 0.257167 0.521963 0.189950
v 0.238905 0.155146 0.356385
v 0.239651 -0.447841 0.037966
v 0.246586 -0.729692 -0.154029
v 0.236028 -0.447780 -0.052753
v 0.233894 -0.747044 0.223158
v 0.236070 -0.443227 -0.011389
v 0.254000 0.161474 -0.365741
v 0.250164 -0.188244 -0.330590
v 0.242546 0.181858 -0.404574
v 0.241888 0.207987 0.342716
v 0.256069 0.623244 0.041199
v 0.230160 0.663952 -0.024215
v 0.261895 0.511499 -0.136053
v 0.226445 -0.443643 -0.044786
v 0.228939 -0.131535 0.376655
v 0.231168 -0.443335 0.024971
v 0.236613 -0.790737 0.208505
v 0.246939 0.659898 0.022213
v 0.234456 -0.546910 0.038575
v 0.247873 -0.741443 -0.198914
v 0.248379 0.299246 0.286261
v 0.251308 -0.517107 -0.110734
v 0.239289 0.512601 0.182692
v 0.237883 0.270711 -0.299610
v 0.242368 0.196573 -0.346359
v 0.246726 0.280862 -0.308556
v 0.240979 0.281134 0.295713
v 0.243420 0.634388 0.011226
v 0.243464 -0.791159 -0.199898
v 0.256366 -0.773051 -0.200799
v 0.250312 0.602561 0.120267
v 0.242109 -0.573303 0.011798
v 0.259163 0.071397 0.387865
v 0.242684 0.638538 -0.013731
v 0.237462 -0.546560 -0.018582
v 0.242653 -0.448118 -0.001455
v 0.259331 0.532891 0.132253
v 0.249783 0.175737 0.395019
v 0.252354 0.180970 -0.424443
v 0.240883 -0.461417 0.025117
v 0.253544 0.259019 -0.328669
v 0.239916 0.508040 -0.181448
v 0.250940 -0.715599 0.147230
v 0.266494 -0.300410 -0.271423
v 0.255920 -0.711789 -0.069434
v 0.257541 -0.498819 0.100601
v 0.267123 -0.175717 -0.338672
v 0.253235 -0.542253 -0.028226
v 0.260813 0.636605 -0.017164
v 0.250331 -0.182739 -0.318229
v 0.252462 0.180738 0.422236
v 0.251619 -0.707473 0.071361
v 0.251460 -0.729573 0.147146
v 0.266482 -0.711645 0.023172
v 0.275065 -0.403337 -0.059633
v 0.241751 0.155651 -0.355088
v 0.252190 0.209190 0.337166
v 0.247904 0.296146 -0.289070
v 0.249541 0.491146 0.176562
v 0.252320 0.169056 0.428161
v 0.253981 -0.791267 0.187109
v 0.264867 -0.217359 0.345762
v 0.254518 0.146872 0.345613
v 0.258146 -0.467881 0.006084
v 0.232715 -0.028527 -0.407397
v 0.257712 0.317837 0.274777
v 0.268470 0.337113 -0.261586
v 0.253787 -0.176973 0.320516
v 0.247447 0.604791 -0.117082
v 0.263902 0.319733 0.291209
v 0.261405 0.286181 0.318143
v 0.256445 0.426801 0.262211
v 0.265025 0.073340 -0.383176
v 0.262881 -0.489249 -0.076362
v 0.277726 0.472868 0.125355
v 0.259224 0.617571 0.000111
v 0.260657 -0.167527 -0.316879
v 0.253438 0.474422 -0.171574
v 0.265584 -0.396271 -0.166019
v 0.256603 0.316103 -0.276917
v 0.272461 -0.151149 -0.315823
v 0.266118 0.614088 -0.001072
v 0.274845 -0.146373 0.319367
v 0.267269 -0.532440 0.017322
v 0.272747 -0.729765 -0.101235
v 0.291105 0.135354 0.375710
v 0.265004 0.137025 -0.337197
v 0.266904 -0.485004 0.054772
v 0.270793 0.309576 -0.308875
v 0.269256 -0.480041 -0.012546
v 0.274228 -0.103040 0.348034
v 0.276885 0.142181 -0.391426
v 0.312265 -0.385631 0.000876
v 0.264237 -0.235575 0.337018
v 0.265088 0.459869 0.169692
v 0.267205 0.326991 -0.283841
v 0.266769 0.529470 -0.080099
v 0.265010 -0.790518 -0.170200
v 0.280149 -0.776732 0.164910
v 0.293380 -0.332178 -0.216742
v 0.275762 -0.715214 0.094513
v 0.267240 -0.524722 -0.051567
v 0.265329 -0.729464 0.120733
v 0.260774 -0.399163 0.129269
v 0.297027 0.130571 0.344460
v 0.281874 -0.348866 0.207898
v 0.288822 0.426085 0.213339
v 0.286924 -0.379417 0.175608
v 0.272418 0.522471 0.086045
v 0.267045 0.448422 -0.168596
v 0.291214 -0.735749 0.106271
v 0.278744 0.310195 0.307409
v 0.272827 -0.790768 0.159105
v 0.273079 0.501844 -0.189833
v 0.265515 -0.163142 0.322430
v 0.270030 0.337635 0.260111
v 0.276150 0.153830 0.388710
v 0.273919 -0.510437 0.041376
v 0.289365 -0.748330 0.146738
v 0.288553 0.423557 -0.215107
v 0.276194 0.565436 -0.044058
v 0.268423 0.509058 -0.099047
v 0.302448 -0.364698 -0.186158
v 0.291328 0.467122 -0.192540
v 0.268546 0.133910 0.334092
v 0.277135 0.578568 0.034530
v 0.278755 0.429154 0.160649
v 0.274801 0.482914 -0.117480
v 0.279545 0.581175 -0.011605
v 0.279427 0.459647 -0.132149
v 0.274693 -0.507126 -0.027404
v 0.278519 0.150709 -0.387406
v 0.283285 -0.097492 -0.345502
v 0.277483 0.298771 -0.310857
v 0.278336 -0.729783 0.087805
v 0.283527 -0.135784 -0.313704
v 0.281063 -0.771967 -0.165345
v 0.297799 -0.126035 -0.332576
v 0.305437 0.277596 -0.281072
v 0.275979 0.502472 -0.102494
v 0.308615 0.291644 0.274482
v 0.281384 0.543831 0.061751
v 0.281978 0.356695 -0.243916
v 0.280557 0.413393 -0.167291
v 0.283173 0.357286 0.241364
v 0.293122 -0.756997 -0.145982
v 0.280025 -0.789992 -0.144912
v 0.285095 0.433819 -0.144829
v 0.277460 0.535737 -0.069828
v 0.288100 -0.128300 0.318172
v 0.290707 0.113687 -0.317533
v 0.281250 0.487245 0.188554
v 0.295855 0.452016 0.195718
v 0.281881 0.570292 -0.039271
v 0.307268 -0.353619 -0.154633
v 0.288227 -0.714943 0.034713
v 0.287700 0.581377 -0.052630
v 0.294029 0.351910 -0.280497
v 0.288602 0.579980 -0.010903
v 0.282879 -0.144490 0.334240
v 0.284438 0.499661 0.101487
v 0.304877 -0.033614 0.342605
v 0.283384 0.583129 0.022060
v 0.284766 0.411966 0.166125
v 0.285902 0.456136 0.133005
v 0.288448 -0.716219 -0.034222
v 0.288504 0.421675 -0.150955
v 0.293806 0.412759 0.151458
v 0.293687 0.343140 0.286630
v 0.297914 -0.240937 0.303233
v 0.288377 0.487444 -0.127627
v 0.285468 0.565400 0.045668
v 0.303045 -0.051959 -0.344310
v 0.287193 -0.729690 0.046229
v 0.286149 0.384725 -0.169685
v 0.292918 -0.790357 0.119611
v 0.296323 0.439115 -0.176044
v 0.293316 0.558550 -0.081196
v 0.312497 -0.161273 0.346273
v 0.293634 0.628420 0.000097
v 0.292115 0.362377 -0.226278
v 0.339618 -0.257574 -0.255391
v 0.294120 0.361454 0.226005
v 0.314356 0.040662 -0.340308
v 0.290497 0.605512 -0.021659
v 0.322378 -0.151020 -0.346247
v 0.302869 -0.762522 0.126216
v 0.334449 -0.337953 0.118500
v 0.289250 -0.729356 -0.029756
v 0.299626 0.384324 -0.210544
v 0.297237 -0.118748 -0.310773
v 0.293513 -0.789276 -0.116405
v 0.312193 -0.736011 -0.010016
v 0.300979 0.385042 0.208367
v 0.294556 0.527983 0.095272
v 0.303638 0.493722 -0.131515
v 0.321884 0.034115 0.331473
v 0.331755 -0.331248 0.206096
v 0.292861 0.439664 0.173129
v 0.302052 0.473621 0.137662
v 0.295619 0.363071 0.178655
v 0.312787 0.418184 -0.193503
v 0.289981 0.114201 0.316879
v 0.299900 -0.117546 0.313766
v 0.334063 0.177307 -0.279662
v 0.325905 -0.283994 0.241788
v 0.302154 0.364250 0.161412
v 0.330060 0.090723 -0.338300
v 0.309345 -0.748837 -0.093317
v 0.322063 0.098097 -0.309974
v 0.301225 0.358793 0.201726
v 0.300142 0.365378 -0.200692
v 0.314114 -0.101940 0.303310
v 0.316306 0.381697 -0.180624
v 0.307162 0.379461 -0.161441
v 0.307463 0.588578 0.061569
v 0.320709 0.423241 0.162048
v 0.307082 0.638714 0.007781
v 0.337491 0.092975 -0.322216
v 0.305088 0.099192 0.304510
v 0.308525 0.582089 -0.068893
v 0.327683 0.368118 -0.257322
v 0.331866 0.180928 0.280338
v 0.304159 0.357651 -0.209999
v 0.312982 0.385706 0.216544
v 0.319643 -0.340449 0.161417
v 0.300824 0.362541 0.268438
v 0.308340 0.632617 -0.015949
v 0.311812 -0.201830 -0.317933
v 0.317408 -0.780121 0.061076
v 0.310998 -0.107442 -0.308543
v 0.311324 0.380168 0.178087
v 0.324917 -0.098935 0.326027
v 0.310185 0.384113 -0.218780
v 0.320074 0.381784 -0.252883
v 0.306109 -0.777244 -0.103519
v 0.314103 0.387722 0.200868
v 0.301960 -0.791298 -0.086148
v 0.329337 -0.342950 -0.113945
v 0.328579 -0.090233 -0.315264
v 0.327378 0.103763 0.333643
v 0.310792 0.511809 -0.116806
v 0.302722 -0.791476 0.084639
v 0.344041 -0.311590 -0.218396
v 0.307135 0.426518 0.182960
v 0.306437 -0.793568 -0.042128
v 0.314428 0.385462 -0.203641
v 0.319605 0.415759 -0.163489
v 0.315954 -0.748559 0.068889
v 0.325339 0.383617 -0.170817
v 0.314930 -0.939830 -0.304991
v 0.307318 -0.794889 0.030480
v 0.316944 0.365619 -0.205231
v 0.319595 0.390029 -0.196243
v 0.322092 -0.094018 -0.296461
v 0.314986 -0.804153 0.304811
v 0.316552 0.364267 0.208555
v 0.317122 -0.782206 -0.039417
v 0.329141 0.373867 0.255462
v 0.314888 -0.939924 0.304690
v 0.350519 -0.244455 0.259013
v 0.316154 0.563448 -0.074866
v 0.344188 -0.134732 -0.338654
v 0.315377 0.086160 0.295633
v 0.313327 0.534138 0.102339
v 0.320157 0.481182 0.133595
v 0.319125 0.560859 0.077966
v 0.314916 -0.804101 -0.305247
v 0.353238 0.414596 0.219155
v 0.315007 -0.804305 0.001162
v 0.324754 0.637157 -0.011119
v 0.323106 -0.748315 -0.009134
v 0.360743 -0.323326 -0.036488
v 0.332694 -0.350316 0.044037
v 0.312015 0.090967 -0.299193
v 0.320045 0.389614 0.192779
v 0.322452 0.455881 -0.141814
v 0.320299 0.598817 -0.048704
v 0.365926 0.289564 -0.205851
v 0.323148 0.606239 0.041922
v 0.324653 0.071426 0.283912
v 0.350740 -0.304081 -0.173065
v 0.322597 0.639224 0.009911
v 0.322805 -0.763339 0.054695
v 0.323620 -0.766270 -0.048888
v 0.329559 0.464648 -0.105553
v 0.326506 0.093468 0.305880
v 0.323145 0.381871 0.169942
v 0.335190 0.423858 0.153836
v 0.338305 -0.077471 0.284359
v 0.330528 0.511449 0.084376
v 0.334122 0.508865 -0.064772
v 0.331242 0.569852 -0.003854
v 0.352951 -0.343429 -0.001927
v 0.329591 0.546325 0.028443
v 0.364334 0.299761 0.204702
v 0.362059 0.419580 -0.217002
v 0.330689 0.456140 0.109187
v 0.337682 0.392384 0.243211
v 0.336994 0.393250 -0.161079
v 0.335188 -0.081804 -0.284009
v 0.330815 0.630273 0.000592
v 0.325737 0.066402 -0.281724
v 0.355965 -0.123990 0.335582
v 0.337101 0.388911 0.165933
v 0.365824 0.343037 -0.204580
v 0.347733 -0.051481 -0.284073
v 0.353481 -0.310068 0.207980
v 0.361625 0.415350 0.189947
v 0.355217 -0.075725 -0.315737
v 0.332593 -0.086425 0.294773
v 0.332565 0.047803 0.268581
v 0.370081 -0.143181 0.309601
v 0.346964 0.048330 -0.271884
v 0.331794 0.366835 -0.139268
v 0.333369 0.370405 0.139235
v 0.344262 0.357464 -0.150384
v 0.335680 0.365253 0.150639
v 0.337374 0.546627 -0.001639
v 0.338261 0.383046 -0.158682
v 0.361011 -0.214520 -0.271096
v 0.341603 -0.323246 -0.204262
v 0.342860 0.392890 -0.141215
v 0.343691 0.391265 0.137564
v 0.366423 0.348897 0.204380
v 0.340807 0.079580 0.325996
v 0.340717 0.384303 0.157904
v 0.335439 0.034455 -0.261011
v 0.337977 0.027298 0.255621
v 0.372432 -0.049288 0.257042
v 0.337340 -0.036016 0.220820
v 0.345282 -0.034670 -0.220813
v 0.359049 0.438194 0.079716
v 0.354267 0.059384 -0.291649
v 0.340764 -0.012429 -0.237149
v 0.349406 0.046456 0.270952
v 0.367765 -0.065901 0.313567
v 0.380755 0.209532 -0.217227
v 0.358856 -0.066581 0.264527
v 0.336513 0.058143 -0.266074
v 0.340695 -0.029336 0.233486
v 0.350005 -0.342752 0.005301
v 0.346760 -0.070680 -0.270463
v 0.344708 0.001011 0.237798
v 0.368392 0.416383 -0.188513
v 0.341229 -0.036663 -0.230661
v 0.349967 -0.072969 0.277925
v 0.352501 -0.072008 -0.268808
v 0.340646 0.010404 -0.247860
v 0.385457 0.148063 0.219038
v 0.344301 -0.000282 0.244073
v 0.357418 0.012970 0.229756
v 0.358870 0.367587 -0.126067
v 0.351609 0.388256 -0.153205
v 0.363440 0.032348 -0.292811
v 0.456842 -0.037106 -0.293431
v 0.379143 0.207890 0.218282
v 0.354622 0.363980 0.123733
v 0.350120 0.364384 0.145556
v 0.369090 0.474340 0.000014
v 0.389658 -0.253257 0.199289
v 0.380253 -0.290523 -0.117074
v 0.360106 0.363975 -0.118908
v 0.378429 0.005529 -0.208491
v 0.364365 0.410106 0.228713
v 0.381789 -0.141609 -0.296192
v 0.352349 0.062442 0.290870
v 0.370791 0.004580 0.277797
v 0.362819 -0.003153 0.244462
v 0.363476 0.008698 -0.251832
v 0.358680 0.435487 -0.082177
v 0.368955 0.429013 0.045914
v 0.355577 -0.034224 0.214567
v 0.383075 0.079665 0.215022
v 0.361620 0.376164 0.130972
v 0.362413 -0.035887 0.227971
v 0.366559 -0.039901 -0.226538
v 0.376585 -0.270310 0.232437
v 0.362123 0.042667 0.290982
v 0.379094 -0.048007 0.284752
v 0.361284 0.363093 0.121002
v 0.385343 0.138438 -0.222719
v 0.381936 -0.269486 -0.229767
v 0.359376 -0.312615 0.002146
v 0.365297 -0.057978 -0.262742
v 0.368778 0.006982 0.258274
v 0.397626 -0.082361 0.317753
v 0.370993 0.419261 -0.046262
v 0.362082 -0.282691 -0.004550
v 0.359744 -0.243822 0.015978
v 0.375311 0.408371 0.221672
v 0.360682 -0.243135 0.028805
v 0.390951 -0.102723 -0.317524
v 0.373340 0.416848 0.195998
v 0.370493 -0.263579 0.011026
v 0.376701 -0.014165 0.206558
v 0.373814 -0.053571 0.225890
v 0.386067 -0.181727 0.274420
v 0.386362 -0.293300 0.018885
v 0.367761 0.348995 0.098979
v 0.367896 0.348234 -0.104176
v 0.375860 -0.049926 -0.289821
v 0.381408 0.408366 -0.210551
v 0.377356 -0.051362 0.256188
v 0.371135 -0.258923 -0.011911
v 0.366400 -0.070970 -0.190525
v 0.367725 -0.052341 0.202031
v 0.373690 0.333230 -0.089641
v 0.368639 -0.069811 0.191783
v 0.372820 -0.002803 -0.273354
v 0.368935 -0.045458 -0.205902
v 0.396349 0.274789 -0.002144
v 0.384059 0.420089 -0.010739
v 0.375437 -0.037394 0.176571
v 0.372996 -0.246980 0.038971
v 0.366461 0.404247 -0.229780
v 0.379329 0.353068 -0.099151
v 0.379608 -0.240637 0.001734
v 0.396793 -0.243920 -0.197216
v 0.400184 -0.260399 0.141655
v 0.385952 0.381990 -0.136823
v 0.377018 -0.033433 -0.174839
v 0.385804 -0.078388 -0.193213
v 0.380894 -0.057292 -0.221254
v 0.382677 -0.066347 0.174058
v 0.377302 -0.050510 -0.251485
v 0.395243 0.362003 0.132582
v 0.385292 0.382307 0.137400
v 0.427143 -0.108237 -0.280515
v 0.382870 0.405170 0.202023
v 0.382111 -0.236403 -0.019425
v 0.388329 -0.075763 0.192493
v 0.410961 -0.250545 0.033727
v 0.386640 -0.223334 0.033869
v 0.381676 0.305860 -0.067098
v 0.405149 -0.032749 0.271809
v 0.385476 -0.069349 -0.174559
v 0.390853 0.335051 0.078974
v 0.382311 0.294117 0.051731
v 0.389287 -0.005579 -0.177477
v 0.390458 -0.251691 0.026386
v 0.383408 -0.059608 0.215455
v 0.375535 0.324413 0.075665
v 0.384210 -0.296873 -0.016754
v 0.402754 -0.225668 -0.020239
v 0.423287 -0.186635 0.249412
v 0.384582 0.417118 0.007433
v 0.389533 -0.013292 0.173126
v 0.401074 0.286003 -0.116426
v 0.410302 -0.084336 0.311701
v 0.396482 0.343443 -0.089723
v 0.408343 -0.210208 -0.253133
v 0.391657 0.377465 -0.146172
v 0.412470 -0.032700 -0.249966
v 0.387347 0.280824 -0.048997
v 0.393916 -0.067151 -0.176898
v 0.395680 -0.015325 0.177256
v 0.391071 -0.220397 -0.024603
v 0.392067 -0.006973 -0.169493
v 0.393402 -0.067906 0.178803
v 0.415414 0.174012 -0.136713
v 0.391236 0.261217 -0.038972
v 0.410939 -0.190745 -0.003105
v 0.398752 -0.055937 -0.198146
v 0.395376 0.245122 -0.029282
v 0.392510 0.372478 0.134991
v 0.395839 0.195056 -0.178699
v 0.397805 0.230292 0.021913
v 0.396822 0.011323 0.163231
v 0.403838 0.282938 0.106412
v 0.403404 0.035898 0.151019
v 0.398720 -0.269738 -0.018376
v 0.389453 0.264233 0.035270
v 0.417040 -0.205204 -0.247406
v 0.404538 -0.181820 0.044693
v 0.400217 0.025036 -0.156099
v 0.400019 -0.059064 0.195785
v 0.406640 0.002722 -0.175183
v 0.398689 -0.220246 0.041345
v 0.407621 0.052185 -0.142459
v 0.411452 0.310415 -0.069499
v 0.402693 0.213211 -0.016905
v 0.404119 0.332178 0.082818
v 0.417689 0.191337 0.115964
v 0.410586 -0.217515 0.246111
v 0.413643 0.285875 0.048971
v 0.397592 -0.205347 -0.030639
v 0.411855 -0.015469 0.183822
v 0.400759 -0.173826 -0.065504
v 0.418537 -0.184495 -0.043132
v 0.414437 0.294921 0.064623
v 0.399598 0.301748 -0.053104
v 0.405348 0.142345 -0.005947
v 0.404967 0.146291 0.006880
v 0.399217 -0.074872 -0.176126
v 0.405427 -0.192644 -0.043027
v 0.441816 -0.027530 0.285702
v 0.405651 0.187258 0.010746
v 0.411897 -0.244061 -0.148069
v 0.406163 -0.152862 -0.081780
v 0.402576 -0.067007 0.167026
v 0.404346 -0.077034 0.168995
v 0.411607 -0.093416 -0.157940
v 0.430623 -0.028281 -0.285116
v 0.415444 -0.010408 -0.181055
v 0.417254 0.019700 0.168886
v 0.426516 -0.041327 0.205224
v 0.431197 -0.223548 -0.038492
v 0.410151 -0.058985 -0.191251
v 0.408794 -0.161652 -0.078355
v 0.410944 0.062621 0.133932
v 0.463116 -0.038073 0.290608
v 0.408727 -0.060556 0.186841
v 0.423773 -0.193560 -0.214248
v 0.409918 -0.135268 0.078782
v 0.415072 0.077378 -0.124160
v 0.419825 -0.079963 -0.184586
v 0.456769 -0.053834 -0.292818
v 0.416604 -0.052477 0.165591
v 0.432637 -0.211644 0.047346
v 0.410781 -0.048912 -0.202354
v 0.416734 -0.052653 -0.166154
v 0.414298 -0.129323 -0.097863
v 0.413821 -0.177643 0.061353
v 0.427935 -0.220087 0.111316
v 0.420694 0.220878 -0.024673
v 0.422730 0.249094 -0.039570
v 0.416098 -0.137222 0.090643
v 0.415668 -0.075402 0.175696
v 0.423756 -0.193439 0.213560
v 0.419216 -0.105705 0.107411
v 0.421702 0.102145 -0.099320
v 0.429815 -0.205845 0.172331
v 0.416034 -0.137935 -0.095526
v 0.421365 0.227102 0.026827
v 0.436077 -0.172029 0.062300
v 0.416997 0.084660 0.115730
v 0.420666 -0.102214 -0.130073
v 0.423189 0.146662 -0.001608
v 0.421138 -0.074035 0.146008
v 0.421018 -0.111327 0.110344
v 0.429409 0.158072 -0.011781
v 0.420661 0.071052 0.131565
v 0.430605 -0.207534 -0.165879
v 0.434623 0.060195 -0.146206
v 0.442125 -0.186505 -0.053681
v 0.421588 -0.107795 -0.113992
v 0.430186 -0.138398 -0.073118
v 0.422777 -0.115035 -0.112025
v 0.421994 0.100392 0.097907
v 0.445931 -0.060981 -0.098736
v 0.431170 -0.133424 0.089414
v 0.433215 0.151376 -0.027282
v 0.426983 -0.096522 -0.155580
v 0.445598 0.102296 -0.112526
v 0.429876 -0.066592 0.165829
v 0.424370 -0.081783 0.143155
v 0.432829 -0.073912 -0.154708
v 0.430336 0.162031 0.012587
v 0.428967 0.130760 -0.063227
v 0.427355 0.115967 0.078058
v 0.442051 0.076849 0.131608
v 0.446866 -0.052808 0.096051
v 0.433038 0.040682 0.153265
v 0.447003 -0.116925 -0.005832
v 0.439980 0.056686 -0.143522
v 0.449409 0.036921 -0.105074
v 0.431955 0.135097 0.053663
v 0.461709 -0.018851 -0.256462
v 0.435290 0.154341 0.025294
v 0.446639 -0.195516 -0.060199
v 0.446525 -0.106773 0.262302
v 0.435845 -0.089968 -0.122722
v 0.442237 -0.086818 0.131861
v 0.454108 -0.018392 0.262302
v 0.449119 -0.077461 0.045253
v 0.434947 0.140312 -0.049310
v 0.447098 -0.037193 -0.207686
v 0.448302 -0.081205 -0.122542
v 0.448571 -0.104256 -0.260721
v 0.454643 -0.178318 0.078633
v 0.450704 0.034066 0.095936
v 0.444404 0.174959 0.002818
v 0.441724 -0.127236 -0.078731
v 0.457978 0.097201 0.106670
v 0.456414 0.130944 0.072786
v 0.447976 -0.099482 -0.102094
v 0.446459 0.149139 -0.046566
v 0.464922 -0.054610 0.284041
v 0.462683 -0.072990 -0.004449
v 0.455398 -0.150691 0.156031
v 0.465304 -0.144741 0.095321
v 0.456284 -0.048750 0.189491
v 0.472719 -0.023492 -0.278610
v 0.469862 -0.022750 0.248903
v 0.467137 -0.141750 -0.086749
v 0.459958 0.100734 -0.103695
v 0.470854 -0.025018 0.000206
v 0.473849 0.187713 -0.000840
v 0.459674 -0.142676 -0.153908
v 0.456271 -0.053814 -0.172015
v 0.475722 -0.026858 0.276879
v 0.468402 0.122628 0.080228
v 0.480321 -0.039005 -0.271811
v 0.478745 -0.122284 -0.117282
v 0.475093 -0.117316 0.130629
v 0.472162 0.061734 -0.000546
v 0.477323 -0.095910 -0.182575
v 0.477180 -0.113508 0.147985
v 0.484345 -0.042482 0.255204
v 0.476158 -0.107372 -0.121420
v 0.478338 0.112318 -0.000622
v 0.488045 0.178368 -0.015364
v 0.477765 -0.027306 -0.256149
v 0.480719 -0.069472 -0.181495
v 0.475889 0.138156 0.051895
v 0.484566 -0.060639 -0.213544
v 0.481537 -0.069966 0.203684
v 0.473086 0.135505 -0.066567
v 0.488081 0.176531 0.011277
v 0.495942 0.176250 -0.002145
vn -0.9087 0.4167 -0.0254
vn -0.6259 0.5786 -0.5229
vn -0.9273 0.0767 0.3664
vn -0.5280 0.6864 0.5001
vn -0.0628 0.9876 -0.1439
vn -0.7188 0.4139 -0.5587
vn -0.9712 -0.1879 -0.1463
vn -0.9377 0.2758 0.2113
vn -0.9899 -0.0344 0.1374
vn -0.8957 0.3488 -0.2758
vn -0.9197 0.2120 -0.3305
vn -0.5526 0.8083 0.2034
vn -0.7559 0.3978 0.5199
vn -0.6433 0.7575 -0.1112
vn -0.9779 -0.2025 0.0520
vn -0.9912 -0.1285 0.0333
vn -0.8516 0.3007 -0.4293
vn -0.2628 0.8979 -0.3532
vn -0.3565 0.8395 -0.4099
vn -0.6959 -0.2499 0.6732
vn -0.3170 0.7983 0.5120
vn -0.9611 -0.2225 -0.1639
vn -0.1106 0.9201 0.3756
vn -0.9870 -0.1609 -0.0000
vn -0.7799 0.3250 0.5349
vn -0.4206 0.2827 -0.8621
vn -0.7151 -0.3327 -0.6148
vn -0.8744 0.2496 0.4162
vn -0.9928 -0.1198 0.0060
vn -0.6785 0.2595 -0.6872
vn -0.9607 -0.2229 0.1657
vn -0.2640 0.8122 -0.5202
vn -0.9568 -0.1014 -0.2724
vn -0.2965 0.3041 0.9053
vn -0.8940 -0.4083 -0.1847
vn -0.9467 -0.1479 0.2861
vn 0.1209 0.9908 0.0604
vn -0.9657 -0.1028 0.2385
vn 0.0503 0.7516 -0.6577
vn -0.8541 -0.3814 -0.3536
vn -0.7826 0.0940 0.6154
vn -0.9369 -0.3493 -0.0118
vn -0.7380 0.3089 -0.5999
vn -0.8796 -0.4187 0.2257
vn -0.7921 -0.4472 0.4154
vn -0.1534 0.7472 0.6467
vn -0.5913 0.3533 0.7249
vn -0.1541 0.7341 -0.6614
vn 0.0298 0.7547 0.6554
vn -0.9296 -0.2301 -0.2879
vn 0.1507 0.9291 0.3377
vn 0.1807 0.8429 -0.5068
vn -0.5159 0.7952 -0.3187
vn 0.2841 0.9490 0.1365
vn -0.8829 -0.4105 0.2280
vn -0.5314 0.3840 -0.7551
vn -0.8484 -0.1811 0.4974
vn -0.1032 0.3770 -0.9204
vn 0.0855 0.8885 -0.4509
vn -0.6338 -0.4007 0.6616
vn 0.2852 0.9511 0.1186
vn -0.1695 0.5923 0.7877
vn -0.5118 0.6910 -0.5105
vn -0.5696 -0.3044 0.7635
vn -0.0184 0.5891 -0.8079
vn 0.3796 0.7405 0.5546
vn -0.8425 -0.5103 0.1724
vn -0.7483 0.0544 0.6611
vn -0.9178 -0.3081 0.2505
vn -0.2458 0.3515 -0.9033
vn -0.4911 0.7679 0.4113
vn -0.8393 -0.5123 -0.1822
vn -0.8741 -0.3453 0.3417
vn -0.8151 -0.2464 -0.5243
vn -0.7223 -0.4026 -0.5624
vn 0.2778 0.9056 -0.3205
vn 0.1949 0.8126 0.5492
vn 0.3831 0.7533 -0.5346
vn -0.6795 0.0603 -0.7312
vn 0.2973 0.7790 0.5521
vn 0.4603 0.6598 0.5939
vn -0.5531 0.4346 0.7108
vn -0.7733 -0.3890 -0.5008
vn -0.5177 0.4308 -0.7392
vn -0.1399 0.4227 0.8954
vn 0.0710 0.5345 -0.8422
vn 0.7122 0.6889 0.1348
vn -0.9479 0.1878 0.2573
vn -0.5139 0.6443 -0.5664
vn -0.8947 -0.4134 -0.1692
vn -0.6126 -0.4165 -0.6717
vn -0.5231 0.6461 0.5558
vn -0.4933 0.6277 0.6022
vn -0.1757 0.9504 -0.2566
vn -0.9691 -0.2004 0.1438
vn 0.3415 0.8387 0.4243
vn -0.7547 -0.3250 0.5699
vn -0.5059 0.5102 -0.6955
vn -0.4930 -0.1759 -0.8521
vn -0.8002 0.4735 -0.3681
vn -0.7070 -0.4127 0.5743
vn -0.9624 0.1144 0.2463
vn -0.2849 0.5654 -0.7740
vn -0.3320 -0.8857 -0.3245
vn 0.0797 0.7166 0.6929
vn 0.2104 0.8025 -0.5584
vn -0.7806 0.3726 0.5018
vn -0.9594 -0.0286 0.2806
vn -0.5061 0.5918 -0.6274
vn -0.8896 -0.4510 -0.0718
vn -0.1702 0.4270 -0.8881
vn -0.6794 0.2628 0.6851
vn 0.3435 0.8424 -0.4152
vn -0.9628 0.0927 -0.2536
vn -0.5218 0.5762 0.6291
vn -0.3697 0.5164 -0.7725
vn -0.6547 0.6613 0.3662
vn -0.2322 0.7570 -0.6108
vn -0.7040 0.2878 -0.6493
vn 0.1214 0.6219 0.7736
vn -0.8964 -0.4154 0.1544
vn -0.9830 -0.0339 -0.1802
vn -0.1174 0.5707 0.8127
vn -0.0084 0.6797 0.7335
vn -0.8729 -0.2825 0.3978
vn -0.8168 0.1806 -0.5480
vn -0.9229 0.3672 0.1156
vn -0.4539 0.2641 -0.8510
vn -0.8932 0.0995 0.4385
vn -0.9053 0.3582 -0.2282
vn 0.5889 0.7959 -0.1408
vn -0.9501 0.1049 -0.2937
vn -0.2019 0.3210 0.9253
vn -0.3406 0.4734 -0.8123
vn 0.0026 0.8805 -0.4740
vn -0.5670 0.3686 0.7367
vn -0.5618 0.4091 -0.7190
vn -0.7878 -0.2445 -0.5653
vn -0.8095 0.1701 0.5619
vn -0.4719 0.7705 0.4285
vn -0.7430 0.6503 -0.1585
vn -0.8005 -0.5944 -0.0767
vn -0.5083 -0.3803 -0.7727
vn -0.3400 -0.0765 0.9373
vn -0.8010 -0.5892 -0.1063
vn -0.8150 0.3075 0.4912
vn -0.9545 -0.2556 -0.1538
vn -0.9505 0.0666 0.3035
vn -0.3515 0.2016 -0.9142
vn -0.4231 0.3153 -0.8494
vn -0.9460 -0.0890 0.3117
vn 0.2301 0.3405 -0.9117
vn -0.9697 0.0775 0.2315
vn -0.7956 -0.5369 0.2808
vn -0.8645 -0.0154 -0.5024
vn -0.9884 0.0127 -0.1516
vn -0.4795 0.5549 0.6798
vn 0.2721 0.6194 0.7365
vn -0.7764 0.3838 0.4999
vn 0.5072 0.8617 -0.0177
vn 0.0691 0.3862 0.9198
vn -0.8448 0.2582 -0.4686
vn -0.8666 -0.0388 0.4974
vn 0.4331 0.4683 -0.7702
vn -0.7257 0.4824 0.4906
vn -0.7627 0.1506 0.6290
vn -0.8038 -0.5910 0.0685
vn -0.4942 -0.4239 0.7590
vn -0.4108 0.2399 0.8796
vn 0.2462 0.7118 0.6578
vn -0.8129 0.3089 -0.4938
vn -0.9753 0.0836 -0.2044
vn -0.8484 0.1503 -0.5076
vn -0.9936 0.1122 0.0098
vn -0.9815 0.1217 0.1478
vn -0.8641 0.0778 0.4973
vn -0.3216 0.0855 -0.9430
vn -0.7750 -0.3562 0.5221
vn -0.7810 0.3981 -0.4811
vn -0.2930 0.6453 -0.7055
vn -0.4177 0.8948 0.1578
vn 0.6055 0.7958 0.0001
vn -0.8103 -0.2403 0.5346
vn -0.8640 -0.4699 -0.1807
vn -0.7297 0.4341 0.5283
vn -0.5622 -0.6039 0.5650
vn -0.8013 0.5549 0.2237
vn -0.7290 -0.6634 0.1686
vn -0.7213 -0.5387 -0.4353
vn 0.5888 0.4302 0.6843
vn -0.9088 -0.3916 0.1443
vn -0.9331 0.3116 0.1796
vn -0.2181 0.7475 0.6274
vn -0.7101 0.5277 0.4662
vn 0.4091 0.6318 -0.6584
vn -0.8536 0.0734 -0.5158
vn 0.2791 0.2009 -0.9390
vn 0.2786 0.1077 0.9543
vn -0.7383 -0.1744 0.6516
vn -0.5921 0.7132 -0.3752
vn -0.8487 -0.1113 -0.5170
vn -0.7924 -0.3595 0.4929
vn -0.8317 -0.1944 -0.5201
vn 0.0988 0.9918 -0.0810
vn -0.9680 0.1722 -0.1823
vn -0.8613 0.0842 0.5010
vn -0.9763 0.2164 -0.0045
vn -0.9783 0.1644 0.1261
vn -0.0886 0.7395 -0.6673
vn -0.9620 0.1206 -0.2449
vn -0.3012 0.9077 0.2922
vn -0.9696 0.1604 0.1850
vn -0.7797 0.6261 0.0015
vn -0.1536 0.2259 -0.9620
vn -0.3844 0.9188 -0.0897
vn -0.6647 0.5500 0.5056
vn -0.4294 -0.5295 0.7316
vn -0.6833 0.5404 -0.4909
vn -0.7706 -0.1888 0.6088
vn -0.9540 -0.2997 -0.0100
vn 0.5439 0.8305 0.1201
vn -0.5895 0.6509 -0.4783
vn -0.3412 0.8488 0.4039
vn -0.8834 -0.2221 0.4128
vn -0.5526 -0.6121 -0.5656
vn -0.7149 -0.6787 -0.1684
vn -0.8670 -0.1402 -0.4782
vn -0.7893 -0.4816 -0.3809
vn -0.6735 0.7362 -0.0663
vn -0.8672 -0.1118 0.4853
vn -0.8399 -0.0008 -0.5427
vn -0.8023 0.1980 -0.5631
vn -0.3744 0.8328 -0.4077
vn -0.6432 -0.1052 0.7584
vn -0.8103 0.1487 0.5669
vn -0.2995 0.4667 -0.8322
vn -0.6584 0.6171 0.4310
vn -0.7374 -0.1338 -0.6621
vn -0.4329 -0.5107 -0.7428
vn 0.2397 0.7672 -0.5949
vn -0.9506 0.2686 -0.1556
vn -0.0943 0.9739 0.2062
vn -0.8237 0.4701 -0.3169
vn -0.9208 0.2759 -0.2758
vn -0.5724 0.7195 -0.3932
vn -0.6857 0.0961 0.7215
vn -0.7329 -0.6487 0.2050
vn -0.9318 0.3622 -0.0248
vn -0.6122 -0.6816 -0.4008
vn -0.9586 0.0065 0.2846
vn -0.7573 -0.6520 -0.0373
vn -0.9389 -0.0432 -0.3414
vn -0.3381 0.7542 0.5630
vn 0.0594 0.9702 -0.2349
vn -0.8706 0.3062 0.3851
vn -0.6457 0.6427 0.4123
vn -0.5579 0.7273 0.3996
vn -0.9469 0.2001 0.2517
vn -0.0121 0.9243 -0.3814
vn 0.1975 0.8762 0.4396
vn -0.0191 0.6665 -0.7453
vn -0.6965 0.4781 -0.5350
vn -0.0150 0.6094 0.7927
vn -0.6813 0.1128 -0.7233
vn -0.5183 0.6558 -0.5490
vn -0.6320 0.5233 -0.5716
vn -0.9589 0.1415 -0.2457
vn 0.4145 0.7073 0.5726
vn -0.7058 -0.1952 -0.6810
vn 0.2879 0.9497 0.1234
vn -0.7903 -0.5721 0.2194
vn -0.9108 -0.2016 0.3604
vn -0.9315 0.3563 0.0736
vn -0.9352 0.2460 0.2546
vn -0.4750 0.8329 0.2841
vn -0.9895 -0.1223 0.0771
vn -0.8921 0.2741 -0.3592
vn -0.9057 0.2571 0.3370
vn 0.2333 0.9433 0.2362
vn -0.2714 0.4949 -0.8255
vn -0.9511 0.0969 0.2934
vn -0.4001 0.4844 0.7780
vn -0.7286 -0.1682 -0.6640
vn -0.3604 -0.6334 0.6847
vn -0.5520 0.5542 0.6231
vn 0.2743 0.6158 0.7386
vn -0.8927 0.4506 -0.0007
vn -0.9293 -0.3669 -0.0420
vn -0.8457 0.2143 0.4887
vn -0.4527 0.3485 -0.8207
vn -0.6056 -0.7143 0.3506
vn -0.4400 0.4154 -0.7962
vn 0.4011 0.8539 -0.3315
vn 0.4199 0.7212 -0.5509
vn 0.3730 0.6885 0.6219
vn -0.6277 0.1485 -0.7641
vn -0.7235 -0.1486 0.6741
vn -0.3939 -0.1951 -0.8982
vn -0.4265 0.3372 0.8393
vn 0.1313 0.9524 0.2751
vn -0.7076 0.6073 -0.3613
vn -0.2947 0.9495 -0.1073
vn -0.6895 0.4149 0.5937
vn 0.3628 0.5511 0.7515
vn -0.6783 0.6581 -0.3268
vn -0.9398 0.2572 -0.2252
vn -0.9394 0.3144 0.1369
vn -0.6216 0.5759 -0.5309
vn 0.1768 0.7591 0.6265
vn 0.0722 0.4899 -0.8688
vn 0.6012 0.6981 0.3889
vn -0.2697 -0.6753 -0.6865
vn -0.5372 0.6286 -0.5623
vn -0.9341 0.0231 0.3563
vn -0.2646 0.9630 0.0503
vn -0.9535 0.3008 -0.0199
vn -0.7628 0.1060 -0.6379
vn 0.3336 0.7934 -0.5091
vn -0.6204 0.3929 0.6788
vn -0.6462 0.2920 -0.7051
vn -0.9084 0.2791 -0.3112
vn -0.9481 0.0615 0.3121
vn -0.7820 0.2599 -0.5665
vn -0.9228 0.2544 0.2892
vn -0.7030 0.6930 -0.1597
vn -0.3306 0.8978 0.2910
vn -0.5304 -0.5012 -0.6837
vn -0.6972 -0.7161 0.0347
vn -0.9633 0.2099 0.1673
vn -0.9517 0.3039 0.0442
vn -0.0074 0.9047 -0.4259
vn -0.9235 0.2468 0.2936
vn -0.4854 -0.4389 0.7561
vn -0.8899 0.2876 0.3541
vn -0.4023 0.7076 -0.5809
vn -0.9763 0.0939 0.1951
vn -0.7396 -0.1957 0.6439
vn -0.6460 -0.1079 -0.7556
vn -0.7986 0.0579 -0.5990
vn -0.7201 -0.1485 0.6778
vn -0.8086 0.5592 -0.1831
vn -0.7359 0.2978 -0.6080
vn -0.6671 -0.6639 -0.3379
vn -0.7721 0.3344 0.5404
vn -0.1072 0.8736 0.4748
vn -0.1558 0.5585 0.8147
vn 0.4778 0.5905 -0.6504
vn -0.1891 0.5767 -0.7948
vn 0.7229 0.6854 0.0872
vn -0.1611 0.5946 0.7877
vn -0.7255 0.0824 0.6833
vn 0.7487 0.6555 -0.0991
vn -0.4994 0.7264 0.4722
vn -0.6474 -0.0964 0.7560
vn 0.3492 0.7451 0.5682
vn -0.7137 0.0762 -0.6963
vn -0.8707 0.4802 0.1059
vn -0.7562 0.4003 0.5176
vn -0.0374 -0.0628 0.9973
vn -0.0457 -0.0202 -0.9987
vn 0.0425 0.8474 0.5292
vn -0.7219 -0.2068 -0.6603
vn -0.9976 0.0670 -0.0161
vn -0.1496 0.6521 -0.7432
vn -0.9645 0.2592 -0.0497
vn -0.2003 0.4098 0.8899
vn -0.7996 0.3890 0.4576
vn -0.4178 0.8654 0.2767
vn -0.6495 -0.7421 0.1654
vn -0.5467 -0.7639 -0.3429
vn -0.4491 0.7876 -0.4219
vn -0.7865 0.3729 -0.4923
vn 0.4698 0.4808 0.7403
vn -0.7628 0.6369 -0.1121
vn -0.5706 0.8122 -0.1215
vn -0.5896 0.4465 0.6731
vn -0.9550 0.2912 0.0560
vn -0.9321 -0.3522 -0.0844
vn 0.6428 0.7522 0.1450
vn -0.6007 0.4779 0.6410
vn -0.8241 0.5654 0.0360
vn -0.9348 0.3108 -0.1722
vn -0.0999 0.4298 -0.8974
vn -0.6609 -0.7505 0.0038
vn 0.3040 0.9051 0.2972
vn -0.7304 0.6550 0.1938
vn -0.0154 0.8858 -0.4637
vn -0.8010 0.5944 -0.0710
vn -0.9590 0.0575 0.2774
vn -0.5925 0.7993 -0.0999
vn -0.3019 0.5105 -0.8051
vn -0.0753 0.5092 0.8573
vn 0.4254 0.8433 -0.3285
vn 0.0397 0.7357 0.6761
vn -0.3811 0.7972 0.4682
vn 0.0658 0.4807 0.8744
vn -0.6308 0.7675 0.1142
vn -0.9022 -0.4127 0.1251
vn -0.5081 -0.6061 -0.6120
vn -0.9327 0.3200 -0.1664
vn -0.8731 0.3282 0.3605
vn -0.9241 -0.3822 0.0002
vn -0.9230 -0.3849 -0.0001
vn -0.9286 0.3707 0.0161
vn -0.8745 0.3254 -0.3597
vn -0.8689 -0.3350 -0.3645
vn -0.8656 -0.3361 0.3712
vn -0.5642 0.8181 0.1110
vn -0.0211 0.6696 -0.7425
vn -0.4934 0.3517 -0.7955
vn -0.0905 0.6401 0.7629
vn -0.7168 0.6271 0.3048
vn -0.7019 0.2152 0.6790
vn -0.9383 0.0618 -0.3404
vn 0.6687 0.7186 0.1909
vn 0.6320 0.7520 0.1874
vn -0.9337 0.3580 -0.0011
vn -0.3437 -0.8703 0.3527
vn -0.3454 -0.8714 -0.3482
vn 0.2391 0.6225 0.7452
vn 0.5676 0.4984 -0.6553
vn -0.3555 0.8663 0.3510
vn 0.1142 0.6818 -0.7226
vn 0.6825 0.6881 -0.2465
vn -0.0867 0.4309 -0.8982
vn -0.3603 0.8651 -0.3490
vn -0.4063 0.2270 0.8851
vn -0.4120 0.5625 -0.7168
vn -0.0277 0.3504 -0.9362
vn -0.1271 0.7178 -0.6846
vn -0.4449 0.2431 -0.8619
vn -0.0871 -0.2259 -0.9702
vn -0.3252 0.3382 -0.8831
vn -0.3844 0.5223 0.7612
vn -0.8489 -0.3960 -0.3499
vn -0.9925 0.0708 -0.0995
vn -0.7967 0.1188 0.5926
vn -0.9690 0.1759 0.1734
vn -0.3187 -0.3380 -0.8856
vn -0.0158 0.3764 0.9263
vn -0.3118 -0.3337 0.8896
vn -0.3286 0.3364 0.8825
vn -0.9978 0.0135 0.0652
vn -0.1915 0.7056 -0.6822
vn -0.8569 -0.3540 0.3748
vn -0.7768 0.5079 -0.3723
vn -0.7459 0.2398 0.6214
vn -0.2003 0.9286 0.3122
vn -0.5804 0.5876 -0.5638
vn -0.2872 0.7640 0.5778
vn -0.7188 0.0226 -0.6949
vn 0.2408 0.2344 0.9419
vn -0.1813 0.7506 0.6354
vn -0.8822 0.4226 -0.2077
vn -0.6558 -0.3631 -0.6619
vn -0.3311 0.8352 -0.4391
vn 0.5400 0.4910 0.6836
vn -0.1744 0.9691 -0.1743
vn -0.2713 0.6991 0.6615
vn -0.5155 0.5722 -0.6379
vn -0.7320 0.5306 0.4274
vn -0.7124 0.6808 0.1705
vn -0.6387 0.3930 0.6615
vn -0.3193 0.3445 -0.8828
vn 0.0320 0.2695 0.9625
vn 0.0712 0.1609 -0.9844
vn -0.3422 -0.6712 -0.6575
vn -0.7001 0.6994 -0.1438
vn -0.7438 0.2468 -0.6212
vn -0.2637 0.9639 0.0376
vn -0.9133 0.3804 0.1453
vn 0.8933 0.4072 -0.1902
vn 0.6138 0.5401 -0.5758
vn -0.8772 0.4557 -0.1510
vn -0.5094 -0.5730 0.6420
vn -0.7860 0.4895 -0.3776
vn -0.8422 0.2532 -0.4760
vn -0.6418 0.4008 -0.6538
vn -0.5126 -0.7933 0.3287
vn -0.6337 -0.1004 0.7670
vn -0.7951 0.6000 0.0881
vn -0.6456 -0.1394 -0.7509
vn 0.2250 0.5892 0.7760
vn -0.6733 0.6318 0.3842
vn -0.4144 0.3566 0.8373
vn -0.3151 0.4772 0.8203
vn -0.6916 -0.4117 0.5935
vn 0.2836 0.6016 -0.7467
vn 0.7904 0.5202 0.3237
vn -0.8426 0.0289 0.5377
vn -0.0294 0.1314 0.9909
vn -0.8956 0.3085 -0.3204
vn -0.4858 0.8307 -0.2720
vn 0.7117 0.7025 0.0058
vn -0.7732 0.6185 -0.1401
vn -0.7822 0.6191 -0.0700
vn 0.5763 0.7000 -0.4218
vn -0.7800 0.1757 0.6006
vn -0.7596 0.6459 0.0757
vn -0.2954 0.6399 0.7094
vn 0.6007 0.7603 0.2472
vn -0.7472 0.4996 -0.4382
vn 0.2302 0.5616 -0.7947
vn 0.3524 0.6432 0.6798
vn 0.1945 0.4235 -0.8848
vn -0.6025 -0.7787 -0.1749
vn -0.8667 0.4921 0.0812
vn -0.8209 -0.1474 -0.5517
vn 0.1716 0.6709 0.7214
vn -0.6861 0.4758 -0.5503
vn -0.6807 0.6785 0.2761
vn 0.6963 0.5867 -0.4134
vn 0.0101 0.6510 -0.7590
vn -0.3941 -0.5435 0.7411
vn -0.6903 0.6683 -0.2772
vn -0.7667 0.2430 -0.5942
vn 0.1642 0.6723 -0.7219
vn -0.6449 -0.7618 -0.0616
vn -0.7021 0.4139 0.5795
vn -0.7725 0.5753 -0.2689
vn -0.4885 -0.0929 0.8676
vn -0.1622 0.6638 -0.7301
vn 0.0669 0.6466 -0.7599
vn -0.6906 0.6672 -0.2791
vn -0.5264 0.4813 0.7009
vn -0.4341 -0.6791 0.5919
vn -0.7397 0.6122 0.2795
vn -0.7609 0.6119 0.2158
vn -0.3930 0.9173 -0.0649
vn 0.6478 0.6731 -0.3568
vn -0.0586 0.5518 0.8319
vn -0.7362 0.4421 0.5123
vn 0.0124 0.6302 -0.7763
vn -0.4059 0.9121 0.0570
vn -0.6973 0.6299 -0.3420
vn -0.5455 0.7538 0.3664
vn -0.0071 0.0908 0.9958
vn -0.9651 -0.2512 -0.0743
vn -0.9516 0.2917 -0.0971
vn -0.9420 0.2721 0.1963
vn -0.7438 0.5128 0.4287
vn -0.6670 0.5197 -0.5338
vn -0.4848 -0.0957 -0.8694
vn -0.8129 0.4574 -0.3606
vn -0.9556 -0.2641 0.1304
vn -0.8877 0.3735 -0.2692
vn -0.6473 -0.4553 -0.6113
vn -0.7467 0.3107 0.5881
vn -0.7225 0.5886 0.3626
vn 0.1134 0.1135 -0.9870
vn -0.1605 0.9753 -0.1521
vn -0.8727 0.4880 0.0169
vn -0.5063 -0.6776 -0.5334
vn -0.5321 0.6295 -0.5662
vn -0.8859 0.4534 -0.0980
vn -0.8199 0.3873 -0.4217
vn -0.3342 -0.7501 0.5706
vn -0.7040 0.6989 -0.1265
vn -0.4734 -0.2809 0.8349
vn 0.2706 0.3735 0.8873
vn -0.5258 0.5513 -0.6478
vn 0.6133 0.3298 0.7177
vn -0.4710 -0.8177 -0.3309
vn 0.0162 0.3025 -0.9530
vn -0.9030 0.2710 0.3335
vn -0.6677 0.5057 -0.5463
vn -0.7212 0.3140 -0.6174
vn -0.6152 -0.7878 0.0307
vn -0.7014 0.2388 -0.6716
vn -0.9140 0.1019 -0.3926
vn -0.8820 0.4649 0.0777
vn -0.6826 0.7205 0.1219
vn -0.6643 0.4683 0.5826
vn -0.7226 0.3494 0.5964
vn 0.6226 0.3863 -0.6805
vn 0.0231 0.5431 -0.8393
vn 0.7788 0.4893 -0.3925
vn -0.8658 0.3210 0.3839
vn -0.9006 0.2791 -0.3333
vn -0.9607 0.1654 0.2231
vn -0.8005 0.5121 -0.3114
vn -0.8251 -0.4919 -0.2780
vn -0.8897 0.4127 0.1952
vn -0.6989 0.5101 0.5013
vn -0.7410 -0.6315 0.2283
vn -0.6858 0.6064 0.4024
vn -0.1884 0.5067 0.8413
vn -0.7105 0.5177 0.4767
vn -0.9076 0.2476 -0.3389
vn -0.2339 0.8534 0.4659
vn 0.8560 0.4928 -0.1560
vn -0.5719 -0.8160 -0.0840
vn -0.8155 0.4775 -0.3270
vn -0.4511 0.8907 -0.0566
vn -0.4734 -0.1449 0.8689
vn -0.3777 0.1203 0.9181
vn 0.7124 0.4636 0.5268
vn -0.6669 0.7336 -0.1309
vn -0.6593 0.6931 -0.2915
vn -0.2238 -0.5167 -0.8264
vn -0.6584 0.7436 0.1165
vn -0.3113 0.5657 0.7636
vn -0.6957 -0.3340 0.6360
vn -0.4503 0.8585 0.2454
vn -0.7017 0.6576 -0.2742
vn -0.9096 -0.1531 0.3863
vn 0.2046 0.8894 -0.4087
vn -0.4376 -0.4145 0.7979
vn -0.6064 0.6751 -0.4201
vn -0.8834 0.3996 -0.2448
vn -0.4572 -0.1462 -0.8773
vn -0.8386 0.5270 0.1381
vn 0.0579 0.0828 0.9949
vn 0.1477 0.1023 -0.9837
vn -0.4685 -0.2442 -0.8491
vn -0.6695 0.3599 0.6498
vn -0.2790 0.9577 -0.0709
vn -0.0245 0.8589 -0.5115
vn -0.0678 0.9961 -0.0563
vn 0.1605 -0.2228 0.9616
vn -0.6770 0.5766 -0.4574
vn 0.0290 0.4586 0.8882
vn -0.7430 0.6481 -0.1673
vn -0.1039 0.2890 -0.9517
vn -0.6666 0.0273 -0.7449
vn -0.2745 0.9498 -0.1504
vn -0.7681 0.3218 0.5535
vn 0.3279 0.2848 -0.9008
vn -0.4575 -0.7131 -0.5312
vn -0.5416 0.5660 -0.6216
vn 0.3209 -0.8772 -0.3573
vn -0.8086 0.4252 0.4066
vn -0.6706 0.4823 0.5636
vn 0.1622 -0.1561 -0.9743
vn -0.6751 -0.6250 0.3919
vn -0.6219 0.6306 0.4644
vn -0.6429 0.1598 0.7491
vn -0.7824 0.6219 -0.0325
vn -0.3453 -0.7608 -0.5495
vn -0.4216 -0.4214 -0.8029
vn -0.6723 0.5887 0.4488
vn 0.1143 0.7326 0.6710
vn -0.5803 0.5028 0.6407
vn -0.7876 0.5733 0.2259
vn -0.2809 0.6698 0.6874
vn 0.1103 0.0114 0.9938
vn -0.6768 0.6963 0.2390
vn -0.5044 0.0803 0.8597
vn -0.1828 0.1317 -0.9743
vn -0.8093 0.3880 -0.4410
vn -0.5358 0.7827 0.3168
vn 0.0173 0.4033 -0.9149
vn 0.6891 0.2739 -0.6709
vn -0.6218 -0.4278 -0.6560
vn -0.9507 -0.3091 0.0266
vn -0.5284 0.1400 -0.8374
vn -0.9287 -0.3698 0.0287
vn 0.1331 0.0034 -0.9911
vn -0.4932 -0.6711 0.5535
vn -0.3247 0.8606 -0.3924
vn -0.0352 0.9974 0.0624
vn -0.9219 -0.3224 -0.2148
vn -0.7859 0.5727 0.2332
vn -0.3386 0.6099 -0.7165
vn 0.3731 0.9248 0.0744
vn -0.8226 -0.5555 -0.1215
vn -0.7581 0.5178 -0.3964
vn -0.8461 0.5254 0.0898
vn -0.8311 -0.5383 0.1394
vn -0.8239 0.5432 -0.1618
vn -0.7710 0.6026 -0.2061
vn -0.8821 -0.3998 0.2490
vn -0.6131 0.4495 -0.6497
vn -0.4435 -0.8593 -0.2547
vn -0.0831 0.2389 0.9675
vn -0.4473 -0.4599 0.7671
vn -0.3783 0.7707 0.5127
vn -0.0279 0.3038 0.9523
vn -0.9404 0.1633 0.2982
vn -0.4249 -0.8841 0.1943
vn -0.9708 0.0936 -0.2211
vn -0.7962 0.2269 -0.5609
vn -0.7767 -0.5793 -0.2473
vn -0.8069 -0.5261 0.2685
vn -0.1663 0.4878 -0.8570
vn -0.5366 0.5436 -0.6454
vn -0.5509 0.5617 0.6173
vn -0.6214 0.5896 -0.5160
vn -0.7600 0.5393 0.3628
vn 0.1773 0.9163 0.3591
vn -0.3557 0.6254 0.6946
vn -0.7807 0.4092 0.4722
vn -0.2934 0.9240 0.2451
vn -0.7274 0.5938 -0.3440
vn -0.7624 -0.6418 0.0821
vn 0.1656 0.0156 -0.9861
vn -0.2437 0.2496 0.9372
vn -0.4416 0.2071 -0.8730
vn -0.9136 0.4035 -0.0503
vn -0.6614 -0.5123 -0.5479
vn -0.0993 0.7252 -0.6813
vn -0.8103 0.4570 -0.3669
vn -0.0550 0.2533 -0.9658
vn -0.9233 0.1349 -0.3595
vn -0.9363 0.3154 -0.1545
vn -0.8070 0.4156 -0.4195
vn -0.6059 0.3391 -0.7197
vn -0.8028 0.1801 0.5684
vn 0.6152 0.0688 0.7854
vn 0.0981 -0.1282 0.9869
vn -0.4802 0.3059 0.8221
vn -0.8405 -0.3522 -0.4118
vn -0.4198 -0.7570 0.5008
vn 0.1940 0.3710 -0.9082
vn -0.6095 -0.1513 0.7782
vn -0.7369 0.5978 0.3155
vn -0.7362 0.5186 -0.4349
vn -0.6912 0.3534 0.6303
vn -0.7493 0.5037 0.4301
vn -0.6738 -0.6832 0.2815
vn -0.5080 0.3314 0.7951
vn -0.5504 0.4694 -0.6905
vn -0.8201 -0.3636 0.4418
vn -0.7744 -0.6069 -0.1789
vn -0.8450 0.4318 0.3154
vn 0.5276 0.8439 -0.0971
vn -0.5870 0.5049 0.6329
vn -0.6657 -0.6506 -0.3656
vn -0.7163 0.2162 0.6634
vn -0.4768 0.7580 -0.4452
vn -0.7041 0.6910 -0.1637
vn -0.0917 0.7813 0.6174
vn -0.7776 0.5596 -0.2867
vn -0.9600 0.1107 -0.2572
vn -0.5646 0.6055 0.5609
vn -0.3733 -0.4688 -0.8005
vn -0.7441 -0.3447 0.5723
vn 0.3221 0.5203 0.7909
vn -0.3075 0.9414 -0.1383
vn -0.5390 0.5531 0.6353
vn -0.7006 0.0727 -0.7099
vn -0.5267 0.6752 0.5164
vn -0.0159 -0.1550 0.9878
vn -0.9773 -0.0566 -0.2044
vn -0.6675 0.3291 -0.6679
vn -0.7697 -0.3575 0.5289
vn -0.1309 0.9798 -0.1509
vn -0.7523 -0.5436 0.3722
vn -0.9934 -0.0405 0.1072
vn 0.1414 -0.0633 -0.9879
vn 0.6247 -0.7805 -0.0242
vn -0.6746 0.5770 -0.4605
vn -0.7939 -0.3470 -0.4993
vn -0.3781 -0.8690 0.3192
vn -0.5454 0.6628 0.5131
vn -0.3787 0.5806 -0.7208
vn -0.1655 0.4815 0.8607
vn 0.5900 -0.7810 -0.2049
vn -0.9130 0.2178 -0.3450
vn -0.3957 0.9165 0.0586
vn -0.9356 0.1188 0.3324
vn -0.0772 -0.5579 0.8263
vn -0.6169 0.0900 0.7819
vn -0.6896 0.6201 0.3742
vn -0.5576 0.1550 -0.8155
vn -0.5333 0.5351 -0.6551
vn 0.0308 0.8175 0.5751
vn -0.7672 0.5575 -0.3172
vn -0.5339 0.5665 -0.6277
vn -0.8931 0.3597 0.2702
vn -0.2950 0.7266 -0.6205
vn 0.6106 0.7854 0.1010
vn -0.8573 0.3348 -0.3912
vn -0.7326 0.3688 -0.5721
vn 0.4211 -0.1581 -0.8931
vn -0.4896 0.6860 -0.5382
vn -0.6357 0.1368 0.7597
vn -0.8127 0.5065 -0.2881
vn -0.8549 -0.3265 0.4033
vn -0.6963 -0.5802 -0.4225
vn -0.8696 0.4857 -0.0894
vn -0.5102 0.5210 0.6843
vn -0.0717 -0.5637 -0.8229
vn 0.3737 0.0215 0.9273
vn -0.5570 -0.5572 0.6158
vn -0.8088 0.5507 0.2063
vn -0.3478 -0.4498 -0.8226
vn -0.5623 0.6288 -0.5370
vn -0.7717 0.0288 0.6354
vn -0.6616 0.6610 0.3541
vn 0.0019 0.5292 -0.8485
vn -0.4005 0.0747 -0.9133
vn -0.4901 -0.4442 0.7500
vn -0.4263 0.1092 0.8980
vn 0.2284 -0.1495 -0.9620
vn -0.3619 0.5725 -0.7357
vn -0.8328 0.3519 0.4273
vn -0.6059 0.5712 0.5537
vn -0.5151 0.3073 -0.8001
vn 0.1077 0.8712 -0.4789
vn -0.9492 0.2734 0.1557
vn -0.8480 0.2497 -0.4676
vn -0.7063 -0.5099 0.4911
vn -0.5618 0.7467 0.3562
vn -0.8076 -0.2101 -0.5510
vn -0.1975 -0.2097 0.9576
vn -0.4304 0.7031 0.5660
vn -0.4142 0.2855 -0.8643
vn -0.4975 0.7961 0.3445
vn -0.8691 0.2753 0.4110
vn 0.3449 -0.9069 0.2420
vn -0.7048 -0.3363 0.6246
vn -0.6166 0.5285 -0.5835
vn -0.3554 -0.5947 0.7211
vn -0.6407 -0.5473 -0.5385
vn 0.1011 0.2073 -0.9730
vn -0.7133 0.4120 -0.5670
vn -0.4672 0.6659 0.5817
vn 0.4851 -0.8191 0.3063
vn 0.7027 -0.7043 -0.1009
vn 0.6746 -0.6541 0.3422
vn -0.2886 -0.2967 -0.9103
vn -0.8012 0.1686 0.5741
vn -0.7839 0.1472 -0.6032
vn -0.6189 0.5816 0.5279
vn -0.8141 0.3553 0.4594
vn -0.5353 0.6352 -0.5567
vn -0.4205 -0.6084 0.6731
vn -0.4916 -0.3116 -0.8132
vn -0.8675 -0.1304 0.4800
vn -0.5727 0.1758 0.8007
vn -0.5693 0.5955 0.5669
vn -0.5539 0.5814 0.5960
vn -0.6197 0.6317 -0.4657
vn -0.9106 0.4031 -0.0917
vn -0.5588 -0.2936 -0.7756
vn -0.4066 0.7070 0.5786
vn -0.9180 0.1003 0.3837
vn -0.6881 -0.5454 0.4786
vn -0.3294 0.7316 0.5968
vn -0.6167 0.3122 -0.7226
vn -0.4363 0.6528 -0.6193
vn 0.6546 -0.7298 -0.1972
vn -0.5629 0.5909 -0.5779
vn -0.8069 0.3311 -0.4892
vn -0.9174 0.3074 -0.2527
vn -0.7213 0.3320 0.6079
vn -0.6603 -0.3220 -0.6785
vn -0.6016 -0.2413 -0.7615
vn -0.4522 0.3751 -0.8092
vn -0.3952 0.6281 0.6703
vn -0.6759 0.2036 -0.7083
vn -0.6313 0.7155 0.2992
vn -0.9061 -0.1112 0.4081
vn -0.8942 -0.2194 0.3901
vn -0.8375 -0.3322 -0.4338
vn -0.8395 0.4113 -0.3551
vn -0.9943 -0.1016 0.0332
vn -0.6063 -0.4624 0.6470
vn -0.9071 -0.1879 -0.3765
vn -0.8827 -0.1433 -0.4476
vn -0.9056 0.2986 0.3013
vn -0.9077 0.3530 -0.2270
vn -0.9429 0.0385 0.3307
vn -0.1440 -0.0363 0.9889
vn -0.4674 0.6917 -0.5506
vn -0.6091 -0.5704 -0.5511
vn -0.7261 0.5553 -0.4055
vn -0.3292 -0.7505 0.5730
vn -0.9925 -0.0907 0.0817
vn -0.2148 -0.3766 -0.9011
vn -0.5537 0.1514 0.8189
vn -0.6391 -0.4877 -0.5948
vn -0.5788 0.4752 0.6627
vn -0.7979 0.4236 0.4288
vn -0.5646 0.5968 -0.5702
vn 0.2398 0.6974 -0.6754
vn -0.3034 -0.5859 -0.7514
vn -0.4868 0.2080 0.8484
vn -0.2662 0.8021 -0.5346
vn -0.7761 -0.4087 0.4803
vn -0.6852 0.6663 -0.2943
vn -0.3254 -0.5379 0.7777
vn -0.5165 0.2159 -0.8286
vn -0.5753 -0.4550 0.6797
vn -0.5377 0.6784 -0.5007
vn -0.5498 -0.1575 -0.8203
vn -0.5714 0.8009 -0.1790
vn -0.3265 -0.8143 -0.4799
vn -0.4883 0.8214 0.2946
vn -0.5780 0.2837 0.7652
vn -0.8564 -0.1594 -0.4910
vn -0.5464 -0.6102 0.5736
vn -0.6313 -0.3746 0.6790
vn 0.3852 -0.7887 -0.4792
vn -0.4452 0.4622 -0.7669
vn -0.5807 -0.5640 0.5871
vn -0.2526 0.7786 0.5745
vn 0.1558 -0.7958 -0.5852
vn -0.5825 0.6878 -0.4332
vn -0.2644 0.6975 -0.6660
vn 0.5733 -0.6332 -0.5199
vn -0.4071 0.4873 0.7725
vn -0.1954 -0.1987 -0.9604
vn 0.0272 -0.5966 0.8021
vn -0.0015 0.5344 0.8452
vn -0.7750 0.5012 0.3850
vn -0.6026 -0.2408 -0.7609
vn -0.1756 0.1401 0.9744
vn -0.7908 0.3979 0.4652
vn 0.0392 0.9151 -0.4012
vn 0.2708 0.8268 -0.4930
vn -0.3100 -0.6082 -0.7307
vn -0.9179 -0.0370 -0.3952
vn -0.9033 0.0921 -0.4191
vn 0.2780 0.7271 0.6277
vn -0.8049 0.5055 -0.3109
vn 0.1889 -0.9456 0.2648
vn -0.0923 0.9496 0.2996
vn -0.5676 -0.5218 0.6368
vn 0.6869 -0.6156 0.3862
vn -0.5190 0.1280 -0.8451
vn -0.0098 -0.8836 0.4681
vn 0.4785 -0.8171 -0.3215
vn -0.3893 0.7195 -0.5751
vn 0.7981 -0.5912 -0.1160
vn 0.0186 0.5212 -0.8532
vn 0.6017 -0.6520 -0.4614
vn -0.3698 0.6992 -0.6119
vn -0.5540 -0.6172 -0.5588
vn -0.9252 0.3128 0.2148
vn 0.4835 -0.5897 0.6469
vn -0.0090 0.8681 0.4963
vn -0.1930 0.9094 0.3685
vn -0.2944 -0.5905 -0.7514
vn -0.3287 0.1492 0.9326
vn -0.8799 0.4625 -0.1089
vn -0.3219 0.6463 0.6919
vn -0.4113 -0.3755 0.8306
vn -0.2666 0.1246 -0.9557
vn -0.8715 0.4396 0.2176
vn 0.0106 0.5823 0.8129
vn -0.2489 -0.6108 0.7517
vn -0.1737 0.7834 0.5968
vn -0.2526 -0.7272 -0.6382
vn -0.3955 0.6263 0.6718
vn -0.2019 0.9415 0.2697
vn -0.9100 0.0808 0.4066
vn -0.4053 0.5727 -0.7125
vn 0.4296 0.3791 0.8196
vn 0.1271 -0.4816 -0.8671
vn -0.5599 0.5402 0.6282
vn -0.9450 0.2591 0.1996
vn -0.8066 0.5798 -0.1155
vn -0.7497 0.4925 0.4421
vn -0.6038 0.3587 -0.7118
vn -0.0571 -0.6695 0.7406
vn -0.5008 0.6931 0.5184
vn 0.2648 0.5386 -0.7999
vn -0.5744 -0.2460 0.7807
vn -0.7887 0.6013 -0.1281
vn -0.5217 -0.3605 0.7732
vn -0.8146 0.2105 0.5405
vn -0.2113 -0.7339 0.6455
vn -0.3717 -0.5539 0.7450
vn -0.7963 0.5977 0.0930
vn -0.1429 -0.8382 0.5263
vn -0.3958 0.7931 -0.4630
vn -0.0661 -0.6359 -0.7689
vn 0.0118 0.6022 -0.7982
vn 0.3598 -0.6257 -0.6921
vn -0.7726 0.5923 0.2287
vn 0.3469 0.7205 -0.6005
vn -0.4531 -0.5918 -0.6667
vn -0.5681 -0.2099 0.7957
vn -0.7642 0.4642 -0.4477
vn -0.1123 -0.6353 0.7641
vn 0.2353 -0.9395 0.2490
vn -0.6357 0.3521 0.6870
vn -0.6253 0.1569 0.7645
vn 0.3093 0.9359 -0.1684
vn -0.3111 -0.5505 -0.7747
vn -0.3410 0.7395 0.5804
vn 0.7398 0.6703 -0.0579
vn 0.4932 0.6713 0.5533
vn -0.4929 -0.3454 -0.7986
vn 0.3973 0.4854 0.7788
vn -0.8095 0.5384 0.2341
vn -0.6052 -0.0243 -0.7957
vn -0.0466 0.9982 0.0379
vn -0.4159 0.6332 -0.6527
vn -0.3849 0.5038 -0.7734
vn 0.5121 0.6492 -0.5624
vn 0.8381 -0.5426 -0.0562
vn 0.1815 -0.6801 -0.7103
vn -0.2893 -0.8703 0.3987
vn 0.3949 -0.8873 -0.2382
vn -0.6521 0.7517 -0.0983
vn 0.4722 0.8743 0.1122
vn -0.3306 -0.7654 0.5521
vn -0.2730 -0.8323 0.4824
vn -0.6495 0.4437 -0.6175
vn 0.2079 -0.6808 -0.7024
vn 0.5019 0.8313 0.2389
vn -0.4408 0.5243 0.7286
vn -0.2507 0.7424 -0.6213
vn -0.4063 -0.1023 0.9080
vn -0.2924 0.6384 0.7120
vn -0.4184 -0.0158 -0.9081
vn -0.8656 0.1680 0.4717
vn -0.4792 0.5674 -0.6697
vn -0.1715 -0.6765 -0.7162
vn 0.1777 0.9588 0.2215
vn -0.2226 0.8412 0.4928
vn 0.2130 0.8959 0.3900
vn -0.0988 -0.6458 0.7571
vn -0.2740 0.9392 0.2071
vn 0.1946 0.5538 0.8096
vn -0.8166 0.2208 -0.5332
vn -0.3701 0.5024 -0.7814
vn -0.4021 -0.7255 0.5586
vn -0.3698 -0.2978 -0.8801
vn -0.3979 0.7095 -0.5816
vn -0.4001 0.3241 -0.8572
vn 0.0634 -0.7921 -0.6071
vn 0.2892 -0.6969 -0.6563
vn 0.2133 0.8186 -0.5333
vn -0.9699 0.1344 -0.2029
vn 0.6906 0.6254 -0.3631
vn -0.2650 0.2042 -0.9424
vn 0.4499 0.8233 0.3460
vn -0.7045 -0.6025 0.3749
vn -0.4436 0.5965 0.6689
vn -0.4373 0.4413 -0.7836
vn -0.4854 -0.3835 0.7857
vn -0.0956 0.3129 -0.9450
vn -0.0369 0.2498 -0.9676
vn -0.7267 0.6337 0.2653
vn 0.7393 0.6002 0.3051
vn -0.6256 0.7256 -0.2866
vn -0.4071 0.6970 -0.5903
vn -0.2928 -0.6063 -0.7393
vn 0.2281 0.7675 -0.5991
vn -0.5033 -0.6255 -0.5962
vn -0.1299 -0.7098 0.6923
vn -0.6387 0.7583 -0.1301
vn -0.3333 -0.7133 0.6166
vn 0.4143 0.6731 0.6126
vn -0.2069 0.2312 -0.9507
vn 0.2646 0.5376 0.8006
vn -0.7158 0.5381 -0.4450
vn -0.2910 -0.8715 -0.3946
vn -0.7561 0.6053 -0.2489
vn -0.1415 -0.7296 0.6691
vn -0.2079 0.9575 0.1998
vn -0.5633 0.7894 0.2441
vn 0.4009 0.6614 0.6339
vn -0.2079 0.2355 0.9494
vn -0.1510 0.1719 -0.9735
vn -0.5666 0.1920 -0.8013
vn 0.3809 -0.6396 0.6677
vn -0.5299 -0.5292 0.6627
vn -0.2449 0.0968 0.9647
vn -0.6629 0.1746 -0.7280
vn -0.3520 -0.3852 -0.8531
vn 0.1405 0.6462 -0.7501
vn -0.0010 0.7011 -0.7130
vn -0.5806 0.7133 0.3925
vn -0.2860 -0.2204 0.9326
vn 0.1905 0.5325 0.8247
vn 0.0076 0.5809 -0.8139
vn 0.3009 0.4871 -0.8199
vn -0.0379 0.7897 0.6123
vn 0.0342 0.7408 -0.6708
vn 0.3895 0.5294 -0.7537
vn 0.2824 0.7184 0.6357
vn 0.0777 0.5529 0.8296
vn -0.3726 0.5959 0.7114
vn -0.2975 -0.9148 0.2730
vn 0.7518 0.6571 -0.0552
vn 0.0022 -0.6323 0.7747
vn -0.6478 0.7575 -0.0811
vn -0.0885 0.0812 -0.9928
vn -0.4879 0.6475 0.5854
vn 0.1202 -0.7478 -0.6529
vn -0.1523 -0.6642 -0.7319
vn -0.4076 -0.8603 -0.3063
vn -0.2404 0.6619 0.7099
vn -0.7631 0.5267 0.3745
vn -0.1975 -0.4132 0.8890
vn -0.3594 -0.5563 0.7493
vn -0.3603 0.6791 -0.6395
vn -0.1899 -0.7299 -0.6567
vn -0.7900 0.3733 0.4864
vn -0.6200 0.7820 -0.0640
vn -0.6292 0.6594 0.4115
vn -0.0984 0.8495 0.5183
vn -0.2292 0.8426 -0.4874
vn 0.3451 0.5277 -0.7762
vn 0.7701 0.5414 -0.3374
vn -0.7509 0.6093 0.2547
vn 0.8752 0.3386 0.3456
vn 0.7214 0.6893 0.0667
vn -0.6801 0.5513 0.4833
vn -0.3081 -0.6951 0.6495
vn -0.4905 0.4552 -0.7431
vn -0.2152 -0.8964 -0.3876
vn -0.6201 0.1159 0.7759
vn 0.0270 0.1977 0.9799
vn 0.7341 0.6340 -0.2432
vn -0.2687 0.6616 -0.7000
vn -0.4128 -0.5930 -0.6913
vn -0.2675 0.6863 -0.6764
vn -0.4347 0.6722 -0.5994
vn -0.6421 0.7446 0.1821
vn -0.0267 -0.8245 0.5653
vn -0.3633 0.5583 -0.7458
vn 0.3074 0.8037 0.5095
vn -0.6282 -0.6076 0.4860
vn -0.2675 -0.6467 0.7143
vn -0.4081 0.5373 0.7381
vn -0.4156 0.2066 0.8858
vn -0.5524 0.7733 -0.3113
vn -0.3181 -0.7019 0.6373
vn -0.2926 -0.6794 -0.6729
vn -0.3366 0.3512 0.8737
vn -0.0722 -0.7924 0.6057
vn -0.3003 0.5367 -0.7886
vn -0.7513 0.6396 -0.1627
vn -0.6496 0.7114 0.2682
vn -0.5880 0.6301 -0.5071
vn -0.3138 0.5292 0.7883
vn -0.3002 0.3961 0.8678
vn 0.5359 0.7704 -0.3455
vn -0.2527 0.6786 -0.6897
vn 0.6385 0.5879 -0.4967
vn -0.5021 0.4093 0.7618
vn -0.2770 0.5423 0.7932
vn -0.5872 0.7917 0.1684
vn 0.0808 0.6864 0.7227
vn -0.4944 -0.0355 0.8685
vn -0.5034 -0.6168 -0.6051
vn -0.7859 0.3717 0.4942
vn -0.2359 0.6752 0.6989
vn -0.6322 0.7628 -0.1360
vn 0.7032 0.5226 0.4821
vn -0.7613 0.5910 0.2667
vn 0.1392 -0.8478 -0.5118
vn 0.3433 0.1822 0.9214
vn -0.6132 0.6546 -0.4422
vn -0.6701 0.5701 -0.4753
vn -0.0697 -0.7155 0.6951
vn -0.8262 0.5551 0.0963
vn -0.6535 0.6484 -0.3905
vn 0.5687 -0.6107 -0.5510
vn -0.2530 -0.4782 0.8410
vn -0.7387 0.4213 -0.5261
vn -0.1106 0.2812 0.9533
vn -0.7944 0.5433 -0.2718
vn -0.4197 -0.5504 -0.7218
vn 0.0030 -0.8164 -0.5775
vn -0.2702 -0.6513 0.7091
vn -0.8335 0.5525 0.0105
vn -0.4495 0.4342 0.7807
vn -0.6969 0.7130 0.0774
vn -0.1731 0.9541 -0.2445
vn -0.2421 -0.6551 0.7157
vn 0.5834 0.5028 0.6378
vn -0.3415 -0.3635 0.8667
vn 0.1765 0.9611 -0.2126
vn 0.6357 0.7384 -0.2251
vn -0.5649 0.8136 0.1376
vn 0.3649 -0.8874 -0.2817
vn 0.6373 -0.4892 -0.5954
vn -0.3505 -0.3705 -0.8601
vn 0.3643 0.4167 -0.8328
vn -0.0153 -0.8149 -0.5794
vn -0.2053 0.3975 0.8943
vn -0.4872 0.4455 0.7511
vn 0.1286 -0.7653 0.6307
vn -0.1500 0.6201 -0.7700
vn -0.0731 0.9190 -0.3874
vn -0.3296 -0.6769 0.6582
vn -0.3580 -0.4044 -0.8416
vn -0.2642 0.3444 -0.9009
vn -0.2239 0.4353 -0.8720
vn -0.7386 0.6417 -0.2065
vn -0.5938 0.4404 0.6734
vn -0.2242 -0.7569 0.6138
vn -0.2810 0.6244 -0.7288
vn -0.2460 0.5805 -0.7762
vn -0.6608 0.6999 -0.2712
vn -0.8109 0.4605 0.3610
vn -0.1255 0.2594 -0.9576
vn -0.5387 0.7546 0.3746
vn -0.4570 0.8673 0.1974
vn -0.3120 -0.2635 0.9128
vn 0.4171 0.2602 -0.8708
vn -0.2231 0.9263 0.3038
vn -0.0115 -0.7213 -0.6925
vn 0.5073 0.6213 -0.5971
vn -0.1770 0.6113 0.7713
vn -0.3060 -0.4917 -0.8152
vn -0.3366 -0.0964 -0.9367
vn -0.0578 -0.8074 -0.5872
vn 0.3393 0.3591 0.8694
vn -0.1095 -0.2486 -0.9624
vn -0.1402 -0.7685 0.6243
vn -0.4452 0.6171 -0.6488
vn -0.3775 0.7231 0.5785
vn -0.8749 0.4597 0.1527
vn -0.3230 0.0140 0.9463
vn -0.5698 0.8140 -0.1125
vn -0.1427 0.1190 0.9826
vn -0.0636 0.9419 0.3297
vn -0.7223 0.6474 -0.2431
vn 0.0554 -0.7545 -0.6540
vn -0.4849 0.5691 0.6640
vn -0.4952 -0.2138 -0.8421
vn -0.0031 -0.0311 -0.9995
vn -0.3304 0.1193 0.9363
vn -0.8641 0.4947 0.0933
vn -0.3463 0.2697 -0.8985
vn -0.2668 0.1027 -0.9583
vn -0.2038 0.1294 0.9704
vn -0.3985 0.6149 0.6805
vn -0.1580 0.6657 -0.7293
vn -0.8463 0.4999 0.1842
vn -0.0901 0.7939 -0.6013
vn -0.8395 0.5411 -0.0486
vn 0.5085 0.5907 0.6265
vn -0.7162 0.6510 0.2513
vn 0.4206 0.2688 -0.8665
vn -0.2473 0.5268 -0.8132
vn -0.2531 0.5257 -0.8121
vn 0.3432 0.3362 -0.8770
vn -0.4971 0.8052 0.3234
vn -0.0941 0.4981 0.8620
vn -0.5055 0.4173 -0.7552
vn -0.6434 0.7546 -0.1293
vn -0.5740 -0.6099 -0.5464
vn -0.4240 0.2100 -0.8810
vn 0.0750 -0.7492 0.6580
vn -0.6400 0.7577 0.1277
vn -0.0441 -0.8243 0.5645
vn -0.6333 0.7701 -0.0770
vn -0.3461 -0.6955 0.6297
vn 0.4002 0.2755 0.8741
vn -0.4869 0.6779 -0.5508
vn -0.3511 0.7191 0.5997
vn -0.2666 0.1259 0.9556
vn -0.3130 -0.3616 0.8782
vn 0.1240 0.6764 -0.7260
vn -0.1027 0.2593 0.9603
vn 0.4712 0.7157 -0.5156
vn -0.7274 0.3216 0.6062
vn -0.2700 0.7465 -0.6081
vn -0.1217 0.1835 -0.9755
vn 0.8076 0.5872 -0.0537
vn -0.4944 0.8391 -0.2269
vn -0.8447 0.5116 -0.1574
vn -0.7405 0.6608 -0.1228
vn -0.5476 0.8360 0.0356
vn -0.7629 0.5702 -0.3048
vn 0.7713 0.6199 0.1443
vn -0.6943 0.7075 -0.1317
vn -0.3860 -0.7662 0.5138
vn 0.0158 -0.7492 0.6621
vn 0.4539 0.2641 -0.8510
vn -0.5813 0.4368 -0.6865
vn -0.1833 0.3198 -0.9296
vn -0.2785 0.8971 -0.3430
vn -0.2490 0.1664 -0.9541
vn 0.1192 0.8870 0.4461
vn -0.0240 -0.6447 -0.7640
vn -0.5273 0.7670 -0.3656
vn -0.2859 -0.0801 -0.9549
vn 0.0714 -0.8107 -0.5811
vn -0.5047 0.8326 0.2283
vn -0.7847 0.5693 0.2453
vn 0.3357 -0.8758 -0.3467
vn -0.1286 0.9904 0.0502
vn -0.1481 -0.6009 0.7855
vn -0.1497 -0.2893 -0.9455
vn -0.6671 0.6735 -0.3184
vn -0.1179 0.0141 0.9929
vn -0.5274 0.5938 -0.6076
vn 0.8578 0.3678 0.3591
vn -0.4852 -0.7012 0.5224
vn -0.2569 -0.7576 -0.6000
vn 0.3865 0.1193 -0.9145
vn -0.1933 -0.9456 0.2617
vn -0.5196 0.7583 0.3937
vn -0.7802 0.2893 -0.5545
vn 0.0733 0.3367 -0.9388
vn -0.4942 0.7525 0.4353
vn 0.5315 0.6308 -0.5654
vn -0.1340 -0.4338 0.8910
vn -0.1775 -0.4257 -0.8873
vn -0.0303 -0.0511 0.9982
vn -0.1754 -0.5532 -0.8144
vn -0.0642 0.6668 -0.7425
vn 0.3754 0.9180 -0.1282
vn -0.0124 -0.0086 0.9999
vn -0.1126 -0.4783 0.8709
vn -0.8024 0.5655 -0.1907
vn -0.1063 -0.2416 -0.9645
vn 0.8903 0.3650 -0.2722
vn -0.5971 0.6419 0.4811
vn -0.0884 0.5673 0.8188
vn -0.2397 0.3553 0.9035
vn -0.5368 0.8301 -0.1513
vn -0.4989 -0.5785 0.6453
vn -0.4770 0.5831 -0.6576
vn -0.1264 0.5409 -0.8315
vn 0.8914 0.4233 0.1619
vn 0.8442 0.5323 0.0627
vn -0.3940 0.9084 -0.1401
vn -0.1857 -0.7257 0.6625
vn -0.1010 0.1464 0.9841
vn -0.2212 -0.5302 0.8185
vn -0.6278 0.3271 -0.7063
vn 0.0714 0.5715 -0.8175
vn 0.1320 -0.6620 -0.7378
vn -0.3131 0.3039 -0.8998
vn -0.0879 0.6098 0.7877
vn -0.4549 -0.2670 0.8495
vn -0.5663 0.8199 -0.0835
vn -0.7145 0.5742 -0.3997
vn -0.0599 0.0437 0.9972
vn -0.2908 -0.6390 0.7121
vn 0.4222 0.8182 -0.3902
vn -0.0905 -0.3596 0.9287
vn -0.2821 0.9450 -0.1658
vn -0.2557 0.9421 -0.2171
vn 0.6689 0.5248 -0.5264
vn 0.5601 0.1683 -0.8111
vn 0.5994 0.5859 -0.5454
vn -0.2470 0.9656 0.0814
vn -0.1635 0.7837 -0.5992
vn -0.2850 0.8183 0.4992
vn -0.0162 0.6489 -0.7607
vn -0.1039 0.6957 0.7108
vn -0.4931 0.8698 -0.0174
vn 0.0819 -0.6681 0.7396
vn -0.6772 0.5354 -0.5048
vn -0.3089 0.7751 0.5512
vn -0.0885 0.6390 -0.7641
vn -0.3489 0.5925 0.7261
vn -0.0900 0.6358 -0.7666
vn 0.3389 0.7894 -0.5118
vn 0.5758 0.5722 0.5840
vn 0.0009 -0.7656 0.6433
vn -0.3040 0.6270 0.7172
vn -0.3632 0.6389 -0.6782
vn -0.1881 0.5818 0.7913
vn -0.2428 -0.0443 -0.9691
vn -0.0031 0.0989 -0.9951
vn 0.8953 0.3946 0.2065
vn 0.3994 0.7899 0.4653
vn -0.4893 0.3731 0.7883
vn -0.0232 -0.1011 0.9946
vn 0.0277 -0.7255 -0.6877
vn -0.2869 0.8846 0.3677
vn -0.7209 0.6732 0.1647
vn -0.3879 0.9215 0.0185
vn -0.2580 -0.7545 0.6034
vn -0.0158 0.1515 -0.9883
vn -0.4526 0.7604 -0.4658
vn -0.3622 -0.8913 -0.2729
vn 0.1782 0.6471 0.7412
vn -0.3057 -0.4573 0.8351
vn 0.7376 0.1081 0.6665
vn -0.3286 0.5798 0.7456
vn -0.2697 0.7597 -0.5917
vn 0.4394 0.8897 -0.1237
vn 0.8129 0.1010 -0.5736
vn 0.7399 0.5984 0.3072
vn -0.0373 0.4575 -0.8884
vn -0.2232 -0.1193 -0.9675
vn -0.6773 0.1501 -0.7203
vn -0.3523 0.5787 -0.7355
vn -0.3050 -0.2502 -0.9189
vn 0.0676 -0.9929 -0.0979
vn 0.7185 0.4810 -0.5023
vn 0.4576 0.4405 0.7724
vn -0.0107 0.6375 0.7704
vn 0.0252 0.9763 0.2149
vn 0.0409 -0.6920 -0.7207
vn -0.4590 -0.2405 0.8553
vn 0.3790 0.3395 -0.8609
vn -0.0030 0.1394 -0.9902
vn -0.3252 -0.5629 -0.7599
vn 0.8325 0.0411 0.5526
vn 0.4299 0.8086 0.4016
vn 0.7748 0.4852 0.4054
vn -0.3250 -0.6701 -0.6673
vn -0.7192 -0.5576 -0.4145
vn -0.3985 0.5531 0.7316
vn -0.3000 0.0405 0.9531
vn -0.4452 0.7865 0.4281
vn 0.2480 -0.9556 0.1593
vn -0.4257 0.8579 -0.2877
vn 0.0068 0.5624 -0.8268
vn 0.6821 0.6282 -0.3743
vn 0.7684 0.4035 -0.4968
vn -0.2551 0.9273 0.2738
vn 0.4002 -0.8455 0.3535
vn 0.7842 0.5642 -0.2581
vn -0.0161 0.9780 -0.2081
vn -0.3508 0.8719 -0.3416
vn -0.1374 -0.2475 -0.9591
vn -0.0183 0.0452 0.9988
vn -0.0096 0.3682 0.9297
vn -0.4197 0.7176 0.5559
vn -0.0457 -0.1391 -0.9892
vn -0.3662 0.8805 0.3010
vn 0.0200 0.2701 0.9626
vn -0.1861 0.1489 0.9712
vn 0.0868 0.1180 -0.9892
vn 0.7574 0.4521 -0.4711
vn -0.0070 0.1497 0.9887
vn -0.0656 0.6568 0.7512
vn -0.0470 -0.5590 0.8278
vn -0.0226 0.3619 -0.9320
vn 0.3803 0.8974 0.2237
vn -0.3801 0.8702 0.3136
vn 0.0578 0.5356 0.8425
vn 0.6714 0.4070 -0.6193
vn -0.0058 0.3436 0.9391
vn 0.4689 0.6997 -0.5390
vn 0.2928 -0.6008 -0.7439
vn -0.1047 0.2971 -0.9491
vn 0.8470 0.3632 0.3881
vn -0.2971 0.9196 -0.2571
vn 0.0034 0.4963 -0.8681
vn -0.3169 0.9482 0.0211
vn -0.3229 0.7113 -0.6244
vn 0.0053 -0.8146 -0.5800
vn 0.4870 0.7083 0.5110
vn -0.2893 0.3727 -0.8817
vn 0.4227 0.6861 0.5921
vn 0.6462 -0.5680 0.5098
vn 0.0190 -0.1733 0.9847
vn -0.1782 -0.7644 0.6197
vn 0.0454 0.4276 0.9028
vn -0.2138 0.4485 0.8678
vn -0.0392 0.3499 -0.9360
vn 0.4057 0.6618 -0.6304
vn 0.6555 0.3892 0.6472
vn -0.0005 0.6549 -0.7557
vn 0.0180 0.9998 -0.0112
vn -0.2986 0.9526 0.0586
vn -0.0286 0.8045 0.5932
vn -0.1998 -0.9774 -0.0697
vn -0.0177 0.1966 -0.9803
vn 0.0053 -0.1391 -0.9903
vn -0.5018 0.7642 -0.4051
vn 0.0087 0.4759 -0.8795
vn 0.3280 0.6833 0.6523
vn -0.0266 0.4608 0.8871
vn -0.1672 0.0287 -0.9855
vn 0.0337 0.9860 0.1634
vn 0.0097 0.6020 0.7985
vn 0.1027 0.5811 -0.8073
vn -0.3591 0.7080 -0.6082
vn 0.0013 -0.4013 0.9159
vn -0.6322 -0.6116 -0.4757
vn -0.6505 -0.5812 0.4890
vn -0.1266 0.7817 0.6107
vn -0.0632 0.2182 -0.9739
vn 0.4388 0.7541 -0.4887
vn 0.1392 0.5963 -0.7906
vn -0.0087 -0.7491 0.6625
vn 0.3764 0.2886 0.8803
vn -0.0035 -0.6466 0.7628
vn 0.0343 -0.6682 -0.7432
vn 0.0031 -0.5530 -0.8332
vn 0.0513 -0.3574 -0.9325
vn 0.7423 0.2602 -0.6175
vn 0.0650 -0.2616 -0.9630
vn 0.1461 0.8396 -0.5232
vn -0.0026 -0.4538 0.8911
vn -0.1337 -0.9774 0.1637
vn -0.0070 -0.4701 -0.8826
vn 0.6488 0.0991 -0.7545
vn 0.1264 0.9037 0.4091
vn -0.2690 -0.3858 -0.8825
vn 0.0101 0.2583 0.9660
vn -0.1381 0.8177 -0.5589
vn 0.0283 -0.5671 -0.8232
vn 0.9731 0.2295 -0.0182
vn 0.2719 0.7142 -0.6450
vn 0.4234 0.9057 -0.0194
vn 0.0317 0.6295 -0.7764
vn 0.0457 0.0511 0.9976
vn 0.7249 0.3221 0.6089
vn 0.0137 0.8922 0.4514
vn 0.1472 0.6938 0.7049
vn -0.0260 -0.8337 0.5516
vn -0.2775 -0.6558 -0.7020
vn 0.3089 0.9472 0.0859
vn -0.0011 -0.7160 0.6981
vn 0.0188 -0.1822 0.9831
vn 0.2115 0.7275 -0.6527
vn 0.0119 0.9997 0.0214
vn 0.8459 0.5329 0.0199
vn -0.0194 0.9168 -0.3988
vn 0.0010 0.9334 0.3587
vn 0.0149 -0.7570 -0.6532
vn -0.0092 0.5895 -0.8077
vn 0.1834 0.8492 -0.4952
vn -0.0338 0.5813 0.8130
vn 0.0812 0.9382 0.3366
vn 0.1574 -0.1128 0.9811
vn -0.0144 0.9613 0.2752
vn 0.1271 -0.4853 0.8651
vn 0.2514 0.8604 0.4432
vn 0.0634 0.9289 -0.3648
vn -0.1461 -0.7250 0.6730
vn 0.1549 0.3229 -0.9337
vn 0.0839 -0.5571 0.8262
vn -0.0558 -0.7051 0.7069
vn -0.5636 0.4026 0.7213
vn 0.0133 0.9322 -0.3617
vn 0.1187 0.8284 0.5475
vn 0.4398 0.8497 -0.2908
vn 0.3341 0.9412 0.0499
vn 0.1311 -0.6352 -0.7611
vn 0.0331 0.9654 -0.2586
vn 0.1319 0.5935 -0.7939
vn -0.0234 0.9996 0.0151
vn 0.3955 0.4613 0.7942
vn 0.2399 0.9523 0.1887
vn 0.1891 -0.9070 0.3762
vn 0.1597 -0.0088 0.9871
vn 0.0636 -0.0333 0.9974
vn 0.1396 -0.5621 0.8152
vn 0.2139 -0.6742 -0.7069
vn -0.0225 -0.7248 -0.6886
vn 0.0013 -0.5472 0.8370
vn 0.1439 -0.0030 -0.9896
vn 0.2020 0.8949 0.3980
vn 0.2605 -0.8507 -0.4566
vn 0.0850 -0.4501 -0.8889
vn 0.3991 0.9167 -0.0208
vn -0.6642 0.6515 -0.3667
vn 0.1290 -0.5415 -0.8308
vn 0.3141 0.7257 -0.6121
vn 0.2593 0.9657 -0.0120
vn 0.2074 -0.1175 0.9712
vn -0.3248 0.6257 0.7092
vn 0.4405 0.5876 -0.6787
vn 0.3661 0.9115 -0.1877
vn 0.1400 0.6947 0.7055
vn 0.0887 -0.8786 -0.4692
vn -0.6445 0.7373 -0.2024
vn 0.1094 0.8542 0.5083
vn 0.5101 0.7854 0.3507
vn 0.6198 0.6825 -0.3873
vn 0.3960 0.1593 -0.9043
vn -0.0273 -0.7409 0.6711
vn 0.2104 0.3324 -0.9194
vn 0.0707 0.5457 -0.8350
vn -0.7137 0.3648 0.5980
vn 0.4076 0.8416 -0.3543
vn 0.2768 -0.2237 -0.9345
vn 0.1432 0.9644 -0.2224
vn 0.3055 0.3266 0.8944
vn -0.7430 0.2559 -0.6184
vn -0.2617 0.7595 -0.5955
vn 0.0627 -0.0399 -0.9972
vn 0.1305 0.5710 -0.8105
vn 0.7347 -0.6715 0.0968
vn -0.3742 0.7617 0.5289
vn -0.4313 0.7488 0.5033
vn 0.1059 0.5483 0.8295
vn 0.2733 -0.7657 -0.5822
vn 0.5929 0.3040 -0.7457
vn 0.5864 0.7560 0.2908
vn -0.0755 0.9852 -0.1540
vn -0.9449 0.2753 -0.1772
vn -0.9128 0.1642 0.3739
vn -0.4106 0.6381 -0.6514
vn 0.1841 0.2434 0.9523
vn 0.1276 -0.8442 0.5207
vn -0.9756 0.2194 0.0081
vn 0.0291 0.9628 0.2688
vn 0.1586 0.7212 -0.6743
vn 0.2542 -0.7580 0.6007
vn 0.2463 0.3374 -0.9086
vn 0.3044 0.5911 -0.7470
vn 0.3349 0.4802 -0.8107
vn -0.0923 -0.7638 0.6388
vn -0.4328 0.6856 -0.5854
vn 0.0389 0.4750 -0.8791
vn -0.6699 0.6028 -0.4333
vn 0.2089 -0.3532 0.9119
vn -0.6940 0.3953 -0.6017
vn -0.0839 -0.7315 0.6767
vn 0.3729 -0.4326 -0.8209
vn 0.4159 -0.2966 0.8597
vn -0.4713 0.2353 -0.8500
vn -0.5897 0.4606 0.6634
vn -0.4060 0.3353 0.8501
vn 0.3298 -0.3587 0.8733
vn 0.2388 -0.1958 0.9511
vn 0.3784 -0.5929 -0.7109
vn 0.3673 -0.3694 -0.8536
vn -0.7918 0.3875 0.4721
vn 0.0623 0.9686 -0.2406
vn 0.3153 -0.6745 -0.6676
vn 0.2937 -0.6718 0.6800
vn 0.3220 -0.4108 0.8530
vn 0.1911 -0.9688 -0.1578
vn 0.3359 0.1321 -0.9326
vn 0.6002 0.7908 -0.1198
vn 0.0057 0.9463 0.3231
vn -0.3938 0.8612 0.3213
vn 0.5682 0.8133 -0.1249
vn -0.4510 0.7585 0.4704
vn 0.2979 -0.4968 -0.8151
vn -0.0679 -0.8075 0.5859
vn 0.6498 0.7590 0.0405
vn -0.7244 0.6343 0.2701
vn -0.0990 0.5889 0.8021
vn 0.5225 -0.6316 0.5728
vn 0.3566 0.1592 0.9206
vn 0.3641 0.0056 -0.9314
vn 0.1756 -0.5816 -0.7943
vn 0.6830 0.7150 0.1496
vn 0.1605 0.1385 0.9773
vn 0.2246 -0.0117 0.9744
vn 0.2581 0.1081 -0.9601
vn -0.8853 0.4487 0.1220
vn 0.2972 -0.5612 0.7725
vn -0.4739 0.4144 -0.7769
vn 0.7507 0.5403 -0.3802
vn 0.2792 0.1503 0.9484
vn 0.4739 -0.1487 -0.8679
vn -0.7537 0.5703 -0.3266
vn -0.6176 0.6189 -0.4854
vn 0.1501 0.6953 -0.7028
vn 0.5195 0.8013 -0.2969
vn 0.2073 0.3408 0.9170
vn 0.5812 0.7800 0.2321
vn 0.7925 0.5743 0.2054
vn 0.4158 0.8640 0.2838
vn -0.2764 -0.9173 -0.2866
vn 0.1406 -0.7506 -0.6456
vn 0.3933 0.7499 0.5319
vn -0.4761 -0.0096 -0.8794
vn 0.1420 0.4994 0.8546
vn 0.2561 0.0971 0.9618
vn 0.7747 0.6152 -0.1464
vn 0.5597 0.6061 0.5651
vn 0.0410 0.6506 0.7583
vn -0.3736 -0.7338 -0.5674
vn -0.1450 -0.7912 0.5941
vn 0.7452 0.2589 0.6145
vn 0.1973 0.4649 -0.8631
vn -0.8832 0.4687 -0.0186
vn 0.7560 0.6545 -0.0078
vn 0.3627 0.6354 -0.6817
vn 0.3624 0.5676 0.7392
vn -0.5717 -0.6086 0.5503
vn -0.5738 0.6349 -0.5174
vn 0.0547 -0.6938 -0.7181
vn -0.2627 0.3914 0.8819
vn -0.7319 0.4717 0.4918
vn -0.0331 -0.7371 0.6750
vn 0.0563 -0.6924 -0.7193
vn -0.5980 0.5799 -0.5533
vn 0.4290 0.3436 0.8354
vn -0.3895 0.7657 -0.5119
vn 0.7291 0.6662 0.1569
vn 0.0882 0.0497 0.9949
vn -0.5979 0.5768 0.5567
vn -0.3920 -0.8827 0.2592
vn -0.6969 -0.0671 0.7140
vn 0.6875 0.7163 -0.1194
vn -0.3264 0.4384 -0.8375
vn -0.8370 0.1243 -0.5330
vn 0.2407 -0.1817 0.9534
vn 0.3057 0.8568 -0.4152
vn 0.5158 0.7938 -0.3222
vn 0.2627 0.1919 -0.9456
vn 0.1005 0.1633 0.9814
vn 0.4360 0.8955 0.0893
vn 0.7245 0.6783 0.1223
vn 0.0288 0.8304 -0.5564
vn 0.2612 0.5091 0.8201
vn 0.3528 0.1421 -0.9248
vn -0.0935 0.9865 0.1341
vn -0.2818 0.7113 0.6439
vn 0.7358 0.3751 -0.5638
vn -0.7179 0.3894 0.5770
vn 0.5347 0.3885 -0.7504
vn -0.8739 0.2597 0.4109
vn 0.1478 0.5461 0.8246
vn -0.1802 0.8730 0.4532
vn 0.0609 0.6926 0.7188
vn 0.2451 0.1306 0.9607
vn 0.6439 0.7642 -0.0365
vn 0.8487 0.5258 0.0569
vn -0.4766 0.7716 0.4213
vn 0.6301 0.6080 0.4830
vn 0.3325 0.5878 -0.7375
vn -0.4467 0.8913 0.0783
vn 0.1113 0.2571 -0.9600
vn -0.5084 0.5205 0.6861
vn 0.2319 0.6254 0.7450
vn -0.8239 0.5054 -0.2565
vn -0.9074 0.3684 -0.2020
vn -0.6731 0.6431 0.3651
vn -0.4417 0.2252 0.8684
vn 0.1393 -0.2946 0.9454
vn 0.1271 0.2705 -0.9543
vn 0.2516 -0.9248 0.2854
vn 0.3240 0.8523 -0.4106
vn 0.3912 0.9157 0.0918
vn -0.7929 0.5963 -0.1256
vn 0.5561 0.7427 0.3731
vn 0.5188 0.8283 0.2118
vn 0.2534 -0.7374 -0.6261
vn 0.2906 -0.5098 -0.8097
vn -0.6930 0.3500 -0.6302
vn 0.8338 0.5521 -0.0057
vn 0.1331 0.8816 -0.4528
vn -0.8129 0.5809 -0.0420
vn -0.1522 0.0822 -0.9849
vn -0.4501 0.2401 0.8601
vn -0.6689 0.1364 0.7307
vn 0.3725 0.8451 -0.3834
vn 0.4320 -0.6374 -0.6380
vn -0.0999 -0.7278 0.6785
vn 0.3025 -0.9040 -0.3021
vn 0.4689 0.4567 0.7560
vn 0.2952 0.0527 0.9540
vn 0.1819 0.8198 0.5430
vn 0.6004 0.6264 -0.4972
vn 0.2978 0.9470 -0.1203
vn 0.6048 0.4160 -0.6792
vn 0.3430 -0.3306 -0.8792
vn 0.2064 0.6299 0.7488
vn 0.3026 0.6830 -0.6648
vn -0.6991 0.3664 0.6140
vn -0.2954 0.5215 -0.8005
vn 0.2643 -0.4312 0.8627
vn 0.8483 0.5069 0.1532
vn 0.5982 0.4893 0.6346
vn 0.5913 0.7987 0.1111
vn 0.1031 -0.7607 -0.6409
vn 0.5825 0.8060 -0.1050
vn 0.5884 -0.6005 -0.5415
vn 0.5393 -0.6117 0.5788
vn 0.1213 0.2447 0.9620
vn 0.2476 -0.1324 0.9598
vn 0.5901 0.7332 -0.3381
vn 0.6271 0.7735 0.0916
vn 0.5023 0.4199 0.7559
vn 0.2616 0.1289 -0.9565
vn 0.6195 0.7698 -0.1534
vn 0.3006 -0.5426 0.7844
vn 0.3286 0.7332 0.5953
vn 0.1361 0.7155 -0.6853
vn 0.0759 0.9871 -0.1411
vn -0.3804 0.3090 0.8717
vn 0.2961 -0.6731 0.6776
vn 0.3632 0.3936 0.8445
vn 0.0491 -0.7708 -0.6351
vn 0.2134 -0.8609 -0.4618
vn 0.2920 -0.3296 -0.8978
vn 0.3381 0.8712 0.3560
vn 0.2076 0.9770 0.0494
vn 0.3115 0.2481 0.9173
vn 0.6865 0.2971 0.6637
vn 0.0313 0.4993 0.8659
vn 0.2590 -0.5399 -0.8009
vn 0.1980 -0.7408 -0.6419
vn 0.3906 0.7185 -0.5755
vn 0.3080 -0.5591 0.7698
vn 0.4357 -0.0458 -0.8989
vn 0.4246 0.4386 -0.7920
vn 0.5172 0.8271 -0.2200
vn 0.8299 0.5541 -0.0652
vn 0.4904 0.5950 -0.6367
vn 0.2914 -0.4241 -0.8574
vn 0.5766 0.3597 0.7336
vn 0.5437 0.7860 -0.2941
vn 0.2795 0.6251 -0.7288
vn 0.3010 0.7809 0.5473
vn 0.3052 -0.4071 -0.8609
vn 0.1906 -0.8828 0.4293
vn -0.8392 0.5165 -0.1703
vn 0.3660 0.6076 -0.7049
vn -0.7057 0.6985 -0.1190
vn 0.8705 0.4897 -0.0492
vn 0.1527 -0.7177 -0.6794
vn -0.0543 -0.7153 0.6967
vn -0.3477 0.3015 -0.8878
vn 0.2317 -0.0808 0.9694
vn -0.6111 0.6757 0.4122
vn 0.4296 -0.8010 -0.4170
vn -0.7584 0.6427 0.1085
vn -0.1992 0.8261 0.5271
vn 0.3730 0.6377 0.6740
vn -0.0295 -0.6638 0.7473
vn -0.0203 0.3072 0.9514
vn 0.2638 -0.5393 0.7997
vn 0.7602 0.6166 0.2045
vn 0.5399 0.6993 -0.4685
vn 0.8776 0.4673 0.1070
vn -0.6065 0.5137 0.6068
vn 0.7924 0.4939 -0.3579
vn 0.2251 0.4235 0.8775
vn 0.2604 0.8290 -0.4950
vn 0.3368 -0.4920 0.8028
vn 0.2833 0.4149 0.8646
vn 0.5841 0.7093 0.3946
vn 0.7673 0.6015 -0.2225
vn 0.4202 0.5127 -0.7487
vn 0.2550 0.5953 0.7620
vn -0.2328 -0.8299 0.5069
vn 0.1225 0.2268 -0.9662
vn 0.3338 -0.5169 0.7883
vn -0.4767 0.6461 -0.5960
vn 0.2806 0.6033 0.7465
vn 0.7810 0.5992 0.1761
vn -0.4364 0.8807 -0.1842
vn 0.2852 -0.5887 -0.7564
vn 0.4685 0.1633 0.8682
vn -0.2039 0.3062 0.9299
vn 0.4346 -0.3583 0.8263
vn -0.7087 0.5858 -0.3932
vn 0.4775 0.6535 0.5873
vn -0.7530 0.6255 -0.2042
vn 0.2413 0.4200 -0.8749
vn 0.1652 -0.7272 -0.6662
vn -0.6643 0.6690 -0.3333
vn 0.3337 -0.8787 0.3414
vn 0.6734 0.6907 0.2636
vn 0.3918 -0.6139 -0.6853
vn -0.3931 0.3861 -0.8345
vn 0.3132 0.6725 0.6705
vn 0.2851 -0.6710 -0.6845
vn 0.1020 0.9519 0.2889
vn -0.2870 -0.6860 0.6686
vn -0.1281 0.8988 0.4193
vn 0.7541 0.3167 -0.5754
vn 0.7940 -0.6073 0.0291
vn 0.6128 0.7864 -0.0779
vn 0.4988 -0.1592 0.8520
vn -0.1751 -0.7690 0.6149
vn 0.4733 0.2428 0.8468
vn 0.6963 0.3628 -0.6193
vn 0.7865 0.6008 -0.1433
vn 0.8162 0.5693 -0.0980
vn 0.4561 -0.5464 -0.7024
vn 0.6910 0.7137 -0.1151
vn 0.4176 -0.2500 -0.8736
vn 0.3079 0.5793 -0.7548
vn -0.0828 0.4636 -0.8822
vn 0.3224 0.6580 -0.6805
vn 0.0650 0.1735 -0.9827
vn 0.2075 0.2214 -0.9528
vn 0.2701 -0.8464 0.4589
vn 0.4933 0.5517 0.6725
vn -0.5941 0.4765 0.6480
vn 0.1204 0.2467 0.9616
vn 0.3259 -0.6077 -0.7242
vn 0.3760 0.5090 0.7744
vn 0.1060 -0.7506 -0.6522
vn 0.7494 0.3766 -0.5445
vn 0.2003 0.6827 -0.7027
vn 0.3804 0.6208 0.6854
vn 0.8262 0.5280 0.1965
vn 0.1814 0.6696 -0.7202
vn 0.1805 -0.9829 0.0364
vn 0.5905 -0.8027 -0.0836
vn 0.7017 0.6979 0.1436
vn 0.5177 0.7863 0.3373
vn 0.9478 0.3070 0.0859
vn 0.6689 0.7372 0.0955
vn 0.4829 0.2319 -0.8444
vn 0.7802 0.5928 0.1999
vn 0.3491 0.8707 0.3465
vn 0.5241 0.4314 -0.7343
vn 0.7018 0.7044 0.1064
vn 0.7062 0.6367 -0.3097
vn 0.1318 -0.6443 -0.7534
vn 0.6666 0.6805 -0.3043
vn 0.1712 -0.7161 -0.6767
vn 0.4141 0.2164 -0.8841
vn -0.3952 -0.8425 0.3662
vn 0.4474 0.3795 -0.8098
vn -0.2478 0.9665 0.0677
vn 0.3214 0.1411 0.9364
vn 0.6259 0.6112 0.4845
vn 0.7698 0.2985 0.5642
vn 0.4633 -0.1738 -0.8690
vn 0.2438 0.2239 0.9436
vn 0.7021 0.6250 -0.3412
vn 0.5531 0.2563 0.7927
vn 0.1516 -0.6661 -0.7303
vn 0.3588 0.5143 0.7789
vn -0.3314 0.4414 -0.8339
vn -0.3168 0.4966 0.8081
vn -0.1890 0.3945 -0.8992
vn 0.4796 -0.3905 -0.7858
vn -0.0799 0.5129 0.8547
vn -0.7058 0.4914 -0.5103
vn 0.3608 -0.3169 0.8772
vn -0.3583 -0.6674 0.6529
vn 0.7338 0.6388 0.2313
vn -0.4373 -0.8269 0.3535
vn -0.2027 0.5836 -0.7863
vn -0.5649 0.7077 0.4244
vn -0.0417 0.5993 0.7994
vn 0.1468 -0.7619 0.6308
vn 0.3507 0.8682 -0.3510
vn 0.4151 -0.6288 -0.6575
vn -0.1697 0.5674 0.8058
vn -0.3389 0.6687 0.6618
vn -0.2102 -0.7155 0.6662
vn 0.4726 -0.0069 0.8812
vn -0.5661 0.6968 -0.4406
vn -0.7052 0.3035 0.6408
vn 0.3337 0.9392 0.0813
vn 0.6320 0.5433 -0.5527
vn 0.6655 0.5611 0.4922
vn -0.3897 -0.8242 0.4109
vn -0.8634 0.2868 -0.4151
vn -0.6423 0.6366 0.4268
vn 0.2100 0.9407 -0.2665
vn 0.2046 -0.6633 0.7198
vn 0.4027 0.5465 0.7343
vn 0.3115 0.6407 -0.7018
vn 0.4501 -0.5710 0.6865
vn 0.2063 -0.1633 0.9648
vn 0.5428 -0.0267 -0.8394
vn -0.3795 0.6135 0.6925
vn -0.6079 -0.5766 -0.5459
vn 0.8062 0.5218 -0.2789
vn -0.4201 -0.6195 0.6631
vn -0.1135 -0.8044 -0.5831
vn 0.6461 -0.1278 0.7525
vn -0.2469 0.5724 -0.7819
vn 0.2549 -0.7168 -0.6490
vn 0.2630 0.5803 0.7708
vn -0.2920 -0.8621 0.4141
vn -0.6938 -0.5987 0.4003
vn 0.4131 0.7132 0.5663
vn -0.7728 0.6294 -0.0817
vn -0.4338 -0.6204 -0.6534
vn -0.4598 -0.8700 -0.1780
vn 0.2377 0.7997 0.5513
vn 0.6079 -0.2834 0.7417
vn 0.2391 -0.7159 0.6560
vn -0.2526 0.6127 -0.7489
vn 0.0927 -0.8415 0.5323
vn 0.4775 0.7210 -0.5021
vn 0.6386 0.2839 0.7153
vn -0.0504 0.7278 0.6839
vn 0.5769 -0.3441 -0.7408
vn 0.6660 -0.3409 -0.6635
vn -0.0788 0.5677 -0.8195
vn -0.2619 -0.9370 -0.2310
vn -0.3942 0.5258 0.7538
vn 0.7148 0.6260 -0.3116
vn 0.4192 0.9063 0.0541
vn -0.6092 0.7871 -0.0971
vn 0.5330 0.8316 0.1560
vn -0.8240 0.3921 -0.4091
vn -0.2061 0.7513 0.6269
vn -0.8263 0.0954 0.5551
vn 0.8122 0.3632 0.4565
vn 0.4906 -0.5377 -0.6857
vn 0.4855 0.6138 -0.6225
vn -0.1454 0.8037 -0.5770
vn 0.3987 0.5079 0.7636
vn 0.7176 -0.1803 -0.6727
vn 0.1869 0.8944 0.4064
vn -0.0653 0.8017 -0.5941
vn 0.3849 0.7216 -0.5754
vn 0.3283 0.7969 -0.5070
vn -0.2136 -0.9313 -0.2950
vn -0.1280 0.6069 0.7844
vn 0.5126 0.2034 -0.8342
vn 0.4886 -0.0211 0.8722
vn 0.6199 0.2335 -0.7491
vn 0.3767 0.5349 0.7563
vn -0.6222 -0.6261 0.4700
vn -0.5592 0.7316 -0.3899
vn 0.7400 0.6480 0.1803
vn 0.4768 0.5800 0.6604
vn 0.0829 0.5286 -0.8448
vn -0.2860 0.8611 0.4203
vn 0.3533 -0.3385 -0.8721
vn 0.7612 0.4751 -0.4415
vn 0.3830 0.5133 -0.7680
vn -0.1437 0.9819 -0.1233
vn 0.7828 -0.5991 0.1685
vn 0.7636 0.0665 -0.6422
vn -0.3017 0.6320 -0.7138
vn -0.2876 0.9125 -0.2908
vn -0.4480 -0.6039 0.6593
vn 0.4229 -0.6420 0.6395
vn 0.5546 0.0800 -0.8283
vn -0.0067 0.9587 0.2844
vn 0.2166 -0.3693 0.9037
vn 0.5105 0.0809 0.8561
vn 0.7580 0.4120 0.5057
vn 0.4046 0.6720 -0.6203
vn 0.6352 0.2274 -0.7381
vn 0.5110 0.3035 0.8042
vn 0.5632 0.7888 -0.2463
vn -0.0258 0.5556 -0.8311
vn -0.7467 -0.6245 -0.2290
vn 0.4811 -0.8219 -0.3049
vn 0.2563 0.8577 0.4456
vn 0.3901 0.7477 0.5374
vn 0.3065 -0.5865 0.7497
vn 0.8530 0.3055 -0.4232
vn 0.5946 -0.3415 0.7279
vn 0.2455 0.9175 0.3129
vn 0.6499 0.7581 -0.0551
vn 0.3670 0.6342 0.6805
vn 0.8573 0.2952 0.4218
vn -0.4885 -0.5986 0.6349
vn 0.5921 -0.6791 -0.4339
vn -0.2150 0.5159 0.8293
vn -0.2974 0.6026 0.7405
vn -0.0197 0.5311 -0.8471
vn 0.0613 -0.6532 -0.7547
vn 0.5102 -0.5155 0.6884
vn 0.5132 0.6230 0.5903
vn 0.4454 0.6878 0.5732
vn 0.5398 0.5640 -0.6249
vn -0.2558 0.9637 -0.0761
vn 0.5640 -0.5366 0.6277
vn 0.4914 0.6856 0.5371
vn 0.2357 -0.0846 0.9681
vn 0.7619 0.6289 -0.1547
vn -0.8780 0.4771 -0.0395
vn 0.6481 0.6456 0.4039
vn 0.3774 0.4989 0.7801
vn 0.1993 -0.2013 -0.9590
vn 0.4925 0.3061 -0.8147
vn 0.4369 0.1287 -0.8903
vn -0.5555 0.8079 0.1968
vn 0.7633 0.5924 0.2577
vn 0.7731 0.4774 0.4177
vn -0.0490 0.1521 0.9871
vn -0.2206 -0.9384 -0.2661
vn 0.0901 0.8925 0.4419
vn 0.4959 -0.6444 -0.5821
vn 0.1440 -0.6364 0.7578
vn 0.6159 0.4931 -0.6144
vn 0.2005 0.8922 0.4046
vn 0.4900 -0.4633 -0.7384
vn 0.4323 0.1679 0.8860
vn 0.6885 -0.6225 0.3721
vn 0.4216 -0.3644 -0.8303
vn 0.6548 0.4266 0.6239
vn 0.8684 0.4790 -0.1280
vn 0.4741 -0.8631 0.1743
vn 0.8835 0.2281 0.4091
vn 0.5459 0.1465 0.8249
vn -0.6357 0.7548 0.1618
vn 0.6928 0.2571 -0.6737
vn -0.6047 0.5430 0.5827
vn 0.8292 0.5144 0.2187
vn 0.3981 -0.8042 -0.4414
vn -0.6073 0.6570 -0.4466
vn -0.2331 -0.8572 -0.4593
vn 0.7092 0.4391 -0.5515
vn 0.2918 0.6312 0.7186
vn -0.3198 0.6574 0.6823
vn 0.8981 0.0682 -0.4345
vn -0.5197 -0.6027 -0.6055
vn -0.1298 0.7960 -0.5912
vn 0.4396 -0.3044 -0.8450
vn 0.5577 0.4283 -0.7110
vn 0.6010 -0.6171 -0.5079
vn 0.8476 0.4975 0.1849
vn 0.5948 0.5495 0.5868
vn -0.7384 -0.5537 -0.3850
vn 0.5593 0.2518 0.7898
vn 0.4410 -0.8184 0.3684
vn 0.7226 0.4367 0.5358
vn -0.5208 -0.5870 -0.6199
vn 0.6035 0.7517 0.2661
vn 0.4283 -0.7558 -0.4953
vn 0.5435 0.2325 -0.8066
vn 0.6236 -0.6100 0.4888
vn 0.4556 0.7334 -0.5045
vn 0.9018 0.1631 0.4002
vn 0.4324 0.4874 0.7586
vn 0.8863 0.1518 0.4375
vn 0.0120 -0.9333 -0.3588
vn 0.5174 -0.2377 -0.8221
vn 0.9235 0.2331 -0.3047
vn 0.4232 0.6865 -0.5913
vn 0.5847 -0.5650 -0.5821
vn 0.4514 0.5128 -0.7303
vn 0.6331 -0.3842 0.6720
vn -0.2210 0.7934 -0.5671
vn -0.2414 -0.9618 -0.1293
vn 0.9073 0.1320 0.3993
vn 0.8394 0.3533 -0.4131
vn 0.7146 0.6014 0.3573
vn 0.5393 -0.5508 -0.6370
vn -0.1501 0.9856 0.0780
vn 0.4015 0.6467 -0.6485
vn 0.4228 -0.8410 -0.3376
vn 0.3260 -0.5826 0.7445
vn 0.1545 0.5733 0.8047
vn 0.8543 0.4346 0.2853
vn 0.6653 0.3547 0.6569
vn 0.5839 0.3349 0.7395
vn 0.8717 0.4900 0.0018
vn -0.2715 -0.9274 -0.2574
vn -0.3699 -0.8881 0.2730
vn 0.5966 0.7446 -0.2993
vn 0.8799 -0.0552 -0.4720
vn 0.2132 -0.4350 0.8748
vn 0.3491 -0.6420 -0.6826
vn 0.4125 -0.5344 -0.7378
vn 0.3745 0.8168 -0.4389
vn 0.3567 0.7606 -0.5425
vn 0.6687 -0.0690 0.7403
vn 0.1568 0.6441 -0.7487
vn 0.5758 0.1548 -0.8028
vn 0.5481 -0.6489 0.5277
vn 0.4747 0.6557 -0.5872
vn 0.1468 0.8783 -0.4550
vn -0.4562 -0.6058 -0.6518
vn 0.3358 0.3395 0.8786
vn 0.8065 -0.1978 0.5572
vn 0.3061 0.9374 0.1662
vn 0.4896 0.3327 0.8060
vn -0.1401 0.7574 0.6378
vn 0.9109 0.0636 0.4078
vn 0.7742 0.4005 0.4901
vn 0.6843 0.6491 0.3322
vn 0.7069 0.3992 -0.5838
vn 0.6595 0.6953 -0.2858
vn 0.1993 0.6988 0.6870
vn 0.2319 -0.5921 0.7718
vn -0.5479 0.8209 -0.1610
vn -0.4217 -0.8676 0.2635
vn -0.6494 -0.6251 0.4330
vn 0.5809 0.5691 0.5819
vn 0.9018 0.4275 -0.0625
vn 0.8475 0.0331 -0.5298
vn 0.9102 -0.0223 -0.4135
vn 0.7643 -0.3444 0.5452
vn 0.5255 -0.6073 0.5958
vn -0.3274 0.5428 0.7734
vn 0.6701 0.1312 -0.7306
vn 0.6180 0.1275 0.7758
vn 0.5970 -0.1980 0.7774
vn -0.6868 -0.7265 0.0211
vn 0.7039 0.5313 0.4715
vn 0.8071 0.3691 -0.4608
vn -0.2652 -0.9179 0.2950
vn 0.7373 -0.4312 -0.5200
vn 0.4541 0.6253 0.6347
vn 0.8142 0.3725 0.4454
vn 0.7581 -0.5464 -0.3560
vn 0.8377 0.3190 0.4433
vn 0.9261 0.3392 -0.1655
vn 0.5656 0.3981 -0.7222
vn 0.7032 0.6732 0.2289
vn 0.4285 0.5609 -0.7083
vn 0.5461 -0.4643 0.6972
vn 0.8561 -0.0740 0.5115
vn 0.8448 0.0329 -0.5341
vn 0.1682 0.7913 0.5878
vn 0.5500 -0.6640 -0.5066
vn 0.8569 0.4634 -0.2259
vn 0.3180 -0.3539 -0.8795
vn 0.4995 0.5262 0.6883
vn 0.8026 0.4054 0.4376
vn 0.6128 0.6539 0.4437
vn 0.5494 0.8353 -0.0212
vn 0.5929 0.6515 -0.4733
vn 0.6982 0.6366 -0.3275
vn 0.6438 0.5448 -0.5373
vn 0.9793 0.0518 0.1955
vn 0.3400 -0.3438 0.8753
vn 0.3767 -0.9263 -0.0000
vn 0.5879 0.5821 -0.5617
vn 0.9797 0.0294 -0.1985
vn 0.7516 -0.3552 -0.5559
vn -0.0664 0.6813 -0.7290
vn 0.9130 -0.3699 0.1724
vn 0.9374 0.2265 0.2646
vn 0.7748 0.2245 0.5910
vn 0.8193 0.5366 -0.2020
vn -0.0487 0.8591 0.5094
vn 0.5137 0.7288 0.4527
vn 0.4655 -0.1297 0.8755
vn 0.3245 0.7276 0.6044
vn -0.1846 -0.3347 -0.9241
vn 0.6264 0.4965 -0.6009
vn 0.8570 -0.1423 -0.4953
vn 0.8968 0.3272 0.2978
vn 0.8597 -0.2929 0.4184
vn 0.8751 -0.2540 -0.4119
vn 0.8003 -0.1783 0.5724
vn 0.0993 0.5082 -0.8555
vn 0.4784 -0.3078 0.8224
vn 0.7310 0.6096 -0.3067
vn 0.6956 -0.5539 0.4575
vn 0.5348 0.5169 0.6684
vn 0.4091 -0.4446 -0.7969
vn 0.6575 -0.5732 -0.4890
vn -0.6138 -0.7858 -0.0752
vn 0.8018 -0.1855 0.5681
vn 0.8543 0.2636 0.4480
vn 0.3272 -0.4381 -0.8373
vn 0.5049 0.0839 -0.8591
vn 0.8355 -0.3417 0.4304
vn 0.8763 0.3157 -0.3638
vn 0.9495 0.2958 0.1045
vn -0.1975 -0.3334 0.9219
vn 0.8133 0.5372 0.2235
vn 0.7641 -0.2042 0.6119
vn 0.4290 0.6274 -0.6499
vn -0.1645 -0.1885 -0.9682
vn 0.5644 0.1011 0.8193
vn 0.3519 -0.4122 0.8404
vn 0.3130 -0.6198 0.7196
vn 0.8689 0.2699 0.4150
vn 0.7414 0.4186 0.5245
vn 0.8089 0.5525 -0.2012
vn -0.2903 0.8762 0.3847
vn -0.4083 -0.2136 0.8875
vn 0.7517 -0.4110 -0.5159
vn 0.6984 0.4313 0.5712
vn 0.4507 0.0686 -0.8901
vn 0.4900 -0.6770 0.5492
vn 0.5379 0.6173 0.5741
vn 0.5214 0.5176 -0.6785
vn 0.7160 0.4754 -0.5113
vn 0.8655 0.2624 -0.4266
vn 0.8101 0.4153 -0.4138
vn 0.7238 -0.3706 -0.5821
vn 0.5010 -0.1123 0.8581
vn 0.4034 0.6937 0.5967
vn 0.6521 0.7096 0.2668
vn 0.4802 0.8145 0.3257
vn 0.7797 0.3439 -0.5233
vn 0.3206 0.6012 0.7320
vn 0.3367 -0.7544 0.5634
vn 0.9201 -0.1769 0.3495
vn 0.4754 0.8760 0.0814
vn 0.6874 0.5367 0.4894
vn 0.3322 -0.7482 -0.5743
vn 0.3741 0.7420 0.5563
vn 0.3180 0.9265 -0.2011
vn 0.7265 -0.5264 -0.4417
vn 0.8304 0.5051 -0.2351
vn 0.7122 0.5882 -0.3831
vn 0.8902 0.2547 0.3778
vn -0.1176 -0.2274 0.9667
vn 0.8203 -0.2104 0.5318
vn 0.7540 0.6435 -0.1321
vn -0.0340 0.9671 -0.2522
vn 0.5605 0.6689 0.4883
vn 0.7158 0.6238 -0.3138
vn 0.4580 0.8166 0.3512
vn 0.3966 -0.9033 -0.1635
vn 0.5008 0.6181 -0.6059
vn 0.8815 0.3675 0.2966
vn 0.6742 0.1280 -0.7274
vn 0.3595 0.6164 -0.7006
vn 0.6566 -0.3775 0.6529
vn 0.7632 0.3340 0.5532
vn 0.6717 0.1526 0.7249
vn -0.2347 0.9041 -0.3570
vn -0.1598 -0.0568 -0.9855
vn 0.6403 -0.1964 -0.7426
vn -0.1357 -0.1158 0.9840
vn 0.9639 -0.1178 -0.2386
vn 0.8094 0.4099 -0.4206
vn -0.0372 -0.3625 0.9312
vn 0.7111 0.0679 -0.6998
vn 0.4901 -0.6586 -0.5710
vn 0.7134 0.6466 -0.2700
vn 0.7331 -0.5926 0.3337
vn 0.1323 0.2670 0.9546
vn -0.1386 0.4613 -0.8764
vn 0.9599 0.1988 0.1976
vn 0.9819 -0.0022 -0.1892
vn 0.5680 0.4904 0.6610
vn 0.8545 -0.3264 -0.4042
vn 0.7623 0.2464 -0.5985
vn 0.8332 0.4730 -0.2866
vn 0.6169 0.6236 -0.4802
vn -0.2866 0.9414 -0.1781
vn 0.8695 0.4057 -0.2818
vn 0.3837 -0.5476 -0.7436
vn 0.8055 0.4275 -0.4105
vn 0.8491 0.4819 0.2163
vn 0.4274 -0.6767 0.5994
vn 0.4771 -0.1349 -0.8684
vn 0.6747 0.6801 -0.2868
vn 0.6049 0.5103 -0.6113
vn 0.0962 0.9949 0.0290
vn 0.7542 -0.5602 0.3427
vn 0.7445 0.5400 0.3926
vn 0.1959 0.9712 0.1356
vn -0.6034 0.2920 0.7421
vn 0.3516 0.9314 -0.0941
vn 0.0093 0.8448 -0.5350
vn 0.9902 0.0174 0.1383
vn 0.7295 0.5852 0.3541
vn 0.7129 0.3255 0.6211
vn 0.1031 0.2490 0.9630
vn -0.2296 0.0632 0.9712
vn 0.7830 0.6078 -0.1322
vn -0.1147 0.9527 0.2813
vn 0.7131 0.2700 -0.6469
vn 0.7877 -0.6050 -0.1167
vn 0.7088 -0.6261 -0.3250
vn 0.5333 0.8277 0.1744
vn 0.6345 0.6016 0.4853
vn 0.1872 0.4620 -0.8669
vn 0.5514 0.4919 -0.6738
vn 0.7173 0.3165 -0.6207
vn 0.8897 -0.3513 0.2916
vn -0.1325 0.2773 -0.9516
vn -0.3101 0.8625 0.4000
vn 0.5702 0.7786 -0.2620
vn 0.4663 -0.8734 0.1403
vn 0.4957 0.1917 -0.8471
vn 0.8843 0.4668 -0.0132
vn 0.1065 0.3190 0.9418
vn 0.8019 -0.5758 0.1591
vn 0.7682 -0.5677 -0.2959
vn 0.9472 -0.3202 -0.0175
vn 0.4490 -0.8357 0.3162
vn 0.1413 0.2515 -0.9575
vn -0.1641 -0.0173 -0.9863
vn 0.7650 -0.5906 -0.2567
vn 0.8483 0.5217 -0.0904
vn 0.1385 0.7477 0.6494
vn -0.6529 0.2351 -0.7201
vn 0.8627 0.5039 0.0426
vn 0.7855 -0.5003 0.3643
vn 0.7106 0.6135 0.3445
vn 0.6662 0.5274 0.5273
vn 0.0678 -0.2143 -0.9744
vn 0.5288 -0.5678 -0.6309
vn 0.7777 0.5579 0.2897
vn 0.7726 0.3649 0.5195
vn 0.6291 0.6327 0.4515
vn 0.6941 0.6395 0.3306
vn 0.7857 0.5568 -0.2695
vn 0.8604 -0.0413 -0.5079
vn 0.0387 0.3164 -0.9478
vn 0.5635 0.1552 0.8114
vn 0.9102 -0.3583 -0.2077
vn -0.1843 0.0809 -0.9795
vn 0.7835 0.0535 0.6191
vn 0.5907 0.5463 -0.5938
vn 0.9453 0.1881 0.2665
vn 0.4981 -0.6156 0.6107
vn 0.8373 0.5169 -0.1782
vn 0.8082 -0.5498 -0.2111
vn -0.1201 0.0589 0.9910
vn 0.7793 0.5899 0.2115
vn 0.8395 0.4883 0.2382
vn 0.6137 -0.7858 -0.0775
vn 0.6960 0.6550 -0.2941
vn 0.5156 0.8188 -0.2524
vn 0.6247 -0.4535 -0.6357
vn 0.5792 0.5297 -0.6197
vn -0.0120 0.9974 0.0715
vn 0.8339 0.5337 0.1405
vn 0.6563 0.6290 -0.4166
vn 0.7938 0.5698 -0.2126
vn 0.6032 0.4954 0.6251
vn 0.9975 -0.0040 -0.0707
vn 0.2859 0.8607 0.4213
vn -0.7240 0.4586 -0.5153
vn 0.1612 0.9554 0.2475
vn -0.1391 0.2963 0.9449
vn 0.9018 0.3901 0.1862
vn 0.6517 0.4733 0.5927
vn 0.9079 0.2610 -0.3280
vn 0.9311 0.1763 -0.3192
vn 0.5002 -0.4257 0.7540
vn 0.1633 0.9863 0.0230
vn 0.6675 0.4891 0.5614
vn 0.6544 0.5526 -0.5161
vn 0.8400 -0.5264 0.1315
vn 0.5152 0.7621 -0.3921
vn -0.0391 0.4889 0.8715
vn 0.9021 -0.1910 -0.3869
vn 0.7305 0.5173 -0.4459
vn -0.0799 0.3827 -0.9204
vn -0.0126 0.2518 -0.9677
vn -0.7205 0.4637 -0.5156
vn 0.0568 0.3639 0.9297
vn 0.5079 0.6563 -0.5580
vn 0.6570 0.5167 -0.5489
vn 0.7673 -0.2515 -0.5899
vn 0.8594 0.3281 0.3921
vn 0.9221 -0.3841 0.0466
vn 0.6384 -0.1042 0.7627
vn 0.6460 0.5779 0.4987
vn 0.8172 -0.5740 -0.0519
vn 0.9708 0.2325 0.0596
vn 0.8950 0.2230 0.3863
vn 0.3451 0.8887 -0.3018
vn 0.5200 0.7246 -0.4522
vn 0.8031 0.5944 0.0416
vn -0.2020 0.3424 -0.9176
vn 0.8162 0.4695 0.3366
vn 0.6452 0.6657 0.3749
vn 0.4354 -0.6369 -0.6362
vn 0.4224 0.8990 -0.1158
vn 0.9259 0.1175 0.3591
vn -0.4447 0.3174 -0.8376
vn 0.5024 -0.8625 -0.0609
vn 0.7573 0.5624 0.3319
vn -0.1651 0.1697 -0.9716
vn 0.5471 0.7535 0.3646
vn 0.8541 0.4463 0.2669
vn 0.7059 0.5798 0.4068
vn 0.4413 0.8967 0.0332
vn 0.6311 -0.7575 -0.1670
vn 0.0223 0.9861 -0.1646
vn 0.5457 0.1433 0.8257
vn -0.0727 0.5130 -0.8553
vn 0.8025 0.4620 -0.3775
vn 0.6477 0.0915 0.7564
vn 0.6668 0.5358 0.5180
vn 0.0236 -0.0889 0.9958
vn 0.6888 0.6988 0.1931
vn 0.5837 0.8119 0.0106
vn 0.4818 -0.1050 -0.8700
vn -0.0280 0.5851 0.8105
vn 0.0576 0.6266 -0.7772
vn -0.0702 0.0683 0.9952
vn 0.8733 0.3035 -0.3811
vn -0.6211 0.6169 0.4834
vn -0.2575 0.4115 0.8743
vn 0.7588 0.2376 0.6065
vn 0.6298 -0.1197 -0.7675
vn 0.8990 0.3528 -0.2596
vn 0.6915 0.4372 0.5750
vn 0.4567 0.8555 -0.2440
vn -0.1253 0.1650 -0.9783
vn 0.8592 0.4296 0.2780
vn 0.4744 -0.8141 -0.3349
vn -0.0675 0.5641 -0.8230
vn -0.0898 0.1389 -0.9862
vn 0.8741 0.4627 0.1476
vn -0.1117 0.1057 0.9881
vn 0.7731 -0.6326 0.0464
vn 0.7604 0.6030 -0.2413
vn 0.8442 0.2646 0.4662
vn 0.7101 0.6940 -0.1190
vn 0.8766 0.4496 0.1715
vn -0.1965 0.5389 -0.8191
vn 0.8570 0.5115 -0.0635
vn 0.6794 -0.3125 0.6639
vn 0.7435 -0.0542 -0.6665
vn 0.6846 -0.7289 -0.0008
vn 0.4699 -0.4808 0.7403
vn 0.5636 0.4077 -0.7184
vn -0.6702 0.6328 -0.3878
vn 0.7350 0.4464 -0.5104
vn 0.7147 0.5033 -0.4857
vn 0.8275 -0.2790 0.4873
vn 0.3351 -0.6464 -0.6854
vn 0.7058 0.6647 0.2450
vn 0.8820 -0.4303 -0.1920
vn 0.7135 0.6127 0.3399
vn 0.6384 -0.7673 0.0614
vn 0.5090 0.8105 -0.2900
vn 0.3447 -0.6779 0.6494
vn 0.7482 0.2343 0.6208
vn 0.5527 -0.7745 0.3077
vn 0.7313 0.4553 0.5079
vn -0.0827 0.0520 0.9952
vn 0.5137 0.8396 0.1764
vn 0.2220 0.3820 0.8971
vn 0.7535 0.4840 0.4449
vn 0.7527 0.5237 0.3990
vn -0.7383 0.5627 0.3717
vn 0.0354 0.6354 0.7713
vn 0.7683 0.6313 0.1054
vn 0.9824 -0.1221 0.1416
vn 0.7670 0.4843 0.4210
vn 0.7466 0.2426 -0.6194
vn 0.5912 0.5611 -0.5793
vn 0.7117 0.5123 -0.4806
vn 0.5490 -0.7582 -0.3518
vn 0.9053 0.4070 -0.1216
vn 0.7259 0.6750 0.1319
vn 0.7249 0.5960 0.3455
vn 0.8596 0.3899 0.3301
vn 0.2940 0.6361 -0.7134
vn 0.6281 0.7598 -0.1679
vn 0.2574 0.4537 -0.8532
vn 0.9955 -0.0352 -0.0878
vn 0.8104 0.5540 -0.1904
vn 0.6845 -0.3619 -0.6329
vn 0.4978 0.1807 -0.8483
vn 0.7674 0.6087 0.2014
vn -0.0463 0.1705 -0.9843
vn 0.8293 -0.2424 -0.5035
vn -0.4917 0.5626 -0.6646
vn 0.7281 0.0716 -0.6817
vn -0.2924 0.5938 -0.7496
vn 0.7389 0.0587 0.6713
vn -0.1487 0.6630 0.7337
vn 0.1454 0.7047 -0.6945
vn 0.9078 0.2702 0.3207
vn 0.1628 0.7230 0.6713
vn 0.8779 0.2244 -0.4230
vn 0.7563 0.5231 -0.3930
vn 0.2389 0.4452 -0.8630
vn -0.4021 0.6381 -0.6566
vn 0.1530 0.2275 0.9617
vn 0.7232 0.6750 -0.1459
vn 0.8288 0.4832 -0.2822
vn 0.8613 0.3468 0.3714
vn -0.7361 0.6077 -0.2983
vn 0.7137 -0.7002 -0.0200
vn 0.7692 0.6361 0.0614
vn -0.7709 0.4862 -0.4116
vn -0.1444 0.6793 -0.7196
vn -0.7014 0.6984 -0.1420
vn -0.5304 0.4580 0.7134
vn -0.2999 0.5835 0.7547
vn 0.7091 -0.1525 0.6884
vn -0.7519 0.6333 0.1833
vn 0.9100 0.3027 -0.2834
vn -0.2920 0.3695 0.8821
vn 0.7760 0.6221 -0.1039
vn 0.2293 0.3979 -0.8883
vn 0.2308 0.3600 0.9040
vn -0.0028 0.5878 0.8090
vn 0.5450 -0.5218 0.6562
vn -0.5050 0.4035 -0.7630
vn -0.4678 0.5852 0.6623
vn 0.7242 -0.1705 -0.6682
vn 0.8106 0.5689 0.1385
vn 0.7816 0.6006 0.1687
vn 0.7863 0.5572 0.2670
vn 0.6266 0.2762 0.7288
vn -0.5301 0.5321 -0.6602
vn 0.1962 -0.0915 0.9763
vn -0.8101 0.5863 0.0080
vn 0.2437 0.9611 -0.1298
vn 0.4478 -0.5301 -0.7201
vn 0.1253 0.9921 0.0005
vn 0.6607 -0.1247 -0.7403
vn -0.9834 0.1755 -0.0461
vn 0.2308 -0.0705 -0.9704
vn 0.9323 -0.0378 0.3598
vn 0.6960 -0.7035 0.1436
vn 0.7876 0.6099 -0.0880
vn 0.7309 -0.0173 -0.6823
vn 0.0941 0.3153 -0.9443
vn 0.8574 0.4206 -0.2966
vn 0.5528 0.8331 -0.0207
vn 0.7024 0.0113 0.7116
vn -0.6304 0.4619 0.6239
vn 0.0073 0.4807 -0.8769
vn 0.6700 -0.1304 0.7308
vn 0.5028 -0.7032 0.5027
vn 0.5240 0.2593 -0.8113
vn -0.3389 0.4268 0.8384
vn 0.3589 0.7540 -0.5501
vn 0.9369 0.3221 -0.1361
vn 0.7278 0.6623 0.1777
vn -0.5921 0.7221 0.3578
vn 0.6950 0.0895 -0.7135
vn 0.3911 -0.5852 0.7104
vn 0.0033 0.8230 0.5680
vn 0.7768 0.0794 -0.6248
vn 0.8491 0.4676 -0.2459
vn 0.4028 0.7520 0.5219
vn 0.3291 0.6880 0.6468
vn 0.4692 0.2830 -0.8365
vn 0.1098 0.4996 0.8593
vn 0.0833 0.8538 0.5139
vn -0.0791 0.7673 -0.6364
vn -0.2966 0.6163 0.7295
vn 0.0051 0.3134 0.9496
vn -0.3825 0.8897 0.2491
vn 0.8259 0.5633 -0.0248
vn 0.7852 0.6147 0.0743
vn 0.0373 0.6404 -0.7672
vn 0.6594 -0.0144 -0.7517
vn 0.6947 0.0916 0.7134
vn -0.1370 0.9897 0.0420
vn -0.7836 0.6129 -0.1018
vn 0.7283 -0.6846 0.0304
vn -0.3224 0.7734 0.5458
vn -0.3365 0.7975 -0.5008
vn 0.5385 -0.4857 -0.6885
vn 0.8769 -0.4571 0.1489
vn -0.6459 0.7297 -0.2242
vn -0.0540 0.5635 -0.8244
vn -0.3886 0.6342 0.6684
vn -0.7521 0.6448 0.1365
vn -0.2832 0.7928 -0.5398
vn 0.9071 -0.3059 -0.2892
vn 0.1502 0.6014 0.7847
vn 0.9770 0.1919 -0.0927
vn 0.6867 -0.7109 -0.1519
vn -0.5542 0.7351 -0.3904
vn 0.7953 0.5992 0.0918
vn 0.6141 0.4475 -0.6501
vn 0.9842 0.1006 0.1458
vn 0.4150 -0.6267 -0.6596
vn 0.8834 0.2929 -0.3659
vn 0.9897 -0.1093 -0.0925
vn -0.5776 0.6394 -0.5075
vn 0.1140 0.3108 -0.9436
vn 0.8252 0.5350 0.1810
vn -0.3321 0.8881 -0.3178
vn 0.8785 -0.3430 -0.3324
vn 0.9996 0.0202 0.0194
vn -0.8559 0.4678 -0.2206
vn 0.1263 0.9910 -0.0443
vn 0.1080 0.5239 -0.8449
vn 0.8737 0.3357 0.3519
vn -0.8504 0.5237 0.0507
vn 0.8342 -0.5476 -0.0660
vn 0.5166 0.2123 0.8295
vn 0.8726 -0.3443 0.3466
vn 0.4380 -0.5049 0.7438
vn 0.8105 0.3386 -0.4780
vn 0.3764 -0.0509 -0.9251
vn 0.3064 0.6979 -0.6473
vn 0.0953 0.5697 0.8163
vn 0.5622 0.4296 0.7067
vn 0.7386 0.4261 0.5224
vn 0.8773 0.3354 -0.3433
vn -0.2716 0.9384 0.2135
vn 0.9428 0.3335 0.0007
vn 0.4714 0.7892 -0.3936
vn 0.9220 0.3868 -0.0168
vn 0.7446 -0.6533 -0.1369
vn 0.7214 -0.6731 0.1628
vn 0.8267 0.5626 -0.0029
vn 0.1389 0.9767 -0.1633
vn 0.7128 0.3871 -0.5848
vn 0.7318 0.4058 -0.5475
vn 0.8586 0.1071 -0.5014
vn 0.6874 0.4620 0.5604
vn 0.8659 0.4984 -0.0432
vn 0.7662 -0.6409 -0.0472
vn 0.3837 0.8540 0.3514
vn 0.9924 0.0112 0.1227
vn 0.9869 -0.0666 -0.1470
vn 0.8604 0.3337 -0.3852
vn 0.4549 0.7318 -0.5074
vn -0.5365 0.7723 0.3402
vn 0.8108 0.3305 0.4831
vn 0.5131 0.2785 0.8119
vn 0.9183 0.2722 0.2875
vn 0.8971 0.3011 -0.3234
vn 0.9917 0.1232 -0.0371
vn 0.8150 -0.5643 0.1315
vn 0.9515 0.2375 0.1954
vn 0.8637 0.0756 0.4984
vn 0.0145 0.9598 -0.2804
vn 0.8865 0.2663 0.3784
vn -0.0614 0.6748 0.7354
vn 0.7828 0.1768 -0.5966
vn 0.2521 0.6134 -0.7484
vn 0.9462 0.3230 0.0213
vn 0.8600 0.4980 0.1115
vn 0.3393 -0.0686 0.9382
vn 0.0608 0.9886 0.1376
vn 0.8660 -0.1040 -0.4892
vn 0.7402 -0.2677 -0.6168
vn 0.7514 -0.6443 0.1421
vn -0.2196 0.9260 -0.3072
vn -0.2006 0.6240 -0.7552
vn 0.3992 0.1035 0.9110
vn 0.8985 0.4015 -0.1775
vn 0.5873 -0.4386 0.6802
vn 0.3856 0.5905 0.7089
vn 0.8793 0.3253 -0.3478
vn 0.9120 0.1849 0.3661
vn -0.0665 0.8838 0.4632
vn 0.5520 0.6409 -0.5335
vn 0.9459 0.3244 0.0059
vn 0.5919 0.5479 0.5911
vn 0.4611 -0.4445 -0.7680
vn 0.7045 -0.6866 -0.1798
vn 0.9140 0.0916 -0.3953
vn 0.9410 0.0424 0.3358
vn 0.8599 -0.1394 0.4911
vn 0.8607 0.1668 0.4810
vn 0.4597 0.5665 -0.6839
vn 0.9168 0.3392 0.2109
vn 0.9508 0.2666 -0.1580
vn 0.8111 0.2017 0.5490
vn 0.7600 0.5192 0.3908
vn 0.6976 0.3916 -0.6000
vn 0.8974 0.2751 0.3449
vn 0.8115 0.5300 0.2461
vn 0.9563 0.1052 0.2728
vn 0.4446 0.5702 -0.6908
vn -0.2420 0.6765 0.6955
vn 0.8565 0.1739 -0.4860
vn 0.1259 0.6312 0.7653
vn 0.7609 -0.1241 -0.6369
vn 0.5782 0.4091 -0.7059
vn 0.8000 -0.5543 0.2298
vn 0.6250 0.0256 -0.7802
vn 0.8782 -0.1768 0.4445
vn 0.1381 0.9450 0.2964
vn 0.6889 0.6190 0.3773
vn -0.4396 0.8847 0.1553
vn -0.4378 0.7724 -0.4601
vn 0.9504 0.2399 0.1980
vn 0.8704 0.0124 0.4922
vn 0.7092 0.3286 -0.6237
vn 0.6944 -0.1962 0.6924
vn 0.2389 0.9131 0.3305
vn -0.4139 0.6608 0.6261
vn 0.9390 0.0765 -0.3353
vn 0.3401 0.3482 -0.8736
vn 0.8526 0.1617 0.4968
vn 0.6246 0.7357 0.2619
vn -0.4786 0.7101 -0.5164
vn 0.9374 0.3481 0.0120
vn 0.8168 -0.5677 0.1027
vn 0.7576 -0.6392 -0.1325
vn 0.9209 0.3839 -0.0677
vn 0.8201 -0.1698 -0.5464
vn 0.2993 0.6471 0.7012
vn 0.5838 -0.4484 -0.6769
vn 0.7499 0.5892 -0.3008
vn 0.9321 -0.0227 0.3615
vn 0.4367 0.4458 -0.7814
vn 0.6459 0.4331 0.6287
vn 0.8926 0.3051 -0.3320
vn 0.9377 0.2252 0.2646
vn 0.6840 0.2987 0.6655
vn 0.9972 -0.0581 -0.0470
vn -0.4613 0.6387 -0.6159
vn 0.4277 0.6316 -0.6466
vn 0.6234 0.6988 0.3507
vn 0.6116 -0.5850 0.5327
vn 0.9571 0.2614 0.1249
vn -0.4876 0.8547 0.1782
vn -0.5375 0.6768 -0.5030
vn 0.8603 -0.0120 -0.5096
vn 0.6757 -0.6011 -0.4268
vn 0.9621 -0.2726 -0.0112
vn 0.1496 0.6410 -0.7528
vn 0.8608 0.3493 -0.3701
vn 0.2590 0.1895 0.9471
vn 0.9398 0.1958 -0.2802
vn 0.8821 -0.0547 0.4679
vn 0.9144 -0.2181 0.3409
vn 0.7507 0.3767 0.5428
vn 0.8991 -0.1138 -0.4226
vn 0.5718 -0.3614 -0.7365
vn 0.3975 0.9120 -0.1012
vn 0.9090 0.1269 -0.3969
vn 0.7913 -0.1991 0.5782
vn 0.6748 0.6886 -0.2653
vn 0.5179 -0.3871 0.7629
vn 0.8053 -0.3913 -0.4453
vn 0.6338 0.7036 -0.3215
vn -0.1644 0.6653 0.7283
vn -0.4365 0.8617 -0.2588
vn 0.8754 0.3766 -0.3030
vn -0.2236 0.9742 0.0293
vn 0.6857 -0.0557 0.7258
vn 0.8320 0.5427 -0.1154
vn 0.9913 0.0713 0.1107
vn 0.3152 0.7165 0.6223
vn 0.7760 0.6220 0.1048
vn 0.9667 0.0540 -0.2503
vn 0.9766 0.1789 -0.1195
vn 0.9936 0.1126 0.0115
vn 0.9655 0.1851 -0.1831
vn 0.7765 -0.2455 0.5803
vn 0.2590 0.3427 -0.9030
vn 0.5553 0.2816 -0.7825
vn -0.2270 0.6789 0.6982
vn 0.8325 -0.5119 0.2118
vn 0.8239 -0.5558 -0.1107
vn 0.7889 -0.5990 0.1375
vn 0.3944 0.7896 0.4700
vn 0.7509 -0.1690 -0.6384
vn -0.2359 0.9609 0.1453
vn 0.1825 0.9014 0.3926
vn 0.0687 0.4351 0.8978
vn 0.3371 0.9360 -0.1009
vn 0.9793 0.0993 0.1765
vn 0.3979 0.7972 -0.4540
vn 0.6035 -0.4150 -0.6809
vn 0.9488 0.2585 0.1813
vn 0.6203 -0.0776 0.7805
vn -0.2705 0.9569 -0.1055
vn 0.7875 -0.2256 -0.5735
vn 0.7569 -0.5507 -0.3519
vn 0.4994 0.6226 0.6024
vn -0.3701 0.9253 0.0823
vn -0.0413 0.4645 -0.8846
vn 0.0608 0.6800 -0.7307
vn 0.7721 0.4534 -0.4452
vn 0.9174 -0.2136 -0.3359
vn 0.0239 0.6073 -0.7941
vn -0.2779 0.8522 -0.4433
vn 0.6268 0.5889 -0.5101
vn 0.8181 -0.4967 0.2900
vn 0.2203 0.2601 0.9401
vn 0.8087 -0.3414 0.4791
vn 0.9718 0.1707 0.1624
vn 0.3816 0.0699 0.9217
vn 0.9550 0.0884 -0.2832
vn 0.5378 -0.2151 0.8152
vn 0.4439 0.6913 0.5701
vn 0.5247 -0.4170 -0.7421
vn 0.9508 0.3063 -0.0459
vn -0.3473 0.9283 0.1331
vn 0.5931 0.4917 0.6376
vn -0.6654 -0.0951 -0.7404
vn -0.4590 0.3051 0.8344
vn 0.6761 -0.0573 0.7346
vn 0.2603 0.1114 -0.9591
vn -0.6727 0.1703 0.7200
vn 0.9609 0.0703 -0.2677
vn 0.3207 0.5110 0.7975
vn 0.8976 -0.4408 -0.0011
vn -0.5955 0.8028 0.0290
vn 0.7941 0.3636 0.4870
vn 0.8781 0.4569 -0.1420
vn 0.9275 0.1498 -0.3426
vn 0.8067 0.2946 -0.5122
vn -0.6888 0.4452 0.5722
vn 0.9544 0.0794 0.2877
vn 0.4386 0.3482 0.8285
vn 0.6611 -0.2155 0.7187
vn 0.8039 0.3780 -0.4593
vn 0.8290 -0.4074 -0.3830
vn 0.9728 -0.1753 -0.1513
vn 0.3496 0.3345 -0.8751
vn -0.6423 0.7636 0.0659
vn -0.2802 0.4448 -0.8506
vn 0.2756 0.1944 -0.9414
vn 0.4562 0.3647 -0.8117
vn 0.8790 0.3877 0.2776
vn 0.7766 0.2289 0.5869
vn 0.7349 0.5510 -0.3954
vn 0.9646 0.1046 0.2422
vn 0.7310 -0.4805 0.4845
vn 0.6320 0.4293 -0.6452
vn 0.8724 -0.0714 0.4835
vn 0.3123 0.2359 0.9202
vn 0.8361 0.3298 0.4384
vn 0.0489 0.5018 0.8636
vn 0.9760 0.2171 -0.0148
vn 0.0685 0.5322 0.8438
vn 0.4924 0.7710 0.4039
vn 0.5456 0.5941 -0.5910
vn 0.9802 0.1656 0.1089
vn -0.3413 0.7277 0.5949
vn -0.0531 0.8062 0.5892
vn -0.1766 0.1723 -0.9691
vn 0.8083 -0.5689 -0.1514
vn 0.9674 -0.1341 0.2146
vn 0.9445 -0.2127 0.2503
vn 0.7053 0.7044 -0.0796
vn 0.7862 0.6179 0.0107
vn -0.1800 0.8745 -0.4504
vn 0.5402 0.1755 -0.8230
vn 0.0150 0.4434 0.8962
vn -0.2290 0.8892 -0.3961
vn 0.8376 -0.2358 0.4928
vn 0.0599 0.8425 0.5353
vn -0.1302 0.6471 0.7512
vn 0.4655 0.4115 0.7836
vn 0.4994 0.2177 0.8386
vn 0.5961 0.7275 -0.3396
vn 0.8981 -0.4122 -0.1530
vn 0.9881 -0.1236 -0.0917
vn 0.5226 0.4259 -0.7386
vn -0.3840 0.4348 0.8146
vn 0.6042 -0.2412 -0.7594
vn -0.1983 -0.9801 0.0120
vn 0.7120 -0.0901 -0.6963
vn -0.3195 0.8487 0.4215
vn 0.8850 -0.1824 -0.4284
vn 0.9518 -0.0954 0.2915
vn 0.4142 0.4079 -0.8137
vn 0.8634 -0.5007 0.0619
vn 0.5456 0.3007 0.7823
vn 0.8698 0.3068 0.3863
vn 0.4436 0.4849 -0.7537
vn -0.2730 0.7281 -0.6288
vn 0.8981 -0.4109 0.1567
vn 0.9868 -0.1587 -0.0324
vn 0.5271 0.5722 -0.6282
vn 0.8709 -0.4566 0.1816
vn -0.0911 0.5824 0.8078
vn 0.6966 0.3041 -0.6498
vn 0.2777 0.4290 -0.8596
vn 0.6031 0.4844 0.6338
vn 0.5610 0.8170 0.1333
vn -0.4977 0.8673 -0.0120
vn 0.8977 -0.0812 0.4330
vn 0.5440 0.5138 -0.6633
vn -0.1546 0.8685 0.4710
vn -0.2663 0.6504 0.7114
vn 0.8687 -0.4596 -0.1848
vn 0.1777 0.5156 -0.8382
vn 0.6328 0.1769 0.7538
vn 0.9814 -0.1766 -0.0752
vn -0.4481 0.5983 0.6642
vn -0.0211 0.6371 0.7705
vn 0.5536 0.5364 0.6371
vn 0.9356 -0.2016 -0.2898
vn 0.0965 0.6133 -0.7839
vn 0.3931 0.8071 -0.4405
vn -0.5903 0.7690 0.2455
vn 0.0909 0.6748 -0.7324
vn -0.3316 0.7798 -0.5310
vn 0.3408 0.8213 -0.4575
vn -0.6925 0.5986 0.4026
vn 0.0003 0.8654 -0.5011
vn 0.6054 0.6221 -0.4965
vn 0.5050 0.6193 0.6012
vn 0.3038 0.5410 0.7842
vn 0.9370 -0.2175 0.2732
vn 0.6892 0.2023 0.6957
vn 0.9153 -0.4027 0.0113
vn 0.8048 0.1051 -0.5842
vn 0.9577 -0.1041 -0.2682
vn 0.5215 0.6436 0.5602
vn 0.1065 0.9871 0.1193
vn 0.3296 0.8342 0.4422
vn 0.9249 -0.2773 0.2601
vn 0.7646 -0.4375 0.4733
vn -0.5864 0.6528 0.4796
vn 0.1902 0.7383 -0.6470
vn -0.0210 0.9995 0.0234
vn 0.9145 -0.3364 0.2248
vn -0.3686 0.8003 -0.4729
vn -0.0709 0.9220 0.3806
vn 0.0337 0.8158 0.5774
vn 0.7937 -0.4235 -0.4368
vn 0.9286 -0.2561 -0.2686
vn 0.9656 -0.0888 0.2444
vn -0.4928 0.8678 0.0636
vn 0.1274 0.5733 0.8094
vn 0.7443 0.3331 0.5788
vn -0.0288 0.7940 0.6072
vn 0.0762 0.6984 0.7117
vn -0.3235 0.7936 -0.5152
vn 0.7270 -0.3203 0.6073
vn 0.9676 -0.2523 0.0127
vn 0.8846 -0.4268 0.1882
vn 0.8250 0.2078 -0.5256
vn 0.3433 0.7912 -0.5061
vn 0.5365 0.6807 -0.4988
vn 0.4636 0.8488 -0.2543
vn 0.8187 0.1209 0.5614
vn 0.8326 0.2038 -0.5150
vn 0.9959 -0.0884 0.0175
vn -0.0298 0.9993 0.0216
vn 0.8833 -0.4291 -0.1887
vn 0.2038 0.8477 0.4897
vn 0.7079 0.5187 0.4795
vn 0.7308 0.3882 0.5614
vn 0.9235 -0.0418 -0.3813
vn 0.9814 -0.1059 0.1601
vn 0.9010 0.2172 -0.3755
vn 0.9968 -0.0801 0.0021
vn 0.8863 -0.4101 -0.2149
vn 0.9746 -0.2197 0.0434
vn 0.9923 0.0738 0.0997
vn 0.7859 0.4374 0.4371
vn 0.9803 -0.1974 0.0013
vn 0.4725 0.7149 -0.5155
vn 0.7679 0.6277 0.1278
vn 0.8218 0.4908 0.2893
vn 0.8627 0.2031 0.4631
vn 0.9835 0.1602 0.0835
vn 0.9369 0.2627 -0.2308
vn 0.7857 0.3134 -0.5333
vn 0.5386 0.6485 0.5379
vn 0.9160 0.4007 0.0207
s 1
usemtl none
f 1//1 3//3 4//4
f 1//1 4//4 5//5
f 3//3 1//1 24//24
f 1//1 2//2 6//6
f 1//1 5//5 2//2
f 4//4 54//54 5//5
f 1//1 6//6 24//24
f 8//8 11//11 7//7
f 11//11 8//8 12//12
f 9//9 14//14 10//10
f 9//9 13//13 14//14
f 8//8 7//7 16//16
f 9//9 20//20 13//13
f 9//9 10//10 15//15
f 10//10 17//17 15//15
f 11//11 12//12 19//19
f 2//2 5//5 6//6
f 16//16 28//28 8//8
f 3//3 24//24 25//25
f 14//14 18//18 10//10
f 14//14 13//13 23//23
f 4//4 49//49 54//54
f 15//15 17//17 22//22
f 7//7 11//11 27//27
f 8//8 28//28 21//21
f 8//8 21//21 12//12
f 4//4 3//3 25//25
f 26//26 27//27 11//11
f 16//16 7//7 35//35
f 16//16 31//31 28//28
f 9//9 45//45 20//20
f 11//11 19//19 26//26
f 9//9 15//15 55//55
f 10//10 18//18 32//32
f 28//28 46//46 21//21
f 10//10 32//32 17//17
f 17//17 30//30 22//22
f 7//7 40//40 35//35
f 25//25 24//24 38//38
f 29//29 36//36 24//24
f 31//31 41//41 28//28
f 45//45 9//9 55//55
f 4//4 25//25 49//49
f 19//19 12//12 37//37
f 14//14 23//23 18//18
f 24//24 33//33 29//29
f 16//16 35//35 31//31
f 13//13 34//34 23//23
f 7//7 27//27 75//75
f 29//29 69//69 36//36
f 15//15 22//22 44//44
f 24//24 6//6 33//33
f 15//15 44//44 55//55
f 13//13 20//20 34//34
f 6//6 5//5 39//39
f 6//6 39//39 43//43
f 17//17 48//48 30//30
f 29//29 42//42 69//69
f 6//6 43//43 33//33
f 7//7 75//75 40//40
f 36//36 38//38 24//24
f 28//28 41//41 62//62
f 28//28 62//62 46//46
f 29//29 33//33 50//50
f 12//12 51//51 37//37
f 25//25 38//38 47//47
f 5//5 54//54 53//53
f 47//47 49//49 25//25
f 17//17 32//32 48//48
f 19//19 52//52 26//26
f 29//29 50//50 42//42
f 12//12 21//21 51//51
f 35//35 40//40 72//72
f 19//19 37//37 52//52
f 56//56 43//43 39//39
f 41//41 31//31 57//57
f 49//49 71//71 54//54
f 18//18 23//23 61//61
f 45//45 60//60 20//20
f 5//5 53//53 63//63
f 5//5 63//63 39//39
f 21//21 46//46 66//66
f 20//20 64//64 34//34
f 38//38 36//36 68//68
f 54//54 71//71 59//59
f 44//44 67//67 55//55
f 31//31 35//35 72//72
f 26//26 99//99 27//27
f 48//48 32//32 78//78
f 41//41 133//133 62//62
f 53//53 54//54 77//77
f 22//22 30//30 74//74
f 54//54 59//59 77//77
f 44//44 22//22 67//67
f 18//18 76//76 32//32
f 66//66 46//46 80//80
f 30//30 65//65 70//70
f 30//30 70//70 74//74
f 30//30 48//48 65//65
f 31//31 72//72 57//57
f 45//45 73//73 60//60
f 68//68 47//47 38//38
f 27//27 99//99 75//75
f 55//55 67//67 121//121
f 45//45 55//55 73//73
f 71//71 49//49 92//92
f 46//46 62//62 81//81
f 47//47 82//82 49//49
f 43//43 56//56 33//33
f 69//69 100//100 36//36
f 50//50 33//33 79//79
f 40//40 83//83 90//90
f 39//39 84//84 56//56
f 46//46 81//81 80//80
f 47//47 68//68 85//85
f 18//18 61//61 76//76
f 63//63 89//89 39//39
f 49//49 93//93 92//92
f 77//77 59//59 87//87
f 47//47 85//85 82//82
f 20//20 60//60 64//64
f 69//69 42//42 122//122
f 26//26 52//52 58//58
f 40//40 75//75 83//83
f 40//40 90//90 72//72
f 48//48 78//78 94//94
f 65//65 48//48 103//103
f 62//62 133//133 158//158
f 34//34 170//170 23//23
f 26//26 58//58 99//99
f 41//41 57//57 133//133
f 78//78 32//32 106//106
f 69//69 122//122 100//100
f 39//39 98//98 84//84
f 21//21 66//66 51//51
f 80//80 96//96 66//66
f 36//36 100//100 68//68
f 39//39 89//89 109//109
f 42//42 147//147 122//122
f 55//55 121//121 73//73
f 82//82 115//115 49//49
f 48//48 94//94 100//100
f 87//87 59//59 118//118
f 49//49 115//115 93//93
f 73//73 101//101 60//60
f 48//48 100//100 103//103
f 22//22 74//74 67//67
f 56//56 84//84 86//86
f 50//50 95//95 108//108
f 71//71 92//92 102//102
f 50//50 108//108 42//42
f 51//51 66//66 117//117
f 98//98 39//39 109//109
f 56//56 86//86 128//128
f 74//74 70//70 111//111
f 141//141 88//88 50//50
f 80//80 81//81 105//105
f 53//53 77//77 107//107
f 63//63 114//114 89//89
f 63//63 53//53 114//114
f 42//42 108//108 159//159
f 53//53 107//107 114//114
f 50//50 104//104 141//141
f 92//92 93//93 102//102
f 65//65 103//103 116//116
f 77//77 112//112 107//107
f 66//66 96//96 124//124
f 50//50 88//88 95//95
f 50//50 79//79 104//104
f 52//52 37//37 113//113
f 76//76 106//106 32//32
f 71//71 119//119 59//59
f 56//56 128//128 79//79
f 89//89 114//114 109//109
f 62//62 158//158 81//81
f 78//78 135//135 94//94
f 33//33 56//56 79//79
f 94//94 129//129 100//100
f 65//65 116//116 134//134
f 100//100 125//125 68//68
f 103//103 100//100 122//122
f 81//81 123//123 105//105
f 77//77 87//87 140//140
f 73//73 121//121 154//154
f 82//82 85//85 136//136
f 80//80 105//105 88//88
f 93//93 115//115 102//102
f 78//78 106//106 135//135
f 71//71 130//130 119//119
f 81//81 120//120 123//123
f 109//109 114//114 98//98
f 105//105 123//123 95//95
f 57//57 142//142 97//97
f 70//70 65//65 134//134
f 77//77 139//139 112//112
f 127//127 132//132 107//107
f 51//51 117//117 131//131
f 115//115 82//82 102//102
f 74//74 138//138 67//67
f 80//80 141//141 96//96
f 80//80 88//88 141//141
f 59//59 126//126 118//118
f 75//75 143//143 83//83
f 105//105 95//95 88//88
f 42//42 159//159 110//110
f 100//100 129//129 125//125
f 34//34 64//64 144//144
f 130//130 137//137 119//119
f 57//57 72//72 142//142
f 66//66 124//124 117//117
f 72//72 90//90 145//145
f 75//75 99//99 91//91
f 57//57 97//97 133//133
f 116//116 103//103 122//122
f 81//81 158//158 120//120
f 73//73 154//154 101//101
f 87//87 118//118 140//140
f 128//128 86//86 152//152
f 112//112 146//146 107//107
f 71//71 102//102 148//148
f 71//71 148//148 130//130
f 102//102 82//82 136//136
f 143//143 75//75 91//91
f 116//116 122//122 147//147
f 114//114 155//155 98//98
f 67//67 167//167 121//121
f 127//127 107//107 157//157
f 138//138 228//228 67//67
f 61//61 23//23 170//170
f 124//124 96//96 141//141
f 128//128 152//152 79//79
f 59//59 119//119 126//126
f 112//112 139//139 146//146
f 70//70 134//134 149//149
f 77//77 140//140 139//139
f 98//98 155//155 84//84
f 134//134 116//116 147//147
f 106//106 162//162 135//135
f 94//94 153//153 129//129
f 86//86 84//84 150//150
f 94//94 135//135 153//153
f 68//68 161//161 85//85
f 123//123 108//108 95//95
f 37//37 51//51 160//160
f 107//107 132//132 114//114
f 141//141 104//104 156//156
f 125//125 129//129 153//153
f 37//37 160//160 113//113
f 120//120 158//158 159//159
f 123//123 120//120 108//108
f 106//106 161//161 162//162
f 104//104 79//79 117//117
f 61//61 181//181 76//76
f 84//84 155//155 150//150
f 68//68 125//125 162//162
f 83//83 189//189 90//90
f 68//68 162//162 161//161
f 130//130 180//180 137//137
f 101//101 168//168 60//60
f 152//152 86//86 164//164
f 85//85 169//169 136//136
f 131//131 117//117 79//79
f 149//149 134//134 147//147
f 86//86 150//150 164//164
f 102//102 136//136 163//163
f 158//158 165//165 159//159
f 110//110 159//159 165//165
f 125//125 153//153 162//162
f 171//171 126//126 119//119
f 107//107 146//146 157//157
f 133//133 166//166 158//158
f 70//70 149//149 177//177
f 74//74 111//111 138//138
f 106//106 182//182 161//161
f 110//110 165//165 166//166
f 67//67 188//188 167//167
f 42//42 110//110 147//147
f 104//104 117//117 156//156
f 106//106 76//76 182//182
f 136//136 169//169 151//151
f 120//120 159//159 108//108
f 114//114 173//173 155//155
f 119//119 137//137 171//171
f 127//127 172//172 132//132
f 124//124 141//141 156//156
f 118//118 126//126 140//140
f 117//117 124//124 156//156
f 85//85 161//161 169//169
f 70//70 177//177 111//111
f 135//135 162//162 153//153
f 140//140 126//126 139//139
f 158//158 166//166 165//165
f 130//130 200//200 180//180
f 130//130 148//148 175//175
f 79//79 152//152 131//131
f 139//139 126//126 174//174
f 102//102 163//163 176//176
f 127//127 157//157 193//193
f 174//174 126//126 171//171
f 76//76 233//233 182//182
f 121//121 167//167 154//154
f 157//157 146//146 185//185
f 139//139 174//174 146//146
f 97//97 142//142 178//178
f 177//177 149//149 184//184
f 51//51 131//131 160//160
f 136//136 151//151 183//183
f 90//90 189//189 145//145
f 189//189 83//83 143//143
f 147//147 184//184 149//149
f 114//114 132//132 173//173
f 137//137 180//180 179//179
f 137//137 179//179 171//171
f 136//136 183//183 163//163
f 76//76 181//181 233//233
f 147//147 110//110 184//184
f 185//185 146//146 192//192
f 101//101 154//154 186//186
f 130//130 175//175 200//200
f 172//172 127//127 187//187
f 110//110 166//166 199//199
f 187//187 127//127 193//193
f 110//110 191//191 184//184
f 67//67 228//228 188//188
f 174//174 192//192 146//146
f 157//157 185//185 194//194
f 151//151 169//169 183//183
f 145//145 251//251 72//72
f 64//64 60//60 144//144
f 102//102 176//176 206//206
f 177//177 236//236 111//111
f 132//132 196//196 173//173
f 102//102 206//206 148//148
f 164//164 150//150 201//201
f 99//99 58//58 214//214
f 110//110 199//199 191//191
f 61//61 221//221 181//181
f 97//97 178//178 202//202
f 161//161 182//182 198//198
f 166//166 133//133 199//199
f 182//182 190//190 198//198
f 161//161 198//198 169//169
f 164//164 197//197 152//152
f 152//152 197//197 131//131
f 157//157 194//194 193//193
f 131//131 211//211 160//160
f 180//180 200//200 209//209
f 174//174 171//171 179//179
f 142//142 72//72 226//226
f 182//182 204//204 190//190
f 169//169 198//198 224//224
f 131//131 197//197 195//195
f 131//131 195//195 242//242
f 97//97 202//202 133//133
f 174//174 210//210 192//192
f 131//131 242//242 211//211
f 201//201 150//150 207//207
f 101//101 186//186 217//217
f 180//180 218//218 179//179
f 164//164 201//201 197//197
f 91//91 99//99 298//298
f 174//174 205//205 210//210
f 155//155 203//203 150//150
f 174//174 212//212 205//205
f 160//160 211//211 215//215
f 52//52 294//294 58//58
f 190//190 204//204 216//216
f 175//175 213//213 200//200
f 133//133 219//219 199//199
f 150//150 203//203 207//207
f 210//210 185//185 192//192
f 101//101 217//217 168//168
f 197//197 201//201 238//238
f 133//133 202//202 219//219
f 191//191 199//199 219//219
f 187//187 193//193 223//223
f 172//172 196//196 132//132
f 182//182 233//233 204//204
f 172//172 187//187 229//229
f 148//148 230//230 175//175
f 180//180 222//222 218//218
f 99//99 214//214 298//298
f 198//198 190//190 234//234
f 190//190 216//216 234//234
f 169//169 224//224 183//183
f 61//61 170//170 221//221
f 189//189 143//143 239//239
f 189//189 239//239 225//225
f 172//172 229//229 232//232
f 172//172 227//227 196//196
f 175//175 230//230 235//235
f 184//184 220//220 177//177
f 198//198 234//234 224//224
f 72//72 251//251 226//226
f 185//185 210//210 194//194
f 138//138 111//111 231//231
f 187//187 223//223 229//229
f 52//52 113//113 294//294
f 180//180 209//209 222//222
f 195//195 197//197 238//238
f 175//175 235//235 213//213
f 179//179 218//218 174//174
f 207//207 238//238 201//201
f 111//111 236//236 231//231
f 209//209 200//200 240//240
f 184//184 191//191 220//220
f 172//172 232//232 227//227
f 191//191 219//219 231//231
f 194//194 237//237 193//193
f 233//233 181//181 241//241
f 145//145 189//189 251//251
f 195//195 243//243 242//242
f 174//174 274//274 212//212
f 176//176 208//208 206//206
f 193//193 237//237 257//257
f 144//144 286//286 34//34
f 194//194 210//210 237//237
f 205//205 244//244 210//210
f 209//209 240//240 245//245
f 218//218 222//222 174//174
f 34//34 286//286 170//170
f 213//213 254//254 200//200
f 189//189 249//249 251//251
f 191//191 231//231 220//220
f 213//213 235//235 253//253
f 205//205 212//212 248//248
f 155//155 269//269 203//203
f 176//176 163//163 246//246
f 193//193 268//268 223//223
f 213//213 253//253 254//254
f 195//195 238//238 243//243
f 155//155 173//173 264//264
f 231//231 219//219 202//202
f 189//189 225//225 249//249
f 236//236 177//177 220//220
f 209//209 245//245 222//222
f 236//236 220//220 231//231
f 228//228 247//247 188//188
f 241//241 181//181 250//250
f 174//174 222//222 245//245
f 215//215 211//211 256//256
f 252//252 215//215 255//255
f 215//215 256//256 255//255
f 148//148 206//206 230//230
f 183//183 224//224 258//258
f 229//229 259//259 232//232
f 245//245 240//240 302//302
f 215//215 261//261 160//160
f 224//224 234//234 258//258
f 223//223 268//268 260//260
f 200//200 254//254 240//240
f 274//274 174//174 245//245
f 211//211 242//242 207//207
f 211//211 207//207 256//256
f 233//233 241//241 258//258
f 241//241 262//262 265//265
f 178//178 142//142 271//271
f 203//203 266//266 207//207
f 250//250 262//262 241//241
f 241//241 265//265 258//258
f 242//242 243//243 207//207
f 181//181 221//221 263//263
f 204//204 233//233 216//216
f 256//256 207//207 266//266
f 252//252 255//255 267//267
f 223//223 270//270 229//229
f 248//248 244//244 205//205
f 253//253 279//279 254//254
f 281//281 183//183 272//272
f 202//202 178//178 276//276
f 232//232 259//259 280//280
f 238//238 207//207 243//243
f 193//193 257//257 275//275
f 181//181 263//263 250//250
f 215//215 252//252 261//261
f 234//234 216//216 258//258
f 183//183 281//281 163//163
f 250//250 273//273 262//262
f 229//229 270//270 259//259
f 212//212 274//274 248//248
f 154//154 291//291 186//186
f 210//210 244//244 277//277
f 274//274 245//245 278//278
f 203//203 269//269 266//266
f 233//233 258//258 216//216
f 237//237 210//210 257//257
f 193//193 275//275 268//268
f 183//183 258//258 272//272
f 210//210 277//277 257//257
f 217//217 186//186 284//284
f 252//252 283//283 261//261
f 250//250 263//263 297//297
f 223//223 260//260 270//270
f 257//257 277//277 275//275
f 138//138 231//231 276//276
f 240//240 312//312 302//302
f 91//91 327//327 143//143
f 176//176 246//246 208//208
f 255//255 285//285 267//267
f 255//255 256//256 282//282
f 255//255 282//282 285//285
f 228//228 138//138 276//276
f 267//267 285//285 287//287
f 263//263 221//221 350//350
f 245//245 302//302 278//278
f 154//154 167//167 291//291
f 202//202 276//276 231//231
f 235//235 230//230 299//299
f 252//252 267//267 283//283
f 273//273 250//250 289//289
f 265//265 262//262 292//292
f 160//160 261//261 293//293
f 261//261 283//283 296//296
f 288//288 228//228 276//276
f 263//263 350//350 295//295
f 173//173 196//196 317//317
f 258//258 265//265 303//303
f 173//173 317//317 264//264
f 143//143 327//327 239//239
f 232//232 280//280 290//290
f 221//221 170//170 311//311
f 269//269 301//301 266//266
f 58//58 294//294 214//214
f 250//250 297//297 340//340
f 178//178 271//271 288//288
f 178//178 288//288 276//276
f 155//155 381//381 269//269
f 228//228 288//288 247//247
f 272//272 258//258 303//303
f 244//244 248//248 306//306
f 113//113 160//160 294//294
f 240//240 254//254 300//300
f 91//91 298//298 327//327
f 232//232 290//290 227//227
f 268//268 275//275 305//305
f 267//267 338//338 283//283
f 292//292 262//262 308//308
f 248//248 316//316 306//306
f 248//248 274//274 316//316
f 188//188 328//328 167//167
f 312//312 310//310 302//302
f 268//268 304//304 260//260
f 265//265 313//313 303//303
f 256//256 314//314 282//282
f 168//168 217//217 475//475
f 235//235 299//299 253//253
f 278//278 302//302 322//322
f 170//170 286//286 311//311
f 287//287 339//339 267//267
f 268//268 309//309 304//304
f 168//168 333//333 60//60
f 301//301 269//269 314//314
f 263//263 295//295 297//297
f 302//302 310//310 315//315
f 281//281 272//272 320//320
f 244//244 321//321 277//277
f 269//269 357//357 307//307
f 261//261 296//296 293//293
f 280//280 259//259 318//318
f 282//282 314//314 324//324
f 292//292 320//320 265//265
f 256//256 266//266 301//301
f 186//186 291//291 284//284
f 225//225 239//239 249//249
f 277//277 323//323 275//275
f 240//240 300//300 312//312
f 295//295 350//350 297//297
f 250//250 340//340 289//289
f 265//265 320//320 313//313
f 309//309 268//268 305//305
f 256//256 319//319 314//314
f 316//316 274//274 329//329
f 196//196 227//227 317//317
f 285//285 282//282 307//307
f 275//275 323//323 305//305
f 244//244 306//306 321//321
f 273//273 325//325 262//262
f 221//221 311//311 350//350
f 155//155 264//264 381//381
f 282//282 324//324 307//307
f 287//287 285//285 353//353
f 274//274 278//278 332//332
f 163//163 388//388 246//246
f 249//249 239//239 467//467
f 163//163 281//281 330//330
f 163//163 330//330 388//388
f 269//269 324//324 314//314
f 208//208 246//246 351//351
f 274//274 332//332 329//329
f 256//256 301//301 319//319
f 322//322 302//302 336//336
f 262//262 325//325 335//335
f 292//292 308//308 281//281
f 324//324 269//269 307//307
f 142//142 226//226 271//271
f 214//214 294//294 347//347
f 321//321 342//342 277//277
f 304//304 326//326 260//260
f 239//239 343//343 467//467
f 168//168 475//475 333//333
f 271//271 226//226 384//384
f 292//292 281//281 320//320
f 288//288 271//271 247//247
f 297//297 337//337 340//340
f 302//302 315//315 336//336
f 273//273 289//289 325//325
f 320//320 272//272 313//313
f 254//254 279//279 361//361
f 339//339 287//287 341//341
f 279//279 352//352 361//361
f 269//269 381//381 357//357
f 307//307 346//346 285//285
f 304//304 309//309 326//326
f 260//260 326//326 270//270
f 312//312 344//344 322//322
f 296//296 283//283 362//362
f 267//267 339//339 338//338
f 308//308 262//262 335//335
f 278//278 322//322 334//334
f 208//208 351//351 206//206
f 160//160 293//293 348//348
f 312//312 300//300 344//344
f 322//322 336//336 312//312
f 188//188 247//247 369//369
f 309//309 305//305 326//326
f 277//277 342//342 323//323
f 144//144 60//60 333//333
f 314//314 319//319 301//301
f 313//313 272//272 303//303
f 297//297 350//350 337//337
f 167//167 328//328 291//291
f 340//340 354//354 289//289
f 270//270 331//331 349//349
f 308//308 335//335 330//330
f 278//278 334//334 332//332
f 353//353 285//285 357//357
f 312//312 336//336 310//310
f 310//310 336//336 315//315
f 281//281 308//308 330//330
f 326//326 305//305 323//323
f 160//160 348//348 294//294
f 307//307 357//357 346//346
f 279//279 253//253 355//355
f 270//270 345//345 331//331
f 350//350 311//311 379//379
f 285//285 346//346 357//357
f 298//298 214//214 360//360
f 287//287 353//353 341//341
f 344//344 358//358 322//322
f 270//270 349//349 259//259
f 227//227 290//290 317//317
f 335//335 364//364 330//330
f 280//280 318//318 290//290
f 316//316 329//329 363//363
f 247//247 384//384 369//369
f 144//144 373//373 286//286
f 322//322 358//358 334//334
f 293//293 296//296 348//348
f 317//317 290//290 356//356
f 271//271 384//384 247//247
f 337//337 350//350 392//392
f 270//270 326//326 345//345
f 296//296 362//362 348//348
f 316//316 363//363 306//306
f 249//249 370//370 251//251
f 317//317 356//356 264//264
f 323//323 387//387 326//326
f 365//365 363//363 367//367
f 144//144 359//359 373//373
f 344//344 300//300 366//366
f 363//363 365//365 372//372
f 214//214 347//347 360//360
f 365//365 367//367 368//368
f 365//365 368//368 371//371
f 363//363 329//329 367//367
f 388//388 330//330 364//364
f 254//254 361//361 300//300
f 206//206 299//299 230//230
f 381//381 264//264 374//374
f 350//350 379//379 392//392
f 300//300 361//361 375//375
f 365//365 371//371 372//372
f 372//372 306//306 363//363
f 206//206 351//351 299//299
f 321//321 306//306 372//372
f 334//334 376//376 332//332
f 357//357 381//381 353//353
f 332//332 376//376 380//380
f 329//329 332//332 367//367
f 376//376 334//334 358//358
f 144//144 333//333 359//359
f 286//286 373//373 311//311
f 348//348 383//383 294//294
f 332//332 380//380 367//367
f 300//300 385//385 452//452
f 378//378 377//377 382//382
f 300//300 452//452 366//366
f 253//253 299//299 355//355
f 358//358 344//344 366//366
f 378//378 398//398 377//377
f 321//321 372//372 342//342
f 300//300 375//375 385//385
f 345//345 326//326 387//387
f 388//388 386//386 246//246
f 290//290 318//318 423//423
f 335//335 388//388 364//364
f 348//348 362//362 383//383
f 342//342 372//372 391//391
f 367//367 394//394 368//368
f 387//387 323//323 410//410
f 398//398 389//389 377//377
f 259//259 349//349 318//318
f 377//377 390//390 382//382
f 371//371 368//368 393//393
f 239//239 399//399 343//343
f 360//360 347//347 421//421
f 379//379 311//311 392//392
f 279//279 355//355 352//352
f 217//217 284//284 475//475
f 367//367 380//380 394//394
f 323//323 342//342 410//410
f 372//372 371//371 409//409
f 395//395 353//353 374//374
f 358//358 396//396 376//376
f 341//341 353//353 395//395
f 382//382 414//414 378//378
f 352//352 355//355 411//411
f 372//372 409//409 391//391
f 358//358 366//366 396//396
f 239//239 327//327 399//399
f 331//331 345//345 400//400
f 384//384 226//226 506//506
f 385//385 375//375 428//428
f 390//390 377//377 408//408
f 353//353 381//381 374//374
f 249//249 467//467 370//370
f 392//392 440//440 337//337
f 389//389 412//412 377//377
f 345//345 413//413 400//400
f 377//377 412//412 408//408
f 403//403 402//402 404//404
f 401//401 404//404 407//407
f 404//404 402//402 407//407
f 406//406 403//403 405//405
f 404//404 405//405 403//403
f 385//385 459//459 452//452
f 398//398 378//378 443//443
f 368//368 394//394 416//416
f 368//368 416//416 393//393
f 342//342 391//391 425//425
f 383//383 362//362 429//429
f 380//380 420//420 394//394
f 402//402 418//418 407//407
f 404//404 426//426 405//405
f 401//401 422//422 404//404
f 341//341 395//395 397//397
f 251//251 370//370 518//518
f 264//264 468//468 374//374
f 404//404 436//436 426//426
f 361//361 352//352 415//415
f 406//406 419//419 403//403
f 331//331 424//424 349//349
f 405//405 433//433 406//406
f 380//380 376//376 420//420
f 417//417 375//375 361//361
f 415//415 434//434 361//361
f 383//383 429//429 294//294
f 387//387 430//430 345//345
f 403//403 418//418 402//402
f 378//378 436//436 443//443
f 386//386 462//462 246//246
f 371//371 393//393 409//409
f 404//404 438//438 443//443
f 375//375 417//417 428//428
f 404//404 422//422 438//438
f 404//404 443//443 436//436
f 424//424 331//331 460//460
f 407//407 441//441 401//401
f 376//376 396//396 420//420
f 246//246 465//465 351//351
f 378//378 414//414 435//435
f 401//401 441//441 442//442
f 349//349 444//444 318//318
f 406//406 439//439 419//419
f 401//401 442//442 422//422
f 294//294 429//429 347//347
f 403//403 419//419 418//418
f 389//389 398//398 445//445
f 452//452 459//459 485//485
f 331//331 451//451 460//460
f 398//398 438//438 445//445
f 406//406 433//433 439//439
f 392//392 311//311 440//440
f 414//414 382//382 446//446
f 426//426 433//433 405//405
f 361//361 434//434 447//447
f 459//459 385//385 449//449
f 366//366 452//452 396//396
f 385//385 428//428 449//449
f 378//378 435//435 454//454
f 407//407 418//418 441//441
f 387//387 410//410 430//430
f 283//283 338//338 362//362
f 382//382 390//390 446//446
f 342//342 464//464 410//410
f 378//378 454//454 436//436
f 398//398 443//443 438//438
f 299//299 351//351 427//427
f 341//341 477//477 339//339
f 400//400 469//469 331//331
f 417//417 478//478 428//428
f 409//409 473//473 391//391
f 415//415 448//448 434//434
f 429//429 362//362 455//455
f 331//331 469//469 451//451
f 388//388 335//335 386//386
f 188//188 369//369 328//328
f 342//342 425//425 464//464
f 290//290 431//431 356//356
f 426//426 436//436 454//454
f 394//394 489//489 416//416
f 290//290 423//423 431//431
f 340//340 337//337 354//354
f 420//420 396//396 457//457
f 415//415 352//352 448//448
f 345//345 430//430 484//484
f 352//352 453//453 448//448
f 335//335 462//462 386//386
f 438//438 422//422 461//461
f 440//440 487//487 337//337
f 349//349 458//458 444//444
f 352//352 411//411 453//453
f 400//400 463//463 474//474
f 349//349 424//424 458//458
f 318//318 444//444 423//423
f 409//409 393//393 473//473
f 325//325 456//456 335//335
f 327//327 298//298 432//432
f 347//347 429//429 466//466
f 426//426 454//454 476//476
f 394//394 420//420 489//489
f 395//395 374//374 450//450
f 338//338 339//339 482//482
f 339//339 477//477 482//482
f 413//413 463//463 400//400
f 428//428 492//492 449//449
f 413//413 345//345 471//471
f 345//345 484//484 471//471
f 390//390 493//493 446//446
f 289//289 354//354 480//480
f 424//424 460//460 458//458
f 391//391 473//473 425//425
f 416//416 472//472 393//393
f 408//408 481//481 390//390
f 361//361 447//447 417//417
f 341//341 397//397 477//477
f 426//426 476//476 502//502
f 291//291 328//328 479//479
f 291//291 479//479 284//284
f 473//473 393//393 472//472
f 437//437 470//470 289//289
f 299//299 427//427 483//483
f 437//437 289//289 480//480
f 325//325 289//289 470//470
f 418//418 419//419 631//631
f 428//428 478//478 492//492
f 454//454 435//435 476//476
f 374//374 468//468 450//450
f 451//451 458//458 460//460
f 390//390 481//481 495//495
f 396//396 452//452 486//486
f 298//298 360//360 432//432
f 226//226 251//251 518//518
f 246//246 462//462 465//465
f 389//389 445//445 490//490
f 425//425 503//503 464//464
f 416//416 489//489 472//472
f 264//264 356//356 468//468
f 299//299 483//483 355//355
f 423//423 488//488 431//431
f 450//450 468//468 395//395
f 425//425 473//473 503//503
f 423//423 444//444 530//530
f 440//440 311//311 491//491
f 420//420 457//457 489//489
f 452//452 485//485 486//486
f 451//451 469//469 458//458
f 528//528 481//481 408//408
f 449//449 492//492 459//459
f 419//419 918//918 631//631
f 459//459 492//492 485//485
f 430//430 471//471 484//484
f 445//445 438//438 461//461
f 311//311 373//373 491//491
f 389//389 490//490 412//412
f 458//458 469//469 444//444
f 410//410 471//471 430//430
f 462//462 572//572 465//465
f 413//413 471//471 463//463
f 494//494 472//472 489//489
f 396//396 486//486 457//457
f 429//429 455//455 466//466
f 335//335 456//456 572//572
f 335//335 572//572 462//462
f 448//448 498//498 434//434
f 435//435 414//414 508//508
f 410//410 510//510 471//471
f 494//494 497//497 472//472
f 496//496 495//495 481//481
f 489//489 501//501 494//494
f 400//400 474//474 469//469
f 464//464 510//510 410//410
f 435//435 502//502 476//476
f 499//499 496//496 481//481
f 440//440 491//491 487//487
f 457//457 486//486 500//500
f 463//463 471//471 519//519
f 489//489 457//457 504//504
f 472//472 497//497 473//473
f 444//444 513//513 530//530
f 390//390 495//495 520//520
f 337//337 521//521 354//354
f 469//469 516//516 444//444
f 325//325 470//470 456//456
f 473//473 497//497 522//522
f 417//417 507//507 478//478
f 494//494 515//515 497//497
f 347//347 466//466 512//512
f 347//347 512//512 421//421
f 226//226 518//518 506//506
f 448//448 453//453 498//498
f 489//489 509//509 501//501
f 417//417 447//447 507//507
f 414//414 446//446 508//508
f 333//333 514//514 359//359
f 494//494 501//501 511//511
f 445//445 461//461 541//541
f 479//479 557//557 284//284
f 504//504 509//509 489//489
f 333//333 475//475 514//514
f 473//473 522//522 523//523
f 473//473 523//523 517//517
f 457//457 500//500 504//504
f 503//503 473//473 517//517
f 284//284 526//526 475//475
f 485//485 492//492 544//544
f 496//496 499//499 529//529
f 445//445 541//541 490//490
f 431//431 488//488 505//505
f 426//426 502//502 566//566
f 426//426 566//566 551//551
f 434//434 498//498 447//447
f 338//338 482//482 362//362
f 435//435 508//508 502//502
f 496//496 524//524 495//495
f 487//487 559//559 337//337
f 465//465 427//427 351//351
f 503//503 554//554 464//464
f 485//485 544//544 486//486
f 499//499 481//481 527//527
f 474//474 463//463 525//525
f 412//412 536//536 408//408
f 464//464 554//554 510//510
f 488//488 423//423 530//530
f 499//499 534//534 529//529
f 421//421 575//575 360//360
f 530//530 513//513 533//533
f 474//474 567//567 469//469
f 494//494 511//511 515//515
f 486//486 544//544 565//565
f 481//481 528//528 527//527
f 495//495 524//524 520//520
f 422//422 541//541 461//461
f 497//497 515//515 522//522
f 422//422 588//588 541//541
f 390//390 535//535 493//493
f 390//390 520//520 535//535
f 478//478 544//544 492//492
f 419//419 751//751 758//758
f 419//419 758//758 918//918
f 411//411 355//355 531//531
f 501//501 509//509 511//511
f 504//504 500//500 532//532
f 482//482 543//543 362//362
f 373//373 537//537 491//491
f 517//517 554//554 503//503
f 510//510 546//546 471//471
f 527//527 534//534 499//499
f 327//327 432//432 399//399
f 455//455 547//547 466//466
f 466//466 550//550 512//512
f 355//355 483//483 531//531
f 453//453 411//411 498//498
f 471//471 546//546 519//519
f 412//412 490//490 536//536
f 446//446 542//542 508//508
f 486//486 565//565 500//500
f 538//538 540//540 539//539
f 369//369 679//679 328//328
f 343//343 399//399 553//553
f 369//369 384//384 679//679
f 444//444 516//516 513//513
f 523//523 556//556 517//517
f 538//538 545//545 540//540
f 515//515 511//511 552//552
f 421//421 512//512 550//550
f 395//395 468//468 598//598
f 496//496 529//529 524//524
f 360//360 575//575 432//432
f 468//468 356//356 564//564
f 504//504 532//532 509//509
f 552//552 511//511 555//555
f 487//487 491//491 537//537
f 447//447 498//498 548//548
f 337//337 559//559 521//521
f 524//524 529//529 626//626
f 408//408 549//549 528//528
f 538//538 568//568 545//545
f 517//517 556//556 554//554
f 362//362 543//543 455//455
f 463//463 519//519 573//573
f 408//408 536//536 549//549
f 373//373 562//562 537//537
f 478//478 507//507 561//561
f 466//466 547//547 550//550
f 354//354 521//521 480//480
f 523//523 522//522 556//556
f 540//540 558//558 539//539
f 343//343 553//553 467//467
f 356//356 431//431 564//564
f 468//468 564//564 598//598
f 541//541 588//588 490//490
f 515//515 552//552 571//571
f 500//500 565//565 532//532
f 538//538 539//539 570//570
f 477//477 397//397 569//569
f 397//397 395//395 590//590
f 524//524 535//535 520//520
f 533//533 576//576 530//530
f 478//478 581//581 544//544
f 509//509 532//532 511//511
f 538//538 582//582 568//568
f 554//554 556//556 510//510
f 542//542 446//446 493//493
f 483//483 427//427 560//560
f 478//478 561//561 581//581
f 540//540 601//601 558//558
f 556//556 522//522 579//579
f 465//465 572//572 661//661
f 522//522 515//515 579//579
f 474//474 525//525 586//586
f 505//505 488//488 577//577
f 421//421 550//550 575//575
f 538//538 570//570 582//582
f 555//555 511//511 583//583
f 447//447 574//574 507//507
f 565//565 544//544 581//581
f 411//411 531//531 498//498
f 470//470 437//437 584//584
f 539//539 558//558 570//570
f 328//328 580//580 479//479
f 431//431 505//505 564//564
f 437//437 480//480 595//595
f 528//528 549//549 527//527
f 545//545 568//568 585//585
f 437//437 595//595 596//596
f 531//531 483//483 597//597
f 469//469 567//567 516//516
f 511//511 532//532 578//578
f 556//556 589//589 510//510
f 488//488 530//530 577//577
f 530//530 576//576 591//591
f 584//584 437//437 596//596
f 557//557 526//526 284//284
f 582//582 592//592 568//568
f 545//545 606//606 540//540
f 511//511 578//578 583//583
f 569//569 397//397 594//594
f 545//545 585//585 606//606
f 447//447 548//548 574//574
f 515//515 571//571 610//610
f 474//474 586//586 593//593
f 531//531 597//597 587//587
f 395//395 598//598 590//590
f 490//490 616//616 536//536
f 483//483 560//560 597//597
f 502//502 508//508 566//566
f 519//519 546//546 573//573
f 399//399 432//432 600//600
f 515//515 610//610 579//579
f 570//570 558//558 599//599
f 510//510 589//589 546//546
f 530//530 591//591 577//577
f 575//575 550//550 614//614
f 524//524 626//626 609//609
f 359//359 562//562 373//373
f 487//487 608//608 559//559
f 527//527 604//604 534//534
f 578//578 532//532 565//565
f 571//571 552//552 602//602
f 524//524 609//609 535//535
f 588//588 603//603 490//490
f 328//328 679//679 580//580
f 384//384 655//655 679//679
f 556//556 579//579 589//589
f 422//422 643//643 633//633
f 397//397 590//590 594//594
f 463//463 573//573 525//525
f 507//507 605//605 561//561
f 534//534 612//612 529//529
f 370//370 467//467 563//563
f 455//455 543//543 615//615
f 513//513 656//656 533//533
f 474//474 593//593 567//567
f 537//537 613//613 487//487
f 370//370 563//563 518//518
f 477//477 569//569 482//482
f 456//456 607//607 661//661
f 456//456 661//661 572//572
f 655//655 384//384 506//506
f 537//537 562//562 613//613
f 555//555 630//630 552//552
f 611//611 543//543 482//482
f 493//493 535//535 621//621
f 533//533 656//656 576//576
f 521//521 595//595 480//480
f 552//552 617//617 602//602
f 598//598 619//619 590//590
f 422//422 633//633 588//588
f 569//569 594//594 618//618
f 526//526 659//659 475//475
f 508//508 654//654 566//566
f 456//456 470//470 607//607
f 508//508 542//542 625//625
f 598//598 564//564 619//619
f 597//597 622//622 587//587
f 493//493 660//660 542//542
f 525//525 573//573 689//689
f 359//359 514//514 620//620
f 432//432 575//575 634//634
f 588//588 633//633 603//603
f 505//505 624//624 564//564
f 427//427 465//465 560//560
f 606//606 585//585 635//635
f 613//613 676//676 487//487
f 359//359 620//620 562//562
f 550//550 547//547 614//614
f 591//591 576//576 652//652
f 540//540 632//632 601//601
f 540//540 606//606 632//632
f 527//527 549//549 636//636
f 600//600 432//432 634//634
f 505//505 577//577 624//624
f 655//655 506//506 681//681
f 601//601 644//644 638//638
f 576//576 656//656 652//652
f 601//601 638//638 558//558
f 577//577 591//591 652//652
f 418//418 631//631 811//811
f 418//418 811//811 924//924
f 513//513 516//516 656//656
f 475//475 659//659 514//514
f 455//455 640//640 547//547
f 581//581 561//561 667//667
f 535//535 609//609 621//621
f 549//549 536//536 641//641
f 584//584 642//642 470//470
f 490//490 603//603 616//616
f 569//569 618//618 649//649
f 498//498 531//531 637//637
f 612//612 623//623 529//529
f 529//529 623//623 626//626
f 552//552 630//630 617//617
f 602//602 617//617 645//645
f 614//614 658//658 575//575
f 578//578 565//565 627//627
f 482//482 569//569 611//611
f 587//587 622//622 648//648
f 548//548 498//498 637//637
f 534//534 647//647 612//612
f 579//579 610//610 650//650
f 546//546 589//589 689//689
f 619//619 564//564 628//628
f 558//558 638//638 671//671
f 582//582 674//674 592//592
f 585//585 568//568 680//680
f 467//467 639//639 563//563
f 546//546 689//689 573//573
f 527//527 693//693 604//604
f 562//562 646//646 613//613
f 601//601 632//632 651//651
f 455//455 615//615 640//640
f 579//579 650//650 589//589
f 568//568 592//592 666//666
f 568//568 666//666 669//669
f 590//590 619//619 690//690
f 596//596 642//642 584//584
f 493//493 621//621 660//660
f 565//565 581//581 627//627
f 606//606 708//708 632//632
f 630//630 664//664 617//617
f 426//426 551//551 673//673
f 634//634 575//575 653//653
f 577//577 652//652 624//624
f 508//508 625//625 654//654
f 594//594 590//590 690//690
f 558//558 671//671 599//599
f 571//571 668//668 610//610
f 638//638 663//663 655//655
f 604//604 647//647 534//534
f 602//602 668//668 571//571
f 655//655 671//671 638//638
f 566//566 654//654 673//673
f 638//638 644//644 663//663
f 658//658 653//653 575//575
f 671//671 655//655 670//670
f 658//658 614//614 547//547
f 592//592 683//683 666//666
f 465//465 675//675 560//560
f 518//518 734//734 506//506
f 639//639 467//467 629//629
f 581//581 667//667 627//627
f 569//569 649//649 611//611
f 660//660 621//621 688//688
f 655//655 681//681 670//670
f 597//597 678//678 622//622
f 536//536 616//616 677//677
f 594//594 690//690 618//618
f 657//657 724//724 695//695
f 630//630 686//686 664//664
f 470//470 665//665 607//607
f 613//613 646//646 676//676
f 657//657 669//669 666//666
f 592//592 674//674 683//683
f 555//555 583//583 630//630
f 585//585 680//680 635//635
f 566//566 673//673 551//551
f 657//657 695//695 672//672
f 606//606 635//635 737//737
f 587//587 648//648 531//531
f 570//570 599//599 682//682
f 549//549 641//641 636//636
f 602//602 645//645 687//687
f 564//564 624//624 628//628
f 470//470 642//642 665//665
f 506//506 734//734 704//704
f 578//578 692//692 583//583
f 547//547 640//640 736//736
f 487//487 676//676 608//608
f 568//568 669//669 684//684
f 663//663 679//679 655//655
f 574//574 548//548 721//721
f 525//525 691//691 586//586
f 657//657 666//666 662//662
f 582//582 700//700 674//674
f 606//606 737//737 708//708
f 657//657 662//662 724//724
f 560//560 675//675 597//597
f 616//616 603//603 715//715
f 467//467 553//553 629//629
f 622//622 678//678 648//648
f 419//419 819//819 751//751
f 671//671 694//694 599//599
f 624//624 703//703 628//628
f 628//628 701//701 619//619
f 679//679 725//725 580//580
f 542//542 660//660 766//766
f 589//589 650//650 717//717
f 657//657 672//672 669//669
f 653//653 658//658 696//696
f 465//465 661//661 675//675
f 557//557 713//713 526//526
f 597//597 675//675 697//697
f 525//525 689//689 716//716
f 670//670 681//681 704//704
f 518//518 563//563 753//753
f 582//582 570//570 700//700
f 597//597 697//697 678//678
f 633//633 643//643 603//603
f 602//602 757//757 668//668
f 605//605 507//507 786//786
f 672//672 684//684 669//669
f 626//626 623//623 900//900
f 671//671 670//670 694//694
f 479//479 580//580 746//746
f 531//531 648//648 637//637
f 601//601 651//651 644//644
f 670//670 733//733 694//694
f 664//664 686//686 617//617
f 516//516 567//567 707//707
f 661//661 607//607 739//739
f 623//623 612//612 705//705
f 628//628 703//703 701//701
f 518//518 753//753 734//734
f 568//568 684//684 680//680
f 620//620 709//709 562//562
f 610//610 668//668 706//706
f 570//570 682//682 700//700
f 689//689 589//589 716//716
f 645//645 617//617 687//687
f 681//681 506//506 704//704
f 630//630 722//722 686//686
f 617//617 699//699 687//687
f 642//642 596//596 738//738
f 562//562 710//710 646//646
f 649//649 618//618 714//714
f 663//663 725//725 679//679
f 525//525 716//716 691//691
f 624//624 698//698 703//703
f 618//618 690//690 726//726
f 647//647 604//604 719//719
f 666//666 712//712 662//662
f 672//672 695//695 720//720
f 630//630 685//685 722//722
f 542//542 766//766 625//625
f 662//662 712//712 724//724
f 646//646 710//710 676//676
f 666//666 683//683 712//712
f 574//574 729//729 507//507
f 527//527 636//636 693//693
f 623//623 705//705 702//702
f 610//610 706//706 650//650
f 589//589 790//790 716//716
f 651//651 764//764 644//644
f 617//617 686//686 699//699
f 602//602 687//687 727//727
f 589//589 717//717 790//790
f 682//682 599//599 730//730
f 712//712 728//728 724//724
f 621//621 609//609 688//688
f 670//670 704//704 733//733
f 667//667 561//561 731//731
f 609//609 626//626 747//747
f 660//660 688//688 788//788
f 699//699 727//727 687//687
f 644//644 764//764 663//663
f 567//567 593//593 765//765
f 634//634 653//653 775//775
f 602//602 727//727 757//757
f 690//690 619//619 760//760
f 547//547 736//736 658//658
f 623//623 702//702 900//900
f 733//733 704//704 734//734
f 661//661 732//732 675//675
f 672//672 723//723 684//684
f 562//562 709//709 710//710
f 680//680 684//684 748//748
f 553//553 399//399 600//600
f 686//686 722//722 699//699
f 578//578 627//627 718//718
f 658//658 787//787 696//696
f 710//710 743//743 676//676
f 661//661 739//739 732//732
f 634//634 775//775 600//600
f 710//710 709//709 743//743
f 708//708 742//742 632//632
f 619//619 701//701 760//760
f 663//663 580//580 725//725
f 697//697 648//648 678//678
f 632//632 742//742 651//651
f 698//698 624//624 741//741
f 656//656 741//741 652//652
f 684//684 723//723 748//748
f 757//757 727//727 740//740
f 612//612 749//749 744//744
f 583//583 834//834 630//630
f 574//574 721//721 729//729
f 612//612 744//744 705//705
f 658//658 736//736 787//787
f 624//624 652//652 741//741
f 673//673 769//769 426//426
f 674//674 780//780 683//683
f 747//747 626//626 900//900
f 650//650 706//706 774//774
f 695//695 724//724 749//749
f 599//599 694//694 752//752
f 643//643 422//422 782//782
f 680//680 754//754 635//635
f 578//578 718//718 692//692
f 672//672 720//720 723//723
f 653//653 696//696 750//750
f 749//749 724//724 744//744
f 612//612 761//761 749//749
f 663//663 764//764 746//746
f 691//691 716//716 790//790
f 559//559 806//806 521//521
f 563//563 887//887 753//753
f 563//563 639//639 887//887
f 609//609 747//747 776//776
f 647//647 719//719 612//612
f 699//699 740//740 727//727
f 733//733 753//753 694//694
f 675//675 763//763 697//697
f 698//698 741//741 703//703
f 641//641 735//735 636//636
f 611//611 649//649 714//714
f 668//668 757//757 755//755
f 683//683 780//780 712//712
f 697//697 763//763 648//648
f 685//685 756//756 722//722
f 924//924 899//899 418//418
f 479//479 746//746 557//557
f 595//595 865//865 596//596
f 695//695 749//749 720//720
f 705//705 759//759 702//702
f 663//663 746//746 580//580
f 514//514 762//762 620//620
f 516//516 707//707 656//656
f 667//667 731//731 627//627
f 630//630 834//834 685//685
f 586//586 804//804 593//593
f 690//690 760//760 726//726
f 586//586 691//691 804//804
f 701//701 703//703 768//768
f 703//703 741//741 768//768
f 548//548 637//637 711//711
f 701//701 768//768 760//760
f 705//705 744//744 759//759
f 708//708 737//737 777//777
f 733//733 734//734 753//753
f 599//599 752//752 730//730
f 682//682 730//730 745//745
f 732//732 770//770 675//675
f 675//675 770//770 763//763
f 668//668 755//755 706//706
f 526//526 713//713 659//659
f 603//603 643//643 782//782
f 618//618 726//726 714//714
f 609//609 788//788 688//688
f 739//739 607//607 767//767
f 609//609 776//776 788//788
f 561//561 605//605 771//771
f 607//607 665//665 772//772
f 706//706 755//755 773//773
f 680//680 748//748 839//839
f 722//722 756//756 699//699
f 561//561 791//791 731//731
f 553//553 600//600 783//783
f 720//720 749//749 779//779
f 641//641 536//536 735//735
f 514//514 659//659 762//762
f 620//620 762//762 709//709
f 753//753 752//752 694//694
f 743//743 709//709 784//784
f 656//656 792//792 741//741
f 603//603 782//782 715//715
f 507//507 729//729 786//786
f 740//740 699//699 781//781
f 749//749 761//761 779//779
f 806//806 559//559 608//608
f 737//737 635//635 785//785
f 757//757 740//740 807//807
f 741//741 792//792 768//768
f 676//676 789//789 608//608
f 680//680 839//839 754//754
f 708//708 777//777 742//742
f 536//536 677//677 735//735
f 600//600 775//775 783//783
f 700//700 682//682 849//849
f 612//612 719//719 761//761
f 748//748 723//723 839//839
f 732//732 739//739 770//770
f 648//648 794//794 637//637
f 696//696 787//787 750//750
f 636//636 735//735 818//818
f 685//685 796//796 756//756
f 691//691 790//790 809//809
f 653//653 750//750 795//795
f 775//775 653//653 795//795
f 548//548 711//711 721//721
f 583//583 692//692 797//797
f 834//834 583//583 797//797
f 723//723 720//720 803//803
f 702//702 876//876 900//900
f 699//699 756//756 796//796
f 616//616 715//715 879//879
f 757//757 807//807 755//755
f 567//567 799//799 707//707
f 743//743 793//793 676//676
f 743//743 784//784 793//793
f 767//767 607//607 772//772
f 726//726 760//760 800//800
f 642//642 738//738 665//665
f 768//768 792//792 802//802
f 746//746 831//831 557//557
f 736//736 640//640 908//908
f 635//635 754//754 785//785
f 699//699 796//796 781//781
f 611//611 816//816 543//543
f 593//593 804//804 778//778
f 739//739 801//801 770//770
f 771//771 791//791 561//561
f 780//780 674//674 815//815
f 790//790 717//717 809//809
f 761//761 803//803 779//779
f 759//759 744//744 805//805
f 760//760 802//802 846//846
f 760//760 768//768 802//802
f 656//656 707//707 808//808
f 755//755 825//825 773//773
f 729//729 721//721 872//872
f 763//763 770//770 810//810
f 762//762 883//883 709//709
f 787//787 736//736 908//908
f 567//567 765//765 799//799
f 728//728 805//805 724//724
f 744//744 724//724 805//805
f 763//763 810//810 648//648
f 712//712 780//780 848//848
f 739//739 767//767 801//801
f 723//723 803//803 812//812
f 659//659 713//713 814//814
f 755//755 807//807 837//837
f 753//753 813//813 752//752
f 709//709 883//883 784//784
f 764//764 798//798 746//746
f 651//651 798//798 764//764
f 654//654 829//829 673//673
f 774//774 717//717 650//650
f 712//712 848//848 728//728
f 770//770 801//801 810//810
f 715//715 782//782 828//828
f 604//604 693//693 832//832
f 759//759 805//805 824//824
f 740//740 781//781 807//807
f 737//737 785//785 777//777
f 676//676 830//830 838//838
f 775//775 795//795 822//822
f 876//876 702//702 817//817
f 802//802 792//792 841//841
f 751//751 821//821 820//820
f 593//593 778//778 765//765
f 780//780 815//815 848//848
f 751//751 819//819 821//821
f 803//803 761//761 823//823
f 829//829 769//769 673//673
f 759//759 824//824 702//702
f 637//637 794//794 711//711
f 654//654 625//625 829//829
f 685//685 827//827 796//796
f 788//788 842//842 660//660
f 760//760 846//846 800//800
f 685//685 834//834 827//827
f 750//750 787//787 795//795
f 676//676 793//793 830//830
f 752//752 844//844 730//730
f 648//648 810//810 826//826
f 804//804 691//691 840//840
f 720//720 779//779 803//803
f 787//787 908//908 836//836
f 761//761 719//719 823//823
f 798//798 833//833 746//746
f 753//753 887//887 813//813
f 595//595 521//521 865//865
f 702//702 824//824 817//817
f 691//691 809//809 840//840
f 787//787 836//836 892//892
f 751//751 820//820 758//758
f 792//792 845//845 841//841
f 640//640 914//914 908//908
f 746//746 833//833 831//831
f 723//723 812//812 839//839
f 557//557 831//831 891//891
f 557//557 891//891 713//713
f 887//887 639//639 852//852
f 713//713 869//869 814//814
f 883//883 793//793 784//784
f 788//788 776//776 842//842
f 783//783 775//775 822//822
f 820//820 843//843 758//758
f 615//615 543//543 904//904
f 766//766 850//850 625//625
f 605//605 786//786 771//771
f 830//830 793//793 854//854
f 677//677 851//851 735//735
f 795//795 787//787 871//871
f 676//676 838//838 789//789
f 803//803 823//823 920//920
f 706//706 773//773 774//774
f 801//801 847//847 835//835
f 731//731 718//718 627//627
f 728//728 848//848 867//867
f 758//758 895//895 918//918
f 822//822 795//795 856//856
f 659//659 814//814 762//762
f 801//801 767//767 847//847
f 731//731 791//791 853//853
f 787//787 892//892 871//871
f 755//755 837//837 825//825
f 651//651 742//742 798//798
f 797//797 888//888 834//834
f 769//769 896//896 426//426
f 813//813 844//844 752//752
f 422//422 903//903 782//782
f 883//883 881//881 793//793
f 682//682 745//745 849//849
f 810//810 801//801 826//826
f 854//854 793//793 855//855
f 738//738 596//596 865//865
f 719//719 604//604 832//832
f 781//781 917//917 807//807
f 846//846 802//802 875//875
f 786//786 729//729 872//872
f 870//870 861//861 860//860
f 553//553 783//783 913//913
f 870//870 862//862 861//861
f 773//773 825//825 866//866
f 616//616 879//879 677//677
f 718//718 906//906 692//692
f 809//809 898//898 840//840
f 543//543 816//816 904//904
f 858//858 864//864 863//863
f 611//611 714//714 816//816
f 800//800 877//877 726//726
f 795//795 871//871 856//856
f 521//521 806//806 865//865
f 870//870 860//860 873//873
f 870//870 856//856 862//862
f 846//846 884//884 800//800
f 858//858 863//863 854//854
f 754//754 839//839 897//897
f 802//802 841//841 845//845
f 802//802 845//845 875//875
f 793//793 881//881 855//855
f 801//801 835//835 826//826
f 797//797 952//952 888//888
f 859//859 885//885 858//858
f 854//854 855//855 858//858
f 674//674 700//700 889//889
f 846//846 875//875 857//857
f 707//707 799//799 808//808
f 856//856 892//892 862//862
f 714//714 726//726 993//993
f 783//783 822//822 878//878
f 731//731 853//853 718//718
f 608//608 1094//1094 806//806
f 858//858 885//885 864//864
f 819//819 419//419 923//923
f 778//778 804//804 840//840
f 771//771 880//880 791//791
f 762//762 814//814 883//883
f 640//640 615//615 904//904
f 719//719 832//832 823//823
f 553//553 913//913 629//629
f 839//839 812//812 897//897
f 728//728 867//867 805//805
f 786//786 880//880 771//771
f 825//825 890//890 866//866
f 863//863 830//830 854//854
f 858//858 855//855 881//881
f 648//648 909//909 794//794
f 858//858 893//893 859//859
f 692//692 906//906 797//797
f 864//864 885//885 894//894
f 813//813 887//887 968//968
f 786//786 872//872 874//874
f 794//794 909//909 711//711
f 862//862 892//892 931//931
f 846//846 857//857 884//884
f 892//892 856//856 871//871
f 813//813 886//886 844//844
f 819//819 905//905 821//821
f 778//778 840//840 882//882
f 898//898 809//809 717//717
f 791//791 880//880 901//901
f 870//870 873//873 930//930
f 818//818 735//735 851//851
f 767//767 936//936 847//847
f 758//758 843//843 902//902
f 778//778 882//882 765//765
f 773//773 866//866 774//774
f 835//835 910//910 826//826
f 693//693 636//636 934//934
f 861//861 862//862 907//907
f 717//717 774//774 868//868
f 665//665 738//738 772//772
f 863//863 838//838 830//830
f 900//900 876//876 1092//1092
f 834//834 911//911 827//827
f 811//811 631//631 997//997
f 827//827 958//958 796//796
f 826//826 910//910 648//648
f 791//791 901//901 853//853
f 812//812 803//803 920//920
f 834//834 888//888 912//912
f 868//868 774//774 927//927
f 873//873 860//860 935//935
f 870//870 930//930 856//856
f 796//796 958//958 781//781
f 742//742 983//983 798//798
f 892//892 836//836 931//931
f 905//905 819//819 923//923
f 908//908 914//914 951//951
f 758//758 902//902 895//895
f 849//849 745//745 922//922
f 783//783 878//878 913//913
f 767//767 772//772 916//916
f 858//858 881//881 893//893
f 829//829 625//625 850//850
f 862//862 931//931 907//907
f 813//813 968//968 886//886
f 856//856 930//930 822//822
f 745//745 730//730 925//925
f 861//861 907//907 915//915
f 1094//1094 608//608 1010//1010
f 636//636 818//818 938//938
f 636//636 938//938 934//934
f 840//840 919//919 882//882
f 907//907 931//931 941//941
f 884//884 940//940 800//800
f 777//777 785//785 1035//1035
f 807//807 917//917 837//837
f 832//832 693//693 934//934
f 608//608 789//789 948//948
f 888//888 952//952 933//933
f 918//918 926//926 631//631
f 873//873 935//935 1012//1012
f 873//873 1012//1012 930//930
f 825//825 837//837 950//950
f 900//900 1092//1092 747//747
f 811//811 921//921 924//924
f 825//825 950//950 890//890
f 800//800 940//940 877//877
f 926//926 918//918 932//932
f 797//797 906//906 942//942
f 863//863 789//789 838//838
f 885//885 859//859 943//943
f 893//893 881//881 883//883
f 863//863 864//864 961//961
f 766//766 660//660 850//850
f 769//769 829//829 896//896
f 715//715 828//828 939//939
f 776//776 929//929 842//842
f 834//834 912//912 911//911
f 822//822 930//930 878//878
f 792//792 976//976 845//845
f 909//909 648//648 955//955
f 700//700 849//849 889//889
f 921//921 928//928 924//924
f 831//831 833//833 946//946
f 917//917 781//781 937//937
f 786//786 874//874 947//947
f 931//931 836//836 941//941
f 797//797 942//942 952//952
f 786//786 947//947 880//880
f 843//843 820//820 1000//1000
f 843//843 1000//1000 902//902
f 717//717 868//868 898//898
f 608//608 948//948 1010//1010
f 811//811 957//957 921//921
f 811//811 967//967 957//957
f 831//831 946//946 891//891
f 754//754 897//897 1062//1062
f 861//861 982//982 860//860
f 888//888 933//933 912//912
f 890//890 999//999 866//866
f 835//835 954//954 910//910
f 785//785 754//754 1001//1001
f 882//882 949//949 765//765
f 715//715 939//939 879//879
f 847//847 936//936 979//979
f 836//836 908//908 941//941
f 835//835 847//847 954//954
f 837//837 944//944 950//950
f 792//792 1051//1051 976//976
f 745//745 925//925 922//922
f 782//782 903//903 828//828
f 932//932 964//964 926//926
f 754//754 1062//1062 1001//1001
f 726//726 877//877 959//959
f 674//674 889//889 815//815
f 827//827 911//911 958//958
f 859//859 893//893 943//943
f 894//894 885//885 965//965
f 924//924 928//928 899//899
f 864//864 894//894 960//960
f 863//863 953//953 789//789
f 950//950 999//999 890//890
f 913//913 878//878 969//969
f 901//901 880//880 998//998
f 821//821 1000//1000 820//820
f 837//837 917//917 944//944
f 926//926 971//971 631//631
f 774//774 866//866 970//970
f 776//776 747//747 929//929
f 882//882 919//919 949//949
f 864//864 960//960 963//963
f 767//767 916//916 936//936
f 860//860 982//982 935//935
f 812//812 920//920 962//962
f 887//887 852//852 968//968
f 811//811 997//997 967//967
f 907//907 972//972 915//915
f 848//848 815//815 974//974
f 876//876 817//817 956//956
f 648//648 910//910 955//955
f 997//997 631//631 978//978
f 896//896 992//992 426//426
f 889//889 974//974 815//815
f 883//883 814//814 977//977
f 921//921 957//957 928//928
f 875//875 966//966 857//857
f 823//823 975//975 920//920
f 863//863 948//948 953//953
f 832//832 934//934 1005//1005
f 866//866 973//973 970//970
f 954//954 847//847 979//979
f 963//963 961//961 864//864
f 863//863 961//961 948//948
f 883//883 977//977 893//893
f 777//777 983//983 742//742
f 938//938 818//818 851//851
f 897//897 812//812 1062//1062
f 713//713 891//891 996//996
f 913//913 945//945 629//629
f 915//915 986//986 861//861
f 817//817 824//824 956//956
f 823//823 980//980 975//975
f 933//933 952//952 985//985
f 718//718 998//998 906//906
f 814//814 869//869 977//977
f 933//933 984//984 912//912
f 932//932 918//918 964//964
f 951//951 941//941 908//908
f 947//947 981//981 880//880
f 919//919 1027//1027 949//949
f 895//895 902//902 995//995
f 886//886 991//991 844//844
f 907//907 941//941 988//988
f 845//845 976//976 875//875
f 853//853 998//998 718//718
f 840//840 898//898 990//990
f 840//840 990//990 919//919
f 878//878 930//930 969//969
f 711//711 1158//1158 721//721
f 866//866 999//999 973//973
f 808//808 1059//1059 656//656
f 943//943 893//893 1016//1016
f 886//886 968//968 852//852
f 781//781 958//958 937//937
f 805//805 989//989 824//824
f 629//629 945//945 639//639
f 952//952 942//942 985//985
f 885//885 943//943 965//965
f 904//904 1009//1009 640//640
f 812//812 962//962 1062//1062
f 853//853 901//901 998//998
f 994//994 997//997 1061//1061
f 792//792 656//656 1059//1059
f 898//898 868//868 990//990
f 777//777 1035//1035 1007//1007
f 798//798 1033//1033 833//833
f 823//823 832//832 980//980
f 981//981 998//998 880//880
f 821//821 905//905 1000//1000
f 997//997 978//978 1061//1061
f 926//926 964//964 971//971
f 789//789 953//953 948//948
f 957//957 1021//1021 928//928
f 951//951 988//988 941//941
f 828//828 903//903 939//939
f 912//912 984//984 911//911
f 915//915 1019//1019 986//986
f 879//879 1008//1008 677//677
f 868//868 927//927 990//990
f 910//910 954//954 955//955
f 894//894 965//965 960//960
f 951//951 914//914 1028//1028
f 738//738 987//987 772//772
f 805//805 867//867 989//989
f 958//958 911//911 1014//1014
f 738//738 865//865 987//987
f 844//844 1011//1011 730//730
f 874//874 1018//1018 947//947
f 893//893 977//977 1016//1016
f 988//988 1028//1028 907//907
f 850//850 660//660 1006//1006
f 660//660 842//842 1020//1020
f 899//899 928//928 1003//1003
f 902//902 1000//1000 1079//1079
f 640//640 1009//1009 914//914
f 844//844 991//991 1011//1011
f 1027//1027 919//919 1004//1004
f 933//933 985//985 984//984
f 911//911 1017//1017 1014//1014
f 964//964 1044//1044 971//971
f 994//994 1026//1026 997//997
f 875//875 976//976 966//966
f 944//944 917//917 1023//1023
f 911//911 984//984 1013//1013
f 972//972 907//907 1028//1028
f 872//872 1018//1018 874//874
f 905//905 923//923 1000//1000
f 916//916 772//772 1057//1057
f 774//774 970//970 927//927
f 948//948 961//961 1010//1010
f 944//944 1015//1015 950//950
f 726//726 959//959 993//993
f 956//956 824//824 989//989
f 852//852 639//639 945//945
f 852//852 945//945 1060//1060
f 998//998 1031//1031 906//906
f 895//895 995//995 1025//1025
f 990//990 1004//1004 919//919
f 765//765 1037//1037 799//799
f 950//950 1015//1015 999//999
f 930//930 1012//1012 1086//1086
f 947//947 1018//1018 981//981
f 930//930 1086//1086 969//969
f 911//911 1013//1013 1017//1017
f 829//829 850//850 1030//1030
f 1016//1016 1032//1032 943//943
f 913//913 969//969 945//945
f 951//951 1028//1028 988//988
f 1002//1002 857//857 966//966
f 857//857 1002//1002 884//884
f 876//876 956//956 1034//1034
f 833//833 1033//1033 946//946
f 895//895 1025//1025 918//918
f 792//792 1059//1059 1051//1051
f 1010//1010 1040//1040 1094//1094
f 949//949 1037//1037 765//765
f 799//799 1037//1037 1049//1049
f 928//928 1021//1021 1003//1003
f 876//876 1034//1034 1092//1092
f 886//886 852//852 1060//1060
f 983//983 1033//1033 798//798
f 730//730 1011//1011 925//925
f 917//917 937//937 1023//1023
f 816//816 1198//1198 904//904
f 799//799 1049//1049 808//808
f 861//861 986//986 982//982
f 922//922 925//925 1024//1024
f 1004//1004 990//990 1039//1039
f 713//713 996//996 869//869
f 973//973 999//999 1029//1029
f 958//958 1055//1055 937//937
f 954//954 979//979 1038//1038
f 1010//1010 961//961 1040//1040
f 848//848 1160//1160 867//867
f 1019//1019 1064//1064 986//986
f 785//785 1001//1001 1035//1035
f 849//849 1042//1042 889//889
f 1023//1023 937//937 1041//1041
f 1018//1018 872//872 1050//1050
f 964//964 918//918 1045//1045
f 808//808 1036//1036 1059//1059
f 1015//1015 1043//1043 999//999
f 865//865 806//806 1149//1149
f 980//980 832//832 1005//1005
f 916//916 1057//1057 936//936
f 999//999 1043//1043 1029//1029
f 829//829 1030//1030 1022//1022
f 816//816 714//714 993//993
f 973//973 1029//1029 970//970
f 915//915 972//972 1019//1019
f 1000//1000 1087//1087 1079//1079
f 1000//1000 923//923 1047//1047
f 944//944 1046//1046 1015//1015
f 896//896 829//829 992//992
f 419//419 1281//1281 923//923
f 972//972 1028//1028 914//914
f 966//966 976//976 1051//1051
f 972//972 914//914 1068//1068
f 631//631 971//971 1052//1052
f 971//971 1044//1044 1052//1052
f 984//984 985//985 1048//1048
f 721//721 1158//1158 1058//1058
f 923//923 1281//1281 1047//1047
f 957//957 967//967 1021//1021
f 1026//1026 994//994 1061//1061
f 972//972 1056//1056 1019//1019
f 998//998 981//981 1031//1031
f 984//984 1048//1048 1013//1013
f 721//721 1058//1058 872//872
f 808//808 1049//1049 1036//1036
f 944//944 1023//1023 1046//1046
f 711//711 909//909 1158//1158
f 886//886 1060//1060 991//991
f 842//842 929//929 1020//1020
f 977//977 869//869 1054//1054
f 964//964 1107//1107 1044//1044
f 937//937 1055//1055 1041//1041
f 848//848 1065//1065 1160//1160
f 879//879 939//939 1069//1069
f 918//918 1025//1025 1085//1085
f 918//918 1085//1085 1045//1045
f 979//979 936//936 1063//1063
f 990//990 1066//1066 1039//1039
f 909//909 955//955 1104//1104
f 1015//1015 1053//1053 1043//1043
f 1014//1014 1078//1078 958//958
f 927//927 1099//1099 990//990
f 1056//1056 972//972 1068//1068
f 985//985 942//942 1048//1048
f 970//970 1067//1067 1071//1071
f 1001//1001 1062//1062 1091//1091
f 970//970 1029//1029 1067//1067
f 1031//1031 1070//1070 906//906
f 1017//1017 1082//1082 1014//1014
f 993//993 959//959 1072//1072
f 961//961 1094//1094 1040//1040
f 1031//1031 1076//1076 1070//1070
f 981//981 1018//1018 1080//1080
f 914//914 1009//1009 1068//1068
f 927//927 1075//1075 1099//1099
f 806//806 1094//1094 1090//1090
f 1048//1048 942//942 1077//1077
f 990//990 1099//1099 1074//1074
f 975//975 980//980 1141//1141
f 631//631 1052//1052 978//978
f 958//958 1078//1078 1055//1055
f 990//990 1074//1074 1066//1066
f 942//942 906//906 1070//1070
f 962//962 920//920 1183//1183
f 829//829 1022//1022 992//992
f 970//970 1075//1075 927//927
f 877//877 940//940 959//959
f 942//942 1070//1070 1077//1077
f 1015//1015 1046//1046 1096//1096
f 969//969 1086//1086 945//945
f 426//426 1083//1083 433//433
f 1029//1029 1043//1043 1067//1067
f 983//983 777//777 1126//1126
f 949//949 1027//1027 1037//1037
f 1048//1048 1121//1121 1013//1013
f 677//677 1097//1097 851//851
f 1013//1013 1089//1089 1017//1017
f 1062//1062 962//962 1091//1091
f 1014//1014 1073//1073 1078//1078
f 920//920 975//975 1183//1183
f 981//981 1100//1100 1031//1031
f 1018//1018 1050//1050 1080//1080
f 970//970 1071//1071 1075//1075
f 1023//1023 1098//1098 1046//1046
f 777//777 1007//1007 1126//1126
f 934//934 1088//1088 1005//1005
f 1057//1057 1109//1109 936//936
f 961//961 963//963 1095//1095
f 1053//1053 1015//1015 1096//1096
f 677//677 1008//1008 1097//1097
f 963//963 960//960 1108//1108
f 806//806 1090//1090 1084//1084
f 1031//1031 1118//1118 1076//1076
f 1004//1004 1103//1103 1027//1027
f 1014//1014 1101//1101 1073//1073
f 978//978 1052//1052 1081//1081
f 1021//1021 1116//1116 1003//1003
f 978//978 1081//1081 1061//1061
f 1043//1043 1053//1053 1106//1106
f 929//929 1113//1113 1020//1020
f 902//902 1079//1079 1152//1152
f 1031//1031 1100//1100 1118//1118
f 848//848 974//974 1065//1065
f 1094//1094 961//961 1095//1095
f 995//995 902//902 1278//1278
f 966//966 1051//1051 1115//1115
f 943//943 1032//1032 1105//1105
f 426//426 992//992 1186//1186
f 955//955 954//954 1104//1104
f 1043//1043 1106//1106 1067//1067
f 1054//1054 1016//1016 977//977
f 1014//1014 1082//1082 1101//1101
f 1023//1023 1041//1041 1111//1111
f 1004//1004 1039//1039 1103//1103
f 1098//1098 1023//1023 1111//1111
f 1039//1039 1066//1066 1102//1102
f 872//872 1058//1058 1050//1050
f 1102//1102 1066//1066 1134//1134
f 991//991 1060//1060 1166//1166
f 772//772 1109//1109 1057//1057
f 660//660 1020//1020 1229//1229
f 925//925 1011//1011 1117//1117
f 1118//1118 1100//1100 1110//1110
f 1052//1052 1044//1044 1112//1112
f 1051//1051 1154//1154 1115//1115
f 433//433 1236//1236 439//439
f 867//867 1160//1160 989//989
f 1041//1041 1114//1114 1111//1111
f 1048//1048 1077//1077 1121//1121
f 1100//1100 981//981 1080//1080
f 884//884 1002//1002 1224//1224
f 1019//1019 1056//1056 1064//1064
f 891//891 946//946 1122//1122
f 938//938 851//851 1144//1144
f 1055//1055 1114//1114 1041//1041
f 891//891 1122//1122 996//996
f 1060//1060 945//945 1242//1242
f 1009//1009 904//904 1131//1131
f 1044//1044 1107//1107 1112//1112
f 967//967 1120//1120 1021//1021
f 966//966 1115//1115 1002//1002
f 939//939 903//903 1132//1132
f 1013//1013 1137//1137 1089//1089
f 1027//1027 1103//1103 1201//1201
f 1079//1079 1087//1087 1119//1119
f 1059//1059 1154//1154 1051//1051
f 1087//1087 1142//1142 1119//1119
f 996//996 1122//1122 869//869
f 1006//1006 660//660 1229//1229
f 964//964 1127//1127 1107//1107
f 993//993 1136//1136 816//816
f 1076//1076 1118//1118 1130//1130
f 1099//1099 1075//1075 1128//1128
f 1098//1098 1111//1111 1129//1129
f 849//849 922//922 1042//1042
f 1131//1131 1068//1068 1009//1009
f 1032//1032 1016//1016 1105//1105
f 1099//1099 1128//1128 1074//1074
f 1076//1076 1130//1130 1070//1070
f 1052//1052 1112//1112 1161//1161
f 1087//1087 1000//1000 1177//1177
f 925//925 1135//1135 1024//1024
f 939//939 1132//1132 1069//1069
f 850//850 1006//1006 1030//1030
f 980//980 1005//1005 1133//1133
f 983//983 1138//1138 1033//1033
f 1114//1114 1055//1055 1139//1139
f 954//954 1038//1038 1123//1123
f 954//954 1123//1123 1104//1104
f 1095//1095 963//963 1108//1108
f 1027//1027 1201//1201 1037//1037
f 1008//1008 879//879 1178//1178
f 1039//1039 1102//1102 1146//1146
f 997//997 1148//1148 967//967
f 1000//1000 1124//1124 1177//1177
f 1045//1045 1127//1127 964//964
f 1097//1097 1144//1144 851//851
f 1052//1052 1161//1161 1081//1081
f 1021//1021 1120//1120 1116//1116
f 1055//1055 1078//1078 1139//1139
f 956//956 989//989 1034//1034
f 935//935 1125//1125 1012//1012
f 1118//1118 1110//1110 1140//1140
f 935//935 982//982 1125//1125
f 903//903 422//422 1132//1132
f 1086//1086 1012//1012 1125//1125
f 1075//1075 1071//1071 1128//1128
f 1067//1067 1106//1106 1071//1071
f 987//987 865//865 1149//1149
f 1060//1060 1242//1242 1166//1166
f 1118//1118 1143//1143 1130//1130
f 997//997 1026//1026 1173//1173
f 1011//1011 991//991 1117//1117
f 929//929 747//747 1113//1113
f 1101//1101 1082//1082 1145//1145
f 747//747 1092//1092 1182//1182
f 992//992 1022//1022 1186//1186
f 1082//1082 1017//1017 1145//1145
f 1130//1130 1153//1153 1070//1070
f 995//995 1278//1278 1025//1025
f 1017//1017 1150//1150 1145//1145
f 1073//1073 1147//1147 1078//1078
f 1096//1096 1046//1046 1165//1165
f 1061//1061 1180//1180 1026//1026
f 1104//1104 1123//1123 1195//1195
f 945//945 1086//1086 1093//1093
f 1047//1047 1124//1124 1000//1000
f 997//997 1155//1155 1148//1148
f 1134//1134 1066//1066 1181//1181
f 967//967 1148//1148 1120//1120
f 1013//1013 1121//1121 1137//1137
f 938//938 1423//1423 934//934
f 1128//1128 1159//1159 1074//1074
f 993//993 1072//1072 1136//1136
f 965//965 1156//1156 960//960
f 1111//1111 1114//1114 1129//1129
f 1073//1073 1101//1101 1147//1147
f 960//960 1169//1169 1108//1108
f 879//879 1069//1069 1178//1178
f 1039//1039 1146//1146 1103//1103
f 960//960 1156//1156 1169//1169
f 943//943 1105//1105 1162//1162
f 1112//1112 1107//1107 1161//1161
f 1054//1054 1189//1189 1016//1016
f 1078//1078 1147//1147 1139//1139
f 1094//1094 1084//1084 1090//1090
f 997//997 1173//1173 1155//1155
f 1074//1074 1159//1159 1066//1066
f 965//965 943//943 1162//1162
f 902//902 1152//1152 1278//1278
f 1143//1143 1193//1193 1130//1130
f 1071//1071 1106//1106 1128//1128
f 1046//1046 1098//1098 1165//1165
f 1070//1070 1164//1164 1077//1077
f 922//922 1024//1024 1204//1204
f 980//980 1133//1133 1141//1141
f 1094//1094 1095//1095 1084//1084
f 1007//1007 1035//1035 1167//1167
f 1064//1064 1172//1172 1151//1151
f 1020//1020 1113//1113 1191//1191
f 1109//1109 1251//1251 936//936
f 772//772 987//987 1168//1168
f 869//869 1122//1122 1054//1054
f 1142//1142 1087//1087 1177//1177
f 1134//1134 1170//1170 1102//1102
f 1155//1155 1174//1174 1148//1148
f 1173//1173 1026//1026 1180//1180
f 772//772 1168//1168 1206//1206
f 1056//1056 1172//1172 1064//1064
f 1118//1118 1311//1311 1143//1143
f 1068//1068 1131//1131 1056//1056
f 1042//1042 922//922 1204//1204
f 1159//1159 1157//1157 1066//1066
f 1001//1001 1167//1167 1035//1035
f 1139//1139 1163//1163 1114//1114
f 1174//1174 1155//1155 1173//1173
f 1072//1072 1176//1176 1136//1136
f 1146//1146 1102//1102 1170//1170
f 747//747 1182//1182 1113//1113
f 1170//1170 1134//1134 1181//1181
f 1130//1130 1193//1193 1153//1153
f 772//772 1206//1206 1109//1109
f 1066//1066 1185//1185 1181//1181
f 1017//1017 1089//1089 1150//1150
f 1077//1077 1164//1164 1121//1121
f 1107//1107 1200//1200 1161//1161
f 1110//1110 1100//1100 1171//1171
f 1033//1033 1138//1138 946//946
f 1126//1126 1202//1202 983//983
f 1065//1065 974//974 1203//1203
f 1121//1121 1164//1164 1179//1179
f 1114//1114 1163//1163 1129//1129
f 1117//1117 991//991 1190//1190
f 1118//1118 1140//1140 1311//1311
f 1098//1098 1129//1129 1187//1187
f 979//979 1188//1188 1038//1038
f 987//987 1149//1149 1168//1168
f 1229//1229 1020//1020 1191//1191
f 1104//1104 1195//1195 909//909
f 1110//1110 1171//1171 1140//1140
f 936//936 1251//1251 1063//1063
f 1141//1141 1197//1197 975//975
f 1080//1080 1171//1171 1100//1100
f 1131//1131 1216//1216 1056//1056
f 991//991 1166//1166 1242//1242
f 1198//1198 1249//1249 904//904
f 1084//1084 1095//1095 1196//1196
f 1154//1154 1210//1210 1115//1115
f 1098//1098 1187//1187 1165//1165
f 1079//1079 1119//1119 1152//1152
f 426//426 1186//1186 1083//1083
f 934//934 1423//1423 1215//1215
f 1066//1066 1157//1157 1185//1185
f 991//991 1242//1242 1190//1190
f 1030//1030 1207//1207 1022//1022
f 1163//1163 1139//1139 1218//1218
f 1107//1107 1127//1127 1200//1200
f 1226//1226 1096//1096 1244//1244
f 1096//1096 1165//1165 1244//1244
f 1002//1002 1115//1115 1192//1192
f 946//946 1138//1138 1356//1356
f 1072//1072 959//959 1220//1220
f 1199//1199 1158//1158 909//909
f 1188//1188 979//979 1212//1212
f 1133//1133 1225//1225 1141//1141
f 1070//1070 1211//1211 1164//1164
f 1070//1070 1153//1153 1211//1211
f 1165//1165 1187//1187 1244//1244
f 1095//1095 1108//1108 1213//1213
f 1061//1061 1081//1081 1180//1180
f 1124//1124 1247//1247 1177//1177
f 986//986 1175//1175 1184//1184
f 1054//1054 1122//1122 1189//1189
f 1131//1131 904//904 1249//1249
f 962//962 1183//1183 1252//1252
f 1147//1147 1218//1218 1139//1139
f 1025//1025 1278//1278 1085//1085
f 1096//1096 1226//1226 1053//1053
f 979//979 1063//1063 1212//1212
f 806//806 1084//1084 1149//1149
f 1142//1142 1177//1177 1217//1217
f 1129//1129 1264//1264 1187//1187
f 433//433 1083//1083 1236//1236
f 1016//1016 1189//1189 1105//1105
f 1142//1142 1217//1217 1119//1119
f 1005//1005 1088//1088 1133//1133
f 1122//1122 946//946 1356//1356
f 816//816 1136//1136 1198//1198
f 884//884 1224//1224 940//940
f 962//962 1252//1252 1091//1091
f 1129//1129 1209//1209 1264//1264
f 1092//1092 1034//1034 1235//1235
f 1183//1183 975//975 1197//1197
f 909//909 1195//1195 1199//1199
f 959//959 940//940 1220//1220
f 1129//1129 1163//1163 1209//1209
f 1157//1157 1159//1159 1222//1222
f 1064//1064 1151//1151 1219//1219
f 1072//1072 1220//1220 1176//1176
f 1193//1193 1230//1230 1153//1153
f 1158//1158 1254//1254 1058//1058
f 1147//1147 1101//1101 1232//1232
f 1121//1121 1179//1179 1137//1137
f 1122//1122 1221//1221 1189//1189
f 1085//1085 1353//1353 1045//1045
f 1356//1356 1221//1221 1122//1122
f 1106//1106 1053//1053 1239//1239
f 1128//1128 1261//1261 1159//1159
f 989//989 1160//1160 1357//1357
f 1176//1176 1233//1233 1136//1136
f 1119//1119 1217//1217 1208//1208
f 974//974 889//889 1203//1203
f 989//989 1223//1223 1034//1034
f 1154//1154 1059//1059 1272//1272
f 1119//1119 1208//1208 1152//1152
f 1049//1049 1194//1194 1036//1036
f 1164//1164 1228//1228 1179//1179
f 925//925 1234//1234 1135//1135
f 1064//1064 1219//1219 986//986
f 965//965 1162//1162 1156//1156
f 1171//1171 1238//1238 1140//1140
f 1174//1174 1173//1173 1241//1241
f 1128//1128 1106//1106 1261//1261
f 1131//1131 1249//1249 1216//1216
f 1050//1050 1231//1231 1080//1080
f 1053//1053 1240//1240 1239//1239
f 989//989 1357//1357 1223//1223
f 1306//1306 1261//1261 1106//1106
f 1193//1193 1143//1143 1311//1311
f 889//889 1042//1042 1205//1205
f 925//925 1117//1117 1234//1234
f 1173//1173 1180//1180 1241//1241
f 986//986 1184//1184 982//982
f 1103//1103 1259//1259 1201//1201
f 1120//1120 1148//1148 1370//1370
f 1230//1230 1211//1211 1153//1153
f 1167//1167 1001//1001 1245//1245
f 1152//1152 1319//1319 1278//1278
f 1069//1069 1132//1132 1305//1305
f 1222//1222 1159//1159 1261//1261
f 1244//1244 1187//1187 1346//1346
f 1036//1036 1194//1194 1258//1258
f 1256//1256 1108//1108 1327//1327
f 1034//1034 1223//1223 1235//1235
f 1150//1150 1089//1089 1246//1246
f 1036//1036 1258//1258 1059//1059
f 889//889 1205//1205 1203//1203
f 1113//1113 1227//1227 1191//1191
f 1120//1120 1243//1243 1116//1116
f 1101//1101 1145//1145 1232//1232
f 422//422 1214//1214 1132//1132
f 1240//1240 1053//1053 1226//1226
f 1150//1150 1260//1260 1145//1145
f 1148//1148 1174//1174 1241//1241
f 1089//1089 1250//1250 1246//1246
f 1106//1106 1262//1262 1306//1306
f 1163//1163 1218//1218 1282//1282
f 1037//1037 1295//1295 1049//1049
f 1080//1080 1231//1231 1317//1317
f 1247//1247 1289//1289 1177//1177
f 1164//1164 1211//1211 1228//1228
f 938//938 1144//1144 1423//1423
f 1141//1141 1225//1225 1197//1197
f 1246//1246 1253//1253 1150//1150
f 1049//1049 1295//1295 1194//1194
f 1115//1115 1237//1237 1192//1192
f 1218//1218 1147//1147 1293//1293
f 1213//1213 1108//1108 1256//1256
f 1190//1190 1242//1242 1273//1273
f 1037//1037 1201//1201 1295//1295
f 934//934 1343//1343 1088//1088
f 1239//1239 1240//1240 1257//1257
f 1132//1132 1214//1214 1305//1305
f 1024//1024 1135//1135 1271//1271
f 1170//1170 1255//1255 1146//1146
f 1115//1115 1210//1210 1237//1237
f 1058//1058 1386//1386 1050//1050
f 986//986 1219//1219 1175//1175
f 945//945 1093//1093 1273//1273
f 1058//1058 1254//1254 1386//1386
f 1056//1056 1216//1216 1249//1249
f 1168//1168 1288//1288 1206//1206
f 1001//1001 1091//1091 1321//1321
f 1056//1056 1249//1249 1266//1266
f 1124//1124 1047//1047 1267//1267
f 1124//1124 1267//1267 1247//1247
f 1095//1095 1263//1263 1196//1196
f 945//945 1273//1273 1242//1242
f 1145//1145 1260//1260 1232//1232
f 1148//1148 1241//1241 1370//1370
f 1158//1158 1320//1320 1254//1254
f 1200//1200 1127//1127 1389//1389
f 1198//1198 1291//1291 1249//1249
f 1002//1002 1192//1192 1270//1270
f 1092//1092 1235//1235 1182//1182
f 1024//1024 1271//1271 1204//1204
f 1252//1252 1321//1321 1091//1091
f 1150//1150 1253//1253 1260//1260
f 1089//1089 1137//1137 1250//1250
f 1224//1224 1002//1002 1277//1277
f 1158//1158 1199//1199 1320//1320
f 1226//1226 1274//1274 1240//1240
f 1161//1161 1200//1200 1275//1275
f 1001//1001 1321//1321 1245//1245
f 1171//1171 1265//1265 1238//1238
f 1108//1108 1169//1169 1327//1327
f 1206//1206 1288//1288 1248//1248
f 1172//1172 1056//1056 1285//1285
f 1233//1233 1269//1269 1136//1136
f 1264//1264 1209//1209 1276//1276
f 1154//1154 1272//1272 1210//1210
f 1226//1226 1244//1244 1279//1279
f 1195//1195 1123//1123 1355//1355
f 1007//1007 1167//1167 1298//1298
f 1168//1168 1149//1149 1288//1288
f 1022//1022 1207//1207 1186//1186
f 1086//1086 1125//1125 1093//1093
f 1171//1171 1080//1080 1265//1265
f 1103//1103 1146//1146 1259//1259
f 1183//1183 1283//1283 1252//1252
f 1170//1170 1325//1325 1255//1255
f 1180//1180 1313//1313 1241//1241
f 1126//1126 1007//1007 1286//1286
f 1181//1181 1185//1185 1325//1325
f 1181//1181 1325//1325 1170//1170
f 1370//1370 1243//1243 1120//1120
f 1140//1140 1238//1238 1311//1311
f 1195//1195 1355//1355 1199//1199
f 1214//1214 422//422 1300//1300
f 1179//1179 1228//1228 1365//1365
f 1056//1056 1266//1266 1285//1285
f 1230//1230 1228//1228 1211//1211
f 1106//1106 1239//1239 1262//1262
f 1196//1196 1263//1263 1084//1084
f 1147//1147 1232//1232 1293//1293
f 1176//1176 1220//1220 1233//1233
f 1222//1222 1287//1287 1157//1157
f 1136//1136 1269//1269 1308//1308
f 1193//1193 1309//1309 1230//1230
f 1117//1117 1190//1190 1234//1234
f 1163//1163 1282//1282 1209//1209
f 1002//1002 1270//1270 1277//1277
f 1160//1160 1065//1065 1284//1284
f 1206//1206 1248//1248 1304//1304
f 1161//1161 1275//1275 1081//1081
f 1127//1127 1268//1268 1389//1389
f 1222//1222 1261//1261 1280//1280
f 1081//1081 1292//1292 1180//1180
f 1204//1204 1307//1307 1042//1042
f 1045//1045 1353//1353 1127//1127
f 1218//1218 1293//1293 1296//1296
f 1357//1357 1160//1160 1299//1299
f 1218//1218 1296//1296 1282//1282
f 1123//1123 1038//1038 1328//1328
f 1222//1222 1280//1280 1287//1287
f 1205//1205 1301//1301 1203//1203
f 1261//1261 1306//1306 1280//1280
f 1157//1157 1425//1425 1185//1185
f 1006//1006 1229//1229 1030//1030
f 934//934 1215//1215 1343//1343
f 1264//1264 1276//1276 1187//1187
f 1136//1136 1308//1308 1198//1198
f 1065//1065 1203//1203 1301//1301
f 1127//1127 1353//1353 1268//1268
f 1160//1160 1284//1284 1299//1299
f 1244//1244 1346//1346 1279//1279
f 1255//1255 1297//1297 1146//1146
f 1246//1246 1250//1250 1303//1303
f 1151//1151 1172//1172 1294//1294
f 983//983 1326//1326 1138//1138
f 1209//1209 1282//1282 1318//1318
f 1226//1226 1279//1279 1274//1274
f 1144//1144 1097//1097 1310//1310
f 1246//1246 1303//1303 1253//1253
f 1240//1240 1274//1274 1257//1257
f 1278//1278 1324//1324 1085//1085
f 1151//1151 1294//1294 1219//1219
f 1093//1093 1125//1125 1290//1290
f 1272//1272 1059//1059 1258//1258
f 1209//1209 1318//1318 1276//1276
f 1266//1266 1249//1249 1291//1291
f 1266//1266 1291//1291 1285//1285
f 1008//1008 1178//1178 1097//1097
f 1235//1235 1302//1302 1182//1182
f 1239//1239 1257//1257 1323//1323
f 1230//1230 1322//1322 1228//1228
f 1157//1157 1287//1287 1425//1425
f 1156//1156 1162//1162 1331//1331
f 1260//1260 1334//1334 1232//1232
f 1007//1007 1298//1298 1286//1286
f 1080//1080 1317//1317 1265//1265
f 1088//1088 1343//1343 1133//1133
f 1248//1248 1288//1288 1316//1316
f 1356//1356 1138//1138 1326//1326
f 983//983 1202//1202 1326//1326
f 1198//1198 1308//1308 1291//1291
f 1069//1069 1330//1330 1178//1178
f 1105//1105 1367//1367 1162//1162
f 1050//1050 1386//1386 1231//1231
f 1083//1083 1186//1186 1207//1207
f 1255//1255 1325//1325 1297//1297
f 1293//1293 1232//1232 1296//1296
f 1230//1230 1329//1329 1322//1322
f 982//982 1184//1184 1393//1393
f 1125//1125 982//982 1393//1393
f 1084//1084 1341//1341 1149//1149
f 1038//1038 1188//1188 1328//1328
f 1081//1081 1275//1275 1292//1292
f 1295//1295 1201//1201 1336//1336
f 1162//1162 1367//1367 1331//1331
f 1234//1234 1342//1342 1135//1135
f 1210//1210 1272//1272 1374//1374
f 1283//1283 1183//1183 1197//1197
f 1201//1201 1259//1259 1336//1336
f 1179//1179 1335//1335 1137//1137
f 1190//1190 1273//1273 1340//1340
f 1282//1282 1296//1296 1318//1318
f 1113//1113 1182//1182 1227//1227
f 1263//1263 1341//1341 1084//1084
f 1230//1230 1309//1309 1329//1329
f 1316//1316 1362//1362 1248//1248
f 1257//1257 1274//1274 1332//1332
f 1180//1180 1292//1292 1313//1313
f 1269//1269 1337//1337 1308//1308
f 1093//1093 1290//1290 1273//1273
f 1271//1271 1307//1307 1204//1204
f 1116//1116 1243//1243 1345//1345
f 1095//1095 1341//1341 1263//1263
f 1234//1234 1190//1190 1350//1350
f 1272//1272 1258//1258 1314//1314
f 1252//1252 1283//1283 1333//1333
f 1253//1253 1303//1303 1260//1260
f 1193//1193 1311//1311 1309//1309
f 1250//1250 1371//1371 1303//1303
f 1269//1269 1233//1233 1380//1380
f 1365//1365 1228//1228 1322//1322
f 1274//1274 1279//1279 1339//1339
f 1152//1152 1208//1208 1319//1319
f 1095//1095 1213//1213 1341//1341
f 1247//1247 1267//1267 1289//1289
f 1229//1229 1191//1191 1348//1348
f 1250//1250 1137//1137 1371//1371
f 1156//1156 1372//1372 1169//1169
f 1256//1256 1344//1344 1213//1213
f 1126//1126 1286//1286 1202//1202
f 1272//1272 1314//1314 1347//1347
f 1356//1356 1349//1349 1221//1221
f 1192//1192 1366//1366 1270//1270
f 1274//1274 1339//1339 1351//1351
f 1271//1271 1135//1135 1342//1342
f 1123//1123 1328//1328 1355//1355
f 1172//1172 1285//1285 1364//1364
f 1297//1297 1325//1325 1338//1338
f 1125//1125 1393//1393 1397//1397
f 1297//1297 1338//1338 1146//1146
f 1251//1251 1109//1109 1422//1422
f 1303//1303 1334//1334 1260//1260
f 1156//1156 1331//1331 1372//1372
f 1233//1233 1220//1220 1380//1380
f 1269//1269 1380//1380 1337//1337
f 1199//1199 1354//1354 1320//1320
f 1329//1329 1365//1365 1322//1322
f 1206//1206 1304//1304 1109//1109
f 1275//1275 1363//1363 1292//1292
f 940//940 1368//1368 1220//1220
f 1179//1179 1365//1365 1335//1335
f 1338//1338 1359//1359 1146//1146
f 1303//1303 1360//1360 1334//1334
f 1272//1272 1347//1347 1374//1374
f 1217//1217 1177//1177 1398//1398
f 1259//1259 1146//1146 1359//1359
f 1105//1105 1189//1189 1367//1367
f 1332//1332 1274//1274 1351//1351
f 1214//1214 1300//1300 1305//1305
f 1278//1278 1319//1319 1324//1324
f 1172//1172 1312//1312 1294//1294
f 1280//1280 1306//1306 1262//1262
f 1192//1192 1237//1237 1366//1366
f 1210//1210 1374//1374 1237//1237
f 1339//1339 1279//1279 1346//1346
f 1172//1172 1364//1364 1312//1312
f 1149//1149 1376//1376 1288//1288
f 419//419 439//439 1281//1281
f 1194//1194 1295//1295 1391//1391
f 1321//1321 1252//1252 1333//1333
f 1316//1316 1288//1288 1373//1373
f 1223//1223 1379//1379 1235//1235
f 1215//1215 1423//1423 1514//1514
f 1369//1369 1199//1199 1355//1355
f 1316//1316 1373//1373 1362//1362
f 1265//1265 1317//1317 1352//1352
f 1285//1285 1291//1291 1375//1375
f 1191//1191 1227//1227 1348//1348
f 1149//1149 1341//1341 1376//1376
f 1423//1423 1144//1144 1310//1310
f 1256//1256 1361//1361 1344//1344
f 1231//1231 1386//1386 1317//1317
f 1213//1213 1344//1344 1341//1341
f 1336//1336 1259//1259 1359//1359
f 1256//1256 1327//1327 1361//1361
f 1251//1251 1422//1422 1413//1413
f 1337//1337 1377//1377 1308//1308
f 1303//1303 1378//1378 1360//1360
f 1257//1257 1332//1332 1323//1323
f 1370//1370 1384//1384 1243//1243
f 1221//1221 1400//1400 1189//1189
f 1248//1248 1362//1362 1304//1304
f 1346//1346 1382//1382 1339//1339
f 1190//1190 1340//1340 1350//1350
f 1339//1339 1382//1382 1351//1351
f 1337//1337 1380//1380 1377//1377
f 1285//1285 1375//1375 1364//1364
f 1202//1202 1286//1286 1387//1387
f 1361//1361 1327//1327 1390//1390
f 1065//1065 1301//1301 1284//1284
f 442//442 2139//2139 422//422
f 1318//1318 1296//1296 1415//1415
f 1241//1241 1292//1292 1370//1370
f 1241//1241 1313//1313 1292//1292
f 1069//1069 1305//1305 1330//1330
f 1232//1232 1388//1388 1296//1296
f 1200//1200 1389//1389 1275//1275
f 1277//1277 1270//1270 1392//1392
f 1375//1375 1291//1291 1395//1395
f 1212//1212 1063//1063 1413//1413
f 1030//1030 1229//1229 1436//1436
f 1265//1265 1352//1352 1238//1238
f 1137//1137 1335//1335 1371//1371
f 1251//1251 1413//1413 1063//1063
f 1303//1303 1371//1371 1378//1378
f 1254//1254 1320//1320 1386//1386
f 1199//1199 1369//1369 1354//1354
f 1295//1295 1336//1336 1391//1391
f 1258//1258 1194//1194 1403//1403
f 1221//1221 1349//1349 1400//1400
f 1234//1234 1315//1315 1342//1342
f 1273//1273 1383//1383 1340//1340
f 1167//1167 1245//1245 1298//1298
f 1370//1370 1292//1292 1408//1408
f 1294//1294 1312//1312 1381//1381
f 1290//1290 1125//1125 1397//1397
f 1189//1189 1400//1400 1367//1367
f 1116//1116 1345//1345 1003//1003
f 1236//1236 1083//1083 1420//1420
f 1245//1245 1321//1321 1424//1424
f 1227//1227 1404//1404 1348//1348
f 1338//1338 1385//1385 1359//1359
f 422//422 2139//2139 1300//1300
f 1194//1194 1391//1391 1403//1403
f 1235//1235 1379//1379 1302//1302
f 1232//1232 1334//1334 1388//1388
f 1291//1291 1308//1308 1395//1395
f 1373//1373 1288//1288 1394//1394
f 1308//1308 1377//1377 1395//1395
f 1370//1370 1408//1408 1384//1384
f 1360//1360 1399//1399 1334//1334
f 1188//1188 1401//1401 1328//1328
f 1332//1332 1351//1351 1409//1409
f 1187//1187 1276//1276 1410//1410
f 1373//1373 1394//1394 1362//1362
f 1299//1299 1416//1416 1357//1357
f 1234//1234 1350//1350 1315//1315
f 1332//1332 1409//1409 1323//1323
f 1309//1309 1407//1407 1329//1329
f 1288//1288 1376//1376 1394//1394
f 1238//1238 1352//1352 1418//1418
f 1311//1311 1238//1238 1414//1414
f 1360//1360 1378//1378 1442//1442
f 1357//1357 1379//1379 1223//1223
f 1287//1287 1280//1280 1411//1411
f 1406//1406 1377//1377 1412//1412
f 1177//1177 1289//1289 1398//1398
f 1275//1275 1389//1389 1363//1363
f 1294//1294 1381//1381 1219//1219
f 1097//1097 1178//1178 1428//1428
f 1320//1320 1354//1354 1427//1427
f 1085//1085 1439//1439 1353//1353
f 1377//1377 1406//1406 1395//1395
f 1324//1324 1319//1319 1445//1445
f 1187//1187 1410//1410 1346//1346
f 1334//1334 1399//1399 1388//1388
f 1377//1377 1380//1380 1412//1412
f 1296//1296 1388//1388 1417//1417
f 1292//1292 1363//1363 1408//1408
f 1396//1396 1394//1394 1405//1405
f 1273//1273 1290//1290 1383//1383
f 1042//1042 1307//1307 1205//1205
f 1178//1178 1330//1330 1428//1428
f 1320//1320 1475//1475 1386//1386
f 1406//1406 1426//1426 1395//1395
f 1385//1385 1429//1429 1359//1359
f 1391//1391 1336//1336 1421//1421
f 1374//1374 1347//1347 1403//1403
f 1267//1267 1398//1398 1289//1289
f 1415//1415 1296//1296 1417//1417
f 1003//1003 1468//1468 899//899
f 1375//1375 1395//1395 1364//1364
f 1239//1239 1323//1323 1437//1437
f 1083//1083 1207//1207 1477//1477
f 1406//1406 1412//1412 1441//1441
f 1354//1354 1369//1369 1427//1427
f 1346//1346 1410//1410 1382//1382
f 1276//1276 1435//1435 1410//1410
f 1444//1444 1212//1212 1413//1413
f 1396//1396 1419//1419 1394//1394
f 1371//1371 1335//1335 1378//1378
f 1412//1412 1380//1380 1458//1458
f 1197//1197 1225//1225 1496//1496
f 1268//1268 1523//1523 1389//1389
f 1338//1338 1433//1433 1385//1385
f 1085//1085 1324//1324 1439//1439
f 1394//1394 1376//1376 1405//1405
f 1109//1109 1304//1304 1422//1422
f 1239//1239 1437//1437 1262//1262
f 1267//1267 1455//1455 1398//1398
f 1267//1267 1047//1047 1402//1402
f 1351//1351 1431//1431 1409//1409
f 1030//1030 1436//1436 1207//1207
f 1280//1280 1262//1262 1437//1437
f 1283//1283 1197//1197 1496//1496
f 1309//1309 1311//1311 1430//1430
f 1396//1396 1405//1405 1452//1452
f 1321//1321 1333//1333 1424//1424
f 1336//1336 1359//1359 1421//1421
f 1327//1327 1169//1169 1483//1483
f 1188//1188 1212//1212 1489//1489
f 1188//1188 1489//1489 1401//1401
f 1224//1224 1277//1277 1457//1457
f 1338//1338 1325//1325 1448//1448
f 1347//1347 1314//1314 1403//1403
f 1399//1399 1360//1360 1442//1442
f 1429//1429 1385//1385 1433//1433
f 1386//1386 1434//1434 1317//1317
f 1384//1384 1408//1408 1432//1432
f 1185//1185 1448//1448 1325//1325
f 1287//1287 1411//1411 1459//1459
f 1320//1320 1427//1427 1475//1475
f 1442//1442 1378//1378 1440//1440
f 1351//1351 1465//1465 1431//1431
f 1224//1224 1457//1457 1358//1358
f 1394//1394 1419//1419 1362//1362
f 1318//1318 1453//1453 1435//1435
f 1329//1329 1438//1438 1365//1365
f 1047//1047 1281//1281 1402//1402
f 1237//1237 1374//1374 1454//1454
f 1355//1355 1427//1427 1369//1369
f 1276//1276 1318//1318 1435//1435
f 1326//1326 1202//1202 1387//1387
f 1359//1359 1429//1429 1492//1492
f 1359//1359 1492//1492 1421//1421
f 1426//1426 1406//1406 1441//1441
f 1396//1396 1452//1452 1447//1447
f 1396//1396 1447//1447 1419//1419
f 1411//1411 1280//1280 1470//1470
f 940//940 1224//1224 1368//1368
f 1287//1287 1459//1459 1425//1425
f 1443//1443 1432//1432 1408//1408
f 1352//1352 1317//1317 1434//1434
f 1382//1382 1410//1410 1451//1451
f 1431//1431 1449//1449 1409//1409
f 1398//1398 1455//1455 1217//1217
f 1426//1426 1458//1458 1395//1395
f 1217//1217 1455//1455 1208//1208
f 1323//1323 1409//1409 1437//1437
f 1311//1311 1414//1414 1430//1430
f 1374//1374 1403//1403 1454//1454
f 1219//1219 1485//1485 1175//1175
f 1382//1382 1451//1451 1351//1351
f 1355//1355 1328//1328 1427//1427
f 1362//1362 1419//1419 1447//1447
f 1258//1258 1403//1403 1314//1314
f 1352//1352 1434//1434 1450//1450
f 1399//1399 1464//1464 1388//1388
f 1426//1426 1441//1441 1458//1458
f 1327//1327 1483//1483 1390//1390
f 1356//1356 1400//1400 1349//1349
f 1365//1365 1438//1438 1335//1335
f 1229//1229 1348//1348 1473//1473
f 1301//1301 1478//1478 1284//1284
f 1133//1133 1343//1343 1446//1446
f 1319//1319 1208//1208 1445//1445
f 1329//1329 1407//1407 1438//1438
f 1220//1220 1481//1481 1380//1380
f 1433//1433 1338//1338 1471//1471
f 1328//1328 1508//1508 1427//1427
f 1475//1475 1434//1434 1386//1386
f 1328//1328 1401//1401 1508//1508
f 1341//1341 1344//1344 1494//1494
f 1429//1429 1433//1433 1456//1456
f 1267//1267 1402//1402 1455//1455
f 1412//1412 1458//1458 1441//1441
f 1381//1381 1462//1462 1219//1219
f 1376//1376 1341//1341 1482//1482
f 1415//1415 1453//1453 1318//1318
f 1366//1366 1237//1237 1454//1454
f 1405//1405 1376//1376 1452//1452
f 1407//1407 1309//1309 1461//1461
f 1310//1310 1657//1657 1423//1423
f 1364//1364 1463//1463 1312//1312
f 1133//1133 1446//1446 1225//1225
f 1358//1358 1368//1368 1224//1224
f 1212//1212 1444//1444 1489//1489
f 1443//1443 1469//1469 1432//1432
f 1219//1219 1462//1462 1485//1485
f 1409//1409 1449//1449 1437//1437
f 1440//1440 1378//1378 1460//1460
f 1372//1372 1467//1467 1169//1169
f 1381//1381 1312//1312 1466//1466
f 1175//1175 1488//1488 1184//1184
f 1309//1309 1430//1430 1461//1461
f 1435//1435 1472//1472 1410//1410
f 1393//1393 1501//1501 1397//1397
f 1408//1408 1469//1469 1443//1443
f 1376//1376 1482//1482 1452//1452
f 1391//1391 1486//1486 1403//1403
f 1437//1437 1449//1449 1493//1493
f 1421//1421 1492//1492 1391//1391
f 1408//1408 1363//1363 1484//1484
f 1185//1185 1425//1425 1448//1448
f 1380//1380 1481//1481 1458//1458
f 1338//1338 1448//1448 1471//1471
f 1372//1372 1476//1476 1541//1541
f 1175//1175 1485//1485 1488//1488
f 1494//1494 1482//1482 1341//1341
f 442//442 441//441 2139//2139
f 1464//1464 1399//1399 1442//1442
f 1184//1184 1491//1491 1393//1393
f 1456//1456 1480//1480 1429//1429
f 1372//1372 1331//1331 1476//1476
f 1372//1372 1541//1541 1467//1467
f 1280//1280 1437//1437 1470//1470
f 1270//1270 1366//1366 1490//1490
f 1432//1432 1469//1469 1384//1384
f 1225//1225 1446//1446 1496//1496
f 1393//1393 1491//1491 1501//1501
f 1408//1408 1484//1484 1469//1469
f 1335//1335 1460//1460 1378//1378
f 1184//1184 1488//1488 1491//1491
f 1456//1456 1433//1433 1480//1480
f 1182//1182 1302//1302 1495//1495
f 1429//1429 1480//1480 1492//1492
f 1238//1238 1418//1418 1414//1414
f 1290//1290 1397//1397 1510//1510
f 1440//1440 1516//1516 1442//1442
f 1383//1383 1290//1290 1540//1540
f 1384//1384 1615//1615 1243//1243
f 1331//1331 1503//1503 1476//1476
f 1344//1344 1361//1361 1509//1509
f 1367//1367 1400//1400 1500//1500
f 1440//1440 1460//1460 1516//1516
f 1447//1447 1504//1504 1362//1362
f 1352//1352 1450//1450 1418//1418
f 1423//1423 1499//1499 1514//1514
f 1395//1395 1458//1458 1364//1364
f 1391//1391 1492//1492 1486//1486
f 1331//1331 1367//1367 1503//1503
f 1362//1362 1504//1504 1304//1304
f 1384//1384 1469//1469 1484//1484
f 1302//1302 1379//1379 1495//1495
f 1367//1367 1474//1474 1503//1503
f 1388//1388 1498//1498 1417//1417
f 1397//1397 1501//1501 1510//1510
f 1431//1431 1465//1465 1511//1511
f 1381//1381 1466//1466 1462//1462
f 1427//1427 1502//1502 1475//1475
f 1480//1480 1507//1507 1492//1492
f 1383//1383 1540//1540 1340//1340
f 1410//1410 1472//1472 1451//1451
f 1450//1450 1434//1434 1497//1497
f 1367//1367 1500//1500 1474//1474
f 1208//1208 1520//1520 1445//1445
f 1486//1486 1546//1546 1403//1403
f 1507//1507 1480//1480 1505//1505
f 1307//1307 1271//1271 1572//1572
f 1388//1388 1464//1464 1498//1498
f 1483//1483 1515//1515 1390//1390
f 1270//1270 1490//1490 1392//1392
f 1435//1435 1527//1527 1472//1472
f 1284//1284 1478//1478 1479//1479
f 1437//1437 1493//1493 1506//1506
f 1215//1215 1514//1514 1555//1555
f 1424//1424 1333//1333 1522//1522
f 1460//1460 1335//1335 1516//1516
f 1357//1357 1416//1416 1521//1521
f 1484//1484 1535//1535 1615//1615
f 1484//1484 1615//1615 1384//1384
f 1486//1486 1492//1492 1546//1546
f 1301//1301 1205//1205 1478//1478
f 1364//1364 1487//1487 1463//1463
f 1466//1466 1312//1312 1512//1512
f 1361//1361 1390//1390 1515//1515
f 1449//1449 1511//1511 1493//1493
f 1467//1467 1483//1483 1169//1169
f 1449//1449 1431//1431 1511//1511
f 1450//1450 1497//1497 1524//1524
f 1351//1351 1451//1451 1465//1465
f 1442//1442 1516//1516 1513//1513
f 1243//1243 1671//1671 1345//1345
f 1345//1345 1562//1562 1003//1003
f 1475//1475 1502//1502 1434//1434
f 1451//1451 1472//1472 1519//1519
f 1455//1455 1402//1402 1544//1544
f 1491//1491 1488//1488 1545//1545
f 1452//1452 1525//1525 1447//1447
f 1350//1350 1531//1531 1315//1315
f 1277//1277 1392//1392 1457//1457
f 1540//1540 1290//1290 1510//1510
f 1442//1442 1513//1513 1464//1464
f 1284//1284 1529//1529 1299//1299
f 1496//1496 1538//1538 1283//1283
f 1487//1487 1364//1364 1458//1458
f 1506//1506 1528//1528 1437//1437
f 1403//1403 1568//1568 1454//1454
f 1434//1434 1502//1502 1497//1497
f 1324//1324 1445//1445 1594//1594
f 1324//1324 1594//1594 1771//1771
f 1462//1462 1567//1567 1485//1485
f 1403//1403 1546//1546 1568//1568
f 1497//1497 1502//1502 1526//1526
f 1401//1401 1518//1518 1508//1508
f 1546//1546 1492//1492 1507//1507
f 1387//1387 1286//1286 1537//1537
f 1546//1546 1507//1507 1505//1505
f 1401//1401 1489//1489 1518//1518
f 1312//1312 1463//1463 1512//1512
f 1497//1497 1526//1526 1524//1524
f 1356//1356 1326//1326 1577//1577
f 1436//1436 1542//1542 1207//1207
f 1227//1227 1643//1643 1404//1404
f 1298//1298 1517//1517 1286//1286
f 1416//1416 1299//1299 1529//1529
f 1215//1215 1555//1555 1343//1343
f 1502//1502 1427//1427 1532//1532
f 1243//1243 1615//1615 1671//1671
f 1335//1335 1530//1530 1516//1516
f 1350//1350 1340//1340 1531//1531
f 1437//1437 1528//1528 1470//1470
f 1530//1530 1335//1335 1438//1438
f 1379//1379 1357//1357 1521//1521
f 1433//1433 1471//1471 1480//1480
f 1466//1466 1512//1512 1462//1462
f 1400//1400 1536//1536 1500//1500
f 1361//1361 1533//1533 1509//1509
f 1478//1478 1205//1205 1556//1556
f 1501//1501 1491//1491 1539//1539
f 1227//1227 1182//1182 1643//1643
f 1286//1286 1517//1517 1537//1537
f 1415//1415 1417//1417 1543//1543
f 1453//1453 1415//1415 1550//1550
f 1271//1271 1342//1342 1572//1572
f 1340//1340 1540//1540 1531//1531
f 1345//1345 1671//1671 1562//1562
f 1493//1493 1511//1511 1506//1506
f 1435//1435 1550//1550 1527//1527
f 1427//1427 1508//1508 1532//1532
f 1315//1315 1531//1531 1573//1573
f 1343//1343 1555//1555 1446//1446
f 1424//1424 1522//1522 1245//1245
f 1097//1097 1428//1428 1558//1558
f 1452//1452 1482//1482 1525//1525
f 1333//1333 1283//1283 1538//1538
f 1435//1435 1453//1453 1550//1550
f 1400//1400 1356//1356 1536//1536
f 1508//1508 1518//1518 1554//1554
f 1490//1490 1366//1366 1534//1534
f 1366//1366 1454//1454 1534//1534
f 1504//1504 1447//1447 1551//1551
f 1501//1501 1539//1539 1510//1510
f 1472//1472 1527//1527 1519//1519
f 1097//1097 1558//1558 1310//1310
f 1417//1417 1498//1498 1543//1543
f 1455//1455 1544//1544 1208//1208
f 1205//1205 1307//1307 1548//1548
f 1477//1477 1420//1420 1083//1083
f 1298//1298 1245//1245 1517//1517
f 1459//1459 1593//1593 1425//1425
f 1488//1488 1485//1485 1545//1545
f 1490//1490 1553//1553 1392//1392
f 1438//1438 1407//1407 1549//1549
f 1515//1515 1533//1533 1361//1361
f 1003//1003 1562//1562 1468//1468
f 1546//1546 1505//1505 1557//1557
f 1516//1516 1552//1552 1513//1513
f 1415//1415 1543//1543 1550//1550
f 1344//1344 1509//1509 1494//1494
f 1414//1414 1418//1418 1569//1569
f 1407//1407 1559//1559 1549//1549
f 1458//1458 1481//1481 1560//1560
f 1447//1447 1525//1525 1618//1618
f 1447//1447 1618//1618 1551//1551
f 1411//1411 1470//1470 1566//1566
f 1505//1505 1480//1480 1471//1471
f 1458//1458 1560//1560 1487//1487
f 1315//1315 1573//1573 1342//1342
f 1207//1207 1542//1542 1477//1477
f 1546//1546 1547//1547 1568//1568
f 1438//1438 1549//1549 1530//1530
f 1505//1505 1570//1570 1557//1557
f 1498//1498 1464//1464 1588//1588
f 1284//1284 1479//1479 1529//1529
f 1465//1465 1564//1564 1511//1511
f 1407//1407 1461//1461 1559//1559
f 1356//1356 1577//1577 1536//1536
f 1450//1450 1565//1565 1418//1418
f 1450//1450 1524//1524 1565//1565
f 1459//1459 1411//1411 1566//1566
f 1425//1425 1591//1591 1448//1448
f 1511//1511 1571//1571 1506//1506
f 1208//1208 1544//1544 1520//1520
f 1430//1430 1656//1656 1461//1461
f 1522//1522 1586//1586 1245//1245
f 1414//1414 1645//1645 1430//1430
f 1546//1546 1557//1557 1547//1547
f 1448//1448 1591//1591 1563//1563
f 1305//1305 1300//1300 1717//1717
f 1516//1516 1530//1530 1552//1552
f 1526//1526 1532//1532 1524//1524
f 1462//1462 1512//1512 1579//1579
f 1511//1511 1584//1584 1571//1571
f 1448//1448 1596//1596 1471//1471
f 1510//1510 1578//1578 1540//1540
f 1502//1502 1532//1532 1526//1526
f 1490//1490 1534//1534 1553//1553
f 1471//1471 1596//1596 1597//1597
f 1451//1451 1519//1519 1581//1581
f 1615//1615 1649//1649 1671//1671
f 1342//1342 1573//1573 1589//1589
f 1418//1418 1565//1565 1604//1604
f 1418//1418 1604//1604 1585//1585
f 1470//1470 1580//1580 1566//1566
f 1348//1348 1404//1404 1473//1473
f 1310//1310 1558//1558 1657//1657
f 1564//1564 1595//1595 1511//1511
f 1574//1574 1544//1544 1402//1402
f 1524//1524 1532//1532 1583//1583
f 1567//1567 1462//1462 1579//1579
f 1513//1513 1552//1552 1575//1575
f 1505//1505 1471//1471 1570//1570
f 1564//1564 1465//1465 1451//1451
f 1547//1547 1570//1570 1582//1582
f 1547//1547 1557//1557 1570//1570
f 1464//1464 1513//1513 1576//1576
f 1268//1268 1353//1353 1523//1523
f 1583//1583 1587//1587 1524//1524
f 1307//1307 1572//1572 1548//1548
f 1389//1389 1523//1523 1753//1753
f 1498//1498 1588//1588 1543//1543
f 1474//1474 1500//1500 1590//1590
f 1511//1511 1595//1595 1584//1584
f 1470//1470 1528//1528 1580//1580
f 1503//1503 1613//1613 1476//1476
f 1506//1506 1571//1571 1528//1528
f 1500//1500 1536//1536 1628//1628
f 1451//1451 1581//1581 1592//1592
f 1495//1495 1611//1611 1182//1182
f 2139//2139 1677//1677 1300//1300
f 1500//1500 1628//1628 1590//1590
f 1570//1570 1471//1471 1599//1599
f 1587//1587 1565//1565 1524//1524
f 1504//1504 1551//1551 1607//1607
f 1545//1545 1485//1485 1609//1609
f 1457//1457 1629//1629 1358//1358
f 1457//1457 1392//1392 1629//1629
f 1539//1539 1491//1491 1608//1608
f 1484//1484 1363//1363 1535//1535
f 1534//1534 1617//1617 1553//1553
f 1541//1541 1476//1476 1636//1636
f 1519//1519 1527//1527 1581//1581
f 1483//1483 1467//1467 1606//1606
f 1451//1451 1592//1592 1564//1564
f 1587//1587 1583//1583 1605//1605
f 1483//1483 1602//1602 1515//1515
f 1422//1422 1639//1639 1413//1413
f 1503//1503 1474//1474 1613//1613
f 1539//1539 1612//1612 1510//1510
f 1547//1547 1637//1637 1568//1568
f 1467//1467 1541//1541 1614//1614
f 1513//1513 1575//1575 1576//1576
f 1333//1333 1538//1538 1598//1598
f 1305//1305 1717//1717 1330//1330
f 1418//1418 1585//1585 1569//1569
f 1464//1464 1665//1665 1588//1588
f 1552//1552 1530//1530 1625//1625
f 1430//1430 1645//1645 1656//1656
f 1560//1560 1619//1619 1621//1621
f 1445//1445 1520//1520 1594//1594
f 1304//1304 1504//1504 1633//1633
f 1510//1510 1612//1612 1578//1578
f 1478//1478 1630//1630 1479//1479
f 1423//1423 1657//1657 1499//1499
f 1587//1587 1605//1605 1610//1610
f 1487//1487 1560//1560 1621//1621
f 1545//1545 1601//1601 1491//1491
f 1522//1522 1333//1333 1598//1598
f 1464//1464 1576//1576 1665//1665
f 1485//1485 1567//1567 1640//1640
f 1540//1540 1578//1578 1561//1561
f 1575//1575 1552//1552 1625//1625
f 1569//1569 1645//1645 1414//1414
f 1459//1459 1566//1566 1593//1593
f 1481//1481 1220//1220 1603//1603
f 1504//1504 1607//1607 1633//1633
f 1530//1530 1626//1626 1625//1625
f 1481//1481 1603//1603 1560//1560
f 1583//1583 1532//1532 1605//1605
f 1229//1229 1473//1473 1875//1875
f 1582//1582 1570//1570 1599//1599
f 1523//1523 1353//1353 1600//1600
f 1547//1547 1582//1582 1637//1637
f 1205//1205 1548//1548 1556//1556
f 1615//1615 1535//1535 1627//1627
f 1461//1461 1656//1656 1559//1559
f 1448//1448 1563//1563 1596//1596
f 1467//1467 1614//1614 1606//1606
f 1416//1416 1622//1622 1521//1521
f 1541//1541 1636//1636 1614//1614
f 1324//1324 1771//1771 1439//1439
f 1326//1326 1387//1387 1700//1700
f 1483//1483 1606//1606 1602//1602
f 1476//1476 1613//1613 1636//1636
f 1609//1609 1601//1601 1545//1545
f 1326//1326 1700//1700 1577//1577
f 1528//1528 1571//1571 1584//1584
f 1512//1512 1463//1463 1620//1620
f 1387//1387 1537//1537 1653//1653
f 1491//1491 1601//1601 1608//1608
f 1618//1618 1632//1632 1551//1551
f 1389//1389 1753//1753 1363//1363
f 1509//1509 1533//1533 1494//1494
f 1508//1508 1664//1664 1532//1532
f 1554//1554 1644//1644 1508//1508
f 1530//1530 1549//1549 1631//1631
f 1615//1615 1627//1627 1658//1658
f 1525//1525 1482//1482 1667//1667
f 1559//1559 1638//1638 1549//1549
f 1544//1544 1574//1574 1650//1650
f 1413//1413 1639//1639 1654//1654
f 1512//1512 1620//1620 1579//1579
f 1584//1584 1642//1642 1528//1528
f 1540//1540 1561//1561 1531//1531
f 1587//1587 1610//1610 1635//1635
f 1587//1587 1604//1604 1565//1565
f 1568//1568 1651//1651 1454//1454
f 1604//1604 1670//1670 1585//1585
f 1487//1487 1648//1648 1463//1463
f 1485//1485 1640//1640 1609//1609
f 1363//1363 1668//1668 1535//1535
f 1363//1363 1753//1753 1668//1668
f 1543//1543 1588//1588 1624//1624
f 1587//1587 1635//1635 1604//1604
f 1471//1471 1597//1597 1599//1599
f 1568//1568 1646//1646 1651//1651
f 1454//1454 1651//1651 1534//1534
f 1508//1508 1644//1644 1664//1664
f 1536//1536 1577//1577 1628//1628
f 1520//1520 1659//1659 1594//1594
f 1474//1474 1590//1590 1613//1613
f 1576//1576 1575//1575 1625//1625
f 1616//1616 1560//1560 1652//1652
f 1528//1528 1655//1655 1580//1580
f 1416//1416 1529//1529 1622//1622
f 1330//1330 1717//1717 1428//1428
f 1574//1574 1808//1808 1650//1650
f 1494//1494 1533//1533 1660//1660
f 1358//1358 1629//1629 1634//1634
f 1229//1229 1875//1875 1436//1436
f 1560//1560 1616//1616 1673//1673
f 1300//1300 1677//1677 1717//1717
f 1551//1551 1632//1632 1607//1607
f 1535//1535 1666//1666 1627//1627
f 1641//1641 1525//1525 1667//1667
f 1404//1404 1643//1643 1473//1473
f 1574//1574 1402//1402 1623//1623
f 1532//1532 1664//1664 1647//1647
f 1627//1627 1666//1666 1658//1658
f 1530//1530 1631//1631 1626//1626
f 1642//1642 1584//1584 1595//1595
f 1496//1496 1684//1684 1538//1538
f 1413//1413 1654//1654 1444//1444
f 1566//1566 1580//1580 1663//1663
f 1604//1604 1635//1635 1670//1670
f 1463//1463 1648//1648 1620//1620
f 1478//1478 1556//1556 1630//1630
f 1569//1569 1674//1674 1645//1645
f 1533//1533 1515//1515 1660//1660
f 1582//1582 1599//1599 1662//1662
f 1619//1619 1560//1560 1673//1673
f 1615//1615 1658//1658 1649//1649
f 1635//1635 1610//1610 1669//1669
f 1569//1569 1585//1585 1678//1678
f 1605//1605 1669//1669 1610//1610
f 1353//1353 1439//1439 1600//1600
f 1245//1245 1586//1586 1517//1517
f 1518//1518 1489//1489 1707//1707
f 1487//1487 1621//1621 1691//1691
f 1646//1646 1568//1568 1708//1708
f 1539//1539 1608//1608 1612//1612
f 1588//1588 1665//1665 1676//1676
f 1566//1566 1663//1663 1593//1593
f 1624//1624 1689//1689 1543//1543
f 1618//1618 1697//1697 1632//1632
f 1528//1528 1642//1642 1661//1661
f 1379//1379 1521//1521 1495//1495
f 1525//1525 1641//1641 1618//1618
f 1535//1535 1679//1679 1666//1666
f 1342//1342 1687//1687 1572//1572
f 1520//1520 1544//1544 1851//1851
f 1527//1527 1686//1686 1581//1581
f 1632//1632 1680//1680 1607//1607
f 1518//1518 1707//1707 1554//1554
f 1592//1592 1675//1675 1564//1564
f 1549//1549 1638//1638 1631//1631
f 1592//1592 1581//1581 1681//1681
f 1582//1582 1662//1662 1637//1637
f 1532//1532 1647//1647 1688//1688
f 1652//1652 1683//1683 1616//1616
f 1637//1637 1682//1682 1568//1568
f 1564//1564 1675//1675 1595//1595
f 1616//1616 1683//1683 1673//1673
f 1543//1543 1689//1689 1550//1550
f 1599//1599 1597//1597 1662//1662
f 1625//1625 1626//1626 1695//1695
f 1425//1425 1593//1593 1591//1591
f 1560//1560 1603//1603 1652//1652
f 1515//1515 1602//1602 1660//1660
f 1532//1532 1688//1688 1605//1605
f 1647//1647 1664//1664 1685//1685
f 1771//1771 1672//1672 1439//1439
f 1182//1182 1611//1611 1643//1643
f 1588//1588 1676//1676 1624//1624
f 1667//1667 1482//1482 1694//1694
f 1561//1561 1693//1693 1531//1531
f 1342//1342 1589//1589 1687//1687
f 1576//1576 1701//1701 1665//1665
f 1220//1220 1368//1368 1762//1762
f 1647//1647 1692//1692 1688//1688
f 1567//1567 1579//1579 1696//1696
f 1528//1528 1661//1661 1698//1698
f 1631//1631 1638//1638 1690//1690
f 1569//1569 1678//1678 1706//1706
f 1581//1581 1686//1686 1681//1681
f 1535//1535 1668//1668 1679//1679
f 1642//1642 1595//1595 1675//1675
f 1632//1632 1697//1697 1680//1680
f 1700//1700 1387//1387 1740//1740
f 1697//1697 1618//1618 1641//1641
f 1628//1628 1776//1776 1590//1590
f 1637//1637 1662//1662 1682//1682
f 1680//1680 1667//1667 1699//1699
f 1487//1487 1691//1691 1741//1741
f 1580//1580 1655//1655 1663//1663
f 1607//1607 1733//1733 1633//1633
f 1569//1569 1702//1702 1674//1674
f 1559//1559 1656//1656 1638//1638
f 1621//1621 1619//1619 1683//1683
f 1667//1667 1680//1680 1641//1641
f 1304//1304 1633//1633 1422//1422
f 1671//1671 1649//1649 1719//1719
f 1658//1658 1666//1666 1679//1679
f 1658//1658 1679//1679 1649//1649
f 1667//1667 1694//1694 1699//1699
f 1626//1626 1631//1631 1695//1695
f 1494//1494 1704//1704 1482//1482
f 1487//1487 1741//1741 1648//1648
f 1531//1531 1693//1693 1729//1729
f 1708//1708 1568//1568 1710//1710
f 1561//1561 1578//1578 1725//1725
f 1600//1600 1439//1439 1672//1672
f 1494//1494 1660//1660 1704//1704
f 1605//1605 1688//1688 1669//1669
f 1446//1446 1703//1703 1496//1496
f 1619//1619 1673//1673 1683//1683
f 1642//1642 1675//1675 1709//1709
f 1550//1550 1689//1689 1527//1527
f 1621//1621 1714//1714 1691//1691
f 1392//1392 1553//1553 1629//1629
f 1647//1647 1685//1685 1692//1692
f 1733//1733 1716//1716 1633//1633
f 1561//1561 1725//1725 1693//1693
f 1682//1682 1718//1718 1568//1568
f 1585//1585 1670//1670 1678//1678
f 1680//1680 1697//1697 1641//1641
f 1607//1607 1680//1680 1733//1733
f 1621//1621 1683//1683 1714//1714
f 1576//1576 1625//1625 1701//1701
f 1567//1567 1696//1696 1640//1640
f 1635//1635 1713//1713 1678//1678
f 1635//1635 1678//1678 1670//1670
f 1675//1675 1592//1592 1721//1721
f 1628//1628 1577//1577 1712//1712
f 1631//1631 1690//1690 1738//1738
f 1635//1635 1669//1669 1711//1711
f 1612//1612 1725//1725 1578//1578
f 1281//1281 1879//1879 1402//1402
f 1281//1281 2167//2167 1879//1879
f 1709//1709 1720//1720 1642//1642
f 1644//1644 1554//1554 1707//1707
f 1534//1534 1651//1651 1617//1617
f 1624//1624 1723//1723 1689//1689
f 1358//1358 1634//1634 1368//1368
f 1662//1662 1597//1597 1730//1730
f 1444//1444 1751//1751 1489//1489
f 1625//1625 1695//1695 1701//1701
f 1680//1680 1699//1699 1733//1733
f 1649//1649 1679//1679 1719//1719
f 1527//1527 1689//1689 1686//1686
f 1679//1679 1668//1668 1719//1719
f 1387//1387 1653//1653 1740//1740
f 1685//1685 1664//1664 1774//1774
f 1719//1719 1737//1737 1671//1671
f 1624//1624 1676//1676 1723//1723
f 1496//1496 1703//1703 1684//1684
f 1544//1544 1735//1735 1851//1851
f 1628//1628 1712//1712 1776//1776
f 1596//1596 1730//1730 1597//1597
f 1714//1714 1683//1683 1652//1652
f 1592//1592 1681//1681 1721//1721
f 1594//1594 1794//1794 1771//1771
f 1489//1489 1751//1751 1707//1707
f 1635//1635 1715//1715 1713//1713
f 1523//1523 1736//1736 1753//1753
f 1715//1715 1635//1635 1711//1711
f 1691//1691 1727//1727 1731//1731
f 1572//1572 1788//1788 1548//1548
f 1612//1612 1846//1846 1725//1725
f 1568//1568 1718//1718 1710//1710
f 1655//1655 1728//1728 1663//1663
f 1528//1528 1698//1698 1655//1655
f 1694//1694 1732//1732 1699//1699
f 1601//1601 1726//1726 1608//1608
f 1691//1691 1714//1714 1727//1727
f 1646//1646 1708//1708 1734//1734
f 1657//1657 1745//1745 1499//1499
f 1721//1721 1709//1709 1675//1675
f 1558//1558 1745//1745 1657//1657
f 1579//1579 1620//1620 1696//1696
f 1569//1569 1706//1706 1702//1702
f 1622//1622 1783//1783 1521//1521
f 1537//1537 1517//1517 1739//1739
f 1495//1495 1746//1746 1611//1611
f 1603//1603 1220//1220 1801//1801
f 1608//1608 1726//1726 1612//1612
f 1614//1614 1636//1636 1749//1749
f 1601//1601 1609//1609 1793//1793
f 1669//1669 1688//1688 1757//1757
f 1665//1665 1701//1701 1742//1742
f 1422//1422 1633//1633 1639//1639
f 1553//1553 1617//1617 1743//1743
f 1665//1665 1742//1742 1676//1676
f 1574//1574 1623//1623 1808//1808
f 1662//1662 1747//1747 1722//1722
f 1662//1662 1730//1730 1747//1747
f 1482//1482 1754//1754 1694//1694
f 1572//1572 1687//1687 1788//1788
f 1220//1220 1762//1762 1748//1748
f 1529//1529 1479//1479 1744//1744
f 1577//1577 1700//1700 1712//1712
f 1713//1713 1706//1706 1678//1678
f 1368//1368 1634//1634 1762//1762
f 1695//1695 1631//1631 1761//1761
f 1479//1479 1630//1630 1744//1744
f 1594//1594 1659//1659 1794//1794
f 1646//1646 1734//1734 1651//1651
f 1614//1614 1749//1749 1606//1606
f 1699//1699 1716//1716 1733//1733
f 1662//1662 1722//1722 1682//1682
f 1714//1714 1652//1652 1603//1603
f 1633//1633 1716//1716 1768//1768
f 1691//1691 1731//1731 1741//1741
f 1537//1537 1739//1739 1653//1653
f 1642//1642 1720//1720 1661//1661
f 1703//1703 1446//1446 1770//1770
f 1681//1681 1760//1760 1721//1721
f 1544//1544 1650//1650 1735//1735
f 1620//1620 1648//1648 1752//1752
f 1737//1737 1719//1719 1755//1755
f 1529//1529 1744//1744 1622//1622
f 1719//1719 1756//1756 1755//1755
f 1686//1686 1759//1759 1681//1681
f 1694//1694 1724//1724 1802//1802
f 1613//1613 1782//1782 1636//1636
f 1613//1613 1590//1590 1769//1769
f 1630//1630 1779//1779 1744//1744
f 1690//1690 1638//1638 1750//1750
f 1681//1681 1821//1821 1760//1760
f 1446//1446 1555//1555 1770//1770
f 1556//1556 1548//1548 1772//1772
f 1701//1701 1695//1695 1767//1767
f 1742//1742 1701//1701 1766//1766
f 1620//1620 1752//1752 1696//1696
f 1553//1553 1743//1743 1629//1629
f 1477//1477 1542//1542 1773//1773
f 1695//1695 1761//1761 1765//1765
f 1602//1602 1777//1777 1660//1660
f 1542//1542 1436//1436 1875//1875
f 1725//1725 1780//1780 1693//1693
f 1522//1522 1764//1764 1586//1586
f 1601//1601 1793//1793 1726//1726
f 1522//1522 1598//1598 1764//1764
f 1685//1685 1774//1774 1692//1692
f 1531//1531 1729//1729 1791//1791
f 1482//1482 1704//1704 1754//1754
f 1656//1656 1645//1645 1789//1789
f 1613//1613 1769//1769 1782//1782
f 1690//1690 1750//1750 1738//1738
f 1695//1695 1765//1765 1767//1767
f 1633//1633 1768//1768 1758//1758
f 1692//1692 1774//1774 1688//1688
f 1674//1674 1778//1778 1645//1645
f 1520//1520 1851//1851 1659//1659
f 1700//1700 1740//1740 1828//1828
f 1638//1638 1656//1656 1705//1705
f 1689//1689 1723//1723 1775//1775
f 1686//1686 1689//1689 1781//1781
f 1699//1699 1732//1732 1716//1716
f 1636//1636 1782//1782 1749//1749
f 1495//1495 1521//1521 1746//1746
f 1521//1521 1783//1783 1784//1784
f 1776//1776 1920//1920 1590//1590
f 418//418 899//899 1841//1841
f 1701//1701 1767//1767 1766//1766
f 1655//1655 1822//1822 1728//1728
f 1609//1609 1640//1640 1793//1793
f 1523//1523 1600//1600 1736//1736
f 1631//1631 1738//1738 1761//1761
f 1630//1630 1556//1556 1772//1772
f 1630//1630 1772//1772 1779//1779
f 1661//1661 1720//1720 1698//1698
f 1689//1689 1775//1775 1781//1781
f 1728//1728 1786//1786 1663//1663
f 1722//1722 1747//1747 1805//1805
f 1741//1741 1731//1731 1787//1787
f 1694//1694 1802//1802 1732//1732
f 1714//1714 1603//1603 1795//1795
f 1664//1664 1644//1644 1790//1790
f 1801//1801 1795//1795 1603//1603
f 1774//1774 1664//1664 1790//1790
f 1704//1704 1660//1660 1754//1754
f 1741//1741 1787//1787 1763//1763
f 1655//1655 1698//1698 1822//1822
f 1709//1709 1792//1792 1720//1720
f 1721//1721 1792//1792 1709//1709
f 1741//1741 1752//1752 1648//1648
f 1573//1573 1531//1531 1791//1791
f 1785//1785 1742//1742 1766//1766
f 1706//1706 1713//1713 1797//1797
f 1710//1710 1734//1734 1708//1708
f 1707//1707 1751//1751 1644//1644
f 1754//1754 1660//1660 1777//1777
f 1735//1735 1650//1650 1804//1804
f 1548//1548 1788//1788 1772//1772
f 1402//1402 1879//1879 1623//1623
f 1612//1612 1726//1726 1846//1846
f 1822//1822 1798//1798 1728//1728
f 1684//1684 1818//1818 1538//1538
f 1681//1681 1759//1759 1821//1821
f 1686//1686 1781//1781 1759//1759
f 1700//1700 1828//1828 1712//1712
f 1728//1728 1798//1798 1786//1786
f 1714//1714 1801//1801 1727//1727
f 1747//1747 1730//1730 1803//1803
f 1712//1712 1807//1807 1776//1776
f 1771//1771 1799//1799 1672//1672
f 1656//1656 1789//1789 1705//1705
f 1717//1717 1819//1819 1428//1428
f 1706//1706 1797//1797 1702//1702
f 1420//1420 1477//1477 1773//1773
f 1573//1573 1796//1796 1589//1589
f 1591//1591 1593//1593 1815//1815
f 1702//1702 1806//1806 1674//1674
f 1801//1801 1220//1220 1907//1907
f 1688//1688 1774//1774 1870//1870
f 1714//1714 1795//1795 1801//1801
f 1725//1725 1891//1891 1780//1780
f 1589//1589 1796//1796 1817//1817
f 1651//1651 1734//1734 1812//1812
f 1750//1750 1638//1638 1705//1705
f 1674//1674 1806//1806 1778//1778
f 1729//1729 1693//1693 1831//1831
f 1236//1236 1999//1999 439//439
f 1711//1711 1669//1669 1809//1809
f 1677//1677 1816//1816 1717//1717
f 1659//1659 1810//1810 1794//1794
f 1663//1663 1786//1786 1593//1593
f 1596//1596 1803//1803 1730//1730
f 1573//1573 1791//1791 1796//1796
f 1220//1220 1748//1748 1907//1907
f 1668//1668 1753//1753 1839//1839
f 1538//1538 1834//1834 1598//1598
f 1558//1558 1428//1428 1819//1819
f 1710//1710 1825//1825 1734//1734
f 1741//1741 1763//1763 1752//1752
f 1723//1723 1676//1676 1811//1811
f 1716//1716 1732//1732 1814//1814
f 1499//1499 1745//1745 1823//1823
f 1563//1563 1591//1591 1596//1596
f 1740//1740 1653//1653 1906//1906
f 1653//1653 1739//1739 1906//1906
f 1724//1724 1694//1694 1852//1852
f 1593//1593 1786//1786 1815//1815
f 418//418 1841//1841 441//441
f 1715//1715 1837//1837 1713//1713
f 1643//1643 1611//1611 1864//1864
f 1750//1750 1705//1705 1813//1813
f 1677//1677 2139//2139 1887//1887
f 1669//1669 1757//1757 1809//1809
f 1444//1444 1654//1654 1751//1751
f 1808//1808 1848//1848 1650//1650
f 1659//1659 1851//1851 1810//1810
f 1721//1721 1760//1760 1792//1792
f 1693//1693 1780//1780 1831//1831
f 1671//1671 1737//1737 1824//1824
f 1781//1781 1775//1775 1929//1929
f 1517//1517 1586//1586 1826//1826
f 1598//1598 1834//1834 1764//1764
f 1767//1767 1765//1765 1829//1829
f 1698//1698 1720//1720 1874//1874
f 1606//1606 1853//1853 1602//1602
f 1771//1771 1794//1794 1799//1799
f 1766//1766 1767//1767 1829//1829
f 1765//1765 1761//1761 1829//1829
f 1814//1814 1732//1732 1833//1833
f 1744//1744 1779//1779 1843//1843
f 1806//1806 1702//1702 1840//1840
f 1723//1723 1811//1811 1775//1775
f 1596//1596 1830//1830 1803//1803
f 1802//1802 1724//1724 1836//1836
f 1713//1713 1835//1835 1797//1797
f 1722//1722 1805//1805 1827//1827
f 1702//1702 1797//1797 1840//1840
f 1742//1742 1785//1785 1676//1676
f 1729//1729 1885//1885 1791//1791
f 1716//1716 1814//1814 1768//1768
f 1727//1727 1844//1844 1731//1731
f 1920//1920 1776//1776 1855//1855
f 1420//1420 1773//1773 1838//1838
f 1756//1756 1719//1719 1800//1800
f 1792//1792 1842//1842 1720//1720
f 1606//1606 1749//1749 1853//1853
f 1703//1703 1770//1770 1832//1832
f 1774//1774 1820//1820 1870//1870
f 1538//1538 1818//1818 1834//1834
f 1696//1696 1752//1752 1856//1856
f 1719//1719 1668//1668 1839//1839
f 1727//1727 1801//1801 1844//1844
f 1622//1622 1941//1941 1783//1783
f 1521//1521 1784//1784 1746//1746
f 1499//1499 1823//1823 1845//1845
f 1643//1643 1864//1864 1473//1473
f 1809//1809 1757//1757 1902//1902
f 1774//1774 1790//1790 1820//1820
f 1735//1735 1804//1804 1851//1851
f 1596//1596 1863//1863 1830//1830
f 1729//1729 1831//1831 1885//1885
f 1715//1715 1711//1711 1809//1809
f 1684//1684 1703//1703 1818//1818
f 1756//1756 1800//1800 1755//1755
f 1633//1633 1898//1898 1639//1639
f 1793//1793 1640//1640 1861//1861
f 1713//1713 1837//1837 1835//1835
f 1776//1776 1847//1847 1855//1855
f 1645//1645 1778//1778 1789//1789
f 1682//1682 1722//1722 1827//1827
f 1718//1718 1825//1825 1710//1710
f 1651//1651 1889//1889 1617//1617
f 1644//1644 1751//1751 1790//1790
f 1752//1752 1763//1763 1882//1882
f 1694//1694 1754//1754 1852//1852
f 1617//1617 1889//1889 1743//1743
f 1759//1759 1781//1781 1858//1858
f 1760//1760 1881//1881 1792//1792
f 1757//1757 1688//1688 1870//1870
f 1763//1763 1787//1787 1882//1882
f 1787//1787 1888//1888 1882//1882
f 1794//1794 1810//1810 1851//1851
f 1696//1696 1856//1856 1640//1640
f 1798//1798 1857//1857 1815//1815
f 1555//1555 1868//1868 1770//1770
f 1650//1650 1848//1848 1804//1804
f 1798//1798 1815//1815 1786//1786
f 1759//1759 1858//1858 1821//1821
f 1739//1739 1517//1517 1826//1826
f 1718//1718 1682//1682 1866//1866
f 1785//1785 1860//1860 1676//1676
f 1562//1562 1671//1671 1824//1824
f 1798//1798 1822//1822 1857//1857
f 1586//1586 1764//1764 1867//1867
f 1651//1651 1812//1812 1889//1889
f 1750//1750 1872//1872 1738//1738
f 1851//1851 1804//1804 1880//1880
f 1726//1726 1871//1871 1846//1846
f 1813//1813 1705//1705 1877//1877
f 1776//1776 1807//1807 1847//1847
f 1590//1590 1920//1920 1769//1769
f 1813//1813 1872//1872 1750//1750
f 1622//1622 1744//1744 1859//1859
f 1747//1747 1803//1803 1869//1869
f 1600//1600 1672//1672 1854//1854
f 1629//1629 1743//1743 1634//1634
f 1672//1672 1799//1799 1873//1873
f 1586//1586 1867//1867 1826//1826
f 1779//1779 1772//1772 1843//1843
f 1803//1803 1830//1830 1869//1869
f 1835//1835 1840//1840 1797//1797
f 1682//1682 1827//1827 1865//1865
f 1596//1596 1591//1591 1863//1863
f 1766//1766 1829//1829 1892//1892
f 1724//1724 1852//1852 1836//1836
f 1804//1804 1848//1848 1880//1880
f 1558//1558 2021//2021 1745//1745
f 1672//1672 1873//1873 1854//1854
f 1745//1745 2021//2021 1823//1823
f 1473//1473 1862//1862 1875//1875
f 1542//1542 1875//1875 1894//1894
f 1749//1749 1782//1782 1853//1853
f 1775//1775 1811//1811 1876//1876
f 1754//1754 1777//1777 1852//1852
f 1633//1633 1758//1758 1908//1908
f 1789//1789 1883//1883 1705//1705
f 1720//1720 1842//1842 1874//1874
f 1781//1781 1878//1878 1858//1858
f 1555//1555 1514//1514 2060//2060
f 1622//1622 1859//1859 1941//1941
f 1778//1778 1911//1911 1789//1789
f 1718//1718 1866//1866 1825//1825
f 1542//1542 1894//1894 1773//1773
f 1820//1820 1899//1899 1870//1870
f 1751//1751 1654//1654 1904//1904
f 1602//1602 1853//1853 1777//1777
f 1851//1851 1880//1880 1794//1794
f 1677//1677 1887//1887 1816//1816
f 1785//1785 1766//1766 1860//1860
f 1877//1877 1705//1705 1883//1883
f 1760//1760 1821//1821 1881//1881
f 1811//1811 1676//1676 1886//1886
f 1591//1591 1815//1815 1850//1850
f 1734//1734 1825//1825 1812//1812
f 1600//1600 1854//1854 1736//1736
f 1794//1794 1880//1880 1932//1932
f 1766//1766 1892//1892 1860//1860
f 1712//1712 1828//1828 1807//1807
f 1687//1687 1589//1589 1896//1896
f 1676//1676 1860//1860 1886//1886
f 1761//1761 1738//1738 1849//1849
f 1725//1725 1846//1846 1905//1905
f 1777//1777 1900//1900 1852//1852
f 1555//1555 2060//2060 1868//1868
f 1633//1633 1908//1908 1898//1898
f 1877//1877 1923//1923 1813//1813
f 1682//1682 1865//1865 1866//1866
f 1794//1794 1932//1932 1799//1799
f 1832//1832 1818//1818 1703//1703
f 1800//1800 1914//1914 1755//1755
f 1880//1880 1848//1848 1916//1916
f 1715//1715 1809//1809 1924//1924
f 1473//1473 1864//1864 1862//1862
f 1725//1725 1905//1905 1891//1891
f 1753//1753 1893//1893 1839//1839
f 1775//1775 1876//1876 1929//1929
f 1761//1761 1849//1849 1829//1829
f 1623//1623 1879//1879 1895//1895
f 1514//1514 1499//1499 1845//1845
f 1420//1420 1921//1921 1236//1236
f 1816//1816 1913//1913 1717//1717
f 1812//1812 1903//1903 1889//1889
f 1787//1787 2048//2048 1888//1888
f 1875//1875 1862//1862 2115//2115
f 1623//1623 1895//1895 1848//1848
f 1623//1623 1848//1848 1808//1808
f 1813//1813 1923//1923 1872//1872
f 1822//1822 1698//1698 1917//1917
f 1792//1792 1881//1881 1842//1842
f 1781//1781 1929//1929 1878//1878
f 1835//1835 1837//1837 1912//1912
f 1591//1591 1850//1850 1863//1863
f 1789//1789 1911//1911 1883//1883
f 1841//1841 899//899 2109//2109
f 1777//1777 1853//1853 1900//1900
f 1814//1814 1918//1918 1768//1768
f 1731//1731 1844//1844 1909//1909
f 1769//1769 1920//1920 1936//1936
f 1751//1751 1915//1915 1790//1790
f 1788//1788 1922//1922 1772//1772
f 1837//1837 1897//1897 1912//1912
f 1857//1857 1890//1890 1815//1815
f 1687//1687 1896//1896 1788//1788
f 1920//1920 1855//1855 1959//1959
f 1801//1801 1927//1927 1844//1844
f 1753//1753 1736//1736 1925//1925
f 1837//1837 1715//1715 1924//1924
f 1880//1880 1956//1956 1932//1932
f 1768//1768 1908//1908 1758//1758
f 1717//1717 1913//1913 1819//1819
f 1880//1880 1916//1916 1946//1946
f 1880//1880 1946//1946 1956//1956
f 1840//1840 1835//1835 1806//1806
f 1747//1747 1869//1869 1928//1928
f 1739//1739 1826//1826 1926//1926
f 1752//1752 1882//1882 1884//1884
f 1611//1611 1746//1746 1935//1935
f 1778//1778 1806//1806 1934//1934
f 1847//1847 1807//1807 1855//1855
f 1908//1908 1942//1942 1898//1898
f 1874//1874 1930//1930 1698//1698
f 1726//1726 1793//1793 1910//1910
f 1828//1828 1937//1937 1807//1807
f 1916//1916 1848//1848 1933//1933
f 1788//1788 1896//1896 1901//1901
f 1558//1558 1819//1819 2021//2021
f 1861//1861 1640//1640 1856//1856
f 1867//1867 1764//1764 1939//1939
f 1764//1764 1834//1834 1939//1939
f 1842//1842 1930//1930 1874//1874
f 1768//1768 1918//1918 1908//1908
f 1783//1783 1941//1941 1784//1784
f 1802//1802 1940//1940 1732//1732
f 1736//1736 1854//1854 1925//1925
f 1739//1739 1926//1926 1906//1906
f 1876//1876 1811//1811 1950//1950
f 1752//1752 1884//1884 1856//1856
f 1719//1719 1951//1951 1800//1800
f 1788//1788 1901//1901 1922//1922
f 1836//1836 1852//1852 1931//1931
f 1824//1824 1737//1737 1968//1968
f 1830//1830 1954//1954 1869//1869
f 1943//1943 1945//1945 1933//1933
f 1738//1738 1872//1872 1919//1919
f 1890//1890 1857//1857 1948//1948
f 1877//1877 1883//1883 1911//1911
f 1639//1639 1898//1898 1654//1654
f 1611//1611 1935//1935 1864//1864
f 1831//1831 1780//1780 1949//1949
f 1946//1946 1916//1916 1961//1961
f 1589//1589 1817//1817 1896//1896
f 1917//1917 1948//1948 1822//1822
f 1737//1737 1755//1755 1968//1968
f 1818//1818 1947//1947 2008//2008
f 1882//1882 1888//1888 1953//1953
f 1933//1933 1945//1945 1916//1916
f 1830//1830 1863//1863 1954//1954
f 1812//1812 1825//1825 1903//1903
f 1828//1828 1740//1740 1937//1937
f 1853//1853 1782//1782 1958//1958
f 1892//1892 1829//1829 1849//1849
f 1928//1928 1869//1869 1976//1976
f 1787//1787 1731//1731 2048//2048
f 1857//1857 1822//1822 1948//1948
f 1770//1770 1868//1868 1832//1832
f 1956//1956 1952//1952 1932//1932
f 1838//1838 1921//1921 1420//1420
f 1744//1744 1965//1965 1859//1859
f 1952//1952 1956//1956 1955//1955
f 1858//1858 1878//1878 1938//1938
f 1820//1820 1790//1790 1970//1970
f 1757//1757 1870//1870 1902//1902
f 1811//1811 1957//1957 1950//1950
f 1726//1726 1966//1966 1871//1871
f 1753//1753 1925//1925 1893//1893
f 1806//1806 1835//1835 1934//1934
f 1899//1899 1820//1820 1970//1970
f 1738//1738 1964//1964 1849//1849
f 1850//1850 1967//1967 1863//1863
f 1877//1877 1911//1911 1975//1975
f 1933//1933 1848//1848 2019//2019
f 1738//1738 1919//1919 1964//1964
f 1858//1858 1938//1938 1962//1962
f 1831//1831 1949//1949 1885//1885
f 1858//1858 1962//1962 1821//1821
f 1843//1843 1978//1978 1744//1744
f 1934//1934 1835//1835 1974//1974
f 1815//1815 1890//1890 1850//1850
f 1919//1919 1872//1872 1969//1969
f 1878//1878 1929//1929 1980//1980
f 1811//1811 1886//1886 1957//1957
f 1780//1780 1891//1891 1949//1949
f 1747//1747 1928//1928 1805//1805
f 1816//1816 1887//1887 1981//1981
f 1801//1801 1907//1907 1927//1927
f 1835//1835 1912//1912 1974//1974
f 1877//1877 1975//1975 1923//1923
f 1790//1790 1915//1915 1970//1970
f 1778//1778 1934//1934 1911//1911
f 1800//1800 1951//1951 1914//1914
f 1918//1918 1814//1814 1833//1833
f 1850//1850 1890//1890 1967//1967
f 1950//1950 1988//1988 1876//1876
f 1881//1881 1821//1821 1973//1973
f 1860//1860 1892//1892 1971//1971
f 1945//1945 1943//1943 1987//1987
f 1823//1823 2028//2028 1845//1845
f 1744//1744 1978//1978 1965//1965
f 1941//1941 1982//1982 1784//1784
f 1743//1743 1889//1889 1944//1944
f 1929//1929 1876//1876 1983//1983
f 1799//1799 1932//1932 1993//1993
f 1802//1802 1836//1836 1940//1940
f 1791//1791 1979//1979 1796//1796
f 1751//1751 1904//1904 1915//1915
f 1907//1907 1748//1748 1927//1927
f 1819//1819 1913//1913 1990//1990
f 1973//1973 1842//1842 1881//1881
f 439//439 1999//1999 1281//1281
f 1913//1913 1816//1816 1981//1981
f 1818//1818 2008//2008 1834//1834
f 1953//1953 1995//1995 1882//1882
f 1872//1872 1923//1923 1969//1969
f 1885//1885 1991//1991 1979//1979
f 1885//1885 1979//1979 1791//1791
f 1855//1855 1807//1807 2026//2026
f 1860//1860 1971//1971 1886//1886
f 1821//1821 1962//1962 1973//1973
f 1807//1807 1937//1937 1996//1996
f 1929//1929 1983//1983 1980//1980
f 1833//1833 1732//1732 2043//2043
f 1895//1895 1879//1879 2031//2031
f 1832//1832 1963//1963 1947//1947
f 1917//1917 1698//1698 1984//1984
f 1869//1869 1954//1954 1976//1976
f 1878//1878 1980//1980 1938//1938
f 1866//1866 1865//1865 2009//2009
f 1890//1890 1948//1948 2005//2005
f 1890//1890 2005//2005 1967//1967
f 1875//1875 2115//2115 1986//1986
f 1956//1956 1946//1946 1955//1955
f 1468//1468 1562//1562 2007//2007
f 1912//1912 1897//1897 1994//1994
f 1805//1805 1928//1928 1998//1998
f 1876//1876 1988//1988 1983//1983
f 1943//1943 1933//1933 1987//1987
f 1931//1931 2011//2011 1836//1836
f 1916//1916 1945//1945 1961//1961
f 1912//1912 1994//1994 1972//1972
f 1931//1931 1852//1852 1977//1977
f 441//441 1841//1841 2192//2192
f 1912//1912 1972//1972 1974//1974
f 1832//1832 1947//1947 1818//1818
f 1805//1805 2002//2002 1827//1827
f 2001//2001 1838//1838 1773//1773
f 1827//1827 1997//1997 1865//1865
f 1634//1634 1743//1743 2071//2071
f 1928//1928 2006//2006 1998//1998
f 1805//1805 1998//1998 2002//2002
f 1846//1846 1871//1871 1905//1905
f 1856//1856 1884//1884 2004//2004
f 1934//1934 1972//1972 1911//1911
f 1889//1889 1903//1903 2000//2000
f 1934//1934 1974//1974 1972//1972
f 1856//1856 2004//2004 1861//1861
f 1819//1819 1992//1992 2021//2021
f 1908//1908 1918//1918 1942//1942
f 1953//1953 2024//2024 1995//1995
f 1903//1903 1825//1825 2000//2000
f 1863//1863 1967//1967 1954//1954
f 1938//1938 2014//2014 1962//1962
f 1746//1746 1784//1784 1985//1985
f 1823//1823 2021//2021 2028//2028
f 1975//1975 1911//1911 1972//1972
f 1784//1784 1982//1982 2015//2015
f 1832//1832 1868//1868 1963//1963
f 1906//1906 2022//2022 1740//1740
f 1957//1957 1988//1988 1950//1950
f 1973//1973 1962//1962 2027//2027
f 1746//1746 1985//1985 1935//1935
f 1837//1837 1924//1924 1897//1897
f 1980//1980 1983//1983 2017//2017
f 1933//1933 2019//2019 1987//1987
f 1886//1886 1971//1971 1957//1957
f 1962//1962 2014//2014 2027//2027
f 1879//1879 2003//2003 2020//2020
f 1743//1743 1944//1944 1989//1989
f 1852//1852 2044//2044 1977//1977
f 1917//1917 2018//2018 1948//1948
f 1843//1843 1772//1772 1978//1978
f 1898//1898 1942//1942 2079//2079
f 1698//1698 1930//1930 1984//1984
f 1967//1967 1976//1976 1954//1954
f 1732//1732 1940//1940 2043//2043
f 1861//1861 2004//2004 1793//1793
f 1928//1928 1976//1976 2006//2006
f 1902//1902 2069//2069 1809//1809
f 1848//1848 1895//1895 2019//2019
f 1834//1834 2041//2041 1939//1939
f 1931//1931 1977//1977 2011//2011
f 2008//2008 2025//2025 1834//1834
f 1937//1937 1740//1740 2022//2022
f 2003//2003 1879//1879 2030//2030
f 1882//1882 1995//1995 1884//1884
f 1868//1868 2060//2060 2042//2042
f 1927//1927 1748//1748 1960//1960
f 1930//1930 1842//1842 2010//2010
f 1938//1938 1980//1980 2014//2014
f 1888//1888 2024//2024 1953//1953
f 1844//1844 1927//1927 1909//1909
f 1899//1899 2013//2013 2012//2012
f 1975//1975 1972//1972 2056//2056
f 1967//1967 2005//2005 1976//1976
f 2026//2026 1807//1807 2037//2037
f 1842//1842 1973//1973 2027//2027
f 1862//1862 1864//1864 2115//2115
f 1726//1726 1910//1910 1966//1966
f 1819//1819 1990//1990 1992//1992
f 1719//1719 1839//1839 1951//1951
f 1827//1827 2002//2002 1997//1997
f 1834//1834 2025//2025 2041//2041
f 1902//1902 2016//2016 2069//2069
f 1743//1743 1989//1989 2071//2071
f 1799//1799 1993//1993 2081//2081
f 2139//2139 441//441 2192//2192
f 1919//1919 1969//1969 2032//2032
f 1975//1975 2056//2056 1923//1923
f 1879//1879 2020//2020 2031//2031
f 1919//1919 2032//2032 2033//2033
f 1852//1852 1900//1900 2044//2044
f 1917//1917 2075//2075 2018//2018
f 1948//1948 2018//2018 2034//2034
f 1964//1964 1919//1919 2033//2033
f 1923//1923 2056//2056 1969//1969
f 1976//1976 2005//2005 2006//2006
f 1968//1968 1755//1755 2088//2088
f 1980//1980 2017//2017 2014//2014
f 1514//1514 2038//2038 2060//2060
f 1514//1514 1845//1845 2038//2038
f 1826//1826 2036//2036 1926//1926
f 1893//1893 2138//2138 1839//1839
f 1948//1948 2034//2034 2006//2006
f 1969//1969 2056//2056 2032//2032
f 1755//1755 1914//1914 2088//2088
f 1762//1762 1960//1960 1748//1748
f 2005//2005 1948//1948 2006//2006
f 1731//1731 1909//1909 2048//2048
f 1839//1839 2055//2055 1951//1951
f 1892//1892 2040//2040 1971//1971
f 1769//1769 1936//1936 2023//2023
f 2029//2029 1977//1977 2044//2044
f 1915//1915 2086//2086 1970//1970
f 1983//1983 1988//1988 2046//2046
f 1906//1906 1926//1926 2121//2121
f 1987//1987 2063//2063 1945//1945
f 2003//2003 2030//2030 2020//2020
f 1961//1961 2067//2067 1946//1946
f 1838//1838 2001//2001 1921//1921
f 1964//1964 2033//2033 2070//2070
f 1825//1825 1866//1866 2049//2049
f 1875//1875 1986//1986 1894//1894
f 1769//1769 2023//2023 1782//1782
f 1654//1654 1898//1898 1904//1904
f 1917//1917 1984//1984 2075//2075
f 1995//1995 2052//2052 1884//1884
f 1942//1942 1918//1918 2051//2051
f 1855//1855 2026//2026 2089//2089
f 1884//1884 2052//2052 2004//2004
f 1924//1924 1809//1809 2047//2047
f 2024//2024 1888//1888 2048//2048
f 1899//1899 2012//2012 2062//2062
f 1983//1983 2046//2046 2017//2017
f 1964//1964 2045//2045 1849//1849
f 1905//1905 2035//2035 1891//1891
f 1905//1905 2057//2057 2035//2035
f 1793//1793 2004//2004 1910//1910
f 1920//1920 1959//1959 2058//2058
f 1859//1859 1965//1965 2085//2085
f 1932//1932 1952//1952 1993//1993
f 1964//1964 2070//2070 2045//2045
f 1762//1762 1634//1634 2071//2071
f 1899//1899 1970//1970 2013//2013
f 1987//1987 2019//2019 1895//1895
f 1915//1915 1904//1904 2086//2086
f 1941//1941 1859//1859 1982//1982
f 2015//2015 2059//2059 1784//1784
f 1930//1930 2010//2010 1984//1984
f 1885//1885 1949//1949 2094//2094
f 1885//1885 2094//2094 1991//1991
f 1825//1825 2049//2049 2050//2050
f 1871//1871 2061//2061 1905//1905
f 1937//1937 2022//2022 1996//1996
f 1849//1849 2040//2040 1892//1892
f 1952//1952 1955//1955 2076//2076
f 1891//1891 2035//2035 1949//1949
f 1825//1825 2050//2050 2000//2000
f 1836//1836 2011//2011 1940//1940
f 1957//1957 2040//2040 1988//1988
f 1998//1998 2006//2006 2093//2093
f 1939//1939 2041//2041 1867//1867
f 2013//2013 1970//1970 2053//2053
f 2024//2024 2052//2052 1995//1995
f 1855//1855 2089//2089 1959//1959
f 2027//2027 2010//2010 1842//1842
f 1971//1971 2040//2040 1957//1957
f 1796//1796 1979//1979 2039//2039
f 2032//2032 2056//2056 2065//2065
f 1984//1984 2010//2010 2075//2075
f 1893//1893 1925//1925 2138//2138
f 1896//1896 1817//1817 2097//2097
f 2024//2024 2048//2048 2083//2083
f 1853//1853 1958//1958 1900//1900
f 1894//1894 2102//2102 1773//1773
f 1807//1807 1996//1996 2037//2037
f 2022//2022 1906//1906 2121//2121
f 1994//1994 2137//2137 1972//1972
f 1784//1784 2059//2059 1985//1985
f 1945//1945 2063//2063 1961//1961
f 2064//2064 2073//2073 2024//2024
f 2013//2013 2053//2053 2012//2012
f 899//899 1468//1468 2109//2109
f 2070//2070 2033//2033 2078//2078
f 1895//1895 2031//2031 1987//1987
f 1942//1942 2051//2051 2079//2079
f 1987//1987 2031//2031 2063//2063
f 2034//2034 2084//2084 2006//2006
f 2010//2010 2072//2072 2075//2075
f 1996//1996 2087//2087 2037//2037
f 1562//1562 1824//1824 2007//2007
f 1870//1870 1899//1899 2062//2062
f 2041//2041 2090//2090 1867//1867
f 1799//1799 2081//2081 1873//1873
f 2029//2029 2044//2044 2068//2068
f 1762//1762 2071//2071 2082//2082
f 1762//1762 2082//2082 1960//1960
f 2033//2033 2032//2032 2078//2078
f 2004//2004 2052//2052 2080//2080
f 2073//2073 2064//2064 2103//2103
f 1902//1902 1870//1870 2142//2142
f 2045//2045 2070//2070 1849//1849
f 1970//1970 2145//2145 2053//2053
f 2006//2006 2084//2084 2093//2093
f 1920//1920 2058//2058 1936//1936
f 1887//1887 2099//2099 1981//1981
f 1889//1889 2000//2000 2091//2091
f 1921//1921 2001//2001 2106//2106
f 1865//1865 1997//1997 2009//2009
f 1826//1826 1867//1867 2036//2036
f 2075//2075 2072//2072 2114//2114
f 2017//2017 2066//2066 2014//2014
f 1796//1796 2097//2097 1817//1817
f 2024//2024 2073//2073 2052//2052
f 1859//1859 2085//2085 1982//1982
f 1809//1809 2069//2069 2047//2047
f 2056//2056 1972//1972 2101//2101
f 2028//2028 2169//2169 1845//1845
f 1958//1958 2100//2100 1900//1900
f 2077//2077 2091//2091 2000//2000
f 2075//2075 2104//2104 2018//2018
f 2032//2032 2065//2065 2078//2078
f 1849//1849 2070//2070 2040//2040
f 2001//2001 1773//1773 2106//2106
f 1900//1900 2100//2100 2044//2044
f 2023//2023 2107//2107 1782//1782
f 1796//1796 2039//2039 2097//2097
f 2075//2075 2114//2114 2104//2104
f 1772//1772 1922//1922 2113//2113
f 1866//1866 2095//2095 2049//2049
f 1988//1988 2040//2040 2046//2046
f 2017//2017 2046//2046 2066//2066
f 1978//1978 2105//2105 1965//1965
f 2036//2036 2132//2132 1926//1926
f 1946//1946 2092//2092 2076//2076
f 1946//1946 2076//2076 1955//1955
f 2008//2008 1947//1947 2096//2096
f 2098//2098 2068//2068 2044//2044
f 2070//2070 2108//2108 2040//2040
f 2106//2106 1773//1773 2102//2102
f 2068//2068 2098//2098 2127//2127
f 1839//1839 2138//2138 2055//2055
f 1898//1898 2079//2079 2143//2143
f 2018//2018 2111//2111 2034//2034
f 2068//2068 2127//2127 2029//2029
f 1977//1977 2029//2029 2011//2011
f 1978//1978 1772//1772 2116//2116
f 1961//1961 2063//2063 2067//2067
f 1927//1927 1960//1960 2151//2151
f 2056//2056 2112//2112 2120//2120
f 1866//1866 2009//2009 2095//2095
f 1946//1946 2067//2067 2092//2092
f 1889//1889 2091//2091 1944//1944
f 1924//1924 2047//2047 1897//1897
f 2056//2056 2133//2133 2112//2112
f 2026//2026 2037//2037 2089//2089
f 1994//1994 1897//1897 2137//2137
f 1918//1918 1833//1833 2054//2054
f 1981//1981 2099//2099 1913//1913
f 2004//2004 2080//2080 1910//1910
f 2008//2008 2096//2096 2025//2025
f 1970//1970 2086//2086 2145//2145
f 1952//1952 2124//2124 1993//1993
f 2067//2067 2164//2164 2092//2092
f 1873//1873 2081//2081 2123//2123
f 2065//2065 2056//2056 2120//2120
f 2093//2093 2125//2125 2118//2118
f 2058//2058 2117//2117 2135//2135
f 2043//2043 2054//2054 1833//1833
f 2034//2034 2111//2111 2084//2084
f 2031//2031 2020//2020 2063//2063
f 2103//2103 2119//2119 2073//2073
f 1922//1922 1901//1901 2113//2113
f 2056//2056 2101//2101 2133//2133
f 2014//2014 2122//2122 2027//2027
f 2000//2000 2050//2050 2077//2077
f 2035//2035 2128//2128 1949//1949
f 2098//2098 2110//2110 2127//2127
f 1958//1958 1782//1782 2107//2107
f 1991//1991 2094//2094 2074//2074
f 2028//2028 2021//2021 2169//2169
f 1871//1871 1966//1966 2061//2061
f 2101//2101 1972//1972 2131//2131
f 1952//1952 2076//2076 2124//2124
f 2093//2093 2084//2084 2125//2125
f 1972//1972 2137//2137 2131//2131
f 2020//2020 2067//2067 2063//2063
f 1902//1902 2142//2142 2016//2016
f 1947//1947 2140//2140 2096//2096
f 1772//1772 2113//2113 2116//2116
f 2119//2119 2103//2103 2126//2126
f 2012//2012 2053//2053 2145//2145
f 2073//2073 2119//2119 2052//2052
f 2074//2074 2134//2134 1991//1991
f 1873//1873 2123//2123 1854//1854
f 1997//1997 2002//2002 2148//2148
f 2040//2040 2130//2130 2046//2046
f 1897//1897 2047//2047 2146//2146
f 2105//2105 1978//1978 2116//2116
f 2040//2040 2108//2108 2130//2130
f 2002//2002 1998//1998 2148//2148
f 2117//2117 2058//2058 1959//1959
f 1896//1896 2097//2097 2161//2161
f 2044//2044 2182//2182 2098//2098
f 1925//1925 2153//2153 2138//2138
f 1936//1936 2058//2058 2135//2135
f 2070//2070 2141//2141 2108//2108
f 2020//2020 2030//2030 2164//2164
f 2111//2111 2147//2147 2084//2084
f 2093//2093 2149//2149 1998//1998
f 2044//2044 2100//2100 2182//2182
f 2035//2035 2129//2129 2128//2128
f 1897//1897 2146//2146 2137//2137
f 2121//2121 1926//1926 2132//2132
f 1998//1998 2149//2149 2148//2148
f 1854//1854 2152//2152 1925//1925
f 1925//1925 2152//2152 2153//2153
f 2096//2096 2158//2158 2025//2025
f 2023//2023 1936//1936 2135//2135
f 2117//2117 1959//1959 2150//2150
f 2078//2078 2141//2141 2070//2070
f 1845//1845 2169//2169 2038//2038
f 1963//1963 2200//2200 1947//1947
f 1944//1944 2091//2091 2155//2155
f 1901//1901 2161//2161 2113//2113
f 2091//2091 2077//2077 2166//2166
f 2079//2079 2051//2051 2143//2143
f 1996//1996 2022//2022 2087//2087
f 2015//2015 1982//1982 2156//2156
f 2078//2078 2154//2154 2141//2141
f 1870//1870 2062//2062 2142//2142
f 1947//1947 2200//2200 2140//2140
f 2093//2093 2118//2118 2149//2149
f 1918//1918 2160//2160 2051//2051
f 2126//2126 2157//2157 2119//2119
f 2035//2035 2057//2057 2129//2129
f 1868//1868 2165//2165 1963//1963
f 1913//1913 2099//2099 2163//2163
f 2110//2110 2182//2182 2144//2144
f 2010//2010 2027//2027 2205//2205
f 2030//2030 1879//1879 2167//2167
f 1979//1979 1991//1991 2207//2207
f 2018//2018 2104//2104 2111//2111
f 1905//1905 2061//2061 2168//2168
f 2110//2110 2098//2098 2182//2182
f 1910//1910 2080//2080 1966//1966
f 2020//2020 2164//2164 2067//2067
f 2072//2072 2205//2205 2186//2186
f 1997//1997 2148//2148 2009//2009
f 2094//2094 1949//1949 2291//2291
f 2089//2089 2162//2162 1959//1959
f 1905//1905 2168//2168 2057//2057
f 2052//2052 2119//2119 2080//2080
f 1913//1913 2163//2163 1990//1990
f 2065//2065 2172//2172 2078//2078
f 1991//1991 2134//2134 2207//2207
f 2024//2024 2083//2083 2218//2218
f 2112//2112 2133//2133 2187//2187
f 2010//2010 2205//2205 2072//2072
f 2029//2029 2127//2127 2011//2011
f 2025//2025 2158//2158 2041//2041
f 1985//1985 2059//2059 2188//2188
f 1944//1944 2155//2155 1989//1989
f 1959//1959 2244//2244 2150//2150
f 1940//1940 2011//2011 2214//2214
f 2100//2100 2191//2191 2182//2182
f 1986//1986 2174//2174 1894//1894
f 1949//1949 2128//2128 2181//2181
f 1864//1864 2136//2136 2115//2115
f 2123//2123 2193//2193 1854//1854
f 1935//1935 2136//2136 1864//1864
f 1982//1982 2171//2171 2156//2156
f 2117//2117 2150//2150 2177//2177
f 1963//1963 2165//2165 2200//2200
f 2114//2114 2175//2175 2104//2104
f 2125//2125 2180//2180 2118//2118
f 2046//2046 2130//2130 2176//2176
f 1959//1959 2159//2159 2244//2244
f 2100//2100 1958//1958 2191//2191
f 2015//2015 2156//2156 2059//2059
f 1901//1901 1896//1896 2161//2161
f 2110//2110 2144//2144 2127//2127
f 2072//2072 2186//2186 2114//2114
f 2051//2051 2202//2202 2143//2143
f 2117//2117 2177//2177 2135//2135
f 1854//1854 2193//2193 2152//2152
f 2291//2291 1949//1949 2181//2181
f 2160//2160 1918//1918 2054//2054
f 2135//2135 2177//2177 2198//2198
f 2125//2125 2189//2189 2180//2180
f 2046//2046 2176//2176 2066//2066
f 2065//2065 2185//2185 2172//2172
f 2145//2145 2086//2086 2173//2173
f 1914//1914 1951//1951 2088//2088
f 1958//1958 2107//2107 2191//2191
f 2144//2144 2182//2182 2178//2178
f 2103//2103 2064//2064 2126//2126
f 2047//2047 2069//2069 2146//2146
f 2084//2084 2189//2189 2125//2125
f 2112//2112 2187//2187 2120//2120
f 2086//2086 1904//1904 2222//2222
f 2057//2057 2183//2183 2129//2129
f 2036//2036 1867//1867 2090//2090
f 2151//2151 1960//1960 2082//2082
f 2043//2043 2204//2204 2054//2054
f 2088//2088 1951//1951 1968//1968
f 2078//2078 2172//2172 2154//2154
f 2118//2118 2180//2180 2149//2149
f 2187//2187 2133//2133 2197//2197
f 2143//2143 2202//2202 1898//1898
f 2064//2064 2024//2024 2218//2218
f 2077//2077 2050//2050 2224//2224
f 2145//2145 2173//2173 2170//2170
f 2123//2123 2081//2081 1993//1993
f 2039//2039 1979//1979 2190//2190
f 2115//2115 2136//2136 2194//2194
f 2166//2166 2077//2077 2224//2224
f 2023//2023 2135//2135 2225//2225
f 1992//1992 1990//1990 2217//2217
f 2123//2123 1993//1993 2124//2124
f 2141//2141 2215//2215 2108//2108
f 2085//2085 1965//1965 2196//2196
f 2153//2153 2152//2152 2055//2055
f 2153//2153 2055//2055 2138//2138
f 2157//2157 2179//2179 2199//2199
f 2009//2009 2148//2148 2201//2201
f 1965//1965 2105//2105 2196//2196
f 2087//2087 2022//2022 2203//2203
f 2101//2101 2197//2197 2133//2133
f 2145//2145 2170//2170 2233//2233
f 1985//1985 2188//2188 1935//1935
f 1951//1951 2055//2055 1968//1968
f 2089//2089 2037//2037 2162//2162
f 2157//2157 2199//2199 2119//2119
f 2080//2080 2195//2195 1966//1966
f 1989//1989 2155//2155 2071//2071
f 2183//2183 2057//2057 2168//2168
f 2119//2119 2195//2195 2080//2080
f 2137//2137 2146//2146 2229//2229
f 2186//2186 2175//2175 2114//2114
f 2107//2107 2023//2023 2225//2225
f 2222//2222 2173//2173 2086//2086
f 2144//2144 2178//2178 2127//2127
f 2129//2129 2206//2206 2128//2128
f 2124//2124 2076//2076 2123//2123
f 2014//2014 2066//2066 2122//2122
f 2130//2130 2213//2213 2176//2176
f 1927//1927 2151//2151 1909//1909
f 2183//2183 2168//2168 2211//2211
f 2233//2233 2012//2012 2145//2145
f 2041//2041 2158//2158 2216//2216
f 2135//2135 2198//2198 2225//2225
f 2177//2177 2210//2210 2198//2198
f 2182//2182 2191//2191 2178//2178
f 2141//2141 2154//2154 2215//2215
f 2084//2084 2147//2147 2189//2189
f 2041//2041 2216//2216 2090//2090
f 2064//2064 2218//2218 2126//2126
f 2166//2166 2227//2227 2091//2091
f 2119//2119 2199//2199 2195//2195
f 2091//2091 2227//2227 2155//2155
f 2178//2178 2191//2191 2212//2212
f 2104//2104 2175//2175 2111//2111
f 2009//2009 2201//2201 2095//2095
f 1992//1992 2217//2217 2021//2021
f 1824//1824 1968//1968 2055//2055
f 1979//1979 2207//2207 2190//2190
f 2129//2129 2183//2183 2206//2206
f 1894//1894 2174//2174 2102//2102
f 2210//2210 2177//2177 2228//2228
f 2137//2137 2229//2229 2131//2131
f 2179//2179 2208//2208 2199//2199
f 2163//2163 2099//2099 2184//2184
f 1904//1904 2202//2202 2222//2222
f 2155//2155 2227//2227 2071//2071
f 2076//2076 2092//2092 2220//2220
f 2170//2170 2173//2173 2209//2209
f 2030//2030 2167//2167 2164//2164
f 2164//2164 2167//2167 2220//2220
f 1898//1898 2202//2202 1904//1904
f 2101//2101 2131//2131 2197//2197
f 1966//1966 2195//2195 2061//2061
f 2042//2042 2060//2060 2315//2315
f 2177//2177 2150//2150 2228//2228
f 2076//2076 2193//2193 2123//2123
f 2223//2223 2179//2179 2157//2157
f 2121//2121 2203//2203 2022//2022
f 2198//2198 2210//2210 2225//2225
f 2154//2154 2172//2172 2215//2215
f 2221//2221 2225//2225 2210//2210
f 2130//2130 2108//2108 2215//2215
f 2130//2130 2215//2215 2213//2213
f 2225//2225 2191//2191 2107//2107
f 2099//2099 1887//1887 2184//2184
f 1959//1959 2162//2162 2257//2257
f 2111//2111 2249//2249 2147//2147
f 2221//2221 2212//2212 2225//2225
f 2208//2208 2211//2211 2199//2199
f 1940//1940 2214//2214 2251//2251
f 2165//2165 1868//1868 2254//2254
f 2176//2176 2231//2231 2066//2066
f 2211//2211 2168//2168 2199//2199
f 2166//2166 2248//2248 2227//2227
f 2212//2212 2191//2191 2225//2225
f 2220//2220 2092//2092 2164//2164
f 2248//2248 2166//2166 2224//2224
f 2178//2178 2212//2212 2234//2234
f 2149//2149 2252//2252 2148//2148
f 2087//2087 2260//2260 2037//2037
f 2156//2156 2226//2226 2059//2059
f 2200//2200 2165//2165 2236//2236
f 2211//2211 2223//2223 2232//2232
f 2039//2039 2190//2190 2097//2097
f 2210//2210 2234//2234 2221//2221
f 2061//2061 2195//2195 2168//2168
f 2211//2211 2232//2232 2183//2183
f 2170//2170 2209//2209 2233//2233
f 2241//2241 2207//2207 2134//2134
f 2065//2065 2120//2120 2237//2237
f 2219//2219 2105//2105 2116//2116
f 2208//2208 2179//2179 2223//2223
f 1982//1982 2085//2085 2171//2171
f 2036//2036 2230//2230 2132//2132
f 2082//2082 2239//2239 2151//2151
f 2027//2027 2122//2122 2205//2205
f 1940//1940 2251//2251 2043//2043
f 2115//2115 2194//2194 1986//1986
f 2106//2106 2102//2102 2246//2246
f 2161//2161 2097//2097 2247//2247
f 2210//2210 2228//2228 2268//2268
f 2199//2199 2168//2168 2195//2195
f 2097//2097 2190//2190 2337//2337
f 2228//2228 2150//2150 2240//2240
f 2212//2212 2221//2221 2234//2234
f 2037//2037 2242//2242 2162//2162
f 2211//2211 2208//2208 2223//2223
f 2146//2146 2069//2069 2229//2229
f 2215//2215 2172//2172 2238//2238
f 2169//2169 2245//2245 2038//2038
f 2150//2150 2235//2235 2240//2240
f 2252//2252 2201//2201 2148//2148
f 2113//2113 2161//2161 2250//2250
f 2210//2210 2268//2268 2234//2234
f 2152//2152 2193//2193 2055//2055
f 2074//2074 2094//2094 2134//2134
f 2260//2260 2242//2242 2037//2037
f 2315//2315 2060//2060 2038//2038
f 2180//2180 2252//2252 2149//2149
f 2082//2082 2271//2271 2239//2239
f 2189//2189 2253//2253 2180//2180
f 2178//2178 2234//2234 2127//2127
f 2102//2102 2174//2174 2285//2285
f 2220//2220 2193//2193 2076//2076
f 1868//1868 2042//2042 2254//2254
f 2215//2215 2238//2238 2213//2213
f 2140//2140 2293//2293 2096//2096
f 2172//2172 2185//2185 2238//2238
f 2140//2140 2200//2200 2258//2258
f 2094//2094 2261//2261 2134//2134
f 2127//2127 2214//2214 2011//2011
f 2176//2176 2213//2213 2231//2231
f 1935//1935 2302//2302 2136//2136
f 2036//2036 2090//2090 2230//2230
f 2071//2071 2271//2271 2082//2082
f 1990//1990 2163//2163 2217//2217
f 2246//2246 2102//2102 2285//2285
f 2085//2085 2196//2196 2171//2171
f 2175//2175 2186//2186 2111//2111
f 2105//2105 2219//2219 2196//2196
f 2059//2059 2226//2226 2188//2188
f 2169//2169 2021//2021 2245//2245
f 2209//2209 2267//2267 2233//2233
f 2071//2071 2227//2227 2259//2259
f 2200//2200 2236//2236 2258//2258
f 2048//2048 1909//1909 2309//2309
f 1909//1909 2243//2243 2309//2309
f 2205//2205 2256//2256 2186//2186
f 2042//2042 2315//2315 2254//2254
f 2209//2209 2173//2173 2267//2267
f 2260//2260 2087//2087 2203//2203
f 2021//2021 2217//2217 2274//2274
f 2048//2048 2446//2446 2083//2083
f 2157//2157 2126//2126 2223//2223
f 2185//2185 2065//2065 2237//2237
f 2205//2205 2262//2262 2256//2256
f 2131//2131 2279//2279 2197//2197
f 2190//2190 2207//2207 2266//2266
f 1935//1935 2188//2188 2263//2263
f 2248//2248 2265//2265 2227//2227
f 2240//2240 2268//2268 2228//2228
f 2242//2242 2269//2269 2162//2162
f 2038//2038 2245//2245 2272//2272
f 2248//2248 2224//2224 2265//2265
f 2226//2226 2273//2273 2188//2188
f 2051//2051 2160//2160 2325//2325
f 2140//2140 2258//2258 2293//2293
f 1909//1909 2295//2295 2243//2243
f 2205//2205 2122//2122 2262//2262
f 2116//2116 2275//2275 2219//2219
f 2219//2219 2264//2264 2196//2196
f 2121//2121 2132//2132 2359//2359
f 2232//2232 2206//2206 2183//2183
f 2259//2259 2271//2271 2071//2071
f 2180//2180 2253//2253 2252//2252
f 2095//2095 2333//2333 2049//2049
f 2189//2189 2255//2255 2253//2253
f 2265//2265 2259//2259 2227//2227
f 1959//1959 2257//2257 2159//2159
f 2222//2222 2202//2202 2317//2317
f 2245//2245 2021//2021 2274//2274
f 2238//2238 2185//2185 2277//2277
f 2187//2187 2197//2197 2279//2279
f 2150//2150 2244//2244 2235//2235
f 2062//2062 2282//2282 2142//2142
f 2231//2231 2213//2213 2276//2276
f 2187//2187 2281//2281 2120//2120
f 2142//2142 2282//2282 2453//2453
f 2202//2202 2051//2051 2283//2283
f 2097//2097 2337//2337 2247//2247
f 2132//2132 2230//2230 2359//2359
f 2231//2231 2276//2276 2066//2066
f 2267//2267 2173//2173 2317//2317
f 2095//2095 2201//2201 2288//2288
f 2251//2251 2204//2204 2043//2043
f 2234//2234 2268//2268 2286//2286
f 2219//2219 2275//2275 2264//2264
f 2156//2156 2287//2287 2226//2226
f 2173//2173 2222//2222 2317//2317
f 2054//2054 2294//2294 2160//2160
f 2292//2292 2187//2187 2279//2279
f 2207//2207 2301//2301 2266//2266
f 2131//2131 2229//2229 2270//2270
f 2223//2223 2284//2284 2232//2232
f 2111//2111 2304//2304 2249//2249
f 2194//2194 2136//2136 2302//2302
f 2265//2265 2224//2224 2290//2290
f 2315//2315 2038//2038 2272//2272
f 2184//2184 1887//1887 2298//2298
f 2126//2126 2218//2218 2223//2223
f 2116//2116 2113//2113 2250//2250
f 2187//2187 2292//2292 2281//2281
f 2069//2069 2376//2376 2229//2229
f 2062//2062 2012//2012 2282//2282
f 2184//2184 2280//2280 2163//2163
f 2260//2260 2314//2314 2242//2242
f 2066//2066 2276//2276 2122//2122
f 2196//2196 2264//2264 2299//2299
f 2050//2050 2049//2049 2278//2278
f 2267//2267 2317//2317 2350//2350
f 1824//1824 2109//2109 2007//2007
f 2240//2240 2235//2235 2289//2289
f 2241//2241 2297//2297 2301//2301
f 2241//2241 2301//2301 2207//2207
f 2121//2121 2359//2359 2203//2203
f 2446//2446 2048//2048 2309//2309
f 2279//2279 2131//2131 2270//2270
f 2189//2189 2147//2147 2255//2255
f 2151//2151 2239//2239 2303//2303
f 2271//2271 2259//2259 2239//2239
f 1824//1824 2055//2055 2109//2109
f 2159//2159 2308//2308 2244//2244
f 2171//2171 2196//2196 2299//2299
f 2167//2167 1281//1281 2220//2220
f 2106//2106 2246//2246 1921//1921
f 2184//2184 2298//2298 2280//2280
f 2267//2267 2350//2350 2233//2233
f 2054//2054 2204//2204 2294//2294
f 2259//2259 2265//2265 2318//2318
f 2120//2120 2281//2281 2237//2237
f 2111//2111 2186//2186 2304//2304
f 2151//2151 2303//2303 1909//1909
f 2236//2236 2165//2165 2307//2307
f 2156//2156 2171//2171 2287//2287
f 2223//2223 2380//2380 2284//2284
f 2201//2201 2252//2252 2330//2330
f 1935//1935 2263//2263 2302//2302
f 2128//2128 2206//2206 2305//2305
f 2202//2202 2283//2283 2317//2317
f 2258//2258 2342//2342 2293//2293
f 2236//2236 2307//2307 2319//2319
f 2266//2266 2337//2337 2190//2190
f 2216//2216 2313//2313 2090//2090
f 2297//2297 2310//2310 2301//2301
f 2134//2134 2261//2261 2241//2241
f 2109//2109 1468//1468 2007//2007
f 2142//2142 2453//2453 2321//2321
f 2142//2142 2321//2321 2016//2016
f 2174//2174 2326//2326 2285//2285
f 2232//2232 2284//2284 2351//2351
f 2122//2122 2355//2355 2262//2262
f 2232//2232 2351//2351 2206//2206
f 2268//2268 2316//2316 2286//2286
f 2050//2050 2278//2278 2224//2224
f 2246//2246 2311//2311 1921//1921
f 2269//2269 2242//2242 2358//2358
f 2260//2260 2203//2203 2314//2314
f 2258//2258 2236//2236 2319//2319
f 2234//2234 2286//2286 2323//2323
f 2350//2350 2322//2322 2233//2233
f 2258//2258 2319//2319 2342//2342
f 2051//2051 2325//2325 2283//2283
f 2217//2217 2163//2163 2386//2386
f 2096//2096 2293//2293 2158//2158
f 2275//2275 2116//2116 2328//2328
f 2311//2311 2246//2246 2285//2285
f 2147//2147 2249//2249 2306//2306
f 2290//2290 2335//2335 2265//2265
f 2203//2203 2329//2329 2314//2314
f 2090//2090 2313//2313 2338//2338
f 2216//2216 2158//2158 2313//2313
f 2269//2269 2296//2296 2345//2345
f 2269//2269 2358//2358 2296//2296
f 2287//2287 2171//2171 2327//2327
f 2293//2293 2334//2334 2158//2158
f 2304//2304 2186//2186 2352//2352
f 2128//2128 2305//2305 2181//2181
f 2122//2122 2276//2276 2332//2332
f 2242//2242 2314//2314 2358//2358
f 2229//2229 2376//2376 2270//2270
f 2268//2268 2240//2240 2316//2316
f 2234//2234 2396//2396 2127//2127
f 2276//2276 2213//2213 2331//2331
f 2318//2318 2336//2336 2259//2259
f 2265//2265 2335//2335 2318//2318
f 2259//2259 2336//2336 2239//2239
f 2230//2230 2090//2090 2353//2353
f 2252//2252 2253//2253 2330//2330
f 2253//2253 2320//2320 2330//2330
f 2289//2289 2235//2235 2244//2244
f 1986//1986 2401//2401 2174//2174
f 2069//2069 2321//2321 2376//2376
f 2290//2290 2346//2346 2335//2335
f 2069//2069 2016//2016 2321//2321
f 2224//2224 2364//2364 2290//2290
f 2287//2287 2340//2340 2226//2226
f 2012//2012 2233//2233 2341//2341
f 2213//2213 2238//2238 2331//2331
f 2012//2012 2365//2365 2282//2282
f 2161//2161 2363//2363 2250//2250
f 2158//2158 2334//2334 2313//2313
f 2241//2241 2377//2377 2297//2297
f 1909//1909 2303//2303 2295//2295
f 2290//2290 2364//2364 2339//2339
f 2165//2165 2361//2361 2307//2307
f 2233//2233 2322//2322 2341//2341
f 2012//2012 2341//2341 2365//2365
f 2351//2351 2356//2356 2206//2206
f 2287//2287 2327//2327 2344//2344
f 2262//2262 2355//2355 2256//2256
f 2310//2310 2297//2297 2348//2348
f 2380//2380 2347//2347 2284//2284
f 2162//2162 2269//2269 2257//2257
f 2203//2203 2359//2359 2354//2354
f 2171//2171 2299//2299 2327//2327
f 2319//2319 2344//2344 2342//2342
f 2264//2264 2343//2343 2299//2299
f 2253//2253 2255//2255 2320//2320
f 2264//2264 2275//2275 2343//2343
f 2240//2240 2289//2289 2316//2316
f 2238//2238 2277//2277 2349//2349
f 2226//2226 2324//2324 2273//2273
f 2339//2339 2346//2346 2290//2290
f 2161//2161 2247//2247 2363//2363
f 2312//2312 2296//2296 2358//2358
f 2287//2287 2344//2344 2319//2319
f 2055//2055 2193//2193 2109//2109
f 2203//2203 2354//2354 2329//2329
f 2218//2218 2380//2380 2223//2223
f 2296//2296 2485//2485 2345//2345
f 2159//2159 2257//2257 2308//2308
f 2312//2312 2370//2370 2296//2296
f 2287//2287 2319//2319 2340//2340
f 2226//2226 2340//2340 2324//2324
f 2186//2186 2256//2256 2352//2352
f 2332//2332 2276//2276 2331//2331
f 2220//2220 1281//1281 2193//2193
f 2323//2323 2286//2286 2316//2316
f 2380//2380 2367//2367 2347//2347
f 2263//2263 2378//2378 2302//2302
f 2284//2284 2347//2347 2351//2351
f 2201//2201 2330//2330 2288//2288
f 2327//2327 2299//2299 2366//2366
f 2319//2319 2307//2307 2340//2340
f 2325//2325 2160//2160 2294//2294
f 2331//2331 2238//2238 2349//2349
f 2350//2350 2317//2317 2382//2382
f 2257//2257 2269//2269 2345//2345
f 2289//2289 2244//2244 2371//2371
f 2147//2147 2306//2306 2255//2255
f 2343//2343 2366//2366 2299//2299
f 2049//2049 2300//2300 2278//2278
f 2274//2274 2217//2217 2386//2386
f 2293//2293 2342//2342 2334//2334
f 2234//2234 2374//2374 2396//2396
f 2234//2234 2323//2323 2374//2374
f 2310//2310 2348//2348 2395//2395
f 2245//2245 2360//2360 2272//2272
f 2181//2181 2357//2357 2291//2291
f 2350//2350 2382//2382 2322//2322
f 2312//2312 2358//2358 2370//2370
f 2337//2337 2266//2266 2372//2372
f 2335//2335 2346//2346 2318//2318
f 2298//2298 1887//1887 2398//2398
f 2095//2095 2288//2288 2333//2333
f 2333//2333 2300//2300 2049//2049
f 2163//2163 2368//2368 2386//2386
f 2188//2188 2273//2273 2263//2263
f 2165//2165 2254//2254 2361//2361
f 2355//2355 2122//2122 2393//2393
f 2127//2127 2396//2396 2214//2214
f 2245//2245 2274//2274 2360//2360
f 2305//2305 2357//2357 2181//2181
f 2194//2194 2379//2379 1986//1986
f 2292//2292 2362//2362 2281//2281
f 2174//2174 2401//2401 2326//2326
f 2116//2116 2250//2250 2328//2328
f 2344//2344 2327//2327 2342//2342
f 2163//2163 2280//2280 2368//2368
f 2331//2331 2369//2369 2332//2332
f 2194//2194 2384//2384 2379//2379
f 2332//2332 2369//2369 2122//2122
f 2410//2410 1921//1921 2311//2311
f 2343//2343 2373//2373 2366//2366
f 2266//2266 2301//2301 2372//2372
f 2310//2310 2395//2395 2301//2301
f 2370//2370 2358//2358 2383//2383
f 2239//2239 2390//2390 2303//2303
f 2283//2283 2382//2382 2317//2317
f 2250//2250 2363//2363 2328//2328
f 2277//2277 2185//2185 2392//2392
f 2370//2370 2485//2485 2296//2296
f 2194//2194 2302//2302 2384//2384
f 2292//2292 2279//2279 2381//2381
f 2322//2322 2382//2382 2391//2391
f 2313//2313 2334//2334 2400//2400
f 2369//2369 2331//2331 2399//2399
f 2343//2343 2275//2275 2373//2373
f 2367//2367 2380//2380 2431//2431
f 2301//2301 2395//2395 2385//2385
f 2314//2314 2375//2375 2358//2358
f 2318//2318 2346//2346 2406//2406
f 2364//2364 2224//2224 2405//2405
f 2298//2298 2398//2398 2280//2280
f 2301//2301 2385//2385 2372//2372
f 2320//2320 2394//2394 2423//2423
f 1986//1986 2379//2379 2401//2401
f 2365//2365 2408//2408 2282//2282
f 2375//2375 2314//2314 2329//2329
f 2397//2397 2370//2370 2383//2383
f 2339//2339 2364//2364 2346//2346
f 2185//2185 2237//2237 2412//2412
f 2297//2297 2377//2377 2348//2348
f 2351//2351 2347//2347 2389//2389
f 2362//2362 2292//2292 2381//2381
f 2090//2090 2338//2338 2353//2353
f 2347//2347 2367//2367 2389//2389
f 2355//2355 2430//2430 2256//2256
f 2331//2331 2349//2349 2399//2399
f 2239//2239 2388//2388 2390//2390
f 2185//2185 2412//2412 2392//2392
f 2336//2336 2318//2318 2437//2437
f 2291//2291 2357//2357 2425//2425
f 2361//2361 2254//2254 2433//2433
f 2313//2313 2400//2400 2338//2338
f 2349//2349 2277//2277 2392//2392
f 2363//2363 2403//2403 2328//2328
f 2395//2395 2387//2387 2385//2385
f 2206//2206 2356//2356 2305//2305
f 2256//2256 2430//2430 2352//2352
f 2249//2249 2304//2304 2306//2306
f 2282//2282 2408//2408 2402//2402
f 2355//2355 2393//2393 2430//2430
f 2306//2306 2450//2450 2255//2255
f 2109//2109 2193//2193 1841//1841
f 2364//2364 2407//2407 2346//2346
f 2342//2342 2413//2413 2334//2334
f 2285//2285 2326//2326 2411//2411
f 2394//2394 2320//2320 2255//2255
f 2272//2272 2360//2360 2424//2424
f 2369//2369 2409//2409 2122//2122
f 2341//2341 2322//2322 2391//2391
f 2393//2393 2415//2415 2430//2430
f 2239//2239 2336//2336 2437//2437
f 2358//2358 2375//2375 2383//2383
f 2281//2281 2412//2412 2237//2237
f 2285//2285 2411//2411 2311//2311
f 2392//2392 2399//2399 2349//2349
f 2327//2327 2366//2366 2413//2413
f 2281//2281 2362//2362 2418//2418
f 2323//2323 2316//2316 2374//2374
f 2342//2342 2327//2327 2413//2413
f 2318//2318 2406//2406 2437//2437
f 2364//2364 2405//2405 2407//2407
f 2346//2346 2422//2422 2406//2406
f 2407//2407 2422//2422 2346//2346
f 2204//2204 2251//2251 2414//2414
f 2241//2241 2261//2261 2460//2460
f 2315//2315 2272//2272 2424//2424
f 2398//2398 1887//1887 2442//2442
f 2373//2373 2416//2416 2366//2366
f 2400//2400 2334//2334 2413//2413
f 2393//2393 2122//2122 2415//2415
f 2397//2397 2383//2383 2417//2417
f 2400//2400 2413//2413 2416//2416
f 2397//2397 2417//2417 2387//2387
f 2273//2273 2426//2426 2263//2263
f 2281//2281 2418//2418 2412//2412
f 2254//2254 2315//2315 2433//2433
f 2385//2385 2417//2417 2372//2372
f 2416//2416 2373//2373 2429//2429
f 2387//2387 2417//2417 2385//2385
f 2224//2224 2439//2439 2405//2405
f 2239//2239 2437//2437 2388//2388
f 2275//2275 2429//2429 2373//2373
f 2283//2283 2325//2325 2419//2419
f 2316//2316 2289//2289 2443//2443
f 2306//2306 2304//2304 2450//2450
f 2282//2282 2402//2402 2447//2447
f 2279//2279 2270//2270 2381//2381
f 2325//2325 2294//2294 2432//2432
f 2416//2416 2413//2413 2366//2366
f 2375//2375 2421//2421 2383//2383
f 2214//2214 2396//2396 2472//2472
f 2230//2230 2427//2427 2359//2359
f 2365//2365 2341//2341 2408//2408
f 2273//2273 2324//2324 2426//2426
f 2361//2361 2433//2433 2307//2307
f 2409//2409 2369//2369 2399//2399
f 2295//2295 2420//2420 2243//2243
f 2404//2404 2362//2362 2381//2381
f 2244//2244 2308//2308 2371//2371
f 2241//2241 2460//2460 2377//2377
f 2295//2295 2303//2303 2420//2420
f 2294//2294 2204//2204 2441//2441
f 2224//2224 2278//2278 2448//2448
f 2367//2367 2431//2431 2389//2389
f 2351//2351 2428//2428 2356//2356
f 2351//2351 2389//2389 2428//2428
f 2307//2307 2433//2433 2340//2340
f 2370//2370 2397//2397 2387//2387
f 2311//2311 2411//2411 2410//2410
f 2421//2421 2375//2375 2329//2329
f 2421//2421 2372//2372 2383//2383
f 2400//2400 2416//2416 2429//2429
f 2372//2372 2417//2417 2383//2383
f 2270//2270 2376//2376 2381//2381
f 2360//2360 2434//2434 2424//2424
f 2320//2320 2423//2423 2330//2330
f 2396//2396 2374//2374 2449//2449
f 2352//2352 2430//2430 2304//2304
f 2257//2257 2345//2345 2489//2489
f 2348//2348 2436//2436 2395//2395
f 2408//2408 2341//2341 2451//2451
f 2324//2324 2340//2340 2435//2435
f 2353//2353 2427//2427 2230//2230
f 2405//2405 2439//2439 2407//2407
f 2094//2094 2291//2291 2425//2425
f 2324//2324 2435//2435 2426//2426
f 2224//2224 2461//2461 2439//2439
f 2337//2337 2455//2455 2247//2247
f 2400//2400 2429//2429 2338//2338
f 2372//2372 2445//2445 2337//2337
f 2387//2387 2395//2395 2436//2436
f 2341//2341 2391//2391 2452//2452
f 2399//2399 2457//2457 2409//2409
f 2475//2475 2289//2289 2371//2371
f 2391//2391 2382//2382 2438//2438
f 2294//2294 2441//2441 2432//2432
f 2309//2309 2454//2454 2446//2446
f 2122//2122 2409//2409 2415//2415
f 2363//2363 2247//2247 2455//2455
f 2421//2421 2329//2329 2445//2445
f 2255//2255 2450//2450 2394//2394
f 2303//2303 2390//2390 2420//2420
f 2408//2408 2451//2451 2402//2402
f 2404//2404 2456//2456 2362//2362
f 2382//2382 2444//2444 2438//2438
f 2404//2404 2440//2440 2456//2456
f 2304//2304 2430//2430 2450//2450
f 2257//2257 2489//2489 2487//2487
f 2387//2387 2436//2436 2474//2474
f 2325//2325 2432//2432 2419//2419
f 2372//2372 2421//2421 2445//2445
f 2330//2330 2495//2495 2288//2288
f 2360//2360 2274//2274 2434//2434
f 2289//2289 2475//2475 2443//2443
f 2359//2359 2427//2427 2354//2354
f 2380//2380 2218//2218 2462//2462
f 2380//2380 2462//2462 2458//2458
f 2409//2409 2457//2457 2415//2415
f 2282//2282 2447//2447 2453//2453
f 2454//2454 2309//2309 2473//2473
f 2431//2431 2380//2380 2458//2458
f 2340//2340 2433//2433 2435//2435
f 2449//2449 2374//2374 2316//2316
f 2302//2302 2378//2378 2384//2384
f 2404//2404 2381//2381 2440//2440
f 2363//2363 2455//2455 2403//2403
f 2224//2224 2448//2448 2461//2461
f 2377//2377 2436//2436 2348//2348
f 2083//2083 2514//2514 2218//2218
f 2330//2330 2423//2423 2459//2459
f 2345//2345 2485//2485 2489//2489
f 2321//2321 2453//2453 2488//2488
f 2394//2394 2459//2459 2423//2423
f 2362//2362 2456//2456 2418//2418
f 2387//2387 2474//2474 2370//2370
f 2280//2280 2398//2398 2442//2442
f 2338//2338 2465//2465 2353//2353
f 2275//2275 2328//2328 2429//2429
f 2204//2204 2467//2467 2441//2441
f 2283//2283 2444//2444 2382//2382
f 2278//2278 2300//2300 2448//2448
f 2429//2429 2465//2465 2338//2338
f 2396//2396 2449//2449 2464//2464
f 2280//2280 2480//2480 2368//2368
f 2451//2451 2341//2341 2452//2452
f 2429//2429 2328//2328 2483//2483
f 2433//2433 2315//2315 2435//2435
f 2384//2384 2378//2378 2466//2466
f 2329//2329 2354//2354 2469//2469
f 2457//2457 2463//2463 2415//2415
f 2376//2376 2321//2321 2534//2534
f 2354//2354 2427//2427 2469//2469
f 2315//2315 2424//2424 2482//2482
f 2315//2315 2482//2482 2435//2435
f 2445//2445 2471//2471 2337//2337
f 2444//2444 2283//2283 2419//2419
f 2402//2402 2451//2451 2447//2447
f 2439//2439 2461//2461 2477//2477
f 2445//2445 2329//2329 2469//2469
f 2439//2439 2477//2477 2407//2407
f 2415//2415 2463//2463 2430//2430
f 2280//2280 2442//2442 2480//2480
f 2094//2094 2425//2425 2481//2481
f 2243//2243 2473//2473 2309//2309
f 2094//2094 2481//2481 2261//2261
f 2420//2420 2473//2473 2243//2243
f 2449//2449 2316//2316 2541//2541
f 2431//2431 2458//2458 2389//2389
f 2337//2337 2471//2471 2455//2455
f 2410//2410 2411//2411 2479//2479
f 2218//2218 2514//2514 2462//2462
f 2214//2214 2472//2472 2251//2251
f 2444//2444 2419//2419 2486//2486
f 2450//2450 2478//2478 2394//2394
f 2434//2434 2484//2484 2424//2424
f 2261//2261 2504//2504 2460//2460
f 2418//2418 2490//2490 2412//2412
f 2407//2407 2470//2470 2422//2422
f 2305//2305 2356//2356 2357//2357
f 2321//2321 2488//2488 2534//2534
f 2437//2437 2406//2406 2468//2468
f 2204//2204 2414//2414 2467//2467
f 2449//2449 2541//2541 2496//2496
f 2438//2438 2444//2444 2506//2506
f 2391//2391 2438//2438 2452//2452
f 2407//2407 2477//2477 2470//2470
f 2083//2083 2446//2446 2554//2554
f 2457//2457 2399//2399 2463//2463
f 2412//2412 2490//2490 2507//2507
f 2368//2368 2500//2500 2386//2386
f 2459//2459 2495//2495 2330//2330
f 2422//2422 2515//2515 2406//2406
f 2411//2411 2326//2326 2518//2518
f 2453//2453 2447//2447 2497//2497
f 2452//2452 2438//2438 2493//2493
f 2399//2399 2392//2392 2463//2463
f 2434//2434 2492//2492 2484//2484
f 2308//2308 2487//2487 2371//2371
f 2328//2328 2403//2403 2483//2483
f 2476//2476 2440//2440 2381//2381
f 2288//2288 2505//2505 2333//2333
f 2449//2449 2496//2496 2464//2464
f 2427//2427 2353//2353 2499//2499
f 2386//2386 2500//2500 2274//2274
f 2434//2434 2274//2274 2492//2492
f 2420//2420 2390//2390 2388//2388
f 2396//2396 2464//2464 2472//2472
f 2263//2263 2426//2426 2378//2378
f 2300//2300 2333//2333 2501//2501
f 2403//2403 2455//2455 2483//2483
f 2461//2461 2448//2448 2477//2477
f 2376//2376 2533//2533 2381//2381
f 2353//2353 2465//2465 2499//2499
f 2427//2427 2499//2499 2469//2469
f 2422//2422 2470//2470 2515//2515
f 2468//2468 2388//2388 2437//2437
f 2261//2261 2481//2481 2504//2504
f 2412//2412 2507//2507 2392//2392
f 2432//2432 2441//2441 2498//2498
f 2424//2424 2484//2484 2482//2482
f 2370//2370 2474//2474 2485//2485
f 2308//2308 2257//2257 2487//2487
f 2429//2429 2483//2483 2465//2465
f 2442//2442 2494//2494 2480//2480
f 2419//2419 2432//2432 2498//2498
f 2440//2440 2508//2508 2456//2456
f 2288//2288 2495//2495 2505//2505
f 2418//2418 2456//2456 2490//2490
f 2515//2515 2520//2520 2406//2406
f 2440//2440 2476//2476 2508//2508
f 2478//2478 2450//2450 2502//2502
f 2478//2478 2503//2503 2394//2394
f 2445//2445 2469//2469 2471//2471
f 2376//2376 2534//2534 2533//2533
f 2497//2497 2447//2447 2451//2451
f 2326//2326 2401//2401 2527//2527
f 2388//2388 2513//2513 2420//2420
f 2459//2459 2394//2394 2511//2511
f 2381//2381 2580//2580 2476//2476
f 2392//2392 2507//2507 2510//2510
f 2479//2479 2411//2411 2518//2518
f 2435//2435 2482//2482 2537//2537
f 2392//2392 2510//2510 2463//2463
f 2458//2458 2462//2462 2389//2389
f 2394//2394 2503//2503 2509//2509
f 2420//2420 2513//2513 2473//2473
f 2430//2430 2502//2502 2450//2450
f 2384//2384 2466//2466 2379//2379
f 2451//2451 2452//2452 2493//2493
f 2326//2326 2527//2527 2518//2518
f 2460//2460 2504//2504 2377//2377
f 2484//2484 2516//2516 2482//2482
f 2455//2455 2512//2512 2483//2483
f 2430//2430 2463//2463 2510//2510
f 2371//2371 2551//2551 2475//2475
f 2455//2455 2471//2471 2512//2512
f 2478//2478 2530//2530 2503//2503
f 2442//2442 1887//1887 2494//2494
f 2389//2389 2519//2519 2428//2428
f 2509//2509 2503//2503 2521//2521
f 2274//2274 2500//2500 2492//2492
f 2448//2448 2300//2300 2524//2524
f 2368//2368 2480//2480 2500//2500
f 2441//2441 2467//2467 2498//2498
f 2453//2453 2497//2497 2526//2526
f 2251//2251 2543//2543 2414//2414
f 2507//2507 2490//2490 2523//2523
f 2465//2465 2483//2483 2512//2512
f 2438//2438 2522//2522 2493//2493
f 2484//2484 2492//2492 2516//2516
f 2491//2491 2459//2459 2525//2525
f 2462//2462 2514//2514 2517//2517
f 2394//2394 2509//2509 2511//2511
f 2430//2430 2510//2510 2502//2502
f 2469//2469 2499//2499 2471//2471
f 2503//2503 2530//2530 2521//2521
f 2459//2459 2511//2511 2529//2529
f 2478//2478 2502//2502 2530//2530
f 2477//2477 2539//2539 2470//2470
f 2459//2459 2529//2529 2525//2525
f 2083//2083 2554//2554 2514//2514
f 2465//2465 2512//2512 2499//2499
f 2541//2541 2464//2464 2496//2496
f 2475//2475 2560//2560 2443//2443
f 2471//2471 2499//2499 2512//2512
f 2401//2401 2379//2379 2527//2527
f 2508//2508 2476//2476 2545//2545
f 2333//2333 2505//2505 2501//2501
f 2419//2419 2498//2498 2486//2486
f 2377//2377 2504//2504 2536//2536
f 2479//2479 2518//2518 2528//2528
f 2506//2506 2584//2584 2438//2438
f 2456//2456 2542//2542 2490//2490
f 2448//2448 2524//2524 2477//2477
f 2300//2300 2501//2501 2571//2571
f 2464//2464 2531//2531 2472//2472
f 2502//2502 2510//2510 2535//2535
f 2316//2316 2443//2443 2560//2560
f 2316//2316 2560//2560 2541//2541
f 2414//2414 2707//2707 2467//2467
f 2435//2435 2378//2378 2426//2426
f 2381//2381 2533//2533 2580//2580
f 2497//2497 2451//2451 2526//2526
f 2510//2510 2544//2544 2540//2540
f 2530//2530 2538//2538 2521//2521
f 2510//2510 2507//2507 2544//2544
f 2451//2451 2493//2493 2550//2550
f 2459//2459 2558//2558 2495//2495
f 2535//2535 2510//2510 2540//2540
f 2468//2468 2532//2532 2388//2388
f 2435//2435 2537//2537 2378//2378
f 2410//2410 2479//2479 1921//1921
f 2502//2502 2535//2535 2530//2530
f 2462//2462 2517//2517 2389//2389
f 2476//2476 2580//2580 2545//2545
f 2523//2523 2553//2553 2507//2507
f 2521//2521 2552//2552 2509//2509
f 2508//2508 2549//2549 2456//2456
f 2477//2477 2524//2524 2539//2539
f 2446//2446 2454//2454 2554//2554
f 2444//2444 2486//2486 2506//2506
f 2459//2459 2491//2491 2558//2558
f 2378//2378 2547//2547 2466//2466
f 2529//2529 2548//2548 2525//2525
f 2525//2525 2558//2558 2491//2491
f 2535//2535 2538//2538 2530//2530
f 2490//2490 2542//2542 2523//2523
f 2553//2553 2544//2544 2507//2507
f 2453//2453 2526//2526 2488//2488
f 2389//2389 2517//2517 2519//2519
f 2516//2516 2555//2555 2482//2482
f 2456//2456 2549//2549 2546//2546
f 2451//2451 2550//2550 2608//2608
f 2456//2456 2546//2546 2542//2542
f 2466//2466 2570//2570 2574//2574
f 2521//2521 2538//2538 2559//2559
f 2547//2547 2570//2570 2466//2466
f 2379//2379 2466//2466 2574//2574
f 2509//2509 2552//2552 2511//2511
f 2508//2508 2545//2545 2549//2549
f 2525//2525 2548//2548 2556//2556
f 2300//2300 2571//2571 2524//2524
f 2526//2526 2451//2451 2608//2608
f 2538//2538 2535//2535 2566//2566
f 2482//2482 2555//2555 2537//2537
f 2526//2526 2575//2575 2488//2488
f 2517//2517 2514//2514 2572//2572
f 2554//2554 2454//2454 2565//2565
f 2487//2487 2489//2489 2579//2579
f 2494//2494 1887//1887 2557//2557
f 2544//2544 2553//2553 2561//2561
f 2528//2528 1921//1921 2479//2479
f 2521//2521 2559//2559 2552//2552
f 2414//2414 2543//2543 2578//2578
f 2537//2537 2547//2547 2378//2378
f 2535//2535 2540//2540 2566//2566
f 2480//2480 2568//2568 2500//2500
f 2251//2251 2472//2472 2543//2543
f 2454//2454 2473//2473 2589//2589
f 2524//2524 2571//2571 2562//2562
f 2485//2485 2569//2569 2607//2607
f 2544//2544 2561//2561 2566//2566
f 2566//2566 2540//2540 2544//2544
f 2542//2542 2576//2576 2523//2523
f 2546//2546 2576//2576 2542//2542
f 2526//2526 2564//2564 2575//2575
f 2501//2501 2505//2505 2583//2583
f 2494//2494 2557//2557 2480//2480
f 2553//2553 2576//2576 2561//2561
f 2511//2511 2552//2552 2529//2529
f 2558//2558 2505//2505 2495//2495
f 2555//2555 2570//2570 2537//2537
f 2553//2553 2523//2523 2576//2576
f 2516//2516 2492//2492 2574//2574
f 2516//2516 2574//2574 2555//2555
f 2570//2570 2547//2547 2537//2537
f 2356//2356 2567//2567 2357//2357
f 2531//2531 2464//2464 2541//2541
f 2489//2489 2485//2485 2607//2607
f 2357//2357 2563//2563 2425//2425
f 2388//2388 2600//2600 2513//2513
f 2425//2425 2563//2563 2481//2481
f 2485//2485 2655//2655 2569//2569
f 2525//2525 2595//2595 2558//2558
f 2580//2580 2533//2533 2626//2626
f 2428//2428 2567//2567 2356//2356
f 2524//2524 2562//2562 2615//2615
f 2475//2475 2551//2551 2560//2560
f 2529//2529 2552//2552 2548//2548
f 2559//2559 2577//2577 2552//2552
f 2576//2576 2546//2546 2581//2581
f 2549//2549 2545//2545 2588//2588
f 2531//2531 2594//2594 2472//2472
f 2470//2470 2539//2539 2515//2515
f 2498//2498 2467//2467 2486//2486
f 2541//2541 2585//2585 2531//2531
f 2406//2406 2532//2532 2468//2468
f 2379//2379 2590//2590 2527//2527
f 2556//2556 2548//2548 2596//2596
f 2545//2545 2582//2582 2588//2588
f 2573//2573 2528//2528 2617//2617
f 2528//2528 2573//2573 1921//1921
f 2388//2388 2532//2532 2591//2591
f 2454//2454 2589//2589 2565//2565
f 2576//2576 2597//2597 2561//2561
f 2528//2528 2518//2518 2617//2617
f 2438//2438 2584//2584 2604//2604
f 2519//2519 2517//2517 2572//2572
f 2566//2566 2561//2561 2538//2538
f 2506//2506 2486//2486 2584//2584
f 2357//2357 2567//2567 2610//2610
f 2549//2549 2598//2598 2546//2546
f 2582//2582 2545//2545 2613//2613
f 2584//2584 2486//2486 2668//2668
f 2570//2570 2555//2555 2574//2574
f 2531//2531 2585//2585 2594//2594
f 2525//2525 2556//2556 2595//2595
f 2436//2436 2377//2377 2620//2620
f 2518//2518 2527//2527 2617//2617
f 2546//2546 2598//2598 2581//2581
f 2564//2564 2592//2592 2575//2575
f 2562//2562 2571//2571 2593//2593
f 2545//2545 2580//2580 2613//2613
f 2536//2536 2620//2620 2377//2377
f 2561//2561 2597//2597 2599//2599
f 2562//2562 2593//2593 2605//2605
f 2548//2548 2552//2552 2577//2577
f 2564//2564 2526//2526 2606//2606
f 2573//2573 2619//2619 1921//1921
f 2371//2371 2487//2487 2587//2587
f 2485//2485 2474//2474 2655//2655
f 2480//2480 2611//2611 2568//2568
f 2532//2532 2406//2406 2586//2586
f 2577//2577 2559//2559 2602//2602
f 2585//2585 2541//2541 2614//2614
f 2473//2473 2513//2513 2589//2589
f 2572//2572 2612//2612 2519//2519
f 2559//2559 2538//2538 2602//2602
f 2538//2538 2609//2609 2602//2602
f 2551//2551 2371//2371 2587//2587
f 2488//2488 2575//2575 2618//2618
f 2481//2481 2625//2625 2504//2504
f 2626//2626 2533//2533 2534//2534
f 2480//2480 2557//2557 2611//2611
f 2550//2550 2493//2493 2640//2640
f 2548//2548 2631//2631 2596//2596
f 2505//2505 2558//2558 2583//2583
f 2428//2428 2519//2519 2567//2567
f 2519//2519 2612//2612 2621//2621
f 2524//2524 2616//2616 2539//2539
f 2526//2526 2608//2608 2650//2650
f 2605//2605 2615//2615 2562//2562
f 2438//2438 2604//2604 2522//2522
f 2520//2520 2586//2586 2406//2406
f 2539//2539 2603//2603 2515//2515
f 2575//2575 2592//2592 2618//2618
f 2388//2388 2591//2591 2600//2600
f 2472//2472 2594//2594 2543//2543
f 2593//2593 2634//2634 2605//2605
f 2576//2576 2581//2581 2646//2646
f 2486//2486 2467//2467 2622//2622
f 2576//2576 2646//2646 2597//2597
f 2557//2557 1887//1887 2624//2624
f 2538//2538 2561//2561 2609//2609
f 2573//2573 2617//2617 2619//2619
f 2556//2556 2596//2596 2595//2595
f 2577//2577 2602//2602 2623//2623
f 2514//2514 2636//2636 2572//2572
f 2488//2488 2618//2618 2534//2534
f 2571//2571 2628//2628 2593//2593
f 2515//2515 2603//2603 2520//2520
f 2379//2379 2574//2574 2590//2590
f 2487//2487 2579//2579 2587//2587
f 2584//2584 2668//2668 2601//2601
f 2548//2548 2577//2577 2629//2629
f 2592//2592 2564//2564 2638//2638
f 1921//1921 2619//2619 2651//2651
f 1887//1887 2637//2637 2624//2624
f 2514//2514 2554//2554 2636//2636
f 2558//2558 2595//2595 2583//2583
f 2500//2500 2568//2568 2630//2630
f 2557//2557 2624//2624 2611//2611
f 2192//2192 2637//2637 2139//2139
f 2501//2501 2583//2583 2635//2635
f 1841//1841 2193//2193 2632//2632
f 2524//2524 2615//2615 2616//2616
f 2578//2578 2707//2707 2414//2414
f 2571//2571 2635//2635 2628//2628
f 2492//2492 2500//2500 2630//2630
f 2571//2571 2501//2501 2635//2635
f 1999//1999 2632//2632 1281//1281
f 2192//2192 1841//1841 2641//2641
f 2541//2541 2560//2560 2614//2614
f 2619//2619 2617//2617 2627//2627
f 2605//2605 2634//2634 2615//2615
f 2598//2598 2549//2549 2669//2669
f 1281//1281 2632//2632 2193//2193
f 1236//1236 1921//1921 2649//2649
f 2139//2139 2637//2637 1887//1887
f 2489//2489 2607//2607 2689//2689
f 2192//2192 2641//2641 2637//2637
f 2548//2548 2629//2629 2631//2631
f 2574//2574 2492//2492 2630//2630
f 2561//2561 2599//2599 2609//2609
f 2564//2564 2606//2606 2638//2638
f 2584//2584 2601//2601 2604//2604
f 2572//2572 2636//2636 2612//2612
f 2534//2534 2657//2657 2626//2626
f 2549//2549 2588//2588 2669//2669
f 2608//2608 2550//2550 2640//2640
f 2619//2619 2627//2627 2651//2651
f 2627//2627 2617//2617 2639//2639
f 2580//2580 2626//2626 2613//2613
f 1841//1841 2632//2632 2641//2641
f 2590//2590 2666//2666 2527//2527
f 2551//2551 2587//2587 2642//2642
f 2513//2513 2600//2600 2589//2589
f 2581//2581 2647//2647 2646//2646
f 2617//2617 2527//2527 2666//2666
f 2532//2532 2586//2586 2656//2656
f 1921//1921 2651//2651 2649//2649
f 2624//2624 2633//2633 2611//2611
f 2602//2602 2643//2643 2623//2623
f 1236//1236 2632//2632 1999//1999
f 2606//2606 2526//2526 2650//2650
f 2627//2627 2639//2639 2611//2611
f 2624//2624 2637//2637 2651//2651
f 2633//2633 2627//2627 2611//2611
f 2633//2633 2624//2624 2651//2651
f 2633//2633 2651//2651 2627//2627
f 2534//2534 2618//2618 2657//2657
f 2593//2593 2628//2628 2634//2634
f 2597//2597 2646//2646 2648//2648
f 2609//2609 2599//2599 2652//2652
f 2582//2582 2613//2613 2588//2588
f 2592//2592 2638//2638 2618//2618
f 1236//1236 2649//2649 2632//2632
f 2574//2574 2653//2653 2590//2590
f 2615//2615 2634//2634 2628//2628
f 2585//2585 2614//2614 2594//2594
f 2568//2568 2665//2665 2630//2630
f 2357//2357 2610//2610 2563//2563
f 2581//2581 2598//2598 2647//2647
f 2596//2596 2631//2631 2595//2595
f 2597//2597 2664//2664 2599//2599
f 2436//2436 2654//2654 2474//2474
f 2588//2588 2613//2613 2669//2669
f 2493//2493 2522//2522 2640//2640
f 2577//2577 2623//2623 2658//2658
f 2602//2602 2659//2659 2643//2643
f 2568//2568 2611//2611 2665//2665
f 2601//2601 2668//2668 2645//2645
f 2626//2626 2657//2657 2613//2613
f 2601//2601 2645//2645 2662//2662
f 2601//2601 2662//2662 2604//2604
f 2656//2656 2591//2591 2532//2532
f 2639//2639 2617//2617 2666//2666
f 2606//2606 2618//2618 2638//2638
f 2609//2609 2652//2652 2602//2602
f 2577//2577 2658//2658 2629//2629
f 2632//2632 2637//2637 2641//2641
f 2632//2632 2651//2651 2637//2637
f 2632//2632 2649//2649 2651//2651
f 2574//2574 2630//2630 2653//2653
f 2583//2583 2595//2595 2635//2635
f 2536//2536 2504//2504 2703//2703
f 2597//2597 2648//2648 2661//2661
f 2467//2467 2707//2707 2622//2622
f 2664//2664 2597//2597 2661//2661
f 2618//2618 2606//2606 2657//2657
f 2657//2657 2669//2669 2613//2613
f 2579//2579 2489//2489 2689//2689
f 2586//2586 2684//2684 2656//2656
f 2643//2643 2673//2673 2623//2623
f 2520//2520 2660//2660 2586//2586
f 2536//2536 2663//2663 2620//2620
f 2620//2620 2654//2654 2436//2436
f 2599//2599 2664//2664 2652//2652
f 2658//2658 2623//2623 2667//2667
f 2590//2590 2653//2653 2666//2666
f 2635//2635 2615//2615 2628//2628
f 2623//2623 2673//2673 2667//2667
f 2615//2615 2678//2678 2616//2616
f 2652//2652 2659//2659 2602//2602
f 2630//2630 2665//2665 2653//2653
f 2554//2554 2565//2565 2688//2688
f 2647//2647 2598//2598 2670//2670
f 2560//2560 2551//2551 2694//2694
f 2639//2639 2666//2666 2611//2611
f 2636//2636 2554//2554 2688//2688
f 2646//2646 2647//2647 2648//2648
f 2594//2594 2671//2671 2543//2543
f 2668//2668 2486//2486 2622//2622
f 2635//2635 2595//2595 2631//2631
f 2659//2659 2674//2674 2643//2643
f 2614//2614 2560//2560 2685//2685
f 2612//2612 2636//2636 2621//2621
f 2594//2594 2692//2692 2671//2671
f 2522//2522 2604//2604 2677//2677
f 2647//2647 2672//2672 2648//2648
f 2611//2611 2666//2666 2665//2665
f 2656//2656 2684//2684 2591//2591
f 2636//2636 2688//2688 2682//2682
f 2650//2650 2608//2608 2680//2680
f 2648//2648 2676//2676 2661//2661
f 2647//2647 2679//2679 2672//2672
f 2519//2519 2691//2691 2567//2567
f 2653//2653 2665//2665 2666//2666
f 2631//2631 2629//2629 2681//2681
f 2661//2661 2676//2676 2674//2674
f 2640//2640 2680//2680 2608//2608
f 2629//2629 2658//2658 2681//2681
f 2652//2652 2664//2664 2683//2683
f 2669//2669 2686//2686 2598//2598
f 2664//2664 2661//2661 2683//2683
f 2674//2674 2700//2700 2643//2643
f 2661//2661 2674//2674 2683//2683
f 2659//2659 2683//2683 2674//2674
f 2652//2652 2683//2683 2659//2659
f 2603//2603 2687//2687 2520//2520
f 2645//2645 2668//2668 2662//2662
f 2657//2657 2690//2690 2669//2669
f 2654//2654 2675//2675 2474//2474
f 2643//2643 2700//2700 2673//2673
f 2676//2676 2700//2700 2674//2674
f 2519//2519 2621//2621 2691//2691
f 2567//2567 2644//2644 2610//2610
f 2648//2648 2672//2672 2676//2676
f 2539//2539 2616//2616 2797//2797
f 2539//2539 2797//2797 2603//2603
f 2658//2658 2667//2667 2704//2704
f 2672//2672 2679//2679 2714//2714
f 2658//2658 2704//2704 2681//2681
f 2615//2615 2635//2635 2678//2678
f 2660//2660 2520//2520 2687//2687
f 2543//2543 2711//2711 2578//2578
f 2640//2640 2522//2522 2706//2706
f 2684//2684 2695//2695 2591//2591
f 2684//2684 2721//2721 2709//2709
f 2625//2625 2703//2703 2504//2504
f 2696//2696 2698//2698 2701//2701
f 2693//2693 2662//2662 2717//2717
f 2662//2662 2668//2668 2717//2717
f 2657//2657 2606//2606 2690//2690
f 2598//2598 2686//2686 2670//2670
f 2667//2667 2673//2673 2752//2752
f 2647//2647 2705//2705 2679//2679
f 2647//2647 2670//2670 2705//2705
f 2669//2669 2690//2690 2686//2686
f 2699//2699 2697//2697 2708//2708
f 2586//2586 2660//2660 2719//2719
f 2684//2684 2586//2586 2721//2721
f 2709//2709 2695//2695 2684//2684
f 2543//2543 2671//2671 2711//2711
f 2697//2697 2705//2705 2708//2708
f 2696//2696 2701//2701 2704//2704
f 2551//2551 2779//2779 2694//2694
f 2591//2591 2715//2715 2600//2600
f 2563//2563 2610//2610 2702//2702
f 2681//2681 2701//2701 2631//2631
f 2681//2681 2704//2704 2701//2701
f 2642//2642 2779//2779 2551//2551
f 2474//2474 2675//2675 2723//2723
f 2671//2671 2720//2720 2711//2711
f 2594//2594 2728//2728 2692//2692
f 2563//2563 2625//2625 2481//2481
f 2631//2631 2726//2726 2635//2635
f 2713//2713 2727//2727 2716//2716
f 2672//2672 2714//2714 2676//2676
f 2697//2697 2699//2699 2739//2739
f 2671//2671 2692//2692 2728//2728
f 2670//2670 2686//2686 2708//2708
f 2610//2610 2644//2644 2747//2747
f 2668//2668 2622//2622 2748//2748
f 2722//2722 2712//2712 2725//2725
f 2682//2682 2724//2724 2729//2729
f 2708//2708 2705//2705 2670//2670
f 2636//2636 2682//2682 2621//2621
f 2663//2663 2743//2743 2620//2620
f 2693//2693 2710//2710 2733//2733
f 2714//2714 2753//2753 2676//2676
f 2680//2680 2640//2640 2746//2746
f 2696//2696 2704//2704 2734//2734
f 2589//2589 2736//2736 2565//2565
f 2724//2724 2682//2682 2688//2688
f 2604//2604 2738//2738 2677//2677
f 2691//2691 2737//2737 2567//2567
f 2728//2728 2594//2594 2761//2761
f 2696//2696 2734//2734 2698//2698
f 2725//2725 2732//2732 2722//2722
f 2701//2701 2735//2735 2631//2631
f 2709//2709 2721//2721 2730//2730
f 2725//2725 2710//2710 2732//2732
f 2693//2693 2733//2733 2662//2662
f 2668//2668 2748//2748 2717//2717
f 2700//2700 2676//2676 2741//2741
f 2591//2591 2695//2695 2715//2715
f 2474//2474 2723//2723 2655//2655
f 2667//2667 2752//2752 2704//2704
f 2604//2604 2662//2662 2731//2731
f 2700//2700 2741//2741 2673//2673
f 2699//2699 2740//2740 2739//2739
f 2622//2622 2707//2707 2748//2748
f 2710//2710 2693//2693 2717//2717
f 2679//2679 2705//2705 2714//2714
f 2594//2594 2614//2614 2761//2761
f 2725//2725 2733//2733 2710//2710
f 2722//2722 2757//2757 2712//2712
f 2578//2578 2749//2749 2707//2707
f 2699//2699 2708//2708 2740//2740
f 2701//2701 2698//2698 2735//2735
f 2606//2606 2650//2650 2690//2690
f 2522//2522 2677//2677 2706//2706
f 2702//2702 2610//2610 2747//2747
f 2704//2704 2744//2744 2734//2734
f 2716//2716 2730//2730 2745//2745
f 2614//2614 2685//2685 2718//2718
f 2732//2732 2710//2710 2750//2750
f 2654//2654 2620//2620 2743//2743
f 2710//2710 2717//2717 2750//2750
f 2709//2709 2730//2730 2751//2751
f 2709//2709 2751//2751 2695//2695
f 2697//2697 2739//2739 2705//2705
f 2587//2587 2579//2579 2759//2759
f 2680//2680 2746//2746 2650//2650
f 2725//2725 2712//2712 2754//2754
f 2730//2730 2721//2721 2745//2745
f 2589//2589 2600//2600 2736//2736
f 2616//2616 2678//2678 2797//2797
f 2754//2754 2712//2712 2757//2757
f 2730//2730 2716//2716 2751//2751
f 2722//2722 2732//2732 2757//2757
f 2713//2713 2758//2758 2727//2727
f 2586//2586 2763//2763 2721//2721
f 2671//2671 2728//2728 2720//2720
f 2567//2567 2737//2737 2644//2644
f 2740//2740 2708//2708 2756//2756
f 2708//2708 2686//2686 2756//2756
f 2727//2727 2758//2758 2716//2716
f 2607//2607 2742//2742 2689//2689
f 2704//2704 2752//2752 2744//2744
f 2621//2621 2682//2682 2783//2783
f 2536//2536 2703//2703 2663//2663
f 2716//2716 2758//2758 2751//2751
f 2662//2662 2733//2733 2755//2755
f 2586//2586 2719//2719 2763//2763
f 2734//2734 2735//2735 2698//2698
f 2640//2640 2706//2706 2772//2772
f 2635//2635 2726//2726 2678//2678
f 2631//2631 2735//2735 2726//2726
f 2705//2705 2739//2739 2714//2714
f 2716//2716 2745//2745 2713//2713
f 2662//2662 2755//2755 2731//2731
f 2607//2607 2569//2569 2742//2742
f 2614//2614 2718//2718 2761//2761
f 2739//2739 2740//2740 2762//2762
f 2732//2732 2750//2750 2757//2757
f 2707//2707 2760//2760 2748//2748
f 2703//2703 2764//2764 2663//2663
f 2676//2676 2753//2753 2741//2741
f 2569//2569 2655//2655 2780//2780
f 2749//2749 2760//2760 2707//2707
f 2625//2625 2764//2764 2703//2703
f 2718//2718 2685//2685 2768//2768
f 2740//2740 2756//2756 2762//2762
f 2729//2729 2766//2766 2682//2682
f 2729//2729 2724//2724 2766//2766
f 2723//2723 2675//2675 2765//2765
f 2685//2685 2560//2560 2694//2694
f 2695//2695 2751//2751 2715//2715
f 2724//2724 2688//2688 2766//2766
f 2578//2578 2711//2711 2749//2749
f 2688//2688 2565//2565 2791//2791
f 2754//2754 2733//2733 2725//2725
f 2717//2717 2767//2767 2750//2750
f 2565//2565 2736//2736 2791//2791
f 2604//2604 2731//2731 2738//2738
f 2600//2600 2715//2715 2736//2736
f 2690//2690 2650//2650 2775//2775
f 2673//2673 2769//2769 2752//2752
f 2690//2690 2756//2756 2686//2686
f 2687//2687 2603//2603 2797//2797
f 2682//2682 2766//2766 2783//2783
f 2688//2688 2791//2791 2766//2766
f 2717//2717 2748//2748 2767//2767
f 2746//2746 2640//2640 2772//2772
f 2739//2739 2781//2781 2714//2714
f 2644//2644 2774//2774 2747//2747
f 2569//2569 2801//2801 2742//2742
f 2713//2713 2792//2792 2758//2758
f 2770//2770 2776//2776 2765//2765
f 2733//2733 2777//2777 2755//2755
f 2754//2754 2777//2777 2733//2733
f 2723//2723 2780//2780 2655//2655
f 2563//2563 2702//2702 2625//2625
f 2748//2748 2760//2760 2767//2767
f 2771//2771 2773//2773 2776//2776
f 2739//2739 2762//2762 2781//2781
f 2759//2759 2579//2579 2689//2689
f 2721//2721 2763//2763 2745//2745
f 2713//2713 2745//2745 2792//2792
f 2776//2776 2773//2773 2796//2796
f 2621//2621 2783//2783 2691//2691
f 2754//2754 2788//2788 2777//2777
f 2744//2744 2782//2782 2734//2734
f 2720//2720 2785//2785 2711//2711
f 2720//2720 2728//2728 2785//2785
f 2752//2752 2769//2769 2744//2744
f 2754//2754 2778//2778 2788//2788
f 2687//2687 2797//2797 2784//2784
f 2715//2715 2751//2751 2736//2736
f 2673//2673 2794//2794 2769//2769
f 2754//2754 2757//2757 2778//2778
f 2675//2675 2654//2654 2825//2825
f 2728//2728 2761//2761 2785//2785
f 2765//2765 2780//2780 2723//2723
f 2673//2673 2741//2741 2794//2794
f 2770//2770 2765//2765 2853//2853
f 2642//2642 2587//2587 2759//2759
f 2744//2744 2789//2789 2782//2782
f 2751//2751 2791//2791 2736//2736
f 2650//2650 2746//2746 2775//2775
f 2767//2767 2760//2760 2749//2749
f 2781//2781 2762//2762 2756//2756
f 2780//2780 2801//2801 2569//2569
f 2769//2769 2793//2793 2744//2744
f 2753//2753 2828//2828 2741//2741
f 2790//2790 2795//2795 2788//2788
f 2775//2775 2746//2746 2772//2772
f 2776//2776 2799//2799 2771//2771
f 2778//2778 2757//2757 2750//2750
f 2788//2788 2778//2778 2790//2790
f 2781//2781 2753//2753 2714//2714
f 2782//2782 2798//2798 2734//2734
f 2726//2726 2735//2735 2802//2802
f 2776//2776 2770//2770 2799//2799
f 2770//2770 2786//2786 2799//2799
f 2767//2767 2778//2778 2750//2750
f 2787//2787 2792//2792 2803//2803
f 2744//2744 2793//2793 2789//2789
f 2765//2765 2675//2675 2825//2825
f 2792//2792 2787//2787 2805//2805
f 2758//2758 2792//2792 2805//2805
f 2790//2790 2806//2806 2795//2795
f 2765//2765 2825//2825 2853//2853
f 2766//2766 2791//2791 2807//2807
f 2751//2751 2758//2758 2791//2791
f 2625//2625 2702//2702 2764//2764
f 2735//2735 2734//2734 2802//2802
f 2773//2773 2771//2771 2815//2815
f 2747//2747 2810//2810 2702//2702
f 2741//2741 2828//2828 2794//2794
f 2781//2781 2824//2824 2753//2753
f 2706//2706 2677//2677 2808//2808
f 2797//2797 2678//2678 2784//2784
f 2803//2803 2792//2792 2821//2821
f 2690//2690 2775//2775 2809//2809
f 2756//2756 2690//2690 2809//2809
f 2758//2758 2807//2807 2791//2791
f 2758//2758 2805//2805 2807//2807
f 2734//2734 2798//2798 2802//2802
f 2767//2767 2749//2749 2778//2778
f 2782//2782 2789//2789 2798//2798
f 2778//2778 2749//2749 2711//2711
f 2790//2790 2813//2813 2806//2806
f 2765//2765 2776//2776 2814//2814
f 2771//2771 2799//2799 2815//2815
f 2706//2706 2811//2811 2772//2772
f 2726//2726 2784//2784 2678//2678
f 2778//2778 2711//2711 2785//2785
f 2786//2786 2812//2812 2799//2799
f 2663//2663 2880//2880 2743//2743
f 2761//2761 2718//2718 2817//2817
f 2787//2787 2803//2803 2818//2818
f 2796//2796 2773//2773 2815//2815
f 2644//2644 2737//2737 2774//2774
f 2766//2766 2807//2807 2835//2835
f 2766//2766 2835//2835 2783//2783
f 2790//2790 2778//2778 2813//2813
f 2663//2663 2800//2800 2880//2880
f 2787//2787 2804//2804 2805//2805
f 2756//2756 2819//2819 2781//2781
f 2781//2781 2819//2819 2824//2824
f 2753//2753 2824//2824 2820//2820
f 2786//2786 2770//2770 2826//2826
f 2775//2775 2772//2772 2811//2811
f 2789//2789 2793//2793 2816//2816
f 2787//2787 2818//2818 2804//2804
f 2706//2706 2808//2808 2811//2811
f 2795//2795 2806//2806 2829//2829
f 2813//2813 2778//2778 2823//2823
f 2796//2796 2822//2822 2776//2776
f 2660//2660 2848//2848 2719//2719
f 2786//2786 2826//2826 2812//2812
f 2702//2702 2833//2833 2764//2764
f 2803//2803 2821//2821 2840//2840
f 2759//2759 2866//2866 2642//2642
f 2788//2788 2795//2795 2829//2829
f 2745//2745 2821//2821 2792//2792
f 2726//2726 2834//2834 2784//2784
f 2802//2802 2798//2798 2832//2832
f 2756//2756 2809//2809 2819//2819
f 2687//2687 2830//2830 2660//2660
f 2677//2677 2851//2851 2808//2808
f 2775//2775 2811//2811 2809//2809
f 2788//2788 2829//2829 2777//2777
f 2642//2642 2866//2866 2779//2779
f 2726//2726 2802//2802 2834//2834
f 2654//2654 2743//2743 2825//2825
f 2768//2768 2685//2685 2831//2831
f 2789//2789 2873//2873 2798//2798
f 2815//2815 2860//2860 2796//2796
f 2753//2753 2820//2820 2828//2828
f 2840//2840 2818//2818 2803//2803
f 2789//2789 2816//2816 2873//2873
f 2745//2745 2763//2763 2821//2821
f 2778//2778 2785//2785 2823//2823
f 2761//2761 2817//2817 2785//2785
f 2807//2807 2805//2805 2835//2835
f 2811//2811 2808//2808 2847//2847
f 2663//2663 2764//2764 2800//2800
f 2755//2755 2777//2777 2731//2731
f 2769//2769 2794//2794 2793//2793
f 2687//2687 2784//2784 2834//2834
f 2809//2809 2811//2811 2847//2847
f 2776//2776 2822//2822 2814//2814
f 2806//2806 2813//2813 2841//2841
f 2816//2816 2793//2793 2836//2836
f 2765//2765 2814//2814 2780//2780
f 2820//2820 2824//2824 2819//2819
f 2829//2829 2806//2806 2838//2838
f 2796//2796 2860//2860 2822//2822
f 2763//2763 2842//2842 2821//2821
f 2759//2759 2689//2689 2866//2866
f 2777//2777 2829//2829 2731//2731
f 2687//2687 2834//2834 2830//2830
f 2818//2818 2837//2837 2804//2804
f 2702//2702 2810//2810 2833//2833
f 2820//2820 2793//2793 2828//2828
f 2719//2719 2848//2848 2763//2763
f 2799//2799 2844//2844 2815//2815
f 2820//2820 2854//2854 2793//2793
f 2812//2812 2839//2839 2799//2799
f 2798//2798 2873//2873 2832//2832
f 2836//2836 2873//2873 2816//2816
f 2840//2840 2845//2845 2818//2818
f 2843//2843 2836//2836 2793//2793
f 2806//2806 2858//2858 2838//2838
f 2806//2806 2841//2841 2858//2858
f 2828//2828 2793//2793 2794//2794
f 2785//2785 2817//2817 2823//2823
f 2843//2843 2793//2793 2846//2846
f 2802//2802 2862//2862 2834//2834
f 2805//2805 2804//2804 2845//2845
f 2770//2770 2853//2853 2826//2826
f 2818//2818 2845//2845 2837//2837
f 2809//2809 2847//2847 2864//2864
f 2799//2799 2839//2839 2844//2844
f 2813//2813 2823//2823 2858//2858
f 2854//2854 2849//2849 2793//2793
f 2731//2731 2829//2829 2852//2852
f 2809//2809 2864//2864 2819//2819
f 2812//2812 2826//2826 2839//2839
f 2836//2836 2846//2846 2873//2873
f 2804//2804 2837//2837 2845//2845
f 2829//2829 2850//2850 2852//2852
f 2848//2848 2660//2660 2830//2830
f 2689//2689 2742//2742 2866//2866
f 2677//2677 2738//2738 2865//2865
f 2801//2801 2780//2780 2814//2814
f 2836//2836 2843//2843 2846//2846
f 2763//2763 2848//2848 2842//2842
f 2840//2840 2821//2821 2857//2857
f 2813//2813 2858//2858 2841//2841
f 2821//2821 2842//2842 2861//2861
f 2840//2840 2859//2859 2845//2845
f 2832//2832 2862//2862 2802//2802
f 2846//2846 2793//2793 2863//2863
f 2839//2839 2868//2868 2844//2844
f 2738//2738 2731//2731 2865//2865
f 2864//2864 2847//2847 2808//2808
f 2819//2819 2867//2867 2820//2820
f 2677//2677 2865//2865 2851//2851
f 2856//2856 2860//2860 2815//2815
f 2691//2691 2783//2783 2885//2885
f 2833//2833 2855//2855 2764//2764
f 2821//2821 2861//2861 2857//2857
f 2838//2838 2858//2858 2869//2869
f 2840//2840 2857//2857 2859//2859
f 2783//2783 2835//2835 2885//2885
f 2829//2829 2838//2838 2850//2850
f 2848//2848 2830//2830 2842//2842
f 2852//2852 2892//2892 2731//2731
f 2820//2820 2867//2867 2854//2854
f 2685//2685 2694//2694 2831//2831
f 2839//2839 2871//2871 2868//2868
f 2718//2718 2878//2878 2817//2817
f 2743//2743 2889//2889 2825//2825
f 2823//2823 2888//2888 2858//2858
f 2839//2839 2826//2826 2871//2871
f 2868//2868 2877//2877 2870//2870
f 2800//2800 2764//2764 2855//2855
f 2832//2832 2873//2873 2862//2862
f 2805//2805 2902//2902 2835//2835
f 2856//2856 2905//2905 2860//2860
f 2850//2850 2838//2838 2887//2887
f 2808//2808 2851//2851 2872//2872
f 2850//2850 2887//2887 2852//2852
f 2825//2825 2889//2889 2853//2853
f 2877//2877 2868//2868 2871//2871
f 2845//2845 2859//2859 2886//2886
f 2805//2805 2845//2845 2902//2902
f 2793//2793 2849//2849 2863//2863
f 2875//2875 2863//2863 2849//2849
f 2718//2718 2768//2768 2893//2893
f 2875//2875 2849//2849 2879//2879
f 2830//2830 2834//2834 2862//2862
f 2808//2808 2872//2872 2864//2864
f 2874//2874 2863//2863 2875//2875
f 2870//2870 2891//2891 2881//2881
f 2823//2823 2817//2817 2888//2888
f 2858//2858 2894//2894 2869//2869
f 2819//2819 2864//2864 2867//2867
f 2743//2743 2880//2880 2889//2889
f 2815//2815 2844//2844 2856//2856
f 2822//2822 2901//2901 2814//2814
f 2846//2846 2863//2863 2907//2907
f 2827//2827 2779//2779 2866//2866
f 2882//2882 2894//2894 2883//2883
f 2868//2868 2870//2870 2844//2844
f 2876//2876 2890//2890 2903//2903
f 2858//2858 2888//2888 2894//2894
f 2891//2891 2870//2870 2877//2877
f 2883//2883 2894//2894 2910//2910
f 2731//2731 2892//2892 2918//2918
f 2849//2849 2854//2854 2916//2916
f 2879//2879 2849//2849 2916//2916
f 2774//2774 2899//2899 2747//2747
f 2890//2890 2902//2902 2845//2845
f 2842//2842 2897//2897 2861//2861
f 2822//2822 2860//2860 2901//2901
f 2887//2887 2838//2838 2869//2869
f 2826//2826 2853//2853 2889//2889
f 2801//2801 2814//2814 2906//2906
f 2876//2876 2898//2898 2890//2890
f 2856//2856 2896//2896 2905//2905
f 2846//2846 2907//2907 2873//2873
f 2854//2854 2867//2867 2916//2916
f 2890//2890 2845//2845 2903//2903
f 2870//2870 2881//2881 2904//2904
f 2800//2800 2895//2895 2880//2880
f 2845//2845 2886//2886 2903//2903
f 2882//2882 2900//2900 2894//2894
f 2881//2881 2915//2915 2904//2904
f 2731//2731 2918//2918 2865//2865
f 2876//2876 2903//2903 2884//2884
f 2882//2882 2883//2883 2921//2921
f 2881//2881 2891//2891 2915//2915
f 2891//2891 2877//2877 2929//2929
f 2742//2742 2801//2801 2914//2914
f 2857//2857 2861//2861 2859//2859
f 2882//2882 2921//2921 2900//2900
f 2876//2876 2884//2884 2898//2898
f 2866//2866 2742//2742 2911//2911
f 2742//2742 2914//2914 2911//2911
f 2896//2896 2909//2909 2905//2905
f 2867//2867 2864//2864 2872//2872
f 2856//2856 2844//2844 2896//2896
f 2842//2842 2913//2913 2897//2897
f 2909//2909 2896//2896 2912//2912
f 2873//2873 2908//2908 2862//2862
f 2863//2863 2923//2923 2907//2907
f 2852//2852 2887//2887 2924//2924
f 2855//2855 2895//2895 2800//2800
f 2747//2747 2899//2899 2810//2810
f 2852//2852 2924//2924 2892//2892
f 2873//2873 2907//2907 2908//2908
f 2863//2863 2874//2874 2923//2923
f 2860//2860 2917//2917 2901//2901
f 2862//2862 2908//2908 2830//2830
f 2874//2874 2875//2875 2920//2920
f 2905//2905 2917//2917 2860//2860
f 2894//2894 2888//2888 2937//2937
f 2912//2912 2922//2922 2909//2909
f 2870//2870 2904//2904 2844//2844
f 2921//2921 2883//2883 2938//2938
f 2918//2918 2892//2892 2924//2924
f 2875//2875 2879//2879 2940//2940
f 2866//2866 2911//2911 2827//2827
f 2888//2888 2817//2817 2956//2956
f 2894//2894 2937//2937 2910//2910
f 2691//2691 2885//2885 2737//2737
f 2826//2826 2927//2927 2871//2871
f 2869//2869 2894//2894 2945//2945
f 2880//2880 2895//2895 2925//2925
f 2801//2801 2906//2906 2914//2914
f 2919//2919 2884//2884 2932//2932
f 2884//2884 2935//2935 2898//2898
f 2904//2904 2915//2915 2930//2930
f 2904//2904 2946//2946 2844//2844
f 2842//2842 2830//2830 2908//2908
f 2859//2859 2861//2861 2926//2926
f 2826//2826 2889//2889 2927//2927
f 2883//2883 2910//2910 2938//2938
f 2929//2929 2877//2877 2871//2871
f 2891//2891 2929//2929 2915//2915
f 2879//2879 2916//2916 2940//2940
f 2918//2918 2931//2931 2865//2865
f 2951//2951 2872//2872 2851//2851
f 2894//2894 2900//2900 2944//2944
f 2904//2904 2930//2930 2928//2928
f 2851//2851 2865//2865 2951//2951
f 2884//2884 2919//2919 2935//2935
f 2867//2867 2872//2872 2951//2951
f 2859//2859 2926//2926 2886//2886
f 2874//2874 2920//2920 2923//2923
f 2887//2887 2869//2869 2945//2945
f 2875//2875 2940//2940 2920//2920
f 2867//2867 2951//2951 2916//2916
f 2897//2897 2936//2936 2861//2861
f 2903//2903 2932//2932 2884//2884
f 2903//2903 2886//2886 2932//2932
f 2842//2842 2941//2941 2913//2913
f 2894//2894 2944//2944 2945//2945
f 2694//2694 2779//2779 2953//2953
f 2938//2938 2910//2910 2937//2937
f 2919//2919 2932//2932 2928//2928
f 2905//2905 2933//2933 2917//2917
f 2912//2912 2938//2938 2922//2922
f 2779//2779 2827//2827 2953//2953
f 2928//2928 2930//2930 2919//2919
f 2905//2905 2909//2909 2933//2933
f 2915//2915 2929//2929 2930//2930
f 2890//2890 2898//2898 2939//2939
f 2865//2865 2931//2931 2942//2942
f 2842//2842 2934//2934 2941//2941
f 2886//2886 2926//2926 2947//2947
f 2918//2918 2924//2924 2931//2931
f 2947//2947 2948//2948 2886//2886
f 2718//2718 2893//2893 2878//2878
f 2694//2694 2953//2953 2831//2831
f 2924//2924 2887//2887 2943//2943
f 2909//2909 2922//2922 2933//2933
f 2938//2938 2912//2912 2921//2921
f 2896//2896 2957//2957 2912//2912
f 2842//2842 2908//2908 2934//2934
f 2902//2902 2890//2890 2939//2939
f 2921//2921 2944//2944 2900//2900
f 2814//2814 2901//2901 2906//2906
f 2897//2897 2913//2913 2936//2936
f 2907//2907 2923//2923 2908//2908
f 2835//2835 2902//2902 2959//2959
f 2833//2833 2961//2961 2855//2855
f 2880//2880 2925//2925 2952//2952
f 2835//2835 2950//2950 2885//2885
f 2919//2919 2939//2939 2935//2935
f 2880//2880 2952//2952 2889//2889
f 2902//2902 2939//2939 2982//2982
f 2886//2886 2948//2948 2932//2932
f 2774//2774 2737//2737 2899//2899
f 2942//2942 2949//2949 2865//2865
f 2940//2940 2916//2916 2951//2951
f 2935//2935 2939//2939 2898//2898
f 2887//2887 2945//2945 2943//2943
f 2938//2938 2955//2955 2922//2922
f 2861//2861 2936//2936 2926//2926
f 2919//2919 2930//2930 2954//2954
f 2919//2919 2954//2954 2939//2939
f 2904//2904 2928//2928 2946//2946
f 2923//2923 2934//2934 2908//2908
f 2844//2844 2957//2957 2896//2896
f 2906//2906 2901//2901 2962//2962
f 2865//2865 2949//2949 2951//2951
f 2933//2933 2922//2922 2955//2955
f 2924//2924 2943//2943 2931//2931
f 2930//2930 2929//2929 2954//2954
f 2934//2934 2958//2958 2941//2941
f 2889//2889 2952//2952 2927//2927
f 2940//2940 2964//2964 2920//2920
f 2833//2833 2810//2810 2961//2961
f 2912//2912 2957//2957 2944//2944
f 2957//2957 2844//2844 2946//2946
f 2942//2942 2931//2931 2967//2967
f 2938//2938 2937//2937 2955//2955
f 2913//2913 2941//2941 2936//2936
f 2923//2923 2920//2920 2964//2964
f 2827//2827 2911//2911 2953//2953
f 2939//2939 2954//2954 2960//2960
f 2928//2928 2932//2932 2946//2946
f 2902//2902 2982//2982 2959//2959
f 2921//2921 2912//2912 2944//2944
f 2931//2931 2943//2943 2967//2967
f 2895//2895 2855//2855 2961//2961
f 2871//2871 2965//2965 2929//2929
f 2941//2941 2958//2958 2936//2936
f 2835//2835 2959//2959 2950//2950
f 2923//2923 2969//2969 2934//2934
f 2914//2914 2906//2906 2972//2972
f 2945//2945 2944//2944 2963//2963
f 2939//2939 2960//2960 2982//2982
f 2954//2954 2929//2929 2968//2968
f 2923//2923 2964//2964 2969//2969
f 2817//2817 2878//2878 2956//2956
f 2963//2963 2966//2966 2945//2945
f 2929//2929 2965//2965 2968//2968
f 2940//2940 2951//2951 2964//2964
f 2911//2911 2972//2972 2953//2953
f 2934//2934 2969//2969 2958//2958
f 2914//2914 2972//2972 2911//2911
f 2945//2945 2966//2966 2943//2943
f 2937//2937 2974//2974 2955//2955
f 2888//2888 2974//2974 2937//2937
f 2871//2871 2927//2927 2965//2965
f 2831//2831 2953//2953 2970//2970
f 2942//2942 2967//2967 2949//2949
f 2954//2954 2968//2968 2960//2960
f 2895//2895 2961//2961 2925//2925
f 2958//2958 2969//2969 2936//2936
f 2933//2933 2955//2955 2917//2917
f 2932//2932 2971//2971 2946//2946
f 2965//2965 2927//2927 2977//2977
f 2951//2951 2949//2949 2964//2964
f 2961//2961 2981//2981 2925//2925
f 2768//2768 2831//2831 2970//2970
f 2955//2955 2973//2973 2917//2917
f 2936//2936 2947//2947 2926//2926
f 2901//2901 2917//2917 2973//2973
f 2901//2901 2973//2973 2962//2962
f 2952//2952 2925//2925 2981//2981
f 2952//2952 2981//2981 2986//2986
f 2768//2768 2970//2970 2893//2893
f 2927//2927 2952//2952 2977//2977
f 2885//2885 2950//2950 2975//2975
f 2947//2947 2978//2978 2948//2948
f 2906//2906 2962//2962 2972//2972
f 2888//2888 2976//2976 2974//2974
f 2943//2943 2966//2966 2967//2967
f 2885//2885 2975//2975 2737//2737
f 2936//2936 2978//2978 2947//2947
f 2964//2964 2949//2949 2967//2967
f 2964//2964 2980//2980 2969//2969
f 2888//2888 2956//2956 2976//2976
f 2810//2810 2899//2899 2961//2961
f 2932//2932 2979//2979 2971//2971
f 2957//2957 2979//2979 2944//2944
f 2966//2966 2984//2984 2967//2967
f 2964//2964 2967//2967 2980//2980
f 2957//2957 2946//2946 2971//2971
f 2932//2932 2948//2948 2979//2979
f 2965//2965 2977//2977 2968//2968
f 2957//2957 2971//2971 2979//2979
f 2955//2955 2974//2974 2987//2987
f 2966//2966 2963//2963 2993//2993
f 2959//2959 2982//2982 2950//2950
f 2878//2878 2983//2983 2956//2956
f 2899//2899 2985//2985 2961//2961
f 2936//2936 2969//2969 2994//2994
f 2936//2936 3000//3000 2978//2978
f 2963//2963 2944//2944 2988//2988
f 2948//2948 2988//2988 2979//2979
f 2878//2878 2893//2893 2983//2983
f 2994//2994 3000//3000 2936//2936
f 2944//2944 2979//2979 2988//2988
f 2968//2968 2992//2992 2960//2960
f 2978//2978 2993//2993 2948//2948
f 2980//2980 2994//2994 2969//2969
f 2977//2977 2952//2952 2986//2986
f 2963//2963 2988//2988 2993//2993
f 2972//2972 2962//2962 2990//2990
f 2960//2960 2992//2992 2982//2982
f 2981//2981 2989//2989 2986//2986
f 2968//2968 2977//2977 2992//2992
f 2955//2955 2987//2987 2973//2973
f 2953//2953 2990//2990 2991//2991
f 2961//2961 2985//2985 2981//2981
f 2950//2950 2982//2982 2995//2995
f 2972//2972 2990//2990 2953//2953
f 2978//2978 3000//3000 2993//2993
f 2982//2982 2992//2992 2996//2996
f 2967//2967 2984//2984 2997//2997
f 2962//2962 2973//2973 2987//2987
f 2990//2990 2962//2962 2987//2987
f 2956//2956 2983//2983 2976//2976
f 2948//2948 2993//2993 2988//2988
f 2966//2966 2993//2993 2984//2984
f 2953//2953 2991//2991 2970//2970
f 2737//2737 2975//2975 2985//2985
f 2982//2982 2996//2996 2998//2998
f 2974//2974 2999//2999 2987//2987
f 2899//2899 2737//2737 2985//2985
f 2995//2995 2982//2982 2998//2998
f 2976//2976 2999//2999 2974//2974
f 2981//2981 2985//2985 2989//2989
f 2967//2967 2997//2997 3001//3001
f 2984//2984 2993//2993 2997//2997
f 2970//2970 2991//2991 2893//2893
f 2991//2991 2990//2990 2999//2999
f 2893//2893 2991//2991 2983//2983
f 2977//2977 2986//2986 2992//2992
f 2993//2993 3000//3000 3002//3002
f 2950//2950 2995//2995 2975//2975
f 2987//2987 2999//2999 2990//2990
f 2994//2994 3002//3002 3000//3000
f 2999//2999 2976//2976 2991//2991
f 2976//2976 2983//2983 2991//2991
f 2967//2967 3001//3001 2980//2980
f 2992//2992 2986//2986 2996//2996
f 2975//2975 2995//2995 2985//2985
f 2989//2989 2998//2998 2986//2986
f 2986//2986 2998//2998 2996//2996
f 2985//2985 2998//2998 2989//2989
f 2995//2995 2998//2998 2985//2985
f 2993//2993 3002//3002 2997//2997
f 3001//3001 2997//2997 3002//3002
f 2994//2994 2980//2980 3002//3002
f 2980//2980 3001//3001 3002//3002
