# Blender 5.2.0 LTS
# www.blender.org
mtllib monopteros_item.mtl
o monopteros_item
v -2.993248 1.342486 0.326105
v -3.004723 1.188853 0.016067
v -2.973336 1.344723 -0.405314
v -2.945981 1.189965 -0.566149
v -2.873275 1.415359 0.310633
v -2.921550 1.189351 0.694148
v -2.724199 1.415937 -1.046686
v -2.894114 1.199147 0.076562
v -2.761731 1.344911 -1.206994
v -2.895967 1.143597 -0.191946
v -2.754948 1.346140 1.204333
v -2.719466 1.188530 -1.305647
v -2.825260 1.136914 0.346440
v -2.808343 1.143459 0.675485
v -2.805031 1.136902 -0.450441
v -2.719291 1.198180 -1.005371
v -2.836808 1.005080 0.166088
v -2.692540 1.191140 1.334416
v -2.785059 1.201197 0.760643
v -2.634379 1.414917 1.205983
v -2.739441 1.004880 -0.777612
v -2.592566 1.416000 -0.064636
v -2.681618 1.415863 -0.049386
v -2.709491 1.005998 0.856613
v -2.697246 0.950167 -0.075177
v -2.681628 1.142922 -1.080764
v -2.410743 1.415817 -0.964383
v -2.586058 1.197909 1.301949
v -2.674712 1.415558 0.048339
v -2.595691 0.950758 -0.707699
v -2.566589 1.136850 1.245152
v -2.540610 1.137048 -1.305304
v -2.593240 0.950982 0.741159
v -2.690473 0.382096 -0.174889
v -2.691851 0.885656 0.083678
v -2.539099 1.143454 1.400229
v -2.662555 0.312723 0.323782
v -2.664424 0.315765 -0.432841
v -2.622945 0.884515 -0.621015
v -2.586315 0.391336 0.751019
v -2.562643 0.884556 0.861365
v -2.640654 0.847500 -0.068817
v -2.657783 0.066416 -0.084102
v -2.551808 1.952088 0.046285
v -2.648386 0.294289 0.085107
v -2.605981 0.074176 0.487758
v -2.532157 1.998203 -0.048775
v -2.593785 0.046849 0.607881
v -2.581282 1.415780 0.061475
v -2.607401 0.400143 -0.146259
v -2.590336 0.065086 -0.601576
v -2.306181 1.344410 1.939139
v -2.598319 0.820955 0.373884
v -2.489056 0.008057 -0.673875
v -2.489101 0.382664 -1.041853
v -2.512330 0.858248 0.807071
v -2.533550 0.821080 -0.668375
v -2.546188 0.013038 0.382066
v -2.566197 0.400097 0.525195
v -2.408126 1.006076 1.521144
v -2.466142 0.308655 1.077648
v -2.484478 0.400342 -0.823028
v -2.461314 0.074096 1.011559
v -2.450032 2.030838 -0.061212
v -2.312513 1.005309 -1.677819
v -2.446073 0.294779 1.018219
v -2.506194 0.294459 -0.887624
v -2.428824 0.066577 -1.097640
v -2.341727 0.950376 -1.352636
v -2.464140 0.858604 -0.942065
v -2.449191 1.417085 0.862850
v -2.174269 1.347947 -2.089066
v -2.495704 1.735044 0.448844
v -2.283612 1.190218 1.958997
v -2.448778 1.788281 -0.614366
v -2.408467 2.138157 0.061156
v -2.363454 1.141402 -1.655768
v -2.343428 0.821029 -1.198997
v -2.311627 0.294868 -1.322996
v -2.350669 0.002999 0.995583
v -2.389740 0.870567 -1.209102
v -2.192143 2.674168 -0.051686
v -2.411534 0.820196 1.024384
v -2.327685 0.046842 1.296822
v -2.297990 1.200282 -1.752058
v -2.355090 0.400174 1.142555
v -2.298842 0.951118 1.411159
v -2.327574 2.278385 0.282092
v -2.093457 2.828632 0.055596
v -2.242827 2.477185 -0.059896
v -2.141846 1.188070 -2.120262
v -2.260648 0.394256 1.442647
v -2.220937 1.200437 1.846513
v -2.253569 2.253599 0.720218
v -2.030572 0.005632 0.269197
v -2.126442 0.074637 -1.602251
v -2.355572 1.540558 -0.054909
v -2.348723 1.613805 0.056438
v -2.042089 1.135882 2.000393
v -2.346872 1.026075 0.056268
v -2.360244 1.568221 -0.316754
v -2.345947 0.998075 -0.059295
v -2.139129 0.399700 -1.525312
v -2.356386 1.253781 0.367644
v -2.155862 0.837240 1.520776
v -2.302374 1.767944 0.395816
v -2.157026 1.870222 -1.266535
v -2.303651 1.418339 1.198747
v -2.258879 1.962186 -0.057651
v -2.192944 0.885580 1.569112
v -2.224440 0.820870 -0.604241
v -2.234062 1.374648 -0.842880
v -2.131746 0.391123 -1.645705
v -2.184650 0.355776 -0.060298
v -2.181045 2.154457 0.058290
v -2.222635 2.024644 -0.408426
v -2.197292 1.297573 0.908897
v -2.156912 0.344358 1.626616
v -2.038752 0.005078 -1.551059
v -2.129897 0.819594 1.508730
v -2.158071 2.196079 0.393841
v -2.187580 0.355998 0.057522
v -2.022594 1.143157 2.064125
v -2.099820 2.348464 -0.980077
v -2.078104 2.700755 -0.359058
v -2.014085 0.074890 1.732499
v -2.083555 0.354507 0.643352
v -2.022345 0.884954 -1.792150
v -2.155916 1.668837 0.955014
v -2.065266 0.047218 -1.689302
v -1.927843 0.292599 1.838424
v -1.918783 0.002647 1.695010
v -1.917567 1.415473 2.173544
v -1.823801 0.949731 2.000063
v -2.105641 2.685435 0.060090
v -2.088484 1.869119 -0.983862
v -2.081970 0.354913 -0.664441
v -1.953106 1.142834 -2.140229
v -1.812321 0.005866 0.938664
v -2.030734 0.293039 -1.709552
v -1.992477 2.248972 1.283284
v -2.048284 2.017738 0.946966
v -2.108076 1.418936 1.515895
v -1.923039 1.415858 -2.143389
v -1.878554 1.416437 -1.789168
v -1.992825 2.457841 -0.509785
v -1.925461 0.821336 -1.778695
v -1.754505 0.400008 1.959553
v -1.995711 0.887677 -1.183959
v -1.799554 2.913255 -0.788499
v -1.898214 1.004135 2.124424
v -2.003062 0.008664 -0.378954
v -2.050233 0.353223 0.403682
v -1.916932 0.047979 1.845455
v -1.832541 3.019073 0.403870
v -2.000931 0.877928 1.173460
v -1.923181 2.660913 -0.057776
v -2.041855 0.353338 -0.401992
v -2.078857 0.287389 0.234378
v -1.950405 1.433662 -1.378127
v -1.897781 0.950072 -1.918543
v -1.846850 1.199067 -2.223334
v -1.856063 2.365303 -0.996697
v -2.016661 0.287336 -0.505481
v -1.751450 0.390178 2.046510
v -2.057359 0.190102 -0.119889
v -2.047236 0.063400 -0.006838
v -1.925481 0.285982 0.593078
v -1.972190 0.190672 0.602761
v -1.909737 1.415697 -1.849850
v -1.827283 2.906976 0.719494
v -2.016609 0.285569 -0.004599
v -1.964698 0.067011 -0.599441
v -2.018042 0.207223 0.179037
v -1.933743 0.068274 0.680259
v -1.815748 1.792533 1.736109
v -1.884370 2.708039 0.059479
v -1.947892 1.370747 1.373717
v -1.818647 0.317289 -1.988461
v -1.731193 0.834076 1.978498
v -1.830916 1.189697 2.381075
v -1.895862 1.415361 1.896065
v -1.930205 0.206892 -0.577413
v -1.800614 2.776586 0.419143
v -1.804048 1.862924 -1.724650
v -1.696374 0.063825 -2.061840
v -1.700258 0.885520 2.105075
v -1.805759 1.345162 2.400981
v -1.435752 1.189620 -2.648888
v -1.686367 0.858320 -2.035017
v -1.862287 0.189345 -0.870401
v -1.803214 0.287710 1.027669
v -1.726076 1.006142 -2.266111
v -1.713168 1.097215 -1.629604
v -1.809461 0.008123 -0.952706
v -1.758291 2.838593 -0.372675
v -1.806713 0.354937 1.213217
v -1.765503 0.352672 -1.103494
v -1.613372 1.199283 2.404119
v -1.651191 1.136391 -2.323651
v -1.859798 1.416503 1.782450
v -1.763405 2.056229 -1.386909
v -1.668252 0.353568 1.249473
v -1.919164 0.285885 -0.589331
v -1.758867 2.425141 1.103984
v -1.540411 3.423479 -0.050919
v -1.747644 0.206892 1.003739
v -1.597743 0.354300 -1.500606
v -1.478643 0.393953 -2.254179
v -1.828861 1.807277 1.439035
v -1.800357 2.050733 1.735982
v -1.825664 1.416738 -1.898906
v -1.614702 2.515382 -1.531102
v -1.762489 3.136503 -0.059633
v -1.710457 1.067088 1.627600
v -1.678166 0.287503 -1.238490
v -1.810524 2.006557 -1.744969
v -1.599677 2.897905 1.145938
v -1.670744 0.064698 -1.172207
v -1.702457 1.559376 1.627349
v -1.442686 0.007704 -2.129699
v -1.562593 2.638768 1.484046
v -1.497441 0.067437 2.198642
v -1.742202 2.022556 -1.808095
v -1.555707 0.400051 -2.106228
v -1.701617 1.640707 -1.624791
v -1.550696 3.348825 0.059902
v -1.417909 0.293338 2.241766
v -1.732695 2.050721 1.801573
v -1.793417 1.417147 1.890669
v -1.342463 0.883737 -2.353070
v -1.244703 1.142853 2.626893
v -1.591100 0.285968 -1.240097
v -1.509764 0.198982 -1.370798
v -1.726711 1.842430 1.809735
v -1.415738 0.821583 -2.213859
v -1.496917 2.870157 -0.938640
v -1.505750 3.442554 0.052735
v -1.246591 1.342842 -2.748773
v -1.536287 2.796764 1.004442
v -1.593901 0.285328 1.235155
v -1.454873 0.337685 2.278479
v -1.583387 0.188378 1.310395
v -1.581037 2.671218 -1.514130
v -1.698860 1.989103 -1.780951
v -1.549659 2.730475 1.482158
v -1.580745 0.355522 1.492580
v -1.445499 0.294657 -2.217214
v -1.562481 2.199845 1.487896
v -1.557404 0.062242 1.325541
v -1.305222 0.950027 -2.370237
v -1.637956 1.927981 -1.561547
v -1.552039 1.727369 -2.005306
v -1.340694 1.415690 -2.224262
v -1.621215 1.092884 1.706372
v -1.400630 0.074373 -2.251089
v -1.134316 1.003228 2.627331
v -1.588087 2.377939 -1.665588
v -1.637385 1.183544 -1.723335
v -1.548156 2.473512 1.628536
v -1.499628 2.695087 1.566132
v -1.555006 2.573586 -1.617303
v -1.619932 1.477150 -1.701226
v -1.407291 1.137036 2.474846
v -1.260158 1.143505 -2.607635
v -1.409011 2.633322 -1.329761
v -0.966993 1.416118 -2.738078
v -1.405994 0.287569 1.539539
v -1.230297 0.834794 2.337746
v -1.630369 1.437841 1.708492
v -1.360362 0.819185 2.225527
v -1.487373 3.147029 -0.053909
v -1.619602 1.700209 -1.711689
v -1.544457 1.996463 1.625620
v -1.464616 3.189130 0.061858
v -1.375914 1.363090 -1.953675
v -1.308211 3.541186 -0.059660
v -1.411572 1.770772 1.867358
v -1.316925 1.424315 1.992562
v -1.455545 2.302777 -1.533693
v -1.211493 1.188835 2.757266
v -1.469566 0.005826 1.416396
v -1.210162 0.917017 1.986364
v -1.509184 0.355822 -1.582801
v -1.275024 0.316664 -2.373095
v -1.504049 0.355883 1.575754
v -1.339554 3.047590 -1.253821
v -1.257271 1.201189 -2.606280
v -1.183746 3.265936 0.699397
v -1.348738 3.383719 0.668586
v -1.466019 0.353173 -1.477162
v -1.134498 1.884132 2.230821
v -1.149765 1.416125 2.320924
v -1.447477 2.475124 -1.372420
v -1.074560 0.354854 1.900545
v -1.212617 0.200201 1.630412
v -1.281613 0.063024 -1.597336
v -1.147618 1.345329 2.782674
v -1.256275 0.007658 -1.615084
v -1.287900 2.839129 1.210344
v -1.144186 3.297429 -0.699145
v -1.280305 3.108655 -1.343464
v -1.336439 3.277867 -0.249128
v -1.216081 0.003983 2.250151
v -1.297004 2.710525 1.370457
v -1.187302 2.233070 -1.824177
v -1.301776 2.632346 1.371740
v -1.062670 2.116884 -2.170452
v -1.091434 0.353733 1.780173
v -1.087238 0.047691 -2.433308
v -1.003166 0.306811 2.491863
v -1.048181 1.715439 -2.314665
v -1.154206 0.948613 2.434531
v -1.183492 3.334584 1.113979
v -1.126780 2.277490 1.832883
v -1.178122 3.342433 -1.101617
v -1.172439 0.287981 -1.717965
v -0.905036 1.415618 2.748250
v -1.219222 3.104955 -1.301018
v -1.137866 2.436736 1.967500
v -1.167104 0.026074 1.667699
v -1.183474 2.873337 -1.593520
v -1.068151 3.422749 0.983912
v -1.152932 0.286404 -1.647782
v -1.137579 3.231575 1.222538
v -0.863633 0.394936 2.548474
v -1.110784 0.808885 -2.024960
v -1.013108 1.005721 -2.669833
v -1.145395 3.285856 1.220121
v -1.073559 0.353357 -1.788031
v -1.140505 0.285846 1.653670
v -0.896589 1.837051 -2.138845
v -1.149703 0.201754 -1.663676
v -1.102321 3.015048 -1.188298
v -1.026685 0.066791 2.447190
v -1.127597 3.086843 -1.054272
v -1.058202 2.805491 1.494281
v -1.290049 3.456994 -0.609123
v -0.965243 0.858256 -2.459144
v -1.058089 3.701722 0.062931
v -1.000890 0.884760 2.503419
v -0.957696 1.136444 -2.682889
v -0.843697 3.666293 -0.759739
v -0.808166 0.399590 -2.496823
v -0.768348 1.200291 2.790281
v -0.805211 0.399715 2.491651
v -0.698787 3.943153 0.049334
v -0.892283 3.547339 -0.325640
v -0.958993 0.074885 -2.465233
v -1.012981 2.725050 -1.583307
v -0.828066 2.948831 1.747924
v -0.789086 1.744310 2.211394
v -0.708388 3.764531 0.623844
v -0.649833 1.136116 2.779476
v -0.931330 3.547573 0.135009
v -0.853597 2.801039 -1.855817
v -0.859563 0.819418 2.461676
v -0.619528 0.294323 -2.585548
v -0.910432 0.354568 -1.974501
v -0.643974 0.287814 1.980690
v -0.786607 0.070099 -1.888476
v -0.886621 1.366158 -2.209179
v -0.687440 3.878690 -0.064416
v -0.825155 0.005657 -2.422242
v -0.807630 1.204865 2.229197
v -0.971740 3.207039 1.052018
v -0.734074 3.227163 -1.221514
v -0.689942 0.189805 -1.936218
v -0.671833 3.948449 -0.049457
v -0.838989 3.510401 0.571950
v -0.507754 0.007909 1.982246
v -0.744136 0.386234 -2.587569
v -0.807656 0.053550 1.863358
v -0.959042 3.501631 -1.031931
v -0.735866 0.821136 -2.513391
v -0.847891 3.685270 -0.779371
v -0.822267 2.610775 1.769801
v -0.587926 0.294737 2.578278
v -0.704118 3.707952 -0.786713
v -0.552987 1.190131 -2.954128
v -0.793381 0.016156 -1.870745
v -0.395417 1.202121 -2.870215
v -0.688463 2.192910 2.282064
v -0.378888 0.004571 2.541760
v -0.503715 0.285126 -1.950610
v -0.526883 1.416210 2.543452
v -0.721230 3.403730 -1.295657
v -0.662636 3.850213 0.592366
v -0.609019 3.511402 1.200491
v -0.484330 1.143897 -2.849217
v -0.569753 3.869759 0.641930
v -0.577726 0.287522 -1.993158
v -0.476848 1.189057 2.965637
v -0.554940 0.189042 1.980059
v -0.470389 0.207754 -1.957328
v -0.435762 2.731998 2.048642
v -0.519507 0.286003 1.943989
v -0.690206 0.950915 -2.600676
v -0.465234 0.886024 -2.654502
v -0.471163 1.415771 -2.550502
v -0.345464 0.950599 2.682181
v -0.499641 0.839486 2.584696
v -0.550626 3.300160 1.212842
v -0.503413 0.206672 1.944175
v -0.428319 2.737091 -1.833956
v -0.495477 2.701743 -2.056267
v -0.626461 0.355040 2.082984
v -0.538640 1.790554 -2.464600
v -0.526150 0.819434 -2.243022
v -0.668974 3.885528 0.067560
v -0.601928 3.772442 0.687279
v -0.228080 0.007420 -2.036091
v -0.513784 0.065817 -2.601074
v -0.413421 0.064404 2.624565
v -0.261224 0.353443 -2.075223
v -0.400569 0.370912 -2.664467
v -0.426450 0.067348 2.002463
v -0.541133 3.882851 -0.614045
v -0.340016 2.812751 1.786303
v -0.463360 3.741286 0.034852
v -0.400432 3.622786 -0.705011
v -0.338687 0.325180 2.672825
v -0.406425 3.656036 -1.041287
v -0.437883 3.339805 -1.491878
v -0.418478 1.873803 2.460528
v -0.422892 2.352501 2.070049
v -0.393035 1.415247 -2.353662
v -0.488143 3.952706 -0.410619
v -0.163276 0.353333 2.092568
v -0.117597 1.344827 -3.017909
v -0.143427 0.011085 -2.566820
v -0.520944 0.947799 2.266233
v -0.271487 1.345289 2.992281
v -0.346296 1.417144 2.359097
v -0.177329 0.885575 2.693258
v -0.261661 3.661464 0.667976
v -0.233818 1.143587 2.886680
v -0.421926 3.965202 0.348255
v -0.158440 0.820403 -2.615177
v -0.124646 0.820254 2.616823
v -0.339259 2.213794 -2.345909
v -0.304836 3.323111 -1.263484
v -0.378517 2.054174 -2.222939
v -0.050512 0.857356 -2.648265
v -0.125640 0.295081 -2.646647
v -0.057926 0.357153 -2.192199
v -0.253683 3.984561 0.044132
v 0.001351 1.005650 2.852290
v -0.415815 0.064014 -2.004027
v -0.215129 3.984990 -0.145517
v -0.115877 1.137464 -2.843721
v 0.079959 0.948400 -2.706500
v -0.056113 3.238205 1.414099
v -0.216709 3.960482 -0.303605
v -0.058340 0.354194 2.190008
v 0.098327 1.005206 -2.856826
v -0.341703 3.317642 1.546565
v -0.055835 3.918609 -0.556882
v -0.057497 1.947253 2.285964
v -0.223165 3.955614 0.312028
v -0.056833 2.425683 2.269915
v -0.055131 3.746468 0.972339
v -0.216537 3.958869 0.143775
v -0.018686 3.731444 0.508196
v 0.146007 0.070683 2.653102
v -0.058321 1.844652 -2.498768
v 0.196076 0.399412 2.614751
v 0.166023 0.288086 -2.094052
v -0.254136 3.970490 -0.048248
v 0.226436 1.198808 2.889558
v 0.080561 0.399270 -2.619012
v 0.014204 0.071959 2.055945
v 0.278215 1.415544 2.884378
v -0.057488 2.533021 -2.204803
v 0.120949 0.386891 -2.688497
v -0.059250 1.423648 2.598452
v -0.056571 1.816294 -2.306656
v 0.101463 0.201231 2.033588
v -0.182788 3.727863 -0.459957
v -0.056925 3.191558 1.701593
v -0.057359 3.155346 -1.484730
v -0.054170 0.195723 -2.045440
v 0.070759 0.066055 -2.660178
v -0.056320 1.055100 2.355687
v 0.005028 0.071167 -2.055118
v 0.407037 1.193459 -2.984579
v 0.086907 3.786019 -0.016104
v -0.054432 2.604497 1.947010
v 0.192285 0.287659 2.088092
v 0.147741 0.291652 2.646783
v -0.170714 3.995118 0.200133
v -0.055096 2.603313 -1.950231
v -0.150766 3.989857 -0.216418
v -0.057521 1.626126 2.361200
v -0.053571 3.791465 -0.888649
v 0.000170 0.285506 2.012698
v 0.151162 3.530027 0.966096
v -0.055943 3.645595 -1.172265
v 0.258879 0.010078 2.030485
v 0.296420 0.329342 -2.683676
v -0.055871 1.069721 -2.354715
v 0.126838 1.189101 2.999981
v -0.040565 3.987444 0.261728
v 0.056414 3.180294 -1.465416
v 0.175058 0.377982 2.692628
v 0.776241 0.006498 -2.457191
v -0.058306 3.157284 -1.733257
v -0.051814 3.966973 -0.257122
v -0.056893 1.415790 -2.576367
v 0.330765 1.415492 -2.869144
v 0.337338 0.286322 -1.996853
v 0.206601 3.538829 -0.947379
v 0.374338 1.143267 -2.866832
v -0.006484 1.415820 -2.705776
v -0.049167 1.415711 2.669967
v -0.047109 2.033031 2.497612
v -0.048439 2.000105 -2.529960
v -0.047149 3.324514 -1.639378
v -0.043762 2.723504 -2.162557
v -0.053203 1.870737 2.272558
v -0.046958 3.282740 1.683503
v -0.046291 3.959042 0.477562
v -0.039844 2.664574 2.205249
v -0.042643 3.704150 1.112500
v 0.261573 1.137073 2.829117
v 0.438401 0.884824 -2.663747
v 0.058595 2.668842 -1.916475
v 0.287724 3.701989 -0.511980
v 0.055759 2.638877 1.923917
v 0.053816 1.890528 2.271584
v 0.056912 1.093338 2.357970
v 0.038373 2.096329 2.480187
v 0.047933 3.473705 -1.466431
v 0.055514 0.356536 2.179993
v 0.056213 1.926279 -2.275135
v 0.058465 3.154398 1.484904
v 0.039577 3.958225 -0.502683
v 0.039103 3.642837 1.231015
v 0.051374 3.973814 0.259715
v 0.053105 3.716698 -1.037018
v 0.054917 0.356409 -2.185354
v 0.045685 3.951156 0.515353
v 0.048372 1.416134 2.668205
v 0.047392 3.201938 1.764837
v 0.044951 2.791618 -2.124778
v 0.044275 3.991552 -0.255443
v 0.047934 2.566611 2.260657
v 0.056653 1.067202 -2.360457
v 0.045284 1.925205 -2.560037
v 0.625350 1.341901 2.946760
v 0.056600 3.704940 1.064027
v 0.058074 3.493436 1.358737
v 0.055925 2.407648 2.276363
v 0.056374 2.537110 -2.212680
v 0.060560 3.907367 -0.559990
v 0.055436 1.806067 2.507785
v 0.056029 3.009106 1.869105
v 0.056431 1.879263 -2.487198
v 0.056946 3.191056 -1.714315
v 0.075007 1.415389 2.600744
v 0.067011 1.415376 -2.596266
v 0.057805 1.883661 2.303616
v 0.462861 0.005951 2.518278
v 0.148664 3.974599 0.212433
v 0.472992 0.354048 2.129054
v 0.381498 2.855622 -1.740420
v 0.450094 1.921502 -2.450577
v 0.583614 0.868986 2.239922
v 0.474910 1.932657 2.436596
v 0.376009 2.137774 2.186757
v 0.314844 3.918802 -0.404128
v 0.144410 3.975224 -0.211115
v 0.535794 0.354046 -2.016255
v 0.429805 0.065770 2.001777
v 0.341892 3.267514 1.321696
v 0.343242 2.763749 1.822762
v 0.315713 0.836984 2.621103
v 0.318786 1.513220 -2.362594
v 0.480661 2.463121 -2.001655
v 0.567978 0.285881 1.931268
v 0.436888 3.869476 0.527516
v 0.576147 0.951115 2.631383
v 0.371521 1.628522 2.340572
v 0.590155 2.016613 -2.187709
v 0.542395 0.353478 2.011070
v 0.475294 3.377001 -1.440836
v 0.539278 3.382931 1.411509
v 0.571100 0.063769 -1.965353
v 0.213558 3.972356 0.143665
v 0.212934 3.962522 -0.142387
v 0.537457 2.730073 2.027398
v 0.409967 1.365207 2.348092
v 0.492944 0.821204 -2.574660
v 0.587591 1.199254 -2.827257
v 0.696138 3.513553 -1.148620
v 0.483870 3.928673 0.558012
v 0.592661 0.188487 -1.967778
v 0.257275 3.995438 -0.055296
v 0.725743 1.190720 2.915730
v 0.438233 3.965249 -0.364358
v 0.492021 0.355808 -2.120896
v 0.404356 3.920554 -0.311391
v 0.522513 3.704422 0.241695
v 0.521041 3.914913 -0.060228
v 0.575853 3.248528 -1.269140
v 0.581195 2.497086 -2.154977
v 0.578813 0.994756 -2.268858
v 0.678732 3.946800 -0.053383
v 0.934639 1.143239 2.748046
v 0.528539 3.901949 -0.600500
v 0.700320 3.648002 -0.312286
v 0.574502 0.206549 -1.925914
v 0.651564 2.889273 -1.863558
v 0.653901 0.188500 1.950239
v 0.719897 0.292025 2.553024
v 0.735853 0.884986 2.594789
v 1.004963 1.136860 -2.677781
v 0.690422 3.583721 0.563248
v 0.421416 3.912412 0.332497
v 0.746958 3.671178 -0.830413
v 0.826485 0.293588 -2.527886
v 0.774723 0.820166 2.497845
v 0.683591 0.066472 2.570602
v 0.862534 0.399326 -2.480088
v 0.887661 0.390415 -2.534759
v 0.805306 3.829036 0.063769
v 0.631794 0.073106 -2.573805
v 0.923427 0.047302 -2.507214
v 0.570108 3.911721 0.497141
v 0.606380 3.448192 -0.928924
v 0.699925 0.858777 2.542304
v 0.734202 2.862824 1.607401
v 0.693850 0.858116 -2.540989
v 0.744205 2.373159 1.952759
v 1.044233 1.005214 2.659899
v 0.767005 3.654321 0.851708
v 0.855578 1.507702 -2.219239
v 0.863930 3.652246 0.783049
v 0.883247 0.344914 2.553017
v 0.776546 0.033450 1.869362
v 0.899536 1.341604 -2.871539
v 0.749587 3.915117 0.052279
v 0.669463 3.328393 1.102797
v 0.699933 3.815895 -0.626818
v 1.021856 0.205979 1.740018
v 0.741474 3.735359 -0.655565
v 0.999213 1.418150 2.401361
v 0.819298 2.123704 2.266887
v 1.098011 1.136358 2.637558
v 0.840962 3.602876 0.016369
v 0.951070 3.037039 1.583708
v 1.106349 0.394359 2.455269
v 0.514236 0.004688 -1.980370
v 1.048837 3.712436 -0.060972
v 0.975030 2.139135 -2.200401
v 1.013642 0.399728 2.414399
v 0.947959 2.856235 -1.505726
v 0.998315 1.770541 2.117002
v 0.910228 1.345263 2.201368
v 1.092696 0.822878 2.390996
v 0.981287 0.287947 -1.827597
v 1.063331 0.287922 1.786671
v 1.390517 1.415336 -2.537501
v 1.268432 1.415368 2.586684
v 1.010372 0.355210 1.923837
v 1.069122 1.417421 -2.374298
v 1.182229 0.825037 -2.368400
v 0.972704 1.200169 2.718741
v 1.209858 1.007100 -2.590772
v 1.096614 3.440146 1.026514
v 1.044887 0.949674 -2.488892
v 1.202582 1.143477 -2.636692
v 1.041396 0.354911 -1.904876
v 1.048952 2.747590 -1.802569
v 1.105947 3.305382 -0.718474
v 1.129796 0.074666 -2.397988
v 1.019986 3.138910 -1.101084
v 1.163437 0.009260 -1.679680
v 1.004387 2.849146 1.472418
v 1.127393 0.853569 -2.023735
v 1.069509 3.390460 1.136487
v 1.207957 0.005297 2.264128
v 1.139874 0.286083 -1.657361
v 1.254879 0.004905 1.620874
v 1.125738 2.579070 1.877492
v 1.359409 0.884453 -2.344097
v 1.246628 3.424189 0.753926
v 1.207681 3.267719 0.656309
v 1.157193 3.366753 -1.085861
v 1.518667 0.004494 -2.066058
v 1.179841 0.949947 2.423736
v 1.173055 0.200075 -1.659234
v 1.201437 3.470712 -0.716108
v 1.047275 3.444018 -0.962826
v 1.159617 0.068113 -1.693042
v 1.206462 2.293656 -1.776687
v 1.204699 0.057241 1.654379
v 1.116222 3.330866 -1.185469
v 1.182543 0.353701 -1.712542
v 1.331804 1.189286 -2.697153
v 1.386775 0.820154 -2.223296
v 1.331821 1.742844 -1.931304
v 1.291456 0.353569 1.644594
v 1.231545 2.159112 1.832104
v 1.296806 3.273526 -0.438006
v 1.203335 0.333382 -2.413500
v 1.148743 0.285817 1.651813
v 1.021125 3.132049 1.092610
v 1.283839 1.077553 1.983047
v 1.348476 1.380731 -1.971924
v 1.497509 3.357629 0.417510
v 1.367859 1.345799 2.676157
v 1.480434 0.396744 -2.246942
v 1.356781 0.857704 -2.270140
v 1.440770 2.038434 1.984179
v 1.319822 2.934984 1.404403
v 1.245265 3.063390 -1.328408
v 1.166539 0.188899 1.693320
v 1.306748 2.682204 -1.378669
v 1.262069 2.885134 -1.181757
v 1.490461 1.200457 -2.488715
v 1.420098 3.457955 0.061054
v 1.406666 1.190764 2.658737
v 1.320748 2.629799 1.394083
v 1.290699 3.314944 0.224218
v 1.444359 2.812053 1.516817
v 1.376952 0.858929 2.253560
v 1.122298 3.093369 1.046675
v 1.626595 0.884427 2.172272
v 1.544731 3.410975 0.056118
v 2.141724 0.002431 1.390996
v 1.277006 0.068318 2.331610
v 1.489753 1.415603 -2.118084
v 1.465890 3.475503 -0.049975
v 1.437354 0.293478 2.231953
v 1.434630 1.576585 1.891944
v 1.557981 2.451585 -1.637188
v 1.577064 0.294093 -2.140111
v 1.420401 3.402673 -0.455581
v 1.480602 3.041616 -1.104872
v 1.391026 2.665793 1.311337
v 1.458049 1.198925 2.498305
v 1.596176 0.287961 -1.357426
v 1.457247 1.759408 -2.062652
v 1.513704 0.355659 -1.586812
v 1.631886 3.046773 0.881127
v 1.528625 2.823900 0.966109
v 1.465767 2.827368 1.385686
v 1.460372 2.460713 1.381028
v 1.410414 2.869383 -1.479350
v 1.414246 2.388569 -1.483796
v 1.474972 2.879868 1.404462
v 1.587402 0.350170 2.189053
v 1.443201 2.871924 -1.361850
v 1.436169 3.200122 -0.000853
v 1.526355 1.416667 2.097774
v 1.502272 0.354634 1.579128
v 1.602566 0.070821 -1.291666
v 1.590923 0.286008 -1.245460
v 1.567351 0.627271 1.643986
v 1.601929 0.064089 -2.137736
v 1.604473 0.190316 -1.295182
v 1.476700 0.287631 1.470327
v 1.548335 2.806701 -0.963668
v 1.543273 2.755121 -1.474671
v 1.517542 1.341878 -2.596568
v 1.735543 0.820785 1.969466
v 1.738176 0.047796 2.033448
v 1.579667 0.950333 -2.186943
v 1.595598 1.832296 1.675446
v 1.652924 0.190921 1.233454
v 1.620520 0.350178 -2.162395
v 1.594538 0.207664 1.227942
v 1.664590 0.399861 2.020958
v 1.601866 0.286165 1.228753
v 1.583605 0.009579 -1.280610
v 1.487016 2.441042 -1.407572
v 1.813003 0.400007 -1.918825
v 1.817400 1.143905 2.255275
v 1.549861 1.986187 -1.629791
v 1.822999 0.074846 -1.932229
v 1.910177 1.135886 -2.124724
v 1.535079 2.006068 1.611933
v 2.127289 1.415528 1.956513
v 1.867316 0.949461 1.960598
v 1.672294 0.353478 -1.250118
v 1.982850 1.005145 2.063919
v 1.664637 2.146613 1.744361
v 1.650866 0.206963 -1.146628
v 1.686364 0.068898 1.164682
v 1.764842 0.017711 1.887603
v 1.632100 1.183864 1.713238
v 1.876676 0.404062 1.874524
v 1.708014 2.180880 -1.770744
v 1.625102 2.075116 1.539312
v 1.831387 0.073748 1.926546
v 1.793221 2.790876 0.381817
v 1.810930 0.007594 0.964038
v 1.804068 0.353605 1.055490
v 1.940166 2.935784 -0.057978
v 2.027041 1.137120 2.021039
v 1.638376 1.168426 -1.722458
v 1.592260 0.355923 -1.502336
v 1.675328 2.349689 -1.595512
v 1.637024 1.924520 -1.560144
v 1.707211 1.932842 -1.783820
v 1.594692 0.355503 1.506272
v 1.844355 0.831862 -1.871615
v 1.908429 1.142958 -2.181174
v 1.677690 1.704088 1.598810
v 2.055415 0.007285 -1.543161
v 1.786117 2.123117 1.721811
v 1.662025 1.911180 -1.579412
v 1.929515 2.527342 -1.107655
v 1.783161 1.972120 1.703538
v 1.716354 1.130296 -1.634912
v 1.852230 1.342359 2.366887
v 1.921312 0.354828 -1.018644
v 1.837899 0.287983 0.983822
v 1.918288 1.189332 -2.318337
v 1.714360 1.172272 1.635065
v 1.917717 2.426801 1.225338
v 1.821585 2.340686 -1.080208
v 1.819154 2.757225 -0.399684
v 1.783881 1.416865 -1.859508
v 1.902980 3.053714 -0.052265
v 1.833715 2.979174 -0.539603
v 1.818555 2.396611 1.033122
v 1.914242 0.315026 1.897217
v 1.903815 0.207224 -0.643783
v 1.904446 1.005023 -2.120335
v 1.899518 2.679435 -0.055885
v 1.799394 2.056091 -1.727898
v 1.798521 1.417000 1.883178
v 1.919170 0.205966 0.608861
v 1.740510 2.066423 1.797409
v 1.931742 2.637985 0.058472
v 1.918960 0.858670 1.810281
v 2.110512 1.200322 1.986197
v 2.128884 0.291574 1.594216
v 1.921027 1.446704 1.429014
v 2.037906 0.874879 1.112133
v 1.939534 1.459881 -1.401088
v 1.956113 0.884914 -1.859711
v 1.877761 0.059410 0.788177
v 1.871656 1.433209 -1.792806
v 1.971071 1.833883 -1.554770
v 1.936654 0.286089 -0.548958
v 1.851859 1.415697 -1.918073
v 2.019670 0.831163 -1.124226
v 2.009250 0.047893 -1.756397
v 2.048263 2.778360 0.059928
v 2.040942 0.391588 -1.760967
v 1.890853 0.189572 -0.792477
v 1.874390 0.030609 -0.774042
v 2.056322 2.870571 0.049353
v 1.917260 0.285745 0.590683
v 2.032893 0.293503 -1.726419
v 2.103061 2.631709 0.499427
v 2.006267 0.288116 -0.580637
v 2.055710 0.950222 -1.750736
v 1.986911 0.191439 0.521522
v 2.211575 1.342456 -2.051555
v 2.015311 0.353883 -0.557308
v 1.914277 1.415596 -1.852515
v 2.099726 0.355289 0.597572
v 2.252145 1.190655 2.006334
v 1.889475 1.417109 1.800809
v 2.047011 1.917807 -1.031639
v 2.100937 2.223397 0.560736
v 2.131319 1.834861 0.917583
v 2.187532 0.066855 1.512231
v 2.144215 0.834935 1.541858
v 2.202130 1.416034 -1.376302
v 2.094022 1.923648 1.323356
v 1.993185 0.038383 0.399617
v 2.121087 1.416543 1.486720
v 2.093111 2.297816 -0.449708
v 2.138085 1.415387 -1.926020
v 1.995828 0.025302 -0.395175
v 2.183971 1.199717 -1.897603
v 2.184138 2.201801 0.062792
v 2.276719 1.933379 -0.997774
v 2.043140 0.353791 0.404105
v 2.255607 0.838576 -1.376727
v 2.140661 1.459136 1.041722
v 2.335471 0.390219 1.339173
v 2.061121 0.190264 -0.169553
v 2.015817 0.286213 0.003587
v 2.015513 0.207087 -0.001767
v 2.120771 0.355671 -0.498029
v 2.339597 0.886449 1.368991
v 2.262464 2.389587 -0.405521
v 2.042646 0.003284 0.029928
v 2.086907 0.291874 0.190517
v 2.051220 0.068195 -0.017455
v 2.119520 0.350496 1.678256
v 2.411333 0.004991 -0.868399
v 2.315185 1.344251 1.919645
v 2.327186 0.066819 -1.296782
v 2.246040 0.819408 -1.330184
v 2.185878 2.189974 -0.061848
v 2.564579 0.006189 -0.048993
v 2.280374 0.820270 1.285034
v 2.449110 0.005343 0.739545
v 2.328045 1.729533 -0.057051
v 2.185566 0.355713 -0.057720
v 2.272105 2.132821 0.803593
v 2.193546 1.483346 -0.940475
v 2.418995 2.275232 -0.049670
v 2.281349 0.335525 -1.437804
v 2.359901 1.190344 -1.862173
v 2.175589 0.354237 0.056245
v 2.406032 1.006904 -1.527969
v 2.282627 1.003025 -0.525218
v 2.322124 1.725260 0.056632
v 2.361079 0.886300 -1.310099
v 2.327337 1.143753 1.714280
v 2.444291 0.399844 0.962635
v 2.336986 1.426460 0.496365
v 2.269556 0.995510 0.556018
v 2.423280 0.398582 -1.011013
v 2.396466 1.417809 1.006416
v 2.449611 0.949896 1.145324
v 2.349218 1.469272 -0.410104
v 2.529186 2.024215 0.047246
v 2.296475 1.812893 -0.367475
v 2.388058 2.126582 0.313884
v 2.546849 1.144349 -1.391631
v 2.319434 1.728653 0.340199
v 2.514195 1.136680 -1.352054
v 2.338037 0.955256 0.057133
v 2.469019 1.959342 0.059899
v 2.470717 1.950140 -0.059176
v 2.439559 0.391987 -1.133301
v 2.529186 0.062746 0.863191
v 2.557855 0.951053 -0.908789
v 2.495217 0.294654 -0.889950
v 2.526917 0.309319 -0.920809
v 2.359879 1.081594 -0.057994
v 2.367152 1.239788 0.054607
v 2.323300 1.005480 1.631265
v 2.613341 1.137248 1.186026
v 2.323683 1.044626 1.630212
v 2.507528 0.837370 0.831209
v 2.324002 0.847379 1.239076
v 2.324216 0.844034 1.239076
v 2.540291 0.310236 0.878172
v 2.482777 0.294981 0.906715
v 2.547415 0.065722 -0.788583
v 2.560422 1.006604 1.257222
v 2.493695 1.749182 -0.446754
v 2.653901 1.415268 -1.156912
v 2.539269 1.416255 -0.529923
v 2.598619 0.394405 0.676340
v 2.551982 0.819574 -0.601175
v 2.626387 1.198277 1.226147
v 2.561785 1.417940 0.441056
v 2.790928 1.415133 0.785617
v 2.651299 1.199161 -1.182036
v 2.531407 0.819564 0.635049
v 2.597669 0.074570 -0.525239
v 2.558332 0.835153 -0.645847
v 2.564311 0.074355 0.670157
v 2.629682 0.885212 -0.597188
v 2.751158 1.345323 -1.239018
v 2.704054 1.189785 1.314268
v 2.582027 0.400094 -0.381948
v 2.676738 0.886149 0.360650
v 2.749231 1.143896 0.928817
v 2.577482 1.416463 -0.059765
v 2.695729 1.343116 1.338807
v 2.627381 1.416459 0.065782
v 2.608370 0.399956 0.152022
v 2.683827 1.415924 -0.053739
v 2.629224 0.291459 0.317010
v 2.712183 1.189310 -1.300460
v 2.627294 0.835004 0.111094
v 2.632450 0.292332 -0.301401
v 2.627989 0.390893 -0.581389
v 2.707995 0.339192 0.079486
v 2.694714 0.950382 0.167316
v 2.663076 0.063882 -0.027047
v 2.751979 1.005825 -0.738682
v 2.881902 1.414114 -0.224423
v 2.745060 1.136817 -0.728287
v 2.831108 1.005809 0.334993
v 2.814833 1.144473 -0.640506
v 2.842499 1.200199 0.510083
v 2.847378 1.136875 0.075972
v 2.891527 1.198750 -0.151490
v 2.893324 1.143388 0.014879
v 2.980528 1.188249 -0.445324
v 2.976406 1.344628 -0.405194
v 2.960060 1.188842 0.534059
v 2.973145 1.341504 0.487713
v 2.323624 1.047967 1.630212
v 2.323601 0.849536 1.239972
v 2.323910 1.048012 1.629859
v 0.254720 3.982317 0.049780
vn -0.9912 -0.0080 -0.1318
vn -0.9981 0.0601 -0.0122
vn -0.9898 -0.0823 0.1159
vn -0.5138 0.8557 0.0615
vn -0.5015 0.8633 0.0574
vn -0.3955 0.9174 -0.0446
vn -0.9752 0.0412 -0.2176
vn -0.9622 0.1061 0.2510
vn 0.0972 -0.9950 -0.0209
vn 0.0970 -0.9953 0.0017
vn 0.0894 -0.9960 -0.0037
vn 0.0583 -0.9983 0.0078
vn -0.9267 0.0018 -0.3759
vn -0.5834 -0.7891 0.1923
vn 0.0860 -0.9958 0.0307
vn -0.5729 0.7968 -0.1919
vn -0.4808 0.8391 -0.2545
vn -0.9246 -0.0219 0.3804
vn -0.8769 0.0538 -0.4777
vn -0.8215 0.5582 -0.1168
vn -0.9065 -0.4121 0.0915
vn -0.9377 -0.3390 0.0766
vn 0.0653 -0.9973 0.0341
vn -0.9327 -0.2398 -0.2695
vn -0.0866 -0.9962 -0.0050
vn -0.2034 -0.9781 -0.0437
vn -0.3374 -0.9407 0.0360
vn -0.0959 -0.9949 0.0296
vn -0.0013 1.0000 0.0019
vn -0.0480 0.9614 -0.2709
vn -0.0003 1.0000 0.0003
vn -0.9753 0.1159 0.1881
vn -0.9742 0.1645 0.1548
vn -0.4883 0.8513 0.1919
vn -0.2791 0.9513 0.1310
vn -0.9865 -0.0716 0.1474
vn -0.9812 -0.1511 -0.1198
vn -0.9993 0.0370 0.0107
vn -0.8769 0.0326 0.4796
vn -0.9488 0.1467 -0.2796
vn 0.0557 -0.9979 -0.0316
vn -0.1105 0.7687 -0.6300
vn -0.9489 0.1468 0.2794
vn -0.3313 -0.9431 0.0279
vn -0.3287 -0.9397 -0.0944
vn -0.3980 -0.9170 -0.0279
vn -0.0989 0.7327 0.6733
vn -0.0890 -0.9955 -0.0319
vn -0.8978 -0.0114 -0.4402
vn -0.3416 -0.9351 0.0941
vn 0.0003 1.0000 0.0004
vn 0.0338 -0.9992 -0.0227
vn -0.0391 0.9596 0.2785
vn -0.3159 -0.9452 -0.0822
vn -0.1878 -0.9796 0.0712
vn -0.3290 -0.9373 0.1153
vn -0.6391 -0.7060 -0.3051
vn -0.0960 -0.9936 0.0594
vn -0.9004 -0.1285 0.4157
vn -0.9226 -0.1770 0.3427
vn -0.8328 0.1859 0.5214
vn -0.9202 -0.1084 0.3762
vn -0.9543 -0.2983 -0.0201
vn -0.9061 0.3789 -0.1885
vn -0.9297 -0.3683 0.0008
vn -0.9475 -0.3062 -0.0922
vn -0.9542 -0.2837 -0.0952
vn -0.9731 0.1153 -0.1995
vn -0.9446 0.3088 0.1117
vn -0.9105 -0.3462 0.2262
vn -0.9303 0.3526 0.1011
vn -0.4806 -0.8752 0.0553
vn -0.3297 -0.9408 -0.0792
vn -0.6636 -0.7467 -0.0455
vn -0.9673 0.2220 0.1230
vn -0.9702 0.2094 0.1219
vn -0.9772 -0.0756 0.1984
vn -0.9070 0.2230 0.3573
vn -0.9723 0.2230 0.0694
vn -0.7958 -0.6056 -0.0005
vn -0.7641 -0.6450 0.0056
vn -0.2724 -0.9605 0.0567
vn -0.9471 0.3184 -0.0413
vn -0.9242 0.3820 -0.0057
vn -0.9655 0.2479 -0.0793
vn -0.1066 0.9937 0.0333
vn -0.7454 0.6650 -0.0457
vn -0.2119 0.9772 -0.0141
vn -0.9972 0.0385 -0.0642
vn -0.8141 0.5394 0.2151
vn -0.9858 0.0774 0.1492
vn -0.9449 -0.0370 -0.3254
vn -0.9971 0.0639 0.0419
vn -0.9000 -0.4053 -0.1607
vn -0.3713 -0.9206 0.1210
vn -0.7569 0.6393 0.1354
vn -0.3768 -0.9212 0.0971
vn -0.3876 -0.9217 -0.0161
vn -0.4613 -0.8867 0.0292
vn -0.3358 -0.9386 0.0785
vn -0.4000 -0.9162 -0.0234
vn -0.9235 0.3397 -0.1784
vn -0.9597 0.2533 0.1215
vn -0.8727 0.4444 -0.2024
vn -0.2694 -0.9618 -0.0487
vn -0.8704 -0.4019 -0.2845
vn -0.2269 -0.9734 -0.0333
vn -0.3763 -0.9264 -0.0160
vn -0.5419 -0.8247 -0.1622
vn -0.9473 -0.0463 -0.3170
vn -0.7716 0.0399 0.6349
vn -0.8239 0.1228 0.5533
vn -0.2496 -0.9665 0.0598
vn -0.1687 0.0443 -0.9847
vn -0.8928 -0.3870 0.2305
vn -0.1526 0.0425 0.9874
vn -0.9747 -0.0226 -0.2224
vn -0.1667 0.9831 -0.0759
vn -0.2816 0.9570 -0.0701
vn -0.3146 0.9208 0.2306
vn -0.4938 -0.8531 -0.1688
vn -0.7304 -0.6486 0.2139
vn -0.1703 0.0565 -0.9838
vn -0.1784 0.0750 -0.9811
vn -0.1667 0.0441 -0.9850
vn -0.3612 -0.9149 -0.1803
vn -0.8911 -0.2650 0.3683
vn -0.8078 -0.2132 -0.5495
vn -0.0128 0.9999 -0.0007
vn -0.7752 -0.2023 -0.5984
vn -0.7760 -0.5183 -0.3594
vn -0.2642 -0.9559 0.1279
vn -0.3860 -0.9187 0.0842
vn -0.3473 -0.9320 0.1041
vn -0.9668 -0.0190 -0.2548
vn -0.9091 0.3762 -0.1790
vn -0.9159 0.0718 0.3949
vn -0.8731 0.0643 -0.4833
vn -0.7374 0.0020 -0.6755
vn -0.7548 -0.0292 0.6553
vn -0.9766 0.0857 -0.1974
vn -0.6276 0.2742 0.7287
vn -0.8025 -0.3488 -0.4841
vn -0.3066 0.9150 -0.2624
vn -0.0565 -0.9984 0.0017
vn -0.8924 -0.3419 -0.2945
vn -0.9691 0.2252 -0.1010
vn -0.9833 0.1608 0.0847
vn -0.9200 0.2286 0.3182
vn -0.9675 0.1864 0.1708
vn -0.7646 -0.5834 -0.2739
vn -0.9377 -0.0880 -0.3360
vn -0.9723 0.2326 0.0231
vn -0.8658 -0.0533 -0.4975
vn -0.6590 0.6743 0.3331
vn -0.9069 0.0695 0.4156
vn 0.0018 -1.0000 0.0002
vn 0.0024 -1.0000 -0.0029
vn 0.0044 -1.0000 -0.0028
vn -0.9002 -0.1964 -0.3887
vn -0.2620 -0.9450 -0.1957
vn -0.1832 0.0879 -0.9791
vn -0.2876 -0.9401 0.1828
vn 0.0615 -0.9966 -0.0550
vn -0.6764 -0.7030 -0.2199
vn -0.7275 -0.6259 0.2810
vn -0.2964 -0.9397 0.1709
vn 0.1023 -0.9919 0.0755
vn -0.8543 0.0633 -0.5160
vn -0.8594 0.1633 -0.4845
vn -0.7754 -0.1450 -0.6145
vn 0.0677 -0.9963 -0.0522
vn -0.3847 -0.9101 0.1541
vn -0.2833 -0.9448 0.1645
vn -0.1833 0.0880 -0.9791
vn -0.0884 0.0670 -0.9938
vn -0.1718 0.0846 -0.9815
vn -0.9346 0.3300 0.1328
vn -0.9042 0.4225 0.0629
vn -0.6996 -0.0018 -0.7145
vn -0.0529 0.0350 0.9980
vn -0.1524 0.9854 -0.0764
vn -0.8754 0.2928 0.3846
vn -0.3969 0.8911 0.2201
vn -0.8928 0.4492 0.0334
vn -0.8512 0.3405 0.3994
vn -0.8041 -0.4733 -0.3598
vn -0.7468 -0.3060 0.5904
vn -0.9030 0.2684 0.3355
vn -0.8071 -0.0860 -0.5841
vn -0.2010 -0.9646 0.1708
vn -0.8770 0.4570 0.1487
vn -0.7665 0.6207 -0.1647
vn -0.8654 0.4947 0.0802
vn -0.0510 0.9979 0.0395
vn -0.4846 -0.8091 0.3325
vn -0.1607 0.9838 -0.0799
vn -0.1468 0.9858 -0.0820
vn -0.0870 0.9933 -0.0757
vn 0.0624 -0.9964 0.0570
vn -0.7323 -0.1313 0.6682
vn 0.9997 0.0178 -0.0137
vn 0.9998 0.0177 -0.0011
vn 0.9997 0.0179 -0.0160
vn 0.9977 -0.0410 -0.0533
vn 0.9955 -0.0022 -0.0945
vn 0.9845 0.1523 -0.0872
vn -0.8715 0.2132 0.4416
vn -0.9240 0.3397 0.1753
vn -0.8824 0.4390 0.1696
vn -0.8699 0.4629 0.1704
vn -0.8935 -0.0930 -0.4393
vn -0.8001 -0.3333 -0.4987
vn -0.8095 -0.0180 -0.5868
vn 0.9574 -0.1743 -0.2300
vn 0.9738 -0.2236 -0.0410
vn 0.9998 0.0177 0.0037
vn -0.8452 -0.3006 0.4419
vn -0.7751 0.1904 0.6025
vn -0.8511 -0.2436 0.4650
vn 0.9980 0.0032 -0.0635
vn -0.8924 0.3562 -0.2769
vn -0.8463 0.2565 -0.4669
vn -0.8785 0.1982 -0.4347
vn 0.9771 0.1980 0.0777
vn 0.9708 0.1807 0.1577
vn 0.9772 0.1072 0.1830
vn -0.8553 -0.1035 -0.5076
vn -0.8841 0.4272 -0.1893
vn -0.7964 0.4304 -0.4249
vn -0.5191 -0.7698 0.3714
vn -0.6890 -0.6896 -0.2229
vn 0.9560 -0.1127 0.2707
vn 0.9178 0.2053 0.3398
vn 0.9416 0.0757 0.3281
vn 0.9475 -0.3193 0.0156
vn -0.1858 -0.9754 -0.1184
vn -0.8712 -0.0015 0.4909
vn -0.6318 0.5788 0.5155
vn -0.8632 0.0610 0.5011
vn 0.9694 0.2421 -0.0415
vn 0.6358 0.7699 0.0541
vn 0.9525 -0.2951 -0.0752
vn 0.9298 -0.3665 -0.0352
vn 0.9178 -0.3968 -0.0136
vn -0.8834 0.2717 0.3818
vn -0.6965 -0.5083 0.5065
vn 0.9334 -0.2201 -0.2835
vn -0.6384 0.3403 0.6904
vn -0.0442 0.9984 0.0339
vn 0.9585 -0.0726 -0.2759
vn -0.8918 0.4145 -0.1813
vn -0.3169 -0.9093 0.2696
vn -0.8917 0.4064 -0.1994
vn 0.9637 0.2288 -0.1379
vn 0.6148 0.7598 0.2115
vn -0.5094 0.8007 0.3151
vn -0.7895 -0.1248 0.6009
vn 0.9275 -0.2188 0.3030
vn 0.9712 -0.2222 0.0864
vn -0.6691 -0.5028 -0.5472
vn -0.6813 0.7276 0.0797
vn -0.1241 -0.9808 0.1502
vn 0.9563 0.2383 -0.1692
vn 0.9590 -0.2792 0.0494
vn 0.9319 -0.3613 0.0320
vn 0.9263 -0.3741 0.0452
vn -0.4847 -0.8117 0.3258
vn -0.8582 0.2794 0.4306
vn -0.8689 0.2843 0.4052
vn -0.2777 -0.9305 -0.2388
vn -0.2341 -0.9613 0.1454
vn -0.6561 0.4528 -0.6037
vn 0.9366 0.1949 -0.2911
vn -0.7272 -0.0437 0.6850
vn 0.4345 0.9006 0.0114
vn 0.9411 -0.1992 0.2732
vn -0.1721 0.0990 0.9801
vn -0.0791 -0.9942 -0.0729
vn 0.9446 -0.2924 -0.1491
vn -0.2397 -0.9359 0.2582
vn -0.8209 0.5601 0.1110
vn -0.7073 -0.0369 -0.7059
vn -0.3215 0.8275 -0.4603
vn 0.8526 -0.3792 -0.3596
vn -0.7380 -0.4122 -0.5343
vn -0.8354 0.1081 -0.5389
vn -0.2366 -0.9347 0.2651
vn 0.0433 -0.9989 0.0188
vn -0.4828 0.8022 0.3513
vn -0.6297 0.0206 0.7766
vn -0.6294 -0.6255 -0.4611
vn -0.7363 0.1408 -0.6618
vn -0.1049 0.9884 0.1095
vn -0.6660 -0.0366 0.7451
vn 0.8854 -0.3614 -0.2923
vn 0.0225 0.9997 0.0032
vn 0.0201 0.9998 0.0018
vn 0.0053 -1.0000 -0.0018
vn 0.0163 -0.9999 -0.0037
vn 0.8930 0.0760 -0.4435
vn 0.9007 0.1691 -0.4003
vn 0.9140 0.2082 -0.3481
vn 0.2300 0.9671 -0.1090
vn -0.7599 0.6444 0.0853
vn -0.7536 0.2488 0.6085
vn 0.0773 -0.9967 0.0232
vn -0.7502 -0.3478 0.5624
vn -0.5836 0.4956 0.6433
vn -0.2689 -0.9242 -0.2710
vn -0.8102 0.5215 -0.2675
vn -0.7765 0.5956 -0.2056
vn -0.7555 0.6203 -0.2108
vn 0.9004 -0.4326 0.0454
vn -0.2595 -0.9242 0.2801
vn 0.8644 -0.3969 0.3088
vn 0.8500 0.2093 0.4834
vn 0.9144 0.3021 -0.2693
vn 0.9494 -0.3127 -0.0295
vn 0.9821 0.1348 0.1315
vn -0.6422 -0.2034 -0.7390
vn 0.0689 -0.9940 0.0853
vn -0.6832 0.3232 -0.6548
vn -0.5784 -0.0991 -0.8097
vn -0.6778 0.2602 -0.6876
vn 0.9406 -0.1316 0.3129
vn -0.5935 0.6269 0.5047
vn 0.8666 -0.3856 0.3167
vn 0.7693 -0.5250 0.3640
vn 0.8318 -0.4537 0.3199
vn 0.8819 -0.1305 0.4530
vn 0.8878 -0.4552 0.0677
vn 0.8701 -0.4862 0.0814
vn 0.8168 -0.5727 0.0699
vn -0.0018 1.0000 0.0011
vn -0.2385 0.9636 0.1207
vn 0.0213 0.9997 0.0071
vn 0.0161 0.9999 -0.0054
vn 0.0360 0.9994 0.0018
vn -0.2067 0.9648 0.1627
vn 0.9913 0.1052 0.0798
vn 0.9584 0.1191 -0.2594
vn 0.9974 0.0478 -0.0541
vn -0.7897 0.5156 0.3326
vn -0.8097 0.5300 0.2520
vn -0.8198 0.5351 0.2037
vn 0.8751 0.0961 0.4743
vn 0.8957 -0.4303 0.1123
vn 0.0507 0.9985 -0.0193
vn 0.9191 0.0519 -0.3907
vn 0.9482 -0.1577 0.2758
vn 0.2545 -0.9668 0.0229
vn 0.9273 -0.3594 -0.1049
vn 0.1963 -0.9783 -0.0660
vn 0.8928 0.4486 0.0400
vn 0.8666 -0.0857 -0.4916
vn 0.8652 -0.0387 -0.5000
vn -0.7248 -0.3669 -0.5831
vn -0.2552 -0.9249 -0.2817
vn -0.7006 -0.4293 -0.5700
vn 0.8814 -0.4724 -0.0018
vn 0.9819 -0.1319 0.1360
vn -0.6633 -0.0439 0.7471
vn 0.8316 -0.5093 0.2215
vn -0.6122 -0.0038 0.7907
vn -0.4898 0.5184 0.7010
vn -0.3782 0.8174 0.4345
vn 0.0261 0.9996 0.0072
vn 0.8906 -0.4314 -0.1440
vn -0.7794 0.5089 0.3656
vn 0.9835 0.1637 0.0775
vn 0.9667 -0.2252 -0.1218
vn 0.9632 0.2443 0.1117
vn 0.8817 0.3754 -0.2859
vn 0.8493 -0.5186 -0.0989
vn 0.8381 -0.5073 -0.2005
vn 0.8329 -0.5028 -0.2314
vn 0.8386 -0.1503 -0.5236
vn -0.7033 -0.2959 0.6464
vn -0.5539 0.2367 0.7982
vn -0.6967 -0.2220 0.6821
vn -0.0851 0.9896 0.1163
vn -0.4118 -0.7627 -0.4988
vn 0.0522 -0.9953 -0.0812
vn 0.0482 -0.9971 -0.0581
vn -0.4662 -0.7740 0.4285
vn -0.4267 -0.7967 0.4281
vn -0.3386 -0.8399 0.4241
vn 0.8613 0.2880 -0.4186
vn 0.3376 0.9266 -0.1656
vn -0.1446 0.9761 -0.1624
vn -0.4776 -0.6758 -0.5614
vn -0.7500 0.3127 -0.5829
vn -0.9784 0.2063 0.0093
vn 0.8769 -0.4698 -0.1015
vn 0.9802 -0.1124 0.1633
vn 0.9529 -0.0878 0.2903
vn 0.9407 -0.0819 0.3293
vn 0.7558 -0.5301 0.3845
vn 0.8665 0.3980 -0.3013
vn 0.7697 -0.0192 0.6381
vn 0.7745 0.1287 0.6193
vn -0.6328 0.0082 -0.7743
vn -0.7591 0.2365 0.6065
vn -0.7745 0.2684 0.5728
vn 0.0491 -0.9960 0.0751
vn 0.0315 0.9994 0.0120
vn -0.1917 -0.9404 -0.2808
vn -0.5194 -0.4573 0.7219
vn 0.8186 0.5038 0.2758
vn -0.3744 0.3616 -0.8539
vn 0.7829 -0.6192 0.0606
vn 0.0121 0.9999 -0.0119
vn -0.7394 0.6574 0.1451
vn -0.7270 0.4760 -0.4949
vn 0.0259 0.9996 -0.0115
vn 0.9086 -0.2147 0.3582
vn -0.6884 -0.2256 0.6894
vn 0.8321 -0.2679 -0.4856
vn -0.6528 0.7553 0.0576
vn 0.7997 0.2806 0.5307
vn 0.8061 -0.2924 0.5144
vn 0.8070 -0.2348 0.5419
vn 0.8057 -0.3008 0.5102
vn -0.2016 -0.9436 -0.2624
vn -0.8082 0.5888 -0.0050
vn 0.8302 -0.3194 -0.4569
vn 0.8093 -0.4096 -0.4210
vn 0.8177 -0.4904 -0.3015
vn 0.8275 0.4923 -0.2699
vn 0.8498 0.4379 -0.2935
vn 0.8230 -0.3258 -0.4654
vn -0.2375 0.9200 -0.3118
vn -0.7297 0.3803 -0.5683
vn -0.6191 0.4076 -0.6713
vn -0.6117 0.4444 -0.6545
vn -0.5696 -0.2138 -0.7936
vn 0.8542 -0.2494 -0.4563
vn -0.5499 -0.0371 -0.8344
vn -0.7956 0.0531 -0.6034
vn -0.7117 0.6810 -0.1726
vn 0.8005 -0.3626 0.4773
vn -0.7408 0.5345 0.4068
vn -0.6231 0.6259 0.4691
vn -0.6841 0.6458 0.3389
vn 0.8618 0.2624 0.4341
vn 0.8574 0.3287 0.3960
vn 0.7903 -0.1691 0.5889
vn -0.0941 0.1132 -0.9891
vn 0.8245 -0.3740 0.4247
vn 0.8188 -0.0748 0.5692
vn -0.8939 0.0502 -0.4455
vn 0.7837 -0.3623 -0.5045
vn 0.0161 0.9998 0.0147
vn 0.7820 0.2089 -0.5872
vn 0.7057 0.1496 -0.6925
vn 0.7575 0.2499 -0.6031
vn 0.8042 0.1474 -0.5758
vn 0.8210 -0.4343 -0.3706
vn 0.7612 0.2948 -0.5776
vn 0.8380 -0.3707 -0.4004
vn -0.2891 -0.8944 -0.3412
vn -0.1685 -0.9553 -0.2430
vn -0.4993 -0.4795 0.7217
vn -0.5099 0.2001 -0.8366
vn -0.6753 0.2304 -0.7006
vn -0.4961 0.1952 -0.8461
vn -0.0341 0.9976 -0.0604
vn 0.2939 0.8983 0.3265
vn 0.7535 -0.1084 -0.6485
vn 0.6401 -0.2302 -0.7330
vn 0.6942 -0.1756 -0.6980
vn -0.6886 0.2373 -0.6852
vn -0.8007 0.0489 0.5971
vn -0.5967 -0.0345 -0.8017
vn -0.6693 0.2746 0.6904
vn 0.7231 -0.0121 -0.6907
vn 0.6517 -0.1258 -0.7480
vn 0.7553 -0.1467 0.6387
vn 0.7738 -0.2241 0.5924
vn -0.1340 0.1379 0.9813
vn -0.6985 0.7077 0.1061
vn -0.0765 0.9936 -0.0830
vn -0.5255 -0.2280 0.8197
vn 0.7535 -0.6574 -0.0101
vn 0.7523 -0.6583 0.0266
vn 0.7214 -0.6918 -0.0299
vn 0.0179 0.8517 0.5238
vn 0.0498 0.1344 0.9897
vn -0.6551 0.3889 0.6477
vn 0.7382 -0.0092 0.6745
vn -0.3393 0.5800 0.7406
vn -0.5299 0.0942 -0.8428
vn -0.1401 -0.9603 -0.2414
vn -0.6133 -0.2686 -0.7428
vn 0.6225 0.0483 0.7811
vn 0.6307 0.0485 0.7745
vn 0.0634 0.2157 0.9744
vn 0.0183 0.9997 0.0158
vn 0.5564 0.0477 -0.8296
vn 0.5615 0.0633 -0.8250
vn 0.5673 0.0634 -0.8211
vn 0.6529 -0.6405 0.4044
vn 0.8915 -0.0568 0.4494
vn -0.8242 0.0993 -0.5575
vn -0.7085 0.5334 -0.4621
vn -0.7016 0.5263 0.4804
vn -0.6435 0.5713 0.5095
vn -0.0390 -0.9961 0.0795
vn 0.6470 -0.5559 -0.5219
vn -0.4671 0.6054 0.6445
vn -0.6109 -0.3786 0.6954
vn 0.4299 -0.7865 -0.4434
vn 0.7530 -0.5774 0.3155
vn 0.7235 -0.6206 0.3025
vn 0.8773 0.1236 0.4637
vn -0.3722 -0.1001 -0.9227
vn -0.5116 0.1605 -0.8441
vn 0.0449 0.9984 -0.0355
vn 0.6989 -0.4005 -0.5926
vn 0.7397 0.2862 -0.6090
vn -0.7887 0.0998 -0.6066
vn -0.1967 -0.9169 -0.3473
vn -0.5677 0.0129 -0.8231
vn 0.7640 0.1600 -0.6251
vn -0.6629 0.4394 -0.6062
vn -0.5204 0.5514 -0.6521
vn -0.6628 0.4401 -0.6058
vn 0.7139 -0.6325 -0.3006
vn 0.6498 -0.6154 -0.4462
vn 0.7690 -0.5485 -0.3284
vn -0.8604 0.1320 0.4922
vn 0.7177 -0.6864 -0.1176
vn -0.3279 -0.8234 -0.4631
vn -0.6409 0.4702 -0.6067
vn 0.6226 -0.4209 0.6597
vn -0.6112 -0.0388 0.7905
vn 0.5847 -0.3337 0.7394
vn -0.7256 0.0093 0.6880
vn 0.7282 0.2416 -0.6413
vn -0.8091 0.1119 0.5770
vn -0.6126 0.2875 -0.7362
vn -0.5647 0.2474 -0.7874
vn 0.5723 0.0791 -0.8162
vn 0.7946 -0.3879 -0.4671
vn -0.5004 -0.3303 -0.8003
vn -0.5361 0.0429 -0.8431
vn -0.6190 0.4572 0.6386
vn 0.3359 0.1949 0.9215
vn 0.6931 0.1558 0.7038
vn 0.7763 0.0042 0.6304
vn 0.8139 -0.0916 0.5737
vn -0.5259 -0.0881 0.8460
vn 0.8617 -0.1184 0.4934
vn 0.6570 -0.4633 0.5948
vn 0.6908 -0.4779 0.5426
vn -0.5204 0.0618 -0.8517
vn -0.6008 0.1334 -0.7882
vn -0.4408 0.0154 -0.8975
vn -0.3766 0.1710 0.9104
vn -0.1167 -0.9789 0.1676
vn -0.0025 1.0000 0.0017
vn -0.2945 0.7956 -0.5295
vn 0.7083 -0.0824 -0.7011
vn -0.4031 -0.7591 0.5111
vn -0.1829 -0.3780 0.9076
vn -0.6612 0.4640 0.5895
vn 0.5709 -0.2919 -0.7674
vn 0.6236 -0.3756 -0.6856
vn -0.6873 0.7036 -0.1806
vn -0.4957 -0.0532 0.8669
vn -0.1765 0.7630 -0.6218
vn 0.6420 0.1227 -0.7568
vn -0.0462 -0.9937 -0.1017
vn -0.5513 -0.1665 -0.8175
vn 0.7445 -0.6675 0.0132
vn 0.0127 0.9998 -0.0130
vn 0.9033 -0.0214 -0.4285
vn 0.8865 -0.1057 -0.4504
vn 0.8941 -0.0223 -0.4474
vn 0.7724 0.3102 -0.5542
vn -0.1219 -0.9483 0.2930
vn -0.2233 0.8992 -0.3762
vn 0.4995 0.1270 -0.8570
vn 0.5947 0.0930 -0.7986
vn 0.5096 0.1234 -0.8515
vn 0.7957 -0.2897 -0.5320
vn 0.7774 -0.2627 -0.5715
vn -0.1550 -0.9346 0.3202
vn -0.4117 -0.7066 0.5755
vn -0.3890 -0.7347 0.5558
vn -0.4465 0.6585 -0.6058
vn -0.6591 0.7398 -0.1351
vn 0.7262 -0.6812 0.0924
vn 0.0040 0.9999 -0.0124
vn 0.7620 -0.2082 -0.6132
vn 0.6101 0.0879 0.7874
vn 0.4417 -0.2788 0.8528
vn 0.3944 -0.2575 0.8821
vn 0.7298 -0.4628 0.5033
vn -0.5189 -0.0254 0.8544
vn 0.6671 -0.0852 -0.7401
vn 0.3943 -0.7464 0.5361
vn 0.5964 -0.5208 -0.6107
vn 0.4988 -0.4917 -0.7138
vn 0.7148 0.2306 -0.6602
vn -0.5583 -0.2574 -0.7887
vn 0.6887 -0.3714 0.6227
vn -0.1300 -0.9516 -0.2786
vn -0.6113 0.6994 0.3703
vn 0.4759 0.7063 0.5241
vn -0.6541 0.5868 -0.4772
vn -0.6262 0.6493 -0.4316
vn -0.6327 0.6360 -0.4419
vn -0.6677 0.6979 0.2590
vn 0.0302 -0.9971 -0.0704
vn 0.0059 0.9999 0.0150
vn -0.5442 0.0469 -0.8376
vn 0.7573 -0.2417 0.6067
vn -0.4685 0.2405 0.8501
vn 0.0111 0.9999 -0.0127
vn 0.6758 -0.0399 0.7360
vn 0.6275 0.1406 -0.7658
vn 0.5685 0.0966 -0.8170
vn 0.5573 0.1596 -0.8148
vn 0.6134 0.2313 -0.7552
vn -0.5847 -0.0756 0.8077
vn -0.5929 -0.0712 0.8021
vn 0.6639 -0.7190 -0.2059
vn 0.6005 -0.2582 -0.7568
vn -0.2714 0.7935 0.5446
vn 0.6210 -0.6982 -0.3562
vn -0.5634 0.2150 0.7977
vn 0.6719 0.0224 -0.7403
vn 0.0395 -0.9942 0.1004
vn -0.4662 0.5809 -0.6673
vn 0.5771 0.6249 0.5258
vn 0.6123 -0.7055 0.3568
vn 0.6124 -0.1453 0.7771
vn -0.2224 -0.9327 0.2838
vn 0.6240 -0.5493 0.5558
vn -0.8027 0.1096 0.5862
vn 0.7596 0.1443 0.6342
vn 0.6818 0.0789 0.7272
vn 0.6354 -0.3728 0.6762
vn 0.4769 -0.6148 -0.6282
vn 0.6616 -0.7062 0.2520
vn 0.5917 -0.7758 0.2191
vn 0.5878 -0.7978 0.1343
vn 0.5992 -0.0655 -0.7980
vn 0.0116 0.9998 -0.0129
vn 0.7082 -0.7018 0.0772
vn 0.7141 -0.6950 0.0836
vn 0.5992 0.2233 0.7688
vn 0.5664 0.2641 0.7807
vn 0.4880 0.2645 0.8318
vn -0.5007 0.0642 0.8633
vn -0.4108 0.0202 0.9115
vn -0.3696 -0.0008 0.9292
vn -0.4889 -0.3800 -0.7852
vn 0.3807 -0.7257 -0.5731
vn 0.4338 0.5157 -0.7389
vn 0.5803 0.1753 0.7953
vn -0.1533 -0.9475 0.2806
vn -0.3040 -0.7788 0.5487
vn -0.0752 -0.9818 0.1746
vn -0.3242 -0.7488 0.5781
vn 0.0063 0.9999 -0.0116
vn 0.0106 0.9999 -0.0108
vn 0.3128 0.7616 -0.5675
vn -0.3304 -0.4421 0.8339
vn 0.6202 -0.4456 -0.6456
vn -0.5391 0.3531 -0.7647
vn -0.6516 0.7383 0.1739
vn 0.5466 -0.5328 -0.6460
vn 0.4481 -0.4737 -0.7582
vn -0.7746 0.1041 -0.6238
vn -0.3009 -0.8556 0.4213
vn -0.1498 -0.9312 -0.3322
vn -0.3535 0.6944 0.6268
vn -0.2871 -0.1322 0.9487
vn -0.3454 0.7181 0.6041
vn -0.2681 -0.8905 0.3675
vn -0.5172 0.3098 0.7979
vn -0.8572 0.2320 0.4598
vn -0.8702 0.3302 0.3656
vn -0.7479 0.0683 0.6603
vn 0.8549 -0.2701 0.4429
vn 0.7662 -0.0362 0.6416
vn 0.7586 -0.0356 0.6506
vn 0.6350 0.3842 0.6702
vn 0.5961 -0.0011 0.8029
vn 0.6359 0.3587 0.6833
vn 0.0100 0.9998 0.0171
vn 0.5831 0.2582 -0.7703
vn 0.4392 0.2382 -0.8662
vn -0.5335 0.4783 0.6976
vn -0.4021 0.3518 0.8453
vn -0.5082 0.4475 0.7358
vn -0.3996 0.1156 -0.9094
vn 0.5719 0.1464 -0.8072
vn -0.2003 0.8927 0.4037
vn -0.1536 0.8299 0.5363
vn 0.6185 -0.4198 0.6643
vn 0.6006 0.1206 0.7904
vn 0.5709 0.1355 -0.8098
vn -0.5384 0.5345 -0.6514
vn -0.6149 0.5799 -0.5344
vn -0.5038 0.5824 -0.6379
vn -0.5375 0.3769 -0.7543
vn -0.5504 0.7012 0.4532
vn -0.3640 0.0410 -0.9305
vn -0.1076 -0.9454 -0.3075
vn 0.0139 0.9997 0.0186
vn 0.0146 0.9997 0.0191
vn 0.0141 0.9997 0.0191
vn 0.0147 0.9997 0.0191
vn 0.0249 0.9986 -0.0463
vn -0.5093 0.6414 0.5737
vn 0.6270 -0.1206 0.7697
vn 0.5166 -0.1306 0.8462
vn 0.5281 -0.1359 0.8383
vn -0.0247 0.9972 0.0709
vn -0.6019 0.6942 -0.3946
vn 0.4418 0.2539 0.8604
vn 0.5470 -0.5011 -0.6706
vn 0.5014 -0.6384 0.5840
vn 0.6057 -0.3877 -0.6949
vn 0.4457 -0.3631 -0.8182
vn 0.5296 -0.3502 -0.7726
vn -0.1339 -0.9578 0.2542
vn -0.5685 0.6511 0.5029
vn -0.4979 0.2772 -0.8217
vn -0.4141 0.2938 -0.8615
vn -0.4009 0.2971 -0.8666
vn -0.7342 0.6161 -0.2853
vn -0.4038 0.7371 -0.5419
vn -0.7039 0.6356 -0.3170
vn 0.5282 -0.6879 0.4978
vn 0.4921 -0.1826 -0.8512
vn -0.2334 -0.6992 -0.6757
vn -0.8042 0.2614 -0.5338
vn 0.5265 -0.2107 0.8237
vn 0.4090 -0.7701 0.4896
vn 0.6799 -0.5853 0.4418
vn 0.6671 -0.5970 0.4456
vn -0.4602 0.4193 -0.7825
vn 0.6229 0.1241 0.7724
vn 0.5272 -0.2567 0.8101
vn 0.4369 0.2873 0.8524
vn -0.5768 0.8039 0.1453
vn -0.0194 0.9975 0.0673
vn -0.4802 -0.2439 0.8426
vn -0.3066 0.2269 0.9244
vn -0.4639 -0.1774 0.8680
vn 0.5289 -0.1457 0.8361
vn -0.3999 -0.5607 0.7251
vn -0.1778 -0.8465 0.5019
vn -0.4238 -0.5180 0.7430
vn -0.2912 0.0290 -0.9562
vn -0.1033 -0.9386 -0.3292
vn 0.4758 -0.6289 0.6148
vn -0.4881 0.8231 -0.2903
vn -0.6457 0.7636 -0.0046
vn -0.3102 -0.0175 -0.9505
vn -0.0610 0.9809 -0.1847
vn 0.0026 0.9999 0.0110
vn 0.0323 -0.9934 -0.1100
vn -0.2192 -0.4943 0.8412
vn -0.3059 -0.0176 0.9519
vn 0.5643 -0.5156 0.6448
vn 0.4597 0.1065 0.8817
vn -0.3098 0.5076 0.8039
vn -0.3904 0.1381 -0.9102
vn 0.5656 -0.8106 -0.1515
vn -0.0012 1.0000 0.0031
vn 0.5434 -0.6793 -0.4932
vn 0.4695 -0.1838 -0.8636
vn 0.4301 -0.0951 -0.8978
vn 0.4463 -0.1309 -0.8853
vn -0.3554 0.9342 -0.0289
vn -0.5012 0.6036 0.6201
vn 0.5584 -0.8295 -0.0065
vn 0.4695 -0.8824 0.0297
vn -0.3082 0.7093 -0.6340
vn 0.4382 -0.7144 -0.5456
vn -0.4889 0.8467 0.2100
vn -0.4891 0.5765 0.6545
vn -0.2405 -0.1451 0.9597
vn -0.4283 0.4824 -0.7641
vn -0.4697 0.4833 -0.7388
vn -0.3841 0.4795 -0.7890
vn -0.3253 -0.0613 0.9436
vn -0.4100 0.6051 -0.6824
vn 0.4892 -0.8680 0.0856
vn -0.1921 -0.2932 0.9365
vn -0.2506 -0.0017 -0.9681
vn 0.0272 -0.9987 0.0441
vn 0.6531 0.0867 -0.7523
vn 0.0102 0.9998 -0.0189
vn 0.2774 -0.5370 -0.7966
vn 0.4559 -0.0096 0.8900
vn -0.3955 0.0367 0.9177
vn -0.3443 0.9173 -0.2000
vn -0.4732 0.8683 -0.1487
vn 0.4928 0.2152 0.8431
vn 0.4130 0.2366 0.8795
vn 0.3773 0.2469 0.8926
vn -0.1184 -0.9571 -0.2646
vn 0.2916 -0.7312 0.6167
vn -0.2537 0.9671 -0.0174
vn -0.0658 -0.9655 -0.2520
vn 0.4565 0.1069 -0.8833
vn 0.2962 -0.5569 0.7760
vn 0.4628 -0.8236 -0.3278
vn 0.5233 -0.8326 -0.1814
vn 0.4971 -0.8311 -0.2494
vn -0.2674 -0.7258 -0.6338
vn -0.2449 0.0566 -0.9679
vn 0.4904 -0.6908 -0.5313
vn -0.0338 0.9841 -0.1741
vn 0.4016 0.4452 -0.8003
vn -0.3594 0.7422 -0.5656
vn 0.0162 -0.9989 -0.0445
vn -0.3908 0.3061 -0.8681
vn 0.5684 -0.6847 -0.4561
vn 0.3836 -0.3606 -0.8502
vn 0.4974 0.3635 -0.7877
vn 0.3710 -0.4908 -0.7884
vn 0.3662 -0.5828 -0.7254
vn 0.3502 -0.5513 -0.7572
vn 0.3257 -0.8065 0.4934
vn -0.2341 0.0550 0.9707
vn 0.0256 -0.9949 0.0977
vn -0.3107 0.8383 -0.4480
vn -0.4418 0.8068 -0.3922
vn -0.4618 0.8016 -0.3797
vn -0.4688 0.8253 0.3150
vn -0.1449 0.8067 0.5729
vn -0.1000 0.2257 -0.9690
vn 0.3735 0.2271 -0.8994
vn -0.2927 0.0371 -0.9555
vn 0.3756 -0.1291 0.9177
vn 0.3800 -0.1288 0.9160
vn 0.4600 -0.1216 0.8795
vn -0.2152 0.1546 -0.9643
vn 0.4053 -0.0441 -0.9131
vn -0.4572 0.7701 -0.4449
vn -0.2721 0.8585 -0.4347
vn -0.3316 0.7763 -0.5361
vn -0.2931 -0.4163 -0.8607
vn -0.2772 -0.3945 -0.8761
vn -0.2391 -0.3449 -0.9077
vn 0.4301 -0.8121 -0.3943
vn -0.2670 0.3482 0.8986
vn -0.0607 -0.9862 0.1538
vn 0.2747 0.0252 0.9612
vn -0.4080 0.6908 -0.5969
vn -0.3074 0.9341 0.1814
vn -0.2088 0.6825 0.7004
vn -0.4116 0.8640 0.2901
vn -0.0432 -0.9491 0.3120
vn -0.3286 0.8081 0.4889
vn -0.0164 -0.9951 -0.0973
vn 0.0097 -0.9931 0.1168
vn -0.7452 0.1627 -0.6467
vn -0.3761 0.7530 0.5399
vn -0.3559 0.7192 0.5967
vn -0.3405 0.8151 0.4686
vn 0.3982 0.3194 0.8599
vn -0.3944 0.8193 0.4161
vn -0.0499 0.2201 -0.9742
vn -0.2956 0.1091 -0.9491
vn -0.0655 -0.2267 -0.9718
vn -0.2481 0.0297 -0.9683
vn 0.4387 -0.3143 -0.8419
vn 0.2641 -0.5105 -0.8183
vn 0.4407 -0.0733 -0.8947
vn 0.1653 -0.4442 0.8805
vn -0.0711 -0.9010 0.4280
vn -0.0691 -0.9146 -0.3985
vn -0.1864 -0.2834 0.9407
vn 0.0041 0.9994 -0.0330
vn -0.3021 0.4945 0.8150
vn -0.2405 0.4798 0.8438
vn -0.2172 0.4707 0.8551
vn 0.0008 1.0000 0.0013
vn -0.2979 -0.2558 -0.9197
vn -0.3506 0.0603 -0.9346
vn -0.1438 0.2403 -0.9600
vn 0.4719 -0.7455 0.4707
vn 0.0058 -0.9970 -0.0768
vn -0.8113 0.3241 0.4866
vn 0.0127 0.9990 0.0438
vn 0.0158 0.9993 0.0341
vn 0.4210 -0.1099 -0.9004
vn -0.0646 -0.9441 -0.3232
vn -0.3133 0.5280 0.7894
vn -0.2549 0.5968 0.7608
vn -0.2575 0.5931 0.7628
vn -0.3621 0.6760 -0.6418
vn 0.3480 -0.5088 0.7874
vn 0.3807 -0.7204 -0.5797
vn -0.0859 -0.9054 0.4158
vn 0.0743 -0.9331 -0.3518
vn -0.7725 0.1822 -0.6083
vn -0.1269 -0.4065 0.9048
vn 0.3365 -0.9062 0.2561
vn 0.3815 -0.8663 0.3223
vn 0.3262 -0.9141 0.2411
vn -0.3257 0.4754 -0.8173
vn -0.1533 0.1836 -0.9710
vn -0.3004 0.1614 -0.9401
vn -0.2033 0.1838 -0.9617
vn 0.6368 0.1256 0.7608
vn 0.1723 0.8005 -0.5740
vn -0.0761 0.2653 0.9612
vn 0.3060 -0.4444 0.8420
vn -0.2801 0.2255 -0.9331
vn 0.0099 0.9990 0.0441
vn -0.1554 -0.8655 0.4762
vn 0.6606 0.1264 0.7400
vn 0.6139 0.1575 0.7735
vn 0.6259 0.1497 0.7654
vn 0.4027 0.0796 -0.9119
vn 0.2874 0.0473 -0.9566
vn 0.2615 0.0508 -0.9639
vn -0.2744 0.8586 0.4329
vn 0.2907 -0.1353 0.9472
vn -0.0020 -1.0000 0.0013
vn -0.4488 0.8681 -0.2119
vn 0.2938 -0.6438 -0.7066
vn 0.3883 -0.9209 0.0334
vn -0.3102 0.3115 -0.8982
vn 0.3418 0.1681 0.9246
vn 0.3101 0.1468 0.9393
vn 0.3029 0.1432 0.9422
vn 0.3695 -0.8374 0.4027
vn -0.2726 -0.0448 0.9611
vn 0.2761 -0.6785 0.6808
vn -0.2615 0.7360 -0.6245
vn -0.3051 0.6834 -0.6632
vn 0.3066 -0.3926 0.8671
vn 0.3012 -0.3340 0.8932
vn 0.1239 0.4029 0.9068
vn -0.0984 -0.8820 -0.4608
vn -0.1576 -0.7402 0.6537
vn -0.1444 -0.7608 0.6327
vn -0.0502 -0.9076 0.4168
vn -0.2158 0.8625 -0.4577
vn 0.2013 -0.0204 -0.9793
vn 0.3484 -0.8329 -0.4300
vn -0.1833 -0.0265 -0.9827
vn 0.3499 -0.9243 -0.1526
vn -0.2516 -0.2087 0.9451
vn -0.0022 0.9999 -0.0115
vn -0.2936 0.2374 0.9260
vn 0.6337 0.2597 -0.7287
vn 0.3274 -0.4558 -0.8277
vn 0.3346 0.2485 0.9090
vn -0.4636 0.8681 -0.1774
vn -0.7847 0.3534 0.5092
vn -0.7822 0.3227 0.5329
vn -0.6990 -0.0049 0.7151
vn -0.1936 0.3490 0.9169
vn -0.0355 -0.1990 -0.9794
vn 0.3307 -0.3980 -0.8557
vn -0.0430 0.9093 0.4140
vn 0.2587 -0.5842 -0.7693
vn -0.2656 0.3743 -0.8885
vn -0.1847 0.3481 -0.9191
vn -0.1981 0.3494 -0.9158
vn 0.2884 -0.0415 -0.9566
vn 0.0203 0.2130 0.9768
vn -0.1853 0.7895 0.5851
vn -0.2885 0.7231 0.6277
vn -0.2261 0.7650 0.6030
vn 0.2616 0.1546 -0.9527
vn 0.2860 0.1835 -0.9405
vn 0.3221 0.2268 -0.9191
vn 0.2682 0.1176 0.9562
vn -0.0274 -0.9448 -0.3265
vn 0.2227 0.1088 -0.9688
vn -0.2304 0.1386 0.9632
vn -0.1904 0.0864 0.9779
vn -0.0847 -0.0126 0.9963
vn -0.0801 0.5267 0.8463
vn -0.7058 0.0425 -0.7071
vn -0.1625 0.7186 -0.6762
vn -0.2668 0.4274 -0.8638
vn -0.1809 -0.5894 0.7873
vn -0.1650 -0.6224 0.7651
vn -0.0291 -0.8692 0.4937
vn 0.2380 -0.1999 0.9505
vn 0.3238 -0.4503 0.8321
vn 0.2889 -0.9041 -0.3148
vn 0.2889 -0.9045 -0.3138
vn 0.2943 -0.8610 -0.4149
vn -0.1081 -0.2233 -0.9687
vn -0.0783 0.2225 -0.9718
vn -0.0066 -0.9956 0.0939
vn -0.2205 -0.3192 -0.9217
vn -0.0124 -0.4416 -0.8971
vn 0.2798 -0.9374 -0.2073
vn -0.0510 0.2868 0.9566
vn 0.2831 -0.6770 -0.6794
vn 0.2321 0.3355 0.9130
vn -0.1991 0.1782 -0.9636
vn -0.2210 0.6573 -0.7205
vn -0.0000 0.8097 0.5868
vn 0.2798 -0.9440 0.1750
vn -0.0262 0.1627 0.9863
vn 0.1801 -0.1076 0.9777
vn -0.2512 0.9400 -0.2307
vn -0.0162 0.2939 0.9557
vn 0.3436 -0.1550 -0.9262
vn -0.6959 -0.0114 0.7180
vn 0.2908 0.2656 0.9192
vn -0.1109 -0.0734 -0.9911
vn 0.0072 -0.9498 0.3129
vn -0.0003 -0.5110 -0.8596
vn 0.0026 -0.9358 -0.3525
vn 0.2653 0.3775 0.8872
vn -0.0287 0.9594 -0.2807
vn -0.2857 0.9443 0.1631
vn -0.0113 -0.9218 -0.3876
vn 0.0910 0.2088 -0.9737
vn 0.2311 -0.7791 0.5827
vn -0.1631 -0.3498 -0.9225
vn 0.0168 0.7667 -0.6418
vn 0.1525 0.2419 -0.9583
vn 0.2537 -0.5403 -0.8023
vn 0.1098 0.9277 0.3568
vn 0.2355 -0.8390 0.4905
vn 0.1107 0.9308 -0.3485
vn 0.1851 -0.3269 -0.9268
vn 0.1339 -0.8057 -0.5770
vn 0.1532 -0.7737 -0.6147
vn 0.1852 -0.7142 -0.6750
vn -0.1890 0.9622 0.1959
vn -0.1959 0.6562 0.7287
vn 0.6685 0.1209 0.7338
vn -0.0035 -0.9961 -0.0881
vn -0.1894 0.8763 0.4431
vn 0.0592 0.6444 0.7624
vn -0.7047 0.0325 -0.7088
vn 0.0170 -0.9370 -0.3488
vn 0.0239 0.9324 0.3607
vn -0.1024 0.3130 -0.9442
vn -0.1493 0.4510 0.8800
vn 0.0823 -0.9528 -0.2922
vn 0.1034 -0.9877 -0.1177
vn 0.0834 -0.9685 -0.2347
vn -0.0059 0.9997 0.0223
vn 0.1590 -0.2194 -0.9626
vn -0.0650 -0.5067 0.8597
vn -0.1210 0.8234 0.5545
vn -0.0083 0.2114 -0.9774
vn 0.0407 -0.0783 0.9961
vn -0.1294 0.3984 0.9080
vn 0.0118 -0.1772 -0.9841
vn 0.0771 -0.6808 0.7284
vn -0.1629 0.9120 -0.3765
vn -0.0754 -0.1879 -0.9793
vn 0.0025 0.9838 -0.1794
vn -0.0528 0.9978 0.0391
vn -0.1146 0.6571 0.7450
vn -0.0156 0.6087 0.7932
vn -0.0821 0.6435 0.7610
vn 0.0064 0.9860 -0.1669
vn -0.0914 0.7199 -0.6881
vn -0.0981 0.6787 -0.7278
vn -0.0835 0.5819 -0.8090
vn 0.1014 -0.8531 -0.5119
vn 0.1043 -0.2016 0.9739
vn 0.0666 -0.3143 0.9470
vn 0.0100 -0.3674 0.9300
vn -0.1096 0.4812 -0.8697
vn -0.0779 0.5371 -0.8399
vn 0.1169 0.1728 -0.9780
vn 0.1422 -0.7057 0.6941
vn 0.1158 -0.9460 0.3028
vn 0.1653 -0.9511 0.2610
vn 0.2620 -0.9492 0.1743
vn -0.0933 0.9844 -0.1495
vn 0.1106 -0.7850 0.6095
vn -0.1424 0.9574 -0.2512
vn 0.0241 0.0009 -0.9997
vn 0.0404 -0.0740 0.9964
vn 0.0322 0.9876 -0.1534
vn -0.2455 0.9667 0.0729
vn 0.0842 -0.5339 -0.8414
vn 0.0040 -0.6075 -0.7943
vn 0.0050 -0.5426 -0.8399
vn -0.0095 -0.9989 0.0458
vn -0.2033 0.9271 0.3148
vn -0.0842 -0.2737 -0.9581
vn -0.0461 0.9199 -0.3894
vn -0.0160 -0.1050 -0.9943
vn -0.0470 0.9076 -0.4171
vn -0.2091 0.9760 0.0616
vn -0.4423 0.8958 -0.0438
vn -0.1330 0.9911 0.0094
vn -0.5638 0.6309 0.5330
vn 0.1572 0.1351 -0.9783
vn -0.0196 0.2786 0.9602
vn 0.0857 0.9858 0.1444
vn 0.1365 0.9807 0.1398
vn 0.0794 0.9937 0.0796
vn -0.8622 0.0977 -0.4970
vn -0.0350 -0.0792 0.9962
vn 0.1016 0.6041 -0.7904
vn 0.0925 0.5470 -0.8320
vn -0.1057 -0.3633 -0.9257
vn -0.1667 0.9847 0.0499
vn -0.0610 -0.7926 -0.6067
vn 0.0334 -0.8898 -0.4551
vn -0.0698 0.9869 -0.1453
vn -0.2342 0.9611 -0.1466
vn 0.0045 0.9994 -0.0339
vn -0.0111 0.9956 -0.0929
vn -0.1528 0.9877 0.0331
vn 0.1131 0.9191 0.3775
vn -0.3013 0.8945 -0.3303
vn -0.7177 0.6809 0.1456
vn 0.1538 0.1471 0.9771
vn 0.0701 -0.1598 -0.9847
vn -0.1269 0.9359 0.3287
vn -0.0952 0.6410 0.7616
vn -0.1662 0.8948 -0.4144
vn -0.1988 0.9147 -0.3519
vn -0.1793 0.9038 -0.3885
vn -0.0414 -0.9141 0.4035
vn 0.0071 0.9989 -0.0467
vn 0.0001 0.9998 -0.0217
vn 0.0046 0.9991 -0.0428
vn -0.0589 -0.6297 -0.7746
vn -0.0064 -0.8365 -0.5479
vn 0.0973 -0.8539 -0.5112
vn -0.0052 -0.8486 -0.5290
vn -0.8869 -0.1702 -0.4295
vn -0.6173 -0.1188 -0.7777
vn 0.1697 -0.2248 -0.9595
vn 0.0071 -0.6446 0.7645
vn 0.0912 0.9822 0.1640
vn -0.1837 0.8106 -0.5561
vn 0.0003 0.0097 -1.0000
vn -0.1611 0.0073 -0.9869
vn 0.0360 -0.9583 0.2834
vn -0.0546 0.7533 -0.6554
vn 0.0354 0.0283 0.9990
vn 0.1045 -0.4494 0.8872
vn 0.0299 0.1457 -0.9889
vn 0.1216 0.9566 0.2649
vn -0.1127 0.4090 -0.9055
vn 0.0910 0.2233 0.9705
vn 0.1127 0.2206 0.9688
vn 0.0725 -0.9934 -0.0888
vn 0.1397 0.1689 -0.9757
vn 0.0244 -0.4515 0.8919
vn 0.0957 -0.4874 0.8679
vn 0.0335 -0.8409 0.5401
vn 0.0382 -0.7097 0.7035
vn -0.0119 -0.7620 0.6474
vn 0.0511 -0.9645 -0.2589
vn -0.1426 0.8807 -0.4518
vn 0.1573 0.4040 -0.9011
vn -0.1086 0.7302 -0.6745
vn 0.0657 0.9295 -0.3629
vn 0.0128 0.5959 0.8030
vn 0.1217 -0.1521 0.9808
vn -0.0468 -0.4577 -0.8879
vn 0.0167 -0.4584 -0.8886
vn 0.0878 -0.9932 0.0768
vn 0.0477 0.1169 0.9920
vn -0.0842 0.9513 0.2964
vn 0.0109 -0.9976 -0.0681
vn -0.0024 1.0000 0.0024
vn -0.0082 0.9992 0.0401
vn 0.0980 -0.6035 0.7914
vn 0.0712 -0.8738 0.4811
vn -0.0605 -0.8400 0.5392
vn -0.1233 0.1763 -0.9766
vn -0.0027 -0.9961 -0.0877
vn 0.0061 0.9872 -0.1594
vn 0.0582 0.3963 -0.9163
vn 0.0637 0.0937 -0.9936
vn 0.1928 0.9729 -0.1280
vn 0.0156 0.3927 -0.9195
vn -0.0206 -0.6435 -0.7652
vn 0.0255 0.3114 0.9499
vn -0.0769 0.9447 0.3188
vn -0.0627 -0.0642 0.9960
vn 0.0511 0.5460 -0.8362
vn 0.0126 0.9629 0.2696
vn 0.0227 0.7956 0.6054
vn 0.1175 0.0955 0.9885
vn 0.0005 1.0000 0.0003
vn -0.0528 0.8354 -0.5471
vn -0.9991 -0.0290 -0.0303
vn -0.0231 0.9282 -0.3713
vn -0.0342 0.9387 -0.3429
vn 0.0820 0.8039 -0.5891
vn -0.9727 0.1132 -0.2028
vn -0.9877 0.0602 -0.1445
vn -0.9542 0.1344 0.2672
vn -0.9926 0.0434 0.1131
vn -0.9614 0.1812 -0.2071
vn -0.0354 0.8648 -0.5009
vn -0.9557 0.2301 -0.1835
vn -0.9875 0.1266 0.0939
vn -0.9753 0.1376 0.1726
vn -0.9850 0.1329 0.1100
vn -0.9913 -0.0338 -0.1272
vn -0.7681 0.5896 0.2499
vn -0.9608 0.2319 0.1522
vn -0.7416 0.6211 0.2536
vn -0.9310 0.0423 -0.3626
vn -0.7012 0.3393 -0.6271
vn -0.9733 0.1397 0.1823
vn -0.9700 0.1448 0.1952
vn -0.9652 0.2139 0.1506
vn 0.0282 0.7437 0.6679
vn 0.1422 -0.1102 0.9837
vn 0.0539 -0.9413 -0.3333
vn 0.0225 -0.9259 0.3771
vn 0.0289 0.0150 -0.9995
vn -0.0509 0.4557 0.8887
vn 0.0313 -0.2395 -0.9704
vn 0.0665 -0.4046 -0.9121
vn 0.0462 -0.2744 -0.9605
vn 0.1361 -0.4104 0.9017
vn -0.1787 -0.0973 0.9791
vn -0.0657 0.0264 0.9975
vn -0.0752 -0.2322 0.9698
vn -0.0735 0.9254 0.3719
vn -0.3066 0.9403 -0.1476
vn 0.0097 -0.1014 -0.9948
vn 0.0146 -0.4726 0.8812
vn 0.0731 -0.4863 0.8707
vn 0.0833 -0.4872 0.8693
vn 0.1893 0.4158 -0.8896
vn -0.2141 0.8086 -0.5481
vn 0.0170 -0.9997 -0.0149
vn -0.0816 0.2818 -0.9560
vn 0.0300 0.4059 -0.9134
vn -0.0374 0.3305 -0.9431
vn 0.1482 0.9800 0.1329
vn -0.0167 -0.4348 0.9004
vn -0.1806 0.9180 -0.3530
vn -0.1211 0.9217 -0.3684
vn 0.0336 0.9089 -0.4157
vn 0.0162 0.2688 0.9631
vn 0.0067 0.8937 -0.4486
vn -0.0127 0.8892 -0.4573
vn 0.2492 0.9635 0.0981
vn -0.0273 -0.9712 0.2365
vn -0.0124 -0.9356 0.3529
vn -0.0229 -0.9622 0.2713
vn -0.0393 0.3142 0.9485
vn 0.5969 0.2955 0.7459
vn -0.1261 0.4179 0.8997
vn -0.1793 0.6454 -0.7425
vn 0.1982 0.6785 -0.7073
vn -0.1569 0.6501 -0.7435
vn 0.0494 -0.0641 0.9967
vn 0.0439 0.8693 -0.4924
vn 0.0322 0.4524 -0.8912
vn 0.0486 0.9948 0.0893
vn 0.4315 0.2462 0.8679
vn 0.0098 -0.5598 -0.8285
vn 0.9764 -0.0651 -0.2059
vn -0.2438 0.9617 -0.1250
vn -0.2470 0.7806 0.5742
vn -0.1789 0.8173 0.5477
vn 0.0423 0.8996 0.4348
vn 0.6240 0.5308 0.5734
vn -0.0900 0.2340 -0.9681
vn 0.1129 0.9121 0.3940
vn 0.1563 -0.6529 0.7411
vn 0.0279 -0.5994 0.8000
vn 0.0066 -0.6629 0.7487
vn -0.0365 0.4670 0.8835
vn 0.1859 0.6046 0.7745
vn 0.1339 0.5761 0.8064
vn 0.0548 0.2387 0.9695
vn -0.0635 0.8682 0.4922
vn -0.0356 0.2405 0.9700
vn 0.9025 0.3527 0.2472
vn 0.2155 0.6777 -0.7031
vn 0.0718 0.4478 -0.8913
vn -0.0037 -0.6483 -0.7613
vn -0.0469 -0.6690 -0.7417
vn 0.0116 -0.6483 -0.7613
vn -0.0971 0.4226 0.9011
vn 0.0116 -0.6446 0.7645
vn 0.1156 0.8922 0.4366
vn 0.9815 0.0643 0.1806
vn 0.4658 0.7910 0.3966
vn 0.4919 0.7980 0.3483
vn 0.7624 0.5967 -0.2504
vn 0.5919 0.6289 0.5041
vn 0.6280 0.2344 0.7420
vn 0.9929 0.0605 0.1024
vn 0.9917 0.0582 -0.1151
vn 0.9916 0.0539 -0.1179
vn 0.9916 0.0553 -0.1167
vn 0.9927 0.1162 0.0324
vn 0.7849 0.4189 0.4564
vn 0.9845 0.0655 0.1624
vn 0.8288 0.2155 -0.5163
vn 0.9887 0.0879 -0.1213
vn 0.7491 0.3077 -0.5867
vn 0.9940 0.0910 -0.0608
vn 0.2529 0.7663 -0.5906
vn 0.7671 0.4665 -0.4404
vn 0.2348 0.9398 -0.2484
vn 0.3098 0.9097 -0.2767
vn 0.8875 0.4541 -0.0781
vn 0.8694 0.3412 -0.3574
vn 0.9915 0.0508 -0.1197
vn 0.5082 0.7677 0.3904
vn 0.2005 0.6360 -0.7451
vn 0.8282 0.0748 -0.5555
vn 0.4484 0.8421 -0.2996
vn 0.9912 -0.0283 -0.1295
vn 0.1117 0.4665 -0.8774
vn 0.1283 0.2685 -0.9547
vn 0.0550 0.3027 -0.9515
vn 0.0207 -0.0943 0.9953
vn -0.2333 0.8105 -0.5373
vn -0.1169 0.2334 -0.9653
vn -0.0375 -0.9876 0.1522
vn -0.2610 0.4659 0.8455
vn 0.0615 -0.0686 -0.9957
vn -0.0481 -0.2016 -0.9783
vn -0.0886 -0.1913 -0.9775
vn 0.2047 0.9733 -0.1038
vn 0.1732 0.9757 -0.1341
vn -0.1056 -0.7220 -0.6838
vn 0.1730 0.3434 0.9231
vn 0.1264 0.4134 0.9017
vn -0.0054 -0.0293 -0.9996
vn -0.1301 -0.1088 -0.9855
vn -0.0023 0.9998 0.0204
vn -0.0036 0.9999 0.0157
vn 0.0143 -0.8879 0.4599
vn 0.0539 -0.9544 0.2936
vn 0.1953 -0.0368 0.9800
vn -0.0302 -0.4347 0.9001
vn -0.0623 -0.4883 0.8705
vn 0.0305 -0.4489 -0.8931
vn -0.1448 0.7661 -0.6262
vn 0.0524 0.2978 0.9532
vn -0.1839 -0.7977 -0.5744
vn -0.0240 0.9974 -0.0684
vn -0.0634 0.4912 0.8688
vn 0.1564 0.8925 0.4231
vn 0.1041 0.9316 0.3483
vn -0.0625 -0.6252 0.7779
vn -0.1814 -0.3846 0.9051
vn -0.0020 -1.0000 -0.0026
vn -0.0202 -0.6624 -0.7489
vn -0.2038 -0.2814 -0.9377
vn -0.0834 -0.5042 -0.8596
vn -0.0044 0.9999 -0.0106
vn 0.1725 0.0530 -0.9836
vn 0.0494 0.7892 -0.6122
vn -0.1571 -0.0986 0.9827
vn 0.1136 0.7074 0.6976
vn -0.2533 0.2580 -0.9323
vn 0.2917 0.8986 -0.3278
vn -0.0009 -0.9155 -0.4024
vn 0.0474 -0.7185 -0.6939
vn 0.1831 0.8505 -0.4931
vn 0.3280 0.7918 -0.5153
vn 0.2935 0.7617 -0.5777
vn 0.1520 0.1650 -0.9745
vn 0.0850 0.9915 0.0985
vn 0.0750 -0.9162 0.3936
vn -0.2771 0.3929 -0.8768
vn 0.2452 -0.2285 -0.9422
vn -0.0140 -0.9977 -0.0659
vn -0.2737 0.4822 -0.8322
vn -0.1571 0.7647 0.6249
vn -0.1505 0.1600 -0.9756
vn -0.2108 0.1372 -0.9679
vn -0.2702 0.1502 -0.9510
vn -0.1257 -0.6998 -0.7032
vn 0.1696 0.9142 -0.3681
vn 0.1218 0.8067 0.5783
vn -0.2632 -0.5103 0.8187
vn 0.0526 0.5599 0.8269
vn 0.3140 -0.0600 -0.9475
vn -0.6919 0.1903 0.6964
vn -0.6767 0.1677 0.7169
vn -0.6626 0.1568 0.7324
vn 0.1564 0.6775 0.7187
vn -0.1553 -0.8155 0.5576
vn 0.4849 0.7555 -0.4405
vn 0.3119 0.8211 -0.4779
vn 0.1966 0.6594 -0.7256
vn -0.1107 -0.9860 -0.1249
vn 0.2368 0.9676 -0.0876
vn -0.2750 0.1790 0.9446
vn -0.0197 -0.9981 0.0577
vn -0.1657 -0.9239 -0.3449
vn -0.2007 -0.8993 -0.3885
vn -0.1937 -0.9046 -0.3798
vn -0.2257 -0.9515 0.2090
vn -0.2243 -0.9592 0.1720
vn -0.1914 -0.9798 0.0573
vn 0.0818 -0.7179 0.6913
vn 0.1027 -0.2801 0.9545
vn 0.3010 0.1539 0.9411
vn 0.1328 -0.2147 0.9676
vn -0.1836 0.2896 0.9394
vn -0.3565 -0.2569 0.8983
vn -0.2090 0.2252 0.9516
vn -0.2192 -0.6639 -0.7150
vn -0.2505 -0.4241 0.8703
vn 0.6674 0.3013 0.6811
vn 0.2825 0.0354 0.9586
vn 0.1289 0.9724 0.1943
vn -0.0554 -0.9253 0.3752
vn -0.1040 -0.9288 0.3556
vn 0.2589 0.6285 -0.7334
vn 0.2785 -0.1586 -0.9472
vn 0.1483 -0.9088 0.3900
vn -0.1578 -0.7255 0.6699
vn 0.1075 -0.9173 -0.3835
vn 0.2726 0.8365 0.4753
vn 0.0263 -0.9941 0.1052
vn -0.6633 0.1215 -0.7385
vn 0.0861 0.9951 0.0488
vn -0.2772 0.0666 0.9585
vn -0.2036 -0.9785 0.0343
vn -0.1692 -0.1026 -0.9802
vn -0.1250 0.9453 -0.3012
vn 0.0438 -0.9309 -0.3625
vn -0.2070 -0.6902 -0.6934
vn 0.1405 -0.4987 0.8553
vn 0.2137 0.6828 -0.6987
vn 0.2382 -0.4992 0.8331
vn 0.2398 0.4291 0.8708
vn 0.2410 0.6992 -0.6731
vn 0.0389 0.9893 -0.1407
vn 0.0275 0.9868 -0.1598
vn 0.0185 0.1214 -0.9924
vn 0.0309 0.0862 -0.9958
vn 0.1592 -0.8564 0.4912
vn 0.2703 0.5280 0.8051
vn 0.2091 0.9582 0.1953
vn 0.1342 0.9775 0.1626
vn -0.2606 0.5716 -0.7780
vn 0.0703 -0.8643 -0.4980
vn 0.1534 -0.9350 -0.3197
vn -0.1771 -0.9483 -0.2635
vn -0.2894 -0.9422 -0.1689
vn -0.2736 -0.9388 -0.2095
vn 0.2654 0.9607 0.0811
vn -0.2424 -0.7783 -0.5792
vn 0.1795 -0.2680 -0.9466
vn 0.2179 0.7537 -0.6200
vn 0.3101 0.8313 -0.4613
vn 0.2907 -0.0040 0.9568
vn 0.1824 0.9831 -0.0154
vn -0.2292 -0.8764 -0.4236
vn 0.6728 0.4245 -0.6059
vn -0.2126 -0.8343 0.5087
vn -0.1124 0.6673 0.7362
vn 0.0142 0.1413 0.9899
vn 0.1092 0.2007 0.9736
vn 0.0326 0.1530 0.9877
vn -0.1587 0.0980 0.9824
vn 0.1326 0.5757 -0.8068
vn 0.1324 0.5120 -0.8487
vn -0.2213 -0.8989 0.3781
vn 0.1414 0.1262 -0.9819
vn -0.2865 -0.7222 -0.6296
vn 0.0325 0.9974 0.0651
vn -0.2143 -0.4994 -0.8395
vn 0.1919 -0.8005 -0.5678
vn 0.1731 0.4546 -0.8737
vn 0.1783 -0.1825 0.9669
vn -0.3238 -0.2272 0.9184
vn -0.2575 -0.0745 0.9634
vn -0.3317 -0.1003 0.9380
vn 0.5024 0.8646 0.0058
vn 0.7405 0.1062 -0.6636
vn 0.4763 0.8481 0.2323
vn -0.2854 0.4358 -0.8536
vn 0.1125 -0.9459 0.3042
vn 0.1252 0.9050 -0.4067
vn 0.2894 -0.1644 -0.9430
vn -0.2886 -0.5558 -0.7796
vn 0.1504 -0.4643 0.8728
vn 0.1700 -0.5250 0.8340
vn 0.2469 -0.7421 0.6231
vn 0.4386 0.8957 -0.0724
vn 0.1307 0.9703 0.2033
vn 0.7499 0.1844 0.6353
vn 0.7716 0.1821 0.6095
vn 0.7506 0.1842 0.6346
vn 0.2971 0.3941 0.8697
vn -0.4548 -0.1806 -0.8721
vn 0.7472 0.1561 0.6459
vn -0.2795 -0.9001 0.3342
vn -0.2436 -0.8458 -0.4746
vn 0.3173 0.7644 0.5612
vn 0.1697 -0.9382 0.3017
vn 0.2227 0.0743 0.9721
vn 0.3507 0.0161 0.9363
vn 0.4261 -0.0108 0.9046
vn 0.2569 0.3946 -0.8822
vn -0.3042 -0.9526 -0.0006
vn -0.3303 -0.9429 -0.0419
vn 0.3630 0.6901 0.6260
vn 0.0022 1.0000 0.0086
vn 0.1751 0.6579 0.7325
vn 0.2082 0.1459 0.9671
vn -0.0204 -0.9994 -0.0272
vn -0.3433 0.1646 -0.9247
vn 0.1433 0.8568 0.4954
vn 0.3186 0.5611 -0.7640
vn -0.2667 -0.2765 -0.9233
vn 0.3107 -0.3812 -0.8707
vn -0.2833 -0.0687 -0.9566
vn 0.1116 -0.9337 -0.3403
vn -0.0107 0.9997 0.0211
vn 0.3556 0.9228 -0.1482
vn 0.1715 -0.7610 0.6257
vn -0.3304 0.2177 -0.9184
vn 0.1153 -0.9518 0.2841
vn -0.0116 0.9996 -0.0249
vn -0.2763 0.5358 -0.7979
vn -0.2640 0.5269 0.8079
vn 0.3183 0.0190 0.9478
vn 0.2146 0.1167 -0.9697
vn -0.2811 -0.6769 0.6803
vn -0.3113 -0.5798 0.7529
vn 0.1159 0.9621 0.2468
vn 0.3387 0.9197 0.1985
vn 0.0022 1.0000 -0.0047
vn 0.4694 0.1428 -0.8714
vn 0.1444 -0.9392 -0.3116
vn 0.3339 0.5003 -0.7989
vn 0.4272 0.5592 -0.7105
vn 0.2600 -0.2308 -0.9376
vn 0.3023 -0.2084 -0.9302
vn 0.2734 -0.2388 -0.9318
vn -0.3171 -0.3715 -0.8726
vn -0.3421 -0.3787 -0.8600
vn -0.3517 -0.3813 -0.8550
vn 0.4095 0.8445 0.3450
vn 0.1924 -0.7533 -0.6289
vn 0.2433 -0.5556 -0.7950
vn 0.3474 -0.3910 -0.8523
vn 0.0902 0.9846 -0.1494
vn 0.0538 -0.9942 -0.0929
vn 0.2651 0.2952 0.9179
vn 0.3506 0.2326 0.9072
vn 0.2098 0.3329 0.9193
vn -0.3442 0.2677 -0.8999
vn 0.7508 0.0696 -0.6569
vn -0.0039 0.9999 -0.0121
vn 0.3106 0.2538 0.9160
vn -0.3515 0.2740 0.8952
vn -0.3578 0.2162 0.9084
vn -0.3423 -0.7120 -0.6130
vn -0.3779 -0.6124 -0.6944
vn -0.3816 -0.6108 -0.6938
vn -0.4708 -0.8585 0.2030
vn -0.3873 -0.8581 0.3371
vn -0.5075 -0.8072 0.3014
vn 0.3154 0.4799 -0.8187
vn -0.3798 -0.7825 0.4933
vn -0.4150 0.1723 0.8934
vn 0.3248 0.2614 -0.9089
vn 0.4311 0.3086 -0.8479
vn 0.3936 0.2635 -0.8807
vn 0.1505 -0.9628 -0.2243
vn -0.0128 -0.9979 -0.0639
vn -0.2312 0.9105 0.3429
vn 0.4114 0.4609 -0.7863
vn 0.3881 0.4933 0.7785
vn 0.3781 0.6957 -0.6108
vn -0.6408 0.0885 0.7626
vn -0.5110 -0.2191 0.8312
vn -0.0246 0.9992 0.0314
vn -0.3085 -0.1232 -0.9432
vn 0.4693 0.3004 -0.8304
vn 0.3166 0.8327 0.4543
vn 0.4966 0.7385 0.4561
vn 0.3954 0.7966 0.4573
vn 0.2495 0.8490 -0.4659
vn -0.4240 -0.8121 -0.4008
vn -0.4337 -0.8002 -0.4141
vn -0.4310 -0.7774 -0.4581
vn 0.3401 0.8189 -0.4624
vn 0.1777 -0.9209 -0.3470
vn 0.1902 -0.9284 0.3193
vn -0.5770 -0.1900 0.7943
vn -0.0201 -0.9998 -0.0036
vn -0.5626 -0.2094 0.7998
vn 0.7916 0.2171 0.5712
vn 0.4638 -0.0042 -0.8859
vn -0.3941 -0.7190 0.5724
vn -0.4547 -0.7381 -0.4985
vn -0.5347 -0.6315 -0.5614
vn 0.3926 -0.4088 0.8239
vn -0.5929 -0.0586 0.8031
vn -0.3616 -0.5342 0.7641
vn 0.4892 0.7725 -0.4049
vn 0.4567 0.8522 -0.2552
vn 0.5230 0.7929 -0.3128
vn -0.5044 -0.7249 0.4692
vn -0.4704 -0.7656 0.4389
vn -0.4132 -0.7974 0.4398
vn -0.4145 0.1758 0.8929
vn -0.4492 0.1127 -0.8863
vn -0.5610 0.0601 -0.8256
vn -0.4509 0.1068 -0.8862
vn 0.4228 0.0268 -0.9058
vn -0.4092 -0.2717 0.8711
vn -0.4340 -0.2061 0.8770
vn -0.5593 0.3394 0.7563
vn 0.4102 -0.4199 0.8096
vn 0.3576 0.8220 -0.4432
vn 0.4415 0.7708 -0.4594
vn 0.4986 0.7299 -0.4676
vn -0.2708 0.5386 -0.7979
vn -0.5318 -0.8433 0.0777
vn -0.5512 -0.8076 0.2097
vn -0.0069 0.9999 0.0142
vn -0.4006 -0.2633 0.8776
vn 0.5111 0.3184 -0.7984
vn -0.4154 -0.3322 0.8468
vn -0.5071 -0.3380 0.7928
vn -0.4963 -0.3375 0.7999
vn -0.4056 -0.3849 -0.8291
vn -0.5641 0.3064 -0.7668
vn -0.4301 -0.3282 -0.8410
vn 0.3907 0.3756 -0.8404
vn -0.6348 0.1839 -0.7504
vn -0.3575 -0.4326 0.8277
vn -0.4095 -0.5251 -0.7460
vn -0.4157 -0.5299 -0.7392
vn -0.4599 0.2418 -0.8544
vn -0.3934 0.2221 -0.8921
vn -0.5257 0.2202 -0.8216
vn -0.0369 -0.9954 -0.0880
vn -0.0303 -0.9975 -0.0641
vn -0.0341 -0.9953 -0.0905
vn -0.0998 0.4962 -0.8624
vn -0.0114 0.9998 -0.0182
vn -0.0312 -0.9960 0.0835
vn -0.0222 0.9994 -0.0249
vn 0.5028 0.7587 0.4142
vn 0.5099 0.7497 0.4219
vn 0.6425 0.7203 0.2616
vn -0.0007 -1.0000 0.0069
vn -0.4278 0.0910 0.8993
vn -0.5399 0.1665 0.8251
vn -0.5035 0.1271 0.8546
vn 0.0132 0.9994 -0.0314
vn 0.7726 0.1057 0.6260
vn 0.3013 0.6055 -0.7366
vn -0.3881 0.1932 -0.9011
vn -0.6422 0.0965 -0.7604
vn -0.6111 0.1286 -0.7811
vn 0.3228 -0.8214 -0.4702
vn 0.5703 0.3476 0.7443
vn -0.3787 -0.3886 -0.8400
vn -0.1834 -0.9597 -0.2129
vn -0.4820 -0.8590 -0.1724
vn -0.4780 -0.8634 -0.1618
vn -0.4831 -0.8579 -0.1752
vn -0.5428 0.0949 -0.8345
vn -0.3935 -0.5975 0.6987
vn 0.2285 0.8744 0.4280
vn 0.1349 0.2164 0.9670
vn 0.4805 -0.4271 -0.7659
vn 0.1646 -0.9229 0.3482
vn 0.4291 0.2735 0.8608
vn -0.6437 0.0830 0.7607
vn 0.4678 -0.0089 0.8838
vn 0.4942 0.8527 0.1693
vn 0.3624 0.3827 0.8499
vn 0.4384 0.1987 0.8765
vn 0.3853 -0.6985 0.6031
vn -0.5140 -0.6575 0.5508
vn -0.8299 -0.2057 -0.5187
vn -0.5923 -0.6561 0.4676
vn -0.5666 -0.5436 -0.6193
vn 0.4500 0.7353 0.5069
vn -0.0593 -0.9941 0.0910
vn 0.2902 -0.6732 0.6801
vn 0.2807 -0.7182 0.6368
vn 0.1813 -0.9558 0.2314
vn -0.4885 -0.7519 -0.4427
vn 0.4262 0.0050 0.9046
vn 0.1027 0.1694 0.9802
vn 0.0976 0.1540 0.9832
vn 0.0641 0.0653 0.9958
vn 0.4670 0.8594 -0.2083
vn -0.6173 -0.4795 0.6237
vn -0.5537 -0.5218 0.6489
vn -0.5031 -0.5516 0.6653
vn 0.2475 -0.9573 0.1496
vn 0.5132 0.4313 0.7420
vn -0.6506 -0.1467 -0.7451
vn -0.4697 -0.1197 0.8747
vn -0.6100 -0.1160 0.7839
vn -0.5519 -0.1180 0.8255
vn -0.6310 -0.4611 -0.6239
vn 0.4067 -0.5319 0.7428
vn 0.5120 0.8545 -0.0871
vn -0.4957 0.2565 0.8297
vn -0.5161 0.2290 0.8253
vn -0.6366 0.0574 0.7691
vn -0.4874 -0.8529 -0.1869
vn -0.4827 -0.0732 -0.8727
vn 0.5552 0.0224 0.8314
vn 0.3904 0.4311 -0.8135
vn -0.5068 -0.0042 -0.8621
vn 0.3663 0.7869 -0.4965
vn 0.5315 0.8392 0.1154
vn 0.6529 0.7571 -0.0247
vn 0.5792 0.8127 0.0639
vn -0.5539 -0.8313 0.0469
vn -0.5064 -0.6454 -0.5719
vn -0.5416 -0.7053 0.4573
vn -0.5348 -0.6516 0.5379
vn -0.6686 -0.6105 0.4246
vn -0.0221 0.9996 0.0157
vn 0.4964 0.8456 -0.1964
vn 0.6209 0.7672 -0.1612
vn 0.4065 0.1884 0.8940
vn 0.5957 0.6703 -0.4426
vn -0.5556 -0.7071 -0.4373
vn 0.5129 0.8489 0.1275
vn 0.6604 0.7479 0.0671
vn 0.6048 0.7913 0.0902
vn -0.6444 -0.3312 0.6893
vn -0.1373 0.9706 0.1978
vn -0.5362 0.2821 0.7956
vn -0.6105 -0.5994 -0.5178
vn -0.5416 -0.6615 -0.5188
vn -0.6732 -0.6173 -0.4070
vn -0.0027 0.9999 0.0100
vn 0.4785 0.5961 0.6448
vn 0.5464 0.5455 0.6356
vn 0.5220 0.5649 0.6391
vn 0.0035 1.0000 0.0047
vn -0.0421 -0.9967 -0.0690
vn -0.7346 -0.5793 -0.3534
vn -0.6247 -0.4703 -0.6233
vn -0.7193 -0.5594 -0.4119
vn -0.0832 0.4849 -0.8706
vn 0.6212 0.6970 0.3583
vn -0.5444 0.3149 -0.7774
vn 0.4871 0.2214 0.8448
vn 0.5684 0.6881 0.4510
vn 0.4273 -0.6797 0.5962
vn 0.4383 -0.3102 0.8436
vn 0.3311 0.8229 0.4617
vn 0.4498 -0.2568 0.8554
vn 0.4887 0.3272 -0.8088
vn 0.7490 0.0647 -0.6595
vn -0.5567 -0.4635 0.6894
vn 0.5683 -0.2852 -0.7718
vn -0.9745 0.1316 0.1819
vn -0.6739 -0.7333 0.0900
vn -0.6653 -0.7464 0.0152
vn -0.6691 -0.7337 -0.1180
vn 0.8123 0.1504 0.5636
vn 0.5051 0.7182 0.4786
vn 0.6930 -0.0106 -0.7208
vn 0.4330 -0.1762 -0.8840
vn 0.6268 -0.0505 -0.7775
vn 0.6018 0.6234 -0.4992
vn 0.0722 0.0803 -0.9941
vn -0.7605 0.0198 0.6490
vn 0.2852 0.8510 -0.4409
vn -0.3383 -0.5625 0.7544
vn 0.2230 -0.8746 -0.4306
vn -0.7062 0.2526 0.6615
vn -0.0298 0.9994 0.0153
vn 0.4944 0.6780 0.5439
vn 0.6551 0.5545 0.5132
vn 0.5605 0.6326 0.5345
vn 0.5748 0.6655 -0.4762
vn 0.5119 0.1837 -0.8392
vn -0.6154 -0.7121 0.3379
vn -0.0108 0.9998 -0.0163
vn -0.1011 0.3309 -0.9382
vn 0.4525 0.6628 -0.5966
vn 0.5264 -0.0348 -0.8495
vn -0.6667 0.1236 0.7350
vn 0.2303 -0.8745 -0.4268
vn 0.2142 -0.9437 0.2523
vn -0.6740 0.2184 0.7057
vn -0.5922 0.1935 0.7822
vn -0.6261 -0.5699 0.5322
vn 0.7878 0.0788 -0.6109
vn 0.7685 0.0918 -0.6333
vn 0.7763 0.0838 -0.6247
vn 0.5289 0.0533 -0.8470
vn 0.5650 0.4763 -0.6738
vn 0.5158 -0.0037 -0.8567
vn -0.5331 -0.2683 -0.8024
vn 0.6093 -0.1786 -0.7726
vn -0.2524 -0.9510 -0.1786
vn 0.5233 0.3897 -0.7578
vn -0.2488 -0.9419 -0.2258
vn -0.5656 0.3652 -0.7394
vn 0.5893 0.6665 -0.4567
vn -0.6870 0.0158 -0.7265
vn 0.0071 -0.9998 0.0168
vn 0.2128 -0.9256 -0.3131
vn -0.6513 0.3254 0.6855
vn -0.7410 0.3320 0.5836
vn -0.7488 0.3374 0.5705
vn -0.6577 0.2673 -0.7042
vn 0.3444 0.7627 0.5474
vn -0.0296 0.9994 -0.0194
vn -0.6651 0.0698 -0.7435
vn -0.7937 0.0701 -0.6043
vn -0.7828 0.0795 -0.6172
vn 0.5983 0.0948 0.7956
vn 0.5166 -0.0492 0.8548
vn -0.6594 -0.4481 0.6036
vn 0.4053 -0.5566 0.7252
vn 0.5648 0.4031 0.7201
vn 0.4226 -0.5197 0.7425
vn 0.6812 -0.0021 -0.7321
vn 0.6908 -0.0213 -0.7228
vn 0.1276 0.9829 -0.1326
vn 0.7837 0.0768 0.6163
vn 0.1384 -0.9825 -0.1247
vn 0.5750 0.5229 0.6293
vn -0.5810 -0.2810 -0.7639
vn 0.6794 0.0110 -0.7337
vn -0.7281 -0.3010 0.6159
vn 0.6701 -0.0273 -0.7418
vn 0.6661 -0.4311 0.6086
vn -0.6587 -0.4419 -0.6090
vn 0.0558 -0.9950 0.0834
vn 0.2143 -0.9166 0.3375
vn -0.6103 -0.3398 0.7156
vn 0.1996 -0.9622 0.1853
vn 0.2805 -0.2939 0.9138
vn -0.4718 0.1323 0.8717
vn -0.7650 0.1458 -0.6273
vn -0.8385 0.0648 -0.5410
vn -0.6390 -0.3658 0.6766
vn 0.5672 0.0398 0.8226
vn -0.0166 0.9997 0.0166
vn -0.0516 -0.1982 0.9788
vn -0.8306 -0.4522 0.3250
vn -0.9274 -0.2094 0.3100
vn -0.8850 -0.0211 0.4652
vn -0.9362 -0.2283 0.2674
vn 0.1938 -0.9376 0.2886
vn 0.2243 -0.9433 0.2447
vn 0.5569 -0.5200 0.6477
vn -0.6651 0.1679 -0.7276
vn -0.6776 -0.6970 -0.2347
vn -0.7096 -0.6616 -0.2425
vn 0.4299 -0.6008 -0.6740
vn -0.7037 0.2818 0.6522
vn -0.6119 0.0455 -0.7896
vn -0.5951 -0.4395 -0.6728
vn 0.0060 1.0000 0.0022
vn 0.7115 0.0801 0.6981
vn 0.6567 0.7537 0.0266
vn 0.7553 0.6496 -0.0867
vn -0.4480 -0.8622 0.2365
vn 0.5957 0.3594 0.7183
vn 0.5649 0.3709 -0.7371
vn -0.1485 0.2023 -0.9680
vn 0.7021 -0.0064 0.7120
vn 0.1269 0.0880 -0.9880
vn -0.6939 -0.1117 0.7113
vn 0.3028 -0.1940 -0.9331
vn -0.7041 -0.3588 -0.6127
vn -0.8295 0.1341 -0.5421
vn -0.7129 -0.3352 -0.6159
vn -0.0104 -0.9997 -0.0233
vn -0.6677 0.4868 -0.5632
vn 0.1013 -0.9867 -0.1274
vn 0.4221 -0.8160 0.3949
vn 0.7022 -0.0038 0.7120
vn -0.3698 0.8871 0.2763
vn 0.8310 0.1024 0.5467
vn 0.4621 0.5075 -0.7272
vn 0.4844 0.5067 -0.7132
vn 0.7814 0.4481 -0.4344
vn -0.6203 0.0445 -0.7831
vn -0.6799 -0.0121 0.7332
vn -0.0022 1.0000 0.0091
vn 0.6245 -0.4434 -0.6429
vn 0.4738 -0.4856 -0.7347
vn -0.8131 -0.3642 -0.4541
vn -0.4772 -0.1880 -0.8585
vn -0.7813 -0.3464 -0.5192
vn -0.7944 -0.5948 0.1233
vn -0.6556 0.2195 -0.7225
vn -0.6828 0.0630 -0.7279
vn -0.6825 0.0659 -0.7279
vn 0.7105 0.4998 0.4953
vn -0.7146 0.2204 0.6639
vn -0.7520 -0.0805 -0.6542
vn -0.8383 -0.0786 -0.5395
vn -0.7373 -0.1543 0.6577
vn -0.7430 -0.0263 0.6688
vn -0.0105 0.9999 -0.0091
vn -0.0158 0.9998 -0.0092
vn -0.0351 0.9992 -0.0194
vn 0.5859 -0.0684 0.8075
vn 0.5984 -0.0257 0.8008
vn -0.6065 0.2098 -0.7669
vn -0.7575 0.2085 -0.6186
vn -0.7130 0.2474 -0.6561
vn -0.6413 -0.2069 -0.7389
vn 0.7388 0.5725 -0.3556
vn 0.4631 -0.6446 -0.6084
vn -0.7330 0.1232 0.6690
vn 0.3195 0.8404 0.4378
vn 0.7981 0.0739 -0.5980
vn -0.0493 -0.9970 0.0596
vn 0.7069 0.4588 -0.5383
vn 0.6564 0.5314 -0.5355
vn 0.7321 0.4227 -0.5341
vn 0.2519 0.9094 0.3309
vn -0.5639 0.7733 0.2898
vn 0.5997 -0.2024 0.7742
vn -0.0235 0.9996 -0.0124
vn 0.6183 0.1147 -0.7776
vn -0.4203 -0.1596 -0.8933
vn 0.7388 0.6342 -0.2277
vn 0.2129 -0.9683 -0.1306
vn 0.3915 0.7559 0.5247
vn 0.6320 0.4650 0.6199
vn 0.6853 0.5178 0.5122
vn 0.6611 0.5355 0.5256
vn 0.7806 0.0600 -0.6222
vn 0.7849 0.0554 -0.6171
vn 0.8865 0.0961 -0.4526
vn 0.6490 0.1805 -0.7391
vn -0.2390 0.6787 -0.6945
vn 0.5478 0.4764 0.6877
vn 0.7079 0.2799 0.6484
vn 0.6337 0.3881 0.6692
vn -0.7214 -0.5334 0.4417
vn -0.6705 -0.4830 -0.5631
vn 0.2244 -0.9428 -0.2465
vn 0.6624 0.2042 -0.7208
vn -0.6867 -0.6747 0.2706
vn -0.7255 -0.6223 0.2938
vn 0.7233 0.5587 0.4057
vn 0.4281 -0.7058 0.5644
vn -0.7291 -0.5556 -0.3996
vn -0.6928 -0.0965 -0.7147
vn -0.9176 -0.0161 -0.3973
vn 0.7965 0.4415 -0.4130
vn 0.6658 -0.0543 -0.7442
vn 0.0707 0.0717 -0.9949
vn -0.5168 0.0780 0.8525
vn 0.6608 0.2220 0.7170
vn 0.6223 0.1839 0.7608
vn -0.8874 -0.1147 0.4465
vn -0.9191 -0.0781 0.3861
vn -0.8843 -0.1236 0.4503
vn 0.7556 0.0234 0.6546
vn -0.9435 -0.0842 -0.3205
vn -0.7497 -0.6618 -0.0082
vn -0.8281 -0.5580 -0.0537
vn -0.7839 -0.6193 -0.0430
vn 0.5801 -0.6191 0.5294
vn 0.6921 0.7176 -0.0778
vn -0.4347 -0.8795 -0.1936
vn -0.0595 -0.9966 -0.0573
vn -0.4987 -0.8550 0.1424
vn 0.5986 0.2544 0.7596
vn 0.4378 -0.8092 -0.3919
vn -0.6985 -0.2088 -0.6845
vn -0.8224 0.3373 0.4581
vn 0.3698 0.8573 0.3581
vn 0.1899 -0.9594 0.2088
vn 0.7037 -0.5616 0.4353
vn 0.2262 -0.9453 0.2351
vn -0.6961 -0.4190 0.5830
vn 0.7582 -0.1302 -0.6389
vn -0.8381 0.2731 -0.4723
vn -0.5245 0.0653 0.8489
vn 0.6869 0.1226 -0.7164
vn -0.8158 -0.5779 0.0215
vn -0.8424 -0.3380 -0.4197
vn 0.0033 1.0000 0.0055
vn -0.7415 -0.2033 0.6395
vn -0.7590 0.0536 0.6489
vn -0.7954 -0.0599 0.6032
vn 0.6766 -0.3715 0.6358
vn -0.7432 0.0609 -0.6663
vn -0.7209 0.0266 -0.6925
vn -0.7958 0.1609 -0.5838
vn 0.7100 0.6222 0.3296
vn -0.2634 -0.9545 0.1399
vn -0.9664 0.1162 0.2294
vn -0.6809 -0.6749 0.2845
vn 0.7340 0.6784 0.0315
vn -0.0245 0.9997 0.0090
vn -0.1695 0.9638 -0.2057
vn 0.7982 0.0328 0.6015
vn 0.5611 0.5230 -0.6416
vn 0.5206 -0.6316 -0.5745
vn 0.7707 -0.0914 -0.6307
vn 0.6067 0.2894 -0.7404
vn 0.6687 0.2501 -0.7002
vn 0.7242 0.2105 -0.6567
vn 0.6751 -0.2938 -0.6767
vn 0.0007 1.0000 -0.0010
vn -0.0293 0.9995 0.0079
vn -0.6359 -0.0961 -0.7658
vn -0.8913 0.0113 -0.4534
vn -0.8685 0.0284 0.4948
vn 0.7200 0.6799 0.1388
vn -0.0613 -0.9970 -0.0462
vn -0.8636 -0.5011 0.0564
vn -0.8714 0.1446 0.4688
vn -0.9063 0.1423 0.3979
vn 0.7769 -0.1738 -0.6052
vn -0.9529 -0.0881 -0.2902
vn -0.2843 -0.9570 -0.0584
vn -0.8553 0.2542 0.4515
vn 0.6266 0.4300 0.6500
vn -0.0825 0.9964 -0.0192
vn 0.6798 0.2557 -0.6874
vn 0.6741 0.2557 -0.6929
vn 0.6967 0.2593 -0.6689
vn 0.1618 0.0961 0.9821
vn 0.7286 -0.0705 -0.6813
vn 0.3360 0.8851 -0.3221
vn 0.2891 -0.9261 -0.2424
vn -0.8956 -0.0342 0.4435
vn -0.9505 0.0204 0.3100
vn -0.9699 0.0487 0.2385
vn -0.6213 0.7603 -0.1895
vn -0.8453 0.1214 0.5203
vn -0.9133 -0.0613 -0.4026
vn -0.8999 -0.1088 -0.4223
vn -0.9598 0.1073 -0.2595
vn 0.8063 0.2485 0.5367
vn -0.8198 0.2554 0.5126
vn 0.6996 0.2597 -0.6657
vn -0.0185 0.9998 0.0071
vn 0.6629 0.1559 0.7322
vn 0.6697 0.1567 0.7259
vn 0.7378 0.6398 0.2151
vn 0.4075 0.8977 0.1674
vn -0.7657 -0.3459 0.5423
vn -0.7946 -0.2796 -0.5389
vn -0.8739 -0.1969 -0.4444
vn -0.8456 -0.1268 -0.5185
vn -0.7875 -0.2643 0.5567
vn 0.7357 0.0379 0.6763
vn 0.4789 -0.7633 0.4335
vn 0.4663 -0.7911 0.3958
vn 0.7556 0.6439 0.1206
vn 0.8328 0.5477 0.0799
vn 0.8159 0.5732 0.0761
vn -0.7900 -0.3341 -0.5141
vn 0.7354 -0.4670 0.4910
vn 0.0724 0.9961 -0.0506
vn 0.0110 0.9999 -0.0043
vn 0.7795 0.2500 0.5744
vn 0.7755 0.1690 -0.6083
vn -0.1360 -0.9904 0.0237
vn -0.0650 -0.9961 0.0597
vn -0.8967 -0.1210 0.4259
vn -0.8939 -0.2195 0.3909
vn 0.7563 0.3033 0.5797
vn 0.8034 0.3099 0.5084
vn 0.7974 0.4087 0.4439
vn -0.8238 -0.4659 -0.3228
vn -0.8014 -0.5249 -0.2866
vn -0.8591 -0.4140 -0.3009
vn 0.7625 0.5451 0.3485
vn -0.0622 0.9980 -0.0130
vn -0.3620 -0.1499 0.9201
vn 0.0035 1.0000 0.0042
vn 0.0011 1.0000 0.0005
vn 0.7703 0.4026 -0.4946
vn -0.5284 -0.8365 0.1454
vn 0.5443 0.5447 -0.6380
vn -0.9314 0.2216 -0.2887
vn 0.1322 0.1012 0.9860
vn -0.9391 0.2190 -0.2649
vn -0.8561 -0.5024 -0.1212
vn 0.2497 -0.9635 -0.0968
vn -0.8013 -0.5116 0.3103
vn -0.8381 -0.5154 0.1788
vn 0.6231 0.4295 0.6537
vn -0.9835 0.0742 -0.1650
vn 0.4617 -0.8512 0.2494
vn -0.0140 0.9999 -0.0035
vn -0.9644 0.0212 0.2636
vn -0.9696 0.0604 0.2373
vn -0.9870 0.1312 0.0929
vn -0.9999 -0.0007 -0.0167
vn -0.9999 0.0119 0.0030
vn -0.4735 -0.8798 -0.0431
vn -0.8903 -0.0871 -0.4469
vn -0.8673 0.0936 -0.4889
vn 0.7442 0.4376 0.5047
vn -0.8314 -0.5556 -0.0081
vn -0.2400 -0.9702 0.0335
vn -0.0886 0.9961 0.0044
vn -0.2197 -0.9748 0.0380
vn -0.5255 0.8434 0.1118
vn -0.7168 -0.3200 -0.6195
vn 0.7671 0.2334 0.5975
vn -0.8879 -0.3469 -0.3021
vn 0.8056 0.5223 -0.2796
vn 0.2342 0.9507 -0.2035
vn 0.0004 1.0000 0.0022
vn 0.3528 0.8932 0.2788
vn 0.7952 0.0848 0.6004
vn 0.1810 0.9774 0.1095
vn -0.9964 -0.0195 -0.0822
vn 0.7711 0.3527 -0.5302
vn 0.7567 -0.4955 -0.4265
vn 0.8157 0.5637 -0.1295
vn -0.9697 0.2141 0.1179
vn -0.9903 0.0319 -0.1355
vn 0.3885 0.8753 0.2878
vn -0.8465 -0.4126 0.3365
vn 0.8466 0.4551 0.2759
vn 0.8793 0.3581 0.3141
vn 0.2810 -0.9597 -0.0105
vn -0.0235 -0.9997 -0.0088
vn -0.0896 -0.9957 0.0237
vn 0.2506 -0.9665 0.0545
vn 0.7999 0.0686 0.5962
vn 0.8654 0.0034 0.5010
vn 0.7766 0.1222 0.6181
vn 0.4980 -0.8018 -0.3303
vn 0.7085 -0.5765 0.4070
vn 0.7971 0.0136 0.6037
vn 0.7880 -0.4354 -0.4353
vn -0.9531 -0.2928 -0.0770
vn -0.9897 0.0995 0.1030
vn -0.9170 -0.3957 -0.0509
vn -0.7782 -0.6276 0.0225
vn 0.0833 0.0415 -0.9957
vn -0.6431 0.7654 0.0228
vn -0.0070 1.0000 0.0017
vn 0.2687 -0.9497 -0.1609
vn 0.7482 -0.2742 -0.6042
vn -0.5957 0.8009 -0.0603
vn 0.8095 0.0920 -0.5798
vn 0.8063 0.5336 -0.2550
vn -0.0629 -0.9968 0.0488
vn 0.8111 0.0645 -0.5814
vn 0.7833 -0.2325 -0.5766
vn -0.9121 0.2420 0.3310
vn 0.0838 -0.9946 0.0616
vn -0.9177 -0.3924 -0.0625
vn -0.9207 0.1432 0.3631
vn -0.9393 0.1075 0.3258
vn -0.9381 0.1099 0.3284
vn 0.5195 -0.8219 -0.2336
vn -0.9000 -0.3289 0.2861
vn -0.9227 -0.3668 0.1187
vn -0.9439 -0.3249 0.0593
vn 0.7583 0.3877 0.5240
vn 0.8306 0.2459 -0.4997
vn -0.9439 0.2354 -0.2315
vn -0.9577 -0.2776 0.0752
vn 0.8437 0.4349 -0.3147
vn 0.8917 -0.1228 -0.4356
vn -0.9196 -0.2458 0.3066
vn -0.9314 0.1225 -0.3427
vn 0.1776 0.0968 0.9793
vn 0.9316 0.0042 0.3635
vn 0.4531 0.8765 0.1627
vn 0.1645 -0.9781 -0.1276
vn 0.8493 0.2024 0.4875
vn 0.8746 -0.3666 0.3174
vn 0.1585 0.9850 0.0687
vn 0.6537 0.7032 -0.2797
vn 0.3277 -0.9354 0.1332
vn 0.3074 -0.9246 0.2252
vn -0.9261 0.0943 -0.3653
vn -0.9628 0.1169 -0.2437
vn -0.9558 0.1119 -0.2717
vn -0.9352 -0.1319 -0.3288
vn -0.9453 -0.1789 0.2727
vn -0.9273 -0.3472 -0.1399
vn 0.1447 -0.9872 -0.0670
vn 0.1183 -0.9885 -0.0939
vn 0.1402 -0.9864 -0.0855
vn -0.9697 0.2434 -0.0221
vn -0.9590 0.2457 0.1411
vn 0.9182 0.3791 0.1148
vn -0.9224 -0.2978 -0.2458
vn 0.6555 -0.5389 -0.5291
vn 0.6678 0.2372 0.7056
vn 0.7465 0.4666 -0.4744
vn 0.9484 0.0659 0.3102
vn -0.9426 -0.1949 -0.2712
vn 0.8661 0.4595 0.1968
vn 0.8433 0.4705 0.2598
vn 0.9204 0.3069 -0.2421
vn 0.8783 0.4727 0.0716
vn 0.9216 0.3832 -0.0617
vn 0.8949 0.4457 0.0226
vn -0.9851 0.1461 0.0907
vn -0.9767 0.1685 0.1331
vn 0.1578 0.0569 -0.9858
vn -0.9605 -0.2781 -0.0058
vn 0.1405 0.0645 0.9880
vn 0.1338 0.0687 0.9886
vn 0.7466 0.4938 -0.4458
vn 0.8398 -0.4465 -0.3088
vn 0.7724 0.4469 -0.4514
vn 0.8549 0.2138 -0.4728
vn 0.4109 -0.8821 -0.2303
vn 0.3151 -0.9395 -0.1340
vn 0.7421 -0.6200 -0.2548
vn -0.9569 0.0669 0.2826
vn -0.9947 -0.0921 -0.0453
vn -0.9942 -0.0920 -0.0552
vn -0.9967 0.0195 -0.0791
vn 0.4388 -0.8625 -0.2521
vn -0.9804 0.1333 -0.1453
vn 0.7308 -0.5394 0.4183
vn 0.7975 0.0084 0.6033
vn 0.8008 0.0153 0.5987
vn 0.7981 0.0145 0.6024
vn 0.8575 0.0550 0.5115
vn 0.3742 -0.9151 -0.1502
vn 0.7982 0.0148 0.6022
vn 0.8367 0.0077 0.5476
vn 0.8366 0.0077 0.5478
vn 0.8368 0.0077 0.5474
vn 0.7291 -0.5925 0.3426
vn 0.6722 -0.6714 0.3121
vn 0.7052 -0.6656 0.2443
vn -0.9900 -0.0488 0.1326
vn 0.8611 -0.4546 -0.2278
vn 0.7756 -0.5486 0.3123
vn 0.0679 0.9976 0.0143
vn 0.2568 0.9604 -0.1080
vn 0.7178 -0.5721 0.3968
vn 0.3378 -0.9330 0.1238
vn -0.9919 0.1008 -0.0776
vn -0.9857 -0.1585 0.0577
vn -0.9984 -0.0307 0.0476
vn -0.9946 -0.1025 0.0172
vn -0.9980 -0.0625 -0.0087
vn 0.5350 -0.8143 -0.2254
vn 0.8705 0.1627 0.4644
vn 0.0762 0.9960 -0.0460
vn 0.9272 -0.3337 -0.1700
vn 0.5656 -0.8004 -0.1987
vn -0.9980 -0.0337 -0.0535
vn 0.9074 0.3432 -0.2426
vn -0.9889 0.1002 -0.1099
vn 0.9256 -0.1583 0.3439
vn 0.8436 -0.0503 0.5346
vn 0.8828 -0.1098 0.4567
vn 0.7588 -0.4953 0.4230
vn 0.3213 -0.9342 0.1550
vn 0.8872 -0.1675 -0.4299
vn 0.4162 -0.8974 0.1464
vn 0.0756 0.9971 0.0071
vn 0.9204 0.1356 -0.3667
vn 0.9308 0.3440 -0.1232
vn 0.7469 0.4316 0.5058
vn 0.5851 0.8009 0.1274
vn -0.0918 -0.9953 0.0312
vn 0.7508 0.4430 -0.4900
vn 0.8740 -0.3609 -0.3255
vn 0.7848 0.3778 -0.4913
vn -0.0747 -0.9967 -0.0321
vn 0.4442 0.8696 -0.2158
vn 0.9702 -0.0053 0.2422
vn 0.0059 1.0000 0.0008
vn 0.9324 0.2024 -0.2995
vn 0.9764 0.1680 -0.1361
vn 0.9691 0.1881 -0.1594
vn 0.8538 -0.4988 0.1492
vn 0.6213 -0.7749 -0.1162
vn 0.9651 -0.1924 0.1777
vn 0.6537 -0.7252 -0.2163
vn 0.9177 -0.3599 -0.1682
vn 0.8952 -0.0220 0.4451
vn 0.0927 -0.9954 0.0238
vn 0.3401 0.9226 0.1820
vn 0.9024 0.2373 0.3597
vn 0.9212 0.1835 0.3431
vn 0.9724 -0.0895 0.2156
vn 0.9179 0.3740 -0.1326
vn 0.9216 -0.0562 -0.3841
vn 0.9330 0.1680 -0.3182
vn 0.3243 -0.9437 -0.0647
vn 0.5353 -0.8406 0.0820
vn 0.7327 0.6756 -0.0822
vn 0.7566 -0.5123 0.4063
vn 0.8714 0.4109 0.2679
vn 0.7868 -0.4618 0.4095
vn -0.0787 -0.9959 0.0452
vn 0.6011 0.7727 0.2038
vn -0.0736 -0.9966 -0.0360
vn 0.9826 0.1765 -0.0571
vn 0.9904 -0.0254 0.1357
vn 0.4080 0.9073 0.1011
vn 0.9267 0.3173 0.2013
vn 0.9774 0.1956 -0.0795
vn 0.9802 0.1933 0.0435
vn 0.0566 0.0124 -0.9983
vn 0.9079 -0.0163 0.4188
vn 0.1620 0.0546 -0.9853
vn 0.5044 -0.8635 0.0062
vn 0.9689 0.0319 -0.2452
vn 0.0961 0.9950 -0.0264
vn 0.0838 0.9961 -0.0266
vn 0.7760 -0.6304 -0.0225
vn 0.9869 -0.0160 -0.1605
vn 0.9988 -0.0407 0.0290
vn 0.8918 -0.0455 -0.4501
vn 0.7958 -0.5878 0.1458
vn 0.5258 0.8504 0.0177
vn 0.9099 0.2819 -0.3045
vn 0.3298 -0.9426 0.0523
vn 0.8287 -0.5546 -0.0756
vn 0.9506 -0.3101 -0.0146
vn 0.0070 1.0000 -0.0008
vn 0.9951 0.0918 0.0363
vn 0.0072 1.0000 -0.0010
vn 0.9900 -0.0526 -0.1311
vn 0.0053 1.0000 -0.0044
vn 0.5982 -0.7995 -0.0547
vn 0.8737 -0.4685 0.1308
vn 0.9903 0.1392 0.0054
vn 0.9580 -0.2361 -0.1625
vn 0.9688 -0.1801 -0.1700
vn 0.5448 -0.8385 -0.0032
vn 0.8069 -0.5894 -0.0391
vn 0.3762 -0.9266 -0.0017
vn 0.9694 0.0725 -0.2346
vn 0.8656 -0.4801 -0.1423
vn 0.4893 0.8721 0.0090
vn 0.1599 -0.9854 -0.0590
vn 0.5216 -0.8532 0.0015
vn 0.8921 0.4375 -0.1132
vn 0.3029 -0.9522 -0.0391
vn 0.9715 0.1723 0.1628
vn 0.8933 0.1572 0.4212
vn 0.9189 -0.3919 -0.0448
vn 0.1818 -0.9812 -0.0648
vn 0.1944 -0.9785 -0.0692
vn 0.1390 -0.9901 -0.0219
vn 0.8418 0.5026 -0.1969
vn 0.1096 0.9939 0.0094
vn 0.0089 1.0000 -0.0003
vn -0.0952 -0.9953 -0.0179
vn -0.0938 -0.9955 -0.0142
vn 0.9075 -0.3921 0.1506
vn 0.4078 -0.9126 -0.0301
vn 0.9861 -0.1633 -0.0298
vn 0.6373 0.7424 0.2063
vn -0.0726 -0.9972 0.0170
vn 0.1603 -0.9869 0.0191
vn 0.9698 -0.2223 -0.1001
vn 0.1294 -0.9915 -0.0164
vn 0.1295 -0.9915 -0.0083
vn 0.1195 -0.9927 -0.0160
vn 0.9883 -0.0403 0.1469
vn 0.9855 0.0529 -0.1610
vn 0.4464 0.8883 -0.1081
vn 0.9803 -0.0254 0.1961
vn 0.8918 -0.4299 0.1408
vn 0.5011 0.8548 -0.1347
vn -0.1333 -0.9911 -0.0066
vn 0.9811 0.1865 0.0515
vn 0.9669 0.2451 0.0711
vn 0.4265 0.9037 0.0375
vn 0.9926 0.0541 -0.1088
vn 0.5985 0.8011 0.0050
vn 0.9966 -0.0791 0.0209
vn 0.9997 0.0254 0.0037
vn 0.8031 -0.0192 0.5956
vn 0.7876 0.0115 0.6160
vn 0.7876 0.0104 0.6161
vn -0.7315 0.0304 -0.6812
vn -0.7317 0.0300 -0.6810
vn -0.7313 0.0307 -0.6814
vn -0.4630 0.8550 -0.2338
vn 0.8019 0.1997 0.5631
vn -0.9580 -0.0613 -0.2800
vn -0.9580 -0.0613 -0.2801
vn 0.8596 -0.0514 0.5083
vn 0.7718 0.0140 0.6357
vn 0.7753 -0.1222 0.6196
vn 0.7773 -0.1233 0.6169
vn 0.7763 -0.1231 0.6183
vn -0.7731 -0.0100 -0.6343
vn -0.7759 -0.0051 -0.6308
vn -0.7731 -0.0102 -0.6342
vn -0.3812 -0.8267 -0.4139
vn -0.3807 -0.8260 -0.4157
vn -0.3824 -0.8270 -0.4121
vn 0.9120 -0.0016 0.4102
vn 0.9119 -0.0016 0.4104
vn 0.9117 -0.0011 0.4109
vn 0.7562 -0.1267 0.6420
vn 0.7558 -0.1273 0.6423
vn 0.7561 -0.1270 0.6420
vn 0.6386 0.5537 -0.5344
s 1
usemtl none
f 3//1 2//2 1//3
f 1//4 5//5 3//6
f 2//2 3//1 4//7
f 2//2 6//8 1//3
f 6//9 2//10 8//11
f 4//12 8//11 2//10
f 3//1 9//13 4//7
f 6//9 8//11 19//14
f 4//12 16//15 8//11
f 3//6 7//16 9//17
f 1//3 6//8 11//18
f 9//13 12//19 4//7
f 3//6 5//5 7//16
f 10//20 14//21 8//22
f 4//12 12//23 16//15
f 8//22 16//24 10//20
f 10//25 15//26 13//27
f 10//25 13//27 14//28
f 5//29 23//30 7//31
f 14//32 19//14 8//33
f 1//4 11//34 20//35
f 13//36 15//37 17//38
f 6//8 18//39 11//18
f 17//38 15//37 21//40
f 1//4 20//35 5//5
f 6//9 19//14 18//41
f 7//31 23//30 22//42
f 13//36 17//38 24//43
f 17//44 21//45 25//46
f 5//29 20//35 49//47
f 10//25 26//48 15//26
f 16//24 26//49 10//20
f 17//44 25//46 33//50
f 7//31 22//42 27//51
f 19//14 14//32 28//52
f 5//29 29//53 23//30
f 21//45 30//54 25//46
f 14//28 13//27 31//55
f 24//56 17//44 33//50
f 26//48 32//57 15//26
f 14//28 31//55 36//58
f 13//36 24//43 31//59
f 19//14 28//52 18//41
f 21//40 15//37 32//57
f 14//60 36//61 28//62
f 34//63 38//64 37//65
f 35//66 25//67 39//68
f 37//69 40//70 34//71
f 35//72 39//73 42//74
f 25//75 35//76 33//77
f 35//76 41//78 33//77
f 29//79 44//79 23//79
f 38//80 45//81 37//82
f 44//83 47//84 23//85
f 40//86 50//87 34//88
f 43//89 48//90 46//91
f 5//29 49//47 29//53
f 25//67 30//92 39//68
f 45//93 51//94 43//89
f 41//95 35//72 42//74
f 40//86 59//96 50//87
f 41//95 42//74 56//97
f 43//98 58//99 48//100
f 42//101 57//102 53//103
f 38//64 34//63 55//104
f 38//105 67//106 45//107
f 43//98 54//108 58//99
f 43//89 51//94 54//109
f 45//93 67//110 51//94
f 43//89 46//91 45//93
f 11//18 18//39 52//111
f 31//59 24//43 60//112
f 37//82 45//81 61//113
f 23//30 47//114 22//42
f 37//69 61//115 40//70
f 53//103 50//87 59//96
f 44//116 29//53 49//47
f 53//103 57//117 50//87
f 55//118 34//88 62//119
f 52//120 20//35 11//34
f 39//73 70//121 42//74
f 34//88 50//87 62//119
f 42//101 53//103 56//122
f 47//123 64//124 22//125
f 21//45 69//126 30//54
f 46//91 48//90 63//127
f 26//48 77//128 32//57
f 20//35 71//129 49//47
f 21//40 32//57 65//130
f 51//94 67//110 68//131
f 61//132 45//133 66//134
f 57//117 62//135 50//87
f 42//101 70//136 57//102
f 46//91 66//137 45//93
f 26//49 16//24 77//138
f 9//13 72//139 12//19
f 18//39 74//140 52//111
f 22//141 75//141 27//141
f 44//116 49//47 76//142
f 39//68 30//92 69//143
f 9//17 7//16 72//144
f 58//145 54//145 80//145
f 38//105 55//146 67//106
f 22//147 64//147 75//147
f 49//148 71//149 73//150
f 57//117 70//151 78//152
f 73//150 76//153 49//148
f 67//110 79//154 68//131
f 40//86 86//155 59//96
f 53//103 59//96 83//156
f 54//157 95//158 80//159
f 39//68 69//143 81//160
f 65//161 69//126 21//45
f 68//131 54//109 51//94
f 47//123 82//162 64//124
f 24//56 33//50 60//163
f 18//41 28//52 74//164
f 39//73 81//165 70//121
f 53//103 83//156 56//122
f 48//90 84//166 63//127
f 60//163 33//50 87//167
f 16//15 12//23 85//168
f 77//169 16//170 85//171
f 74//164 28//52 93//172
f 48//100 80//173 84//174
f 64//175 82//176 90//177
f 59//96 86//155 83//156
f 46//91 63//127 66//137
f 73//178 88//179 76//142
f 48//100 58//99 80//173
f 72//139 91//180 12//19
f 44//116 76//142 89//181
f 55//118 62//119 113//182
f 41//78 87//183 33//77
f 20//35 108//184 71//129
f 47//84 44//83 82//185
f 40//186 61//186 92//186
f 55//187 79//154 67//110
f 28//62 36//61 93//188
f 73//150 71//149 94//189
f 79//154 96//190 68//131
f 36//58 31//55 99//191
f 44//192 89//193 82//194
f 92//195 86//155 40//86
f 41//95 56//97 105//196
f 62//197 103//198 113//199
f 12//23 91//200 85//168
f 31//59 60//112 99//201
f 97//202 102//203 101//204
f 98//205 104//206 100//207
f 56//122 83//156 105//208
f 57//117 78//152 62//135
f 73//209 94//210 88//211
f 62//212 78//213 103//214
f 104//206 98//205 106//215
f 97//216 101//216 109//216
f 102//203 97//202 100//217
f 41//218 110//219 87//220
f 100//207 97//221 98//205
f 75//222 107//223 27//224
f 102//225 111//226 101//227
f 55//228 113//228 79//228
f 75//222 64//229 124//230
f 41//95 105//196 110//231
f 78//232 70//121 81//165
f 101//233 111//234 112//235
f 106//236 98//236 121//236
f 68//131 119//237 54//109
f 61//238 118//239 92//240
f 100//241 114//242 102//225
f 98//243 115//244 121//245
f 71//149 108//246 94//189
f 86//155 120//247 83//156
f 104//206 106//215 129//248
f 36//61 123//249 93//188
f 52//120 133//250 20//35
f 104//251 129//251 117//251
f 75//222 124//230 107//223
f 64//252 90//252 125//252
f 84//174 80//173 132//253
f 64//254 125//254 124//254
f 100//207 104//206 122//255
f 111//226 102//225 114//242
f 111//234 114//242 137//256
f 63//127 84//257 126//258
f 112//235 116//259 101//233
f 97//260 109//260 98//260
f 81//160 69//143 128//261
f 27//51 145//262 7//31
f 105//196 83//156 120//247
f 36//58 99//191 123//263
f 104//264 127//264 122//264
f 101//265 116//266 109//267
f 61//268 131//268 118//268
f 108//184 141//269 94//270
f 68//131 130//271 119//237
f 61//132 66//134 131//272
f 68//131 96//190 130//273
f 63//127 126//258 66//137
f 32//57 77//128 65//130
f 104//274 117//274 127//274
f 66//137 126//258 131//275
f 100//241 122//276 114//242
f 112//277 136//277 116//277
f 88//179 135//278 76//142
f 85//171 138//279 77//169
f 98//243 109//280 115//244
f 60//163 87//167 134//281
f 88//211 94//210 135//282
f 79//154 140//283 96//190
f 72//144 7//16 144//284
f 106//215 142//285 129//248
f 79//286 113//286 140//286
f 27//224 107//223 145//287
f 60//163 134//281 151//288
f 54//157 119//237 195//289
f 108//184 20//35 143//290
f 60//112 151//291 99//201
f 78//213 81//292 147//293
f 92//195 148//294 86//155
f 86//155 148//295 120//247
f 89//181 76//142 135//278
f 111//234 137//256 112//235
f 106//215 121//296 142//285
f 114//242 158//297 137//256
f 114//242 122//276 153//298
f 80//159 139//299 132//300
f 117//301 156//302 127//303
f 127//304 153//298 122//276
f 94//210 155//305 135//282
f 87//220 110//219 134//306
f 95//158 54//157 152//307
f 84//308 154//309 126//258
f 65//161 161//310 69//126
f 20//35 133//250 143//290
f 103//214 78//213 147//293
f 124//311 125//312 150//313
f 109//267 116//266 157//314
f 84//174 132//253 154//315
f 141//269 108//184 143//290
f 114//242 153//298 158//297
f 116//316 136//316 163//316
f 54//157 195//289 152//307
f 112//235 137//256 149//317
f 153//318 159//319 158//320
f 128//261 69//143 161//321
f 91//200 162//322 85//168
f 85//323 162//324 138//325
f 158//320 159//319 164//326
f 118//239 165//327 92//240
f 116//328 163//329 146//330
f 112//331 160//331 136//331
f 116//332 146//333 157//334
f 144//335 7//31 170//336
f 164//337 159//338 172//339
f 182//340 143//290 133//250
f 166//341 169//342 167//343
f 94//344 171//345 155//346
f 80//159 95//158 139//299
f 112//235 149//317 160//347
f 109//267 157//314 115//348
f 159//338 168//349 172//339
f 167//343 169//342 175//350
f 167//343 173//351 166//341
f 166//352 174//353 169//354
f 95//355 152//355 167//355
f 129//356 178//357 117//301
f 113//358 179//359 140//360
f 115//244 177//361 121//245
f 173//362 167//362 152//362
f 110//231 105//196 180//363
f 117//301 178//357 156//302
f 166//352 183//364 174//353
f 52//111 74//140 181//365
f 52//111 188//366 133//367
f 164//337 172//339 204//368
f 167//369 175//369 95//369
f 94//344 141//370 171//345
f 172//371 174//372 183//373
f 172//371 168//374 174//372
f 177//375 184//376 121//377
f 181//365 188//366 52//111
f 178//357 129//356 210//378
f 110//379 187//380 134//381
f 92//195 165//382 148//294
f 128//261 190//383 81//160
f 74//164 199//384 181//385
f 110//386 180//387 187//388
f 156//389 197//390 127//304
f 96//190 186//391 130//273
f 81//292 190//392 147//293
f 145//262 107//393 185//394
f 115//395 157//395 177//395
f 172//396 183//397 204//398
f 74//164 93//172 199//384
f 166//341 173//351 191//399
f 159//319 153//318 192//400
f 166//352 191//399 183//364
f 7//31 145//262 170//336
f 160//401 149//317 194//402
f 65//130 77//128 193//403
f 143//290 176//404 141//405
f 189//406 162//322 91//200
f 137//256 158//297 198//407
f 138//279 200//408 77//169
f 105//196 120//247 180//363
f 93//188 123//249 199//409
f 152//307 195//289 173//410
f 82//176 214//411 90//177
f 157//334 146//333 196//412
f 127//304 203//413 153//298
f 143//290 182//340 201//414
f 143//290 201//414 176//404
f 107//223 124//230 213//415
f 159//338 192//416 168//349
f 158//320 164//326 198//417
f 118//418 131//418 165//418
f 129//419 142//419 210//419
f 82//194 89//193 206//420
f 149//317 137//256 208//421
f 136//422 160//423 202//424
f 65//161 193//425 161//310
f 90//426 214//426 125//426
f 169//354 174//353 207//427
f 142//285 121//296 205//428
f 121//377 184//376 205//429
f 95//430 175//431 139//432
f 144//335 170//336 212//433
f 127//304 197//390 203//413
f 107//393 213//434 185//394
f 179//435 113//436 209//437
f 120//247 148//295 180//363
f 168//374 207//438 174//372
f 200//439 193//403 77//128
f 182//340 211//440 201//414
f 150//313 125//312 214//441
f 136//422 202//424 163//442
f 141//443 218//444 171//445
f 198//446 164//447 216//448
f 82//176 206//449 214//411
f 173//351 195//450 219//451
f 211//440 176//452 201//414
f 210//453 142//285 205//428
f 170//336 145//262 185//394
f 164//337 204//368 216//454
f 156//455 215//456 197//457
f 178//458 215//456 156//455
f 153//459 203//460 192//461
f 130//271 186//462 221//463
f 126//258 223//464 131//275
f 130//271 221//463 119//237
f 170//465 224//466 212//467
f 113//199 103//198 209//468
f 137//256 198//407 208//469
f 178//470 210//471 220//472
f 170//465 217//473 224//466
f 217//474 170//336 185//394
f 147//293 225//475 103//214
f 211//476 182//476 229//476
f 178//477 220//478 215//456
f 160//401 226//479 202//480
f 89//181 135//278 227//481
f 155//305 227//482 135//282
f 103//198 225//483 209//468
f 131//275 223//464 228//484
f 177//485 157//486 275//487
f 149//317 208//421 194//402
f 182//340 230//488 229//489
f 176//490 222//490 141//490
f 191//399 234//491 183//364
f 123//249 232//492 199//409
f 72//139 189//493 91//180
f 190//383 128//261 231//494
f 128//261 161//321 231//495
f 229//496 230//497 235//498
f 216//454 204//368 233//499
f 212//500 224//501 245//502
f 173//351 219//451 191//399
f 146//330 163//329 237//503
f 183//397 233//504 204//398
f 211//440 222//505 176//452
f 124//230 150//506 213//415
f 141//507 222//508 218//444
f 123//263 99//191 232//509
f 175//350 169//342 243//510
f 89//193 238//511 206//420
f 165//512 131//512 242//512
f 132//300 139//299 282//513
f 146//514 237//503 196//515
f 183//516 234//516 233//516
f 169//354 207//427 243//510
f 72//139 239//517 189//493
f 147//293 190//392 236//518
f 192//416 241//519 168//349
f 210//520 205//520 249//520
f 168//374 241//521 207//438
f 211//440 246//522 222//505
f 161//310 193//425 251//523
f 160//401 194//402 226//479
f 140//283 248//524 96//190
f 243//510 250//525 175//350
f 217//526 244//527 224//528
f 147//293 236//518 225//475
f 184//529 240//530 205//531
f 217//474 185//394 213//532
f 154//309 223//464 126//258
f 177//485 275//487 184//533
f 140//360 179//359 248//534
f 244//527 262//535 224//528
f 202//536 226//537 252//538
f 226//537 194//539 252//538
f 197//457 215//456 247//540
f 244//541 217//474 213//532
f 212//433 245//542 253//543
f 182//340 133//250 230//488
f 224//501 258//544 245//502
f 175//431 250//545 139//432
f 96//190 256//546 186//391
f 96//190 248//524 256//547
f 211//548 229//548 261//548
f 229//496 235//498 260//549
f 194//550 259//551 263//552
f 99//201 151//291 264//553
f 252//554 194//554 263//554
f 191//399 219//451 234//491
f 202//536 266//555 163//556
f 231//557 161//558 251//559
f 151//291 257//560 264//553
f 99//191 264//561 232//509
f 212//433 267//562 144//335
f 212//433 253//543 254//563
f 220//478 270//564 215//456
f 131//275 228//484 242//565
f 163//329 266//566 237//503
f 211//567 261//567 246//567
f 210//471 249//568 220//472
f 192//461 203//460 268//569
f 214//441 338//570 150//313
f 180//363 148//295 271//571
f 144//284 267//572 72//144
f 215//456 270//564 255//573
f 138//279 265//574 200//408
f 138//325 162//324 265//575
f 157//334 196//412 272//576
f 192//416 268//577 241//519
f 259//578 273//579 263//580
f 139//581 250//525 282//513
f 151//288 134//281 257//582
f 72//144 267//572 239//583
f 224//584 262//585 258//586
f 247//540 215//456 255//573
f 220//478 249//587 274//588
f 202//536 252//538 266//555
f 89//181 227//481 238//511
f 220//478 274//588 270//564
f 269//589 180//590 271//591
f 208//469 259//551 194//550
f 214//411 277//592 338//593
f 157//486 272//594 275//487
f 203//413 197//390 247//595
f 270//564 274//588 278//596
f 229//496 260//549 261//597
f 252//598 263//599 280//600
f 181//365 281//601 188//366
f 270//602 278//602 279//602
f 212//433 254//563 267//562
f 195//289 119//237 299//603
f 205//604 240//530 249//605
f 247//540 255//573 286//606
f 179//435 209//437 285//607
f 273//579 280//608 263//580
f 179//359 285//609 248//534
f 171//445 218//444 290//610
f 208//469 284//611 259//551
f 213//612 150//613 287//614
f 171//445 290//610 155//615
f 181//385 199//384 281//616
f 198//407 291//617 208//469
f 214//411 206//449 277//592
f 162//618 288//618 265//618
f 198//446 216//448 291//619
f 235//498 292//620 260//549
f 208//469 291//617 284//611
f 247//595 286//621 203//413
f 259//622 276//622 273//622
f 255//623 279//624 283//625
f 255//623 283//625 286//626
f 266//566 252//627 294//628
f 184//533 275//487 289//629
f 207//438 241//521 296//630
f 230//488 133//250 293//631
f 184//529 289//632 240//530
f 235//498 230//633 292//620
f 270//634 279//624 255//623
f 189//406 288//635 162//322
f 262//535 244//527 302//636
f 219//637 195//637 297//637
f 196//515 237//503 301//638
f 234//491 219//451 297//639
f 154//315 132//253 304//640
f 252//598 280//600 294//641
f 244//541 213//532 287//642
f 195//643 299//603 297//644
f 280//608 273//579 306//645
f 249//605 240//530 300//646
f 196//647 301//648 303//649
f 207//427 296//650 243//510
f 286//621 309//651 203//413
f 272//594 196//652 303//653
f 259//654 284//655 327//656
f 188//657 281//658 298//659
f 186//391 256//546 310//660
f 132//300 282//513 321//661
f 268//569 203//460 309//662
f 259//663 327//663 276//663
f 257//582 134//281 313//664
f 228//665 311//666 242//667
f 309//668 286//669 295//670
f 223//464 335//671 228//484
f 305//672 315//672 274//672
f 245//673 308//673 253//673
f 272//594 303//653 275//487
f 155//305 290//674 227//482
f 249//605 307//675 274//676
f 246//522 314//677 222//505
f 187//388 180//387 269//678
f 221//463 299//603 119//237
f 186//462 310//679 221//463
f 242//680 326//681 165//682
f 154//309 304//683 223//464
f 134//381 187//380 313//684
f 244//685 287//686 316//687
f 305//688 274//689 307//690
f 216//691 317//692 291//693
f 216//454 233//499 317//694
f 286//695 283//696 295//670
f 260//697 292//698 320//699
f 250//525 243//510 321//661
f 253//543 312//700 254//563
f 258//586 262//585 319//701
f 188//366 298//702 318//703
f 233//704 234//704 324//704
f 261//597 260//549 325//705
f 262//585 302//706 319//701
f 258//707 319//708 322//709
f 245//710 258//710 308//710
f 218//444 323//711 290//610
f 200//439 328//712 193//403
f 133//367 188//366 318//703
f 243//510 296//650 321//661
f 193//425 328//713 251//523
f 233//499 324//714 317//694
f 291//715 330//716 284//717
f 241//519 268//577 331//718
f 246//719 261//719 329//719
f 234//720 333//721 324//722
f 165//382 326//723 148//294
f 338//724 287//614 150//613
f 291//693 317//692 330//725
f 305//726 337//726 315//726
f 249//605 300//646 307//675
f 294//641 280//600 334//727
f 274//728 315//729 278//730
f 321//661 304//731 132//300
f 246//732 329//732 314//732
f 218//444 222//508 323//711
f 253//733 308//734 312//735
f 244//736 316//737 302//738
f 223//464 304//731 335//671
f 230//633 293//631 292//620
f 294//628 336//739 266//566
f 241//521 331//740 296//630
f 231//494 339//741 190//383
f 314//677 323//742 222//505
f 273//743 276//743 332//743
f 336//744 294//745 334//746
f 190//392 339//747 236//518
f 261//597 325//705 329//748
f 273//749 332//749 306//749
f 284//655 359//750 327//656
f 290//751 340//751 227//751
f 250//525 321//661 282//513
f 326//723 346//752 148//294
f 266//566 336//739 237//503
f 187//753 341//754 313//755
f 297//639 333//756 234//491
f 269//757 341//758 187//759
f 200//439 342//760 328//712
f 200//408 265//574 342//761
f 280//600 350//762 334//727
f 338//763 343//764 287//686
f 236//518 344//765 225//475
f 225//483 344//766 209//468
f 284//717 330//716 359//767
f 199//384 345//768 281//616
f 345//769 199//409 232//492
f 271//571 148//295 346//770
f 280//771 306//771 350//771
f 276//772 327//772 362//772
f 238//511 227//481 340//773
f 256//547 248//524 349//774
f 275//775 355//775 289//775
f 293//631 133//250 318//776
f 300//646 366//777 307//675
f 278//778 352//779 279//780
f 238//511 347//781 206//420
f 260//782 351//782 325//782
f 275//783 303//649 355//784
f 256//547 349//774 310//785
f 305//688 307//690 366//786
f 240//530 289//632 300//646
f 290//787 353//787 340//787
f 260//697 320//699 351//788
f 232//509 264//561 354//789
f 308//790 258//791 356//792
f 271//591 357//793 269//589
f 258//707 322//709 356//794
f 303//649 301//648 348//795
f 237//503 336//739 301//638
f 271//571 346//770 357//793
f 264//553 257//560 354//796
f 248//524 358//797 349//774
f 299//603 381//798 297//644
f 287//686 343//764 316//687
f 302//706 374//799 319//701
f 268//577 360//800 331//718
f 268//569 309//662 360//801
f 297//639 361//802 333//756
f 311//803 326//681 242//680
f 363//804 338//763 277//805
f 297//806 381//807 361//808
f 248//534 285//609 358//809
f 303//649 348//795 355//784
f 350//762 367//810 334//727
f 347//781 369//811 206//420
f 238//511 340//773 347//781
f 221//463 364//812 299//603
f 279//624 365//813 283//625
f 361//802 368//814 333//756
f 289//815 355//816 370//817
f 236//518 339//818 375//819
f 305//688 366//786 337//820
f 344//766 372//821 209//468
f 321//661 296//650 373//822
f 316//737 374//823 302//738
f 236//518 375//819 344//765
f 304//731 321//661 371//824
f 285//825 209//825 372//825
f 366//777 300//646 289//826
f 278//730 315//729 352//827
f 319//701 374//799 379//828
f 315//829 337//830 377//831
f 336//744 334//746 301//832
f 335//671 378//833 228//484
f 310//679 364//812 221//463
f 288//635 189//406 380//834
f 376//835 374//836 316//837
f 290//838 323//838 353//838
f 318//776 386//839 293//631
f 277//592 206//449 363//840
f 283//696 365//841 295//670
f 265//842 288//842 382//842
f 362//843 332//844 276//845
f 380//846 189//493 239//517
f 279//780 352//779 365//847
f 299//603 364//812 381//798
f 319//848 379//849 387//850
f 285//851 372//852 358//853
f 289//815 370//817 366//854
f 320//699 292//698 383//855
f 228//665 378//856 311//666
f 324//722 333//721 385//857
f 322//858 319//858 387//858
f 353//859 410//860 340//861
f 335//671 304//731 384//862
f 329//863 391//863 314//863
f 265//574 390//864 342//761
f 380//834 382//865 288//635
f 314//677 388//866 323//742
f 325//867 351//868 389//869
f 330//725 317//692 392//870
f 314//871 391//871 388//871
f 206//449 369//872 363//840
f 265//873 382//874 390//875
f 296//876 394//877 373//878
f 333//721 395//879 385//857
f 257//582 313//664 401//880
f 328//713 398//881 251//523
f 293//631 386//839 292//620
f 368//814 395//879 333//756
f 313//755 341//754 401//882
f 331//718 360//800 397//883
f 320//884 383//885 396//886
f 254//563 400//887 267//562
f 231//557 251//559 398//888
f 312//700 400//889 254//563
f 231//557 398//888 399//890
f 334//891 367//891 301//891
f 281//616 345//768 393//892
f 321//661 373//822 371//824
f 316//687 343//764 376//893
f 317//694 324//714 385//894
f 317//694 385//894 392//895
f 331//740 397//896 296//630
f 231//494 399//897 339//741
f 320//898 396//899 351//900
f 322//709 387//901 356//794
f 350//902 306//902 405//902
f 366//786 403//903 337//820
f 269//589 357//793 402//904
f 296//876 404//905 394//877
f 323//742 388//866 353//906
f 378//833 335//671 414//907
f 348//908 301//909 421//910
f 308//790 356//792 406//911
f 400//912 312//913 408//914
f 329//748 325//705 391//915
f 295//670 407//916 309//668
f 340//861 410//860 347//917
f 295//670 365//841 407//916
f 332//918 405//918 306//918
f 338//763 363//804 343//764
f 349//919 413//919 310//919
f 359//767 330//716 415//920
f 341//758 269//757 402//921
f 391//922 325//923 411//924
f 296//925 397//926 404//927
f 325//867 389//869 411//928
f 335//671 384//862 414//907
f 332//844 362//843 427//929
f 381//798 364//812 412//930
f 374//836 376//835 418//931
f 304//731 371//824 384//862
f 377//831 337//830 419//932
f 348//795 420//933 355//784
f 308//734 408//934 312//735
f 327//935 409//936 362//937
f 301//938 367//938 421//938
f 393//939 298//659 281//658
f 367//810 350//762 405//940
f 387//850 424//941 356//942
f 330//943 392//944 415//945
f 310//679 413//946 364//812
f 311//947 378//948 422//949
f 387//850 379//849 423//950
f 373//878 394//877 417//951
f 366//952 370//952 403//952
f 358//797 413//953 349//774
f 355//954 420//954 370//954
f 326//681 311//803 422//955
f 407//916 429//956 309//668
f 292//620 386//839 425//957
f 374//799 418//958 379//828
f 315//829 377//831 426//959
f 359//750 409//960 327//656
f 376//835 428//961 418//931
f 376//962 343//963 428//964
f 292//698 425//965 383//855
f 380//846 239//517 430//966
f 315//729 426//967 352//827
f 298//702 433//968 318//703
f 309//662 429//969 360//801
f 308//970 441//971 408//972
f 352//973 434//973 365//973
f 341//754 435//974 401//882
f 389//975 351//976 457//977
f 365//978 432//979 407//980
f 362//937 409//936 427//981
f 413//946 431//982 364//812
f 365//978 434//983 432//979
f 298//984 393//985 433//986
f 232//492 437//987 345//769
f 388//866 438//988 353//906
f 239//583 267//572 430//989
f 308//990 406//990 441//990
f 341//991 402//992 435//993
f 332//994 427//994 443//994
f 332//995 443//995 405//995
f 370//996 436//997 403//998
f 375//819 439//999 344//765
f 358//797 445//1000 413//953
f 232//509 354//789 437//1001
f 372//852 416//1002 358//853
f 339//741 399//897 444//1003
f 370//996 420//1004 436//997
f 357//793 346//770 440//1005
f 337//1006 403//1006 419//1006
f 359//1007 446//1007 409//1007
f 339//818 444//1008 375//819
f 356//1009 424//1009 406//1009
f 359//767 415//920 446//1010
f 348//908 421//910 420//1011
f 402//904 357//793 440//1005
f 257//560 448//1012 354//796
f 361//802 449//1013 368//814
f 343//764 363//804 450//1014
f 347//917 410//860 447//1015
f 373//878 417//951 371//1016
f 343//963 450//1017 428//964
f 361//808 381//807 449//1018
f 342//760 451//1019 328//712
f 257//582 401//880 448//1020
f 398//888 452//1021 399//890
f 398//881 328//713 452//1022
f 381//1023 412//1023 449//1023
f 418//958 454//1024 379//828
f 388//1025 391//1025 438//1025
f 390//864 451//1026 342//761
f 328//712 451//1019 456//1027
f 367//810 405//940 442//1028
f 375//819 444//1029 439//999
f 407//916 455//1030 429//956
f 432//1031 455//1030 407//916
f 377//1032 419//1032 426//1032
f 364//812 431//982 412//930
f 438//1033 391//1033 460//1033
f 367//810 442//1028 421//1034
f 428//1035 454//1024 418//958
f 352//1036 426//1036 459//1036
f 403//1037 453//1038 419//1039
f 410//860 353//859 463//1040
f 351//900 396//899 457//1041
f 411//924 460//1042 391//922
f 345//768 470//1043 393//892
f 411//928 389//869 462//1044
f 346//752 326//723 467//1045
f 353//906 438//988 463//1046
f 328//713 456//1047 452//1022
f 318//703 433//968 473//1048
f 441//971 466//1049 408//972
f 383//885 461//1050 396//886
f 436//1051 420//1052 464//1053
f 385//894 468//1054 392//895
f 434//1055 352//1055 459//1055
f 346//770 467//1045 440//1005
f 392//944 468//1056 415//945
f 389//975 457//977 462//1057
f 369//872 469//1058 363//840
f 414//907 465//1059 378//833
f 383//855 425//965 461//1060
f 394//877 472//1061 417//951
f 345//769 437//987 470//1062
f 379//849 458//1063 423//950
f 404//905 478//1064 394//877
f 344//766 471//1065 372//821
f 369//811 347//781 469//1066
f 457//1067 396//1068 480//1069
f 423//950 424//941 387//850
f 372//821 471//1065 475//1070
f 424//1071 507//1072 406//1073
f 403//1037 436//1074 453//1038
f 427//1075 477//1076 443//1077
f 441//1078 406//1073 474//1079
f 417//1080 472//1080 371//1080
f 442//1081 405//1081 481//1081
f 421//1082 479//1083 420//1084
f 469//1085 347//1085 447//1085
f 368//814 482//1086 395//879
f 379//828 454//1024 458//1087
f 344//765 439//999 471//1088
f 368//814 449//1013 482//1089
f 428//1090 450//1090 454//1090
f 318//776 473//1048 515//1091
f 426//1092 419//1093 488//1094
f 382//865 380//834 486//1095
f 410//1096 463//1096 447//1096
f 404//927 397//926 478//1097
f 372//1098 475//1099 416//1100
f 363//1101 469//1102 450//1103
f 386//839 318//776 476//1104
f 434//1105 484//1105 432//1105
f 425//1106 386//839 476//1104
f 318//776 515//1091 476//1104
f 503//1107 1000//1108 598//1109
f 408//914 466//1110 400//912
f 449//1013 485//1111 482//1089
f 360//1112 429//1113 489//1114
f 598//1109 491//1115 503//1107
f 413//1116 483//1117 431//982
f 450//1103 493//1118 454//1119
f 360//800 489//1120 397//883
f 598//1109 546//1121 447//1122
f 438//1123 460//1123 491//1123
f 438//1124 491//1115 463//1125
f 546//1121 493//1118 450//1103
f 450//1103 447//1122 546//1121
f 427//1126 409//1126 501//1126
f 397//926 496//1127 478//1097
f 491//1115 598//1109 447//1122
f 411//1128 462//1128 460//1128
f 326//1129 422//1129 505//1129
f 423//1130 458//1131 495//1132
f 422//949 378//948 490//1133
f 397//1134 489//1135 496//1136
f 416//1137 500//1137 358//1137
f 453//1138 436//1139 497//1140
f 459//1141 494//1142 434//1143
f 405//1144 492//1144 481//1144
f 564//1145 1000//1108 503//1107
f 424//1146 423//1146 498//1146
f 434//1147 494//1142 484//1148
f 402//904 440//1005 577//1149
f 424//1071 498//1150 507//1072
f 378//833 465//1059 490//1151
f 402//992 577//1152 435//993
f 455//1030 432//1031 484//1153
f 539//1154 564//1145 503//1107
f 358//797 500//1155 445//1000
f 446//1010 501//1156 409//1157
f 394//877 478//1064 472//1061
f 420//1052 487//1158 464//1053
f 406//1073 507//1072 474//1079
f 380//846 430//966 486//1159
f 443//1077 492//1160 405//1161
f 442//1162 481//1163 504//1164
f 412//930 431//982 506//1165
f 423//1130 495//1132 498//1166
f 416//1100 475//1099 500//1167
f 493//1118 508//1168 454//1169
f 396//1068 461//1170 480//1069
f 449//1171 412//1171 485//1171
f 488//1172 459//1141 426//1173
f 420//1174 479//1174 487//1174
f 393//985 502//1175 433//986
f 491//1115 460//1176 503//1107
f 390//864 513//1177 451//1026
f 400//887 509//1178 267//562
f 385//894 511//1179 468//1054
f 385//857 395//879 511//1180
f 395//879 482//1086 511//1180
f 421//1181 442//1162 512//1182
f 443//1077 477//1076 492//1160
f 400//912 466//1110 509//1183
f 393//892 470//1043 502//1184
f 414//907 384//862 465//1059
f 454//1024 508//1185 458//1087
f 390//875 382//874 513//1186
f 413//953 445//1000 483//1187
f 509//1178 514//1188 267//562
f 441//1189 474//1189 466//1189
f 419//1093 453//1190 488//1094
f 425//1106 476//1104 461//1191
f 460//1192 462//1192 503//1192
f 477//1193 427//1193 501//1193
f 371//1194 472//1194 499//1194
f 326//723 505//1195 467//1045
f 457//1196 480//1196 462//1196
f 442//1162 504//1164 512//1182
f 437//1001 354//789 525//1197
f 267//562 514//1188 510//1198
f 455//1030 534//1199 429//956
f 503//1200 462//1200 522//1200
f 430//1201 267//1202 510//1203
f 466//1110 474//1204 517//1205
f 461//1206 476//1104 516//1207
f 507//1208 498//1209 518//1210
f 462//1211 480//1212 521//1213
f 459//1141 520//1214 494//1142
f 494//1142 520//1214 484//1148
f 462//1215 524//1216 522//1217
f 476//1104 515//1091 516//1207
f 514//1218 509//1218 517//1218
f 509//1183 466//1110 517//1205
f 474//1204 519//1219 517//1205
f 474//1204 507//1208 519//1219
f 507//1208 518//1210 519//1219
f 461//1206 516//1207 523//1220
f 521//1213 480//1212 461//1221
f 459//1141 488//1172 520//1214
f 462//1215 521//1222 524//1216
f 461//1206 523//1220 521//1223
f 354//796 448//1012 525//1224
f 399//897 526//1225 444//1003
f 479//1083 421//1082 512//1226
f 484//1153 531//1227 455//1030
f 501//1156 446//1010 541//1228
f 520//1229 488//1230 530//1231
f 477//1076 535//1232 492//1160
f 477//1233 548//1234 535//1235
f 524//1236 542//1236 522//1236
f 508//1237 537//1237 458//1237
f 484//1238 520//1229 530//1231
f 422//1239 490//1240 505//1241
f 452//1021 526//1242 399//890
f 498//1209 533//1243 518//1210
f 371//824 499//1244 384//862
f 514//1245 517//1246 549//1247
f 522//1248 539//1154 503//1107
f 492//1160 535//1232 527//1249
f 458//1250 537//1251 495//1252
f 493//1118 546//1121 508//1168
f 516//1253 515//1253 543//1253
f 495//1252 540//1254 498//1255
f 515//1091 473//1048 543//1256
f 479//1257 512//1258 528//1259
f 516//1260 532//1261 523//1262
f 519//1263 518//1264 545//1265
f 477//1266 501//1266 548//1266
f 498//1209 540//1267 533//1243
f 519//1219 545//1268 517//1205
f 522//1269 542//1269 539//1269
f 446//1010 415//920 541//1228
f 516//1260 543//1270 532//1261
f 488//1094 529//1271 530//1272
f 508//1273 546//1273 537//1273
f 495//1252 537//1251 540//1254
f 521//1274 538//1275 524//1276
f 521//1223 523//1220 544//1277
f 455//1030 531//1278 534//1199
f 524//1276 538//1275 542//1279
f 492//1280 527//1281 504//1282
f 547//1283 544//1284 523//1285
f 501//1286 541//1287 548//1288
f 484//1153 530//1272 531//1227
f 453//1190 529//1271 488//1094
f 521//1223 544//1277 538//1289
f 518//1264 533//1290 545//1265
f 517//1246 545//1291 549//1247
f 453//1292 536//1293 529//1294
f 523//1285 532//1295 547//1283
f 492//1296 504//1164 481//1163
f 433//968 550//1297 473//1048
f 532//1261 543//1270 547//1298
f 538//1289 551//1299 542//1300
f 537//1301 555//1301 540//1301
f 538//1289 552//1302 551//1299
f 543//1256 556//1303 547//1304
f 545//1305 558//1306 549//1307
f 542//1308 551//1308 539//1308
f 544//1277 547//1304 557//1309
f 544//1277 552//1302 538//1289
f 547//1304 556//1303 553//1310
f 553//1310 557//1309 547//1304
f 558//1311 545//1312 554//1313
f 544//1277 557//1309 552//1302
f 533//1314 540//1315 559//1316
f 546//1317 555//1318 537//1319
f 533//1314 559//1316 545//1320
f 549//1307 558//1306 561//1321
f 543//1256 560//1322 556//1303
f 554//1313 545//1312 559//1323
f 514//1188 549//1324 561//1325
f 530//1272 529//1271 562//1326
f 530//1272 562//1326 531//1227
f 554//1327 567//1328 558//1329
f 548//1234 578//1330 535//1235
f 555//1318 546//1317 571//1331
f 534//1332 531//1332 568//1332
f 528//1259 487//1333 479//1257
f 415//945 468//1056 573//1334
f 514//1188 561//1325 510//1198
f 531//1335 562//1336 583//1337
f 546//1338 572//1339 571//1331
f 453//1340 575//1340 536//1340
f 556//1303 569//1341 553//1342
f 531//1343 583//1343 592//1343
f 472//1344 574//1344 499//1344
f 415//1345 573//1346 541//1287
f 543//1256 473//1048 560//1322
f 465//1347 384//862 563//1348
f 433//986 502//1175 550//1349
f 527//1281 535//1350 579//1351
f 562//1352 529//1352 570//1352
f 534//1199 565//1353 429//956
f 401//882 435//974 582//1354
f 453//1138 497//1140 575//1355
f 496//1136 489//1135 580//1356
f 384//862 499//1244 563//1348
f 412//1357 653//1357 485//1357
f 539//1154 551//1358 581//1359
f 527//1281 566//1360 504//1282
f 535//1235 578//1330 584//1361
f 412//930 506//1165 653//1362
f 536//1293 576//1363 529//1294
f 562//1336 570//1364 583//1337
f 529//1365 576//1365 570//1365
f 429//956 565//1353 585//1366
f 439//999 593//1367 471//1088
f 559//1316 540//1315 586//1368
f 485//1369 653//1369 588//1369
f 552//1302 557//1309 587//1370
f 565//1353 534//1199 568//1371
f 546//1121 598//1109 572//1372
f 436//1051 464//1053 497//1373
f 439//999 444//1374 593//1367
f 540//1375 595//1376 586//1377
f 558//1329 567//1328 561//1378
f 539//1154 581//1359 564//1145
f 572//1379 590//1379 600//1379
f 401//880 582//1380 448//1020
f 478//1097 496//1127 580//1381
f 382//874 594//1382 513//1186
f 470//1043 599//1383 502//1184
f 429//1113 585//1384 489//1114
f 541//1287 601//1385 548//1288
f 531//1386 592//1387 568//1388
f 541//1287 573//1346 601//1385
f 536//1293 575//1389 576//1363
f 555//1390 620//1390 540//1390
f 552//1302 587//1391 551//1299
f 482//1089 485//1111 597//1392
f 557//1393 553//1393 591//1393
f 483//1187 445//1000 621//1394
f 564//1395 581//1396 596//1397
f 591//1398 587//1370 557//1309
f 431//982 483//1117 506//1165
f 504//1164 605//1399 512//1182
f 590//1400 598//1401 604//1402
f 487//1403 603//1403 464//1403
f 590//1400 604//1402 602//1404
f 548//1288 601//1385 607//1405
f 382//865 486//1095 594//1406
f 464//1407 618//1408 497//1409
f 528//1410 611//1411 487//1412
f 437//987 609//1413 470//1062
f 435//1414 616//1415 582//1416
f 482//1417 612//1418 511//1419
f 478//1064 614//1420 472//1061
f 535//1235 584//1361 579//1421
f 602//1422 600//1422 590//1422
f 490//1151 465//1059 615//1423
f 598//1109 1000//1108 608//1424
f 482//1425 597//1392 612//1426
f 554//1313 559//1323 613//1427
f 451//1019 617//1428 456//1027
f 435//993 577//1152 616//1429
f 504//1430 566//1430 605//1430
f 451//1026 513//1177 617//1431
f 527//1281 579//1351 566//1360
f 551//1358 636//1432 581//1359
f 437//1001 525//1197 609//1433
f 571//1331 572//1339 610//1434
f 564//1435 596//1435 589//1435
f 485//1111 588//1436 597//1392
f 603//1437 487//1412 611//1411
f 472//1061 614//1420 574//1438
f 572//1439 600//1439 610//1439
f 445//1440 500//1440 621//1440
f 576//1441 575//1441 632//1441
f 490//1240 615//1442 505//1241
f 559//1323 586//1443 613//1427
f 563//1348 623//1444 465//1059
f 440//1005 622//1445 577//1149
f 471//1088 624//1446 625//1447
f 471//1065 625//1448 475//1070
f 598//1449 608//1450 604//1402
f 577//1152 631//1451 616//1429
f 553//1342 569//1341 591//1452
f 1000//1108 589//1453 619//1454
f 440//1005 467//1045 622//1445
f 555//1318 571//1331 620//1455
f 506//1165 483//1456 628//1457
f 464//1458 603//1459 618//1460
f 1000//1461 619//1461 626//1461
f 497//1140 643//1462 575//1355
f 483//1187 627//1463 628//1464
f 540//1375 620//1465 595//1376
f 502//1175 599//1466 550//1349
f 589//1467 596//1467 629//1467
f 497//1409 618//1408 643//1468
f 589//1469 629//1469 619//1469
f 630//1470 512//1182 605//1399
f 560//1322 569//1341 556//1303
f 471//1088 593//1367 624//1446
f 581//1396 636//1471 596//1397
f 1000//1472 626//1473 642//1474
f 578//1330 548//1234 607//1475
f 554//1327 613//1476 606//1477
f 512//1478 630//1478 528//1478
f 444//1374 633//1479 593//1367
f 632//1480 575//1355 643//1462
f 505//1195 652//1481 467//1045
f 576//1482 634//1482 570//1482
f 554//1327 606//1477 567//1328
f 444//1003 526//1225 633//1483
f 475//1099 625//1484 500//1167
f 448//1012 635//1485 525//1224
f 584//1486 578//1487 637//1488
f 578//1487 607//1405 637//1488
f 619//1489 629//1490 638//1491
f 574//1492 640//1492 499//1492
f 448//1020 582//1380 635//1493
f 430//1201 510//1203 641//1494
f 571//1331 610//1434 620//1455
f 430//966 641//1495 486//1159
f 576//1496 632//1496 634//1496
f 505//1497 615//1498 639//1499
f 610//1500 600//1500 644//1500
f 1000//1108 642//1501 608//1424
f 602//1502 646//1503 600//1504
f 569//1341 648//1505 591//1452
f 478//1097 580//1381 645//1506
f 646//1503 644//1507 600//1504
f 528//1410 630//1508 611//1411
f 614//1420 478//1064 645//1509
f 551//1358 587//1510 636//1432
f 525//1197 649//1511 609//1433
f 525//1512 635//1513 649//1514
f 606//1515 655//1515 567//1515
f 611//1516 650//1517 603//1459
f 587//1510 591//1452 651//1518
f 560//1322 473//1048 647//1519
f 505//1520 639//1520 652//1520
f 560//1521 647//1521 569//1521
f 499//1244 640//1522 563//1348
f 592//1387 659//1523 568//1388
f 652//1481 656//1524 467//1045
f 604//1402 654//1525 602//1404
f 570//1364 658//1526 583//1337
f 483//1187 621//1394 627//1463
f 452//1021 671//1527 526//1242
f 615//1423 465//1059 623//1444
f 583//1528 659//1528 592//1528
f 452//1022 456//1047 671//1529
f 511//1179 661//1530 468//1054
f 602//1531 654//1531 646//1531
f 577//1152 660//1532 631//1451
f 614//1420 640//1533 574//1438
f 563//1348 640//1522 682//1534
f 580//1356 489//1135 662//1535
f 585//1384 662//1536 489//1114
f 468//1056 661//1537 573//1334
f 577//1149 622//1445 660//1538
f 567//1328 666//1539 561//1378
f 566//1540 657//1540 605//1540
f 579//1541 657//1541 566//1541
f 473//1048 664//1542 647//1519
f 619//1489 638//1491 626//1543
f 561//1325 663//1544 510//1198
f 456//1027 617//1428 669//1545
f 671//1529 456//1047 669//1546
f 606//1547 613//1427 674//1548
f 656//1524 622//1445 467//1045
f 500//1549 625//1550 621//1551
f 570//1552 634//1553 658//1554
f 596//1555 670//1555 629//1555
f 593//1556 633//1557 667//1558
f 666//1559 663//1544 561//1325
f 513//1177 672//1560 617//1431
f 609//1561 668//1562 470//1563
f 565//1353 568//1371 665//1564
f 638//1491 629//1490 670//1565
f 565//1353 665//1566 585//1366
f 569//1341 647//1567 648//1505
f 603//1459 650//1517 618//1460
f 601//1385 673//1568 680//1569
f 643//1570 679//1571 632//1572
f 611//1573 630//1574 675//1575
f 513//1186 594//1382 672//1576
f 601//1385 680//1569 607//1405
f 605//1577 677//1577 630//1577
f 653//1578 678//1578 588//1578
f 567//1579 655//1580 666//1581
f 604//1402 608//1450 654//1525
f 506//1165 690//1582 653//1362
f 470//1043 668//1583 599//1383
f 573//1346 673//1584 601//1385
f 606//1547 674//1548 655//1585
f 591//1452 648//1505 685//1586
f 586//1377 595//1376 674//1587
f 596//1397 636//1471 681//1588
f 607//1405 680//1569 637//1488
f 511//1419 612//1418 683//1589
f 587//1510 651//1518 636//1432
f 511//1179 683//1590 661//1530
f 586//1443 674//1548 613//1427
f 583//1591 658//1591 659//1591
f 671//1527 686//1592 526//1242
f 596//1593 681//1594 670//1595
f 510//1203 663//1596 641//1494
f 618//1597 688//1598 643//1599
f 610//1600 644//1600 689//1600
f 526//1225 686//1601 633//1483
f 635//1493 582//1380 691//1602
f 612//1426 597//1392 692//1603
f 640//1522 684//1604 682//1534
f 612//1418 692//1605 683//1589
f 646//1503 694//1606 644//1507
f 473//1048 550//1297 664//1542
f 627//1463 676//1607 628//1464
f 657//1608 677//1608 605//1608
f 643//1599 708//1609 679//1610
f 616//1415 691//1611 582//1416
f 588//1436 695//1612 597//1392
f 579//1613 696//1613 657//1613
f 694//1614 646//1615 693//1616
f 677//1617 675//1618 630//1619
f 627//1463 621//1394 676//1607
f 588//1620 678//1620 695//1620
f 614//1621 697//1622 640//1623
f 486//1159 641//1495 700//1624
f 573//1625 661//1626 699//1627
f 623//1444 563//1348 732//1628
f 610//1629 689//1630 698//1631
f 610//1434 698//1632 620//1455
f 563//1348 682//1534 732//1628
f 650//1633 611//1573 705//1634
f 573//1346 699//1635 673//1584
f 637//1488 702//1636 584//1486
f 593//1556 667//1558 701//1637
f 584//1638 702//1639 696//1640
f 591//1452 685//1586 651//1518
f 695//1612 692//1603 597//1392
f 593//1367 701//1637 624//1446
f 585//1641 703//1642 662//1643
f 625//1550 706//1644 621//1551
f 580//1381 707//1645 645//1506
f 579//1421 584//1361 696//1646
f 632//1572 704//1647 634//1648
f 665//1649 568//1650 709//1651
f 668//1652 723//1653 599//1654
f 595//1376 620//1465 717//1655
f 585//1366 665//1566 703//1656
f 632//1572 679//1571 704//1647
f 486//1095 700//1657 594//1406
f 580//1356 662//1535 707//1658
f 638//1659 687//1660 711//1661
f 653//1362 690//1582 678//1662
f 637//1663 680//1664 710//1665
f 624//1446 713//1666 625//1447
f 694//1606 689//1667 644//1507
f 633//1557 714//1668 667//1558
f 568//1388 659//1523 709//1669
f 620//1670 698//1671 717//1655
f 633//1483 686//1601 714//1672
f 648//1505 715//1673 685//1586
f 643//1599 688//1598 708//1609
f 658//1554 634//1553 704//1674
f 645//1509 718//1675 614//1420
f 618//1676 650//1677 725//1678
f 595//1376 717//1655 674//1548
f 614//1621 718//1679 697//1622
f 677//1617 720//1680 675//1618
f 550//1297 712//1681 664//1542
f 626//1473 722//1682 642//1474
f 672//1576 594//1382 721//1683
f 631//1451 729//1684 616//1429
f 648//1685 647//1685 715//1685
f 681//1588 636//1471 726//1686
f 599//1466 723//1687 550//1349
f 638//1688 711//1688 626//1688
f 631//1689 660//1690 727//1691
f 657//1692 719//1693 677//1694
f 679//1610 708//1609 724//1695
f 651//1518 716//1696 636//1432
f 594//1406 700//1657 721//1697
f 631//1698 727//1699 729//1700
f 708//1701 688//1701 728//1701
f 550//1349 723//1687 712//1702
f 642//1703 722//1704 730//1705
f 654//1706 693//1616 646//1615
f 696//1707 719//1708 657//1709
f 656//1524 660//1538 622//1445
f 684//1604 731//1710 682//1534
f 616//1415 729//1711 691//1611
f 615//1423 623//1444 732//1628
f 640//1623 697//1622 684//1712
f 637//1713 710//1714 702//1715
f 704//1716 679//1610 724//1695
f 615//1498 735//1717 639//1499
f 642//1718 734//1718 608//1718
f 636//1719 716//1720 726//1721
f 618//1676 725//1678 688//1722
f 658//1723 736//1723 659//1723
f 615//1423 732//1628 735//1724
f 675//1575 705//1634 611//1573
f 706//1644 625//1550 713//1725
f 659//1726 736//1726 709//1726
f 666//1559 733//1727 663//1544
f 642//1728 730//1729 734//1730
f 650//1633 705//1634 725//1731
f 708//1732 728//1732 724//1732
f 675//1733 720//1734 764//1735
f 683//1590 743//1736 661//1530
f 654//1737 739//1738 693//1616
f 609//1561 742//1739 668//1562
f 694//1614 693//1616 740//1740
f 728//1741 688//1741 747//1741
f 626//1742 711//1743 722//1744
f 661//1626 743//1745 699//1627
f 673//1584 745//1746 680//1747
f 741//1748 728//1749 747//1750
f 665//1566 757//1751 703//1656
f 651//1752 685//1753 716//1754
f 647//1519 664//1542 756//1755
f 668//1652 742//1756 723//1653
f 728//1757 749//1758 724//1759
f 698//1671 750//1760 717//1655
f 638//1659 746//1761 687//1660
f 665//1762 760//1762 757//1762
f 715//1763 647//1763 756//1763
f 681//1594 752//1764 670//1595
f 639//1499 735//1717 753//1765
f 639//1766 753//1767 652//1768
f 666//1581 655//1580 744//1769
f 638//1491 670//1565 748//1770
f 677//1694 719//1693 751//1771
f 676//1607 621//1394 738//1772
f 665//1649 709//1651 760//1773
f 705//1774 755//1775 725//1776
f 694//1606 754//1777 689//1667
f 638//1659 748//1778 746//1761
f 728//1779 741//1780 749//1781
f 694//1614 740//1740 754//1782
f 654//1525 608//1450 734//1783
f 695//1612 758//1784 692//1603
f 641//1494 663//1596 766//1785
f 699//1635 745//1746 673//1584
f 677//1617 751//1786 720//1680
f 621//1394 706//1787 738//1772
f 683//1589 692//1605 759//1788
f 683//1590 759//1789 743//1736
f 681//1790 726//1791 752//1792
f 698//1631 689//1630 765//1793
f 666//1559 744//1794 733//1727
f 675//1575 764//1795 705//1634
f 707//1658 662//1535 763//1796
f 674//1548 737//1797 655//1585
f 717//1655 737//1797 674//1548
f 676//1607 761//1798 628//1464
f 700//1624 641//1495 766//1799
f 695//1612 678//1800 758//1784
f 506//1165 628//1457 761//1801
f 732//1628 682//1534 768//1802
f 680//1664 745//1803 802//1804
f 692//1603 758//1784 762//1805
f 748//1806 670//1807 752//1808
f 713//1809 772//1810 706//1811
f 658//1812 704//1812 736//1812
f 671//1527 769//1813 686//1592
f 718//1675 645//1509 771//1814
f 655//1580 737//1815 744//1769
f 645//1509 773//1816 771//1814
f 662//1643 703//1642 763//1817
f 693//1616 739//1738 740//1740
f 765//1818 750//1760 698//1671
f 718//1679 771//1819 697//1622
f 678//1662 690//1582 776//1820
f 671//1529 669//1546 769//1821
f 678//1822 776//1823 758//1824
f 707//1645 775//1825 645//1506
f 656//1524 652//1481 774//1826
f 707//1658 763//1796 775//1827
f 645//1828 775//1829 773//1830
f 710//1665 680//1664 802//1804
f 660//1690 767//1831 727//1691
f 656//1832 774//1826 660//1690
f 719//1708 696//1707 780//1833
f 609//1834 779//1835 742//1836
f 717//1655 750//1760 737//1797
f 676//1607 781//1837 761//1798
f 624//1446 701//1637 778//1838
f 506//1165 761//1801 690//1582
f 624//1446 778//1839 713//1666
f 754//1777 765//1840 689//1667
f 617//1431 672//1560 782//1841
f 685//1753 788//1842 716//1754
f 704//1843 770//1843 736//1843
f 676//1607 738//1772 781//1844
f 751//1771 719//1693 780//1845
f 617//1428 782//1846 669//1545
f 691//1611 729//1711 785//1847
f 704//1716 724//1695 770//1848
f 609//1433 649//1511 779//1849
f 691//1602 787//1850 635//1493
f 696//1640 702//1639 780//1851
f 682//1534 791//1852 768//1802
f 720//1734 777//1853 764//1735
f 716//1720 788//1854 726//1721
f 697//1622 771//1855 790//1856
f 699//1627 743//1745 786//1857
f 652//1481 793//1858 774//1826
f 699//1635 786//1859 745//1746
f 751//1771 805//1860 720//1861
f 783//1862 770//1863 724//1864
f 691//1865 785//1866 787//1867
f 709//1651 792//1868 760//1773
f 688//1869 725//1776 797//1870
f 706//1871 772//1871 738//1871
f 692//1605 789//1872 759//1788
f 697//1622 790//1856 684//1712
f 737//1797 750//1760 794//1873
f 688//1869 797//1870 747//1750
f 724//1759 749//1758 783//1874
f 756//1755 664//1542 784//1875
f 732//1628 796//1876 735//1724
f 739//1738 654//1877 800//1878
f 692//1603 762//1805 789//1879
f 685//1586 715//1673 788//1880
f 744//1881 737//1797 806//1882
f 720//1734 805//1883 777//1853
f 725//1776 755//1775 797//1870
f 654//1525 734//1783 800//1884
f 702//1715 710//1714 802//1885
f 749//1781 741//1780 795//1886
f 703//1887 799//1888 763//1889
f 649//1514 635//1513 787//1867
f 731//1710 684//1604 798//1890
f 684//1891 790//1891 798//1891
f 782//1841 672//1560 809//1892
f 649//1511 801//1893 779//1849
f 649//1514 787//1867 801//1894
f 745//1746 786//1859 803//1895
f 754//1777 804//1896 765//1840
f 750//1897 765//1898 794//1899
f 751//1771 780//1845 805//1860
f 709//1900 736//1900 792//1900
f 757//1901 760//1773 792//1868
f 703//1656 757//1751 807//1902
f 701//1637 667//1558 808//1903
f 672//1576 721//1683 809//1904
f 749//1905 810//1906 783//1907
f 705//1774 824//1908 755//1775
f 757//1909 792//1910 821//1911
f 726//1791 812//1912 752//1792
f 745//1803 803//1913 802//1804
f 736//1914 770//1863 792//1915
f 702//1916 802//1917 780//1845
f 703//1918 807//1919 799//1920
f 777//1921 805//1860 813//1922
f 757//1923 821//1924 807//1925
f 749//1781 795//1886 810//1926
f 687//1660 746//1761 711//1661
f 754//1782 740//1740 814//1927
f 667//1928 714//1672 808//1903
f 802//1917 803//1895 816//1929
f 652//1768 753//1767 793//1930
f 783//1862 792//1915 770//1863
f 748//1806 752//1808 815//1931
f 721//1697 700//1657 820//1932
f 804//1933 754//1934 814//1935
f 712//1681 817//1936 664//1542
f 786//1859 818//1937 803//1895
f 712//1702 723//1687 817//1938
f 660//1690 774//1826 767//1831
f 775//1827 763//1796 819//1939
f 700//1624 766//1799 820//1940
f 783//1907 810//1906 792//1941
f 802//1917 816//1929 805//1860
f 739//1738 827//1942 740//1740
f 780//1845 802//1917 805//1860
f 690//1582 811//1943 776//1820
f 739//1738 800//1878 827//1942
f 732//1628 768//1944 796//1876
f 815//1945 822//1946 748//1947
f 806//1882 737//1797 794//1873
f 752//1948 812//1949 815//1950
f 733//1727 744//1951 825//1952
f 726//1953 836//1954 812//1955
f 777//1853 823//1956 764//1735
f 795//1886 741//1780 828//1957
f 769//1821 669//1546 831//1958
f 806//1959 825//1959 744//1959
f 705//1960 764//1735 824//1961
f 746//1962 748//1947 822//1946
f 735//1717 829//1963 753//1765
f 741//1748 747//1750 828//1964
f 821//1911 792//1910 810//1965
f 763//1889 799//1888 819//1966
f 794//1899 765//1898 833//1967
f 782//1846 831//1968 669//1545
f 800//1884 734//1783 826//1969
f 788//1854 836//1970 726//1721
f 715//1673 756//1971 788//1880
f 767//1831 838//1972 727//1691
f 740//1740 827//1942 814//1927
f 789//1973 830//1974 759//1975
f 804//1896 833//1976 765//1840
f 682//1534 731//1710 791//1852
f 773//1830 775//1829 835//1977
f 805//1860 816//1929 813//1922
f 755//1978 837//1979 797//1980
f 727//1699 838//1981 729//1700
f 734//1730 730//1729 826//1982
f 773//1816 835//1983 771//1814
f 742//1756 839//1984 723//1653
f 714//1672 686//1601 808//1903
f 830//1985 789//1879 762//1805
f 834//1986 788//1986 756//1986
f 686//1601 844//1987 808//1903
f 795//1886 841//1988 810//1926
f 776//1823 855//1989 758//1824
f 664//1542 817//1936 784//1990
f 735//1991 840//1992 829//1993
f 777//1994 813//1994 823//1994
f 690//1582 761//1798 851//1995
f 821//1924 842//1996 807//1925
f 788//1854 834//1997 836//1970
f 686//1592 769//1813 844//1998
f 755//1775 824//1908 832//1999
f 806//1882 794//1873 825//1952
f 790//2000 845//2000 798//2000
f 756//1755 784//1875 834//2001
f 813//2002 816//2003 843//2004
f 742//1836 779//1835 839//2005
f 747//1750 797//1870 828//1964
f 821//2006 841//2007 842//2008
f 701//1637 808//1903 778//1838
f 804//1896 846//2009 833//1976
f 830//1985 762//1805 854//2010
f 759//1975 830//1974 848//2011
f 811//1943 855//2012 776//1820
f 722//1744 711//1743 852//2013
f 759//1789 860//2014 743//1736
f 825//1952 794//1873 849//2015
f 735//1724 796//1876 840//2016
f 825//1952 849//2015 733//1727
f 713//1809 853//2017 772//1810
f 738//1772 772//2018 858//2019
f 804//2020 847//2021 846//2022
f 853//2023 858//2023 772//2023
f 733//1727 879//2024 663//1544
f 759//1789 848//2025 860//2014
f 810//2026 841//2007 821//2006
f 790//1856 771//1855 845//2027
f 762//1805 758//1784 854//2028
f 826//2029 730//2029 856//2029
f 839//1984 867//2030 723//1653
f 755//1775 832//1999 837//2031
f 758//2032 855//2012 854//2033
f 690//1582 851//1995 811//1943
f 769//1813 861//2034 844//1998
f 733//1727 849//2015 879//2024
f 775//1829 857//2035 835//1977
f 835//1983 862//2036 771//1814
f 743//2037 860//2037 786//2037
f 753//2038 829//2038 793//2038
f 775//1827 819//1939 857//2039
f 794//2040 833//2041 865//2042
f 722//1704 852//2043 730//1705
f 820//1940 766//1799 863//2044
f 663//1596 863//2045 766//1785
f 769//1821 831//1958 861//2046
f 851//1995 761//1798 781//1837
f 786//2047 860//2048 864//2049
f 799//1920 807//1919 866//2050
f 843//2004 816//2003 850//2051
f 845//2052 771//2053 862//2054
f 815//1950 812//1949 868//2055
f 803//1895 818//1937 850//2056
f 794//2040 865//2042 849//2057
f 816//1929 803//1895 850//2056
f 764//1735 823//1956 824//1961
f 786//1859 864//2058 818//1937
f 834//2059 868//2060 836//1954
f 807//1925 842//1996 866//2050
f 711//1661 746//1761 859//2061
f 846//2009 865//2062 833//1976
f 823//2063 813//2063 869//2063
f 836//1954 868//2060 812//1955
f 795//2064 871//2065 841//2066
f 774//1826 793//1858 767//1831
f 813//2002 843//2004 869//2067
f 817//1938 723//1687 867//2068
f 767//2069 873//2070 838//1981
f 711//2071 859//2072 852//2073
f 795//2074 828//2074 871//2074
f 796//1876 872//2075 840//2016
f 713//1666 778//1839 853//2076
f 846//2009 874//2077 865//2062
f 738//1772 858//2019 781//1844
f 868//2055 877//2078 815//1950
f 846//2022 847//2021 874//2079
f 855//2012 880//2080 854//2033
f 721//1697 820//1932 881//2081
f 843//2004 909//2082 869//2083
f 815//2084 875//2085 822//2086
f 828//2087 797//2088 870//2089
f 822//1946 859//2090 746//1962
f 857//2039 819//1939 895//2091
f 837//1979 882//2092 797//1980
f 834//2001 784//1875 868//2093
f 865//2094 879//2024 849//2015
f 804//2095 883//2095 847//2095
f 830//1985 854//2010 888//2096
f 721//2097 881//2097 809//2097
f 798//2098 845//2098 876//2098
f 730//1705 852//2043 856//2099
f 799//1888 884//2100 819//1966
f 797//2101 882//2101 870//2101
f 880//2080 855//2012 898//2102
f 823//2103 878//2104 824//1908
f 793//2105 829//2105 897//2105
f 845//2052 862//2054 876//2106
f 729//1700 838//1981 892//2107
f 799//1920 866//2050 884//2108
f 854//2109 880//2110 888//2111
f 857//2035 889//2112 835//1977
f 824//1908 878//2104 832//1999
f 835//1977 889//2112 890//2113
f 835//1983 890//2114 862//2036
f 841//2066 886//2115 842//2116
f 729//1711 892//2117 785//1847
f 884//2100 895//2118 819//1966
f 830//1974 890//2113 848//2011
f 890//2114 888//2119 862//2036
f 889//2120 857//2039 895//2091
f 830//2121 888//2119 890//2114
f 864//2058 891//2122 818//1937
f 832//1999 878//2104 902//2123
f 815//2084 877//2124 875//2085
f 828//2087 870//2089 871//2125
f 814//1927 827//1942 893//2126
f 663//1596 879//2127 863//2045
f 874//2077 879//2127 865//2062
f 848//2011 890//2113 889//2112
f 855//2012 811//1943 898//2102
f 868//2093 784//1875 877//2128
f 793//2129 897//2130 887//2131
f 880//2110 896//2132 888//2111
f 848//2025 889//2120 860//2014
f 804//1933 814//1935 883//2133
f 778//1838 808//1903 901//2134
f 800//1878 893//2135 827//1942
f 841//2066 871//2065 886//2115
f 896//2136 880//2136 894//2136
f 876//2137 896//2137 894//2137
f 784//1990 817//1936 899//2138
f 876//2106 862//2054 888//2111
f 768//1802 791//1852 872//2075
f 823//2139 869//2139 878//2139
f 859//2140 822//2086 908//2141
f 876//2106 888//2111 896//2132
f 791//1852 731//1710 872//2075
f 768//1944 872//2075 796//1876
f 880//2080 903//2142 894//2143
f 876//2144 905//2145 798//1890
f 793//2146 904//2147 767//2148
f 829//1993 840//1992 897//2130
f 818//1937 891//2122 850//2056
f 808//1903 885//2149 901//2134
f 889//2120 895//2091 860//2014
f 850//2051 909//2082 843//2004
f 767//2069 904//2150 873//2070
f 899//2151 817//1938 867//2068
f 858//2019 900//2152 781//1844
f 832//1999 902//2123 906//2153
f 781//1844 900//2152 851//1995
f 864//2049 860//2048 895//2154
f 837//2031 832//1999 906//2155
f 822//2086 875//2085 908//2141
f 895//2118 884//2100 864//2156
f 800//1884 826//1969 910//2157
f 864//2058 907//2158 891//2122
f 864//2058 884//2159 907//2158
f 880//2080 898//2102 903//2142
f 831//1958 914//2160 861//2046
f 853//2161 911//2161 858//2161
f 808//1903 844//1987 885//2149
f 884//2159 913//2162 907//2158
f 782//1846 914//2163 831//1968
f 811//1943 851//1995 900//2152
f 826//2164 856//2164 910//2164
f 884//2108 866//2050 913//2162
f 798//1890 905//2145 731//1710
f 881//2081 820//1932 912//2165
f 820//1940 863//2044 912//2166
f 844//1998 861//2034 917//2167
f 891//2168 915//2168 850//2168
f 801//1893 918//2169 779//1849
f 837//2031 906//2155 916//2170
f 850//2171 915//2172 909//2173
f 885//2149 844//1987 917//2174
f 878//2175 869//2175 927//2175
f 878//2176 927//2177 902//2123
f 779//1835 918//2178 839//2005
f 847//2179 883//2179 874//2179
f 842//1996 921//2180 866//2050
f 894//2143 905//2145 876//2144
f 837//1979 916//2181 882//2092
f 814//2182 893//2182 883//2182
f 782//1846 931//2183 914//2163
f 869//2083 909//2082 927//2184
f 886//2185 920//2185 842//2185
f 873//2070 892//2107 838//1981
f 852//2043 926//2186 856//2099
f 793//2146 919//2187 904//2147
f 875//2085 923//2188 908//2141
f 782//1841 809//1892 931//2189
f 875//2190 877//2190 923//2190
f 892//2117 924//2191 785//1847
f 793//2129 887//2131 919//2192
f 922//2193 853//2076 778//1839
f 785//1866 924//2194 942//2195
f 901//2134 922//2193 778//1838
f 842//2196 920//2197 921//2198
f 785//1866 942//2195 787//1867
f 871//2065 920//2199 886//2115
f 927//2200 909//2200 925//2200
f 882//2201 930//2201 870//2201
f 931//2202 809//2203 929//2204
f 866//2050 932//2205 913//2162
f 891//2122 907//2158 915//2206
f 877//2128 784//1875 923//2188
f 859//2072 928//2207 852//2073
f 871//2125 870//2089 930//2208
f 809//2209 881//2209 929//2209
f 907//2158 913//2162 932//2205
f 852//2073 928//2207 933//2210
f 866//2050 921//2180 932//2205
f 853//2211 935//2211 911//2211
f 840//2016 872//2075 936//2212
f 859//2140 908//2141 928//2207
f 920//2213 871//2213 930//2213
f 902//2123 927//2177 906//2153
f 910//2214 856//2215 926//2216
f 800//2217 934//2218 893//2219
f 907//2158 940//2220 915//2221
f 800//1884 910//2157 934//2222
f 882//2092 916//2181 930//2223
f 933//2210 926//2224 852//2225
f 861//2226 937//2227 917//2228
f 858//2019 938//2229 900//2152
f 907//2158 932//2205 940//2220
f 858//2230 939//2231 938//2232
f 915//2172 925//2233 909//2173
f 916//2234 906//2235 941//2236
f 858//2230 911//2237 939//2231
f 801//1894 787//1867 942//2195
f 731//1710 936//2212 872//2075
f 921//2198 920//2197 932//2238
f 904//2150 947//2239 873//2070
f 897//2130 840//1992 887//2131
f 942//2240 944//2241 801//2242
f 873//2243 947//2243 946//2243
f 861//2046 914//2160 937//2244
f 801//2242 944//2241 997//2245
f 997//2246 942//2247 943//2248
f 946//2249 904//2250 945//2251
f 906//2252 940//2252 941//2252
f 900//2152 938//2232 950//2253
f 840//2016 936//2212 949//2254
f 873//2070 945//2251 892//2107
f 919//2192 887//2131 955//2255
f 874//2077 953//2256 879//2127
f 840//2257 949//2254 948//2258
f 941//2259 940//2259 932//2259
f 927//2260 925//2261 906//2262
f 930//2263 916//2263 920//2263
f 901//2134 885//2149 963//2264
f 915//2221 940//2220 925//2261
f 801//1893 943//2265 918//2169
f 853//2076 922//2193 935//2266
f 901//2134 956//2267 922//2193
f 901//2134 963//2268 956//2267
f 916//2234 941//2236 920//2269
f 883//2270 893//2270 952//2270
f 920//2269 941//2236 932//2271
f 906//2262 925//2261 940//2220
f 943//2272 942//2273 951//2274
f 840//2257 948//2258 887//2275
f 942//2195 924//2194 951//2276
f 911//2277 935//2277 939//2277
f 731//1710 905//2145 936//2278
f 894//2143 903//2142 905//2145
f 811//1943 900//2152 898//2102
f 923//2188 784//1875 959//2279
f 883//2280 954//2280 874//2280
f 893//2219 934//2218 952//2281
f 839//2005 918//2178 957//2282
f 928//2207 908//2141 958//2283
f 881//2081 912//2165 960//2284
f 908//2141 923//2188 958//2283
f 881//2285 960//2286 929//2287
f 839//1984 957//2288 867//2030
f 879//2127 966//2289 863//2045
f 904//2147 919//2187 961//2290
f 898//2102 900//2152 950//2253
f 874//2077 954//2291 953//2256
f 883//2292 952//2293 954//2294
f 961//2295 945//2251 904//2250
f 917//2174 965//2296 885//2149
f 949//2254 936//2212 964//2297
f 963//2298 885//2149 965//2296
f 879//2127 953//2256 966//2289
f 950//2253 938//2232 962//2299
f 899//2151 867//2068 972//2300
f 943//2265 970//2301 918//2169
f 899//2138 972//2302 784//1990
f 887//2303 948//2304 955//2305
f 928//2207 958//2283 933//2210
f 917//2228 937//2227 965//2306
f 912//2166 863//2044 966//2307
f 935//2308 980//2308 939//2308
f 937//2244 914//2160 984//2309
f 892//2107 945//2251 969//2310
f 968//2311 935//2266 922//2193
f 918//2312 970//2313 957//2314
f 912//2165 977//2315 960//2284
f 784//1990 972//2302 959//2316
f 957//2288 967//2317 867//2030
f 903//2142 898//2102 950//2253
f 934//2318 954//2294 952//2293
f 956//2267 968//2311 922//2193
f 949//2254 976//2319 948//2258
f 933//2210 958//2283 973//2320
f 924//2191 892//2117 969//2321
f 934//2318 971//2322 954//2294
f 903//2142 936//2278 905//2145
f 919//2187 974//2323 961//2290
f 971//2324 934//2324 975//2324
f 867//2068 967//2325 972//2300
f 949//2254 964//2297 976//2319
f 934//2222 910//2157 975//2326
f 903//2142 950//2253 983//2327
f 914//2163 931//2183 984//2328
f 919//2192 955//2255 974//2323
f 968//2311 980//2329 935//2330
f 945//2251 978//2331 969//2310
f 939//2231 979//2332 938//2232
f 961//2290 974//2323 978//2333
f 926//2224 933//2210 973//2320
f 961//2295 978//2331 945//2251
f 912//2166 966//2307 977//2334
f 903//2142 983//2327 936//2278
f 948//2335 976//2335 981//2335
f 948//2304 981//2336 955//2305
f 956//2267 974//2323 968//2311
f 962//2299 938//2232 979//2332
f 956//2267 978//2333 974//2323
f 910//2214 926//2216 975//2337
f 924//2194 987//2338 951//2276
f 956//2267 963//2268 978//2339
f 924//2191 969//2321 982//2340
f 953//2256 954//2291 985//2341
f 976//2319 964//2297 983//2342
f 974//2323 955//2255 980//2329
f 974//2323 980//2329 968//2311
f 971//2343 985//2341 954//2291
f 950//2253 962//2299 983//2344
f 971//2345 975//2345 985//2345
f 978//2346 963//2298 965//2296
f 964//2297 936//2212 983//2347
f 983//2342 979//2348 976//2319
f 962//2299 979//2332 983//2344
f 979//2349 939//2350 981//2351
f 978//2331 965//2352 969//2310
f 924//2194 982//2353 987//2338
f 931//2183 986//2354 984//2328
f 939//2355 980//2355 981//2355
f 980//2356 955//2305 981//2336
f 931//2202 929//2204 986//2357
f 976//2358 979//2349 981//2351
f 937//2227 982//2359 965//2306
f 982//2360 937//2244 984//2309
f 943//2272 951//2274 987//2361
f 926//2362 973//2362 975//2362
f 965//2363 982//2340 969//2321
f 986//2364 929//2365 988//2366
f 923//2188 959//2279 958//2283
f 929//2287 960//2286 988//2367
f 958//2283 959//2279 973//2320
f 973//2320 985//2368 975//2369
f 989//2370 995//2371 957//2288
f 957//2314 970//2313 989//2372
f 982//2353 984//2373 987//2338
f 987//2361 990//2374 943//2272
f 959//2316 972//2302 996//2375
f 960//2284 977//2315 993//2376
f 990//2377 970//2301 943//2265
f 957//2288 995//2371 967//2317
f 984//2328 986//2354 990//2374
f 960//2286 991//2378 988//2367
f 986//2364 988//2366 990//2379
f 990//2374 987//2361 984//2328
f 973//2320 959//2279 985//2368
f 990//2377 992//2380 970//2301
f 990//2377 988//2381 992//2380
f 972//2300 967//2325 996//2382
f 977//2334 966//2307 993//2383
f 985//2384 994//2384 953//2384
f 967//2325 995//2385 996//2382
f 970//2313 992//2386 989//2372
f 953//2256 994//2387 966//2289
f 960//2284 993//2376 991//2388
f 991//2378 992//2389 988//2367
f 989//2390 992//2389 991//2378
f 985//2368 959//2279 996//2391
f 966//2307 994//2392 993//2383
f 991//2388 993//2376 989//2370
f 989//2370 993//2376 995//2371
f 985//2393 996//2393 994//2393
f 995//2385 993//2394 996//2382
f 994//2392 996//2395 993//2383
f 999//2396 944//2397 942//2398
f 998//2399 947//2400 904//2401
f 998//2402 945//2402 873//2402
f 999//2403 943//2403 801//2403
f 998//2404 946//2404 947//2405
f 998//2406 873//2406 946//2406
f 999//2407 997//2407 944//2407
f 999//2408 801//2409 997//2410
f 999//2411 942//2412 997//2413
f 999//2414 997//2415 943//2416
f 998//2417 946//2418 945//2419
f 998//2420 904//2421 946//2422
f 463//1125 491//1115 447//1122
f 589//1453 1000//1108 564//1145
f 598//1401 590//1400 572//2423
f 469//1102 447//1122 450//1103
