# Blender 5.2.0 LTS
# www.blender.org
mtllib monument_obeliskos.mtl
o monument_obeliskos
v -0.241004 -0.895051 -0.060994
v -0.240902 -0.948857 -0.237053
v -0.240978 -0.948395 0.022085
v -0.240972 -0.858904 0.146609
v -0.240998 -0.898104 0.081951
v -0.240954 -0.949006 0.127363
v -0.240953 -0.948335 0.235353
v -0.240987 -0.859050 -0.170728
v -0.240936 -0.858861 -0.077816
v -0.240953 -0.949181 -0.041086
v -0.240937 -0.858638 -0.237146
v -0.240974 -0.948414 -0.138583
v -0.240950 -0.858604 0.235643
v -0.240954 -0.858792 0.029509
v -0.240303 -0.949816 0.238185
v -0.239980 -0.950347 -0.175850
v -0.239901 -0.855817 0.238572
v -0.239888 -0.855981 -0.239610
v -0.239867 -0.855927 0.151601
v -0.239861 -0.855931 -0.144841
v -0.239888 -0.855952 0.039824
v -0.239865 -0.855948 -0.068937
v -0.239796 -0.948800 -0.239733
v -0.238910 -0.950983 0.139201
v -0.239500 -0.950616 -0.028449
v -0.238674 -0.950991 -0.238527
v -0.238722 -0.951003 0.238029
v -0.238060 -0.948796 0.239807
v -0.237830 -0.858993 0.239886
v -0.237299 -0.951073 0.028367
v -0.237246 -0.951108 -0.134106
v -0.237431 -0.855021 0.235957
v -0.237661 -0.854907 0.166116
v -0.237650 -0.854903 -0.205177
v -0.237638 -0.854907 0.043593
v -0.237608 -0.854911 -0.100820
v -0.236885 -0.949074 -0.240804
v -0.213522 -0.852729 -0.053915
v -0.175997 -0.856018 -0.239915
v -0.227142 -0.854974 -0.237429
v -0.166741 -0.857921 0.239906
v -0.190044 -0.951132 -0.087455
v -0.193748 -0.926802 -0.241011
v -0.161810 -0.951019 -0.238803
v -0.190730 -0.951132 -0.009142
v -0.168750 -0.951042 0.238057
v -0.207001 -0.852113 -0.206492
v -0.201590 -0.851677 0.057599
v -0.203099 -0.951139 0.124343
v -0.207298 -0.852163 0.206097
v -0.236614 -0.858605 -0.240930
v -0.137686 -0.906447 0.239994
v -0.153393 -0.854524 0.233741
v -0.169524 -0.948885 0.239870
v -0.177974 -0.849474 -0.176867
v -0.174746 -0.951118 0.189785
v -0.185434 -0.850312 0.185885
v -0.147599 -0.949198 -0.240779
v -0.177619 -0.849449 0.100968
v -0.177592 -0.849446 -0.045286
v -0.128595 -0.854855 -0.236890
v -0.152939 -0.951142 -0.146636
v -0.172015 -0.849363 0.176192
v -0.176694 -0.849400 0.168868
v -0.129320 -0.850408 -0.187765
v -0.173600 -0.846780 -0.170903
v -0.169991 -0.846830 0.172554
v -0.174990 -0.848167 0.096723
v -0.174993 -0.848189 -0.049269
v -0.173493 -0.846066 0.170227
v -0.173544 -0.787179 -0.171704
v -0.173525 -0.812903 -0.171707
v -0.173487 -0.739915 0.089022
v -0.173534 -0.845659 -0.117847
v -0.173533 -0.845596 0.067878
v -0.173539 -0.845651 0.001751
v -0.173529 -0.845634 -0.061416
v -0.173528 -0.845665 0.127929
v -0.173512 -0.739961 -0.123888
v -0.173525 -0.755253 0.057977
v -0.173443 -0.739930 -0.046591
v -0.173459 -0.739906 0.014738
v -0.173528 -0.766661 -0.048262
v -0.173512 -0.753258 0.131584
v -0.173435 -0.739969 0.170509
v -0.173441 -0.739965 -0.171602
v -0.171643 -0.847113 -0.173251
v -0.173447 -0.362378 0.046335
v -0.173214 -0.365139 0.168350
v -0.173490 -0.362546 -0.170837
v -0.173124 -0.358974 0.167293
v -0.172692 -0.367087 -0.171091
v -0.172611 -0.357214 -0.170857
v -0.172985 -0.365949 -0.012170
v -0.173065 -0.358934 -0.030671
v -0.171875 -0.361985 0.172741
v -0.172342 -0.845329 0.171972
v -0.172391 -0.738947 0.171936
v -0.171232 -0.367605 0.171535
v -0.172401 -0.738612 0.049670
v -0.172395 -0.738625 -0.090958
v -0.172409 -0.738654 0.126117
v -0.171595 -0.739139 -0.173425
v -0.171082 -0.361678 -0.173783
v -0.171577 -0.355596 -0.075949
v -0.171005 -0.370067 -0.043938
v -0.170837 -0.370298 -0.129193
v -0.171289 -0.369614 0.166623
v -0.171521 -0.355558 0.060750
v -0.170920 -0.370206 0.027150
v -0.171635 -0.356057 0.170775
v -0.065514 -0.855520 0.238401
v -0.168123 -0.737196 0.166208
v -0.169659 -0.369881 -0.171123
v -0.168272 -0.371700 0.168736
v -0.168852 -0.352765 -0.168193
v -0.168861 -0.352742 0.166426
v -0.168428 -0.352442 0.045568
v -0.170374 -0.725299 0.052236
v -0.170021 -0.721633 0.166443
v -0.170134 -0.722832 -0.167728
v -0.170216 -0.723338 -0.043448
v -0.169854 -0.728812 -0.055607
v -0.169863 -0.728837 0.165678
v -0.169682 -0.728218 -0.169611
v -0.168540 -0.372560 0.062708
v -0.168297 -0.372736 0.153010
v -0.119008 -0.951133 0.122774
v -0.169449 -0.729828 0.032943
v -0.162598 -0.845454 -0.173574
v -0.167965 -0.775212 -0.173550
v -0.168500 -0.352451 -0.097709
v -0.169344 -0.738067 -0.169454
v -0.168509 -0.717800 -0.108618
v -0.169430 -0.720060 0.073814
v -0.169438 -0.720108 -0.017188
v -0.168517 -0.729009 0.168599
v -0.168097 -0.737119 -0.121546
v -0.169618 -0.738049 -0.082742
v -0.169577 -0.737997 0.002634
v -0.169599 -0.737980 0.084019
v -0.169555 -0.737885 0.145238
v -0.168751 -0.354972 -0.171188
v -0.169153 -0.730504 0.127510
v -0.169197 -0.730557 -0.123400
v -0.167966 -0.717214 -0.167867
v -0.168638 -0.372471 -0.092368
v -0.168488 -0.372482 -0.168261
v -0.168060 -0.372787 -0.020952
v -0.167443 -0.721589 -0.169976
v -0.167303 -0.734791 0.049838
v -0.167387 -0.734587 0.164440
v -0.167249 -0.716123 0.162417
v -0.167662 -0.716677 -0.021949
v -0.167187 -0.716017 0.059464
v -0.167190 -0.718433 0.167636
v -0.167320 -0.734839 -0.102274
v -0.166921 -0.734879 -0.166880
v -0.167677 -0.736451 0.061196
v -0.167128 -0.735596 -0.039243
v -0.165939 -0.723684 0.169385
v -0.164468 -0.713595 -0.049385
v -0.164900 -0.714011 -0.164873
v -0.160134 -0.353013 0.168532
v -0.161140 -0.734118 0.165951
v -0.163393 -0.374737 -0.163208
v -0.162888 -0.374749 0.162443
v -0.163515 -0.350137 0.161909
v -0.163678 -0.350212 -0.117505
v -0.163687 -0.350243 -0.025103
v -0.163701 -0.350258 0.065983
v -0.163803 -0.374564 0.054945
v -0.163736 -0.374626 -0.023776
v -0.163694 -0.374658 -0.140223
v -0.163756 -0.374625 0.023239
v -0.163825 -0.374754 0.153921
v -0.163928 -0.713278 0.062522
v -0.164539 -0.713825 0.163809
v -0.168206 -0.741145 0.172543
v -0.134649 -0.848282 -0.174958
v -0.163264 -0.350156 -0.163454
v -0.162212 -0.380770 0.160037
v -0.162320 -0.380602 -0.065520
v -0.162319 -0.380651 0.026285
v -0.162133 -0.380669 -0.161665
v -0.162310 -0.380608 0.088295
v -0.162184 -0.344532 -0.090321
v -0.162094 -0.344497 0.035157
v -0.162131 -0.344518 -0.042535
v -0.162132 -0.344514 -0.126682
v -0.162111 -0.344476 -0.003269
v -0.161938 -0.344314 -0.161903
v -0.162134 -0.344494 0.089638
v -0.162087 -0.344429 0.139560
v -0.161546 -0.344436 0.161344
v -0.161449 -0.737987 0.168975
v -0.101425 -0.951142 0.021060
v -0.118279 -0.951143 -0.063322
v -0.152493 -0.364385 -0.173455
v -0.159203 -0.711242 0.159019
v -0.160429 -0.380069 0.161451
v -0.159534 -0.711227 -0.158383
v -0.160003 -0.711462 -0.027778
v -0.159976 -0.711467 0.093586
v -0.159545 -0.382883 -0.159360
v -0.158543 -0.384306 0.157588
v -0.159720 -0.382625 -0.142033
v -0.159706 -0.382711 -0.035837
v -0.159805 -0.382584 0.010974
v -0.159718 -0.382536 0.131406
v -0.158928 -0.383706 -0.023596
v -0.159745 -0.382612 0.115192
v -0.159748 -0.382554 -0.103493
v -0.159699 -0.382728 -0.070529
v -0.159748 -0.382654 0.054420
v -0.159736 -0.382649 0.101387
v -0.159801 -0.382546 0.032910
v -0.158938 -0.383488 -0.055204
v -0.158783 -0.383755 -0.086877
v -0.159715 -0.382648 0.069967
v -0.159884 -0.382507 -0.127034
v -0.158976 -0.383614 -0.117948
v -0.159823 -0.382624 -0.002590
v -0.159751 -0.382576 0.083887
v -0.110451 -0.370001 -0.171084
v -0.139236 -0.735259 -0.167410
v -0.157825 -0.342684 -0.156594
v -0.157855 -0.342622 -0.083918
v -0.157510 -0.342576 0.155507
v -0.157853 -0.342599 0.060847
v -0.157823 -0.342597 -0.005825
v -0.158437 -0.708228 0.088892
v -0.158434 -0.708239 -0.020731
v -0.158207 -0.708300 0.157142
v -0.158620 -0.390091 -0.117277
v -0.158546 -0.390005 -0.078313
v -0.158577 -0.390048 -0.030685
v -0.158582 -0.390072 0.016795
v -0.158563 -0.390028 0.065540
v -0.158543 -0.390003 0.113645
v -0.158298 -0.701360 -0.157885
v -0.158085 -0.389629 -0.158160
v -0.158490 -0.386673 0.100028
v -0.158393 -0.389802 0.157120
v -0.158555 -0.703361 0.027324
v -0.158510 -0.386644 0.037219
v -0.158425 -0.702781 0.157336
v -0.158457 -0.702816 -0.094499
v -0.158192 -0.706698 -0.157765
v -0.157699 -0.701617 -0.102509
v -0.157819 -0.701677 0.073703
v -0.157805 -0.701637 -0.012743
v -0.148054 -0.739239 -0.173296
v -0.157275 -0.701341 0.156346
v -0.156347 -0.392234 -0.118667
v -0.155866 -0.392684 0.045442
v -0.156044 -0.392377 0.060623
v -0.156052 -0.392220 -0.065977
v -0.156106 -0.392169 0.028477
v -0.156271 -0.392198 -0.033458
v -0.156162 -0.392300 -0.003137
v -0.156066 -0.392071 -0.082427
v -0.156074 -0.392154 0.073822
v -0.155524 -0.392366 -0.154869
v -0.156064 -0.392221 0.105959
v -0.156240 -0.392217 0.123161
v -0.156127 -0.392145 -0.051248
v -0.156147 -0.392228 -0.092711
v -0.156109 -0.392151 0.013006
v -0.156501 -0.392251 -0.103575
v -0.156148 -0.392127 -0.018645
v -0.156042 -0.392123 0.089390
v -0.156223 -0.391994 0.140531
v -0.156167 -0.392342 -0.137033
v -0.156262 -0.339232 0.088276
v -0.156275 -0.339428 0.002620
v -0.156305 -0.339559 -0.070523
v -0.156229 -0.339315 -0.154387
v -0.156031 -0.339072 0.154106
v -0.138954 -0.374631 0.163265
v -0.155440 -0.392426 0.154846
v -0.142911 -0.349422 0.161929
v -0.156115 -0.302753 -0.091377
v -0.156171 -0.304034 0.151028
v -0.120545 -0.352222 -0.168123
v -0.156162 -0.304816 0.033755
v -0.135323 -0.738073 0.168709
v -0.155992 -0.303173 -0.153593
v -0.155859 -0.397823 0.002030
v -0.144829 -0.737795 -0.169486
v -0.152906 -0.699396 -0.151356
v -0.155805 -0.397284 0.034967
v -0.155860 -0.397832 0.112065
v -0.155771 -0.395934 -0.043295
v -0.155793 -0.397817 0.018846
v -0.155812 -0.397920 -0.059343
v -0.155759 -0.395878 0.097373
v -0.155676 -0.395959 0.082031
v -0.155824 -0.302419 0.006399
v -0.155813 -0.397774 -0.090012
v -0.155674 -0.395878 0.143735
v -0.155826 -0.397075 -0.027821
v -0.155900 -0.397845 0.065865
v -0.155607 -0.397995 0.153902
v -0.155842 -0.397819 -0.106186
v -0.155860 -0.397470 -0.012288
v -0.155859 -0.397456 -0.074637
v -0.155767 -0.397933 -0.121823
v -0.155392 -0.302079 0.154714
v -0.155714 -0.396297 0.127268
v -0.155409 -0.397850 -0.155429
v -0.154239 -0.339779 -0.156226
v -0.154470 -0.301221 -0.023464
v -0.154324 -0.301257 -0.154206
v -0.154101 -0.301174 0.153051
v -0.083219 -0.951095 0.235722
v -0.154488 -0.301213 0.078017
v -0.151242 -0.339345 0.155693
v -0.152601 -0.400191 0.151148
v -0.153454 -0.699725 -0.012563
v -0.153447 -0.699731 -0.081493
v -0.153422 -0.699726 0.067872
v -0.152748 -0.699173 0.147934
v -0.152329 -0.400245 -0.152255
v -0.152835 -0.400202 -0.011826
v -0.152745 -0.400299 -0.055092
v -0.152657 -0.400398 -0.112155
v -0.152587 -0.400261 0.053554
v -0.152768 -0.400271 0.123688
v -0.152620 -0.400421 0.009226
v -0.151065 -0.699350 0.151404
v -0.131187 -0.374746 -0.163957
v -0.139261 -0.382401 0.159504
v -0.123227 -0.390253 -0.158712
v -0.143768 -0.702345 0.157531
v -0.152075 -0.697370 -0.060641
v -0.152051 -0.697326 0.064331
v -0.152109 -0.697416 0.115363
v -0.151997 -0.697338 0.004109
v -0.150972 -0.404368 -0.025956
v -0.152548 -0.400686 0.092833
v -0.150992 -0.404331 -0.091579
v -0.151611 -0.692453 -0.151290
v -0.152071 -0.697429 -0.119114
v -0.151499 -0.692230 0.150304
v -0.151756 -0.692662 -0.054139
v -0.151723 -0.692513 0.088521
v -0.151659 -0.692476 -0.118587
v -0.151722 -0.692529 0.008205
v -0.151710 -0.692558 0.069528
v -0.151713 -0.692532 -0.038493
v -0.151702 -0.692537 0.130067
v -0.150975 -0.404372 0.113444
v -0.150914 -0.404424 0.076593
v -0.150944 -0.404437 -0.064833
v -0.150858 -0.404459 0.022057
v -0.150588 -0.404653 -0.150724
v -0.150334 -0.404487 0.149569
v -0.150793 -0.692100 0.106384
v -0.150919 -0.692146 0.023663
v -0.150893 -0.692137 -0.007658
v -0.150903 -0.692139 -0.025318
v -0.150720 -0.692075 0.055800
v -0.150664 -0.692091 -0.072314
v -0.117963 -0.390132 0.157208
v -0.109866 -0.392694 0.155002
v -0.129779 -0.380569 -0.162322
v -0.147533 -0.392656 -0.156187
v -0.146802 -0.692008 0.019491
v -0.147019 -0.692019 -0.066318
v -0.146801 -0.691974 0.112111
v -0.146870 -0.692009 -0.028674
v -0.146999 -0.691989 0.067219
v -0.146605 -0.691830 0.142539
v -0.146805 -0.691943 -0.119776
v -0.145775 -0.699370 -0.152444
v -0.115976 -0.344340 -0.162050
v -0.100043 -0.371752 0.168685
v -0.118460 -0.811825 0.172528
v -0.080539 -0.858630 -0.240969
v -0.144431 -0.951126 0.064006
v -0.156851 -0.951157 -0.201310
v -0.126039 -0.711352 -0.159742
v -0.125685 -0.299744 0.122332
v -0.153211 -0.303045 -0.155894
v -0.123307 -0.342381 -0.157901
v -0.145703 -0.405758 -0.091681
v -0.145715 -0.405689 0.098651
v -0.145726 -0.405782 0.010009
v -0.106584 -0.738873 0.171852
v -0.120867 -0.732035 0.167308
v -0.145927 -0.691856 -0.146336
v -0.133217 -0.397672 0.154340
v -0.110771 -0.723927 -0.170339
v -0.125946 -0.702567 -0.158316
v -0.107612 -0.353021 0.168553
v -0.125516 -0.301060 -0.151318
v -0.114233 -0.342524 0.157714
v -0.139948 -0.303574 0.155545
v -0.145420 -0.405720 0.144129
v -0.144301 -0.687795 0.067550
v -0.144295 -0.687916 0.140932
v -0.144309 -0.687932 0.042392
v -0.144330 -0.687886 -0.070195
v -0.144287 -0.687686 -0.008149
v -0.145161 -0.405818 -0.145896
v -0.144386 -0.408831 0.004442
v -0.144382 -0.408625 0.095670
v -0.117742 -0.711436 0.160143
v -0.122197 -0.400051 -0.152836
v -0.096516 -0.714478 0.164802
v -0.075062 -0.718723 0.167856
v -0.135015 -0.397853 -0.155999
v -0.113926 -0.344579 0.161439
v -0.144303 -0.663516 0.119782
v -0.144251 -0.666836 0.115735
v -0.144312 -0.430890 -0.120315
v -0.144375 -0.667182 -0.120610
v -0.144383 -0.530624 -0.120722
v -0.144412 -0.519137 0.120636
v -0.144395 -0.408554 -0.082639
v -0.144341 -0.667045 -0.045135
v -0.144361 -0.408612 0.141329
v -0.144309 -0.687262 -0.142494
v -0.144136 -0.429771 0.119013
v -0.144329 -0.667002 0.079468
v -0.144282 -0.666938 0.021554
v -0.144258 -0.591256 -0.142765
v -0.144224 -0.557666 0.142064
v -0.144293 -0.408789 -0.142721
v -0.144257 -0.620964 0.141960
v -0.144371 -0.687286 0.112131
v -0.144168 -0.429512 0.076229
v -0.144262 -0.429515 0.029238
v -0.144163 -0.429617 -0.041524
v -0.144075 -0.429636 -0.117702
v -0.143857 -0.666585 -0.084071
v -0.143802 -0.483128 0.142523
v -0.143671 -0.599551 0.119119
v -0.143859 -0.507176 0.119230
v -0.142956 -0.665943 -0.119491
v -0.142538 -0.688826 0.143340
v -0.143101 -0.542374 -0.119555
v -0.143075 -0.537419 -0.144028
v -0.142737 -0.686931 -0.144231
v -0.142278 -0.408728 0.143328
v -0.143058 -0.158426 -0.108939
v -0.142930 -0.152142 0.139443
v -0.143218 -0.154294 -0.009655
v -0.142826 -0.151875 -0.141005
v -0.142586 -0.629147 -0.144319
v -0.142651 -0.160429 0.136140
v -0.142389 -0.161273 0.054099
v -0.142215 -0.161227 -0.140095
v -0.140593 -0.692188 -0.151255
v -0.083596 -0.857875 0.239939
v -0.127735 -0.404465 0.149894
v -0.074332 -0.849656 0.177784
v -0.141391 -0.159709 0.141798
v -0.098629 -0.739829 -0.173583
v -0.081546 -0.950399 -0.239798
v -0.100608 -0.399780 0.151791
v -0.133913 -0.392927 -0.156047
v -0.139082 -0.691809 0.144724
v -0.119504 -0.299641 -0.118806
v -0.141564 -0.148812 -0.066666
v -0.140401 -0.431410 0.117541
v -0.140780 -0.430852 0.040687
v -0.140828 -0.430841 -0.054939
v -0.141792 -0.540492 0.143425
v -0.142016 -0.161976 -0.040688
v -0.139212 -0.663437 -0.116640
v -0.141409 -0.148729 0.041523
v -0.140375 -0.579951 -0.118115
v -0.140437 -0.664942 -0.058527
v -0.140365 -0.664872 -0.011605
v -0.140231 -0.535983 0.117702
v -0.139876 -0.161822 -0.142167
v -0.140595 -0.152789 0.142127
v -0.140654 -0.163736 -0.134920
v -0.140564 -0.163612 0.139199
v -0.140265 -0.431371 -0.117712
v -0.140679 -0.148013 0.139919
v -0.140389 -0.147711 -0.141002
v -0.140671 -0.163855 0.031824
v -0.110517 -0.701179 -0.157411
v -0.093631 -0.948957 0.239889
v -0.123527 -0.713209 -0.163927
v -0.142833 -0.408771 -0.144257
v -0.139414 -0.532020 -0.144440
v -0.140210 -0.664366 0.117623
v -0.140114 -0.664543 0.068295
v -0.138368 -0.146373 0.081782
v -0.138329 -0.146394 -0.020375
v -0.139123 -0.434420 -0.070018
v -0.139141 -0.434427 0.114019
v -0.139148 -0.434590 -0.010774
v -0.137319 -0.146154 0.136912
v -0.139120 -0.434506 0.052365
v -0.139095 -0.661852 0.113906
v -0.139131 -0.530387 0.114505
v -0.139127 -0.606792 0.114414
v -0.139143 -0.661894 -0.038148
v -0.139133 -0.661933 0.052021
v -0.139140 -0.610803 -0.115186
v -0.139130 -0.435987 -0.115154
v -0.139114 -0.531023 -0.115134
v -0.139104 -0.579569 -0.045021
v -0.139111 -0.496296 -0.024465
v -0.139108 -0.573894 0.045263
v -0.126904 -0.691943 -0.146018
v -0.120788 -0.429445 0.143323
v -0.110912 -0.339211 -0.156388
v -0.123974 -0.299614 0.047328
v -0.136963 -0.165859 0.008272
v -0.136900 -0.165785 0.108516
v -0.136903 -0.165877 0.054534
v -0.136951 -0.165888 -0.069946
v -0.136752 -0.146038 -0.137034
v -0.136725 -0.165641 -0.136034
v -0.136141 -0.166051 0.135208
v -0.101809 -0.741057 0.172567
v -0.126802 -0.349287 0.161882
v -0.117614 -0.925023 -0.241016
v -0.120912 -0.664711 0.143399
v -0.126807 -0.692310 -0.151587
v -0.089951 -0.356470 0.171191
v -0.103990 -0.738746 -0.172464
v -0.126741 -0.299778 -0.102040
v -0.135310 -0.170324 0.040830
v -0.135334 -0.170394 -0.088929
v -0.134310 -0.171571 0.131295
v -0.133844 -0.171439 -0.134295
v -0.134037 -0.171852 -0.038436
v -0.105092 -0.701269 0.156509
v -0.115930 -0.692296 0.150642
v -0.107302 -0.687308 0.143402
v -0.074400 -0.730510 0.168274
v -0.120706 -0.601014 -0.144348
v -0.078569 -0.299599 0.123697
v -0.120416 -0.667485 -0.144414
v -0.068932 -0.856001 -0.239913
v -0.130325 -0.144825 0.047971
v -0.130311 -0.144858 -0.130272
v -0.130236 -0.144951 0.129994
v -0.134041 -0.171820 -0.094426
v -0.133974 -0.171886 0.046645
v -0.134493 -0.254926 -0.085770
v -0.134403 -0.255168 0.082980
v -0.133773 -0.244459 -0.076958
v -0.132059 -0.242864 0.068207
v -0.132764 -0.238471 0.085391
v -0.132048 -0.250739 0.066700
v -0.131281 -0.235871 -0.092483
v -0.132056 -0.262780 -0.072992
v -0.131766 -0.260068 0.095700
v -0.130811 -0.239856 0.097254
v -0.131629 -0.248003 -0.100120
v -0.132947 -0.203178 -0.130748
v -0.132912 -0.175788 -0.026477
v -0.132980 -0.203191 -0.003218
v -0.132924 -0.175758 -0.092741
v -0.132917 -0.175778 0.055539
v -0.132686 -0.204570 0.131035
v -0.132888 -0.175796 0.128014
v -0.132631 -0.175553 -0.132815
v -0.132574 -0.729659 -0.169591
v -0.103823 -0.408696 -0.144363
v -0.123761 -0.404829 -0.151023
v -0.121667 -0.566852 0.143393
v -0.104721 -0.409026 0.143356
v -0.067079 -0.386788 -0.158597
v -0.130302 -0.270987 0.087532
v -0.132284 -0.204685 -0.060870
v -0.132153 -0.204708 0.036654
v -0.131830 -0.175938 0.131689
v -0.131710 -0.172042 0.132766
v -0.131937 -0.267245 -0.086326
v -0.131346 -0.264490 0.070321
v -0.131143 -0.264432 -0.096571
v -0.131168 -0.203335 -0.132813
v -0.131410 -0.205277 -0.130784
v -0.131267 -0.205333 0.129353
v -0.130272 -0.144770 -0.048554
v -0.129027 -0.230417 0.073673
v -0.127534 -0.255308 -0.058646
v -0.127776 -0.232172 -0.066858
v -0.128883 -0.243696 -0.062418
v -0.125260 -0.691479 0.144823
v -0.085341 -0.849663 -0.177512
v -0.104640 -0.162995 0.140358
v -0.120152 -0.430130 -0.144244
v -0.078790 -0.359043 -0.173018
v -0.126622 -0.165631 -0.136806
v -0.127355 -0.163095 -0.141281
v -0.129621 -0.205435 -0.057992
v -0.129969 -0.205336 0.038368
v -0.130114 -0.202594 0.131855
v -0.129796 -0.141833 -0.048574
v -0.129883 -0.132241 0.079457
v -0.129998 -0.134665 -0.031323
v -0.129885 -0.136329 -0.124692
v -0.129780 -0.140981 0.127093
v -0.129193 -0.141589 -0.129163
v -0.126810 -0.245247 -0.109663
v -0.126591 -0.226338 -0.093794
v -0.127589 -0.095362 0.039081
v -0.128170 -0.104813 -0.046447
v -0.127325 -0.095925 -0.124036
v -0.125293 -0.260403 -0.111049
v -0.125160 -0.279677 -0.075025
v -0.126836 -0.272645 0.066623
v -0.127012 -0.241675 0.106099
v -0.125282 -0.272776 -0.064703
v -0.125980 -0.276451 -0.096673
v -0.127416 -0.268096 0.100903
v -0.123864 -0.274474 -0.104944
v -0.128300 -0.254060 0.105763
v -0.128267 -0.115632 0.126141
v -0.125191 -0.222233 0.081410
v -0.091297 -0.845728 -0.173561
v -0.107194 -0.146858 0.138468
v -0.079793 -0.372375 -0.168623
v -0.126717 -0.084944 0.122187
v -0.079129 -0.382601 -0.159638
v -0.125982 -0.231298 0.063005
v -0.126131 -0.233925 -0.104845
v -0.126271 -0.254447 0.055329
v -0.125426 -0.280785 0.080863
v -0.124268 -0.244059 0.052958
v -0.127393 -0.141227 0.128934
v -0.126403 -0.077308 -0.069051
v -0.124299 -0.282262 -0.088850
v -0.124566 -0.068605 -0.124604
v -0.123841 -0.266289 -0.057612
v -0.124331 -0.101352 -0.127531
v -0.123230 -0.265801 0.054709
v -0.125560 -0.083684 0.124696
v -0.123558 -0.220320 -0.087836
v -0.078312 -0.145031 0.130571
v -0.120689 -0.497455 -0.144346
v -0.081176 -0.727902 -0.170185
v -0.122573 -0.221525 0.069033
v -0.046529 -0.301223 -0.154451
v -0.075830 -0.160099 0.141892
v -0.120123 -0.392498 -0.156373
v -0.127246 -0.226279 -0.075318
v -0.126208 -0.225617 0.091044
v -0.125377 -0.133696 -0.129645
v -0.124064 -0.096863 0.126433
v -0.124248 -0.042579 -0.038572
v -0.123332 -0.028446 0.040248
v -0.121520 -0.283811 0.092413
v -0.120336 -0.240915 -0.116522
v -0.124462 -0.056732 0.122205
v -0.121422 -0.264801 0.112298
v -0.122211 -0.241309 -0.053012
v -0.122011 -0.224999 0.101378
v -0.120796 -0.521982 0.143316
v -0.121512 -0.231088 0.055550
v -0.121654 -0.232650 0.109101
v -0.115089 -0.703126 0.157575
v -0.061288 -0.707046 -0.158082
v -0.124173 -0.043844 0.100558
v -0.121311 -0.282204 0.067733
v -0.122658 -0.066331 0.124394
v -0.123376 -0.038627 -0.121479
v -0.118866 -0.256082 -0.048106
v -0.122508 -0.023599 0.119969
v -0.119829 -0.255590 0.116717
v -0.117481 -0.239486 0.117433
v -0.121686 -0.040939 0.122718
v -0.116471 -0.250291 -0.121584
v -0.118855 -0.228963 -0.055399
v -0.119842 -0.349263 0.161822
v -0.121004 -0.040850 -0.123564
v -0.121550 -0.277417 0.103050
v -0.116131 -0.205715 -0.087862
v -0.119139 -0.275557 0.056100
v -0.075249 -0.171952 -0.133803
v -0.119131 -0.258067 0.047472
v -0.108156 -0.205451 -0.131082
v -0.096951 -0.148312 -0.141461
v -0.104059 -0.205563 0.054205
v -0.070354 -0.847849 0.173295
v -0.119389 -0.220206 -0.101414
v -0.114893 -0.298730 0.075985
v -0.112010 -0.298779 -0.068552
v -0.122818 -0.021581 -0.094535
v -0.117565 -0.288943 -0.077659
v -0.119563 0.019078 -0.117569
v -0.120482 0.017241 -0.007580
v -0.118229 -0.280303 -0.060961
v -0.119591 0.026671 -0.101005
v -0.115107 -0.275237 0.113106
v -0.117693 -0.231287 -0.114721
v -0.120204 -0.000597 -0.119916
v -0.116788 -0.274283 -0.113829
v -0.120361 0.014652 0.102711
v -0.118077 -0.217042 -0.069178
v -0.120706 0.001597 0.118158
v -0.115558 -0.219842 0.104726
v -0.079194 -0.384784 0.157566
v -0.107998 -0.688060 -0.144363
v -0.093943 -0.301206 0.154082
v -0.116087 -0.205553 0.076259
v -0.065447 -0.339116 0.155657
v -0.106077 -0.205712 -0.107757
v -0.114722 -0.212211 0.074940
v -0.063620 -0.716256 -0.167466
v -0.029492 -0.726231 0.169221
v -0.140324 -0.154002 -0.143286
v -0.077160 -0.129361 0.128772
v -0.088928 -0.404900 -0.151043
v -0.103717 -0.737856 -0.169641
v -0.110694 -0.059923 -0.125209
v -0.120046 -0.662259 -0.143713
v -0.115256 -0.240260 0.044849
v -0.116534 -0.289473 -0.093633
v -0.120190 -0.461832 0.142615
v -0.120124 -0.604257 0.142659
v -0.116252 -0.290700 0.081161
v -0.118505 0.047773 -0.004589
v -0.114397 -0.240357 -0.045776
v -0.119559 -0.595001 -0.143214
v -0.119526 -0.521423 -0.143117
v -0.113689 -0.269475 -0.048026
v -0.116886 -0.219953 0.061113
v -0.118888 -0.663448 -0.140871
v -0.118170 0.018230 0.118764
v -0.118754 0.031238 0.116162
v -0.118529 0.045125 0.072958
v -0.114334 -0.264203 -0.120833
v -0.110383 -0.699104 -0.152280
v -0.075274 -0.699783 0.152051
v -0.109925 -0.205724 -0.065515
v -0.112336 -0.205654 0.098063
v -0.094674 -0.153853 0.142409
v -0.079365 -0.142346 -0.129733
v -0.118002 -0.436595 -0.140301
v -0.103301 -0.738206 0.169023
v -0.095311 -0.796037 -0.173623
v -0.099664 -0.380312 0.161368
v -0.102007 -0.397725 0.154333
v -0.081866 -0.159067 -0.143031
v -0.076709 -0.350240 -0.163633
v -0.076300 -0.165476 0.136200
v -0.114369 -0.298847 -0.093445
v -0.114490 -0.285483 0.061452
v -0.105208 -0.298517 0.104241
v -0.116810 0.065262 0.112654
v -0.114377 -0.298726 0.090559
v -0.104593 -0.298600 -0.041039
v -0.115559 -0.211937 -0.083913
v -0.116544 -0.431008 -0.140961
v -0.113517 -0.288772 -0.067034
v -0.110577 -0.247525 0.040208
v -0.112297 -0.223084 0.052042
v -0.116520 0.045027 0.116855
v -0.116197 -0.666407 -0.142853
v -0.112883 -0.289078 0.099127
v -0.117786 -0.431946 0.139764
v -0.117367 -0.214196 0.089644
v -0.117830 -0.541699 0.139736
v -0.117817 -0.664694 0.139798
v -0.115626 0.091430 0.052055
v -0.117135 0.017679 -0.119602
v -0.115792 0.083607 -0.100183
v -0.117227 -0.667637 0.143413
v -0.117621 -0.578941 -0.140064
v -0.110517 -0.273904 0.046649
v -0.116578 0.077759 -0.029325
v -0.115857 0.064410 0.115018
v -0.112092 -0.284702 -0.108855
v -0.111912 -0.219108 -0.109669
v -0.116587 0.060246 -0.115376
v -0.093358 -0.172115 0.132650
v -0.099381 -0.735123 -0.167395
v -0.113173 -0.264462 0.120229
v -0.108340 -0.294703 0.070542
v -0.110603 -0.211875 0.065782
v -0.110714 -0.294600 -0.077890
v -0.112656 -0.211806 -0.095313
v -0.111468 -0.248953 0.123285
v -0.109855 -0.224755 0.115355
v -0.113464 0.115607 -0.110649
v -0.109267 -0.239271 -0.124212
v -0.111723 -0.211265 0.094945
v -0.113439 0.125164 -0.067536
v -0.107127 -0.285625 0.110731
v -0.114998 -0.434976 -0.139103
v -0.114928 -0.662079 0.138243
v -0.112978 0.081741 -0.115519
v -0.114797 -0.434924 0.138124
v -0.115176 -0.662018 -0.139133
v -0.115077 0.091588 0.111662
v -0.115119 -0.507144 -0.139084
v -0.115199 -0.591449 -0.139118
v -0.114940 -0.596347 0.138168
v -0.114991 -0.509852 0.138171
v -0.083744 -0.697470 0.151068
v 0.009648 -0.204862 0.130909
v -0.102208 -0.404383 0.149857
v -0.110490 -0.691405 0.144796
v -0.118132 -0.006547 0.120583
v -0.109484 -0.298420 0.065200
v -0.103790 -0.298511 0.028050
v -0.114307 -0.664915 -0.140348
v -0.109046 -0.217654 -0.056664
v -0.107219 -0.261839 0.039648
v -0.109533 -0.281063 -0.052930
v -0.113122 0.080804 0.114776
v -0.112414 0.139594 0.083444
v -0.112638 0.140174 -0.009398
v -0.112279 0.105690 0.113165
v -0.112155 0.120085 -0.112262
v -0.104211 -0.011317 -0.122098
v -0.107009 -0.232862 0.042097
v -0.076931 -0.405800 0.144172
v -0.067735 -0.708539 0.157376
v -0.066099 -0.951152 -0.155023
v -0.092787 -0.702830 0.157563
v -0.100024 -0.298287 0.055896
v -0.112839 0.123173 0.110256
v -0.109955 -0.225865 -0.049764
v -0.107609 -0.263487 -0.041552
v -0.111524 -0.208218 -0.079907
v -0.109512 -0.208110 -0.095095
v -0.111729 -0.208448 0.078121
v -0.111789 -0.208607 -0.087806
v -0.111837 -0.208465 0.085908
v -0.105257 -0.223248 -0.118536
v -0.103912 -0.257130 -0.128133
v -0.109108 -0.211666 -0.066397
v -0.107912 -0.295036 0.093320
v -0.110351 0.140692 0.110783
v -0.110891 0.156447 -0.108432
v -0.110731 0.168930 -0.043687
v -0.086661 -0.366104 0.172227
v -0.094502 -0.101728 -0.127933
v -0.107315 -0.298801 -0.103542
v -0.106372 -0.392519 -0.156482
v -0.096359 0.040443 0.117663
v -0.073910 -0.380639 -0.162286
v -0.109485 -0.208070 -0.073230
v -0.110343 0.162528 0.108246
v -0.110620 0.167839 0.071181
v -0.105483 -0.284561 0.051773
v -0.109358 -0.208289 0.069151
v -0.109510 -0.294723 -0.093331
v -0.110158 -0.207485 0.093088
v -0.110338 -0.294977 0.077353
v -0.110098 -0.294947 0.087778
v -0.104426 -0.242208 0.126053
v -0.103625 -0.289180 -0.056985
v -0.102120 -0.294707 -0.103013
v -0.104736 -0.208938 -0.102023
v -0.104629 -0.259446 0.126308
v -0.106679 -0.294860 -0.069186
v -0.102328 -0.275998 0.121432
v -0.104865 -0.234684 -0.042012
v -0.108669 0.200101 -0.066034
v -0.108965 0.181913 -0.107468
v -0.107740 0.210686 0.081746
v -0.108093 0.150224 -0.111301
v -0.108644 0.201209 0.028620
v -0.100210 -0.228721 0.122988
v -0.071488 -0.163293 -0.141101
v -0.069511 -0.711406 -0.159832
v -0.027974 -0.852039 -0.205835
v -0.068233 -0.374585 0.163309
v -0.098461 0.089520 -0.115507
v -0.101996 -0.205865 0.108958
v -0.101511 -0.208878 0.060618
v -0.102664 -0.269442 -0.125386
v -0.107167 -0.276276 -0.119870
v -0.106755 -0.208072 0.098604
v -0.106052 0.236686 -0.086513
v -0.108945 0.184928 0.106432
v -0.106211 0.201220 0.107085
v -0.105528 -0.214550 0.108426
v -0.104317 -0.294837 0.099068
v -0.107166 0.214001 0.104162
v -0.089740 -0.374793 -0.163922
v -0.015408 -0.361100 0.172619
v -0.099964 -0.205535 0.128564
v -0.099014 -0.299006 -0.110092
v -0.077609 -0.146237 0.137483
v -0.106839 0.228963 -0.004684
v -0.105712 -0.295161 -0.099358
v -0.099360 -0.211649 -0.057564
v -0.104465 -0.294988 0.064921
v -0.105129 -0.208074 -0.065571
v -0.101995 -0.231839 -0.125018
v -0.104956 -0.208160 0.063719
v -0.105209 0.199933 -0.107974
v -0.105949 0.229776 -0.103877
v -0.104697 0.256708 0.079451
v -0.104614 0.246344 0.102841
v -0.104867 0.236063 -0.104455
v -0.103390 0.279738 0.048294
v -0.104836 0.257781 -0.053406
v -0.104516 0.228062 0.105276
v -0.077067 -0.691960 -0.146363
v -0.092412 -0.711469 0.160251
v -0.098442 -0.205642 -0.054932
v -0.090790 -0.349459 0.161949
v -0.050084 -0.058428 0.124248
v -0.049858 -0.175896 -0.132967
v -0.084727 -0.205645 -0.114962
v -0.073063 -0.851012 0.194136
v -0.060263 -0.434317 -0.139114
v -0.069996 -0.409048 0.143270
v -0.099948 -0.208130 -0.061338
v -0.102018 -0.207950 0.103521
v -0.099760 -0.279589 -0.045976
v -0.095551 -0.246658 -0.130782
v -0.098519 -0.212061 0.054999
v -0.097197 -0.217771 0.047816
v -0.101215 0.250132 -0.104792
v -0.102917 0.288410 -0.019965
v -0.103018 0.275923 0.098953
v -0.102547 0.262950 0.102761
v -0.102886 0.282888 -0.085699
v -0.094752 -0.699124 -0.152261
v -0.102029 0.031881 -0.119237
v -0.093494 -0.298350 -0.054402
v -0.094872 -0.691252 0.144856
v -0.040605 -0.148017 0.140092
v -0.075248 -0.845407 0.172521
v -0.041835 -0.203237 0.131819
v -0.107225 0.167971 0.109280
v -0.086449 -0.141226 0.128998
v -0.035892 -0.132055 -0.129780
v -0.102399 0.277457 -0.101284
v -0.097176 -0.277023 0.042206
v -0.102547 -0.211539 0.106122
v -0.100021 -0.221767 -0.047078
v -0.095933 -0.262848 0.035678
v -0.099441 -0.295175 -0.062336
v -0.100561 -0.208264 -0.105050
v -0.096595 -0.237867 0.036254
v -0.095741 -0.211984 -0.111830
v -0.095769 -0.249582 0.034192
v -0.098782 -0.288277 -0.114048
v -0.093017 -0.233670 -0.038521
v -0.100840 0.318017 0.065515
v -0.098391 0.347134 -0.094366
v -0.100748 0.286180 0.101235
v -0.093599 -0.257735 -0.035587
v -0.093977 -0.218581 0.117819
v -0.101153 0.302744 0.098397
v -0.052392 -0.170394 -0.135098
v -0.085246 -0.400190 -0.152775
v -0.071876 -0.390171 -0.158670
v -0.034639 -0.950733 0.238447
v -0.059905 -0.434384 0.138152
v -0.099301 -0.294850 0.102937
v -0.018489 -0.431001 0.140406
v -0.099432 -0.295384 0.061025
v -0.096155 -0.224731 0.042376
v -0.100218 0.313194 -0.098302
v -0.094555 -0.269092 0.126970
v -0.096929 -0.207757 0.057765
v -0.104163 -0.247414 -0.038553
v -0.092449 -0.268953 -0.038325
v -0.100765 0.320237 -0.056392
v -0.092803 -0.264646 -0.129652
v -0.099277 0.344674 -0.032660
v -0.089901 -0.237087 0.128525
v -0.099161 0.295132 -0.101607
v -0.099149 0.345296 0.053512
v -0.098523 0.319699 0.099195
v -0.099061 0.337275 0.095369
v -0.060033 -0.951120 -0.237102
v -0.055330 -0.701665 -0.158084
v -0.031772 -0.366039 -0.173018
v -0.080142 -0.355125 -0.171306
v -0.085613 -0.692275 -0.151588
v -0.092040 -0.283383 -0.120574
v -0.094180 -0.294699 -0.107217
v -0.094079 -0.207963 0.108095
v -0.093408 -0.224254 -0.123169
v -0.093831 -0.294866 0.105765
v -0.096659 0.384144 0.032896
v -0.097607 0.337808 -0.098250
v -0.096006 0.388634 -0.080844
v -0.096575 0.345374 0.097613
v -0.095557 0.391312 0.091152
v -0.091618 -0.219191 -0.046904
v -0.096100 0.392122 -0.032803
v -0.050248 -0.667046 -0.144365
v -0.093923 -0.298547 0.110249
v -0.097223 0.360046 0.094929
v -0.037548 -0.668249 0.143482
v -0.058228 -0.405697 -0.146345
v -0.093649 -0.294878 0.057775
v -0.091173 -0.255141 0.130749
v -0.090445 -0.242361 -0.035877
v -0.094708 -0.207915 -0.108566
v -0.092960 -0.211644 0.110728
v -0.088418 -0.232881 -0.128309
v -0.094593 0.355662 -0.097791
v -0.094429 0.412988 0.076378
v -0.094339 0.387829 -0.094939
v -0.095405 0.378419 0.094441
v -0.053256 -0.661894 0.138214
v -0.081737 -0.165618 -0.136833
v -0.080350 -0.205352 0.016504
v -0.065073 0.169764 -0.110605
v -0.073123 0.275744 0.102604
v -0.093632 0.416858 -0.090864
v -0.091885 -0.294875 -0.058257
v -0.086257 -0.261956 0.130081
v -0.093300 -0.208251 -0.057934
v -0.088953 -0.286044 0.046984
v -0.088980 -0.286571 0.116996
v -0.091942 -0.208838 0.056292
v -0.092997 0.404601 0.093442
v -0.092213 0.451183 0.049647
v -0.092182 0.451858 -0.042109
v -0.093394 0.420498 0.090879
v -0.052190 -0.205495 -0.129875
v -0.063389 -0.692211 0.150558
v -0.001383 -0.848327 -0.175022
v -0.044893 -0.951133 0.147693
v -0.083079 -0.298511 -0.052867
v -0.059747 -0.429278 0.143337
v -0.092405 0.443268 -0.075109
v -0.067047 -0.666925 0.142894
v -0.103154 -0.733960 0.165562
v -0.087832 -0.236765 0.035142
v -0.091346 0.423404 -0.093064
v -0.090638 0.458629 -0.089260
v -0.090627 0.435942 0.091452
v -0.091523 0.448981 0.088659
v -0.080432 -0.205380 -0.027839
v -0.054063 -0.854922 -0.237267
v -0.051245 -0.548266 -0.139079
v -0.071563 -0.616391 -0.139095
v -0.073554 -0.738139 0.168892
v -0.090963 -0.285058 -0.047735
v -0.086671 0.403021 -0.094946
v -0.086155 -0.294658 0.107175
v -0.088233 0.495910 -0.085919
v -0.088617 0.505580 0.028846
v -0.087870 0.512217 -0.065788
v -0.088862 0.463647 0.089617
v -0.088323 0.503143 0.072881
v -0.089443 0.477959 0.086923
v -0.088491 0.506596 -0.041853
v -0.063674 -0.344578 0.161425
v -0.074558 -0.687894 -0.144347
v -0.083052 -0.298372 0.052313
v -0.027445 -0.144586 -0.129997
v -0.037586 -0.092490 0.126425
v -0.063895 -0.344310 -0.162056
v -0.070111 0.306122 -0.101562
v -0.086570 -0.278840 0.122947
v -0.078477 -0.244727 -0.035151
v -0.085193 -0.294976 0.056630
v -0.083757 -0.273456 -0.126888
v -0.081050 -0.223070 -0.043646
v -0.085781 -0.209631 0.054575
v -0.081679 -0.208529 -0.109616
v -0.078378 -0.255747 0.033281
v -0.087973 -0.271028 0.037379
v -0.087580 0.506180 0.084734
v -0.087662 0.467104 -0.090327
v -0.086749 0.495481 0.087417
v -0.081581 -0.404362 0.149914
v -0.079066 -0.211510 0.110746
v -0.079137 -0.699475 -0.152369
v -0.081110 -0.205626 -0.052592
v -0.079253 -0.691354 0.144792
v -0.091501 -0.397936 -0.156024
v -0.079093 -0.208012 0.108609
v -0.075301 0.365967 -0.097612
v -0.093280 0.380556 0.095299
v -0.061794 0.138045 -0.112658
v -0.085517 -0.209146 -0.056919
v -0.077634 -0.225756 0.123058
v -0.085665 -0.223234 0.041997
v -0.082358 -0.216212 -0.117640
v -0.079245 -0.289874 0.049701
v -0.083612 0.572694 -0.072380
v -0.084244 0.571345 -0.000647
v -0.085084 0.517051 -0.086816
v -0.085016 0.522977 0.085458
v -0.085135 0.540751 -0.083114
v -0.080725 -0.284376 -0.119653
v -0.080121 -0.218119 0.117794
v -0.043925 -0.303040 -0.155986
v -0.051528 0.221640 0.106147
v -0.078542 -0.229324 -0.040240
v -0.052321 -0.722909 0.169203
v -0.054728 -0.392567 -0.156531
v -0.027330 -0.951150 -0.102500
v -0.018048 -0.919122 -0.241012
v -0.081394 -0.255254 -0.131508
v -0.077547 -0.271362 0.126149
v -0.057522 0.303586 0.100834
v -0.080342 -0.294701 -0.108184
v -0.078284 -0.219620 -0.046109
v -0.069235 0.453633 -0.091832
v -0.084091 0.571671 -0.048831
v -0.084609 0.563074 0.054880
v -0.085406 0.539868 0.082087
v -0.082754 0.557229 -0.083481
v -0.082344 0.551863 0.083767
v -0.080334 -0.285698 -0.047716
v -0.083577 0.566629 0.080822
v -0.080246 -0.267730 -0.037701
v -0.080846 -0.294673 -0.056907
v -0.080182 -0.283325 0.044219
v -0.080548 -0.205396 0.051943
v -0.080696 -0.258650 -0.035357
v -0.080516 -0.277006 0.040266
v -0.078407 -0.212993 -0.053188
v -0.078624 -0.249193 0.033391
v -0.077516 -0.206760 -0.056037
v -0.070561 -0.397694 0.154324
v -0.048113 -0.000965 0.120529
v -0.030813 -0.169623 0.134311
v -0.094245 -0.951121 0.194471
v -0.080329 -0.267818 0.035880
v -0.081306 0.593456 -0.079898
v -0.074883 -0.246632 0.129325
v -0.080333 0.622627 0.066333
v -0.080437 0.627323 0.032431
v -0.080610 0.624158 -0.043231
v -0.078723 -0.235213 0.036153
v -0.080736 0.584470 0.081283
v -0.078370 -0.212292 0.052222
v -0.078638 -0.219770 0.045120
v -0.078907 -0.236348 -0.037568
v -0.074135 -0.236183 0.126790
v -0.079466 -0.225750 -0.124253
v -0.073826 -0.241723 -0.129383
v -0.078506 -0.294715 0.106362
v -0.067930 0.489757 0.088501
v -0.072792 -0.349465 0.161867
v -0.049860 0.073208 0.115779
v -0.062131 0.183369 0.108556
v -0.074009 -0.949230 0.239739
v -0.050262 -0.000391 -0.121569
v -0.057269 0.361636 0.097018
v -0.052261 -0.339271 -0.156385
v -0.055470 -0.342400 -0.157937
v -0.044671 -0.734965 -0.167383
v -0.081014 -0.276060 -0.041530
v -0.078041 0.574921 -0.083304
v -0.081042 0.597320 0.079215
v -0.078054 0.650001 -0.074460
v -0.079120 0.624228 0.077424
v -0.074662 -0.265202 -0.128649
v -0.078541 -0.227061 0.040105
v -0.078769 -0.208644 0.056273
v -0.023271 -0.908383 0.240015
v -0.025527 -0.854577 0.234090
v -0.043563 -0.951146 0.072254
v -0.078874 0.204349 -0.108240
v -0.055324 0.050000 -0.118233
v -0.055509 -0.352539 -0.168665
v -0.077303 0.671302 -0.053793
v -0.062795 -0.737012 -0.168392
v -0.079140 -0.295951 -0.054224
v -0.079239 -0.296319 0.053906
v -0.077790 0.612038 0.079592
v -0.077516 -0.263876 -0.034296
v -0.077528 0.634268 -0.078484
v -0.076588 0.683643 0.000310
v -0.077521 -0.268776 -0.032511
v -0.078224 -0.281382 0.037584
v -0.077419 -0.264968 0.031634
v -0.077222 0.671180 0.053871
v -0.071805 -0.295555 -0.104676
v -0.070519 -0.256086 0.128307
v -0.075237 -0.208129 -0.108523
v -0.076934 0.641185 0.077278
v -0.079652 -0.299222 -0.113324
v -0.035347 -0.687297 0.143376
v -0.063587 -0.701820 0.157374
v -0.070132 0.432469 0.092241
v -0.063477 0.520557 -0.087387
v -0.076783 -0.213823 -0.047784
v -0.077520 0.652679 0.074186
v -0.077047 -0.206941 0.052430
v -0.076599 -0.229059 -0.035495
v -0.076472 -0.209141 0.011203
v -0.074525 0.698360 -0.072022
v -0.076571 -0.231366 0.032152
v -0.068106 -0.230437 -0.123718
v -0.068122 -0.252921 -0.128868
v -0.071892 -0.295388 0.103553
v -0.075133 0.666403 0.075605
v -0.065058 -0.374839 -0.163773
v -0.040738 -0.029479 0.122372
v -0.062757 -0.749860 0.172533
v -0.050529 -0.151806 0.141885
v -0.040677 -0.054829 -0.125066
v -0.053976 0.121830 0.112632
v -0.002738 -0.362397 -0.173443
v -0.043242 -0.379962 0.161478
v 0.004627 -0.146061 -0.136960
v -0.075479 0.686563 0.070738
v -0.073923 0.718001 0.040139
v -0.072281 0.708146 -0.073414
v -0.072981 0.632293 -0.079508
v -0.073131 0.727128 -0.054501
v -0.073804 0.691090 0.073348
v -0.071596 -0.211602 -0.108861
v -0.070459 -0.284528 -0.116644
v -0.070114 -0.292004 0.106522
v -0.072809 -0.280645 0.119957
v -0.069932 -0.271518 -0.124877
v -0.069720 -0.208543 0.103839
v -0.066047 -0.712605 0.162285
v -0.017553 -0.857192 0.239598
v -0.052396 0.245676 -0.105668
v -0.044959 -0.404968 -0.151019
v -0.049994 -0.739344 -0.173559
v -0.073419 0.709199 0.071039
v -0.063110 -0.267983 0.122444
v -0.069479 -0.208139 -0.105112
v -0.066171 -0.217378 -0.113047
v -0.066686 -0.211391 0.104302
v -0.071056 0.724225 0.071581
v -0.070090 0.762564 0.065513
v -0.070498 0.751430 -0.068399
v -0.063362 -0.699252 -0.152446
v -0.064518 -0.690834 0.144575
v -0.063418 -0.173163 0.131846
v -0.056936 -0.951147 -0.037157
v -0.071708 0.736477 0.067538
v -0.073425 0.669348 -0.076720
v -0.071598 0.750541 0.016207
v -0.067629 -0.292266 -0.105011
v -0.069083 0.784307 0.032217
v -0.062066 -0.232561 0.120639
v -0.066887 0.810241 -0.053920
v -0.069274 0.782309 -0.020641
v -0.069784 0.746943 0.069407
v -0.059424 -0.298557 -0.100021
v -0.062020 -0.271410 -0.121429
v -0.037244 -0.662000 -0.139092
v -0.025713 0.321747 0.099766
v -0.008575 -0.585579 0.138170
v -0.049167 -0.163263 0.140020
v -0.032630 -0.150430 -0.142572
v -0.069463 0.695728 0.074149
v -0.055422 0.657059 0.077353
v -0.066993 0.769410 -0.069220
v -0.067144 0.771355 0.068201
v -0.059946 -0.280427 0.112826
v -0.066446 0.807086 -0.064506
v -0.073046 -0.298484 0.109251
v -0.071102 -0.205702 0.110474
v -0.048421 -0.734021 0.165544
v -0.054437 0.087929 -0.115855
v -0.035309 -0.390088 0.157202
v -0.041033 -0.353041 0.168556
v -0.048574 0.596419 -0.082432
v -0.060588 0.611689 0.080323
v -0.054775 -0.692198 -0.151572
v -0.064725 0.806387 -0.066451
v -0.065032 0.743830 -0.071534
v -0.068189 0.787001 0.064616
v -0.065520 -0.295529 0.098313
v -0.064174 0.843355 0.059895
v -0.062592 -0.211585 -0.101600
v -0.065642 -0.217241 0.111781
v -0.064826 0.840122 0.012451
v -0.065511 0.799830 0.066053
v -0.063058 -0.295480 -0.096852
v -0.029253 -0.797084 -0.173607
v -0.037416 -0.147185 -0.139915
v -0.062742 -0.207855 -0.098572
v -0.061142 -0.225039 0.115611
v -0.065740 0.815013 0.063647
v -0.058003 -0.223832 -0.113097
v -0.063094 0.856389 -0.060422
v -0.060573 -0.249025 0.123732
v -0.063347 0.832046 0.063674
v -0.059178 -0.284431 -0.109179
v -0.059849 -0.298276 0.098199
v -0.063711 0.855456 -0.046524
v -0.067404 -0.205818 -0.108578
v -0.050011 -0.392682 0.155003
v -0.009866 -0.845634 -0.173581
v -0.034637 -0.301102 0.153213
v -0.009213 -0.204578 -0.132209
v 0.006932 -0.850282 -0.186382
v -0.058384 -0.948952 0.239915
v -0.059864 -0.292231 0.094798
v -0.062186 -0.207847 0.095964
v -0.063526 0.855917 0.058776
v -0.058346 -0.262022 0.121077
v -0.061834 -0.287785 0.106060
v -0.056262 -0.244049 -0.121607
v -0.054062 -0.235504 -0.117175
v -0.062503 0.858138 -0.002530
v -0.062112 0.856020 0.061694
v -0.061951 0.855458 -0.062642
v -0.059029 -0.291979 -0.095676
v -0.061629 -0.295393 0.091525
v -0.052253 -0.400216 -0.152750
v -0.017003 -0.371949 0.168531
v -0.056381 -0.258904 -0.121666
v -0.059345 -0.295023 -0.088235
v -0.056161 0.866386 0.054307
v -0.059698 -0.208456 0.089892
v -0.060103 -0.295552 0.084390
v -0.059758 -0.208178 -0.091778
v -0.058951 -0.211991 0.095586
v -0.063360 0.539836 0.085144
v -0.026026 -0.205420 0.128928
v -0.025276 0.501169 -0.088951
v 0.020408 -0.847443 0.173053
v -0.010844 0.290163 -0.102810
v -0.031467 -0.384615 0.157668
v -0.048321 0.658943 -0.078172
v -0.056818 0.721578 0.072585
v -0.054699 0.791947 0.067301
v -0.053236 -0.219664 0.102174
v -0.056931 -0.211441 -0.091161
v -0.053155 -0.241151 0.116991
v -0.053950 0.856167 0.062793
v -0.057688 -0.205694 -0.097660
v -0.052143 -0.268197 -0.115278
v -0.055030 0.867782 -0.054304
v -0.058447 -0.294889 -0.080393
v -0.006619 -0.367373 0.171718
v -0.040780 -0.688029 -0.144335
v -0.019653 -0.730461 -0.169223
v -0.073818 -0.719463 -0.169206
v 0.019560 -0.664853 -0.140339
v -0.058073 -0.207787 0.078751
v -0.057024 -0.207629 -0.079210
v -0.051599 -0.223396 -0.105890
v -0.058251 -0.294435 0.079344
v -0.049632 -0.283713 -0.096104
v -0.055507 -0.211782 0.086231
v -0.055951 -0.205705 0.090646
v -0.056269 -0.296937 -0.079519
v -0.055215 -0.298106 0.079877
v -0.047404 0.880291 -0.044265
v -0.025502 -0.699555 0.151600
v -0.048550 -0.711466 0.160125
v -0.028849 -0.500193 0.138151
v -0.051967 -0.429629 -0.144256
v -0.025862 0.551792 0.084542
v -0.060152 0.855907 -0.063547
v -0.055073 -0.211837 0.078495
v -0.050674 0.871946 0.052014
v -0.052320 -0.288923 0.080699
v -0.054691 -0.212174 -0.078458
v -0.052301 -0.283940 0.099262
v -0.053463 -0.205973 -0.078056
v -0.054101 -0.206066 0.078039
v -0.023944 -0.738914 0.171848
v -0.029907 -0.397937 -0.155993
v -0.028358 0.413465 -0.094782
v -0.035269 -0.163612 -0.140641
v -0.049905 -0.290388 -0.078927
v -0.040820 -0.738163 0.168862
v -0.050788 -0.287695 -0.082426
v -0.051626 -0.230099 0.110191
v -0.049209 -0.217281 -0.078397
v -0.040572 0.890434 0.037849
v -0.050464 -0.294281 0.078008
v -0.048005 -0.691411 0.144841
v -0.049206 -0.252463 -0.115873
v -0.051186 -0.209275 0.076084
v -0.039834 -0.397732 0.154296
v -0.049404 -0.274994 -0.107361
v -0.029517 -0.713513 -0.164644
v -0.039249 -0.697484 -0.151966
v -0.047467 -0.256078 0.112363
v -0.048500 -0.219438 -0.090679
v -0.046994 -0.274101 0.102390
v -0.047737 -0.219150 0.078707
v -0.045909 -0.222961 0.091026
v -0.026004 -0.349472 0.161871
v -0.036696 -0.404397 0.149955
v -0.044107 -0.408779 -0.144345
v -0.014502 0.035768 0.118215
v -0.012633 0.544457 -0.086021
v -0.007119 -0.146291 0.137567
v -0.029624 -0.298535 0.104428
v -0.013502 -0.703103 -0.158339
v -0.038965 0.364650 -0.097927
v -0.020610 -0.737814 -0.169597
v -0.018010 -0.399813 0.151799
v -0.047675 0.879244 0.045731
v -0.041889 0.889307 -0.001334
v -0.050099 -0.267645 0.111582
v -0.046785 -0.283845 0.078335
v -0.050094 -0.209657 -0.076640
v -0.000526 -0.741140 0.172588
v 0.002877 -0.849692 -0.177528
v 0.007839 -0.951089 0.235730
v -0.049822 0.809026 -0.067012
v 0.023096 -0.159912 0.141909
v -0.015234 0.674566 0.076381
v -0.023907 -0.702624 0.157568
v 0.021686 -0.303457 0.155579
v -0.039869 0.888295 -0.042145
v -0.045086 0.876582 -0.049950
v -0.042726 -0.253288 -0.106960
v -0.043722 -0.265778 -0.104578
v -0.046016 -0.240701 0.108752
v -0.043504 -0.239850 -0.105975
v -0.044388 -0.229034 -0.098368
v -0.045037 -0.227727 0.097073
v -0.046345 -0.282121 -0.080651
v -0.012583 -0.296264 -0.078976
v -0.018974 -0.344512 0.161405
v -0.011109 0.508930 0.087451
v 0.008242 0.108957 -0.114565
v -0.018380 0.607603 0.080936
v -0.053263 -0.298416 -0.084053
v 0.068625 -0.299664 -0.121255
v -0.041793 -0.229515 -0.089194
v -0.042660 -0.226273 -0.078586
v -0.044566 -0.277858 0.089546
v -0.041368 -0.272218 -0.090879
v -0.044454 -0.279494 0.080090
v -0.021278 -0.691945 -0.146142
v -0.027528 -0.145016 0.130496
v -0.014496 -0.948991 0.239902
v 0.012982 0.335046 -0.099928
v -0.001531 0.435033 0.092304
v -0.006111 0.457893 -0.091827
v 0.002986 0.180141 0.108891
v -0.003151 0.776125 0.068784
v 0.008226 -0.409013 0.143302
v -0.041650 0.885818 0.042850
v -0.040783 -0.239511 0.097958
v -0.042058 -0.275329 -0.080406
v -0.039532 -0.264985 0.093066
v -0.042337 -0.227490 0.078701
v -0.041283 -0.278771 0.077223
v -0.004326 -0.165609 -0.136820
v -0.008344 -0.709264 0.157419
v -0.042831 -0.949222 0.239730
v -0.014397 0.721890 0.072899
v -0.016406 -0.692345 -0.151665
v 0.062086 -0.157319 -0.143387
v 0.001292 -0.158762 -0.143149
v 0.037911 -0.728647 -0.169939
v 0.002876 -0.205391 -0.081107
v 0.001240 -0.209648 -0.076547
v 0.024599 -0.342502 0.157697
v -0.038833 -0.237611 0.088962
v -0.040479 -0.272412 0.078292
v -0.040407 -0.253616 0.100545
v -0.036563 -0.273827 -0.077776
v -0.036612 0.896466 -0.034226
v -0.032596 -0.690947 0.144613
v 0.030370 -0.429503 -0.144276
v -0.001454 0.818106 0.065704
v 0.000990 0.857326 0.062466
v -0.027695 -0.173366 0.131832
v 0.030537 -0.356607 0.171232
v -0.005660 -0.350265 -0.163660
v -0.037849 -0.258578 -0.092306
v -0.038113 -0.237727 0.078524
v -0.039113 -0.234564 -0.078397
v -0.037727 -0.246312 -0.093168
v -0.038059 -0.265879 -0.080253
v -0.030094 -0.692379 0.150658
v 0.026717 -0.336688 0.155626
v -0.018326 0.834688 -0.065309
v 0.017945 -0.352553 -0.168725
v -0.037325 -0.251086 0.089353
v -0.037175 -0.242810 -0.079871
v -0.036649 -0.259792 0.078389
v -0.040011 -0.222803 -0.076673
v -0.026960 -0.948884 -0.240844
v 0.026477 -0.142035 -0.129786
v 0.011340 -0.390113 -0.158710
v 0.040460 0.077699 -0.116560
v 0.011750 -0.714410 0.164828
v 0.059099 -0.204061 -0.132802
v 0.010698 -0.380627 -0.162336
v 0.003729 -0.392732 0.154970
v -0.034897 -0.240366 -0.076653
v -0.033835 0.898439 0.034475
v -0.034647 -0.261845 -0.077234
v -0.011355 -0.799069 0.172540
v -0.005946 -0.701819 0.157476
v -0.000879 0.221430 -0.107318
v -0.028443 -0.392396 -0.156520
v -0.001469 -0.165480 0.136270
v -0.027268 0.907660 -0.029524
v -0.029306 0.908041 0.022845
v -0.034035 -0.232571 0.075669
v -0.032631 -0.256530 0.076159
v 0.046472 -0.131213 0.128874
v -0.014281 -0.372560 -0.168404
v 0.006431 -0.205370 0.080093
v -0.013949 -0.344330 -0.162080
v -0.023418 0.715333 -0.074185
v 0.002199 -0.339155 -0.156379
v -0.029896 0.905769 0.029202
v -0.021353 -0.400109 -0.152857
v -0.009096 -0.845428 0.172534
v 0.004121 -0.951161 -0.206986
v 0.034685 0.484055 0.089078
v 0.027129 -0.951034 -0.238741
v -0.006780 -0.491489 -0.139084
v -0.017166 -0.711336 -0.159797
v 0.001707 -0.429217 0.143378
v 0.005565 -0.434238 0.138205
v -0.009523 -0.374593 0.163360
v -0.006701 0.891414 -0.040444
v 0.006041 -0.667375 0.143455
v -0.001116 -0.397675 0.154351
v -0.006444 -0.102676 -0.128076
v 0.016446 -0.172070 -0.133774
v -0.010081 -0.738141 0.168865
v -0.002360 0.856302 -0.063790
v 0.040511 0.000193 0.120471
v 0.009760 -0.162951 0.140388
v 0.030219 -0.951141 0.099405
v 0.056602 -0.382624 -0.159617
v -0.005254 -0.434437 -0.139099
v 0.000285 -0.163085 -0.141336
v -0.004878 -0.209579 0.075648
v -0.007567 -0.739357 -0.173563
v 0.038822 -0.340255 0.156155
v -0.023334 0.915198 0.023232
v -0.016810 -0.691192 0.144804
v 0.018515 0.568800 0.083433
v 0.033301 0.094228 0.114458
v 0.015202 -0.408911 -0.144343
v 0.012161 -0.298315 0.082291
v -0.018711 -0.374774 -0.163931
v -0.024046 0.915899 -0.021146
v -0.018118 -0.349319 0.161947
v -0.018541 0.874714 0.050744
v 0.031162 -0.664789 0.139927
v 0.038084 -0.405766 -0.146192
v -0.006115 -0.735113 -0.167385
v 0.059967 0.065994 0.116248
v 0.016473 0.021592 -0.120137
v -0.028008 0.393083 0.095069
v 0.023956 -0.951136 0.181371
v -0.016115 -0.699047 -0.152316
v 0.009768 -0.352823 0.168243
v -0.004818 -0.404622 -0.151185
v -0.008739 0.939125 0.004903
v -0.015374 0.926486 0.015941
v 0.045219 -0.721740 -0.170019
v 0.006648 -0.701317 -0.157714
v 0.039272 -0.856266 -0.240173
v -0.012645 -0.392350 -0.156575
v 0.006542 -0.342392 -0.157923
v -0.012964 0.932195 -0.011067
v 0.002903 -0.404426 0.149935
v 0.021567 0.260404 -0.104755
v 0.035990 -0.854872 0.236533
v 0.024902 -0.859752 -0.240975
v -0.010263 -0.349471 0.161975
v 0.052025 -0.008219 -0.122037
v 0.008743 -0.692241 0.150644
v -0.015620 0.757340 -0.071035
v 0.020076 -0.849527 0.176699
v 0.042432 -0.281158 0.077291
v -0.004318 -0.140551 0.128991
v 0.038930 0.047914 -0.118442
v -0.010221 0.933311 -0.012296
v -0.008958 0.936987 0.008691
v 0.000579 -0.369867 -0.171185
v 0.008474 -0.384667 0.157560
v 0.019700 -0.948910 0.239919
v -0.005389 0.243748 0.104794
v 0.052560 -0.298437 -0.082888
v 0.044637 0.707024 -0.074742
v 0.054943 -0.355469 -0.171541
v 0.059584 -0.850655 0.189949
v 0.013317 -0.170706 -0.134832
v 0.008781 -0.688013 -0.144330
v -0.006498 0.897745 0.035400
v 0.012936 -0.951148 0.010756
v 0.035048 -0.048460 -0.124640
v 0.018849 -0.145010 0.130414
v 0.022565 0.854592 0.063146
v 0.032295 0.274180 0.102783
v -0.000381 0.365194 0.096970
v 0.011444 -0.380297 0.161265
v 0.039028 -0.147982 -0.141031
v -0.000426 0.950250 -0.000388
v -0.002513 -0.349238 0.161818
v -0.013696 -0.731261 0.167866
v 0.015246 -0.601515 -0.139099
v 0.030122 -0.397921 -0.156009
v 0.012951 0.926206 0.016410
v -0.003470 -0.734005 0.165553
v -0.001541 -0.691083 0.144690
v 0.026061 -0.697617 0.151128
v -0.008125 -0.405822 0.144167
v 0.044369 -0.661904 0.138233
v 0.061891 -0.303034 -0.155996
v 0.046093 -0.854925 -0.237315
v 0.021831 -0.172229 0.132285
v 0.027152 -0.739181 -0.173285
v 0.025822 0.882195 0.045568
v 0.004741 0.149186 0.110909
v 0.044319 0.813524 -0.066749
v 0.008843 0.934318 -0.011705
v 0.004081 -0.949224 0.239735
v 0.005358 -0.349356 0.161828
v 0.030408 -0.205394 0.128846
v 0.039234 -0.661991 -0.139122
v 0.053197 -0.951151 -0.072968
v 0.054785 -0.299757 0.126355
v 0.018607 -0.702669 0.157613
v 0.027064 -0.711389 -0.159805
v 0.001443 0.948731 -0.001388
v 0.017558 -0.374903 -0.163928
v 0.030622 -0.691946 -0.146109
v 0.034498 -0.265601 -0.077457
v 0.042922 0.426094 -0.093908
v 0.034579 -0.175821 -0.132967
v 0.053572 -0.058652 0.124235
v 0.005465 0.939644 0.007494
v 0.033411 -0.711433 0.160045
v 0.005729 0.662399 -0.078093
v 0.022680 0.910917 -0.027365
v 0.037107 -0.394160 -0.156145
v 0.031455 -0.240134 -0.076505
v 0.035627 -0.344323 -0.162075
v 0.023071 -0.404944 -0.151088
v 0.063613 -0.173996 0.131786
v 0.007075 0.940303 -0.005936
v 0.045288 -0.144753 -0.130297
v 0.048804 -0.699744 0.151860
v 0.037044 -0.689182 0.143417
v 0.037854 -0.278347 -0.077953
v 0.044161 -0.507379 0.138176
v 0.048368 -0.713386 -0.164434
v 0.031420 -0.344559 0.161449
v 0.053225 0.712434 0.073451
v 0.039499 -0.731292 0.167775
v 0.019457 -0.146259 0.137549
v 0.014613 -0.699038 -0.152206
v 0.017788 -0.400241 -0.152763
v 0.045726 -0.301253 -0.154473
v 0.037777 -0.163597 -0.140662
v 0.034607 -0.708435 0.157357
v 0.008707 -0.692247 -0.151562
v 0.028159 -0.738131 0.168813
v 0.013779 0.929942 -0.012981
v 0.037867 -0.738926 0.171863
v 0.014592 -0.691301 0.144695
v 0.053571 -0.298036 0.079798
v 0.041938 0.606116 0.080915
v 0.057176 0.528827 0.085952
v 0.040056 -0.390088 0.157204
v 0.075738 -0.706988 -0.158159
v 0.003044 -0.359027 -0.173057
v 0.015634 0.927643 0.013162
v 0.060376 0.392609 0.094969
v 0.021020 -0.349425 0.161856
v 0.080478 -0.905136 0.240008
v 0.042274 -0.701833 0.157398
v 0.059486 -0.298434 0.102163
v 0.016993 0.922435 -0.019456
v 0.060380 0.537810 -0.086250
v 0.044212 0.806781 0.066311
v 0.037150 0.669201 0.076655
v 0.040989 -0.667064 -0.144340
v 0.054169 -0.744715 -0.173570
v 0.047368 -0.845661 -0.173607
v 0.053669 -0.372344 -0.168759
v 0.024690 -0.735047 -0.167381
v 0.036636 -0.737090 -0.168477
v 0.049035 -0.028858 0.122281
v 0.030472 0.901712 -0.033163
v 0.064280 0.461176 0.090392
v 0.094874 -0.716187 -0.167411
v 0.026134 -0.301222 0.154188
v 0.061323 -0.374595 0.163392
v 0.032476 -0.169678 0.134251
v 0.047329 -0.733980 0.165573
v 0.059691 -0.949639 -0.240500
v 0.034276 -0.691503 0.146387
v 0.052717 0.651784 -0.078618
v 0.040748 0.158249 -0.111374
v 0.012104 -0.165591 -0.136889
v 0.072757 0.121881 0.112531
v 0.065462 -0.141384 0.129003
v 0.045610 -0.350256 -0.163660
v 0.021411 0.916233 0.022545
v 0.014548 -0.152354 0.142036
v 0.104553 -0.370638 0.169676
v 0.069763 0.327252 -0.100246
v 0.059343 -0.435484 -0.139104
v 0.047714 -0.392645 0.155008
v 0.022685 0.916367 -0.021591
v 0.030264 -0.699006 -0.152129
v 0.043058 -0.692258 0.150656
v 0.049438 -0.384813 0.157559
v 0.029887 0.903154 0.031360
v 0.037994 0.886963 -0.043241
v 0.053816 -0.206379 -0.077303
v 0.061454 -0.431246 -0.140546
v 0.037274 0.894880 -0.016899
v 0.049912 -0.205473 -0.129993
v 0.035209 -0.397698 0.154296
v 0.056297 -0.206067 0.078204
v 0.084504 -0.399923 0.151776
v 0.030743 0.904206 0.027844
v 0.049647 0.764308 -0.070259
v 0.069049 -0.405788 0.144208
v 0.089645 -0.386786 -0.158575
v 0.086993 -0.845399 0.172544
v 0.138400 -0.158826 0.142197
v 0.080921 -0.724312 0.169358
v 0.065142 -0.429268 0.143397
v 0.062729 -0.165473 0.136185
v 0.032825 -0.949198 0.239739
v 0.032470 -0.260903 0.076435
v 0.042563 -0.404457 0.149922
v 0.083107 0.031393 0.118381
v 0.017621 0.604792 -0.082035
v 0.047752 -0.719119 0.168062
v 0.059432 -0.542217 -0.139094
v 0.051447 0.215946 -0.107592
v 0.092702 -0.339279 -0.156384
v 0.050055 -0.209438 0.075972
v 0.029717 0.905595 -0.028240
v 0.039052 -0.692113 -0.151073
v 0.051367 0.481810 -0.090072
v 0.059937 -0.165671 -0.136852
v 0.072095 0.301995 0.100833
v 0.066670 -0.948949 0.239922
v 0.129357 -0.202619 0.131785
v 0.058605 0.349196 0.097858
v 0.046529 0.876559 0.048867
v 0.057872 -0.374816 -0.163937
v 0.074414 0.251903 0.104105
v 0.034980 -0.231212 0.075698
v 0.073332 -0.702720 -0.158374
v 0.045730 -0.147935 0.140027
v 0.054979 -0.380405 0.161308
v 0.063903 0.392772 -0.095981
v 0.057469 -0.295981 -0.079210
v 0.097880 -0.951144 0.120898
v 0.040950 -0.094285 0.126524
v 0.108059 -0.360998 0.172630
v 0.067661 -0.434424 0.138227
v 0.036153 0.894841 -0.036397
v 0.035438 -0.254549 -0.078536
v 0.050806 0.869971 -0.054289
v 0.042322 -0.218770 0.075831
v 0.061096 -0.951158 -0.179026
v 0.073561 -0.951020 0.238011
v 0.055699 -0.404925 -0.151042
v 0.072895 -0.714067 0.164447
v 0.052669 -0.666895 0.142875
v 0.036985 -0.238614 -0.078829
v 0.036927 -0.263750 0.078590
v 0.035884 -0.248117 0.078477
v 0.037399 -0.237939 0.078592
v 0.036629 -0.245995 -0.090495
v 0.036792 -0.248001 0.090525
v 0.037935 -0.257516 -0.096977
v 0.039197 -0.265620 0.094005
v 0.045842 -0.698977 -0.152157
v 0.048679 0.745014 0.070847
v 0.044528 -0.741025 0.172568
v 0.095489 -0.372486 0.167612
v 0.061504 -0.692419 -0.151659
v 0.108272 -0.951149 -0.138813
v 0.072016 -0.925426 -0.241010
v 0.037992 -0.267625 -0.082963
v 0.039831 -0.272795 -0.080293
v 0.040250 -0.230680 0.078383
v 0.040571 -0.273675 0.078663
v 0.042125 0.886417 -0.041149
v 0.041141 -0.228773 -0.078538
v 0.040941 -0.242609 -0.103211
v 0.041014 -0.234565 -0.097738
v 0.041385 -0.257565 -0.105434
v 0.040235 -0.250901 0.101893
v 0.042015 -0.227434 -0.086829
v 0.064884 0.642959 0.078053
v 0.053078 -0.400248 -0.152785
v 0.041673 -0.271511 0.094361
v 0.076983 -0.150823 -0.142765
v 0.069813 -0.739159 -0.173283
v 0.041024 -0.234531 0.096754
v 0.042577 -0.274909 -0.093146
v 0.066105 -0.353175 0.168762
v 0.046122 -0.289164 -0.078512
v 0.077278 -0.061424 -0.125406
v 0.091644 -0.408916 0.143279
v 0.048564 0.877903 0.019404
v 0.046307 -0.283193 -0.080459
v 0.045425 -0.221217 0.078532
v 0.047543 -0.247493 -0.114560
v 0.046035 0.878675 -0.047901
v 0.047558 -0.262473 0.112297
v 0.045646 -0.280814 0.088340
v 0.045412 -0.245818 0.110606
v 0.047957 -0.273964 -0.106605
v 0.059758 0.856448 0.062423
v 0.044665 0.212471 0.106704
v 0.051041 -0.949239 0.239751
v 0.070270 -0.857855 0.239921
v 0.094320 -0.701242 -0.157652
v 0.073882 -0.146257 0.137547
v 0.047648 -0.228691 0.105540
v 0.087855 -0.342393 -0.157892
v 0.059045 -0.205574 0.099875
v 0.060832 -0.734627 -0.167470
v 0.045804 -0.221669 0.087925
v 0.056637 -0.209367 -0.078229
v 0.048427 -0.263100 -0.113727
v 0.047758 -0.218578 -0.078546
v 0.049555 -0.283103 -0.097581
v 0.046752 -0.233760 -0.108860
v 0.048331 -0.222888 -0.099701
v 0.048721 -0.217764 -0.087718
v 0.071683 0.419270 0.093071
v 0.068126 -0.163035 0.140254
v 0.063971 -0.737771 -0.169621
v 0.048467 0.877057 0.046628
v 0.046252 -0.282569 0.080464
v 0.050301 -0.218453 0.095568
v 0.051683 -0.288800 0.080404
v 0.048750 -0.279137 0.101927
v 0.055742 -0.296272 0.078274
v 0.054864 -0.205699 -0.092733
v 0.079451 -0.479081 -0.139089
v 0.105575 -0.849530 0.176585
v 0.115172 -0.604657 -0.139104
v 0.058778 -0.298542 -0.099213
v 0.089432 0.132551 -0.112862
v 0.078282 -0.711411 -0.159816
v 0.050440 0.874234 -0.048699
v 0.052761 -0.239609 0.117307
v 0.075555 -0.408741 -0.144290
v 0.058448 0.856223 -0.063411
v 0.061275 -0.687958 -0.144325
v 0.105258 0.193765 0.107660
v 0.123200 -0.851146 -0.195849
v 0.069014 -0.738085 0.168735
v 0.052965 -0.290863 -0.079965
v 0.053426 -0.212898 0.078609
v 0.054916 -0.272286 0.115442
v 0.056793 -0.248516 0.122405
v 0.058048 -0.208923 -0.088316
v 0.057114 -0.240722 -0.122049
v 0.056871 -0.291226 0.093474
v 0.080237 -0.691961 -0.146162
v 0.063062 0.801018 0.066214
v 0.083740 -0.701134 0.156348
v 0.053442 -0.205541 0.090886
v 0.138944 -0.152821 0.142150
v 0.055698 -0.211560 0.088776
v 0.057590 -0.212235 -0.096987
v 0.056522 -0.256721 -0.122339
v 0.059769 -0.294854 -0.090449
v 0.055568 -0.223139 0.110723
v 0.058877 -0.285248 0.108353
v 0.057858 -0.283866 -0.108958
v 0.057891 -0.229603 -0.117722
v 0.061472 -0.699066 -0.152182
v 0.083368 -0.349428 0.161863
v 0.122633 -0.948190 -0.240970
v 0.082600 0.273415 -0.103623
v 0.068455 -0.163079 -0.141306
v 0.070920 -0.390082 -0.158689
v 0.062608 -0.397716 0.154363
v 0.063101 -0.211633 0.102617
v 0.065527 -0.702655 0.157600
v 0.064912 0.578038 0.082461
v 0.058798 -0.271020 -0.119436
v 0.057783 0.862761 -0.057183
v 0.058558 -0.295359 0.080932
v 0.062848 0.856712 -0.027025
v 0.062909 0.856330 0.041678
v 0.061432 -0.691446 0.144757
v 0.118503 -0.849682 -0.177519
v 0.068392 -0.205696 0.109447
v 0.082857 -0.169681 0.134218
v 0.069896 -0.298791 -0.109220
v 0.063425 -0.292434 -0.101618
v 0.058247 -0.207775 0.090100
v 0.060538 -0.259829 0.123961
v 0.063350 -0.231763 0.121722
v 0.062455 0.856126 0.059416
v 0.059003 -0.220037 -0.111357
v 0.066273 -0.218773 0.114709
v 0.062659 0.817062 -0.065814
v 0.065237 0.784506 -0.068029
v 0.076406 0.451224 -0.091820
v 0.119525 -0.951136 0.203199
v 0.077903 -0.404403 0.149891
v 0.065050 -0.392151 -0.156724
v 0.102269 -0.369893 -0.171133
v 0.088095 -0.171620 -0.134191
v 0.098118 -0.380637 -0.162291
v 0.060208 -0.208309 -0.093494
v 0.059859 -0.295291 0.089364
v 0.063209 -0.208363 -0.098929
v 0.068491 -0.294839 0.102513
v 0.066890 -0.211828 -0.107208
v 0.067276 0.732544 -0.072103
v 0.065361 0.604042 -0.081661
v 0.114804 -0.623467 0.138226
v 0.083644 0.210986 -0.107707
v 0.066959 -0.145098 0.130784
v 0.066517 0.761971 -0.069667
v 0.067049 -0.205713 -0.108921
v 0.063696 -0.295675 0.096995
v 0.063127 -0.208041 0.098532
v 0.062143 0.856034 -0.061332
v 0.064641 -0.270149 0.122917
v 0.063462 0.827477 0.063417
v 0.066757 -0.263150 -0.126644
v 0.063815 0.830573 -0.063357
v 0.064097 -0.295180 -0.097591
v 0.068742 0.744368 0.069936
v 0.074318 -0.344607 0.161430
v 0.083096 0.506428 -0.087680
v 0.104492 -0.688959 0.143429
v 0.114184 -0.667146 -0.144314
v 0.066564 -0.208899 -0.102871
v 0.071660 -0.250399 -0.130070
v 0.064348 0.832900 0.046730
v 0.071541 -0.237346 -0.127967
v 0.066133 -0.278937 -0.119221
v 0.064513 0.832411 -0.006339
v 0.064416 0.831029 -0.049966
v 0.070007 -0.289581 0.111208
v 0.065497 0.799256 -0.066180
v 0.070215 -0.254592 0.128939
v 0.070426 -0.691655 0.148248
v 0.129881 -0.174850 -0.132917
v 0.111239 -0.429644 -0.144249
v 0.117808 -0.431388 0.140016
v 0.065604 0.808416 0.063012
v 0.075663 -0.211322 0.110360
v 0.067901 -0.208034 0.103289
v 0.067595 -0.281364 0.118108
v 0.070865 0.707659 0.072607
v 0.072042 -0.239479 0.127683
v 0.069286 -0.227081 -0.122821
v 0.066193 0.802573 -0.063163
v 0.067315 0.772089 0.067220
v 0.068942 0.773133 0.038902
v 0.070867 -0.285204 -0.116688
v 0.073863 0.653108 -0.077690
v 0.093283 -0.711406 0.159903
v 0.106785 -0.738924 0.171864
v 0.108556 -0.708394 0.157379
v 0.086701 -0.397883 -0.155992
v 0.125858 -0.137349 -0.129741
v 0.096977 -0.951149 0.019517
v 0.090160 -0.104575 -0.128141
v 0.104381 -0.392727 0.154951
v 0.112071 -0.854506 0.233205
v 0.162923 -0.951028 -0.238775
v 0.072830 -0.294793 -0.105537
v 0.072412 -0.226377 0.122609
v 0.067900 0.773442 -0.067012
v 0.067626 0.791306 -0.007862
v 0.071267 0.704455 -0.073713
v 0.069423 0.744428 -0.070039
v 0.070688 0.750601 -0.034122
v 0.077076 -0.698983 -0.152216
v 0.088681 -0.144278 -0.129890
v 0.074217 -0.294951 0.105910
v 0.104398 -0.385116 0.157525
v 0.103866 -0.301207 0.154104
v 0.133747 -0.366192 -0.173022
v 0.144445 -0.855412 0.238267
v 0.091215 -0.374875 -0.163857
v 0.086701 -0.404882 -0.151032
v 0.101882 -0.350265 -0.163652
v 0.077682 -0.392491 -0.156423
v 0.075076 -0.274421 -0.125064
v 0.068461 0.772236 0.064077
v 0.070317 -0.208023 -0.106090
v 0.075499 -0.272296 0.125809
v 0.069981 0.750712 -0.067275
v 0.071613 0.720812 -0.071225
v 0.073371 0.676392 -0.075708
v 0.074151 0.670881 0.075006
v 0.077794 0.596633 -0.081661
v 0.072711 0.724429 0.035666
v 0.081120 0.567106 -0.083180
v 0.092388 -0.730251 0.168347
v 0.135228 -0.856027 -0.239918
v 0.152995 -0.301167 -0.154333
v 0.086405 -0.400217 -0.152744
v 0.169055 -0.363850 -0.173483
v 0.075749 -0.207933 0.108020
v 0.078385 -0.262178 -0.130107
v 0.072635 0.711023 0.069895
v 0.073483 0.711819 -0.053451
v 0.073572 0.709246 0.054471
v 0.076446 0.633022 0.077802
v 0.076930 0.620924 -0.079613
v 0.082214 0.537625 0.084474
v 0.098605 -0.344370 -0.162126
v 0.077471 -0.691080 0.144640
v 0.126668 -0.353040 0.168606
v 0.094075 -0.397716 0.154390
v 0.105074 -0.390085 0.157226
v 0.076967 -0.208237 -0.108763
v 0.074022 0.691264 -0.072889
v 0.076715 0.633989 -0.078287
v 0.075317 0.688732 -0.030284
v 0.076334 0.668680 -0.060423
v 0.114949 -0.555796 0.138236
v 0.079610 -0.205485 0.128681
v 0.084409 -0.366441 0.172075
v 0.075709 0.681379 0.048707
v 0.078867 -0.218205 0.118098
v 0.079672 -0.284961 0.118742
v 0.076804 0.651362 0.073966
v 0.076631 -0.216946 -0.117831
v 0.080000 -0.211864 -0.112638
v 0.081472 -0.294895 -0.107721
v 0.075805 0.664665 -0.074672
v 0.075491 -0.227179 -0.035671
v 0.075554 -0.209252 -0.041704
v 0.075537 -0.231872 0.031974
v 0.075579 -0.221970 0.038060
v 0.075603 -0.209271 0.047575
v 0.075973 -0.252803 -0.030431
v 0.075898 -0.248536 0.029767
v 0.079024 0.634228 0.046549
v 0.077725 -0.206210 -0.054268
v 0.082854 0.535073 -0.085468
v 0.096690 -0.699503 0.151514
v 0.087362 0.449943 -0.091392
v 0.085686 -0.692257 -0.151553
v 0.092477 -0.734027 0.165567
v 0.078723 0.638653 -0.040567
v 0.078703 -0.239998 -0.036021
v 0.083759 -0.228853 0.125619
v 0.078656 -0.234840 0.036192
v 0.078186 -0.259441 -0.035279
v 0.077574 0.640549 -0.075452
v 0.077204 -0.277541 0.037191
v 0.078325 -0.270038 -0.038257
v 0.077327 -0.283394 -0.039972
v 0.083674 -0.295147 0.108169
v 0.078687 -0.220137 -0.045655
v 0.077886 -0.285606 0.043136
v 0.078698 -0.213048 -0.052143
v 0.077960 -0.279103 -0.042441
v 0.078438 -0.205656 0.052479
v 0.078633 -0.279799 0.041924
v 0.078653 -0.228876 -0.040361
v 0.077952 -0.294279 0.007755
v 0.078625 -0.209161 0.055517
v 0.078824 -0.226455 0.040451
v 0.078597 -0.296640 0.053475
v 0.078703 -0.273355 0.038300
v 0.078555 -0.218440 0.045913
v 0.078686 -0.265531 0.035303
v 0.081751 -0.251108 0.130770
v 0.077881 -0.291173 -0.047944
v 0.109069 -0.728163 -0.170136
v 0.085946 -0.948995 0.239898
v 0.118137 -0.741226 0.172589
v 0.085565 -0.205649 -0.114215
v 0.087903 -0.163586 -0.140660
v 0.078333 -0.295530 -0.056143
v 0.102852 -0.380417 0.161301
v 0.078794 -0.208971 -0.056757
v 0.087249 -0.240963 0.129565
v 0.084893 -0.283641 -0.120413
v 0.079599 0.609435 0.077650
v 0.079373 0.586056 0.081202
v 0.080277 -0.245302 0.033401
v 0.079443 0.607883 -0.078969
v 0.080605 0.602397 -0.071932
v 0.079278 -0.297309 -0.053821
v 0.081092 -0.287073 0.048296
v 0.081123 0.583641 -0.080819
v 0.080360 -0.283588 -0.046142
v 0.080551 -0.290476 -0.052877
v 0.086845 0.460984 0.089737
v 0.096785 -0.702684 0.157592
v 0.080158 -0.205409 0.025839
v 0.111054 -0.163163 -0.141227
v 0.081245 0.601064 -0.040956
v 0.086271 -0.267913 0.128384
v 0.081350 -0.295161 0.056583
v 0.081340 0.598702 0.055439
v 0.082079 0.575090 0.079481
v 0.091044 -0.211619 0.052768
v 0.082540 -0.298470 0.051862
v 0.082483 -0.298471 -0.053214
v 0.080778 0.505520 0.087050
v 0.093662 -0.205730 0.111852
v 0.103770 -0.845638 -0.173573
v 0.112170 0.042090 -0.118451
v 0.091843 -0.298818 -0.110830
v 0.083033 -0.230041 -0.126920
v 0.143916 -0.303621 0.155585
v 0.100811 -0.735022 -0.167389
v 0.116921 -0.372499 -0.168521
v 0.117857 -0.665050 -0.140442
v 0.088343 -0.228233 -0.040480
v 0.084311 0.554139 0.054176
v 0.091029 -0.216749 -0.048595
v 0.078452 -0.256470 0.033366
v 0.087310 -0.253299 -0.034829
v 0.083402 0.568431 -0.044907
v 0.085262 0.527750 0.083186
v 0.083712 0.551303 -0.081571
v 0.090242 -0.239656 -0.036411
v 0.087369 0.475509 -0.089074
v 0.092708 -0.699278 -0.152246
v 0.092678 0.392918 -0.094942
v 0.088509 -0.292328 0.110526
v 0.116624 -0.662615 0.138720
v 0.086482 -0.208940 -0.056826
v 0.096889 0.322731 0.099074
v 0.087674 -0.244977 -0.131244
v 0.088046 -0.294802 0.056693
v 0.117572 -0.795390 -0.173612
v 0.092561 -0.279463 -0.122732
v 0.088420 -0.221239 0.043276
v 0.129296 -0.205426 -0.130816
v 0.080049 -0.205497 -0.038309
v 0.092817 -0.283055 -0.046521
v 0.091677 -0.208170 -0.109157
v 0.092700 -0.270175 0.037437
v 0.087164 -0.294733 -0.107876
v 0.090080 -0.294991 -0.058187
v 0.089443 -0.284053 0.045503
v 0.090170 -0.270475 -0.038915
v 0.082825 -0.736938 -0.168338
v 0.085304 0.524913 -0.083602
v 0.087709 0.477937 0.087786
v 0.086631 0.520426 -0.046533
v 0.085637 0.509220 -0.086507
v 0.091486 -0.220963 0.120073
v 0.092375 -0.233824 0.037053
v 0.093495 -0.281464 0.120651
v 0.095458 -0.205710 -0.054097
v 0.096313 0.329521 -0.099383
v 0.091084 -0.208225 0.108359
v 0.095184 -0.298404 0.054119
v 0.106917 0.002597 -0.121062
v 0.163930 -0.721457 0.168920
v 0.121456 -0.065576 0.124415
v 0.091400 -0.208389 0.055659
v 0.130098 -0.205361 0.129611
v 0.110361 -0.713126 -0.163940
v 0.099046 -0.146203 0.137491
v 0.102107 -0.738117 0.168794
v 0.088429 0.480171 0.086399
v 0.088260 0.491232 0.071537
v 0.088289 0.495782 0.044923
v 0.087491 0.494826 -0.085747
v 0.089202 0.480680 -0.054632
v 0.090855 0.417686 -0.093097
v 0.093158 -0.261790 -0.129787
v 0.091706 -0.220353 -0.120711
v 0.094837 -0.255248 0.034340
v 0.094095 0.372514 0.095524
v 0.094355 -0.691307 0.144832
v 0.112860 0.085971 0.114389
v 0.116339 -0.666857 0.142230
v 0.119970 -0.074948 -0.125965
v 0.144109 -0.951027 0.237881
v 0.121203 -0.951097 -0.237164
v 0.137505 -0.163244 0.139975
v 0.119355 -0.429767 0.142869
v 0.111567 -0.172284 0.132270
v 0.129056 -0.173694 0.131737
v 0.089777 0.460177 -0.088544
v 0.091020 0.435646 -0.090731
v 0.090938 0.417844 0.092408
v 0.091451 0.445629 0.063421
v 0.093195 0.363895 -0.097294
v 0.092088 0.438820 0.013178
v 0.098272 -0.248730 0.128956
v 0.095091 -0.234332 -0.127280
v 0.094085 -0.208981 -0.058195
v 0.096652 -0.231432 0.124963
v 0.097855 -0.287394 -0.114060
v 0.095206 -0.295639 0.058669
v 0.093185 -0.295121 0.106212
v 0.094096 -0.294879 -0.106085
v 0.095671 -0.211332 -0.110218
v 0.099954 0.269499 -0.103232
v 0.099111 -0.349380 0.161912
v 0.096308 0.348397 0.097056
v 0.123888 -0.096445 0.126369
v 0.100246 -0.392390 -0.156472
v 0.111937 -0.858889 -0.240966
v 0.092293 0.422746 0.089998
v 0.097524 -0.253386 -0.036519
v 0.123091 -0.299691 -0.121893
v 0.092814 0.427404 -0.043303
v 0.096319 -0.289150 0.112395
v 0.101618 -0.217676 0.113952
v 0.090642 -0.211833 0.110995
v 0.094599 0.385874 0.093501
v 0.089541 -0.298646 0.111828
v 0.101043 0.242082 0.104397
v 0.116420 -0.012565 0.121035
v 0.091454 0.444544 -0.070542
v 0.105363 0.164372 0.109549
v 0.110451 -0.390182 -0.158666
v 0.167938 -0.356666 0.171242
v 0.093218 0.407523 -0.091328
v 0.102896 -0.263833 -0.040048
v 0.100033 -0.272706 -0.124129
v 0.096097 -0.290771 0.054026
v 0.096601 -0.295204 -0.060860
v 0.097065 -0.207753 0.106270
v 0.096219 0.369844 -0.079104
v 0.098561 -0.208987 0.058413
v 0.095032 0.392033 0.059004
v 0.104075 0.206261 -0.107446
v 0.130672 -0.165690 -0.136787
v 0.120706 -0.374945 0.162980
v 0.095644 0.384031 -0.039860
v 0.095352 0.374079 -0.094221
v 0.098198 -0.266674 0.126491
v 0.096833 0.343671 -0.097186
v 0.097373 -0.278722 0.043136
v 0.103150 -0.220374 -0.116287
v 0.101215 -0.231948 -0.041554
v 0.105634 -0.246314 -0.039401
v 0.102322 -0.219628 0.048554
v 0.101040 -0.241832 0.036975
v 0.099906 -0.208499 -0.061266
v 0.098255 0.299520 -0.101171
v 0.099355 -0.295261 0.103143
v 0.105389 -0.298773 -0.103594
v 0.118851 -0.410813 -0.144373
v 0.115419 0.040087 0.117423
v 0.130106 -0.145037 -0.130350
v 0.104488 -0.298565 0.033853
v 0.115087 -0.549749 -0.139065
v 0.114663 -0.434274 0.138230
v 0.096902 0.357206 0.092885
v 0.106008 -0.286795 -0.056196
v 0.097458 0.355873 0.040684
v 0.108195 -0.949236 0.239741
v 0.099082 -0.211720 0.107420
v 0.102124 -0.247866 -0.128207
v 0.105542 -0.230599 -0.121844
v 0.100469 -0.294733 -0.102129
v 0.099365 0.292178 0.100935
v 0.099606 -0.208263 -0.105193
v 0.170962 -0.848281 -0.174939
v 0.128408 -0.344628 0.161443
v 0.111128 -0.687942 -0.144303
v 0.162480 -0.951146 -0.052891
v 0.112636 -0.739537 -0.173548
v 0.140022 -0.158191 -0.143144
v 0.132820 -0.713283 0.163346
v 0.098801 0.334592 -0.055611
v 0.099848 0.318216 0.054659
v 0.099921 0.308907 0.097757
v 0.099318 0.313478 -0.097919
v 0.107142 -0.291009 0.061470
v 0.108367 -0.224199 0.115655
v 0.104113 -0.281027 0.116397
v 0.105759 -0.292284 0.101636
v 0.102607 0.239882 -0.104931
v 0.106469 -0.277135 -0.048027
v 0.107876 -0.272918 0.119730
v 0.101692 -0.208662 0.102212
v 0.109229 -0.261333 0.123385
v 0.097581 -0.298344 -0.056444
v 0.100615 -0.205708 -0.109685
v 0.098173 -0.205672 0.053649
v 0.108362 -0.699276 -0.152323
v 0.107848 0.150936 -0.111101
v 0.108760 0.125263 -0.113030
v 0.131000 -0.204643 0.130963
v 0.111301 -0.127648 0.128559
v 0.104543 -0.298558 -0.045371
v 0.117742 -0.431822 -0.140262
v 0.106657 -0.228450 -0.046218
v 0.100936 0.302647 -0.037739
v 0.101256 0.279842 -0.100834
v 0.102932 0.262351 0.101820
v 0.103570 -0.228623 0.042609
v 0.102394 -0.294767 -0.065097
v 0.103652 -0.295796 0.064197
v 0.103995 -0.255417 0.037339
v 0.106444 -0.260562 -0.125329
v 0.104979 -0.268235 0.040952
v 0.103728 -0.209232 -0.102044
v 0.102839 -0.208192 0.061710
v 0.103628 0.259386 0.068188
v 0.102224 0.277805 -0.084720
v 0.108027 -0.279243 -0.115720
v 0.115032 -0.662021 -0.139123
v 0.121640 -0.299497 0.117494
v 0.125773 -0.397896 -0.156040
v 0.113152 -0.692235 -0.151542
v 0.103626 0.262253 -0.014739
v 0.144129 -0.405730 -0.145782
v 0.132967 -0.165893 0.135807
v 0.103010 0.254125 -0.102334
v 0.109695 -0.284427 0.054889
v 0.106986 -0.211392 0.100376
v 0.104031 -0.211775 -0.061459
v 0.108735 -0.236332 0.121871
v 0.111929 -0.285332 -0.106015
v 0.103176 -0.219238 -0.051132
v 0.103781 -0.295496 0.099661
v 0.105252 0.226315 0.104417
v 0.105144 -0.294850 -0.096360
v 0.103651 -0.298523 0.104956
v 0.105022 -0.295554 -0.068590
v 0.171867 -0.949814 -0.240329
v 0.115183 -0.436516 -0.139064
v 0.106615 -0.208156 -0.067465
v 0.128874 -0.205352 0.025133
v 0.125343 -0.404941 -0.151157
v 0.107144 -0.359397 -0.173166
v 0.136406 -0.146109 -0.137176
v 0.111479 -0.283745 0.108586
v 0.111705 -0.269055 -0.119383
v 0.105426 0.222775 -0.104460
v 0.110878 -0.217849 -0.107713
v 0.113339 -0.245146 -0.121973
v 0.111465 -0.274558 0.048105
v 0.106443 0.217330 0.048066
v 0.106760 0.180706 -0.108516
v 0.109633 -0.298676 0.064801
v 0.104781 0.242182 -0.072472
v 0.106889 -0.208448 0.067451
v 0.107568 -0.295243 0.093787
v 0.109653 0.122502 0.111978
v 0.118073 -0.000359 -0.120660
v 0.102335 -0.404394 0.149930
v 0.114712 -0.349358 0.161881
v 0.157678 -0.702321 -0.158217
v 0.119863 -0.737182 -0.168533
v 0.106740 0.213143 -0.029434
v 0.107485 -0.208172 0.095987
v 0.108091 0.190381 0.074607
v 0.106901 0.197506 -0.105530
v 0.113815 -0.246649 0.042748
v 0.110045 -0.211521 -0.069259
v 0.107564 0.196356 -0.086084
v 0.106856 0.202309 0.105538
v 0.113903 -0.235635 -0.047373
v 0.108400 0.166429 0.108643
v 0.115509 -0.246827 0.120052
v 0.109032 0.160282 -0.109232
v 0.106576 -0.298441 -0.063864
v 0.110250 -0.298642 0.097488
v 0.109152 -0.205648 -0.101428
v 0.111171 -0.205624 0.064549
v 0.110685 -0.211449 0.068110
v 0.108442 -0.295643 -0.075488
v 0.107419 -0.294746 0.069289
v 0.112142 0.095158 -0.114566
v 0.108143 -0.295197 -0.089773
v 0.112385 0.065832 -0.116903
v 0.118736 -0.027704 -0.122603
v 0.129241 -0.203443 -0.132804
v 0.123460 -0.702701 0.157618
v 0.145729 -0.854958 -0.237460
v 0.116168 -0.392430 -0.156484
v 0.107317 -0.208190 -0.096785
v 0.114085 -0.269387 -0.049115
v 0.113004 -0.217991 0.104306
v 0.110185 -0.211663 -0.097218
v 0.110810 -0.221691 0.052407
v 0.110857 -0.220437 -0.055519
v 0.108861 0.181325 -0.030429
v 0.112616 -0.262982 0.043586
v 0.112147 -0.292276 -0.079314
v 0.110080 -0.207820 0.074594
v 0.110700 -0.208355 0.090089
v 0.110682 0.148498 0.081367
v 0.110545 -0.208259 -0.075351
v 0.110299 -0.208014 -0.091357
v 0.109850 -0.295404 0.078140
v 0.143910 -0.405674 0.144216
v 0.114939 -0.484924 0.138214
v 0.126265 -0.711344 -0.159753
v 0.125236 -0.400101 -0.152880
v 0.100269 -0.352447 -0.168449
v 0.133016 -0.733966 0.165628
v 0.115617 -0.218918 -0.063305
v 0.112675 0.113350 0.110782
v 0.112258 0.115258 -0.111628
v 0.110752 0.138901 -0.109392
v 0.109653 0.159431 0.107814
v 0.111832 0.134406 0.039227
v 0.109579 -0.295167 0.086730
v 0.110694 0.148003 -0.083136
v 0.121151 -0.042648 0.122659
v 0.117409 -0.218518 0.064934
v 0.112662 -0.211775 0.091129
v 0.112758 -0.291565 0.073200
v 0.117106 -0.287866 -0.090352
v 0.115293 -0.299060 0.081897
v 0.112260 -0.298950 -0.071265
v 0.113093 -0.298929 -0.087524
v 0.118865 -0.283841 0.097769
v 0.137458 -0.691945 -0.146283
v 0.124601 -0.116044 -0.128461
v 0.121042 -0.428291 0.143469
v 0.139415 -0.150019 -0.142479
v 0.173494 -0.849505 0.176483
v 0.173024 -0.847682 0.173094
v 0.145411 -0.355829 -0.171723
v 0.117140 -0.226990 -0.110114
v 0.155850 -0.342548 0.157334
v 0.113935 0.097910 -0.081632
v 0.112772 0.120205 -0.033572
v 0.117449 -0.277992 -0.058759
v 0.113241 -0.211349 -0.083398
v 0.118231 -0.238777 0.048399
v 0.117032 -0.214646 0.076349
v 0.120530 -0.219561 -0.072182
v 0.120152 -0.238212 0.113613
v 0.119680 -0.237187 -0.114067
v 0.119395 -0.263135 -0.115186
v 0.114209 -0.205698 -0.091971
v 0.113600 -0.205709 0.095233
v 0.112888 -0.205650 -0.068760
v 0.120169 -0.274431 -0.107294
v 0.117906 -0.282827 -0.065474
v 0.112607 -0.692210 0.150688
v 0.156826 -0.701253 0.156548
v 0.165081 -0.951146 0.186384
v 0.167361 -0.722634 -0.170136
v 0.120083 -0.430459 -0.144319
v 0.118654 -0.226338 0.056774
v 0.132545 -0.734638 -0.167491
v 0.119511 -0.273049 0.109177
v 0.115981 0.067948 0.079527
v 0.114706 0.078850 -0.113121
v 0.114323 -0.253438 -0.044617
v 0.119755 -0.260354 -0.050973
v 0.115928 0.062985 0.113896
v 0.119178 -0.287234 0.081790
v 0.114470 0.094185 0.024208
v 0.121302 -0.281258 0.067451
v 0.116303 0.054220 -0.115703
v 0.122104 -0.259751 0.112979
v 0.116666 0.033885 -0.118073
v 0.116579 0.062299 -0.000031
v 0.117634 0.044533 -0.063354
v 0.120900 -0.057584 -0.124466
v 0.154015 -0.301957 0.154810
v 0.121748 -0.219898 0.090755
v 0.123025 -0.147854 0.139937
v 0.131299 -0.397673 0.154279
v 0.120106 -0.274179 0.057019
v 0.124134 -0.222663 -0.088656
v 0.118536 0.022671 0.117064
v 0.121010 -0.280148 -0.098694
v 0.122873 -0.260450 0.052856
v 0.121699 -0.228435 -0.061134
v 0.119724 -0.220161 -0.097015
v 0.121777 -0.282160 -0.075334
v 0.160963 -0.344236 -0.161822
v 0.123114 -0.228518 0.102788
v 0.124000 -0.698930 -0.152246
v 0.157988 -0.951150 0.022712
v 0.145477 -0.738681 -0.172492
v 0.122598 -0.245406 -0.053409
v 0.118516 0.029858 0.062193
v 0.117657 -0.564084 -0.140022
v 0.118602 0.017575 -0.117834
v 0.117836 -0.526164 0.139882
v 0.119717 -0.667454 0.143407
v 0.119861 -0.011481 0.120056
v 0.123520 -0.251825 -0.112262
v 0.119462 0.014370 -0.086771
v 0.125266 -0.236596 0.058455
v 0.124007 -0.277186 0.097057
v 0.119746 -0.598639 -0.143799
v 0.120264 -0.488078 -0.144429
v 0.120554 -0.000194 0.023792
v 0.119629 -0.577723 0.143014
v 0.119983 -0.502301 0.143442
v 0.125202 -0.691221 0.144768
v 0.128984 -0.404348 0.149888
v 0.133790 -0.170459 0.133112
v 0.178021 -0.951143 0.103453
v 0.129884 -0.205543 -0.082317
v 0.140886 -0.408707 0.143355
v 0.152815 -0.339108 -0.156165
v 0.139911 -0.147921 -0.140611
v 0.120145 -0.664970 -0.144382
v 0.120929 -0.017513 -0.120095
v 0.120435 -0.003822 0.117395
v 0.120712 -0.556893 -0.144474
v 0.125142 -0.266243 -0.060449
v 0.123059 -0.043185 -0.102589
v 0.127363 -0.238604 -0.063205
v 0.122504 -0.044124 -0.121854
v 0.125012 -0.230943 -0.101348
v 0.122142 -0.025990 -0.044629
v 0.122242 -0.028393 0.059379
v 0.136093 -0.374744 -0.163967
v 0.126671 -0.141304 0.128873
v 0.132157 -0.948967 0.239902
v 0.133667 -0.738137 0.168947
v 0.208070 -0.852233 0.207397
v 0.126651 -0.276026 -0.086901
v 0.152588 -0.303060 -0.155957
v 0.133103 -0.170549 -0.134341
v 0.121250 -0.618170 0.143502
v 0.126363 -0.226654 -0.075787
v 0.126286 -0.226748 0.071339
v 0.122413 -0.036366 0.120043
v 0.124077 -0.069424 -0.123692
v 0.124578 -0.086544 -0.125729
v 0.124105 -0.056195 -0.003717
v 0.130054 -0.349483 0.161920
v 0.157359 -0.384497 0.157557
v 0.150160 -0.336452 0.155610
v 0.168296 -0.845309 0.172512
v 0.127801 -0.392397 -0.156471
v 0.125496 -0.080704 0.121214
v 0.124179 -0.071585 0.123731
v 0.125710 -0.081295 0.054022
v 0.128620 -0.263612 0.063688
v 0.126287 -0.249895 0.055976
v 0.128368 -0.262838 -0.101001
v 0.127995 -0.244809 -0.104035
v 0.126524 -0.277298 0.082171
v 0.128351 -0.269946 -0.072965
v 0.128760 -0.263695 0.100389
v 0.126091 -0.087544 -0.056058
v 0.140784 -0.687202 -0.144285
v 0.126847 -0.111183 0.125755
v 0.129396 -0.255209 -0.064765
v 0.126591 -0.099926 -0.124491
v 0.129246 -0.231763 0.090229
v 0.127038 -0.124289 -0.127761
v 0.129216 -0.245945 0.102053
v 0.128305 -0.121227 -0.102701
v 0.128841 -0.141626 -0.126907
v 0.158798 -0.711085 0.159005
v 0.168858 -0.367070 0.171787
v 0.128536 -0.128827 0.124469
v 0.128845 -0.129884 0.084741
v 0.127912 -0.114257 -0.004538
v 0.131362 -0.237077 0.075139
v 0.129727 -0.268398 0.072564
v 0.129431 -0.266674 0.094892
v 0.130119 -0.236138 -0.091661
v 0.131300 -0.264413 -0.081675
v 0.128981 -0.132192 -0.026498
v 0.165698 -0.728248 -0.170151
v 0.128684 -0.692352 -0.151579
v 0.128917 -0.141882 0.126430
v 0.129021 -0.141702 -0.023594
v 0.165999 -0.726863 0.169177
v 0.131409 -0.240712 -0.076742
v 0.149395 -0.737371 -0.168674
v 0.131458 -0.260895 -0.090253
v 0.131733 -0.247747 -0.093657
v 0.133203 -0.251192 0.073632
v 0.131879 -0.203950 -0.130704
v 0.130927 -0.185380 -0.132215
v 0.131101 -0.204831 -0.056150
v 0.131119 -0.204728 0.039821
v 0.130356 -0.145192 0.130465
v 0.130589 -0.145146 0.007970
v 0.139581 -0.699333 -0.152194
v 0.132241 -0.262807 0.085042
v 0.153058 -0.301177 0.152968
v 0.137244 -0.146373 0.136740
v 0.174335 -0.951158 -0.195816
v 0.131661 -0.173682 0.130138
v 0.132979 -0.248691 -0.080185
v 0.162452 -0.350115 -0.163244
v 0.135699 -0.392529 -0.156394
v 0.153034 -0.342670 -0.157932
v 0.160740 -0.381293 -0.160763
v 0.131743 -0.173714 -0.129239
v 0.131956 -0.203178 -0.020326
v 0.131925 -0.202667 0.127682
v 0.131775 -0.173928 0.015782
v 0.131784 -0.173591 -0.074435
v 0.131795 -0.173629 0.070940
v 0.133613 -0.248404 0.086837
v 0.132288 -0.172400 0.104744
v 0.132315 -0.172721 -0.033811
v 0.167463 -0.731939 0.167362
v 0.141090 -0.535674 -0.144349
v 0.157475 -0.389922 0.157134
v 0.140218 -0.628464 0.143421
v 0.164503 -0.714237 -0.165242
v 0.134135 -0.170009 -0.100722
v 0.134127 -0.169923 0.052442
v 0.134166 -0.169973 0.016588
v 0.134116 -0.170003 -0.037639
v 0.134143 -0.170015 0.091052
v 0.134021 -0.170107 -0.065586
v 0.136353 -0.165602 -0.135080
v 0.134143 -0.170048 -0.007416
v 0.137722 -0.146364 0.032028
v 0.137641 -0.146353 0.065002
v 0.137550 -0.146363 -0.083904
v 0.161974 -0.374726 0.162871
v 0.141975 -0.687599 0.142988
v 0.150488 -0.692237 0.150530
v 0.144234 -0.691105 0.143967
v 0.142243 -0.408635 -0.144152
v 0.140279 -0.506556 0.143406
v 0.136448 -0.165558 0.132056
v 0.136571 -0.165550 0.048117
v 0.136610 -0.165491 0.095629
v 0.136712 -0.165442 -0.005886
v 0.136712 -0.165492 -0.064980
v 0.140132 -0.163096 -0.140996
v 0.143782 -0.349457 0.161925
v 0.149443 -0.404546 0.149666
v 0.170043 -0.845506 -0.173548
v 0.170321 -0.358245 -0.172728
v 0.167131 -0.717374 0.166992
v 0.158744 -0.380547 -0.162236
v 0.143582 -0.691977 -0.150420
v 0.139907 -0.147748 -0.046708
v 0.138543 -0.146911 0.094517
v 0.139983 -0.163730 -0.076141
v 0.140183 -0.163527 0.006720
v 0.140110 -0.163603 0.085669
v 0.138166 -0.434092 -0.115113
v 0.138082 -0.434252 -0.054543
v 0.138098 -0.497982 -0.114853
v 0.138072 -0.435882 0.112697
v 0.138047 -0.436028 0.031220
v 0.138160 -0.601680 -0.114982
v 0.138202 -0.661871 -0.115009
v 0.138098 -0.492329 -0.048210
v 0.138127 -0.661484 0.112814
v 0.138118 -0.580004 0.112807
v 0.138135 -0.661673 -0.055988
v 0.138105 -0.521700 0.060535
v 0.138109 -0.599582 0.018093
v 0.138114 -0.656148 0.009470
v 0.138100 -0.559376 -0.050969
v 0.141059 -0.162453 0.138452
v 0.138304 -0.662093 0.056784
v 0.138596 -0.433219 0.035982
v 0.139095 -0.432120 0.115879
v 0.152855 -0.301149 -0.055755
v 0.148966 -0.699743 0.151617
v 0.153281 -0.339483 0.155619
v 0.197389 -0.914946 0.239999
v 0.139707 -0.519661 0.117287
v 0.139668 -0.597680 0.117184
v 0.139836 -0.664686 0.117321
v 0.140462 -0.148494 0.036142
v 0.140066 -0.148360 0.139822
v 0.139831 -0.431478 -0.117702
v 0.139790 -0.664672 -0.117638
v 0.139756 -0.535835 -0.117696
v 0.139904 -0.664796 0.010867
v 0.140260 -0.431115 0.011408
v 0.141526 -0.434082 0.118310
v 0.153079 -0.301151 0.039490
v 0.142920 -0.429711 0.116940
v 0.157391 -0.708178 0.157119
v 0.151558 -0.400150 -0.152712
v 0.185046 -0.858703 -0.240983
v 0.143302 -0.688629 -0.142213
v 0.164873 -0.716514 -0.167643
v 0.157483 -0.385072 -0.158832
v 0.151461 -0.400146 0.151333
v 0.142637 -0.666532 -0.119339
v 0.142037 -0.159623 -0.140191
v 0.142019 -0.152092 -0.140729
v 0.142515 -0.154734 0.139759
v 0.141851 -0.151442 0.049937
v 0.142093 -0.152344 -0.043716
v 0.142759 -0.566373 -0.119676
v 0.142729 -0.482689 -0.119666
v 0.143351 -0.408503 0.141660
v 0.141819 -0.160089 0.027341
v 0.142717 -0.430088 -0.119402
v 0.142489 -0.661488 -0.143795
v 0.142541 -0.556028 -0.143780
v 0.142572 -0.525857 0.142648
v 0.142483 -0.615704 0.142708
v 0.142647 -0.462070 0.142610
v 0.142801 -0.666736 0.103725
v 0.142871 -0.666694 0.118855
v 0.142812 -0.528147 0.118876
v 0.142892 -0.666768 -0.095142
v 0.142888 -0.666805 -0.005768
v 0.142881 -0.666791 0.050912
v 0.142883 -0.666807 -0.056667
v 0.143408 -0.667265 0.025117
v 0.143361 -0.667193 -0.036421
v 0.143391 -0.667229 -0.072359
v 0.143354 -0.667204 0.083830
v 0.143321 -0.429433 0.038644
v 0.143352 -0.429424 -0.056931
v 0.142423 -0.156484 -0.038768
v 0.155754 -0.374829 -0.163946
v 0.167874 -0.372262 -0.168498
v 0.156898 -0.707484 -0.157892
v 0.156615 -0.701234 -0.157063
v 0.143373 -0.549657 0.140881
v 0.143409 -0.553948 0.120458
v 0.143357 -0.687658 0.140217
v 0.143280 -0.408590 0.015599
v 0.143254 -0.408606 0.085298
v 0.143279 -0.408682 -0.040183
v 0.143348 -0.521814 -0.141871
v 0.143313 -0.408585 -0.141987
v 0.143448 -0.561430 -0.121570
v 0.143411 -0.668525 0.121357
v 0.143402 -0.428419 0.120342
v 0.143436 -0.428681 -0.121420
v 0.143431 -0.667865 -0.121339
v 0.143400 -0.687697 -0.076134
v 0.143464 -0.689641 0.074008
v 0.143394 -0.687608 0.010380
v 0.144209 -0.405749 0.071222
v 0.144107 -0.690338 -0.131340
v 0.144088 -0.690291 -0.021596
v 0.144208 -0.405768 -0.039820
v 0.144779 -0.691635 0.133593
v 0.154127 -0.392545 -0.156027
v 0.169296 -0.739123 0.172425
v 0.151397 -0.699632 -0.152432
v 0.161283 -0.344201 0.160865
v 0.168505 -0.371760 0.168234
v 0.156666 -0.948944 0.239919
v 0.149558 -0.404526 -0.150681
v 0.146237 -0.691659 -0.038220
v 0.146174 -0.691635 0.066646
v 0.145443 -0.691643 -0.134062
v 0.153959 -0.398062 -0.155266
v 0.150664 -0.692128 -0.151132
v 0.161024 -0.380385 0.161244
v 0.149725 -0.404432 0.094444
v 0.149742 -0.404441 -0.042212
v 0.149792 -0.404440 0.012030
v 0.149692 -0.404434 -0.108182
v 0.149771 -0.404450 0.036480
v 0.152191 -0.349370 0.161874
v 0.158831 -0.711252 -0.158971
v 0.185697 -0.951154 -0.113484
v 0.150819 -0.692324 -0.076784
v 0.150837 -0.692381 -0.020778
v 0.150305 -0.692084 0.121214
v 0.149893 -0.692016 0.045502
v 0.150749 -0.692332 -0.130268
v 0.159087 -0.734252 0.165645
v 0.156964 -0.389872 -0.158452
v 0.151055 -0.693085 0.069623
v 0.151857 -0.399898 -0.090369
v 0.151862 -0.399878 -0.010258
v 0.151924 -0.399849 0.086318
v 0.151801 -0.699680 -0.120172
v 0.151771 -0.699747 0.149024
v 0.151303 -0.697584 0.049909
v 0.151951 -0.699807 -0.033435
v 0.152172 -0.699913 0.080832
v 0.166233 -0.354363 -0.170643
v 0.155566 -0.857875 0.239942
v 0.169134 -0.738090 0.168746
v 0.154358 -0.397871 0.016739
v 0.154665 -0.392750 -0.147449
v 0.154914 -0.302975 -0.154298
v 0.154898 -0.302762 -0.063983
v 0.154646 -0.392890 0.154738
v 0.154276 -0.397938 0.154206
v 0.167322 -0.352525 0.167052
v 0.170213 -0.740038 -0.173512
v 0.155181 -0.338224 -0.153767
v 0.154887 -0.303074 0.059739
v 0.154351 -0.397892 0.079977
v 0.154367 -0.397869 -0.070037
v 0.165452 -0.734342 -0.167289
v 0.154886 -0.392575 -0.069720
v 0.154952 -0.392494 0.100651
v 0.154945 -0.392526 0.051396
v 0.154969 -0.392472 -0.008123
v 0.154951 -0.303840 0.152792
v 0.155154 -0.338609 0.153033
v 0.155203 -0.338913 -0.106564
v 0.155201 -0.338925 -0.059959
v 0.155195 -0.338919 0.090287
v 0.155201 -0.338801 0.007279
v 0.155978 -0.342555 0.042368
v 0.156495 -0.701132 -0.058918
v 0.156465 -0.701122 0.030456
v 0.157498 -0.701759 0.093315
v 0.156056 -0.342610 -0.042022
v 0.156039 -0.342582 0.102321
v 0.156006 -0.342555 -0.154911
v 0.157615 -0.389879 0.131494
v 0.157380 -0.389972 0.011846
v 0.157383 -0.390019 -0.053254
v 0.157504 -0.389989 0.082547
v 0.157451 -0.390004 -0.100254
v 0.157416 -0.390055 0.033535
v 0.157570 -0.389834 0.108194
v 0.157487 -0.389932 -0.135801
v 0.157685 -0.702506 -0.076096
v 0.157796 -0.702498 0.157288
v 0.157492 -0.389623 -0.075898
v 0.157498 -0.389654 0.053575
v 0.157510 -0.389584 -0.024021
v 0.157301 -0.708372 0.027343
v 0.157331 -0.708380 -0.038578
v 0.157399 -0.708184 -0.147667
v 0.157332 -0.708066 0.114878
v 0.157555 -0.385225 0.128676
v 0.157543 -0.385177 0.069622
v 0.157568 -0.385093 0.018161
v 0.157548 -0.385276 -0.036611
v 0.157319 -0.708397 -0.083264
v 0.157339 -0.708357 -0.120038
v 0.157574 -0.385210 -0.095827
v 0.157626 -0.702422 0.001108
v 0.162173 -0.375311 -0.162185
v 0.162432 -0.349992 0.161573
v 0.159553 -0.711385 0.118731
v 0.159708 -0.711545 -0.034118
v 0.159649 -0.711470 0.059012
v 0.161013 -0.380941 0.092676
v 0.160959 -0.381094 0.147919
v 0.161193 -0.380639 -0.094696
v 0.161220 -0.380809 -0.129824
v 0.161190 -0.344452 0.024681
v 0.161135 -0.344401 -0.146431
v 0.161245 -0.344549 -0.059509
v 0.161157 -0.344449 0.108893
v 0.161124 -0.380764 -0.048219
v 0.161126 -0.380773 0.017743
v 0.159934 -0.711651 -0.101525
v 0.231441 -0.945589 -0.240963
v 0.161499 -0.377753 0.075829
v 0.161508 -0.377588 0.149161
v 0.164757 -0.714324 -0.085199
v 0.164698 -0.714400 0.164067
v 0.164747 -0.714334 0.095767
v 0.163323 -0.713397 -0.005402
v 0.161501 -0.377659 -0.027684
v 0.161502 -0.377862 -0.108321
v 0.162477 -0.349358 0.156880
v 0.162870 -0.349892 0.067241
v 0.162116 -0.348043 -0.009780
v 0.165776 -0.734225 0.164990
v 0.162747 -0.349564 -0.101061
v 0.238314 -0.856171 -0.240085
v 0.167586 -0.737708 -0.168403
v 0.163890 -0.374471 0.148267
v 0.164004 -0.374380 0.074291
v 0.164081 -0.374358 -0.085584
v 0.164137 -0.374419 -0.137438
v 0.163650 -0.350467 -0.008651
v 0.164064 -0.374356 -0.000455
v 0.165709 -0.715377 -0.005119
v 0.168347 -0.372105 -0.085137
v 0.168318 -0.372140 0.000152
v 0.168250 -0.352910 -0.004916
v 0.167053 -0.352157 -0.099726
v 0.168448 -0.352996 0.067452
v 0.168163 -0.352839 -0.168602
v 0.168122 -0.352764 0.126086
v 0.165658 -0.733909 -0.155393
v 0.165751 -0.734011 0.134234
v 0.165688 -0.733979 0.155624
v 0.165712 -0.734112 0.008285
v 0.165669 -0.733951 -0.086769
v 0.165755 -0.733877 -0.078796
v 0.165899 -0.734093 0.103501
v 0.165629 -0.734096 -0.028044
v 0.165910 -0.733973 -0.005891
v 0.165834 -0.733867 -0.053233
v 0.165971 -0.733999 -0.068433
v 0.165898 -0.733926 0.087883
v 0.165959 -0.734006 0.056587
v 0.165705 -0.734006 0.074663
v 0.166087 -0.734015 0.067003
v 0.168854 -0.369538 -0.171328
v 0.165759 -0.733825 0.039371
v 0.167971 -0.731210 0.128019
v 0.168433 -0.372039 0.086715
v 0.169040 -0.738012 0.135674
v 0.169247 -0.738115 -0.078225
v 0.169064 -0.738057 0.040192
v 0.169174 -0.738100 -0.051896
v 0.168004 -0.718876 -0.030287
v 0.167745 -0.718344 -0.166034
v 0.168048 -0.718971 0.100982
v 0.167839 -0.731382 -0.166844
v 0.169211 -0.722948 0.167574
v 0.167844 -0.731439 -0.059653
v 0.168060 -0.731034 0.011920
v 0.169104 -0.738081 -0.140161
v 0.170561 -0.355088 -0.091387
v 0.171652 -0.367736 -0.170701
v 0.169303 -0.723124 -0.166477
v 0.169294 -0.726671 0.164333
v 0.169186 -0.727155 0.018061
v 0.169184 -0.727290 -0.116961
v 0.170798 -0.355537 0.168444
v 0.169287 -0.723205 -0.005694
v 0.171150 -0.362467 0.172581
v 0.169778 -0.738358 0.091032
v 0.169783 -0.738387 -0.003081
v 0.171250 -0.356333 0.007959
v 0.172323 -0.358571 -0.168842
v 0.171484 -0.367731 0.169218
v 0.171448 -0.367849 -0.039926
v 0.172494 -0.845435 0.170620
v 0.171060 -0.355936 0.104099
v 0.171886 -0.738978 -0.028356
v 0.171883 -0.738982 0.125586
v 0.172123 -0.739086 0.051297
v 0.171754 -0.835118 0.171667
v 0.171885 -0.738945 -0.112868
v 0.171893 -0.739012 -0.172584
v 0.171961 -0.739126 0.171640
v 0.172463 -0.846859 -0.171799
v 0.172532 -0.359900 0.078299
v 0.172518 -0.359835 -0.061253
v 0.172816 -0.361909 0.168987
v 0.172507 -0.364315 0.065224
v 0.172683 -0.363119 -0.082169
v 0.172593 -0.741540 -0.171024
v 0.172649 -0.741067 0.169106
v 0.172517 -0.845555 -0.128296
v 0.172655 -0.741153 -0.082900
v 0.172513 -0.845530 -0.053118
v 0.172522 -0.845464 0.116987
v 0.172521 -0.845584 0.032894
v 0.172603 -0.740992 0.078568
v 0.172531 -0.756045 0.013568
v 0.172536 -0.756138 -0.093587
v 0.173288 -0.847783 -0.095558
v 0.173065 -0.847393 0.052303
v 0.195926 -0.949165 0.239716
v 0.176474 -0.849506 0.031772
v 0.176557 -0.849518 0.101062
v 0.176331 -0.849511 -0.176084
v 0.177771 -0.849640 0.168833
v 0.177576 -0.849647 -0.034698
v 0.177818 -0.849580 -0.105819
v 0.239032 -0.950712 0.238394
v 0.215697 -0.852897 -0.216735
v 0.238056 -0.951060 0.236474
v 0.189194 -0.850583 0.039030
v 0.237867 -0.855115 0.237681
v 0.237603 -0.949442 -0.240542
v 0.238181 -0.855232 -0.238403
v 0.203564 -0.851872 0.129597
v 0.237888 -0.951115 0.162848
v 0.238005 -0.951016 -0.238550
v 0.212724 -0.852638 -0.139920
v 0.213881 -0.852736 0.003501
v 0.237994 -0.951088 -0.174057
v 0.237886 -0.855017 0.151538
v 0.235059 -0.854713 -0.082303
v 0.237901 -0.951114 -0.059998
v 0.235580 -0.951134 0.038331
v 0.236348 -0.854843 0.064714
v 0.236626 -0.854840 -0.187297
v 0.236436 -0.857873 0.239899
v 0.235094 -0.858465 -0.240920
v 0.236874 -0.948275 0.239772
v 0.238516 -0.855513 -0.108554
v 0.238486 -0.855491 0.024025
v 0.238424 -0.950767 0.049964
v 0.239339 -0.856696 0.238029
v 0.239915 -0.857958 -0.238272
v 0.239635 -0.900898 -0.238659
v 0.239930 -0.948519 -0.238201
v 0.239955 -0.949223 -0.014950
v 0.239934 -0.949210 0.180263
v 0.239973 -0.949166 0.082358
v 0.239983 -0.949179 -0.155531
v 0.239934 -0.857744 0.035722
v 0.239954 -0.857829 -0.061978
v 0.239889 -0.857625 0.153374
v 0.239951 -0.857732 -0.158911
v 0.239937 -0.949249 0.236010
v 0.239952 -0.859297 0.234765
v 0.240021 -0.901466 0.153325
v 0.240043 -0.908657 -0.166768
v 0.240035 -0.945388 -0.061676
v 0.240027 -0.900588 0.018551
vn -1.0000 0.0005 0.0001
vn -0.9213 -0.3536 -0.1620
vn -0.9999 -0.0169 -0.0000
vn -0.9843 0.1766 0.0001
vn -1.0000 0.0001 -0.0000
vn -0.9213 -0.3890 0.0005
vn -0.9822 -0.1717 0.0761
vn -0.9860 0.1669 0.0004
vn -0.9843 0.1763 0.0001
vn -0.9237 -0.3832 0.0004
vn -0.9781 0.1398 -0.1541
vn -0.9777 -0.2099 -0.0017
vn -0.9822 0.1383 0.1269
vn -0.9838 0.1792 -0.0001
vn -0.7646 -0.4409 0.4700
vn -0.6399 -0.7684 0.0024
vn -0.5778 0.6023 0.5507
vn -0.5650 0.6184 -0.5462
vn -0.7333 0.6799 -0.0004
vn -0.7353 0.6778 0.0001
vn -0.7335 0.6796 -0.0000
vn -0.7344 0.6787 -0.0002
vn -0.6693 -0.2858 -0.6858
vn -0.3746 -0.9272 -0.0005
vn -0.4760 -0.8795 0.0004
vn -0.3686 -0.8614 -0.3495
vn -0.2772 -0.8731 0.4012
vn -0.2486 -0.2743 0.9290
vn -0.2310 0.1358 0.9634
vn -0.0829 -0.9966 -0.0007
vn -0.1287 -0.9917 -0.0005
vn -0.1310 0.9837 0.1229
vn -0.2668 0.9637 0.0016
vn -0.2606 0.9654 -0.0066
vn -0.2591 0.9659 -0.0000
vn -0.2565 0.9665 0.0001
vn -0.1473 -0.3872 -0.9101
vn -0.0906 0.9959 0.0001
vn -0.0002 0.6990 -0.7151
vn -0.0275 0.9729 -0.2297
vn -0.0003 0.2785 0.9604
vn -0.0005 -1.0000 0.0001
vn -0.0009 -0.0042 -1.0000
vn -0.0008 -0.9300 -0.3675
vn -0.0007 -1.0000 0.0002
vn -0.0006 -0.9062 0.4229
vn -0.0480 0.9977 -0.0473
vn -0.0908 0.9959 -0.0000
vn -0.0018 -1.0000 0.0002
vn -0.0471 0.9978 0.0457
vn -0.1406 0.1805 -0.9735
vn -0.0005 -0.0006 1.0000
vn -0.0012 0.9869 0.1616
vn -0.0008 -0.3434 0.9392
vn -0.1059 0.9890 -0.1034
vn -0.0005 -1.0000 0.0009
vn -0.0419 0.9980 0.0466
vn -0.0015 -0.3990 -0.9170
vn -0.2657 0.9640 0.0021
vn -0.2677 0.9635 0.0002
vn 0.0003 0.9760 -0.2177
vn -0.0002 -1.0000 0.0002
vn -0.1022 0.9724 0.2099
vn -0.3640 0.9264 0.0962
vn 0.0005 0.9964 -0.0845
vn -0.7767 0.5774 -0.2517
vn -0.2533 0.4539 0.8543
vn -0.6827 0.7307 0.0008
vn -0.6815 0.7319 0.0004
vn -0.8570 0.1445 0.4946
vn -0.9081 -0.0002 -0.4189
vn -0.9049 -0.0003 -0.4256
vn -0.9388 0.3445 0.0002
vn -0.9829 0.1840 -0.0031
vn -0.9674 0.2534 -0.0001
vn -0.9662 0.2577 -0.0000
vn -0.9664 0.2569 -0.0001
vn -0.9720 0.2350 0.0028
vn -0.9361 0.3518 -0.0007
vn -1.0000 0.0017 -0.0001
vn -0.9447 0.3279 -0.0001
vn -0.9410 0.3385 -0.0002
vn -1.0000 0.0014 0.0001
vn -1.0000 0.0019 0.0008
vn -0.9206 0.3122 0.2345
vn -0.8391 0.4567 -0.2954
vn -0.2530 0.6002 -0.7588
vn -1.0000 -0.0061 -0.0005
vn -0.9659 -0.1949 0.1705
vn -0.9474 -0.0047 -0.3201
vn -0.9710 0.2189 0.0958
vn -0.7793 -0.4086 -0.4752
vn -0.7722 0.4561 -0.4424
vn -0.9578 -0.2875 0.0002
vn -0.9644 0.2646 0.0002
vn -0.5623 0.0424 0.8258
vn -0.5757 -0.2165 0.7885
vn -0.4794 0.5908 0.6490
vn -0.5256 -0.4601 0.7156
vn -0.5226 0.8526 -0.0002
vn -0.5342 0.8453 0.0061
vn -0.5390 0.8423 -0.0000
vn -0.3774 0.5950 -0.7096
vn -0.3815 0.0452 -0.9233
vn -0.8181 0.5750 0.0012
vn -0.8093 -0.5874 0.0008
vn -0.7932 -0.6090 -0.0001
vn -0.7812 -0.6152 0.1066
vn -0.8218 0.5698 -0.0004
vn -0.8057 -0.5923 -0.0012
vn -0.5817 0.5494 0.5998
vn -0.0009 0.8262 0.5633
vn -0.3848 0.8743 0.2958
vn -0.3153 -0.6095 -0.7274
vn -0.3229 -0.8131 0.4844
vn -0.4239 0.8497 -0.3135
vn -0.4471 0.8553 0.2619
vn -0.5737 0.8191 -0.0000
vn -0.9999 -0.0149 0.0007
vn -0.8775 0.2345 0.4184
vn -0.9290 0.1729 -0.3271
vn -0.9949 0.1011 -0.0028
vn -0.9748 -0.2231 -0.0013
vn -0.9522 -0.2291 0.2021
vn -0.6842 -0.2430 -0.6876
vn -0.5617 -0.8273 0.0003
vn -0.5716 -0.8204 0.0140
vn -0.0000 -1.0000 0.0001
vn -0.9534 -0.3017 0.0018
vn -0.0298 0.0291 -0.9991
vn -0.0253 -0.0001 -0.9997
vn -0.5845 0.8114 -0.0017
vn -0.3063 0.9245 -0.2270
vn -0.8605 0.5094 0.0003
vn -0.9399 0.3415 -0.0014
vn -0.9404 0.3401 0.0020
vn -0.5276 -0.2907 0.7982
vn -0.7130 0.7011 -0.0069
vn -0.4339 0.9010 -0.0027
vn -0.4620 0.8869 0.0012
vn -0.4382 0.8989 -0.0002
vn -0.3926 0.9197 0.0047
vn -0.1915 0.6241 -0.7575
vn -0.9381 -0.3463 -0.0023
vn -0.9401 -0.3409 -0.0040
vn -0.5804 0.5989 -0.5518
vn -0.5651 -0.8250 0.0003
vn -0.4128 -0.8452 -0.3395
vn -0.5414 -0.8408 -0.0005
vn -0.3101 0.2160 -0.9258
vn -0.9944 -0.1054 -0.0018
vn -0.8671 -0.0449 0.4961
vn -0.7753 0.6235 0.1007
vn -0.8039 0.5947 0.0003
vn -0.7722 0.6354 0.0003
vn -0.4430 0.5242 0.7273
vn -0.9979 -0.0643 0.0034
vn -0.7027 0.2181 -0.6772
vn -0.8499 0.5269 -0.0008
vn -0.9789 0.2045 -0.0002
vn -0.2131 0.1030 0.9716
vn -0.5761 0.8174 -0.0011
vn -0.3656 0.8538 -0.3706
vn -0.0294 0.7799 0.6252
vn -0.0927 0.0520 0.9943
vn -0.3921 -0.8330 -0.3903
vn -0.4157 -0.7885 0.4533
vn -0.4319 0.8159 0.3845
vn -0.7673 0.6413 -0.0020
vn -0.7634 0.6460 0.0002
vn -0.7623 0.6472 -0.0005
vn -0.7606 -0.6492 0.0006
vn -0.7655 -0.6434 -0.0006
vn -0.7660 -0.6429 -0.0019
vn -0.7651 -0.6439 -0.0001
vn -0.7653 -0.6430 0.0290
vn -0.5353 0.8447 0.0003
vn -0.3625 0.8307 0.4225
vn -0.0471 0.1145 0.9923
vn -0.0004 0.6881 -0.7257
vn -0.3878 0.8195 -0.4219
vn -0.6919 -0.5805 0.4293
vn -0.8500 -0.5268 -0.0017
vn -0.8372 -0.5468 0.0003
vn -0.6034 -0.5528 -0.5747
vn -0.8395 -0.5434 -0.0004
vn -0.7623 0.6473 0.0004
vn -0.7576 0.6527 -0.0001
vn -0.7591 0.6509 -0.0001
vn -0.7578 0.6525 -0.0023
vn -0.7575 0.6529 0.0004
vn -0.5463 0.6427 -0.5371
vn -0.7581 0.6521 0.0013
vn -0.7531 0.6579 0.0015
vn -0.5014 0.6186 0.6049
vn -0.0469 0.8369 0.5454
vn -0.0001 -1.0000 0.0001
vn -0.0001 -1.0000 -0.0000
vn 0.0023 -0.2254 -0.9743
vn -0.3373 0.8648 0.3719
vn -0.1729 -0.5613 0.8093
vn -0.4416 0.8188 -0.3668
vn -0.7020 0.7121 -0.0013
vn -0.7063 0.7079 0.0027
vn -0.5070 -0.6883 -0.5189
vn -0.5537 -0.5512 0.6242
vn -0.8347 -0.5506 0.0077
vn -0.2342 -0.9701 -0.0632
vn -0.7929 -0.6094 -0.0040
vn -0.7651 -0.6438 0.0094
vn -0.9030 -0.4297 -0.0005
vn -0.8179 -0.5754 0.0011
vn 0.0348 -0.9967 0.0737
vn -0.6720 -0.7405 0.0068
vn -0.8216 -0.5701 0.0014
vn -0.8270 -0.5622 0.0007
vn -0.8151 -0.5793 -0.0007
vn -0.8978 -0.4403 0.0010
vn -0.9154 -0.4026 -0.0043
vn -0.8232 -0.5678 0.0010
vn -0.6963 -0.7178 -0.0021
vn -0.9207 -0.3902 -0.0053
vn -0.5652 -0.8248 0.0182
vn -0.8194 -0.5733 0.0003
vn -0.0020 -0.5790 -0.8153
vn -0.0115 0.1715 -0.9851
vn -0.3666 0.8875 -0.2790
vn -0.6871 0.7265 -0.0003
vn -0.4016 0.8651 0.3005
vn -0.6968 0.7173 -0.0005
vn -0.6922 0.7217 -0.0004
vn -0.9767 0.2147 0.0010
vn -0.9762 0.2168 -0.0006
vn -0.7170 0.3110 0.6238
vn -0.9090 -0.4167 -0.0050
vn -0.8979 -0.4401 -0.0023
vn -0.9037 -0.4281 0.0019
vn -0.9035 -0.4285 0.0036
vn -0.9176 -0.3975 0.0048
vn -0.9218 -0.3876 -0.0011
vn -0.6153 0.4996 -0.6097
vn -0.5930 -0.5172 -0.6171
vn -0.9900 -0.1408 0.0005
vn -0.6549 -0.4235 0.6259
vn -0.9814 0.1921 -0.0000
vn -0.9898 -0.1423 0.0006
vn -0.6801 0.3153 0.6618
vn -0.9657 0.2597 -0.0013
vn -0.6881 0.1469 -0.7106
vn -0.6306 0.7761 0.0063
vn -0.7016 0.7125 -0.0016
vn -0.6997 0.7145 0.0006
vn -0.0006 0.8889 -0.4580
vn -0.3965 0.8199 0.4130
vn -0.8972 -0.4415 -0.0059
vn -0.9313 -0.3642 -0.0057
vn -0.9071 -0.4208 0.0015
vn -0.9042 -0.4272 -0.0000
vn -0.8955 -0.4451 0.0020
vn -0.8967 -0.4426 -0.0051
vn -0.9047 -0.4261 -0.0001
vn -0.8916 -0.4528 0.0069
vn -0.8865 -0.4627 0.0021
vn -0.6532 -0.5381 -0.5328
vn -0.9047 -0.4259 -0.0091
vn -0.9014 -0.4328 0.0084
vn -0.8946 -0.4468 0.0021
vn -0.8869 -0.4612 0.0249
vn -0.8928 -0.4504 0.0054
vn -0.9039 -0.4277 0.0023
vn -0.8879 -0.4600 -0.0050
vn -0.8874 -0.4610 -0.0016
vn -0.8835 -0.4683 0.0151
vn -0.9157 -0.4016 -0.0158
vn -0.9780 0.2088 0.0018
vn -0.9739 0.2272 -0.0000
vn -0.9722 0.2342 -0.0001
vn -0.8802 0.3043 -0.3643
vn -0.7841 0.2765 0.5557
vn -0.0019 -0.6453 0.7639
vn -0.5138 -0.6011 0.6121
vn -0.0018 0.5630 0.8264
vn -0.9102 0.4142 -0.0010
vn -0.9848 0.1611 0.0656
vn -0.0001 0.8386 -0.5447
vn -0.9978 0.0662 -0.0004
vn 0.0017 0.8261 0.5636
vn -0.8844 0.2913 -0.3646
vn -0.8895 -0.4568 0.0009
vn -0.0067 0.8167 -0.5771
vn -0.4734 0.8173 -0.3284
vn -1.0000 0.0022 0.0030
vn -0.8899 -0.4561 -0.0030
vn -0.9992 -0.0403 -0.0035
vn -0.8900 -0.4560 0.0023
vn -0.8863 -0.4630 -0.0019
vn -0.9999 -0.0106 -0.0018
vn -0.9994 0.0359 -0.0019
vn -0.8751 0.4840 0.0011
vn -0.8919 -0.4522 0.0063
vn -0.9982 -0.0563 0.0192
vn -0.9997 -0.0235 0.0005
vn -0.8946 -0.4469 0.0009
vn -0.6561 -0.4718 0.5891
vn -0.8761 -0.4822 -0.0010
vn -0.9990 -0.0445 -0.0013
vn -0.9970 -0.0774 -0.0001
vn -0.8737 -0.4864 -0.0078
vn -0.5882 0.4958 0.6389
vn -0.9989 -0.0464 0.0070
vn -0.6413 -0.4280 -0.6368
vn -0.2581 0.2036 -0.9444
vn -0.3827 0.9239 -0.0004
vn -0.4254 0.7986 -0.4257
vn -0.2476 0.9508 0.1862
vn 0.0009 -0.9988 0.0484
vn -0.3884 0.9215 0.0003
vn -0.1199 0.0691 0.9904
vn -0.4238 -0.7944 0.4351
vn -0.6599 0.7514 0.0004
vn -0.6655 0.7464 -0.0004
vn -0.6701 0.7423 -0.0003
vn -0.7605 0.6378 0.1216
vn -0.4532 -0.7781 -0.4350
vn -0.7864 -0.6177 0.0010
vn -0.7897 -0.6135 -0.0002
vn -0.7919 -0.6106 -0.0014
vn -0.7897 -0.6135 -0.0016
vn -0.7817 -0.6237 0.0067
vn -0.8004 -0.5994 0.0037
vn -0.2817 0.7526 0.5952
vn -0.0065 -0.6346 -0.7728
vn -0.0040 -0.6694 0.7429
vn -0.0067 -0.2854 -0.9584
vn -0.0044 0.3815 0.9243
vn -0.9558 0.2941 -0.0004
vn -0.9567 0.2910 -0.0008
vn -0.9673 0.2538 0.0017
vn -0.9548 0.2971 0.0002
vn -0.6543 -0.7562 0.0004
vn -0.8127 -0.5827 0.0017
vn -0.6566 -0.7543 -0.0005
vn -0.5520 0.6203 -0.5572
vn -0.9616 0.2744 -0.0022
vn -0.5473 0.6304 0.5505
vn -0.7385 0.6743 -0.0017
vn -0.7200 0.6940 -0.0014
vn -0.7175 0.6966 -0.0025
vn -0.7376 0.6752 0.0078
vn -0.7257 0.6880 0.0043
vn -0.7208 0.6931 -0.0016
vn -0.7095 0.7046 -0.0081
vn -0.6459 -0.7634 0.0010
vn -0.6499 -0.7600 -0.0011
vn -0.6474 -0.7621 -0.0002
vn -0.6507 -0.7593 0.0013
vn -0.4843 -0.7214 -0.4950
vn -0.4419 -0.7478 0.4955
vn -0.2119 0.9773 -0.0077
vn -0.2437 0.9698 -0.0033
vn -0.2358 0.9718 0.0005
vn -0.2393 0.9709 -0.0040
vn -0.2323 0.9726 0.0017
vn -0.2349 0.9720 0.0041
vn -0.0034 -0.3865 0.9223
vn -0.0004 -0.4086 0.9127
vn -0.0040 -0.5573 -0.8303
vn -0.0921 0.1555 -0.9835
vn -0.5177 0.8555 -0.0061
vn -0.5039 0.8637 0.0115
vn -0.5408 0.8411 0.0064
vn -0.5157 0.8567 -0.0090
vn -0.5226 0.8525 0.0077
vn -0.3211 0.9304 0.1767
vn -0.5530 0.8332 -0.0003
vn -0.0311 0.6427 -0.7655
vn -0.0013 0.6364 -0.7714
vn 0.0012 -0.7345 0.6787
vn 0.0002 -0.0001 1.0000
vn -0.0001 0.1902 -0.9818
vn -0.0002 -1.0000 -0.0000
vn -0.0006 -1.0000 -0.0015
vn -0.0049 0.6956 -0.7184
vn -0.0301 0.9993 0.0242
vn -0.2788 0.3140 -0.9076
vn -0.0058 0.7197 -0.6943
vn -0.6422 -0.7665 -0.0000
vn -0.6372 -0.7707 0.0030
vn -0.6484 -0.7613 -0.0004
vn 0.0003 0.7352 0.6779
vn 0.0013 -0.5441 0.8390
vn -0.2281 0.9464 -0.2288
vn -0.0034 -0.4832 0.8755
vn -0.0024 0.0629 -0.9980
vn 0.0012 0.2036 -0.9790
vn 0.0012 0.7578 0.6525
vn -0.0015 0.9986 -0.0535
vn -0.0011 0.7254 0.6883
vn -0.0107 0.2561 0.9666
vn -0.2877 -0.9195 0.2678
vn -0.9600 0.2799 -0.0003
vn -0.9037 0.2859 0.3187
vn -0.9608 0.2773 -0.0015
vn -0.9591 0.2831 -0.0005
vn -0.9648 0.2632 0.0009
vn -0.2474 -0.9294 -0.2739
vn -0.9781 -0.2084 -0.0009
vn -0.9762 -0.2170 0.0014
vn -0.0005 0.7693 0.6389
vn -0.0043 -0.6187 -0.7856
vn -0.0044 0.7115 0.7027
vn -0.0007 0.4484 0.8938
vn -0.0070 -0.4794 -0.8776
vn -0.0007 0.5452 0.8383
vn -0.9024 0.1487 -0.4044
vn -0.8944 0.4322 -0.1152
vn -0.9413 -0.1598 0.2975
vn -0.9843 0.1264 0.1233
vn -0.9190 -0.0013 0.3942
vn -0.9842 0.0003 -0.1771
vn -0.9746 -0.2239 -0.0002
vn -0.8594 0.5114 0.0003
vn -0.9138 -0.2813 0.2930
vn -0.9216 0.2750 -0.2740
vn -0.9612 -0.1959 -0.1942
vn -0.8696 0.4937 -0.0022
vn -0.8601 0.5101 -0.0013
vn -0.9204 -0.0008 -0.3909
vn -0.8583 -0.0006 0.5132
vn -0.9266 -0.2487 -0.2819
vn -0.8844 0.0010 0.4667
vn -0.9718 0.2360 0.0016
vn -0.8377 -0.5462 -0.0020
vn -0.8226 -0.5687 0.0001
vn -0.8158 -0.5783 0.0003
vn -0.6360 -0.7212 0.2747
vn -0.6211 0.7837 0.0050
vn -0.6747 0.0004 0.7381
vn -0.5522 -0.0001 -0.8337
vn -0.7087 -0.0033 -0.7055
vn -0.7443 0.4599 0.4842
vn -0.3634 0.1991 0.9101
vn -0.5831 -0.0008 0.8124
vn -0.4527 0.0010 -0.8917
vn -0.3573 0.2733 -0.8931
vn -0.2855 -0.2306 0.9302
vn -0.9911 -0.1330 -0.0022
vn -0.9239 0.2070 0.3219
vn -0.9979 0.0645 -0.0021
vn -0.8786 0.2136 -0.4270
vn -0.3797 -0.0008 -0.9251
vn -0.9526 -0.2934 0.0807
vn -0.9314 -0.3639 0.0007
vn -0.8239 -0.4365 -0.3615
vn -0.0106 0.7491 -0.6624
vn -0.0004 0.2877 0.9577
vn -0.0033 -0.7522 0.6590
vn -0.0007 0.9734 0.2290
vn -0.5639 -0.2923 0.7724
vn -0.0032 0.3797 -0.9251
vn 0.0025 -0.8184 -0.5746
vn -0.0004 -0.5998 0.8002
vn -0.0077 -0.3721 -0.9281
vn -0.0458 0.8207 0.5696
vn -0.0234 0.9993 -0.0297
vn -0.8168 0.5770 0.0024
vn -0.7162 -0.4841 -0.5026
vn -0.6876 -0.7261 0.0008
vn -0.6760 -0.7369 -0.0010
vn -0.2423 -0.0009 0.9702
vn -0.9180 -0.3965 0.0023
vn -0.8563 0.3807 0.3489
vn -0.7776 0.6288 0.0003
vn -0.7374 -0.0001 0.6754
vn -0.7179 0.6962 -0.0014
vn -0.7420 0.6704 -0.0004
vn -0.7298 0.0001 -0.6836
vn -0.3591 -0.5401 -0.7611
vn -0.3636 0.1861 0.9128
vn -0.6482 -0.7569 -0.0830
vn -0.5068 -0.7261 0.4648
vn -0.7520 -0.4985 0.4312
vn -0.5018 0.6866 0.5260
vn -0.4626 0.7037 -0.5392
vn -0.6711 -0.7414 0.0007
vn -0.0026 0.7868 -0.6172
vn -0.0007 -0.3449 0.9386
vn -0.0013 0.8460 -0.5332
vn -0.3180 -0.3462 -0.8826
vn -0.0522 -0.0003 -0.9986
vn -0.6977 0.4947 -0.5182
vn -0.7635 0.6458 -0.0000
vn -0.4023 0.9155 0.0001
vn -0.4087 0.9127 0.0003
vn -0.9773 -0.2118 -0.0021
vn -0.9800 -0.1551 -0.1244
vn -0.9783 -0.2073 0.0002
vn -0.2098 0.9497 0.2326
vn -0.9774 -0.2112 0.0001
vn -0.9807 0.1665 -0.1024
vn -0.9860 -0.0008 -0.1665
vn -0.9868 -0.0000 -0.1618
vn -0.9804 0.1969 0.0004
vn -0.9831 0.1831 0.0008
vn -0.9868 -0.0032 0.1620
vn -0.9812 -0.0787 0.1760
vn -0.9800 -0.0000 0.1992
vn -1.0000 0.0003 0.0002
vn -1.0000 -0.0002 -0.0000
vn -1.0000 0.0001 -0.0001
vn 0.0068 0.8057 -0.5923
vn 0.1366 -0.1306 0.9820
vn -0.0009 0.2262 -0.9741
vn -0.0587 0.9983 -0.0034
vn -0.7555 -0.6552 0.0003
vn -0.7462 -0.6657 0.0046
vn -0.7596 -0.6504 0.0011
vn -0.7651 -0.6439 -0.0006
vn -0.1833 0.9672 -0.1761
vn -0.4234 -0.8092 -0.4075
vn -0.3766 -0.8310 0.4094
vn 0.0001 0.1572 0.9876
vn -0.0030 0.5416 0.8407
vn -0.0002 -0.0041 -1.0000
vn 0.2977 0.1213 0.9469
vn 0.0024 0.7219 -0.6920
vn -0.0004 0.4527 0.8916
vn 0.0030 0.8636 -0.5042
vn -0.0564 0.9984 -0.0058
vn -0.8644 -0.5029 0.0007
vn -0.8622 -0.5066 -0.0031
vn -0.8251 -0.4430 0.3507
vn -0.5955 -0.4775 -0.6460
vn -0.8794 -0.4761 0.0003
vn -0.0017 0.7784 0.6278
vn -0.0034 0.6890 0.7247
vn -0.0027 0.1660 0.9861
vn -0.0013 -0.4153 0.9097
vn 0.3799 -0.0002 -0.9250
vn 0.0006 0.9981 0.0615
vn 0.0815 0.0746 -0.9939
vn -0.0012 0.7089 -0.7053
vn -0.7202 0.6938 -0.0004
vn -0.2767 0.9220 -0.2708
vn -0.2800 0.9129 0.2971
vn -0.8802 -0.4746 -0.0073
vn -0.8836 -0.4682 -0.0005
vn -0.9976 -0.0511 -0.0464
vn -0.9977 -0.0647 0.0222
vn -0.9808 0.1382 0.1375
vn -0.9462 0.1737 -0.2730
vn -0.9668 0.2479 0.0611
vn -0.9479 -0.0212 -0.3178
vn -0.9425 0.2957 -0.1556
vn -0.9471 -0.2173 0.2362
vn -0.9510 -0.1478 0.2715
vn -0.9270 0.2226 0.3019
vn -0.9461 0.0585 -0.3184
vn -0.9083 -0.2846 -0.3065
vn -0.9906 -0.1366 0.0003
vn -0.9723 -0.2336 0.0006
vn -0.9906 -0.1367 -0.0024
vn -0.9909 -0.1346 -0.0010
vn -0.6452 -0.5217 0.5582
vn -0.9761 -0.1907 0.1043
vn -0.6919 -0.2340 -0.6830
vn -0.0040 -0.2424 -0.9702
vn -0.0023 -0.2680 -0.9634
vn -0.0070 -0.9193 -0.3935
vn 0.1688 -0.0022 0.9856
vn -0.0004 -0.1207 0.9927
vn -0.0002 -0.1102 -0.9939
vn -0.9196 -0.3780 0.1068
vn -0.6534 -0.7570 0.0018
vn -0.5902 -0.8072 -0.0026
vn -0.5545 -0.2070 0.8060
vn -0.2175 -0.3712 0.9027
vn -0.9442 -0.3278 -0.0314
vn -0.9364 -0.2573 -0.2387
vn -0.9310 -0.2364 -0.2780
vn -0.3653 -0.3478 -0.8635
vn -0.4154 -0.8457 -0.3351
vn -0.1935 -0.9679 0.1602
vn -0.7203 0.6937 0.0001
vn -0.8998 0.4084 -0.1535
vn -0.8647 -0.0815 0.4956
vn -0.8557 0.3754 0.3561
vn -0.8938 0.1347 0.4278
vn -0.0204 0.7782 0.6277
vn -0.0000 0.9602 -0.2793
vn -0.0024 -0.6769 0.7361
vn 0.1759 -0.1577 -0.9717
vn -0.0008 0.2524 -0.9676
vn -0.0195 -0.6645 -0.7470
vn -0.0078 -0.7141 -0.7000
vn -0.1407 -0.9900 0.0033
vn -0.1402 -0.9901 -0.0028
vn -0.1050 -0.1564 0.9821
vn -0.9977 0.0671 -0.0005
vn -0.9995 0.0300 0.0031
vn -0.9999 0.0164 -0.0004
vn -0.9957 -0.0032 -0.0928
vn -0.9091 0.1910 0.3702
vn -0.6846 0.2235 -0.6938
vn -0.8369 0.1154 -0.5351
vn -0.8485 0.4892 -0.2017
vn -0.9980 0.0629 0.0008
vn -0.9981 0.0619 -0.0014
vn -0.9745 0.0747 -0.2117
vn -0.8067 -0.1708 -0.5657
vn -0.8224 -0.5365 0.1893
vn -0.8492 -0.4155 -0.3259
vn -0.8379 0.1843 0.5138
vn -0.8236 -0.4048 0.3973
vn -0.8196 -0.5080 -0.2649
vn -0.8537 -0.3402 0.3942
vn -0.7739 -0.4522 -0.4433
vn -0.8714 -0.0455 0.4885
vn -0.8166 0.0833 0.5711
vn -0.8155 0.5787 -0.0099
vn -0.0001 0.2488 -0.9685
vn -0.0022 0.8433 0.5375
vn 0.0004 -0.8131 -0.5822
vn -0.9785 0.0764 0.1916
vn -0.0014 -0.5576 -0.8301
vn -0.8311 0.3916 -0.3949
vn -0.8253 0.3562 -0.4382
vn -0.8392 -0.0763 -0.5384
vn -0.8279 -0.5595 -0.0404
vn -0.7874 0.1407 -0.6002
vn -0.2526 0.2499 0.9347
vn -0.9981 0.0623 -0.0026
vn -0.8027 -0.5881 -0.0989
vn -0.6721 0.0874 -0.7353
vn -0.7818 -0.3047 0.5440
vn -0.1876 0.0731 -0.9795
vn -0.7719 -0.2920 -0.5647
vn -0.6991 0.0870 0.7097
vn -0.7753 0.6275 -0.0726
vn 0.0004 0.7809 0.6246
vn 0.3679 -0.0016 -0.9299
vn 0.0015 -0.1952 -0.9808
vn -0.7556 0.5986 -0.2660
vn -0.0001 0.8964 -0.4433
vn 0.0012 -0.2935 0.9560
vn -0.0036 -0.4264 -0.9045
vn -0.8548 0.4992 0.1419
vn -0.8428 0.5015 0.1955
vn -0.1228 0.0298 -0.9920
vn -0.2052 0.0708 0.9762
vn -0.9979 0.0646 -0.0006
vn -0.9979 0.0641 0.0020
vn -0.7431 -0.6298 0.2262
vn -0.7004 0.2199 -0.6790
vn -0.8779 0.0846 0.4713
vn -0.7466 -0.2765 0.6050
vn -0.7537 0.1932 0.6282
vn -0.7552 0.5187 0.4008
vn 0.4273 0.0001 0.9041
vn -0.7263 0.4004 -0.5588
vn -0.7364 0.3965 0.5482
vn 0.0037 0.2030 0.9792
vn 0.0005 0.1873 -0.9823
vn -0.9976 0.0685 0.0106
vn -0.7375 -0.6055 -0.2990
vn -0.2658 0.0846 0.9603
vn -0.8905 0.0881 -0.4463
vn -0.6739 -0.0866 0.7337
vn -0.8710 0.0970 0.4816
vn -0.7060 -0.0616 0.7055
vn -0.6450 0.2383 0.7261
vn -0.3479 0.0822 0.9339
vn -0.6042 0.0118 -0.7967
vn -0.6832 0.4506 0.5746
vn 0.0041 0.5370 0.8436
vn -0.3300 0.0877 -0.9399
vn -0.7427 -0.5090 0.4351
vn -0.2536 -0.9669 -0.0284
vn -0.6834 -0.4775 -0.5522
vn -0.0009 -0.4475 -0.8943
vn -0.6726 -0.1398 -0.7267
vn -0.0052 -0.9086 -0.4176
vn -0.0044 0.6487 -0.7611
vn -0.0806 -0.9886 -0.1270
vn 0.0009 0.6796 0.7336
vn -0.6910 0.6206 -0.3706
vn -0.3232 0.9448 -0.0540
vn -0.3168 0.9352 0.1583
vn -0.9978 0.0655 -0.0113
vn -0.6838 -0.7179 0.1306
vn -0.8889 0.0892 -0.4494
vn -0.9980 0.0638 -0.0004
vn -0.6718 -0.5593 0.4857
vn -0.9977 0.0655 -0.0183
vn -0.6109 -0.4701 0.6370
vn -0.6428 0.4127 -0.6454
vn -0.6620 0.0945 -0.7435
vn -0.6322 -0.4368 -0.6399
vn -0.9977 0.0650 0.0185
vn -0.6683 0.6823 0.2965
vn -0.8769 0.0770 0.4744
vn -0.6320 0.6113 0.4763
vn 0.0011 -0.3726 0.9280
vn -0.0029 0.2129 -0.9771
vn -0.0007 0.8630 0.5052
vn -0.2520 -0.9667 -0.0436
vn -0.0000 0.2694 0.9630
vn -0.1347 -0.9754 -0.1744
vn -0.7113 0.6891 -0.1383
vn -0.0001 0.6102 -0.7923
vn 0.0010 -0.1274 0.9919
vn -0.3571 0.0507 -0.9327
vn -0.0025 0.0432 0.9991
vn 0.0002 -0.7682 -0.6402
vn 0.0015 0.8291 -0.5591
vn -0.0187 0.0652 -0.9977
vn 0.8631 0.1133 -0.4922
vn -0.6208 0.2213 -0.7521
vn -0.6490 -0.7264 -0.2261
vn 0.7642 -0.0003 0.6449
vn 0.6552 0.0021 0.7554
vn -0.6708 -0.7413 -0.0203
vn -0.9979 0.0646 0.0002
vn -0.5896 0.2105 0.7798
vn 0.7935 -0.0036 -0.6086
vn 0.7979 0.0006 -0.6028
vn -0.5869 -0.3762 0.7169
vn -0.6398 0.6275 -0.4437
vn 0.6961 0.4203 -0.5821
vn -0.4326 0.0900 0.8971
vn -0.9303 0.0821 0.3576
vn -0.9979 0.0650 0.0051
vn -0.5804 -0.2452 -0.7765
vn -0.0007 0.5995 -0.8004
vn 0.0051 0.7309 0.6824
vn -0.2034 -0.9695 0.1367
vn -0.1963 -0.9758 0.0964
vn -0.0018 0.1509 0.9885
vn -0.0000 0.0849 -0.9964
vn 0.6546 -0.0644 -0.7532
vn -0.0011 0.8487 0.5289
vn -0.0001 -0.0001 -1.0000
vn -0.0007 -0.4944 0.8693
vn -0.0000 -0.4897 0.8719
vn -0.0003 -0.2446 -0.9696
vn 0.0003 0.6467 -0.7627
vn -0.0029 -0.6883 0.7254
vn -0.3245 0.9418 -0.0872
vn -0.5986 -0.6593 -0.4550
vn -0.2173 0.9422 0.2551
vn -0.9758 0.0756 0.2051
vn -0.2730 0.9606 0.0521
vn -0.0299 0.9996 0.0016
vn -0.7133 0.7008 0.0085
vn 0.2640 -0.6652 -0.6985
vn -0.6084 -0.7001 0.3738
vn -0.5104 0.0581 -0.8580
vn -0.5351 0.5612 -0.6315
vn -0.4230 0.0843 0.9022
vn 0.1906 0.7482 -0.6355
vn -0.6000 -0.7118 0.3653
vn 0.3967 -0.4334 0.8092
vn -0.6501 0.7475 0.1365
vn 0.6387 0.0007 0.7695
vn 0.4352 0.4495 0.7801
vn -0.9980 0.0637 0.0040
vn -0.3327 0.0894 -0.9388
vn -0.9977 0.0639 -0.0231
vn 0.0953 0.3512 0.9314
vn 0.6405 -0.0000 -0.7679
vn -0.5160 -0.4363 -0.7372
vn -0.9979 0.0644 -0.0016
vn -0.7464 0.0973 0.6583
vn -0.5459 -0.6529 -0.5252
vn -0.5364 0.6410 -0.5490
vn -0.8655 0.0902 -0.4928
vn 0.0065 -0.4184 0.9083
vn 0.0055 0.1501 -0.9887
vn -0.5572 -0.2610 0.7883
vn -0.9200 -0.0997 -0.3791
vn -0.6173 0.6625 -0.4243
vn -0.9745 -0.1593 0.1577
vn -0.6760 0.6771 -0.2907
vn -0.5229 0.0393 0.8515
vn -0.5055 0.5146 0.6926
vn -0.9585 0.0681 -0.2768
vn -0.4635 0.2274 -0.8564
vn -0.6963 0.6333 0.3377
vn -0.9979 0.0643 -0.0075
vn -0.4461 -0.6618 0.6025
vn 0.1925 -0.1949 -0.9618
vn 0.1836 0.2076 0.9608
vn -0.3530 0.0874 -0.9315
vn 0.1909 -0.1887 0.9633
vn 0.1923 0.1859 -0.9636
vn -0.9233 0.0747 0.3768
vn 0.1924 -0.0003 -0.9813
vn 0.1928 0.0016 -0.9812
vn 0.2499 0.0005 0.9683
vn 0.2514 -0.0000 0.9679
vn -0.0019 0.2344 0.9721
vn 0.0014 -0.7743 0.6328
vn -0.0002 -0.7616 0.6481
vn -0.0063 0.7697 0.6384
vn -0.2610 0.0814 0.9619
vn -0.3224 0.9260 -0.1965
vn -0.0300 0.9995 -0.0029
vn 0.0981 0.6481 -0.7552
vn -0.4994 0.6664 0.5536
vn -0.4522 -0.2194 -0.8645
vn -0.5103 -0.5697 0.6442
vn -0.3291 0.0920 0.9398
vn -0.9978 0.0657 0.0131
vn -0.9980 0.0637 0.0001
vn -0.4232 0.0812 0.9024
vn -0.6806 0.0864 -0.7276
vn -0.0193 0.0672 -0.9976
vn -0.4419 0.3799 -0.8127
vn 0.0006 -0.7148 0.6993
vn 0.0022 0.4171 0.9089
vn -0.0001 -1.0000 -0.0001
vn -0.0051 0.2423 0.9702
vn -0.1377 0.9615 -0.2378
vn -0.9266 0.0826 0.3669
vn -0.5071 0.4953 0.7054
vn -0.4460 -0.2375 0.8629
vn -0.9640 -0.0899 0.2504
vn -0.8777 -0.1447 -0.4569
vn -0.9831 -0.1503 -0.1043
vn -0.9793 -0.1018 -0.1750
vn -0.9743 -0.1801 0.1353
vn -0.3986 0.5577 -0.7281
vn -0.3697 -0.0874 -0.9250
vn -0.6013 0.6848 0.4117
vn -0.9141 0.0210 0.4049
vn -0.3958 0.0778 0.9150
vn -0.8970 0.0819 -0.4343
vn -0.9979 0.0642 -0.0035
vn 0.0009 -0.3229 0.9464
vn -0.0055 0.0605 -0.9982
vn -0.2759 0.9260 -0.2575
vn -0.0033 -0.4236 -0.9059
vn -0.0123 0.0662 0.9977
vn 0.0018 -0.5613 -0.8276
vn -0.9170 -0.2357 0.3217
vn -0.8493 0.0967 0.5190
vn -0.9978 0.0653 0.0087
vn -0.4158 -0.6407 -0.6454
vn -0.8861 -0.0856 -0.4554
vn -0.9172 -0.0275 -0.3974
vn -0.8448 -0.3995 0.3559
vn -0.9803 0.0139 -0.1973
vn -0.9003 -0.3131 0.3023
vn -0.3708 0.1885 0.9094
vn -0.4098 -0.6977 0.5876
vn -0.6499 -0.0380 -0.7591
vn -0.7378 -0.0616 -0.6722
vn -0.3856 -0.1473 0.9108
vn -0.7895 -0.0018 0.6137
vn -0.3500 -0.4850 0.8014
vn -0.3962 0.3362 0.8544
vn -0.9979 0.0647 -0.0091
vn -0.8654 0.0898 -0.4930
vn -0.9978 0.0654 0.0108
vn -0.3157 0.0866 -0.9449
vn -0.9978 0.0657 0.0027
vn -0.2895 0.4439 0.8480
vn -0.0006 -0.6803 -0.7330
vn -0.0006 0.6965 -0.7176
vn -0.0000 0.9959 -0.0906
vn -0.0006 -0.6518 0.7584
vn -0.0193 0.0646 -0.9977
vn -0.1125 -0.9771 0.1807
vn -0.5222 0.5517 -0.6504
vn -0.3267 -0.3573 -0.8750
vn -0.4257 -0.4917 -0.7596
vn -0.7506 -0.2753 0.6007
vn -0.9976 0.0667 -0.0193
vn -0.8911 0.0761 0.4474
vn -0.4074 0.0884 0.9090
vn -0.4284 0.7070 0.5627
vn -0.7520 -0.0283 0.6585
vn -0.9325 0.0839 0.3513
vn 0.0003 -0.6314 -0.7754
vn 0.0014 0.0813 0.9967
vn -0.0030 -0.9836 0.1802
vn -0.1345 0.9303 -0.3411
vn 0.0005 0.9287 0.3707
vn -0.9978 0.0664 0.0001
vn -0.5098 0.7688 -0.3861
vn -0.3389 0.6761 0.6542
vn -0.7137 0.0175 -0.7003
vn -0.7092 -0.2058 0.6743
vn -0.3304 0.3719 -0.8675
vn -0.6278 -0.3369 -0.7017
vn -0.3127 0.0852 -0.9460
vn -0.9296 0.0742 -0.3611
vn -0.9976 0.0677 0.0156
vn -0.9110 0.0882 0.4029
vn -0.6543 0.0937 -0.7504
vn -0.9979 0.0648 0.0052
vn -0.9978 0.0664 -0.0043
vn -0.4067 0.0831 0.9098
vn -0.0015 0.8351 -0.5502
vn -0.0040 0.7771 0.6293
vn -0.0959 -0.9748 0.2016
vn 0.0017 0.5547 0.8320
vn -0.0025 0.0647 0.9979
vn -0.0001 -0.1070 -0.9943
vn -0.0038 -0.9773 -0.2116
vn 0.0001 0.9963 0.0857
vn -0.0003 -0.2582 -0.9661
vn 0.0009 -0.1326 0.9912
vn -0.5840 -0.1832 0.7908
vn -0.6155 -0.2837 0.7353
vn -0.3105 -0.5355 0.7854
vn -0.1872 0.0970 -0.9775
vn -0.3225 0.6777 -0.6608
vn -0.2510 0.6545 -0.7132
vn -0.2127 0.0768 -0.9741
vn -0.9979 0.0648 -0.0007
vn -0.9684 0.0824 0.2356
vn -0.5149 0.1036 0.8510
vn -0.9973 0.0672 -0.0293
vn 0.0091 0.5798 -0.8147
vn -0.0210 0.0661 -0.9976
vn -0.1085 0.9501 0.2923
vn 0.0018 0.7734 0.6339
vn 0.0001 0.6480 0.7616
vn -0.0017 0.1488 0.9889
vn -0.0002 -0.2559 0.9667
vn -0.2425 0.0829 0.9666
vn -0.0012 0.2033 0.9791
vn -0.0006 0.0283 -0.9996
vn -0.8795 0.0928 -0.4667
vn -0.2582 -0.5035 -0.8245
vn -0.4388 0.6665 0.6027
vn -0.3035 0.5794 0.7565
vn -0.2191 -0.2357 -0.9468
vn -0.5963 -0.0487 0.8013
vn -0.5295 -0.2875 -0.7981
vn -0.2554 0.2725 -0.9277
vn -0.2431 0.6726 -0.6989
vn -0.2130 0.0230 -0.9768
vn -0.2678 -0.7078 -0.6537
vn -0.1600 0.3618 0.9184
vn -0.9978 0.0647 0.0107
vn -0.9754 0.0775 -0.2065
vn -0.4949 0.0784 0.8654
vn -0.1738 -0.1135 0.9782
vn -0.1625 0.6255 0.7631
vn -0.9341 0.0827 0.3473
vn -0.0002 -0.4945 -0.8692
vn -0.0003 -0.6119 -0.7909
vn -0.0003 -0.3501 -0.9367
vn 0.0003 -0.8774 0.4797
vn -0.0003 -0.2892 0.9573
vn -0.5158 -0.0117 0.8566
vn 0.0005 -0.7266 0.6871
vn -0.3383 0.7937 -0.5055
vn -0.2290 0.5147 -0.8262
vn -0.8848 0.0822 -0.4586
vn -0.1865 -0.3379 0.9225
vn -0.4816 -0.4308 -0.7632
vn -0.3907 0.0728 0.9176
vn -0.1554 -0.3644 0.9182
vn -0.9978 0.0664 -0.0078
vn -0.1285 -0.2561 -0.9581
vn -0.9979 0.0643 -0.0035
vn -0.0785 0.2894 0.9540
vn -0.3510 0.0902 -0.9320
vn -0.9978 0.0656 0.0073
vn -0.4660 0.0915 0.8801
vn -0.9501 0.0833 0.3006
vn -0.0016 -0.9931 -0.1175
vn -0.0045 0.5521 -0.8337
vn 0.0007 -0.2857 -0.9583
vn -0.0013 0.5739 -0.8190
vn -0.0029 0.7230 -0.6909
vn -0.1286 -0.6106 -0.7814
vn -0.2413 -0.0594 -0.9686
vn -0.1983 -0.0536 0.9787
vn -0.1449 0.5520 -0.8211
vn -0.3482 0.0062 0.9374
vn -0.9978 0.0658 0.0039
vn -0.6859 0.0975 -0.7211
vn -0.9975 0.0669 -0.0230
vn -0.4463 0.0802 0.8913
vn -0.9704 0.0830 0.2266
vn -0.1269 0.6354 0.7617
vn -0.9978 0.0659 -0.0033
vn -0.0001 0.5127 -0.8586
vn -0.1277 0.9112 0.3917
vn -0.8729 0.0888 0.4797
vn -0.0030 0.1499 0.9887
vn -0.0009 -0.8386 -0.5447
vn -0.2927 -0.0409 -0.9553
vn -0.1237 -0.0427 0.9914
vn -0.1168 0.1687 0.9787
vn -0.3054 -0.1772 -0.9356
vn -0.1562 0.6421 0.7506
vn -0.0361 0.3391 -0.9400
vn -0.1969 0.0761 -0.9775
vn -0.9974 0.0693 0.0208
vn -0.6008 0.0946 -0.7938
vn -0.7135 0.1024 0.6931
vn -0.0002 0.2590 0.9659
vn -0.0003 -0.6530 -0.7574
vn -0.2235 -0.9747 -0.0005
vn -0.0064 0.0644 -0.9979
vn -0.0120 0.0661 0.9977
vn -0.9462 0.0863 -0.3118
vn -0.2967 0.0309 0.9545
vn 0.0084 -0.2035 0.9790
vn -0.2219 -0.3795 0.8982
vn -0.1490 -0.6465 -0.7482
vn -0.0768 -0.6880 0.7217
vn -0.1023 0.0544 -0.9933
vn -0.4933 0.0819 0.8660
vn -0.9977 0.0668 0.0101
vn -0.9978 0.0663 -0.0052
vn -0.9113 0.0918 0.4014
vn 0.0045 -0.9895 -0.1442
vn -0.0001 0.6741 0.7386
vn -0.0000 0.7044 -0.7098
vn -0.0001 -1.0000 0.0002
vn -0.2459 0.9270 0.2834
vn 0.0014 -0.4838 0.8752
vn -0.9972 0.0694 -0.0277
vn 0.0016 0.6549 0.7557
vn 0.0026 -0.0094 1.0000
vn -0.0533 0.2898 -0.9556
vn -0.4718 0.0876 -0.8774
vn -0.8727 0.0932 -0.4793
vn -0.3958 0.0899 0.9139
vn -0.9269 0.0846 0.3656
vn -0.2125 -0.9772 0.0032
vn -0.0000 0.9715 -0.2370
vn 0.0001 0.0001 -1.0000
vn 0.0004 0.0002 -1.0000
vn 0.0008 0.8416 0.5400
vn -0.1408 -0.6307 0.7631
vn -0.0676 0.0674 -0.9954
vn 0.0005 -0.1149 0.9934
vn -0.9504 0.0887 -0.2982
vn -0.9978 0.0669 0.0042
vn -0.9975 0.0672 -0.0229
vn -0.4243 0.0875 0.9013
vn -0.9972 0.0697 0.0288
vn -0.9200 0.0897 0.3814
vn -0.9977 0.0669 -0.0055
vn -0.0003 0.5409 0.8411
vn 0.0006 0.2267 -0.9740
vn -0.2180 0.9349 -0.2800
vn -0.0003 0.6678 -0.7444
vn -0.0009 0.0638 0.9980
vn -0.0002 0.6431 -0.7657
vn -0.0129 0.0657 -0.9978
vn -0.0248 -0.5260 0.8501
vn -0.3054 0.1064 0.9463
vn -0.2348 -0.0201 -0.9718
vn 0.0391 -0.4244 -0.9046
vn 0.0129 0.5278 0.8493
vn -0.0308 0.7883 -0.6145
vn 0.1549 -0.1213 -0.9805
vn -0.6155 -0.0567 -0.7861
vn -0.0952 -0.3911 -0.9154
vn -0.9347 0.0867 0.3447
vn -0.2994 0.0810 -0.9507
vn -0.4384 0.0939 0.8939
vn -0.0007 -0.7573 0.6531
vn 0.1663 0.6395 0.7505
vn -0.0014 0.6144 -0.7890
vn -0.1198 -0.9867 0.1098
vn 0.0019 0.7757 0.6311
vn -0.0017 -0.5034 -0.8641
vn 0.1403 -0.1058 0.9844
vn -0.0155 0.0653 -0.9977
vn -0.2286 0.0761 0.9705
vn -0.0055 0.0645 -0.9979
vn -0.0727 0.1661 0.9834
vn 0.1497 0.4991 0.8535
vn -0.0260 0.5663 -0.8238
vn 0.0835 0.6596 -0.7470
vn -0.6861 -0.4848 -0.5424
vn -0.9959 0.0722 -0.0538
vn -0.9978 0.0670 0.0001
vn -0.4596 0.0897 -0.8836
vn -0.4705 0.0928 0.8775
vn -0.9239 0.0894 -0.3720
vn 0.1170 -0.6320 -0.7661
vn 0.1041 0.6520 0.7511
vn -0.0001 0.3487 -0.9372
vn -0.0039 0.0641 0.9979
vn -0.5568 0.3808 0.7382
vn 0.0004 0.1613 0.9869
vn 0.0024 -0.3904 -0.9207
vn -0.0000 -1.0000 -0.0000
vn -0.0001 -0.0023 -1.0000
vn 0.0655 -0.0580 -0.9962
vn 0.1694 -0.3720 0.9127
vn -0.0063 0.0668 0.9977
vn 0.1970 -0.0106 -0.9804
vn -0.5062 0.5498 0.6644
vn -0.0195 0.0669 -0.9976
vn -0.9977 0.0674 -0.0101
vn -0.9976 0.0673 0.0166
vn -0.9333 0.0911 0.3474
vn -0.5601 0.0995 -0.8224
vn -0.3905 0.0824 0.9169
vn -0.3684 -0.5752 0.7303
vn -0.9070 0.0853 0.4124
vn -0.5191 -0.2138 0.8275
vn -0.4636 0.0053 0.8860
vn -0.5212 -0.5419 -0.6593
vn -0.1798 -0.9474 -0.2650
vn -0.1851 -0.0832 0.9792
vn -0.5518 -0.4135 -0.7243
vn -0.5130 0.5605 0.6502
vn -0.4528 0.0413 -0.8906
vn -0.6301 -0.3959 0.6680
vn -0.0001 -0.4852 0.8744
vn -0.0025 0.0640 0.9979
vn -0.0007 -0.4898 0.8718
vn -0.0001 -1.0000 0.0006
vn -0.4674 -0.2302 -0.8536
vn -0.8281 0.0829 -0.5545
vn 0.2103 0.1104 0.9714
vn -0.9960 0.0712 0.0540
vn -0.9977 0.0682 0.0057
vn -0.9976 0.0684 -0.0114
vn -0.5461 0.2677 -0.7938
vn -0.4127 0.0924 0.9062
vn -0.5801 0.5768 -0.5752
vn -0.4716 0.5632 -0.6785
vn -0.4873 0.2533 0.8357
vn 0.2442 0.2916 0.9248
vn 0.1500 0.5084 -0.8480
vn 0.2247 0.2040 -0.9528
vn 0.2218 -0.0243 0.9748
vn -0.0195 0.0683 0.9975
vn 0.0024 0.5491 0.8358
vn -0.0037 0.0641 0.9979
vn -0.0046 0.0628 0.9980
vn -0.0026 -0.6215 0.7834
vn -0.0017 0.0650 -0.9979
vn -0.0086 0.0660 0.9978
vn -0.0003 0.2340 -0.9722
vn -0.0002 0.7163 -0.6978
vn -0.0076 0.0925 -0.9957
vn -0.3934 -0.4738 0.7879
vn -0.1923 0.0857 -0.9776
vn -0.8634 0.1073 0.4929
vn -0.9650 0.0800 -0.2498
vn -0.8612 0.0853 0.5011
vn 0.2218 -0.2603 -0.9397
vn -0.5454 0.4205 -0.7251
vn -0.4438 -0.0184 -0.8960
vn -0.0000 -0.0005 1.0000
vn -0.0013 0.9903 0.1389
vn -0.0119 0.0662 -0.9977
vn -0.0025 0.0644 -0.9979
vn -0.0002 0.8253 -0.5646
vn -0.9972 0.0715 -0.0215
vn -0.0030 0.7174 -0.6967
vn -0.8357 0.3974 0.3791
vn -0.7405 0.3283 -0.5864
vn -0.2904 0.0840 0.9532
vn -0.9308 -0.0642 0.3599
vn -0.5804 0.0943 -0.8088
vn -0.9973 0.0729 0.0002
vn -0.9830 0.0184 0.1825
vn -0.9817 -0.0746 -0.1754
vn -0.9609 0.0017 -0.2768
vn -0.9972 0.0713 0.0243
vn 0.4765 0.1289 -0.8697
vn 0.3025 -0.0948 0.9484
vn 0.2439 -0.2054 -0.9478
vn -0.4896 0.1034 0.8658
vn 0.0549 0.9492 -0.3099
vn 0.0003 0.1618 0.9868
vn -0.0009 0.5678 0.8231
vn -0.0157 0.0661 0.9977
vn -0.0201 0.0690 -0.9974
vn -0.9784 0.1183 0.1694
vn -0.9516 0.0876 0.2947
vn -0.8242 -0.4809 -0.2992
vn -0.9803 0.0884 0.1764
vn -0.9877 -0.1566 0.0006
vn -0.9380 0.0903 -0.3346
vn -0.9848 0.0695 -0.1593
vn 0.3550 0.4161 -0.8372
vn 0.3623 -0.0267 -0.9317
vn 0.5402 0.0700 0.8386
vn -0.5304 0.0947 0.8424
vn 0.0002 -0.6255 -0.7802
vn -0.0017 0.0647 0.9979
vn -0.0001 -0.0024 1.0000
vn -0.0045 0.3521 0.9359
vn -0.0010 0.0634 -0.9980
vn -0.0046 0.0657 0.9978
vn -0.0008 0.0039 -1.0000
vn -0.0001 -0.4868 0.8735
vn 0.0024 0.9531 -0.3027
vn -0.9691 0.0814 0.2329
vn -0.9971 0.0745 0.0119
vn -0.5309 0.1018 -0.8413
vn -0.1018 0.0736 -0.9921
vn -0.9968 0.0757 -0.0269
vn -0.6412 0.1017 0.7606
vn 0.3628 0.6232 -0.6929
vn 0.3135 -0.6361 -0.7051
vn 0.3502 -0.7155 0.6045
vn 0.2636 -0.5826 0.7688
vn 0.3055 -0.3987 -0.8647
vn 0.6018 -0.1443 0.7855
vn 0.0039 0.7934 0.6087
vn 0.0009 0.5315 0.8471
vn -0.0055 0.0656 -0.9978
vn -0.0012 -0.7730 -0.6344
vn 0.0027 0.5487 -0.8360
vn -0.8132 0.0804 0.5764
vn 0.4563 -0.3281 0.8271
vn 0.5928 -0.2842 -0.7535
vn 0.3883 0.6597 -0.6434
vn 0.4706 0.6787 0.5639
vn -0.5221 0.1087 0.8459
vn -0.9534 0.0964 0.2858
vn -0.9133 0.0982 -0.3953
vn -0.0060 0.5932 -0.8050
vn -0.0001 0.7247 0.6891
vn 0.0001 -0.3063 0.9519
vn -0.8149 0.0968 0.5714
vn -0.2016 0.0827 -0.9760
vn -0.9974 0.0724 0.0035
vn 0.4315 -0.7016 -0.5671
vn -0.9972 0.0739 0.0103
vn 0.4652 0.3492 0.8134
vn -0.9966 0.0749 -0.0341
vn -0.9972 0.0751 -0.0036
vn -0.7955 0.1014 0.5974
vn 0.1934 0.9658 -0.1729
vn 0.4708 -0.3910 -0.7908
vn -0.0000 0.2034 -0.9791
vn -0.0023 0.0642 0.9979
vn -0.0002 0.0004 1.0000
vn -0.0014 -0.7157 0.6984
vn -0.0001 0.3999 -0.9166
vn -0.1652 0.0931 0.9819
vn -0.0285 0.0710 0.9971
vn -0.3885 0.0955 -0.9165
vn -0.4686 0.0913 0.8787
vn 0.5335 -0.5513 0.6414
vn -0.9146 0.0913 -0.3938
vn 0.1453 0.9401 0.3083
vn 0.0904 -0.9774 0.1909
vn -0.0009 0.0008 1.0000
vn -0.0030 0.0629 -0.9980
vn -0.0003 -0.3829 0.9238
vn -0.0001 0.7612 0.6485
vn -0.0114 0.0657 -0.9978
vn -0.0249 0.0671 0.9974
vn 0.0051 0.7288 -0.6847
vn -0.4205 0.0913 -0.9027
vn -0.0727 0.0773 -0.9944
vn -0.9354 0.0880 0.3425
vn 0.7207 0.1882 0.6672
vn -0.9688 0.0771 0.2355
vn 0.6080 0.6067 -0.5121
vn 0.3986 0.6681 0.6283
vn -0.9971 0.0762 0.0023
vn -0.4501 0.0912 0.8883
vn 0.7815 0.1998 -0.5910
vn -0.0000 0.0001 -1.0000
vn 0.0027 0.8130 -0.5822
vn 0.7769 -0.3001 -0.5535
vn 0.4920 0.5179 0.6997
vn -0.8512 0.0990 0.5154
vn 0.5434 0.5444 -0.6391
vn -0.8488 0.4139 -0.3289
vn 0.5145 0.0605 0.8553
vn -0.5159 0.1038 0.8503
vn 0.5344 -0.6392 -0.5531
vn 0.2020 0.9675 0.1518
vn -0.9593 0.2821 -0.0124
vn 0.1411 -0.9703 -0.1965
vn 0.0003 -0.4083 0.9128
vn -0.0005 0.2419 -0.9703
vn -0.0000 0.9963 0.0858
vn -0.0012 -0.7978 -0.6030
vn 0.0001 0.9969 -0.0783
vn 0.0010 -0.3285 0.9445
vn 0.6386 -0.7038 0.3111
vn 0.8159 -0.1178 0.5660
vn -0.9152 0.3405 0.2154
vn 0.5789 -0.1775 0.7958
vn 0.4879 -0.7127 0.5040
vn 0.5821 0.1500 -0.7991
vn 0.6440 0.3110 -0.6990
vn -0.8735 0.4868 -0.0001
vn -0.5583 0.3680 0.7436
vn -0.6400 0.3620 -0.6778
vn 0.6203 -0.6992 -0.3554
vn 0.9553 0.0796 0.2847
vn 0.0001 -0.6085 -0.7936
vn -0.0019 -0.7514 0.6599
vn 0.5736 -0.1377 -0.8074
vn 0.9689 -0.0839 -0.2330
vn -0.6344 0.6697 0.3860
vn 0.9479 -0.0988 0.3028
vn 0.9519 0.1697 0.2551
vn 0.9514 -0.1276 -0.2802
vn 0.6673 0.6554 0.3538
vn -0.0181 0.0755 0.9970
vn 0.0018 -0.9906 0.1371
vn -0.0025 0.0671 -0.9977
vn -0.0005 0.6052 0.7960
vn -0.0007 0.0654 -0.9979
vn 0.0003 -0.3779 0.9258
vn -0.0142 0.0714 -0.9973
vn -0.0295 0.0761 0.9967
vn -0.0325 0.0753 0.9966
vn 0.6527 0.6270 0.4253
vn 0.7270 0.6436 -0.2393
vn 0.6579 0.1860 0.7298
vn -0.0694 0.3332 0.9403
vn 0.2070 -0.9723 -0.1085
vn 0.6790 -0.3202 -0.6607
vn -0.5248 0.6854 -0.5049
vn 0.8560 -0.0572 -0.5138
vn -0.0016 -0.3670 0.9302
vn 0.0017 0.2215 -0.9752
vn -0.0008 -0.3649 -0.9311
vn -0.0011 0.3718 -0.9283
vn -0.0000 0.6713 -0.7412
vn 0.8092 -0.1933 0.5549
vn 0.8182 -0.2678 -0.5087
vn 0.6866 0.5568 -0.4674
vn 0.7087 -0.1083 0.6971
vn 0.7410 -0.6083 -0.2844
vn 0.7141 0.6830 0.1535
vn 0.2522 -0.9636 0.0889
vn 0.3815 0.5809 -0.7191
vn 0.2655 0.7856 0.5588
vn -0.7465 0.6343 -0.2009
vn -0.0006 0.6178 0.7864
vn 0.0070 0.7984 0.6021
vn -0.0002 -0.0000 1.0000
vn -0.0000 -0.5535 -0.8329
vn -0.0047 0.0665 0.9978
vn -0.2827 0.3915 -0.8757
vn 0.6594 0.4931 0.5676
vn -0.2431 0.6427 0.7266
vn 0.6200 -0.5730 0.5359
vn 0.6547 0.4470 -0.6096
vn 0.6902 -0.6311 0.3540
vn 0.2631 -0.7260 -0.6354
vn 0.2759 -0.7380 0.6158
vn -0.0003 0.7319 0.6815
vn 0.0001 -0.5051 -0.8630
vn -0.0032 0.0658 -0.9978
vn 0.0003 -0.8483 -0.5295
vn 0.2982 -0.2394 -0.9240
vn 0.0003 0.8425 0.5387
vn 0.7134 -0.6218 -0.3232
vn 0.6998 0.4135 0.5825
vn 0.6024 0.5273 -0.5992
vn -0.7194 0.6408 0.2680
vn 0.1354 0.1040 0.9853
vn 0.0012 0.7744 0.6327
vn 0.7440 -0.0086 -0.6681
vn 0.2378 -0.1124 0.9648
vn -0.0007 -0.4882 0.8727
vn 0.7347 -0.4652 -0.4938
vn -0.0004 0.8280 -0.5607
vn 0.0002 0.1552 -0.9879
vn 0.7797 -0.0896 0.6196
vn 0.7521 0.6322 -0.1862
vn 0.7974 -0.4181 0.4351
vn 0.6953 0.5468 0.4664
vn 0.8064 0.5618 0.1848
vn -0.0117 0.5715 0.8205
vn -0.0003 -0.7554 0.6553
vn 0.0005 -0.2841 -0.9588
vn -0.0007 0.0640 0.9980
vn -0.0021 0.0670 -0.9978
vn -0.0001 0.9261 0.3772
vn 0.0011 0.9994 0.0352
vn 0.0016 0.1169 -0.9931
vn -0.0032 0.0650 -0.9979
vn 0.0010 0.8066 -0.5911
vn 0.0002 -0.5882 0.8087
vn -0.6204 0.6715 0.4052
vn -0.8334 0.5527 0.0002
vn 0.7350 -0.3152 0.6003
vn 0.6096 -0.4245 0.6694
vn 0.1520 -0.0676 -0.9861
vn -0.0001 0.1584 0.9874
vn 0.0001 0.9603 -0.2788
vn -0.0011 -0.9988 0.0481
vn -0.0242 0.0714 -0.9972
vn -0.0000 -0.2859 0.9583
vn -0.0033 0.0713 0.9975
vn -0.0010 0.0640 0.9979
vn -0.0001 0.2761 0.9611
vn -0.3187 0.6556 -0.6845
vn -0.0997 0.5828 -0.8065
vn 0.8743 -0.0420 -0.4836
vn 0.8608 -0.2655 -0.4341
vn 0.8125 0.2009 0.5472
vn 0.8496 0.2284 -0.4754
vn 0.8481 0.4227 -0.3193
vn 0.8324 0.4354 0.3430
vn 0.7321 -0.4968 -0.4661
vn -0.0017 0.4937 -0.8696
vn -0.0019 0.5575 0.8302
vn -0.0012 0.0654 0.9979
vn 0.0002 0.0640 -0.9979
vn -0.0029 0.0664 0.9978
vn 0.1029 0.9831 -0.1516
vn -0.0039 0.9984 -0.0563
vn 0.9030 0.4013 -0.1532
vn 0.7180 0.3986 -0.5706
vn 0.8429 -0.5059 0.1835
vn 0.8950 -0.4005 -0.1961
vn 0.8145 -0.4758 0.3320
vn 0.0011 0.8233 -0.5676
vn -0.0013 0.7613 0.6484
vn -0.0006 -0.3381 0.9411
vn 0.0008 0.0650 -0.9979
vn -0.0001 0.0659 0.9978
vn -0.0005 0.0669 -0.9978
vn 0.0006 0.0652 0.9979
vn -0.0001 0.0745 0.9972
vn -0.0004 -0.1311 0.9914
vn -0.2688 0.6502 0.7106
vn 0.9117 0.2170 0.3489
vn 0.7482 -0.3966 -0.5319
vn 0.9292 -0.2611 0.2616
vn 0.7544 0.4103 0.5124
vn 0.3319 -0.1212 0.9355
vn 0.0019 -0.6555 -0.7552
vn -0.0017 0.4528 0.8916
vn -0.0012 -0.6163 0.7875
vn -0.0023 0.0748 0.9972
vn -0.0025 0.7130 -0.7011
vn 0.0015 -0.1214 -0.9926
vn -0.0007 -0.2580 -0.9661
vn 0.0013 -0.1978 -0.9802
vn -0.0014 -0.9937 -0.1117
vn 0.0017 -0.1553 -0.9879
vn 0.0013 0.7381 0.6747
vn 0.9534 0.2595 0.1540
vn 0.8201 -0.3063 0.4834
vn 0.9151 -0.0561 0.3992
vn 0.2345 -0.0564 -0.9705
vn -0.7294 0.6383 -0.2460
vn -0.0082 0.7320 0.6813
vn 0.0010 -0.5340 -0.8455
vn -0.0008 0.0713 0.9975
vn 0.0018 0.4101 0.9121
vn 0.0016 -0.2866 0.9580
vn -0.0017 0.4600 0.8879
vn -0.0001 0.6466 -0.7629
vn 0.9741 -0.1236 -0.1893
vn 0.8248 0.1701 0.5393
vn 0.8134 0.2599 -0.5204
vn 0.9732 0.1061 -0.2039
vn 0.8731 -0.1663 -0.4583
vn -0.0016 0.6735 0.7392
vn -0.0012 0.0687 0.9976
vn -0.0014 0.0705 -0.9975
vn 0.0002 0.8188 -0.5741
vn 0.9875 0.0180 0.1567
vn 0.9185 0.1320 -0.3727
vn 0.8424 -0.1415 0.5199
vn 0.1714 0.1022 -0.9799
vn 0.0017 -0.3505 -0.9366
vn -0.0015 0.0816 -0.9967
vn 0.0003 -0.3560 -0.9345
vn 0.0024 0.0635 -0.9980
vn 0.0032 0.7128 0.7013
vn -0.0020 -0.5220 -0.8530
vn -0.0004 -0.5680 -0.8230
vn 0.0006 -0.4020 0.9157
vn 0.3578 0.0975 -0.9287
vn -0.2801 0.6421 0.7136
vn 0.3551 0.0071 -0.9348
vn -0.0002 -0.0003 1.0000
vn -0.0002 0.5658 0.8245
vn -0.0002 0.0650 -0.9979
vn -0.0006 -0.4167 -0.9090
vn 0.0008 -0.6697 0.7426
vn -0.3169 0.6594 -0.6818
vn -0.8044 0.5887 0.0796
vn 0.2048 0.0693 0.9763
vn 0.2199 0.0167 0.9754
vn 0.0006 0.0383 0.9993
vn -0.0011 -0.8165 -0.5773
vn -0.0002 -0.9857 0.1687
vn -0.0001 0.6421 -0.7666
vn -0.0050 0.0751 -0.9972
vn 0.0001 0.2259 -0.9741
vn -0.5963 0.6800 0.4266
vn -0.0003 -0.6141 -0.7892
vn -0.0001 0.1249 0.9922
vn 0.0005 -1.0000 -0.0016
vn 0.0045 0.0662 0.9978
vn -0.0017 -0.9342 -0.3569
vn -0.0000 -0.0001 -1.0000
vn 0.0001 0.6890 -0.7248
vn -0.0007 -0.4887 0.8725
vn -0.0013 -0.3003 0.9538
vn 0.0005 -0.6613 0.7502
vn -0.0015 0.5546 -0.8321
vn 0.0003 0.4518 0.8921
vn 0.0006 -0.4797 0.8774
vn -0.0000 0.0602 -0.9982
vn -0.0004 -0.4223 -0.9064
vn -0.0000 0.8394 0.5436
vn 0.0011 0.3215 -0.9469
vn 0.0013 0.0634 0.9980
vn 0.0008 -0.6774 0.7356
vn 0.0002 -0.5559 -0.8313
vn 0.0007 -0.2253 -0.9743
vn -0.0005 -0.6653 -0.7466
vn -0.0002 -0.3002 0.9539
vn -0.0009 0.5626 -0.8267
vn 0.0016 0.3712 0.9285
vn -0.4401 0.6769 0.5900
vn 0.0013 0.7674 0.6412
vn 0.0029 0.0650 0.9979
vn 0.0008 0.0657 0.9978
vn -0.0004 -0.2611 -0.9653
vn -0.0008 0.9985 0.0551
vn -0.0024 -0.6405 -0.7679
vn -0.7299 0.6412 -0.2368
vn 0.0026 0.5346 0.8451
vn -0.0069 0.5575 0.8302
vn -0.0005 0.6726 0.7400
vn 0.0016 -0.8270 -0.5622
vn -0.0002 0.1581 -0.9874
vn 0.0046 0.0645 0.9979
vn 0.0009 0.0646 -0.9979
vn -0.0034 0.0664 0.9978
vn -0.0001 -1.0000 0.0004
vn -0.0027 0.5900 -0.8074
vn 0.0022 0.7689 0.6393
vn -0.0000 -0.3488 -0.9372
vn -0.7648 0.6263 0.1509
vn -0.3060 0.6605 0.6857
vn -0.0007 0.2132 -0.9770
vn -0.0007 0.6940 -0.7199
vn -0.0005 0.6305 -0.7762
vn -0.0004 -0.4176 -0.9087
vn 0.0002 0.7106 -0.7036
vn -0.6956 0.6552 -0.2946
vn -0.0000 -0.7575 0.6528
vn 0.0022 0.0668 -0.9978
vn -0.0000 0.9766 0.2151
vn 0.0010 0.1086 -0.9941
vn 0.0064 0.5728 0.8196
vn 0.0028 0.0660 -0.9978
vn 0.0066 0.6841 0.7293
vn -0.0024 0.0744 -0.9972
vn -0.0006 0.9547 0.2975
vn -0.3442 -0.1498 0.9269
vn 0.0005 0.1656 0.9862
vn 0.0027 0.0624 -0.9980
vn -0.2668 0.6488 -0.7126
vn -0.3999 0.6744 0.6207
vn -0.0008 -0.5834 -0.8122
vn -0.0000 -0.3756 0.9268
vn -0.0010 -0.3136 0.9496
vn -0.0000 0.0639 0.9980
vn -0.1127 0.9562 -0.2702
vn 0.0159 0.0749 -0.9971
vn 0.0009 0.5558 -0.8313
vn 0.0001 0.9963 0.0865
vn -0.0003 -0.4972 -0.8676
vn 0.0004 0.2118 -0.9773
vn -0.0032 0.5582 0.8297
vn 0.0007 0.0637 -0.9980
vn 0.0018 0.7592 0.6509
vn 0.0054 0.1721 0.9851
vn 0.0018 0.0649 0.9979
vn 0.0004 0.0661 0.9978
vn -0.0007 -0.5034 0.8641
vn -0.0000 0.7445 -0.6676
vn -0.0496 0.9987 0.0092
vn -0.0050 0.5322 0.8466
vn 0.0009 -0.4613 0.8872
vn -0.0001 0.0002 -1.0000
vn 0.0016 -0.4786 -0.8780
vn 0.1904 0.6264 0.7559
vn 0.0004 -0.0132 0.9999
vn 0.0042 0.7795 0.6264
vn -0.0023 0.1958 0.9806
vn -0.0004 -0.7168 0.6973
vn -0.0010 0.2640 0.9645
vn 0.0003 0.3529 -0.9357
vn -0.0003 0.9654 -0.2607
vn -0.0014 -0.4662 0.8847
vn 0.0026 0.5876 -0.8091
vn 0.0130 0.5558 0.8312
vn 0.0005 0.0640 0.9980
vn 0.0181 0.0724 -0.9972
vn 0.2334 0.6466 -0.7263
vn 0.0041 -0.6506 0.7594
vn 0.0050 0.5511 0.8344
vn -0.0019 -0.9925 0.1225
vn -0.0000 0.1995 -0.9799
vn -0.0009 0.9985 0.0545
vn 0.0020 0.0843 0.9964
vn -0.0001 0.6879 -0.7258
vn 0.5211 0.7823 -0.3412
vn 0.0002 -0.6280 -0.7782
vn -0.0018 0.8287 -0.5596
vn -0.4376 -0.0426 -0.8982
vn 0.0051 0.0663 -0.9978
vn -0.0019 -0.1185 -0.9929
vn 0.0021 0.0643 0.9979
vn 0.2825 0.6695 0.6870
vn -0.0033 0.7698 0.6383
vn 0.0005 0.0705 -0.9975
vn 0.2140 0.6244 -0.7512
vn -0.0091 -0.1303 -0.9914
vn -0.1744 0.0424 -0.9838
vn 0.0001 0.6433 -0.7656
vn -0.0002 -0.7665 -0.6422
vn 0.0005 -0.2546 0.9670
vn 0.7314 0.6298 -0.2614
vn 0.0038 0.7200 -0.6940
vn -0.0032 0.6384 0.7697
vn 0.0076 0.4221 0.9065
vn -0.2064 -0.0692 -0.9760
vn -0.0004 -0.0002 1.0000
vn 0.0005 0.8382 -0.5454
vn 0.0005 0.5459 0.8379
vn 0.0343 0.0769 0.9964
vn -0.0012 -0.4852 0.8744
vn -0.0004 0.9263 0.3768
vn 0.0027 0.5960 -0.8029
vn -0.0009 -0.6008 -0.7994
vn -0.0000 0.8978 -0.4405
vn -0.0003 -0.8370 -0.5472
vn 0.0007 0.3474 0.9377
vn 0.0019 0.7219 -0.6920
vn -0.0002 0.8364 0.5482
vn 0.6886 0.6569 -0.3071
vn -0.0005 0.7301 0.6833
vn 0.0026 0.8150 0.5795
vn -0.1892 0.9000 0.3927
vn 0.0087 0.0664 0.9978
vn 0.0162 0.0682 0.9975
vn 0.0001 -0.3779 0.9259
vn 0.0009 0.1541 -0.9881
vn -0.0006 0.2594 -0.9658
vn 0.6759 0.6602 0.3277
vn 0.0112 0.0658 0.9978
vn 0.0001 0.5508 0.8346
vn -0.0000 -0.0002 1.0000
vn -0.0031 0.5702 0.8215
vn -0.1495 0.9783 0.1433
vn 0.3417 0.6573 -0.6717
vn 0.0232 0.0688 -0.9974
vn 0.0157 0.0720 0.9973
vn 0.0074 0.0696 0.9976
vn 0.0008 0.5103 -0.8600
vn -0.0001 0.0260 -0.9997
vn 0.0002 0.2390 -0.9710
vn 0.0006 -0.8038 -0.5948
vn 0.0052 0.0820 -0.9966
vn -0.0010 0.7190 -0.6950
vn 0.0016 0.0644 0.9979
vn 0.3118 0.6639 -0.6797
vn 0.0159 0.0665 0.9977
vn 0.0005 0.6003 -0.7998
vn 0.0008 0.8605 0.5095
vn -0.0004 -0.6623 0.7492
vn -0.0056 -0.5004 0.8658
vn 0.0026 -0.0088 1.0000
vn 0.0003 -0.5829 -0.8125
vn -0.0098 0.9213 0.3886
vn 0.0215 0.0712 -0.9972
vn 0.0023 0.0644 -0.9979
vn -0.0025 -0.6628 -0.7488
vn 0.0069 0.0652 0.9979
vn 0.0001 0.2277 0.9737
vn 0.0002 0.6462 -0.7632
vn 0.3408 0.6546 0.6748
vn 0.0014 0.2455 0.9694
vn 0.0007 -0.6323 0.7747
vn 0.0148 0.0644 -0.9978
vn -0.0014 -0.1618 -0.9868
vn -0.0011 -0.4096 0.9123
vn 0.6876 0.6458 -0.3320
vn -0.0019 0.5917 -0.8061
vn -0.0086 0.6918 0.7220
vn -0.0015 -0.3751 0.9270
vn 0.3587 0.6708 0.6492
vn 0.1972 0.6281 -0.7527
vn -0.3387 -0.6498 -0.6804
vn -0.0013 -0.6722 -0.7404
vn 0.8295 0.5583 -0.0159
vn -0.0006 -0.9734 -0.2291
vn -0.0007 -0.4776 0.8786
vn -0.6822 -0.4848 0.5473
vn -0.0004 -0.5909 0.8068
vn 0.7591 0.6231 0.1883
vn 0.0243 0.0759 -0.9968
vn 0.0011 -0.7239 0.6899
vn 0.0012 -0.0991 -0.9951
vn 0.0001 0.1196 0.9928
vn 0.3031 -0.2404 0.9222
vn -0.0007 0.0314 0.9995
vn -0.0006 -0.4872 0.8733
vn 0.0003 -0.6690 0.7432
vn -0.0004 -0.6347 0.7728
vn -0.2186 -0.0045 0.9758
vn -0.0003 -0.7622 0.6473
vn 0.0065 0.0659 0.9978
vn 0.0027 0.0672 -0.9977
vn 0.0015 0.4203 0.9074
vn 0.0042 0.0651 -0.9979
vn 0.0013 0.2276 -0.9738
vn -0.1981 -0.1167 0.9732
vn 0.6991 0.6583 -0.2791
vn 0.0012 0.9762 -0.2168
vn 0.0105 0.0684 -0.9976
vn 0.0028 -0.6663 -0.7457
vn 0.0105 0.0655 0.9978
vn 0.0023 -0.3598 0.9330
vn 0.1850 -0.1378 0.9730
vn 0.0106 0.0663 0.9977
vn 0.2522 0.6430 0.7232
vn 0.0004 -0.6327 -0.7744
vn 0.0075 0.0651 0.9978
vn -0.2318 0.0932 0.9683
vn 0.0004 0.1989 -0.9800
vn 0.0003 0.6435 0.7654
vn -0.0021 -0.4987 0.8668
vn 0.0168 0.0676 -0.9976
vn -0.6926 0.2245 -0.6855
vn 0.0013 0.0639 0.9980
vn 0.0013 0.0982 0.9952
vn 0.0003 -0.2701 0.9628
vn 0.6565 0.6571 -0.3704
vn -0.8369 -0.0321 -0.5464
vn 0.2778 0.6540 -0.7037
vn -0.2360 0.1540 0.9595
vn -0.0000 -1.0000 -0.0007
vn 0.0002 -0.9154 0.4025
vn 0.0016 -0.7707 -0.6372
vn -0.0002 0.7394 0.6733
vn 0.0028 0.7867 0.6173
vn -0.7815 0.2235 -0.5825
vn -0.8104 -0.1908 0.5539
vn -0.9160 0.0719 0.3948
vn -0.8518 0.2005 0.4840
vn -0.9792 0.1138 -0.1683
vn -0.9804 0.0593 0.1877
vn -0.9522 -0.1335 -0.2749
vn -0.9311 -0.2474 0.2682
vn -0.0013 0.5875 -0.8092
vn 0.0244 0.0773 0.9967
vn -0.0001 0.1612 0.9869
vn 0.0002 -0.8247 0.5656
vn 0.0066 0.6922 -0.7217
vn 0.0002 -0.0007 -1.0000
vn -0.9117 -0.3155 -0.2632
vn -0.7052 -0.3498 -0.6166
vn -0.7560 0.3530 0.5512
vn -0.8117 -0.3696 0.4522
vn 0.6557 0.6760 -0.3364
vn -0.7942 0.4502 -0.4081
vn -0.8958 0.1540 -0.4169
vn -0.8955 0.3448 -0.2814
vn -0.8744 -0.1326 -0.4668
vn -0.9152 0.0008 0.4030
vn -0.8766 0.4674 -0.1149
vn 0.0519 0.0731 0.9960
vn 0.0014 -0.6024 -0.7982
vn -0.8722 -0.3999 0.2817
vn 0.0005 0.2986 -0.9544
vn -0.0088 0.5862 -0.8102
vn -0.9010 0.3209 0.2920
vn -0.8678 -0.4424 -0.2265
vn -0.0000 0.7498 0.6617
vn -0.1425 -0.0876 -0.9859
vn 0.0042 0.0644 -0.9979
vn -0.0004 -0.1389 0.9903
vn 0.8295 0.5584 0.0089
vn -0.6473 -0.4867 -0.5867
vn -0.6957 0.4974 0.5182
vn -0.7511 0.0735 -0.6560
vn 0.4527 0.6847 -0.5711
vn -0.7727 -0.2031 0.6014
vn -0.8000 -0.5785 0.1592
vn -0.8103 0.1060 0.5763
vn -0.7549 -0.4296 -0.4956
vn 0.4021 0.3845 0.8310
vn 0.0026 0.0636 0.9980
vn -0.0012 -0.6068 0.7949
vn 0.0001 0.2911 0.9567
vn 0.0018 0.7440 -0.6682
vn -0.0008 0.9279 0.3729
vn -0.7732 0.4236 0.4719
vn 0.0006 0.7122 -0.7020
vn -0.2019 -0.9695 0.1386
vn 0.0009 -0.0090 -1.0000
vn -0.8140 0.5632 0.1421
vn -0.8410 0.0581 -0.5380
vn -0.7281 -0.2345 -0.6441
vn -0.7077 0.5911 0.3870
vn -0.7169 -0.6285 -0.3016
vn -0.7599 0.3569 -0.5433
vn -0.7459 0.5647 -0.3531
vn -0.7556 0.6409 -0.1354
vn 0.0216 0.0669 0.9975
vn 0.0008 -0.6789 0.7342
vn -0.0023 0.8953 -0.4455
vn 0.6888 0.6564 0.3077
vn -0.7571 -0.5619 0.3334
vn -0.7091 0.6414 0.2931
vn -0.6595 -0.6159 0.4309
vn -0.7514 -0.5227 0.4027
vn -0.5077 0.3236 0.7985
vn -0.2369 -0.9650 -0.1127
vn 0.0004 -0.0001 -1.0000
vn 0.0005 0.9566 0.2913
vn -0.1850 0.0008 -0.9827
vn -0.2106 0.9627 -0.1697
vn 0.0118 0.0669 -0.9977
vn -0.0001 0.6926 -0.7213
vn 0.7301 0.6360 -0.2498
vn -0.6565 0.2449 0.7135
vn 0.0018 -0.2633 -0.9647
vn 0.2578 0.3637 -0.8951
vn -0.0002 0.2115 -0.9774
vn 0.3759 0.0624 0.9246
vn -0.0002 0.9963 -0.0855
vn 0.0003 0.8327 0.5537
vn -0.5580 -0.5618 -0.6108
vn -0.6851 0.5004 0.5294
vn -0.6217 -0.3951 0.6763
vn -0.5688 0.0601 0.8203
vn -0.9715 -0.0428 -0.2332
vn -0.5542 0.1967 -0.8088
vn -0.6606 -0.6991 0.2738
vn -0.0022 0.8251 -0.5650
vn 0.3451 0.0965 0.9336
vn -0.0006 0.8230 0.5681
vn -0.1630 -0.9856 0.0442
vn 0.2931 0.1990 0.9352
vn -0.7588 0.6171 0.2085
vn -0.6384 0.6855 -0.3500
vn -0.5662 -0.0972 -0.8185
vn -0.9543 -0.0954 -0.2834
vn -0.5959 0.5492 0.5858
vn -0.5539 -0.6455 0.5258
vn -0.5557 -0.6271 -0.5458
vn -0.5534 0.4221 -0.7180
vn 0.0029 0.6049 -0.7963
vn -0.0006 0.5497 0.8354
vn 0.0006 -0.1747 -0.9846
vn 0.0224 0.0670 -0.9975
vn -0.0010 -0.6366 -0.7712
vn -0.0002 -0.3544 -0.9351
vn -0.0016 -0.4823 0.8760
vn -0.5546 0.6565 0.5114
vn 0.0056 0.2653 0.9642
vn 0.0288 0.0675 0.9973
vn -0.5373 -0.3803 -0.7528
vn 0.6664 0.6531 -0.3596
vn -0.8942 0.1136 0.4330
vn 0.9454 0.3257 -0.0108
vn 0.9453 0.3259 0.0161
vn -0.0009 0.8501 0.5266
vn 0.0001 0.9587 -0.2843
vn -0.1003 -0.9791 0.1767
vn 0.0060 -0.4704 0.8824
vn -0.1470 0.9441 -0.2952
vn -0.4927 -0.7434 -0.4524
vn -0.8802 -0.3480 0.3228
vn -0.5070 -0.1665 0.8457
vn -0.4464 0.3646 0.8172
vn 0.8691 0.3610 0.3382
vn -0.5344 0.6123 -0.5827
vn -0.3757 0.6390 0.6712
vn 0.3042 0.0895 -0.9484
vn 0.3619 0.0845 -0.9284
vn 0.0343 0.0707 -0.9969
vn 0.0001 -1.0000 0.0017
vn 0.0006 -0.7618 0.6479
vn 0.0009 -0.4290 -0.9033
vn 0.0007 -0.5881 -0.8088
vn 0.0024 -0.3650 -0.9310
vn 0.0020 -0.5880 -0.8089
vn -0.8926 -0.1642 -0.4199
vn -0.9762 -0.0426 0.2126
vn -0.7786 -0.1239 -0.6152
vn -0.6354 0.0260 0.7717
vn -0.4459 0.6769 -0.5857
vn 0.2246 0.0830 -0.9709
vn 0.0322 0.0716 -0.9969
vn -0.1274 0.0025 0.9919
vn 0.0168 0.0658 -0.9977
vn 0.0003 0.7993 0.6009
vn 0.3325 0.1000 -0.9378
vn -0.1323 -0.9688 -0.2095
vn -0.7530 0.3388 0.5641
vn -0.7932 -0.2441 0.5580
vn 0.7975 0.3630 -0.4818
vn -0.4089 -0.3456 0.8446
vn 0.7094 0.0943 0.6984
vn -0.3759 -0.2348 -0.8964
vn 0.8571 0.1040 -0.5045
vn -0.7740 0.1028 -0.6248
vn 0.5431 0.1035 0.8332
vn 0.0004 0.5440 0.8391
vn 0.1826 0.0773 -0.9801
vn 0.0016 0.2666 0.9638
vn -0.0518 0.4969 -0.8662
vn -0.7538 -0.0078 -0.6571
vn -0.2680 0.0201 -0.9632
vn 0.9975 0.0688 0.0158
vn -0.2640 0.2637 -0.9278
vn -0.4044 -0.5052 -0.7624
vn 0.9975 0.0708 -0.0011
vn 0.9970 0.0739 -0.0247
vn -0.3019 -0.7248 0.6193
vn 0.7704 0.1021 -0.6293
vn -0.2795 -0.0586 0.9583
vn -0.0081 0.9845 0.1753
vn 0.4619 -0.2553 -0.8494
vn -0.0150 -0.5156 -0.8567
vn -0.4792 -0.4697 0.7415
vn 0.9146 0.0789 0.3967
vn -0.1954 0.6596 0.7258
vn -0.5918 -0.2604 0.7629
vn -0.3583 -0.5587 0.7479
vn 0.4526 0.0988 0.8862
vn -0.2544 0.2278 0.9399
vn -0.3188 0.4780 -0.8184
vn 0.9838 0.0796 -0.1609
vn 0.7805 0.1014 0.6169
vn 0.9970 0.0763 0.0119
vn -0.2767 -0.6638 -0.6949
vn 0.3251 0.0937 -0.9410
vn -0.0009 0.7673 0.6413
vn -0.0002 0.7245 0.6893
vn 0.0037 0.3089 0.9511
vn 0.0003 -0.4928 -0.8702
vn 0.3719 0.1049 -0.9223
vn 0.0049 0.0587 -0.9983
vn 0.0017 -0.4028 0.9153
vn 0.0012 0.9921 0.1251
vn 0.0006 -0.9447 -0.3279
vn -0.4636 -0.0130 -0.8860
vn -0.2380 0.4792 0.8448
vn 0.8467 0.0959 -0.5234
vn 0.9971 0.0758 -0.0026
vn 0.4563 0.0948 -0.8848
vn 0.6956 0.1011 -0.7113
vn 0.9970 0.0768 -0.0092
vn -0.0032 0.5899 -0.8075
vn 0.0001 0.3126 -0.9499
vn -0.3062 -0.2669 0.9138
vn 0.0025 -0.3589 0.9334
vn 0.0006 0.8623 0.5064
vn 0.0001 -0.3250 -0.9457
vn -0.0008 0.8355 0.5494
vn 0.0004 -0.6289 -0.7775
vn -0.0003 -0.7685 -0.6398
vn 0.0017 0.6441 -0.7649
vn 0.0105 -0.3861 -0.9224
vn -0.1750 -0.4327 -0.8844
vn 0.9793 0.0812 0.1855
vn -0.4414 -0.2790 -0.8529
vn -0.1723 -0.3853 0.9065
vn 0.9744 0.0844 -0.2085
vn 0.8431 0.1063 -0.5272
vn 0.5078 0.0945 -0.8563
vn 0.5522 0.0950 0.8283
vn 0.3297 0.0866 -0.9401
vn 0.9971 0.0752 0.0120
vn 0.4934 0.0820 -0.8659
vn -0.0014 -0.3937 0.9192
vn -0.0007 0.6893 -0.7245
vn 0.3398 0.8541 -0.3938
vn -0.0007 -0.6046 -0.7965
vn 0.3095 -0.1119 -0.9443
vn -0.2310 -0.1630 0.9592
vn -0.0978 -0.2200 -0.9706
vn 0.9334 0.0903 0.3474
vn 0.9967 0.0753 -0.0312
vn 0.9955 0.0865 0.0380
vn 0.4944 0.0998 0.8635
vn 0.3579 0.0984 -0.9286
vn 0.3649 0.0915 0.9266
vn 0.0007 0.6391 -0.7691
vn -0.0036 0.8410 0.5410
vn 0.0023 0.7559 0.6547
vn 0.0019 -0.4755 0.8797
vn 0.0009 -0.3760 0.9266
vn -0.2723 -0.1368 -0.9524
vn 0.9098 0.0950 -0.4040
vn 0.5612 0.0898 -0.8228
vn 0.9974 0.0713 -0.0045
vn 0.9969 0.0709 -0.0348
vn -0.2421 -0.0017 0.9702
vn -0.0007 -0.9932 0.1166
vn 0.0008 -0.3022 0.9532
vn 0.9973 0.0706 0.0223
vn -0.0745 0.6664 0.7418
vn -0.0766 -0.6392 0.7652
vn 0.9561 0.0825 0.2813
vn -0.1714 0.6595 -0.7319
vn -0.0801 0.7105 -0.6992
vn -0.0876 -0.1611 -0.9830
vn 0.9016 0.0827 -0.4246
vn 0.9652 0.1129 0.2360
vn 0.9626 -0.2626 0.0660
vn 0.9705 0.0928 -0.2226
vn 0.9556 0.1607 -0.2468
vn 0.9691 -0.1600 -0.1878
vn 0.9779 0.0158 0.2086
vn 0.9292 0.0201 -0.3691
vn 0.9975 0.0688 0.0178
vn 0.6504 -0.6279 0.4274
vn 0.4809 0.0944 -0.8717
vn 0.0015 0.6248 0.7808
vn 0.3042 0.0899 -0.9484
vn -0.0014 0.7222 -0.6917
vn -0.0008 0.0161 0.9999
vn 0.9977 0.0678 -0.0090
vn 0.4257 0.1951 0.8836
vn -0.0142 0.4299 0.9028
vn 0.4966 0.2985 -0.8151
vn 0.5151 -0.1476 0.8443
vn 0.9623 0.0797 -0.2601
vn 0.9781 -0.0554 -0.2004
vn 0.5459 -0.2868 0.7872
vn 0.9870 -0.0076 0.1608
vn -0.1526 0.0993 0.9833
vn 0.3680 0.5822 0.7250
vn 0.9534 -0.1093 -0.2811
vn 0.5398 0.5670 0.6222
vn 0.8358 -0.1886 0.5156
vn 0.4886 -0.7830 -0.3848
vn 0.5926 -0.4119 -0.6922
vn 0.4851 0.3868 0.7842
vn 0.9815 0.1915 0.0001
vn 0.4763 0.0540 -0.8776
vn 0.4429 0.4390 -0.7818
vn 0.7964 0.4038 -0.4502
vn 0.4805 -0.3296 -0.8127
vn 0.4764 0.5651 -0.6736
vn -0.1056 -0.3059 -0.9462
vn -0.0371 -0.0042 0.9993
vn 0.9696 -0.1519 0.1916
vn -0.0002 -0.1857 -0.9826
vn -0.0008 -0.3632 0.9317
vn -0.0030 0.1333 0.9911
vn 0.0014 -0.9749 -0.2228
vn -0.0002 -0.8381 -0.5454
vn 0.6798 0.1350 0.7208
vn 0.0035 -0.4755 0.8797
vn 0.4831 0.0843 0.8715
vn 0.0553 0.2125 0.9756
vn -0.0040 -0.6310 -0.7758
vn 0.9217 0.0893 0.3774
vn 0.4453 0.0864 0.8912
vn 0.3129 0.1539 -0.9372
vn 0.8798 0.0861 -0.4674
vn 0.9956 0.0708 -0.0606
vn 0.5681 0.7919 0.2240
vn 0.3747 -0.6154 -0.6934
vn 0.8717 0.1024 -0.4791
vn 0.5050 -0.4902 0.7104
vn 0.4446 -0.6363 0.6304
vn 0.1884 0.0796 0.9789
vn -0.0001 0.3132 0.9497
vn 0.0990 -0.9951 -0.0001
vn 0.0062 -0.6169 -0.7870
vn 0.9977 0.0669 -0.0083
vn 0.0403 -0.2964 0.9542
vn 0.3895 0.0381 -0.9202
vn 0.9973 0.0695 0.0220
vn 0.9308 0.0831 0.3559
vn 0.1253 0.6850 -0.7177
vn 0.1901 0.9533 -0.2346
vn 0.1555 0.9425 0.2957
vn 0.0966 0.0704 0.9928
vn 0.0870 -0.9666 0.2410
vn 0.0004 0.2391 -0.9710
vn 0.1497 0.0846 -0.9851
vn 0.0835 0.9197 -0.3837
vn -0.0268 0.4137 -0.9100
vn 0.0161 0.2239 0.9745
vn -0.0015 0.0476 -0.9989
vn 0.0017 -0.8096 -0.5870
vn -0.4928 0.5395 -0.6827
vn 0.0945 0.4586 0.8836
vn 0.9976 0.0678 0.0154
vn 0.1507 0.6496 0.7452
vn 0.3920 -0.1371 -0.9097
vn 0.0823 -0.0380 0.9959
vn 0.9977 0.0666 -0.0107
vn 0.8980 0.0940 0.4299
vn 0.9540 0.0787 -0.2892
vn 0.1371 0.2161 0.9667
vn 0.4846 0.0891 -0.8702
vn 0.0053 0.6169 -0.7870
vn 0.4993 0.0971 -0.8610
vn 0.1005 -0.7344 0.6713
vn -0.4024 0.2616 0.8773
vn 0.0619 0.0390 0.9973
vn 0.3590 0.0771 0.9302
vn 0.0600 0.1143 -0.9916
vn 0.0876 -0.1005 -0.9911
vn 0.0006 0.0002 -1.0000
vn 0.1628 -0.5236 -0.8363
vn 0.0860 0.5825 -0.8082
vn 0.2380 -0.9011 -0.3623
vn 0.1433 -0.9896 0.0082
vn 0.1894 -0.5989 0.7781
vn 0.2181 -0.2187 -0.9511
vn 0.1648 -0.3579 -0.9191
vn 0.0626 -0.1245 -0.9902
vn 0.2425 0.0215 0.9699
vn 0.1059 -0.6347 -0.7655
vn 0.1491 -0.3741 0.9153
vn 0.0045 0.6984 -0.7157
vn 0.6641 0.1070 -0.7399
vn 0.5807 0.0982 0.8082
vn 0.9977 0.0673 -0.0110
vn 0.6800 0.0943 -0.7271
vn 0.1442 0.6043 0.7836
vn 0.1473 0.3409 -0.9285
vn 0.1772 -0.5633 0.8071
vn 0.1409 -0.9433 0.3004
vn 0.4153 0.0767 -0.9064
vn 0.1402 -0.1815 0.9733
vn 0.1139 0.9603 -0.2546
vn 0.0265 0.0651 -0.9975
vn 0.1020 0.2322 0.9673
vn 0.2040 0.0720 0.9763
vn 0.1636 -0.0759 -0.9836
vn 0.2705 -0.9463 0.1770
vn -0.0000 0.8470 -0.5316
vn 0.0012 0.9304 0.3665
vn -0.0009 0.8356 0.5493
vn 0.9447 0.0827 0.3172
vn 0.9974 0.0674 0.0268
vn 0.9978 0.0666 0.0056
vn 0.9575 0.0789 -0.2773
vn 0.9977 0.0671 -0.0124
vn 0.6639 0.0911 -0.7422
vn 0.1615 -0.2058 -0.9652
vn 0.1462 0.5991 -0.7872
vn 0.1945 -0.0743 -0.9781
vn 0.4757 0.0709 0.8767
vn 0.0045 0.8424 0.5388
vn 0.4289 0.0853 0.8993
vn -0.0456 0.7709 0.6353
vn 0.1813 0.0848 -0.9798
vn 0.0002 -0.9214 0.3887
vn 0.0001 -0.9998 -0.0216
vn 0.2247 -0.7275 0.6482
vn -0.2896 -0.3161 0.9034
vn 0.0062 -0.4281 0.9037
vn 0.1876 -0.2734 0.9434
vn 0.8921 0.0781 -0.4450
vn 0.8641 0.0967 -0.4939
vn 0.4344 0.0950 0.8957
vn 0.9977 0.0663 0.0161
vn 0.3338 0.0904 -0.9383
vn 0.9978 0.0657 0.0007
vn 0.2784 0.0467 0.9593
vn 0.2287 0.3323 -0.9150
vn 0.3752 -0.0532 0.9254
vn 0.2568 0.3848 0.8865
vn 0.2956 -0.7015 -0.6485
vn 0.4413 0.1324 -0.8876
vn 0.3886 0.0942 0.9166
vn 0.4163 -0.0586 -0.9074
vn 0.2894 0.6644 -0.6891
vn 0.3709 0.0817 -0.9251
vn -0.0040 0.5543 0.8323
vn 0.5868 0.1005 0.8035
vn 0.3007 0.0759 0.9507
vn -0.0014 -0.4177 -0.9086
vn 0.0008 0.1684 -0.9857
vn 0.9370 0.0833 0.3392
vn 0.2397 -0.0164 0.9707
vn 0.0262 0.9993 -0.0253
vn 0.9976 0.0688 -0.0042
vn 0.2598 -0.7521 0.6057
vn 0.3470 0.6666 0.6597
vn 0.1121 0.6526 0.7494
vn 0.8868 0.0925 0.4527
vn 0.0466 0.9415 0.3336
vn 0.1739 0.0792 0.9816
vn 0.1238 0.0738 0.9896
vn 0.9974 0.0672 -0.0244
vn 0.1210 0.0741 0.9899
vn -0.0025 -0.3764 -0.9265
vn 0.2099 0.5043 0.8376
vn 0.9511 0.0872 -0.2962
vn 0.3731 -0.2635 0.8896
vn 0.3258 -0.4053 -0.8541
vn 0.2674 -0.6936 -0.6689
vn 0.4639 0.1076 0.8793
vn 0.5463 -0.2239 0.8071
vn 0.9976 0.0636 -0.0270
vn 0.5691 -0.0109 -0.8222
vn 0.9977 0.0661 0.0116
vn 0.3917 0.0771 -0.9169
vn 0.0667 -0.6931 -0.7177
vn 0.0038 -0.6269 0.7791
vn 0.9979 0.0648 -0.0038
vn 0.9106 0.0734 -0.4067
vn 0.2680 -0.2782 0.9224
vn 0.8682 0.0987 -0.4863
vn 0.2729 -0.5438 -0.7936
vn 0.4008 0.5996 -0.6927
vn 0.3233 0.3838 0.8650
vn 0.4172 0.0982 0.9035
vn 0.3414 0.6271 -0.7001
vn 0.3253 0.1849 -0.9274
vn 0.5551 -0.1532 0.8176
vn 0.4183 0.0911 -0.9037
vn 0.4963 0.1621 0.8529
vn 0.2456 0.9424 -0.2270
vn 0.0024 0.0365 -0.9993
vn 0.3533 0.0895 0.9312
vn 0.3024 0.9165 -0.2620
vn 0.0258 0.9997 -0.0009
vn -0.1761 0.0003 -0.9844
vn -0.1914 -0.2146 0.9578
vn 0.9785 0.0862 0.1876
vn 0.4615 -0.6703 0.5811
vn 0.9979 0.0647 0.0035
vn 0.0007 -0.6228 0.7824
vn 0.4216 0.6425 0.6398
vn 0.3543 0.0724 -0.9323
vn 0.4387 0.3979 -0.8058
vn 0.6233 -0.0225 -0.7817
vn 0.4018 0.0934 0.9110
vn 0.4982 -0.3572 -0.7900
vn 0.1365 0.7067 -0.6942
vn 0.0008 0.5605 0.8282
vn -0.0014 0.2211 -0.9752
vn 0.0002 -1.0000 0.0001
vn 0.0008 0.5343 -0.8453
vn 0.4075 -0.1434 -0.9019
vn 0.0042 0.7823 0.6229
vn 0.9979 0.0648 -0.0089
vn 0.9979 0.0651 0.0061
vn 0.9293 0.0879 0.3588
vn 0.9350 0.0827 -0.3449
vn 0.5371 -0.6946 -0.4786
vn 0.4959 0.5244 0.6922
vn 0.4056 -0.5783 0.7079
vn 0.5224 -0.7016 0.4846
vn 0.4291 0.0950 -0.8983
vn 0.4407 -0.4954 0.7485
vn 0.4868 -0.4100 0.7713
vn 0.6432 0.0798 0.7615
vn 0.4999 -0.1784 0.8475
vn 0.1317 0.9541 0.2691
vn 0.1187 -0.9663 -0.2285
vn 0.1207 -0.9557 -0.2686
vn -0.0125 0.6366 -0.7711
vn 0.3778 0.0726 -0.9230
vn 0.3016 0.0803 -0.9500
vn 0.5976 -0.5376 0.5948
vn 0.0116 0.0491 0.9987
vn 0.0292 0.9996 0.0038
vn -0.4469 -0.4922 -0.7470
vn 0.4576 0.4703 0.7546
vn 0.9979 0.0649 -0.0026
vn 0.8984 0.0841 -0.4311
vn 0.8347 0.0848 0.5441
vn 0.3921 0.4298 -0.8134
vn 0.7653 -0.0151 0.6435
vn 0.6660 0.1089 -0.7380
vn 0.3976 -0.0879 -0.9133
vn 0.4589 -0.1677 -0.8725
vn 0.4005 -0.3323 -0.8539
vn 0.7129 0.0067 -0.7012
vn 0.5853 -0.4611 -0.6669
vn 0.9978 0.0657 0.0086
vn 0.9973 0.0676 -0.0279
vn 0.4900 -0.5470 -0.6787
vn -0.1654 0.1543 -0.9741
vn 0.0299 0.9992 0.0268
vn 0.0042 -0.4966 -0.8680
vn -0.0013 0.7273 -0.6863
vn 0.9978 0.0657 -0.0005
vn 0.2566 -0.9299 -0.2633
vn 0.2187 -0.7451 0.6301
vn 0.9127 0.0969 -0.3970
vn 0.5176 -0.6315 -0.5773
vn 0.5554 0.6791 0.4800
vn 0.4931 0.6629 0.5635
vn 0.4697 0.2967 0.8315
vn 0.5658 -0.6706 -0.4797
vn 0.3727 0.6315 0.6799
vn 0.7389 0.1069 0.6653
vn 0.8125 0.0959 0.5750
vn 0.8788 -0.0533 -0.4742
vn 0.2060 0.9423 0.2638
vn 0.7519 0.4844 0.4473
vn 0.0005 -0.6112 -0.7915
vn -0.1822 -0.0833 -0.9797
vn 0.7566 -0.2657 0.5974
vn 0.1339 -0.9910 -0.0003
vn 0.0016 -0.7744 -0.6327
vn 0.0001 0.2303 -0.9731
vn 0.1982 0.9583 -0.2060
vn 0.5566 -0.6227 0.5500
vn 0.5585 -0.3504 -0.7519
vn 0.8998 0.0825 -0.4284
vn 0.5555 0.6497 -0.5189
vn 0.5806 0.1110 -0.8066
vn 0.5541 -0.4514 -0.6995
vn 0.9980 0.0637 0.0019
vn 0.6612 0.1007 -0.7434
vn 0.2929 0.9383 -0.1836
vn 0.9978 0.0656 -0.0101
vn 0.0211 -0.9997 0.0159
vn 0.8897 0.3228 0.3228
vn 0.3186 0.0814 0.9444
vn 0.4010 0.0843 -0.9122
vn 0.0018 -0.7591 0.6510
vn 0.0013 0.5465 0.8375
vn 0.6684 0.3370 -0.6631
vn -0.0075 0.7074 -0.7068
vn 0.9979 0.0645 -0.0016
vn 0.7976 -0.3029 0.5216
vn 0.9979 0.0649 0.0085
vn 0.9316 0.0858 -0.3532
vn 0.5902 0.0847 -0.8028
vn 0.6873 0.6345 0.3536
vn 0.9978 0.0635 -0.0179
vn 0.8947 0.0794 0.4395
vn 0.6184 0.3062 0.7238
vn 0.5674 0.0921 0.8183
vn 0.6159 0.0739 0.7843
vn 0.8671 0.0926 -0.4894
vn 0.3050 0.9319 0.1962
vn 0.3028 0.9411 0.1506
vn 0.2574 -0.9536 -0.1563
vn 0.1926 -0.9759 -0.1029
vn 0.6247 0.7079 -0.3298
vn 0.9352 0.2166 0.2801
vn 0.8978 -0.0332 -0.4391
vn 0.5759 0.0847 -0.8131
vn 0.8380 0.4641 -0.2869
vn 0.2535 0.0698 -0.9648
vn 0.3115 0.0820 -0.9467
vn 0.2748 -0.3455 -0.8973
vn 0.0021 0.2961 0.9551
vn -0.0002 0.9682 -0.2500
vn 0.0007 -0.4115 -0.9114
vn 0.8389 -0.1940 -0.5085
vn 0.6052 -0.3541 0.7130
vn 0.5945 0.6591 0.4607
vn 0.6686 0.6579 -0.3466
vn 0.5457 0.5806 -0.6043
vn 0.5524 0.6016 0.5770
vn 0.9980 0.0638 -0.0022
vn 0.5899 -0.2202 -0.7768
vn 0.6785 -0.7298 0.0837
vn 0.9736 -0.1946 -0.1191
vn 0.9752 -0.1679 0.1441
vn 0.9979 0.0634 0.0087
vn 0.9450 -0.2712 0.1830
vn 0.9131 -0.3242 -0.2472
vn 0.9842 0.1586 -0.0789
vn 0.2733 -0.9168 0.2913
vn -0.2663 -0.0008 0.9639
vn 0.0073 0.6992 -0.7148
vn 0.0014 -0.6075 -0.7943
vn -0.0005 0.8301 -0.5576
vn -0.0015 0.0033 1.0000
vn 0.6384 0.6474 0.4163
vn 0.8973 0.0936 0.4314
vn 0.8944 0.0951 -0.4370
vn 0.9419 0.0889 -0.3239
vn 0.9417 0.0715 0.3287
vn 0.9979 0.0647 0.0029
vn 0.9776 0.0272 0.2089
vn 0.9979 0.0639 -0.0121
vn 0.5297 0.0828 0.8441
vn 0.6697 0.6521 -0.3554
vn 0.7202 0.6614 0.2095
vn 0.6609 -0.7204 -0.2105
vn 0.6788 -0.7204 -0.1424
vn 0.3017 0.9534 0.0006
vn 0.2516 0.9642 0.0840
vn 0.3189 0.9470 -0.0395
vn 0.7042 -0.6331 0.3215
vn -0.0177 0.8376 -0.5459
vn 0.2719 0.0732 -0.9595
vn -0.0450 -0.0416 0.9981
vn 0.3189 0.3716 -0.8719
vn 0.0946 0.9770 0.1910
vn 0.4217 0.8035 0.4202
vn 0.0005 0.4865 -0.8737
vn 0.6619 0.4885 -0.5686
vn 0.2724 0.8870 0.3728
vn 0.9978 0.0652 -0.0108
vn 0.9979 0.0654 -0.0024
vn 0.6849 -0.5072 0.5232
vn 0.7494 0.6620 -0.0082
vn 0.6704 0.2608 -0.6947
vn 0.6526 0.7539 -0.0758
vn 0.7357 0.6437 0.2105
vn 0.7284 0.2648 0.6319
vn 0.7151 0.2817 -0.6398
vn 0.7138 -0.2220 -0.6642
vn 0.2291 -0.9714 -0.0618
vn 0.2024 -0.9758 0.0833
vn 0.1933 -0.9763 0.0977
vn 0.7411 -0.4426 -0.5049
vn 0.6971 -0.6241 0.3530
vn -0.0012 0.6911 0.7227
vn 0.3792 0.8170 0.4344
vn 0.0002 -1.0000 0.0010
vn 0.5269 0.1670 -0.8333
vn -0.2050 -0.1735 -0.9633
vn 0.7008 0.4847 -0.5234
vn -0.0011 0.0036 -1.0000
vn 0.7087 -0.4213 0.5660
vn 0.9979 0.0649 0.0071
vn 0.9702 0.0856 -0.2268
vn 0.6059 -0.0508 0.7939
vn 0.7406 -0.1733 0.6492
vn 0.9300 0.0807 0.3587
vn 0.7311 -0.6822 -0.0024
vn 0.9979 0.0646 0.0011
vn 0.7570 -0.5777 -0.3054
vn 0.8418 0.0771 -0.5343
vn 0.7576 -0.1531 0.6345
vn 0.5416 0.0914 -0.8356
vn 0.9980 0.0639 -0.0003
vn 0.9978 0.0656 -0.0056
vn 0.3780 0.0843 -0.9220
vn 0.5465 0.5318 0.6469
vn 0.7564 0.6328 0.1654
vn 0.0087 0.6834 0.7300
vn 0.0027 -0.4694 0.8830
vn 0.7314 -0.4395 -0.5215
vn 0.8130 0.5729 -0.1044
vn 0.8917 0.0894 0.4437
vn 0.7721 -0.5508 -0.3170
vn 0.7625 -0.1890 -0.6187
vn 0.7621 0.4407 0.4743
vn 0.7175 0.6318 -0.2935
vn 0.7796 -0.6067 0.1554
vn 0.5383 0.6471 -0.5399
vn 0.7767 0.4537 0.4370
vn 0.0141 0.5412 -0.8408
vn 0.0001 -1.0000 -0.0000
vn 0.0071 0.8343 -0.5513
vn 0.7847 0.1106 0.6100
vn 0.9979 0.0643 0.0041
vn -0.6485 0.0007 -0.7612
vn 0.9309 0.0778 -0.3569
vn -0.7013 0.0006 0.7128
vn -0.1314 0.1344 0.9822
vn 0.6253 0.0921 0.7749
vn 0.7993 -0.0178 -0.6006
vn 0.9978 0.0657 -0.0110
vn 0.8408 0.2813 -0.4626
vn 0.8145 -0.4985 0.2968
vn -0.7744 0.0015 -0.6327
vn -0.4898 0.0006 -0.8718
vn 0.9980 0.0635 0.0010
vn -0.6387 -0.0003 0.7695
vn -0.4886 -0.0006 0.8725
vn -0.0012 0.8094 0.5873
vn 0.0034 -0.7488 0.6628
vn 0.5928 -0.5761 0.5628
vn 0.2994 -0.9541 -0.0020
vn 0.2313 -0.2108 0.9498
vn 0.3757 0.2367 -0.8960
vn 0.5240 0.7391 -0.4233
vn -0.3036 0.1709 -0.9373
vn 0.8842 0.0783 -0.4605
vn 0.9761 0.0702 0.2055
vn -0.2520 -0.0016 -0.9677
vn 0.8336 -0.2935 0.4680
vn 0.9977 0.0650 -0.0168
vn 0.8829 0.2389 0.4043
vn 0.8742 0.0867 -0.4778
vn 0.8338 0.4004 -0.3800
vn 0.9980 0.0632 -0.0017
vn 0.9979 0.0645 0.0029
vn 0.0026 -0.6371 -0.7708
vn 0.3408 0.3214 0.8835
vn 0.0012 -0.3741 0.9274
vn 0.0012 0.8351 0.5501
vn 0.0470 0.9978 0.0457
vn 0.8741 -0.4783 -0.0851
vn 0.2655 0.3094 -0.9131
vn 0.5620 -0.5582 -0.6104
vn -0.0945 0.0018 0.9955
vn 0.8743 0.4637 0.1435
vn 0.8435 0.4973 -0.2032
vn 0.9468 0.0772 0.3124
vn 0.8265 0.0889 -0.5559
vn 0.6134 0.0951 -0.7840
vn 0.9979 0.0646 -0.0002
vn -0.0000 0.5571 0.8304
vn 0.5659 -0.5600 0.6051
vn 0.0099 0.0096 0.9999
vn 0.1292 0.1706 0.9768
vn 0.0004 -0.4316 -0.9020
vn 0.9905 0.0732 0.1164
vn 0.8045 0.1098 0.5838
vn 0.9979 0.0653 0.0014
vn 0.8932 -0.2415 -0.3792
vn 0.8514 0.0313 -0.5236
vn 0.9023 -0.2304 -0.3645
vn 0.8972 0.1201 -0.4251
vn 0.8654 -0.5011 0.0067
vn 0.9043 -0.3665 0.2191
vn 0.9000 -0.2170 0.3780
vn 0.9978 0.0664 -0.0019
vn 0.3884 0.0278 -0.9211
vn 0.8264 0.0838 0.5568
vn 0.9262 -0.0687 0.3706
vn 0.9617 0.0772 -0.2632
vn 0.9092 0.3834 0.1625
vn 0.7436 0.0790 -0.6639
vn 0.9048 0.1043 0.4129
vn 0.9986 0.0529 -0.0091
vn 0.9459 0.2941 -0.1367
vn 0.3507 0.8545 0.3832
vn 0.2492 -0.4261 0.8697
vn 0.9881 0.0587 0.1422
vn 0.9993 0.0375 0.0022
vn 0.9980 0.0634 -0.0001
vn 0.9507 0.2724 -0.1480
vn 0.9212 -0.3424 -0.1850
vn 0.9245 -0.3158 0.2136
vn 0.9419 0.2967 -0.1571
vn 0.9695 -0.2412 0.0435
vn 0.9995 0.0315 -0.0005
vn 0.3331 -0.2334 -0.9135
vn 0.0042 0.7097 -0.7045
vn 0.9115 0.3347 0.2390
vn 0.9779 0.2091 -0.0006
vn 0.2490 -0.1122 0.9620
vn 0.9669 0.2113 0.1430
vn 0.0114 0.7300 -0.6834
vn 0.9708 -0.1852 -0.1521
vn 0.9759 0.0501 -0.2123
vn 0.9809 -0.0008 -0.1947
vn 0.8108 -0.4472 -0.3777
vn 0.7516 0.0054 -0.6596
vn 0.6680 -0.7441 0.0043
vn 0.6537 -0.7567 -0.0009
vn 0.2387 0.9414 0.2384
vn 0.6068 0.7948 0.0005
vn -0.0054 0.5920 -0.8059
vn 0.9719 -0.2278 0.0596
vn 0.2915 0.9459 0.1421
vn 0.2645 0.9374 0.2265
vn 0.0011 -1.0000 -0.0018
vn 0.8273 -0.4104 0.3836
vn 0.9968 0.0352 0.0719
vn 0.3956 0.8237 -0.4063
vn 0.0169 -0.3677 -0.9298
vn 0.1657 0.8106 -0.5616
vn 0.6911 -0.5539 -0.4644
vn 0.9520 -0.2759 -0.1322
vn 0.9716 -0.2367 0.0002
vn 0.9795 -0.1806 0.0890
vn 0.9642 -0.2653 0.0003
vn 0.9598 -0.2806 0.0003
vn 0.9605 -0.2782 -0.0001
vn 0.9914 0.0560 0.1181
vn 0.8563 -0.5165 0.0011
vn 0.8605 -0.5095 -0.0015
vn 0.6026 -0.5262 0.6000
vn 0.1778 -0.0006 -0.9841
vn 0.6686 -0.3877 0.6345
vn 0.1488 -0.0002 0.9889
vn 0.4324 0.8229 -0.3687
vn 0.8603 -0.5097 -0.0023
vn 0.8623 -0.5064 0.0008
vn 0.8652 -0.5014 0.0013
vn 0.8509 -0.5253 -0.0004
vn 0.8477 -0.5304 0.0042
vn 0.8523 -0.5230 0.0005
vn 0.5092 -0.8191 -0.2641
vn 0.8588 -0.5124 -0.0021
vn 0.4013 0.9159 0.0014
vn 0.3856 0.9227 -0.0009
vn 0.3558 0.9346 -0.0007
vn 0.3657 -0.8030 0.4705
vn 0.4619 0.2625 0.8472
vn 0.5589 0.6026 0.5696
vn 0.2812 0.9193 0.2753
vn 0.4590 -0.3668 -0.8092
vn 0.1606 0.0001 0.9870
vn 0.6719 -0.7230 0.1608
vn 0.7066 -0.7076 0.0002
vn 0.7136 -0.7005 0.0053
vn 0.7044 -0.7098 0.0003
vn 0.6964 -0.7177 0.0004
vn 0.5036 -0.6758 -0.5382
vn 0.0054 0.5549 0.8319
vn 0.4585 -0.7434 0.4870
vn 0.3301 0.2384 -0.9134
vn 0.5267 0.3293 -0.7837
vn 0.5831 0.5689 0.5799
vn 0.1753 -0.5721 -0.8012
vn 0.0251 0.9814 -0.1903
vn 0.7406 0.6719 -0.0006
vn 0.5659 0.8245 0.0022
vn 0.7117 -0.7024 -0.0011
vn 0.7286 -0.6849 -0.0002
vn 0.6977 -0.7164 -0.0014
vn 0.9519 -0.2151 0.2183
vn 0.9574 -0.2887 -0.0003
vn 0.9645 -0.0003 0.2642
vn 0.9879 -0.0949 -0.1226
vn 0.9957 -0.0930 -0.0014
vn 0.9635 0.0005 0.2677
vn 0.9586 0.1944 0.2079
vn 1.0000 0.0002 0.0001
vn 0.9723 0.1943 -0.1299
vn 0.9855 0.0001 -0.1695
vn 0.9677 0.2521 0.0001
vn 1.0000 0.0003 -0.0000
vn 1.0000 0.0001 -0.0001
vn 0.9999 0.0103 -0.0006
vn 1.0000 0.0002 0.0002
vn 0.7329 -0.5804 0.3549
vn 0.9573 0.2892 0.0012
vn 0.9145 -0.4045 0.0013
vn 0.7928 -0.4646 -0.3944
vn 0.3512 0.9363 -0.0009
vn 0.1937 0.7220 0.6643
vn 0.3061 0.3829 0.8716
vn 0.0019 -0.0015 1.0000
vn 0.7528 0.0005 -0.6583
vn 0.7592 0.0010 -0.6509
vn 0.7677 0.4217 -0.4825
vn 0.7824 0.6228 0.0001
vn 0.5621 0.6446 0.5182
vn 0.7277 -0.5020 0.4675
vn 0.7657 0.4467 0.4627
vn 0.7261 -0.0000 0.6876
vn 0.7344 0.6787 0.0013
vn 0.6537 -0.7567 0.0012
vn 0.7273 -0.1009 -0.6789
vn 0.4156 0.9096 0.0008
vn 0.8649 -0.4886 -0.1152
vn 0.6785 0.3570 0.6421
vn 0.4585 -0.7765 -0.4322
vn -0.0003 0.1794 -0.9838
vn 0.8782 0.3043 -0.3690
vn 0.3105 0.5902 -0.7452
vn 0.5661 -0.4840 -0.6674
vn 0.4415 -0.7843 0.4358
vn 0.8834 0.3730 0.2838
vn 0.9310 -0.2281 -0.2849
vn 0.9008 0.2081 -0.3812
vn 0.9007 0.0503 0.4314
vn 0.9554 0.2952 0.0004
vn 0.9663 0.2576 -0.0007
vn 0.7862 0.0003 0.6180
vn 0.7795 -0.0004 0.6264
vn 0.9078 -0.2251 0.3538
vn 0.9560 -0.2933 0.0007
vn 0.8880 -0.3568 0.2902
vn 0.6383 -0.0013 -0.7698
vn 0.6943 0.0003 -0.7197
vn 0.6658 -0.0003 0.7461
vn 0.6764 -0.0010 0.7366
vn 0.6461 -0.0022 0.7633
vn 0.7503 0.6611 0.0048
vn 0.9331 0.2738 -0.2331
vn 0.7451 0.0004 -0.6670
vn 0.6934 0.7206 -0.0006
vn 0.6007 0.7995 -0.0007
vn 0.6137 0.7895 -0.0004
vn 0.5999 0.8000 -0.0000
vn 0.8899 0.4561 -0.0018
vn 0.8898 0.4564 0.0009
vn 0.8937 0.4487 -0.0007
vn 0.8909 0.4543 0.0007
vn 0.8667 -0.4989 -0.0014
vn 0.8650 -0.5018 0.0007
vn 0.9994 -0.0343 0.0010
vn 0.0450 -0.6354 -0.7709
vn 0.4110 -0.8370 -0.3613
vn 0.6403 0.2018 -0.7412
vn 0.3512 0.8788 -0.3230
vn 0.9765 -0.0003 0.2157
vn 0.9846 0.0002 -0.1750
vn 0.9629 0.2029 0.1777
vn 0.9876 -0.1569 0.0001
vn 0.9871 -0.1603 -0.0010
vn 0.9884 -0.1519 -0.0000
vn 0.9782 0.0004 -0.2078
vn 0.9661 -0.2025 -0.1600
vn 0.9852 -0.0000 0.1712
vn 0.9991 0.0291 -0.0306
vn 0.9968 -0.0615 -0.0513
vn 0.9977 -0.0453 0.0512
vn 0.9970 0.0524 0.0571
vn 0.9915 0.1301 0.0002
vn 0.8978 0.4405 0.0060
vn 0.9953 0.0969 0.0021
vn 0.6750 -0.7378 0.0004
vn 0.8230 0.5680 0.0005
vn 0.8085 0.5885 -0.0000
vn 0.6806 -0.7327 -0.0002
vn 0.5536 0.8323 -0.0295
vn 0.5312 -0.5961 -0.6021
vn 0.1166 0.5791 0.8069
vn 0.3707 0.8457 -0.3838
vn 0.5590 0.6041 0.5680
vn 0.4385 -0.7886 0.4311
vn -0.0000 -0.3781 0.9257
vn 0.4745 -0.7548 -0.4529
vn 0.3510 0.9364 0.0002
vn 0.3590 0.9333 0.0003
vn 0.4810 0.8767 -0.0053
vn 0.6331 -0.4782 -0.6087
vn 0.5615 0.6444 -0.5191
vn 0.5941 -0.5311 0.6042
vn 0.6316 -0.7753 0.0014
vn 0.6330 -0.7742 -0.0001
vn 0.6346 -0.7729 -0.0002
vn 0.6315 -0.7753 -0.0016
vn 0.6270 -0.7790 0.0002
vn 0.0122 0.5547 0.8320
vn 0.3916 0.8523 -0.3467
vn 0.0005 -1.0000 -0.0000
vn 0.7052 0.7090 -0.0014
vn 0.7159 0.6982 0.0002
vn 0.4600 0.8879 -0.0012
vn 0.3780 0.9258 0.0022
vn 0.7074 0.7067 -0.0099
vn 0.0103 0.0338 0.9994
vn 0.6260 -0.4475 -0.6387
vn 0.9118 0.4106 -0.0032
vn 0.7883 -0.6153 -0.0011
vn 0.7889 -0.6145 -0.0004
vn 0.7844 -0.6202 0.0007
vn 0.7636 0.6457 -0.0025
vn 0.6421 0.7384 0.2059
vn 0.9799 0.1995 -0.0016
vn 0.7530 0.6581 0.0003
vn 0.6752 0.7376 0.0043
vn 0.0744 0.6561 -0.7510
vn 0.0017 0.3006 0.9538
vn 0.2622 0.9384 0.2251
vn 0.8768 -0.4809 0.0001
vn 0.9351 -0.3523 -0.0386
vn 0.8448 0.3477 -0.4068
vn 0.8985 0.4389 0.0003
vn 0.5558 -0.5775 0.5980
vn 0.6217 -0.4845 0.6153
vn 0.3525 0.8534 0.3839
vn 0.1838 0.2924 -0.9385
vn 0.9210 0.1239 -0.3694
vn 0.9298 0.3680 -0.0005
vn 0.8768 -0.4809 -0.0001
vn 0.8802 -0.4746 -0.0010
vn 0.6153 -0.0309 -0.7877
vn 0.9057 -0.4240 -0.0006
vn 0.9011 -0.4336 0.0015
vn 0.9121 -0.4099 0.0021
vn 0.9104 -0.4137 -0.0020
vn 0.9707 0.1790 0.1601
vn 0.9533 0.1649 0.2530
vn 0.9938 0.1116 0.0001
vn 0.9950 0.1002 -0.0001
vn 0.9932 0.1161 -0.0002
vn 0.9940 0.1096 0.0004
vn 0.7555 0.6551 0.0002
vn 0.5415 0.8407 0.0004
vn 0.5011 0.8654 -0.0019
vn 0.8228 0.5684 -0.0003
vn 0.7512 0.6601 -0.0006
vn 0.7498 0.6617 -0.0001
vn 0.5769 0.7835 -0.2309
vn 0.9256 -0.3786 0.0003
vn 0.9242 -0.3820 -0.0023
vn 0.9189 -0.3944 0.0003
vn 0.9196 -0.3929 -0.0011
vn 0.9182 -0.3960 -0.0000
vn 0.9155 -0.4023 -0.0015
vn 0.9266 -0.3761 -0.0006
vn 0.9229 -0.3850 -0.0039
vn 0.9477 0.3191 0.0001
vn 0.6906 0.2950 0.6603
vn 0.9955 -0.0945 0.0029
vn 0.9338 -0.3578 -0.0008
vn 0.9403 -0.3402 0.0044
vn 0.9551 0.2963 0.0008
vn 0.9570 0.2900 0.0002
vn 0.9821 0.1883 -0.0021
vn 0.9629 0.2698 -0.0022
vn 0.9436 -0.3310 0.0009
vn 0.9403 -0.3402 -0.0004
vn 0.9349 -0.3549 -0.0005
vn 0.9409 -0.3387 -0.0016
vn 0.9543 0.2989 0.0010
vn 0.9613 0.2755 -0.0055
vn 0.9401 -0.3409 0.0005
vn 0.9438 0.3304 0.0004
vn 0.5086 -0.7743 -0.3765
vn 0.3946 0.8136 0.4270
vn 0.6822 0.7311 0.0010
vn 0.6492 0.7606 -0.0008
vn 0.6613 0.7502 -0.0005
vn 0.9144 -0.4049 -0.0002
vn 0.8949 -0.4462 0.0126
vn 0.9261 -0.3773 0.0013
vn 0.9415 -0.3370 -0.0092
vn 0.7313 0.6821 -0.0016
vn 0.7413 0.6712 -0.0030
vn 0.7373 0.6756 0.0016
vn 0.7288 0.6847 0.0014
vn 0.9222 -0.3866 -0.0000
vn 0.9192 -0.3937 0.0003
vn 0.6467 0.7628 -0.0001
vn 0.0234 -0.0434 -0.9988
vn 0.9242 -0.3819 0.0008
vn 0.9085 -0.4163 -0.0361
vn 0.6729 0.7397 -0.0010
vn 0.4184 0.8305 0.3678
vn 0.6693 0.7430 -0.0004
vn 0.5512 0.8344 -0.0000
vn 0.9246 -0.3810 0.0001
vn 0.9310 -0.3651 0.0008
vn 0.8162 0.5776 0.0179
vn 0.7759 0.6309 -0.0001
vn 0.9189 0.3944 0.0001
vn 0.8125 0.0420 0.5815
vn 0.7900 0.6131 -0.0029
vn 0.4687 0.5073 -0.7232
vn 0.3031 0.9099 -0.2831
vn 0.6668 -0.7452 -0.0044
vn 0.6509 -0.7592 0.0004
vn 0.6495 -0.7604 0.0012
vn 0.5861 -0.8102 -0.0131
vn 0.6782 0.7349 0.0010
vn 0.6422 -0.7665 -0.0003
vn 0.7511 0.6602 0.0012
vn 0.6523 -0.7580 0.0007
vn 0.6510 -0.7591 -0.0002
vn 0.6178 0.7863 0.0009
vn 0.5768 0.8169 -0.0001
vn 0.6302 0.7764 -0.0008
vn 0.4628 0.8102 -0.3597
vn 0.6235 0.7818 -0.0016
vn 0.9980 -0.0611 -0.0190
vn 0.9999 0.0134 0.0054
vn 1.0000 -0.0053 -0.0018
vn 0.9989 0.0457 0.0083
vn 1.0000 -0.0012 -0.0027
vn 0.9999 -0.0039 -0.0098
vn 0.9989 0.0457 0.0035
vn 1.0000 0.0011 -0.0067
vn 0.9993 0.0367 -0.0008
vn 0.9999 -0.0124 0.0053
vn 0.9986 0.0517 -0.0121
vn -0.5862 0.8061 -0.0808
vn 0.9995 -0.0288 -0.0110
vn 0.9459 -0.3219 0.0403
vn 0.9992 0.0390 -0.0037
vn 0.2792 -0.5835 -0.7626
vn 0.9972 -0.0734 -0.0133
vn 0.8902 -0.4555 0.0026
vn 0.6589 -0.7522 -0.0000
vn 0.5717 0.8205 0.0025
vn 0.5607 0.8280 -0.0036
vn 0.5802 0.8145 -0.0030
vn 0.5680 0.8230 0.0036
vn 0.9037 0.4281 -0.0010
vn 0.8298 0.4896 -0.2679
vn 0.9003 0.4352 -0.0009
vn 0.8525 -0.3963 -0.3410
vn 0.8169 0.1469 0.5577
vn 0.8835 -0.4684 0.0041
vn 0.8925 -0.4511 0.0014
vn 0.5606 0.8281 -0.0023
vn 0.8022 0.5970 0.0006
vn 0.8189 -0.3715 -0.4375
vn 0.9693 0.0739 -0.2343
vn 0.9844 -0.1586 0.0764
vn 0.9883 -0.1523 0.0002
vn 0.9854 -0.1705 -0.0004
vn 0.7326 0.5816 0.3535
vn 0.9914 0.1306 -0.0000
vn 0.5486 0.0229 0.8358
vn 0.5396 0.8419 0.0004
vn 0.5302 0.8478 0.0030
vn 0.8623 0.5065 -0.0004
vn 0.9408 0.2742 -0.1994
vn 0.8225 -0.4504 0.3473
vn 0.9018 -0.4321 -0.0004
vn 0.8793 0.2657 0.3953
vn 0.8565 0.5161 0.0015
vn 0.6914 0.7224 0.0010
vn 0.6790 0.7341 0.0003
vn 0.7451 0.6669 -0.0009
vn 0.5854 -0.0021 0.8107
vn 0.6965 0.7176 -0.0002
vn 0.6109 0.6027 -0.5134
vn 0.6318 0.5469 0.5493
vn 0.7472 0.5748 -0.3338
vn 0.9842 0.1772 -0.0010
vn 0.9768 0.2140 -0.0008
vn 0.9742 0.0604 0.2173
vn 0.9888 -0.1494 0.0004
vn 0.9956 -0.0932 -0.0001
vn 0.9808 0.0928 -0.1715
vn 0.9864 0.1340 0.0952
vn 0.9938 0.1115 -0.0040
vn 0.9865 0.1638 -0.0000
vn 0.9872 0.1596 0.0003
vn 0.9925 0.1219 0.0004
vn 0.9893 0.1460 -0.0000
vn 0.9927 0.1202 -0.0005
vn 1.0000 -0.0031 -0.0000
vn 1.0000 -0.0038 -0.0000
vn 0.7246 0.6892 0.0005
vn 0.7942 0.6077 -0.0005
vn 0.0011 -0.4696 0.8829
vn 0.3110 0.9504 -0.0009
vn 0.2981 0.9545 0.0012
vn 0.1195 0.9865 -0.1121
vn 0.2236 0.9744 0.0234
vn 0.2147 0.9767 0.0025
vn 0.2236 0.9747 -0.0028
vn 0.5823 -0.6359 0.5064
vn 0.0472 0.9976 -0.0514
vn 0.3130 -0.9496 0.0172
vn 0.0858 0.9963 0.0001
vn 0.3590 0.8399 0.4070
vn 0.3613 -0.3963 -0.8441
vn 0.4537 0.8625 -0.2241
vn 0.0889 0.9960 0.0002
vn 0.3664 -0.9305 0.0001
vn 0.4195 -0.8517 -0.3141
vn 0.0893 0.9960 -0.0001
vn 0.0901 0.9959 0.0001
vn 0.3756 -0.9268 -0.0008
vn 0.4831 0.8756 -0.0000
vn 0.1590 0.9873 -0.0000
vn 0.3644 -0.9312 -0.0001
vn 0.0589 -0.9983 0.0011
vn 0.1700 0.9854 -0.0009
vn 0.1896 0.9819 0.0003
vn 0.2213 0.2740 0.9359
vn 0.0885 0.1413 -0.9860
vn 0.2242 -0.1877 0.9563
vn 0.5859 0.8104 0.0015
vn 0.5919 0.8060 -0.0007
vn 0.4510 -0.8925 -0.0009
vn 0.7864 0.3770 0.4893
vn 0.9313 0.2170 -0.2925
vn 0.7680 -0.0011 -0.6404
vn 0.9069 -0.2665 -0.3264
vn 0.9184 -0.3957 -0.0000
vn 0.9178 -0.3971 -0.0005
vn 0.9236 -0.3834 0.0007
vn 0.9191 -0.3941 -0.0001
vn 0.9580 0.2868 0.0010
vn 0.9622 0.2725 -0.0002
vn 0.9463 0.3234 0.0002
vn 0.9563 0.2923 -0.0005
vn 0.9386 -0.3291 0.1035
vn 0.9937 0.0893 0.0671
vn 1.0000 0.0006 0.0002
vn 1.0000 0.0002 -0.0004
vn 1.0000 -0.0088 0.0002
vn 1.0000 0.0004 0.0001
s 1
usemtl none
f 8//8 12//12 1//1
f 12//12 8//8 2//2
f 1//1 9//9 8//8
f 1//1 12//12 10//10
f 3//3 5//5 14//14
f 4//4 5//5 6//6
f 1//1 10//10 3//3
f 4//4 7//7 13//13
f 14//14 1//1 3//3
f 7//7 4//4 6//6
f 8//8 11//11 2//2
f 14//14 5//5 4//4
f 5//5 3//3 6//6
f 14//14 9//9 1//1
f 13//13 7//7 15//15
f 13//13 15//15 17//17
f 12//12 16//16 10//10
f 7//7 6//6 15//15
f 2//2 16//16 12//12
f 3//3 10//10 6//6
f 13//13 17//17 19//19
f 11//11 18//18 23//23
f 11//11 23//23 2//2
f 4//4 13//13 19//19
f 14//14 21//21 22//22
f 14//14 4//4 21//21
f 4//4 19//19 21//21
f 9//9 14//14 22//22
f 11//11 20//20 18//18
f 9//9 22//22 20//20
f 8//8 9//9 20//20
f 11//11 8//8 20//20
f 15//15 24//24 27//27
f 6//6 10//10 25//25
f 6//6 24//24 15//15
f 10//10 16//16 25//25
f 2//2 26//26 16//16
f 6//6 25//25 24//24
f 2//2 23//23 26//26
f 15//15 27//27 28//28
f 17//17 15//15 29//29
f 19//19 17//17 32//32
f 19//19 32//32 33//33
f 15//15 28//28 29//29
f 21//21 19//19 35//35
f 22//22 35//35 36//36
f 18//18 20//20 34//34
f 25//25 31//31 30//30
f 19//19 33//33 35//35
f 22//22 21//21 35//35
f 16//16 31//31 25//25
f 20//20 36//36 34//34
f 20//20 22//22 36//36
f 16//16 26//26 31//31
f 25//25 30//30 24//24
f 23//23 37//37 26//26
f 23//23 18//18 51//51
f 23//23 51//51 37//37
f 18//18 34//34 47//47
f 18//18 47//47 40//40
f 18//18 40//40 39//39
f 36//36 35//35 38//38
f 17//17 29//29 41//41
f 30//30 31//31 42//42
f 51//51 18//18 39//39
f 27//27 24//24 49//49
f 36//36 38//38 34//34
f 51//51 43//43 37//37
f 26//26 37//37 44//44
f 38//38 35//35 48//48
f 31//31 26//26 382//382
f 24//24 30//30 49//49
f 28//28 52//52 29//29
f 30//30 42//42 45//45
f 33//33 32//32 50//50
f 34//34 38//38 47//47
f 33//33 50//50 35//35
f 46//46 27//27 56//56
f 28//28 27//27 54//54
f 35//35 50//50 48//48
f 54//54 27//27 46//46
f 32//32 53//53 50//50
f 381//381 49//49 30//30
f 32//32 17//17 53//53
f 52//52 28//28 54//54
f 27//27 49//49 56//56
f 31//31 62//62 42//42
f 38//38 60//60 47//47
f 52//52 41//41 29//29
f 50//50 57//57 59//59
f 50//50 59//59 48//48
f 30//30 45//45 381//381
f 38//38 48//48 60//60
f 37//37 58//58 44//44
f 47//47 60//60 55//55
f 31//31 382//382 62//62
f 47//47 55//55 65//65
f 57//57 50//50 53//53
f 40//40 47//47 61//61
f 48//48 59//59 60//60
f 26//26 44//44 382//382
f 57//57 63//63 64//64
f 57//57 64//64 59//59
f 59//59 64//64 68//68
f 55//55 69//69 66//66
f 60//60 69//69 55//55
f 60//60 59//59 69//69
f 59//59 68//68 69//69
f 64//64 63//63 67//67
f 43//43 51//51 524//524
f 55//55 66//66 87//87
f 67//67 70//70 64//64
f 66//66 69//69 74//74
f 69//69 77//77 74//74
f 68//68 78//78 75//75
f 68//68 76//76 69//69
f 68//68 75//75 76//76
f 64//64 70//70 68//68
f 69//69 76//76 77//77
f 68//68 70//70 78//78
f 17//17 112//112 53//53
f 37//37 43//43 58//58
f 74//74 71//71 72//72
f 71//71 79//79 86//86
f 79//79 71//71 83//83
f 75//75 84//84 80//80
f 73//73 84//84 85//85
f 75//75 80//80 76//76
f 71//71 77//77 83//83
f 78//78 84//84 75//75
f 73//73 82//82 80//80
f 80//80 83//83 76//76
f 74//74 72//72 66//66
f 74//74 77//77 71//71
f 83//83 80//80 82//82
f 83//83 77//77 76//76
f 84//84 70//70 85//85
f 78//78 70//70 84//84
f 83//83 81//81 79//79
f 80//80 84//84 73//73
f 82//82 81//81 83//83
f 90//90 92//92 94//94
f 88//88 89//89 91//91
f 88//88 94//94 89//89
f 90//90 95//95 93//93
f 90//90 94//94 88//88
f 88//88 95//95 90//90
f 88//88 91//91 95//95
f 70//70 97//97 85//85
f 71//71 86//86 103//103
f 67//67 97//97 70//70
f 81//81 82//82 101//101
f 79//79 81//81 101//101
f 89//89 96//96 91//91
f 72//72 87//87 66//66
f 90//90 93//93 104//104
f 85//85 97//97 98//98
f 82//82 73//73 100//100
f 73//73 102//102 100//100
f 73//73 85//85 102//102
f 86//86 79//79 101//101
f 89//89 99//99 96//96
f 85//85 98//98 102//102
f 86//86 101//101 103//103
f 101//101 82//82 100//100
f 91//91 96//96 111//111
f 90//90 104//104 92//92
f 94//94 108//108 89//89
f 92//92 107//107 94//94
f 94//94 107//107 106//106
f 95//95 105//105 93//93
f 94//94 106//106 110//110
f 95//95 109//109 105//105
f 94//94 110//110 108//108
f 91//91 109//109 95//95
f 71//71 103//103 87//87
f 71//71 87//87 72//72
f 89//89 108//108 99//99
f 98//98 142//142 102//102
f 100//100 140//140 101//101
f 91//91 111//111 109//109
f 103//103 101//101 133//133
f 97//97 179//179 98//98
f 105//105 118//118 132//132
f 97//97 67//67 179//179
f 105//105 109//109 118//118
f 111//111 117//117 109//109
f 100//100 141//141 140//140
f 102//102 142//142 141//141
f 101//101 138//138 133//133
f 101//101 140//140 139//139
f 101//101 139//139 138//138
f 98//98 113//113 142//142
f 102//102 141//141 100//100
f 107//107 147//147 106//106
f 108//108 110//110 126//126
f 99//99 108//108 115//115
f 87//87 103//103 131//131
f 93//93 143//143 104//104
f 92//92 104//104 114//114
f 92//92 148//148 107//107
f 108//108 126//126 127//127
f 92//92 114//114 148//148
f 116//116 143//143 93//93
f 93//93 105//105 132//132
f 93//93 132//132 116//116
f 109//109 117//117 118//118
f 122//122 121//121 123//123
f 119//119 124//124 120//120
f 122//122 123//123 119//119
f 121//121 125//125 123//123
f 122//122 134//134 121//121
f 119//119 120//120 135//135
f 119//119 136//136 122//122
f 119//119 135//135 136//136
f 124//124 137//137 120//120
f 106//106 149//149 110//110
f 123//123 125//125 145//145
f 119//119 129//129 144//144
f 119//119 123//123 129//129
f 119//119 144//144 124//124
f 131//131 130//130 87//87
f 122//122 136//136 134//134
f 121//121 134//134 146//146
f 125//125 121//121 150//150
f 138//138 158//158 133//133
f 142//142 113//113 159//159
f 140//140 160//160 139//139
f 140//140 141//141 159//159
f 142//142 159//159 141//141
f 139//139 160//160 138//138
f 140//140 159//159 160//160
f 129//129 151//151 144//144
f 124//124 152//152 137//137
f 108//108 127//127 115//115
f 125//125 158//158 145//145
f 107//107 148//148 147//147
f 110//110 149//149 126//126
f 106//106 147//147 149//149
f 120//120 156//156 153//153
f 136//136 135//135 155//155
f 136//136 155//155 154//154
f 135//135 153//153 155//155
f 135//135 120//120 153//153
f 136//136 154//154 134//134
f 120//120 137//137 161//161
f 120//120 161//161 156//156
f 121//121 146//146 150//150
f 124//124 144//144 152//152
f 145//145 158//158 157//157
f 129//129 123//123 160//160
f 123//123 157//157 160//160
f 123//123 145//145 157//157
f 129//129 160//160 151//151
f 144//144 151//151 152//152
f 111//111 164//164 117//117
f 159//159 152//152 151//151
f 159//159 113//113 152//152
f 138//138 160//160 157//157
f 158//158 138//138 157//157
f 159//159 151//151 160//160
f 137//137 152//152 165//165
f 127//127 167//167 115//115
f 148//148 174//174 147//147
f 127//127 126//126 172//172
f 149//149 147//147 173//173
f 149//149 175//175 126//126
f 127//127 176//176 167//167
f 149//149 173//173 175//175
f 132//132 169//169 116//116
f 132//132 170//170 169//169
f 118//118 170//170 132//132
f 118//118 117//117 168//168
f 118//118 168//168 171//171
f 118//118 171//171 170//170
f 154//154 162//162 134//134
f 154//154 155//155 162//162
f 134//134 162//162 163//163
f 134//134 163//163 146//146
f 153//153 156//156 178//178
f 155//155 177//177 162//162
f 55//55 87//87 180//180
f 113//113 98//98 196//196
f 17//17 41//41 112//112
f 87//87 130//130 180//180
f 45//45 42//42 198//198
f 381//381 45//45 197//197
f 113//113 165//165 152//152
f 116//116 169//169 181//181
f 174//174 148//148 166//166
f 172//172 176//176 127//127
f 147//147 174//174 173//173
f 126//126 175//175 172//172
f 153//153 178//178 155//155
f 155//155 178//178 177//177
f 104//104 199//199 114//114
f 125//125 567//567 158//158
f 113//113 196//196 165//165
f 117//117 164//164 168//168
f 176//176 182//182 167//167
f 162//162 177//177 203//203
f 163//163 162//162 202//202
f 174//174 166//166 185//185
f 178//178 204//204 177//177
f 178//178 200//200 204//204
f 175//175 173//173 183//183
f 175//175 183//183 184//184
f 175//175 184//184 172//172
f 174//174 183//183 173//173
f 172//172 184//184 186//186
f 174//174 185//185 183//183
f 176//176 172//172 182//182
f 172//172 186//186 182//182
f 171//171 188//188 170//170
f 170//170 188//188 191//191
f 171//171 193//193 188//188
f 169//169 187//187 190//190
f 170//170 191//191 189//189
f 169//169 170//170 189//189
f 169//169 189//189 187//187
f 171//171 168//168 193//193
f 169//169 190//190 192//192
f 168//168 194//194 193//193
f 169//169 192//192 181//181
f 168//168 195//195 194//194
f 114//114 225//225 148//148
f 116//116 285//285 143//143
f 184//184 211//211 223//223
f 183//183 211//211 184//184
f 133//133 158//158 226//226
f 103//103 133//133 253//253
f 184//184 209//209 217//217
f 186//186 216//216 212//212
f 184//184 217//217 215//215
f 184//184 215//215 186//186
f 183//183 213//213 219//219
f 186//186 212//212 182//182
f 183//183 185//185 221//221
f 185//185 207//207 221//221
f 185//185 205//205 207//207
f 182//182 201//201 167//167
f 177//177 204//204 203//203
f 162//162 203//203 202//202
f 194//194 195//195 229//229
f 190//190 227//227 192//192
f 193//193 194//194 229//229
f 187//187 189//189 228//228
f 189//189 231//231 228//228
f 189//189 191//191 231//231
f 191//191 188//188 231//231
f 188//188 193//193 230//230
f 190//190 228//228 227//227
f 190//190 187//187 228//228
f 188//188 230//230 231//231
f 182//182 210//210 206//206
f 183//183 208//208 211//211
f 183//183 221//221 222//222
f 186//186 224//224 216//216
f 183//183 218//218 208//208
f 183//183 219//219 214//214
f 183//183 222//222 213//213
f 182//182 212//212 210//210
f 186//186 215//215 220//220
f 186//186 220//220 224//224
f 183//183 214//214 218//218
f 184//184 223//223 209//209
f 168//168 164//164 282//282
f 49//49 128//128 56//56
f 114//114 199//199 225//225
f 47//47 65//65 61//61
f 158//158 567//567 226//226
f 204//204 200//200 234//234
f 204//204 234//234 232//232
f 203//203 232//232 233//233
f 202//202 203//203 233//233
f 204//204 232//232 203//203
f 193//193 229//229 230//230
f 214//214 219//219 218//218
f 220//220 246//246 243//243
f 223//223 211//211 209//209
f 207//207 222//222 221//221
f 209//209 246//246 217//217
f 205//205 242//242 207//207
f 208//208 218//218 211//211
f 209//209 211//211 246//246
f 207//207 242//242 222//222
f 222//222 219//219 213//213
f 210//210 243//243 206//206
f 215//215 246//246 220//220
f 212//212 243//243 210//210
f 224//224 243//243 216//216
f 216//216 243//243 212//212
f 217//217 246//246 215//215
f 220//220 243//243 224//224
f 233//233 249//249 202//202
f 235//235 219//219 222//222
f 237//237 238//238 211//211
f 244//244 206//206 243//243
f 239//239 243//243 246//246
f 244//244 243//243 240//240
f 237//237 218//218 236//236
f 239//239 246//246 238//238
f 236//236 218//218 219//219
f 235//235 222//222 242//242
f 219//219 235//235 236//236
f 239//239 240//240 243//243
f 237//237 211//211 218//218
f 238//238 246//246 211//211
f 245//245 251//251 252//252
f 247//247 251//251 245//245
f 248//248 252//252 250//250
f 245//245 252//252 248//248
f 241//241 249//249 248//248
f 247//247 245//245 232//232
f 245//245 233//233 232//232
f 248//248 249//249 233//233
f 248//248 233//233 245//245
f 247//247 232//232 234//234
f 238//238 261//261 269//269
f 235//235 270//270 236//236
f 237//237 236//236 267//267
f 237//237 260//260 271//271
f 236//236 268//268 262//262
f 237//237 261//261 238//238
f 248//248 250//250 241//241
f 167//167 201//201 280//280
f 244//244 266//266 273//273
f 244//244 240//240 266//266
f 235//235 242//242 274//274
f 237//237 267//267 260//260
f 238//238 269//269 259//259
f 196//196 287//287 165//165
f 240//240 272//272 265//265
f 128//128 49//49 381//381
f 236//236 262//262 258//258
f 239//239 259//259 256//256
f 237//237 271//271 261//261
f 239//239 256//256 257//257
f 239//239 257//257 263//263
f 239//239 263//263 272//272
f 251//251 247//247 254//254
f 240//240 265//265 266//266
f 236//236 258//258 267//267
f 240//240 239//239 272//272
f 239//239 238//238 259//259
f 242//242 264//264 274//274
f 167//167 280//280 115//115
f 253//253 133//133 290//290
f 133//133 226//226 290//290
f 230//230 229//229 275//275
f 228//228 231//231 277//277
f 231//231 230//230 276//276
f 230//230 275//275 276//276
f 227//227 228//228 277//277
f 227//227 277//277 278//278
f 229//229 279//279 275//275
f 231//231 276//276 277//277
f 227//227 278//278 312//312
f 235//235 274//274 255//255
f 235//235 255//255 270//270
f 269//269 261//261 289//289
f 256//256 259//259 292//292
f 244//244 273//273 281//281
f 260//260 267//267 294//294
f 259//259 269//269 295//295
f 262//262 268//268 300//300
f 266//266 265//265 293//293
f 265//265 272//272 297//297
f 270//270 268//268 236//236
f 267//267 258//258 296//296
f 272//272 263//263 298//298
f 274//274 308//308 255//255
f 273//273 266//266 310//310
f 273//273 301//301 281//281
f 278//278 277//277 283//283
f 279//279 284//284 275//275
f 286//286 275//275 284//284
f 277//277 276//276 286//286
f 276//276 275//275 286//286
f 277//277 286//286 283//283
f 255//255 305//305 270//270
f 271//271 260//260 302//302
f 286//286 284//284 299//299
f 278//278 283//283 288//288
f 283//283 286//286 299//299
f 284//284 279//279 309//309
f 262//262 307//307 258//258
f 261//261 271//271 306//306
f 284//284 309//309 299//299
f 262//262 300//300 307//307
f 263//263 257//257 298//298
f 274//274 311//311 308//308
f 292//292 295//295 303//303
f 302//302 296//296 306//306
f 270//270 305//305 300//300
f 270//270 300//300 268//268
f 304//304 301//301 310//310
f 304//304 310//310 293//293
f 292//292 303//303 256//256
f 267//267 296//296 294//294
f 296//296 302//302 294//294
f 306//306 296//296 289//289
f 255//255 308//308 305//305
f 265//265 297//297 293//293
f 258//258 307//307 296//296
f 266//266 293//293 310//310
f 257//257 256//256 303//303
f 273//273 310//310 301//301
f 303//303 293//293 297//297
f 307//307 300//300 296//296
f 260//260 294//294 302//302
f 272//272 298//298 297//297
f 271//271 302//302 306//306
f 257//257 303//303 298//298
f 269//269 289//289 295//295
f 259//259 295//295 292//292
f 261//261 306//306 289//289
f 241//241 250//250 291//291
f 303//303 297//297 298//298
f 299//299 309//309 317//317
f 251//251 254//254 323//323
f 252//252 322//322 320//320
f 252//252 320//320 321//321
f 250//250 252//252 321//321
f 250//250 321//321 291//291
f 299//299 317//317 313//313
f 281//281 301//301 304//304
f 251//251 322//322 252//252
f 278//278 288//288 385//385
f 254//254 331//331 323//323
f 299//299 313//313 283//283
f 274//274 264//264 311//311
f 251//251 323//323 322//322
f 283//283 314//314 288//288
f 288//288 314//314 385//385
f 309//309 315//315 317//317
f 278//278 385//385 312//312
f 279//279 229//229 318//318
f 283//283 313//313 314//314
f 279//279 318//318 309//309
f 308//308 324//324 327//327
f 293//293 329//329 304//304
f 296//296 326//326 325//325
f 303//303 328//328 341//341
f 296//296 325//325 289//289
f 305//305 327//327 300//300
f 293//293 303//303 329//329
f 289//289 330//330 295//295
f 308//308 327//327 305//305
f 296//296 300//300 326//326
f 303//303 295//295 328//328
f 303//303 341//341 329//329
f 304//304 329//329 319//319
f 300//300 327//327 326//326
f 289//289 325//325 330//330
f 295//295 330//330 328//328
f 308//308 311//311 324//324
f 247//247 234//234 335//335
f 242//242 334//334 264//264
f 166//166 332//332 185//185
f 46//46 56//56 1125//1125
f 182//182 333//333 201//201
f 196//196 98//98 287//287
f 247//247 335//335 254//254
f 320//320 339//339 336//336
f 322//322 323//323 338//338
f 321//321 320//320 336//336
f 325//325 326//326 340//340
f 326//326 327//327 342//342
f 320//320 322//322 339//339
f 322//322 337//337 339//339
f 321//321 336//336 344//344
f 291//291 321//321 344//344
f 322//322 338//338 337//337
f 241//241 291//291 376//376
f 244//244 366//366 365//365
f 244//244 281//281 366//366
f 195//195 168//168 282//282
f 192//192 227//227 386//386
f 282//282 164//164 396//396
f 185//185 332//332 367//367
f 264//264 334//334 368//368
f 285//285 116//116 181//181
f 227//227 312//312 386//386
f 205//205 185//185 367//367
f 319//319 329//329 358//358
f 264//264 368//368 311//311
f 330//330 325//325 356//356
f 341//341 328//328 354//354
f 336//336 339//339 351//351
f 329//329 341//341 353//353
f 337//337 347//347 350//350
f 326//326 342//342 355//355
f 336//336 346//346 348//348
f 328//328 330//330 356//356
f 337//337 350//350 339//339
f 304//304 319//319 393//393
f 323//323 345//345 352//352
f 327//327 324//324 357//357
f 336//336 351//351 346//346
f 291//291 344//344 343//343
f 338//338 347//347 337//337
f 339//339 350//350 349//349
f 339//339 349//349 351//351
f 347//347 338//338 352//352
f 343//343 344//344 348//348
f 348//348 344//344 336//336
f 338//338 323//323 352//352
f 349//349 363//363 360//360
f 351//351 361//361 362//362
f 350//350 363//363 349//349
f 347//347 352//352 359//359
f 349//349 361//361 351//351
f 323//323 331//331 345//345
f 328//328 356//356 354//354
f 326//326 355//355 340//340
f 325//325 340//340 356//356
f 327//327 357//357 342//342
f 341//341 354//354 353//353
f 348//348 346//346 364//364
f 329//329 353//353 358//358
f 363//363 350//350 373//373
f 115//115 378//378 99//99
f 179//179 67//67 379//379
f 58//58 43//43 524//524
f 192//192 377//377 181//181
f 163//163 202//202 383//383
f 166//166 148//148 332//332
f 524//524 51//51 380//380
f 103//103 460//460 131//131
f 386//386 312//312 513//513
f 202//202 249//249 383//383
f 361//361 349//349 369//369
f 360//360 363//363 369//369
f 361//361 369//369 372//372
f 351//351 372//372 370//370
f 351//351 362//362 372//372
f 346//346 351//351 370//370
f 345//345 374//374 352//352
f 352//352 374//374 371//371
f 359//359 371//371 347//347
f 359//359 352//352 371//371
f 291//291 343//343 376//376
f 362//362 361//361 372//372
f 360//360 369//369 349//349
f 347//347 373//373 350//350
f 346//346 370//370 364//364
f 364//364 375//375 348//348
f 340//340 355//355 389//389
f 342//342 387//387 355//355
f 342//342 357//357 387//387
f 353//353 354//354 388//388
f 356//356 340//340 389//389
f 348//348 375//375 343//343
f 358//358 353//353 400//400
f 354//354 356//356 389//389
f 353//353 388//388 400//400
f 343//343 375//375 392//392
f 364//364 370//370 375//375
f 347//347 371//371 373//373
f 363//363 373//373 369//369
f 98//98 390//390 287//287
f 165//165 391//391 137//137
f 182//182 206//206 333//333
f 324//324 311//311 413//413
f 311//311 368//368 413//413
f 241//241 376//376 486//486
f 241//241 395//395 249//249
f 229//229 195//195 398//398
f 229//229 398//398 318//318
f 304//304 393//393 281//281
f 314//314 313//313 529//529
f 313//313 317//317 514//514
f 357//357 406//406 387//387
f 355//355 387//387 389//389
f 354//354 389//389 388//388
f 318//318 399//399 309//309
f 371//371 374//374 402//402
f 369//369 373//373 401//401
f 369//369 401//401 403//403
f 372//372 369//369 405//405
f 370//370 404//404 375//375
f 370//370 372//372 404//404
f 98//98 179//179 390//390
f 165//165 1031//1031 391//391
f 324//324 413//413 410//410
f 343//343 392//392 455//455
f 125//125 150//150 394//394
f 125//125 394//394 567//567
f 195//195 414//414 398//398
f 324//324 410//410 357//357
f 156//156 412//412 178//178
f 178//178 412//412 411//411
f 465//465 314//314 529//529
f 317//317 315//315 384//384
f 374//374 442//442 402//402
f 389//389 421//421 407//407
f 389//389 407//407 388//388
f 388//388 407//407 408//408
f 371//371 402//402 432//432
f 373//373 371//371 401//401
f 387//387 421//421 389//389
f 387//387 430//430 421//421
f 400//400 388//388 408//408
f 392//392 375//375 424//424
f 387//387 406//406 430//430
f 400//400 408//408 423//423
f 375//375 404//404 424//424
f 372//372 405//405 404//404
f 371//371 432//432 401//401
f 369//369 403//403 405//405
f 392//392 424//424 445//445
f 368//368 463//463 413//413
f 374//374 345//345 464//464
f 374//374 464//464 442//442
f 41//41 456//456 112//112
f 206//206 244//244 365//365
f 254//254 335//335 535//535
f 357//357 410//410 569//569
f 358//358 457//457 319//319
f 42//42 62//62 198//198
f 192//192 386//386 377//377
f 44//44 58//58 461//461
f 315//315 309//309 705//705
f 393//393 319//319 462//462
f 319//319 457//457 462//462
f 420//420 440//440 415//415
f 406//406 489//489 430//430
f 421//421 430//430 417//417
f 416//416 432//432 415//415
f 415//415 431//431 420//420
f 432//432 431//431 415//415
f 422//422 418//418 424//424
f 426//426 432//432 416//416
f 426//426 427//427 403//403
f 432//432 402//402 431//431
f 426//426 403//403 401//401
f 420//420 431//431 429//429
f 423//423 425//425 420//420
f 420//420 429//429 423//423
f 417//417 430//430 419//419
f 426//426 401//401 432//432
f 422//422 437//437 418//418
f 419//419 428//428 418//418
f 407//407 421//421 435//435
f 421//421 436//436 435//435
f 424//424 418//418 428//428
f 427//427 422//422 405//405
f 408//408 434//434 433//433
f 408//408 433//433 423//423
f 434//434 408//408 407//407
f 404//404 405//405 422//422
f 419//419 430//430 428//428
f 403//403 427//427 405//405
f 429//429 438//438 423//423
f 422//422 424//424 404//404
f 423//423 433//433 425//425
f 436//436 421//421 417//417
f 434//434 407//407 435//435
f 418//418 437//437 441//441
f 419//419 418//418 443//443
f 415//415 440//440 439//439
f 419//419 443//443 417//417
f 425//425 440//440 420//420
f 431//431 402//402 442//442
f 428//428 489//489 444//444
f 428//428 430//430 489//489
f 424//424 451//451 445//445
f 424//424 428//428 451//451
f 400//400 423//423 446//446
f 423//423 438//438 446//446
f 418//418 441//441 443//443
f 435//435 436//436 469//469
f 433//433 434//434 468//468
f 434//434 469//469 468//468
f 434//434 435//435 469//469
f 433//433 468//468 425//425
f 428//428 444//444 451//451
f 439//439 491//491 415//415
f 439//439 440//440 477//477
f 438//438 470//470 446//446
f 438//438 429//429 470//470
f 429//429 431//431 470//470
f 431//431 442//442 470//470
f 437//437 422//422 475//475
f 422//422 476//476 475//475
f 422//422 427//427 476//476
f 443//443 441//441 474//474
f 448//448 449//449 452//452
f 449//449 453//453 452//452
f 447//447 449//449 450//450
f 449//449 471//471 453//453
f 449//449 447//447 471//471
f 447//447 450//450 454//454
f 449//449 448//448 466//466
f 449//449 466//466 450//450
f 448//448 452//452 459//459
f 447//447 454//454 471//471
f 376//376 343//343 455//455
f 395//395 241//241 486//486
f 163//163 383//383 488//488
f 205//205 367//367 625//625
f 314//314 465//465 397//397
f 466//466 448//448 473//473
f 416//416 415//415 491//491
f 425//425 468//468 467//467
f 436//436 417//417 482//482
f 459//459 479//479 448//448
f 489//489 490//490 444//444
f 451//451 444//444 490//490
f 469//469 436//436 482//482
f 452//452 481//481 459//459
f 426//426 491//491 492//492
f 426//426 416//416 491//491
f 441//441 472//472 474//474
f 450//450 712//712 478//478
f 450//450 478//478 454//454
f 443//443 474//474 482//482
f 417//417 443//443 482//482
f 427//427 426//426 492//492
f 437//437 472//472 441//441
f 427//427 492//492 476//476
f 437//437 475//475 472//472
f 440//440 467//467 477//477
f 439//439 477//477 491//491
f 440//440 425//425 467//467
f 452//452 485//485 481//481
f 471//471 454//454 480//480
f 452//452 453//453 485//485
f 448//448 479//479 483//483
f 473//473 448//448 483//483
f 466//466 484//484 450//450
f 450//450 484//484 712//712
f 453//453 471//471 485//485
f 471//471 480//480 485//485
f 454//454 478//478 480//480
f 473//473 493//493 494//494
f 473//473 494//494 466//466
f 473//473 483//483 493//493
f 482//482 495//495 469//469
f 469//469 497//497 468//468
f 469//469 495//495 497//497
f 467//467 468//468 496//496
f 468//468 499//499 496//496
f 468//468 497//497 499//499
f 368//368 334//334 463//463
f 150//150 146//146 1336//1334
f 96//96 99//99 839//839
f 150//150 1336//1334 394//394
f 234//234 200//200 409//409
f 164//164 111//111 527//527
f 200//200 178//178 409//409
f 103//103 253//253 460//460
f 477//477 467//467 496//496
f 477//477 502//502 491//491
f 477//477 501//501 502//502
f 477//477 496//496 501//501
f 492//492 500//500 504//504
f 492//492 504//504 476//476
f 476//476 504//504 503//503
f 491//491 500//500 492//492
f 491//491 502//502 500//500
f 475//475 503//503 472//472
f 475//475 476//476 503//503
f 474//474 472//472 505//505
f 474//474 507//507 506//506
f 474//474 505//505 507//507
f 482//482 474//474 506//506
f 466//466 494//494 484//484
f 485//485 517//517 516//516
f 480//480 520//520 518//518
f 485//485 515//515 517//517
f 480//480 518//518 485//485
f 481//481 516//516 521//521
f 485//485 518//518 515//515
f 485//485 516//516 481//481
f 495//495 482//482 506//506
f 480//480 478//478 520//520
f 508//508 472//472 503//503
f 505//505 472//472 508//508
f 509//509 497//497 495//495
f 502//502 504//504 500//500
f 504//504 510//510 503//503
f 508//508 503//503 510//510
f 504//504 502//502 510//510
f 496//496 499//499 501//501
f 493//493 483//483 498//498
f 509//509 495//495 507//507
f 502//502 501//501 510//510
f 499//499 510//510 501//501
f 510//510 509//509 508//508
f 497//497 509//509 499//499
f 507//507 505//505 508//508
f 507//507 495//495 506//506
f 510//510 499//499 509//509
f 507//507 508//508 509//509
f 390//390 179//179 522//522
f 282//282 523//523 195//195
f 442//442 525//525 470//470
f 131//131 742//742 130//130
f 525//525 442//442 537//537
f 54//54 46//46 487//487
f 63//63 57//57 458//458
f 455//455 526//526 376//376
f 253//253 290//290 528//528
f 317//317 384//384 514//514
f 494//494 519//519 484//484
f 515//515 518//518 531//531
f 518//518 520//520 531//531
f 464//464 345//345 536//536
f 254//254 535//535 331//331
f 345//345 331//331 536//536
f 392//392 445//445 511//511
f 137//137 391//391 538//538
f 195//195 523//523 414//414
f 45//45 198//198 197//197
f 442//442 464//464 537//537
f 165//165 287//287 1031//1031
f 315//315 540//540 384//384
f 111//111 96//96 527//527
f 39//39 40//40 542//542
f 455//455 392//392 511//511
f 455//455 511//511 526//526
f 494//494 584//584 519//519
f 493//493 543//543 494//494
f 515//515 530//530 517//517
f 516//516 517//517 530//530
f 520//520 533//533 531//531
f 531//531 530//530 515//515
f 516//516 530//530 532//532
f 521//521 516//516 532//532
f 531//531 534//534 530//530
f 531//531 546//546 534//534
f 534//534 547//547 530//530
f 531//531 533//533 546//546
f 532//532 530//530 547//547
f 400//400 446//446 571//571
f 282//282 396//396 523//523
f 312//312 385//385 513//513
f 164//164 527//527 396//396
f 46//46 1125//1125 316//316
f 137//137 538//538 161//161
f 446//446 470//470 512//512
f 242//242 572//572 334//334
f 242//242 205//205 572//572
f 51//51 39//39 380//380
f 519//519 584//584 544//544
f 529//529 313//313 514//514
f 498//498 545//545 493//493
f 494//494 543//543 584//584
f 532//532 577//577 521//521
f 549//549 551//551 553//553
f 549//549 552//552 551//551
f 549//549 553//553 579//579
f 550//550 548//548 555//555
f 549//549 556//556 557//557
f 548//548 550//550 554//554
f 549//549 557//557 552//552
f 547//547 560//560 563//563
f 534//534 560//560 547//547
f 534//534 562//562 560//560
f 534//534 546//546 562//562
f 532//532 563//563 565//565
f 547//547 563//563 532//532
f 546//546 533//533 566//566
f 546//546 566//566 562//562
f 554//554 558//558 548//548
f 548//548 580//580 578//578
f 532//532 565//565 576//576
f 561//561 562//562 559//559
f 561//561 563//563 560//560
f 563//563 561//561 565//565
f 561//561 560//560 562//562
f 565//565 561//561 564//564
f 562//562 566//566 559//559
f 561//561 559//559 574//574
f 520//520 478//478 595//595
f 520//520 595//595 594//594
f 561//561 575//575 564//564
f 358//358 400//400 457//457
f 565//565 564//564 576//576
f 55//55 180//180 590//590
f 464//464 536//536 589//589
f 520//520 594//594 533//533
f 156//156 161//161 412//412
f 479//479 459//459 738//738
f 489//489 592//592 490//490
f 470//470 659//659 512//512
f 470//470 525//525 570//570
f 470//470 570//570 659//659
f 489//489 568//568 592//592
f 451//451 490//490 539//539
f 55//55 590//590 65//65
f 445//445 451//451 541//541
f 163//163 710//710 146//146
f 163//163 488//488 710//710
f 199//199 104//104 593//593
f 537//537 464//464 589//589
f 253//253 528//528 460//460
f 548//548 558//558 580//580
f 573//573 549//549 579//579
f 548//548 578//578 555//555
f 574//574 559//559 582//582
f 574//574 575//575 561//561
f 564//564 575//575 583//583
f 566//566 581//581 559//559
f 549//549 573//573 556//556
f 532//532 576//576 577//577
f 559//559 581//581 582//582
f 493//493 545//545 543//543
f 551//551 552//552 585//585
f 555//555 586//586 550//550
f 550//550 586//586 588//588
f 576//576 564//564 598//598
f 574//574 582//582 596//596
f 574//574 596//596 597//597
f 574//574 597//597 575//575
f 575//575 597//597 583//583
f 556//556 618//618 557//557
f 554//554 550//550 647//647
f 550//550 587//587 647//647
f 550//550 588//588 587//587
f 332//332 148//148 623//623
f 180//180 130//130 621//621
f 314//314 644//644 385//385
f 490//490 641//641 539//539
f 459//459 481//481 591//591
f 572//572 205//205 625//625
f 528//528 290//290 715//715
f 290//290 226//226 715//715
f 489//489 406//406 568//568
f 545//545 603//603 543//543
f 543//543 599//599 584//584
f 580//580 558//558 610//610
f 584//584 599//599 544//544
f 544//544 599//599 604//604
f 558//558 605//605 610//610
f 573//573 579//579 629//629
f 578//578 580//580 615//615
f 553//553 628//628 579//579
f 599//599 543//543 603//603
f 601//601 603//603 600//600
f 601//601 599//599 603//603
f 618//618 613//613 557//557
f 555//555 578//578 611//611
f 601//601 602//602 599//599
f 558//558 554//554 627//627
f 554//554 647//647 606//606
f 552//552 620//620 585//585
f 602//602 604//604 599//599
f 555//555 614//614 586//586
f 555//555 611//611 614//614
f 580//580 610//610 617//617
f 551//551 585//585 626//626
f 552//552 648//648 620//620
f 601//601 608//608 602//602
f 579//579 612//612 629//629
f 600//600 607//607 601//601
f 556//556 616//616 618//618
f 552//552 557//557 648//648
f 556//556 573//573 616//616
f 558//558 627//627 605//605
f 553//553 551//551 630//630
f 553//553 630//630 628//628
f 578//578 615//615 633//633
f 600//600 603//603 624//624
f 602//602 609//609 604//604
f 624//624 603//603 619//619
f 498//498 640//640 545//545
f 603//603 545//545 631//631
f 622//622 498//498 483//483
f 413//413 463//463 646//646
f 314//314 397//397 644//644
f 567//567 394//394 642//642
f 738//738 459//459 645//645
f 481//481 521//521 591//591
f 281//281 393//393 366//366
f 608//608 609//609 602//602
f 603//603 631//631 619//619
f 600//600 624//624 607//607
f 463//463 334//334 646//646
f 601//601 607//607 608//608
f 578//578 633//633 611//611
f 628//628 637//637 579//579
f 579//579 637//637 612//612
f 554//554 606//606 627//627
f 608//608 632//632 609//609
f 585//585 643//643 626//626
f 647//647 639//639 606//606
f 586//586 614//614 635//635
f 551//551 626//626 630//630
f 604//604 636//636 649//649
f 580//580 617//617 615//615
f 609//609 634//634 604//604
f 604//604 634//634 636//636
f 619//619 638//638 624//624
f 638//638 619//619 650//650
f 541//541 451//451 539//539
f 613//613 661//661 557//557
f 641//641 490//490 592//592
f 525//525 537//537 769//769
f 413//413 646//646 1076//1076
f 383//383 249//249 663//663
f 542//542 40//40 61//61
f 445//445 541//541 704//704
f 335//335 662//662 535//535
f 249//249 395//395 663//663
f 143//143 285//285 978//978
f 148//148 225//225 623//623
f 335//335 234//234 662//662
f 608//608 607//607 632//632
f 631//631 650//650 619//619
f 616//616 573//573 677//677
f 585//585 620//620 643//643
f 648//648 557//557 658//658
f 588//588 657//657 587//587
f 626//626 660//660 630//630
f 586//586 657//657 588//588
f 573//573 653//653 677//677
f 607//607 624//624 664//664
f 573//573 629//629 653//653
f 616//616 656//656 618//618
f 607//607 664//664 652//652
f 624//624 638//638 655//655
f 629//629 612//612 665//665
f 616//616 677//677 656//656
f 557//557 661//661 658//658
f 607//607 651//651 632//632
f 609//609 632//632 689//689
f 655//655 638//638 666//666
f 624//624 655//655 664//664
f 379//379 522//522 179//179
f 607//607 652//652 651//651
f 596//596 1009//1009 597//597
f 56//56 128//128 1125//1125
f 198//198 62//62 821//821
f 484//484 683//683 712//712
f 115//115 280//280 378//378
f 511//511 445//445 704//704
f 67//67 63//63 685//685
f 533//533 680//680 566//566
f 414//414 523//523 675//675
f 582//582 581//581 682//682
f 410//410 413//413 1076//1076
f 523//523 396//396 675//675
f 632//632 651//651 689//689
f 609//609 689//689 667//667
f 514//514 384//384 687//687
f 609//609 667//667 634//634
f 618//618 670//670 671//671
f 618//618 671//671 613//613
f 637//637 679//679 612//612
f 605//605 654//654 673//673
f 606//606 686//686 627//627
f 634//634 676//676 636//636
f 613//613 671//671 661//661
f 628//628 681//681 637//637
f 627//627 696//696 605//605
f 587//587 657//657 674//674
f 664//664 655//655 669//669
f 638//638 650//650 666//666
f 612//612 679//679 665//665
f 586//586 668//668 657//657
f 655//655 672//672 669//669
f 605//605 673//673 610//610
f 655//655 666//666 672//672
f 618//618 656//656 670//670
f 582//582 678//678 596//596
f 583//583 597//597 706//706
f 333//333 206//206 703//703
f 582//582 708//708 678//678
f 225//225 199//199 977//977
f 606//606 639//639 686//686
f 399//399 318//318 707//707
f 706//706 597//597 684//684
f 1336//1334 146//146 710//710
f 540//540 315//315 705//705
f 99//99 378//378 839//839
f 591//591 521//521 747//747
f 446//446 512//512 571//571
f 161//161 711//711 1096//1096
f 104//104 143//143 593//593
f 651//651 652//652 689//689
f 683//683 484//484 519//519
f 357//357 569//569 714//714
f 357//357 714//714 406//406
f 633//633 690//690 611//611
f 652//652 664//664 669//669
f 647//647 587//587 700//700
f 633//633 615//615 617//617
f 648//648 658//658 763//763
f 605//605 696//696 654//654
f 677//677 695//695 656//656
f 634//634 667//667 676//676
f 614//614 611//611 693//693
f 639//639 647//647 700//700
f 639//639 700//700 754//754
f 627//627 686//686 696//696
f 620//620 648//648 763//763
f 626//626 643//643 660//660
f 610//610 698//698 617//617
f 586//586 635//635 668//668
f 629//629 665//665 722//722
f 643//643 620//620 709//709
f 667//667 689//689 691//691
f 652//652 669//669 699//699
f 628//628 630//630 681//681
f 689//689 694//694 691//691
f 667//667 691//691 697//697
f 570//570 721//721 659//659
f 667//667 697//697 676//676
f 512//512 659//659 720//720
f 525//525 721//721 570//570
f 660//660 643//643 728//728
f 541//541 539//539 717//717
f 652//652 699//699 692//692
f 633//633 719//719 690//690
f 652//652 692//692 689//689
f 689//689 692//692 694//694
f 331//331 535//535 735//735
f 544//544 604//604 739//739
f 376//376 734//734 486//486
f 669//669 701//701 699//699
f 409//409 178//178 411//411
f 479//479 738//738 483//483
f 596//596 678//678 736//736
f 287//287 390//390 741//741
f 366//366 393//393 744//744
f 583//583 706//706 737//737
f 457//457 803//803 462//462
f 333//333 743//743 201//201
f 595//595 478//478 745//745
f 521//521 577//577 747//747
f 285//285 181//181 746//746
f 650//650 631//631 713//713
f 181//181 377//377 746//746
f 529//529 688//688 748//748
f 629//629 722//722 653//653
f 384//384 752//752 687//687
f 529//529 514//514 753//753
f 676//676 716//716 636//636
f 514//514 687//687 807//807
f 668//668 724//724 657//657
f 669//669 805//805 701//701
f 669//669 672//672 805//805
f 658//658 702//702 763//763
f 610//610 733//733 698//698
f 641//641 592//592 726//726
f 614//614 693//693 635//635
f 539//539 726//726 725//725
f 641//641 726//726 539//539
f 660//660 718//718 630//630
f 587//587 674//674 700//700
f 635//635 693//693 727//727
f 635//635 727//727 668//668
f 639//639 754//754 686//686
f 699//699 732//732 692//692
f 539//539 725//725 717//717
f 665//665 679//679 749//749
f 701//701 805//805 730//730
f 633//633 617//617 719//719
f 611//611 756//756 693//693
f 699//699 701//701 731//731
f 729//729 760//760 717//717
f 717//717 760//760 541//541
f 723//723 692//692 732//732
f 592//592 740//740 726//726
f 701//701 730//730 731//731
f 720//720 762//762 512//512
f 720//720 764//764 762//762
f 659//659 721//721 764//764
f 720//720 659//659 764//764
f 721//721 765//765 764//764
f 525//525 765//765 721//721
f 610//610 673//673 733//733
f 699//699 751//751 732//732
f 206//206 365//365 703//703
f 161//161 1096//1096 412//412
f 545//545 640//640 631//631
f 611//611 690//690 756//756
f 682//682 910//910 582//582
f 280//280 201//201 743//743
f 131//131 460//460 742//742
f 67//67 930//930 379//379
f 679//679 637//637 771//771
f 604//604 649//649 739//739
f 478//478 712//712 745//745
f 636//636 716//716 840//840
f 692//692 723//723 694//694
f 577//577 777//777 747//747
f 631//631 640//640 933//933
f 686//686 754//754 783//783
f 677//677 653//653 761//761
f 715//715 226//226 778//778
f 717//717 725//725 729//729
f 681//681 630//630 757//757
f 725//725 770//770 729//729
f 726//726 740//740 770//770
f 740//740 592//592 755//755
f 726//726 770//770 725//725
f 699//699 731//731 751//751
f 617//617 774//774 719//719
f 697//697 767//767 676//676
f 525//525 769//769 765//765
f 620//620 763//763 709//709
f 661//661 785//785 658//658
f 696//696 686//686 775//775
f 691//691 767//767 697//697
f 731//731 730//730 759//759
f 630//630 718//718 757//757
f 723//723 772//772 694//694
f 660//660 758//758 718//718
f 657//657 724//724 674//674
f 656//656 779//779 670//670
f 617//617 698//698 774//774
f 729//729 795//795 808//808
f 729//729 808//808 760//760
f 751//751 731//731 773//773
f 723//723 732//732 772//772
f 762//762 764//764 800//800
f 731//731 759//759 773//773
f 764//764 799//799 800//800
f 762//762 800//800 794//794
f 765//765 792//792 799//799
f 765//765 799//799 764//764
f 722//722 665//665 780//780
f 740//740 755//755 791//791
f 740//740 791//791 797//797
f 770//770 740//740 797//797
f 770//770 797//797 798//798
f 770//770 798//798 729//729
f 729//729 798//798 795//795
f 719//719 782//782 690//690
f 728//728 643//643 781//781
f 691//691 776//776 767//767
f 694//694 768//768 691//691
f 691//691 768//768 776//776
f 694//694 772//772 768//768
f 637//637 681//681 771//771
f 661//661 671//671 785//785
f 457//457 400//400 803//803
f 333//333 703//703 743//743
f 536//536 331//331 801//801
f 331//331 735//735 801//801
f 732//732 751//751 766//766
f 53//53 911//911 57//57
f 597//597 1009//1009 684//684
f 39//39 542//542 380//380
f 649//649 636//636 840//840
f 376//376 526//526 734//734
f 670//670 784//784 671//671
f 537//537 589//589 804//804
f 529//529 748//748 465//465
f 384//384 750//750 752//752
f 807//807 687//687 806//806
f 529//529 753//753 688//688
f 654//654 696//696 787//787
f 656//656 695//695 779//779
f 732//732 766//766 772//772
f 660//660 728//728 758//758
f 658//658 785//785 702//702
f 677//677 790//790 695//695
f 772//772 789//789 768//768
f 665//665 749//749 780//780
f 763//763 702//702 788//788
f 700//700 674//674 809//809
f 751//751 773//773 796//796
f 776//776 768//768 786//786
f 727//727 693//693 811//811
f 763//763 788//788 709//709
f 776//776 793//793 767//767
f 681//681 757//757 810//810
f 643//643 709//709 781//781
f 653//653 722//722 761//761
f 766//766 751//751 796//796
f 674//674 724//724 825//825
f 583//583 737//737 886//886
f 234//234 820//820 662//662
f 54//54 487//487 52//52
f 796//796 773//773 812//812
f 393//393 462//462 744//744
f 596//596 736//736 1037//1037
f 596//596 1037//1037 1009//1009
f 400//400 819//819 803//803
f 400//400 571//571 819//819
f 465//465 1181//1180 397//397
f 535//535 662//662 822//822
f 309//309 399//399 705//705
f 67//67 685//685 930//930
f 459//459 591//591 645//645
f 676//676 767//767 817//817
f 678//678 827//827 736//736
f 753//753 514//514 807//807
f 776//776 786//786 793//793
f 678//678 828//828 830//830
f 772//772 766//766 789//789
f 706//706 831//831 737//737
f 706//706 829//829 831//831
f 678//678 830//830 827//827
f 759//759 812//812 773//773
f 670//670 779//779 784//784
f 718//718 758//758 818//818
f 709//709 788//788 831//831
f 766//766 796//796 813//813
f 728//728 781//781 758//758
f 749//749 679//679 848//848
f 789//789 766//766 814//814
f 677//677 761//761 790//790
f 796//796 815//815 824//824
f 809//809 674//674 825//825
f 654//654 787//787 673//673
f 686//686 783//783 775//775
f 700//700 834//834 754//754
f 796//796 812//812 815//815
f 786//786 816//816 793//793
f 681//681 810//810 771//771
f 690//690 782//782 756//756
f 722//722 835//835 761//761
f 754//754 830//830 783//783
f 754//754 827//827 830//830
f 831//831 829//829 709//709
f 766//766 813//813 814//814
f 679//679 771//771 848//848
f 700//700 809//809 834//834
f 733//733 673//673 833//833
f 646//646 842//842 1076//1076
f 646//646 334//334 842//842
f 589//589 536//536 804//804
f 782//782 719//719 850//850
f 1031//1031 287//287 741//741
f 382//382 44//44 975//975
f 226//226 567//567 778//778
f 748//748 841//841 465//465
f 577//577 576//576 777//777
f 625//625 367//367 844//844
f 807//807 806//806 823//823
f 793//793 926//926 767//767
f 768//768 789//789 786//786
f 696//696 775//775 832//832
f 687//687 852//852 806//806
f 722//722 780//780 852//852
f 736//736 827//827 845//845
f 668//668 727//727 826//826
f 796//796 824//824 813//813
f 706//706 684//684 849//849
f 709//709 829//829 849//849
f 709//709 849//849 781//781
f 754//754 834//834 827//827
f 678//678 708//708 828//828
f 752//752 835//835 687//687
f 783//783 830//830 828//828
f 706//706 849//849 829//829
f 688//688 782//782 748//748
f 687//687 835//835 853//853
f 748//748 782//782 850//850
f 722//722 853//853 835//835
f 687//687 853//853 852//852
f 737//737 831//831 851//851
f 693//693 756//756 855//855
f 693//693 855//855 811//811
f 671//671 784//784 854//854
f 722//722 852//852 853//853
f 788//788 851//851 831//831
f 698//698 733//733 876//876
f 779//779 695//695 860//860
f 668//668 826//826 965//965
f 668//668 965//965 724//724
f 827//827 834//834 845//845
f 814//814 838//838 789//789
f 824//824 815//815 836//836
f 789//789 837//837 786//786
f 783//783 857//857 775//775
f 825//825 724//724 861//861
f 756//756 782//782 859//859
f 784//784 779//779 858//858
f 786//786 837//837 816//816
f 582//582 910//910 708//708
f 594//594 595//595 868//868
f 886//886 737//737 873//873
f 383//383 869//869 488//488
f 280//280 743//743 871//871
f 382//382 821//821 62//62
f 730//730 843//843 759//759
f 61//61 65//65 870//870
f 730//730 805//805 843//843
f 813//813 824//824 846//846
f 798//798 1040//1040 795//795
f 767//767 926//926 817//817
f 838//838 814//814 847//847
f 847//847 813//813 846//846
f 759//759 843//843 812//812
f 824//824 836//836 846//846
f 814//814 813//813 847//847
f 737//737 851//851 877//877
f 748//748 850//850 841//841
f 793//793 816//816 865//865
f 789//789 838//838 837//837
f 806//806 852//852 780//780
f 752//752 882//882 835//835
f 688//688 859//859 782//782
f 816//816 837//837 865//865
f 758//758 781//781 874//874
f 671//671 867//867 785//785
f 733//733 833//833 875//875
f 774//774 856//856 719//719
f 702//702 881//881 788//788
f 788//788 877//877 851//851
f 696//696 832//832 787//787
f 698//698 876//876 774//774
f 749//749 892//892 780//780
f 838//838 862//862 837//837
f 811//811 916//916 727//727
f 702//702 785//785 881//881
f 718//718 818//818 757//757
f 838//838 866//866 862//862
f 719//719 856//856 850//850
f 847//847 846//846 864//864
f 838//838 847//847 866//866
f 761//761 835//835 882//882
f 837//837 863//863 865//865
f 781//781 849//849 895//895
f 847//847 864//864 866//866
f 736//736 906//906 1037//1037
f 396//396 907//907 675//675
f 96//96 839//839 885//885
f 234//234 409//409 820//820
f 841//841 887//887 465//465
f 498//498 622//622 888//888
f 716//716 676//676 817//817
f 873//873 737//737 877//877
f 837//837 862//862 863//863
f 864//864 846//846 879//879
f 846//846 932//932 879//879
f 684//684 895//895 849//849
f 783//783 828//828 857//857
f 736//736 845//845 893//893
f 788//788 937//937 877//877
f 752//752 750//750 882//882
f 708//708 857//857 828//828
f 841//841 850//850 890//890
f 806//806 780//780 892//892
f 671//671 854//854 867//867
f 724//724 965//965 861//861
f 733//733 875//875 876//876
f 834//834 809//809 891//891
f 834//834 893//893 845//845
f 749//749 848//848 892//892
f 832//832 894//894 787//787
f 846//846 836//836 932//932
f 756//756 859//859 855//855
f 695//695 790//790 860//860
f 850//850 856//856 890//890
f 788//788 881//881 937//937
f 790//790 761//761 882//882
f 779//779 860//860 858//858
f 862//862 866//866 889//889
f 879//879 932//932 880//880
f 879//879 880//880 883//883
f 774//774 876//876 945//945
f 862//862 878//878 863//863
f 864//864 879//879 883//883
f 511//511 704//704 904//904
f 863//863 878//878 897//897
f 672//672 666//666 908//908
f 409//409 905//905 820//820
f 675//675 907//907 414//414
f 819//819 571//571 913//913
f 198//198 1234//198 197//197
f 581//581 566//566 909//909
f 332//332 884//884 367//367
f 566//566 680//680 909//909
f 598//598 931//931 576//576
f 592//592 1351//1349 755//755
f 872//872 926//926 793//793
f 458//458 57//57 911//911
f 161//161 538//538 711//711
f 791//791 755//755 912//912
f 318//318 398//398 707//707
f 511//511 904//904 526//526
f 541//541 760//760 992//992
f 866//866 864//864 889//889
f 823//823 806//806 892//892
f 736//736 914//914 906//906
f 781//781 895//895 874//874
f 736//736 893//893 914//914
f 862//862 889//889 878//878
f 873//873 877//877 915//915
f 863//863 896//896 865//865
f 863//863 897//897 896//896
f 673//673 787//787 917//917
f 874//874 918//918 758//758
f 784//784 858//858 854//854
f 833//833 673//673 917//917
f 758//758 919//919 818//818
f 861//861 938//938 825//825
f 893//893 834//834 891//891
f 864//864 883//883 898//898
f 889//889 864//864 898//898
f 883//883 903//903 899//899
f 774//774 945//945 856//856
f 889//889 902//902 878//878
f 897//897 900//900 896//896
f 883//883 880//880 903//903
f 569//569 410//410 714//714
f 889//889 901//901 902//902
f 775//775 857//857 943//943
f 889//889 898//898 901//901
f 727//727 916//916 826//826
f 734//734 925//925 486//486
f 541//541 992//992 704//704
f 537//537 804//804 928//928
f 409//409 411//411 905//905
f 461//461 58//58 1480//1478
f 483//483 738//738 929//929
f 564//564 583//583 886//886
f 792//792 1007//1007 799//799
f 666//666 650//650 908//908
f 53//53 112//112 1160//1160
f 631//631 933//933 713//713
f 367//367 884//884 844//844
f 662//662 820//820 822//822
f 898//898 883//883 899//899
f 841//841 890//890 856//856
f 688//688 940//940 859//859
f 877//877 937//937 915//915
f 965//965 826//826 950//950
f 809//809 825//825 938//938
f 859//859 940//940 855//855
f 775//775 943//943 832//832
f 818//818 942//942 757//757
f 771//771 810//810 936//936
f 901//901 921//921 902//902
f 892//892 848//848 997//997
f 757//757 944//944 810//810
f 787//787 894//894 917//917
f 900//900 920//920 896//896
f 897//897 878//878 924//924
f 899//899 923//923 922//922
f 898//898 899//899 922//922
f 758//758 918//918 919//919
f 897//897 935//935 900//900
f 811//811 855//855 916//916
f 898//898 922//922 901//901
f 410//410 954//954 714//714
f 410//410 1076//1076 954//954
f 897//897 924//924 935//935
f 878//878 902//902 924//924
f 533//533 594//594 953//953
f 684//684 964//964 895//895
f 640//640 498//498 888//888
f 812//812 1143//1143 815//815
f 41//41 52//52 456//456
f 1125//1125 128//128 1026//1026
f 680//680 533//533 953//953
f 621//621 130//130 742//742
f 46//46 316//316 956//956
f 487//487 46//46 956//956
f 794//794 957//957 762//762
f 567//567 642//642 778//778
f 512//512 762//762 959//959
f 688//688 753//753 927//927
f 762//762 957//957 959//959
f 378//378 280//280 871//871
f 334//334 955//955 842//842
f 887//887 841//841 856//856
f 921//921 924//924 902//902
f 688//688 927//927 940//940
f 935//935 971//971 900//900
f 823//823 892//892 960//960
f 857//857 708//708 941//941
f 750//750 958//958 882//882
f 895//895 964//964 874//874
f 899//899 903//903 923//923
f 893//893 891//891 914//914
f 858//858 998//998 854//854
f 875//875 833//833 968//968
f 858//858 860//860 963//963
f 857//857 941//941 943//943
f 790//790 882//882 958//958
f 826//826 966//966 950//950
f 785//785 951//951 881//881
f 785//785 867//867 951//951
f 919//919 961//961 818//818
f 874//874 964//964 918//918
f 810//810 939//939 936//936
f 809//809 938//938 891//891
f 848//848 771//771 936//936
f 921//921 901//901 947//947
f 923//923 949//949 922//922
f 922//922 947//947 901//901
f 900//900 971//971 920//920
f 922//922 952//952 947//947
f 924//924 948//948 935//935
f 924//924 921//921 967//967
f 922//922 949//949 952//952
f 332//332 623//623 884//884
f 921//921 947//947 967//967
f 536//536 928//928 804//804
f 821//821 382//382 975//975
f 483//483 929//929 622//622
f 44//44 461//461 975//975
f 593//593 143//143 978//978
f 734//734 526//526 979//979
f 734//734 979//979 925//925
f 865//865 896//896 1162//1161
f 576//576 931//931 1233//1232
f 512//512 959//959 1028//1028
f 526//526 904//904 979//979
f 873//873 915//915 982//982
f 887//887 856//856 981//981
f 924//924 967//967 948//948
f 935//935 948//948 962//962
f 867//867 854//854 970//970
f 875//875 980//980 876//876
f 916//916 966//966 826//826
f 881//881 951//951 1001//1001
f 945//945 981//981 856//856
f 861//861 965//965 946//946
f 915//915 937//937 982//982
f 810//810 944//944 939//939
f 757//757 942//942 944//944
f 958//958 984//984 790//790
f 861//861 946//946 938//938
f 935//935 962//962 971//971
f 947//947 969//969 967//967
f 947//947 952//952 974//974
f 947//947 972//972 969//969
f 952//952 949//949 973//973
f 385//385 644//644 1093//1093
f 798//798 1039//1039 1040//1040
f 58//58 524//524 1480//1478
f 750//750 384//384 540//540
f 753//753 807//807 1027//1027
f 769//769 995//995 1030//1030
f 406//406 714//714 996//996
f 406//406 996//996 568//568
f 793//793 865//865 872//872
f 383//383 663//663 869//869
f 971//971 962//962 986//986
f 947//947 974//974 972//972
f 952//952 973//973 974//974
f 967//967 969//969 948//948
f 894//894 832//832 983//983
f 916//916 855//855 1042//1042
f 860//860 790//790 1017//1017
f 818//818 961//961 942//942
f 972//972 985//985 969//969
f 941//941 1000//1000 943//943
f 876//876 980//980 945//945
f 790//790 984//984 1017//1017
f 914//914 891//891 1015//1015
f 937//937 881//881 1001//1001
f 960//960 892//892 997//997
f 973//973 988//988 974//974
f 948//948 969//969 987//987
f 972//972 974//974 989//989
f 974//974 988//988 994//994
f 962//962 948//948 986//986
f 965//965 999//999 946//946
f 972//972 989//989 985//985
f 969//969 991//991 987//987
f 684//684 1009//1009 1116//1116
f 682//682 1023//1023 910//910
f 594//594 1008//1008 953//953
f 594//594 868//868 1008//1008
f 1181//1180 465//465 887//887
f 527//527 96//96 885//885
f 836//836 815//815 1202//1201
f 840//840 934//934 649//649
f 872//872 1163//1162 926//926
f 53//53 1160//1160 911//911
f 334//334 572//572 955//955
f 683//683 519//519 1277//1275
f 949//949 923//923 1011//1011
f 777//777 576//576 1233//1232
f 969//969 985//985 991//991
f 906//906 914//914 1015//1015
f 949//949 1011//1011 973//973
f 974//974 994//994 989//989
f 823//823 960//960 997//997
f 982//982 937//937 1001//1001
f 941//941 708//708 1000//1000
f 854//854 998//998 970//970
f 858//858 963//963 1014//1014
f 858//858 1014//1014 998//998
f 936//936 1016//1016 848//848
f 940//940 927//927 1013//1013
f 875//875 968//968 980//980
f 894//894 1002//1002 917//917
f 983//983 1002//1002 894//894
f 958//958 750//750 984//984
f 964//964 1018//1018 918//918
f 832//832 943//943 983//983
f 855//855 940//940 1013//1013
f 848//848 1016//1016 997//997
f 948//948 1005//1005 986//986
f 938//938 990//990 891//891
f 985//985 989//989 1004//1004
f 986//986 1005//1005 1003//1003
f 994//994 988//988 1006//1006
f 590//590 180//180 1025//1025
f 538//538 391//391 1031//1031
f 180//180 621//621 1025//1025
f 377//377 386//386 1057//1057
f 928//928 536//536 1024//1024
f 592//592 568//568 1351//1349
f 739//739 649//649 934//934
f 385//385 1093//1093 513//513
f 128//128 381//381 1161//197
f 903//903 880//880 1094//1094
f 395//395 976//976 663//663
f 571//571 512//512 1028//1028
f 765//765 769//769 1030//1030
f 750//750 540//540 993//993
f 994//994 1006//1006 989//989
f 903//903 1011//1011 923//923
f 987//987 1012//1012 948//948
f 833//833 917//917 968//968
f 971//971 986//986 1003//1003
f 942//942 1032//1032 944//944
f 750//750 993//993 984//984
f 965//965 950//950 999//999
f 938//938 946//946 990//990
f 1042//1042 855//855 1013//1013
f 988//988 1079//1079 1006//1006
f 948//948 1012//1012 1005//1005
f 1006//1006 1019//1019 989//989
f 985//985 1020//1020 991//991
f 989//989 1019//1019 1022//1022
f 1006//1006 1079//1079 1019//1019
f 987//987 991//991 1021//1021
f 985//985 1004//1004 1020//1020
f 803//803 1071//1071 462//462
f 1021//1021 1029//1029 987//987
f 542//542 61//61 1038//1038
f 872//872 1260//1258 1163//1162
f 800//800 1350//1348 794//794
f 704//704 992//992 1053//1053
f 564//564 886//886 802//802
f 598//598 564//564 931//931
f 896//896 920//920 1162//1161
f 987//987 1029//1029 1012//1012
f 991//991 1020//1020 1021//1021
f 887//887 981//981 1181//1180
f 989//989 1022//1022 1004//1004
f 741//741 1041//1041 1031//1031
f 622//622 929//929 888//888
f 964//964 684//684 1018//1018
f 961//961 919//919 1083//1083
f 961//961 1032//1032 942//942
f 860//860 1059//1059 963//963
f 891//891 990//990 1081//1081
f 860//860 1017//1017 1059//1059
f 1012//1012 1033//1033 1005//1005
f 891//891 1081//1081 1015//1015
f 1005//1005 1043//1043 1003//1003
f 1022//1022 1035//1035 1036//1036
f 1012//1012 1029//1029 1034//1034
f 1022//1022 1019//1019 1035//1035
f 1004//1004 1022//1022 1020//1020
f 1012//1012 1034//1034 1033//1033
f 1020//1020 1022//1022 1036//1036
f 904//904 704//704 1053//1053
f 927//927 753//753 1027//1027
f 414//414 1052//1052 398//398
f 807//807 823//823 1054//1054
f 522//522 379//379 1199//1198
f 812//812 843//843 1143//1143
f 993//993 540//540 1257//1255
f 744//744 462//462 1122//1122
f 544//544 1055//1055 519//519
f 905//905 411//411 1218//1217
f 865//865 1010//1010 1080//1080
f 880//880 932//932 1144//1144
f 1162//1161 1010//1010 865//865
f 971//971 1058//1058 920//920
f 760//760 808//808 992//992
f 377//377 1057//1057 746//746
f 708//708 910//910 1000//1000
f 823//823 997//997 1061//1061
f 983//983 943//943 1084//1084
f 939//939 1067//1067 936//936
f 980//980 968//968 1062//1062
f 1032//1032 961//961 1083//1083
f 918//918 1018//1018 1064//1064
f 944//944 1066//1066 939//939
f 950//950 1060//1060 999//999
f 919//919 918//918 1064//1064
f 1084//1084 943//943 1065//1065
f 943//943 1000//1000 1065//1065
f 1017//1017 984//984 1044//1044
f 916//916 1042//1042 966//966
f 946//946 1063//1063 990//990
f 984//984 993//993 1044//1044
f 1005//1005 1033//1033 1043//1043
f 1033//1033 1034//1034 1069//1069
f 1034//1034 1029//1029 1045//1045
f 1020//1020 1046//1046 1021//1021
f 1020//1020 1036//1036 1049//1049
f 1036//1036 1035//1035 1048//1048
f 1020//1020 1049//1049 1046//1046
f 1036//1036 1048//1048 1050//1050
f 1021//1021 1046//1046 1051//1051
f 1021//1021 1047//1047 1029//1029
f 1036//1036 1050//1050 1049//1049
f 1029//1029 1047//1047 1045//1045
f 1021//1021 1051//1051 1047//1047
f 873//873 982//982 1258//1256
f 395//395 486//486 976//976
f 925//925 1073//1073 486//486
f 928//928 1075//1075 537//537
f 886//886 873//873 1258//1256
f 807//807 1054//1054 1027//1027
f 823//823 1061//1061 1054//1054
f 925//925 979//979 1073//1073
f 741//741 390//390 1041//1041
f 379//379 930//930 1199//1198
f 1011//1011 903//903 1094//1094
f 836//836 1202//1201 932//932
f 973//973 1102//1102 988//988
f 906//906 1074//1074 1037//1037
f 798//798 797//797 1039//1039
f 61//61 870//870 1038//1038
f 982//982 1001//1001 1077//1077
f 865//865 1080//1080 872//872
f 906//906 1015//1015 1081//1081
f 1043//1043 1078//1078 1003//1003
f 1000//1000 910//910 1065//1065
f 867//867 970//970 1082//1082
f 919//919 1064//1064 1083//1083
f 951//951 867//867 1082//1082
f 939//939 1066//1066 1067//1067
f 997//997 1085//1085 1061//1061
f 936//936 1067//1067 1016//1016
f 997//997 1016//1016 1085//1085
f 1050//1050 1068//1068 1049//1049
f 1001//1001 951//951 1072//1072
f 1050//1050 1048//1048 1070//1070
f 1045//1045 1088//1088 1034//1034
f 1050//1050 1070//1070 1068//1068
f 1034//1034 1088//1088 1069//1069
f 1035//1035 1019//1019 1184//1183
f 951//951 1092//1092 1072//1072
f 488//488 869//869 1377//1375
f 815//815 1143//1143 1202//1201
f 1076//1076 842//842 1097//1097
f 591//591 747//747 1249//1247
f 1002//1002 983//983 1138//1138
f 1062//1062 1091//1091 980//980
f 1082//1082 1092//1092 951//951
f 1042//1042 1151//1151 966//966
f 971//971 1003//1003 1058//1058
f 1181//1180 981//981 1103//1103
f 946//946 1095//1095 1063//1063
f 1033//1033 1069//1069 1105//1105
f 917//917 1100//1100 968//968
f 981//981 945//945 1103//1103
f 1018//1018 684//684 1158//1158
f 1018//1018 1158//1158 1064//1064
f 963//963 1059//1059 1101//1101
f 983//983 1084//1084 1138//1138
f 963//963 1101//1101 1014//1014
f 944//944 1032//1032 1066//1066
f 1048//1048 1035//1035 1184//1183
f 990//990 1104//1104 1081//1081
f 980//980 1103//1103 945//945
f 1047//1047 1086//1086 1045//1045
f 1051//1051 1046//1046 1087//1087
f 1049//1049 1107//1107 1046//1046
f 1045//1045 1086//1086 1090//1090
f 1068//1068 1070//1070 1089//1089
f 1049//1049 1068//1068 1107//1107
f 1045//1045 1090//1090 1088//1088
f 1068//1068 1089//1089 1108//1108
f 927//927 1027//1027 1013//1013
f 544//544 739//739 1055//1055
f 1042//1042 1114//1114 1111//1111
f 1016//1016 1115//1115 1085//1085
f 703//703 365//365 1261//1259
f 684//684 1116//1116 1158//1158
f 928//928 1024//1024 1075//1075
f 1258//1256 982//982 1077//1077
f 842//842 955//955 1097//1097
f 536//536 801//801 1024//1024
f 1151//1151 1042//1042 1111//1111
f 1016//1016 1067//1067 1118//1118
f 1016//1016 1118//1118 1115//1115
f 1042//1042 1013//1013 1114//1114
f 1074//1074 906//906 1121//1121
f 488//488 1377//1375 710//710
f 1047//1047 1051//1051 1106//1106
f 1011//1011 1102//1102 973//973
f 990//990 1063//1063 1104//1104
f 1062//1062 968//968 1100//1100
f 777//777 1124//1124 747//747
f 1013//1013 1027//1027 1114//1114
f 906//906 1081//1081 1121//1121
f 1003//1003 1078//1078 1058//1058
f 1019//1019 1079//1079 1184//1183
f 1067//1067 1126//1126 1118//1118
f 1060//1060 950//950 1117//1117
f 365//365 366//366 1261//1259
f 744//744 1122//1122 366//366
f 1081//1081 1104//1104 1119//1119
f 1047//1047 1106//1106 1086//1086
f 1106//1106 1051//1051 1087//1087
f 1107//1107 1068//1068 1108//1108
f 1046//1046 1107//1107 1087//1087
f 1090//1090 1109//1109 1088//1088
f 1108//1108 1089//1089 1110//1110
f 1107//1107 1108//1108 1112//1112
f 1064//1064 1134//1134 1135//1135
f 1108//1108 1110//1110 1112//1112
f 966//966 1113//1113 950//950
f 1001//1001 1072//1072 1077//1077
f 1113//1113 966//966 1151//1151
f 950//950 1113//1113 1117//1117
f 1083//1083 1064//1064 1135//1135
f 970//970 1128//1128 1137//1137
f 998//998 1128//1128 970//970
f 1066//1066 1032//1032 1120//1120
f 946//946 1060//1060 1136//1136
f 946//946 999//999 1060//1060
f 1059//1059 1017//1017 1215//1214
f 980//980 1091//1091 1103//1103
f 1100//1100 917//917 1139//1139
f 1044//1044 1140//1140 1017//1017
f 917//917 1002//1002 1139//1139
f 792//792 765//765 1007//1007
f 1067//1067 1066//1066 1126//1126
f 1032//1032 1083//1083 1157//1157
f 1032//1032 1157//1157 1132//1132
f 803//803 819//819 1071//1071
f 456//456 52//52 1159//1159
f 794//794 1350//1348 957//957
f 840//840 716//716 1201//1200
f 1098//1098 198//198 821//821
f 414//414 907//907 1052//1052
f 742//742 460//460 1222//1221
f 926//926 1146//1146 817//817
f 1090//1090 1086//1086 1127//1127
f 1057//1057 386//386 1149//1149
f 513//513 1148//1148 386//386
f 1044//1044 993//993 1257//1255
f 1044//1044 1257//1255 1140//1140
f 386//386 1148//1148 1149//1149
f 778//778 642//642 1150//1150
f 1033//1033 1105//1105 1043//1043
f 1048//1048 1141//1141 1070//1070
f 1090//1090 1127//1127 1109//1109
f 1109//1109 1152//1152 1088//1088
f 1087//1087 1131//1131 1106//1106
f 1106//1106 1131//1131 1086//1086
f 1107//1107 1112//1112 1129//1129
f 1087//1087 1107//1107 1130//1130
f 1064//1064 1158//1158 1134//1134
f 1081//1081 1119//1119 1121//1121
f 1095//1095 946//946 1136//1136
f 1112//1112 1133//1133 1153//1153
f 1032//1032 1132//1132 1120//1120
f 1101//1101 1059//1059 1215//1214
f 1062//1062 1100//1100 1156//1156
f 1179//1178 1065//1065 1288//1286
f 1117//1117 1113//1113 1170//1169
f 1065//1065 910//910 1288//1286
f 907//907 396//396 1142//1142
f 381//381 197//197 1161//197
f 843//843 805//805 1123//1123
f 1079//1079 988//988 1147//1147
f 778//778 1166//1165 715//715
f 778//778 1150//1150 1166//1165
f 979//979 904//904 1265//1263
f 285//285 1164//1163 978//978
f 1112//1112 1153//1153 1129//1129
f 1070//1070 1141//1141 1089//1089
f 1089//1089 1316//1314 1110//1110
f 1130//1130 1107//1107 1129//1129
f 1083//1083 1135//1135 1157//1157
f 1002//1002 1138//1138 1139//1139
f 1114//1114 1027//1027 1167//1166
f 1087//1087 1130//1130 1131//1131
f 1061//1061 1168//1167 1054//1054
f 1061//1061 1085//1085 1168//1167
f 1027//1027 1054//1054 1168//1167
f 1112//1112 1110//1110 1133//1133
f 1027//1027 1168//1167 1167//1166
f 1086//1086 1154//1154 1127//1127
f 1129//1129 1153//1153 1155//1155
f 1118//1118 1174//1173 1115//1115
f 1114//1114 1167//1166 1111//1111
f 1082//1082 970//970 1137//1137
f 1017//1017 1140//1140 1215//1214
f 998//998 1014//1014 1178//1177
f 822//822 1183//1182 535//535
f 735//735 535//535 1183//1182
f 1155//1155 1153//1153 1169//1168
f 1103//1103 1177//1176 1181//1180
f 907//907 1142//1142 1052//1052
f 884//884 623//623 1197//1196
f 52//52 487//487 1294//1292
f 537//537 1182//1181 769//769
f 128//128 1161//197 1026//1026
f 1158//1158 1116//1116 1188//1187
f 524//524 380//380 1099//1099
f 63//63 458//458 685//685
f 920//920 1058//1058 1220//1219
f 487//487 956//956 1145//1145
f 1126//1126 1174//1173 1118//1118
f 285//285 746//746 1164//1163
f 1069//1069 1088//1088 1185//1184
f 1086//1086 1131//1131 1154//1154
f 1151//1151 1173//1172 1113//1113
f 1063//1063 1095//1095 1104//1104
f 1119//1119 1104//1104 1186//1185
f 1060//1060 1117//1117 1170//1169
f 1151//1151 1111//1111 1173//1172
f 998//998 1178//1177 1128//1128
f 1115//1115 1174//1173 1085//1085
f 1009//1009 1188//1187 1116//1116
f 1009//1009 1121//1121 1188//1187
f 1037//1037 1121//1121 1009//1009
f 1074//1074 1121//1121 1037//1037
f 1126//1126 1066//1066 1175//1174
f 1127//1127 1152//1152 1109//1109
f 1126//1126 1175//1174 1174//1173
f 1131//1131 1165//1164 1154//1154
f 1153//1153 1133//1133 1169//1168
f 1129//1129 1155//1155 1187//1186
f 1111//1111 1167//1166 1173//1172
f 1127//1127 1171//1170 1152//1152
f 1154//1154 1171//1170 1127//1127
f 1168//1167 1085//1085 1174//1173
f 1136//1136 1189//1188 1095//1095
f 1187//1186 1155//1155 1180//1179
f 1168//1167 1173//1172 1167//1166
f 1168//1167 1174//1173 1173//1172
f 1172//1171 1165//1164 1131//1131
f 1138//1138 1193//1192 1139//1139
f 1091//1091 1062//1062 1213//1212
f 1100//1100 1139//1139 1194//1193
f 1100//1100 1194//1193 1156//1156
f 1077//1077 1217//1216 1258//1256
f 1130//1130 1129//1129 1176//1175
f 1113//1113 1173//1172 1170//1169
f 738//738 1200//1199 929//929
f 908//908 1198//1197 672//672
f 397//397 1181//1180 644//644
f 871//871 743//743 1204//1203
f 977//977 199//199 1203//1202
f 564//564 802//802 931//931
f 199//199 593//593 1203//1202
f 822//822 820//820 1183//1182
f 537//537 1075//1075 1182//1181
f 1158//1158 1188//1187 1134//1134
f 1048//1048 1184//1183 1141//1141
f 1130//1130 1176//1175 1172//1171
f 1277//1275 519//519 1205//1204
f 1089//1089 1141//1141 1316//1314
f 1157//1157 1135//1135 1192//1191
f 1130//1130 1172//1171 1131//1131
f 1129//1129 1187//1186 1176//1175
f 1134//1134 1188//1187 1135//1135
f 1119//1119 1186//1185 1121//1121
f 1060//1060 1189//1188 1136//1136
f 1132//1132 1157//1157 1192//1191
f 1132//1132 1192//1191 1120//1120
f 1060//1060 1173//1172 1189//1188
f 1170//1169 1173//1172 1060//1060
f 1095//1095 1189//1188 1104//1104
f 1171//1170 1209//1208 1152//1152
f 1120//1120 1192//1191 1175//1174
f 1120//1120 1175//1174 1066//1066
f 1135//1135 1188//1187 1192//1191
f 1188//1187 1121//1121 1190//1189
f 1174//1173 1175//1174 1173//1172
f 1176//1175 1187//1186 1206//1205
f 1180//1179 1196//1195 1187//1186
f 1104//1104 1189//1188 1186//1185
f 1155//1155 1169//1168 1180//1179
f 1173//1172 1175//1174 1192//1191
f 1173//1172 1192//1191 1189//1188
f 1121//1121 1186//1185 1190//1189
f 1154//1154 1165//1164 1191//1190
f 1206//1205 1187//1186 1196//1195
f 1140//1140 1214//1213 1215//1214
f 1192//1191 1188//1187 1190//1189
f 1190//1189 1186//1185 1189//1188
f 1065//1065 1179//1178 1212//1211
f 1140//1140 1195//1194 1214//1213
f 1077//1077 1072//1072 1217//1216
f 1091//1091 1213//1212 1103//1103
f 1189//1188 1192//1191 1190//1189
f 1213//1212 1062//1062 1216//1215
f 1092//1092 1272//1270 1072//1072
f 1154//1154 1191//1190 1171//1170
f 1062//1062 1156//1156 1216//1215
f 1172//1171 1176//1175 1207//1206
f 1140//1140 1257//1255 1195//1194
f 456//456 1219//1218 112//112
f 225//225 977//977 1575//1572
f 905//905 1218//1217 820//820
f 1165//1164 1210//1209 1191//1190
f 884//884 1197//1196 844//844
f 795//795 1040//1040 1246//1244
f 716//716 817//817 1146//1146
f 714//714 1221//1220 996//996
f 872//872 1080//1080 1260//1258
f 1261//1259 366//366 1289//1287
f 920//920 1220//1219 1162//1161
f 716//716 1146//1146 1201//1200
f 1069//1069 1185//1184 1105//1105
f 519//519 1055//1055 1205//1204
f 528//528 1222//1221 460//460
f 1088//1088 1152//1152 1185//1184
f 1110//1110 1264//1262 1133//1133
f 1014//1014 1101//1101 1178//1177
f 1207//1206 1176//1175 1206//1205
f 1171//1170 1191//1190 1208//1207
f 1171//1170 1236//1234 1209//1208
f 1196//1195 1211//1210 1206//1205
f 1171//1170 1208//1207 1236//1234
f 1172//1171 1210//1209 1165//1164
f 1072//1072 1227//1226 1217//1216
f 1178//1177 1101//1101 1224//1223
f 1177//1176 1103//1103 1238//1236
f 1084//1084 1065//1065 1212//1211
f 1084//1084 1212//1211 1226//1225
f 1179//1178 1225//1224 1212//1211
f 1092//1092 1082//1082 1272//1270
f 1206//1205 1211//1210 1223//1222
f 1075//1075 1232//1231 1182//1181
f 1124//1124 777//777 1233//1232
f 1073//1073 979//979 1231//1230
f 568//568 1386//1384 1351//1349
f 800//800 1248//1246 1350//1348
f 1123//1123 805//805 672//672
f 1031//1031 1041//1041 1259//1257
f 800//800 799//799 1248//1246
f 528//528 715//715 1222//1221
f 1133//1133 1264//1262 1169//1168
f 568//568 996//996 1386//1384
f 1179//1178 1288//1286 1225//1224
f 1138//1138 1084//1084 1193//1192
f 1210//1209 1172//1171 1207//1206
f 1207//1206 1237//1235 1210//1209
f 1211//1210 1251//1249 1223//1222
f 1072//1072 1272//1270 1227//1226
f 1210//1209 1230//1229 1191//1190
f 1103//1103 1213//1212 1238//1236
f 1082//1082 1137//1137 1240//1238
f 1207//1206 1206//1205 1229//1228
f 1177//1176 1244//1242 1181//1180
f 1191//1190 1230//1229 1208//1207
f 1223//1222 1228//1227 1235//1233
f 1229//1228 1206//1205 1235//1233
f 714//714 954//954 1221//1220
f 795//795 1246//1244 808//808
f 52//52 1294//1292 1159//1159
f 1207//1206 1229//1228 1237//1235
f 712//712 683//683 1250//1248
f 791//791 912//912 797//797
f 65//65 1293//1291 870//870
f 591//591 1249//1247 645//645
f 595//595 745//745 868//868
f 1222//1221 715//715 1166//1165
f 743//743 703//703 1204//1203
f 1206//1205 1223//1222 1235//1233
f 1169//1168 1252//1250 1180//1179
f 1180//1179 1252//1250 1196//1195
f 1084//1084 1226//1225 1193//1192
f 1196//1195 1251//1249 1211//1210
f 1223//1222 1251//1249 1228//1227
f 1228//1227 1243//1241 1235//1233
f 1213//1212 1216//1215 1245//1243
f 1215//1214 1214//1213 1255//1253
f 1237//1235 1229//1228 1239//1237
f 1082//1082 1279//1277 1272//1270
f 1210//1209 1242//1240 1241//1239
f 1237//1235 1242//1240 1210//1209
f 1210//1209 1241//1239 1230//1229
f 1235//1233 1243//1241 1229//1228
f 538//538 1031//1031 1259//1257
f 1075//1075 1024//1024 1232//1231
f 1142//1142 396//396 1262//1260
f 650//650 1056//1056 908//908
f 1079//1079 1548//1545 1184//1183
f 910//910 1023//1023 1288//1286
f 1043//1043 1105//1105 1363//1361
f 979//979 1265//1263 1231//1230
f 1209//1208 1263//1261 1152//1152
f 1169//1168 1264//1262 1252//1250
f 1237//1235 1239//1237 1242//1240
f 1230//1229 1253//1251 1208//1207
f 1196//1195 1252//1250 1251//1249
f 1229//1228 1243//1241 1254//1252
f 1208//1207 1253//1251 1267//1265
f 1229//1228 1254//1252 1268//1266
f 1230//1229 1241//1239 1256//1254
f 1177//1176 1238//1236 1275//1273
f 1101//1101 1215//1214 1224//1223
f 1212//1211 1225//1224 1271//1269
f 1216//1215 1156//1156 1194//1193
f 1137//1137 1128//1128 1240//1238
f 1195//1194 1269//1267 1214//1213
f 1195//1194 1257//1255 1269//1267
f 1177//1176 1275//1273 1244//1242
f 1230//1229 1266//1264 1253//1251
f 1123//1123 672//672 1198//1197
f 799//799 1007//1007 1248//1246
f 1147//1147 988//988 1247//1245
f 225//225 1575//1572 623//623
f 683//683 1277//1275 1250//1248
f 540//540 705//705 1291//1289
f 705//705 399//399 1684//1679
f 366//366 1122//1122 1289//1287
f 1236//1234 1208//1207 1267//1265
f 1230//1229 1256//1254 1266//1264
f 1229//1228 1268//1266 1239//1237
f 1228//1227 1254//1252 1243//1241
f 1268//1266 1274//1272 1280//1278
f 1128//1128 1283//1281 1240//1238
f 1255//1253 1214//1213 1299//1297
f 1239//1237 1273//1271 1242//1240
f 1216//1215 1194//1193 1245//1243
f 1268//1266 1254//1252 1274//1272
f 1082//1082 1240//1238 1279//1277
f 1193//1192 1226//1225 1281//1279
f 1238//1236 1213//1212 1285//1283
f 1269//1267 1257//1255 1286//1284
f 1225//1224 1278//1276 1271//1269
f 1225//1224 1288//1286 1278//1276
f 1242//1240 1273//1271 1241//1239
f 1239//1237 1268//1266 1270//1268
f 1239//1237 1270//1268 1273//1271
f 1128//1128 1178//1177 1283//1281
f 988//988 1102//1102 1247//1245
f 513//513 1093//1093 1148//1148
f 682//682 581//581 1292//1290
f 1023//1023 682//682 1292//1290
f 65//65 590//590 1293//1291
f 1078//1078 1392//1390 1058//1058
f 1268//1266 1280//1278 1270//1268
f 1241//1239 1282//1280 1256//1254
f 1214//1213 1269//1267 1295//1293
f 1282//1280 1304//1302 1256//1254
f 1213//1212 1245//1243 1285//1283
f 1139//1139 1193//1192 1300//1298
f 1212//1211 1271//1269 1226//1225
f 1273//1271 1287//1285 1241//1239
f 1217//1216 1227//1226 1296//1294
f 1214//1213 1295//1293 1299//1297
f 1217//1216 1296//1294 1258//1256
f 1241//1239 1287//1285 1282//1280
f 1139//1139 1300//1298 1194//1193
f 1221//1220 954//954 1307//1305
f 1073//1073 1231//1230 976//976
f 1073//1073 976//976 486//486
f 954//954 1076//1076 1307//1305
f 769//769 1182//1181 995//995
f 1256//1254 1304//1302 1266//1264
f 1276//1274 742//742 1222//1221
f 198//198 1098//1098 1234//198
f 487//487 1145//1145 1294//1292
f 1145//1145 956//956 1294//1292
f 1209//1208 1236//1234 1322//1320
f 1228//1227 1251//1249 1323//1321
f 1236//1234 1267//1265 1322//1320
f 1254//1252 1228//1227 1323//1321
f 1280//1278 1284//1282 1270//1268
f 1273//1271 1270//1268 1297//1295
f 1273//1271 1297//1295 1287//1285
f 1280//1278 1274//1272 1284//1282
f 1287//1285 1302//1300 1282//1280
f 1297//1295 1302//1300 1287//1285
f 1297//1295 1270//1268 1303//1301
f 1215//1214 1255//1253 1224//1223
f 1224//1223 1298//1296 1178//1177
f 1194//1193 1309//1307 1245//1243
f 1269//1267 1306//1304 1295//1293
f 1238//1236 1305//1303 1275//1273
f 1270//1268 1284//1282 1303//1301
f 1269//1267 1286//1284 1306//1304
f 1278//1276 1288//1286 1329//1327
f 1178//1177 1298//1296 1283//1281
f 1257//1255 540//540 1286//1284
f 843//843 1123//1123 1387//1385
f 378//378 1308//1306 839//839
f 621//621 742//742 1276//1274
f 1262//1260 396//396 527//527
f 378//378 871//871 1308//1306
f 886//886 1317//1315 802//802
f 685//685 1319//1317 930//930
f 1254//1252 1324//1322 1274//1272
f 1266//1264 1403//1401 1253//1251
f 1274//1272 1324//1322 1284//1282
f 1266//1264 1304//1302 1353//1351
f 1272//1270 1325//1323 1227//1226
f 1193//1192 1281//1279 1301//1299
f 1227//1226 1315//1313 1296//1294
f 1193//1192 1301//1299 1300//1298
f 1306//1304 1313//1311 1295//1293
f 1278//1276 1326//1324 1271//1269
f 1282//1280 1353//1351 1304//1302
f 1306//1304 1286//1284 1313//1311
f 1275//1273 1305//1303 1310//1308
f 1296//1294 1344//1342 1258//1256
f 1278//1276 1314//1312 1326//1324
f 1240//1238 1283//1281 1327//1325
f 1296//1294 1315//1313 1312//1310
f 1296//1294 1312//1310 1344//1342
f 1238//1236 1285//1283 1305//1303
f 904//904 1053//1053 1334//1332
f 1278//1276 1329//1327 1314//1312
f 1291//1289 705//705 1684//1679
f 1146//1146 926//926 1163//1162
f 839//839 1308//1306 1333//1331
f 1234//198 1586//1098 197//197
f 1185//1184 1318//1316 1105//1105
f 1209//1208 1322//1320 1263//1261
f 808//808 1337//1335 992//992
f 1254//1252 1323//1321 1324//1322
f 1253//1251 1403//1401 1267//1265
f 1266//1264 1353//1351 1403//1401
f 1284//1282 1328//1326 1303//1301
f 1282//1280 1331//1329 1353//1351
f 1297//1295 1303//1301 1311//1309
f 1281//1279 1226//1225 1340//1338
f 1299//1297 1358//1356 1255//1253
f 1299//1297 1295//1293 1358//1356
f 1227//1226 1325//1323 1315//1313
f 1245//1243 1330//1328 1285//1283
f 1310//1308 1244//1242 1275//1273
f 1271//1269 1340//1338 1226//1225
f 1194//1193 1300//1298 1309//1307
f 1272//1270 1279//1277 1325//1323
f 1313//1311 1286//1284 1346//1344
f 1313//1311 1346//1344 1341//1339
f 1285//1283 1342//1340 1305//1303
f 1314//1312 1329//1327 1339//1337
f 1310//1308 1345//1343 1244//1242
f 1312//1310 1315//1313 1343//1341
f 1310//1308 1332//1330 1345//1343
f 1314//1312 1339//1337 1326//1324
f 1024//1024 801//801 1348//1346
f 1312//1310 1343//1341 1338//1336
f 390//390 522//522 1361//1359
f 1329//1327 1288//1286 1023//1023
f 1312//1310 1338//1336 1344//1342
f 880//880 1144//1144 1094//1094
f 886//886 1258//1256 1317//1315
f 1142//1142 1262//1260 1384//1382
f 703//703 1321//1319 1204//1203
f 571//571 1028//1028 913//913
f 1058//1058 1320//1318 1220//1219
f 1284//1282 1324//1322 1328//1326
f 1313//1311 1341//1339 1295//1293
f 1303//1301 1328//1326 1355//1353
f 1303//1301 1355//1353 1311//1309
f 1282//1280 1302//1300 1347//1345
f 1282//1280 1347//1345 1331//1329
f 1279//1277 1240//1238 1368//1366
f 1339//1337 1357//1355 1326//1324
f 1338//1336 1343//1341 1354//1352
f 1295//1293 1341//1339 1356//1354
f 1339//1337 1329//1327 1359//1357
f 1224//1223 1397//1395 1298//1296
f 1344//1342 1338//1336 1360//1358
f 1285//1283 1330//1328 1376//1374
f 1345//1343 1422//1420 1244//1242
f 1338//1336 1354//1352 1360//1358
f 1271//1269 1326//1324 1340//1338
f 1224//1223 1255//1253 1397//1395
f 1142//1142 1384//1382 1052//1052
f 1307//1305 1076//1076 1362//1360
f 1076//1076 1097//1097 1362//1360
f 1008//1008 868//868 1364//1362
f 1218//1217 1349//1347 820//820
f 797//797 1512//1510 1039//1039
f 1110//1110 1316//1314 1352//1350
f 621//621 1276//1274 1290//1288
f 1043//1043 1363//1361 1078//1078
f 642//642 1335//1333 1150//1150
f 1267//1265 1504//1502 1322//1320
f 1041//1041 1366//1364 1259//1257
f 1331//1329 1409//1407 1353//1351
f 1332//1330 1310//1308 1367//1365
f 1245//1243 1309//1307 1330//1328
f 1283//1281 1298//1296 1379//1377
f 1283//1281 1379//1377 1327//1325
f 1240//1238 1327//1325 1368//1366
f 1332//1330 1365//1363 1345//1343
f 1332//1330 1367//1365 1365//1363
f 1325//1323 1279//1277 1368//1366
f 1315//1313 1325//1323 1343//1341
f 1341//1339 1371//1369 1356//1354
f 1354//1352 1374//1372 1360//1358
f 1339//1337 1399//1397 1357//1355
f 1339//1337 1359//1357 1399//1397
f 390//390 1361//1359 1041//1041
f 1232//1231 1024//1024 1372//1370
f 801//801 735//735 1348//1346
f 1071//1071 819//819 1385//1383
f 930//930 1491//1489 1199//1198
f 932//932 1610//1606 1144//1144
f 1041//1041 1361//1359 1366//1364
f 1110//1110 1352//1350 1264//1262
f 1231//1230 1265//1263 1378//1376
f 1182//1181 1232//1231 1372//1370
f 1122//1122 1375//1373 1289//1287
f 1341//1339 1346//1344 1371//1369
f 1305//1303 1342//1340 1310//1308
f 1326//1324 1357//1355 1369//1367
f 1295//1293 1356//1354 1358//1356
f 1302//1300 1297//1295 1370//1368
f 1297//1295 1311//1309 1395//1393
f 1342//1340 1285//1283 1376//1374
f 1309//1307 1300//1298 1373//1371
f 1354//1352 1382//1380 1374//1372
f 1340//1338 1326//1324 1380//1378
f 1298//1296 1397//1395 1379//1377
f 1301//1299 1281//1279 1340//1338
f 1255//1253 1358//1356 1381//1379
f 1310//1308 1342//1340 1367//1365
f 1159//1159 1294//1292 1431//1429
f 1071//1071 1385//1383 462//462
f 1143//1143 843//843 1387//1385
f 819//819 913//913 1603//1599
f 197//197 1586//1098 1161//197
f 975//975 1509//1507 821//821
f 538//538 1596//1592 711//711
f 462//462 1385//1383 1394//1392
f 1122//1122 462//462 1375//1373
f 1166//1165 1393//1391 1222//1221
f 1255//1253 1381//1379 1397//1395
f 1326//1324 1369//1367 1380//1378
f 1354//1352 1343//1341 1382//1380
f 1311//1309 1355//1353 1395//1393
f 1309//1307 1373//1371 1330//1328
f 1302//1300 1370//1368 1396//1394
f 1297//1295 1395//1393 1370//1368
f 1357//1355 1399//1397 1369//1367
f 1343//1341 1325//1323 1383//1381
f 1358//1356 1356//1354 1426//1424
f 590//590 1025//1025 1401//1399
f 1024//1024 1348//1346 1472//1470
f 1361//1359 522//522 1400//1398
f 399//399 707//707 1407//1405
f 394//394 1555//1552 642//642
f 394//394 1336//1334 1555//1552
f 1185//1184 1152//1152 1388//1386
f 1166//1165 1150//1150 1393//1391
f 1403//1401 1568//1565 1267//1265
f 738//738 645//645 1404//1402
f 1286//1284 540//540 1390//1388
f 1183//1182 820//820 1406//1404
f 1263//1261 1388//1386 1152//1152
f 399//399 1407//1405 1684//1679
f 1302//1300 1396//1394 1347//1345
f 1301//1299 1413//1411 1300//1298
f 1368//1366 1327//1325 1412//1410
f 1300//1298 1413//1411 1373//1371
f 1331//1329 1408//1406 1409//1407
f 1340//1338 1380//1378 1414//1412
f 1347//1345 1408//1406 1331//1329
f 1356//1354 1371//1369 1398//1396
f 1376//1374 1330//1328 1411//1409
f 1327//1325 1379//1377 1412//1410
f 1345//1343 1365//1363 1417//1415
f 1340//1338 1413//1411 1301//1299
f 522//522 1199//1198 1400//1398
f 1094//1094 1578//1575 1011//1011
f 934//934 840//840 1520//1518
f 1125//1125 1026//1026 316//316
f 1141//1141 1419//1417 1316//1314
f 1052//1052 1418//1416 398//398
f 797//797 912//912 1512//1510
f 1141//1141 1184//1183 1433//1431
f 1181//1180 1423//1421 644//644
f 1294//1292 956//956 1446//1444
f 888//888 929//929 1389//1387
f 1382//1380 1343//1341 1383//1381
f 663//663 976//976 1391//1389
f 1286//1284 1390//1388 1346//1344
f 1383//1381 1325//1323 1415//1413
f 1368//1366 1412//1410 1415//1413
f 1373//1371 1410//1408 1330//1328
f 1356//1354 1398//1396 1426//1424
f 1368//1366 1415//1413 1325//1323
f 1367//1365 1342//1340 1416//1414
f 1367//1365 1416//1414 1365//1363
f 1382//1380 1498//1496 1374//1372
f 1369//1367 1399//1397 1479//1477
f 1380//1378 1369//1367 1425//1423
f 1340//1338 1414//1412 1413//1411
f 1358//1356 1426//1424 1381//1379
f 1603//1599 913//913 1437//1435
f 1330//1328 1410//1408 1411//1409
f 904//904 1334//1332 1429//1427
f 932//932 1202//1201 1610//1606
f 590//590 1401//1399 1293//1291
f 650//650 713//713 1056//1056
f 1079//1079 1147//1147 1548//1545
f 1025//1025 621//621 1290//1288
f 1252//1250 1264//1262 1421//1419
f 1363//1361 1105//1105 1434//1432
f 1053//1053 992//992 1334//1332
f 1353//1351 1474//1472 1403//1401
f 1233//1232 931//931 1464//1462
f 1058//1058 1432//1430 1320//1318
f 640//640 1430//1428 933//933
f 462//462 1394//1392 1375//1373
f 1323//1321 1251//1249 1405//1403
f 1426//1424 1398//1396 1428//1426
f 1124//1124 1233//1232 1464//1462
f 1342//1340 1427//1425 1416//1414
f 1373//1371 1413//1411 1410//1408
f 1380//1378 1425//1423 1424//1422
f 1380//1378 1424//1422 1414//1412
f 1369//1367 1479//1477 1425//1423
f 1395//1393 1355//1353 1438//1436
f 1382//1380 1442//1440 1498//1496
f 1416//1414 1427//1425 1440//1438
f 1342//1340 1376//1374 1427//1425
f 1381//1379 1441//1439 1397//1395
f 1415//1413 1412//1410 1439//1437
f 640//640 888//888 1389//1387
f 1197//1196 623//623 1539//1536
f 953//953 1008//1008 1444//1442
f 820//820 1445//1443 1406//1404
f 868//868 745//745 1450//1448
f 1335//1333 642//642 1451//1449
f 1099//1099 380//380 1564//1561
f 712//712 1449//1447 745//745
f 745//745 1449//1447 1450//1448
f 1267//1265 1568//1565 1504//1502
f 1379//1377 1457//1455 1412//1410
f 707//707 398//398 1454//1452
f 1382//1380 1383//1381 1442//1440
f 398//398 1418//1416 1454//1452
f 1397//1395 1441//1439 1379//1377
f 1479//1477 1399//1397 1453//1451
f 1381//1379 1426//1424 1441//1439
f 1370//1368 1395//1393 1438//1436
f 1412//1410 1457//1455 1439//1437
f 1376//1374 1411//1409 1427//1425
f 1416//1414 1440//1438 1458//1456
f 1416//1414 1458//1456 1365//1363
f 1428//1426 1398//1396 1443//1441
f 1415//1413 1455//1453 1383//1381
f 1441//1439 1457//1455 1379//1377
f 703//703 1261//1259 1321//1319
f 1372//1370 1460//1458 1182//1181
f 1264//1262 1352//1350 1421//1419
f 1078//1078 1363//1361 1392//1390
f 1360//1358 1502//1500 1344//1342
f 524//524 1099//1099 1480//1478
f 1359//1357 1329//1327 1452//1450
f 712//712 1250//1248 1449//1447
f 1262//1260 527//527 1465//1463
f 1203//1202 593//593 1663//1658
f 1374//1372 1498//1496 1530//1527
f 1392//1390 1432//1430 1058//1058
f 1265//1263 904//904 1429//1427
f 1438//1436 1355//1353 1542//1539
f 1398//1396 1371//1369 1443//1441
f 1383//1381 1455//1453 1442//1440
f 1428//1426 1443//1441 1456//1454
f 1415//1413 1439//1437 1455//1453
f 1347//1345 1459//1457 1408//1406
f 1426//1424 1428//1426 1441//1439
f 1347//1345 1396//1394 1459//1457
f 1441//1439 1428//1426 1456//1454
f 1411//1409 1410//1408 1467//1465
f 1414//1412 1470//1468 1413//1411
f 1372//1370 1024//1024 1472//1470
f 1144//1144 1610//1606 1435//1433
f 1539//1536 623//623 1501//1499
f 1008//1008 1364//1362 1444//1442
f 840//840 1201//1200 1520//1518
f 1365//1363 1458//1456 1417//1415
f 540//540 1291//1289 1618//1613
f 1164//1163 1475//1473 978//978
f 538//538 1259//1257 1596//1592
f 913//913 1028//1028 1437//1435
f 930//930 1319//1317 1508//1506
f 1455//1453 1468//1466 1442//1440
f 1424//1422 1425//1423 1469//1467
f 1427//1425 1411//1409 1467//1465
f 1414//1412 1424//1422 1470//1468
f 1413//1411 1470//1468 1410//1408
f 1410//1408 1470//1468 1467//1465
f 1440//1438 1471//1469 1458//1456
f 1440//1438 1427//1425 1471//1469
f 1442//1440 1468//1466 1498//1496
f 1425//1423 1479//1477 1469//1467
f 1424//1422 1469//1467 1477//1475
f 1424//1422 1477//1475 1470//1468
f 1457//1455 1476//1474 1439//1437
f 1441//1439 1456//1454 1478//1476
f 1372//1370 1472//1470 1460//1458
f 1097//1097 955//955 1494//1492
f 735//735 1183//1182 1348//1346
f 1385//1383 819//819 1603//1599
f 934//934 1481//1479 739//739
f 955//955 572//572 1482//1480
f 1163//1162 1260//1258 1483//1481
f 1161//197 1526//128 1026//1026
f 1548//1545 1433//1431 1184//1183
f 1409//1407 1523//1521 1353//1351
f 640//640 1389//1387 1430//1428
f 1355//1353 1328//1326 1542//1539
f 1251//1249 1252//1250 1405//1403
f 1378//1376 1265//1263 1448//1446
f 411//411 1484//1482 1218//1217
f 844//844 1197//1196 1486//1484
f 1265//1263 1429//1427 1448//1446
f 1439//1437 1476//1474 1455//1453
f 1471//1469 1427//1425 1467//1465
f 1457//1455 1441//1439 1476//1474
f 1370//1368 1438//1436 1489//1487
f 1469//1467 1479//1477 1488//1486
f 1477//1475 1469//1467 1488//1486
f 1456//1454 1443//1441 1478//1476
f 1455//1453 1476//1474 1468//1466
f 1396//1394 1497//1495 1540//1537
f 1441//1439 1478//1476 1476//1474
f 1471//1469 1490//1488 1458//1456
f 1468//1466 1476//1474 1478//1476
f 1097//1097 1494//1492 1362//1360
f 1596//1592 1259//1257 1600//1596
f 1258//1256 1344//1342 1317//1315
f 1056//1056 713//713 1500//1498
f 808//808 1246//1244 1337//1335
f 1162//1161 1220//1219 1493//1491
f 1318//1316 1434//1432 1105//1105
f 1348//1346 1183//1182 1492//1490
f 1052//1052 1384//1382 1418//1416
f 1471//1469 1467//1465 1477//1475
f 869//869 663//663 1513//1511
f 625//625 844//844 1486//1484
f 1249//1247 747//747 1495//1493
f 1470//1468 1477//1475 1467//1465
f 1396//1394 1370//1368 1497//1495
f 1477//1475 1488//1486 1490//1488
f 1477//1475 1490//1488 1471//1469
f 1459//1457 1496//1494 1408//1406
f 1396//1394 1540//1537 1459//1457
f 1468//1466 1478//1476 1498//1496
f 1478//1476 1499//1497 1498//1496
f 1478//1476 1443//1441 1499//1497
f 1329//1327 1023//1023 1452//1450
f 1141//1141 1510//1508 1419//1417
f 1289//1287 1487//1485 1261//1259
f 316//316 1402//1400 956//956
f 1328//1326 1463//1461 1542//1539
f 581//581 1485//1483 1292//1290
f 623//623 1575//1572 1501//1499
f 1148//1148 1505//1503 1149//1149
f 1438//1436 1585//1582 1489//1487
f 1438//1436 1542//1539 1585//1582
f 746//746 1057//1057 1503//1501
f 1164//1163 746//746 1466//1464
f 680//680 953//953 1521//1519
f 1183//1182 1406//1404 1492//1490
f 1370//1368 1489//1487 1506//1504
f 1497//1495 1370//1368 1506//1504
f 1221//1220 1307//1305 1507//1505
f 1307//1305 1362//1360 1507//1505
f 1057//1057 1149//1149 1503//1501
f 976//976 1231//1230 1556//1553
f 871//871 1204//1203 1516//1514
f 1040//1040 1597//1593 1246//1244
f 1294//1292 1446//1444 1431//1429
f 1328//1326 1324//1322 1462//1460
f 411//411 412//412 1484//1482
f 1141//1141 1433//1431 1510//1508
f 713//713 933//933 1571//1568
f 957//957 1515//1513 959//959
f 765//765 1030//1030 1518//1516
f 869//869 1513//1511 1377//1375
f 975//975 461//461 1511//1509
f 1409//1407 1408//1406 1517//1515
f 1289//1287 1375//1373 1519//1517
f 1030//1030 995//995 1518//1516
f 1316//1314 1419//1417 1352//1350
f 1491//1489 930//930 1508//1506
f 1328//1326 1462//1460 1589//1585
f 909//909 680//680 1521//1519
f 1479//1477 1453//1451 1488//1486
f 933//933 1430//1428 1571//1568
f 1503//1501 1149//1149 1559//1556
f 1028//1028 959//959 1514//1512
f 1149//1149 1505//1503 1559//1556
f 1366//1364 1522//1520 1259//1257
f 1459//1457 1540//1537 1496//1494
f 955//955 1482//1480 1494//1492
f 1375//1373 1394//1392 1519//1517
f 572//572 625//625 1527//1524
f 1148//1148 1093//1093 1505//1503
f 1473//1471 707//707 1532//1529
f 1344//1342 1502//1500 1317//1315
f 1200//1199 738//738 1697//1692
f 1349//1347 1445//1443 820//820
f 1249//1247 1525//1523 645//645
f 1446//1444 956//956 1431//1429
f 1276//1274 1222//1221 1531//1528
f 1450//1448 1529//1526 868//868
f 1323//1321 1405//1403 1447//1445
f 1324//1322 1436//1434 1462//1460
f 1040//1040 1039//1039 1597//1593
f 1144//1144 1435//1433 1094//1094
f 1185//1184 1388//1386 1318//1316
f 912//912 1528//1525 1512//1510
f 1252//1250 1421//1419 1405//1403
f 1323//1321 1447//1445 1324//1322
f 1360//1358 1374//1372 1530//1527
f 912//912 755//755 1528//1525
f 1028//1028 1514//1512 1437//1435
f 707//707 1454//1452 1532//1529
f 1399//1397 1359//1357 1453//1451
f 1222//1221 1393//1391 1531//1528
f 1164//1163 1466//1464 1475//1473
f 1497//1495 1506//1504 1533//1530
f 1460//1458 1534//1531 1182//1181
f 1386//1384 1537//1534 1351//1349
f 644//644 1650//1645 1093//1093
f 1147//1147 1247//1245 1591//1587
f 1366//1364 1361//1359 1522//1520
f 1493//1491 1010//1010 1162//1161
f 461//461 1480//1478 1511//1509
f 1202//1201 1143//1143 1536//1533
f 1199//1198 1491//1489 1400//1398
f 1263//1261 1322//1320 1728//1723
f 1146//1146 1163//1162 1547//1544
f 1259//1257 1522//1520 1600//1596
f 1346//1344 1390//1388 1538//1535
f 645//645 1525//1523 1404//1402
f 1385//1383 1603//1599 1561//1558
f 739//739 1481//1479 1055//1055
f 1197//1196 1539//1536 1486//1484
f 1384//1382 1541//1538 1418//1416
f 1384//1382 1262//1260 1541//1538
f 1460//1458 1472//1470 1534//1531
f 1007//1007 765//765 1543//1540
f 581//581 909//909 1485//1483
f 1308//1306 871//871 1516//1514
f 765//765 1518//1516 1543//1540
f 1350//1348 1515//1513 957//957
f 1444//1442 1364//1362 1529//1526
f 1402//1400 316//316 1549//1546
f 1351//1349 1537//1534 1461//1459
f 1409//1407 1517//1515 1523//1521
f 868//868 1529//1526 1364//1362
f 1393//1391 1150//1150 1545//1542
f 1386//1384 996//996 1544//1541
f 996//996 1221//1220 1544//1541
f 1540//1537 1497//1495 1553//1550
f 1497//1495 1533//1530 1553//1550
f 1231//1230 1378//1376 1550//1547
f 1231//1230 1550//1547 1556//1553
f 1143//1143 1546//1543 1536//1533
f 1221//1220 1507//1505 1552//1549
f 1219//1218 456//456 1813//1805
f 412//412 1096//1096 1729//1724
f 542//542 1038//1038 1606//1602
f 1378//1376 1448//1446 1550//1547
f 746//746 1503//1501 1466//1464
f 1506//1504 1489//1487 1533//1530
f 1540//1537 1573//1570 1496//1494
f 1494//1492 1558//1555 1362//1360
f 1494//1492 1482//1480 1558//1555
f 1451//1449 642//642 1555//1552
f 456//456 1159//1159 1813//1805
f 316//316 1026//1026 1549//1546
f 1353//1351 1523//1521 1474//1472
f 1010//1010 1691//1686 1080//1080
f 1447//1445 1436//1434 1324//1322
f 1391//1389 976//976 1556//1553
f 747//747 1124//1124 1495//1493
f 1504//1502 1630//1625 1322//1320
f 527//527 885//885 1465//1463
f 1525//1523 1249//1247 1495//1493
f 1289//1287 1519//1517 1487//1485
f 1150//1150 1335//1333 1545//1542
f 1553//1550 1533//1530 1554//1551
f 458//458 1569//1566 685//685
f 1385//1383 1561//1558 1394//1392
f 1262//1260 1565//1562 1541//1538
f 978//978 1475//1473 1581//1578
f 839//839 1333//1331 885//885
f 1499//1497 1443//1441 1570//1567
f 112//112 1563//1560 1160//1160
f 1220//1219 1562//1559 1493//1491
f 1181//1180 1244//1242 1423//1421
f 1728//1723 1322//1320 1630//1625
f 1406//1404 1445//1443 1492//1490
f 1163//1162 1483//1481 1572//1569
f 1489//1487 1585//1582 1533//1530
f 1260//1258 1080//1080 1420//1418
f 1541//1538 1565//1562 1418//1416
f 1123//1123 1198//1197 1680//1675
f 1534//1531 1472//1470 1567//1564
f 1523//1521 1517//1515 1707//1702
f 685//685 1569//1566 1319//1317
f 1540//1537 1553//1550 1560//1557
f 1560//1557 1573//1570 1540//1537
f 1422//1420 1345//1343 1579//1576
f 1159//1159 1431//1429 1577//1574
f 1565//1562 1262//1260 1551//1548
f 1547//1544 1566//1563 1146//1146
f 1123//1123 1680//1675 1524//1522
f 1102//1102 1011//1011 1590//1586
f 1147//1147 1591//1587 1548//1545
f 1201//1200 1146//1146 1566//1563
f 992//992 1584//1581 1334//1332
f 1102//1102 1590//1586 1247//1245
f 1403//1401 1474//1472 1611//1607
f 1547//1544 1163//1162 1572//1569
f 1630//1625 1504//1502 1580//1577
f 593//593 978//978 1581//1578
f 593//593 1581//1578 1663//1658
f 1516//1514 1204//1203 1592//1588
f 911//911 1582//1579 458//458
f 953//953 1583//1580 1521//1519
f 1429//1427 1334//1332 1584//1581
f 1553//1550 1554//1551 1574//1571
f 1443//1441 1371//1369 1570//1567
f 1200//1199 1697//1692 929//929
f 707//707 1473//1471 1407//1405
f 1336//1334 710//710 1555//1552
f 1244//1242 1422//1420 1579//1576
f 380//380 542//542 1557//1554
f 542//542 1606//1602 1557//1554
f 1263//1261 1728//1723 1388//1386
f 1349//1347 1218//1217 1484//1482
f 1430//1428 1588//1584 1571//1568
f 1472//1470 1348//1346 1567//1564
f 1328//1326 1589//1585 1463//1461
f 1124//1124 1464//1462 1607//1603
f 1349//1347 1484//1482 1445//1443
f 929//929 1697//1692 1747//1741
f 1418//1416 1565//1562 1595//1591
f 1345//1343 1417//1415 1579//1576
f 1011//1011 1578//1575 1590//1586
f 1533//1530 1599//1595 1554//1551
f 1220//1219 1320//1318 1562//1559
f 929//929 1747//1741 1389//1387
f 1408//1406 1496//1494 1517//1515
f 1039//1039 1512//1510 1597//1593
f 1321//1319 1576//1573 1592//1588
f 1321//1319 1592//1588 1204//1203
f 1250//1248 1277//1275 1593//1589
f 458//458 1582//1579 1569//1566
f 1448//1446 1429//1427 1653//1648
f 1321//1319 1261//1259 1576//1573
f 1007//1007 1543//1540 1604//1600
f 1565//1562 1551//1548 1595//1591
f 1533//1530 1585//1582 1599//1595
f 1362//1360 1558//1555 1598//1594
f 1010//1010 1493//1491 1691//1686
f 1553//1550 1594//1590 1560//1557
f 1567//1564 1348//1346 1602//1598
f 1534//1531 1567//1564 1601//1597
f 1560//1557 1594//1590 1573//1570
f 1387//1385 1123//1123 1524//1522
f 1262//1260 1465//1463 1551//1548
f 1430//1428 1389//1387 1588//1584
f 1417//1415 1458//1456 1641//1636
f 1507//1505 1362//1360 1598//1594
f 1038//1038 870//870 1606//1602
f 1182//1181 1534//1531 1601//1597
f 1458//1456 1490//1488 1641//1636
f 1056//1056 1500//1498 1752//1745
f 1363//1361 1749//1743 1392//1390
f 908//908 1056//1056 1752//1745
f 1554//1551 1599//1595 1628//1623
f 1386//1384 1544//1541 1537//1534
f 1553//1550 1574//1571 1594//1590
f 1421//1419 1352//1350 1535//1532
f 1496//1494 1631//1626 1517//1515
f 1234//198 1098//1098 1617//1098
f 1098//1098 821//821 1759//1752
f 1531//1528 1675//1670 1276//1274
f 1595//1591 1614//1610 1418//1416
f 1418//1416 1614//1610 1644//1639
f 1554//1551 1628//1623 1574//1571
f 644//644 1423//1421 1650//1645
f 1574//1571 1628//1623 1594//1590
f 1595//1591 1551//1548 1614//1610
f 1507//1505 1649//1644 1552//1549
f 1552//1549 1635//1630 1221//1220
f 1507//1505 1598//1594 1649//1644
f 1503//1501 1559//1556 1634//1629
f 1080//1080 1691//1686 1420//1418
f 1568//1565 1403//1401 1611//1607
f 1260//1258 1420//1418 1483//1481
f 1234//198 1617//1098 1586//1098
f 1513//1511 1620//1615 1377//1375
f 1431//1429 956//956 1613//1609
f 1244//1242 1579//1576 1841//1833
f 1246//1244 1616//1612 1337//1335
f 1573//1570 1612//1608 1496//1494
f 540//540 1618//1613 1390//1388
f 1573//1570 1594//1590 1621//1616
f 1444//1442 1529//1526 1692//1687
f 1093//1093 1605//1601 1505//1503
f 953//953 1444//1442 1583//1580
f 1539//1536 1501//1499 1622//1617
f 1749//1743 1363//1361 1625//1620
f 1585//1582 1542//1539 1609//1605
f 1485//1483 909//909 1626//1621
f 995//995 1182//1181 1640//1635
f 1429//1427 1623//1618 1653//1648
f 1317//1315 1615//1611 802//802
f 625//625 1486//1484 1527//1524
f 1573//1570 1621//1616 1612//1608
f 1594//1590 1628//1623 1621//1616
f 1558//1555 1632//1627 1598//1594
f 1641//1636 1490//1488 1624//1619
f 1445//1443 1629//1624 1652//1647
f 1246//1244 1597//1593 1616//1612
f 1201//1200 1566//1563 1587//1583
f 908//908 1627//1622 1198//1197
f 1405//1403 1421//1419 1659//1654
f 1539//1536 1622//1617 1486//1484
f 1431//1429 1613//1609 1577//1574
f 1492//1490 1445//1443 1619//1614
f 1496//1494 1612//1608 1631//1626
f 1464//1462 931//931 1636//1631
f 1593//1589 1277//1275 1205//1204
f 1348//1346 1639//1634 1602//1598
f 1429//1427 1584//1581 1623//1618
f 1444//1442 1692//1687 1583//1580
f 1182//1181 1601//1597 1640//1635
f 1550//1547 1448//1446 1648//1643
f 909//909 1521//1519 1626//1621
f 1400//1398 1491//1489 1774//1767
f 412//412 1729//1724 1484//1482
f 1596//1592 1646//1641 711//711
f 1490//1488 1633//1628 1624//1619
f 995//995 1640//1635 1518//1516
f 1392//1390 1749//1743 1432//1430
f 1488//1486 1633//1628 1490//1488
f 1418//1416 1644//1639 1454//1452
f 1503//1501 1634//1629 1466//1464
f 1492//1490 1619//1614 1668//1663
f 1621//1616 1637//1632 1612//1608
f 1550//1547 1648//1643 1556//1553
f 1648//1643 1448//1446 1653//1648
f 1436//1434 1447//1445 1773//1766
f 1552//1549 1649//1644 1635//1630
f 1377//1375 1620//1615 1643//1638
f 1584//1581 992//992 1674//1669
f 1548//1545 1591//1587 1665//1660
f 1591//1587 1247//1245 1741//1735
f 1055//1055 1638//1633 1205//1204
f 1692//1687 1529//1526 1651//1646
f 1445//1443 1484//1482 1629//1624
f 1317//1315 1502//1500 1615//1611
f 1588//1584 1389//1387 1647//1642
f 1447//1445 1405//1403 1645//1640
f 911//911 1160//1160 1582//1579
f 1445//1443 1652//1647 1619//1614
f 1023//1023 1292//1290 1711//1706
f 1522//1520 1654//1649 1600//1596
f 1361//1359 1656//1651 1522//1520
f 1389//1387 1747//1741 1647//1642
f 1346//1344 1658//1653 1371//1369
f 1346//1344 1538//1535 1658//1653
f 1546//1543 1143//1143 1387//1385
f 1576//1573 1261//1259 1661//1656
f 1348//1346 1492//1490 1639//1634
f 1601//1597 1567//1564 1657//1652
f 1202//1201 1693//1688 1610//1606
f 1161//197 1586//1098 1526//128
f 1488//1486 1453//1451 1633//1628
f 1291//1289 1684//1679 1618//1613
f 1538//1535 1390//1388 1669//1664
f 908//908 1752//1745 1627//1622
f 713//713 1571//1568 1500//1498
f 1124//1124 1607//1603 1686//1681
f 1513//1511 663//663 1662//1657
f 1640//1635 1601//1597 1657//1652
f 1221//1220 1635//1630 1544//1541
f 663//663 1391//1389 1662//1657
f 1464//1462 1636//1631 1607//1603
f 1621//1616 1628//1623 1664//1659
f 1612//1608 1637//1632 1655//1650
f 1599//1595 1664//1659 1628//1623
f 1124//1124 1686//1681 1495//1493
f 1631//1626 1612//1608 1670//1665
f 1447//1445 1645//1640 1773//1766
f 1614//1610 1666//1661 1644//1639
f 1026//1026 1526//128 1549//1546
f 1098//1098 1759//1752 1617//1098
f 1639//1634 1492//1490 1668//1663
f 1597//1593 1512//1510 1730//1039
f 992//992 1337//1335 1674//1669
f 1423//1421 1244//1242 1841//1833
f 1513//1511 1662//1657 1620//1615
f 1531//1528 1393//1391 1608//1604
f 1621//1616 1664//1659 1637//1632
f 1637//1632 1664//1659 1655//1650
f 1612//1608 1655//1650 1670//1665
f 1622//1617 1501//1499 1677//1672
f 1596//1592 1600//1596 1687//1682
f 1522//1520 1656//1651 1654//1649
f 1436//1434 1672//1667 1462//1460
f 1599//1595 1585//1582 1696//1691
f 1493//1491 1731//1725 1691//1686
f 1094//1094 1435//1433 1811//1803
f 1261//1259 1487//1485 1661//1656
f 1512//1510 1528//1525 1700//1695
f 1452//1450 1023//1023 1711//1706
f 1504//1502 1568//1565 1716//1711
f 1371//1369 1658//1653 1836//1828
f 1363//1361 1434//1432 1625//1620
f 1568//1565 1611//1607 1716//1711
f 1093//1093 1650//1645 1605//1601
f 1545//1542 1678//1673 1393//1391
f 1393//1391 1678//1673 1679//1674
f 1393//1391 1679//1674 1608//1604
f 1545//1542 1335//1333 1678//1673
f 1614//1610 1551//1548 1666//1661
f 1646//1641 1596//1592 1687//1682
f 1007//1007 1604//1600 1248//1246
f 1318//1316 1388//1386 1671//1666
f 975//975 1511//1509 1509//1507
f 1555//1552 710//710 1683//1678
f 1510//1508 1433//1431 1682//1677
f 1570//1567 1371//1369 1836//1828
f 1352//1350 1419//1417 1660//1655
f 1509//1507 1759//1752 821//821
f 710//710 1377//1375 1683//1678
f 1202//1201 1536//1533 1693//1688
f 1613//1609 956//956 1577//1574
f 1517//1515 1631//1626 1681//1676
f 1493//1491 1562//1559 1731//1725
f 1516//1514 1592//1588 1685//1680
f 1516//1514 1685//1680 1308//1306
f 1501//1499 1575//1572 1677//1672
f 1638//1633 1055//1055 1481//1479
f 1657//1652 1567//1564 1689//1684
f 1480//1478 1688//1683 1511//1509
f 1530//1527 1498//1496 1745//1739
f 1585//1582 1609//1605 1706//1701
f 1585//1582 1706//1701 1696//1691
f 1498//1496 1499//1497 1745//1739
f 1535//1532 1659//1654 1421//1419
f 1535//1532 1352//1350 1660//1655
f 1615//1611 1502//1500 1862//1854
f 1571//1568 1588//1584 1694//1689
f 711//711 1646//1641 1998//1989
f 1655//1650 1702//1697 1670//1665
f 1599//1595 1696//1691 1664//1659
f 1387//1385 1524//1522 1727//1722
f 1434//1432 1318//1316 1736//1730
f 1335//1333 1451//1449 1678//1673
f 1571//1568 1694//1689 1500//1498
f 1728//1723 1630//1625 1690//1685
f 1290//1288 1276//1274 1676//1671
f 1487//1485 1701//1696 1661//1656
f 1655//1650 1664//1659 1702//1697
f 1519//1517 1394//1392 1712//1707
f 1670//1665 1702//1697 1631//1626
f 1689//1684 1567//1564 1704//1699
f 1648//1643 1703//1698 1556//1553
f 1361//1359 1400//1398 1656//1651
f 1657//1652 1689//1684 1640//1635
f 1648//1643 1653//1648 1703//1698
f 1350//1348 1248//1246 1642//1637
f 1405//1403 1673//1668 1645//1640
f 1578//1575 1094//1094 1811//1803
f 1688//1683 1480//1478 1874//1866
f 1504//1502 1716//1711 1580//1577
f 1632//1627 1558//1555 1904//1896
f 1600//1596 1654//1649 1687//1682
f 1405//1403 1659//1654 1673//1668
f 1201//1200 1587//1583 1520//1518
f 1359//1357 1452//1450 1708//1703
f 1359//1357 1708//1703 1453//1451
f 1564//1561 380//380 1557//1554
f 1558//1555 1482//1480 1904//1896
f 1528//1525 1709//1704 1700//1695
f 1528//1525 755//755 1709//1704
f 1475//1473 1466//1464 1695//1690
f 1466//1464 1634//1629 1695//1690
f 1664//1659 1696//1691 1715//1710
f 1308//1306 1698//1693 1333//1331
f 1548//1545 1665//1660 1433//1431
f 1159//1159 1667//1662 1813//1805
f 931//931 802//802 1740//1734
f 1320//1318 1432//1430 1699//1694
f 1096//1096 711//711 1721//1716
f 1351//1349 1461//1459 1709//1704
f 1351//1349 1709//1704 755//755
f 1502//1500 1360//1358 1713//1708
f 1360//1358 1530//1527 1713//1708
f 1702//1697 1664//1659 1710//1705
f 1519//1517 1712//1707 1487//1485
f 1525//1523 1495//1493 1723//1718
f 1561//1558 1714//1709 1394//1392
f 1712//1707 1394//1392 1714//1709
f 1561//1558 1603//1599 1717//1712
f 1482//1480 572//572 1718//1713
f 1480//1478 1099//1099 1874//1866
f 1491//1489 1508//1506 1719//1714
f 1697//1692 738//738 1720//1715
f 738//738 1404//1402 1720//1715
f 1499//1497 1570//1567 1725//1720
f 1728//1723 1671//1666 1388//1386
f 1729//1724 1096//1096 1721//1716
f 572//572 1527//1524 1718//1713
f 1576//1573 1705//1700 1592//1588
f 1495//1493 1686//1681 1723//1718
f 1514//1512 959//959 1722//1717
f 1696//1691 1706//1701 1715//1710
f 1542//1539 1463//1461 1609//1605
f 1589//1585 1462//1460 1672//1667
f 1561//1558 1726//1721 1714//1709
f 1590//1586 1738//1732 1247//1245
f 1603//1599 1437//1435 1717//1712
f 1350//1348 1642//1637 1515//1513
f 1577//1574 956//956 1724//1719
f 931//931 1740//1734 1636//1631
f 1499//1497 1725//1720 1745//1739
f 1523//1521 1757//1750 1847//1839
f 1390//1388 1618//1613 1669//1664
f 1508//1506 1319//1317 1719//1714
f 1713//1708 1530//1527 1733//1727
f 1505//1503 1732//1726 1559//1556
f 1702//1697 1734//1728 1631//1626
f 1631//1626 1734//1728 1681//1676
f 1567//1564 1602//1598 1704//1699
f 1692//1687 1737//1731 1583//1580
f 1561//1558 1717//1712 1726//1721
f 1680//1675 1198//1197 1627//1622
f 1741//1735 1247//1245 1738//1732
f 1159//1159 1739//1733 1667//1662
f 885//885 1333//1331 2023//2014
f 1523//1521 1707//1702 1757//1750
f 1531//1528 1608//1604 1675//1670
f 1653//1648 1623//1618 1735//1729
f 1702//1697 1710//1705 1734//1728
f 1622//1617 1677//1672 1743//1737
f 1649//1644 1598//1594 1791//1783
f 1965//1956 1520//1518 1587//1583
f 1609//1605 1742//1736 1706//1701
f 1520//1518 1965//1956 934//934
f 1592//1588 1748//1742 1685//1680
f 1675//1670 1676//1671 1276//1274
f 1517//1515 1681//1676 1707//1702
f 1514//1512 1722//1717 1437//1435
f 1683//1678 1377//1375 1643//1638
f 1662//1657 1391//1389 1746//1740
f 1633//1628 1756//1749 1624//1619
f 1579//1576 1417//1415 1750//1744
f 1609//1605 1463//1461 1742//1736
f 1591//1587 1741//1735 1665//1660
f 1811//1803 1744//1738 1578//1575
f 1160//1160 1563//1560 1967//1958
f 885//885 1753//1746 1465//1463
f 1584//1581 1848//1840 1623//1618
f 1681//1676 1755//1748 1707//1702
f 1651//1646 1529//1526 1876//1868
f 1724//1719 956//956 1760//1753
f 1391//1389 1556//1553 1746//1740
f 1025//1025 1290//1288 1676//1671
f 1159//1159 1577//1574 1739//1733
f 1664//1659 1715//1710 1710//1705
f 1659//1654 1790//1782 1673//1668
f 1433//1431 1665//1660 1828//1820
f 1474//1472 1523//1521 1847//1839
f 1436//1434 1773//1766 1672//1667
f 1549//1546 1526//128 1751//128
f 1543//1540 1518//1516 1763//1756
f 1622//1617 1743//1737 1486//1484
f 1617//1098 1759//1752 1777//128
f 1578//1575 1744//1738 1590//1586
f 1551//1548 1465//1463 1797//1789
f 1629//1624 1484//1482 1762//1755
f 1635//1630 1761//1754 1544//1541
f 1681//1676 1734//1728 1755//1748
f 1633//1628 1764//1757 1756//1749
f 1745//1739 1725//1720 1767//1760
f 1725//1720 1766//1759 1767//1760
f 1725//1720 1765//1758 1766//1759
f 1624//1619 1756//1749 1779//1771
f 1656//1651 1400//1398 1774//1767
f 1703//1698 1772//1765 1556//1553
f 1698//1693 1308//1306 1775//1768
f 1588//1584 1647//1642 1917//1909
f 1419//1417 1510//1508 1660//1655
f 1530//1527 1745//1739 1758//1751
f 1570//1567 1782//1774 1725//1720
f 1515//1513 1642//1637 1754//1747
f 1592//1588 1705//1700 1748//1742
f 1453//1451 1708//1703 1633//1628
f 1491//1489 1719//1714 1774//1767
f 1692//1687 1651//1646 1737//1731
f 1630//1625 1580//1577 1690//1685
f 1653//1648 1776//1769 1703//1698
f 1778//1770 1099//1099 1564//1561
f 711//711 1998//1989 1721//1716
f 1641//1636 1624//1619 1780//1772
f 1619//1614 1652//1647 1668//1663
f 1745//1739 1767//1760 1781//1773
f 1633//1628 1784//1776 1764//1757
f 1725//1720 1782//1774 1765//1758
f 1624//1619 1779//1771 1780//1772
f 1756//1749 1764//1757 1768//1761
f 1706//1701 1831//1823 1715//1710
f 1706//1701 1742//1736 1831//1823
f 1766//1759 1765//1758 1769//1762
f 1768//1761 1770//1763 1756//1749
f 1769//1762 1765//1758 1771//1764
f 1755//1748 1783//1775 1707//1702
f 1755//1748 1734//1728 1710//1705
f 1769//1762 1767//1760 1766//1759
f 1649//1644 1791//1783 1635//1630
f 1576//1573 1661//1656 1705//1700
f 1742//1736 1463//1461 1810//1802
f 1625//1620 1434//1432 1736//1730
f 1562//1559 1320//1318 1875//1867
f 1320//1318 1699//1694 1875//1867
f 1417//1415 1641//1636 1798//1790
f 1449//1447 1250//1248 1793//1785
f 1529//1526 1450//1448 1876//1868
f 1530//1527 1758//1751 1733//1727
f 1756//1749 1770//1763 1779//1771
f 1675//1670 1608//1604 1794//1786
f 1755//1748 1710//1705 1783//1775
f 1768//1761 1785//1777 1770//1763
f 1768//1761 1764//1757 1786//1778
f 1764//1757 1784//1776 1789//1781
f 1769//1762 1771//1764 1788//1780
f 1765//1758 1782//1774 1771//1764
f 1769//1762 1795//1787 1767//1760
f 1779//1771 1770//1763 1796//1788
f 1768//1761 1786//1778 1785//1777
f 1666//1661 1551//1548 1797//1789
f 1764//1757 1789//1781 1786//1778
f 1717//1712 1437//1435 1800//1792
f 1635//1630 1791//1783 1761//1754
f 1671//1666 1736//1730 1318//1316
f 1584//1581 1674//1669 1848//1840
f 1308//1306 1685//1680 1775//1768
f 1762//1755 1484//1482 1729//1724
f 1772//1765 1703//1698 1776//1769
f 1634//1629 1559//1556 1817//1809
f 1776//1769 1653//1648 1735//1729
f 1417//1415 1798//1790 1750//1744
f 1559//1556 1732//1726 1817//1809
f 1758//1751 1745//1739 1803//1795
f 1769//1762 1788//1780 1795//1787
f 1641//1636 1780//1772 1802//1794
f 1745//1739 1781//1773 1803//1795
f 1771//1764 1782//1774 1792//1784
f 1767//1760 1795//1787 1781//1773
f 1770//1763 1785//1777 1787//1779
f 1770//1763 1787//1779 1796//1788
f 1707//1702 1783//1775 1805//1797
f 1707//1702 1805//1797 1757//1750
f 1715//1710 1801//1793 1710//1705
f 1633//1628 1708//1703 1821//1813
f 1724//1719 1812//1804 1577//1574
f 1724//1719 1760//1753 1812//1804
f 112//112 1219//1218 1813//1805
f 1535//1532 1881//1873 1659//1654
f 1538//1535 1669//1664 1658//1653
f 1728//1723 1914//1906 1671//1666
f 1582//1579 1160//1160 1967//1958
f 1746//1740 1556//1553 1814//1806
f 1647//1642 1747//1741 1815//1807
f 1798//1790 1641//1636 1802//1794
f 956//956 1402//1400 1760//1753
f 1525//1523 1723//1718 1829//1821
f 1679//1674 1678//1673 1819//1811
f 1633//1628 1821//1813 1823//1815
f 1487//1485 1712//1707 1701//1696
f 1678//1673 1451//1449 1819//1811
f 1633//1628 1823//1815 1784//1776
f 1785//1777 1804//1796 1787//1779
f 1779//1771 1802//1794 1780//1772
f 1796//1788 1787//1779 1809//1801
f 1781//1773 1795//1787 1820//1812
f 1715//1710 1831//1823 1801//1793
f 1779//1771 1796//1788 1802//1794
f 1788//1780 1771//1764 1806//1798
f 1788//1780 1808//1800 1795//1787
f 1782//1774 1807//1799 1792//1784
f 1788//1780 1806//1798 1808//1800
f 1781//1773 1820//1812 1803//1795
f 1474//1472 1847//1839 1611//1607
f 1450//1448 1449//1447 1876//1868
f 1645//1640 1673//1668 1790//1782
f 1502//1500 1713//1708 1862//1854
f 1917//1909 1647//1642 1815//1807
f 1730//1039 1512//1510 1838//1830
f 1512//1510 1700//1695 1838//1830
f 1679//1674 1830//1822 1608//1604
f 1608//1604 1830//1822 1794//1786
f 1782//1774 1570//1567 1832//1824
f 1782//1774 1832//1824 1807//1799
f 1784//1776 1823//1815 1789//1781
f 1785//1777 1786//1778 1825//1817
f 1789//1781 1826//1818 1786//1778
f 1808//1800 1816//1808 1795//1787
f 1795//1787 1816//1808 1820//1812
f 1787//1779 1822//1814 1809//1801
f 1796//1788 1809//1801 1824//1816
f 1785//1777 1825//1817 1804//1796
f 1771//1764 1792//1784 1835//1827
f 1789//1781 1827//1819 1826//1818
f 1771//1764 1835//1827 1806//1798
f 1786//1778 1826//1818 1825//1817
f 1783//1775 1710//1705 1844//1836
f 1570//1567 1836//1828 1832//1824
f 1711//1706 1837//1829 1452//1450
f 1569//1566 1839//1831 1319//1317
f 1874//1866 1099//1099 1778//1770
f 1728//1723 1690//1685 1914//1906
f 1433//1431 1828//1820 1682//1677
f 1483//1481 1420//1418 1842//1834
f 1620//1615 1843//1835 1643//1638
f 1615//1611 1862//1854 1818//1810
f 1292//1290 1485//1483 1711//1706
f 1758//1751 1803//1795 1733//1727
f 1783//1775 1844//1836 1805//1797
f 1807//1799 1832//1824 1834//1826
f 1820//1812 1816//1808 1833//1825
f 1807//1799 1835//1827 1792//1784
f 1789//1781 1823//1815 1827//1819
f 1804//1796 1822//1814 1787//1779
f 1802//1794 1796//1788 1824//1816
f 1672//1667 1773//1766 1860//1852
f 1461//1459 1537//1534 1846//1838
f 1605//1601 1732//1726 1505//1503
f 1590//1586 1744//1738 1738//1732
f 1586//1098 1964//1098 1526//128
f 1556//1553 1772//1765 1814//1806
f 870//870 1293//1291 1850//1842
f 1588//1584 1917//1909 1694//1689
f 1577//1574 1812//1804 1739//1733
f 1836//1828 1834//1826 1832//1824
f 1654//1649 1851//1843 1687//1682
f 1798//1790 1802//1794 1852//1844
f 1733//1727 1803//1795 1853//1845
f 1808//1800 1845//1837 1816//1808
f 1805//1797 1844//1836 1757//1750
f 1806//1798 1835//1827 1854//1846
f 1710//1705 1885//1877 1844//1836
f 1623//1618 1848//1840 1859//1851
f 1452//1450 1837//1829 1708//1703
f 1589//1585 1810//1802 1463//1461
f 1710//1705 1801//1793 1885//1877
f 1711//1706 1919//1911 1837//1829
f 1697//1692 1863//1855 1747//1741
f 1639//1634 1668//1663 1861//1853
f 1402//1400 1549//1546 1902//1894
f 870//870 1850//1842 1606//1602
f 1250//1248 1593//1589 1793//1785
f 802//802 1615//1611 2022//2013
f 1806//1798 1855//1847 1808//1800
f 1803//1795 1820//1812 1853//1845
f 1820//1812 1864//1856 1853//1845
f 1825//1817 1857//1849 1804//1796
f 1820//1812 1833//1825 1864//1856
f 1835//1827 1807//1799 1858//1850
f 1807//1799 1834//1826 1858//1850
f 1802//1794 1867//1859 1852//1844
f 1822//1814 1804//1796 1866//1858
f 1826//1818 1827//1819 1865//1857
f 1825//1817 1826//1818 1897//1889
f 1772//1765 1872//1864 1814//1806
f 1750//1744 1798//1790 1852//1844
f 1811//1803 1435//1433 1849//1841
f 1666//1661 1797//1789 1873//1865
f 1387//1385 1727//1722 1546//1543
f 1515//1513 1754//1747 959//959
f 1759//1752 1509//1507 1511//1509
f 1597//1593 1730//1039 1840//1832
f 1615//1611 1818//1810 1889//1881
f 1701//1696 1712//1707 1878//1870
f 1537//1534 1544//1541 1846//1838
f 1808//1800 1855//1847 1845//1837
f 1823//1815 1821//1813 1827//1819
f 1816//1808 1845//1837 1868//1860
f 1824//1816 1809//1801 1870//1862
f 1833//1825 1816//1808 1868//1860
f 1825//1817 1897//1889 1871//1863
f 1827//1819 1856//1848 1865//1857
f 1827//1819 1821//1813 1856//1848
f 1825//1817 1871//1863 1857//1849
f 1802//1794 1824//1816 1867//1859
f 1804//1796 1857//1849 1866//1858
f 1666//1661 1873//1865 1644//1639
f 1589//1585 1672//1667 1810//1802
f 1731//1725 1916//1908 1691//1686
f 1737//1731 1651//1646 1876//1868
f 1333//1331 1698//1693 2023//2014
f 1623//1618 1859//1851 1735//1729
f 1615//1611 1889//1881 2022//2013
f 1809//1801 1822//1814 1882//1874
f 1668//1663 1652//1647 1880//1872
f 1712//1707 1714//1709 1878//1870
f 1844//1836 1883//1875 1757//1750
f 1733//1727 1853//1845 1713//1708
f 1806//1798 1894//1886 1855//1847
f 1826//1818 1865//1857 1897//1889
f 1835//1827 1869//1861 1854//1846
f 1809//1801 1882//1874 1870//1862
f 1864//1856 1833//1825 1879//1871
f 1833//1825 1868//1860 1879//1871
f 1742//1736 1810//1802 1831//1823
f 1885//1877 1801//1793 1886//1878
f 1834//1826 1884//1876 1858//1850
f 1638//1633 1481//1479 1977//1968
f 1757//1750 1883//1875 1847//1839
f 1704//1699 1943//1935 1689//1684
f 1835//1827 1858//1850 1869//1861
f 1535//1532 1660//1655 1881//1873
f 1689//1684 1887//1879 1640//1635
f 1689//1684 1943//1935 1887//1879
f 1482//1480 1718//1713 1877//1869
f 1562//1559 1875//1867 1731//1725
f 1677//1672 1575//1572 1905//1897
f 1420//1418 1691//1686 1842//1834
f 1435//1433 1610//1606 1849//1841
f 1293//1291 1401//1399 1888//1880
f 1686//1681 1890//1882 1723//1718
f 1772//1765 1776//1769 1872//1864
f 1684//1679 1407//1405 1980//1971
f 1686//1681 1607//1603 1636//1631
f 1686//1681 1636//1631 1890//1882
f 1735//1729 1859//1851 1776//1769
f 1841//1833 1579//1576 1750//1744
f 1658//1653 1669//1664 1836//1828
f 1844//1836 1885//1877 1883//1875
f 1834//1826 1836//1828 1884//1876
f 1862//1854 1893//1885 1818//1810
f 1801//1793 1831//1823 1886//1878
f 1708//1703 1856//1848 1821//1813
f 1708//1703 1837//1829 1856//1848
f 1862//1854 1713//1708 1893//1885
f 1853//1845 1864//1856 1893//1885
f 1852//1844 1867//1859 1750//1744
f 1822//1814 1866//1858 1882//1874
f 1867//1859 1824//1816 1892//1884
f 1853//1845 1893//1885 1713//1708
f 1806//1798 1854//1846 1894//1886
f 1868//1860 1845//1837 1895//1887
f 1824//1816 1870//1862 1892//1884
f 1611//1607 1847//1839 1899//1891
f 1672//1667 1860//1852 1810//1802
f 1632//1627 1904//1896 1598//1594
f 1716//1711 1611//1607 1900//1892
f 1736//1730 1901//1893 1625//1620
f 1461//1459 1846//1838 1945//1937
f 1726//1721 1903//1895 1714//1709
f 1654//1649 1656//1651 1851//1843
f 1693//1688 2217//2208 1610//1606
f 1760//1753 1402//1400 1902//1894
f 1778//1770 1564//1561 2204//2195
f 1423//1421 1841//1833 1891//1883
f 1437//1435 1722//1717 1800//1792
f 1626//1621 1521//1519 1906//1898
f 1486//1484 1907//1899 1527//1524
f 1521//1519 1583//1580 1906//1898
f 1620//1615 1662//1657 1843//1835
f 1679//1674 2144//2135 1830//1822
f 1679//1674 1819//1811 2144//2135
f 1837//1829 1910//1902 1908//1900
f 1669//1664 1920//1912 1909//1901
f 1831//1823 1810//1802 1896//1888
f 1841//1833 1750//1744 1867//1859
f 1837//1829 1908//1900 1856//1848
f 1669//1664 1884//1876 1836//1828
f 1669//1664 1909//1901 1884//1876
f 1884//1876 1909//1901 1858//1850
f 1865//1857 1856//1848 1908//1900
f 1869//1861 1858//1850 1911//1903
f 1897//1889 1865//1857 1912//1904
f 1611//1607 1899//1891 1900//1892
f 1401//1399 1025//1025 1888//1880
f 1773//1766 1645//1640 1928//1920
f 1602//1598 1639//1634 1704//1699
f 1580//1577 1716//1711 1913//1905
f 1716//1711 1900//1892 1918//1910
f 1518//1516 1640//1635 2484//2475
f 1660//1655 1510//1508 2104//2095
f 1642//1637 1248//1246 1915//1907
f 1566//1563 1547//1544 2156//2147
f 1248//1246 1604//1600 1915//1907
f 1661//1656 1701//1696 2015//2006
f 1848//1840 1674//1669 1932//1924
f 2011//2002 1634//1629 1817//1809
f 1485//1483 1626//1621 2374//2365
f 1668//1663 1880//1872 1861//1853
f 1883//1875 1885//1877 1922//1914
f 1831//1823 1896//1888 1886//1878
f 1841//1833 1867//1859 1927//1919
f 1837//1829 1919//1911 1910//1902
f 1818//1810 1893//1885 1921//1913
f 1882//1874 1937//1929 1870//1862
f 1854//1846 1869//1861 1950//1942
f 1867//1859 1892//1884 1927//1919
f 1845//1837 1855//1847 1895//1887
f 1854//1846 1923//1915 1894//1886
f 1858//1850 1909//1901 1920//1912
f 1864//1856 1879//1871 1921//1913
f 1864//1856 1921//1913 1893//1885
f 1866//1858 1925//1917 1882//1874
f 1865//1857 1908//1900 1910//1902
f 1847//1839 1883//1875 1922//1914
f 1847//1839 1926//1918 1899//1891
f 1868//1860 1895//1887 1898//1890
f 1810//1802 1860//1852 1924//1916
f 1716//1711 1918//1910 1913//1905
f 1773//1766 1928//1920 1860//1852
f 1690//1685 1580//1577 1913//1905
f 1486//1484 1743//1737 1907//1899
f 1659//1654 1881//1873 1790//1782
f 1510//1508 1682//1677 2104//2095
f 1644//1639 1873//1865 1929//1921
f 1854//1846 1950//1942 1923//1915
f 1583//1580 1737//1731 1906//1898
f 1749//1743 1625//1620 1901//1893
f 1644//1639 1929//1921 1454//1452
f 1626//1621 1906//1898 1944//1936
f 1791//1783 1598//1594 2001//1992
f 1812//1804 1760//1753 1739//1733
f 1587//1583 1799//1791 1965//1956
f 1482//1480 1877//1869 1904//1896
f 1871//1863 1953//1945 1857//1849
f 1857//1849 1936//1928 1934//1926
f 1866//1858 1857//1849 1934//1926
f 1866//1858 1934//1926 1925//1917
f 1865//1857 1933//1925 1912//1904
f 1858//1850 1920//1912 1911//1903
f 1879//1871 1868//1860 1898//1890
f 1810//1802 1924//1916 1896//1888
f 1847//1839 1922//1914 1926//1918
f 1865//1857 1910//1902 1933//1925
f 1899//1891 1941//1933 1900//1892
f 1626//1621 1944//1936 2374//2365
f 1597//1593 1840//1832 1616//1612
f 1432//1430 1749//1743 1699//1694
f 1564//1561 1557//1554 2204//2195
f 1461//1459 1945//1937 1709//1704
f 1640//1635 1887//1879 1931//1923
f 959//959 1754//1747 1946//1938
f 959//959 1946//1938 1722//1717
f 1818//1810 1949//1941 1889//1881
f 1818//1810 1921//1913 1949//1941
f 1841//1833 1927//1919 1891//1883
f 1922//1914 1885//1877 1939//1931
f 1896//1888 1935//1927 1886//1878
f 1926//1918 1922//1914 1939//1931
f 1855//1847 1942//1934 1952//1944
f 1885//1877 1886//1878 1938//1930
f 1871//1863 1897//1889 1953//1945
f 1894//1886 1942//1934 1855//1847
f 1885//1877 1938//1930 1939//1931
f 1860//1852 1947//1939 1924//1916
f 1886//1878 1935//1927 1938//1930
f 1855//1847 1952//1944 1895//1887
f 1924//1916 1947//1939 1896//1888
f 1899//1891 1926//1918 1941//1933
f 1896//1888 1947//1939 1935//1927
f 1860//1852 1928//1920 1955//1947
f 1926//1918 1939//1931 1954//1946
f 1928//1920 1645//1640 1951//1943
f 1926//1918 1954//1946 1941//1933
f 1690//1685 1913//1905 1958//1950
f 1736//1730 1930//1922 1901//1893
f 1598//1594 1904//1896 1962//1954
f 1629//1624 1762//1755 1959//1951
f 1629//1624 1959//1951 1652//1647
f 1656//1651 1960//1952 1851//1843
f 1652//1647 1959//1951 1961//1953
f 1481//1479 934//934 1963//1955
f 1652//1647 1961//1953 1880//1872
f 1754//1747 1642//1637 2394//2385
f 1640//1635 1931//1923 2484//2475
f 934//934 1965//1956 1963//1955
f 1511//1509 1688//1683 1968//1959
f 1731//1725 1875//1867 1916//1908
f 2015//2006 1701//1696 1966//1957
f 1663//1658 1581//1578 2331//2322
f 1525//1523 1829//1821 1404//1402
f 1475//1473 1695//1690 2397//2388
f 1879//1871 1898//1890 1948//1940
f 1891//1883 1927//1919 1969//1960
f 1919//1911 1933//1925 1910//1902
f 1860//1852 1955//1947 1947//1939
f 1857//1849 1953//1945 1936//1928
f 1923//1915 1942//1934 1894//1886
f 1921//1913 1879//1871 1949//1941
f 1869//1861 1940//1932 1950//1942
f 1895//1887 1970//1961 1898//1890
f 1882//1874 1925//1917 1937//1929
f 1870//1862 1937//1929 1957//1949
f 1892//1884 1870//1862 1957//1949
f 1869//1861 1911//1903 1940//1932
f 1918//1910 1900//1892 1971//1962
f 1935//1927 1947//1939 1956//1948
f 1939//1931 1938//1930 1972//1963
f 1918//1910 1974//1965 1913//1905
f 1938//1930 1935//1927 1972//1963
f 1645//1640 1790//1782 1951//1943
f 1881//1873 2083//2074 1790//1782
f 1872//1864 1976//1967 1814//1806
f 1690//1685 1958//1950 1914//1906
f 1705//1700 1979//1970 1748//1742
f 1962//1954 1904//1896 1986//1977
f 1618//1613 1684//1679 1980//1971
f 112//112 1813//1805 1982//1973
f 112//112 1982//1973 1563//1560
f 1547//1544 1572//1569 2107//2098
f 1905//1897 1575//1572 1981//1972
f 1743//1737 1677//1672 1983//1974
f 1575//1572 977//977 1981//1972
f 1663//1658 2331//2322 1203//1202
f 1743//1737 1983//1974 1907//1899
f 1955//1947 1988//1979 1947//1939
f 1518//1516 2484//2475 1763//1756
f 1695//1690 1634//1629 1985//1976
f 1776//1769 1859//1851 2044//2035
f 1904//1896 1877//1869 1986//1977
f 1947//1939 1988//1979 1956//1948
f 1941//1933 1971//1962 1900//1892
f 1939//1931 1972//1963 1954//1946
f 1941//1933 1954//1946 1971//1962
f 1919//1911 1989//1980 1933//1925
f 1920//1912 1669//1664 1911//1903
f 1935//1927 1956//1948 1972//1963
f 1892//1884 1969//1960 1927//1919
f 1911//1903 1978//1969 1940//1932
f 1897//1889 1912//1904 2028//2019
f 1937//1929 1925//1917 1987//1978
f 1937//1929 1987//1978 1957//1949
f 1879//1871 1948//1940 1949//1941
f 1933//1925 1989//1980 1912//1904
f 1918//1910 1971//1962 1974//1965
f 1954//1946 1972//1963 1975//1966
f 1913//1905 1992//1983 1973//1964
f 1790//1782 1994//1985 1951//1943
f 1958//1950 1913//1905 1993//1984
f 1790//1782 2083//2074 2008//1999
f 1971//1962 1954//1946 1991//1982
f 1791//1783 2001//1992 1761//1754
f 2001//1992 1598//1594 1962//1954
f 1761//1754 2001//1992 1984//1975
f 1849//1841 1610//1606 2217//2208
f 1481//1479 1963//1955 1977//1968
f 1693//1688 1536//1533 1546//1543
f 2156//2147 1547//1544 2107//2098
f 1776//1769 2044//2035 1872//1864
f 1557//1554 1606//1602 1999//1990
f 1581//1578 1475//1473 2397//2388
f 1203//1202 2002//1993 977//977
f 1569//1566 1582//1579 1839//1831
f 1975//1966 1972//1963 1956//1948
f 1971//1962 1991//1982 1974//1965
f 1991//1982 1954//1946 1975//1966
f 1950//1942 1990//1981 1923//1915
f 1934//1926 2004//1995 1925//1917
f 1942//1934 1923//1915 1990//1981
f 1892//1884 1957//1949 1969//1960
f 1953//1945 1897//1889 2028//2019
f 1955//1947 1928//1920 1988//1979
f 1949//1941 1948//1940 2003//1994
f 1913//1905 1973//1964 1993//1984
f 1895//1887 1952//1944 1970//1961
f 1913//1905 1974//1965 1992//1983
f 1928//1920 2005//1996 1988//1979
f 1974//1965 1991//1982 1992//1983
f 1988//1979 1996//1987 1956//1948
f 1790//1782 2008//1999 1994//1985
f 1914//1906 2009//2000 1995//1986
f 1914//1906 1997//1988 1671//1666
f 1873//1865 1797//1789 2013//2004
f 1736//1730 1671//1666 1930//1922
f 1451//1449 1555//1552 2072//2063
f 1811//1803 1849//1841 1744//1738
f 1747//1741 2464//2455 1815//1807
f 1850//1842 1293//1291 1888//1880
f 1976//1967 1872//1864 2044//2035
f 1878//1870 2014//2005 1701//1696
f 1634//1629 2011//2002 1985//1976
f 1931//1923 1887//1879 2012//2003
f 1887//1879 1943//1935 2012//2003
f 1889//1881 1949//1941 2003//1994
f 1669//1664 1978//1969 1911//1903
f 1951//1943 2005//1996 1928//1920
f 1912//1904 1989//1980 2016//2007
f 1988//1979 2005//1996 1996//1987
f 1956//1948 1996//1987 1975//1966
f 1925//1917 2004//1995 1987//1978
f 1991//1982 2006//1997 1992//1983
f 1973//1964 2017//2008 1993//1984
f 1991//1982 1975//1966 2006//1997
f 1996//1987 2005//1996 2007//1998
f 1914//1906 1958//1950 2018//2009
f 1914//1906 2018//2009 2009//2000
f 1914//1906 1995//1986 1997//1988
f 1992//1983 2006//1997 2017//2008
f 1881//1873 1660//1655 2010//2001
f 1646//1641 1687//1682 1998//1989
f 1752//1745 1500//1498 2289//2280
f 1726//1721 1717//1712 1903//1895
f 1699//1694 1749//1743 2188//2179
f 1642//1637 1915//1907 2021//2012
f 1753//1746 885//885 2023//2014
f 1587//1583 1566//1563 1799//1791
f 1687//1682 1851//1843 2045//2036
f 977//977 2002//1993 1981//1972
f 1701//1696 2014//2005 1966//1957
f 1992//1983 2017//2008 1973//1964
f 1669//1664 2213//2204 1978//1969
f 1942//1934 2070//2061 1952//1944
f 1951//1943 1994//1985 2005//1996
f 1969//1960 1957//1949 2030//2021
f 1950//1942 2026//2017 1990//1981
f 1975//1966 1996//1987 2006//1997
f 1898//1890 1970//1961 2025//2016
f 2006//1997 1996//1987 2019//2010
f 1958//1950 1993//1984 2031//2022
f 2017//2008 2006//1997 2020//2011
f 1994//1985 2027//2018 2005//1996
f 1881//1873 2010//2001 2083//2074
f 1704//1699 1639//1634 2042//2033
f 1998//1989 1687//1682 2045//2036
f 1711//1706 2075//2066 1919//1911
f 1656//1651 1774//1767 1960//1952
f 1848//1840 1932//1924 2264//2255
f 1993//1984 2017//2008 2031//2022
f 2397//2388 1695//1690 1985//1976
f 1878//1870 1714//1709 2014//2005
f 1996//1987 2024//2015 2019//2010
f 2007//1998 2024//2015 1996//1987
f 1936//1928 1953//1945 2109//2100
f 1989//1980 1919//1911 2016//2007
f 1950//1942 1940//1932 2026//2017
f 1936//1928 2130//2121 1934//1926
f 1898//1890 2025//2016 1948//1940
f 2006//1997 2019//2010 2020//2011
f 2028//2019 1912//1904 2029//2020
f 1912//1904 2016//2007 2029//2020
f 2007//1998 2005//1996 2024//2015
f 2005//1996 2027//2018 2024//2015
f 1970//1961 1952//1944 2048//2039
f 2017//2008 2020//2011 2031//2022
f 1994//1985 2008//1999 2027//2018
f 2035//2026 2032//2023 2033//2024
f 2032//2023 2035//2026 2034//2025
f 2036//2027 2035//2026 2033//2024
f 1958//1950 2031//2022 2018//2009
f 2035//2026 2036//2027 2068//2059
f 2032//2023 2034//2025 2037//2028
f 2034//2025 2035//2026 2049//2040
f 2034//2025 2038//2029 2037//2028
f 2035//2026 2068//2059 2065//2056
f 2037//2028 2047//2038 2032//2023
f 2033//2024 2032//2023 2040//2031
f 2036//2027 2040//2031 2060//2051
f 2033//2024 2040//2031 2036//2027
f 2035//2026 2065//2056 2049//2040
f 2032//2023 2056//2047 2058//2049
f 2032//2023 2058//2049 2040//2031
f 2034//2025 2049//2040 2038//2029
f 1660//1655 2104//2095 2010//2001
f 1671//1666 1997//1988 2041//2032
f 2104//2095 1682//1677 2092//2083
f 1671//1666 2041//2032 1930//1922
f 2031//2022 2051//2042 2018//2009
f 1680//1675 2215//2206 1524//1522
f 1473//1471 2110//2101 1407//1405
f 1842//1834 2372//2363 1483//1481
f 2019//2010 2046//2037 2020//2011
f 1705//1700 1661//1656 2015//2006
f 1705//1700 2015//2006 1979//1970
f 1572//1569 1483//1481 2372//2363
f 2032//2023 2047//2038 2062//2053
f 1676//1671 2132//2123 2106//2097
f 1616//1612 2307//2298 1337//1335
f 1685//1680 1748//1742 2078//2069
f 1675//1670 2132//2123 1676//1671
f 1451//1449 2072//2063 1819//1811
f 1691//1686 1916//1908 1842//1834
f 1739//1733 1760//1753 2073//2064
f 2037//2028 2050//2041 2047//2038
f 2032//2023 2062//2053 2056//2047
f 1761//1754 1984//1975 1544//1541
f 2036//2027 2064//2055 2068//2059
f 1942//1934 1990//1981 2097//2088
f 2036//2027 2060//2051 2064//2055
f 2038//2029 2049//2040 2084//2075
f 2070//2061 2080//2071 1952//1944
f 2025//2016 1970//1961 2048//2039
f 1957//1949 1987//1978 2081//2072
f 1953//1945 2028//2019 2109//2100
f 1940//1932 1978//1969 2026//2017
f 2037//2028 2038//2029 2063//2054
f 2037//2028 2054//2045 2050//2041
f 2054//2045 2053//2044 2050//2041
f 2037//2028 2063//2054 2054//2045
f 2038//2029 2069//2060 2067//2058
f 2038//2029 2067//2058 2052//2043
f 2038//2029 2117//2108 2069//2060
f 2024//2015 2039//2030 2019//2010
f 2063//2054 2038//2029 2052//2043
f 2031//2022 2020//2011 2051//2042
f 2054//2045 2059//2050 2053//2044
f 2019//2010 2039//2030 2046//2037
f 2052//2043 2061//2052 2057//2048
f 2054//2045 2090//2081 2059//2050
f 2040//2031 2094//2085 2060//2051
f 2040//2031 2136//2127 2094//2085
f 2052//2043 2057//2048 2063//2054
f 2038//2029 2084//2075 2117//2108
f 2052//2043 2067//2058 2061//2052
f 1995//1986 2009//2000 2085//2076
f 2040//2031 2058//2049 2079//2070
f 2057//2048 2066//2057 2063//2054
f 2054//2045 2063//2054 2071//2062
f 2071//2062 2090//2081 2054//2045
f 2018//2009 2051//2042 2085//2076
f 2051//2042 2020//2011 2086//2077
f 1995//1986 2089//2080 1997//1988
f 2057//2048 2088//2079 2066//2057
f 2063//2054 2077//2068 2071//2062
f 2027//2018 2039//2030 2024//2015
f 1682//1677 1828//1820 2092//2083
f 1697//1692 1720//1715 1863//1855
f 2008//1999 2082//2073 2027//2018
f 1737//1731 1876//1868 2076//2067
f 2018//2009 2085//2076 2009//2000
f 1774//1767 1719//1714 2074//2065
f 1876//1868 2095//2086 2076//2067
f 1964//1098 1586//1098 1617//1098
f 2002//1993 1203//1202 2331//2322
f 1500//1498 1694//1689 2515//2505
f 1748//1742 1979//1970 2078//2069
f 2051//2042 2086//2077 2085//2076
f 2077//2068 2091//2082 2071//2062
f 1919//1911 2075//2066 2016//2007
f 2027//2018 2082//2073 2039//2030
f 1205//1204 1638//1633 2332//2323
f 1891//1883 1969//1960 2030//2021
f 2063//2054 2066//2057 2087//2078
f 2077//2068 2063//2054 2087//2078
f 2071//2062 2091//2082 2090//2081
f 2016//2007 2075//2066 2138//2129
f 2008//1999 2083//2074 2082//2073
f 1942//1934 2097//2088 2070//2061
f 1957//1949 2081//2072 2030//2021
f 2026//2017 1978//1969 2126//2117
f 1978//1969 2055//2046 2126//2117
f 2020//2011 2046//2037 2086//2077
f 1952//1944 2080//2071 2048//2039
f 1995//1986 2085//2076 2089//2080
f 2087//2078 2103//2094 2077//2068
f 2066//2057 2103//2094 2087//2078
f 2066//2057 2102//2093 2103//2094
f 2057//2048 2061//2052 2088//2079
f 2039//2030 2082//2073 2099//2090
f 2066//2057 2098//2089 2102//2093
f 2059//2050 2090//2081 2053//2044
f 2085//2076 2086//2077 2089//2080
f 2082//2073 2083//2074 2100//2091
f 1901//1893 2043//2034 1749//1743
f 1025//1025 1676//1671 2106//2097
f 2188//2179 1749//1743 2125//2116
f 2040//2031 2079//2070 2128//2119
f 2079//2070 2058//2049 2128//2119
f 1828//1820 1665//1660 2173//2164
f 1752//1745 2289//2280 2202//2193
f 1891//1883 2108//2099 1423//1421
f 1642//1637 2021//2012 2394//2385
f 1842//1834 2287//2278 2372//2363
f 1848//1840 2264//2255 1859//1851
f 1889//1881 2105//2096 2022//2013
f 1880//1872 1961//1953 2093//2084
f 1983//1974 1677//1672 2112//2103
f 1650//1645 1423//1421 2207//2198
f 1674//1669 1337//1335 2113//2104
f 1889//1881 2003//1994 2105//2096
f 2058//2049 2056//2047 2116//2107
f 1819//1811 2111//2102 2144//2135
f 1819//1811 2072//2063 2111//2102
f 2047//2038 2050//2041 2118//2109
f 2064//2055 2101//2092 2068//2059
f 2046//2037 2039//2030 2096//2087
f 2047//2038 2114//2105 2062//2053
f 2062//2053 2114//2105 2056//2047
f 2066//2057 2088//2079 2098//2089
f 2130//2121 1936//1928 2109//2100
f 2056//2047 2114//2105 2116//2107
f 1978//1969 2213//2204 2055//2046
f 1990//1981 2026//2017 2097//2088
f 2039//2030 2099//2090 2096//2087
f 2046//2037 2096//2087 2086//2077
f 2082//2073 2100//2091 2099//2090
f 2096//2087 2099//2090 2119//2110
f 1997//1988 2089//2080 2121//2112
f 2089//2080 2086//2077 2121//2112
f 2092//2083 2146//2137 2104//2095
f 1901//1893 2123//2114 2043//2034
f 1901//1893 1930//1922 2123//2114
f 1639//1634 1861//1853 2042//2033
f 1704//1699 2042//2033 2440//2431
f 1604//1600 1543//1540 2127//2118
f 1976//1967 2124//2115 1814//1806
f 1846//1838 2246//2237 1945//1937
f 1739//1733 2073//2064 1667//1662
f 2091//2082 2141//2132 2090//2081
f 2003//1994 1948//1940 2154//2145
f 1549//1546 1751//128 1902//1894
f 1948//1940 2211//2202 2154//2145
f 1943//1935 1704//1699 2440//2431
f 1880//1872 2093//2084 1861//1853
f 1669//1664 1618//1613 2213//2204
f 2098//2089 2088//2079 2142//2133
f 2030//2021 2140//2131 1891//1883
f 1794//1786 1830//1822 2144//2135
f 2016//2007 2138//2129 2029//2020
f 1987//1978 2133//2124 2081//2072
f 2109//2100 2028//2019 2171//2162
f 2025//2016 2048//2039 2149//2140
f 1987//1978 2004//1995 2133//2124
f 2028//2019 2029//2020 2171//2162
f 2083//2074 2010//2001 2100//2091
f 2030//2021 2081//2072 2140//2131
f 2053//2044 2090//2081 2143//2134
f 2053//2044 2143//2134 2050//2041
f 2049//2040 2065//2056 2134//2125
f 2049//2040 2134//2125 2150//2141
f 2091//2082 2077//2068 2141//2132
f 2069//2060 2117//2108 2139//2130
f 2099//2090 2100//2091 2115//2106
f 2067//2058 2069//2060 2139//2130
f 2065//2056 2068//2059 2134//2125
f 2077//2068 2103//2094 2141//2132
f 2050//2041 2143//2134 2118//2109
f 2088//2079 2061//2052 2142//2133
f 2061//2052 2067//2058 2142//2133
f 1997//1988 2121//2112 2041//2032
f 2119//2110 2099//2090 2115//2106
f 2086//2077 2096//2087 2119//2110
f 2010//2001 2120//2111 2100//2091
f 2121//2112 2086//2077 2119//2110
f 2100//2091 2120//2111 2115//2106
f 2041//2032 2148//2139 1930//1922
f 2010//2001 2104//2095 2146//2137
f 2121//2112 2145//2136 2041//2032
f 1930//1922 2148//2139 2123//2114
f 1828//1820 2186//2177 2092//2083
f 1749//1743 2043//2034 2125//2116
f 2105//2096 2003//1994 2154//2145
f 2040//2031 2128//2119 2152//2143
f 2129//2120 1741//1735 1738//1732
f 802//802 2022//2013 2160//2151
f 2026//2017 2126//2117 2151//2142
f 2040//2031 2152//2143 2136//2127
f 1566//1563 2156//2147 1799//1791
f 1643//1638 1843//1835 2161//2152
f 2132//2123 1675//1670 2266//2257
f 2075//2066 1711//1706 2135//2126
f 1511//1509 2179//2170 1759//1752
f 2058//2049 2116//2107 2128//2119
f 1934//1926 2130//2121 2004//1995
f 2102//2093 2098//2089 2155//2146
f 2049//2040 2150//2141 2084//2075
f 2004//1995 2130//2121 2170//2161
f 2025//2016 2149//2140 1948//1940
f 2097//2088 2026//2017 2151//2142
f 2004//1995 2170//2161 2133//2124
f 1876//1868 1449//1447 2095//2086
f 1674//1669 2113//2104 1932//1924
f 1948//1940 2149//2140 2211//2202
f 2047//2038 2122//2113 2114//2105
f 1891//1883 2140//2131 2108//2099
f 2067//2058 2139//2130 2142//2133
f 1829//1821 1723//1718 2180//2171
f 1851//1843 2163//2154 2045//2036
f 2047//2038 2118//2109 2122//2113
f 2101//2092 2064//2055 2159//2150
f 2098//2089 2142//2133 2131//2122
f 2090//2081 2141//2132 2137//2128
f 2068//2059 2101//2092 2134//2125
f 2010//2001 2146//2137 2120//2111
f 2119//2110 2115//2106 2147//2138
f 2041//2032 2145//2136 2148//2139
f 2121//2112 2119//2110 2147//2138
f 2148//2139 2145//2136 2167//2158
f 2145//2136 2121//2112 2167//2158
f 2146//2137 2164//2155 2120//2111
f 2117//2108 2084//2075 2172//2163
f 2098//2089 2131//2122 2155//2146
f 1699//1694 2188//2179 2153//2144
f 1943//1935 2440//2431 2012//2003
f 2012//2003 2440//2431 2174//2165
f 1986//1977 1877//1869 2203//2194
f 1877//1869 1718//1713 2218//2209
f 1741//1735 2201//2192 1665//1660
f 2127//2118 1543//1540 2176//2167
f 1680//1675 1627//1622 2215//2206
f 1752//1745 2202//2193 1627//1622
f 1524//1522 2215//2206 1727//1722
f 1851//1843 1960//1952 2163//2154
f 1799//1791 2177//2168 1965//1956
f 1543//1540 1763//1756 2176//2167
f 1917//1909 1815//1807 2162//2153
f 2464//2455 2162//2153 1815//1807
f 1511//1509 1968//1959 2179//2170
f 1976//1967 2044//2035 2124//2115
f 2115//2106 2166//2157 2147//2138
f 2060//2051 2284//2275 2064//2055
f 1890//1882 1636//1631 2182//2173
f 1931//1923 2012//2003 2174//2165
f 2064//2055 2284//2275 2159//2150
f 1722//1717 1946//1938 2181//2172
f 2115//2106 2120//2111 2165//2156
f 2165//2156 2166//2157 2115//2106
f 2148//2139 2167//2158 2123//2114
f 2121//2112 2147//2138 2167//2158
f 2120//2111 2164//2155 2165//2156
f 2123//2114 2184//2175 2043//2034
f 2123//2114 2167//2158 2184//2175
f 2081//2072 2194//2185 2140//2131
f 2092//2083 2186//2177 2146//2137
f 2043//2034 2185//2176 2169//2160
f 2126//2117 2209//2200 2151//2142
f 2043//2034 2169//2160 2125//2116
f 2143//2134 2090//2081 2137//2128
f 2130//2121 2109//2100 2191//2182
f 2029//2020 2198//2189 2171//2162
f 2080//2071 2070//2061 2190//2181
f 2139//2130 2236//2227 2142//2133
f 2167//2158 2147//2138 2168//2159
f 2140//2131 2197//2188 2108//2099
f 2029//2020 2138//2129 2198//2189
f 1828//1820 2173//2164 2186//2177
f 2126//2117 2055//2046 2196//2187
f 1986//1977 2203//2194 1962//1954
f 1665//1660 2201//2192 2173//2164
f 2138//2129 2075//2066 2283//2274
f 2141//2132 2103//2094 2282//2273
f 1572//1569 2372//2363 2107//2098
f 2060//2051 2094//2085 2284//2275
f 1683//1678 1643//1638 2161//2152
f 2112//2103 1677//1672 1905//1897
f 2167//2158 2168//2159 2184//2175
f 1763//1756 2484//2475 2176//2167
f 2147//2138 2166//2157 2168//2159
f 2043//2034 2184//2175 2185//2176
f 2165//2156 2187//2178 2166//2157
f 2168//2159 2166//2157 2189//2180
f 2118//2109 2143//2134 2206//2197
f 2048//2039 2193//2184 2149//2140
f 2149//2140 2210//2201 2211//2202
f 2184//2175 2168//2159 2216//2207
f 2097//2088 2190//2181 2070//2061
f 2081//2072 2133//2124 2194//2185
f 2117//2108 2172//2163 2139//2130
f 2189//2180 2166//2157 2187//2178
f 2196//2187 2055//2046 2213//2204
f 2142//2133 2223//2214 2131//2122
f 2131//2122 2195//2186 2155//2146
f 2128//2119 2192//2183 2152//2143
f 1699//1694 2243//2234 1875//1867
f 2109//2100 2171//2162 2191//2182
f 2243//2234 1699//1694 2153//2144
f 1744//1738 2214//2205 1738//1732
f 1744//1738 1849//1841 2214//2205
f 2201//2192 1741//1735 2129//2120
f 1875//1867 2229//2220 1916//1908
f 1546//1543 2175//2166 1693//1688
f 1738//1732 2214//2205 2260//2251
f 1916//1908 2229//2220 1842//1834
f 1627//1622 2202//2193 2158//2149
f 1747//1741 1863//1855 2464//2455
f 2110//2101 1473//1471 2531//2521
f 1423//1421 2108//2099 2207//2198
f 1840//1832 1730//1039 2250//2241
f 1650//1645 2207//2198 2000//1991
f 1929//1921 1873//1865 2263//2254
f 1465//1463 1753//1746 2219//2210
f 1636//1631 2183//2174 2182//2173
f 2146//2137 2205//2196 2164//2155
f 2146//2137 2186//2177 2205//2196
f 2168//2159 2189//2180 2216//2207
f 2165//2156 2164//2155 2187//2178
f 2187//2178 2164//2155 2205//2196
f 2184//2175 2216//2207 2185//2176
f 2216//2207 2189//2180 2208//2199
f 2097//2088 2151//2142 2234//2225
f 2154//2145 2225//2216 2105//2096
f 2048//2039 2080//2071 2193//2184
f 2195//2186 2131//2122 2223//2214
f 2143//2134 2221//2212 2206//2197
f 2186//2177 2173//2164 2212//2203
f 2141//2132 2282//2273 2224//2215
f 2159//2150 2227//2218 2101//2092
f 2133//2124 2170//2161 2222//2213
f 1873//1865 2013//2004 2200//2191
f 1873//1865 2200//2191 2263//2254
f 1906//1898 1737//1731 2230//2221
f 1737//1731 2076//2067 2230//2221
f 1685//1680 2078//2069 2231//2222
f 1775//1768 1685//1680 2231//2222
f 1465//1463 2219//2210 1797//1789
f 2169//2160 2185//2176 2220//2211
f 2212//2203 2205//2196 2186//2177
f 2134//2125 2296//2287 2150//2141
f 2169//2160 2220//2211 2125//2116
f 2185//2176 2216//2207 2220//2211
f 2187//2178 2228//2219 2189//2180
f 2188//2179 2125//2116 2233//2224
f 2220//2211 2216//2207 2226//2217
f 2118//2109 2206//2197 2239//2230
f 2118//2109 2239//2230 2122//2113
f 2126//2117 2196//2187 2244//2235
f 2116//2107 2114//2105 2238//2229
f 2198//2189 2237//2228 2171//2162
f 2097//2088 2234//2225 2190//2181
f 2172//2163 2084//2075 2241//2232
f 2084//2075 2150//2141 2241//2232
f 2134//2125 2101//2092 2240//2231
f 2128//2119 2116//2107 2192//2183
f 2114//2105 2122//2113 2238//2229
f 2154//2145 2211//2202 2225//2216
f 2187//2178 2205//2196 2228//2219
f 2196//2187 2213//2204 2324//2315
f 2192//2183 2242//2233 2152//2143
f 2188//2179 2235//2226 2153//2144
f 2216//2207 2208//2199 2226//2217
f 1875//1867 2243//2234 2199//2190
f 1738//1732 2260//2251 2129//2120
f 1754//1747 2394//2385 2251//2242
f 1526//128 1964//1098 1751//128
f 1793//1785 1593//1589 2419//2410
f 1760//1753 1902//1894 2178//2169
f 1903//1895 2347//2338 1714//1709
f 2307//2298 1616//1612 1840//1832
f 1638//1633 1977//1968 2248//2239
f 1754//1747 2251//2242 1946//1938
f 1407//1405 2110//2101 1980//1971
f 2103//2094 2102//2093 2249//2240
f 1675//1670 1794//1786 2266//2257
f 2205//2196 2212//2203 2228//2219
f 2125//2116 2220//2211 2233//2224
f 2226//2217 2208//2199 2232//2223
f 2208//2199 2189//2180 2232//2223
f 2232//2223 2189//2180 2228//2219
f 2220//2211 2226//2217 2233//2224
f 2188//2179 2233//2224 2235//2226
f 2134//2125 2240//2231 2296//2287
f 2141//2132 2253//2244 2137//2128
f 2191//2182 2171//2162 2258//2249
f 2225//2216 2211//2202 2256//2247
f 2130//2121 2191//2182 2257//2248
f 2080//2071 2190//2181 2193//2184
f 2142//2133 2236//2227 2223//2214
f 2140//2131 2194//2185 2197//2188
f 2108//2099 2197//2188 2245//2236
f 2212//2203 2252//2243 2228//2219
f 2198//2189 2138//2129 2261//2252
f 2173//2164 2252//2243 2212//2203
f 2196//2187 2324//2315 2244//2235
f 2170//2161 2130//2121 2257//2248
f 2159//2150 2284//2275 2227//2218
f 1888//1880 1025//1025 2262//2253
f 1025//1025 2106//2097 2262//2253
f 2203//2194 1877//1869 2218//2209
f 1929//1921 2263//2254 1454//1452
f 1799//1791 2156//2147 2177//2168
f 1337//1335 2307//2298 2113//2104
f 1730//1039 1838//1830 2250//2241
f 1449//1447 1793//1785 2267//2258
f 2075//2066 2135//2126 2283//2274
f 2105//2096 2436//2427 2022//2013
f 1959//1951 1762//1755 2268//2259
f 2073//2064 1760//1753 2255//2246
f 2102//2093 2155//2146 2249//2240
f 1794//1786 2144//2135 2266//2257
f 2228//2219 2252//2243 2254//2245
f 2173//2164 2201//2192 2252//2243
f 2233//2224 2226//2217 2235//2226
f 2228//2219 2254//2245 2232//2223
f 2129//2120 2271//2262 2201//2192
f 2235//2226 2226//2217 2272//2263
f 2153//2144 2272//2263 2243//2234
f 2122//2113 2239//2230 2238//2229
f 2116//2107 2238//2229 2320//2311
f 2101//2092 2227//2218 2240//2231
f 2195//2186 2223//2214 2273//2264
f 2151//2142 2209//2200 2275//2266
f 2126//2117 2276//2267 2209//2200
f 2149//2140 2274//2265 2210//2201
f 2201//2192 2271//2262 2252//2243
f 2236//2227 2139//2130 2301//2292
f 2126//2117 2244//2235 2276//2267
f 2210//2201 2256//2247 2211//2202
f 2116//2107 2320//2311 2192//2183
f 2149//2140 2193//2184 2274//2265
f 2234//2225 2151//2142 2279//2270
f 2197//2188 2259//2250 2245//2236
f 2137//2128 2278//2269 2143//2134
f 2232//2223 2254//2245 2269//2260
f 2261//2252 2138//2129 2283//2274
f 1875//1867 2199//2190 2277//2268
f 1875//1867 2277//2268 2229//2220
f 2153//2144 2235//2226 2272//2263
f 2225//2216 2256//2247 2280//2271
f 802//802 2160//2151 2288//2279
f 802//802 2288//2279 1740//1734
f 2124//2115 2285//2276 1814//1806
f 1813//1805 1667//1662 2777//2767
f 2282//2273 2103//2094 2290//2281
f 2108//2099 2245//2236 2207//2198
f 1709//1704 2291//2282 1700//1695
f 2152//2143 2437//2428 2136//2127
f 2254//2245 2252//2243 2270//2261
f 1638//1633 2248//2239 2332//2323
f 2234//2225 2281//2272 2190//2181
f 2272//2263 2226//2217 2269//2260
f 2226//2217 2232//2223 2269//2260
f 2252//2243 2271//2262 2270//2261
f 2269//2260 2254//2245 2270//2261
f 2141//2132 2224//2215 2253//2244
f 2195//2186 2273//2264 2298//2289
f 2238//2229 2292//2283 2320//2311
f 2199//2190 2243//2234 2294//2285
f 2143//2134 2278//2269 2221//2212
f 2139//2130 2172//2163 2299//2290
f 2170//2161 2300//2291 2222//2213
f 2195//2186 2298//2289 2155//2146
f 2224//2215 2282//2273 2297//2288
f 2227//2218 2284//2275 2303//2294
f 2150//2141 2296//2287 2241//2232
f 2129//2120 2260//2251 2271//2262
f 2198//2189 2261//2252 2302//2293
f 2214//2205 2295//2286 2260//2251
f 2269//2260 2270//2261 2293//2284
f 1842//1834 2229//2220 2286//2277
f 2243//2234 2272//2263 2294//2285
f 2272//2263 2269//2260 2305//2296
f 2290//2281 2103//2094 2249//2240
f 1546//1543 1727//1722 2247//2238
f 2044//2035 2310//2301 2124//2115
f 1962//1954 2203//2194 2309//2300
f 2230//2221 2076//2067 2095//2086
f 1500//1498 2515//2505 2289//2280
f 2094//2085 2136//2127 2329//2320
f 1618//1613 2308//2299 2213//2204
f 1709//1704 1945//1937 2291//2282
f 1843//1835 1662//1657 2395//2386
f 1723//1718 2313//2304 2180//2171
f 1544//1541 1984//1975 2312//2303
f 1544//1541 2312//2303 1846//1838
f 2269//2260 2293//2284 2305//2296
f 2272//2263 2305//2296 2294//2285
f 2194//2185 2133//2124 2306//2297
f 2139//2130 2299//2290 2301//2292
f 2242//2233 2192//2183 2317//2308
f 2190//2181 2318//2309 2193//2184
f 2133//2124 2222//2213 2306//2297
f 2280//2271 2256//2247 2316//2307
f 2244//2235 2321//2312 2276//2267
f 2191//2182 2258//2249 2257//2248
f 2171//2162 2237//2228 2258//2249
f 2223//2214 2236//2227 2315//2306
f 2223//2214 2315//2306 2273//2264
f 2297//2288 2282//2273 2363//2354
f 2172//2163 2241//2232 2299//2290
f 2277//2268 2199//2190 2314//2305
f 2197//2188 2319//2310 2259//2250
f 2271//2262 2304//2295 2270//2261
f 2225//2216 2436//2427 2105//2096
f 2271//2262 2295//2286 2304//2295
f 2151//2142 2275//2266 2279//2270
f 2305//2296 2293//2284 2311//2302
f 2192//2183 2320//2311 2317//2308
f 2214//2205 1849//1841 2322//2313
f 1688//1683 1874//1866 2326//2317
f 2217//2208 1693//1688 2345//2336
f 1842//1834 2286//2277 2287//2278
f 2287//2278 2370//2361 2372//2363
f 1688//1683 2326//2317 1968//1959
f 1667//1662 2073//2064 2516//2506
f 2244//2235 2324//2315 2321//2312
f 1838//1830 1700//1695 2327//2318
f 2204//2195 1557//1554 1999//1990
f 1729//1724 1721//1716 2157//2148
f 2285//2276 2124//2115 2310//2301
f 2136//2127 2437//2428 2329//2320
f 2001//1992 1962//1954 2309//2300
f 1917//1909 2162//2153 2579//2569
f 1404//1402 1829//1821 1720//1715
f 1205//1204 2332//2323 1593//1589
f 2294//2285 2314//2305 2199//2190
f 1859//1851 2310//2301 2044//2035
f 2261//2252 2283//2274 2302//2293
f 2260//2251 2295//2286 2271//2262
f 2137//2128 2253//2244 2278//2269
f 2294//2285 2305//2296 2314//2305
f 2270//2261 2304//2295 2293//2284
f 2197//2188 2194//2185 2319//2310
f 2209//2200 2333//2324 2275//2266
f 2293//2284 2304//2295 2311//2302
f 2237//2228 2198//2189 2336//2327
f 2236//2227 2338//2329 2315//2306
f 2257//2248 2258//2249 2337//2328
f 2295//2286 2214//2205 2322//2313
f 2209//2200 2276//2267 2333//2324
f 2298//2289 2273//2264 2369//2360
f 2259//2250 2323//2314 2245//2236
f 2257//2248 2300//2291 2170//2161
f 2198//2189 2302//2293 2336//2327
f 2206//2197 2221//2212 2239//2230
f 2242//2233 2317//2308 2328//2319
f 2236//2227 2301//2292 2338//2329
f 2297//2288 2363//2354 2325//2316
f 2193//2184 2318//2309 2274//2265
f 2242//2233 2328//2319 2437//2428
f 2242//2233 2437//2428 2152//2143
f 2277//2268 2335//2326 2229//2220
f 2298//2289 2341//2332 2155//2146
f 2302//2293 2283//2274 2365//2356
f 2225//2216 2280//2271 2436//2427
f 2234//2225 2279//2270 2281//2272
f 2303//2294 2284//2275 2366//2357
f 2011//2002 1817//1809 2474//2465
f 2256//2247 2210//2201 2316//2307
f 2229//2220 2340//2331 2286//2277
f 2363//2354 2282//2273 2290//2281
f 1546//1543 2247//2238 2175//2166
f 2200//2191 2348//2339 2263//2254
f 2022//2013 2436//2427 2160//2151
f 1903//1895 1717//1712 2347//2338
f 2215//2206 1627//1622 2158//2149
f 2277//2268 2314//2305 2335//2326
f 1723//1718 1890//1882 2313//2304
f 2155//2146 2341//2332 2249//2240
f 1746//1740 1814//1806 2349//2340
f 1604//1600 2127//2118 1915//1907
f 2314//2305 2305//2296 2335//2326
f 1984//1975 2001//1992 2330//2321
f 2213//2204 2308//2299 2324//2315
f 1581//1578 2397//2388 2776//2766
f 1700//1695 2291//2282 2327//2318
f 2144//2135 2111//2102 2350//2341
f 2144//2135 2350//2341 2266//2257
f 1846//1838 2312//2303 2621//2611
f 2305//2296 2311//2302 2342//2333
f 2295//2286 2322//2313 2304//2295
f 2241//2232 2355//2346 2299//2290
f 2335//2326 2305//2296 2342//2333
f 2190//2181 2361//2352 2318//2309
f 2238//2229 2359//2350 2292//2283
f 2320//2311 2383//2374 2317//2308
f 2240//2231 2227//2218 2382//2373
f 2222//2213 2300//2291 2334//2325
f 2301//2292 2299//2290 2385//2376
f 2194//2185 2306//2297 2319//2310
f 2322//2313 1849//1841 2358//2349
f 2321//2312 2364//2355 2344//2335
f 2321//2312 2324//2315 2364//2355
f 2328//2319 2317//2308 2356//2347
f 2222//2213 2334//2325 2306//2297
f 2303//2294 2366//2357 2343//2334
f 2280//2271 2316//2307 2352//2343
f 2302//2293 2365//2356 2378//2369
f 2304//2295 2339//2330 2311//2302
f 2280//2271 2352//2343 2436//2427
f 2217//2208 2358//2349 1849//1841
f 2190//2181 2281//2272 2361//2352
f 2286//2277 2340//2331 2362//2353
f 2217//2208 2360//2351 2358//2349
f 2093//2084 2375//2366 1861//1853
f 2203//2194 2377//2368 2309//2300
f 2203//2194 2218//2209 2377//2368
f 2042//2033 1861//1853 2661//2651
f 2156//2147 2373//2364 2177//2168
f 2311//2302 2351//2342 2342//2333
f 2200//2191 2013//2004 2348//2339
f 1693//1688 2175//2166 2345//2336
f 1999//1990 1606//1602 2376//2367
f 2376//2367 1606//1602 1850//1842
f 1846//1838 2621//2611 2246//2237
f 2351//2342 2311//2302 2339//2330
f 2335//2326 2354//2345 2229//2220
f 2304//2295 2322//2313 2353//2344
f 2229//2220 2354//2345 2340//2331
f 2259//2250 2319//2310 2323//2314
f 2303//2294 2367//2358 2227//2218
f 2342//2333 2351//2342 2357//2348
f 2304//2295 2353//2344 2339//2330
f 2342//2333 2357//2348 2335//2326
f 2322//2313 2358//2349 2353//2344
f 2210//2201 2380//2371 2316//2307
f 2221//2212 2278//2269 2379//2370
f 2301//2292 2385//2376 2338//2329
f 2240//2231 2382//2373 2296//2287
f 2227//2218 2367//2358 2382//2373
f 2321//2312 2344//2335 2276//2267
f 2238//2229 2239//2230 2359//2350
f 2241//2232 2296//2287 2355//2346
f 2239//2230 2221//2212 2450//2441
f 2302//2293 2378//2369 2381//2372
f 2325//2316 2363//2354 2368//2359
f 2323//2314 2414//2405 2245//2236
f 2320//2311 2292//2283 2383//2374
f 2339//2330 2353//2344 2351//2342
f 2354//2345 2335//2326 2357//2348
f 2323//2314 2371//2362 2414//2405
f 2325//2316 2368//2359 2386//2377
f 2224//2215 2297//2288 2253//2244
f 2357//2348 2351//2342 2384//2375
f 2217//2208 2345//2336 2360//2351
f 2330//2321 2001//1992 2396//2387
f 1717//1712 1800//1792 2393//2384
f 1473//1471 1532//1529 2662//2652
f 1960//1952 1774//1767 2074//2065
f 1983//1974 2112//2103 2514//2504
f 2215//2206 2158//2149 2407//2398
f 1998//1989 2045//2036 2398//2389
f 2247//2238 1727//1722 2215//2206
f 1838//1830 2327//2318 2250//2241
f 2001//1992 2309//2300 2396//2387
f 2585//2575 1759//1752 2179//2170
f 2161//2152 1843//1835 2395//2386
f 1902//1894 1751//128 2442//2433
f 1945//1937 2246//2237 2444//2435
f 1636//1631 1740//1734 2183//2174
f 1746//1740 2349//2340 1662//1657
f 1532//1529 1454//1452 2662//2652
f 2093//2084 1961//1953 2375//2366
f 1984//1975 2330//2321 2312//2303
f 1719//1714 1319//1317 2532//2522
f 2358//2349 2360//2351 2403//2394
f 2384//2375 2351//2342 2353//2344
f 2340//2331 2354//2345 2362//2353
f 2358//2349 2403//2394 2353//2344
f 2275//2266 2333//2324 2279//2270
f 2325//2316 2386//2377 2297//2288
f 2343//2334 2387//2378 2303//2294
f 2385//2376 2299//2290 2355//2346
f 2354//2345 2357//2348 2362//2353
f 2302//2293 2381//2372 2336//2327
f 2383//2374 2399//2390 2317//2308
f 2352//2343 2316//2307 2388//2379
f 2369//2360 2341//2332 2298//2289
f 2328//2319 2356//2347 2390//2381
f 2343//2334 2366//2357 2387//2378
f 2382//2373 2367//2358 2408//2399
f 2303//2294 2387//2378 2367//2358
f 2317//2308 2399//2390 2356//2347
f 2378//2369 2391//2382 2381//2372
f 2345//2336 2403//2394 2360//2351
f 2287//2278 2286//2277 2401//2392
f 2369//2360 2412//2403 2341//2332
f 2371//2362 2386//2377 2368//2359
f 2368//2359 2363//2354 2413//2404
f 2371//2362 2368//2359 2414//2405
f 2368//2359 2413//2404 2414//2405
f 2369//2360 2410//2401 2392//2383
f 2287//2278 2401//2392 2370//2361
f 2344//2335 2364//2355 2405//2396
f 2369//2360 2392//2383 2412//2403
f 2388//2379 2316//2307 2409//2400
f 2300//2291 2257//2248 2337//2328
f 2353//2344 2404//2395 2384//2375
f 2352//2343 2388//2379 2436//2427
f 2328//2319 2390//2381 2437//2428
f 2378//2369 2365//2356 2391//2382
f 2290//2281 2413//2404 2363//2354
f 2156//2147 2107//2098 2346//2337
f 1859//1851 2264//2255 2416//2407
f 2324//2315 2308//2299 2364//2355
f 2249//2240 2341//2332 2412//2403
f 1454//1452 2263//2254 2424//2415
f 1454//1452 2424//2415 2662//2652
f 1965//1956 2417//2408 1963//1955
f 2094//2085 2366//2357 2284//2275
f 2135//2126 2365//2356 2283//2274
f 1965//1956 2177//2168 2417//2408
f 1722//1717 2181//2172 2418//2409
f 1722//1717 2418//2409 1800//1792
f 1917//1909 2579//2569 1694//1689
f 2331//2322 1581//1578 2422//2413
f 1582//1579 2420//2411 1839//1831
f 1319//1317 1839//1831 2421//2412
f 1319//1317 2421//2412 2532//2522
f 1593//1589 2332//2323 2502//2492
f 2362//2353 2357//2348 2402//2393
f 2286//2277 2362//2353 2402//2393
f 2345//2336 2400//2391 2403//2394
f 2286//2277 2402//2393 2401//2392
f 2357//2348 2384//2375 2406//2397
f 2403//2394 2389//2380 2353//2344
f 2371//2362 2323//2314 2386//2377
f 2344//2335 2405//2396 2276//2267
f 2333//2324 2276//2267 2415//2406
f 2357//2348 2406//2397 2402//2393
f 2210//2201 2274//2265 2380//2371
f 2237//2228 2423//2414 2258//2249
f 2323//2314 2411//2402 2386//2377
f 2297//2288 2439//2430 2253//2244
f 2274//2265 2318//2309 2432//2423
f 2334//2325 2300//2291 2434//2425
f 2296//2287 2429//2420 2355//2346
f 2278//2269 2253//2244 2427//2418
f 2391//2382 2428//2419 2381//2372
f 2353//2344 2389//2380 2404//2395
f 2405//2396 2392//2383 2410//2401
f 2384//2375 2404//2395 2406//2397
f 2292//2283 2359//2350 2383//2374
f 2391//2382 2365//2356 2435//2426
f 2221//2212 2379//2370 2450//2441
f 2405//2396 2412//2403 2392//2383
f 2390//2381 2356//2347 2428//2419
f 2405//2396 2364//2355 2412//2403
f 2276//2267 2405//2396 2415//2406
f 2369//2360 2273//2264 2410//2401
f 2258//2249 2433//2424 2337//2328
f 2403//2394 2400//2391 2389//2380
f 2237//2228 2336//2327 2423//2414
f 2406//2397 2404//2395 2426//2417
f 2391//2382 2390//2381 2428//2419
f 2387//2378 2388//2379 2409//2400
f 2387//2378 2366//2357 2388//2379
f 2356//2347 2399//2390 2431//2422
f 2391//2382 2435//2426 2390//2381
f 2390//2381 2435//2426 2437//2428
f 2388//2379 2366//2357 2436//2427
f 2249//2240 2413//2404 2290//2281
f 1473//1471 2662//2652 2531//2521
f 1650//1645 2000//1991 1605//1601
f 2661//2651 1861//1853 2441//2432
f 1964//1098 1617//1098 2265//2256
f 2095//2086 1449//1447 2628//2618
f 1555//1552 2443//2434 2072//2063
f 2310//2301 2566//2556 2285//2276
f 2014//2005 1714//1709 2465//2456
f 2111//2102 2072//2063 2446//2437
f 2291//2282 1945//1937 2444//2435
f 2402//2393 2425//2416 2401//2392
f 2402//2393 2406//2397 2425//2416
f 2296//2287 2382//2373 2429//2420
f 2381//2372 2472//2463 2336//2327
f 2323//2314 2319//2310 2411//2402
f 2389//2380 2400//2391 2404//2395
f 2406//2397 2426//2417 2425//2416
f 2387//2378 2409//2400 2367//2358
f 2239//2230 2450//2441 2359//2350
f 2253//2244 2439//2430 2427//2418
f 2279//2270 2333//2324 2447//2438
f 2300//2291 2337//2328 2434//2425
f 2297//2288 2386//2377 2439//2430
f 2345//2336 2175//2166 2400//2391
f 2258//2249 2423//2414 2433//2424
f 2306//2297 2438//2429 2319//2310
f 2367//2358 2430//2421 2408//2399
f 2379//2370 2451//2442 2450//2441
f 2372//2363 2370//2361 2456//2447
f 2370//2361 2401//2392 2449//2440
f 2410//2401 2453//2444 2405//2396
f 2175//2166 2247//2238 2452//2443
f 2281//2272 2279//2270 2457//2448
f 2175//2166 2452//2443 2400//2391
f 2367//2358 2409//2400 2430//2421
f 2107//2098 2372//2363 2456//2447
f 2107//2098 2458//2449 2346//2337
f 2042//2033 2661//2651 2440//2431
f 2404//2395 2400//2391 2448//2439
f 1718//1713 1527//1524 2682//2672
f 1980//1971 2462//2453 2583//2573
f 1717//1712 2393//2384 2347//2338
f 1966//1957 2014//2005 2465//2456
f 2382//2373 2408//2399 2445//2436
f 2366//2357 2094//2085 2329//2320
f 1711//1706 1485//1483 2135//2126
f 2111//2102 2446//2437 2350//2341
f 2628//2618 1449//1447 2267//2258
f 1485//1483 2374//2365 2135//2126
f 2267//2258 1793//1785 2419//2410
f 1861//1853 2375//2366 2441//2432
f 2278//2269 2427//2418 2379//2370
f 1694//1689 2579//2569 2515//2505
f 2404//2395 2448//2439 2454//2445
f 2400//2391 2452//2443 2448//2439
f 2306//2297 2334//2325 2438//2429
f 2404//2395 2454//2445 2426//2417
f 2370//2361 2449//2440 2456//2447
f 2401//2392 2425//2416 2449//2440
f 2315//2306 2338//2329 2466//2457
f 2425//2416 2426//2417 2454//2445
f 2273//2264 2455//2446 2410//2401
f 2273//2264 2315//2306 2455//2446
f 2381//2372 2428//2419 2472//2463
f 2318//2309 2361//2352 2432//2423
f 2334//2325 2434//2425 2438//2429
f 2316//2307 2380//2371 2409//2400
f 2456//2447 2458//2449 2107//2098
f 2449//2440 2425//2416 2460//2451
f 2409//2400 2380//2371 2463//2454
f 2425//2416 2454//2445 2460//2451
f 2411//2402 2319//2310 2469//2460
f 2285//2276 2476//2467 1814//1806
f 2156//2147 2346//2337 2373//2364
f 2249//2240 2412//2403 2413//2404
f 2177//2168 2373//2364 2461//2452
f 2460//2451 2454//2445 2459//2450
f 2454//2445 2448//2439 2459//2450
f 2449//2440 2460//2451 2456//2447
f 1967//1958 1563//1560 1982//1973
f 1777//128 1759//1752 2585//2575
f 1581//1578 2776//2766 2422//2413
f 2204//2195 1874//1866 1778//1770
f 1859//1851 2416//2407 2310//2301
f 2266//2257 2350//2341 2478//2469
f 2279//2270 2447//2438 2457//2448
f 2045//2036 2163//2154 2398//2389
f 1840//1832 2481//2472 2307//2298
f 2327//2318 2481//2472 2250//2241
f 1840//1832 2250//2241 2481//2472
f 2327//2318 2291//2282 2481//2472
f 2382//2373 2445//2436 2429//2420
f 2307//2298 2481//2472 2113//2104
f 2383//2374 2471//2462 2399//2390
f 2394//2385 1946//1938 2251//2242
f 2315//2306 2466//2457 2455//2446
f 2394//2385 2021//2012 2483//2474
f 2394//2385 2483//2474 1946//1938
f 1932//1924 2113//2104 2503//2493
f 2021//2012 1915//1907 2127//2118
f 2021//2012 2127//2118 2483//2474
f 2386//2377 2473//2464 2439//2430
f 2432//2423 2475//2466 2274//2265
f 2247//2238 2468//2459 2452//2443
f 2383//2374 2359//2350 2471//2462
f 2380//2371 2274//2265 2475//2466
f 2359//2350 2450//2441 2479//2470
f 2385//2376 2355//2346 2470//2461
f 2281//2272 2457//2448 2361//2352
f 2356//2347 2431//2422 2428//2419
f 2458//2449 2482//2473 2346//2337
f 2215//2206 2485//2476 2247//2238
f 2434//2425 2337//2328 2486//2477
f 2176//2167 2484//2475 2127//2118
f 2215//2206 2407//2398 2485//2476
f 2393//2384 1800//1792 2500//2490
f 2428//2419 2431//2422 2467//2458
f 1977//1968 1963//1955 2248//2239
f 2174//2165 2495//2486 1931//1923
f 2174//2165 2440//2431 2495//2486
f 2245//2236 2414//2405 2207//2198
f 2348//2339 2013//2004 2529//2519
f 1617//1098 1777//128 2265//2256
f 2436//2427 2366//2357 2160//2151
f 2308//2299 1618//1613 2583//2573
f 2419//2410 1593//1589 2502//2492
f 1582//1579 1967//1958 2420//2411
f 1890//1882 2497//2488 2313//2304
f 1890//1882 2182//2173 2497//2488
f 2333//2324 2415//2406 2489//2480
f 2476//2467 2285//2276 2566//2556
f 2264//2255 1932//1924 2503//2493
f 1732//1726 2501//2491 1817//1809
f 2011//2002 2474//2465 1985//1976
f 2409//2400 2463//2454 2430//2421
f 2386//2377 2411//2402 2473//2464
f 2336//2327 2472//2463 2423//2414
f 2448//2439 2480//2471 2459//2450
f 2319//2310 2438//2429 2469//2460
f 2458//2449 2456//2447 2482//2473
f 2428//2419 2467//2458 2472//2463
f 2459//2450 2480//2471 2460//2451
f 2481//2472 2490//2481 2113//2104
f 2291//2282 2491//2482 2481//2472
f 2410//2401 2455//2446 2453//2444
f 2291//2282 2444//2435 2491//2482
f 2481//2472 2491//2482 2490//2481
f 2456//2447 2460//2451 2487//2478
f 1946//1938 2494//2485 2181//2172
f 1946//1938 2483//2474 2494//2485
f 2483//2474 2493//2484 2494//2485
f 2483//2474 2127//2118 2493//2484
f 2127//2118 2484//2475 2493//2484
f 2333//2324 2489//2480 2447//2438
f 2452//2443 2468//2459 2448//2439
f 2385//2376 2470//2461 2338//2329
f 2448//2439 2468//2459 2480//2471
f 2482//2473 2456//2447 2487//2478
f 2380//2371 2475//2466 2463//2454
f 2247//2238 2485//2476 2468//2459
f 2338//2329 2470//2461 2466//2457
f 2415//2406 2405//2396 2453//2444
f 2470//2461 2355//2346 2538//2528
f 2427//2418 2439//2430 2507//2497
f 2373//2364 2346//2337 2504//2494
f 2480//2471 2468//2459 2505//2495
f 2460//2451 2480//2471 2492//2483
f 2482//2473 2487//2478 2504//2494
f 2113//2104 2490//2481 2503//2493
f 2337//2328 2433//2424 2486//2477
f 2373//2364 2510//2500 2461//2452
f 2429//2420 2445//2436 2488//2479
f 2487//2478 2460//2451 2492//2483
f 2346//2337 2482//2473 2504//2494
f 2485//2476 2505//2495 2468//2459
f 2255//2246 2516//2506 2073//2064
f 2074//2065 1719//1714 2532//2522
f 2163//2154 1960//1952 2517//2507
f 1618//1613 1980//1971 2583//2573
f 1797//1789 2219//2210 2013//2004
f 2135//2126 2499//2489 2365//2356
f 2365//2356 2499//2489 2435//2426
f 2398//2389 2163//2154 2517//2507
f 1944//1936 1906//1898 2521//2511
f 2479//2470 2509//2499 2359//2350
f 2379//2370 2507//2497 2451//2442
f 2310//2301 2416//2407 2566//2556
f 2379//2370 2427//2418 2507//2497
f 2491//2482 2506//2496 2490//2481
f 2359//2350 2509//2499 2471//2462
f 2429//2420 2538//2528 2355//2346
f 2423//2414 2472//2463 2511//2501
f 2504//2494 2487//2478 2508//2498
f 2494//2485 2418//2409 2181//2172
f 2493//2484 2484//2475 2522//2512
f 2493//2484 2522//2512 2494//2485
f 2490//2481 2506//2496 2503//2493
f 2399//2390 2471//2462 2431//2422
f 2480//2471 2505//2495 2492//2483
f 2408//2399 2430//2421 2524//2514
f 2373//2364 2504//2494 2510//2500
f 2487//2478 2492//2483 2512//2502
f 2505//2495 2513//2503 2492//2483
f 2445//2436 2408//2399 2524//2514
f 2177//2168 2461//2452 2526//2516
f 2431//2422 2523//2513 2467//2458
f 2377//2368 2533//2523 2309//2300
f 2177//2168 2527//2517 2417//2408
f 2377//2368 2218//2209 2533//2523
f 2485//2476 2525//2515 2505//2495
f 2364//2355 2308//2299 2412//2403
f 2289//2280 2515//2505 2202//2193
f 2347//2338 2393//2384 2496//2487
f 2473//2464 2411//2402 2519//2509
f 1555//1552 1683//1678 2681//2671
f 2348//2339 2529//2519 2263//2254
f 2347//2338 2496//2487 1714//1709
f 2078//2069 1979//1970 2530//2520
f 2423//2414 2511//2501 2433//2424
f 2504//2494 2508//2498 2510//2500
f 2508//2498 2487//2478 2512//2502
f 2451//2442 2479//2470 2450//2441
f 2361//2352 2457//2448 2432//2423
f 2407//2398 2525//2515 2485//2476
f 2492//2483 2513//2503 2512//2502
f 2505//2495 2525//2515 2513//2503
f 2524//2514 2430//2421 2463//2454
f 2461//2452 2510//2500 2526//2516
f 2466//2457 2537//2527 2455//2446
f 2158//2149 2535//2525 2407//2398
f 2177//2168 2526//2516 2527//2517
f 2512//2502 2513//2503 2528//2518
f 2158//2149 2202//2193 2535//2525
f 2525//2515 2407//2398 2534//2524
f 2512//2502 2528//2518 2508//2498
f 2466//2457 2470//2461 2537//2527
f 2488//2479 2445//2436 2524//2514
f 2415//2406 2453//2444 2541//2531
f 2415//2406 2541//2531 2489//2480
f 2439//2430 2473//2464 2542//2532
f 2434//2425 2539//2529 2438//2429
f 2447//2438 2489//2480 2543//2533
f 2455//2446 2541//2531 2453//2444
f 2447//2438 2543//2533 2457//2448
f 2451//2442 2507//2497 2479//2470
f 2472//2463 2467//2458 2511//2501
f 2411//2402 2469//2460 2519//2509
f 1555//1552 2681//2671 2443//2434
f 2439//2430 2542//2532 2507//2497
f 1906//1898 2230//2221 2521//2511
f 2255//2246 1760//1753 2178//2169
f 2255//2246 2178//2169 2516//2506
f 2435//2426 2499//2489 2437//2428
f 2433//2424 2540//2530 2486//2477
f 2488//2479 2538//2528 2429//2420
f 2525//2515 2534//2524 2513//2503
f 2433//2424 2511//2501 2540//2530
f 2513//2503 2536//2526 2528//2518
f 2407//2398 2535//2525 2534//2524
f 2534//2524 2536//2526 2513//2503
f 2510//2500 2508//2498 2526//2516
f 2508//2498 2528//2518 2544//2534
f 2202//2193 2546//2536 2535//2525
f 2417//2408 2527//2517 2550//2540
f 2507//2497 2547//2537 2479//2470
f 2526//2516 2508//2498 2548//2538
f 2202//2193 2515//2505 2546//2536
f 2527//2517 2526//2516 2548//2538
f 2417//2408 2550//2540 1963//1955
f 2432//2423 2457//2448 2551//2541
f 2469//2460 2539//2529 2519//2509
f 2432//2423 2551//2541 2475//2466
f 2497//2488 2182//2173 2183//2174
f 2437//2428 2499//2489 2329//2320
f 2469//2460 2438//2429 2539//2529
f 2434//2425 2486//2477 2539//2529
f 2366//2357 2329//2320 2160//2151
f 1959//1951 2268//2259 2554//2544
f 1753//1746 2023//2014 2555//2545
f 2455//2446 2560//2550 2541//2531
f 2431//2422 2471//2462 2523//2513
f 1721//1716 1998//1989 2569//2559
f 2522//2512 2604//2594 2494//2485
f 2535//2525 2546//2536 2534//2524
f 2524//2514 2463//2454 2549//2539
f 2463//2454 2475//2466 2549//2539
f 2508//2498 2544//2534 2548//2538
f 2527//2517 2548//2538 2550//2540
f 2471//2462 2509//2499 2523//2513
f 2473//2464 2519//2509 2542//2532
f 2528//2518 2536//2526 2544//2534
f 2455//2446 2537//2527 2560//2550
f 2546//2536 2556//2546 2534//2524
f 2548//2538 2553//2543 2550//2540
f 2543//2533 2489//2480 2561//2551
f 2479//2470 2547//2537 2509//2499
f 2511//2501 2562//2552 2540//2530
f 2542//2532 2519//2509 2563//2553
f 2548//2538 2544//2534 2552//2542
f 2511//2501 2467//2458 2562//2552
f 2544//2534 2536//2526 2558//2548
f 2506//2496 2602//2592 2503//2493
f 2534//2524 2556//2546 2557//2547
f 1732//1726 1605//1601 2520//2510
f 1959//1951 2554//2544 1961//1953
f 2265//2256 2477//2468 1964//1098
f 2204//2195 1999//1990 2679//2669
f 2418//2409 2494//2485 2622//2612
f 1967//1958 2518//2508 2420//2411
f 1829//1821 2180//2171 1720//1715
f 2534//2524 2557//2547 2536//2526
f 2478//2469 2350//2341 2571//2561
f 2489//2480 2541//2531 2561//2551
f 2515//2505 2579//2569 2567//2557
f 2550//2540 2553//2543 1963//1955
f 2544//2534 2558//2548 2552//2542
f 2475//2466 2551//2541 2549//2539
f 2507//2497 2542//2532 2547//2537
f 1963//1955 2553//2543 2248//2239
f 2548//2538 2552//2542 2553//2543
f 2557//2547 2558//2548 2536//2526
f 2524//2514 2559//2549 2488//2479
f 2470//2461 2538//2528 2537//2527
f 2515//2505 2567//2557 2546//2536
f 2467//2458 2523//2513 2562//2552
f 2457//2448 2543//2533 2551//2541
f 2486//2477 2540//2530 2539//2529
f 2546//2536 2567//2557 2556//2546
f 2552//2542 2558//2548 2564//2554
f 2561//2551 2541//2531 2582//2572
f 2523//2513 2509//2499 2570//2560
f 2558//2548 2557//2547 2564//2554
f 2519//2509 2539//2529 2572//2562
f 2560//2550 2582//2572 2541//2531
f 2488//2479 2574//2564 2538//2528
f 2464//2455 2584//2574 2162//2153
f 1944//1936 2576//2566 2374//2365
f 2160//2151 2329//2320 2578//2568
f 2135//2126 2575//2565 2499//2489
f 2499//2489 2577//2567 2329//2320
f 2329//2320 2577//2567 2578//2568
f 2413//2404 2412//2403 2675//2665
f 1998//1989 2398//2389 2601//2591
f 2440//2431 2661//2651 2619//2609
f 2567//2557 2557//2547 2556//2546
f 2552//2542 2564//2554 2553//2543
f 2476//2467 2581//2571 1814//1806
f 2503//2493 2602//2592 2545//2535
f 2264//2255 2545//2535 2416//2407
f 2309//2300 2533//2523 2589//2579
f 2553//2543 2564//2554 2568//2558
f 1931//1923 2495//2486 2618//2608
f 2023//2014 1698//1693 2555//2545
f 2567//2557 2568//2558 2557//2547
f 2494//2485 2604//2594 2622//2612
f 1964//1098 2477//2468 1751//128
f 2231//2222 2078//2069 2751//2741
f 2682//2672 1527//1524 2591//2581
f 2230//2221 2095//2086 2628//2618
f 2162//2153 2584//2574 2579//2569
f 2568//2558 2564//2554 2557//2547
f 2474//2465 1817//1809 2590//2580
f 2418//2409 2500//2490 1800//1792
f 1983//1974 2514//2504 1907//1899
f 2078//2069 2530//2520 2751//2741
f 1985//1976 2474//2465 2588//2578
f 1527//1524 1907//1899 2591//2581
f 2397//2388 1985//1976 2588//2578
f 1817//1809 2501//2491 2590//2580
f 2488//2479 2559//2549 2574//2564
f 2524//2514 2549//2539 2559//2549
f 2523//2513 2570//2560 2562//2552
f 2562//2552 2573//2563 2540//2530
f 2519//2509 2572//2562 2563//2553
f 2540//2530 2573//2563 2539//2529
f 2567//2557 2579//2569 2580//2570
f 2567//2557 2580//2570 2568//2558
f 2553//2543 2580//2570 2248//2239
f 2553//2543 2568//2558 2580//2570
f 1740//1734 2288//2279 2183//2174
f 2183//2174 2288//2279 2586//2576
f 2374//2365 2576//2566 2575//2565
f 2135//2126 2374//2365 2575//2565
f 2509//2499 2547//2537 2587//2577
f 2551//2541 2543//2533 2598//2588
f 2537//2527 2538//2528 2574//2564
f 2542//2532 2563//2553 2547//2537
f 2539//2529 2573//2563 2572//2562
f 2183//2174 2586//2576 2497//2488
f 2509//2499 2587//2577 2570//2560
f 1979//1970 2015//2006 2603//2593
f 1979//1970 2603//2593 2530//2520
f 2537//2527 2574//2564 2560//2550
f 2246//2237 2621//2611 2444//2435
f 1683//1678 2161//2152 2605//2595
f 2161//2152 2395//2386 2605//2595
f 2503//2493 2545//2535 2264//2255
f 2464//2455 1863//1855 2668//2658
f 2573//2563 2562//2552 2587//2577
f 2265//2256 1777//128 2759//2749
f 2522//2512 2484//2475 2604//2594
f 2442//2433 1751//128 2498//2256
f 2464//2455 2668//2658 2584//2574
f 2072//2063 2565//2555 2446//2437
f 1944//1936 2592//2582 2576//2566
f 2499//2489 2575//2565 2577//2567
f 2160//2151 2578//2568 2288//2279
f 2577//2567 2593//2583 2578//2568
f 2230//2221 2628//2618 2612//2602
f 2561//2551 2582//2572 2543//2533
f 2547//2537 2563//2553 2587//2577
f 2576//2566 2592//2582 2575//2565
f 2288//2279 2594//2584 2586//2576
f 2551//2541 2598//2588 2549//2539
f 1944//1936 2521//2511 2592//2582
f 2288//2279 2578//2568 2594//2584
f 2578//2568 2593//2583 2594//2584
f 2577//2567 2575//2565 2593//2583
f 2570//2560 2587//2577 2562//2552
f 2543//2533 2582//2572 2598//2588
f 2549//2539 2598//2588 2559//2549
f 2597//2587 2599//2589 2586//2576
f 2596//2586 2600//2590 2595//2585
f 2597//2587 2586//2576 2594//2584
f 2592//2582 2596//2586 2575//2565
f 2596//2586 2595//2585 2593//2583
f 2595//2585 2597//2587 2593//2583
f 2597//2587 2594//2584 2593//2583
f 2593//2583 2575//2565 2596//2586
f 2572//2562 2573//2563 2587//2577
f 2572//2562 2587//2577 2563//2553
f 2560//2550 2574//2564 2582//2572
f 2521//2511 2230//2221 2612//2602
f 2580//2570 2616//2606 2248//2239
f 2579//2569 2584//2574 2615//2605
f 2580//2570 2579//2569 2615//2605
f 2580//2570 2614//2604 2616//2606
f 2559//2549 2598//2588 2574//2564
f 2580//2570 2615//2605 2614//2604
f 2599//2589 2497//2488 2586//2576
f 2595//2585 2600//2590 2613//2603
f 2592//2582 2606//2596 2596//2586
f 2248//2239 2616//2606 2332//2323
f 2595//2585 2607//2597 2597//2587
f 2597//2587 2610//2600 2599//2589
f 2600//2590 2609//2599 2613//2603
f 2600//2590 2611//2601 2609//2599
f 2600//2590 2596//2586 2611//2601
f 2595//2585 2613//2603 2608//2598
f 2414//2405 2413//2404 2660//2650
f 2308//2299 2583//2573 2412//2403
f 2495//2486 2440//2431 2619//2609
f 2533//2523 2218//2209 2589//2579
f 2484//2475 1931//1923 2618//2608
f 2618//2608 2495//2486 2620//2610
f 2444//2435 2621//2611 2491//2482
f 2132//2123 2266//2257 2786//2776
f 1605//1601 2000//1991 2520//2510
f 2484//2475 2618//2608 2604//2594
f 1762//1755 1729//1724 2633//2623
f 2231//2222 2617//2607 1775//1768
f 2015//2006 1966//1957 2783//2773
f 2582//2572 2574//2564 2598//2588
f 2599//2589 2610//2600 2497//2488
f 2595//2585 2608//2598 2607//2597
f 2597//2587 2607//2597 2610//2600
f 2596//2586 2606//2596 2611//2601
f 2592//2582 2521//2511 2606//2596
f 2313//2304 2497//2488 2623//2613
f 2608//2598 2624//2614 2607//2597
f 2610//2600 2607//2597 2624//2614
f 2610//2600 2624//2614 2625//2615
f 2497//2488 2625//2615 2623//2613
f 2610//2600 2625//2615 2497//2488
f 2606//2596 2521//2511 2612//2602
f 2608//2598 2626//2616 2624//2614
f 2606//2596 2612//2602 2627//2617
f 2606//2596 2627//2617 2611//2601
f 2608//2598 2613//2603 2626//2616
f 2611//2601 2627//2617 2609//2599
f 2609//2599 2626//2616 2613//2603
f 2660//2650 2413//2404 2675//2665
f 2331//2322 2422//2413 2632//2622
f 2418//2409 2622//2612 2500//2490
f 2106//2097 2132//2123 2631//2621
f 2491//2482 2602//2592 2506//2496
f 1721//1716 2569//2559 2157//2148
f 1729//1724 2157//2148 2633//2623
f 2350//2341 2446//2437 2571//2561
f 1980//1971 2110//2101 2462//2453
f 2609//2599 2627//2617 2626//2616
f 2313//2304 2623//2613 2656//2646
f 2614//2604 2636//2626 2616//2606
f 2615//2605 2584//2574 2637//2627
f 2180//2171 2313//2304 2656//2646
f 2207//2198 2414//2405 2660//2650
f 2412//2403 2583//2573 2675//2665
f 2262//2253 2106//2097 2631//2621
f 2476//2467 2566//2556 2581//2571
f 2491//2482 2621//2611 2602//2592
f 2516//2506 2744//2734 1667//1662
f 1907//1899 2514//2504 2634//2624
f 2529//2519 2013//2004 2629//2619
f 1982//1973 1813//1805 2777//2767
f 2397//2388 2878//2868 2776//2766
f 1905//1897 2895//2885 2112//2103
f 2624//2614 2640//2630 2625//2615
f 2566//2556 2416//2407 2635//2625
f 2627//2617 2612//2602 2638//2628
f 2624//2614 2626//2616 2639//2629
f 2627//2617 2639//2629 2626//2616
f 2627//2617 2638//2628 2639//2629
f 2625//2615 2640//2630 2656//2646
f 2612//2602 2628//2618 2638//2628
f 2624//2614 2639//2629 2640//2630
f 2625//2615 2656//2646 2623//2613
f 2642//2632 2643//2633 2641//2631
f 2642//2632 2648//2638 2643//2633
f 2642//2632 2645//2635 2648//2638
f 2644//2634 2652//2642 2645//2635
f 2655//2645 2643//2633 2648//2638
f 2651//2641 2647//2637 2646//2636
f 2646//2636 2643//2633 2655//2645
f 2642//2632 2658//2648 2645//2635
f 2655//2645 2651//2641 2646//2636
f 2653//2643 2655//2645 2652//2642
f 2652//2642 2644//2634 2650//2640
f 2655//2645 2648//2638 2652//2642
f 2648//2638 2645//2635 2652//2642
f 2649//2639 2654//2644 2653//2643
f 2649//2639 2653//2643 2650//2640
f 2653//2643 2654//2644 2655//2645
f 2645//2635 2658//2648 2644//2634
f 2644//2634 2658//2648 2659//2649
f 2653//2643 2652//2642 2650//2640
f 2654//2644 2651//2641 2655//2645
f 2649//2639 2657//2647 2654//2644
f 2644//2634 2659//2649 2664//2654
f 2644//2634 2664//2654 2650//2640
f 2650//2640 2666//2656 2649//2639
f 2650//2640 2664//2654 2665//2655
f 2650//2640 2665//2655 2666//2656
f 2654//2644 2657//2647 2651//2641
f 2657//2647 2649//2639 2666//2656
f 2641//2631 2643//2633 2669//2659
f 2643//2633 2671//2661 2669//2659
f 2646//2636 2671//2661 2643//2633
f 2647//2637 2670//2660 2646//2636
f 2647//2637 2651//2641 2670//2660
f 2646//2636 2670//2660 2671//2661
f 2657//2647 2672//2662 2651//2641
f 2657//2647 2666//2656 2672//2662
f 2651//2641 2672//2662 2670//2660
f 2642//2632 2641//2631 2669//2659
f 2658//2648 2673//2663 2659//2649
f 2658//2648 2642//2632 2673//2663
f 2616//2606 2502//2492 2332//2323
f 2642//2632 2669//2659 2673//2663
f 2330//2321 2678//2668 2745//2735
f 2015//2006 2783//2773 2603//2593
f 1961//1953 2677//2667 2375//2366
f 2330//2321 2396//2387 2678//2668
f 2529//2519 2629//2619 2263//2254
f 2375//2366 2677//2667 2818//2808
f 2777//2767 1667//1662 2663//2653
f 1683//1678 2605//2595 2681//2671
f 2416//2407 2545//2535 2680//2670
f 2637//2627 2584//2574 2668//2658
f 2218//2209 1718//1713 2682//2672
f 1998//1989 2601//2591 2569//2559
f 2397//2388 2588//2578 2878//2868
f 1966//1957 2465//2456 2783//2773
f 2615//2605 2667//2657 2614//2604
f 2615//2605 2637//2627 2667//2657
f 2496//2487 2630//2620 2683//2673
f 2496//2487 2683//2673 1714//1709
f 2659//2649 2674//2664 2664//2654
f 2659//2649 2676//2666 2674//2664
f 2637//2627 2668//2658 2667//2657
f 2616//2606 2636//2626 2502//2492
f 2614//2604 2667//2657 2636//2626
f 2671//2661 2691//2681 2669//2659
f 2671//2661 2690//2680 2691//2681
f 2669//2659 2691//2681 2694//2684
f 2670//2660 2690//2680 2671//2661
f 2180//2171 2656//2646 1720//1715
f 2670//2660 2684//2674 2690//2680
f 2666//2656 2700//2690 2710//2700
f 2672//2662 2708//2698 2706//2696
f 2670//2660 2672//2662 2706//2696
f 2670//2660 2706//2696 2709//2699
f 2670//2660 2709//2699 2703//2693
f 2672//2662 2704//2694 2708//2698
f 2670//2660 2703//2693 2684//2674
f 2666//2656 2710//2700 2705//2695
f 1863//1855 2687//2677 2668//2658
f 2672//2662 2705//2695 2707//2697
f 2672//2662 2666//2656 2705//2695
f 2672//2662 2707//2697 2704//2694
f 1720//1715 2656//2646 2687//2677
f 1720//1715 2687//2677 1863//1855
f 2666//2656 2701//2691 2700//2690
f 2659//2649 2673//2663 2711//2701
f 2673//2663 2712//2702 2711//2701
f 2669//2659 2712//2702 2673//2663
f 2669//2659 2694//2684 2712//2702
f 2659//2649 2711//2701 2676//2666
f 2668//2658 2688//2678 2667//2657
f 2664//2654 2674//2664 2702//2692
f 2500//2490 2622//2612 2699//2689
f 2664//2654 2702//2692 2665//2655
f 2622//2612 2697//2687 2699//2689
f 2622//2612 2604//2594 2698//2688
f 2604//2594 2618//2608 2698//2688
f 2666//2656 2665//2655 2701//2691
f 2622//2612 2698//2688 2697//2687
f 2500//2490 2692//2682 2393//2384
f 2602//2592 2696//2686 2695//2685
f 2602//2592 2695//2685 2545//2535
f 2665//2655 2702//2692 2701//2691
f 2581//2571 2566//2556 2741//2731
f 2639//2629 2693//2683 2640//2630
f 2639//2629 2638//2628 2685//2675
f 2638//2628 2628//2618 2685//2675
f 2514//2504 2112//2103 2715//2705
f 2589//2579 2218//2209 2739//2729
f 2204//2195 2679//2669 1874//1866
f 2375//2366 2818//2808 2441//2432
f 2419//2410 2502//2492 2686//2676
f 2349//2340 1814//1806 2717//2707
f 2395//2386 1662//1657 2716//2706
f 1662//1657 2349//2340 2716//2706
f 2591//2581 1907//1899 2634//2624
f 1814//1806 2581//2571 2717//2707
f 2419//2410 2686//2676 2267//2258
f 2396//2387 2309//2300 2678//2668
f 2416//2407 2680//2670 2635//2625
f 2502//2492 2636//2626 2686//2676
f 2636//2626 2689//2679 2686//2676
f 2668//2658 2687//2677 2688//2678
f 2667//2657 2688//2678 2689//2679
f 2667//2657 2689//2679 2636//2626
f 2267//2258 2686//2676 2685//2675
f 2628//2618 2267//2258 2685//2675
f 2656//2646 2640//2630 2693//2683
f 2685//2675 2693//2683 2639//2629
f 2602//2592 2621//2611 2696//2686
f 2500//2490 2699//2689 2692//2682
f 2656//2646 2693//2683 2687//2677
f 2693//2683 2685//2675 2713//2703
f 2693//2683 2713//2703 2687//2677
f 2545//2535 2695//2685 2680//2670
f 2688//2678 2713//2703 2689//2679
f 2686//2676 2689//2679 2713//2703
f 2688//2678 2687//2677 2713//2703
f 2713//2703 2685//2675 2686//2676
f 2516//2506 2178//2169 2744//2734
f 2697//2687 2698//2688 2718//2708
f 2312//2303 2330//2321 2745//2735
f 2589//2579 2739//2729 2309//2300
f 2621//2611 2312//2303 2725//2715
f 2263//2254 2742//2732 2424//2415
f 2514//2504 2715//2705 2714//2704
f 1960//1952 2740//2730 2517//2507
f 1961//1953 2554//2544 2677//2667
f 1732//1726 2520//2510 2501//2491
f 2514//2504 2714//2704 2634//2624
f 2618//2608 2620//2610 2720//2710
f 1775//1768 2617//2607 2743//2733
f 2581//2571 2741//2731 2717//2707
f 1714//1709 2683//2673 2465//2456
f 2566//2556 2635//2625 2750//2740
f 2266//2257 2478//2469 2786//2776
f 2495//2486 2619//2609 2620//2610
f 2674//2664 2676//2666 2728//2718
f 2496//2487 2393//2384 2630//2620
f 2674//2664 2728//2718 2702//2692
f 2702//2692 2719//2709 2701//2691
f 2702//2692 2728//2718 2719//2709
f 2696//2686 2621//2611 2724//2714
f 2696//2686 2680//2670 2695//2685
f 2696//2686 2724//2714 2680//2670
f 2621//2611 2725//2715 2724//2714
f 2690//2680 2684//2674 2726//2716
f 2684//2674 2730//2720 2726//2716
f 2691//2681 2690//2680 2726//2716
f 2712//2702 2694//2684 2729//2719
f 2691//2681 2726//2716 2729//2719
f 2718//2708 2698//2688 2720//2710
f 2618//2608 2720//2710 2698//2688
f 2697//2687 2718//2708 2699//2689
f 2691//2681 2729//2719 2694//2684
f 2699//2689 2718//2708 2692//2682
f 2700//2690 2701//2691 2727//2717
f 2703//2693 2709//2699 2730//2720
f 2705//2695 2710//2700 2707//2697
f 2706//2696 2708//2698 2709//2699
f 2700//2690 2727//2717 2710//2700
f 2704//2694 2707//2697 2708//2698
f 2684//2674 2703//2693 2730//2720
f 2701//2691 2719//2709 2727//2717
f 2676//2666 2711//2701 2728//2718
f 2720//2710 2620//2610 2738//2728
f 2680//2670 2735//2725 2748//2738
f 2722//2712 2711//2701 2721//2711
f 2725//2715 2723//2713 2712//2702
f 2720//2710 2738//2728 2732//2722
f 2731//2721 2735//2725 2680//2670
f 2733//2723 2736//2726 2731//2721
f 2724//2714 2726//2716 2680//2670
f 2680//2670 2726//2716 2730//2720
f 2712//2702 2723//2713 2711//2701
f 2724//2714 2725//2715 2729//2719
f 2723//2713 2721//2711 2711//2701
f 2722//2712 2692//2682 2728//2718
f 2729//2719 2725//2715 2712//2702
f 2731//2721 2736//2726 2735//2725
f 2727//2717 2719//2709 2720//2710
f 2722//2712 2728//2718 2711//2701
f 2692//2682 2734//2724 2393//2384
f 2726//2716 2724//2714 2729//2719
f 2731//2721 2680//2670 2730//2720
f 2710//2700 2727//2717 2732//2722
f 2733//2723 2707//2697 2732//2722
f 2721//2711 2737//2727 2734//2724
f 2733//2723 2731//2721 2708//2698
f 2720//2710 2732//2722 2727//2717
f 2718//2708 2719//2709 2728//2718
f 2720//2710 2719//2709 2718//2708
f 2692//2682 2722//2712 2734//2724
f 2731//2721 2709//2699 2708//2698
f 2733//2723 2732//2722 2736//2726
f 2733//2723 2708//2698 2707//2697
f 2732//2722 2707//2697 2710//2700
f 2721//2711 2734//2724 2722//2712
f 2718//2708 2728//2718 2692//2682
f 2721//2711 2723//2713 2737//2727
f 2723//2713 2725//2715 2312//2303
f 2723//2713 2312//2303 2737//2727
f 2731//2721 2730//2720 2709//2699
f 2732//2722 2738//2728 2747//2737
f 2680//2670 2748//2738 2635//2625
f 2732//2722 2747//2737 2736//2726
f 2735//2725 2736//2726 2746//2736
f 2736//2726 2747//2737 2746//2736
f 2735//2725 2746//2736 2748//2738
f 2309//2300 2739//2729 2749//2739
f 2617//2607 2231//2222 2751//2741
f 1839//1831 2420//2411 2421//2412
f 2566//2556 2750//2740 2741//2731
f 2678//2668 2309//2300 2749//2739
f 2331//2322 2632//2622 2002//1993
f 2312//2303 2755//2745 2737//2727
f 2737//2727 2755//2745 2753//2743
f 2734//2724 2754//2744 2756//2746
f 2737//2727 2754//2744 2734//2724
f 2734//2724 2752//2742 2630//2620
f 2734//2724 2630//2620 2393//2384
f 2734//2724 2756//2746 2752//2742
f 2737//2727 2753//2743 2754//2744
f 2312//2303 2745//2735 2755//2745
f 2747//2737 2763//2753 2746//2736
f 2747//2737 2762//2752 2763//2753
f 2746//2736 2761//2751 2760//2750
f 2746//2736 2760//2750 2748//2738
f 2748//2738 2764//2754 2635//2625
f 2748//2738 2760//2750 2764//2754
f 2747//2737 2738//2728 2762//2752
f 2620//2610 2619//2609 2762//2752
f 2620//2610 2762//2752 2738//2728
f 2207//2198 2660//2650 2000//1991
f 1960//1952 2074//2065 2740//2730
f 2629//2619 2757//2747 2263//2254
f 1775//1768 2743//2733 1698//1693
f 1667//1662 2744//2734 2663//2653
f 2739//2729 2218//2209 2766//2756
f 2635//2625 2764//2754 2750//2740
f 2783//2773 2465//2456 2784//2774
f 2571//2561 2446//2437 2791//2781
f 2446//2437 2565//2555 2791//2781
f 2465//2456 2683//2673 2784//2774
f 2601//2591 2398//2389 2765//2755
f 2072//2063 2443//2434 2565//2555
f 2112//2103 2895//2885 2715//2705
f 2395//2386 2716//2706 2758//2748
f 2263//2254 2757//2747 2742//2732
f 2218//2209 2682//2672 2766//2756
f 1751//128 2477//2468 2498//2256
f 2746//2736 2763//2753 2761//2751
f 2110//2101 2531//2521 2462//2453
f 2661//2651 2772//2762 2619//2609
f 2630//2620 2770//2760 2683//2673
f 2755//2745 2678//2668 2768//2758
f 2755//2745 2745//2735 2678//2668
f 2763//2753 2767//2757 2761//2751
f 2756//2746 2754//2744 2770//2760
f 2630//2620 2752//2742 2770//2760
f 2754//2744 2753//2743 2769//2759
f 2753//2743 2755//2745 2768//2758
f 2756//2746 2770//2760 2752//2742
f 2754//2744 2769//2759 2770//2760
f 2763//2753 2762//2752 2767//2757
f 2398//2389 2517//2507 2765//2755
f 2632//2622 2422//2413 2776//2766
f 2517//2507 2740//2730 2778//2768
f 1905//1897 1981//1972 2895//2885
f 2395//2386 2758//2748 2605//2595
f 2517//2507 2778//2768 2765//2755
f 2762//2752 2619//2609 2767//2757
f 2753//2743 2768//2758 2769//2759
f 2760//2750 2771//2761 2764//2754
f 2750//2740 2764//2754 2741//2731
f 2767//2757 2773//2763 2761//2751
f 2764//2754 2771//2761 2741//2731
f 2619//2609 2772//2762 2767//2757
f 2760//2750 2761//2751 2774//2764
f 2761//2751 2773//2763 2774//2764
f 2760//2750 2774//2764 2771//2761
f 2767//2757 2772//2762 2773//2763
f 2773//2763 2772//2762 2775//2765
f 2773//2763 2775//2765 2774//2764
f 2769//2759 2779//2769 2770//2760
f 2769//2759 2790//2780 2779//2769
f 2768//2758 2749//2739 2790//2780
f 2768//2758 2790//2780 2769//2759
f 2768//2758 2678//2668 2749//2739
f 2772//2762 2661//2651 2441//2432
f 2520//2510 2000//1991 2781//2771
f 2531//2521 2662//2652 2462//2453
f 2629//2619 2013//2004 2785//2775
f 2520//2510 2781//2771 2501//2491
f 2660//2650 2675//2665 2782//2772
f 2660//2650 2782//2772 2000//1991
f 2770//2760 2784//2774 2683//2673
f 2000//1991 2782//2772 2781//2771
f 2770//2760 2789//2779 2784//2774
f 2770//2760 2779//2769 2789//2779
f 2501//2491 2808//2798 2590//2580
f 2749//2739 2739//2729 2780//2770
f 2501//2491 2781//2771 2787//2777
f 2675//2665 2788//2778 2782//2772
f 2741//2731 2771//2761 2717//2707
f 2583//2573 2462//2453 2675//2665
f 2675//2665 2462//2453 2788//2778
f 2775//2765 2772//2762 2805//2795
f 2774//2764 2803//2793 2771//2761
f 2775//2765 2805//2795 2804//2794
f 2775//2765 2804//2794 2774//2764
f 2771//2761 2803//2793 2717//2707
f 2772//2762 2441//2432 2805//2795
f 2774//2764 2804//2794 2803//2793
f 2501//2491 2787//2777 2808//2798
f 2462//2453 2797//2787 2796//2786
f 2662//2652 2797//2787 2462//2453
f 2268//2259 2854//2844 2554//2544
f 2784//2774 2793//2783 2783//2773
f 2779//2769 2795//2785 2794//2784
f 2179//2170 1968//1959 2585//2575
f 2790//2780 2780//2770 2792//2782
f 2749//2739 2780//2770 2790//2780
f 1850//1842 1888//1880 2956//2946
f 2462//2453 2796//2786 2788//2778
f 2789//2779 2779//2769 2794//2784
f 2789//2779 2793//2783 2784//2774
f 2789//2779 2794//2784 2793//2783
f 2790//2780 2792//2782 2795//2785
f 2790//2780 2795//2785 2779//2769
f 2662//2652 2424//2415 2797//2787
f 2796//2786 2797//2787 2788//2778
f 2788//2778 2801//2791 2782//2772
f 2788//2778 2797//2787 2800//2790
f 2788//2778 2800//2790 2801//2791
f 2781//2771 2782//2772 2798//2788
f 2787//2777 2781//2771 2798//2788
f 2798//2788 2782//2772 2801//2791
f 2798//2788 2801//2791 2799//2789
f 2801//2791 2800//2790 2802//2792
f 2739//2729 2766//2756 2816//2806
f 2739//2729 2816//2806 2780//2770
f 2801//2791 2806//2796 2799//2789
f 2798//2788 2799//2789 2808//2798
f 2797//2787 2424//2415 2807//2797
f 2797//2787 2807//2797 2800//2790
f 2801//2791 2802//2792 2806//2796
f 2799//2789 2806//2796 2808//2798
f 2795//2785 2810//2800 2814//2804
f 2780//2770 2816//2806 2813//2803
f 2787//2777 2798//2788 2808//2798
f 2795//2785 2792//2782 2811//2801
f 2792//2782 2780//2770 2813//2803
f 2792//2782 2813//2803 2811//2801
f 2800//2790 2807//2797 2802//2792
f 2793//2783 2812//2802 2815//2805
f 2794//2784 2795//2785 2814//2804
f 2783//2773 2793//2783 2815//2805
f 2793//2783 2794//2784 2812//2802
f 2783//2773 2815//2805 2809//2799
f 2808//2798 2474//2465 2590//2580
f 2714//2704 2834//2824 2634//2624
f 2629//2619 2785//2775 2757//2747
f 2757//2747 2835//2825 2742//2732
f 2268//2259 1762//1755 2854//2844
f 1981//1972 2002//1993 2895//2885
f 1762//1755 2633//2623 2854//2844
f 1753//1746 2555//2545 2919//2909
f 2717//2707 2803//2793 2817//2807
f 2803//2793 2804//2794 2833//2823
f 2811//2801 2821//2811 2795//2785
f 2805//2795 2441//2432 2818//2808
f 2813//2803 2819//2809 2811//2801
f 2783//2773 2809//2799 2603//2593
f 2794//2784 2814//2804 2820//2810
f 2810//2800 2795//2785 2821//2811
f 2812//2802 2794//2784 2820//2810
f 2717//2707 2817//2807 2349//2340
f 2804//2794 2805//2795 2833//2823
f 2803//2793 2833//2823 2817//2807
f 2603//2593 2809//2799 2826//2816
f 2827//2817 2815//2805 2812//2802
f 2826//2816 2809//2799 2815//2805
f 2823//2813 2830//2820 2817//2807
f 2829//2819 2828//2818 2810//2800
f 2827//2817 2826//2816 2815//2805
f 2766//2756 2682//2672 2816//2806
f 2822//2812 2805//2795 2825//2815
f 2832//2822 2819//2809 2813//2803
f 2827//2817 2820//2810 2828//2818
f 2830//2820 2823//2813 2837//2827
f 2811//2801 2832//2822 2829//2819
f 2826//2816 2530//2520 2603//2593
f 2831//2821 2758//2748 2824//2814
f 2825//2815 2677//2667 2836//2826
f 2825//2815 2836//2826 2838//2828
f 2677//2667 2554//2544 2836//2826
f 2822//2812 2825//2815 2838//2828
f 2810//2800 2821//2811 2829//2819
f 2677//2667 2825//2815 2818//2808
f 2821//2811 2811//2801 2829//2819
f 2820//2810 2814//2804 2828//2818
f 2828//2818 2814//2804 2810//2800
f 2832//2822 2816//2806 2682//2672
f 2827//2817 2812//2802 2820//2810
f 2811//2801 2819//2809 2832//2822
f 2813//2803 2816//2806 2832//2822
f 2823//2813 2833//2823 2822//2812
f 2424//2415 2742//2732 2846//2836
f 2822//2812 2833//2823 2805//2795
f 2831//2821 2349//2340 2817//2807
f 2823//2813 2817//2807 2833//2823
f 2825//2815 2805//2795 2818//2808
f 2831//2821 2824//2814 2349//2340
f 2830//2820 2831//2821 2817//2807
f 2806//2796 2844//2834 2808//2798
f 2802//2792 2843//2833 2806//2796
f 2802//2792 2807//2797 2846//2836
f 2806//2796 2845//2835 2844//2834
f 2808//2798 2844//2834 2474//2465
f 2802//2792 2846//2836 2843//2833
f 2806//2796 2843//2833 2845//2835
f 2807//2797 2424//2415 2846//2836
f 2530//2520 2826//2816 2840//2830
f 2716//2706 2349//2340 2824//2814
f 2829//2819 2848//2838 2828//2818
f 2832//2822 2682//2672 2842//2832
f 2826//2816 2827//2817 2839//2829
f 2682//2672 2591//2581 2842//2832
f 2530//2520 2840//2830 2751//2741
f 2714//2704 2715//2705 2834//2824
f 1698//1693 2743//2733 2555//2545
f 2716//2706 2824//2814 2758//2748
f 2830//2820 2849//2839 2831//2821
f 2831//2821 2849//2839 2758//2748
f 2823//2813 2822//2812 2837//2827
f 2822//2812 2838//2828 2837//2827
f 2830//2820 2837//2827 2849//2839
f 2832//2822 2847//2837 2829//2819
f 2828//2818 2848//2838 2827//2817
f 2826//2816 2839//2829 2840//2830
f 2839//2829 2827//2817 2848//2838
f 2832//2822 2841//2831 2847//2837
f 2841//2831 2832//2822 2842//2832
f 2634//2624 2834//2824 2591//2581
f 2836//2826 2554//2544 2854//2844
f 2829//2819 2847//2837 2848//2838
f 2765//2755 2862//2852 2601//2591
f 2837//2827 2853//2843 2849//2839
f 2837//2827 2838//2828 2856//2846
f 2838//2828 2836//2826 2855//2845
f 2132//2123 2786//2776 2631//2621
f 2791//2781 2865//2855 2571//2561
f 2571//2561 2865//2855 2478//2469
f 2219//2210 1753//1746 2919//2909
f 2532//2522 2740//2730 2074//2065
f 1999//1990 2376//2367 2864//2854
f 2839//2829 2852//2842 2840//2830
f 2839//2829 2851//2841 2852//2842
f 2847//2837 2857//2847 2848//2838
f 2839//2829 2848//2838 2851//2841
f 2591//2581 2834//2824 2858//2848
f 2841//2831 2858//2848 2847//2837
f 2842//2832 2858//2848 2841//2831
f 2591//2581 2858//2848 2842//2832
f 2836//2826 2854//2844 2855//2845
f 2758//2748 2849//2839 2605//2595
f 2838//2828 2855//2845 2856//2846
f 2849//2839 2853//2843 2605//2595
f 2848//2838 2857//2847 2851//2841
f 2837//2827 2856//2846 2853//2843
f 2847//2837 2858//2848 2857//2847
f 2851//2841 2866//2856 2852//2842
f 2851//2841 2871//2861 2867//2857
f 2851//2841 2857//2847 2871//2861
f 2857//2847 2858//2848 2868//2858
f 2840//2830 2852//2842 2751//2741
f 2852//2842 2866//2856 2751//2741
f 2844//2834 2863//2853 2588//2578
f 2846//2836 2859//2849 2860//2850
f 2844//2834 2588//2578 2474//2465
f 2843//2833 2846//2836 2860//2850
f 2845//2835 2863//2853 2844//2834
f 2742//2732 2859//2849 2846//2836
f 2843//2833 2861//2851 2845//2835
f 2843//2833 2860//2850 2861//2851
f 2845//2835 2861//2851 2863//2853
f 2751//2741 2866//2856 2617//2607
f 2742//2732 2835//2825 2859//2849
f 2835//2825 2757//2747 2785//2775
f 2861//2851 2870//2860 2863//2853
f 2860//2850 2870//2860 2861//2851
f 2013//2004 2219//2210 2785//2775
f 2478//2469 2933//2923 2786//2776
f 2857//2847 2868//2858 2871//2861
f 2834//2824 2869//2859 2858//2848
f 2851//2841 2867//2857 2866//2856
f 2858//2848 2869//2859 2868//2858
f 2588//2578 2876//2866 2878//2868
f 2835//2825 2785//2775 2859//2849
f 2859//2849 2785//2775 2879//2869
f 2588//2578 2863//2853 2876//2866
f 2859//2849 2879//2869 2860//2850
f 2860//2850 2879//2869 2877//2867
f 2870//2860 2860//2850 2875//2865
f 2863//2853 2870//2860 2876//2866
f 2856//2846 2872//2862 2853//2843
f 2834//2824 2715//2705 2869//2859
f 2617//2607 2866//2856 2743//2733
f 1888//1880 2262//2253 2956//2946
f 2862//2852 2765//2755 2778//2768
f 1874//1866 2679//2669 2850//2840
f 2933//2923 2478//2469 2865//2855
f 2868//2858 2873//2863 2871//2861
f 2871//2861 2874//2864 2867//2857
f 2867//2857 2898//2888 2866//2856
f 2869//2859 2873//2863 2868//2858
f 2856//2846 2855//2845 2872//2862
f 2869//2859 2715//2705 2873//2863
f 2871//2861 2873//2863 2874//2864
f 2866//2856 2898//2888 2743//2733
f 2867//2857 2874//2864 2898//2888
f 2860//2850 2877//2867 2875//2865
f 2870//2860 2875//2865 2876//2866
f 2884//2874 2880//2870 2906//2896
f 2633//2623 2157//2148 2907//2897
f 2881//2871 2886//2876 2897//2887
f 2887//2877 2908//2898 2888//2878
f 2888//2878 2909//2899 2883//2873
f 2892//2882 2901//2891 2896//2886
f 2885//2875 2890//2880 2900//2890
f 2881//2871 2882//2872 2899//2889
f 2896//2886 2901//2891 2883//2873
f 2884//2874 2900//2890 2910//2900
f 2880//2870 2884//2874 2910//2900
f 2889//2879 2887//2877 2902//2892
f 2157//2148 2569//2559 2907//2897
f 2872//2862 2855//2845 2903//2893
f 2855//2845 2633//2623 2905//2895
f 2855//2845 2905//2895 2903//2893
f 2605//2595 2903//2893 2904//2894
f 2855//2845 2854//2844 2633//2623
f 2605//2595 2853//2843 2903//2893
f 2853//2843 2872//2862 2903//2893
f 2681//2671 2605//2595 2904//2894
f 2884//2874 2908//2898 2885//2875
f 2890//2880 2885//2875 2908//2898
f 2908//2898 2909//2899 2888//2878
f 2896//2886 2883//2873 2909//2899
f 2881//2871 2897//2887 2882//2872
f 2887//2877 2889//2879 2908//2898
f 2896//2886 2909//2899 2892//2882
f 2889//2879 2890//2880 2908//2898
f 2886//2876 2891//2881 2894//2884
f 2884//2874 2906//2896 2908//2898
f 2892//2882 2909//2899 2894//2884
f 2891//2881 2893//2883 2894//2884
f 2882//2872 2897//2887 2601//2591
f 2681//2671 2904//2894 2443//2434
f 2880//2870 2791//2781 2906//2896
f 2601//2591 2862//2852 2882//2872
f 2791//2781 2565//2555 2906//2896
f 2894//2884 2920//2910 2892//2882
f 2885//2875 2900//2890 2884//2874
f 2893//2883 2920//2910 2894//2884
f 2565//2555 2443//2434 2906//2896
f 2715//2705 2895//2885 2912//2902
f 2886//2876 2920//2910 2891//2881
f 2892//2882 2920//2910 2901//2891
f 2890//2880 2889//2879 2902//2892
f 2890//2880 2902//2892 2900//2890
f 2883//2873 2901//2891 2921//2911
f 2893//2883 2891//2881 2920//2910
f 2887//2877 2888//2878 2921//2911
f 2888//2878 2883//2873 2921//2911
f 2881//2871 2920//2910 2886//2876
f 2791//2781 2910//2900 2865//2855
f 2899//2889 2882//2872 2778//2768
f 2569//2559 2601//2591 2907//2897
f 2887//2877 2921//2911 2902//2892
f 2880//2870 2910//2900 2791//2781
f 2881//2871 2899//2889 2920//2910
f 2882//2872 2862//2852 2778//2768
f 2876//2866 2875//2865 2911//2901
f 2876//2866 2911//2901 2878//2868
f 2776//2766 2878//2868 2632//2622
f 2785//2775 2219//2210 2917//2907
f 2443//2434 2904//2894 2913//2903
f 2894//2884 2897//2887 2886//2876
f 2894//2884 2909//2899 2897//2887
f 2740//2730 2934//2924 2778//2768
f 2905//2895 2633//2623 2907//2897
f 2904//2894 2903//2893 2913//2903
f 2443//2434 2913//2903 2906//2896
f 2908//2898 2915//2905 2909//2899
f 2908//2898 2906//2896 2916//2906
f 2909//2899 2915//2905 2897//2887
f 2897//2887 2915//2905 2914//2904
f 2601//2591 2914//2904 2907//2897
f 2908//2898 2916//2906 2915//2905
f 2897//2887 2914//2904 2601//2591
f 2785//2775 2917//2907 2879//2869
f 2879//2869 2927//2917 2877//2867
f 2715//2705 2912//2902 2873//2863
f 2903//2893 2918//2908 2913//2903
f 2905//2895 2918//2908 2903//2893
f 2905//2895 2907//2897 2918//2908
f 2906//2896 2913//2903 2916//2906
f 2916//2906 2913//2903 2918//2908
f 2915//2905 2918//2908 2907//2897
f 2915//2905 2907//2897 2914//2904
f 2916//2906 2918//2908 2915//2905
f 2555//2545 2743//2733 2924//2914
f 2219//2210 2919//2909 2917//2907
f 2875//2865 2877//2867 2922//2912
f 2895//2885 2002//1993 2912//2902
f 2874//2864 2925//2915 2898//2888
f 2898//2888 2924//2914 2743//2733
f 2532//2522 2926//2916 2931//2921
f 2532//2522 2931//2921 2740//2730
f 2778//2768 2934//2924 2929//2919
f 2740//2730 2931//2921 2934//2924
f 2865//2855 2910//2900 2933//2923
f 2532//2522 2421//2412 2926//2916
f 2899//2889 2778//2768 2929//2919
f 2901//2891 2920//2910 2930//2920
f 2900//2890 2902//2892 2928//2918
f 2902//2892 2921//2911 2928//2918
f 2901//2891 2930//2920 2921//2911
f 2899//2889 2929//2919 2920//2910
f 2900//2890 2928//2918 2932//2922
f 2910//2900 2900//2890 2932//2922
f 2920//2910 2929//2919 2930//2920
f 2910//2900 2932//2922 2933//2923
f 2921//2911 2930//2920 2928//2918
f 2632//2622 2878//2868 2923//2913
f 2873//2863 2925//2915 2874//2864
f 2925//2915 2924//2914 2898//2888
f 2873//2863 2912//2902 2925//2915
f 2878//2868 2911//2901 2923//2913
f 2879//2869 2917//2907 2927//2917
f 2875//2865 2922//2912 2911//2901
f 2877//2867 2927//2917 2922//2912
f 2555//2545 2924//2914 2919//2909
f 2002//1993 2632//2622 2912//2902
f 2631//2621 2935//2925 2262//2253
f 2786//2776 2933//2923 2935//2925
f 2786//2776 2935//2925 2631//2621
f 2911//2901 2922//2912 2937//2927
f 2917//2907 2936//2926 2927//2917
f 2911//2901 2937//2927 2923//2913
f 2927//2917 2936//2926 2922//2912
f 2924//2914 2925//2915 2939//2929
f 2917//2907 2919//2909 2938//2928
f 2924//2914 2938//2928 2919//2909
f 2632//2622 2923//2913 2912//2902
f 1902//1894 2442//2433 2178//2169
f 2925//2915 2940//2930 2939//2929
f 2924//2914 2939//2929 2938//2928
f 2925//2915 2912//2902 2940//2930
f 2936//2926 2917//2907 2938//2928
f 2922//2912 2936//2926 2937//2927
f 2933//2923 2941//2931 2935//2925
f 2931//2921 2926//2916 2942//2932
f 2934//2924 2931//2921 2942//2932
f 2932//2922 2928//2918 2944//2934
f 2929//2919 2942//2932 2930//2920
f 2929//2919 2934//2924 2942//2932
f 2928//2918 2948//2938 2944//2934
f 2928//2918 2930//2920 2948//2938
f 2932//2922 2944//2934 2933//2923
f 2933//2923 2944//2934 2941//2931
f 2937//2927 2936//2926 2940//2930
f 2930//2920 2942//2932 2948//2938
f 2945//2935 2943//2933 2950//2940
f 2945//2935 2949//2939 2947//2937
f 2946//2936 2947//2937 2949//2939
f 2943//2933 2941//2931 2950//2940
f 2945//2935 2950//2940 2949//2939
f 2949//2939 2948//2938 2946//2936
f 2926//2916 2946//2936 2942//2932
f 2942//2932 2946//2936 2948//2938
f 2935//2925 2941//2931 2943//2933
f 2945//2935 2947//2937 2952//2942
f 2945//2935 2952//2942 2951//2941
f 2926//2916 2421//2412 2946//2936
f 2943//2933 2945//2935 2951//2941
f 2946//2936 2421//2412 2952//2942
f 2946//2936 2952//2942 2947//2937
f 2950//2940 2944//2934 2949//2939
f 2943//2933 2951//2941 2935//2925
f 2950//2940 2941//2931 2944//2934
f 2949//2939 2944//2934 2948//2938
f 2939//2929 2936//2926 2938//2928
f 2939//2929 2940//2930 2936//2926
f 2940//2930 2923//2913 2937//2927
f 2912//2902 2923//2913 2940//2930
f 2262//2253 2935//2925 2956//2946
f 2951//2941 2952//2942 2954//2944
f 2935//2925 2951//2941 2956//2946
f 2952//2942 2955//2945 2954//2944
f 2952//2942 2421//2412 2955//2945
f 1777//128 2585//2575 2759//2749
f 2951//2941 2959//2949 2956//2946
f 2421//2412 2957//2947 2955//2945
f 2951//2941 2958//2948 2959//2949
f 2951//2941 2954//2944 2958//2948
f 2421//2412 2420//2411 2957//2947
f 2744//2734 2178//2169 2953//2943
f 2777//2767 2663//2653 2979//2969
f 1850//1842 2961//2951 2376//2367
f 2953//2943 2178//2169 2960//2950
f 2957//2947 2963//2953 2955//2945
f 2955//2945 2963//2953 2954//2944
f 2954//2944 2963//2953 2958//2948
f 2958//2948 2963//2953 2959//2949
f 1982//1973 2964//2954 1967//1958
f 2326//2317 1874//1866 2965//2955
f 1874//1866 2850//2840 2965//2955
f 2976//2966 2498//2256 2477//2468
f 2442//2433 2498//2256 2968//2958
f 2376//2367 2966//2956 2864//2854
f 2376//2367 2961//2951 2966//2956
f 2956//2946 2961//2951 1850//1842
f 2178//2169 2962//2952 2960//2950
f 2518//2508 1967//1958 2964//2954
f 2957//2947 2967//2957 2963//2953
f 2959//2949 2970//2960 2956//2946
f 1982//1973 2777//2767 2964//2954
f 1999//1990 2864//2854 2679//2669
f 2477//2468 2265//2256 2975//2965
f 1968//1959 2326//2317 2969//2959
f 2963//2953 2971//2961 2959//2949
f 2964//2954 2777//2767 2979//2969
f 2178//2169 2442//2433 2962//2952
f 2956//2946 2970//2960 2961//2951
f 2963//2953 2967//2957 2971//2961
f 2265//2256 2759//2749 2975//2965
f 2957//2947 2420//2411 2518//2508
f 2957//2947 2518//2508 2967//2957
f 2477//2468 2975//2965 2976//2966
f 2959//2949 2971//2961 2970//2960
f 2585//2575 1968//1959 2972//2962
f 2967//2957 2518//2508 2973//2963
f 2759//2749 2585//2575 2972//2962
f 2961//2951 2970//2960 2978//2968
f 2967//2957 2973//2963 2977//2967
f 2971//2961 2974//2964 2970//2960
f 2326//2317 2965//2955 2969//2959
f 2967//2957 2977//2967 2971//2961
f 2679//2669 2980//2970 2850//2840
f 1968//1959 2969//2959 2972//2962
f 2518//2508 2964//2954 2973//2963
f 2744//2734 2981//2971 2663//2653
f 2978//2968 2970//2960 2974//2964
f 2744//2734 2953//2943 2981//2971
f 2679//2669 2864//2854 2980//2970
f 2971//2961 2977//2967 2974//2964
f 2442//2433 2968//2958 2962//2952
f 2975//2965 2759//2749 2972//2962
f 2961//2951 2978//2968 2966//2956
f 2979//2969 2663//2653 2981//2971
f 2498//2256 2976//2966 2968//2958
f 2953//2943 2960//2950 2981//2971
f 2850//2840 2980//2970 2965//2955
f 2974//2964 2982//2972 2978//2968
f 2974//2964 2983//2973 2982//2972
f 2974//2964 2977//2967 2983//2973
f 2980//2970 2864//2854 2965//2955
f 2976//2966 2984//2974 2968//2958
f 2976//2966 2975//2965 2984//2974
f 2979//2969 2985//2975 2964//2954
f 2977//2967 2973//2963 2983//2973
f 2966//2956 2978//2968 2982//2972
f 2981//2971 2985//2975 2979//2969
f 2981//2971 2960//2950 2985//2975
f 2864//2854 2987//2977 2965//2955
f 2965//2955 2987//2977 2988//2978
f 2864//2854 2986//2976 2987//2977
f 2975//2965 2992//2982 2989//2979
f 2968//2958 2984//2974 2991//2981
f 2969//2959 2988//2978 2992//2982
f 2962//2952 2968//2958 2990//2980
f 2975//2965 2972//2962 2992//2982
f 2864//2854 2966//2956 2986//2976
f 2983//2973 2993//2983 2982//2972
f 2983//2973 2973//2963 2993//2983
f 2982//2972 2993//2983 2994//2984
f 2973//2963 2995//2985 2993//2983
f 2966//2956 2982//2972 2996//2986
f 2973//2963 2964//2954 2995//2985
f 2982//2972 2994//2984 2996//2986
f 2964//2954 2985//2975 2995//2985
f 2960//2950 2962//2952 2997//2987
f 2965//2955 2988//2978 2969//2959
f 2968//2958 2991//2981 2990//2980
f 2972//2962 2969//2959 2992//2982
f 2984//2974 2975//2965 2989//2979
f 2962//2952 2990//2980 2997//2987
f 2984//2974 2989//2979 2991//2981
f 2966//2956 2996//2986 2986//2976
f 2985//2975 2960//2950 2997//2987
f 2985//2975 2998//2988 2995//2985
f 2985//2975 2997//2987 2998//2988
f 2987//2977 2986//2976 2988//2978
f 2992//2982 3001//2991 2989//2979
f 2998//2988 2997//2987 2999//2989
f 2988//2978 2986//2976 3000//2990
f 2993//2983 2995//2985 2999//2989
f 2994//2984 2993//2983 3002//2992
f 2986//2976 2996//2986 3000//2990
f 2997//2987 2990//2980 2999//2989
f 2999//2989 2990//2980 2991//2981
f 2998//2988 2999//2989 2995//2985
f 3001//2991 2996//2986 2994//2984
f 3000//2990 2992//2982 2988//2978
f 3002//2992 2991//2981 2989//2979
f 2993//2983 2999//2989 3002//2992
f 2994//2984 3002//2992 3001//2991
f 3002//2992 2999//2989 2991//2981
f 2992//2982 3000//2990 3001//2991
f 2989//2979 3001//2991 3002//2992
f 2996//2986 3001//2991 3000//2990
