# Blender 5.2.0 LTS
# www.blender.org
mtllib urn_kylix.mtl
o urn_kylix
v -0.946923 0.538421 0.122337
v -0.949432 0.548913 -0.115109
v -0.938701 0.581562 0.006698
v -0.925370 0.561450 0.223575
v -0.925306 0.519320 -0.167182
v -0.929240 0.510810 0.120727
v -0.927456 0.500867 -0.064703
v -0.933224 0.425251 0.001866
v -0.882607 0.582751 0.317955
v -0.918364 0.416903 -0.059517
v -0.917238 0.368082 -0.066604
v -0.920945 0.408631 0.064638
v -0.911959 0.491817 0.130740
v -0.897502 0.543118 0.329556
v -0.923008 0.478279 0.121760
v -0.927259 0.453317 -0.091644
v -0.926901 0.448431 0.088645
v -0.912141 0.501570 -0.204987
v -0.896159 0.265285 0.057310
v -0.918008 0.455855 0.141182
v -0.910927 0.452942 -0.115443
v -0.890733 0.585481 -0.268617
v -0.898677 0.273626 0.079062
v -0.906158 0.423818 0.088816
v -0.900245 0.280199 -0.057537
v -0.912517 0.476047 -0.106563
v -0.904184 0.510492 0.239233
v -0.894878 0.469150 -0.176047
v -0.907381 0.325270 -0.083049
v -0.906340 0.411748 0.159472
v -0.904548 0.426299 0.195431
v -0.904171 0.405297 -0.158988
v -0.910242 0.454376 -0.192786
v -0.908758 0.479356 -0.171296
v -0.898344 0.391650 -0.103454
v -0.896100 0.485385 -0.186892
v -0.911647 0.413778 -0.195052
v -0.917220 0.401888 0.189683
v -0.876209 0.497608 0.293129
v -0.900719 0.389363 0.102713
v -0.896841 0.422984 -0.188474
v -0.888727 0.287889 -0.176972
v -0.881503 0.352857 -0.285329
v -0.903863 0.380019 -0.112634
v -0.903841 0.378999 0.123347
v -0.900568 0.461209 -0.198486
v -0.891843 0.304852 0.158949
v -0.892514 0.298840 -0.157308
v -0.899022 0.495926 -0.220440
v -0.878999 0.270299 0.085547
v -0.905373 0.546529 -0.309728
v -0.883400 0.426217 -0.272732
v -0.867364 0.510792 -0.348597
v -0.864150 0.274424 0.139257
v -0.867630 0.509910 0.347204
v -0.862896 0.206049 -0.056455
v -0.856350 0.561447 -0.415545
v -0.876612 0.595503 -0.085143
v -0.871135 0.284080 -0.143332
v -0.887297 0.416245 0.286040
v -0.865734 0.231653 0.172979
v -0.868752 0.216237 -0.075353
v -0.826671 0.172216 -0.082785
v -0.874712 0.620790 -0.079473
v -0.855145 0.279150 0.288995
v -0.873015 0.412449 0.297581
v -0.838290 0.189573 -0.144952
v -0.872374 0.415780 -0.295832
v -0.850772 0.263282 -0.282842
v -0.869831 0.455175 0.329883
v -0.855899 0.319327 -0.308370
v -0.866123 0.448413 -0.330896
v -0.863048 0.467236 -0.327860
v -0.851328 0.203980 0.149373
v -0.859822 0.595625 0.190593
v -0.873771 0.622755 0.084389
v -0.857403 0.328531 0.312927
v -0.828492 0.168645 -0.168162
v -0.847999 0.482135 0.362078
v -0.817800 0.194394 0.270819
v -0.847687 0.595945 -0.233260
v -0.821518 0.531393 0.475596
v -0.852115 0.387114 -0.328759
v -0.856871 0.400128 0.323688
v -0.843059 0.443810 0.384437
v -0.844642 0.477398 -0.369851
v -0.802624 0.168851 -0.264721
v -0.815787 0.510879 0.457969
v -0.781575 0.560552 0.546394
v -0.829875 0.156283 0.051416
v -0.846829 0.380607 0.340174
v -0.832431 0.380959 -0.369064
v -0.813734 0.203227 -0.291425
v -0.836832 0.622097 -0.262709
v -0.819793 0.151592 0.074029
v -0.826789 0.422832 0.374524
v -0.843409 0.444189 -0.394219
v -0.826334 0.421679 -0.373287
v -0.809820 0.511563 -0.470015
v -0.818172 0.214825 0.294285
v -0.792460 0.112554 -0.049490
v -0.833477 0.386887 0.370883
v -0.787410 0.227614 0.322233
v -0.821436 0.424807 0.410475
v -0.786946 0.118542 0.156988
v -0.777835 0.497539 -0.501136
v -0.790688 0.116109 -0.071337
v -0.790959 0.233993 -0.322888
v -0.806119 0.596484 0.348768
v -0.819004 0.623434 0.311344
v -0.827142 0.330083 0.380765
v -0.785221 0.497650 0.485588
v -0.805742 0.146395 0.132835
v -0.831195 0.415226 -0.423916
v -0.829174 0.419351 0.427797
v -0.824610 0.413850 -0.407633
v -0.811350 0.285933 0.400373
v -0.797649 0.594907 -0.370184
v -0.761690 0.539361 -0.575354
v -0.819484 0.290718 -0.380246
v -0.805406 0.267894 -0.401815
v -0.797547 0.132874 -0.135939
v -0.787227 0.232008 -0.356345
v -0.780352 0.578090 -0.527164
v -0.761129 0.320352 -0.505466
v -0.787859 0.620163 -0.383699
v -0.772721 0.626056 -0.013716
v -0.779965 0.412877 -0.508960
v -0.779044 0.412479 0.508684
v -0.791350 0.223436 0.364520
v -0.767828 0.424473 0.500753
v -0.744761 0.626851 -0.205114
v -0.760374 0.346155 0.511706
v -0.751312 0.080026 0.058500
v -0.784039 0.228066 -0.381872
v -0.764617 0.188737 0.371250
v -0.726576 0.094538 0.259345
v -0.753484 0.514633 0.558718
v -0.749478 0.094032 0.119743
v -0.729973 0.585090 0.576728
v -0.747910 0.083792 -0.132460
v -0.746150 0.625484 0.193122
v -0.737602 0.140470 0.366589
v -0.749485 0.104416 0.243839
v -0.743165 0.135183 -0.341190
v -0.743602 0.099468 -0.242269
v -0.726930 0.249083 0.505832
v -0.701445 0.620708 0.525659
v -0.753848 0.356955 -0.522052
v -0.735253 0.126498 0.336638
v -0.742052 0.150571 -0.364823
v -0.771510 0.433059 -0.494026
v -0.734794 0.111572 -0.269219
v -0.748622 0.390353 -0.116090
v -0.752299 0.468037 -0.530563
v -0.702666 0.509598 -0.617610
v -0.753969 0.439812 -0.531987
v -0.711930 0.058814 -0.060062
v -0.755713 0.434127 0.529499
v -0.716065 0.124011 -0.314092
v -0.756616 0.401083 0.051625
v -0.735789 0.480634 0.554044
v -0.743452 0.387094 0.532961
v -0.740639 0.248260 -0.492798
v -0.739013 0.416999 0.520007
v -0.704264 0.512441 0.615271
v -0.736110 0.384262 -0.534388
v -0.734613 0.427134 -0.523781
v -0.712076 0.367896 -0.233771
v -0.691909 0.626632 -0.335032
v -0.732235 0.621904 -0.480990
v -0.729392 0.262786 -0.512314
v -0.703502 0.066505 -0.115378
v -0.724590 0.475855 -0.572758
v -0.725714 0.455570 0.575258
v -0.707910 0.187264 0.472340
v -0.685325 0.579995 -0.640399
v -0.712958 0.379735 0.564628
v -0.670126 0.040520 0.140533
v -0.671440 0.035827 0.054272
v -0.711614 0.436732 -0.599112
v -0.730760 0.595188 -0.486954
v -0.686071 0.241438 0.095608
v -0.659174 0.035763 -0.137876
v -0.729062 0.485889 0.244335
v -0.719737 0.595585 0.500826
v -0.701388 0.447151 0.599235
v -0.680775 0.262866 -0.195555
v -0.681867 0.287623 0.239352
v -0.709703 0.119529 0.312448
v -0.695871 0.250237 0.513346
v -0.709941 0.387700 -0.578948
v -0.627452 0.558597 0.718028
v -0.693980 0.174343 -0.480572
v -0.670466 0.074928 -0.339469
v -0.667915 0.217570 -0.069962
v -0.670608 0.054115 -0.233443
v -0.698101 0.314141 -0.581180
v -0.669361 0.231136 0.548721
v -0.695378 0.408045 0.601736
v -0.691386 0.280805 0.577697
v -0.684778 0.264448 -0.535853
v -0.663606 0.031728 0.120354
v -0.651223 0.109544 0.449856
v -0.694706 0.408382 -0.602741
v -0.652939 0.626113 0.414612
v -0.671267 0.036173 -0.055540
v -0.698746 0.402625 0.617703
v -0.670498 0.259124 0.586595
v -0.680332 0.296489 -0.596759
v -0.692808 0.412764 -0.621418
v -0.663344 0.595365 -0.576496
v -0.624209 0.548474 -0.726865
v -0.646706 0.621637 -0.592099
v -0.650718 0.058851 0.303223
v -0.643692 0.094386 0.425646
v -0.624952 0.029061 0.101402
v -0.576148 0.001458 -0.043851
v -0.634176 0.348629 0.388615
v -0.667760 0.218779 -0.560432
v -0.637864 0.146781 -0.484212
v -0.651776 0.058883 -0.305259
v -0.552793 0.023366 0.248197
v -0.685370 0.498281 0.618139
v -0.649272 0.424861 -0.398308
v -0.653424 0.117174 -0.450290
v -0.578650 0.027437 0.210064
v -0.627342 0.501671 0.682309
v -0.621294 0.105181 0.449119
v -0.649926 0.212425 0.582789
v -0.631048 0.416641 -0.686750
v -0.624870 0.531471 0.714686
v -0.643745 0.436656 -0.657281
v -0.593593 0.007571 0.044152
v -0.638639 0.158905 0.534548
v -0.653271 0.214900 -0.573667
v -0.649932 0.433698 0.655205
v -0.634233 0.035603 0.218585
v -0.597503 0.262114 -0.377577
v -0.586344 0.017389 -0.202799
v -0.619374 0.498476 -0.686855
v -0.630928 0.595714 0.610549
v -0.609756 0.052249 -0.278804
v -0.598944 0.309211 0.682305
v -0.605594 0.022092 -0.101130
v -0.605992 0.408327 0.695046
v -0.626900 0.145455 -0.529800
v -0.577239 0.419632 0.496435
v -0.595542 0.183909 -0.210792
v -0.561749 0.595309 -0.677195
v -0.586564 0.512671 0.728293
v -0.602492 0.066689 -0.411450
v -0.428320 0.624771 0.760620
v -0.573927 0.218051 -0.655028
v -0.633891 0.627698 -0.443778
v -0.577498 0.171165 0.213832
v -0.593333 0.077655 -0.418562
v -0.521289 0.009708 -0.191368
v -0.593704 0.101561 0.485193
v -0.556951 0.225058 0.383637
v -0.557054 0.374911 -0.504947
v -0.572080 0.207057 0.648742
v -0.554109 0.577675 -0.763425
v -0.559330 0.018719 0.284867
v -0.594503 0.291530 -0.680459
v -0.540355 0.002933 0.255348
v -0.540087 0.021602 0.344910
v -0.591294 0.099142 -0.496767
v -0.547757 0.625137 0.539783
v -0.602018 0.395084 -0.697088
v -0.602804 0.122406 0.528792
v -0.531702 0.064927 -0.436955
v -0.435762 0.586964 0.819479
v -0.532100 -0.001725 0.182127
v -0.596650 0.446494 0.711956
v -0.529978 0.622079 -0.699334
v -0.556538 -0.002792 0.102654
v -0.597147 0.438933 -0.712702
v -0.576228 0.509933 -0.736226
v -0.587283 0.025107 -0.276752
v -0.623567 0.015619 -0.113739
v -0.489457 0.001844 0.333626
v -0.583051 0.394727 0.710153
v -0.556470 0.038384 -0.379797
v -0.575411 0.465155 -0.730249
v -0.537135 0.136240 0.611547
v -0.577849 0.277396 -0.689790
v -0.538963 0.051332 -0.456393
v -0.522391 0.595766 0.706231
v -0.564648 0.456234 0.731886
v -0.571228 0.382826 -0.712968
v -0.555666 0.480928 0.734120
v -0.556456 0.626852 -0.532911
v -0.481874 -0.015366 0.046132
v -0.543902 0.055591 0.459134
v -0.501146 -0.011563 -0.092864
v -0.566212 0.230251 0.673344
v -0.486093 0.166711 -0.362073
v -0.498309 0.250906 -0.489411
v -0.484769 0.295912 0.538315
v -0.571387 0.621612 0.665540
v -0.539966 0.378097 0.729195
v -0.548783 0.231766 -0.668646
v -0.469140 -0.000934 -0.071770
v -0.521856 0.420131 -0.739393
v -0.531346 0.126593 -0.606393
v -0.519042 0.008805 -0.267465
v -0.526944 0.465891 -0.755179
v -0.541367 0.382086 -0.725790
v -0.457507 0.564498 -0.831836
v -0.513347 0.506474 0.774754
v -0.518954 0.264179 -0.700263
v -0.459111 0.523142 0.822647
v -0.443612 0.012163 0.378794
v -0.522272 0.002838 -0.243217
v -0.544640 0.263968 0.678106
v -0.520476 0.416189 0.736256
v -0.529406 0.435561 0.757227
v -0.522337 0.047318 -0.466287
v -0.496168 0.101889 0.596607
v -0.509199 -0.005841 -0.178049
v -0.457135 0.010062 -0.327905
v -0.520704 0.128485 0.047355
v -0.469136 0.510827 -0.809655
v -0.466886 0.062888 -0.555432
v -0.484517 0.172323 -0.660609
v -0.532557 -0.535739 0.054039
v -0.460118 0.497702 -0.801123
v -0.462967 0.057289 0.547556
v -0.529163 0.421991 -0.757495
v -0.491906 0.155555 0.638243
v -0.530218 0.147290 -0.630518
v -0.524203 -0.497793 -0.016388
v -0.464858 -0.007720 -0.225395
v -0.509827 -0.531193 -0.024054
v -0.527693 -0.511400 0.067627
v -0.531853 -0.547971 -0.048611
v -0.521661 -0.573478 0.086431
v -0.439984 -0.015173 0.079244
v -0.515977 0.301235 0.745063
v -0.500203 0.011224 -0.345140
v -0.506277 0.319134 -0.761597
v -0.409723 0.114543 -0.233393
v -0.512425 0.256009 -0.730079
v -0.513843 0.410444 0.764141
v -0.508623 -0.495841 -0.094389
v -0.501572 -0.516015 -0.161884
v -0.510134 -0.554365 0.009635
v -0.514051 0.406307 -0.770647
v -0.518424 -0.579589 0.016122
v -0.484604 0.535760 -0.819457
v -0.503870 -0.462615 -0.006260
v -0.502502 0.222928 0.712371
v -0.512899 -0.582816 -0.077503
v -0.500776 -0.546554 -0.134191
v -0.488725 -0.502463 -0.076232
v -0.510101 -0.580178 -0.021316
v -0.487034 -0.576192 0.145475
v -0.437749 0.624243 0.635692
v -0.456703 0.596024 -0.750836
v -0.462764 0.013732 0.401644
v -0.499369 -0.557055 -0.153843
v -0.437559 -0.013397 0.212641
v -0.461208 0.131872 0.663620
v -0.494490 -0.578395 0.074814
v -0.486579 -0.485779 0.042325
v -0.477804 0.192080 0.711362
v -0.493826 -0.566287 0.191527
v -0.457608 0.559373 0.836184
v -0.447300 -0.019075 -0.045778
v -0.496847 -0.499802 0.173553
v -0.491030 0.241865 -0.748840
v -0.495299 -0.516551 0.101446
v -0.434451 -0.016089 0.160477
v -0.507209 -0.497291 0.115828
v -0.420821 0.404513 0.833107
v -0.456052 -0.601080 0.148035
v -0.472328 0.097767 -0.584236
v -0.464988 0.430899 0.798751
v -0.471300 0.160484 -0.686605
v -0.470208 -0.601093 -0.109381
v -0.481138 -0.560723 0.154643
v -0.479691 -0.535908 0.217555
v -0.489121 -0.567432 -0.174251
v -0.464379 0.012030 0.330688
v -0.483628 -0.598431 0.055248
v -0.414942 0.388272 -0.633774
v -0.440937 0.626389 -0.635862
v -0.472012 -0.458422 0.033991
v -0.457936 0.432147 -0.800838
v -0.441103 -0.453505 -0.164574
v -0.463934 -0.515781 -0.199356
v -0.427323 0.506942 0.830925
v -0.473585 -0.583588 -0.161846
v -0.456287 -0.557711 -0.239939
v -0.432338 0.202132 0.498249
v -0.450188 -0.469989 0.183241
v -0.449297 0.010169 -0.391437
v -0.465501 -0.630116 -0.092874
v -0.469550 -0.629990 0.071617
v -0.457776 -0.478234 -0.217864
v -0.445399 -0.453751 -0.057810
v -0.458720 -0.454611 -0.107274
v -0.425418 0.498333 0.818144
v -0.419266 -0.012791 -0.279583
v -0.456869 -0.512232 -0.276145
v -0.366326 0.190169 -0.529098
v -0.421108 0.023658 -0.485765
v -0.405407 0.408000 -0.829667
v -0.425669 -0.014910 -0.159113
v -0.403185 0.249562 0.797103
v -0.404559 0.264943 -0.806304
v -0.470837 -0.501006 0.199582
v -0.417685 0.621059 -0.770381
v -0.448813 -0.586422 0.203974
v -0.451756 -0.564029 -0.257805
v -0.466562 -0.492170 0.212840
v -0.435646 0.094441 0.602075
v -0.432607 0.086440 -0.622344
v -0.435577 -0.630511 0.173001
v -0.399778 0.014609 0.459766
v -0.361380 0.116742 0.316738
v -0.405274 0.595284 0.779141
v -0.391154 0.450575 0.655358
v -0.427952 -0.017411 -0.204043
v -0.449203 -0.490702 0.264830
v -0.438979 -0.453573 0.190616
v -0.418185 0.068687 0.603872
v -0.445908 -0.409420 0.026629
v -0.423156 -0.574877 0.278518
v -0.434277 -0.457473 0.114051
v -0.439273 -0.525289 0.301898
v -0.431071 -0.525736 0.266986
v -0.392965 -0.009938 -0.336988
v -0.467983 -0.476854 -0.113735
v -0.434721 -0.480940 -0.271929
v -0.422327 0.088991 0.638539
v -0.401639 -0.472401 -0.255020
v -0.427762 -0.565630 -0.285010
v -0.389220 -0.604777 -0.285275
v -0.419894 0.086989 -0.635243
v -0.407653 0.411725 0.824599
v -0.243438 0.630614 -0.748926
v -0.401292 -0.604362 0.265681
v -0.416412 -0.458103 -0.161441
v -0.389756 -0.456647 -0.254868
v -0.325774 0.391204 0.685687
v -0.369360 -0.020222 0.249270
v -0.391814 -0.409420 0.214862
v -0.339924 0.510736 -0.872015
v -0.357978 0.136224 0.731948
v -0.389450 -0.572643 0.343259
v -0.396925 -0.535067 0.338450
v -0.417718 -0.562554 -0.330564
v -0.362943 0.151305 -0.742736
v -0.418859 -0.409918 -0.152861
v -0.352422 0.595020 -0.805344
v -0.360841 -0.380689 0.012791
v -0.233773 0.122712 -0.449128
v -0.306921 -0.016138 0.208535
v -0.394577 -0.526326 -0.332062
v -0.333119 0.254848 -0.614838
v -0.387391 -0.570402 -0.328996
v -0.383260 -0.583592 0.312505
v -0.383422 0.041174 -0.564583
v -0.394204 0.013867 -0.457346
v -0.390945 0.463872 0.836496
v -0.316073 0.577417 -0.888854
v -0.357415 0.010984 -0.433600
v -0.288053 0.626365 0.714274
v -0.363843 -0.455853 -0.329069
v -0.382256 -0.587001 -0.344146
v -0.386839 0.468720 -0.839678
v -0.272801 0.535055 -0.914986
v -0.376146 -0.456339 -0.240901
v -0.334301 -0.020817 -0.260488
v -0.314116 0.524414 0.888602
v -0.369286 -0.014830 0.010125
v -0.396317 0.289413 0.807660
v -0.337199 0.013745 0.522734
v -0.393325 0.276442 -0.806361
v -0.351373 -0.457798 0.279014
v -0.386961 0.421464 -0.841725
v -0.388017 -0.493193 0.348324
v -0.362767 -0.559368 -0.365551
v -0.382148 0.327237 0.827214
v -0.384510 0.439752 0.840328
v -0.317948 0.626046 -0.700238
v -0.358882 -0.631663 0.299801
v -0.352067 -0.547797 0.400023
v -0.356863 -0.015332 0.303276
v -0.376951 -0.457902 0.271107
v -0.359659 -0.499521 -0.379201
v -0.351404 0.480918 0.849693
v -0.323221 -0.011465 0.382041
v -0.374519 0.263498 -0.809334
v -0.364891 0.385141 -0.831775
v -0.369567 0.244987 0.797912
v -0.347375 -0.501464 -0.350416
v -0.374990 0.424482 -0.828466
v -0.395223 -0.630965 -0.259624
v -0.352546 0.454525 -0.854793
v -0.323965 -0.411018 -0.311748
v -0.301261 -0.513692 -0.431732
v -0.371144 0.385760 0.832428
v -0.352497 0.455235 0.856045
v -0.283107 0.207546 0.601575
v -0.330190 -0.012393 -0.382742
v -0.353374 -0.497435 0.340499
v -0.315122 0.071183 -0.668363
v -0.353317 0.170998 0.765642
v -0.370819 0.412293 0.825143
v -0.347460 0.013732 -0.511343
v -0.264840 0.566166 0.911549
v -0.307460 -0.600262 0.363763
v -0.324039 -0.533711 0.396052
v -0.240487 0.499307 -0.896125
v -0.254997 -0.381117 -0.252095
v -0.261826 0.621849 0.836879
v -0.307767 -0.005875 0.441998
v -0.315457 0.503189 0.872304
v -0.328110 -0.456232 -0.303373
v -0.333816 0.382073 0.849314
v -0.304714 0.621623 -0.821986
v -0.358371 0.196200 -0.778683
v -0.333281 0.115834 -0.724368
v -0.330802 0.209067 0.776790
v -0.329584 -0.588772 -0.363624
v -0.239611 0.595425 0.847968
v -0.342316 -0.498553 0.391798
v -0.324324 0.432169 0.868195
v -0.319346 0.060785 0.650332
v -0.318503 0.462916 -0.866603
v -0.318788 0.080153 0.687008
v -0.304030 -0.579579 0.409033
v -0.318982 0.410829 -0.866065
v -0.351556 0.377516 -0.841769
v -0.293727 -0.336938 0.010955
v -0.165900 0.126550 0.494978
v -0.296714 0.183041 -0.771963
v -0.335243 0.014315 -0.471891
v -0.329484 0.141563 -0.735554
v -0.301529 -0.007899 -0.443009
v -0.293795 -0.528209 0.428772
v -0.304067 -0.029942 0.069955
v -0.312323 -0.539759 -0.429872
v -0.307408 0.446926 0.869578
v -0.292030 0.197266 -0.807976
v -0.285050 -0.333274 -0.015546
v -0.287648 -0.411446 0.340953
v -0.313204 0.124097 0.714400
v -0.255963 0.453697 -0.720418
v -0.302830 0.274092 -0.846421
v -0.296692 0.221417 0.820557
v -0.273878 0.012063 -0.532396
v -0.253576 -0.381425 0.250572
v -0.267621 -0.458901 -0.375801
v -0.262531 -0.632105 -0.389282
v -0.250212 -0.017530 0.370776
v -0.284710 -0.631084 0.369952
v -0.248206 -0.454797 -0.404875
v -0.257394 -0.017927 -0.382096
v -0.315656 -0.089238 -0.057666
v -0.280239 0.060861 -0.623619
v -0.306662 -0.028610 -0.074264
v -0.277681 -0.564873 0.434424
v -0.298230 -0.011494 -0.364225
v -0.302491 -0.064570 0.082855
v -0.288198 -0.063054 -0.118753
v -0.295136 0.332610 -0.864316
v -0.228512 -0.020189 -0.242467
v -0.273962 0.013340 0.535188
v -0.284256 -0.553905 -0.424062
v -0.278147 -0.513615 0.454195
v -0.298306 0.414812 0.869406
v -0.301542 0.405438 -0.873447
v -0.259255 0.085854 -0.684751
v -0.297317 -0.098914 0.092354
v -0.275045 -0.573569 -0.433072
v -0.278494 -0.116375 -0.018836
v -0.282340 -0.112753 0.027414
v -0.286260 0.417208 0.887136
v -0.258548 0.005646 0.546674
v -0.248867 0.022888 0.549030
v -0.289438 0.287143 0.859506
v -0.267229 -0.490770 -0.448757
v -0.278161 -0.457823 0.351898
v -0.276420 0.211051 0.827211
v -0.263116 0.103340 0.735522
v -0.283803 0.033159 -0.603405
v -0.268858 0.120055 -0.752931
v -0.226347 0.595480 -0.849337
v -0.260349 -0.331819 -0.100538
v -0.280729 -0.053085 -0.086163
v -0.231421 -0.066717 0.215478
v -0.279205 0.256951 -0.856944
v -0.176989 -0.007272 0.502820
v -0.267312 0.185990 -0.814144
v -0.155120 0.296844 -0.713326
v -0.267470 -0.169506 -0.000735
v -0.219831 0.499536 0.898845
v -0.183823 0.302063 0.895855
v -0.250152 -0.097989 0.183890
v -0.232450 -0.003666 -0.457423
v -0.248768 -0.602954 -0.414150
v -0.224321 -0.101251 -0.216524
v -0.256657 -0.278846 0.012851
v -0.242920 0.430925 -0.893407
v -0.248851 0.000919 -0.524076
v -0.213588 -0.331186 0.194287
v -0.264527 -0.252633 -0.000780
v -0.280217 -0.051695 0.078884
v -0.178607 0.558887 -0.936190
v -0.263332 -0.458903 0.385496
v -0.168235 0.269223 0.691047
v -0.250339 -0.158042 0.012507
v 0.053797 -0.630008 -0.471420
v -0.194479 0.405762 -0.916018
v -0.210145 -0.065337 -0.234500
v -0.204171 0.624892 -0.743352
v -0.277373 -0.456781 -0.350364
v -0.229504 -0.052739 -0.181447
v -0.252111 -0.262380 -0.015590
v -0.166148 -0.455830 0.415799
v -0.261632 -0.481611 0.439577
v -0.256007 -0.162949 -0.016845
v -0.238054 -0.051625 0.170158
v -0.239483 0.058443 -0.678815
v -0.234407 0.057743 0.680392
v -0.211456 -0.015314 -0.435588
v -0.255544 0.132159 0.773485
v -0.190642 -0.409651 -0.402320
v -0.187976 -0.454237 -0.405630
v -0.193184 0.418695 0.909228
v -0.185309 -0.582327 0.475609
v -0.157006 -0.408179 0.416773
v -0.222666 -0.503380 -0.461419
v -0.212570 -0.485483 -0.447869
v -0.192166 0.534213 0.931060
v -0.210242 -0.116137 -0.176105
v -0.189842 -0.547279 -0.496806
v -0.249605 0.114786 -0.758102
v -0.220033 -0.473527 0.455722
v -0.186136 -0.217033 0.159631
v -0.205219 -0.015517 0.426105
v -0.193540 -0.507251 -0.497526
v -0.202024 -0.539029 0.481369
v -0.131670 0.193815 -0.634971
v -0.199126 -0.560280 0.479443
v -0.187404 -0.629866 0.429084
v -0.198993 0.013889 0.576606
v -0.196421 -0.581303 -0.462818
v -0.188362 -0.161330 -0.170325
v -0.209585 -0.333666 -0.214505
v -0.205637 0.022444 -0.566405
v -0.203677 -0.115673 0.200877
v -0.146484 -0.456813 0.435985
v -0.210457 -0.348225 0.223394
v -0.214589 0.044812 -0.664606
v -0.197016 -0.048890 0.217036
v -0.160189 -0.462097 -0.441522
v -0.173012 0.233737 -0.866526
v -0.135729 0.513660 0.926574
v -0.146711 0.624573 0.753483
v -0.129249 0.621053 -0.868286
v -0.117317 -0.630122 -0.463024
v -0.132190 0.079862 0.739977
v -0.163022 0.167501 0.828953
v -0.224525 -0.595545 0.420120
v -0.185416 -0.324523 -0.209176
v -0.148549 -0.097757 0.275213
v -0.191300 0.005759 -0.556756
v -0.187516 -0.280247 0.167843
v -0.099501 0.426844 0.753462
v -0.175565 -0.519053 0.507004
v -0.148930 0.079775 -0.740062
v -0.130235 -0.378221 0.315233
v -0.189304 -0.281218 -0.172082
v -0.063173 0.624802 0.872190
v -0.190350 -0.159631 -0.190471
v 0.001425 -0.016134 -0.365602
v -0.164773 -0.013061 -0.444910
v -0.179529 0.407766 -0.900833
v -0.174776 0.397209 0.905812
v 0.083538 -0.016604 0.405462
v -0.080454 -0.328313 -0.263538
v -0.175181 -0.010317 -0.403682
v -0.188373 -0.253715 -0.184084
v -0.187107 -0.259970 0.186893
v -0.197707 -0.130284 0.178852
v -0.169198 -0.051753 -0.240308
v -0.173788 0.316180 -0.894962
v -0.162807 0.147638 -0.811727
v -0.194157 -0.524394 0.475959
v -0.076825 -0.597092 -0.481827
v -0.162989 -0.115008 0.220148
v -0.152624 0.455549 0.915787
v -0.164585 -0.177989 0.185138
v -0.111836 -0.094578 -0.295290
v -0.172981 -0.006483 0.452349
v -0.165916 -0.260046 -0.190647
v -0.137587 0.028987 -0.644768
v -0.166547 -0.510228 0.494514
v -0.154742 -0.294296 0.207747
v -0.140696 -0.051742 0.253053
v -0.169751 -0.288485 0.186118
v -0.181281 -0.116925 -0.209868
v -0.108597 -0.577290 -0.512850
v -0.096265 0.577877 0.937495
v -0.126019 -0.503433 -0.507777
v -0.150744 0.470098 -0.912089
v -0.169052 -0.156615 -0.194713
v -0.156774 0.287216 0.892323
v -0.091533 -0.064503 0.299586
v -0.157638 0.429101 -0.905903
v -0.146109 0.382742 -0.903244
v -0.148790 0.253764 -0.870831
v -0.151262 0.390865 0.905497
v -0.139601 0.167445 -0.823779
v -0.123279 -0.012409 0.383367
v -0.150747 -0.550901 -0.489236
v -0.026735 0.625224 -0.770539
v -0.134585 0.143815 0.806168
v -0.092214 0.475284 0.917790
v -0.062077 -0.453848 -0.475079
v -0.014882 -0.029901 -0.319405
v -0.003360 -0.379977 -0.357236
v -0.101861 -0.579263 0.512494
v -0.088589 0.595932 -0.875331
v -0.138091 0.030446 0.646231
v -0.100527 -0.492109 0.506840
v -0.105849 0.451257 -0.917685
v -0.130273 0.114699 -0.780444
v -0.059512 0.586309 -0.923803
v -0.028227 0.386009 -0.758235
v -0.122392 0.037972 -0.677630
v -0.096748 0.399744 0.896066
v -0.107726 0.009916 -0.592967
v -0.082765 -0.458742 -0.438425
v -0.118257 -0.589417 0.475001
v -0.116722 0.018502 0.634034
v -0.107886 0.509040 -0.927489
v -0.137910 0.260238 0.864231
v -0.080885 -0.052408 -0.280452
v -0.103512 0.451029 0.918516
v -0.096944 0.475550 -0.916628
v -0.100616 -0.009262 0.524917
v -0.049880 -0.549300 0.533888
v -0.053553 -0.410262 -0.443007
v -0.087952 -0.012183 -0.476957
v -0.090722 -0.509343 -0.497650
v -0.068821 -0.060414 -0.300903
v -0.016589 -0.276124 0.251414
v -0.045919 -0.578390 0.512604
v -0.088614 0.411314 -0.903460
v 0.001224 0.534147 0.951435
v -0.115679 0.064233 -0.700180
v -0.088856 -0.550438 -0.529024
v -0.077353 0.169376 -0.833897
v -0.088748 0.278016 -0.880775
v -0.054280 -0.486873 0.508666
v -0.085971 0.403248 -0.918682
v -0.102810 0.028943 0.622172
v -0.014740 -0.235709 -0.247219
v -0.087097 0.398478 0.916289
v -0.076781 0.213669 0.865988
v -0.058526 0.062488 0.719219
v -0.051253 -0.600563 0.479495
v -0.011441 0.560320 -0.954777
v -0.018236 0.224970 0.682142
v -0.073953 -0.009931 0.451039
v -0.066553 -0.498803 -0.519818
v -0.010915 -0.576343 -0.525178
v -0.068041 0.127125 0.803264
v -0.013484 -0.330744 0.282614
v -0.081175 0.300245 0.903710
v -0.016111 -0.121618 -0.272411
v -0.079757 0.282211 -0.901861
v -0.001281 -0.111802 0.289445
v -0.060899 0.032498 -0.645064
v -0.028911 0.499171 0.926121
v -0.066112 -0.009752 -0.458268
v -0.067025 0.099471 -0.772647
v -0.017091 -0.461759 -0.500235
v -0.060553 0.284170 0.901794
v -0.064940 0.406239 0.920103
v -0.026160 -0.458822 0.448438
v -0.056829 0.032452 0.655743
v -0.012630 -0.523153 -0.536083
v 0.003024 -0.093064 -0.316880
v -0.068599 -0.046270 0.283496
v 0.159676 0.626108 -0.753575
v -0.058478 0.239772 -0.881422
v -0.060858 0.307550 -0.908167
v -0.014864 -0.460454 0.499877
v -0.059143 0.413217 -0.921109
v 0.047352 0.130056 -0.522635
v -0.057257 0.000734 0.502527
v -0.041333 -0.014474 -0.495210
v -0.051883 0.136388 -0.816272
v -0.017812 -0.136529 0.260613
v 0.006182 -0.095448 0.315146
v -0.031895 -0.014957 0.464939
v 0.408296 -0.630425 -0.227360
v -0.055022 0.046659 -0.696242
v -0.068875 -0.508382 0.492987
v -0.044277 0.004972 0.583812
v -0.011889 0.422806 0.935677
v 0.030419 -0.411774 0.446231
v -0.056096 -0.568746 -0.503135
v -0.042356 0.139286 0.825401
v -0.016120 -0.327810 -0.277115
v -0.044115 0.012812 -0.609564
v -0.008835 0.426787 -0.931404
v 0.006829 -0.458264 -0.449617
v -0.051928 -0.629440 0.470744
v 0.054661 0.418998 0.756915
v 0.020583 -0.578692 0.516809
v 0.025495 -0.567430 0.508848
v 0.091712 0.564058 0.946268
v 0.088999 -0.060502 0.296227
v 0.012207 0.625886 0.771452
v 0.127920 0.125185 0.497649
v 0.005176 -0.012531 -0.453962
v 0.238860 0.107555 -0.241779
v 0.126177 0.513941 0.928303
v 0.059490 0.301903 -0.907906
v 0.052987 0.595659 0.879323
v 0.060900 0.297245 0.904113
v 0.048158 0.116810 -0.797260
v 0.038350 -0.521438 -0.505799
v 0.047030 -0.045590 0.285341
v 0.005685 -0.585280 -0.507924
v 0.012016 -0.378676 0.355581
v 0.101198 0.539411 -0.948808
v 0.054795 0.055597 -0.711113
v 0.054357 0.205562 -0.863637
v -0.001262 -0.310221 0.282304
v -0.004802 0.434808 0.919568
v -0.000051 -0.194572 0.260393
v 0.000682 -0.270813 -0.266079
v 0.128764 0.250580 -0.689172
v 0.059217 -0.598267 0.479126
v 0.048568 0.088038 0.763487
v -0.017534 -0.466741 -0.475492
v 0.012948 -0.334709 -0.291222
v 0.091516 0.621495 0.871583
v 0.153227 0.245589 0.680044
v 0.044792 0.019211 0.632078
v 0.000964 -0.168469 -0.266943
v 0.047563 0.010889 -0.603033
v 0.074919 -0.515232 0.503547
v 0.004976 -0.461403 0.467519
v 0.122506 0.490812 -0.911136
v 0.003456 -0.528676 0.530674
v 0.049156 -0.490530 0.520423
v 0.044940 -0.013057 -0.489952
v 0.013887 -0.335188 0.287285
v 0.034678 -0.015424 0.464850
v 0.159223 -0.630082 -0.443572
v 0.012934 -0.285691 0.254998
v 0.073938 -0.596031 -0.477741
v 0.013075 -0.292282 -0.253891
v 0.014507 -0.169154 0.250056
v 0.015985 -0.177370 -0.253853
v 0.081284 -0.541794 0.522478
v 0.015597 -0.115943 -0.278453
v 0.062981 0.409560 0.920618
v 0.114800 -0.629834 0.461097
v 0.075209 -0.474600 -0.495704
v 0.188648 0.596063 -0.861437
v 0.164041 0.186795 -0.617099
v 0.035553 -0.266168 -0.249844
v 0.059789 0.412777 -0.923003
v 0.072580 -0.570492 0.523668
v 0.056766 0.193396 0.855385
v 0.279495 0.114979 0.383977
v 0.072803 -0.007133 0.462354
v 0.111631 -0.060850 -0.290308
v 0.094622 -0.496360 -0.513212
v 0.081244 -0.051893 -0.280884
v 0.079755 -0.000963 -0.473088
v 0.057275 0.047851 0.700089
v 0.169384 -0.140065 0.197179
v 0.148510 -0.385333 -0.327038
v 0.054455 -0.456938 0.442576
v 0.198553 -0.111984 -0.210499
v 0.095135 0.374855 -0.749245
v 0.103320 0.509137 -0.929682
v 0.056316 0.032661 -0.654760
v 0.130410 -0.097726 -0.283542
v 0.222735 0.168396 0.565965
v 0.100179 -0.094020 0.297272
v 0.068596 0.109367 0.784127
v 0.058611 0.030857 0.640611
v 0.069957 0.133866 -0.811883
v 0.081816 0.447217 0.925746
v 0.159861 -0.230533 -0.185535
v 0.221182 0.625156 0.739097
v 0.145070 -0.532109 -0.509354
v 0.077957 0.272607 -0.899193
v 0.079462 0.186044 0.843594
v 0.104157 -0.494068 0.506741
v 0.126668 0.480855 0.911395
v 0.127729 -0.409764 -0.426673
v 0.170931 -0.408042 0.408665
v 0.084636 0.284642 0.890230
v 0.087069 0.438598 -0.925152
v 0.083370 0.205052 -0.848321
v 0.095248 0.471955 -0.919370
v 0.121392 0.093871 -0.754679
v 0.081421 -0.581579 -0.515668
v 0.090895 0.393249 0.915401
v 0.098377 0.017284 0.585777
v 0.323657 0.585398 0.874995
v 0.117254 -0.051711 0.263212
v 0.096188 0.379992 -0.907344
v 0.108695 -0.529466 0.494330
v 0.088363 -0.014655 -0.467614
v 0.102911 0.031835 -0.634915
v 0.211021 0.496889 0.898471
v 0.115856 0.063708 0.702292
v 0.154997 -0.456907 -0.419810
v 0.089662 0.409508 0.900149
v 0.091278 0.404611 -0.900083
v 0.140401 -0.456613 -0.445513
v 0.193738 -0.098230 0.244872
v 0.104668 0.463820 0.925579
v 0.190243 -0.320369 0.207287
v 0.170599 0.578495 -0.926081
v 0.235685 -0.029697 -0.221107
v 0.124717 0.450406 0.907630
v 0.130878 0.116520 0.783567
v 0.137881 0.455332 -0.915044
v 0.253585 0.494135 -0.724360
v 0.137925 0.378695 0.902732
v 0.110598 0.008283 -0.602492
v 0.108156 0.001631 0.575758
v 0.143952 -0.460157 0.450713
v 0.159122 -0.599400 0.452633
v 0.182537 -0.577411 -0.487796
v 0.141768 0.172982 -0.831650
v 0.121251 0.031757 0.662383
v 0.228242 0.533678 0.922654
v 0.209975 0.512893 -0.912316
v 0.140670 0.219596 0.852981
v 0.158008 0.622985 -0.864286
v 0.149553 0.397082 -0.906325
v 0.166085 -0.275833 0.190129
v 0.172515 0.596282 0.860157
v 0.143336 0.276238 -0.873651
v 0.136512 0.031361 -0.649395
v 0.223227 -0.029306 0.230083
v 0.187869 -0.546816 -0.486601
v 0.156828 0.414118 0.904940
v 0.252813 -0.383711 0.260219
v 0.250910 0.395306 0.713195
v 0.150458 0.089089 0.752100
v 0.178023 -0.051279 -0.231228
v 0.140923 0.039288 0.667411
v 0.178923 -0.132534 -0.198029
v 0.185006 -0.504533 0.496163
v 0.148312 0.071732 -0.726773
v 0.163375 0.146113 -0.812114
v 0.292104 0.562413 0.905130
v 0.184436 -0.051947 0.235478
v 0.171890 -0.010627 0.493603
v 0.188549 0.429789 0.898812
v 0.209948 0.025760 -0.617702
v 0.240749 0.133265 -0.474418
v 0.176736 -0.581262 0.463530
v 0.166130 0.160198 0.821843
v 0.177218 -0.563377 0.495208
v 0.168576 -0.008393 -0.448671
v 0.154989 0.317515 0.898363
v 0.156325 0.293995 -0.895355
v 0.185650 -0.323210 -0.203576
v 0.171214 0.235149 -0.868722
v 0.181198 0.322016 -0.901770
v 0.164340 -0.186575 0.184207
v 0.176401 0.403835 0.903394
v 0.209525 -0.597985 -0.428382
v 0.181233 -0.013606 0.313789
v 0.274812 0.496630 -0.881665
v 0.184942 0.416329 -0.900851
v 0.150726 -0.456874 0.420280
v 0.283568 -0.409068 -0.344353
v 0.177762 0.279198 0.889457
v 0.223710 -0.495430 0.456408
v 0.195946 -0.518038 -0.465849
v 0.213007 -0.013024 -0.407893
v 0.238441 -0.454413 0.408187
v 0.209169 0.040746 0.655998
v 0.172782 -0.010777 -0.494139
v 0.217892 -0.515291 0.460767
v 0.187312 -0.173568 0.187014
v 0.171722 -0.006830 0.452926
v 0.195104 0.410821 0.915420
v 0.197385 -0.491588 -0.482167
v 0.191518 -0.287340 -0.191365
v 0.198486 0.422624 -0.907766
v 0.186309 -0.266219 0.167587
v 0.185849 -0.159418 0.166918
v 0.212241 -0.014262 0.438687
v 0.268049 -0.572680 -0.429504
v 0.195926 -0.295415 0.186533
v 0.227560 0.625632 0.842397
v 0.185612 -0.279063 -0.168309
v 0.291711 0.627344 -0.712481
v 0.206098 -0.016067 -0.429261
v 0.274768 -0.506372 -0.457440
v 0.188872 -0.171280 -0.171635
v 0.202710 0.021524 0.558768
v 0.203295 0.016900 0.587617
v 0.222772 -0.085361 -0.226233
v 0.200870 -0.133160 -0.169260
v 0.200460 -0.286198 -0.164436
v 0.222665 0.039224 -0.601501
v 0.268359 0.177955 -0.808584
v 0.211246 -0.331553 0.191310
v 0.294816 0.509847 0.887015
v 0.220940 -0.120555 0.149552
v 0.325352 0.255334 0.622528
v 0.209200 -0.532811 -0.458786
v 0.212846 -0.332253 -0.193502
v 0.203108 -0.111261 0.208128
v 0.249704 -0.455995 -0.370064
v 0.247693 -0.376880 -0.245395
v 0.242493 -0.493938 -0.453858
v 0.282012 -0.014816 -0.268573
v 0.272367 -0.410507 0.352037
v 0.246025 0.002144 0.482592
v 0.283142 0.184361 0.801322
v 0.290319 -0.553681 -0.436365
v 0.263140 -0.570310 0.440948
v 0.251030 -0.587266 0.429995
v 0.243719 -0.458875 0.373260
v 0.246494 0.072555 0.698085
v 0.292316 -0.111668 -0.001231
v 0.233924 -0.051945 0.173174
v 0.241611 0.099647 -0.743911
v 0.286302 0.416188 -0.887956
v 0.283836 0.067098 0.630896
v 0.250843 -0.488223 0.451417
v 0.231192 -0.051025 -0.186599
v 0.273879 -0.098302 -0.147011
v 0.242745 0.018360 0.540604
v 0.326455 0.358261 -0.671909
v 0.280171 -0.322055 -0.012159
v 0.277092 -0.098715 0.142426
v 0.258944 0.091159 -0.725845
v 0.256533 0.007128 0.547957
v 0.279964 -0.555170 0.421871
v 0.262628 -0.140279 -0.012681
v 0.273866 -0.537144 -0.445307
v 0.288888 0.415268 0.886526
v 0.293896 -0.629217 0.370498
v 0.312189 -0.570827 -0.415807
v 0.260450 -0.460501 -0.393952
v 0.304711 0.086757 -0.671987
v 0.309463 -0.629787 -0.349757
v 0.246614 -0.018992 -0.379386
v 0.258708 -0.018711 0.387190
v 0.397461 0.245113 -0.574652
v 0.258460 -0.298955 0.013726
v 0.285276 0.019508 0.560107
v 0.258232 -0.146981 0.014785
v 0.255447 -0.263572 -0.011236
v 0.256210 -0.062847 0.175087
v 0.299050 0.410730 0.871020
v 0.293035 0.510453 -0.887307
v 0.278688 -0.460728 0.374204
v 0.313507 -0.588792 0.371351
v 0.293392 -0.528397 0.441753
v 0.262669 0.114654 0.749660
v 0.343011 -0.016085 -0.049013
v 0.350415 -0.377561 -0.019359
v 0.299017 -0.342200 0.010629
v 0.265474 0.009746 -0.517205
v 0.284193 -0.051498 0.066961
v 0.301334 0.595901 0.826105
v 0.303366 -0.068353 -0.089054
v 0.325277 -0.010289 -0.386196
v 0.257953 0.007595 -0.549674
v 0.312190 0.004388 0.438074
v 0.305219 -0.600902 -0.365946
v 0.298434 0.050106 0.635205
v 0.300685 0.295720 -0.855590
v 0.293558 0.212719 -0.816790
v 0.316282 0.141541 -0.727093
v 0.287365 -0.503573 0.433729
v 0.292451 0.116852 0.712405
v 0.275277 -0.052436 -0.094496
v 0.285490 0.277925 0.854696
v 0.304321 -0.072188 0.085052
v 0.289880 -0.366030 0.120607
v 0.327862 -0.456169 -0.360232
v 0.327083 0.010667 -0.457777
v 0.339787 -0.017483 0.040996
v 0.329680 -0.457096 -0.303378
v 0.303856 0.223319 0.795851
v 0.386398 0.620425 -0.787891
v 0.300456 0.050881 -0.641244
v 0.309047 0.449381 0.869704
v 0.302025 0.407032 -0.871209
v 0.309345 0.449440 -0.870216
v 0.436732 0.497361 0.813610
v 0.346984 -0.488518 -0.374801
v 0.311567 -0.014010 0.367693
v 0.312054 -0.098600 -0.007190
v 0.304764 0.274633 0.845339
v 0.329206 -0.526028 -0.389579
v 0.325204 -0.453118 0.308124
v 0.338219 0.007008 0.490925
v 0.332757 -0.581662 -0.388694
v 0.365583 -0.014378 0.226490
v 0.340339 0.007740 -0.495225
v 0.321964 0.097002 0.699561
v 0.355517 0.481311 0.849644
v 0.321242 0.217298 -0.781256
v 0.419936 0.625212 0.647490
v 0.347801 -0.578531 0.380433
v 0.413758 0.595472 -0.776186
v 0.357033 -0.499680 0.379936
v 0.375587 0.034908 0.550241
v 0.376633 -0.016585 -0.235616
v 0.321497 0.415036 0.864794
v 0.395116 0.005010 0.430755
v 0.322292 0.547307 -0.901209
v 0.356610 -0.410804 0.267034
v 0.363475 -0.015076 0.311003
v 0.344364 0.379623 -0.844142
v 0.345472 0.379783 0.842470
v 0.480575 0.123513 0.133835
v 0.319738 0.412168 -0.865643
v 0.388454 0.051894 -0.592585
v 0.372827 -0.472952 0.335383
v 0.403728 -0.548123 0.345178
v 0.376142 0.007961 0.438790
v 0.350063 0.213573 0.778837
v 0.420925 0.586699 -0.823288
v 0.351532 0.167291 0.765753
v 0.401985 -0.577696 0.318704
v 0.348479 0.455261 -0.856286
v 0.343656 0.103152 -0.704185
v 0.346347 0.620041 0.804570
v 0.354687 -0.505054 0.346989
v 0.361848 0.479340 -0.849853
v 0.368330 -0.521849 -0.382013
v 0.355648 0.396404 -0.828929
v 0.438584 0.626442 -0.635874
v 0.378496 -0.454616 0.236697
v 0.355818 0.456593 0.854911
v 0.396317 -0.629078 0.248499
v 0.407885 0.017567 -0.471555
v 0.371458 -0.587178 -0.313719
v 0.367157 -0.013885 -0.314580
v 0.480383 0.189252 -0.425179
v 0.331850 0.078429 0.674323
v 0.368740 0.252185 -0.800771
v 0.369977 -0.602505 0.305759
v 0.345358 0.146578 -0.751681
v 0.444679 0.104248 0.623873
v 0.364390 -0.482352 -0.319845
v 0.369872 0.413705 0.825340
v 0.383419 -0.549636 -0.355023
v 0.383103 -0.576639 -0.346895
v 0.434515 0.226717 0.522263
v 0.387160 -0.460067 0.261311
v 0.399363 0.063776 0.606434
v 0.376312 0.391144 -0.835893
v 0.379988 -0.456630 -0.237232
v 0.390622 0.441895 -0.842074
v 0.363083 0.148316 0.740001
v 0.388294 0.418180 0.838373
v 0.417173 -0.017137 0.180156
v 0.391682 -0.474341 -0.312460
v 0.470810 0.497355 -0.794924
v 0.398358 0.457958 -0.827015
v 0.403199 -0.014186 0.270043
v 0.380759 0.227064 0.782693
v 0.404591 0.263890 0.805818
v 0.421971 0.595693 0.768968
v 0.510578 0.560365 -0.805663
v 0.383833 0.314096 0.821874
v 0.480069 0.515482 -0.806253
v 0.445114 -0.493280 0.280870
v 0.384701 0.215208 -0.781693
v 0.419184 -0.573121 -0.281964
v 0.390059 0.509173 -0.848270
v 0.402542 0.312835 -0.817547
v 0.489001 0.174109 0.375869
v 0.451618 0.121577 0.658735
v 0.406236 -0.547096 0.305802
v 0.405579 0.404206 -0.831016
v 0.422941 -0.457550 -0.151258
v 0.385614 0.050571 0.546232
v 0.402248 0.401230 0.825921
v 0.454202 0.125774 -0.662980
v 0.446950 0.622634 0.751614
v 0.437136 -0.014068 -0.010238
v 0.466814 -0.629319 -0.092387
v 0.441105 0.008428 -0.380289
v 0.426293 -0.503478 -0.303460
v 0.398153 0.453443 0.830691
v 0.415389 -0.408445 0.153970
v 0.465469 0.016334 0.405005
v 0.430316 0.038050 0.503417
v 0.416505 -0.457260 0.156418
v 0.414746 -0.602886 -0.239149
v 0.462549 0.162841 0.694631
v 0.416503 0.127773 -0.299302
v 0.401321 -0.408386 -0.193988
v 0.434286 -0.013862 -0.212418
v 0.483354 0.526026 0.810223
v 0.432017 -0.582772 -0.255356
v 0.429440 0.082461 0.621158
v 0.391164 -0.499860 0.341214
v 0.457048 0.006578 0.322984
v 0.442495 -0.523246 -0.279403
v 0.414641 0.413656 0.826983
v 0.430240 0.085610 -0.621637
v 0.451062 0.432238 -0.805736
v 0.432396 -0.566009 0.273520
v 0.436379 0.000974 -0.309599
v 0.454878 0.388127 0.605687
v 0.451177 -0.470287 -0.215607
v 0.463455 0.404135 -0.602313
v 0.440473 -0.468893 0.223567
v 0.437545 -0.535293 0.276575
v 0.455748 -0.599908 0.140657
v 0.448268 -0.015889 -0.081288
v 0.489409 0.004945 0.315964
v 0.457226 -0.628646 0.124412
v 0.447509 -0.460272 -0.154558
v 0.473028 0.101958 -0.590359
v 0.441152 -0.454113 0.085103
v 0.460258 -0.581660 -0.192912
v 0.489538 0.004301 0.249143
v 0.471746 -0.008626 0.227639
v 0.487039 -0.014435 0.046532
v 0.451180 -0.462516 0.131503
v 0.434513 0.006247 0.372716
v 0.448465 -0.411690 -0.001225
v 0.444186 -0.486566 0.233755
v 0.467785 0.063968 -0.557454
v 0.449750 -0.460513 0.007800
v 0.465925 0.087189 0.570418
v 0.517596 0.044915 0.373408
v 0.476610 -0.456800 -0.061352
v 0.454425 -0.506914 -0.235436
v 0.521809 0.010727 0.190773
v 0.477288 -0.596653 -0.088432
v 0.474561 -0.000955 0.072732
v 0.451129 0.506916 0.819118
v 0.481828 -0.579424 0.173994
v 0.498995 -0.463129 -0.006854
v 0.486948 0.232812 0.732558
v 0.499230 -0.009071 0.176317
v 0.554400 0.003439 0.174968
v 0.476132 0.074575 0.569556
v 0.587992 0.158197 -0.075005
v 0.468497 0.173277 -0.703340
v 0.472116 0.052957 0.531321
v 0.504204 0.155231 0.627528
v 0.515280 0.406330 0.765680
v 0.493014 -0.563031 -0.189576
v 0.557480 0.621756 -0.678253
v 0.479028 -0.539330 -0.221428
v 0.483173 -0.014624 -0.045345
v 0.432211 0.545090 0.852351
v 0.476393 -0.595400 0.074740
v 0.548316 0.057622 -0.463586
v 0.495532 -0.503540 -0.190766
v 0.485750 -0.537960 0.186435
v 0.483017 -0.585268 -0.137250
v 0.505542 0.595394 0.717670
v 0.499964 0.217447 -0.710369
v 0.500285 -0.011426 0.093004
v 0.465006 0.430385 0.798105
v 0.494098 -0.575782 -0.070009
v 0.542098 0.005551 -0.254258
v 0.514749 0.408576 -0.765794
v 0.526685 0.243318 -0.681505
v 0.533600 0.621848 0.693177
v 0.639456 0.630502 -0.478533
v 0.506504 -0.482643 0.051175
v 0.446505 -0.015823 -0.165545
v 0.483289 -0.479699 -0.034031
v 0.507088 -0.533994 0.159677
v 0.477420 -0.550245 0.200972
v 0.502796 -0.512366 0.057145
v 0.544034 0.625829 0.543865
v 0.505470 0.312441 0.757348
v 0.535388 0.051437 0.455387
v 0.507337 0.012152 -0.348251
v 0.525855 -0.568945 -0.078865
v 0.615037 0.079327 -0.427316
v 0.530334 0.139993 -0.622321
v 0.527292 -0.521308 0.061966
v 0.555301 0.558627 0.773266
v 0.623151 0.583841 0.690851
v 0.499821 0.219247 0.708912
v 0.504332 -0.582380 0.090942
v 0.508826 -0.584940 -0.041724
v 0.571007 0.171399 -0.215995
v 0.479595 -0.570514 -0.164329
v 0.585785 0.325610 -0.447579
v 0.535871 0.028995 0.368749
v 0.597325 0.177423 0.180523
v 0.496522 -0.513520 -0.096874
v 0.511171 -0.579719 0.022756
v 0.528457 -0.521939 -0.069164
v 0.502124 0.289207 -0.754222
v 0.506805 -0.502516 -0.121861
v 0.600786 0.595235 -0.644028
v 0.523808 0.059399 0.435675
v 0.491669 -0.507626 0.178310
v 0.585352 0.099458 -0.473847
v 0.563141 0.233932 -0.673113
v 0.639474 0.033644 -0.103925
v 0.521372 0.132153 0.616713
v 0.529373 0.469901 0.751051
v 0.509666 -0.545939 0.000257
v 0.581246 0.026629 0.292210
v 0.618757 0.017577 -0.134031
v 0.585839 0.047213 -0.385098
v 0.537106 0.452942 -0.753412
v 0.586159 0.031892 -0.216563
v 0.517587 0.282370 0.736623
v 0.535682 0.260170 0.680660
v 0.576491 0.510124 -0.735882
v 0.523387 0.332108 -0.746431
v 0.528816 -0.506032 -0.000945
v 0.608715 0.014321 -0.048679
v 0.605090 0.018196 0.102006
v 0.533271 0.388347 0.737416
v 0.520704 0.010629 -0.269883
v 0.612402 0.014377 0.033220
v 0.550593 0.194148 0.655030
v 0.601274 0.122099 -0.527778
v 0.560659 0.029819 -0.252313
v 0.593702 0.510838 0.722526
v 0.521029 0.422174 0.736968
v 0.521607 0.407002 -0.734723
v 0.614045 0.419927 0.448112
v 0.607375 0.263029 0.366153
v 0.533539 0.444419 0.753493
v 0.571066 0.034603 0.256544
v 0.629586 0.045524 -0.299009
v 0.609039 0.025059 -0.209789
v 0.572691 0.017520 0.267377
v 0.536239 0.378717 -0.733460
v 0.586115 0.104058 0.514812
v 0.622619 0.018925 0.050016
v 0.529716 0.111790 0.592868
v 0.651671 0.447968 -0.406680
v 0.620076 0.621570 0.616422
v 0.583858 0.043038 0.376670
v 0.606479 0.270181 -0.372914
v 0.610167 0.015712 0.129929
v 0.565009 0.380283 0.711407
v 0.546692 0.624865 -0.541397
v 0.580806 0.398239 -0.711407
v 0.701118 0.582240 -0.623307
v 0.611692 0.498201 0.690998
v 0.640214 0.021319 -0.116592
v 0.566427 0.478913 -0.724995
v 0.620108 0.595490 0.622451
v 0.578275 0.086184 0.481879
v 0.594240 0.449107 -0.716688
v 0.585945 0.395828 0.709585
v 0.630473 0.537666 -0.714250
v 0.652980 0.530352 0.687562
v 0.589032 0.063687 0.406294
v 0.569930 0.477192 0.726364
v 0.628346 0.115492 0.451014
v 0.641021 0.038061 0.220034
v 0.611893 0.497937 -0.690183
v 0.574161 0.212365 0.651089
v 0.573553 0.213655 -0.651819
v 0.576347 0.276176 0.687713
v 0.596161 0.296664 0.679560
v 0.622002 0.135232 0.520370
v 0.647134 0.056532 0.235140
v 0.595416 0.298340 -0.681743
v 0.597662 0.443064 0.712860
v 0.604502 0.411047 -0.693866
v 0.604145 0.407659 0.694497
v 0.632712 0.125529 -0.459192
v 0.627589 0.088936 0.431079
v 0.653799 0.060261 0.305926
v 0.642262 0.167144 -0.538841
v 0.672065 0.560913 0.671958
v 0.638343 0.625547 0.434643
v 0.650716 0.208742 -0.572800
v 0.645717 0.624647 -0.422704
v 0.667591 0.032927 0.121271
v 0.638955 0.184926 0.560358
v 0.636836 0.429172 0.669013
v 0.685892 0.048454 0.143810
v 0.679575 0.294938 -0.598908
v 0.674961 0.238680 -0.530408
v 0.664358 0.428162 -0.655221
v 0.679983 0.322313 0.615283
v 0.707285 0.625235 0.512529
v 0.651091 0.436194 -0.648989
v 0.685480 0.042616 -0.052663
v 0.707912 0.116486 0.312677
v 0.684292 0.262524 -0.184329
v 0.673676 0.511112 -0.645848
v 0.671513 0.129036 -0.448569
v 0.710274 0.622792 -0.513378
v 0.711468 0.498191 -0.588064
v 0.683488 0.230993 0.513773
v 0.690611 0.169216 -0.479079
v 0.674179 0.143221 0.464004
v 0.710225 0.056158 0.056993
v 0.690154 0.417463 0.604818
v 0.710758 0.123204 -0.308896
v 0.682592 0.276845 0.553969
v 0.651470 0.183827 0.545770
v 0.715015 0.107004 -0.329559
v 0.677068 0.292873 0.594001
v 0.700922 0.625721 0.311310
v 0.717541 0.121464 0.349923
v 0.729492 0.076850 0.066675
v 0.691017 0.283316 -0.578261
v 0.701505 0.256986 0.071870
v 0.686200 0.418893 0.625449
v 0.691792 0.413732 -0.606714
v 0.707815 0.595048 0.516701
v 0.737389 0.595493 -0.477964
v 0.747599 0.086466 -0.127317
v 0.722672 0.246616 -0.509428
v 0.824775 0.621779 -0.303179
v 0.704232 0.377602 0.269891
v 0.701065 0.508505 0.614206
v 0.735776 0.521424 -0.585728
v 0.725630 0.086339 0.236569
v 0.693096 0.292920 0.579255
v 0.718544 0.122516 -0.352189
v 0.719014 0.380639 0.552745
v 0.729441 0.480627 0.562428
v 0.726321 0.076095 0.120765
v 0.747964 0.081415 -0.062276
v 0.722840 0.210669 0.481718
v 0.729516 0.122207 0.334874
v 0.689949 0.066106 -0.242010
v 0.766312 0.499381 0.513050
v 0.752921 0.418171 -0.117601
v 0.739988 0.506789 -0.570413
v 0.777548 0.558075 -0.552039
v 0.714853 0.445234 0.596594
v 0.742269 0.626778 -0.212644
v 0.710840 0.083393 0.255168
v 0.719555 0.474850 -0.575698
v 0.722848 0.453353 -0.582080
v 0.707930 0.384055 -0.572244
v 0.709834 0.395549 0.577127
v 0.751727 0.378993 0.064864
v 0.716534 0.228622 0.504184
v 0.733588 0.456527 0.559999
v 0.734769 0.379076 -0.535505
v 0.770792 0.195711 -0.381970
v 0.732167 0.410342 -0.521222
v 0.754890 0.123570 -0.266543
v 0.760390 0.176740 0.382150
v 0.752451 0.576367 0.563585
v 0.735933 0.413592 0.521246
v 0.788463 0.621967 0.380105
v 0.744341 0.381865 0.532615
v 0.854421 0.585827 0.361076
v 0.797630 0.509811 0.488403
v 0.745390 0.624740 0.189127
v 0.781752 0.117955 0.131212
v 0.748341 0.462025 -0.547742
v 0.755872 0.388258 -0.528331
v 0.768284 0.137466 0.269791
v 0.789396 0.143027 -0.253969
v 0.774329 0.185107 -0.356231
v 0.741356 0.247078 -0.493575
v 0.778278 0.214472 0.350556
v 0.777190 0.221996 -0.343307
v 0.805006 0.138203 0.161445
v 0.757094 0.441803 0.529066
v 0.749421 0.281789 0.501376
v 0.781535 0.199100 0.359116
v 0.756481 0.595997 0.444055
v 0.784119 0.229632 0.381282
v 0.770540 0.103734 -0.154548
v 0.808641 0.175320 0.264338
v 0.794000 0.117246 0.062848
v 0.764919 0.400657 0.516554
v 0.776295 0.398866 -0.514034
v 0.770995 0.624948 0.015340
v 0.794365 0.548002 0.531984
v 0.818750 0.218454 0.294307
v 0.801706 0.190040 -0.289589
v 0.796398 0.430873 -0.469051
v 0.802146 0.434563 0.446370
v 0.795435 0.429082 0.479262
v 0.882412 0.564894 -0.357464
v 0.807016 0.145823 -0.083080
v 0.822718 0.315047 -0.380402
v 0.800237 0.595710 0.360585
v 0.812827 0.300307 -0.401643
v 0.814006 0.294282 0.410588
v 0.835646 0.466237 0.388189
v 0.826325 0.595711 -0.304579
v 0.782052 0.218895 0.320746
v 0.866034 0.506616 0.347543
v 0.822335 0.159310 -0.145057
v 0.844790 0.381222 0.339165
v 0.875257 0.586907 -0.298724
v 0.853798 0.190819 -0.057181
v 0.810902 0.497502 -0.438783
v 0.809119 0.148397 0.081705
v 0.835344 0.387197 0.375184
v 0.828111 0.408385 -0.408588
v 0.828168 0.452701 -0.401590
v 0.863212 0.224472 -0.175864
v 0.876914 0.622859 -0.041441
v 0.817628 0.325350 0.397645
v 0.832848 0.180952 0.144234
v 0.803223 0.510070 -0.477830
v 0.884351 0.535432 0.351960
v 0.864377 0.208916 0.073160
v 0.847474 0.488407 0.350261
v 0.832883 0.390319 -0.374032
v 0.828543 0.408997 0.407158
v 0.853176 0.621552 0.202436
v 0.818817 0.532228 -0.480985
v 0.821418 0.144439 -0.074030
v 0.874822 0.563814 0.371619
v 0.858598 0.287910 0.288041
v 0.864374 0.282420 -0.282185
v 0.845979 0.259582 -0.288216
v 0.851397 0.383054 -0.330817
v 0.832339 0.428654 -0.381819
v 0.827814 0.410711 0.375992
v 0.848487 0.455159 0.361397
v 0.834824 0.595988 0.270099
v 0.853929 0.302424 -0.309080
v 0.861720 0.266795 0.138960
v 0.864143 0.271973 -0.112620
v 0.850854 0.292013 0.305962
v 0.857079 0.453981 -0.346446
v 0.870646 0.254016 -0.153058
v 0.848298 0.481823 -0.355008
v 0.864267 0.421772 0.320233
v 0.857816 0.391132 0.326071
v 0.859459 0.508175 -0.364647
v 0.884772 0.496658 -0.263611
v 0.860476 0.595665 0.172575
v 0.904710 0.321643 0.083339
v 0.885065 0.280275 0.154719
v 0.881106 0.236528 0.055317
v 0.871694 0.238755 0.181472
v 0.868021 0.447757 0.305765
v 0.872126 0.453577 -0.325943
v 0.882486 0.596898 -0.013347
v 0.895834 0.497594 0.225507
v 0.869574 0.394450 0.301513
v 0.872323 0.419742 -0.295677
v 0.880714 0.431128 0.265576
v 0.898253 0.275953 -0.077625
v 0.895112 0.415340 0.276122
v 0.901031 0.376103 -0.116003
v 0.888057 0.295009 0.172477
v 0.904861 0.297610 -0.060374
v 0.899370 0.381650 0.148292
v 0.898702 0.337761 -0.177483
v 0.906847 0.426346 -0.226095
v 0.894726 0.518012 -0.287641
v 0.899194 0.403390 -0.096884
v 0.898585 0.388275 0.104717
v 0.907683 0.323384 0.062095
v 0.905148 0.390249 -0.155377
v 0.904376 0.413251 0.160012
v 0.899939 0.414318 0.181012
v 0.911469 0.452247 -0.144002
v 0.910781 0.416169 0.192324
v 0.923962 0.512438 0.153855
v 0.900908 0.422571 -0.186295
v 0.913078 0.483447 0.123799
v 0.904041 0.432598 0.093673
v 0.909334 0.490022 -0.127025
v 0.941189 0.562828 -0.142492
v 0.927733 0.517069 -0.148882
v 0.915945 0.448616 0.156081
v 0.938979 0.579863 0.064652
v 0.946683 0.542396 0.130075
v 0.919299 0.409013 -0.064901
v 0.927991 0.447707 -0.085362
v 0.918398 0.420228 0.056228
v 0.928367 0.503881 -0.058464
v 0.933792 0.408192 0.050353
v 0.925037 0.426920 -0.036780
v 0.924386 0.439730 0.088485
vn -0.9906 -0.0963 0.0971
vn -0.9940 0.0401 -0.1014
vn -0.6926 0.7212 0.0141
vn -0.9072 0.3712 0.1978
vn -0.8973 -0.4164 -0.1466
vn -0.8045 -0.5888 0.0786
vn -0.9947 -0.0542 -0.0879
vn -0.9976 -0.0686 -0.0133
vn -0.5937 0.7703 0.2326
vn -0.9987 -0.0304 -0.0419
vn -0.9831 -0.1494 -0.1057
vn -0.9792 -0.1836 0.0865
vn -0.9917 -0.0497 0.1184
vn -0.9286 -0.0725 0.3639
vn -0.8678 0.4628 -0.1810
vn -0.9159 0.3435 0.2078
vn -0.9750 -0.0885 0.2039
vn -0.9381 -0.2256 -0.2628
vn -0.9204 -0.3888 0.0414
vn -0.9767 -0.1455 0.1579
vn -0.8142 -0.4632 -0.3500
vn -0.5516 0.8198 -0.1538
vn -0.7997 -0.3143 0.5115
vn -0.5521 -0.0053 0.8337
vn -0.9070 -0.3567 -0.2239
vn -0.9777 0.0622 -0.2005
vn -0.7600 -0.6233 0.1841
vn -0.9973 0.0280 0.0686
vn -0.9361 -0.2308 -0.2652
vn -0.9795 -0.1925 0.0590
vn -0.9773 0.1540 0.1454
vn -0.9865 -0.0775 -0.1442
vn -0.9084 -0.3605 -0.2116
vn -0.2474 0.1764 0.9527
vn -0.9544 -0.0258 -0.2973
vn -0.7700 -0.5106 0.3827
vn -0.8913 0.3303 0.3107
vn -0.8701 0.1836 -0.4574
vn -0.8920 -0.3371 0.3013
vn -0.9310 -0.1825 0.3160
vn -0.9850 0.1671 0.0430
vn -0.9391 -0.3317 -0.0896
vn -0.8728 -0.1271 -0.4712
vn -0.9977 0.0543 0.0416
vn -0.9705 -0.2299 -0.0729
vn -0.8856 0.0884 -0.4559
vn -0.9121 -0.2230 -0.3440
vn -0.9070 -0.1775 0.3819
vn -0.8221 -0.4512 -0.3472
vn -0.6638 -0.3139 0.6789
vn -0.9509 -0.0052 -0.3096
vn -0.9145 0.1054 -0.3906
vn -0.6883 -0.6606 -0.2998
vn -0.9149 -0.3118 -0.2564
vn -0.6911 -0.6545 0.3068
vn -0.8489 -0.5273 -0.0363
vn -0.8558 0.2932 -0.4263
vn -0.7367 0.6732 -0.0634
vn -0.8943 -0.3270 0.3055
vn -0.5958 0.6296 0.4986
vn -0.8993 -0.4301 0.0788
vn -0.7884 -0.3860 -0.4790
vn -0.7997 -0.5184 -0.3028
vn -0.7340 0.6779 -0.0415
vn -0.8393 -0.3338 0.4290
vn -0.9033 0.0154 0.4288
vn -0.8909 -0.4487 0.0711
vn -0.9270 -0.0159 -0.3747
vn -0.8259 -0.3893 -0.4078
vn -0.7279 0.5601 -0.3955
vn -0.6869 -0.2452 -0.6842
vn -0.9573 0.0032 -0.2890
vn -0.9384 0.1494 -0.3116
vn -0.8181 -0.4543 -0.3526
vn -0.6532 0.7440 0.1410
vn -0.8514 0.5239 0.0270
vn -0.8120 -0.2317 0.5357
vn -0.8187 -0.5709 -0.0621
vn -0.8868 0.1793 0.4259
vn -0.7474 -0.5705 0.3405
vn -0.6975 0.6962 -0.1696
vn -0.8383 -0.2712 0.4730
vn -0.7582 -0.1972 -0.6214
vn -0.5695 -0.1418 0.8097
vn -0.8595 -0.0248 0.5106
vn -0.8648 0.2986 -0.4037
vn -0.7159 -0.5956 -0.3645
vn -0.6759 -0.6496 0.3481
vn -0.7881 0.2718 0.5523
vn -0.7880 -0.6047 0.1162
vn -0.8520 -0.1403 0.5044
vn -0.9839 -0.1382 -0.1134
vn -0.6547 -0.4918 -0.5740
vn -0.6866 0.6907 -0.2269
vn -0.7735 -0.6020 0.1983
vn -0.9506 -0.1463 -0.2739
vn -0.5530 0.2385 -0.7983
vn -0.9799 -0.1787 0.0883
vn -0.7477 -0.5305 -0.3994
vn -0.6489 -0.4687 0.5994
vn -0.6791 -0.7294 -0.0825
vn -0.9929 -0.1015 0.0615
vn -0.7918 -0.4840 0.3727
vn -0.9284 0.1042 0.3566
vn -0.7088 -0.7051 0.0193
vn -0.7862 -0.3272 -0.5242
vn -0.6757 -0.7203 -0.1567
vn -0.7673 -0.4471 -0.4597
vn -0.6238 0.7124 0.3216
vn -0.6729 0.6959 0.2509
vn -0.9818 -0.1853 -0.0428
vn -0.7833 -0.3824 0.4902
vn -0.7901 -0.6120 -0.0346
vn -0.8672 0.4964 -0.0390
vn -0.8973 0.4184 0.1408
vn -0.9333 0.0627 -0.3536
vn -0.8915 -0.3314 0.3090
vn -0.6718 0.6698 -0.3163
vn -0.7895 -0.1322 -0.5994
vn -0.9654 -0.2467 0.0848
vn -0.8669 -0.3951 -0.3040
vn -0.7209 -0.6902 -0.0626
vn -0.9067 -0.3829 0.1768
vn -0.5901 0.7060 -0.3916
vn -0.7373 -0.2433 -0.6302
vn -0.6792 0.6468 -0.3467
vn 0.6418 0.7669 0.0034
vn -0.3663 0.3251 -0.8719
vn -0.3688 0.2847 0.8848
vn -0.8834 -0.4545 0.1141
vn -0.7641 0.2198 0.6065
vn 0.6106 0.7722 0.1757
vn -0.6957 -0.2177 0.6845
vn -0.5741 -0.8130 0.0973
vn -0.8674 -0.4820 -0.1236
vn -0.8005 -0.5101 0.3146
vn -0.4668 -0.7857 0.4060
vn -0.6666 -0.5277 0.5265
vn -0.6044 -0.7961 0.0294
vn -0.4080 0.8445 0.3468
vn -0.6022 -0.7226 0.3395
vn 0.6361 0.7570 -0.1494
vn -0.7190 -0.6209 0.3121
vn -0.6228 -0.7273 0.2885
vn -0.7824 -0.6197 0.0624
vn -0.5704 -0.7615 -0.3079
vn -0.5242 -0.3898 0.7572
vn -0.5986 0.6605 0.4532
vn -0.5486 -0.1526 -0.8220
vn -0.7749 -0.6020 -0.1926
vn -0.6965 -0.6054 -0.3852
vn -0.8008 0.1659 -0.5755
vn -0.5134 -0.7068 -0.4867
vn 0.9627 0.2360 0.1324
vn -0.8413 -0.0534 -0.5380
vn -0.5574 -0.6612 -0.5022
vn -0.7862 -0.1583 -0.5974
vn -0.5197 -0.8515 0.0699
vn -0.7709 0.3591 0.5262
vn -0.7318 -0.6797 0.0495
vn 0.9725 0.2203 -0.0758
vn -0.8142 0.0659 0.5768
vn -0.5968 -0.0025 0.8024
vn -0.7052 -0.4355 -0.5595
vn -0.2341 -0.0808 0.9689
vn -0.6685 -0.4665 0.5792
vn -0.6216 -0.0934 -0.7777
vn -0.3481 -0.2789 -0.8950
vn 0.9114 0.2426 0.3324
vn 0.7034 -0.6357 0.3180
vn -0.5975 0.7019 -0.3876
vn -0.5354 -0.3470 -0.7700
vn -0.5185 -0.8355 0.1819
vn -0.7822 0.1658 -0.6006
vn -0.7655 0.0728 0.6393
vn -0.6151 -0.5434 0.5713
vn -0.4990 0.7410 -0.4493
vn -0.9100 -0.1978 0.3642
vn -0.4368 -0.8826 0.1741
vn -0.4050 -0.8228 -0.3987
vn -0.7737 -0.0917 -0.6269
vn -0.6325 0.6503 -0.4207
vn 0.7913 0.6049 -0.0893
vn -0.4446 -0.8902 -0.0994
vn 0.9416 0.1029 -0.3208
vn -0.6177 0.6901 0.3770
vn -0.7257 -0.0403 0.6869
vn 0.8161 0.5288 0.2332
vn 0.8393 0.4553 -0.2971
vn -0.7186 -0.6888 -0.0960
vn -0.5582 -0.4101 0.7213
vn -0.9281 -0.1653 -0.3335
vn -0.6023 0.3809 0.7016
vn -0.1702 -0.4831 -0.8589
vn -0.5968 -0.7875 -0.1539
vn 0.7283 0.6834 0.0496
vn -0.2008 -0.7714 -0.6038
vn -0.9701 -0.2210 -0.1000
vn -0.8990 -0.4206 0.1221
vn -0.9355 0.0495 0.3499
vn -0.8964 -0.2903 0.3348
vn -0.7754 -0.3713 -0.5108
vn -0.4297 -0.8738 -0.2277
vn -0.4372 -0.6736 0.5959
vn -0.7628 -0.0831 -0.6413
vn 0.5400 0.7735 -0.3319
vn -0.3987 -0.9117 -0.0986
vn -0.9315 0.1991 0.3045
vn -0.6236 -0.3673 0.6901
vn -0.7416 -0.3168 -0.5914
vn -0.8418 0.4634 -0.2768
vn -0.5759 0.6632 -0.4781
vn -0.6637 0.0076 -0.7479
vn -0.5237 0.6951 -0.4925
vn -0.5890 -0.7723 -0.2381
vn -0.4435 -0.8128 0.3778
vn -0.3518 -0.9009 -0.2544
vn -0.2358 -0.9177 -0.3197
vn 0.8171 0.2934 -0.4962
vn -0.8504 -0.4528 -0.2679
vn -0.6119 -0.6477 -0.4540
vn -0.5716 -0.7681 0.2886
vn -0.4856 -0.8199 -0.3034
vn -0.6984 -0.3549 0.6215
vn 0.8468 0.1690 0.5043
vn -0.4041 -0.7126 -0.5735
vn -0.1783 -0.8440 0.5058
vn -0.6704 -0.2392 0.7023
vn -0.3159 -0.7696 0.5549
vn -0.8200 -0.4740 0.3209
vn -0.2118 0.4975 -0.8412
vn -0.6099 -0.3919 0.6888
vn -0.7093 0.1923 -0.6782
vn -0.2542 -0.8921 0.3736
vn -0.8224 -0.5368 0.1885
vn -0.6394 -0.4889 -0.5934
vn -0.7175 0.0401 0.6954
vn -0.2033 -0.8195 0.5359
vn 0.7179 0.5371 0.4428
vn -0.1227 -0.8135 -0.5684
vn -0.6653 -0.2653 -0.6978
vn -0.5143 0.6967 0.5001
vn -0.5547 -0.7199 0.4172
vn -0.5359 -0.2644 0.8018
vn -0.2846 -0.8672 0.4085
vn -0.6819 -0.1232 0.7210
vn -0.7090 -0.6109 -0.3521
vn 0.7415 0.1670 -0.6498
vn 0.5398 0.8192 0.1938
vn -0.4836 0.6757 -0.5563
vn -0.4668 -0.6251 0.6255
vn -0.1844 -0.7917 -0.5824
vn -0.3347 0.7437 0.5787
vn -0.5135 -0.4950 -0.7009
vn 0.5148 0.7766 0.3631
vn 0.5178 0.8320 -0.1992
vn -0.0923 -0.7250 -0.6826
vn -0.1528 -0.8918 -0.4258
vn -0.6032 -0.7640 0.2289
vn 0.6188 0.6636 -0.4205
vn 0.7126 0.2410 0.6589
vn -0.5612 -0.5187 0.6450
vn -0.4014 0.6966 -0.5947
vn -0.3044 -0.9308 0.2022
vn -0.6396 -0.2800 -0.7159
vn -0.2926 -0.9431 -0.1577
vn -0.3061 -0.8981 0.3157
vn -0.6190 -0.7746 -0.1294
vn 0.4776 0.7368 -0.4785
vn -0.5919 -0.1302 -0.7954
vn -0.5800 -0.7186 0.3837
vn -0.5933 -0.7926 0.1407
vn -0.2319 0.8676 0.4398
vn -0.0863 -0.8918 0.4441
vn -0.6046 -0.0422 0.7954
vn -0.4292 0.6917 -0.5809
vn -0.2579 -0.8773 -0.4047
vn -0.6134 -0.1051 -0.7827
vn -0.4616 -0.6298 -0.6247
vn -0.4866 -0.8143 0.3165
vn -0.3817 -0.8598 0.3393
vn 0.0222 -0.8757 0.4823
vn -0.4544 -0.1935 0.8695
vn -0.0603 -0.8277 -0.5579
vn -0.5172 0.1188 -0.8476
vn -0.3849 -0.6594 0.6458
vn -0.2333 -0.3331 -0.9136
vn -0.6438 -0.7543 0.1283
vn -0.4291 0.6855 0.5882
vn -0.5238 -0.0488 0.8505
vn -0.3747 -0.2031 -0.9046
vn -0.5766 -0.0432 0.8159
vn 0.4595 0.7654 0.4505
vn -0.1314 -0.9855 0.1076
vn -0.6271 -0.7648 -0.1480
vn -0.1458 -0.9204 0.3627
vn -0.3248 -0.3939 0.8599
vn 0.4241 0.8496 0.3137
vn 0.5809 0.5697 0.5814
vn 0.5981 0.4096 -0.6888
vn -0.4993 0.6579 0.5638
vn -0.6904 -0.1367 0.7104
vn -0.1510 -0.4357 -0.8873
vn -0.2301 -0.9674 -0.1055
vn -0.9597 -0.1418 -0.2427
vn -0.4164 -0.7092 -0.5689
vn -0.2061 -0.9621 -0.1786
vn -0.5501 0.0871 -0.8306
vn -0.6393 -0.1693 -0.7501
vn -0.4148 0.4146 -0.8099
vn -0.4681 -0.4906 0.7350
vn -0.7768 -0.3653 -0.5130
vn -0.4709 -0.3947 0.7889
vn -0.5220 -0.8302 -0.1959
vn -0.2954 -0.9548 -0.0329
vn -0.3320 -0.3191 0.8877
vn -0.9731 0.0315 0.2281
vn -0.7011 -0.1502 0.6971
vn -0.3293 -0.8962 -0.2973
vn -0.3086 -0.7521 0.5824
vn -0.0457 -0.8858 -0.4618
vn -0.0539 -0.9119 -0.4069
vn 0.3269 0.9449 -0.0189
vn -0.3969 -0.6008 -0.6939
vn 0.1061 -0.7769 -0.6206
vn -0.7038 -0.5838 -0.4048
vn -0.9922 -0.1247 0.0031
vn -0.4630 -0.3583 -0.8107
vn 0.2667 -0.6837 0.6792
vn -0.8473 -0.1184 -0.5177
vn -0.4789 -0.6289 0.6125
vn -0.1145 -0.5488 -0.8281
vn -0.9561 0.1578 -0.2471
vn -0.2123 -0.9767 -0.0312
vn -0.9789 0.1871 -0.0818
vn -0.8023 0.4919 0.3381
vn -1.0000 -0.0013 -0.0053
vn -0.8250 -0.5443 0.1518
vn -0.0603 -0.9981 0.0132
vn -0.7696 -0.2761 0.5758
vn 0.0059 -0.8292 -0.5589
vn -0.6735 -0.1798 -0.7170
vn 0.1855 0.9779 0.0966
vn -0.8623 -0.3355 -0.3792
vn -0.5622 -0.0856 0.8226
vn -0.6815 0.7058 0.1933
vn -0.8762 -0.0156 -0.4818
vn -0.9948 0.0368 0.0945
vn -0.6014 -0.0648 -0.7963
vn -0.9034 -0.3867 0.1853
vn -0.5095 -0.2260 -0.8302
vn -0.4650 0.8765 0.1248
vn -0.6759 -0.4444 0.5879
vn -0.9391 -0.3430 -0.0209
vn -0.9512 -0.1439 -0.2731
vn -0.5106 0.7888 0.3420
vn -0.6461 -0.7569 -0.0983
vn -0.8133 -0.3679 0.4507
vn 0.3828 0.7520 -0.5366
vn -0.3895 0.6502 -0.6523
vn -0.4725 -0.8706 -0.1375
vn -0.9561 0.0413 -0.2901
vn -0.1235 -0.9913 0.0465
vn -0.5381 -0.6856 0.4903
vn -0.5678 -0.8230 0.0148
vn -0.6449 0.7494 0.1500
vn -0.5441 -0.5545 0.6297
vn -0.8203 -0.5548 0.1387
vn -0.4764 0.2181 0.8517
vn -0.1085 -0.9898 -0.0925
vn -0.8212 0.4635 0.3329
vn -0.5851 -0.4400 -0.6812
vn -0.9653 0.1742 0.1946
vn -0.0205 -0.9983 0.0545
vn -0.9637 0.2640 -0.0389
vn -0.0400 0.2087 0.9772
vn -0.7700 -0.5698 0.2872
vn -0.1808 -0.7498 -0.6365
vn -0.5520 0.1026 0.8275
vn -0.6516 -0.6158 -0.4429
vn -0.7506 -0.6160 -0.2392
vn -0.9064 -0.3946 0.1509
vn -0.7272 0.2036 0.6556
vn -0.8043 -0.4392 -0.4002
vn 0.0167 -0.8773 0.4796
vn -0.8116 -0.5677 0.1379
vn 0.5334 0.2352 0.8125
vn 0.3519 0.7715 0.5301
vn -0.5779 0.8122 -0.0792
vn -0.4776 -0.0084 -0.8785
vn -0.2267 0.9699 0.0885
vn -0.8687 0.2730 -0.4133
vn -0.3477 -0.6115 0.7107
vn -0.5135 -0.8152 -0.2680
vn -0.9189 -0.2293 -0.3210
vn 0.4321 0.7526 -0.4969
vn -0.7254 0.6703 0.1562
vn -0.4691 -0.8748 0.1212
vn -0.6349 -0.7634 -0.1191
vn -0.6112 -0.7835 0.1118
vn -0.6879 0.3523 -0.6346
vn -0.6589 0.7506 -0.0502
vn -0.4644 0.8382 -0.2858
vn -0.4212 -0.4554 0.7843
vn -0.0753 -0.9738 -0.2147
vn -0.8759 0.2055 -0.4365
vn 0.3522 0.7837 0.5116
vn 0.0853 -0.8574 -0.5076
vn -0.4637 -0.0995 -0.8804
vn -0.0820 -0.9966 0.0023
vn -0.0680 -0.3995 0.9142
vn -0.1005 -0.3485 -0.9319
vn -0.7478 0.4537 0.4847
vn -0.3422 0.6845 -0.6437
vn -0.5493 -0.8211 0.1551
vn -0.7392 -0.5524 -0.3853
vn -0.7282 0.5108 0.4570
vn -0.5673 -0.7833 0.2542
vn -0.5057 -0.7802 -0.3681
vn -0.5626 -0.7905 0.2420
vn 0.0054 -0.9226 0.3856
vn 0.1809 0.9704 -0.1598
vn -0.2835 0.7458 0.6028
vn 0.5487 0.1250 -0.8266
vn -0.1434 -0.9894 -0.0238
vn -0.9404 0.2453 0.2356
vn -0.4569 0.8874 0.0612
vn -0.5511 -0.8196 0.1568
vn -0.8360 0.5459 0.0550
vn -0.7022 -0.2990 0.6462
vn -0.6825 0.7056 0.1904
vn -0.9071 -0.0935 0.4104
vn -0.9285 -0.2905 0.2314
vn -0.2272 -0.9724 -0.0538
vn -0.6052 0.7939 -0.0594
vn -0.6041 0.7852 -0.1362
vn -0.4118 -0.7749 0.4795
vn -0.4307 0.8182 -0.3809
vn -0.9125 -0.0076 -0.4090
vn -0.6718 -0.5796 -0.4613
vn -0.3677 -0.7825 -0.5024
vn -0.2356 0.0924 0.9674
vn 0.0328 0.9969 0.0710
vn -0.6562 -0.6015 0.4556
vn -0.6135 0.7684 -0.1823
vn 0.2647 0.5017 -0.8235
vn 0.4145 0.2439 -0.8768
vn -0.4322 -0.7028 -0.5651
vn -0.7378 0.5532 0.3867
vn -0.3164 -0.6185 -0.7193
vn -0.2992 -0.6667 0.6826
vn -0.6549 -0.5398 0.5289
vn -0.7283 -0.0083 0.6852
vn -0.8235 -0.2232 -0.5216
vn -0.3292 -0.6311 -0.7024
vn -0.7507 0.5988 -0.2792
vn -0.3100 0.6629 -0.6815
vn -0.4009 0.9159 0.0190
vn 0.1073 0.9663 0.2339
vn -0.1222 -0.9899 0.0718
vn -0.7528 0.4048 -0.5191
vn 0.3922 0.5420 0.7433
vn -0.6131 -0.6010 -0.5127
vn -0.5900 -0.7126 0.3795
vn -0.5512 -0.8298 -0.0869
vn 0.2379 -0.8095 -0.5368
vn -0.4456 0.0549 0.8935
vn -0.2659 0.6748 -0.6884
vn 0.0443 -0.9163 -0.3980
vn 0.2341 0.7558 -0.6116
vn -0.3700 0.8065 -0.4612
vn -0.7063 -0.5042 -0.4969
vn -0.3892 0.1883 -0.9017
vn -0.2730 -0.2583 -0.9267
vn -0.5746 0.6720 -0.4671
vn -0.0394 -0.9988 -0.0282
vn -0.3184 -0.3519 0.8802
vn -0.0938 -0.9956 0.0040
vn -0.1889 -0.3004 0.9349
vn -0.3193 -0.9302 0.1809
vn -0.0601 -0.2674 -0.9617
vn -0.5062 0.7237 0.4690
vn -0.0682 -0.1537 -0.9858
vn -0.4213 0.6342 0.6483
vn -0.6814 -0.2095 -0.7012
vn -0.0105 -0.2255 0.9742
vn -0.3412 -0.1646 0.9255
vn 0.1311 0.9600 0.2473
vn -0.4553 -0.7871 0.4161
vn -0.5404 -0.1472 0.8284
vn -0.0724 -0.9940 0.0819
vn -0.1998 0.9505 0.2381
vn -0.6619 0.6426 -0.3860
vn -0.4052 -0.0063 0.9142
vn -0.1192 -0.9846 0.1275
vn 0.2557 -0.2990 -0.9194
vn -0.3169 -0.1689 -0.9333
vn -0.1287 -0.4091 0.9034
vn -0.5359 0.7420 -0.4028
vn 0.2205 -0.3218 -0.9208
vn -0.5616 -0.7663 -0.3120
vn -0.3781 -0.0432 -0.9247
vn -0.6011 0.5541 -0.5758
vn -0.5883 0.3712 -0.7184
vn -0.0461 -0.0661 0.9968
vn -0.3855 0.0067 0.9227
vn 0.3050 0.7050 -0.6403
vn 0.1030 -0.9415 -0.3209
vn -0.6278 0.5426 0.5582
vn 0.1642 -0.7750 -0.6103
vn -0.0340 -0.4461 0.8944
vn 0.1460 -0.0595 0.9875
vn -0.4936 -0.8685 -0.0454
vn -0.2681 0.4552 0.8491
vn -0.5116 -0.6174 0.5976
vn -0.5422 0.0610 0.8380
vn -0.2469 -0.0292 -0.9686
vn -0.3012 0.9054 -0.2991
vn -0.2595 0.6696 0.6960
vn -0.2351 -0.9575 0.1673
vn -0.3334 -0.3724 0.8661
vn -0.5712 0.6856 -0.4513
vn -0.4792 -0.2233 0.8488
vn -0.2479 0.6741 -0.6958
vn 0.0131 -0.4694 -0.8829
vn 0.0693 -0.7190 -0.6916
vn -0.3649 -0.5299 0.7655
vn -0.4343 -0.6659 -0.6066
vn -0.1766 0.6838 0.7080
vn -0.8385 0.2175 0.4996
vn -0.3431 -0.0557 0.9376
vn -0.1801 -0.8735 0.4522
vn -0.3673 0.0584 -0.9283
vn 0.0921 -0.7654 0.6370
vn -0.4513 -0.5785 0.6795
vn -0.4606 -0.1115 -0.8806
vn -0.5361 -0.1901 -0.8225
vn -0.7157 0.6894 0.1116
vn 0.0889 0.9481 -0.3053
vn -0.6571 -0.4964 -0.5673
vn -0.4959 -0.8683 0.0045
vn 0.2354 -0.5420 -0.8068
vn -0.4271 -0.8993 0.0941
vn -0.6387 -0.2879 0.7136
vn -0.4721 -0.8768 0.0912
vn -0.5145 -0.2366 -0.8242
vn -0.2597 -0.0129 0.9656
vn -0.6909 -0.4645 -0.5540
vn -0.7671 0.6015 -0.2231
vn -0.5171 0.5860 0.6238
vn -0.0082 -0.6969 0.7172
vn 0.3328 0.1270 0.9344
vn -0.8603 -0.2355 -0.4522
vn -0.5942 -0.4265 0.6819
vn -0.2358 -0.9475 -0.2162
vn -0.3035 0.9084 0.2874
vn -0.2331 0.9613 -0.1466
vn -0.3144 -0.8332 -0.4549
vn -0.0236 -0.9992 0.0317
vn -0.3598 -0.7878 0.4999
vn -0.2175 0.9438 -0.2487
vn -0.0800 -0.9924 -0.0934
vn -0.9693 -0.1807 -0.1665
vn 0.2576 -0.7778 -0.5733
vn -0.6118 -0.7659 -0.1980
vn -0.4580 -0.3829 0.8023
vn -0.0322 -0.9902 -0.1359
vn -0.8660 0.4515 0.2149
vn -0.8050 0.4522 -0.3841
vn -0.3837 -0.1635 -0.9089
vn -0.2058 -0.9524 -0.2250
vn -0.2678 -0.9474 0.1752
vn -0.4589 -0.2637 -0.8484
vn -0.4831 0.0609 0.8734
vn -0.3720 0.0254 0.9279
vn -0.3810 -0.0781 -0.9212
vn -0.5731 -0.7526 -0.3242
vn -0.7884 -0.5507 0.2741
vn -0.5838 -0.3643 -0.7255
vn -0.7559 -0.6318 -0.1716
vn -0.7230 -0.6796 0.1243
vn -0.4564 0.6333 0.6250
vn 0.1628 -0.9175 0.3630
vn 0.3832 -0.7583 0.5274
vn -0.5450 -0.2888 0.7872
vn -0.3290 0.3203 -0.8883
vn -0.5077 0.6054 0.6130
vn -0.3616 -0.5112 0.7797
vn -0.3537 -0.7734 0.5261
vn 0.0620 -0.8793 -0.4723
vn -0.6659 -0.6239 -0.4091
vn -0.1870 0.6909 -0.6984
vn -0.7115 0.6396 -0.2911
vn -0.9714 0.0875 -0.2208
vn -0.6881 0.3170 0.6527
vn -0.4020 -0.3868 -0.8299
vn -0.2236 -0.9702 0.0933
vn -0.3237 -0.5684 -0.7564
vn 0.1981 0.4346 0.8786
vn -0.9586 -0.2534 0.1300
vn -0.2373 -0.2456 0.9399
vn -0.1212 -0.2608 0.9577
vn -0.7414 -0.4811 0.4678
vn -0.3280 -0.9360 -0.1276
vn -0.4025 -0.5871 -0.7024
vn -0.6818 -0.4470 -0.5790
vn -0.7653 0.2871 0.5761
vn -0.2608 0.0695 -0.9629
vn -0.1199 -0.9679 -0.2207
vn -0.7653 0.5559 0.3244
vn -0.9913 0.1301 -0.0223
vn -0.9535 0.1665 0.2513
vn -0.1413 0.2210 -0.9650
vn -0.3469 0.8989 0.2677
vn 0.2009 0.4882 -0.8493
vn -0.7383 -0.3656 0.5668
vn 0.0361 -0.7490 -0.6616
vn 0.2039 0.3296 -0.9218
vn -0.5999 0.4181 -0.6821
vn 0.1953 0.5770 0.7931
vn -0.4010 0.7166 -0.5707
vn -0.8269 0.0793 -0.5568
vn -0.8257 0.2054 -0.5254
vn -0.2755 0.7156 0.6419
vn 0.0038 0.7943 0.6075
vn -0.8303 -0.2360 -0.5048
vn -0.6357 0.6323 0.4428
vn -0.5380 -0.7926 -0.2868
vn -0.5924 -0.7705 0.2355
vn -0.0581 -0.9983 -0.0079
vn -0.3649 -0.6673 0.6493
vn -0.3353 0.6079 -0.7197
vn -0.2706 0.6821 -0.6794
vn 0.0822 0.0988 0.9917
vn -0.1830 -0.6393 0.7469
vn -0.2800 0.5962 0.7525
vn -0.6813 0.5269 -0.5082
vn -0.2554 0.5058 -0.8240
vn -0.1978 -0.2618 0.9446
vn -0.7488 -0.6516 -0.1210
vn -0.2315 -0.3865 -0.8927
vn -0.2652 -0.7295 -0.6304
vn -0.6215 0.4853 0.6150
vn -0.9832 -0.0231 0.1813
vn 0.0258 -0.9885 0.1493
vn -0.4115 0.4029 -0.8175
vn -0.5598 0.0324 0.8280
vn 0.1201 0.7731 0.6228
vn -0.2899 -0.2335 0.9281
vn -0.2730 -0.7815 0.5611
vn -0.4002 -0.9007 0.1691
vn -0.2453 -0.7070 -0.6633
vn -0.9604 -0.2298 -0.1574
vn -0.3993 0.6876 -0.6065
vn -0.4574 -0.8664 -0.2003
vn -0.5309 -0.6872 0.4960
vn -0.0505 0.9620 0.2685
vn -0.3936 0.7294 0.5595
vn -0.2091 -0.8983 -0.3865
vn -0.5608 -0.0811 0.8240
vn -0.1452 0.8919 -0.4283
vn -0.0133 -0.4358 -0.8999
vn -0.1029 -0.6031 0.7910
vn 0.1424 0.7357 -0.6621
vn -0.1147 0.6835 -0.7209
vn -0.1996 -0.7231 -0.6612
vn -0.0578 -0.8056 0.5897
vn 0.0109 -0.5700 0.8216
vn -0.4055 -0.6100 0.6808
vn -0.1610 0.5045 -0.8483
vn -0.4169 -0.4627 0.7824
vn -0.4463 -0.8891 -0.1017
vn -0.4978 0.4243 0.7564
vn 0.1350 0.1839 -0.9736
vn -0.2970 0.2577 0.9194
vn -0.0223 -0.8064 -0.5909
vn -0.1736 0.8866 0.4286
vn -0.9524 0.2722 -0.1373
vn -0.0786 0.6391 0.7651
vn -0.7150 -0.3549 -0.6023
vn -0.0164 -0.9868 -0.1610
vn -0.0044 -0.9984 -0.0557
vn 0.1309 0.0912 -0.9872
vn 0.0029 -0.0984 0.9951
vn 0.0484 -0.9916 0.1197
vn -0.2859 0.5966 -0.7499
vn 0.0177 -0.9960 -0.0870
vn -0.8177 0.1087 -0.5653
vn -0.6745 0.1301 0.7267
vn -0.9159 -0.3714 0.1524
vn -0.4494 0.0300 -0.8928
vn -0.0671 -0.2701 -0.9605
vn -0.0593 -0.6320 -0.7727
vn -0.7615 0.2503 0.5979
vn -0.0513 -0.6452 -0.7623
vn -0.2499 -0.7501 0.6123
vn -0.1105 -0.0122 0.9938
vn -0.1255 -0.1461 0.9813
vn -0.3604 -0.3709 -0.8559
vn -0.0710 -0.9918 0.1066
vn -0.2981 0.1938 -0.9347
vn -0.1135 -0.9317 -0.3449
vn -0.0434 0.5930 0.8041
vn -0.4831 0.4715 0.7377
vn -0.3137 0.7835 0.5364
vn -0.2785 0.3266 0.9032
vn -0.1952 -0.6451 -0.7388
vn -0.2312 -0.5908 -0.7730
vn -0.0773 0.6517 0.7545
vn 0.0389 0.1472 -0.9883
vn -0.1412 0.0487 -0.9888
vn -0.2645 -0.2402 -0.9340
vn 0.3444 -0.2902 0.8928
vn -0.2731 0.3418 0.8992
vn -0.0928 -0.1352 -0.9865
vn -0.0843 -0.1088 -0.9905
vn 0.0863 -0.3720 -0.9242
vn 0.0224 -0.1360 0.9905
vn -0.0107 -0.5480 -0.8364
vn -0.0058 -0.9992 0.0407
vn -0.2235 -0.2387 -0.9450
vn 0.0176 -0.6038 0.7970
vn -0.0178 -0.6344 0.7728
vn -0.0851 0.0214 0.9961
vn 0.0336 0.8601 -0.5090
vn -0.1018 -0.9025 -0.4185
vn -0.0219 0.9033 -0.4284
vn -0.1787 -0.5370 0.8245
vn -0.0296 0.7313 -0.6814
vn -0.1764 -0.9068 0.3828
vn 0.1479 0.7235 0.6742
vn -0.0986 -0.0925 -0.9908
vn 0.0910 -0.7530 -0.6517
vn -0.0391 0.8796 -0.4741
vn 0.0451 0.2277 0.9727
vn 0.2938 -0.8428 -0.4509
vn -0.4603 0.3683 0.8078
vn 0.0636 -0.9606 -0.2706
vn -0.1853 0.7728 -0.6069
vn -0.2867 -0.6906 0.6640
vn 0.2177 -0.9020 0.3729
vn -0.1454 -0.3044 -0.9414
vn 0.2126 -0.3687 0.9049
vn -0.3550 0.3211 -0.8780
vn -0.0624 -0.1250 0.9902
vn -0.4350 -0.2496 -0.8651
vn 0.3261 -0.9189 0.2220
vn 0.0185 0.0659 0.9977
vn -0.1177 0.5894 -0.7992
vn 0.1011 -0.9850 -0.1396
vn -0.2365 0.6019 -0.7627
vn -0.1563 0.5968 -0.7870
vn -0.5710 0.2004 0.7961
vn -0.0849 -0.6893 0.7195
vn -0.7090 0.0414 -0.7039
vn -0.0137 -0.3021 0.9532
vn 0.3309 -0.7849 -0.5238
vn -0.2154 -0.1123 -0.9701
vn -0.1631 -0.5569 -0.8144
vn -0.5368 -0.3133 -0.7834
vn -0.4018 0.1904 0.8957
vn -0.3631 0.0207 -0.9315
vn 0.3462 -0.8768 0.3338
vn -0.5306 0.0626 -0.8453
vn -0.3633 -0.0385 0.9309
vn -0.0015 -0.5295 0.8483
vn -0.0645 -0.8679 0.4926
vn -0.0415 -0.6058 0.7946
vn -0.0210 0.2289 -0.9732
vn 0.0165 0.6563 -0.7543
vn -0.0847 -0.9884 0.1262
vn -0.1874 0.5429 -0.8186
vn -0.1484 -0.2710 -0.9511
vn -0.1925 -0.6986 0.6891
vn -0.4369 0.5992 0.6709
vn -0.6850 -0.1855 0.7045
vn -0.1913 -0.5720 -0.7976
vn -0.4687 -0.3037 -0.8295
vn -0.0319 -0.7468 0.6643
vn -0.2486 -0.9045 -0.3465
vn -0.0310 -0.1093 0.9935
vn 0.1641 -0.9649 -0.2053
vn -0.1348 -0.7678 -0.6263
vn -0.2326 0.8696 -0.4355
vn -0.0866 -0.3418 0.9358
vn -0.1529 -0.0349 0.9876
vn -0.0121 0.7531 0.6578
vn 0.1242 -0.9132 0.3882
vn 0.1624 -0.1270 -0.9785
vn 0.0381 -0.2437 -0.9691
vn -0.2712 -0.1144 0.9557
vn -0.1225 0.7521 0.6476
vn -0.0839 -0.4726 -0.8773
vn -0.0480 -0.2276 -0.9726
vn 0.1233 0.8561 0.5019
vn -0.1415 -0.1053 -0.9843
vn -0.0132 0.9543 0.2986
vn -0.8832 -0.3287 0.3346
vn -0.1921 -0.9748 -0.1135
vn -0.1434 -0.6664 -0.7317
vn -0.4994 -0.3601 0.7880
vn 0.0094 -0.2914 0.9566
vn -0.0604 -0.9929 0.1022
vn 0.5094 -0.8143 -0.2782
vn -0.4184 -0.8108 -0.4093
vn 0.0126 0.4317 0.9019
vn -0.3321 -0.9168 0.2220
vn -0.1011 0.4168 0.9034
vn 0.0615 0.5588 0.8270
vn -0.0408 -0.5147 -0.8564
vn -0.1566 -0.6199 0.7689
vn -0.2223 0.5661 -0.7938
vn -0.2562 -0.9275 -0.2722
vn 0.0349 0.0198 -0.9992
vn 0.0214 0.7655 -0.6430
vn -0.0517 -0.7858 0.6164
vn -0.0754 0.2049 -0.9759
vn 0.3509 -0.3406 0.8723
vn 0.1762 -0.2527 0.9514
vn 0.1013 0.4462 0.8892
vn 0.2706 0.5366 0.7993
vn -0.0143 0.7577 -0.6525
vn -0.0430 0.9544 -0.2954
vn -0.0071 -0.9999 -0.0115
vn -0.0502 0.9979 0.0414
vn 0.0963 -0.5794 0.8093
vn 0.0892 -0.2385 -0.9670
vn 0.0342 0.6653 0.7458
vn 0.1916 -0.3026 0.9337
vn 0.0745 -0.7421 -0.6662
vn 0.0696 0.2172 -0.9736
vn 0.1315 -0.3232 0.9372
vn 0.0893 -0.8458 -0.5260
vn 0.0296 0.9066 0.4210
vn 0.1043 -0.1285 -0.9862
vn 0.1125 -0.8769 -0.4674
vn 0.1081 -0.5187 -0.8481
vn -0.0443 0.5182 0.8541
vn -0.0276 0.2905 0.9565
vn 0.1816 -0.0541 0.9819
vn 0.1579 0.2044 -0.9661
vn -0.1476 0.5641 0.8124
vn 0.1482 -0.5009 0.8527
vn 0.1047 -0.7970 0.5948
vn -0.2253 0.9469 -0.2295
vn 0.0684 0.7020 -0.7089
vn 0.0977 0.6381 0.7637
vn -0.1691 0.5739 -0.8013
vn 0.2423 -0.9222 0.3015
vn 0.1117 -0.2173 -0.9697
vn 0.4384 -0.8678 -0.2341
vn 0.3328 0.8928 -0.3036
vn -0.3183 0.6038 0.7308
vn 0.1693 -0.2561 -0.9517
vn -0.2894 -0.1505 0.9453
vn 0.2439 0.6295 0.7378
vn 0.2155 -0.9758 -0.0378
vn 0.4946 0.6463 0.5811
vn 0.0802 -0.9881 0.1315
vn 0.2476 -0.7358 -0.6303
vn 0.5716 0.2410 0.7843
vn 0.1668 -0.6690 -0.7243
vn 0.2659 0.4687 -0.8424
vn 0.5167 -0.2073 0.8307
vn 0.4933 -0.1522 -0.8564
vn 0.4032 0.1296 0.9059
vn 0.1334 -0.6573 -0.7417
vn 0.0545 -0.1026 0.9932
vn 0.1646 -0.7406 0.6515
vn 0.4635 0.3272 -0.8235
vn 0.1806 0.6968 -0.6942
vn -0.1706 0.7945 0.5829
vn 0.2741 0.1910 -0.9426
vn 0.0639 -0.0641 -0.9959
vn 0.1392 -0.5965 0.7904
vn 0.1514 -0.5096 0.8470
vn -0.1416 0.9739 -0.1773
vn 0.0270 -0.9842 0.1749
vn 0.2948 0.5283 -0.7962
vn -0.1165 0.6194 -0.7764
vn 0.2705 0.0614 -0.9608
vn -0.2638 -0.8385 -0.4768
vn 0.3372 -0.8468 0.4114
vn 0.2590 -0.4026 0.8780
vn 0.1636 0.9143 -0.3706
vn 0.1183 0.6536 0.7476
vn 0.4743 -0.7186 -0.5085
vn -0.1405 0.2481 0.9585
vn 0.0579 -0.6116 -0.7891
vn 0.1380 -0.9259 -0.3517
vn 0.3641 -0.5183 -0.7739
vn -0.2024 0.8421 -0.4998
vn 0.3405 -0.4564 0.8220
vn 0.0539 -0.7237 0.6880
vn 0.3590 -0.8852 0.2959
vn 0.2051 -0.6140 -0.7622
vn 0.1966 -0.0701 0.9780
vn 0.1217 0.0172 -0.9924
vn -0.1902 0.7560 -0.6263
vn 0.3254 -0.0292 -0.9451
vn 0.4605 -0.3505 -0.8155
vn 0.1869 -0.5407 0.8202
vn -0.1307 0.2770 0.9519
vn 0.1809 0.2089 0.9611
vn 0.2289 0.5855 -0.7776
vn 0.3141 0.6293 0.7109
vn 0.3050 -0.3199 0.8970
vn 0.0853 -0.0434 -0.9954
vn 0.3632 -0.4705 -0.8042
vn 0.0894 0.1847 -0.9787
vn 0.0445 -0.7826 -0.6209
vn 0.1082 -0.4984 -0.8602
vn 0.4076 0.0645 0.9109
vn -0.3870 -0.8675 0.3125
vn 0.2161 0.8240 0.5237
vn 0.2822 0.5399 0.7930
vn 0.3986 -0.0870 -0.9130
vn 0.1943 0.0413 0.9801
vn -0.1791 -0.9508 -0.2529
vn -0.2039 -0.8991 -0.3874
vn 0.2105 -0.3060 0.9284
vn -0.1487 -0.8390 0.5234
vn 0.2318 0.7781 -0.5839
vn 0.6231 0.1026 0.7754
vn 0.6531 0.0251 -0.7569
vn 0.0808 0.9519 -0.2957
vn 0.5238 -0.4134 0.7448
vn -0.2256 0.4017 0.8876
vn 0.1965 0.5997 0.7757
vn 0.1404 0.6844 -0.7155
vn 0.3074 -0.9066 -0.2892
vn -0.3897 -0.7458 0.5402
vn 0.0575 -0.7162 0.6956
vn 0.2977 0.0760 -0.9516
vn -0.3404 0.0918 0.9358
vn 0.0266 -0.0944 0.9952
vn -0.3623 -0.8776 -0.3139
vn -0.3197 -0.8999 0.2966
vn 0.1222 0.9110 0.3938
vn 0.2513 -0.3832 0.8888
vn 0.1701 -0.4941 -0.8526
vn -0.0545 -0.5690 -0.8205
vn -0.3047 -0.8619 0.4053
vn 0.2119 -0.2751 0.9377
vn 0.1892 -0.5447 -0.8170
vn -0.0001 -0.4620 0.8869
vn 0.0851 0.6742 -0.7336
vn 0.0407 -0.0977 -0.9944
vn 0.0539 0.2023 0.9779
vn 0.1433 0.6770 0.7219
vn -0.4062 -0.2981 -0.8638
vn 0.0024 -0.8898 -0.4564
vn 0.6403 -0.6037 0.4749
vn 0.3298 0.1203 -0.9364
vn 0.0598 -0.0889 0.9942
vn 0.2790 0.9096 0.3079
vn -0.3231 0.2137 -0.9219
vn 0.0130 -0.8004 0.5993
vn 0.5609 -0.2039 -0.8023
vn 0.1556 -0.8929 0.4226
vn 0.3212 -0.5271 -0.7868
vn 0.4636 0.4207 0.7798
vn -0.0012 -0.8467 -0.5321
vn 0.0475 -0.6568 -0.7525
vn 0.2799 0.3068 0.9097
vn 0.5302 -0.0906 0.8430
vn 0.3924 -0.9190 0.0387
vn 0.1143 0.2066 0.9717
vn 0.4517 -0.8629 -0.2266
vn -0.1701 0.9386 0.3003
vn 0.1407 -0.7431 0.6542
vn 0.0363 -0.5875 0.8084
vn 0.1285 -0.5404 0.8315
vn 0.1021 -0.9812 -0.1638
vn -0.2538 -0.2063 0.9450
vn -0.3691 -0.2705 -0.8892
vn 0.1076 0.5342 -0.8385
vn 0.0667 -0.4521 -0.8895
vn 0.1081 -0.2015 -0.9735
vn 0.7627 -0.0465 0.6451
vn -0.2070 0.0385 0.9776
vn 0.3893 -0.6402 -0.6623
vn 0.1014 -0.9865 0.1284
vn 0.2721 -0.3244 -0.9059
vn -0.0818 0.0856 -0.9930
vn 0.2022 0.7305 0.6523
vn 0.5146 0.5862 -0.6257
vn 0.0422 -0.3577 0.9329
vn 0.1877 0.1470 0.9712
vn 0.4403 0.2186 -0.8708
vn 0.0177 -0.9986 -0.0494
vn 0.1886 0.9526 0.2386
vn 0.2484 -0.8936 0.3739
vn 0.4368 -0.8994 -0.0155
vn 0.5741 0.3468 0.7417
vn 0.7482 -0.1735 0.6404
vn 0.0709 -0.9959 0.0560
vn -0.1067 0.2402 0.9648
vn 0.6012 0.2841 -0.7469
vn 0.7506 0.3906 -0.5330
vn -0.2418 0.3581 -0.9018
vn 0.9728 0.2125 0.0921
vn 0.9551 -0.2388 0.1752
vn 0.2141 -0.9765 0.0251
vn 0.3910 -0.6495 -0.6521
vn 0.9266 0.3031 0.2225
vn 0.1702 0.7444 0.6457
vn 0.8215 0.2184 -0.5268
vn -0.2569 0.7584 0.5990
vn 0.0140 -0.9998 0.0122
vn 0.4742 0.2669 -0.8390
vn 0.6745 -0.1034 -0.7310
vn 0.5482 -0.8262 0.1297
vn 0.4228 -0.8925 0.1571
vn 0.6884 -0.0905 -0.7197
vn 0.8717 -0.3488 -0.3442
vn 0.7183 0.3267 -0.6143
vn 0.4148 -0.8693 -0.2688
vn 0.4073 -0.5677 -0.7154
vn 0.8262 0.5456 0.1404
vn 0.2640 -0.6362 0.7249
vn 0.6096 -0.7416 0.2800
vn -0.3868 0.5515 -0.7391
vn 0.4694 0.3908 -0.7918
vn 0.8114 0.5787 -0.0820
vn 0.4668 -0.7469 0.4735
vn 0.3792 0.7014 -0.6035
vn 0.3744 0.8777 -0.2991
vn -0.0539 0.6675 -0.7427
vn 0.0561 -0.9965 -0.0614
vn 0.5274 0.5522 0.6457
vn 0.2676 -0.9611 0.0688
vn 0.6074 -0.5316 0.5903
vn 0.6907 -0.4052 -0.5989
vn 0.5194 -0.3051 0.7982
vn 0.3828 -0.5943 0.7073
vn 0.3804 0.7706 0.5113
vn 0.2643 -0.8238 0.5014
vn 0.6196 -0.7849 0.0002
vn 0.8454 0.2287 0.4827
vn 0.2222 -0.7574 -0.6140
vn 0.4366 0.7616 -0.4790
vn -0.2284 -0.8112 0.5383
vn 0.3470 0.3628 0.8649
vn 0.8056 -0.1677 -0.5682
vn 0.7488 -0.5205 -0.4103
vn -0.3332 -0.8252 0.4561
vn -0.4046 0.2899 0.8673
vn 0.7830 0.5517 -0.2873
vn 0.7626 -0.5140 0.3929
vn 0.4373 -0.7930 -0.4242
vn -0.2027 -0.9052 0.3736
vn 0.4699 -0.3372 0.8158
vn 0.8866 -0.4227 -0.1877
vn 0.5779 -0.1313 -0.8055
vn 0.5473 0.5987 0.5849
vn 0.3914 -0.8086 0.4393
vn 0.3984 -0.2745 -0.8752
vn 0.1549 0.9266 -0.3426
vn -0.4059 -0.6045 -0.6854
vn 0.3865 -0.7966 -0.4648
vn -0.0667 -0.9975 -0.0241
vn -0.0141 -0.9958 0.0903
vn -0.4480 0.6077 0.6557
vn 0.8057 0.4295 0.4080
vn 0.2193 -0.9338 0.2827
vn 0.9072 -0.3396 0.2483
vn 0.9718 0.1407 -0.1894
vn 0.7208 0.4687 0.5107
vn 0.4743 0.0008 0.8803
vn 0.2611 -0.5775 -0.7735
vn 0.2465 0.9407 0.2332
vn 0.4566 -0.6243 0.6339
vn 0.4159 -0.1452 0.8977
vn 0.4431 -0.6787 0.5858
vn 0.0744 -0.9972 -0.0069
vn 0.4329 0.9007 -0.0363
vn 0.6856 0.7055 0.1794
vn 0.2300 -0.9615 -0.1504
vn 0.9713 -0.0243 0.2366
vn 0.2262 0.7262 0.6492
vn 0.9139 0.3275 -0.2400
vn 0.1044 -0.9789 -0.1754
vn 0.1612 -0.9506 -0.2651
vn 0.3655 -0.9301 0.0371
vn 0.4538 -0.6412 -0.6188
vn -0.1796 -0.8235 0.5381
vn 0.6994 -0.2833 -0.6562
vn 0.5718 -0.4491 -0.6866
vn -0.0211 -0.6467 -0.7624
vn 0.5781 0.4847 0.6564
vn 0.2963 -0.7095 0.6393
vn 0.9034 0.3015 -0.3049
vn 0.3386 -0.3289 0.8816
vn 0.9457 0.2249 0.2346
vn 0.5152 0.8327 0.2027
vn 0.3593 0.8857 -0.2941
vn 0.4597 -0.8881 -0.0051
vn 0.2502 -0.9679 0.0235
vn 0.4531 0.7964 -0.4004
vn 0.6105 -0.4583 0.6460
vn 0.2999 0.6601 -0.6887
vn -0.2923 -0.7680 -0.5699
vn 0.3055 0.0345 0.9516
vn 0.4619 -0.0131 -0.8868
vn 0.3175 -0.0052 -0.9482
vn 0.4218 -0.4147 0.8063
vn 0.8587 0.1775 -0.4807
vn 0.0731 -0.9918 0.1051
vn 0.9226 -0.3852 -0.0212
vn 0.7425 -0.2889 0.6043
vn 0.5657 0.2090 -0.7977
vn 0.5026 0.6795 0.5344
vn 0.5370 -0.8408 -0.0682
vn 0.4728 -0.6860 -0.5530
vn 0.0375 -0.9991 0.0221
vn 0.5257 -0.8500 0.0322
vn -0.0300 -0.7396 0.6724
vn 0.3681 0.1506 0.9175
vn 0.4193 -0.5283 -0.7383
vn -0.3644 0.7382 -0.5677
vn 0.5439 -0.5057 0.6696
vn 0.3551 0.7055 -0.6134
vn 0.6833 0.6055 0.4081
vn 0.5486 -0.8322 0.0809
vn 0.0545 -0.9974 -0.0480
vn 0.4180 -0.1459 0.8967
vn 0.1168 -0.9581 0.2615
vn 0.3446 0.0933 -0.9341
vn 0.6500 0.5810 0.4899
vn 0.0785 -0.9950 0.0622
vn 0.4477 -0.0851 -0.8901
vn 0.3771 -0.2340 0.8961
vn -0.2367 0.9698 -0.0580
vn 0.4600 -0.1217 -0.8795
vn 0.4157 -0.8640 -0.2840
vn 0.4651 0.7388 0.4876
vn 0.8114 0.0429 0.5829
vn 0.0161 -0.9269 0.3750
vn -0.1311 -0.3930 0.9101
vn 0.2220 0.8562 -0.4665
vn -0.1429 -0.5012 0.8534
vn 0.6344 -0.6478 0.4218
vn 0.3592 -0.0703 -0.9306
vn 0.1733 -0.7515 -0.6366
vn 0.3405 0.5685 0.7489
vn 0.6527 0.4009 0.6429
vn 0.3999 0.1830 -0.8981
vn 0.4955 0.3536 -0.7934
vn 0.2228 0.1559 -0.9623
vn -0.3595 0.7682 0.5297
vn 0.6773 0.6398 0.3634
vn 0.1780 0.8678 0.4638
vn 0.4363 -0.8619 0.2583
vn -0.1264 -0.8651 -0.4854
vn 0.5327 -0.7533 -0.3856
vn 0.1067 -0.9915 -0.0746
vn -0.4664 0.7786 0.4198
vn 0.1935 -0.8131 0.5490
vn 0.0371 -0.3739 -0.9267
vn 0.5817 -0.6577 0.4786
vn -0.0087 -0.5715 -0.8205
vn 0.6853 -0.6829 0.2530
vn 0.4036 0.8021 -0.4401
vn -0.1125 0.0345 0.9930
vn 0.7509 -0.1945 -0.6311
vn 0.6250 -0.6160 -0.4796
vn -0.4971 0.6490 -0.5759
vn 0.3264 0.9160 0.2333
vn 0.3140 -0.8647 0.3920
vn 0.0657 -0.0479 -0.9967
vn 0.6083 0.6647 -0.4337
vn 0.5127 0.0236 -0.8582
vn 0.3574 -0.6625 0.6583
vn 0.2663 -0.1208 0.9563
vn 0.0679 -0.9946 0.0784
vn 0.2516 0.8596 -0.4446
vn 0.4721 -0.3403 -0.8132
vn 0.5448 0.0699 -0.8356
vn 0.2202 -0.9722 -0.0792
vn 0.0696 -0.4372 0.8966
vn 0.1866 -0.3853 0.9037
vn 0.3633 0.6623 0.6553
vn 0.5226 0.3037 -0.7967
vn -0.1647 -0.1627 0.9728
vn 0.4471 -0.4735 -0.7589
vn 0.7653 0.3944 0.5086
vn 0.2871 -0.4761 -0.8312
vn 0.7102 -0.5223 -0.4720
vn 0.3340 -0.6215 -0.7086
vn 0.2598 -0.2537 -0.9317
vn -0.4281 0.8406 -0.3319
vn 0.6534 -0.6495 0.3890
vn 0.8090 0.3014 0.5046
vn 0.4056 -0.0812 -0.9104
vn 0.6276 0.7531 -0.1975
vn 0.8353 -0.4232 -0.3510
vn 0.3121 -0.1303 0.9411
vn 0.7268 -0.6332 -0.2660
vn 0.3652 0.7079 0.6046
vn 0.0133 -0.9999 0.0096
vn 0.6354 -0.7608 -0.1320
vn 0.3298 -0.9383 -0.1045
vn 0.7850 0.3079 -0.5376
vn 0.4079 0.0385 0.9122
vn 0.7461 0.6023 0.2837
vn 0.3616 -0.9294 0.0744
vn -0.0085 -0.8929 0.4503
vn 0.7026 0.6487 0.2924
vn 0.6947 -0.5888 -0.4132
vn 0.5336 -0.6051 0.5909
vn -0.2278 0.9637 0.1392
vn 0.6933 0.6295 -0.3508
vn 0.1590 -0.9804 -0.1163
vn 0.5023 -0.4050 0.7639
vn 0.6369 -0.6215 -0.4561
vn 0.5751 -0.7707 0.2744
vn 0.6280 0.0759 0.7745
vn 0.1545 -0.9495 0.2732
vn 0.9322 -0.1102 -0.3446
vn 0.2835 -0.0786 0.9558
vn 0.4222 -0.7940 -0.4374
vn 0.4760 -0.0011 -0.8794
vn 0.7879 -0.4016 0.4668
vn 0.1557 -0.9729 -0.1712
vn -0.5912 0.2391 -0.7703
vn 0.7705 0.6196 -0.1498
vn -0.6049 0.1978 0.7714
vn 0.5360 0.7643 0.3586
vn 0.7898 -0.1641 0.5910
vn 0.7703 -0.5646 0.2965
vn 0.0850 -0.9963 -0.0098
vn 0.1430 -0.9697 0.1982
vn 0.6480 -0.7339 0.2038
vn 0.3570 0.9209 -0.1563
vn 0.2241 -0.7377 -0.6368
vn 0.7174 0.6754 0.1706
vn 0.5486 -0.8229 -0.1478
vn 0.0511 -0.9542 0.2946
vn -0.1389 -0.9049 0.4024
vn 0.0084 -0.9637 0.2668
vn 0.4656 0.8745 0.1361
vn 0.2575 -0.9602 0.1084
vn 0.8235 0.5668 -0.0250
vn 0.7603 0.5361 0.3669
vn -0.0673 -0.7846 -0.6164
vn 0.6934 0.7169 -0.0723
vn -0.0388 -0.7295 0.6829
vn 0.1301 -0.8376 0.5306
vn 0.5140 0.8545 0.0750
vn 0.8404 0.2653 -0.4727
vn 0.1508 -0.8414 0.5189
vn 0.7721 -0.6245 -0.1177
vn 0.8707 -0.3989 -0.2878
vn 0.3840 -0.5572 0.7362
vn 0.8814 -0.4413 0.1686
vn 0.4237 0.8837 -0.1987
vn 0.5838 -0.4446 0.6793
vn 0.0462 -0.8968 -0.4401
vn 0.2362 -0.9594 0.1545
vn 0.0032 -0.7457 0.6663
vn -0.4677 0.8821 0.0562
vn 0.5435 -0.5801 -0.6067
vn 0.2137 -0.8850 0.4137
vn 0.2259 -0.6128 0.7573
vn 0.6175 -0.0741 0.7831
vn 0.8697 -0.4563 -0.1885
vn 0.4537 0.6449 -0.6151
vn 0.8077 -0.0345 -0.5886
vn 0.1396 -0.9880 -0.0657
vn 0.4559 -0.0080 0.8900
vn 0.7023 -0.7048 0.0997
vn 0.6109 -0.7854 0.0996
vn 0.8656 0.3403 -0.3674
vn 0.8480 -0.1267 0.5146
vn 0.6494 -0.7063 -0.2820
vn 0.4207 0.6703 0.6113
vn 0.7072 -0.4894 -0.5102
vn 0.2449 -0.9237 -0.2946
vn 0.5316 -0.0068 0.8470
vn 0.7386 -0.6704 0.0704
vn 0.3750 -0.8907 0.2570
vn 0.5722 -0.0927 -0.8149
vn 0.5229 -0.4505 -0.7236
vn 0.4466 0.7041 0.5520
vn -0.0283 0.9993 0.0226
vn 0.8596 0.3807 0.3409
vn 0.1356 -0.9892 -0.0559
vn 0.4234 0.8872 -0.1833
vn 0.9685 -0.0006 0.2489
vn 0.8995 -0.1197 0.4203
vn 0.8312 0.5539 -0.0472
vn -0.4672 0.7471 -0.4729
vn 0.6139 -0.2133 0.7600
vn 0.6085 -0.7824 -0.1326
vn -0.0492 -0.8291 -0.5570
vn 0.8469 -0.5190 -0.1155
vn 0.4120 -0.8121 -0.4131
vn 0.1918 -0.6086 -0.7699
vn 0.9411 0.3350 -0.0459
vn 0.5498 0.2758 0.7884
vn 0.3522 0.8437 0.4051
vn 0.7161 -0.4628 0.5224
vn 0.7103 -0.6759 0.1964
vn 0.8578 -0.4678 -0.2128
vn -0.5120 0.8335 0.2076
vn 0.8273 -0.5482 -0.1231
vn -0.7246 0.3566 0.5897
vn -0.0136 -0.8160 0.5779
vn -0.5654 0.8060 -0.1752
vn 0.9676 0.1948 -0.1605
vn 0.7759 -0.6296 0.0385
vn 0.8872 0.3325 -0.3197
vn 0.6341 -0.3115 -0.7078
vn 0.9893 0.1439 0.0247
vn 0.4845 0.7198 -0.4972
vn 0.6236 -0.7499 -0.2208
vn 0.8380 0.3929 0.3786
vn 0.6208 -0.7463 -0.2400
vn 0.3258 -0.4253 -0.8444
vn 0.3994 -0.8668 0.2986
vn 0.1382 -0.6110 0.7795
vn 0.5328 0.1070 0.8395
vn 0.9983 0.0310 -0.0494
vn 0.3100 -0.9325 0.1854
vn 0.2911 -0.9508 -0.1059
vn 0.3128 -0.8760 -0.3670
vn 0.6128 -0.0404 -0.7892
vn 0.1815 -0.8434 -0.5057
vn 0.8517 -0.3531 0.3872
vn 0.5164 -0.3394 0.7862
vn 0.4674 -0.6223 -0.6279
vn 0.7965 -0.1855 -0.5755
vn 0.9735 0.1009 0.2053
vn 0.2824 -0.9533 -0.1067
vn 0.2896 -0.9535 -0.0834
vn 0.8321 -0.0425 0.5530
vn 0.1628 -0.9580 -0.2362
vn 0.2914 -0.9557 0.0406
vn 0.2166 -0.5262 0.8223
vn 0.6149 -0.7136 -0.3356
vn 0.5124 -0.8013 0.3088
vn 0.4921 -0.5746 0.6540
vn 0.9746 -0.1426 0.1728
vn 0.9940 0.0788 -0.0757
vn -0.7879 0.1875 -0.5866
vn -0.7218 0.5323 -0.4424
vn 0.5501 -0.0841 0.8308
vn 0.4824 -0.8054 -0.3445
vn 0.5606 -0.7975 0.2231
vn 0.1910 -0.8705 -0.4536
vn 0.4229 -0.8583 -0.2906
vn 0.7783 -0.1106 -0.6181
vn 0.5328 -0.7561 0.3800
vn 0.3364 -0.9364 0.0999
vn 0.3494 -0.7347 0.5815
vn -0.8494 0.1458 0.5072
vn 0.5117 0.6947 0.5054
vn 0.3058 -0.8817 0.3592
vn -0.7409 0.5233 0.4209
vn 0.3043 -0.9519 0.0365
vn 0.3567 -0.2276 0.9061
vn -0.5702 0.5706 0.5910
vn 0.5042 -0.1860 -0.8433
vn 0.5035 0.7261 -0.4682
vn 0.6391 -0.3442 0.6878
vn 0.4087 -0.8883 0.2096
vn 0.6124 0.1364 -0.7787
vn 0.5183 0.6908 0.5041
vn 0.5596 -0.8123 0.1643
vn 0.9071 0.3899 -0.1584
vn 0.4864 -0.1916 0.8525
vn 0.6658 -0.1052 -0.7387
vn 0.6426 -0.3526 0.6803
vn -0.0250 -0.7047 0.7090
vn 0.5117 0.3191 0.7977
vn 0.3303 -0.6847 0.6497
vn 0.2104 -0.8541 0.4757
vn 0.6291 -0.3465 -0.6958
vn 0.5673 -0.4882 0.6632
vn 0.5474 -0.4992 -0.6717
vn 0.1921 -0.3413 0.9201
vn 0.6119 -0.2649 0.7452
vn 0.7284 -0.6519 0.2108
vn 0.1761 -0.8385 0.5157
vn 0.4905 -0.2786 -0.8257
vn 0.9126 0.4076 0.0319
vn 0.6538 -0.0775 -0.7527
vn 0.6896 -0.1098 0.7158
vn 0.3627 -0.6008 -0.7124
vn 0.2575 -0.7497 0.6097
vn 0.6033 -0.7642 -0.2280
vn 0.7902 -0.5835 -0.1875
vn 0.6830 0.3184 0.6573
vn -0.5460 0.7569 -0.3592
vn 0.6935 -0.4978 -0.5208
vn -0.6750 0.6190 0.4014
vn 0.4436 -0.8558 -0.2661
vn 0.6140 -0.5394 0.5762
vn 0.6946 0.0010 0.7194
vn 0.5029 -0.8556 0.1226
vn 0.7420 -0.2644 -0.6161
vn 0.7723 -0.4716 -0.4256
vn 0.6667 0.4690 -0.5793
vn 0.8733 -0.2167 0.4363
vn 0.5522 0.7286 0.4053
vn 0.6379 0.3874 -0.6656
vn 0.3404 -0.7788 -0.5269
vn 0.7375 -0.6671 -0.1054
vn -0.8224 0.5233 0.2231
vn 0.5815 -0.5979 -0.5517
vn 0.5184 -0.6982 -0.4938
vn 0.6016 0.6523 -0.4611
vn 0.6824 -0.4040 -0.6092
vn 0.5273 -0.4598 0.7146
vn 0.4329 -0.5550 -0.7103
vn 0.3884 -0.6334 0.6693
vn 0.4050 -0.8035 0.4363
vn 0.7400 0.0346 0.6717
vn 0.6897 -0.7241 0.0069
vn 0.9459 -0.3124 0.0874
vn 0.8776 -0.4748 0.0671
vn 0.6724 -0.7382 0.0536
vn 0.7524 -0.3381 0.5653
vn -0.6027 0.7493 -0.2743
vn 0.5947 -0.7171 0.3635
vn 0.5065 -0.7971 0.3289
vn 0.9185 -0.2897 -0.2692
vn -0.8197 0.5674 -0.0781
vn 0.7490 0.5395 0.3847
vn 0.7717 -0.0502 -0.6340
vn 0.6188 0.6354 0.4619
vn 0.6222 0.6908 -0.3684
vn 0.5780 -0.8151 -0.0400
vn 0.5015 -0.3719 -0.7812
vn 0.6898 0.6847 -0.2353
vn -0.9063 0.2488 -0.3416
vn 0.5595 -0.6794 0.4748
vn 0.7152 -0.3546 -0.6023
vn 0.5714 -0.7916 0.2164
vn 0.9191 -0.2753 0.2819
vn 0.6139 -0.7052 -0.3548
vn 0.7957 -0.1456 0.5880
vn 0.7576 0.1622 0.6322
vn 0.5574 -0.8300 0.0191
vn 0.5864 -0.8085 -0.0506
vn 0.6753 -0.5177 0.5254
vn 0.7793 -0.6200 -0.0910
vn 0.3621 -0.8473 -0.3886
vn 0.7623 -0.3933 0.5140
vn -0.9666 0.1923 0.1695
vn 0.6368 -0.6191 -0.4595
vn 0.7912 0.2654 -0.5510
vn 0.2839 0.4169 0.8635
vn -0.6073 0.7734 0.1820
vn 0.4591 -0.7929 0.4007
vn 0.7029 0.0112 -0.7112
vn 0.6832 0.0617 -0.7277
vn 0.9722 -0.1947 -0.1300
vn 0.9419 -0.1944 0.2739
vn -0.9683 0.2359 -0.0826
vn 0.4789 -0.4280 0.7664
vn 0.8548 -0.0851 0.5119
vn 0.5851 0.0076 -0.8109
vn 0.7773 -0.5128 -0.3645
vn 0.3607 -0.1411 -0.9219
vn 0.5529 -0.6898 -0.4674
vn 0.8395 -0.5425 0.0313
vn 0.5167 0.7601 0.3940
vn 0.3321 -0.0431 0.9423
vn 0.6474 0.6981 0.3058
vn 0.5867 -0.0197 0.8096
vn 0.4490 0.8732 0.1895
vn 0.6546 -0.6548 0.3778
vn -0.6763 0.7182 -0.1636
vn 0.6673 -0.7448 0.0027
vn 0.7984 -0.0504 -0.6000
vn 0.4468 -0.0262 -0.8943
vn 0.4455 -0.5960 0.6681
vn 0.6720 -0.6137 -0.4145
vn 0.8665 -0.4826 0.1275
vn 0.7142 -0.3958 -0.5773
vn 0.8762 -0.3376 -0.3439
vn 0.9209 -0.3897 -0.0077
vn 0.7480 -0.6633 0.0242
vn 0.7264 -0.1372 0.6734
vn 0.6740 -0.2910 0.6790
vn 0.8759 -0.4824 -0.0090
vn 0.6269 0.6731 0.3924
vn 0.8910 -0.4142 0.1858
vn 0.6586 -0.7515 -0.0378
vn 0.7245 -0.5755 0.3795
vn 0.6307 -0.7100 0.3134
vn 0.7825 -0.0839 0.6170
vn 0.5618 0.3622 -0.7438
vn -0.6503 0.7596 -0.0116
vn 0.8374 0.0456 0.5446
vn 0.6647 -0.4391 0.6045
vn 0.7842 -0.5530 -0.2814
vn 0.8464 0.0941 -0.5241
vn 0.8711 0.2380 0.4296
vn 0.2964 0.7384 0.6057
vn 0.8638 0.3388 -0.3728
vn 0.6703 -0.6200 -0.4077
vn 0.9680 -0.2119 0.1345
vn 0.6609 0.6981 0.2756
vn 0.8926 -0.2951 -0.3410
vn 0.9478 -0.2873 0.1380
vn 0.8897 0.1304 0.4376
vn 0.6822 0.6882 -0.2469
vn 0.7652 -0.4920 0.4153
vn 0.7403 -0.6046 0.2939
vn 0.8141 -0.5770 -0.0654
vn 0.8547 -0.2484 0.4558
vn 0.4455 0.8849 -0.1359
vn 0.8347 -0.5443 -0.0835
vn 0.8258 -0.3641 -0.4307
vn 0.7527 -0.6108 0.2456
vn 0.9792 -0.0152 0.2024
vn 0.9535 -0.0471 -0.2976
vn 0.9168 -0.0014 -0.3993
vn 0.8953 -0.4453 -0.0132
vn 0.7122 0.6969 -0.0847
vn 0.9781 -0.2077 -0.0125
vn 0.8866 -0.4625 -0.0011
vn 0.6481 -0.6482 -0.3997
vn 0.9136 -0.2364 0.3309
vn 0.7464 -0.4839 0.4568
vn 0.8881 -0.2663 0.3747
vn 0.9073 -0.1444 -0.3949
vn 0.9375 -0.0451 0.3450
vn 0.7068 0.6864 0.1713
vn 0.8384 -0.2670 -0.4753
vn 0.7027 -0.6832 -0.1986
vn 0.8362 0.4095 0.3648
vn 0.8802 -0.3083 0.3608
vn 0.7745 -0.2649 -0.5744
vn 0.7351 -0.4276 -0.5262
vn 0.7783 -0.2187 -0.5886
vn 0.9347 -0.1121 -0.3373
vn 0.9815 -0.0824 0.1729
vn 0.9278 -0.0051 0.3730
vn 0.6662 0.7105 0.2267
vn 0.7621 -0.2714 -0.5878
vn 0.8827 -0.3561 -0.3067
vn 0.9105 -0.3755 -0.1731
vn 0.5865 -0.2661 0.7650
vn 0.8414 -0.0463 -0.5384
vn 0.9293 -0.3282 0.1692
vn 0.9101 0.1223 -0.3959
vn 0.9186 -0.0556 0.3913
vn 0.8074 -0.1303 0.5754
vn 0.7453 -0.5873 -0.3155
vn 0.9049 -0.3396 -0.2567
vn 0.7494 0.6495 0.1284
vn 0.9221 -0.2127 0.3233
vn 0.8922 -0.3278 -0.3107
vn 0.9009 -0.4193 0.1120
vn 0.8917 -0.4064 -0.1990
vn 0.9479 0.0389 0.3163
vn 0.8136 0.5469 0.1974
vn 0.7139 0.7002 0.0001
vn 0.9258 -0.2881 0.2447
vn 0.8622 -0.0583 0.5032
vn 0.9627 -0.0270 -0.2691
vn 0.8309 0.4938 0.2567
vn 0.8896 -0.3483 -0.2956
vn 0.7739 0.3516 0.5268
vn 0.9503 -0.1968 0.2412
vn 0.9686 -0.2387 0.0701
vn 0.9630 -0.2655 -0.0470
vn 0.9797 -0.1866 -0.0730
vn 0.9686 -0.2327 0.0874
vn 0.6856 0.7171 -0.1253
vn 0.8758 -0.4008 -0.2690
vn 0.8463 -0.1495 -0.5112
vn 0.9176 -0.1656 0.3614
vn 0.9664 -0.2385 0.0961
vn 0.9929 -0.1138 -0.0333
vn 0.9752 -0.2077 0.0759
vn 0.9943 0.0914 -0.0556
vn 0.9662 0.0342 -0.2554
vn 0.8100 0.5267 -0.2578
vn 0.7358 -0.6664 0.1202
vn 0.9924 0.0533 -0.1105
vn 0.9676 0.2195 0.1251
vn 0.7041 -0.3655 0.6088
vn 0.9505 -0.2529 -0.1804
vn 0.9234 0.3629 -0.1251
vn 0.8854 -0.4413 -0.1456
vn 0.6775 0.3285 0.6581
vn 0.7252 0.6878 0.0324
vn 0.9880 -0.0424 0.1487
vn 0.9955 -0.0904 0.0267
vn 0.7004 0.4086 0.5852
vn 0.9750 0.1375 0.1748
vn 0.9765 -0.2044 -0.0678
vn 0.8693 0.2194 0.4430
vn 0.9965 -0.0509 -0.0664
vn 0.9964 0.0849 -0.0034
s 1
usemtl none
f 1//1 3//3 2//2
f 1//1 2//2 5//5
f 1//1 5//5 6//6
f 1//1 4//4 3//3
f 4//4 9//9 3//3
f 6//6 5//5 7//7
f 2//2 3//3 22//22
f 2//2 51//51 5//5
f 1//1 6//6 27//27
f 7//7 13//13 6//6
f 8//8 10//10 11//11
f 8//8 19//19 12//12
f 8//8 11//11 25//25
f 1//1 14//14 4//4
f 7//7 5//5 18//18
f 15//15 17//17 20//20
f 2//2 22//22 51//51
f 12//12 23//23 17//17
f 17//17 24//24 20//20
f 17//17 40//40 24//24
f 15//15 13//13 17//17
f 16//16 10//10 26//26
f 21//21 16//16 28//28
f 7//7 10//10 8//8
f 16//16 11//11 10//10
f 20//20 31//31 15//15
f 8//8 25//25 19//19
f 17//17 23//23 40//40
f 7//7 8//8 17//17
f 7//7 17//17 13//13
f 16//16 29//29 11//11
f 23//23 12//12 19//19
f 10//10 7//7 26//26
f 20//20 30//30 31//31
f 16//16 21//21 35//35
f 8//8 12//12 17//17
f 21//21 28//28 32//32
f 16//16 26//26 28//28
f 18//18 36//36 7//7
f 29//29 16//16 35//35
f 27//27 6//6 39//39
f 6//6 13//13 39//39
f 7//7 36//36 26//26
f 18//18 33//33 34//34
f 3//3 75//75 58//58
f 32//32 28//28 41//41
f 18//18 34//34 36//36
f 33//33 28//28 34//34
f 1//1 27//27 14//14
f 13//13 15//15 39//39
f 29//29 25//25 11//11
f 24//24 40//40 20//20
f 33//33 36//36 46//46
f 32//32 41//41 48//48
f 37//37 43//43 42//42
f 33//33 18//18 49//49
f 37//37 42//42 41//41
f 36//36 28//28 26//26
f 38//38 31//31 47//47
f 20//20 40//40 30//30
f 33//33 49//49 36//36
f 3//3 9//9 75//75
f 28//28 33//33 41//41
f 34//34 28//28 46//46
f 30//30 47//47 31//31
f 34//34 46//46 36//36
f 51//51 53//53 5//5
f 45//45 30//30 40//40
f 41//41 42//42 48//48
f 33//33 46//46 41//41
f 32//32 44//44 35//35
f 27//27 55//55 14//14
f 23//23 50//50 40//40
f 47//47 30//30 54//54
f 37//37 52//52 43//43
f 21//21 32//32 35//35
f 49//49 28//28 36//36
f 49//49 46//46 28//28
f 5//5 53//53 18//18
f 38//38 60//60 31//31
f 49//49 41//41 46//46
f 37//37 41//41 52//52
f 40//40 54//54 45//45
f 29//29 35//35 44//44
f 48//48 59//59 32//32
f 42//42 43//43 69//69
f 25//25 29//29 56//56
f 51//51 22//22 57//57
f 32//32 59//59 44//44
f 29//29 62//62 56//56
f 38//38 47//47 61//61
f 30//30 45//45 54//54
f 60//60 66//66 31//31
f 22//22 3//3 58//58
f 22//22 58//58 81//81
f 52//52 68//68 43//43
f 15//15 31//31 66//66
f 27//27 39//39 55//55
f 14//14 9//9 4//4
f 62//62 29//29 63//63
f 40//40 50//50 54//54
f 18//18 53//53 49//49
f 38//38 61//61 65//65
f 41//41 49//49 52//52
f 38//38 65//65 60//60
f 64//64 58//58 75//75
f 64//64 75//75 76//76
f 15//15 66//66 39//39
f 25//25 56//56 19//19
f 43//43 68//68 71//71
f 48//48 67//67 59//59
f 65//65 66//66 60//60
f 68//68 73//73 72//72
f 52//52 49//49 68//68
f 68//68 72//72 71//71
f 66//66 77//77 70//70
f 65//65 61//61 80//80
f 53//53 106//106 49//49
f 44//44 59//59 29//29
f 47//47 74//74 61//61
f 47//47 54//54 74//74
f 68//68 49//49 73//73
f 42//42 78//78 48//48
f 58//58 64//64 81//81
f 70//70 79//79 66//66
f 66//66 79//79 39//39
f 77//77 84//84 70//70
f 56//56 90//90 19//19
f 69//69 43//43 71//71
f 48//48 78//78 67//67
f 64//64 94//94 81//81
f 42//42 87//87 78//78
f 72//72 83//83 71//71
f 14//14 82//82 89//89
f 14//14 89//89 9//9
f 14//14 55//55 88//88
f 14//14 88//88 82//82
f 66//66 65//65 77//77
f 72//72 73//73 86//86
f 70//70 85//85 79//79
f 72//72 86//86 97//97
f 51//51 57//57 99//99
f 71//71 93//93 69//69
f 42//42 69//69 87//87
f 23//23 19//19 95//95
f 54//54 50//50 95//95
f 49//49 86//86 73//73
f 72//72 97//97 98//98
f 76//76 75//75 110//110
f 77//77 91//91 84//84
f 50//50 23//23 95//95
f 85//85 70//70 96//96
f 51//51 99//99 53//53
f 72//72 98//98 83//83
f 70//70 84//84 96//96
f 54//54 95//95 113//113
f 39//39 79//79 112//112
f 29//29 59//59 63//63
f 64//64 76//76 94//94
f 77//77 65//65 100//100
f 56//56 62//62 101//101
f 79//79 85//85 104//104
f 84//84 91//91 96//96
f 54//54 113//113 74//74
f 22//22 81//81 118//118
f 77//77 103//103 91//91
f 9//9 109//109 75//75
f 49//49 106//106 86//86
f 74//74 105//105 61//61
f 19//19 90//90 95//95
f 62//62 63//63 107//107
f 55//55 39//39 88//88
f 102//102 96//96 91//91
f 88//88 39//39 112//112
f 92//92 83//83 98//98
f 83//83 108//108 71//71
f 97//97 120//120 92//92
f 97//97 116//116 120//120
f 59//59 67//67 63//63
f 53//53 99//99 106//106
f 111//111 104//104 85//85
f 97//97 92//92 98//98
f 85//85 96//96 102//102
f 111//111 85//85 102//102
f 97//97 86//86 116//116
f 62//62 107//107 101//101
f 111//111 117//117 104//104
f 56//56 101//101 90//90
f 81//81 94//94 118//118
f 83//83 92//92 108//108
f 79//79 104//104 112//112
f 86//86 106//106 116//116
f 75//75 109//109 110//110
f 115//115 104//104 117//117
f 61//61 105//105 144//144
f 61//61 144//144 80//80
f 57//57 22//22 124//124
f 99//99 57//57 119//119
f 116//116 121//121 120//120
f 71//71 108//108 93//93
f 116//116 114//114 121//121
f 91//91 103//103 102//102
f 74//74 113//113 105//105
f 92//92 120//120 123//123
f 67//67 78//78 122//122
f 57//57 124//124 119//119
f 101//101 134//134 90//90
f 100//100 65//65 80//80
f 116//116 106//106 152//152
f 92//92 123//123 108//108
f 9//9 89//89 140//140
f 69//69 93//93 87//87
f 111//111 130//130 117//117
f 76//76 127//127 132//132
f 116//116 152//152 114//114
f 94//94 126//126 118//118
f 9//9 140//140 109//109
f 121//121 114//114 125//125
f 124//124 22//22 118//118
f 94//94 76//76 132//132
f 125//125 114//114 128//128
f 102//102 130//130 111//111
f 120//120 121//121 135//135
f 76//76 110//110 127//127
f 77//77 100//100 103//103
f 117//117 133//133 115//115
f 102//102 103//103 130//130
f 63//63 67//67 107//107
f 117//117 130//130 136//136
f 104//104 115//115 131//131
f 94//94 132//132 255//255
f 114//114 152//152 128//128
f 115//115 129//129 131//131
f 80//80 137//137 100//100
f 89//89 82//82 138//138
f 90//90 134//134 95//95
f 94//94 171//171 126//126
f 115//115 133//133 129//129
f 118//118 182//182 124//124
f 140//140 186//186 109//109
f 113//113 139//139 105//105
f 110//110 142//142 127//127
f 104//104 131//131 112//112
f 122//122 78//78 141//141
f 82//82 88//88 138//138
f 135//135 145//145 120//120
f 78//78 87//87 146//146
f 88//88 112//112 138//138
f 93//93 108//108 153//153
f 120//120 145//145 123//123
f 67//67 122//122 107//107
f 117//117 147//147 133//133
f 109//109 186//186 110//110
f 78//78 146//146 141//141
f 117//117 136//136 143//143
f 130//130 150//150 136//136
f 134//134 139//139 95//95
f 95//95 139//139 113//113
f 145//145 160//160 123//123
f 80//80 144//144 137//137
f 110//110 186//186 148//148
f 121//121 164//164 151//151
f 128//128 152//152 149//149
f 129//129 133//133 131//131
f 121//121 125//125 164//164
f 87//87 93//93 153//153
f 126//126 171//171 118//118
f 121//121 151//151 135//135
f 161//161 154//154 127//127
f 103//103 100//100 137//137
f 127//127 154//154 132//132
f 135//135 151//151 145//145
f 125//125 128//128 149//149
f 106//106 155//155 152//152
f 161//161 127//127 185//185
f 112//112 131//131 162//162
f 118//118 171//171 182//182
f 107//107 158//158 101//101
f 152//152 155//155 157//157
f 127//127 142//142 185//185
f 152//152 157//157 149//149
f 99//99 156//156 106//106
f 131//131 133//133 159//159
f 108//108 123//123 160//160
f 117//117 143//143 147//147
f 87//87 153//153 146//146
f 133//133 163//163 159//159
f 130//130 103//103 190//190
f 130//130 190//190 150//150
f 255//255 132//132 170//170
f 101//101 207//207 134//134
f 101//101 158//158 207//207
f 107//107 122//122 173//173
f 99//99 119//119 156//156
f 108//108 160//160 153//153
f 131//131 159//159 175//175
f 159//159 163//163 165//165
f 157//157 168//168 167//167
f 131//131 175//175 162//162
f 133//133 147//147 163//163
f 157//157 167//167 149//149
f 159//159 165//165 175//175
f 112//112 162//162 224//224
f 143//143 176//176 147//147
f 125//125 149//149 172//172
f 105//105 139//139 203//203
f 137//137 190//190 103//103
f 122//122 141//141 173//173
f 125//125 172//172 164//164
f 155//155 174//174 157//157
f 149//149 167//167 172//172
f 203//203 179//179 105//105
f 155//155 106//106 174//174
f 124//124 177//177 119//119
f 141//141 146//146 184//184
f 165//165 163//163 178//178
f 157//157 181//181 168//168
f 105//105 179//179 144//144
f 157//157 174//174 181//181
f 161//161 183//183 154//154
f 169//169 154//154 188//188
f 161//161 185//185 189//189
f 132//132 154//154 169//169
f 151//151 164//164 194//194
f 175//175 187//187 162//162
f 163//163 147//147 191//191
f 142//142 110//110 206//206
f 146//146 153//153 197//197
f 136//136 150//150 143//143
f 138//138 112//112 224//224
f 138//138 224//224 166//166
f 172//172 194//194 164//164
f 163//163 191//191 178//178
f 161//161 189//189 183//183
f 168//168 192//192 167//167
f 165//165 178//178 175//175
f 138//138 232//232 89//89
f 94//94 255//255 171//171
f 168//168 181//181 192//192
f 162//162 187//187 224//224
f 184//184 146//146 197//197
f 183//183 196//196 154//154
f 89//89 232//232 193//193
f 124//124 182//182 212//212
f 172//172 167//167 202//202
f 89//89 193//193 140//140
f 167//167 192//192 202//202
f 175//175 178//178 201//201
f 175//175 201//201 187//187
f 145//145 151//151 222//222
f 181//181 198//198 192//192
f 177//177 213//213 119//119
f 174//174 106//106 241//241
f 174//174 241//241 181//181
f 141//141 281//281 173//173
f 201//201 200//200 187//187
f 134//134 180//180 139//139
f 142//142 206//206 185//185
f 132//132 169//169 225//225
f 181//181 205//205 198//198
f 147//147 176//176 204//204
f 154//154 196//196 188//188
f 192//192 220//220 202//202
f 192//192 198//198 220//220
f 201//201 178//178 199//199
f 191//191 199//199 178//178
f 182//182 171//171 212//212
f 198//198 205//205 210//210
f 141//141 184//184 281//281
f 151//151 195//195 222//222
f 201//201 209//209 200//200
f 147//147 204//204 191//191
f 191//191 204//204 229//229
f 171//171 214//214 212//212
f 134//134 207//207 234//234
f 176//176 216//216 204//204
f 150//150 190//190 215//215
f 181//181 241//241 205//205
f 138//138 166//166 232//232
f 205//205 211//211 210//210
f 124//124 212//212 177//177
f 119//119 213//213 156//156
f 144//144 179//179 238//238
f 195//195 151//151 226//226
f 106//106 156//156 241//241
f 145//145 222//222 160//160
f 151//151 194//194 226//226
f 200//200 209//209 208//208
f 207//207 218//218 234//234
f 143//143 216//216 176//176
f 194//194 172//172 226//226
f 139//139 217//217 203//203
f 189//189 185//185 219//219
f 172//172 202//202 221//221
f 197//197 153//153 240//240
f 172//172 221//221 226//226
f 132//132 225//225 170//170
f 187//187 200//200 224//224
f 198//198 236//236 220//220
f 198//198 210//210 236//236
f 241//241 233//233 205//205
f 224//224 200//200 228//228
f 107//107 173//173 158//158
f 208//208 209//209 230//230
f 211//211 231//231 210//210
f 144//144 238//238 137//137
f 139//139 180//180 217//217
f 166//166 224//224 228//228
f 134//134 234//234 180//180
f 186//186 242//242 148//148
f 143//143 150//150 215//215
f 160//160 222//222 243//243
f 208//208 237//237 200//200
f 211//211 205//205 233//233
f 137//137 238//238 227//227
f 197//197 240//240 184//184
f 201//201 199//199 235//235
f 140//140 242//242 186//186
f 148//148 301//301 110//110
f 169//169 188//188 239//239
f 202//202 220//220 247//247
f 200//200 237//237 228//228
f 202//202 247//247 221//221
f 208//208 230//230 244//244
f 201//201 235//235 209//209
f 169//169 239//239 225//225
f 137//137 227//227 190//190
f 211//211 233//233 231//231
f 173//173 281//281 245//245
f 143//143 215//215 216//216
f 190//190 223//223 215//215
f 195//195 226//226 252//252
f 177//177 212//212 250//250
f 148//148 242//242 301//301
f 208//208 246//246 237//237
f 173//173 207//207 158//158
f 173//173 245//245 207//207
f 301//301 253//253 110//110
f 185//185 248//248 219//219
f 236//236 247//247 220//220
f 185//185 206//206 248//248
f 188//188 196//196 249//249
f 210//210 254//254 236//236
f 190//190 227//227 223//223
f 110//110 253//253 206//206
f 170//170 225//225 255//255
f 232//232 166//166 251//251
f 179//179 274//274 238//238
f 209//209 271//271 230//230
f 160//160 243//243 153//153
f 229//229 199//199 191//191
f 209//209 235//235 271//271
f 156//156 213//213 279//279
f 166//166 228//228 251//251
f 240//240 153//153 258//258
f 203//203 217//217 277//277
f 189//189 256//256 183//183
f 208//208 244//244 246//246
f 210//210 265//265 254//254
f 189//189 219//219 260//260
f 183//183 256//256 196//196
f 231//231 265//265 210//210
f 226//226 221//221 257//257
f 255//255 293//293 171//171
f 212//212 214//214 250//250
f 171//171 293//293 214//214
f 226//226 257//257 252//252
f 199//199 259//259 235//235
f 229//229 259//259 199//199
f 221//221 247//247 268//268
f 230//230 262//262 244//244
f 253//253 269//269 206//206
f 237//237 246//246 275//275
f 237//237 275//275 228//228
f 177//177 263//263 213//213
f 216//216 215//215 267//267
f 241//241 278//278 233//233
f 225//225 293//293 255//255
f 225//225 239//239 261//261
f 195//195 252//252 280//280
f 215//215 264//264 267//267
f 206//206 269//269 248//248
f 231//231 233//233 270//270
f 222//222 195//195 280//280
f 258//258 153//153 243//243
f 140//140 273//273 242//242
f 156//156 279//279 241//241
f 233//233 278//278 270//270
f 140//140 193//193 273//273
f 243//243 222//222 280//280
f 221//221 272//272 257//257
f 214//214 276//276 250//250
f 264//264 215//215 266//266
f 179//179 203//203 277//277
f 231//231 270//270 265//265
f 188//188 249//249 239//239
f 215//215 223//223 266//266
f 236//236 254//254 306//306
f 236//236 306//306 247//247
f 235//235 259//259 271//271
f 196//196 256//256 323//323
f 179//179 277//277 274//274
f 189//189 260//260 256//256
f 184//184 240//240 281//281
f 280//280 252//252 284//284
f 244//244 275//275 246//246
f 242//242 289//289 301//301
f 278//278 241//241 285//285
f 221//221 268//268 272//272
f 244//244 283//283 275//275
f 265//265 270//270 287//287
f 216//216 267//267 204//204
f 230//230 286//286 262//262
f 270//270 278//278 287//287
f 230//230 271//271 286//286
f 234//234 218//218 294//294
f 204//204 282//282 229//229
f 244//244 297//297 283//283
f 275//275 283//283 290//290
f 275//275 292//292 228//228
f 242//242 273//273 289//289
f 238//238 274//274 227//227
f 278//278 291//291 287//287
f 249//249 196//196 323//323
f 244//244 262//262 297//297
f 204//204 267//267 282//282
f 293//293 225//225 261//261
f 297//297 316//316 283//283
f 288//288 272//272 268//268
f 287//287 291//291 303//303
f 219//219 300//300 260//260
f 275//275 290//290 292//292
f 265//265 287//287 254//254
f 278//278 309//309 291//291
f 259//259 295//295 271//271
f 247//247 306//306 268//268
f 248//248 300//300 219//219
f 213//213 263//263 351//351
f 245//245 304//304 207//207
f 239//239 299//299 261//261
f 251//251 228//228 311//311
f 249//249 298//298 239//239
f 252//252 257//257 284//284
f 177//177 250//250 263//263
f 288//288 268//268 319//319
f 278//278 285//285 305//305
f 262//262 286//286 297//297
f 218//218 207//207 304//304
f 258//258 243//243 315//315
f 278//278 305//305 309//309
f 243//243 280//280 315//315
f 283//283 316//316 302//302
f 254//254 287//287 332//332
f 257//257 272//272 322//322
f 280//280 284//284 307//307
f 281//281 296//296 245//245
f 283//283 317//317 290//290
f 283//283 302//302 317//317
f 271//271 329//329 286//286
f 279//279 213//213 324//324
f 240//240 321//321 281//281
f 282//282 385//385 229//229
f 251//251 311//311 232//232
f 268//268 325//325 319//319
f 287//287 303//303 332//332
f 193//193 369//369 273//273
f 254//254 332//332 306//306
f 307//307 284//284 341//341
f 291//291 312//312 303//303
f 292//292 311//311 228//228
f 271//271 295//295 329//329
f 285//285 241//241 308//308
f 290//290 318//318 292//292
f 232//232 313//313 193//193
f 291//291 309//309 312//312
f 259//259 314//314 295//295
f 232//232 311//311 313//313
f 286//286 320//320 297//297
f 280//280 307//307 315//315
f 284//284 257//257 322//322
f 300//300 396//396 260//260
f 213//213 351//351 324//324
f 279//279 328//328 241//241
f 285//285 308//308 330//330
f 268//268 306//306 325//325
f 330//330 305//305 285//285
f 290//290 317//317 318//318
f 180//180 234//234 294//294
f 308//308 241//241 328//328
f 281//281 321//321 296//296
f 249//249 323//323 343//343
f 316//316 297//297 331//331
f 263//263 310//310 351//351
f 293//293 276//276 214//214
f 292//292 404//404 311//311
f 318//318 302//302 340//340
f 316//316 353//353 302//302
f 309//309 330//330 344//344
f 309//309 344//344 312//312
f 330//330 309//309 305//305
f 302//302 318//318 317//317
f 303//303 312//312 326//326
f 327//327 333//333 335//335
f 180//180 294//294 217//217
f 315//315 334//334 258//258
f 302//302 353//353 340//340
f 223//223 227//227 363//363
f 327//327 335//335 338//338
f 318//318 340//340 345//345
f 284//284 322//322 341//341
f 330//330 342//342 344//344
f 296//296 304//304 245//245
f 239//239 298//298 299//299
f 330//330 308//308 349//349
f 193//193 313//313 369//369
f 240//240 258//258 321//321
f 333//333 327//327 352//352
f 330//330 349//349 342//342
f 337//337 346//346 347//347
f 217//217 294//294 339//339
f 336//336 352//352 327//327
f 292//292 318//318 404//404
f 315//315 307//307 334//334
f 337//337 357//357 350//350
f 297//297 320//320 331//331
f 331//331 353//353 316//316
f 338//338 335//335 348//348
f 350//350 348//348 337//337
f 337//337 348//348 335//335
f 327//327 338//338 358//358
f 249//249 343//343 298//298
f 327//327 358//358 336//336
f 263//263 250//250 360//360
f 337//337 335//335 356//356
f 346//346 337//337 356//356
f 337//337 355//355 357//357
f 293//293 261//261 387//387
f 332//332 303//303 378//378
f 348//348 365//365 338//338
f 223//223 363//363 266//266
f 336//336 373//373 366//366
f 264//264 266//266 363//363
f 308//308 328//328 349//349
f 279//279 324//324 328//328
f 354//354 357//357 362//362
f 362//362 357//357 355//355
f 337//337 347//347 355//355
f 348//348 350//350 365//365
f 353//353 331//331 364//364
f 340//340 353//353 367//367
f 318//318 345//345 404//404
f 336//336 366//366 352//352
f 333//333 352//352 435//435
f 335//335 333//333 435//435
f 295//295 314//314 361//361
f 342//342 372//372 344//344
f 340//340 376//376 345//345
f 375//375 368//368 371//371
f 345//345 379//379 404//404
f 338//338 365//365 377//377
f 375//375 373//373 368//368
f 368//368 373//373 382//382
f 286//286 329//329 320//320
f 335//335 435//435 356//356
f 347//347 346//346 401//401
f 227//227 274//274 374//374
f 293//293 388//388 276//276
f 329//329 295//295 361//361
f 378//378 303//303 326//326
f 357//357 354//354 381//381
f 357//357 381//381 386//386
f 306//306 332//332 325//325
f 336//336 382//382 373//373
f 250//250 276//276 360//360
f 336//336 358//358 382//382
f 350//350 357//357 386//386
f 229//229 385//385 259//259
f 218//218 370//370 294//294
f 312//312 344//344 326//326
f 274//274 277//277 339//339
f 345//345 376//376 379//379
f 354//354 362//362 384//384
f 258//258 334//334 425//425
f 375//375 366//366 373//373
f 218//218 304//304 370//370
f 365//365 350//350 386//386
f 248//248 269//269 424//424
f 332//332 378//378 325//325
f 354//354 384//384 381//381
f 323//323 256//256 422//422
f 353//353 364//364 367//367
f 346//346 356//356 435//435
f 256//256 260//260 396//396
f 368//368 383//383 371//371
f 261//261 299//299 387//387
f 355//355 392//392 362//362
f 217//217 339//339 277//277
f 326//326 344//344 380//380
f 344//344 372//372 380//380
f 328//328 390//390 349//349
f 435//435 352//352 403//403
f 375//375 371//371 397//397
f 347//347 392//392 355//355
f 311//311 393//393 313//313
f 375//375 389//389 366//366
f 288//288 319//319 398//398
f 346//346 391//391 401//401
f 301//301 289//289 253//253
f 352//352 366//366 402//402
f 338//338 377//377 358//358
f 227//227 374//374 363//363
f 298//298 407//407 299//299
f 375//375 397//397 389//389
f 340//340 367//367 411//411
f 381//381 399//399 386//386
f 393//393 311//311 404//404
f 386//386 399//399 400//400
f 385//385 314//314 259//259
f 341//341 405//405 307//307
f 384//384 395//395 394//394
f 383//383 413//413 371//371
f 391//391 346//346 435//435
f 384//384 394//394 381//381
f 365//365 386//386 377//377
f 360//360 276//276 414//414
f 406//406 395//395 384//384
f 371//371 413//413 397//397
f 378//378 326//326 419//419
f 372//372 342//342 412//412
f 404//404 379//379 442//442
f 366//366 389//389 402//402
f 320//320 418//418 331//331
f 368//368 382//382 415//415
f 347//347 401//401 392//392
f 358//358 415//415 382//382
f 406//406 384//384 436//436
f 272//272 288//288 398//398
f 340//340 411//411 376//376
f 397//397 431//431 389//389
f 267//267 264//264 282//282
f 293//293 387//387 388//388
f 319//319 325//325 398//398
f 386//386 400//400 377//377
f 273//273 423//423 289//289
f 413//413 417//417 397//397
f 394//394 395//395 416//416
f 384//384 362//362 436//436
f 364//364 437//437 367//367
f 321//321 410//410 296//296
f 349//349 390//390 409//409
f 248//248 447//447 300//300
f 326//326 380//380 419//419
f 256//256 396//396 422//422
f 321//321 258//258 410//410
f 358//358 377//377 415//415
f 269//269 253//253 359//359
f 362//362 392//392 436//436
f 400//400 420//420 377//377
f 361//361 421//421 329//329
f 296//296 410//410 304//304
f 329//329 421//421 320//320
f 274//274 339//339 374//374
f 325//325 408//408 398//398
f 352//352 402//402 403//403
f 394//394 416//416 381//381
f 349//349 409//409 342//342
f 272//272 434//434 322//322
f 380//380 372//372 455//455
f 276//276 388//388 443//443
f 248//248 424//424 447//447
f 253//253 289//289 423//423
f 389//389 431//431 402//402
f 331//331 418//418 364//364
f 269//269 359//359 424//424
f 399//399 381//381 501//501
f 417//417 433//433 397//397
f 364//364 418//418 428//428
f 383//383 368//368 430//430
f 264//264 363//363 282//282
f 413//413 383//383 430//430
f 406//406 416//416 395//395
f 341//341 322//322 405//405
f 380//380 441//441 419//419
f 272//272 398//398 434//434
f 426//426 427//427 397//397
f 426//426 397//397 433//433
f 416//416 439//439 381//381
f 258//258 425//425 410//410
f 402//402 431//431 429//429
f 263//263 360//360 457//457
f 429//429 456//456 402//402
f 403//403 402//402 445//445
f 432//432 426//426 433//433
f 435//435 403//403 445//445
f 325//325 378//378 408//408
f 413//413 430//430 417//417
f 397//397 427//427 431//431
f 392//392 401//401 438//438
f 342//342 409//409 412//412
f 430//430 433//433 417//417
f 364//364 428//428 437//437
f 368//368 415//415 444//444
f 379//379 376//376 442//442
f 380//380 455//455 441//441
f 439//439 454//454 381//381
f 408//408 378//378 466//466
f 263//263 457//457 468//468
f 391//391 435//435 445//445
f 282//282 448//448 385//385
f 429//429 431//431 449//449
f 310//310 263//263 468//468
f 307//307 405//405 334//334
f 436//436 392//392 438//438
f 377//377 444//444 415//415
f 276//276 524//524 414//414
f 276//276 443//443 524//524
f 359//359 253//253 470//470
f 282//282 363//363 460//460
f 304//304 410//410 370//370
f 381//381 440//440 501//501
f 433//433 430//430 464//464
f 432//432 453//453 426//426
f 381//381 454//454 440//440
f 433//433 464//464 432//432
f 401//401 446//446 438//438
f 343//343 459//459 298//298
f 372//372 412//412 455//455
f 367//367 437//437 451//451
f 426//426 484//484 427//427
f 402//402 456//456 445//445
f 432//432 464//464 452//452
f 377//377 420//420 444//444
f 390//390 328//328 409//409
f 387//387 299//299 462//462
f 368//368 444//444 430//430
f 406//406 461//461 416//416
f 401//401 391//391 446//446
f 404//404 442//442 467//467
f 469//469 378//378 419//419
f 324//324 450//450 328//328
f 421//421 418//418 320//320
f 400//400 399//399 420//420
f 416//416 461//461 439//439
f 429//429 449//449 458//458
f 370//370 478//478 294//294
f 378//378 469//469 466//466
f 367//367 451//451 411//411
f 440//440 454//454 463//463
f 452//452 453//453 432//432
f 351//351 474//474 324//324
f 323//323 422//422 343//343
f 322//322 434//434 476//476
f 454//454 439//439 461//461
f 314//314 385//385 448//448
f 299//299 407//407 462//462
f 294//294 478//478 339//339
f 420//420 399//399 489//489
f 391//391 445//445 446//446
f 409//409 328//328 473//473
f 419//419 441//441 465//465
f 334//334 405//405 476//476
f 370//370 410//410 478//478
f 351//351 310//310 474//474
f 376//376 479//479 442//442
f 420//420 489//489 444//444
f 446//446 445//445 475//475
f 411//411 479//479 376//376
f 463//463 472//472 440//440
f 409//409 481//481 412//412
f 427//427 482//482 431//431
f 445//445 456//456 475//475
f 436//436 471//471 406//406
f 339//339 478//478 374//374
f 464//464 430//430 444//444
f 429//429 458//458 456//456
f 436//436 438//438 471//471
f 387//387 552//552 388//388
f 324//324 474//474 450//450
f 421//421 361//361 495//495
f 428//428 480//480 437//437
f 482//482 449//449 431//431
f 409//409 483//483 481//481
f 361//361 314//314 491//491
f 442//442 486//486 487//487
f 409//409 473//473 483//483
f 414//414 457//457 360//360
f 479//479 486//486 442//442
f 334//334 476//476 425//425
f 463//463 485//485 472//472
f 427//427 492//492 482//482
f 426//426 453//453 484//484
f 398//398 508//508 434//434
f 313//313 477//477 369//369
f 467//467 494//494 404//404
f 453//453 490//490 484//484
f 442//442 487//487 467//467
f 448//448 491//491 314//314
f 427//427 484//484 492//492
f 481//481 483//483 496//496
f 282//282 460//460 448//448
f 363//363 374//374 478//478
f 396//396 300//300 507//507
f 388//388 488//488 443//443
f 361//361 491//491 495//495
f 406//406 471//471 461//461
f 479//479 498//498 486//486
f 454//454 461//461 493//493
f 398//398 408//408 508//508
f 411//411 451//451 479//479
f 483//483 500//500 497//497
f 469//469 419//419 541//541
f 487//487 486//486 505//505
f 418//418 520//520 428//428
f 503//503 456//456 518//518
f 421//421 495//495 418//418
f 454//454 493//493 504//504
f 483//483 473//473 502//502
f 481//481 455//455 412//412
f 322//322 476//476 405//405
f 419//419 465//465 541//541
f 455//455 510//510 441//441
f 456//456 458//458 518//518
f 483//483 502//502 500//500
f 298//298 459//459 407//407
f 363//363 478//478 460//460
f 487//487 506//506 467//467
f 492//492 484//484 509//509
f 451//451 498//498 479//479
f 451//451 511//511 498//498
f 496//496 483//483 525//525
f 486//486 498//498 505//505
f 487//487 505//505 512//512
f 483//483 497//497 525//525
f 414//414 524//524 457//457
f 313//313 393//393 477//477
f 456//456 503//503 475//475
f 408//408 466//466 508//508
f 425//425 476//476 410//410
f 496//496 525//525 481//481
f 310//310 468//468 474//474
f 465//465 513//513 541//541
f 452//452 464//464 515//515
f 461//461 499//499 493//493
f 300//300 447//447 507//507
f 509//509 530//530 492//492
f 463//463 454//454 485//485
f 481//481 525//525 455//455
f 477//477 393//393 521//521
f 369//369 514//514 273//273
f 422//422 396//396 539//539
f 393//393 404//404 521//521
f 484//484 516//516 509//509
f 328//328 533//533 473//473
f 328//328 450//450 517//517
f 438//438 522//522 471//471
f 505//505 523//523 512//512
f 473//473 533//533 502//502
f 438//438 446//446 475//475
f 440//440 472//472 528//528
f 423//423 529//529 253//253
f 498//498 527//527 505//505
f 464//464 444//444 515//515
f 497//497 537//537 525//525
f 253//253 529//529 519//519
f 487//487 512//512 506//506
f 455//455 525//525 526//526
f 454//454 504//504 485//485
f 467//467 506//506 494//494
f 522//522 438//438 475//475
f 472//472 485//485 546//546
f 512//512 531//531 506//506
f 495//495 520//520 418//418
f 502//502 533//533 536//536
f 511//511 551//551 498//498
f 437//437 532//532 451//451
f 466//466 469//469 508//508
f 520//520 480//480 428//428
f 490//490 453//453 535//535
f 497//497 500//500 536//536
f 451//451 534//534 511//511
f 461//461 471//471 499//499
f 424//424 359//359 447//447
f 273//273 529//529 423//423
f 505//505 527//527 523//523
f 452//452 535//535 453//453
f 455//455 526//526 510//510
f 508//508 469//469 567//567
f 500//500 502//502 536//536
f 525//525 537//537 542//542
f 404//404 494//494 521//521
f 369//369 477//477 514//514
f 525//525 542//542 526//526
f 444//444 489//489 515//515
f 475//475 503//503 522//522
f 494//494 506//506 547//547
f 512//512 523//523 531//531
f 328//328 517//517 533//533
f 359//359 470//470 447//447
f 484//484 490//490 516//516
f 441//441 510//510 465//465
f 451//451 532//532 534//534
f 530//530 509//509 516//516
f 537//537 497//497 536//536
f 471//471 522//522 557//557
f 537//537 540//540 542//542
f 469//469 541//541 567//567
f 513//513 543//543 541//541
f 472//472 546//546 573//573
f 437//437 480//480 532//532
f 511//511 534//534 551//551
f 472//472 573//573 528//528
f 452//452 515//515 535//535
f 530//530 625//625 492//492
f 536//536 548//548 537//537
f 388//388 620//620 488//488
f 506//506 531//531 547//547
f 491//491 448//448 460//460
f 485//485 504//504 546//546
f 494//494 547//547 521//521
f 549//549 593//593 458//458
f 491//491 460//460 495//495
f 440//440 528//528 501//501
f 523//523 527//527 554//554
f 465//465 555//555 513//513
f 544//544 574//574 530//530
f 536//536 553//553 548//548
f 410//410 476//476 571//571
f 495//495 559//559 520//520
f 410//410 571//571 478//478
f 515//515 489//489 560//560
f 499//499 557//557 493//493
f 449//449 482//482 550//550
f 499//499 471//471 557//557
f 465//465 510//510 555//555
f 557//557 522//522 621//621
f 501//501 558//558 399//399
f 523//523 554//554 531//531
f 498//498 551//551 527//527
f 458//458 449//449 556//556
f 501//501 528//528 558//558
f 434//434 508//508 476//476
f 503//503 621//621 522//522
f 478//478 565//565 545//545
f 547//547 601//601 521//521
f 526//526 542//542 564//564
f 480//480 572//572 532//532
f 493//493 561//561 504//504
f 526//526 564//564 510//510
f 458//458 538//538 549//549
f 553//553 536//536 570//570
f 563//563 578//578 568//568
f 493//493 557//557 561//561
f 537//537 548//548 540//540
f 536//536 533//533 576//576
f 387//387 462//462 599//599
f 530//530 516//516 566//566
f 536//536 576//576 570//570
f 458//458 556//556 538//538
f 388//388 552//552 620//620
f 542//542 540//540 577//577
f 541//541 562//562 567//567
f 531//531 575//575 547//547
f 554//554 585//585 531//531
f 492//492 625//625 482//482
f 478//478 571//571 565//565
f 510//510 590//590 555//555
f 542//542 577//577 564//564
f 541//541 543//543 562//562
f 563//563 580//580 581//581
f 563//563 581//581 578//578
f 573//573 579//579 528//528
f 545//545 565//565 612//612
f 476//476 508//508 571//571
f 458//458 593//593 518//518
f 563//563 568//568 569//569
f 531//531 585//585 575//575
f 490//490 535//535 516//516
f 478//478 545//545 460//460
f 558//558 617//617 399//399
f 625//625 587//587 482//482
f 457//457 592//592 468//468
f 532//532 583//583 534//534
f 530//530 574//574 625//625
f 534//534 584//584 551//551
f 530//530 566//566 544//544
f 575//575 585//585 582//582
f 554//554 588//588 585//585
f 547//547 575//575 601//601
f 516//516 535//535 566//566
f 253//253 519//519 679//679
f 546//546 586//586 573//573
f 546//546 504//504 586//586
f 568//568 612//612 594//594
f 510//510 564//564 590//590
f 527//527 551//551 554//554
f 568//568 594//594 569//569
f 565//565 594//594 612//612
f 482//482 587//587 550//550
f 577//577 540//540 591//591
f 535//535 515//515 669//669
f 570//570 576//576 596//596
f 563//563 606//606 580//580
f 396//396 507//507 539//539
f 387//387 599//599 552//552
f 570//570 596//596 553//553
f 554//554 551//551 589//589
f 584//584 597//597 551//551
f 553//553 598//598 548//548
f 449//449 550//550 556//556
f 533//533 517//517 576//576
f 585//585 602//602 582//582
f 532//532 572//572 583//583
f 581//581 580//580 600//600
f 447//447 615//615 507//507
f 540//540 548//548 591//591
f 554//554 631//631 588//588
f 477//477 521//521 601//601
f 513//513 555//555 604//604
f 504//504 561//561 586//586
f 508//508 567//567 571//571
f 514//514 477//477 639//639
f 568//568 578//578 595//595
f 528//528 579//579 605//605
f 553//553 596//596 598//598
f 581//581 600//600 616//616
f 534//534 583//583 584//584
f 513//513 604//604 543//543
f 560//560 669//669 515//515
f 474//474 468//468 613//613
f 576//576 608//608 618//618
f 590//590 609//609 555//555
f 457//457 524//524 592//592
f 576//576 618//618 596//596
f 554//554 589//589 631//631
f 563//563 569//569 606//606
f 538//538 611//611 549//549
f 407//407 648//648 462//462
f 548//548 598//598 591//591
f 578//578 603//603 595//595
f 538//538 607//607 611//611
f 528//528 605//605 558//558
f 591//591 598//598 642//642
f 600//600 580//580 626//626
f 565//565 571//571 594//594
f 253//253 679//679 470//470
f 538//538 556//556 610//610
f 518//518 593//593 654//654
f 549//549 611//611 623//623
f 545//545 612//612 627//627
f 569//569 594//594 622//622
f 576//576 517//517 608//608
f 590//590 564//564 609//609
f 567//567 562//562 571//571
f 551//551 651//651 589//589
f 480//480 520//520 572//572
f 587//587 614//614 624//624
f 535//535 669//669 566//566
f 606//606 569//569 619//619
f 568//568 627//627 612//612
f 594//594 571//571 622//622
f 557//557 633//633 561//561
f 577//577 591//591 628//628
f 611//611 600//600 623//623
f 555//555 609//609 630//630
f 621//621 503//503 633//633
f 625//625 614//614 587//587
f 587//587 624//624 550//550
f 600//600 626//626 623//623
f 575//575 582//582 634//634
f 572//572 520//520 645//645
f 549//549 623//623 593//593
f 488//488 620//620 443//443
f 589//589 629//629 631//631
f 545//545 627//627 660//660
f 611//611 616//616 600//600
f 611//611 607//607 616//616
f 568//568 595//595 627//627
f 578//578 656//656 603//603
f 578//578 581//581 656//656
f 551//551 597//597 651//651
f 575//575 634//634 601//601
f 503//503 632//632 633//633
f 591//591 642//642 628//628
f 538//538 610//610 607//607
f 606//606 640//640 580//580
f 616//616 644//644 581//581
f 557//557 621//621 633//633
f 593//593 623//623 678//678
f 589//589 651//651 629//629
f 586//586 638//638 573//573
f 495//495 460//460 559//559
f 460//460 545//545 660//660
f 555//555 630//630 604//604
f 582//582 602//602 634//634
f 573//573 638//638 637//637
f 616//616 607//607 644//644
f 550//550 636//636 556//556
f 573//573 637//637 579//579
f 579//579 637//637 646//646
f 583//583 645//645 584//584
f 566//566 635//635 544//544
f 625//625 647//647 614//614
f 619//619 569//569 622//622
f 564//564 577//577 655//655
f 628//628 642//642 659//659
f 610//610 644//644 607//607
f 588//588 602//602 585//585
f 503//503 518//518 632//632
f 596//596 618//618 662//662
f 642//642 598//598 693//693
f 450//450 742//742 517//517
f 560//560 650//650 669//669
f 580//580 640//640 626//626
f 593//593 678//678 654//654
f 470//470 674//674 447//447
f 596//596 662//662 598//598
f 579//579 646//646 641//641
f 579//579 652//652 605//605
f 592//592 734//734 468//468
f 614//614 657//657 624//624
f 623//623 626//626 653//653
f 407//407 459//459 648//648
f 544//544 635//635 574//574
f 564//564 655//655 609//609
f 572//572 645//645 583//583
f 574//574 649//649 625//625
f 581//581 690//690 656//656
f 520//520 559//559 645//645
f 631//631 668//668 588//588
f 574//574 635//635 649//649
f 477//477 601//601 663//663
f 588//588 668//668 602//602
f 625//625 649//649 647//647
f 586//586 661//661 638//638
f 586//586 561//561 661//661
f 642//642 693//693 676//676
f 577//577 628//628 655//655
f 450//450 474//474 742//742
f 629//629 667//667 631//631
f 609//609 655//655 630//630
f 524//524 665//665 592//592
f 273//273 514//514 709//709
f 647//647 694//694 614//614
f 627//627 595//595 660//660
f 566//566 669//669 635//635
f 614//614 643//643 657//657
f 623//623 653//653 678//678
f 518//518 654//654 670//670
f 571//571 562//562 681//681
f 558//558 666//666 617//617
f 603//603 671//671 595//595
f 273//273 709//709 529//529
f 556//556 658//658 610//610
f 556//556 636//636 677//677
f 462//462 648//648 599//599
f 642//642 676//676 659//659
f 579//579 641//641 652//652
f 550//550 624//624 636//636
f 643//643 614//614 694//694
f 584//584 645//645 700//700
f 560//560 489//489 650//650
f 644//644 610//610 673//673
f 477//477 663//663 639//639
f 581//581 644//644 690//690
f 628//628 672//672 655//655
f 604//604 630//630 543//543
f 626//626 640//640 653//653
f 630//630 655//655 682//682
f 628//628 659//659 672//672
f 584//584 700//700 597//597
f 643//643 694//694 675//675
f 618//618 692//692 662//662
f 671//671 603//603 656//656
f 543//543 630//630 687//687
f 634//634 684//684 601//601
f 399//399 617//617 804//804
f 618//618 608//608 683//683
f 606//606 653//653 640//640
f 518//518 670//670 686//686
f 558//558 605//605 666//666
f 460//460 685//685 720//720
f 556//556 677//677 658//658
f 598//598 662//662 693//693
f 606//606 680//680 653//653
f 543//543 687//687 562//562
f 460//460 720//720 559//559
f 637//637 638//638 646//646
f 610//610 689//689 673//673
f 610//610 658//658 689//689
f 659//659 676//676 702//702
f 654//654 678//678 688//688
f 571//571 691//691 622//622
f 619//619 622//622 691//691
f 629//629 730//730 667//667
f 641//641 721//721 652//652
f 631//631 667//667 668//668
f 684//684 697//697 601//601
f 517//517 683//683 608//608
f 669//669 740//740 635//635
f 470//470 664//664 674//674
f 655//655 672//672 682//682
f 658//658 706//706 689//689
f 470//470 679//679 664//664
f 680//680 606//606 707//707
f 605//605 652//652 695//695
f 689//689 690//690 644//644
f 680//680 688//688 653//653
f 689//689 644//644 673//673
f 630//630 682//682 687//687
f 688//688 701//701 654//654
f 675//675 703//703 643//643
f 561//561 633//633 661//661
f 671//671 656//656 696//696
f 688//688 678//678 653//653
f 680//680 707//707 712//712
f 559//559 720//720 645//645
f 606//606 619//619 699//699
f 656//656 698//698 696//696
f 629//629 651//651 730//730
f 659//659 702//702 672//672
f 706//706 658//658 704//704
f 571//571 681//681 726//726
f 690//690 689//689 656//656
f 688//688 680//680 701//701
f 634//634 602//602 684//684
f 660//660 595//595 705//705
f 562//562 687//687 681//681
f 460//460 660//660 791//791
f 654//654 701//701 670//670
f 683//683 517//517 711//711
f 652//652 708//708 695//695
f 595//595 714//714 705//705
f 683//683 692//692 618//618
f 639//639 709//709 514//514
f 680//680 712//712 701//701
f 689//689 698//698 656//656
f 689//689 706//706 698//698
f 620//620 552//552 735//735
f 602//602 713//713 684//684
f 647//647 649//649 740//740
f 694//694 647//647 675//675
f 602//602 668//668 713//713
f 447//447 674//674 615//615
f 643//643 731//731 657//657
f 683//683 715//715 716//716
f 686//686 727//727 518//518
f 460//460 791//791 685//685
f 684//684 718//718 697//697
f 662//662 692//692 717//717
f 683//683 711//711 715//715
f 692//692 716//716 717//717
f 684//684 713//713 718//718
f 683//683 716//716 692//692
f 643//643 703//703 731//731
f 620//620 735//735 722//722
f 662//662 719//719 693//693
f 507//507 615//615 770//770
f 669//669 650//650 740//740
f 645//645 720//720 700//700
f 641//641 710//710 721//721
f 662//662 717//717 719//719
f 706//706 704//704 698//698
f 651//651 597//597 730//730
f 700//700 720//720 597//597
f 647//647 728//728 675//675
f 524//524 443//443 947//947
f 668//668 723//723 713//713
f 697//697 724//724 601//601
f 646//646 638//638 725//725
f 524//524 947//947 665//665
f 552//552 599//599 735//735
f 646//646 710//710 641//641
f 632//632 518//518 749//749
f 713//713 743//743 718//718
f 672//672 702//702 738//738
f 723//723 668//668 667//667
f 647//647 740//740 728//728
f 519//519 529//529 679//679
f 713//713 723//723 743//743
f 592//592 665//665 729//729
f 605//605 695//695 666//666
f 592//592 729//729 734//734
f 670//670 701//701 686//686
f 649//649 635//635 740//740
f 489//489 399//399 1154//1154
f 693//693 719//719 733//733
f 676//676 693//693 733//733
f 715//715 711//711 732//732
f 682//682 672//672 750//750
f 399//399 804//804 1154//1154
f 613//613 468//468 734//734
f 638//638 661//661 725//725
f 633//633 739//739 661//661
f 595//595 671//671 714//714
f 652//652 721//721 708//708
f 730//730 741//741 667//667
f 632//632 749//749 633//633
f 691//691 571//571 726//726
f 676//676 736//736 702//702
f 718//718 737//737 697//697
f 691//691 744//744 619//619
f 518//518 727//727 749//749
f 696//696 698//698 801//801
f 676//676 733//733 736//736
f 517//517 742//742 746//746
f 661//661 739//739 725//725
f 726//726 744//744 691//691
f 606//606 699//699 707//707
f 660//660 705//705 791//791
f 489//489 869//869 650//650
f 619//619 744//744 752//752
f 672//672 738//738 750//750
f 695//695 708//708 810//810
f 650//650 869//869 816//816
f 646//646 725//725 710//710
f 597//597 747//747 730//730
f 658//658 677//677 704//704
f 699//699 619//619 752//752
f 682//682 750//750 687//687
f 702//702 736//736 738//738
f 703//703 754//754 748//748
f 731//731 806//806 657//657
f 740//740 650//650 816//816
f 601//601 724//724 781//781
f 597//597 771//771 747//747
f 730//730 747//747 741//741
f 721//721 758//758 708//708
f 714//714 791//791 705//705
f 422//422 877//877 343//343
f 633//633 749//749 739//739
f 597//597 720//720 771//771
f 715//715 755//755 716//716
f 737//737 745//745 697//697
f 507//507 770//770 539//539
f 736//736 733//733 757//757
f 721//721 710//710 751//751
f 703//703 675//675 754//754
f 687//687 750//750 681//681
f 711//711 517//517 746//746
f 717//717 760//760 719//719
f 733//733 719//719 759//759
f 718//718 743//743 765//765
f 715//715 732//732 755//755
f 741//741 763//763 667//667
f 717//717 716//716 760//760
f 703//703 748//748 731//731
f 806//806 761//761 657//657
f 704//704 753//753 698//698
f 733//733 759//759 757//757
f 736//736 757//757 738//738
f 697//697 745//745 724//724
f 667//667 767//767 723//723
f 443//443 620//620 722//722
f 737//737 718//718 765//765
f 716//716 762//762 760//760
f 686//686 701//701 764//764
f 711//711 746//746 732//732
f 707//707 777//777 712//712
f 601//601 781//781 663//663
f 716//716 755//755 762//762
f 763//763 767//767 667//667
f 719//719 760//760 759//759
f 740//740 816//816 768//768
f 613//613 769//769 474//474
f 701//701 712//712 764//764
f 765//765 743//743 766//766
f 675//675 728//728 754//754
f 743//743 723//723 774//774
f 639//639 756//756 709//709
f 741//741 771//771 763//763
f 741//741 747//747 771//771
f 459//459 797//797 648//648
f 734//734 769//769 613//613
f 474//474 769//769 742//742
f 529//529 709//709 828//828
f 721//721 772//772 758//758
f 743//743 774//774 766//766
f 639//639 663//663 756//756
f 529//529 828//828 679//679
f 757//757 759//759 783//783
f 810//810 773//773 695//695
f 763//763 788//788 767//767
f 746//746 762//762 732//732
f 757//757 780//780 738//738
f 740//740 768//768 728//728
f 677//677 775//775 704//704
f 732//732 762//762 755//755
f 723//723 767//767 774//774
f 745//745 737//737 765//765
f 696//696 779//779 671//671
f 721//721 751//751 772//772
f 765//765 766//766 776//776
f 745//745 765//765 724//724
f 762//762 778//778 760//760
f 707//707 699//699 777//777
f 757//757 783//783 780//780
f 762//762 746//746 796//796
f 763//763 771//771 788//788
f 624//624 787//787 636//636
f 443//443 722//722 792//792
f 765//765 786//786 724//724
f 738//738 780//780 750//750
f 708//708 758//758 789//789
f 778//778 762//762 794//794
f 776//776 785//785 765//765
f 765//765 785//785 786//786
f 772//772 751//751 784//784
f 759//759 760//760 778//778
f 636//636 787//787 809//809
f 710//710 725//725 751//751
f 780//780 782//782 750//750
f 766//766 785//785 776//776
f 657//657 761//761 795//795
f 720//720 803//803 771//771
f 778//778 794//794 793//793
f 615//615 674//674 770//770
f 762//762 796//796 794//794
f 778//778 793//793 759//759
f 796//796 746//746 742//742
f 664//664 822//822 674//674
f 712//712 777//777 764//764
f 657//657 795//795 624//624
f 704//704 775//775 753//753
f 759//759 800//800 783//783
f 779//779 696//696 801//801
f 624//624 795//795 787//787
f 766//766 774//774 785//785
f 686//686 812//812 727//727
f 783//783 805//805 780//780
f 793//793 800//800 759//759
f 771//771 798//798 788//788
f 671//671 802//802 714//714
f 750//750 782//782 681//681
f 724//724 786//786 839//839
f 751//751 725//725 845//845
f 724//724 839//839 781//781
f 686//686 764//764 812//812
f 783//783 800//800 805//805
f 772//772 784//784 758//758
f 780//780 805//805 813//813
f 771//771 807//807 798//798
f 725//725 739//739 815//815
f 774//774 811//811 785//785
f 798//798 807//807 788//788
f 749//749 815//815 739//739
f 782//782 813//813 799//799
f 782//782 780//780 813//813
f 459//459 343//343 797//797
f 698//698 753//753 801//801
f 699//699 752//752 790//790
f 807//807 771//771 803//803
f 774//774 767//767 811//811
f 677//677 834//834 775//775
f 671//671 779//779 802//802
f 794//794 796//796 814//814
f 789//789 810//810 708//708
f 758//758 784//784 789//789
f 806//806 731//731 748//748
f 674//674 822//822 817//817
f 788//788 807//807 767//767
f 751//751 845//845 784//784
f 728//728 768//768 754//754
f 679//679 822//822 664//664
f 636//636 834//834 677//677
f 786//786 808//808 839//839
f 681//681 782//782 824//824
f 786//786 785//785 808//808
f 636//636 809//809 834//834
f 806//806 819//819 761//761
f 785//785 811//811 876//876
f 735//735 888//888 722//722
f 797//797 872//872 648//648
f 709//709 756//756 820//820
f 720//720 685//685 803//803
f 793//793 794//794 827//827
f 748//748 819//819 806//806
f 782//782 799//799 824//824
f 773//773 833//833 695//695
f 443//443 792//792 947//947
f 748//748 818//818 819//819
f 773//773 810//810 831//831
f 648//648 842//842 599//599
f 869//869 489//489 1154//1154
f 663//663 826//826 756//756
f 742//742 769//769 835//835
f 343//343 825//825 797//797
f 800//800 830//830 805//805
f 813//813 805//805 836//836
f 665//665 947//947 729//729
f 699//699 790//790 777//777
f 714//714 802//802 821//821
f 343//343 877//877 825//825
f 813//813 851//851 799//799
f 767//767 844//844 811//811
f 761//761 819//819 855//855
f 796//796 742//742 814//814
f 810//810 789//789 831//831
f 679//679 828//828 847//847
f 795//795 856//856 787//787
f 768//768 816//816 843//843
f 807//807 803//803 849//849
f 742//742 835//835 889//889
f 801//801 840//840 779//779
f 674//674 817//817 770//770
f 714//714 821//821 832//832
f 785//785 829//829 808//808
f 785//785 876//876 829//829
f 801//801 753//753 840//840
f 753//753 775//775 838//838
f 764//764 850//850 841//841
f 753//753 838//838 840//840
f 793//793 837//837 800//800
f 775//775 834//834 838//838
f 764//764 841//841 812//812
f 764//764 777//777 850//850
f 793//793 827//827 837//837
f 799//799 857//857 824//824
f 761//761 855//855 795//795
f 729//729 947//947 871//871
f 754//754 818//818 748//748
f 539//539 770//770 823//823
f 714//714 832//832 791//791
f 803//803 859//859 849//849
f 812//812 846//846 727//727
f 599//599 842//842 735//735
f 812//812 841//841 846//846
f 799//799 851//851 857//857
f 725//725 815//815 845//845
f 754//754 768//768 843//843
f 814//814 827//827 794//794
f 856//856 852//852 787//787
f 809//809 787//787 886//886
f 767//767 849//849 844//844
f 709//709 915//915 828//828
f 813//813 836//836 851//851
f 807//807 849//849 767//767
f 850//850 777//777 867//867
f 729//729 871//871 734//734
f 787//787 853//853 886//886
f 663//663 781//781 826//826
f 834//834 858//858 838//838
f 648//648 872//872 842//842
f 777//777 790//790 867//867
f 726//726 881//881 744//744
f 787//787 852//852 853//853
f 539//539 823//823 422//422
f 695//695 833//833 862//862
f 838//838 858//858 861//861
f 805//805 830//830 836//836
f 800//800 837//837 830//830
f 838//838 861//861 840//840
f 846//846 841//841 863//863
f 841//841 865//865 863//863
f 840//840 861//861 864//864
f 841//841 850//850 865//865
f 850//850 867//867 865//865
f 840//840 864//864 779//779
f 754//754 843//843 818//818
f 839//839 868//868 781//781
f 855//855 866//866 795//795
f 839//839 808//808 868//868
f 666//666 695//695 862//862
f 666//666 862//862 617//617
f 742//742 889//889 854//854
f 859//859 803//803 685//685
f 727//727 905//905 749//749
f 790//790 752//752 879//879
f 843//843 816//816 869//869
f 811//811 844//844 876//876
f 845//845 815//815 784//784
f 863//863 865//865 873//873
f 863//863 873//873 846//846
f 831//831 789//789 870//870
f 679//679 899//899 822//822
f 742//742 874//874 814//814
f 789//789 784//784 870//870
f 819//819 875//875 855//855
f 744//744 881//881 752//752
f 791//791 832//832 685//685
f 795//795 866//866 856//856
f 814//814 874//874 827//827
f 808//808 829//829 868//868
f 727//727 846//846 885//885
f 422//422 823//823 877//877
f 802//802 779//779 893//893
f 790//790 891//891 867//867
f 779//779 864//864 1026//1026
f 859//859 878//878 849//849
f 881//881 879//879 752//752
f 742//742 854//854 910//910
f 722//722 888//888 792//792
f 749//749 905//905 815//815
f 773//773 831//831 880//880
f 727//727 885//885 905//905
f 833//833 912//912 862//862
f 836//836 890//890 851//851
f 824//824 857//857 882//882
f 770//770 892//892 823//823
f 864//864 861//861 884//884
f 784//784 815//815 926//926
f 824//824 919//919 681//681
f 849//849 878//878 895//895
f 849//849 883//883 844//844
f 851//851 890//890 857//857
f 867//867 891//891 887//887
f 883//883 849//849 895//895
f 781//781 897//897 904//904
f 734//734 871//871 930//930
f 769//769 734//734 930//930
f 855//855 875//875 866//866
f 830//830 896//896 836//836
f 837//837 896//896 830//830
f 844//844 883//883 894//894
f 844//844 894//894 876//876
f 773//773 900//900 833//833
f 864//864 884//884 1026//1026
f 867//867 887//887 865//865
f 781//781 904//904 921//921
f 883//883 895//895 894//894
f 886//886 853//853 939//939
f 882//882 919//919 824//824
f 781//781 868//868 897//897
f 818//818 843//843 819//819
f 833//833 900//900 912//912
f 873//873 865//865 898//898
f 859//859 685//685 878//878
f 773//773 880//880 900//900
f 853//853 903//903 939//939
f 857//857 890//890 882//882
f 742//742 910//910 874//874
f 726//726 681//681 881//881
f 832//832 983//983 685//685
f 894//894 902//902 876//876
f 879//879 891//891 790//790
f 802//802 893//893 821//821
f 837//837 901//901 896//896
f 876//876 902//902 829//829
f 770//770 817//817 848//848
f 837//837 827//827 901//901
f 815//815 905//905 923//923
f 831//831 926//926 880//880
f 829//829 902//902 907//907
f 836//836 911//911 890//890
f 827//827 874//874 901//901
f 709//709 820//820 915//915
f 784//784 926//926 870//870
f 890//890 920//920 882//882
f 836//836 896//896 911//911
f 895//895 914//914 922//922
f 874//874 908//908 901//901
f 853//853 918//918 903//903
f 829//829 897//897 868//868
f 829//829 913//913 897//897
f 901//901 909//909 896//896
f 735//735 842//842 888//888
f 829//829 907//907 913//913
f 874//874 910//910 908//908
f 893//893 779//779 927//927
f 895//895 922//922 894//894
f 901//901 917//917 909//909
f 853//853 852//852 918//918
f 896//896 909//909 911//911
f 809//809 906//906 834//834
f 815//815 923//923 926//926
f 832//832 821//821 916//916
f 901//901 908//908 917//917
f 878//878 914//914 895//895
f 831//831 870//870 926//926
f 890//890 911//911 920//920
f 908//908 925//925 917//917
f 792//792 888//888 935//935
f 878//878 938//938 914//914
f 897//897 913//913 924//924
f 897//897 928//928 904//904
f 843//843 940//940 819//819
f 886//886 986//986 809//809
f 769//769 930//930 835//835
f 897//897 924//924 928//928
f 797//797 825//825 970//970
f 920//920 919//919 882//882
f 928//928 924//924 932//932
f 878//878 685//685 938//938
f 819//819 940//940 875//875
f 920//920 937//937 919//919
f 781//781 921//921 826//826
f 862//862 860//860 617//617
f 908//908 934//934 925//925
f 894//894 922//922 933//933
f 894//894 933//933 902//902
f 913//913 936//936 924//924
f 681//681 931//931 881//881
f 770//770 848//848 892//892
f 869//869 940//940 843//843
f 679//679 847//847 1007//1007
f 856//856 918//918 852//852
f 914//914 938//938 922//922
f 826//826 944//944 756//756
f 922//922 938//938 943//943
f 910//910 934//934 908//908
f 907//907 946//946 913//913
f 907//907 902//902 946//946
f 875//875 940//940 866//866
f 861//861 858//858 949//949
f 886//886 939//939 986//986
f 937//937 920//920 911//911
f 913//913 946//946 936//936
f 861//861 949//949 884//884
f 909//909 942//942 911//911
f 889//889 835//835 945//945
f 939//939 903//903 962//962
f 902//902 933//933 946//946
f 685//685 967//967 938//938
f 756//756 944//944 820//820
f 832//832 916//916 953//953
f 924//924 955//955 932//932
f 909//909 951//951 942//942
f 919//919 937//937 994//994
f 925//925 948//948 917//917
f 924//924 936//936 955//955
f 847//847 828//828 950//950
f 880//880 999//999 900//900
f 909//909 917//917 951//951
f 856//856 866//866 918//918
f 858//858 834//834 956//956
f 858//858 929//929 949//949
f 986//986 906//906 809//809
f 846//846 873//873 977//977
f 865//865 961//961 898//898
f 937//937 911//911 952//952
f 881//881 959//959 879//879
f 912//912 954//954 862//862
f 822//822 899//899 817//817
f 862//862 954//954 941//941
f 925//925 934//934 948//948
f 910//910 854//854 934//934
f 865//865 887//887 961//961
f 893//893 966//966 821//821
f 918//918 973//973 903//903
f 943//943 938//938 960//960
f 931//931 959//959 881//881
f 943//943 958//958 922//922
f 912//912 900//900 954//954
f 911//911 963//963 952//952
f 933//933 922//922 958//958
f 917//917 948//948 951//951
f 862//862 982//982 860//860
f 943//943 960//960 958//958
f 779//779 1026//1026 927//927
f 911//911 964//964 963//963
f 937//937 969//969 994//994
f 928//928 932//932 955//955
f 617//617 860//860 804//804
f 866//866 940//940 971//971
f 911//911 942//942 964//964
f 937//937 952//952 969//969
f 866//866 971//971 918//918
f 792//792 1009//1009 947//947
f 916//916 966//966 953//953
f 928//928 968//968 904//904
f 983//983 997//997 685//685
f 679//679 1007//1007 899//899
f 873//873 898//898 977//977
f 846//846 977//977 885//885
f 934//934 854//854 985//985
f 862//862 941//941 982//982
f 858//858 956//956 929//929
f 958//958 972//972 933//933
f 893//893 927//927 966//966
f 919//919 974//974 991//991
f 817//817 957//957 848//848
f 936//936 946//946 975//975
f 942//942 951//951 976//976
f 685//685 997//997 967//967
f 919//919 994//994 974//974
f 821//821 966//966 916//916
f 933//933 972//972 946//946
f 948//948 976//976 951//951
f 797//797 970//970 872//872
f 936//936 975//975 955//955
f 681//681 919//919 991//991
f 942//942 976//976 978//978
f 946//946 972//972 988//988
f 975//975 946//946 988//988
f 928//928 955//955 968//968
f 918//918 971//971 973//973
f 903//903 973//973 962//962
f 964//964 942//942 978//978
f 817//817 899//899 957//957
f 847//847 950//950 1007//1007
f 976//976 948//948 979//979
f 938//938 993//993 960//960
f 938//938 967//967 993//993
f 949//949 980//980 884//884
f 955//955 975//975 981//981
f 854//854 889//889 945//945
f 955//955 981//981 968//968
f 948//948 985//985 979//979
f 939//939 962//962 995//995
f 934//934 985//985 948//948
f 981//981 975//975 988//988
f 891//891 879//879 1015//1015
f 854//854 984//984 985//985
f 900//900 990//990 954//954
f 900//900 999//999 990//990
f 939//939 992//992 986//986
f 949//949 996//996 980//980
f 681//681 991//991 1030//1030
f 968//968 921//921 904//904
f 898//898 961//961 1000//1000
f 905//905 885//885 987//987
f 976//976 979//979 978//978
f 939//939 995//995 989//989
f 986//986 1037//1037 906//906
f 963//963 964//964 1041//1041
f 949//949 929//929 996//996
f 898//898 1000//1000 977//977
f 832//832 953//953 983//983
f 826//826 921//921 1021//1021
f 981//981 988//988 998//998
f 884//884 980//980 996//996
f 985//985 1001//1001 979//979
f 915//915 820//820 965//965
f 963//963 969//969 952//952
f 974//974 1010//1010 991//991
f 820//820 944//944 965//965
f 982//982 941//941 1005//1005
f 880//880 926//926 999//999
f 854//854 945//945 984//984
f 967//967 997//997 1014//1014
f 954//954 1011//1011 941//941
f 1002//1002 996//996 1006//1006
f 1003//1003 996//996 1002//1002
f 961//961 1008//1008 1000//1000
f 996//996 929//929 1006//1006
f 884//884 996//996 1026//1026
f 997//997 983//983 1004//1004
f 906//906 1031//1031 834//834
f 961//961 1012//1012 1008//1008
f 1012//1012 1016//1016 1008//1008
f 994//994 1018//1018 974//974
f 972//972 958//958 1075//1075
f 997//997 1013//1013 1014//1014
f 1008//1008 1016//1016 1017//1017
f 891//891 1015//1015 887//887
f 985//985 984//984 1001//1001
f 828//828 915//915 950//950
f 986//986 992//992 1037//1037
f 1012//1012 961//961 887//887
f 923//923 1027//1027 926//926
f 968//968 981//981 998//998
f 804//804 860//860 1061//1061
f 994//994 969//969 1018//1018
f 993//993 967//967 1014//1014
f 1002//1002 1006//1006 1020//1020
f 879//879 1045//1045 1015//1015
f 879//879 959//959 1045//1045
f 939//939 989//989 1044//1044
f 958//958 960//960 993//993
f 958//958 993//993 1075//1075
f 1008//1008 1025//1025 1000//1000
f 997//997 1004//1004 1013//1013
f 990//990 1029//1029 954//954
f 964//964 1019//1019 1041//1041
f 964//964 978//978 1019//1019
f 963//963 1041//1041 969//969
f 973//973 1036//1036 962//962
f 954//954 1024//1024 1011//1011
f 1026//1026 996//996 1003//1003
f 835//835 930//930 1129//1129
f 906//906 1037//1037 1031//1031
f 1008//1008 1017//1017 1025//1025
f 966//966 1040//1040 953//953
f 1000//1000 1028//1028 977//977
f 848//848 1023//1023 892//892
f 978//978 979//979 1088//1088
f 905//905 987//987 923//923
f 681//681 1030//1030 931//931
f 954//954 1029//1029 1024//1024
f 940//940 869//869 1036//1036
f 1012//1012 887//887 1016//1016
f 1003//1003 1022//1022 1026//1026
f 974//974 1018//1018 1010//1010
f 966//966 1069//1069 1040//1040
f 1004//1004 983//983 1032//1032
f 940//940 1036//1036 971//971
f 1014//1014 1013//1013 1038//1038
f 1036//1036 1035//1035 962//962
f 950//950 915//915 1081//1081
f 972//972 1033//1033 988//988
f 973//973 971//971 1036//1036
f 939//939 1044//1044 992//992
f 972//972 1075//1075 1033//1033
f 926//926 1059//1059 999//999
f 941//941 1034//1034 1005//1005
f 959//959 931//931 1045//1045
f 826//826 1021//1021 944//944
f 1017//1017 1016//1016 1068//1068
f 930//930 871//871 1141//1141
f 885//885 977//977 1028//1028
f 1028//1028 1000//1000 1025//1025
f 888//888 1048//1048 935//935
f 1004//1004 1047//1047 1013//1013
f 835//835 1129//1129 945//945
f 966//966 927//927 1069//1069
f 993//993 1014//1014 1038//1038
f 988//988 1094//1094 998//998
f 962//962 1035//1035 995//995
f 1007//1007 950//950 1081//1081
f 988//988 1033//1033 1094//1094
f 1026//1026 1050//1050 927//927
f 1003//1003 1067//1067 1022//1022
f 834//834 1031//1031 956//956
f 887//887 1015//1015 1046//1046
f 1002//1002 1065//1065 1003//1003
f 929//929 956//956 1006//1006
f 869//869 1154//1154 1057//1057
f 1013//1013 1047//1047 1043//1043
f 969//969 1041//1041 1051//1051
f 926//926 1027//1027 1059//1059
f 995//995 1053//1053 989//989
f 1038//1038 1013//1013 1043//1043
f 860//860 982//982 1061//1061
f 1025//1025 1017//1017 1049//1049
f 1018//1018 1084//1084 1010//1010
f 885//885 1028//1028 987//987
f 923//923 987//987 1027//1027
f 1016//1016 887//887 1039//1039
f 869//869 1057//1057 1036//1036
f 1002//1002 1020//1020 1096//1096
f 1068//1068 1016//1016 1054//1054
f 1034//1034 941//941 1055//1055
f 991//991 1062//1062 1030//1030
f 1075//1075 993//993 1038//1038
f 969//969 1051//1051 1018//1018
f 1024//1024 1029//1029 1011//1011
f 998//998 1056//1056 968//968
f 1004//1004 1052//1052 1047//1047
f 1088//1088 1019//1019 978//978
f 1006//1006 956//956 1020//1020
f 872//872 1064//1064 842//842
f 1017//1017 1068//1068 1049//1049
f 999//999 1059//1059 990//990
f 982//982 1005//1005 1058//1058
f 1032//1032 983//983 1063//1063
f 1084//1084 1018//1018 1060//1060
f 1067//1067 1003//1003 1065//1065
f 990//990 1059//1059 1029//1029
f 888//888 842//842 1048//1048
f 1026//1026 1022//1022 1050//1050
f 983//983 1109//1109 1063//1063
f 991//991 1010//1010 1079//1079
f 979//979 1001//1001 1042//1042
f 1016//1016 1039//1039 1054//1054
f 927//927 1050//1050 1069//1069
f 941//941 1011//1011 1055//1055
f 921//921 968//968 1070//1070
f 991//991 1079//1079 1062//1062
f 1052//1052 1004//1004 1066//1066
f 1037//1037 992//992 1072//1072
f 823//823 892//892 877//877
f 989//989 1053//1053 1044//1044
f 1045//1045 931//931 1093//1093
f 1038//1038 1043//1043 1092//1092
f 984//984 945//945 1071//1071
f 1041//1041 1019//1019 1051//1051
f 1010//1010 1084//1084 1079//1079
f 1004//1004 1032//1032 1066//1066
f 1056//1056 1070//1070 968//968
f 887//887 1046//1046 1039//1039
f 1065//1065 1002//1002 1096//1096
f 1062//1062 1083//1083 1030//1030
f 1036//1036 1057//1057 1073//1073
f 1015//1015 1082//1082 1046//1046
f 848//848 957//957 1023//1023
f 1025//1025 1049//1049 1077//1077
f 1040//1040 1080//1080 953//953
f 1025//1025 1077//1077 1028//1028
f 1053//1053 1074//1074 1044//1044
f 945//945 1129//1129 1071//1071
f 842//842 1064//1064 1048//1048
f 1065//1065 1068//1068 1067//1067
f 984//984 1105//1105 1001//1001
f 1068//1068 1054//1054 1067//1067
f 792//792 935//935 1009//1009
f 1080//1080 1040//1040 1069//1069
f 1018//1018 1051//1051 1090//1090
f 1020//1020 956//956 1096//1096
f 1001//1001 1105//1105 1042//1042
f 1093//1093 1082//1082 1045//1045
f 1045//1045 1082//1082 1015//1015
f 1109//1109 1085//1085 1063//1063
f 1066//1066 1032//1032 1114//1114
f 1036//1036 1073//1073 1035//1035
f 1047//1047 1052//1052 1043//1043
f 1038//1038 1092//1092 1075//1075
f 1068//1068 1065//1065 1078//1078
f 979//979 1042//1042 1088//1088
f 1069//1069 1095//1095 1080//1080
f 931//931 1030//1030 1076//1076
f 1022//1022 1067//1067 1039//1039
f 1052//1052 1087//1087 1043//1043
f 1054//1054 1039//1039 1067//1067
f 1068//1068 1078//1078 1049//1049
f 982//982 1086//1086 1061//1061
f 998//998 1094//1094 1056//1056
f 1019//1019 1089//1089 1051//1051
f 1062//1062 1098//1098 1083//1083
f 982//982 1058//1058 1086//1086
f 1035//1035 1053//1053 995//995
f 1062//1062 1117//1117 1098//1098
f 992//992 1124//1124 1072//1072
f 970//970 825//825 1212//1212
f 1103//1103 1079//1079 1084//1084
f 1093//1093 931//931 1099//1099
f 1044//1044 1074//1074 1091//1091
f 1065//1065 1096//1096 1078//1078
f 1032//1032 1063//1063 1114//1114
f 1075//1075 1101//1101 1033//1033
f 953//953 1080//1080 1099//1099
f 987//987 1100//1100 1027//1027
f 1027//1027 1100//1100 1059//1059
f 1050//1050 1095//1095 1069//1069
f 1039//1039 1046//1046 1110//1110
f 1029//1029 1059//1059 1097//1097
f 1051//1051 1120//1120 1090//1090
f 992//992 1044//1044 1091//1091
f 1019//1019 1088//1088 1089//1089
f 1029//1029 1097//1097 1011//1011
f 1060//1060 1103//1103 1084//1084
f 1022//1022 1039//1039 1050//1050
f 984//984 1106//1106 1105//1105
f 947//947 1102//1102 871//871
f 1052//1052 1066//1066 1087//1087
f 1033//1033 1111//1111 1094//1094
f 1021//1021 921//921 1107//1107
f 953//953 1099//1099 983//983
f 1070//1070 1104//1104 921//921
f 1018//1018 1090//1090 1060//1060
f 1075//1075 1092//1092 1101//1101
f 1091//1091 1124//1124 992//992
f 1093//1093 1080//1080 1082//1082
f 1093//1093 1099//1099 1080//1080
f 931//931 1076//1076 1099//1099
f 1056//1056 1094//1094 1070//1070
f 1051//1051 1089//1089 1120//1120
f 1109//1109 983//983 1116//1116
f 1033//1033 1101//1101 1111//1111
f 1095//1095 1082//1082 1080//1080
f 1088//1088 1042//1042 1105//1105
f 1100//1100 1097//1097 1059//1059
f 1092//1092 1043//1043 1118//1118
f 1037//1037 1072//1072 1113//1113
f 1079//1079 1117//1117 1062//1062
f 1011//1011 1108//1108 1055//1055
f 1007//1007 1081//1081 1146//1146
f 1050//1050 1039//1039 1110//1110
f 1030//1030 1126//1126 1076//1076
f 1005//1005 1112//1112 1058//1058
f 1005//1005 1034//1034 1112//1112
f 1086//1086 1058//1058 1115//1115
f 1046//1046 1082//1082 1110//1110
f 921//921 1104//1104 1119//1119
f 1087//1087 1118//1118 1043//1043
f 1011//1011 1097//1097 1108//1108
f 1050//1050 1110//1110 1095//1095
f 956//956 1031//1031 1130//1130
f 1104//1104 1070//1070 1127//1127
f 1055//1055 1108//1108 1034//1034
f 871//871 1102//1102 1123//1123
f 1070//1070 1094//1094 1111//1111
f 944//944 1021//1021 1271//1271
f 983//983 1099//1099 1116//1116
f 1114//1114 1125//1125 1066//1066
f 1063//1063 1085//1085 1114//1114
f 1053//1053 1122//1122 1074//1074
f 1087//1087 1066//1066 1159//1159
f 1053//1053 1035//1035 1073//1073
f 1085//1085 1109//1109 1139//1139
f 1037//1037 1130//1130 1031//1031
f 1070//1070 1111//1111 1127//1127
f 1079//1079 1103//1103 1117//1117
f 1109//1109 1116//1116 1131//1131
f 921//921 1119//1119 1107//1107
f 1030//1030 1157//1157 1126//1126
f 1037//1037 1113//1113 1130//1130
f 1028//1028 1077//1077 987//987
f 1095//1095 1110//1110 1082//1082
f 1105//1105 1135//1135 1088//1088
f 1105//1105 1106//1106 1135//1135
f 877//877 1134//1134 825//825
f 1060//1060 1162//1162 1103//1103
f 1023//1023 1168//1168 892//892
f 1111//1111 1101//1101 1127//1127
f 871//871 1123//1123 1141//1141
f 1088//1088 1135//1135 1089//1089
f 1120//1120 1160//1160 1090//1090
f 1009//1009 935//935 1151//1151
f 1074//1074 1122//1122 1091//1091
f 984//984 1071//1071 1190//1190
f 872//872 970//970 1064//1064
f 944//944 1271//1271 965//965
f 1089//1089 1135//1135 1132//1132
f 930//930 1141//1141 1129//1129
f 957//957 899//899 1121//1121
f 1118//1118 1087//1087 1159//1159
f 1103//1103 1136//1136 1117//1117
f 1053//1053 1073//1073 1122//1122
f 1120//1120 1089//1089 1132//1132
f 1034//1034 1108//1108 1112//1112
f 1066//1066 1125//1125 1159//1159
f 1058//1058 1112//1112 1149//1149
f 1103//1103 1162//1162 1145//1145
f 1092//1092 1118//1118 1140//1140
f 1124//1124 1147//1147 1072//1072
f 1092//1092 1140//1140 1101//1101
f 1077//1077 1049//1049 1078//1078
f 1090//1090 1162//1162 1060//1060
f 1106//1106 984//984 1148//1148
f 1113//1113 1072//1072 1137//1137
f 1109//1109 1131//1131 1128//1128
f 1091//1091 1143//1143 1138//1138
f 1104//1104 1127//1127 1153//1153
f 970//970 1158//1158 1064//1064
f 1127//1127 1101//1101 1133//1133
f 1091//1091 1122//1122 1143//1143
f 1007//1007 1146//1146 1200//1200
f 1135//1135 1150//1150 1132//1132
f 1130//1130 1113//1113 1152//1152
f 957//957 1226//1226 1023//1023
f 1086//1086 1115//1115 1167//1167
f 1118//1118 1142//1142 1140//1140
f 1135//1135 1144//1144 1150//1150
f 1106//1106 1144//1144 1135//1135
f 1078//1078 1096//1096 1077//1077
f 1145//1145 1136//1136 1103//1103
f 956//956 1130//1130 1096//1096
f 1118//1118 1159//1159 1142//1142
f 1100//1100 987//987 1213//1213
f 987//987 1077//1077 1213//1213
f 1125//1125 1170//1170 1159//1159
f 1071//1071 1129//1129 1190//1190
f 1086//1086 1156//1156 1061//1061
f 1097//1097 1100//1100 1172//1172
f 1116//1116 1099//1099 1176//1176
f 1133//1133 1165//1165 1127//1127
f 1120//1120 1132//1132 1160//1160
f 1073//1073 1057//1057 1161//1161
f 1030//1030 1083//1083 1157//1157
f 957//957 1121//1121 1226//1226
f 1073//1073 1161//1161 1122//1122
f 1115//1115 1058//1058 1166//1166
f 1127//1127 1165//1165 1153//1153
f 1112//1112 1108//1108 1164//1164
f 1142//1142 1159//1159 1174//1174
f 1113//1113 1169//1169 1152//1152
f 1085//1085 1197//1197 1114//1114
f 1085//1085 1139//1139 1163//1163
f 1057//1057 1154//1154 1161//1161
f 1150//1150 1144//1144 1173//1173
f 1106//1106 1148//1148 1144//1144
f 1072//1072 1147//1147 1218//1218
f 1130//1130 1206//1206 1096//1096
f 1160//1160 1162//1162 1090//1090
f 1058//1058 1149//1149 1166//1166
f 1133//1133 1101//1101 1140//1140
f 899//899 1007//1007 1121//1121
f 1132//1132 1150//1150 1171//1171
f 1091//1091 1138//1138 1124//1124
f 1112//1112 1177//1177 1149//1149
f 1021//1021 1107//1107 1255//1255
f 1132//1132 1171//1171 1160//1160
f 1133//1133 1140//1140 1175//1175
f 1009//1009 1268//1268 947//947
f 1097//1097 1172//1172 1108//1108
f 935//935 1048//1048 1228//1228
f 1104//1104 1153//1153 1205//1205
f 1104//1104 1205//1205 1119//1119
f 1072//1072 1218//1218 1137//1137
f 1131//1131 1116//1116 1180//1180
f 1086//1086 1167//1167 1156//1156
f 1081//1081 915//915 1183//1183
f 1197//1197 1125//1125 1114//1114
f 1112//1112 1164//1164 1177//1177
f 984//984 1178//1178 1148//1148
f 1142//1142 1174//1174 1181//1181
f 1122//1122 1161//1161 1143//1143
f 1172//1172 1164//1164 1108//1108
f 1162//1162 1188//1188 1145//1145
f 1165//1165 1133//1133 1175//1175
f 984//984 1190//1190 1178//1178
f 1109//1109 1128//1128 1139//1139
f 1153//1153 1165//1165 1175//1175
f 1140//1140 1142//1142 1185//1185
f 1137//1137 1187//1187 1113//1113
f 1160//1160 1188//1188 1162//1162
f 1174//1174 1182//1182 1181//1181
f 1083//1083 1098//1098 1236//1236
f 1159//1159 1170//1170 1193//1193
f 1096//1096 1206//1206 1077//1077
f 1115//1115 1166//1166 1167//1167
f 892//892 1192//1192 877//877
f 1126//1126 1157//1157 1225//1225
f 1100//1100 1213//1213 1172//1172
f 892//892 1168//1168 1192//1192
f 1140//1140 1185//1185 1175//1175
f 1085//1085 1163//1163 1197//1197
f 1129//1129 1186//1186 1190//1190
f 1083//1083 1155//1155 1157//1157
f 1150//1150 1173//1173 1171//1171
f 1164//1164 1172//1172 1177//1177
f 1153//1153 1175//1175 1205//1205
f 1119//1119 1205//1205 1107//1107
f 1148//1148 1178//1178 1179//1179
f 935//935 1228//1228 1151//1151
f 1126//1126 1214//1214 1288//1288
f 1126//1126 1232//1232 1076//1076
f 1136//1136 1145//1145 1199//1199
f 1144//1144 1148//1148 1173//1173
f 1142//1142 1181//1181 1185//1185
f 1129//1129 1141//1141 1184//1184
f 1160//1160 1191//1191 1188//1188
f 1061//1061 1156//1156 804//804
f 947//947 1268//1268 1102//1102
f 1160//1160 1171//1171 1191//1191
f 1113//1113 1187//1187 1169//1169
f 1128//1128 1131//1131 1207//1207
f 1147//1147 1124//1124 1138//1138
f 1159//1159 1211//1211 1174//1174
f 1130//1130 1152//1152 1206//1206
f 1171//1171 1195//1195 1191//1191
f 1009//1009 1151//1151 1268//1268
f 970//970 1212//1212 1158//1158
f 1172//1172 1213//1213 1196//1196
f 1188//1188 1263//1263 1145//1145
f 877//877 1192//1192 1134//1134
f 1171//1171 1173//1173 1195//1195
f 1175//1175 1185//1185 1198//1198
f 1149//1149 1204//1204 1166//1166
f 1081//1081 1183//1183 1146//1146
f 1147//1147 1138//1138 1194//1194
f 1157//1157 1155//1155 1203//1203
f 1147//1147 1194//1194 1218//1218
f 1148//1148 1179//1179 1173//1173
f 1159//1159 1193//1193 1211//1211
f 1077//1077 1206//1206 1244//1244
f 1185//1185 1181//1181 1182//1182
f 1236//1236 1155//1155 1083//1083
f 1146//1146 1183//1183 1200//1200
f 1021//1021 1215//1215 1271//1271
f 1152//1152 1169//1169 1209//1209
f 1156//1156 1167//1167 1189//1189
f 1099//1099 1201//1201 1176//1176
f 1175//1175 1198//1198 1205//1205
f 1021//1021 1255//1255 1215//1215
f 1156//1156 1210//1210 804//804
f 1131//1131 1243//1243 1207//1207
f 1170//1170 1125//1125 1217//1217
f 1076//1076 1201//1201 1099//1099
f 1131//1131 1180//1180 1219//1219
f 1243//1243 1131//1131 1219//1219
f 1177//1177 1204//1204 1149//1149
f 1136//1136 1222//1222 1117//1117
f 1077//1077 1244//1244 1213//1213
f 1157//1157 1203//1203 1225//1225
f 1145//1145 1263//1263 1199//1199
f 1197//1197 1217//1217 1125//1125
f 1195//1195 1173//1173 1179//1179
f 1222//1222 1236//1236 1098//1098
f 1152//1152 1209//1209 1206//1206
f 804//804 1202//1202 1154//1154
f 1205//1205 1221//1221 1107//1107
f 1166//1166 1220//1220 1167//1167
f 1198//1198 1182//1182 1221//1221
f 1198//1198 1185//1185 1182//1182
f 1156//1156 1216//1216 1210//1210
f 1179//1179 1223//1223 1195//1195
f 1126//1126 1288//1288 1232//1232
f 1098//1098 1117//1117 1222//1222
f 1156//1156 1189//1189 1216//1216
f 1205//1205 1198//1198 1221//1221
f 1179//1179 1178//1178 1223//1223
f 915//915 965//965 1271//1271
f 1189//1189 1167//1167 1220//1220
f 1169//1169 1187//1187 1245//1245
f 1139//1139 1208//1208 1163//1163
f 1161//1161 1224//1224 1143//1143
f 1161//1161 1154//1154 1224//1224
f 1196//1196 1235//1235 1172//1172
f 1186//1186 1129//1129 1184//1184
f 1137//1137 1218//1218 1230//1230
f 1172//1172 1227//1227 1177//1177
f 1177//1177 1227//1227 1204//1204
f 1169//1169 1245//1245 1229//1229
f 1194//1194 1224//1224 1218//1218
f 1169//1169 1229//1229 1209//1209
f 1172//1172 1235//1235 1227//1227
f 1137//1137 1230//1230 1187//1187
f 1048//1048 1064//1064 1228//1228
f 1204//1204 1220//1220 1166//1166
f 1174//1174 1211//1211 1182//1182
f 1197//1197 1163//1163 1217//1217
f 1138//1138 1224//1224 1194//1194
f 1143//1143 1224//1224 1138//1138
f 1139//1139 1128//1128 1208//1208
f 1154//1154 1231//1231 1224//1224
f 1176//1176 1239//1239 1116//1116
f 1213//1213 1244//1244 1196//1196
f 1188//1188 1314//1314 1263//1263
f 1239//1239 1176//1176 1240//1240
f 1180//1180 1116//1116 1233//1233
f 1191//1191 1195//1195 1314//1314
f 1201//1201 1076//1076 1232//1232
f 1209//1209 1229//1229 1242//1242
f 1193//1193 1170//1170 1217//1217
f 1154//1154 1234//1234 1231//1231
f 1209//1209 1237//1237 1206//1206
f 1136//1136 1199//1199 1222//1222
f 1218//1218 1224//1224 1230//1230
f 1221//1221 1182//1182 1294//1294
f 1201//1201 1232//1232 1270//1270
f 1189//1189 1220//1220 1251//1251
f 1208//1208 1128//1128 1264//1264
f 1244//1244 1206//1206 1237//1237
f 1116//1116 1239//1239 1233//1233
f 1204//1204 1227//1227 1220//1220
f 1176//1176 1201//1201 1279//1279
f 1155//1155 1236//1236 1246//1246
f 825//825 1262//1262 1212//1212
f 825//825 1134//1134 1262//1262
f 1163//1163 1208//1208 1248//1248
f 1237//1237 1209//1209 1242//1242
f 1196//1196 1244//1244 1247//1247
f 804//804 1210//1210 1202//1202
f 1188//1188 1191//1191 1314//1314
f 1023//1023 1226//1226 1168//1168
f 1126//1126 1338//1338 1214//1214
f 1201//1201 1241//1241 1254//1254
f 1221//1221 1294//1294 1266//1266
f 1182//1182 1211//1211 1258//1258
f 1247//1247 1250//1250 1196//1196
f 1244//1244 1237//1237 1247//1247
f 1126//1126 1225//1225 1296//1296
f 1201//1201 1254//1254 1279//1279
f 1253//1253 1210//1210 1238//1238
f 1155//1155 1273//1273 1203//1203
f 1231//1231 1256//1256 1224//1224
f 1217//1217 1163//1163 1193//1193
f 1229//1229 1245//1245 1318//1318
f 1196//1196 1250//1250 1235//1235
f 1243//1243 1219//1219 1249//1249
f 1192//1192 1310//1310 1134//1134
f 1154//1154 1202//1202 1234//1234
f 1210//1210 1253//1253 1202//1202
f 1203//1203 1319//1319 1225//1225
f 1237//1237 1242//1242 1257//1257
f 1248//1248 1208//1208 1261//1261
f 1264//1264 1128//1128 1207//1207
f 1264//1264 1207//1207 1295//1295
f 1183//1183 915//915 1277//1277
f 1210//1210 1267//1267 1238//1238
f 1251//1251 1220//1220 1227//1227
f 1237//1237 1257//1257 1247//1247
f 1235//1235 1251//1251 1227//1227
f 1223//1223 1283//1283 1195//1195
f 1216//1216 1189//1189 1269//1269
f 1245//1245 1187//1187 1291//1291
f 1189//1189 1251//1251 1269//1269
f 1178//1178 1190//1190 1186//1186
f 1210//1210 1216//1216 1267//1267
f 1253//1253 1238//1238 1276//1276
f 1195//1195 1283//1283 1314//1314
f 1252//1252 1176//1176 1259//1259
f 1230//1230 1291//1291 1187//1187
f 1183//1183 1277//1277 1200//1200
f 1251//1251 1235//1235 1274//1274
f 1216//1216 1269//1269 1267//1267
f 1234//1234 1272//1272 1231//1231
f 1126//1126 1296//1296 1338//1338
f 1245//1245 1275//1275 1318//1318
f 1230//1230 1224//1224 1291//1291
f 1245//1245 1291//1291 1275//1275
f 1163//1163 1248//1248 1265//1265
f 1208//1208 1264//1264 1261//1261
f 1223//1223 1178//1178 1283//1283
f 1260//1260 1259//1259 1176//1176
f 1271//1271 1301//1301 915//915
f 1007//1007 1293//1293 1121//1121
f 1235//1235 1250//1250 1274//1274
f 1276//1276 1238//1238 1307//1307
f 1250//1250 1247//1247 1289//1289
f 1260//1260 1176//1176 1279//1279
f 1224//1224 1256//1256 1291//1291
f 1222//1222 1278//1278 1284//1284
f 1219//1219 1180//1180 1233//1233
f 1102//1102 1268//1268 1123//1123
f 1222//1222 1199//1199 1278//1278
f 1229//1229 1318//1318 1242//1242
f 1199//1199 1263//1263 1278//1278
f 1275//1275 1290//1290 1318//1318
f 1257//1257 1242//1242 1287//1287
f 1231//1231 1272//1272 1256//1256
f 1251//1251 1274//1274 1269//1269
f 1211//1211 1193//1193 1303//1303
f 1281//1281 1305//1305 1253//1253
f 1221//1221 1280//1280 1107//1107
f 1207//1207 1243//1243 1249//1249
f 1163//1163 1303//1303 1193//1193
f 1258//1258 1294//1294 1182//1182
f 1234//1234 1202//1202 1272//1272
f 1202//1202 1253//1253 1272//1272
f 1151//1151 1286//1286 1268//1268
f 1163//1163 1265//1265 1303//1303
f 1272//1272 1291//1291 1256//1256
f 1242//1242 1292//1292 1287//1287
f 1253//1253 1276//1276 1297//1297
f 1247//1247 1257//1257 1289//1289
f 1151//1151 1363//1363 1286//1286
f 1250//1250 1315//1315 1274//1274
f 1253//1253 1297//1297 1281//1281
f 1238//1238 1267//1267 1307//1307
f 1221//1221 1266//1266 1280//1280
f 1242//1242 1300//1300 1292//1292
f 1236//1236 1299//1299 1246//1246
f 1270//1270 1241//1241 1201//1201
f 1272//1272 1304//1304 1291//1291
f 1258//1258 1211//1211 1303//1303
f 1151//1151 1228//1228 1363//1363
f 1222//1222 1284//1284 1236//1236
f 1242//1242 1318//1318 1300//1300
f 1273//1273 1155//1155 1246//1246
f 1248//1248 1261//1261 1265//1265
f 1253//1253 1312//1312 1272//1272
f 1289//1289 1315//1315 1250//1250
f 1272//1272 1312//1312 1304//1304
f 1291//1291 1304//1304 1275//1275
f 1232//1232 1321//1321 1270//1270
f 1302//1302 915//915 1301//1301
f 1269//1269 1274//1274 1315//1315
f 1289//1289 1311//1311 1315//1315
f 1265//1265 1261//1261 1322//1322
f 1307//1307 1267//1267 1311//1311
f 1207//1207 1249//1249 1317//1317
f 1258//1258 1303//1303 1294//1294
f 1271//1271 1215//1215 1301//1301
f 1267//1267 1315//1315 1311//1311
f 1232//1232 1288//1288 1326//1326
f 1240//1240 1176//1176 1252//1252
f 1315//1315 1267//1267 1269//1269
f 1253//1253 1305//1305 1312//1312
f 1226//1226 1347//1347 1168//1168
f 1225//1225 1298//1298 1296//1296
f 1225//1225 1319//1319 1298//1298
f 1214//1214 1338//1338 1282//1282
f 1123//1123 1316//1316 1141//1141
f 1303//1303 1330//1330 1294//1294
f 1275//1275 1304//1304 1290//1290
f 1107//1107 1280//1280 1323//1323
f 1212//1212 1306//1306 1158//1158
f 1200//1200 1277//1277 1285//1285
f 1207//1207 1317//1317 1295//1295
f 1280//1280 1266//1266 1323//1323
f 1239//1239 1325//1325 1233//1233
f 1303//1303 1265//1265 1331//1331
f 1288//1288 1214//1214 1342//1342
f 1276//1276 1307//1307 1313//1313
f 1219//1219 1309//1309 1249//1249
f 1123//1123 1268//1268 1316//1316
f 1203//1203 1273//1273 1319//1319
f 1264//1264 1295//1295 1356//1356
f 1236//1236 1284//1284 1320//1320
f 1289//1289 1257//1257 1311//1311
f 1263//1263 1314//1314 1278//1278
f 1219//1219 1233//1233 1309//1309
f 1178//1178 1328//1328 1283//1283
f 1261//1261 1264//1264 1322//1322
f 1324//1324 1305//1305 1281//1281
f 1307//1307 1311//1311 1313//1313
f 1064//1064 1158//1158 1360//1360
f 1241//1241 1270//1270 1339//1339
f 1264//1264 1356//1356 1322//1322
f 1257//1257 1287//1287 1334//1334
f 1324//1324 1287//1287 1292//1292
f 1318//1318 1290//1290 1312//1312
f 1314//1314 1333//1333 1278//1278
f 1313//1313 1297//1297 1276//1276
f 1324//1324 1300//1300 1305//1305
f 1304//1304 1312//1312 1290//1290
f 1281//1281 1297//1297 1324//1324
f 1283//1283 1333//1333 1314//1314
f 1064//1064 1360//1360 1308//1308
f 1214//1214 1282//1282 1342//1342
f 1324//1324 1292//1292 1300//1300
f 1342//1342 1329//1329 1288//1288
f 1287//1287 1324//1324 1334//1334
f 1178//1178 1186//1186 1332//1332
f 1064//1064 1308//1308 1228//1228
f 1192//1192 1168//1168 1347//1347
f 1278//1278 1333//1333 1284//1284
f 1303//1303 1337//1337 1330//1330
f 1311//1311 1257//1257 1313//1313
f 1283//1283 1328//1328 1333//1333
f 1236//1236 1320//1320 1299//1299
f 1294//1294 1348//1348 1266//1266
f 1257//1257 1334//1334 1313//1313
f 1294//1294 1330//1330 1348//1348
f 1240//1240 1325//1325 1239//1239
f 1305//1305 1300//1300 1312//1312
f 1285//1285 1358//1358 1200//1200
f 1212//1212 1262//1262 1306//1306
f 1266//1266 1348//1348 1323//1323
f 1295//1295 1354//1354 1356//1356
f 1312//1312 1300//1300 1318//1318
f 1296//1296 1327//1327 1338//1338
f 1215//1215 1255//1255 1343//1343
f 1121//1121 1293//1293 1226//1226
f 1331//1331 1265//1265 1340//1340
f 1265//1265 1322//1322 1340//1340
f 1345//1345 1353//1353 1328//1328
f 1107//1107 1343//1343 1255//1255
f 1344//1344 1348//1348 1337//1337
f 1240//1240 1252//1252 1349//1349
f 1333//1333 1328//1328 1353//1353
f 1338//1338 1327//1327 1350//1350
f 1240//1240 1349//1349 1352//1352
f 1330//1330 1337//1337 1348//1348
f 1324//1324 1297//1297 1334//1334
f 1313//1313 1334//1334 1297//1297
f 1178//1178 1368//1368 1328//1328
f 1228//1228 1357//1357 1363//1363
f 1303//1303 1331//1331 1337//1337
f 1279//1279 1336//1336 1361//1361
f 1309//1309 1233//1233 1359//1359
f 1284//1284 1333//1333 1353//1353
f 1344//1344 1337//1337 1362//1362
f 1270//1270 1321//1321 1335//1335
f 1107//1107 1366//1366 1343//1343
f 1279//1279 1254//1254 1336//1336
f 1246//1246 1299//1299 1341//1341
f 1254//1254 1241//1241 1355//1355
f 1226//1226 1346//1346 1347//1347
f 1337//1337 1331//1331 1362//1362
f 1241//1241 1339//1339 1355//1355
f 1200//1200 1406//1406 1007//1007
f 915//915 1302//1302 1277//1277
f 1141//1141 1316//1316 1365//1365
f 1279//1279 1361//1361 1260//1260
f 1141//1141 1365//1365 1184//1184
f 1288//1288 1329//1329 1351//1351
f 1228//1228 1308//1308 1357//1357
f 1328//1328 1371//1371 1345//1345
f 1240//1240 1352//1352 1325//1325
f 1344//1344 1362//1362 1372//1372
f 1321//1321 1232//1232 1367//1367
f 1246//1246 1341//1341 1273//1273
f 1345//1345 1364//1364 1353//1353
f 1323//1323 1348//1348 1376//1376
f 1107//1107 1323//1323 1366//1366
f 1286//1286 1413//1413 1268//1268
f 1270//1270 1335//1335 1339//1339
f 1007//1007 1406//1406 1293//1293
f 1344//1344 1372//1372 1387//1387
f 1293//1293 1346//1346 1226//1226
f 1233//1233 1325//1325 1359//1359
f 1340//1340 1322//1322 1380//1380
f 1186//1186 1184//1184 1373//1373
f 1285//1285 1277//1277 1369//1369
f 1322//1322 1356//1356 1380//1380
f 1345//1345 1371//1371 1364//1364
f 1249//1249 1309//1309 1375//1375
f 1215//1215 1374//1374 1301//1301
f 1295//1295 1370//1370 1354//1354
f 1284//1284 1364//1364 1320//1320
f 1317//1317 1370//1370 1295//1295
f 1277//1277 1302//1302 1369//1369
f 1158//1158 1306//1306 1360//1360
f 1344//1344 1387//1387 1348//1348
f 1332//1332 1186//1186 1373//1373
f 1284//1284 1353//1353 1364//1364
f 1317//1317 1249//1249 1377//1377
f 1331//1331 1340//1340 1362//1362
f 1259//1259 1260//1260 1378//1378
f 1338//1338 1350//1350 1282//1282
f 1134//1134 1310//1310 1262//1262
f 1299//1299 1320//1320 1381//1381
f 1323//1323 1376//1376 1366//1366
f 1356//1356 1399//1399 1380//1380
f 1328//1328 1368//1368 1371//1371
f 1232//1232 1326//1326 1367//1367
f 1288//1288 1351//1351 1326//1326
f 1296//1296 1298//1298 1327//1327
f 1192//1192 1347//1347 1310//1310
f 1340//1340 1382//1382 1362//1362
f 1340//1340 1380//1380 1382//1382
f 1317//1317 1377//1377 1370//1370
f 1215//1215 1343//1343 1374//1374
f 1375//1375 1309//1309 1359//1359
f 1362//1362 1382//1382 1372//1372
f 1320//1320 1386//1386 1381//1381
f 1259//1259 1378//1378 1252//1252
f 1380//1380 1383//1383 1382//1382
f 1357//1357 1397//1397 1363//1363
f 1306//1306 1410//1410 1360//1360
f 1354//1354 1399//1399 1356//1356
f 1178//1178 1332//1332 1379//1379
f 1354//1354 1370//1370 1384//1384
f 1249//1249 1375//1375 1377//1377
f 1342//1342 1282//1282 1350//1350
f 1348//1348 1387//1387 1376//1376
f 1299//1299 1381//1381 1396//1396
f 1382//1382 1383//1383 1372//1372
f 1320//1320 1364//1364 1386//1386
f 1285//1285 1369//1369 1358//1358
f 1368//1368 1178//1178 1379//1379
f 1385//1385 1252//1252 1378//1378
f 1346//1346 1293//1293 1395//1395
f 1359//1359 1325//1325 1392//1392
f 1364//1364 1388//1388 1386//1386
f 1371//1371 1368//1368 1388//1388
f 1341//1341 1299//1299 1396//1396
f 1372//1372 1383//1383 1389//1389
f 1372//1372 1389//1389 1387//1387
f 1364//1364 1371//1371 1388//1388
f 1376//1376 1387//1387 1389//1389
f 1319//1319 1273//1273 1393//1393
f 1319//1319 1390//1390 1298//1298
f 1368//1368 1379//1379 1388//1388
f 1301//1301 1394//1394 1302//1302
f 1273//1273 1341//1341 1393//1393
f 1366//1366 1376//1376 1389//1389
f 1252//1252 1385//1385 1349//1349
f 1254//1254 1355//1355 1336//1336
f 1361//1361 1401//1401 1260//1260
f 1361//1361 1336//1336 1398//1398
f 1200//1200 1358//1358 1406//1406
f 1389//1389 1400//1400 1366//1366
f 1293//1293 1406//1406 1395//1395
f 1352//1352 1392//1392 1325//1325
f 1373//1373 1184//1184 1365//1365
f 1399//1399 1354//1354 1384//1384
f 1260//1260 1401//1401 1378//1378
f 1352//1352 1349//1349 1392//1392
f 1262//1262 1410//1410 1306//1306
f 1386//1386 1388//1388 1404//1404
f 1335//1335 1408//1408 1339//1339
f 1375//1375 1359//1359 1391//1391
f 1363//1363 1397//1397 1286//1286
f 1319//1319 1403//1403 1390//1390
f 1386//1386 1404//1404 1402//1402
f 1319//1319 1393//1393 1403//1403
f 1389//1389 1383//1383 1405//1405
f 1370//1370 1377//1377 1415//1415
f 1349//1349 1409//1409 1392//1392
f 1301//1301 1374//1374 1394//1394
f 1399//1399 1384//1384 1422//1422
f 1375//1375 1391//1391 1377//1377
f 1343//1343 1366//1366 1438//1438
f 1381//1381 1386//1386 1402//1402
f 1370//1370 1415//1415 1384//1384
f 1389//1389 1405//1405 1400//1400
f 1329//1329 1449//1449 1351//1351
f 1379//1379 1332//1332 1411//1411
f 1388//1388 1379//1379 1407//1407
f 1407//1407 1404//1404 1388//1388
f 1332//1332 1373//1373 1411//1411
f 1346//1346 1437//1437 1347//1347
f 1327//1327 1298//1298 1412//1412
f 1341//1341 1396//1396 1393//1393
f 1342//1342 1420//1420 1329//1329
f 1395//1395 1425//1425 1346//1346
f 1396//1396 1381//1381 1402//1402
f 1391//1391 1359//1359 1392//1392
f 1358//1358 1369//1369 1406//1406
f 1298//1298 1390//1390 1416//1416
f 1327//1327 1412//1412 1350//1350
f 1380//1380 1405//1405 1383//1383
f 1380//1380 1399//1399 1405//1405
f 1308//1308 1360//1360 1357//1357
f 1377//1377 1417//1417 1415//1415
f 1377//1377 1391//1391 1417//1417
f 1400//1400 1419//1419 1366//1366
f 1336//1336 1355//1355 1427//1427
f 1400//1400 1430//1430 1419//1419
f 1286//1286 1436//1436 1413//1413
f 1268//1268 1413//1413 1316//1316
f 1298//1298 1416//1416 1412//1412
f 1355//1355 1339//1339 1418//1418
f 1379//1379 1411//1411 1414//1414
f 1310//1310 1347//1347 1429//1429
f 1310//1310 1429//1429 1262//1262
f 1361//1361 1398//1398 1401//1401
f 1262//1262 1429//1429 1410//1410
f 1393//1393 1396//1396 1428//1428
f 1351//1351 1449//1449 1326//1326
f 1407//1407 1379//1379 1431//1431
f 1399//1399 1424//1424 1405//1405
f 1415//1415 1421//1421 1384//1384
f 1350//1350 1423//1423 1342//1342
f 1399//1399 1422//1422 1441//1441
f 1412//1412 1442//1442 1350//1350
f 1384//1384 1421//1421 1422//1422
f 1390//1390 1435//1435 1416//1416
f 1417//1417 1391//1391 1426//1426
f 1422//1422 1421//1421 1441//1441
f 1399//1399 1441//1441 1424//1424
f 1346//1346 1425//1425 1437//1437
f 1329//1329 1420//1420 1449//1449
f 1405//1405 1430//1430 1400//1400
f 1403//1403 1435//1435 1390//1390
f 1385//1385 1378//1378 1456//1456
f 1407//1407 1431//1431 1404//1404
f 1321//1321 1367//1367 1434//1434
f 1379//1379 1414//1414 1431//1431
f 1342//1342 1423//1423 1420//1420
f 1360//1360 1410//1410 1357//1357
f 1369//1369 1432//1432 1406//1406
f 1316//1316 1413//1413 1433//1433
f 1432//1432 1369//1369 1302//1302
f 1411//1411 1373//1373 1439//1439
f 1429//1429 1347//1347 1437//1437
f 1355//1355 1418//1418 1427//1427
f 1343//1343 1438//1438 1374//1374
f 1398//1398 1336//1336 1445//1445
f 1392//1392 1426//1426 1391//1391
f 1366//1366 1419//1419 1444//1444
f 1393//1393 1428//1428 1403//1403
f 1396//1396 1402//1402 1428//1428
f 1449//1449 1491//1491 1326//1326
f 1378//1378 1440//1440 1456//1456
f 1350//1350 1442//1442 1423//1423
f 1286//1286 1397//1397 1455//1455
f 1426//1426 1468//1468 1417//1417
f 1395//1395 1406//1406 1425//1425
f 1415//1415 1417//1417 1462//1462
f 1426//1426 1392//1392 1448//1448
f 1286//1286 1455//1455 1436//1436
f 1339//1339 1408//1408 1418//1418
f 1408//1408 1335//1335 1446//1446
f 1404//1404 1431//1431 1402//1402
f 1366//1366 1444//1444 1450//1450
f 1397//1397 1357//1357 1455//1455
f 1410//1410 1451//1451 1357//1357
f 1414//1414 1457//1457 1431//1431
f 1421//1421 1415//1415 1443//1443
f 1424//1424 1419//1419 1405//1405
f 1366//1366 1450//1450 1438//1438
f 1403//1403 1428//1428 1459//1459
f 1405//1405 1419//1419 1430//1430
f 1336//1336 1427//1427 1445//1445
f 1365//1365 1453//1453 1373//1373
f 1417//1417 1447//1447 1462//1462
f 1421//1421 1460//1460 1441//1441
f 1424//1424 1441//1441 1419//1419
f 1349//1349 1456//1456 1409//1409
f 1316//1316 1433//1433 1365//1365
f 1414//1414 1411//1411 1452//1452
f 1409//1409 1448//1448 1392//1392
f 1378//1378 1401//1401 1440//1440
f 1419//1419 1441//1441 1454//1454
f 1421//1421 1443//1443 1460//1460
f 1431//1431 1428//1428 1402//1402
f 1302//1302 1394//1394 1469//1469
f 1444//1444 1419//1419 1454//1454
f 1403//1403 1464//1464 1435//1435
f 1326//1326 1491//1491 1367//1367
f 1431//1431 1458//1458 1428//1428
f 1411//1411 1439//1439 1452//1452
f 1374//1374 1497//1497 1394//1394
f 1349//1349 1385//1385 1456//1456
f 1416//1416 1482//1482 1412//1412
f 1432//1432 1302//1302 1473//1473
f 1412//1412 1465//1465 1442//1442
f 1335//1335 1321//1321 1446//1446
f 1437//1437 1461//1461 1429//1429
f 1441//1441 1460//1460 1454//1454
f 1459//1459 1428//1428 1458//1458
f 1373//1373 1453//1453 1439//1439
f 1431//1431 1457//1457 1458//1458
f 1443//1443 1415//1415 1462//1462
f 1367//1367 1491//1491 1434//1434
f 1459//1459 1466//1466 1464//1464
f 1460//1460 1463//1463 1454//1454
f 1449//1449 1420//1420 1467//1467
f 1357//1357 1451//1451 1455//1455
f 1447//1447 1487//1487 1462//1462
f 1459//1459 1458//1458 1466//1466
f 1482//1482 1465//1465 1412//1412
f 1460//1460 1443//1443 1470//1470
f 1429//1429 1461//1461 1410//1410
f 1459//1459 1464//1464 1403//1403
f 1425//1425 1475//1475 1437//1437
f 1417//1417 1468//1468 1447//1447
f 1460//1460 1470//1470 1463//1463
f 1443//1443 1462//1462 1472//1472
f 1321//1321 1434//1434 1446//1446
f 1454//1454 1463//1463 1444//1444
f 1394//1394 1497//1497 1469//1469
f 1374//1374 1438//1438 1497//1497
f 1438//1438 1450//1450 1474//1474
f 1410//1410 1461//1461 1451//1451
f 1457//1457 1477//1477 1458//1458
f 1443//1443 1472//1472 1470//1470
f 1449//1449 1480//1480 1491//1491
f 1464//1464 1478//1478 1435//1435
f 1420//1420 1423//1423 1481//1481
f 1437//1437 1475//1475 1461//1461
f 1416//1416 1435//1435 1482//1482
f 1423//1423 1442//1442 1481//1481
f 1457//1457 1414//1414 1477//1477
f 1445//1445 1427//1427 1476//1476
f 1401//1401 1485//1485 1440//1440
f 1466//1466 1458//1458 1477//1477
f 1432//1432 1489//1489 1406//1406
f 1440//1440 1479//1479 1456//1456
f 1398//1398 1445//1445 1485//1485
f 1462//1462 1487//1487 1472//1472
f 1449//1449 1467//1467 1480//1480
f 1435//1435 1478//1478 1482//1482
f 1456//1456 1511//1511 1409//1409
f 1408//1408 1493//1493 1418//1418
f 1425//1425 1406//1406 1475//1475
f 1420//1420 1481//1481 1484//1484
f 1463//1463 1486//1486 1444//1444
f 1470//1470 1472//1472 1486//1486
f 1463//1463 1470//1470 1486//1486
f 1464//1464 1466//1466 1478//1478
f 1398//1398 1485//1485 1401//1401
f 1475//1475 1496//1496 1461//1461
f 1466//1466 1477//1477 1478//1478
f 1444//1444 1486//1486 1450//1450
f 1408//1408 1446//1446 1493//1493
f 1448//1448 1409//1409 1488//1488
f 1409//1409 1483//1483 1488//1488
f 1432//1432 1473//1473 1489//1489
f 1426//1426 1448//1448 1488//1488
f 1302//1302 1469//1469 1473//1473
f 1406//1406 1489//1489 1471//1471
f 1485//1485 1445//1445 1476//1476
f 1477//1477 1414//1414 1517//1517
f 1468//1468 1426//1426 1490//1490
f 1472//1472 1494//1494 1486//1486
f 1472//1472 1487//1487 1494//1494
f 1442//1442 1465//1465 1481//1481
f 1420//1420 1499//1499 1467//1467
f 1420//1420 1484//1484 1499//1499
f 1479//1479 1440//1440 1492//1492
f 1418//1418 1493//1493 1427//1427
f 1409//1409 1511//1511 1483//1483
f 1461//1461 1496//1496 1451//1451
f 1426//1426 1488//1488 1490//1490
f 1455//1455 1451//1451 1496//1496
f 1511//1511 1456//1456 1498//1498
f 1482//1482 1478//1478 1495//1495
f 1427//1427 1493//1493 1518//1518
f 1413//1413 1436//1436 1433//1433
f 1439//1439 1453//1453 1533//1533
f 1440//1440 1485//1485 1492//1492
f 1491//1491 1513//1513 1434//1434
f 1517//1517 1478//1478 1477//1477
f 1486//1486 1494//1494 1501//1501
f 1486//1486 1501//1501 1450//1450
f 1414//1414 1452//1452 1517//1517
f 1452//1452 1526//1526 1517//1517
f 1475//1475 1406//1406 1496//1496
f 1455//1455 1523//1523 1436//1436
f 1446//1446 1504//1504 1534//1534
f 1465//1465 1482//1482 1507//1507
f 1439//1439 1526//1526 1452//1452
f 1478//1478 1517//1517 1500//1500
f 1476//1476 1427//1427 1518//1518
f 1487//1487 1508//1508 1494//1494
f 1494//1494 1502//1502 1501//1501
f 1478//1478 1500//1500 1495//1495
f 1446//1446 1434//1434 1504//1504
f 1497//1497 1438//1438 1474//1474
f 1469//1469 1497//1497 1473//1473
f 1447//1447 1468//1468 1508//1508
f 1433//1433 1436//1436 1510//1510
f 1489//1489 1506//1506 1471//1471
f 1498//1498 1456//1456 1479//1479
f 1365//1365 1503//1503 1453//1453
f 1465//1465 1507//1507 1481//1481
f 1447//1447 1508//1508 1487//1487
f 1484//1484 1481//1481 1505//1505
f 1489//1489 1473//1473 1506//1506
f 1468//1468 1490//1490 1508//1508
f 1439//1439 1533//1533 1526//1526
f 1450//1450 1512//1512 1474//1474
f 1455//1455 1496//1496 1523//1523
f 1406//1406 1523//1523 1496//1496
f 1499//1499 1538//1538 1467//1467
f 1482//1482 1495//1495 1507//1507
f 1433//1433 1510//1510 1515//1515
f 1467//1467 1538//1538 1480//1480
f 1501//1501 1509//1509 1450//1450
f 1433//1433 1515//1515 1365//1365
f 1471//1471 1523//1523 1406//1406
f 1480//1480 1522//1522 1491//1491
f 1479//1479 1492//1492 1498//1498
f 1481//1481 1507//1507 1505//1505
f 1495//1495 1500//1500 1520//1520
f 1517//1517 1521//1521 1500//1500
f 1511//1511 1519//1519 1483//1483
f 1446//1446 1534//1534 1516//1516
f 1511//1511 1514//1514 1519//1519
f 1500//1500 1521//1521 1520//1520
f 1446//1446 1516//1516 1493//1493
f 1490//1490 1488//1488 1524//1524
f 1490//1490 1524//1524 1508//1508
f 1484//1484 1505//1505 1530//1530
f 1494//1494 1508//1508 1531//1531
f 1483//1483 1519//1519 1488//1488
f 1434//1434 1513//1513 1504//1504
f 1524//1524 1488//1488 1519//1519
f 1494//1494 1531//1531 1502//1502
f 1518//1518 1525//1525 1476//1476
f 1512//1512 1450//1450 1529//1529
f 1365//1365 1515//1515 1503//1503
f 1501//1501 1502//1502 1531//1531
f 1501//1501 1531//1531 1509//1509
f 1513//1513 1491//1491 1522//1522
f 1517//1517 1526//1526 1553//1553
f 1471//1471 1532//1532 1523//1523
f 1497//1497 1535//1535 1473//1473
f 1538//1538 1537//1537 1480//1480
f 1507//1507 1495//1495 1520//1520
f 1509//1509 1529//1529 1450//1450
f 1498//1498 1492//1492 1536//1536
f 1471//1471 1506//1506 1532//1532
f 1476//1476 1525//1525 1485//1485
f 1518//1518 1493//1493 1528//1528
f 1497//1497 1474//1474 1527//1527
f 1506//1506 1543//1543 1532//1532
f 1511//1511 1498//1498 1552//1552
f 1524//1524 1531//1531 1508//1508
f 1484//1484 1539//1539 1499//1499
f 1507//1507 1520//1520 1505//1505
f 1525//1525 1518//1518 1545//1545
f 1538//1538 1499//1499 1544//1544
f 1524//1524 1519//1519 1531//1531
f 1511//1511 1552//1552 1514//1514
f 1528//1528 1493//1493 1558//1558
f 1484//1484 1530//1530 1539//1539
f 1480//1480 1537//1537 1522//1522
f 1540//1540 1539//1539 1530//1530
f 1517//1517 1550//1550 1521//1521
f 1520//1520 1521//1521 1540//1540
f 1505//1505 1520//1520 1540//1540
f 1485//1485 1559//1559 1492//1492
f 1497//1497 1527//1527 1535//1535
f 1506//1506 1473//1473 1543//1543
f 1541//1541 1519//1519 1514//1514
f 1453//1453 1503//1503 1533//1533
f 1536//1536 1547//1547 1498//1498
f 1530//1530 1505//1505 1540//1540
f 1542//1542 1541//1541 1551//1551
f 1493//1493 1516//1516 1558//1558
f 1541//1541 1514//1514 1551//1551
f 1531//1531 1519//1519 1541//1541
f 1518//1518 1528//1528 1556//1556
f 1513//1513 1546//1546 1504//1504
f 1526//1526 1533//1533 1553//1553
f 1499//1499 1539//1539 1544//1544
f 1552//1552 1498//1498 1547//1547
f 1548//1548 1539//1539 1540//1540
f 1531//1531 1541//1541 1542//1542
f 1504//1504 1546//1546 1534//1534
f 1543//1543 1555//1555 1532//1532
f 1550//1550 1517//1517 1554//1554
f 1540//1540 1521//1521 1548//1548
f 1531//1531 1542//1542 1509//1509
f 1514//1514 1552//1552 1551//1551
f 1492//1492 1559//1559 1536//1536
f 1521//1521 1550//1550 1548//1548
f 1518//1518 1556//1556 1545//1545
f 1513//1513 1549//1549 1546//1546
f 1525//1525 1545//1545 1557//1557
f 1543//1543 1473//1473 1592//1592
f 1548//1548 1550//1550 1561//1561
f 1485//1485 1570//1570 1559//1559
f 1485//1485 1525//1525 1570//1570
f 1553//1553 1533//1533 1575//1575
f 1550//1550 1554//1554 1565//1565
f 1548//1548 1561//1561 1539//1539
f 1543//1543 1592//1592 1555//1555
f 1509//1509 1542//1542 1529//1529
f 1539//1539 1561//1561 1544//1544
f 1436//1436 1523//1523 1510//1510
f 1550//1550 1565//1565 1561//1561
f 1547//1547 1536//1536 1564//1564
f 1510//1510 1523//1523 1562//1562
f 1547//1547 1564//1564 1552//1552
f 1517//1517 1553//1553 1554//1554
f 1525//1525 1557//1557 1570//1570
f 1510//1510 1562//1562 1515//1515
f 1552//1552 1564//1564 1551//1551
f 1542//1542 1560//1560 1529//1529
f 1474//1474 1512//1512 1527//1527
f 1542//1542 1551//1551 1560//1560
f 1513//1513 1522//1522 1549//1549
f 1538//1538 1544//1544 1565//1565
f 1546//1546 1567//1567 1534//1534
f 1529//1529 1560//1560 1563//1563
f 1544//1544 1561//1561 1565//1565
f 1560//1560 1564//1564 1566//1566
f 1538//1538 1565//1565 1537//1537
f 1529//1529 1563//1563 1512//1512
f 1551//1551 1564//1564 1560//1560
f 1555//1555 1562//1562 1532//1532
f 1534//1534 1567//1567 1516//1516
f 1566//1566 1564//1564 1568//1568
f 1532//1532 1562//1562 1523//1523
f 1564//1564 1536//1536 1568//1568
f 1533//1533 1503//1503 1575//1575
f 1536//1536 1559//1559 1568//1568
f 1546//1546 1549//1549 1569//1569
f 1554//1554 1585//1585 1565//1565
f 1565//1565 1574//1574 1537//1537
f 1549//1549 1579//1579 1569//1569
f 1555//1555 1592//1592 1562//1562
f 1554//1554 1553//1553 1575//1575
f 1545//1545 1572//1572 1557//1557
f 1522//1522 1579//1579 1549//1549
f 1558//1558 1516//1516 1571//1571
f 1545//1545 1556//1556 1577//1577
f 1560//1560 1566//1566 1581//1581
f 1560//1560 1581//1581 1563//1563
f 1516//1516 1567//1567 1571//1571
f 1545//1545 1577//1577 1572//1572
f 1537//1537 1573//1573 1522//1522
f 1566//1566 1568//1568 1583//1583
f 1559//1559 1570//1570 1568//1568
f 1563//1563 1584//1584 1512//1512
f 1565//1565 1585//1585 1574//1574
f 1528//1528 1558//1558 1556//1556
f 1562//1562 1592//1592 1515//1515
f 1573//1573 1579//1579 1522//1522
f 1576//1576 1579//1579 1582//1582
f 1566//1566 1583//1583 1581//1581
f 1512//1512 1584//1584 1527//1527
f 1558//1558 1578//1578 1556//1556
f 1577//1577 1580//1580 1572//1572
f 1578//1578 1558//1558 1598//1598
f 1581//1581 1586//1586 1563//1563
f 1537//1537 1574//1574 1573//1573
f 1576//1576 1569//1569 1579//1579
f 1572//1572 1580//1580 1557//1557
f 1570//1570 1557//1557 1580//1580
f 1570//1570 1580//1580 1581//1581
f 1535//1535 1592//1592 1473//1473
f 1570//1570 1581//1581 1583//1583
f 1554//1554 1588//1588 1585//1585
f 1577//1577 1587//1587 1580//1580
f 1586//1586 1581//1581 1591//1591
f 1576//1576 1582//1582 1595//1595
f 1554//1554 1575//1575 1590//1590
f 1569//1569 1576//1576 1546//1546
f 1587//1587 1591//1591 1580//1580
f 1573//1573 1585//1585 1579//1579
f 1546//1546 1576//1576 1595//1595
f 1570//1570 1583//1583 1568//1568
f 1580//1580 1591//1591 1581//1581
f 1503//1503 1515//1515 1589//1589
f 1546//1546 1595//1595 1567//1567
f 1554//1554 1590//1590 1588//1588
f 1585//1585 1582//1582 1579//1579
f 1573//1573 1574//1574 1585//1585
f 1527//1527 1593//1593 1535//1535
f 1558//1558 1571//1571 1598//1598
f 1577//1577 1600//1600 1587//1587
f 1585//1585 1588//1588 1582//1582
f 1567//1567 1595//1595 1571//1571
f 1587//1587 1600//1600 1591//1591
f 1577//1577 1556//1556 1600//1600
f 1588//1588 1594//1594 1595//1595
f 1586//1586 1597//1597 1563//1563
f 1571//1571 1595//1595 1594//1594
f 1586//1586 1596//1596 1597//1597
f 1515//1515 1592//1592 1589//1589
f 1535//1535 1593//1593 1592//1592
f 1578//1578 1596//1596 1556//1556
f 1578//1578 1598//1598 1596//1596
f 1596//1596 1599//1599 1597//1597
f 1594//1594 1588//1588 1597//1597
f 1594//1594 1597//1597 1599//1599
f 1586//1586 1591//1591 1600//1600
f 1588//1588 1595//1595 1582//1582
f 1588//1588 1590//1590 1597//1597
f 1503//1503 1589//1589 1575//1575
f 1575//1575 1589//1589 1590//1590
f 1556//1556 1596//1596 1600//1600
f 1527//1527 1584//1584 1593//1593
f 1571//1571 1594//1594 1598//1598
f 1586//1586 1600//1600 1596//1596
f 1596//1596 1598//1598 1599//1599
f 1563//1563 1597//1597 1584//1584
f 1598//1598 1594//1594 1599//1599
f 1584//1584 1597//1597 1593//1593
f 1597//1597 1590//1590 1593//1593
f 1590//1590 1589//1589 1593//1593
f 1592//1592 1593//1593 1589//1589
