# Blender 5.2.0 LTS
# www.blender.org
mtllib urn_kalyx.mtl
o urn_kalyx
v -0.696457 0.862221 0.049858
v -0.698057 0.859495 -0.052874
v -0.685870 0.903652 0.034993
v -0.677259 0.918045 -0.026565
v -0.657934 0.911707 -0.047653
v -0.691775 0.859189 0.092876
v -0.670687 0.917105 0.064701
v -0.671321 0.896431 -0.082854
v -0.693879 0.862264 -0.101036
v -0.671597 0.898372 0.080499
v -0.662198 0.921449 0.141932
v -0.675150 0.860028 0.181368
v -0.675655 0.860285 -0.181921
v -0.640207 0.841425 0.075033
v -0.656285 0.925548 -0.113973
v -0.643079 0.941701 -0.057022
v -0.638934 0.846886 -0.155661
v -0.656322 0.847046 -0.097477
v -0.655618 0.888248 -0.211605
v -0.634501 0.845872 0.155340
v -0.661484 0.860163 -0.229071
v -0.661089 0.859952 0.226058
v -0.642218 0.923193 0.087500
v -0.630311 0.919370 -0.169051
v -0.647757 0.922258 0.036026
v -0.618340 0.942048 -0.184180
v -0.645040 0.918873 -0.085983
v -0.629112 0.921541 0.171903
v -0.633191 0.843932 0.089057
v -0.620149 0.846123 0.213549
v -0.622109 0.846134 -0.217114
v -0.627248 0.912677 0.208988
v -0.638149 0.946682 0.095228
v -0.645752 0.919914 0.195440
v -0.624389 0.858518 0.310837
v -0.623273 0.860621 -0.311674
v -0.636993 0.842984 -0.077144
v -0.619913 0.830391 0.121410
v -0.619013 0.805610 -0.001189
v -0.622004 0.927544 -0.260533
v -0.617521 0.919659 0.275584
v -0.613742 0.920657 -0.212181
v -0.622870 0.820668 -0.124362
v -0.595618 0.821085 -0.151735
v -0.588600 0.851093 -0.252917
v -0.598921 0.788811 0.022255
v -0.585822 0.787446 0.130244
v -0.607081 0.862409 -0.344716
v -0.614980 0.802458 -0.051244
v -0.598624 0.786575 -0.022171
v -0.583152 0.847225 0.265776
v -0.581830 0.782873 -0.128130
v -0.600312 0.861901 0.355865
v -0.575329 0.937563 -0.303347
v -0.594065 0.918290 0.317314
v -0.586203 0.925999 -0.274592
v -0.609542 0.888555 0.307538
v -0.595962 0.931502 0.256297
v -0.581599 0.784765 0.161413
v -0.568152 0.847077 -0.340721
v -0.596741 0.803497 -0.154032
v -0.604292 0.831573 0.196737
v -0.592729 0.828358 -0.248569
v -0.565301 0.848198 0.334798
v -0.569678 0.802236 -0.085420
v -0.568447 0.801353 0.089793
v -0.598784 0.883697 -0.340118
v -0.596192 0.888594 0.335392
v -0.544557 0.944019 0.111055
v -0.545771 0.944937 -0.104364
v -0.571237 0.822269 0.280617
v -0.572585 0.783368 -0.170088
v -0.580931 0.801339 0.204617
v -0.550620 0.828462 -0.291044
v -0.552536 0.847929 0.387172
v -0.563941 0.916390 0.327316
v -0.535436 0.802002 -0.305120
v -0.541597 0.933620 -0.367773
v -0.568378 0.942580 0.303656
v -0.539962 0.682403 0.012029
v -0.541737 0.863268 -0.445143
v -0.543068 0.933990 0.368724
v -0.563438 0.916392 -0.329035
v -0.542633 0.725034 -0.022989
v -0.542268 0.885455 -0.422176
v -0.547371 0.696437 -0.014044
v -0.518330 0.679121 0.020452
v -0.525345 0.788213 -0.266438
v -0.552186 0.860764 0.427747
v -0.539030 0.795432 0.196888
v -0.525833 0.692402 0.150083
v -0.524135 0.714716 0.110194
v -0.552010 0.803131 -0.199652
v -0.526870 0.847382 -0.395566
v -0.531006 0.833800 -0.335619
v -0.532260 0.788403 0.271504
v -0.530998 0.686941 -0.123486
v -0.513842 0.695959 -0.109016
v -0.533804 0.822714 0.301391
v -0.509459 0.702033 -0.156754
v -0.498874 0.942025 0.412076
v -0.511265 0.704629 0.156346
v -0.542748 0.870925 0.443876
v -0.505528 0.943186 -0.226913
v -0.500050 0.636994 -0.025322
v -0.460425 0.943709 0.322311
v -0.505868 0.743696 -0.270447
v -0.515171 0.844853 0.382932
v -0.519366 0.920273 -0.427383
v -0.520020 0.916925 0.394008
v -0.535116 0.797695 0.300313
v -0.505647 0.777750 0.308081
v -0.490461 0.717779 -0.195505
v -0.522027 0.858331 0.462630
v -0.522449 0.857044 -0.462237
v -0.500236 0.838959 0.407274
v -0.485895 0.501010 0.011919
v -0.509314 0.790845 -0.324111
v -0.516197 0.917032 -0.393936
v -0.503124 0.943046 -0.406087
v -0.494716 0.721360 0.262554
v -0.507645 0.799656 0.341860
v -0.509846 0.899310 -0.463720
v -0.478790 0.927416 -0.435797
v -0.436855 0.572451 0.009822
v -0.496255 0.839405 -0.407566
v -0.460317 0.858588 -0.525636
v -0.494246 0.536490 -0.012453
v -0.514590 0.640823 0.119046
v -0.515971 0.828719 -0.384678
v -0.471313 0.915219 0.492181
v -0.504565 0.231661 -0.036560
v -0.486858 0.258239 0.156470
v -0.497264 0.270754 -0.048307
v -0.461362 0.857586 0.461788
v -0.486178 0.582543 -0.136553
v -0.496663 0.915611 0.431016
v -0.477135 0.231261 0.158326
v -0.451253 0.789743 0.405967
v -0.456395 0.658874 -0.232721
v -0.485411 0.627937 0.098010
v -0.475857 0.479094 0.107820
v -0.462984 0.858833 -0.462086
v -0.462291 0.484580 -0.133174
v -0.467619 0.482084 -0.019868
v -0.457585 0.498403 -0.093016
v -0.460526 0.858823 0.523708
v -0.483084 0.105596 -0.000954
v -0.488234 0.217708 0.000961
v -0.465528 0.931807 0.450569
v -0.462559 0.593586 0.147385
v -0.480760 0.128174 0.010220
v -0.452910 0.794810 0.344801
v -0.488672 0.294314 -0.002032
v -0.459878 0.258990 -0.220314
v -0.476860 0.226169 0.085902
v -0.470917 0.139943 -0.058604
v -0.473607 0.142292 0.056351
v -0.441797 0.800014 0.434385
v -0.466454 0.094144 -0.010058
v -0.462710 0.942979 -0.313282
v -0.428831 0.791986 -0.441273
v -0.413849 0.837091 0.489998
v -0.466194 0.078162 -0.023026
v -0.448349 0.649957 0.270570
v -0.464740 0.507103 0.132451
v -0.469428 0.276390 -0.133861
v -0.469315 0.225661 -0.131049
v -0.458979 0.675567 -0.276025
v -0.452391 0.275645 0.184890
v -0.431196 0.919645 -0.496703
v -0.467180 0.295374 0.119335
v -0.454338 0.604356 -0.240324
v -0.475900 0.707330 0.241507
v -0.419035 0.600957 -0.157680
v -0.464388 0.322716 -0.014534
v -0.463973 0.324883 0.013551
v -0.465790 0.136889 0.089116
v -0.426595 0.639426 0.265725
v -0.469906 0.137997 -0.080636
v -0.440566 0.052110 0.012269
v -0.487531 0.800234 -0.329805
v -0.477089 0.496383 -0.108894
v -0.464429 0.491450 0.023877
v -0.420564 0.722554 -0.323208
v -0.431450 0.229408 -0.258229
v -0.463250 0.316434 0.101528
v -0.469122 0.295810 -0.111970
v -0.447106 0.515659 -0.139106
v -0.413368 0.578102 0.163365
v -0.462950 0.319707 -0.103501
v -0.435528 0.822368 0.433603
v -0.448909 0.097694 -0.092438
v -0.451373 0.793029 -0.407233
v -0.436916 0.787665 -0.390794
v -0.432069 0.908533 0.503639
v -0.427918 0.211714 0.236375
v -0.443065 0.333441 0.091107
v -0.452976 0.321150 0.130196
v -0.452624 0.320624 -0.130487
v -0.440879 0.063147 -0.051861
v -0.425824 0.222498 0.230167
v -0.444335 0.329532 -0.090818
v -0.431974 0.294524 0.224509
v -0.456105 0.616664 0.241094
v -0.435517 0.078511 0.088051
v -0.440740 0.294266 -0.209185
v -0.423538 0.529335 0.214032
v -0.443505 0.683760 -0.275988
v -0.442643 0.133812 0.171553
v -0.438193 0.800338 0.247256
v -0.450628 0.134635 -0.147046
v -0.404848 0.022535 -0.015626
v -0.437294 0.087443 0.133722
v -0.436257 0.821110 -0.433065
v -0.434209 0.072101 -0.143952
v -0.420984 0.276103 -0.243622
v -0.384075 0.260675 0.333887
v -0.432064 0.913905 0.522517
v -0.407614 0.939957 -0.500543
v -0.404637 0.300071 0.248521
v -0.431197 0.335183 0.130774
v -0.408936 0.297365 -0.245788
v -0.435867 0.065955 -0.102163
v -0.418589 0.317317 0.219116
v -0.440487 0.138682 -0.178329
v -0.431182 0.033244 -0.037746
v -0.435558 0.060884 0.105415
v -0.440538 0.057696 0.045937
v -0.425791 0.458913 0.225121
v -0.422959 0.771531 0.381507
v -0.398635 0.043242 -0.182462
v -0.425359 0.557961 -0.256543
v -0.425939 0.861564 0.552679
v -0.432926 0.198000 -0.238100
v -0.434330 0.330155 -0.132510
v -0.426235 0.154927 0.234927
v -0.381845 0.677897 -0.349721
v -0.417329 0.903423 -0.532723
v -0.392538 0.847921 -0.534807
v -0.416428 0.476774 -0.211834
v -0.415980 0.067094 0.169741
v -0.425130 0.449288 -0.225879
v -0.426199 0.094299 0.204601
v -0.419087 0.823353 0.485405
v -0.413719 0.058019 0.144588
v -0.404037 0.721907 0.386125
v -0.423638 0.111939 -0.233098
v -0.411931 0.835328 -0.493974
v -0.398341 0.029202 -0.164389
v -0.400962 0.765117 -0.427262
v -0.407896 0.330181 0.206221
v -0.410917 0.084824 -0.213061
v -0.422518 0.221513 -0.234822
v -0.416324 0.126077 -0.241632
v -0.407210 0.032462 -0.094261
v -0.364662 0.260187 -0.355863
v -0.406681 0.437093 -0.246088
v -0.411889 0.325749 -0.210901
v -0.396461 0.285974 -0.101123
v -0.429436 0.862767 -0.551891
v -0.385461 0.006782 0.014220
v -0.384001 0.141287 -0.280291
v -0.357249 0.228164 0.355062
v -0.383807 0.134487 0.280736
v -0.407859 0.057913 -0.155172
v -0.399244 0.513211 -0.251637
v -0.386573 0.926931 0.518961
v -0.382353 0.657555 -0.362385
v -0.379220 0.053743 0.241416
v -0.409027 0.933905 0.502786
v -0.406847 0.277476 0.048676
v -0.373395 0.293637 -0.314544
v -0.408278 0.457920 0.246103
v -0.389778 0.846089 0.520619
v -0.370717 0.615375 0.351832
v -0.356998 -0.009039 -0.027939
v -0.400477 0.055216 0.219444
v -0.402171 0.026695 0.090341
v -0.366043 0.671179 0.386336
v -0.374722 0.224513 0.307312
v -0.406132 -0.951528 -0.029259
v -0.405929 -0.798291 -0.406131
v -0.406139 -0.799178 0.151241
v -0.405494 -0.798638 0.405357
v -0.405419 -0.950835 0.405631
v -0.405009 -0.950809 -0.406625
v -0.396881 0.086421 -0.230056
v -0.398925 0.053775 0.162308
v -0.375590 0.930428 -0.531271
v -0.348373 0.223379 -0.339594
v -0.392475 0.462611 0.247456
v -0.378514 0.275984 0.305804
v -0.373906 0.649386 0.341545
v -0.345163 0.847407 0.569220
v -0.363543 0.803165 0.498652
v -0.337872 0.316283 0.335069
v -0.384304 0.797242 -0.443995
v -0.378555 0.033519 0.191658
v -0.361501 0.275424 -0.327435
v -0.359188 0.328485 -0.206472
v -0.353856 0.895231 0.594384
v -0.380142 0.029068 -0.207506
v -0.388330 0.330636 -0.245181
v -0.360340 0.132908 0.030082
v -0.384289 0.329953 0.244438
v -0.349213 0.861230 -0.602473
v -0.398049 0.029686 0.163034
v -0.352205 -0.002380 -0.166052
v -0.386462 0.944511 -0.404493
v -0.368374 0.139666 -0.299097
v -0.331819 -0.781239 -0.331616
v -0.362516 0.017844 -0.182667
v -0.356449 0.001084 0.169437
v -0.319277 0.626351 -0.313587
v -0.402331 0.784641 0.440139
v -0.373818 0.011852 -0.090804
v -0.360173 0.651175 -0.380173
v -0.384473 0.008217 0.072507
v -0.327583 0.846516 -0.570027
v -0.343573 0.314039 0.229034
v -0.371556 0.055136 -0.246504
v -0.387349 -0.004127 -0.073345
v -0.361904 0.065247 0.259968
v -0.357792 0.718381 -0.397483
v -0.386283 -0.003905 0.074133
v -0.354137 0.893506 -0.595232
v -0.346810 0.301122 -0.328552
v -0.342786 0.468767 0.313254
v -0.363662 0.138239 0.301568
v -0.352340 0.800976 0.462776
v -0.344547 0.485314 -0.315204
v -0.337683 0.007010 -0.204421
v -0.309024 0.130887 0.182410
v -0.339659 0.328374 -0.307828
v -0.343691 0.866152 0.604936
v -0.339429 0.830626 -0.532750
v -0.333032 -0.026028 0.093614
v -0.333610 -0.030999 -0.014655
v -0.347120 0.944027 0.544229
v -0.365944 -0.001366 0.123541
v -0.342138 0.831551 0.531579
v -0.316898 0.647121 0.321713
v -0.382519 0.059960 0.222818
v -0.332584 0.920638 0.559107
v -0.290556 0.943051 0.476162
v -0.317075 0.787987 -0.506471
v -0.297692 0.943393 -0.574153
v -0.338332 -0.024926 -0.089338
v -0.344453 0.449985 0.327086
v -0.329263 0.920195 -0.562823
v -0.331956 -0.781180 0.329840
v -0.323298 -0.007652 0.195725
v -0.348716 0.090923 -0.300684
v -0.344298 0.079343 0.294031
v -0.352156 0.062631 -0.259911
v -0.335471 -0.019807 0.137175
v -0.322213 0.720377 0.420085
v -0.353687 0.691606 0.385919
v -0.338239 0.326689 0.305331
v -0.343898 0.058635 0.268244
v -0.350439 0.294665 0.334760
v -0.270553 0.230156 -0.423748
v -0.318719 0.789559 0.501986
v -0.336468 0.520471 -0.353998
v -0.349278 0.051659 -0.271622
v -0.347286 0.022309 0.245096
v -0.299135 0.224155 0.379745
v -0.334998 0.611939 -0.365274
v -0.327663 0.098917 -0.059415
v -0.289719 0.276267 0.392245
v -0.308087 0.859626 -0.626040
v -0.317092 0.060214 0.309923
v -0.329007 0.466305 0.345251
v -0.295850 -0.047110 0.156756
v -0.342750 0.013844 -0.233343
v -0.346826 0.470077 -0.330808
v -0.340699 -0.024610 0.019445
v -0.305849 -0.057186 -0.013492
v -0.310559 0.059869 -0.316903
v -0.297013 -0.035256 -0.110886
v -0.331416 0.071727 -0.286150
v -0.128788 -0.781635 0.331742
v -0.329786 -0.573078 -0.101942
v -0.331311 -0.574314 0.085032
v -0.321383 0.324870 -0.340032
v -0.305938 0.192892 -0.241401
v -0.276535 -0.041591 -0.127054
v -0.334390 -0.019134 -0.136452
v -0.315938 -0.538458 0.065291
v -0.331013 -0.602488 0.329120
v -0.331069 -0.602347 -0.329689
v -0.315760 0.917508 -0.593670
v -0.283428 -0.034500 -0.181934
v -0.276635 -0.035504 -0.161388
v -0.300618 -0.540856 -0.136792
v -0.304005 -0.040464 -0.162645
v -0.285488 0.261895 0.416834
v -0.314619 -0.598265 0.087425
v -0.308810 0.929064 0.581168
v -0.305642 0.858619 0.625817
v -0.268677 -0.040392 0.159799
v -0.252400 0.852656 0.595294
v -0.274775 0.943046 -0.485256
v -0.225763 0.262223 -0.455630
v -0.291378 -0.056826 0.053939
v -0.313897 0.468476 -0.343681
v -0.315536 -0.598202 -0.086558
v -0.289646 -0.055711 -0.055327
v -0.276719 0.681346 0.442104
v -0.270954 0.838652 0.573589
v -0.289841 0.073773 -0.329360
v -0.306619 0.326903 -0.338009
v -0.316249 0.503281 0.345064
v -0.295437 0.021274 -0.281633
v -0.300160 0.795132 -0.529581
v -0.300213 0.792302 0.527542
v -0.283185 0.705465 -0.452968
v -0.278050 -0.566026 0.202248
v -0.300087 0.909222 0.591052
v -0.286939 0.002472 0.257607
v -0.263277 -0.062448 0.000234
v -0.283998 -0.039575 0.104017
v -0.265090 0.037534 0.350050
v -0.301801 0.136053 -0.368341
v -0.310754 0.120910 0.351710
v -0.286733 0.132792 0.383910
v -0.273752 0.294829 -0.398710
v -0.293446 0.075791 0.326746
v -0.236500 -0.001103 0.003513
v -0.251778 0.531209 -0.400227
v -0.261714 0.925250 -0.624486
v -0.304851 0.095904 -0.352281
v -0.222904 0.860841 -0.662646
v -0.233952 0.295944 0.420978
v -0.274617 -0.599115 -0.177841
v -0.306708 0.328656 0.338111
v -0.282838 0.029703 0.278834
v -0.285719 0.033854 -0.283747
v -0.280851 0.824472 0.571579
v -0.246036 0.329703 -0.384866
v -0.278801 0.785156 -0.530397
v -0.295667 0.913407 -0.588583
v -0.280267 0.825661 -0.575188
v -0.264105 -0.052794 -0.103964
v -0.278578 0.682245 0.461600
v -0.250826 0.933819 0.597542
v -0.287686 -0.527732 -0.020072
v -0.281903 0.917345 0.614507
v -0.194094 0.134226 0.305200
v -0.272012 0.055318 0.348534
v -0.280772 -0.018269 0.197705
v -0.250650 -0.025052 -0.233609
v -0.277397 0.136809 0.378242
v -0.299074 -0.000142 -0.246596
v -0.281820 -0.506470 -0.067059
v -0.273665 -0.507113 0.105364
v -0.276109 0.836564 -0.569057
v -0.210865 0.028350 -0.169981
v -0.234962 0.318851 0.413108
v -0.154907 0.610928 -0.422343
v -0.281151 0.694476 -0.466815
v -0.249586 -0.000826 0.294375
v -0.273075 -0.014482 -0.195792
v -0.264236 -0.527597 -0.113421
v -0.268727 0.789753 0.527670
v -0.231355 -0.575433 -0.251820
v -0.251143 0.027172 -0.349745
v -0.198061 0.108898 -0.281395
v -0.257443 -0.527367 0.133954
v -0.245154 0.319926 -0.401950
v -0.227840 -0.068313 -0.061665
v -0.281735 0.276244 -0.397373
v -0.279387 0.134451 -0.381237
v -0.249217 0.496908 0.410663
v -0.251419 0.680190 0.474374
v -0.254134 0.543175 0.403191
v -0.267598 0.069531 -0.367127
v -0.245885 -0.491633 0.057364
v -0.263812 0.604217 -0.436331
v -0.223418 0.860376 0.661364
v -0.262021 0.065598 0.361609
v -0.200821 0.235185 0.461286
v -0.263637 0.059013 -0.350892
v -0.261534 0.795978 -0.525583
v -0.243238 0.330697 0.383210
v -0.212344 0.618220 0.392272
v -0.262580 0.173612 -0.405382
v -0.241843 0.307337 0.330616
v -0.232647 -0.491413 -0.103722
v -0.247570 0.086089 0.397674
v -0.247684 0.650469 -0.468293
v -0.274141 -0.598722 0.177084
v -0.232373 0.222516 0.422933
v -0.236814 -0.506261 -0.170198
v -0.213249 -0.543134 0.255093
v -0.237295 0.062403 -0.383513
v -0.243916 -0.028241 0.233371
v -0.074603 0.946755 0.640272
v -0.238330 0.854693 -0.601802
v -0.222275 -0.065229 0.072147
v -0.252974 0.001453 -0.290635
v -0.256624 0.930497 -0.594984
v -0.260558 -0.004396 0.256736
v -0.214194 0.886537 0.650201
v -0.238176 -0.037593 -0.164748
v -0.260444 -0.008899 -0.257565
v -0.237114 0.202610 0.431771
v -0.240078 0.133177 -0.415279
v -0.201336 -0.069707 0.117239
v -0.216845 0.846198 0.622079
v -0.237142 0.130524 0.420782
v -0.178011 -0.536952 -0.273295
v -0.235926 0.679444 0.463310
v -0.225420 -0.055244 0.142729
v -0.234244 0.673363 -0.461858
v -0.217346 0.846347 -0.625001
v -0.204597 -0.527130 -0.207512
v -0.236833 0.207477 -0.431157
v -0.246697 0.455675 -0.408303
v -0.179558 -0.080862 0.037765
v -0.229928 0.511444 -0.433400
v -0.235005 -0.037362 0.242318
v -0.242008 -0.042240 0.181964
v -0.226969 -0.053943 -0.175749
v -0.186665 -0.598864 0.269216
v -0.150965 0.276732 -0.466454
v -0.189956 -0.599006 -0.266676
v -0.158085 -0.001646 0.174960
v -0.208887 -0.021684 0.292224
v -0.235688 -0.027013 -0.242078
v -0.181812 -0.075929 -0.050752
v -0.196039 0.799220 0.548557
v -0.208329 0.003671 -0.334910
v -0.125304 -0.087497 -0.042907
v -0.214151 -0.066780 -0.126544
v -0.232391 0.135864 -0.424740
v -0.186362 -0.061598 -0.197037
v -0.201771 0.822040 0.604301
v -0.156847 0.224654 0.458591
v -0.209446 0.919982 0.614327
v -0.192109 -0.029080 -0.290001
v -0.212079 0.021067 0.355425
v -0.208444 -0.505078 0.198998
v -0.177502 0.244645 -0.358769
v -0.200087 0.294833 -0.439968
v -0.212277 0.032633 -0.362942
v -0.260694 -0.050814 0.115904
v -0.225976 0.463858 0.425899
v -0.194605 0.835321 -0.602583
v -0.214583 0.043026 0.389955
v -0.178565 -0.078295 -0.010607
v -0.215882 0.092127 0.411904
v -0.233997 0.222374 -0.422535
v -0.197169 -0.047424 -0.247106
v -0.164842 0.710375 0.503266
v -0.165212 0.717805 -0.509134
v -0.187054 0.816734 -0.606018
v -0.120354 0.258350 0.494740
v -0.211860 0.488953 -0.417636
v -0.212211 0.041479 -0.389911
v -0.213749 -0.060690 0.178211
v -0.212762 -0.010593 -0.262350
v -0.164624 -0.527401 0.238274
v -0.213438 0.503852 0.418979
v -0.187016 -0.067722 -0.179796
v -0.092808 0.946788 -0.638795
v -0.197411 0.044656 -0.384008
v -0.220108 0.321528 -0.417972
v -0.114583 -0.574180 -0.324736
v -0.200814 0.073264 -0.414207
v -0.179983 0.790328 -0.565984
v -0.182997 0.860163 -0.674613
v -0.172154 -0.075846 0.170638
v -0.204586 0.328904 -0.408965
v -0.131337 0.276672 0.471586
v -0.204929 0.330552 0.407586
v -0.139994 0.293856 0.468910
v -0.195120 0.923633 0.641737
v -0.210313 0.922365 -0.613433
v -0.147044 0.224759 -0.462283
v -0.196217 0.914639 -0.649308
v -0.191082 0.862063 0.673794
v -0.132016 -0.084704 0.013879
v -0.137683 -0.078937 0.121417
v -0.176748 -0.027991 -0.251272
v -0.077417 0.947013 0.552520
v -0.145971 0.579396 -0.458791
v -0.144402 -0.020254 -0.149435
v -0.192780 -0.018271 0.257742
v -0.131676 -0.374026 0.093094
v -0.146867 0.588945 0.460905
v -0.192033 0.034614 0.378759
v -0.178433 -0.059320 0.214678
v -0.176006 -0.063257 -0.210528
v -0.174782 0.136748 0.439455
v -0.149068 -0.456906 0.153792
v -0.156979 0.847133 0.637168
v -0.167308 0.920484 0.626045
v -0.175661 -0.024381 -0.324697
v -0.131789 0.334572 -0.431961
v -0.133934 -0.076613 0.148462
v -0.191582 -0.007079 0.324398
v -0.154392 0.847787 -0.639116
v -0.177591 -0.406071 -0.043885
v -0.177133 0.133362 -0.440746
v -0.164438 0.062064 -0.410637
v -0.170709 0.064504 0.414175
v -0.156071 -0.073425 -0.091048
v -0.118525 -0.086320 0.053271
v -0.170427 -0.027333 -0.293307
v -0.102906 0.233937 -0.495095
v -0.161032 0.760077 0.557983
v -0.138480 -0.077160 -0.124075
v -0.137568 0.461124 0.439551
v -0.167130 0.921571 -0.627454
v -0.168719 -0.006540 0.340244
v -0.156872 0.822767 0.593179
v -0.128294 -0.062779 0.217425
v -0.166640 -0.002171 -0.353590
v -0.110939 -0.449236 -0.177835
v -0.160534 0.791090 0.587780
v -0.131851 0.929516 -0.659746
v -0.117471 0.833020 -0.623564
v -0.151500 0.137579 0.448469
v -0.177372 -0.160789 -0.031369
v -0.173390 -0.125199 0.021209
v -0.159017 0.755857 -0.556902
v -0.151577 -0.167794 0.091519
v -0.075728 0.286262 -0.404982
v -0.155337 -0.020687 -0.315412
v -0.166863 0.860447 0.678662
v -0.113275 0.293990 -0.475275
v -0.154225 -0.048919 0.290618
v -0.127063 -0.575038 0.315010
v -0.159108 -0.345851 -0.000650
v -0.153336 0.057111 0.407496
v -0.135104 -0.507345 0.258322
v -0.162515 0.031462 0.399938
v -0.164224 0.026366 -0.395029
v -0.131426 0.927920 0.659420
v -0.139610 -0.131063 -0.113194
v -0.135555 -0.058091 -0.225263
v -0.165532 -0.507241 -0.238020
v -0.097898 0.946691 -0.548569
v -0.121721 0.597990 0.425651
v -0.112975 -0.168082 -0.135473
v -0.106363 -0.539623 0.305765
v -0.134208 -0.059030 -0.259637
v -0.151131 -0.177726 0.013334
v -0.130217 0.302815 0.458232
v -0.008623 -0.800316 -0.406713
v -0.136955 -0.185861 -0.044513
v -0.109465 -0.527425 -0.266572
v -0.096674 0.129003 0.460864
v -0.138558 0.125347 -0.448484
v -0.056615 0.229709 0.498182
v -0.134234 0.304924 -0.456476
v -0.147793 0.790880 -0.594252
v -0.105915 0.303365 0.397666
v -0.118669 -0.129629 0.133748
v -0.144312 0.056514 -0.416062
v -0.040241 -0.065496 0.031495
v -0.085403 0.140446 -0.466164
v -0.135202 -0.021186 -0.335567
v -0.122260 -0.077426 -0.131549
v -0.141059 0.592696 -0.488638
v -0.124154 0.691837 -0.532739
v -0.133776 0.518620 0.466086
v -0.088088 -0.083382 0.092680
v -0.123533 0.687373 0.529505
v -0.139042 -0.023939 0.329819
v 0.078516 -0.951185 -0.406627
v -0.128101 -0.180600 0.073773
v -0.148720 -0.101647 -0.004001
v -0.123934 -0.101515 0.081109
v -0.127836 -0.095764 -0.066345
v -0.131909 0.330008 0.432913
v -0.105405 -0.072004 -0.183499
v -0.130606 -0.195181 0.049372
v -0.122672 -0.114244 -0.060780
v -0.125941 0.790069 0.588833
v -0.126065 0.830063 0.619528
v -0.082245 -0.505852 -0.278700
v -0.105599 -0.050778 -0.267120
v -0.132266 0.455303 -0.458404
v -0.117325 -0.115163 0.072519
v -0.071631 0.843424 -0.639593
v -0.121237 0.788110 -0.577918
v -0.134465 0.095116 0.440247
v -0.088203 0.923353 0.640448
v -0.107504 0.000478 -0.371975
v -0.109773 0.505873 -0.478889
v -0.086698 -0.340598 -0.126967
v -0.115626 0.000700 0.368957
v -0.122512 -0.012992 0.321088
v -0.114390 -0.016111 -0.311745
v -0.108962 -0.178168 -0.101907
v -0.103228 0.318101 -0.463658
v -0.112759 0.726660 0.530769
v -0.093822 0.063645 0.438509
v -0.103200 0.695581 -0.509896
v -0.056588 0.861003 -0.697721
v -0.105138 0.317764 0.463291
v -0.108998 0.488252 0.475504
v -0.094963 0.032499 -0.406296
v -0.094772 0.859539 0.690806
v -0.077708 -0.444098 0.185183
v -0.093375 -0.087902 -0.089412
v -0.084720 0.920048 -0.643177
v -0.037425 0.266584 -0.501766
v -0.095305 0.032489 0.407636
v -0.095652 -0.043261 0.284350
v -0.006446 0.127978 -0.358443
v -0.080920 0.799828 0.568125
v 0.144426 -0.800291 0.405827
v -0.084481 0.876474 -0.683954
v -0.066121 -0.184357 -0.130055
v -0.004675 0.130143 0.357443
v 0.011730 -0.490093 -0.255634
v -0.059405 -0.527859 0.280404
v -0.098821 0.628983 0.484965
v -0.095053 -0.025841 0.332004
v -0.096141 -0.044296 -0.288770
v -0.081313 0.898916 0.669794
v -0.080023 -0.102734 -0.125666
v -0.092943 0.512408 -0.459974
v -0.091835 0.451543 0.451078
v -0.065688 -0.085886 -0.112972
v -0.101834 0.065881 -0.433869
v -0.061492 -0.178688 0.137244
v -0.090229 0.329153 0.444131
v -0.090237 0.328641 -0.444156
v -0.087172 -0.064166 -0.222780
v -0.089998 -0.025497 -0.338261
v -0.059304 -0.054278 -0.286808
v -0.043779 -0.088246 0.123463
v -0.073930 0.844473 0.637892
v -0.070045 -0.300889 0.122066
v 0.010938 -0.568042 0.344877
v -0.055301 0.004492 -0.380388
v -0.032192 -0.162867 0.176577
v -0.094085 0.103270 -0.450272
v -0.090717 -0.060347 0.237746
v 0.330406 -0.780597 -0.331430
v -0.060044 -0.113963 0.122806
v -0.036594 -0.099781 0.142984
v -0.054673 0.058651 -0.441061
v -0.061189 -0.114330 -0.121178
v -0.062139 -0.597168 -0.324673
v -0.047651 -0.597253 0.326445
v -0.059352 -0.055687 0.284334
v -0.028458 0.007749 -0.397589
v -0.041709 0.823359 0.637703
v -0.044075 -0.133316 -0.174930
v -0.056103 0.004899 0.378010
v -0.079144 -0.004688 0.381969
v -0.054909 0.062061 0.438296
v 0.007172 0.223337 0.486290
v -0.026144 0.791919 -0.604320
v 0.027327 0.010733 -0.251839
v -0.033559 0.793284 -0.582665
v -0.013066 0.078632 0.457705
v -0.042039 -0.015646 -0.368939
v -0.025436 0.057518 -0.446186
v 0.037138 0.237165 -0.507169
v -0.067185 0.912968 0.676206
v -0.029048 0.792363 0.594507
v -0.040094 0.860211 0.697794
v -0.019094 0.331528 0.454829
v 0.028548 -0.507457 0.290820
v 0.404764 -0.951337 0.405654
v 0.002027 0.588011 0.440048
v -0.064782 0.921367 -0.669593
v -0.055371 -0.071056 -0.197304
v -0.055118 -0.070921 0.193534
v 0.004994 -0.528222 -0.290507
v -0.000926 0.801718 -0.618696
v -0.057623 0.138963 0.471611
v -0.021420 -0.035429 0.337291
v -0.014531 -0.007527 0.364604
v -0.012512 0.108300 -0.475440
v -0.027431 0.029874 0.417980
v -0.055371 0.143255 -0.473226
v 0.004273 -0.182964 0.147993
v -0.001985 0.320195 0.471952
v 0.004151 -0.184585 -0.148436
v -0.051036 0.888546 0.682099
v -0.051293 0.890278 -0.680153
v 0.086879 0.946282 -0.550726
v -0.020814 0.672009 -0.516740
v 0.011564 -0.123998 0.173373
v -0.017955 -0.082170 -0.152426
v -0.020255 0.041272 -0.423441
v -0.002179 -0.543324 -0.331460
v 0.000613 0.000865 0.238281
v -0.039831 0.922722 0.648850
v -0.020626 0.686002 0.521528
v 0.072088 0.589085 -0.438748
v -0.020429 0.488049 -0.469182
v -0.002208 -0.078122 0.173711
v 0.062946 0.840517 -0.640112
v -0.020351 0.510920 0.473338
v -0.022893 0.125357 0.482019
v 0.015934 -0.164259 -0.177241
v 0.007959 -0.283786 -0.141086
v -0.024921 -0.087636 -0.135146
v 0.044143 0.262165 0.503935
v -0.015233 -0.025608 -0.336945
v 0.042410 -0.036599 -0.151600
v 0.020024 0.924736 -0.677294
v 0.064234 0.948126 -0.639707
v 0.022603 0.789805 -0.602865
v 0.034469 -0.396634 0.170730
v 0.087483 0.272662 -0.488027
v 0.025615 -0.398928 -0.173019
v 0.059926 0.943386 0.640662
v -0.014301 0.323748 -0.464390
v -0.032639 0.924936 -0.645965
v -0.016642 -0.024670 0.336920
v -0.000840 -0.304575 0.140954
v 0.001659 -0.051859 -0.289776
v -0.000821 0.802920 0.615356
v -0.013775 0.742801 0.570706
v -0.012639 0.698091 -0.546758
v -0.012640 0.568436 -0.502719
v 0.016869 -0.084701 -0.132235
v -0.000092 -0.053065 0.282533
v -0.012072 0.548479 0.495314
v 0.048779 0.868803 0.692600
v 0.037613 -0.112295 -0.135901
v -0.002064 0.114872 -0.482652
v 0.000952 -0.061532 -0.259809
v -0.000824 0.205961 0.491315
v -0.001536 0.221894 -0.487549
v -0.001619 0.031813 -0.427522
v 0.068636 -0.507959 -0.282647
v 0.000671 0.049116 0.443650
v 0.079537 0.294905 0.475953
v 0.014008 0.324487 -0.462818
v -0.001740 0.112955 0.482808
v 0.115475 -0.487687 0.223876
v 0.004222 -0.076906 -0.200503
v -0.004746 -0.068024 0.252004
v 0.012098 0.638327 0.521196
v 0.014090 -0.030356 0.334412
v 0.012827 0.427607 0.475974
v 0.044190 -0.108419 0.135862
v 0.011642 0.546220 -0.496158
v 0.087556 0.276500 0.478849
v 0.035316 0.920822 0.646700
v 0.084396 -0.527649 0.275380
v 0.082015 -0.141499 0.162638
v 0.015913 -0.024038 -0.339404
v 0.008855 0.106760 -0.472951
v 0.008213 0.108612 0.472796
v 0.009196 -0.060049 0.296148
v 0.016119 0.776267 0.593300
v 0.069006 -0.597247 -0.322600
v 0.075874 0.843686 0.638879
v 0.015087 -0.052069 -0.312723
v 0.015780 -0.001627 0.375351
v 0.021365 -0.085264 0.130559
v 0.020662 0.766845 -0.573231
v 0.012949 0.022616 -0.400084
v 0.045241 0.002663 0.372998
v 0.026835 0.060830 -0.446636
v 0.029384 0.917712 0.675087
v 0.017734 0.328288 0.454530
v 0.019525 0.494321 -0.470563
v 0.105559 0.226044 -0.473696
v 0.032324 0.027884 -0.423309
v 0.020667 0.669984 -0.515974
v 0.038772 0.921894 -0.649343
v 0.020253 0.627253 0.500290
v 0.019032 0.485192 0.468251
v 0.054796 -0.070331 0.197540
v 0.025714 0.788563 0.578952
v 0.059153 -0.055386 0.283693
v 0.064474 -0.137338 -0.169856
v 0.054061 -0.056429 -0.291878
v 0.049286 0.269888 0.404928
v 0.021013 0.074666 0.457069
v 0.054318 0.296372 -0.480530
v 0.089807 0.329774 0.443087
v 0.072780 0.831888 0.639829
v 0.056479 0.139983 -0.472630
v 0.075293 -0.059433 -0.234935
v 0.054501 0.003455 -0.378144
v 0.104130 -0.055639 0.036622
v 0.128348 -0.537446 0.296113
v 0.050350 0.062534 -0.436271
v 0.049882 0.861766 -0.696956
v 0.053136 0.143076 0.472422
v 0.089215 0.336357 -0.440624
v 0.097087 -0.165559 0.143955
v 0.084504 0.805081 0.609976
v 0.101746 0.317481 0.462375
v 0.093239 0.499860 0.456602
v 0.149990 0.946168 0.534509
v 0.082810 -0.085310 0.099141
v 0.071707 -0.287195 0.119319
v 0.151127 0.275835 -0.465770
v 0.094014 -0.061105 0.246319
v 0.039485 0.055600 0.437394
v 0.074128 -0.004322 0.385563
v 0.060175 -0.086083 -0.115856
v 0.103828 -0.180182 0.106018
v 0.080993 0.802483 -0.572420
v 0.096940 0.597448 -0.478387
v 0.089776 -0.062966 -0.232055
v 0.075404 -0.178625 -0.127008
v 0.091511 -0.025938 0.334191
v 0.063869 0.919175 -0.671056
v 0.074545 -0.004270 -0.384514
v 0.165725 -0.525362 -0.239533
v 0.141010 0.233464 0.485789
v 0.101321 0.720727 -0.521275
v 0.329924 -0.602391 0.328924
v 0.170032 0.006010 0.175571
v 0.156886 0.134617 0.324646
v 0.108838 -0.598366 0.307021
v 0.083883 0.138863 0.465255
v 0.101928 0.316722 -0.463942
v 0.405387 -0.951435 -0.031708
v 0.064564 0.876375 0.695674
v 0.099448 0.297914 -0.398986
v 0.091231 0.031980 -0.406469
v 0.088287 0.136778 -0.463429
v 0.142146 -0.054960 -0.273958
v 0.082875 -0.067403 0.204500
v 0.158143 -0.129363 0.081638
v 0.135803 -0.565654 -0.314546
v 0.072376 0.672414 0.498629
v 0.087372 0.078817 0.436356
v 0.128792 -0.168498 -0.115537
v 0.079066 0.913605 -0.656099
v 0.088392 -0.024990 -0.337669
v 0.103838 -0.039231 0.283759
v 0.100828 -0.043653 -0.306035
v 0.085727 0.078209 -0.436683
v 0.122488 -0.183151 -0.080692
v 0.107329 -0.035863 -0.285503
v 0.100770 -0.114392 0.087147
v 0.098608 -0.076319 -0.161409
v 0.091437 0.859378 -0.693196
v 0.104269 -0.072162 0.180927
v 0.107690 -0.101970 0.100142
v 0.092045 0.030149 0.404030
v 0.093559 0.859768 0.691323
v 0.093234 0.846304 -0.645629
v 0.162758 0.925252 0.628995
v 0.162471 0.922220 -0.629102
v 0.165439 0.596921 0.412340
v 0.098996 -0.102381 -0.112650
v 0.084089 0.919237 0.641925
v 0.119332 0.791996 0.582247
v 0.329894 -0.602305 -0.330066
v 0.088007 0.061925 0.442748
v 0.114304 0.000887 0.365947
v 0.081573 0.888731 0.677356
v 0.103671 0.059927 -0.433552
v 0.110015 0.709095 0.520000
v 0.109369 0.002972 -0.368854
v 0.128234 -0.079485 0.131386
v 0.132893 0.927654 0.659028
v 0.115191 -0.383415 -0.112346
v 0.093538 -0.084287 -0.091304
v 0.129088 0.828476 -0.617760
v 0.119286 -0.114404 -0.063886
v 0.097811 0.903109 -0.680689
v 0.157922 -0.127714 -0.082393
v 0.124150 -0.295192 -0.066924
v 0.136036 0.828710 0.609601
v 0.125327 -0.076579 -0.137658
v 0.116360 -0.087144 -0.059093
v 0.115493 -0.067299 0.230025
v 0.123587 -0.345776 0.085063
v 0.132773 -0.060162 -0.223668
v 0.109819 0.510556 0.478298
v 0.186408 0.943025 0.615102
v 0.126868 -0.015112 -0.343385
v 0.119714 -0.013161 0.321817
v 0.123673 0.694299 0.532767
v 0.135420 -0.077271 0.123337
v 0.141973 0.927727 -0.653240
v 0.168085 -0.569594 0.297491
v 0.109648 0.521682 -0.480779
v 0.166123 0.293668 -0.459482
v 0.123670 0.790833 -0.588137
v 0.200227 0.259957 0.465336
v 0.121375 -0.089291 0.051586
v 0.159168 -0.165990 0.069104
v 0.174418 0.128822 -0.310437
v 0.152079 0.796472 0.592154
v 0.166120 -0.506565 0.238223
v 0.131735 0.469320 0.458992
v 0.182242 -0.073164 0.107527
v 0.130147 0.320301 -0.453216
v 0.129398 -0.039067 0.280527
v 0.155975 0.847251 -0.637559
v 0.122745 0.697208 -0.535797
v 0.135508 -0.111092 0.037960
v 0.192180 0.001369 -0.143243
v 0.155620 0.847402 0.636130
v 0.132798 0.113615 -0.448078
v 0.135024 -0.024284 0.329688
v 0.140190 0.127625 0.449505
v 0.139467 -0.058789 0.226745
v 0.132473 -0.086157 -0.021362
v 0.182141 0.860276 0.672956
v 0.139629 -0.304439 0.024729
v 0.191093 -0.506061 -0.220556
v 0.150803 0.049208 -0.412670
v 0.179421 -0.063714 0.199671
v 0.148645 0.678439 -0.518764
v 0.183035 -0.075509 0.062753
v 0.168694 -0.005536 -0.344080
v 0.129571 0.334858 -0.432233
v 0.131040 0.328622 0.438939
v 0.144911 0.650651 0.507206
v 0.170626 -0.030333 0.315996
v 0.175296 -0.069998 -0.179682
v 0.188542 -0.429794 -0.044961
v 0.132789 0.485418 -0.459989
v 0.145802 -0.181801 0.025894
v 0.154536 -0.078287 -0.100795
v 0.164971 0.774745 -0.564903
v 0.142714 0.564599 0.453892
v 0.404381 -0.798413 -0.406378
v 0.143997 -0.103620 -0.025646
v 0.184091 0.876917 -0.664786
v 0.143960 0.581408 -0.460822
v 0.141089 0.056776 0.415232
v 0.170600 -0.489890 -0.188942
v 0.329969 -0.780922 0.330813
v 0.220679 -0.485298 0.098018
v 0.188120 -0.599169 0.264881
v 0.200172 0.294045 0.443912
v 0.163486 0.027073 0.394867
v 0.162922 -0.039987 0.269791
v 0.147625 -0.176391 -0.032915
v 0.291469 0.942669 -0.577813
v 0.212927 0.300164 0.426295
v 0.186228 -0.078144 -0.004388
v 0.173709 0.003166 0.350317
v 0.166873 0.068888 -0.421556
v 0.174523 0.136397 -0.440964
v 0.191686 -0.072321 0.052895
v 0.166057 0.717989 0.507393
v 0.154002 0.820684 -0.594497
v 0.167873 0.716833 -0.505748
v 0.218241 0.275864 0.435055
v 0.233208 0.223047 0.425428
v 0.179085 -0.074910 -0.048000
v 0.175745 0.788279 0.574304
v 0.161708 0.055801 -0.399940
v 0.167587 -0.036967 0.237602
v 0.287279 0.943187 0.473831
v 0.206581 0.462557 0.414029
v 0.205892 0.331326 0.406974
v 0.203552 0.625118 -0.398250
v 0.201488 -0.063512 -0.179473
v 0.194051 -0.005027 -0.330635
v 0.206767 0.834735 0.602567
v 0.181807 -0.156623 -0.027881
v 0.182883 0.042097 0.396508
v 0.260891 0.239797 0.303945
v 0.161439 0.057224 0.400520
v 0.197410 -0.012690 0.265206
v 0.188795 -0.599073 -0.266857
v 0.185809 0.795550 0.557490
v 0.173337 -0.050630 -0.221975
v 0.211355 0.033615 -0.386010
v 0.233052 0.224342 -0.426119
v 0.189198 0.030830 -0.374056
v 0.179070 0.129603 0.439375
v 0.202415 0.257113 -0.467203
v 0.184325 0.043319 -0.397984
v 0.256336 0.249068 -0.310322
v 0.187057 -0.029063 -0.288050
v 0.209869 0.329765 -0.410892
v 0.215272 0.845786 -0.622043
v 0.190795 0.229094 -0.462179
v 0.240719 -0.505741 0.160308
v 0.219774 -0.019024 -0.260366
v 0.191875 -0.052480 0.239256
v 0.191773 0.932031 -0.631625
v 0.198619 -0.047415 -0.248039
v 0.259903 -0.581461 -0.222629
v 0.212238 0.802702 -0.578921
v 0.279477 0.943636 -0.481759
v 0.195268 0.922124 0.643066
v 0.240813 -0.000324 0.302915
v 0.223412 -0.058900 0.131529
v 0.205684 0.861519 -0.670960
v 0.238069 0.851836 -0.597548
v 0.203949 0.089566 -0.423478
v 0.200714 0.009222 0.343163
v 0.213563 0.520702 -0.422661
v 0.214264 -0.060463 0.178956
v 0.219865 0.112796 0.420593
v 0.202975 -0.058831 0.199213
v 0.211500 0.040011 0.388549
v 0.193612 0.162300 0.437951
v 0.216544 0.002532 0.335534
v 0.224515 0.608996 0.442042
v 0.244827 -0.038135 -0.228842
v 0.235882 0.044907 -0.373563
v 0.222429 0.859635 0.661587
v 0.221374 0.018908 0.345936
v 0.267193 0.023927 0.013320
v 0.232552 -0.034276 0.245275
v 0.254508 -0.015956 0.272837
v 0.213662 0.925212 -0.610711
v 0.260718 0.790169 0.518628
v 0.277193 -0.508206 -0.092468
v 0.204955 0.914881 0.625384
v 0.222515 0.847186 0.623407
v 0.289183 0.293899 -0.393393
v 0.187212 -0.527042 0.219540
v 0.260229 0.793781 -0.523516
v 0.248606 -0.578919 0.230256
v 0.251679 0.001306 -0.292088
v 0.285955 0.102288 0.177817
v 0.213884 0.883839 -0.652534
v 0.251955 -0.542250 0.210544
v 0.224173 -0.059699 -0.137577
v 0.231391 0.140460 -0.426031
v 0.303504 0.941369 0.570880
v 0.235521 -0.040454 0.163730
v 0.226050 0.476207 0.426105
v 0.233557 0.665323 -0.460212
v 0.204711 0.823892 -0.607432
v 0.257480 -0.054930 0.098776
v 0.226846 0.496050 -0.430026
v 0.271908 -0.043282 0.122244
v 0.238488 0.118212 -0.410844
v 0.258296 0.928941 0.619251
v 0.269439 0.836490 0.574690
v 0.267618 -0.527993 0.111731
v 0.250874 0.855541 0.598791
v 0.233281 0.080435 0.396148
v 0.255041 0.058946 -0.352478
v 0.271245 -0.527298 -0.103898
v 0.225622 -0.539702 -0.239480
v 0.305714 -0.038742 0.162195
v 0.290652 -0.028677 -0.190787
v 0.246204 -0.031995 -0.172371
v 0.248572 0.299669 -0.406410
v 0.278138 -0.599173 0.170968
v 0.246192 0.464416 -0.408693
v 0.284634 -0.054596 0.060888
v 0.245383 0.437487 0.405689
v 0.276422 0.924391 0.583818
v 0.237461 -0.025156 -0.241590
v 0.283973 -0.056276 -0.060100
v 0.245460 -0.027498 0.236214
v 0.358513 0.229936 0.358713
v 0.265056 0.060433 0.346291
v 0.259023 0.070797 0.368499
v 0.270676 0.050600 -0.350264
v 0.236332 0.134333 0.422765
v 0.246298 0.317530 0.401072
v 0.265964 0.844261 -0.581915
v 0.339091 0.262480 0.376206
v 0.250501 -0.066519 0.002012
v 0.240023 0.610888 0.454695
v 0.307423 0.123387 -0.173110
v 0.332880 -0.022599 -0.139796
v 0.271194 -0.598857 -0.180926
v 0.266551 0.631221 -0.444118
v 0.246481 0.328448 -0.384463
v 0.256516 0.698599 -0.484081
v 0.319729 0.636778 -0.315443
v 0.244520 0.330316 0.384334
v 0.280408 0.920056 -0.612701
v 0.248068 0.487310 0.395692
v 0.258593 -0.006753 0.257890
v 0.329872 0.228995 -0.375988
v 0.265802 -0.013371 0.196888
v 0.267890 0.040445 0.346727
v 0.262534 -0.018035 -0.224758
v 0.264022 -0.057741 -0.139155
v 0.260951 0.717612 0.492426
v 0.257899 0.573971 0.428550
v 0.307734 -0.055713 0.013810
v 0.325576 0.223514 0.358980
v 0.237878 -0.059233 -0.095130
v 0.256520 0.181025 0.406413
v 0.250411 0.523180 -0.399859
v 0.262939 0.616473 0.419770
v 0.303838 0.859504 -0.628162
v 0.277594 0.005339 -0.258198
v 0.275745 0.676725 0.458327
v 0.287274 0.037160 -0.284958
v 0.276339 0.784883 -0.533807
v 0.303077 0.276603 -0.382654
v 0.313933 -0.538684 0.070835
v 0.285035 0.918065 -0.583060
v 0.278205 0.017436 -0.290271
v 0.283603 0.132826 -0.386838
v 0.305641 0.801027 -0.535624
v 0.284979 0.027213 0.283848
v 0.274833 0.787675 0.534421
v 0.316015 -0.546459 -0.114429
v 0.319703 -0.035165 0.006522
v 0.307237 -0.049379 -0.010357
v 0.349651 0.259806 -0.370272
v 0.282321 0.063374 0.352118
v 0.279488 0.135603 0.381764
v 0.309008 0.860291 0.624788
v 0.311129 0.059993 -0.316812
v 0.330343 -0.572839 0.097639
v 0.288923 -0.029463 0.188413
v 0.279018 -0.506652 0.073153
v 0.304152 0.330035 0.336046
v 0.321216 -0.010799 -0.189003
v 0.301427 -0.041403 -0.103704
v 0.283454 0.139572 -0.375416
v 0.314907 0.786147 -0.511047
v 0.302118 0.765584 0.481100
v 0.278296 0.689352 -0.446093
v 0.308716 0.056813 0.316000
v 0.320465 -0.014395 -0.122648
v 0.305787 0.101495 -0.353495
v 0.292437 0.074977 -0.328916
v 0.334419 -0.021724 0.136876
v 0.303325 -0.038800 0.102668
v 0.320127 -0.014192 0.121057
v 0.291708 0.018127 -0.280410
v 0.305669 0.891349 0.602489
v 0.285867 0.004304 0.257189
v 0.320096 0.532157 0.350301
v 0.346892 0.022286 -0.240496
v 0.357421 0.223926 -0.329634
v 0.305808 0.294670 0.374556
v 0.303645 0.332505 -0.335976
v 0.302025 0.822804 -0.530768
v 0.314716 -0.014732 0.185184
v 0.320629 0.794850 -0.488649
v 0.327919 0.710103 0.409972
v 0.307731 0.119508 0.350679
v 0.358106 0.011799 -0.181871
v 0.302108 0.798249 0.531120
v 0.341705 0.847028 0.565745
v 0.321158 0.788726 0.510033
v 0.307315 0.887666 -0.605641
v 0.320255 0.636402 0.313411
v 0.354638 0.238344 0.182211
v 0.348561 0.674839 0.380274
v 0.348510 0.704872 -0.393523
v 0.337775 -0.025596 0.087509
v 0.330289 0.597657 -0.361063
v 0.345622 0.061659 0.267062
v 0.351934 0.031637 0.254239
v 0.336572 -0.026023 -0.089436
v 0.323405 0.300569 -0.350406
v 0.324038 0.315651 0.342774
v 0.345364 -0.001379 0.170612
v 0.327328 0.448417 -0.344544
v 0.328762 0.465773 0.345257
v 0.316552 -0.598219 0.075901
v 0.328901 0.916743 -0.570378
v 0.348520 0.833649 0.527624
v 0.322191 0.892908 -0.611020
v 0.402941 0.943954 -0.387075
v 0.341968 0.055311 -0.274196
v 0.322290 -0.596610 -0.069371
v 0.332709 0.889090 -0.592192
v 0.324772 0.909801 0.574638
v 0.342319 0.095329 0.303836
v 0.336985 0.846767 -0.563297
v 0.367258 0.145965 -0.001627
v 0.370071 -0.014684 -0.044768
v 0.342596 0.802484 0.472915
v 0.359060 0.131363 -0.306612
v 0.347025 0.034887 0.236316
v 0.349918 0.861668 0.600246
v 0.343984 0.315307 -0.325209
v 0.331520 -0.781626 0.131614
v 0.363006 0.837417 -0.525088
v 0.360273 0.404373 -0.217707
v 0.361193 0.030461 0.227878
v 0.378487 0.944047 0.407968
v 0.345636 0.909540 0.583987
v 0.342800 0.433347 0.326945
v 0.346707 0.300151 0.325423
v 0.333702 0.275359 0.354806
v 0.371238 -0.014294 0.048075
v 0.343087 0.442442 -0.327289
v 0.334219 0.333548 -0.305554
v 0.334763 0.332985 0.304331
v 0.352443 0.621329 -0.371577
v 0.411319 0.577435 0.164208
v 0.406863 0.941098 0.498499
v 0.351543 0.615094 0.371647
v 0.363269 0.136246 0.304072
v 0.382620 0.006872 -0.061346
v 0.388579 0.042033 0.214980
v 0.384967 0.019538 -0.167156
v 0.348851 -0.014840 0.019158
v 0.383024 0.328644 -0.247759
v 0.372414 0.931782 -0.533660
v 0.360464 0.567850 0.343489
v 0.425806 0.208548 0.240566
v 0.359052 0.066196 -0.263505
v 0.401896 0.282067 -0.075725
v 0.363536 0.065284 0.263171
v 0.350166 -0.003510 -0.191184
v 0.362627 -0.008310 -0.018261
v 0.360543 0.030463 -0.229312
v 0.417142 0.293721 -0.257156
v 0.404948 -0.950996 -0.406215
v 0.352971 0.862917 -0.601811
v 0.403783 0.762062 -0.273374
v 0.398016 0.083832 0.235859
v 0.383584 0.329240 0.244777
v 0.359179 0.592389 0.329075
v 0.381449 0.000868 0.082098
v 0.395732 0.014103 -0.014086
v 0.407178 0.940619 -0.499968
v 0.390867 0.743241 0.415568
v 0.404672 -0.799121 -0.162695
v 0.391839 0.847447 -0.532500
v 0.399216 0.799646 0.469495
v 0.404693 -0.798010 0.404365
v 0.390423 0.846645 0.527358
v 0.390241 0.685016 0.370618
v 0.397229 0.043639 0.183583
v 0.451706 0.264233 0.229155
v 0.428654 0.793776 -0.441780
v 0.395038 0.028178 0.164086
v 0.401438 0.091035 -0.236748
v 0.402455 0.785081 -0.438396
v 0.420372 0.888135 0.541457
v 0.368703 0.931276 0.533167
v 0.367570 0.000155 0.112139
v 0.380695 0.132659 0.279131
v 0.381167 0.137037 -0.281430
v 0.368034 -0.002261 -0.111783
v 0.360962 0.602011 -0.332101
v 0.421109 0.228636 -0.264038
v 0.418167 0.894265 -0.536800
v 0.425868 0.297634 -0.217037
v 0.389339 0.788081 0.435681
v 0.398522 0.515675 0.249975
v 0.390533 0.918742 -0.516160
v 0.407549 0.838609 0.496140
v 0.422037 0.276472 0.241374
v 0.397105 0.507574 -0.250326
v 0.406300 0.057958 0.157086
v 0.390405 0.918262 0.516289
v 0.400509 0.056568 -0.162215
v 0.407954 0.831963 -0.495834
v 0.412909 0.028999 0.013994
v 0.405703 0.031710 0.094449
v 0.435971 0.810915 0.253631
v 0.398354 0.300863 0.102179
v 0.422376 0.773915 -0.382026
v 0.385590 0.673927 -0.365842
v 0.399773 0.321391 0.243996
v 0.403276 0.028895 -0.093963
v 0.415187 0.713833 0.320895
v 0.402186 0.322066 -0.245106
v 0.414699 0.095159 0.216726
v 0.419593 0.133861 0.239224
v 0.417928 0.716896 -0.321535
v 0.416342 0.098943 -0.232034
v 0.420225 0.222003 0.236457
v 0.436358 0.257759 -0.258529
v 0.399531 0.723777 0.364254
v 0.442424 0.683607 -0.277366
v 0.421841 0.134262 0.226436
v 0.409190 0.329213 -0.207619
v 0.407213 0.331064 0.206474
v 0.419603 0.109921 -0.219586
v 0.420672 0.301607 0.219616
v 0.426770 0.484716 -0.226679
v 0.413621 0.515553 -0.251696
v 0.427944 0.209581 -0.237304
v 0.420424 0.520920 -0.213698
v 0.454287 0.793355 -0.405458
v 0.424643 0.457734 0.224959
v 0.438768 0.862198 -0.544821
v 0.396951 0.043645 -0.185149
v 0.420812 0.537943 0.252426
v 0.429656 0.566002 0.216993
v 0.446078 0.063098 0.030513
v 0.413739 0.056109 -0.146905
v 0.402939 0.276602 -0.272354
v 0.470338 0.944178 0.302613
v 0.433550 0.063517 -0.107230
v 0.434845 0.089603 0.132776
v 0.400630 0.293914 0.276940
v 0.459245 0.857608 -0.463703
v 0.431470 0.911362 0.523157
v 0.438821 0.095904 -0.134605
v 0.457483 0.676092 0.275300
v 0.435404 0.569942 -0.056669
v 0.450258 0.552572 -0.143172
v 0.442148 0.683006 0.276653
v 0.434558 0.821445 -0.433801
v 0.433479 0.051200 -0.012672
v 0.496211 0.941699 0.414284
v 0.429044 0.921892 -0.487808
v 0.423158 0.221280 -0.232868
v 0.428060 0.920737 0.487796
v 0.426092 0.919857 -0.520030
v 0.437193 0.061328 -0.051437
v 0.431647 0.862059 0.549420
v 0.438344 0.078816 -0.085933
v 0.449306 0.295112 0.175776
v 0.441340 0.787302 0.397567
v 0.443489 0.327583 0.129761
v 0.449148 0.539467 0.139932
v 0.434110 0.065483 0.102673
v 0.465752 0.651715 0.246276
v 0.439526 0.055136 0.043972
v 0.435461 0.808974 0.433433
v 0.449718 0.099332 0.093032
v 0.438821 0.129055 -0.179789
v 0.434041 0.329425 -0.132189
v 0.438041 0.134602 0.176845
v 0.464992 0.802497 -0.350411
v 0.475546 0.818962 0.423847
v 0.448482 0.135783 -0.151767
v 0.541129 0.944739 -0.118207
v 0.461585 0.858079 0.461120
v 0.468382 0.915173 0.492391
v 0.462585 0.275418 -0.154988
v 0.464175 0.091197 0.012287
v 0.457629 0.857384 -0.524267
v 0.448425 0.135569 0.153535
v 0.458773 0.899463 -0.512170
v 0.497511 0.939269 -0.413356
v 0.457145 0.672319 -0.274693
v 0.442857 0.330416 -0.090914
v 0.489851 0.838873 0.412545
v 0.485402 0.944424 -0.278686
v 0.536541 0.944407 0.142220
v 0.443334 0.329388 0.088123
v 0.485448 0.823469 -0.419576
v 0.461585 0.638912 -0.244859
v 0.452210 0.318554 -0.131492
v 0.466472 0.140575 0.084125
v 0.458628 0.516342 0.093281
v 0.458315 0.858085 0.524754
v 0.455863 0.496367 -0.090995
v 0.467151 0.519954 0.133454
v 0.472508 0.295398 0.091320
v 0.468277 0.801839 0.346950
v 0.465753 0.138423 -0.085199
v 0.462064 0.324592 0.013568
v 0.459062 0.328264 -0.017496
v 0.463371 0.301449 -0.103241
v 0.464699 0.478389 -0.128684
v 0.486928 0.263216 -0.136363
v 0.478635 0.927815 0.433878
v 0.473656 0.701603 0.240650
v 0.470327 0.695544 -0.239668
v 0.462781 0.316653 0.102515
v 0.482983 0.834597 -0.418211
v 0.466340 0.477238 0.019087
v 0.493420 0.725706 0.196305
v 0.479722 0.519692 0.109811
v 0.487441 0.276340 0.055042
v 0.495825 0.231249 -0.088041
v 0.472637 0.104064 -0.011860
v 0.474762 0.225939 -0.091787
v 0.483958 0.293354 -0.063474
v 0.472476 0.140071 -0.055916
v 0.474098 0.144809 0.053479
v 0.501436 0.683803 0.097307
v 0.466994 0.222960 0.138767
v 0.503791 0.776159 0.308583
v 0.488849 0.523370 0.012066
v 0.468117 0.486519 -0.019756
v 0.490216 0.561316 -0.114117
v 0.521221 0.790819 -0.264181
v 0.507392 0.698271 0.155634
v 0.508025 0.716985 -0.165476
v 0.478731 0.110389 0.002246
v 0.492025 0.205681 -0.001522
v 0.507937 0.692502 -0.105290
v 0.482639 0.223227 -0.001579
v 0.512498 0.664507 -0.148340
v 0.516766 0.676227 -0.021143
v 0.488606 0.923372 -0.433297
v 0.514109 0.669247 0.019587
v 0.522988 0.859334 -0.461932
v 0.491954 0.535640 -0.011557
v 0.526232 0.795427 0.262402
v 0.523743 0.916938 -0.427930
v 0.518688 0.881843 0.447488
v 0.509389 0.255858 0.045629
v 0.502530 0.802126 0.355968
v 0.531346 0.691168 -0.123595
v 0.523943 0.689133 0.150031
v 0.508968 0.787577 -0.315619
v 0.533591 0.786545 0.275143
v 0.524094 0.774151 -0.276081
v 0.555496 0.947532 0.015995
v 0.525255 0.836381 -0.359244
v 0.533094 0.693238 0.123060
v 0.535838 0.846611 -0.369545
v 0.515777 0.919402 0.392396
v 0.519161 0.916222 -0.395042
v 0.526523 0.834891 0.357342
v 0.516758 0.882557 -0.443632
v 0.533756 0.861010 0.450512
v 0.547755 0.800337 -0.198845
v 0.538260 0.847772 0.382082
v 0.537217 0.938419 -0.366655
v 0.559513 0.788982 0.177803
v 0.533792 0.799154 -0.303324
v 0.532342 0.799393 0.302413
v 0.551727 0.861994 0.427206
v 0.532172 0.822796 -0.301947
v 0.569144 0.741278 0.012810
v 0.558338 0.928089 0.369958
v 0.566889 0.941558 0.308782
v 0.551961 0.861433 -0.426992
v 0.561469 0.802211 -0.254084
v 0.548117 0.701301 -0.013166
v 0.562436 0.846507 -0.370890
v 0.549166 0.829924 0.289782
v 0.570149 0.800428 0.078796
v 0.560411 0.920522 0.329209
v 0.584990 0.787817 0.127471
v 0.569697 0.779928 -0.170576
v 0.563808 0.916263 -0.327276
v 0.567822 0.802881 -0.089760
v 0.598486 0.787453 -0.020495
v 0.636289 0.946336 -0.096151
v 0.579392 0.797274 0.194108
v 0.596546 0.790558 0.025670
v 0.578636 0.850313 0.317870
v 0.573474 0.939673 -0.305207
v 0.581135 0.838465 -0.265362
v 0.585735 0.826531 0.257550
v 0.601994 0.861816 -0.349396
v 0.594479 0.794612 -0.145745
v 0.616352 0.941226 0.191985
v 0.594146 0.917760 0.316620
v 0.595634 0.890705 -0.352539
v 0.605762 0.818482 0.188649
v 0.595473 0.842276 0.222311
v 0.582504 0.921289 -0.284057
v 0.587436 0.912596 0.297088
v 0.597813 0.857199 -0.252503
v 0.600835 0.798249 -0.111653
v 0.604135 0.828561 -0.188571
v 0.615615 0.926731 0.266508
v 0.605778 0.860988 0.343904
v 0.593311 0.818274 0.152674
v 0.610682 0.926494 -0.265785
v 0.592800 0.822187 -0.154032
v 0.619478 0.803929 0.001203
v 0.608336 0.923593 0.218101
v 0.627250 0.833843 -0.110105
v 0.607737 0.886874 -0.310759
v 0.624245 0.831511 0.113824
v 0.619958 0.846493 0.217206
v 0.619594 0.845962 -0.215174
v 0.630759 0.866706 0.297351
v 0.621210 0.860459 -0.319100
v 0.616413 0.830231 -0.000203
v 0.636410 0.846926 -0.153846
v 0.634412 0.846227 0.154211
v 0.616041 0.921707 -0.208813
v 0.638798 0.901617 0.210600
v 0.631084 0.917044 -0.172891
v 0.636243 0.843933 -0.073870
v 0.625907 0.920674 0.164268
v 0.640594 0.945221 0.063448
v 0.647120 0.846265 0.093704
v 0.637344 0.839805 0.056679
v 0.659140 0.926107 -0.140365
v 0.644453 0.919989 0.194750
v 0.641686 0.922063 -0.085837
v 0.641054 0.921963 0.086633
v 0.657681 0.924924 0.140109
v 0.646382 0.922057 -0.035663
v 0.644766 0.923964 0.032880
v 0.669853 0.920222 0.064471
v 0.660318 0.860336 0.223741
v 0.672189 0.916029 -0.066827
v 0.661963 0.860884 -0.222323
v 0.655249 0.887566 0.184806
v 0.657810 0.846669 -0.099500
v 0.673850 0.895283 0.080978
v 0.642711 0.922168 -0.195811
v 0.669369 0.907964 -0.049133
v 0.674154 0.860068 -0.184193
v 0.695273 0.861195 0.064985
v 0.683802 0.880577 0.049417
v 0.678954 0.912359 0.029834
v 0.675448 0.860817 0.181273
v 0.692562 0.859104 -0.086000
v 0.678399 0.884138 -0.082852
v 0.696800 0.863184 -0.049877
vn -0.9249 -0.3702 0.0873
vn -0.9186 -0.3829 -0.0979
vn -0.6725 0.5736 0.4677
vn -0.5052 0.8260 -0.2501
vn -0.7501 0.6592 0.0530
vn -0.9035 -0.4149 0.1080
vn -0.6785 0.7331 0.0468
vn -0.8071 0.5905 -0.0006
vn -0.9468 -0.2930 -0.1328
vn -0.7473 0.5842 0.3166
vn -0.5877 0.7842 0.1992
vn -0.8875 -0.3960 0.2357
vn -0.9144 -0.3443 -0.2131
vn -0.5495 -0.8314 0.0833
vn -0.3718 0.9283 -0.0001
vn -0.5451 0.8359 -0.0644
vn -0.3963 -0.9154 -0.0708
vn -0.2693 -0.9619 -0.0472
vn -0.8313 0.5287 -0.1716
vn -0.4219 -0.9018 0.0941
vn -0.8346 -0.4147 -0.3626
vn -0.8658 -0.3803 0.3252
vn -0.8182 0.5676 0.0917
vn -0.8229 0.5560 -0.1168
vn -0.8200 0.5668 0.0796
vn -0.5153 0.8441 -0.1479
vn -0.7387 0.6622 -0.1259
vn -0.6899 0.6937 0.2067
vn -0.5779 -0.7401 0.3438
vn -0.3678 -0.9143 0.1695
vn -0.2623 -0.9358 -0.2355
vn -0.5904 0.7382 0.3264
vn -0.6506 0.7535 0.0947
vn -0.5193 0.8363 0.1758
vn -0.8144 -0.4413 0.3768
vn -0.8268 -0.4014 -0.3941
vn -0.6014 -0.7979 -0.0404
vn -0.7632 -0.6335 0.1277
vn -0.7827 -0.6220 0.0210
vn -0.4748 0.8371 -0.2717
vn -0.4721 0.7389 0.4808
vn -0.7032 0.6556 -0.2752
vn -0.8957 -0.0128 -0.4445
vn -0.8749 -0.3334 -0.3512
vn -0.6204 -0.7186 -0.3142
vn -0.7294 -0.6632 0.1678
vn -0.7532 -0.6530 -0.0791
vn -0.8338 -0.3150 -0.4533
vn -0.6280 -0.7720 -0.0979
vn -0.6933 -0.6959 -0.1874
vn -0.5784 -0.7545 0.3101
vn -0.7197 -0.6911 0.0658
vn -0.8024 -0.3385 0.4914
vn -0.5936 0.7539 -0.2816
vn -0.6171 0.6064 0.5015
vn -0.7926 0.4762 -0.3807
vn -0.8600 0.4526 0.2358
vn -0.6205 0.7546 0.2135
vn -0.7079 -0.6307 0.3179
vn -0.3364 -0.9231 -0.1864
vn -0.8605 -0.4105 -0.3016
vn -0.7004 -0.6790 0.2200
vn -0.9043 -0.2554 -0.3420
vn -0.3216 -0.9330 0.1614
vn -0.4558 -0.8845 0.0994
vn -0.3469 -0.9361 -0.0592
vn -0.8483 0.4780 -0.2277
vn 0.1699 0.6299 0.7578
vn 0.5477 0.8294 -0.1102
vn 0.5329 0.8425 0.0781
vn -0.7186 -0.2687 0.6414
vn -0.6481 -0.6714 -0.3594
vn -0.5562 -0.7974 0.2341
vn -0.7421 -0.4641 -0.4836
vn -0.2711 -0.9505 0.1519
vn -0.5972 0.6505 0.4693
vn -0.7599 -0.5234 -0.3855
vn -0.6151 0.6567 -0.4364
vn -0.3586 0.8939 0.2689
vn -0.7535 -0.3515 0.5556
vn -0.7566 -0.2614 -0.5994
vn -0.2560 0.9649 0.0583
vn -0.7264 0.5226 -0.4464
vn -0.6737 -0.4041 -0.6188
vn -0.7357 0.5238 -0.4295
vn -0.7675 -0.3756 -0.5195
vn -0.7335 -0.3289 0.5948
vn -0.7038 -0.7065 -0.0744
vn -0.8035 -0.3316 0.4944
vn -0.5138 -0.7991 0.3122
vn -0.5815 -0.3416 0.7384
vn -0.8256 -0.3644 -0.4309
vn 0.1403 -0.9862 -0.0876
vn -0.2938 -0.9269 -0.2337
vn -0.7211 -0.6129 -0.3229
vn -0.6790 -0.7099 0.1872
vn -0.8447 -0.3259 0.4246
vn -0.8568 -0.3397 0.3879
vn -0.7759 -0.3535 0.5225
vn -0.4508 -0.3291 -0.8298
vn -0.4164 0.8400 0.3479
vn -0.5980 -0.3580 0.7171
vn -0.7529 0.2857 0.5929
vn 0.5269 0.8229 0.2127
vn -0.7913 -0.2689 -0.5491
vn 0.4209 0.8606 -0.2867
vn -0.8758 -0.4767 -0.0755
vn -0.5251 -0.8328 0.1753
vn -0.6338 0.6366 -0.4392
vn -0.6800 0.4712 0.5618
vn -0.7320 -0.6020 0.3190
vn -0.5448 -0.6451 0.5358
vn -0.8258 -0.4593 -0.3272
vn -0.5902 -0.4483 0.6713
vn -0.5873 -0.5601 -0.5843
vn -0.4447 -0.8075 0.3875
vn -0.8313 -0.1528 0.5343
vn -0.4197 -0.7340 -0.5339
vn -0.7105 0.5347 -0.4574
vn -0.4005 0.8726 -0.2797
vn -0.8920 -0.4512 -0.0275
vn -0.4619 -0.7775 0.4268
vn -0.8404 0.5255 -0.1327
vn -0.5515 0.5552 -0.6226
vn 0.9802 0.1979 -0.0084
vn -0.4261 -0.8978 0.1111
vn -0.6453 -0.3906 -0.6565
vn -0.8240 -0.2197 -0.5223
vn -0.9015 -0.2883 -0.3227
vn -0.8656 -0.0484 -0.4985
vn -0.4141 0.6921 0.5912
vn -0.9128 -0.4004 -0.0803
vn -0.9117 0.3094 0.2704
vn -0.9143 0.3852 -0.1252
vn -0.3444 -0.8766 0.3362
vn -0.6333 -0.2567 -0.7301
vn -0.5414 0.5643 0.6233
vn -0.6918 -0.6776 0.2496
vn -0.6376 -0.7279 0.2523
vn -0.9442 -0.2696 0.1893
vn -0.9107 -0.2459 -0.3320
vn -0.9849 -0.1317 -0.1121
vn -0.3748 -0.8569 -0.3538
vn -0.6033 -0.1040 -0.7907
vn -0.7753 -0.1016 -0.6234
vn -0.9279 -0.1366 0.3469
vn -0.6177 -0.4534 0.6426
vn -0.9410 -0.3121 -0.1306
vn -0.9292 -0.3658 0.0537
vn -0.5659 0.6250 0.5377
vn -0.6619 -0.2568 0.7043
vn -0.9321 -0.1892 0.3088
vn -0.4528 -0.8148 0.3620
vn -0.7202 0.6893 0.0787
vn -0.8931 0.2512 -0.3732
vn -0.7922 -0.5878 0.1637
vn -0.9914 -0.0999 -0.0842
vn -0.9740 -0.1245 0.1894
vn -0.6311 -0.4167 0.6542
vn -0.8907 -0.4129 -0.1901
vn 0.4303 0.8436 0.3212
vn -0.5409 -0.5877 -0.6018
vn -0.5549 -0.5982 0.5781
vn -0.8448 -0.5217 0.1185
vn -0.3381 -0.3176 0.8859
vn -0.6834 -0.1628 0.7117
vn -0.8462 0.4761 -0.2395
vn -0.8718 -0.4129 -0.2637
vn -0.3069 -0.3425 -0.8880
vn -0.7892 0.5175 0.3306
vn -0.5671 0.6109 -0.5525
vn -0.9624 0.1634 0.2169
vn -0.9666 -0.2537 0.0360
vn -0.9248 -0.3523 -0.1435
vn 0.9108 0.2200 0.3492
vn -0.9932 0.0908 -0.0726
vn -0.9930 0.0715 0.0935
vn -0.9409 -0.2522 0.2262
vn -0.3594 -0.2620 0.8957
vn -0.9655 -0.2002 -0.1664
vn -0.7637 -0.6456 -0.0011
vn -0.0415 -0.9251 -0.3774
vn -0.9618 -0.1625 0.2204
vn -0.8616 -0.1301 0.4906
vn -0.7054 -0.4767 -0.5246
vn -0.6772 -0.5940 -0.4342
vn -0.9588 0.2841 0.0083
vn -0.9298 0.3066 -0.2035
vn -0.6770 -0.1628 -0.7177
vn 0.9076 0.1960 -0.3714
vn -0.9551 0.2958 -0.0136
vn -0.7110 -0.2750 0.6472
vn -0.9106 -0.3715 -0.1812
vn -0.5664 -0.7899 -0.2350
vn -0.7486 -0.6484 0.1387
vn -0.6323 0.6849 0.3620
vn -0.6266 0.3129 0.7138
vn -0.8941 0.2971 -0.3351
vn -0.8139 0.3220 0.4837
vn -0.8068 0.2930 -0.5131
vn -0.8619 -0.4828 -0.1550
vn -0.8205 -0.2480 0.5151
vn -0.8775 0.3828 0.2890
vn -0.7687 0.4369 0.4672
vn -0.9215 -0.3143 0.2284
vn -0.9494 -0.2473 0.1937
vn -0.7639 0.5471 -0.3424
vn -0.9776 -0.1530 -0.1445
vn -0.3257 -0.3316 -0.8854
vn -0.9521 -0.1750 0.2506
vn 0.8303 0.3191 -0.4568
vn -0.9238 -0.2591 -0.2817
vn -0.6162 -0.7784 0.1201
vn -0.8699 -0.4597 0.1786
vn -0.6147 -0.3556 -0.7041
vn -0.6445 -0.3712 0.6685
vn -0.7561 0.4514 -0.4738
vn -0.7540 0.3114 0.5784
vn -0.6055 0.6592 0.4458
vn -0.3321 0.8739 -0.3550
vn -0.6409 0.5816 0.5010
vn -0.6256 0.3060 0.7176
vn -0.5770 0.7342 -0.3578
vn -0.8594 -0.4622 -0.2188
vn -0.9464 0.1537 0.2842
vn -0.9211 -0.1928 -0.3383
vn -0.8194 -0.4519 0.3526
vn -0.9414 -0.1479 0.3032
vn -0.8373 -0.5359 0.1082
vn -0.9872 -0.1030 0.1216
vn -0.8281 -0.5464 -0.1254
vn -0.6814 -0.6616 -0.3130
vn -0.4209 -0.1978 -0.8853
vn -0.5392 -0.3541 0.7641
vn -0.8793 0.2405 -0.4111
vn -0.6385 0.3657 -0.6772
vn -0.8633 -0.1415 0.4845
vn -0.9407 -0.3265 -0.0919
vn -0.4783 0.5536 -0.6818
vn -0.2276 -0.8971 -0.3787
vn -0.9809 -0.1152 0.1567
vn -0.7769 -0.5994 0.1926
vn -0.9912 -0.1286 -0.0300
vn -0.7441 -0.4364 0.5058
vn -0.7518 -0.2652 0.6038
vn -0.8437 -0.3988 0.3594
vn -0.8075 -0.4581 0.3715
vn -0.8880 -0.3201 -0.3301
vn -0.4179 -0.7871 -0.4537
vn -0.4694 -0.3213 -0.8225
vn -0.2198 -0.5443 -0.8095
vn -0.9497 0.2951 -0.1045
vn -0.8894 -0.4287 -0.1588
vn -0.7577 -0.5095 -0.4078
vn -0.6496 -0.2362 -0.7226
vn -0.6202 -0.7728 -0.1348
vn -0.6977 0.2073 -0.6858
vn -0.5316 -0.1138 -0.8393
vn -0.8855 0.2121 -0.4133
vn 0.9443 0.2311 0.2343
vn -0.5690 -0.2833 -0.7720
vn -0.6224 -0.7822 -0.0283
vn -0.7544 -0.0101 -0.6564
vn -0.5282 -0.6517 0.5443
vn -0.7116 -0.1920 0.6759
vn -0.7620 -0.6456 -0.0497
vn -0.4376 -0.1540 -0.8859
vn -0.4634 0.4369 0.7709
vn -0.9247 -0.3285 -0.1926
vn -0.6742 -0.6166 0.4065
vn -0.4709 0.6951 0.5432
vn 0.9668 0.2173 -0.1349
vn -0.6988 0.4653 -0.5433
vn -0.4435 -0.1062 0.8899
vn -0.2666 -0.8866 0.3781
vn -0.9548 -0.2345 0.1828
vn -0.7049 -0.7056 0.0726
vn -0.8124 -0.4434 0.3787
vn -0.6905 -0.7211 0.0560
vn -0.1472 -0.3340 0.9310
vn -0.5440 -0.7055 0.4543
vn -0.7070 -0.7072 -0.0003
vn -0.5993 0.5328 -0.5974
vn -0.7866 0.6174 0.0007
vn -0.5985 0.5323 0.5988
vn -0.5768 -0.5766 0.5787
vn -0.5749 -0.5775 -0.5796
vn -0.5901 -0.5094 -0.6263
vn -0.8176 -0.5443 0.1878
vn -0.4404 0.6173 -0.6520
vn -0.6757 -0.3175 -0.6653
vn -0.4734 -0.1157 0.8732
vn -0.6473 0.6212 0.4416
vn -0.9458 -0.3058 0.1094
vn -0.2143 -0.9003 0.3790
vn -0.3066 -0.8225 0.4790
vn -0.6697 0.3561 0.6517
vn -0.1408 -0.9056 -0.4001
vn -0.7412 -0.6642 0.0972
vn -0.6327 0.4920 -0.5980
vn 0.8466 0.1560 0.5088
vn -0.0877 0.5544 0.8276
vn -0.6855 -0.6304 -0.3643
vn -0.7911 0.1852 -0.5830
vn 0.8662 0.4932 -0.0805
vn -0.4417 0.2067 0.8730
vn -0.4193 -0.4249 -0.8023
vn -0.6058 -0.4131 0.6799
vn -0.3080 -0.7875 -0.5339
vn 0.0027 0.9999 0.0163
vn -0.7141 -0.2271 -0.6622
vn -0.3776 0.8424 -0.3844
vn -0.6617 -0.7296 -0.1725
vn -0.2284 -0.7294 0.6448
vn 0.6844 0.2351 0.6901
vn -0.2817 -0.6991 0.6571
vn -0.9211 -0.3626 -0.1419
vn -0.2244 -0.3259 -0.9184
vn -0.8627 -0.5054 -0.0158
vn -0.1718 -0.9135 -0.3688
vn 0.8170 0.2040 -0.5394
vn -0.6219 -0.6630 -0.4167
vn -0.9835 -0.0771 0.1634
vn -0.5654 -0.5034 0.6534
vn -0.1683 -0.4254 -0.8892
vn -0.9204 -0.3833 -0.0764
vn -0.0254 0.4766 -0.8787
vn -0.6295 0.5265 -0.5715
vn -0.9683 -0.1348 0.2103
vn -0.7004 -0.2162 0.6802
vn -0.2597 -0.8688 0.4216
vn -0.9673 -0.1363 -0.2139
vn -0.5199 -0.7578 -0.3944
vn 0.7452 0.4985 -0.4429
vn -0.9493 0.2029 -0.2403
vn -0.4472 -0.2258 0.8655
vn -0.3415 -0.7431 -0.5755
vn -0.3380 -0.9389 0.0653
vn -0.5762 -0.8131 0.0821
vn -0.3837 0.7630 0.5202
vn -0.6265 -0.7562 0.1891
vn -0.3587 -0.7199 0.5942
vn 0.6916 0.2410 -0.6809
vn -0.5992 -0.5399 0.5912
vn -0.5406 0.4709 0.6972
vn 0.2715 0.8416 -0.4669
vn -0.4995 -0.6242 -0.6007
vn -0.2172 0.8542 -0.4725
vn -0.4116 -0.8994 -0.1474
vn -0.9683 -0.0791 0.2371
vn -0.4709 0.5835 -0.6616
vn -0.3906 0.8372 0.3828
vn -0.4031 -0.8177 0.4111
vn 0.0507 -0.0991 -0.9938
vn -0.6061 -0.5067 0.6131
vn -0.2477 -0.9505 0.1878
vn -0.3810 -0.8900 0.2503
vn -0.5533 -0.4693 0.6882
vn -0.0723 -0.3468 0.9351
vn -0.8318 0.4240 0.3583
vn -0.6331 -0.4632 0.6202
vn -0.7137 0.2162 0.6662
vn -0.4590 -0.5801 -0.6729
vn -0.5348 -0.7485 0.3921
vn -0.2026 -0.1918 -0.9603
vn -0.6935 -0.5502 -0.4651
vn -0.7959 -0.5722 0.1980
vn -0.4457 -0.6960 0.5630
vn -0.1641 -0.2564 -0.9525
vn 0.7931 0.5731 0.2064
vn -0.4693 0.6089 0.6396
vn -0.4011 -0.4402 -0.8033
vn -0.7745 -0.0601 0.6297
vn -0.2830 -0.1107 0.9527
vn -0.4436 -0.8866 0.1307
vn -0.8353 -0.5208 -0.1761
vn -0.9687 -0.0974 -0.2282
vn -0.5160 -0.8563 0.0221
vn -0.4525 -0.7902 0.4133
vn -0.7000 -0.1552 -0.6971
vn -0.4161 -0.9089 -0.0259
vn -0.4995 -0.2205 -0.8377
vn -0.0005 0.6332 0.7740
vn -0.9721 -0.0040 -0.2346
vn -0.9767 -0.0473 0.2092
vn -0.3761 0.2245 -0.8990
vn 0.7415 0.3618 0.5651
vn -0.3904 -0.9206 0.0109
vn -0.4034 -0.8897 -0.2139
vn -0.6547 0.7491 0.1008
vn -0.5812 0.5701 0.5807
vn -0.5771 0.5702 -0.5846
vn -0.3028 0.6158 -0.7274
vn -0.2611 -0.9436 -0.2035
vn -0.2294 -0.8772 -0.4218
vn -0.6659 0.6627 -0.3426
vn -0.4156 -0.8856 -0.2075
vn -0.5004 0.3165 0.8059
vn -0.8848 0.4331 0.1716
vn -0.3659 0.6043 0.7077
vn -0.3886 -0.4616 0.7974
vn -0.0187 -0.8081 0.5888
vn -0.2403 -0.8469 0.4744
vn 0.2789 0.8403 0.4648
vn -0.4034 0.3387 -0.8500
vn -0.4424 -0.8820 0.1626
vn -0.1775 -0.0879 -0.9802
vn -0.9035 0.4152 -0.1067
vn -0.3473 -0.9118 -0.2191
vn -0.8869 -0.3207 0.3326
vn -0.4030 -0.4316 0.8070
vn -0.7409 -0.2639 -0.6176
vn -0.2595 0.5519 -0.7925
vn -0.1731 -0.1576 0.9722
vn 0.1874 -0.7784 -0.5992
vn -0.4395 -0.6532 -0.6166
vn -0.3617 -0.6148 0.7009
vn -0.8422 -0.4076 -0.3529
vn -0.8023 0.1634 0.5742
vn -0.2128 0.5812 0.7854
vn -0.2577 -0.7778 0.5733
vn -0.2509 -0.9646 0.0816
vn -0.4111 -0.9115 0.0105
vn -0.3969 -0.5324 0.7477
vn -0.5339 0.5802 -0.6151
vn -0.8439 0.5365 0.0109
vn -0.8613 0.2590 0.4371
vn -0.5511 0.3463 -0.7592
vn -0.6984 -0.3252 0.6376
vn 0.5505 0.8343 -0.0282
vn -0.9007 -0.1689 -0.4002
vn -0.2560 0.7678 -0.5874
vn -0.9885 -0.1495 -0.0227
vn -0.3149 -0.3569 -0.8795
vn -0.4636 0.1739 0.8688
vn -0.6430 0.6356 -0.4272
vn -0.3821 0.3625 0.8501
vn -0.3633 -0.7914 0.4917
vn -0.2130 -0.8306 -0.5145
vn -0.8123 -0.0593 0.5802
vn -0.7945 0.3394 -0.5035
vn -0.1234 -0.7142 -0.6890
vn -0.1574 0.5853 -0.7954
vn -0.6835 -0.0338 -0.7291
vn -0.2425 -0.9493 -0.2000
vn -0.8138 -0.3765 0.4427
vn -0.1764 0.7888 0.5888
vn -0.7483 0.6632 -0.0145
vn -0.4595 0.7018 0.5443
vn 0.4570 0.4900 -0.7423
vn -0.7328 -0.3030 0.6093
vn -0.3250 -0.8903 0.3191
vn -0.3638 -0.8812 -0.3020
vn -0.8499 0.4859 0.2038
vn -0.3347 -0.8040 -0.4915
vn -0.8596 0.4775 -0.1820
vn -0.8801 0.3901 0.2707
vn -0.5359 -0.4321 -0.7253
vn 0.5533 0.7239 0.4120
vn -0.4849 0.2989 0.8219
vn 0.3364 0.2256 0.9143
vn -0.8564 -0.3741 -0.3558
vn -0.5425 -0.7619 0.3538
vn 0.4554 -0.8894 0.0392
vn -0.7170 0.6281 -0.3024
vn -0.1227 -0.6615 0.7398
vn -0.7087 -0.0484 -0.7039
vn -0.1683 -0.4404 -0.8819
vn 0.4424 0.5721 0.6906
vn -0.7274 0.5349 0.4298
vn -0.6432 0.3639 -0.6737
vn -0.1590 -0.9736 -0.1640
vn -0.5154 0.4959 -0.6989
vn -0.5656 -0.1742 -0.8061
vn -0.8907 -0.1385 0.4329
vn 0.0835 -0.3536 0.9317
vn -0.8936 -0.1994 0.4020
vn -0.5801 -0.5349 -0.6143
vn -0.5588 0.8221 0.1090
vn -0.8728 -0.2513 -0.4183
vn -0.3455 -0.4129 0.8427
vn -0.5411 -0.4863 0.6861
vn -0.3799 -0.4775 0.7923
vn -0.6134 -0.5434 -0.5732
vn 0.2244 -0.9314 -0.2866
vn -0.7375 0.3621 0.5700
vn 0.4759 0.2108 -0.8539
vn -0.9308 0.2622 -0.2547
vn 0.5808 0.2028 -0.7884
vn -0.4957 0.8390 -0.2243
vn -0.3378 -0.5031 0.7955
vn 0.0499 -0.3085 -0.9499
vn -0.7074 0.5502 0.4437
vn -0.4323 0.3933 0.8114
vn -0.7225 0.4681 -0.5089
vn -0.5271 0.5541 0.6443
vn -0.1949 -0.5090 -0.8384
vn -0.6467 -0.7363 0.1991
vn -0.1192 0.8445 0.5220
vn -0.2378 -0.9020 -0.3602
vn -0.1811 -0.9628 0.2004
vn -0.5276 -0.7736 -0.3509
vn -0.2212 0.7989 -0.5593
vn -0.4796 -0.7270 0.4913
vn -0.4931 0.5455 0.6777
vn -0.3778 -0.8419 -0.3853
vn -0.4199 -0.7887 -0.4491
vn -0.4159 0.2736 0.8673
vn -0.7124 -0.2773 -0.6447
vn -0.2344 -0.9717 0.0302
vn -0.2408 -0.9309 0.2747
vn -0.2632 -0.2194 0.9395
vn -0.3783 0.7179 -0.5844
vn 0.1388 -0.3400 0.9301
vn -0.3488 -0.9135 0.2096
vn 0.1721 -0.3227 -0.9307
vn -0.1943 -0.9603 -0.2001
vn -0.5466 0.6369 -0.5438
vn -0.3568 0.3386 -0.8706
vn -0.8486 -0.0716 -0.5242
vn 0.0426 -0.9521 0.3027
vn 0.0157 -0.1917 -0.9813
vn -0.4039 -0.8571 0.3197
vn -0.5189 -0.8475 0.1118
vn -0.5885 -0.8001 -0.1160
vn -0.4382 0.6747 0.5939
vn -0.2779 0.4147 -0.8665
vn -0.4652 0.5617 -0.6842
vn 0.3753 0.8300 -0.4125
vn -0.2033 -0.9096 0.3624
vn -0.3268 -0.7796 -0.5343
vn -0.1611 -0.9769 -0.1404
vn -0.1959 -0.9356 0.2937
vn -0.0827 -0.7654 -0.6382
vn -0.9125 -0.2796 -0.2987
vn -0.2697 -0.9617 -0.0483
vn -0.5309 -0.2247 -0.8171
vn -0.2662 -0.9410 -0.2089
vn -0.0564 -0.1178 0.9914
vn -0.2598 -0.5568 0.7890
vn -0.2739 0.6418 0.7163
vn -0.2343 -0.9341 -0.2693
vn -0.5273 -0.7461 0.4067
vn -0.6966 0.3866 0.6044
vn 0.4504 0.2694 0.8512
vn -0.4032 0.2640 -0.8762
vn -0.5495 -0.6779 -0.4884
vn -0.3721 -0.9224 -0.1032
vn -0.0131 -0.0768 0.9970
vn -0.2402 -0.5649 -0.7894
vn -0.4620 -0.5554 0.6915
vn -0.1706 -0.9851 0.0213
vn -0.2823 -0.3747 0.8831
vn -0.4154 -0.4753 -0.7756
vn -0.0813 -0.6782 -0.7303
vn -0.6649 -0.3979 0.6321
vn -0.6513 -0.4163 -0.6345
vn -0.0005 -0.2263 -0.9741
vn -0.2273 0.2320 0.9458
vn 0.1389 -0.1134 -0.9838
vn -0.3749 -0.5574 -0.7408
vn -0.2647 -0.9429 0.2020
vn 0.2964 -0.9442 0.1437
vn -0.4661 0.6170 0.6342
vn 0.1822 -0.1426 0.9729
vn -0.1378 -0.9595 -0.2456
vn -0.1676 0.7777 -0.6058
vn -0.0647 -0.6217 -0.7806
vn -0.2693 0.3241 -0.9069
vn -0.3247 -0.0253 -0.9455
vn -0.4604 -0.5170 -0.7216
vn -0.5514 -0.6934 -0.4639
vn -0.1995 -0.3897 -0.8991
vn -0.3763 -0.9206 0.1049
vn 0.0501 0.3572 -0.9327
vn -0.2297 0.4314 0.8724
vn -0.1086 0.3296 0.9379
vn -0.2706 0.4349 0.8588
vn -0.1417 0.8358 0.5305
vn -0.2028 0.6686 -0.7155
vn -0.2577 -0.5635 -0.7849
vn -0.1803 0.7141 -0.6765
vn -0.2646 -0.3365 0.9037
vn -0.8682 -0.4540 0.2002
vn -0.1274 -0.9911 0.0392
vn -0.3902 -0.8718 -0.2960
vn 0.0740 0.8480 -0.5248
vn -0.7079 -0.2248 -0.6696
vn 0.2990 0.8877 0.3500
vn -0.2251 -0.9659 0.1276
vn -0.7664 0.3823 0.5162
vn -0.7390 -0.2603 0.6215
vn -0.0424 -0.6750 0.7366
vn -0.1958 -0.9198 0.3400
vn -0.1531 -0.9394 -0.3067
vn -0.3164 -0.2100 0.9251
vn -0.4890 0.7243 0.4861
vn -0.0877 -0.9083 0.4090
vn -0.1894 0.6742 0.7139
vn -0.3132 -0.8207 -0.4778
vn -0.7698 0.2124 -0.6020
vn 0.0729 -0.9737 0.2159
vn -0.3949 -0.8040 0.4446
vn -0.0707 -0.9039 -0.4218
vn -0.7966 0.5646 -0.2158
vn -0.2559 -0.2274 -0.9396
vn -0.2659 -0.4681 -0.8427
vn -0.2026 -0.5692 0.7968
vn -0.0656 -0.9846 -0.1620
vn -0.8851 -0.3297 0.3285
vn -0.4124 -0.8778 -0.2437
vn -0.2058 -0.4336 -0.8773
vn -0.5278 -0.5136 0.6765
vn -0.2379 -0.9700 0.0492
vn -0.7168 -0.0972 0.6905
vn -0.2266 0.6636 -0.7130
vn -0.3544 -0.7736 0.5253
vn -0.2505 -0.4499 0.8572
vn -0.1678 -0.9653 0.2002
vn -0.5385 -0.7516 -0.3810
vn -0.3822 0.6844 -0.6209
vn -0.1557 -0.6323 0.7589
vn -0.0961 0.8840 -0.4574
vn -0.1462 -0.6324 -0.7607
vn -0.1318 0.8761 0.4637
vn -0.9391 -0.2906 -0.1834
vn -0.8159 0.5659 0.1191
vn -0.4360 -0.5584 -0.7058
vn -0.7672 -0.4555 0.4515
vn 0.1568 0.2151 0.9639
vn 0.0381 -0.8473 -0.5297
vn -0.1750 -0.4517 0.8748
vn -0.1225 0.3572 -0.9259
vn -0.2675 -0.8976 0.3504
vn -0.3792 -0.1093 0.9188
vn -0.9840 0.1772 -0.0163
vn -0.3075 -0.4698 0.8275
vn -0.3916 0.3304 0.8588
vn -0.8123 -0.2784 0.5125
vn -0.5951 -0.5778 -0.5585
vn -0.1202 0.8690 0.4799
vn -0.7109 0.4531 -0.5378
vn -0.3021 -0.9302 -0.2085
vn -0.4862 0.2860 -0.8257
vn 0.0848 0.8390 0.5375
vn 0.2641 0.2007 -0.9434
vn -0.5443 -0.5129 -0.6638
vn -0.1973 0.7322 0.6519
vn -0.1347 -0.9245 -0.3566
vn -0.6240 -0.7799 0.0479
vn -0.2826 0.5615 0.7777
vn -0.0004 0.6122 -0.7907
vn -0.8018 -0.4923 -0.3389
vn -0.3168 0.6369 -0.7028
vn -0.2176 -0.2186 0.9512
vn -0.2520 -0.2876 -0.9240
vn -0.0726 -0.6116 0.7878
vn -0.3519 0.5116 -0.7839
vn -0.0682 -0.6666 -0.7423
vn 0.2599 0.2052 -0.9436
vn -0.5772 0.4207 0.6999
vn -0.3004 -0.3991 -0.8663
vn 0.1019 0.9922 -0.0716
vn -0.2209 -0.2110 -0.9522
vn -0.1306 -0.9170 -0.3769
vn -0.0177 -0.9775 -0.2100
vn -0.7752 -0.2550 -0.5779
vn 0.3351 -0.3522 -0.8739
vn -0.7727 -0.1810 0.6084
vn -0.5548 -0.4419 0.7049
vn 0.3944 -0.3197 0.8615
vn -0.1620 -0.9364 0.3113
vn 0.0005 -0.7070 -0.7072
vn -0.6454 -0.6752 0.3572
vn -0.9917 -0.1268 -0.0208
vn -0.8217 0.0822 0.5640
vn -0.8214 0.3173 -0.4739
vn -0.7213 0.2455 0.6477
vn -0.1182 -0.9838 -0.1349
vn -0.9316 -0.2155 0.2928
vn -0.8265 0.3966 -0.3996
vn -0.0104 -0.6789 0.7341
vn -0.1815 -0.6741 0.7160
vn -0.2438 0.5036 -0.8288
vn -0.3060 -0.9249 -0.2255
vn -0.7510 -0.1035 -0.6521
vn -0.8171 0.3363 0.4683
vn -0.0655 -0.8046 -0.5903
vn 0.0946 -0.8040 -0.5871
vn -0.2884 -0.3773 0.8800
vn -0.2725 0.5692 0.7758
vn -0.1415 -0.7421 -0.6552
vn 0.2470 -0.1780 -0.9525
vn -0.5682 0.2896 -0.7702
vn -0.1558 -0.7775 0.6093
vn 0.1581 -0.9874 -0.0021
vn 0.0707 -0.9319 -0.3558
vn -0.3714 -0.8928 -0.2549
vn 0.0193 0.0694 -0.9974
vn 0.4590 -0.4028 0.7919
vn -0.1446 -0.4913 0.8589
vn 0.3051 -0.3668 -0.8788
vn -0.1047 -0.3809 -0.9187
vn 0.0497 0.0467 0.9977
vn 0.1966 -0.1297 0.9719
vn -0.1803 -0.6855 -0.7054
vn -0.1371 -0.4416 0.8867
vn -0.2512 0.6632 0.7050
vn -0.6710 -0.3055 -0.6756
vn -0.4042 0.4079 -0.8187
vn -0.0649 0.5718 -0.8178
vn -0.0829 -0.7367 0.6711
vn -0.4426 -0.8516 0.2807
vn 0.0235 0.5094 0.8602
vn 0.0074 -0.9060 0.4233
vn 0.0015 0.6092 0.7930
vn -0.1730 0.4642 -0.8687
vn -0.3997 -0.5120 -0.7603
vn 0.0335 0.5155 -0.8562
vn 0.0223 0.8105 -0.5853
vn -0.1076 0.6603 0.7433
vn 0.3342 -0.2467 0.9096
vn -0.2408 -0.9024 0.3574
vn -0.3875 -0.8303 -0.4005
vn -0.3901 0.5868 0.7096
vn -0.5597 -0.0466 -0.8274
vn 0.3204 -0.1600 -0.9337
vn 0.3440 -0.0930 0.9343
vn -0.5244 -0.3122 -0.7921
vn -0.2128 -0.4978 -0.8408
vn -0.4003 -0.5187 0.7554
vn 0.2824 0.3880 0.8773
vn 0.2793 0.3884 -0.8781
vn 0.0338 -0.9626 -0.2689
vn -0.2097 -0.8913 -0.4021
vn -0.0858 -0.9461 -0.3124
vn -0.3933 -0.2248 0.8915
vn -0.0799 -0.7450 0.6623
vn -0.4881 0.1677 0.8565
vn 0.0570 0.1317 0.9896
vn -0.1029 -0.7295 -0.6762
vn -0.2048 -0.3393 0.9181
vn -0.1970 -0.3516 -0.9152
vn -0.0441 -0.9633 0.2646
vn 0.3830 0.8412 -0.3817
vn -0.4402 0.4430 0.7810
vn -0.2104 0.0407 0.9768
vn -0.1550 -0.5440 -0.8246
vn -0.3281 0.2894 -0.8992
vn -0.0217 0.0400 -0.9990
vn -0.0859 -0.0850 0.9927
vn -0.1528 -0.9376 0.3125
vn 0.2599 -0.7590 -0.5969
vn 0.3527 0.0809 0.9322
vn -0.2482 0.3676 -0.8963
vn 0.1006 -0.6292 0.7707
vn -0.1484 -0.2022 0.9681
vn -0.0968 -0.5010 0.8600
vn 0.0591 -0.4262 0.9027
vn -0.1915 -0.8000 -0.5687
vn -0.0544 0.7902 0.6104
vn -0.4287 -0.7967 -0.4260
vn -0.2522 -0.5101 0.8223
vn 0.4091 -0.4836 -0.7738
vn 0.2334 -0.6288 -0.7417
vn 0.1038 -0.3263 -0.9395
vn -0.1089 0.6048 0.7889
vn -0.6926 -0.6406 0.3316
vn -0.0067 -0.4030 0.9152
vn -0.3996 0.3003 0.8661
vn 0.0803 0.2749 0.9581
vn 0.5774 -0.5756 0.5790
vn -0.0208 0.2055 -0.9784
vn -0.0880 0.6294 -0.7721
vn -0.0669 -0.9788 -0.1936
vn -0.0442 -0.9788 0.1998
vn 0.0155 0.7149 -0.6991
vn 0.0088 -0.6565 -0.7542
vn -0.2874 0.0341 0.9572
vn 0.4065 -0.6890 0.6000
vn -0.0605 -0.8209 0.5678
vn -0.2668 -0.3664 -0.8914
vn 0.1807 -0.7225 0.6674
vn -0.1940 -0.1053 -0.9753
vn 0.0974 -0.4856 0.8687
vn -0.0413 0.1324 0.9903
vn 0.0395 -0.5270 -0.8489
vn 0.3425 0.5843 0.7357
vn 0.0921 0.5482 -0.8312
vn -0.0805 0.8364 0.5422
vn -0.6032 -0.2932 -0.7418
vn 0.0385 0.5648 0.8243
vn 0.0116 -0.9749 -0.2223
vn -0.1310 -0.6843 -0.7173
vn 0.0063 0.5164 -0.8563
vn -0.0027 0.8263 -0.5632
vn 0.0985 0.6213 0.7773
vn -0.6369 -0.3151 0.7036
vn -0.1332 0.2018 0.9703
vn -0.6287 -0.1141 -0.7692
vn 0.0083 -0.9842 0.1767
vn 0.0674 -0.8161 -0.5740
vn -0.5906 -0.1367 0.7953
vn 0.1182 -0.2843 0.9514
vn 0.0772 -0.4375 -0.8959
vn 0.0277 0.0503 -0.9983
vn -0.0636 -0.6827 -0.7279
vn 0.0551 0.3449 0.9370
vn 0.2492 -0.7940 -0.5545
vn -0.0900 0.9477 0.3062
vn 0.2060 0.7990 -0.5649
vn 0.0799 0.7806 -0.6199
vn 0.2062 -0.7197 -0.6629
vn 0.1440 0.4478 0.8825
vn 0.1824 0.4199 -0.8890
vn 0.1487 0.5082 -0.8483
vn 0.0547 0.8394 0.5408
vn -0.0834 0.2304 -0.9695
vn 0.0097 0.6203 -0.7843
vn 0.3054 -0.6992 0.6464
vn -0.0026 0.1866 0.9824
vn -0.2710 -0.8943 -0.3559
vn 0.0545 -0.5486 0.8343
vn -0.3825 -0.5047 0.7740
vn -0.4620 -0.3933 -0.7949
vn -0.5011 -0.2331 -0.8334
vn 0.0914 -0.8237 -0.5595
vn -0.2579 -0.8869 0.3833
vn -0.5608 -0.1917 0.8054
vn -0.0314 0.2557 0.9663
vn 0.1776 0.6965 -0.6953
vn 0.0557 -0.2130 -0.9755
vn -0.3644 -0.8959 -0.2542
vn -0.2356 0.2563 0.9375
vn -0.0174 -0.4917 -0.8706
vn 0.1342 -0.6871 -0.7140
vn 0.2708 0.3275 -0.9052
vn 0.1514 -0.6613 0.7347
vn 0.1172 0.2909 0.9495
vn 0.1220 0.2839 -0.9511
vn -0.1531 -0.2131 0.9650
vn 0.2572 0.8048 0.5350
vn -0.0529 -0.9810 -0.1865
vn 0.4527 -0.8706 0.1926
vn 0.6177 -0.3004 0.7268
vn -0.0776 -0.8342 0.5459
vn 0.6774 -0.0763 0.7317
vn 0.3219 0.6129 0.7217
vn 0.5219 -0.1876 -0.8321
vn 0.1914 0.4400 0.8774
vn 0.0088 0.6462 0.7631
vn 0.1995 0.6515 0.7320
vn 0.4286 0.2416 0.8706
vn -0.1107 -0.8050 -0.5829
vn 0.2952 -0.3762 -0.8782
vn 0.4012 -0.3284 0.8551
vn -0.3856 -0.8267 0.4097
vn 0.3809 -0.6729 0.6342
vn 0.0890 0.5585 -0.8247
vn 0.0829 -0.6758 0.7324
vn -0.3526 -0.7894 -0.5025
vn 0.0185 -0.8053 0.5925
vn 0.1894 -0.5075 0.8406
vn 0.5500 -0.5607 -0.6190
vn 0.0969 -0.7364 -0.6695
vn -0.0608 -0.6939 0.7175
vn -0.0592 -0.6518 -0.7560
vn 0.3552 0.7341 0.5786
vn 0.3586 0.3911 0.8476
vn 0.5918 -0.1216 -0.7969
vn 0.1843 -0.5793 -0.7940
vn -0.3782 -0.4482 -0.8100
vn 0.6817 -0.2863 -0.6733
vn 0.1088 0.6830 -0.7223
vn 0.6248 -0.2296 0.7462
vn 0.6441 -0.1197 0.7556
vn -0.0066 -0.9747 0.2233
vn 0.5259 -0.7735 0.3537
vn 0.2482 -0.8700 0.4260
vn 0.3961 0.2791 -0.8748
vn 0.1549 -0.9577 -0.2427
vn -0.1458 0.2225 -0.9640
vn -0.2100 -0.5582 0.8027
vn 0.0459 0.4211 -0.9059
vn -0.3199 0.3625 0.8754
vn 0.0202 -0.2386 0.9709
vn 0.1847 -0.2004 -0.9621
vn 0.0498 -0.9606 -0.2733
vn -0.0562 -0.6807 -0.7304
vn -0.2364 0.9682 -0.0815
vn 0.2327 0.7531 0.6154
vn 0.1650 -0.5930 -0.7881
vn 0.0542 -0.3675 -0.9284
vn 0.2001 -0.1671 0.9654
vn -0.3166 0.2783 -0.9068
vn 0.4934 -0.5631 0.6629
vn 0.0909 -0.8152 0.5720
vn 0.3366 0.1228 0.9336
vn -0.3409 -0.1322 0.9308
vn -0.1242 0.8457 -0.5190
vn 0.4887 -0.4039 0.7733
vn 0.5599 0.0791 0.8248
vn 0.2645 0.4457 -0.8552
vn 0.0254 -0.9476 0.3185
vn 0.0728 -0.6504 0.7561
vn 0.0655 0.0064 0.9978
vn 0.3795 -0.3694 -0.8482
vn 0.5766 -0.5699 0.5855
vn -0.0209 -0.9407 -0.3387
vn -0.3462 -0.2195 -0.9121
vn -0.0874 -0.9393 -0.3318
vn 0.2177 -0.8889 -0.4030
vn 0.1767 -0.9277 0.3289
vn 0.0902 0.8248 -0.5583
vn 0.0607 -0.1388 -0.9885
vn 0.3863 0.5960 -0.7039
vn 0.2270 -0.5119 0.8285
vn -0.2891 -0.4247 -0.8579
vn 0.5831 0.5724 0.5764
vn -0.3949 0.8137 -0.4266
vn -0.3805 0.4985 -0.7789
vn 0.2417 0.5900 0.7704
vn 0.2332 -0.1963 0.9524
vn 0.1388 0.1457 -0.9795
vn 0.7084 -0.7058 -0.0002
vn -0.0055 0.2812 0.9596
vn -0.2458 0.2098 0.9463
vn 0.1948 -0.7489 -0.6334
vn 0.2293 -0.2666 -0.9361
vn 0.2056 -0.9146 -0.3483
vn 0.0302 -0.9862 0.1628
vn 0.7734 0.4671 0.4286
vn 0.3778 0.1981 -0.9044
vn 0.0605 -0.3723 0.9261
vn 0.2319 -0.1481 0.9614
vn 0.6169 -0.5022 -0.6060
vn 0.1264 0.8680 -0.4802
vn 0.1635 -0.8747 -0.4562
vn 0.3888 -0.8612 0.3274
vn 0.6975 -0.6590 -0.2814
vn 0.1700 -0.3087 -0.9358
vn 0.7299 -0.5300 -0.4316
vn -0.4195 -0.8139 -0.4019
vn 0.7427 0.2463 0.6227
vn -0.0007 -0.9722 -0.2341
vn 0.1117 -0.4332 -0.8943
vn 0.5562 -0.8310 0.0104
vn 0.7334 0.0108 0.6797
vn 0.0613 -0.7755 0.6284
vn 0.1915 -0.4081 0.8926
vn 0.0783 -0.9051 -0.4179
vn 0.1157 0.6432 0.7569
vn 0.1742 0.7366 -0.6535
vn -0.3775 0.2172 -0.9002
vn 0.6424 -0.1103 -0.7584
vn 0.1770 0.6068 0.7749
vn -0.0855 -0.7232 0.6853
vn 0.5875 0.5672 -0.5771
vn 0.1515 -0.1680 0.9741
vn 0.2228 -0.7052 0.6731
vn 0.2270 0.5736 0.7870
vn 0.3023 -0.2397 -0.9226
vn -0.3933 -0.4473 0.8033
vn 0.2946 -0.3598 -0.8853
vn 0.1458 -0.9880 0.0514
vn 0.1082 0.8483 0.5183
vn 0.6112 0.4054 -0.6798
vn 0.6902 -0.3787 -0.6166
vn 0.1848 -0.7198 -0.6692
vn 0.7987 0.4152 -0.4354
vn -0.2131 0.5145 -0.8306
vn 0.7434 0.5207 -0.4199
vn 0.9674 0.1124 -0.2269
vn 0.2291 -0.5773 0.7837
vn 0.0383 -0.9863 -0.1604
vn 0.8128 -0.4036 -0.4201
vn -0.0263 -0.9487 0.3149
vn 0.7592 0.4071 0.5078
vn 0.2456 -0.9543 -0.1705
vn -0.2651 -0.2050 0.9422
vn 0.1416 0.8935 0.4262
vn 0.1844 -0.9014 -0.3917
vn -0.1717 -0.9851 0.0109
vn -0.3464 -0.3738 0.8604
vn 0.1717 -0.9847 0.0308
vn 0.1575 0.9390 -0.3057
vn 0.4968 0.0378 0.8671
vn -0.1953 -0.2059 -0.9589
vn 0.3115 0.5839 -0.7497
vn 0.0092 -0.6727 -0.7398
vn 0.4013 0.2888 0.8692
vn 0.5809 -0.8018 0.1405
vn 0.7749 -0.5290 0.3459
vn -0.4170 0.5174 0.7473
vn 0.1733 -0.5634 0.8078
vn 0.4936 0.4326 0.7544
vn 0.7338 -0.1043 0.6713
vn 0.2893 -0.9563 -0.0426
vn 0.5019 0.1252 -0.8558
vn 0.0336 -0.9110 0.4110
vn 0.0989 -0.9024 -0.4195
vn -0.2605 -0.3865 -0.8848
vn 0.6789 0.7171 0.1574
vn -0.4562 0.8213 0.3425
vn 0.0765 -0.9137 0.3990
vn 0.2214 -0.3198 -0.9212
vn 0.1629 -0.9261 0.3402
vn 0.2299 -0.2653 0.9364
vn 0.3086 -0.9207 0.2388
vn 0.8761 -0.4712 -0.1021
vn 0.2049 -0.3902 0.8977
vn 0.9655 0.1471 0.2151
vn 0.6538 0.3984 -0.6432
vn 0.3810 -0.6255 -0.6809
vn 0.1083 -0.9649 0.2394
vn 0.6521 -0.3428 -0.6762
vn 0.2145 -0.9733 0.0820
vn 0.2061 -0.8110 -0.5475
vn 0.7222 0.3097 -0.6185
vn 0.4702 0.1598 0.8680
vn 0.6880 -0.3137 0.6544
vn 0.2542 -0.8612 0.4402
vn 0.1430 -0.9785 -0.1486
vn 0.7788 0.6095 -0.1483
vn 0.7513 -0.1211 -0.6487
vn 0.8328 -0.5415 0.1150
vn 0.1260 -0.9865 -0.1045
vn 0.3203 -0.6027 -0.7309
vn 0.7327 -0.2064 0.6485
vn 0.5975 0.5323 -0.5997
vn 0.9750 -0.1761 -0.1353
vn 0.1731 0.5151 -0.8395
vn 0.7442 -0.2228 -0.6297
vn 0.3392 -0.3475 0.8742
vn 0.3623 0.8342 -0.4158
vn 0.3808 0.8378 0.3914
vn 0.5498 0.8073 0.2146
vn 0.5011 0.5360 0.6794
vn 0.3168 0.4767 0.8200
vn 0.6535 -0.4626 0.5991
vn 0.4888 -0.8699 0.0659
vn 0.4664 -0.8771 -0.1149
vn 0.1830 0.8181 -0.5452
vn 0.3024 0.6061 0.7357
vn 0.1860 -0.9824 -0.0170
vn 0.1050 -0.7566 0.6454
vn 0.8214 0.0100 -0.5702
vn 0.2683 -0.1875 -0.9449
vn 0.2286 -0.9733 0.0230
vn 0.6643 -0.4254 0.6146
vn 0.2540 -0.5999 -0.7586
vn 0.5988 -0.4444 -0.6663
vn 0.4365 0.4537 0.7769
vn 0.5005 0.1415 0.8541
vn 0.1711 -0.9795 -0.1063
vn 0.4513 -0.6646 0.5955
vn 0.2914 -0.7402 -0.6060
vn 0.2616 -0.8506 0.4561
vn -0.2753 0.8320 -0.4817
vn -0.0404 -0.0926 0.9949
vn -0.2760 0.2228 0.9350
vn -0.4767 0.2196 0.8512
vn 0.3388 -0.9304 -0.1401
vn 0.3524 -0.8069 -0.4740
vn 0.2585 -0.7572 0.5999
vn 0.9783 -0.1786 -0.1048
vn 0.3202 -0.7097 0.6275
vn -0.6159 0.2625 -0.7429
vn 0.0303 -0.9818 0.1876
vn 0.1708 -0.9591 -0.2255
vn 0.4532 0.6082 -0.6517
vn 0.2922 -0.9528 0.0820
vn -0.0105 -0.8815 -0.4720
vn 0.4607 -0.5615 -0.6874
vn 0.4096 -0.5715 -0.7111
vn 0.1161 -0.6263 -0.7709
vn 0.2823 -0.2377 0.9294
vn 0.4144 0.2654 -0.8705
vn 0.2544 -0.6798 -0.6879
vn -0.6327 0.2557 0.7310
vn 0.1855 -0.9151 -0.3580
vn 0.2704 0.1589 -0.9495
vn 0.2046 -0.9450 -0.2552
vn 0.2562 -0.7133 -0.6523
vn 0.7280 0.4384 0.5271
vn 0.3087 -0.8556 -0.4155
vn -0.0677 -0.7048 0.7061
vn 0.0511 0.9166 -0.3965
vn -0.2631 -0.5481 -0.7939
vn 0.7499 -0.2167 -0.6250
vn 0.2546 -0.7966 -0.5483
vn -0.2599 0.8430 0.4709
vn 0.3335 0.6589 0.6742
vn 0.4517 -0.7800 0.4331
vn 0.2832 -0.9489 0.1395
vn 0.2777 -0.3196 -0.9059
vn -0.0718 -0.9610 -0.2670
vn 0.4294 -0.4821 -0.7636
vn 0.4155 -0.7463 0.5201
vn -0.1380 -0.1511 -0.9788
vn 0.5215 -0.8095 0.2697
vn 0.3194 -0.3353 0.8863
vn 0.3520 -0.9199 0.1731
vn 0.2728 -0.6143 0.7404
vn 0.3197 -0.0403 0.9467
vn 0.2356 -0.7750 0.5865
vn -0.1671 -0.2560 0.9521
vn 0.5313 -0.7851 -0.3185
vn 0.2210 -0.6780 -0.7011
vn 0.2969 -0.3847 0.8740
vn 0.2505 -0.5847 0.7716
vn -0.6373 0.7700 -0.0306
vn 0.3165 -0.8471 0.4269
vn 0.7477 -0.5719 0.3375
vn 0.4976 0.1168 -0.8595
vn -0.2460 -0.7738 0.5837
vn 0.9191 0.3355 -0.2068
vn 0.4860 0.6322 0.6034
vn 0.1921 -0.9459 0.2615
vn 0.4931 0.4709 -0.7315
vn 0.5440 0.5934 0.5932
vn -0.2353 -0.8124 -0.5334
vn 0.7186 -0.2017 0.6655
vn 0.4763 -0.7801 -0.4057
vn -0.6992 0.5711 -0.4301
vn 0.3446 0.5325 -0.7731
vn 0.5930 0.6592 0.4624
vn 0.1871 -0.9233 -0.3356
vn 0.6113 -0.1197 -0.7823
vn 0.2509 0.8281 0.5014
vn 0.3638 -0.8607 0.3562
vn 0.0270 -0.1467 0.9888
vn -0.1708 -0.2915 -0.9412
vn 0.0267 -0.1337 -0.9907
vn 0.1738 -0.9437 0.2814
vn -0.0147 -0.1688 -0.9855
vn 0.3311 -0.9422 0.0511
vn 0.5414 -0.3155 -0.7793
vn 0.1561 0.8994 0.4083
vn 0.2827 -0.6501 0.7053
vn 0.7120 0.6384 0.2924
vn 0.2479 -0.9072 0.3399
vn 0.5604 -0.4474 0.6970
vn -0.0684 -0.9823 -0.1746
vn 0.7456 0.5970 -0.2961
vn 0.4998 0.6686 -0.5507
vn 0.4006 -0.8962 0.1907
vn 0.3161 -0.9262 -0.2056
vn 0.2108 -0.8988 -0.3843
vn 0.4284 0.6122 -0.6646
vn 0.6762 0.6055 0.4195
vn 0.7681 -0.0844 -0.6347
vn 0.2591 -0.9533 0.1555
vn 0.8915 -0.0577 0.4493
vn 0.4773 0.4148 0.7747
vn 0.3300 -0.6863 -0.6481
vn 0.3123 -0.9444 -0.1030
vn 0.5150 -0.8272 0.2248
vn 0.6117 -0.5482 0.5704
vn 0.5373 -0.5226 0.6620
vn 0.5210 -0.5289 0.6699
vn 0.4721 -0.6207 -0.6259
vn 0.3645 -0.1615 0.9171
vn 0.6508 0.2832 0.7044
vn 0.3094 -0.7681 -0.5605
vn 0.5732 0.4282 0.6986
vn 0.2073 -0.7612 -0.6144
vn -0.0597 -0.2703 0.9609
vn -0.7524 0.5036 0.4245
vn 0.2373 -0.9327 -0.2714
vn 0.7310 0.5629 -0.3858
vn 0.8767 -0.2640 -0.4022
vn 0.8751 0.1924 -0.4440
vn -0.0537 -0.4118 -0.9097
vn -0.6243 0.1444 0.7677
vn 0.8423 0.3005 0.4474
vn 0.4137 0.7977 -0.4388
vn 0.9018 -0.1199 0.4151
vn 0.5929 -0.7612 0.2628
vn 0.4616 -0.6794 -0.5704
vn -0.1259 -0.9911 0.0432
vn 0.4319 -0.3910 0.8127
vn 0.5151 -0.8243 -0.2349
vn 0.3781 -0.9101 -0.1697
vn 0.0279 -0.4445 0.8953
vn 0.8904 -0.1980 0.4099
vn 0.4014 -0.8336 -0.3795
vn 0.5006 -0.6435 0.5790
vn 0.2650 -0.9638 -0.0282
vn 0.6250 -0.0466 0.7792
vn 0.8946 -0.1552 -0.4190
vn 0.8809 -0.2546 0.3989
vn 0.3561 -0.4372 -0.8259
vn 0.3999 -0.8023 -0.4432
vn 0.8003 -0.3758 0.4672
vn 0.2112 -0.8574 -0.4694
vn 0.0418 -0.7366 -0.6751
vn 0.5662 0.4344 -0.7005
vn 0.6334 0.7693 0.0837
vn 0.1482 0.5833 -0.7986
vn 0.5446 -0.7616 0.3512
vn 0.7908 0.0250 -0.6115
vn 0.4837 -0.4177 -0.7691
vn 0.3892 -0.7586 0.5225
vn 0.1133 -0.7121 0.6929
vn 0.8400 0.4647 -0.2799
vn 0.6004 -0.7821 -0.1667
vn 0.3780 -0.8986 0.2228
vn 0.6754 0.3003 -0.6735
vn 0.6942 -0.7176 -0.0561
vn 0.6492 -0.2173 0.7289
vn 0.4311 -0.4133 0.8021
vn 0.7596 -0.1002 -0.6426
vn 0.9610 -0.0093 0.2763
vn 0.2843 -0.9264 0.2470
vn 0.9290 0.3626 0.0744
vn 0.2479 0.3123 0.9171
vn 0.3538 -0.8184 -0.4529
vn 0.2932 -0.8158 -0.4984
vn 0.8617 0.1232 -0.4922
vn 0.5602 -0.6876 -0.4620
vn 0.8912 -0.4456 0.0852
vn 0.8972 -0.3408 -0.2809
vn 0.6894 0.1693 0.7043
vn 0.1612 -0.9818 0.1000
vn 0.9867 0.1343 0.0917
vn 0.7932 -0.2152 -0.5697
vn 0.3689 -0.9124 0.1773
vn 0.3286 -0.8139 0.4792
vn 0.2409 -0.9590 -0.1489
vn -0.1537 -0.7164 -0.6806
vn -0.1323 0.6080 0.7828
vn 0.3902 -0.8109 0.4362
vn 0.1702 -0.1749 0.9698
vn 0.8493 -0.5199 -0.0913
vn 0.5956 -0.5891 -0.5461
vn 0.5841 0.2855 0.7598
vn 0.1415 0.2093 -0.9676
vn 0.4819 -0.2561 -0.8380
vn 0.3550 -0.7902 0.4996
vn 0.4331 -0.8952 -0.1053
vn 0.5180 -0.4507 0.7270
vn 0.6693 -0.3089 0.6757
vn 0.6785 -0.7207 -0.1422
vn 0.3906 -0.5972 0.7005
vn 0.1709 -0.9412 0.2915
vn 0.5386 -0.6864 0.4886
vn 0.0561 0.5771 -0.8148
vn -0.6876 0.2430 -0.6843
vn -0.8487 0.2873 -0.4441
vn 0.0714 -0.2941 0.9531
vn 0.1615 -0.4112 -0.8971
vn 0.4485 -0.8666 0.2185
vn 0.1820 -0.2268 -0.9568
vn 0.6014 -0.4595 0.6536
vn 0.9030 -0.3685 0.2209
vn 0.4376 -0.8811 -0.1792
vn 0.5591 0.4641 -0.6871
vn 0.5247 0.3112 0.7924
vn 0.6276 -0.7657 0.1407
vn 0.4447 -0.1191 -0.8877
vn 0.3317 -0.1203 0.9357
vn 0.8606 0.4927 0.1294
vn 0.5111 0.5794 -0.6349
vn 0.3628 -0.6993 0.6159
vn 0.2754 0.5475 -0.7902
vn -0.3626 0.8592 0.3610
vn 0.6736 -0.4273 -0.6030
vn 0.9943 0.0752 -0.0760
vn 0.6616 0.5725 -0.4843
vn 0.4473 0.6698 0.5927
vn 0.5579 -0.5068 0.6572
vn 0.1893 -0.9157 -0.3544
vn -0.8839 0.4676 -0.0027
vn 0.7142 -0.2970 0.6338
vn 0.3134 -0.9278 0.2023
vn 0.0121 0.7254 -0.6883
vn 0.7293 -0.6099 0.3101
vn 0.4603 -0.3405 0.8198
vn 0.8548 0.1256 -0.5035
vn 0.7732 0.6341 -0.0065
vn 0.3186 -0.7987 -0.5104
vn -0.8556 0.1569 0.4932
vn 0.6273 -0.7408 0.2403
vn -0.3611 0.8457 -0.3930
vn 0.0581 0.6297 0.7746
vn 0.9169 -0.0822 0.3906
vn 0.6852 0.4942 0.5351
vn 0.5763 0.5803 0.5754
vn 0.9235 -0.2107 -0.3204
vn 0.9004 -0.1061 -0.4220
vn 0.9430 0.2692 -0.1954
vn 0.9595 0.2056 0.1926
vn 0.1758 -0.2715 -0.9463
vn -0.9127 0.1994 -0.3568
vn 0.3037 0.8682 0.3924
vn 0.1935 -0.2660 0.9443
vn 0.6938 -0.1025 0.7129
vn 0.8274 -0.5508 0.1093
vn 0.6560 -0.6441 0.3934
vn 0.6593 -0.6791 -0.3228
vn 0.6576 -0.7255 -0.2032
vn 0.4914 0.4064 -0.7703
vn -0.0407 0.9890 -0.1419
vn 0.9593 -0.1968 0.2026
vn 0.9280 0.1958 0.3168
vn 0.6581 -0.4701 -0.5882
vn -0.9556 0.2103 0.2063
vn 0.5271 -0.5718 0.6287
vn 0.5515 -0.7650 -0.3326
vn 0.5856 -0.8039 -0.1043
vn 0.5642 -0.7511 -0.3430
vn 0.7582 0.4721 -0.4497
vn 0.5787 -0.5762 -0.5771
vn 0.5493 -0.3038 -0.7785
vn -0.7882 0.3132 0.5298
vn 0.7494 -0.3985 0.5288
vn 0.4859 0.3797 0.7872
vn 0.9572 -0.2299 0.1758
vn 0.7350 -0.6773 0.0309
vn 0.6219 -0.7829 -0.0178
vn 0.2970 0.8757 -0.3806
vn 0.2712 -0.5217 0.8089
vn 0.7859 0.6184 0.0004
vn 0.2412 -0.9040 -0.3530
vn 0.3725 -0.7534 0.5419
vn 0.5989 0.5363 0.5947
vn 0.2212 -0.9162 0.3342
vn 0.9099 -0.3664 0.1944
vn 0.6473 -0.6822 0.3401
vn 0.8707 0.2539 0.4211
vn 0.5267 -0.6637 -0.5311
vn 0.5379 -0.3696 0.7577
vn 0.6132 -0.4278 -0.6641
vn 0.3329 -0.7248 -0.6031
vn 0.4110 0.5247 0.7455
vn -0.2043 0.9036 -0.3765
vn 0.6047 -0.7769 0.1751
vn 0.7937 -0.2069 0.5721
vn 0.7591 -0.1722 -0.6278
vn 0.6224 -0.7747 -0.1120
vn 0.9682 -0.2211 -0.1174
vn 0.6355 -0.6528 -0.4123
vn 0.3616 0.5433 -0.7577
vn 0.7068 0.6442 -0.2922
vn -0.3625 -0.6380 0.6794
vn 0.4372 -0.1299 0.8899
vn 0.5079 0.5732 -0.6430
vn 0.4139 -0.7846 0.4616
vn 0.7352 0.5311 0.4213
vn 0.4435 -0.1323 -0.8864
vn 0.8113 -0.5618 0.1619
vn 0.4745 0.5837 0.6589
vn 0.3462 -0.9381 -0.0087
vn 0.7256 -0.3949 -0.5636
vn 0.6501 -0.7568 0.0680
vn 0.7057 -0.7040 0.0796
vn -0.8264 0.3277 -0.4579
vn -0.9600 0.1859 -0.2092
vn 0.8357 -0.5058 0.2138
vn 0.8728 -0.3961 -0.2850
vn 0.6734 0.1811 0.7167
vn 0.7077 -0.7029 -0.0712
vn 0.6946 -0.4689 0.5457
vn 0.7701 0.2162 -0.6002
vn 0.7833 -0.3534 0.5113
vn 0.6042 -0.1684 0.7788
vn 0.7073 -0.4521 -0.5435
vn 0.7958 -0.3560 -0.4899
vn 0.8836 0.2637 0.3870
vn 0.8521 0.2378 -0.4662
vn 0.8864 -0.4628 -0.0122
vn 0.3655 -0.3451 -0.8645
vn 0.8958 -0.0623 -0.4402
vn 0.9377 0.2126 -0.2747
vn 0.9800 0.1691 -0.1047
vn 0.9386 -0.2890 -0.1886
vn 0.7827 0.5184 0.3445
vn 0.9948 -0.1015 0.0001
vn 0.3565 -0.1873 -0.9154
vn 0.7082 0.2430 -0.6629
vn 0.9790 -0.1426 0.1458
vn 0.5415 -0.7991 -0.2611
vn 0.9946 -0.1011 0.0237
vn 0.5832 -0.2891 -0.7591
vn 0.6892 -0.5810 -0.4330
vn 0.3863 -0.1951 0.9015
vn 0.9664 -0.1895 -0.1739
vn 0.8322 -0.5545 0.0002
vn 0.8254 -0.4810 -0.2956
vn 0.7395 0.3718 -0.5611
vn -0.4399 0.8576 -0.2666
vn 0.9349 -0.1621 -0.3159
vn 0.8735 -0.4035 0.2725
vn 0.7262 0.4313 0.5354
vn 0.3554 -0.8556 -0.3764
vn 0.5572 0.6379 0.5315
vn 0.9076 -0.3693 -0.1998
vn 0.3836 -0.3585 0.8511
vn -0.9737 0.1971 0.1143
vn 0.6744 -0.2149 -0.7064
vn 0.3587 -0.3393 0.8696
vn 0.5803 -0.3317 -0.7438
vn 0.7573 -0.6525 -0.0280
vn 0.4251 0.8331 0.3538
vn 0.6225 0.6085 -0.4921
vn 0.8027 -0.3292 -0.4973
vn 0.5955 0.6212 0.5095
vn 0.4863 0.6634 -0.5687
vn 0.8107 -0.5717 -0.1267
vn 0.5404 -0.3435 0.7681
vn 0.9363 -0.3129 -0.1598
vn 0.9022 0.2387 0.3591
vn 0.6494 -0.7354 0.1933
vn 0.8705 0.1831 0.4568
vn 0.6705 -0.1790 0.7200
vn 0.8453 -0.4892 0.2148
vn 0.9502 -0.3113 -0.0168
vn 0.7788 -0.6190 0.1016
vn 0.5028 -0.5201 0.6904
vn 0.9165 -0.3433 0.2053
vn 0.9243 -0.2593 -0.2801
vn 0.6292 0.3564 -0.6908
vn 0.9128 -0.1287 0.3875
vn 0.1599 -0.9542 -0.2527
vn 0.4926 -0.2147 0.8433
vn 0.9466 -0.2023 -0.2509
vn -0.5438 0.8286 0.1328
vn 0.3374 -0.8864 0.3169
vn 0.3921 0.6837 0.6155
vn 0.7362 0.6219 -0.2670
vn 0.8385 -0.5391 0.0798
vn 0.5863 -0.5518 -0.5931
vn 0.9223 -0.2466 0.2976
vn 0.1826 0.5283 -0.8292
vn 0.3541 0.8864 -0.2983
vn 0.3525 -0.3603 -0.8637
vn 0.9182 0.2016 0.3409
vn 0.5310 -0.6554 0.5372
vn -0.4420 0.8705 0.2163
vn -0.5220 0.8423 -0.1343
vn 0.8947 0.3581 -0.2671
vn 0.6414 -0.2263 -0.7331
vn 0.9612 -0.2714 0.0492
vn 0.8407 0.2012 -0.5028
vn 0.9566 -0.2165 0.1953
vn 0.9304 -0.1554 -0.3320
vn 0.6492 -0.4582 0.6072
vn 0.9317 -0.1275 0.3401
vn 0.5993 -0.1506 0.7862
vn 0.9192 0.3498 0.1807
vn 0.3542 -0.8816 0.3119
vn 0.9460 -0.2333 -0.2253
vn 0.9902 0.1342 0.0385
vn 0.9826 0.1276 -0.1348
vn 0.8750 0.4618 -0.1454
vn 0.6076 -0.1031 -0.7875
vn 0.8878 0.3772 -0.2637
vn 0.6332 0.4436 0.6343
vn 0.8938 -0.3379 -0.2949
vn 0.9122 -0.3461 0.2193
vn 0.9441 0.2407 0.2252
vn 0.5298 -0.5010 -0.6843
vn 0.7873 -0.1070 0.6073
vn 0.8019 -0.4802 0.3556
vn 0.9582 -0.1847 -0.2185
vn 0.7918 0.6038 0.0921
vn 0.8115 -0.5689 -0.1334
vn 0.8894 -0.4189 -0.1833
vn 0.7204 -0.6773 -0.1495
vn 0.9377 0.3363 -0.0878
vn 0.9703 -0.1172 -0.2116
vn 0.9636 -0.1242 0.2368
vn 0.8950 -0.3565 -0.2680
vn 0.9201 -0.2676 0.2859
vn 0.5532 -0.6239 0.5520
vn 0.8403 -0.1838 0.5101
vn 0.7859 -0.1140 -0.6077
vn 0.9352 -0.2172 0.2796
vn 0.5652 -0.7246 0.3944
vn 0.5055 -0.3508 0.7883
vn 0.6103 -0.4133 -0.6758
vn 0.9369 -0.3494 0.0068
vn 0.9540 0.2992 -0.0206
vn 0.8645 -0.3531 0.3576
vn 0.9841 -0.1713 0.0478
vn 0.6723 -0.3288 -0.6633
vn 0.7341 -0.2993 -0.6095
vn 0.4853 0.5865 -0.6484
vn 0.6941 -0.2992 0.6548
vn 0.6477 -0.3851 -0.6573
vn 0.8549 -0.2250 -0.4674
vn 0.4143 -0.8549 -0.3123
vn 0.6433 0.6219 -0.4465
vn 0.6382 0.5301 0.5582
vn 0.9960 0.0367 0.0818
vn 0.4708 -0.7969 0.3785
vn 0.8530 -0.4222 0.3067
vn 0.6250 -0.3630 0.6910
vn 0.5476 -0.6465 -0.5312
vn 0.2317 0.4333 -0.8710
vn 0.8006 -0.5969 0.0524
vn -0.5451 0.8383 -0.0120
vn 0.6413 -0.6910 -0.3336
vn 0.8801 -0.3908 -0.2695
vn 0.2745 -0.9340 -0.2288
vn 0.6977 0.5271 0.4852
vn 0.7061 0.5515 -0.4442
vn 0.6105 -0.7154 0.3399
vn 0.0903 0.5924 -0.8006
vn 0.6777 -0.3370 0.6536
vn 0.1988 -0.9047 -0.3768
vn 0.3561 -0.9072 0.2241
vn 0.4165 0.8486 -0.3262
vn 0.6035 -0.7323 0.3154
vn 0.7402 -0.4625 -0.4881
vn 0.7263 -0.5560 0.4042
vn 0.7590 -0.3070 0.5742
vn 0.8148 -0.3321 -0.4751
vn 0.8157 -0.5165 0.2605
vn 0.3713 0.8999 0.2289
vn 0.4309 0.8637 0.2614
vn 0.7521 -0.3552 -0.5552
vn 0.5948 -0.7797 -0.1955
vn 0.7481 -0.3722 -0.5494
vn 0.2255 -0.9488 -0.2214
vn 0.7088 -0.5090 0.4883
vn 0.3728 -0.9272 0.0376
vn 0.6534 0.5832 0.4826
vn 0.7669 -0.6381 0.0683
vn 0.6019 -0.6310 -0.4894
vn 0.7102 0.5441 -0.4467
vn 0.5019 -0.8649 0.0042
vn 0.6864 -0.6931 -0.2200
vn 0.6406 0.7628 -0.0882
vn 0.5155 -0.8565 0.0259
vn 0.7169 -0.6276 0.3036
vn 0.3264 -0.9300 0.1690
vn 0.5284 0.8066 -0.2649
vn 0.6927 -0.6860 -0.2226
vn 0.8355 0.0098 0.5494
vn 0.8507 -0.2649 -0.4541
vn 0.8399 -0.5261 -0.1330
vn 0.4672 0.8688 0.1642
vn 0.8259 0.5242 0.2078
vn 0.8974 0.4411 -0.0026
vn 0.9942 -0.1032 -0.0304
vn 0.7161 -0.6310 0.2983
vn 0.7924 0.5040 -0.3436
vn 0.7905 0.5792 0.1989
vn 0.3824 -0.9105 -0.1575
vn 0.4321 -0.9011 -0.0367
vn 0.8352 -0.5475 -0.0517
vn 0.3215 0.9067 0.2730
vn 0.8139 -0.3740 0.4447
vn 0.8944 -0.4470 0.0187
vn 0.3894 0.8924 -0.2279
vn 0.9257 -0.3649 -0.0999
vn 0.8952 -0.4442 0.0365
vn 0.8324 0.4900 0.2590
vn 0.7761 -0.6198 -0.1159
vn 0.7411 0.5270 -0.4159
vn 0.6637 -0.7357 0.1353
vn 0.2960 -0.9417 0.1598
vn 0.2989 -0.9313 -0.2082
vn 0.8800 0.0329 0.4739
vn 0.8604 -0.3193 -0.3971
vn 0.9272 -0.3728 -0.0354
vn 0.3934 -0.9138 -0.1005
vn 0.4346 -0.8945 0.1044
vn 0.6831 0.6781 -0.2711
vn 0.6440 0.5983 0.4767
vn 0.6639 0.7329 -0.1487
vn 0.5322 -0.8458 -0.0370
vn 0.7721 0.6256 0.1117
vn 0.4881 0.8697 0.0739
vn 0.4303 -0.9011 0.0529
vn 0.5692 -0.8216 0.0320
vn 0.4579 0.8725 -0.1703
vn 0.7323 0.6572 0.1787
vn 0.8139 0.5740 -0.0897
vn 0.7561 0.6069 0.2451
vn 0.5100 0.8438 0.1672
vn 0.7361 0.6764 0.0240
vn 0.7873 0.6098 -0.0906
vn 0.7774 0.6238 0.0812
vn 0.8606 -0.3953 0.3210
vn 0.6637 0.7309 -0.1589
vn 0.8718 -0.3569 -0.3356
vn 0.7227 0.6227 -0.2999
vn 0.2511 -0.9653 -0.0722
vn 0.8295 0.5021 0.2445
vn 0.5375 0.8329 -0.1322
vn 0.7360 0.6508 0.1862
vn 0.8818 -0.4023 -0.2463
vn 0.9327 -0.3512 0.0819
vn 0.8934 0.4486 -0.0243
vn 0.6524 0.6852 0.3237
vn 0.8973 -0.3781 0.2277
vn 0.9053 -0.4040 -0.1313
vn 0.7804 0.5397 -0.3157
vn 0.9888 -0.1446 -0.0378
s 1
usemtl none
f 1//1 3//3 2//2
f 2//2 3//3 4//4
f 1//1 6//6 7//7
f 9//9 2//2 8//8
f 6//6 11//11 10//10
f 2//2 4//4 5//5
f 1//1 2//2 14//14
f 6//6 14//14 12//12
f 6//6 12//12 11//11
f 9//9 18//18 2//2
f 6//6 10//10 7//7
f 8//8 2//2 16//16
f 1//1 14//14 6//6
f 9//9 17//17 18//18
f 2//2 5//5 16//16
f 12//12 14//14 20//20
f 9//9 15//15 13//13
f 9//9 8//8 15//15
f 19//19 21//21 13//13
f 12//12 22//22 34//34
f 9//9 13//13 17//17
f 3//3 25//25 4//4
f 10//10 11//11 23//23
f 3//3 1//1 25//25
f 8//8 27//27 15//15
f 7//7 25//25 1//1
f 13//13 15//15 24//24
f 13//13 24//24 19//19
f 19//19 24//24 26//26
f 13//13 31//31 17//17
f 12//12 34//34 28//28
f 11//11 12//12 28//28
f 20//20 30//30 12//12
f 21//21 31//31 13//13
f 22//22 12//12 30//30
f 14//14 29//29 20//20
f 18//18 37//37 2//2
f 4//4 25//25 5//5
f 18//18 17//17 37//37
f 7//7 23//23 25//25
f 7//7 10//10 23//23
f 34//34 22//22 32//32
f 8//8 16//16 27//27
f 25//25 33//33 5//5
f 5//5 33//33 16//16
f 19//19 26//26 42//42
f 25//25 23//23 33//33
f 19//19 36//36 21//21
f 11//11 28//28 23//23
f 2//2 37//37 14//14
f 22//22 35//35 57//57
f 27//27 24//24 15//15
f 22//22 30//30 35//35
f 31//31 21//21 45//45
f 19//19 40//40 36//36
f 37//37 43//43 39//39
f 27//27 16//16 26//26
f 21//21 36//36 45//45
f 22//22 41//41 32//32
f 33//33 23//23 28//28
f 14//14 38//38 29//29
f 19//19 42//42 40//40
f 17//17 44//44 37//37
f 27//27 26//26 24//24
f 22//22 57//57 41//41
f 38//38 14//14 47//47
f 14//14 46//46 47//47
f 14//14 37//37 39//39
f 41//41 58//58 32//32
f 14//14 39//39 46//46
f 17//17 31//31 44//44
f 29//29 38//38 20//20
f 33//33 28//28 58//58
f 34//34 32//32 28//28
f 39//39 43//43 49//49
f 43//43 37//37 44//44
f 39//39 49//49 50//50
f 43//43 52//52 49//49
f 26//26 16//16 70//70
f 35//35 30//30 51//51
f 36//36 54//54 48//48
f 38//38 47//47 59//59
f 28//28 32//32 58//58
f 35//35 53//53 55//55
f 40//40 42//42 56//56
f 58//58 79//79 33//33
f 31//31 45//45 44//44
f 36//36 60//60 45//45
f 26//26 56//56 42//42
f 30//30 20//20 38//38
f 30//30 38//38 62//62
f 16//16 33//33 70//70
f 39//39 50//50 46//46
f 40//40 56//56 36//36
f 36//36 48//48 60//60
f 43//43 44//44 61//61
f 61//61 44//44 45//45
f 50//50 49//49 65//65
f 61//61 45//45 63//63
f 35//35 55//55 57//57
f 53//53 68//68 55//55
f 33//33 69//69 70//70
f 46//46 66//66 47//47
f 49//49 52//52 65//65
f 48//48 54//54 67//67
f 56//56 26//26 54//54
f 30//30 62//62 51//51
f 35//35 64//64 53//53
f 62//62 38//38 59//59
f 41//41 57//57 58//58
f 62//62 71//71 51//51
f 59//59 73//73 62//62
f 62//62 73//73 71//71
f 36//36 56//56 54//54
f 61//61 63//63 72//72
f 52//52 43//43 72//72
f 53//53 64//64 75//75
f 57//57 55//55 58//58
f 45//45 60//60 74//74
f 43//43 61//61 72//72
f 63//63 45//45 74//74
f 55//55 68//68 76//76
f 63//63 77//77 72//72
f 58//58 55//55 79//79
f 68//68 53//53 82//82
f 35//35 51//51 64//64
f 67//67 78//78 85//85
f 67//67 85//85 48//48
f 50//50 80//80 46//46
f 53//53 89//89 82//82
f 54//54 83//83 67//67
f 33//33 79//79 106//106
f 77//77 88//88 72//72
f 48//48 85//85 81//81
f 68//68 82//82 76//76
f 55//55 76//76 79//79
f 50//50 84//84 86//86
f 53//53 75//75 89//89
f 67//67 83//83 78//78
f 71//71 99//99 51//51
f 63//63 74//74 77//77
f 47//47 66//66 92//92
f 73//73 59//59 90//90
f 72//72 88//88 93//93
f 59//59 47//47 91//91
f 72//72 97//97 52//52
f 73//73 96//96 71//71
f 66//66 46//46 87//87
f 46//46 80//80 87//87
f 50//50 65//65 84//84
f 60//60 95//95 74//74
f 48//48 81//81 60//60
f 50//50 86//86 80//80
f 33//33 106//106 69//69
f 64//64 51//51 99//99
f 72//72 93//93 100//100
f 83//83 54//54 78//78
f 70//70 104//104 26//26
f 52//52 97//97 98//98
f 75//75 64//64 108//108
f 52//52 98//98 65//65
f 59//59 102//102 90//90
f 79//79 76//76 101//101
f 73//73 90//90 96//96
f 60//60 94//94 95//95
f 59//59 91//91 102//102
f 26//26 120//120 54//54
f 76//76 82//82 101//101
f 60//60 81//81 94//94
f 101//101 106//106 79//79
f 86//86 84//84 105//105
f 54//54 120//120 78//78
f 77//77 107//107 88//88
f 91//91 47//47 129//129
f 89//89 110//110 82//82
f 64//64 99//99 108//108
f 89//89 75//75 116//116
f 71//71 111//111 99//99
f 75//75 108//108 116//116
f 81//81 85//85 109//109
f 111//111 71//71 112//112
f 71//71 96//96 112//112
f 89//89 103//103 110//110
f 72//72 136//136 97//97
f 103//103 101//101 110//110
f 81//81 115//115 94//94
f 89//89 114//114 103//103
f 65//65 105//105 84//84
f 111//111 108//108 99//99
f 77//77 95//95 130//130
f 74//74 95//95 77//77
f 72//72 100//100 136//136
f 77//77 130//130 118//118
f 78//78 119//119 85//85
f 66//66 87//87 141//141
f 82//82 110//110 101//101
f 111//111 116//116 108//108
f 130//130 95//95 126//126
f 120//120 119//119 78//78
f 96//96 121//121 112//112
f 89//89 116//116 114//114
f 80//80 117//117 87//87
f 96//96 90//90 174//174
f 111//111 112//112 122//122
f 93//93 113//113 100//100
f 85//85 119//119 109//109
f 94//94 126//126 95//95
f 65//65 98//98 105//105
f 81//81 109//109 115//115
f 103//103 114//114 137//137
f 66//66 141//141 92//92
f 77//77 118//118 107//107
f 111//111 122//122 116//116
f 93//93 88//88 113//113
f 86//86 128//128 80//80
f 109//109 124//124 115//115
f 70//70 69//69 125//125
f 116//116 135//135 114//114
f 129//129 47//47 92//92
f 103//103 137//137 101//101
f 129//129 166//166 91//91
f 115//115 124//124 123//123
f 86//86 105//105 128//128
f 117//117 80//80 128//128
f 118//118 130//130 194//194
f 119//119 120//120 109//109
f 114//114 131//131 137//137
f 104//104 161//161 26//26
f 129//129 92//92 141//141
f 88//88 107//107 140//140
f 132//132 133//133 134//134
f 69//69 106//106 211//211
f 116//116 122//122 139//139
f 123//123 127//127 115//115
f 107//107 118//118 169//169
f 133//133 132//132 138//138
f 109//109 120//120 124//124
f 97//97 136//136 183//183
f 128//128 105//105 145//145
f 91//91 166//166 102//102
f 114//114 147//147 131//131
f 96//96 174//174 121//121
f 102//102 151//151 90//90
f 98//98 97//97 146//146
f 132//132 168//168 149//149
f 118//118 209//209 169//169
f 97//97 183//183 146//146
f 132//132 149//149 156//156
f 117//117 184//184 87//87
f 88//88 140//140 113//113
f 118//118 182//182 209//209
f 129//129 142//142 166//166
f 142//142 129//129 141//141
f 116//116 139//139 159//159
f 148//148 152//152 149//149
f 137//137 131//131 150//150
f 94//94 115//115 143//143
f 132//132 156//156 138//138
f 194//194 182//182 118//118
f 105//105 146//146 145//145
f 166//166 151//151 102//102
f 136//136 100//100 189//189
f 134//134 155//155 132//132
f 130//130 126//126 162//162
f 149//149 152//152 158//158
f 148//148 149//149 160//160
f 141//141 87//87 184//184
f 112//112 153//153 122//122
f 136//136 189//189 144//144
f 149//149 164//164 160//160
f 154//154 167//167 134//134
f 121//121 165//165 112//112
f 132//132 155//155 186//186
f 154//154 172//172 188//188
f 133//133 170//170 134//134
f 149//149 157//157 164//164
f 149//149 158//158 156//156
f 120//120 26//26 161//161
f 154//154 188//188 167//167
f 128//128 176//176 117//117
f 134//134 167//167 155//155
f 168//168 157//157 149//149
f 101//101 137//137 150//150
f 123//123 171//171 127//127
f 98//98 146//146 105//105
f 116//116 163//163 135//135
f 154//154 134//134 172//172
f 107//107 173//173 140//140
f 90//90 151//151 174//174
f 130//130 162//162 194//194
f 123//123 124//124 171//171
f 156//156 158//158 178//178
f 172//172 134//134 170//170
f 138//138 156//156 202//202
f 157//157 180//180 164//164
f 128//128 145//145 176//176
f 136//136 144//144 183//183
f 188//188 176//176 191//191
f 176//176 177//177 117//117
f 188//188 172//172 177//177
f 173//173 107//107 169//169
f 152//152 178//178 158//158
f 188//188 177//177 176//176
f 122//122 153//153 139//139
f 152//152 181//181 178//178
f 177//177 184//184 117//117
f 148//148 181//181 152//152
f 172//172 187//187 177//177
f 142//142 141//141 198//198
f 125//125 69//69 190//190
f 114//114 135//135 147//147
f 70//70 125//125 175//175
f 121//121 205//205 165//165
f 112//112 165//165 179//179
f 180//180 201//201 164//164
f 100//100 113//113 189//189
f 168//168 180//180 157//157
f 101//101 150//150 271//271
f 186//186 168//168 132//132
f 112//112 179//179 153//153
f 188//188 207//207 167//167
f 177//177 187//187 198//198
f 163//163 116//116 192//192
f 182//182 185//185 209//209
f 191//191 183//183 144//144
f 142//142 198//198 187//187
f 142//142 187//187 166//166
f 115//115 127//127 143//143
f 194//194 195//195 182//182
f 156//156 178//178 197//197
f 144//144 200//200 191//191
f 156//156 197//197 202//202
f 176//176 203//203 191//191
f 180//180 193//193 201//201
f 191//191 200//200 188//188
f 141//141 184//184 198//198
f 191//191 146//146 183//183
f 191//191 203//203 146//146
f 166//166 187//187 199//199
f 94//94 249//249 215//215
f 94//94 215//215 126//126
f 187//187 172//172 199//199
f 178//178 181//181 229//229
f 178//178 229//229 206//206
f 126//126 215//215 162//162
f 166//166 222//222 151//151
f 174//174 208//208 121//121
f 172//172 170//170 204//204
f 145//145 203//203 176//176
f 70//70 175//175 104//104
f 94//94 143//143 249//249
f 151//151 208//208 174//174
f 180//180 168//168 212//212
f 121//121 208//208 205//205
f 145//145 146//146 203//203
f 147//147 196//196 131//131
f 69//69 211//211 190//190
f 180//180 212//212 193//193
f 177//177 198//198 184//184
f 139//139 153//153 231//231
f 168//168 186//186 254//254
f 178//178 214//214 210//210
f 167//167 207//207 217//217
f 181//181 148//148 213//213
f 144//144 189//189 236//236
f 166//166 199//199 222//222
f 178//178 210//210 197//197
f 200//200 144//144 236//236
f 120//120 220//220 124//124
f 173//173 169//169 233//233
f 113//113 140//140 189//189
f 167//167 217//217 155//155
f 199//199 172//172 225//225
f 159//159 192//192 116//116
f 182//182 195//195 185//185
f 120//120 161//161 220//220
f 196//196 147//147 219//219
f 204//204 221//221 172//172
f 207//207 188//188 223//223
f 150//150 131//131 196//196
f 162//162 251//251 194//194
f 135//135 163//163 147//147
f 212//212 168//168 226//226
f 148//148 160//160 213//213
f 214//214 242//242 210//210
f 150//150 196//196 271//271
f 188//188 200//200 223//223
f 199//199 225//225 222//222
f 124//124 220//220 171//171
f 212//212 232//232 216//216
f 212//212 253//253 232//232
f 133//133 218//218 170//170
f 212//212 226//226 253//253
f 224//224 227//227 201//201
f 195//195 238//238 185//185
f 200//200 236//236 259//259
f 212//212 224//224 193//193
f 127//127 239//239 261//261
f 225//225 252//252 222//222
f 228//228 206//206 229//229
f 210//210 244//244 237//237
f 189//189 140//140 241//241
f 210//210 237//237 197//197
f 147//147 234//234 219//219
f 164//164 213//213 160//160
f 127//127 249//249 143//143
f 171//171 239//239 127//127
f 226//226 235//235 253//253
f 172//172 221//221 225//225
f 193//193 224//224 201//201
f 133//133 138//138 264//264
f 216//216 266//266 212//212
f 200//200 259//259 223//223
f 159//159 139//139 247//247
f 201//201 213//213 164//164
f 178//178 206//206 214//214
f 159//159 245//245 192//192
f 201//201 227//227 213//213
f 212//212 266//266 224//224
f 227//227 224//224 256//256
f 151//151 222//222 208//208
f 210//210 242//242 244//244
f 168//168 254//254 226//226
f 229//229 319//319 228//228
f 215//215 249//249 162//162
f 173//173 241//241 140//140
f 214//214 206//206 246//246
f 205//205 208//208 230//230
f 169//169 209//209 233//233
f 230//230 274//274 205//205
f 228//228 246//246 206//206
f 219//219 271//271 196//196
f 243//243 173//173 233//233
f 235//235 226//226 254//254
f 239//239 171//171 220//220
f 248//248 235//235 255//255
f 249//249 127//127 240//240
f 243//243 241//241 173//173
f 250//250 256//256 224//224
f 229//229 262//262 319//319
f 138//138 202//202 264//264
f 243//243 233//233 258//258
f 271//271 340//340 101//101
f 189//189 241//241 236//236
f 248//248 253//253 235//235
f 159//159 316//316 245//245
f 104//104 175//175 161//161
f 205//205 274//274 165//165
f 194//194 251//251 269//269
f 222//222 252//252 208//208
f 237//237 299//299 278//278
f 246//246 228//228 308//308
f 133//133 264//264 218//218
f 161//161 310//310 220//220
f 127//127 261//261 240//240
f 225//225 230//230 208//208
f 159//159 247//247 316//316
f 125//125 260//260 175//175
f 236//236 241//241 259//259
f 255//255 235//235 263//263
f 214//214 246//246 242//242
f 147//147 163//163 275//275
f 233//233 209//209 267//267
f 225//225 208//208 252//252
f 181//181 262//262 229//229
f 234//234 268//268 219//219
f 139//139 231//231 247//247
f 248//248 255//255 288//288
f 224//224 266//266 250//250
f 155//155 217//217 257//257
f 197//197 237//237 265//265
f 245//245 163//163 192//192
f 319//319 279//279 228//228
f 197//197 265//265 202//202
f 194//194 269//269 195//195
f 242//242 246//246 289//289
f 274//274 179//179 165//165
f 243//243 259//259 241//241
f 223//223 259//259 304//304
f 125//125 190//190 272//272
f 225//225 274//274 230//230
f 256//256 277//277 227//227
f 216//216 232//232 266//266
f 235//235 254//254 263//263
f 269//269 238//238 195//195
f 237//237 244//244 299//299
f 259//259 243//243 258//258
f 219//219 268//268 271//271
f 218//218 293//293 170//170
f 186//186 291//291 254//254
f 147//147 275//275 234//234
f 125//125 272//272 260//260
f 278//278 344//344 237//237
f 225//225 221//221 274//274
f 264//264 202//202 281//281
f 233//233 267//267 258//258
f 247//247 231//231 276//276
f 259//259 258//258 304//304
f 274//274 292//292 179//179
f 207//207 223//223 273//273
f 239//239 290//290 261//261
f 308//308 289//289 246//246
f 284//284 283//283 282//282
f 282//282 286//286 284//284
f 286//286 285//285 284//284
f 282//282 283//283 287//287
f 204//204 170//170 362//362
f 234//234 275//275 295//295
f 247//247 280//280 316//316
f 207//207 273//273 217//217
f 270//270 237//237 344//344
f 170//170 293//293 362//362
f 248//248 288//288 303//303
f 316//316 296//296 245//245
f 237//237 270//270 265//265
f 209//209 185//185 267//267
f 186//186 155//155 257//257
f 257//257 217//217 300//300
f 255//255 263//263 311//311
f 258//258 267//267 304//304
f 265//265 330//330 202//202
f 251//251 162//162 298//298
f 153//153 294//294 231//231
f 244//244 242//242 314//314
f 274//274 221//221 306//306
f 274//274 306//306 292//292
f 190//190 321//321 272//272
f 248//248 303//303 253//253
f 179//179 294//294 153//153
f 271//271 268//268 340//340
f 232//232 309//309 266//266
f 228//228 279//279 308//308
f 231//231 294//294 276//276
f 204//204 362//362 221//221
f 221//221 362//362 297//297
f 211//211 106//106 343//343
f 232//232 253//253 313//313
f 244//244 314//314 299//299
f 175//175 260//260 301//301
f 307//307 261//261 327//327
f 268//268 234//234 302//302
f 269//269 251//251 318//318
f 239//239 220//220 290//290
f 242//242 289//289 314//314
f 261//261 320//320 240//240
f 221//221 297//297 306//306
f 255//255 311//311 322//322
f 101//101 340//340 106//106
f 316//316 331//331 296//296
f 253//253 303//303 313//313
f 272//272 305//305 260//260
f 277//277 256//256 317//317
f 217//217 273//273 300//300
f 283//283 284//284 312//312
f 161//161 404//404 310//310
f 202//202 330//330 281//281
f 279//279 341//341 308//308
f 255//255 322//322 288//288
f 185//185 238//238 267//267
f 298//298 325//325 251//251
f 261//261 290//290 327//327
f 213//213 339//339 181//181
f 292//292 329//329 179//179
f 256//256 250//250 309//309
f 250//250 266//266 309//309
f 304//304 328//328 223//223
f 262//262 181//181 339//339
f 319//319 262//262 378//378
f 211//211 343//343 190//190
f 308//308 341//341 314//314
f 267//267 238//238 332//332
f 270//270 324//324 265//265
f 175//175 315//315 161//161
f 251//251 325//325 318//318
f 280//280 359//359 316//316
f 323//323 277//277 317//317
f 179//179 329//329 294//294
f 240//240 337//337 249//249
f 315//315 404//404 161//161
f 304//304 335//335 328//328
f 272//272 321//321 334//334
f 284//284 285//285 352//352
f 163//163 245//245 342//342
f 326//326 341//341 319//319
f 303//303 288//288 333//333
f 272//272 334//334 305//305
f 267//267 332//332 304//304
f 263//263 254//254 311//311
f 247//247 276//276 280//280
f 249//249 337//337 162//162
f 256//256 309//309 317//317
f 279//279 319//319 341//341
f 234//234 336//336 302//302
f 275//275 163//163 342//342
f 292//292 306//306 329//329
f 223//223 328//328 273//273
f 265//265 324//324 330//330
f 288//288 322//322 333//333
f 308//308 314//314 289//289
f 232//232 313//313 309//309
f 261//261 307//307 320//320
f 316//316 359//359 331//331
f 323//323 317//317 309//309
f 323//323 339//339 277//277
f 106//106 340//340 346//346
f 162//162 337//337 347//347
f 326//326 378//378 338//338
f 234//234 295//295 336//336
f 254//254 291//291 311//311
f 245//245 296//296 342//342
f 326//326 319//319 378//378
f 106//106 346//346 343//343
f 268//268 345//345 340//340
f 270//270 344//344 353//353
f 269//269 332//332 238//238
f 309//309 349//349 323//323
f 359//359 358//358 331//331
f 290//290 351//351 327//327
f 213//213 227//227 277//277
f 304//304 332//332 335//335
f 341//341 357//357 314//314
f 324//324 355//355 330//330
f 276//276 329//329 350//350
f 293//293 218//218 371//371
f 322//322 354//354 366//366
f 276//276 294//294 329//329
f 260//260 387//387 301//301
f 322//322 311//311 354//354
f 307//307 372//372 320//320
f 341//341 326//326 357//357
f 349//349 309//309 389//389
f 220//220 348//348 290//290
f 306//306 297//297 360//360
f 284//284 352//352 312//312
f 260//260 305//305 370//370
f 213//213 277//277 339//339
f 377//377 318//318 365//365
f 269//269 318//318 377//377
f 324//324 361//361 355//355
f 306//306 360//360 329//329
f 323//323 349//349 339//339
f 296//296 331//331 364//364
f 322//322 366//366 356//356
f 322//322 356//356 333//333
f 348//348 351//351 290//290
f 326//326 338//338 357//357
f 293//293 371//371 362//362
f 257//257 363//363 186//186
f 162//162 347//347 298//298
f 264//264 281//281 368//368
f 344//344 278//278 353//353
f 280//280 276//276 374//374
f 260//260 370//370 387//387
f 318//318 325//325 369//369
f 377//377 332//332 269//269
f 175//175 301//301 315//315
f 324//324 367//367 361//361
f 268//268 302//302 345//345
f 366//366 333//333 356//356
f 278//278 299//299 375//375
f 296//296 417//417 342//342
f 366//366 376//376 333//333
f 354//354 311//311 382//382
f 353//353 324//324 270//270
f 367//367 373//373 361//361
f 303//303 397//397 313//313
f 186//186 363//363 291//291
f 220//220 310//310 348//348
f 295//295 401//401 336//336
f 278//278 375//375 353//353
f 350//350 374//374 276//276
f 349//349 379//379 339//339
f 303//303 333//333 397//397
f 377//377 328//328 335//335
f 377//377 335//335 332//332
f 354//354 382//382 366//366
f 297//297 350//350 329//329
f 365//365 318//318 369//369
f 297//297 329//329 360//360
f 300//300 473//473 257//257
f 366//366 382//382 380//380
f 327//327 351//351 307//307
f 365//365 386//386 377//377
f 309//309 313//313 388//388
f 280//280 414//414 359//359
f 321//321 190//190 343//343
f 328//328 377//377 386//386
f 325//325 298//298 347//347
f 302//302 336//336 345//345
f 314//314 548//548 299//299
f 349//349 381//381 379//379
f 320//320 337//337 240//240
f 367//367 421//421 373//373
f 367//367 353//353 421//421
f 324//324 353//353 367//367
f 352//352 285//285 383//383
f 299//299 548//548 375//375
f 275//275 342//342 295//295
f 361//361 373//373 429//429
f 385//385 390//390 384//384
f 307//307 393//393 372//372
f 351//351 393//393 307//307
f 365//365 369//369 407//407
f 350//350 297//297 374//374
f 312//312 352//352 392//392
f 352//352 391//391 392//392
f 280//280 374//374 414//414
f 310//310 404//404 348//348
f 262//262 339//339 378//378
f 397//397 333//333 395//395
f 273//273 428//428 300//300
f 384//384 399//399 385//385
f 340//340 345//345 400//400
f 366//366 380//380 376//376
f 391//391 399//399 408//408
f 391//391 408//408 392//392
f 384//384 408//408 399//399
f 384//384 390//390 396//396
f 313//313 397//397 388//388
f 336//336 400//400 345//345
f 281//281 330//330 368//368
f 331//331 410//410 364//364
f 301//301 387//387 315//315
f 296//296 364//364 417//417
f 218//218 264//264 398//398
f 333//333 376//376 394//394
f 295//295 403//403 401//401
f 309//309 388//388 389//389
f 330//330 355//355 454//454
f 361//361 429//429 355//355
f 375//375 402//402 353//353
f 352//352 383//383 391//391
f 331//331 358//358 410//410
f 386//386 365//365 407//407
f 351//351 348//348 393//393
f 376//376 380//380 415//415
f 330//330 454//454 368//368
f 336//336 401//401 400//400
f 382//382 311//311 412//412
f 347//347 337//337 416//416
f 374//374 297//297 437//437
f 311//311 291//291 474//474
f 386//386 407//407 413//413
f 428//428 473//473 300//300
f 374//374 437//437 414//414
f 378//378 423//423 338//338
f 295//295 342//342 411//411
f 378//378 406//406 423//423
f 376//376 455//455 394//394
f 273//273 328//328 428//428
f 379//379 381//381 409//409
f 391//391 493//493 399//399
f 218//218 398//398 371//371
f 321//321 343//343 489//489
f 314//314 357//357 548//548
f 325//325 347//347 418//418
f 359//359 414//414 358//358
f 392//392 408//408 436//436
f 295//295 411//411 403//403
f 390//390 385//385 419//419
f 355//355 426//426 454//454
f 369//369 325//325 431//431
f 339//339 422//422 378//378
f 393//393 443//443 372//372
f 333//333 394//394 395//395
f 400//400 401//401 420//420
f 422//422 406//406 378//378
f 342//342 417//417 411//411
f 311//311 425//425 412//412
f 376//376 415//415 455//455
f 373//373 424//424 429//429
f 355//355 429//429 426//426
f 349//349 389//389 381//381
f 364//364 476//476 417//417
f 407//407 369//369 431//431
f 311//311 474//474 425//425
f 433//433 412//412 425//425
f 373//373 421//421 438//438
f 384//384 436//436 408//408
f 337//337 458//458 416//416
f 337//337 320//320 458//458
f 325//325 418//418 431//431
f 443//443 432//432 372//372
f 415//415 380//380 439//439
f 380//380 382//382 412//412
f 385//385 399//399 493//493
f 416//416 442//442 347//347
f 338//338 423//423 357//357
f 420//420 401//401 449//449
f 305//305 430//430 370//370
f 348//348 443//443 393//393
f 396//396 390//390 448//448
f 389//389 388//388 445//445
f 334//334 321//321 450//450
f 347//347 462//462 418//418
f 257//257 405//405 363//363
f 364//364 446//446 476//476
f 387//387 370//370 459//459
f 433//433 425//425 497//497
f 328//328 386//386 471//471
f 400//400 447//447 340//340
f 413//413 441//441 386//386
f 416//416 458//458 444//444
f 389//389 445//445 381//381
f 343//343 346//346 487//487
f 390//390 470//470 448//448
f 407//407 431//431 413//413
f 416//416 444//444 442//442
f 364//364 410//410 446//446
f 385//385 493//493 419//419
f 417//417 440//440 411//411
f 358//358 414//414 477//477
f 363//363 554//554 291//291
f 297//297 362//362 435//435
f 455//455 453//453 394//394
f 315//315 461//461 404//404
f 426//426 427//427 454//454
f 358//358 477//477 410//410
f 353//353 402//402 452//452
f 433//433 478//478 484//484
f 347//347 442//442 462//462
f 443//443 503//503 432//432
f 426//426 429//429 451//451
f 437//437 297//297 460//460
f 433//433 497//497 478//478
f 362//362 371//371 435//435
f 339//339 379//379 422//422
f 457//457 456//456 448//448
f 413//413 431//431 441//441
f 257//257 473//473 405//405
f 433//433 484//484 412//412
f 353//353 452//452 421//421
f 400//400 420//420 447//447
f 417//417 466//466 440//440
f 415//415 439//439 455//455
f 443//443 348//348 503//503
f 328//328 471//471 428//428
f 448//448 470//470 457//457
f 429//429 424//424 451//451
f 380//380 412//412 484//484
f 453//453 464//464 394//394
f 297//297 435//435 460//460
f 401//401 481//481 449//449
f 441//441 471//471 386//386
f 380//380 502//502 439//439
f 427//427 426//426 482//482
f 396//396 448//448 465//465
f 417//417 476//476 466//466
f 384//384 396//396 467//467
f 421//421 504//504 438//438
f 291//291 554//554 474//474
f 438//438 463//463 373//373
f 456//456 457//457 479//479
f 381//381 472//472 409//409
f 452//452 498//498 421//421
f 456//456 465//465 448//448
f 455//455 507//507 453//453
f 426//426 451//451 482//482
f 423//423 406//406 501//501
f 387//387 459//459 469//469
f 474//474 554//554 488//488
f 372//372 500//500 320//320
f 406//406 521//521 501//501
f 414//414 486//486 477//477
f 446//446 410//410 475//475
f 449//449 447//447 420//420
f 456//456 479//479 490//490
f 462//462 480//480 418//418
f 373//373 463//463 424//424
f 437//437 460//460 486//486
f 462//462 442//442 492//492
f 380//380 484//484 468//468
f 427//427 482//482 491//491
f 427//427 494//494 454//454
f 419//419 496//496 390//390
f 480//480 431//431 418//418
f 380//380 468//468 502//502
f 398//398 264//264 483//483
f 439//439 507//507 455//455
f 368//368 454//454 494//494
f 456//456 495//495 465//465
f 340//340 447//447 499//499
f 384//384 467//467 436//436
f 414//414 437//437 486//486
f 481//481 505//505 449//449
f 472//472 381//381 445//445
f 421//421 498//498 504//504
f 264//264 368//368 494//494
f 457//457 544//544 479//479
f 370//370 430//430 459//459
f 305//305 334//334 430//430
f 425//425 474//474 497//497
f 321//321 489//489 450//450
f 474//474 488//488 497//497
f 456//456 490//490 495//495
f 401//401 403//403 481//481
f 402//402 515//515 452//452
f 446//446 475//475 476//476
f 475//475 410//410 477//477
f 394//394 464//464 506//506
f 502//502 468//468 534//534
f 488//488 509//509 497//497
f 439//439 502//502 507//507
f 423//423 501//501 357//357
f 372//372 434//434 517//517
f 480//480 462//462 492//492
f 427//427 491//491 512//512
f 424//424 482//482 451//451
f 390//390 496//496 470//470
f 438//438 504//504 463//463
f 402//402 510//510 515//515
f 406//406 422//422 521//521
f 357//357 501//501 548//548
f 403//403 511//511 481//481
f 476//476 514//514 466//466
f 452//452 524//524 498//498
f 427//427 508//508 494//494
f 396//396 465//465 518//518
f 396//396 518//518 513//513
f 392//392 436//436 528//528
f 458//458 550//550 444//444
f 452//452 515//515 524//524
f 427//427 512//512 508//508
f 375//375 510//510 402//402
f 442//442 485//485 516//516
f 372//372 432//432 434//434
f 504//504 523//523 463//463
f 480//480 520//520 431//431
f 464//464 453//453 506//506
f 430//430 334//334 529//529
f 409//409 472//472 379//379
f 480//480 492//492 522//522
f 343//343 487//487 489//489
f 488//488 519//519 509//509
f 419//419 493//493 526//526
f 442//442 516//516 492//492
f 520//520 480//480 522//522
f 466//466 622//622 440//440
f 507//507 531//531 453//453
f 475//475 477//477 486//486
f 523//523 498//498 524//524
f 405//405 473//473 527//527
f 520//520 471//471 431//431
f 320//320 550//550 458//458
f 449//449 505//505 447//447
f 436//436 467//467 528//528
f 453//453 525//525 506//506
f 523//523 530//530 463//463
f 460//460 475//475 486//486
f 320//320 500//500 550//550
f 471//471 441//441 431//431
f 468//468 484//484 534//534
f 507//507 542//542 531//531
f 519//519 488//488 554//554
f 447//447 505//505 541//541
f 396//396 513//513 467//467
f 491//491 482//482 543//543
f 523//523 504//504 498//498
f 525//525 453//453 538//538
f 442//442 444//444 572//572
f 372//372 517//517 500//500
f 495//495 518//518 465//465
f 493//493 391//391 526//526
f 494//494 540//540 264//264
f 475//475 549//549 476//476
f 388//388 397//397 535//535
f 395//395 394//394 536//536
f 387//387 545//545 315//315
f 466//466 514//514 556//556
f 466//466 556//556 533//533
f 509//509 519//519 537//537
f 545//545 387//387 469//469
f 497//497 509//509 547//547
f 502//502 542//542 507//507
f 502//502 534//534 542//542
f 445//445 388//388 532//532
f 484//484 478//478 534//534
f 516//516 485//485 557//557
f 536//536 394//394 506//506
f 491//491 543//543 512//512
f 572//572 444//444 558//558
f 379//379 552//552 422//422
f 442//442 572//572 485//485
f 432//432 503//503 580//580
f 428//428 546//546 473//473
f 453//453 555//555 538//538
f 379//379 472//472 552//552
f 471//471 569//569 428//428
f 520//520 522//522 569//569
f 475//475 460//460 549//549
f 453//453 531//531 555//555
f 512//512 553//553 508//508
f 471//471 520//520 569//569
f 492//492 516//516 560//560
f 440//440 622//622 539//539
f 397//397 395//395 536//536
f 524//524 515//515 562//562
f 524//524 562//562 523//523
f 479//479 605//605 490//490
f 482//482 603//603 543//543
f 478//478 497//497 534//534
f 476//476 565//565 514//514
f 264//264 540//540 483//483
f 492//492 560//560 522//522
f 550//550 558//558 444//444
f 482//482 424//424 603//603
f 537//537 561//561 509//509
f 523//523 590//590 530//530
f 470//470 496//496 564//564
f 476//476 549//549 565//565
f 440//440 539//539 411//411
f 398//398 483//483 559//559
f 461//461 315//315 545//545
f 466//466 533//533 622//622
f 506//506 525//525 536//536
f 499//499 587//587 340//340
f 503//503 348//348 580//580
f 509//509 561//561 547//547
f 419//419 526//526 496//496
f 411//411 539//539 403//403
f 512//512 551//551 553//553
f 282//282 287//287 673//673
f 472//472 445//445 532//532
f 457//457 470//470 544//544
f 435//435 371//371 578//578
f 515//515 510//510 562//562
f 531//531 542//542 563//563
f 500//500 517//517 550//550
f 463//463 530//530 424//424
f 348//348 404//404 567//567
f 525//525 538//538 566//566
f 512//512 543//543 551//551
f 532//532 388//388 535//535
f 508//508 596//596 494//494
f 561//561 537//537 568//568
f 497//497 547//547 534//534
f 334//334 450//450 529//529
f 517//517 434//434 573//573
f 522//522 560//560 569//569
f 569//569 560//560 575//575
f 432//432 580//580 434//434
f 473//473 546//546 527//527
f 398//398 559//559 371//371
f 537//537 571//571 568//568
f 460//460 577//577 549//549
f 549//549 577//577 565//565
f 428//428 569//569 546//546
f 505//505 579//579 541//541
f 505//505 481//481 579//579
f 536//536 525//525 566//566
f 514//514 592//592 556//556
f 470//470 564//564 544//544
f 562//562 510//510 585//585
f 479//479 591//591 605//605
f 580//580 582//582 434//434
f 485//485 572//572 557//557
f 531//531 586//586 555//555
f 283//283 652//652 287//287
f 516//516 557//557 588//588
f 340//340 587//587 346//346
f 562//562 585//585 523//523
f 523//523 585//585 574//574
f 543//543 603//603 551//551
f 519//519 554//554 606//606
f 422//422 584//584 521//521
f 603//603 424//424 530//530
f 523//523 594//594 590//590
f 467//467 513//513 570//570
f 371//371 559//559 576//576
f 579//579 481//481 583//583
f 537//537 519//519 606//606
f 537//537 606//606 571//571
f 554//554 581//581 606//606
f 511//511 403//403 618//618
f 569//569 575//575 658//658
f 434//434 582//582 573//573
f 397//397 536//536 535//535
f 534//534 547//547 611//611
f 430//430 589//589 459//459
f 518//518 495//495 644//644
f 551//551 593//593 553//553
f 578//578 371//371 576//576
f 553//553 596//596 508//508
f 565//565 592//592 514//514
f 544//544 597//597 479//479
f 538//538 555//555 595//595
f 563//563 586//586 531//531
f 603//603 634//634 551//551
f 544//544 564//564 638//638
f 553//553 608//608 596//596
f 561//561 600//600 547//547
f 495//495 490//490 644//644
f 574//574 602//602 523//523
f 511//511 598//598 481//481
f 517//517 573//573 604//604
f 447//447 541//541 599//599
f 563//563 542//542 586//586
f 534//534 611//611 542//542
f 516//516 588//588 560//560
f 481//481 598//598 583//583
f 579//579 599//599 541//541
f 523//523 602//602 594//594
f 535//535 536//536 609//609
f 577//577 615//615 565//565
f 501//501 610//610 548//548
f 547//547 600//600 611//611
f 565//565 615//615 592//592
f 348//348 567//567 580//580
f 553//553 593//593 608//608
f 569//569 658//658 546//546
f 560//560 588//588 601//601
f 560//560 601//601 575//575
f 494//494 596//596 540//540
f 282//282 673//673 772//772
f 545//545 630//630 461//461
f 403//403 539//539 618//618
f 551//551 634//634 593//593
f 580//580 567//567 616//616
f 582//582 580//580 616//616
f 582//582 616//616 573//573
f 606//606 607//607 571//571
f 533//533 613//613 622//622
f 554//554 363//363 581//581
f 479//479 597//597 591//591
f 536//536 566//566 614//614
f 404//404 645//645 567//567
f 375//375 548//548 610//610
f 634//634 617//617 593//593
f 501//501 521//521 584//584
f 375//375 610//610 510//510
f 487//487 346//346 587//587
f 530//530 619//619 603//603
f 363//363 405//405 612//612
f 517//517 604//604 624//624
f 596//596 608//608 625//625
f 618//618 598//598 511//511
f 571//571 620//620 568//568
f 571//571 607//607 620//620
f 391//391 383//383 751//751
f 616//616 623//623 573//573
f 490//490 605//605 621//621
f 539//539 622//622 618//618
f 555//555 586//586 595//595
f 572//572 558//558 628//628
f 579//579 583//583 599//599
f 561//561 631//631 600//600
f 626//626 629//629 627//627
f 593//593 617//617 608//608
f 561//561 568//568 631//631
f 517//517 624//624 550//550
f 363//363 612//612 581//581
f 422//422 552//552 584//584
f 598//598 632//632 583//583
f 489//489 487//487 660//660
f 496//496 526//526 635//635
f 487//487 646//646 660//660
f 490//490 621//621 644//644
f 599//599 499//499 447//447
f 605//605 591//591 636//636
f 586//586 643//643 595//595
f 546//546 633//633 527//527
f 590//590 619//619 530//530
f 594//594 619//619 590//590
f 568//568 620//620 631//631
f 606//606 581//581 656//656
f 608//608 617//617 637//637
f 472//472 532//532 552//552
f 404//404 461//461 645//645
f 627//627 642//642 626//626
f 528//528 467//467 570//570
f 629//629 626//626 650//650
f 583//583 641//641 599//599
f 487//487 587//587 646//646
f 533//533 556//556 613//613
f 572//572 628//628 557//557
f 606//606 656//656 607//607
f 583//583 632//632 641//641
f 607//607 640//640 620//620
f 607//607 656//656 662//662
f 639//639 637//637 617//617
f 510//510 610//610 585//585
f 513//513 518//518 654//654
f 483//483 540//540 657//657
f 633//633 546//546 658//658
f 489//489 660//660 450//450
f 460//460 435//435 651//651
f 596//596 625//625 655//655
f 600//600 649//649 611//611
f 282//282 772//772 286//286
f 460//460 678//678 577//577
f 460//460 651//651 678//678
f 596//596 655//655 540//540
f 581//581 664//664 656//656
f 626//626 642//642 647//647
f 629//629 661//661 627//627
f 430//430 529//529 663//663
f 496//496 635//635 648//648
f 544//544 638//638 597//597
f 558//558 550//550 659//659
f 586//586 542//542 643//643
f 575//575 601//601 658//658
f 626//626 653//653 650//650
f 628//628 558//558 659//659
f 631//631 620//620 665//665
f 552//552 535//535 584//584
f 640//640 607//607 662//662
f 617//617 672//672 695//695
f 617//617 695//695 639//639
f 566//566 538//538 666//666
f 566//566 666//666 709//709
f 430//430 663//663 589//589
f 536//536 614//614 609//609
f 603//603 619//619 634//634
f 626//626 647//647 698//698
f 626//626 698//698 653//653
f 557//557 628//628 667//667
f 598//598 618//618 683//683
f 459//459 589//589 469//469
f 625//625 608//608 690//690
f 613//613 556//556 669//669
f 622//622 613//613 683//683
f 550//550 624//624 659//659
f 570//570 750//750 528//528
f 602//602 574//574 670//670
f 600//600 631//631 649//649
f 542//542 611//611 643//643
f 538//538 595//595 666//666
f 594//594 602//602 619//619
f 614//614 566//566 709//709
f 618//618 622//622 683//683
f 552//552 532//532 535//535
f 557//557 667//667 588//588
f 556//556 592//592 669//669
f 690//690 608//608 637//637
f 650//650 653//653 680//680
f 611//611 649//649 643//643
f 312//312 652//652 283//283
f 650//650 680//680 674//674
f 644//644 684//684 518//518
f 559//559 483//483 657//657
f 613//613 682//682 683//683
f 613//613 669//669 671//671
f 577//577 678//678 615//615
f 573//573 623//623 717//717
f 667//667 628//628 668//668
f 636//636 680//680 653//653
f 665//665 685//685 631//631
f 604//604 573//573 688//688
f 605//605 694//694 621//621
f 627//627 681//681 642//642
f 629//629 650//650 674//674
f 627//627 687//687 681//681
f 595//595 643//643 679//679
f 675//675 681//681 687//687
f 667//667 686//686 588//588
f 675//675 535//535 677//677
f 613//613 671//671 682//682
f 669//669 592//592 615//615
f 435//435 578//578 651//651
f 675//675 584//584 535//535
f 620//620 692//692 665//665
f 391//391 751//751 526//526
f 588//588 686//686 601//601
f 684//684 654//654 518//518
f 599//599 641//641 691//691
f 675//675 687//687 676//676
f 605//605 636//636 694//694
f 499//499 599//599 691//691
f 584//584 610//610 501//501
f 628//628 689//689 668//668
f 675//675 677//677 681//681
f 669//669 615//615 678//678
f 675//675 676//676 610//610
f 675//675 610//610 584//584
f 637//637 639//639 701//701
f 597//597 638//638 708//708
f 669//669 678//678 651//651
f 632//632 707//707 641//641
f 620//620 640//640 730//730
f 598//598 738//738 632//632
f 628//628 659//659 689//689
f 658//658 601//601 686//686
f 598//598 683//683 738//738
f 496//496 648//648 564//564
f 686//686 667//667 693//693
f 667//667 668//668 693//693
f 609//609 614//614 709//709
f 631//631 734//734 649//649
f 639//639 695//695 712//712
f 581//581 612//612 835//835
f 631//631 685//685 734//734
f 669//669 705//705 671//671
f 620//620 706//706 692//692
f 528//528 750//750 392//392
f 595//595 679//679 666//666
f 639//639 712//712 701//701
f 658//658 686//686 699//699
f 698//698 718//718 653//653
f 665//665 697//697 685//685
f 636//636 718//718 694//694
f 625//625 690//690 655//655
f 545//545 469//469 714//714
f 651//651 704//704 669//669
f 690//690 637//637 701//701
f 682//682 671//671 700//700
f 640//640 662//662 730//730
f 627//627 661//661 687//687
f 585//585 610//610 670//670
f 641//641 707//707 725//725
f 629//629 674//674 731//731
f 681//681 677//677 726//726
f 585//585 670//670 574//574
f 526//526 751//751 635//635
f 620//620 730//730 706//706
f 597//597 708//708 591//591
f 656//656 730//730 662//662
f 677//677 535//535 709//709
f 405//405 711//711 612//612
f 285//285 286//286 716//716
f 591//591 680//680 636//636
f 617//617 744//744 672//672
f 676//676 670//670 610//610
f 689//689 702//702 668//668
f 697//697 665//665 735//735
f 405//405 527//527 711//711
f 616//616 710//710 623//623
f 669//669 704//704 705//705
f 624//624 604//604 688//688
f 636//636 653//653 718//718
f 696//696 672//672 744//744
f 672//672 696//696 723//723
f 545//545 714//714 630//630
f 672//672 723//723 695//695
f 686//686 693//693 699//699
f 690//690 701//701 655//655
f 591//591 708//708 739//739
f 609//609 709//709 535//535
f 450//450 660//660 719//719
f 671//671 722//722 700//700
f 617//617 634//634 744//744
f 616//616 567//567 710//710
f 632//632 738//738 707//707
f 696//696 744//744 713//713
f 671//671 705//705 722//722
f 682//682 700//700 715//715
f 696//696 713//713 723//723
f 621//621 720//720 644//644
f 619//619 602//602 670//670
f 573//573 717//717 703//703
f 668//668 727//727 693//693
f 668//668 702//702 727//727
f 564//564 648//648 721//721
f 685//685 697//697 724//724
f 695//695 723//723 757//757
f 665//665 692//692 735//735
f 312//312 745//745 652//652
f 697//697 735//735 724//724
f 705//705 728//728 722//722
f 680//680 739//739 674//674
f 674//674 739//739 731//731
f 648//648 635//635 740//740
f 705//705 704//704 728//728
f 656//656 664//664 743//743
f 685//685 724//724 736//736
f 744//744 752//752 713//713
f 704//704 732//732 728//728
f 693//693 727//727 733//733
f 693//693 733//733 699//699
f 564//564 721//721 638//638
f 644//644 720//720 684//684
f 661//661 746//746 687//687
f 619//619 737//737 634//634
f 642//642 681//681 749//749
f 680//680 591//591 739//739
f 730//730 656//656 743//743
f 679//679 643//643 649//649
f 655//655 701//701 758//758
f 635//635 751//751 740//740
f 629//629 742//742 661//661
f 722//722 715//715 700//700
f 666//666 679//679 729//729
f 683//683 682//682 754//754
f 706//706 741//741 692//692
f 706//706 730//730 748//748
f 677//677 709//709 729//729
f 676//676 747//747 670//670
f 573//573 703//703 688//688
f 709//709 666//666 729//729
f 738//738 769//769 707//707
f 641//641 725//725 691//691
f 713//713 752//752 723//723
f 647//647 642//642 755//755
f 681//681 726//726 749//749
f 677//677 729//729 726//726
f 623//623 710//710 717//717
f 676//676 687//687 746//746
f 638//638 771//771 708//708
f 689//689 762//762 702//702
f 712//712 695//695 756//756
f 540//540 759//759 657//657
f 682//682 715//715 768//768
f 735//735 736//736 724//724
f 540//540 655//655 759//759
f 450//450 796//796 529//529
f 469//469 589//589 761//761
f 647//647 718//718 698//698
f 689//689 659//659 762//762
f 730//730 743//743 748//748
f 624//624 688//688 659//659
f 642//642 749//749 755//755
f 695//695 757//757 756//756
f 747//747 737//737 670//670
f 699//699 884//884 658//658
f 725//725 767//767 691//691
f 581//581 835//835 664//664
f 762//762 659//659 760//760
f 757//757 723//723 780//780
f 570//570 513//513 795//795
f 683//683 754//754 738//738
f 312//312 392//392 750//750
f 312//312 750//750 745//745
f 717//717 710//710 774//774
f 658//658 884//884 633//633
f 723//723 752//752 780//780
f 654//654 684//684 777//777
f 655//655 758//758 763//763
f 774//774 703//703 717//717
f 688//688 778//778 659//659
f 732//732 770//770 728//728
f 691//691 767//767 499//499
f 725//725 707//707 767//767
f 679//679 649//649 729//729
f 685//685 736//736 775//775
f 287//287 652//652 673//673
f 743//743 765//765 748//748
f 676//676 746//746 747//747
f 706//706 748//748 753//753
f 735//735 692//692 764//764
f 744//744 776//776 752//752
f 721//721 771//771 638//638
f 469//469 761//761 714//714
f 685//685 775//775 734//734
f 743//743 664//664 765//765
f 629//629 731//731 742//742
f 710//710 567//567 774//774
f 670//670 737//737 619//619
f 720//720 621//621 816//816
f 646//646 773//773 660//660
f 712//712 756//756 781//781
f 706//706 753//753 741//741
f 513//513 654//654 795//795
f 645//645 790//790 567//567
f 692//692 741//741 764//764
f 664//664 782//782 765//765
f 759//759 655//655 779//779
f 712//712 783//783 701//701
f 461//461 630//630 799//799
f 450//450 719//719 796//796
f 589//589 663//663 810//810
f 707//707 769//769 767//767
f 659//659 778//778 760//760
f 731//731 739//739 785//785
f 634//634 737//737 744//744
f 660//660 773//773 882//882
f 754//754 682//682 768//768
f 461//461 799//799 645//645
f 699//699 818//818 884//884
f 704//704 786//786 732//732
f 654//654 777//777 795//795
f 664//664 784//784 782//782
f 664//664 835//835 784//784
f 649//649 734//734 729//729
f 702//702 791//791 727//727
f 774//774 789//789 703//703
f 748//748 765//765 794//794
f 736//736 735//735 764//764
f 612//612 711//711 766//766
f 722//722 798//798 715//715
f 757//757 780//780 756//756
f 732//732 786//786 770//770
f 767//767 769//769 788//788
f 661//661 792//792 746//746
f 734//734 793//793 807//807
f 734//734 775//775 793//793
f 529//529 796//796 663//663
f 286//286 772//772 716//716
f 702//702 762//762 791//791
f 727//727 800//800 733//733
f 722//722 803//803 798//798
f 774//774 819//819 789//789
f 701//701 783//783 758//758
f 791//791 800//800 727//727
f 661//661 742//742 792//792
f 774//774 567//567 819//819
f 704//704 651//651 786//786
f 728//728 770//770 803//803
f 734//734 807//807 729//729
f 699//699 733//733 818//818
f 736//736 793//793 775//775
f 633//633 815//815 527//527
f 767//767 788//788 797//797
f 726//726 729//729 807//807
f 660//660 882//882 719//719
f 715//715 798//798 768//768
f 655//655 804//804 779//779
f 499//499 767//767 797//797
f 646//646 587//587 773//773
f 722//722 728//728 803//803
f 739//739 708//708 821//821
f 744//744 737//737 776//776
f 703//703 802//802 688//688
f 718//718 647//647 805//805
f 718//718 806//806 694//694
f 694//694 806//806 816//816
f 718//718 787//787 806//806
f 752//752 776//776 844//844
f 647//647 755//755 805//805
f 748//748 794//794 753//753
f 655//655 763//763 804//804
f 712//712 781//781 783//783
f 741//741 809//809 764//764
f 758//758 783//783 763//763
f 776//776 801//801 844//844
f 559//559 808//808 576//576
f 694//694 816//816 621//621
f 567//567 812//812 819//819
f 756//756 780//780 820//820
f 760//760 778//778 813//813
f 741//741 753//753 809//809
f 789//789 819//819 811//811
f 834//834 759//759 779//779
f 785//785 739//739 821//821
f 703//703 893//893 802//802
f 589//589 810//810 761//761
f 587//587 499//499 817//817
f 779//779 804//804 834//834
f 737//737 801//801 776//776
f 738//738 754//754 823//823
f 726//726 807//807 831//831
f 752//752 844//844 780//780
f 736//736 822//822 793//793
f 612//612 766//766 835//835
f 781//781 756//756 820//820
f 736//736 764//764 822//822
f 733//733 800//800 818//818
f 749//749 726//726 831//831
f 708//708 814//814 821//821
f 784//784 835//835 782//782
f 768//768 798//798 824//824
f 755//755 749//749 831//831
f 742//742 731//731 785//785
f 793//793 827//827 807//807
f 762//762 760//760 825//825
f 791//791 762//762 825//825
f 721//721 648//648 852//852
f 753//753 794//794 809//809
f 527//527 815//815 711//711
f 783//783 781//781 763//763
f 768//768 824//824 754//754
f 765//765 782//782 794//794
f 798//798 829//829 824//824
f 803//803 829//829 798//798
f 770//770 829//829 803//803
f 791//791 826//826 800//800
f 791//791 825//825 826//826
f 800//800 826//826 818//818
f 814//814 708//708 842//842
f 795//795 859//859 570//570
f 792//792 848//848 746//746
f 770//770 786//786 829//829
f 578//578 576//576 839//839
f 780//780 828//828 820//820
f 648//648 740//740 891//891
f 822//822 764//764 809//809
f 708//708 771//771 842//842
f 703//703 789//789 811//811
f 822//822 833//833 793//793
f 782//782 835//835 832//832
f 769//769 738//738 950//950
f 794//794 836//836 809//809
f 804//804 763//763 834//834
f 763//763 781//781 838//838
f 754//754 824//824 823//823
f 818//818 840//840 884//884
f 747//747 863//863 737//737
f 747//747 848//848 863//863
f 651//651 578//578 839//839
f 794//794 782//782 836//836
f 755//755 831//831 880//880
f 782//782 832//832 836//836
f 763//763 838//838 841//841
f 718//718 805//805 787//787
f 788//788 868//868 797//797
f 769//769 830//830 788//788
f 559//559 657//657 808//808
f 772//772 673//673 925//925
f 793//793 843//843 827//827
f 780//780 844//844 828//828
f 576//576 850//850 839//839
f 777//777 684//684 837//837
f 633//633 884//884 815//815
f 763//763 841//841 834//834
f 823//823 824//824 858//858
f 760//760 813//813 825//825
f 833//833 843//843 793//793
f 738//738 823//823 860//860
f 824//824 829//829 845//845
f 786//786 847//847 829//829
f 570//570 859//859 750//750
f 747//747 746//746 848//848
f 781//781 820//820 846//846
f 818//818 826//826 849//849
f 818//818 849//849 840//840
f 721//721 852//852 771//771
f 781//781 846//846 838//838
f 820//820 828//828 846//846
f 809//809 836//836 822//822
f 688//688 802//802 778//778
f 737//737 863//863 801//801
f 648//648 891//891 852//852
f 822//822 836//836 854//854
f 651//651 839//839 786//786
f 742//742 853//853 792//792
f 587//587 817//817 900//900
f 645//645 799//799 790//790
f 826//826 825//825 849//849
f 824//824 845//845 858//858
f 844//844 801//801 828//828
f 567//567 790//790 812//812
f 797//797 851//851 499//499
f 851//851 797//797 868//868
f 841//841 856//856 834//834
f 832//832 835//835 855//855
f 841//841 838//838 856//856
f 836//836 832//832 855//855
f 720//720 837//837 684//684
f 822//822 861//861 833//833
f 825//825 864//864 849//849
f 836//836 855//855 865//865
f 834//834 894//894 759//759
f 829//829 847//847 845//845
f 838//838 862//862 856//856
f 846//846 862//862 838//838
f 825//825 813//813 864//864
f 851//851 817//817 499//499
f 663//663 796//796 890//890
f 828//828 801//801 857//857
f 836//836 865//865 854//854
f 703//703 811//811 893//893
f 846//846 866//866 862//862
f 755//755 880//880 805//805
f 856//856 862//862 883//883
f 855//855 867//867 865//865
f 847//847 786//786 869//869
f 857//857 846//846 828//828
f 862//862 905//905 883//883
f 819//819 812//812 874//874
f 835//835 766//766 871//871
f 849//849 870//870 840//840
f 750//750 859//859 958//958
f 819//819 874//874 811//811
f 861//861 822//822 854//854
f 847//847 869//869 876//876
f 845//845 847//847 876//876
f 865//865 872//872 854//854
f 788//788 830//830 868//868
f 849//849 873//873 870//870
f 864//864 873//873 849//849
f 845//845 875//875 878//878
f 845//845 876//876 875//875
f 858//858 845//845 878//878
f 850//850 576//576 808//808
f 801//801 863//863 877//877
f 855//855 835//835 887//887
f 833//833 861//861 881//881
f 745//745 750//750 958//958
f 823//823 886//886 860//860
f 778//778 802//802 813//813
f 856//856 894//894 834//834
f 801//801 877//877 857//857
f 872//872 889//889 854//854
f 835//835 871//871 887//887
f 843//843 888//888 827//827
f 714//714 927//927 630//630
f 867//867 892//892 865//865
f 823//823 858//858 886//886
f 833//833 881//881 843//843
f 827//827 955//955 807//807
f 876//876 934//934 875//875
f 879//879 857//857 877//877
f 870//870 895//895 840//840
f 786//786 898//898 869//869
f 769//769 950//950 830//830
f 876//876 869//869 899//899
f 663//663 890//890 810//810
f 807//807 955//955 831//831
f 865//865 892//892 872//872
f 808//808 657//657 917//917
f 856//856 883//883 894//894
f 799//799 630//630 927//927
f 861//861 854//854 938//938
f 785//785 896//896 742//742
f 876//876 899//899 934//934
f 862//862 959//959 905//905
f 711//711 815//815 766//766
f 786//786 839//839 898//898
f 827//827 907//907 955//955
f 742//742 896//896 853//853
f 821//821 902//902 785//785
f 868//868 830//830 851//851
f 881//881 888//888 843//843
f 858//858 897//897 886//886
f 858//858 878//878 897//897
f 846//846 906//906 866//866
f 383//383 285//285 1036//1036
f 863//863 901//901 931//931
f 870//870 910//910 895//895
f 821//821 814//814 902//902
f 870//870 873//873 910//910
f 864//864 813//813 909//909
f 874//874 893//893 811//811
f 827//827 888//888 911//911
f 652//652 1030//1030 673//673
f 846//846 857//857 913//913
f 887//887 871//871 929//929
f 827//827 911//911 907//907
f 869//869 885//885 899//899
f 872//872 928//928 889//889
f 787//787 805//805 912//912
f 878//878 875//875 934//934
f 873//873 918//918 910//910
f 894//894 923//923 759//759
f 806//806 787//787 967//967
f 873//873 864//864 918//918
f 830//830 926//926 851//851
f 751//751 922//922 740//740
f 874//874 914//914 893//893
f 854//854 889//889 915//915
f 851//851 926//926 817//817
f 840//840 924//924 884//884
f 795//795 777//777 916//916
f 785//785 908//908 896//896
f 830//830 950//950 926//926
f 919//919 922//922 751//751
f 864//864 909//909 918//918
f 587//587 900//900 773//773
f 877//877 863//863 904//904
f 863//863 848//848 901//901
f 815//815 884//884 903//903
f 806//806 967//967 816//816
f 882//882 921//921 719//719
f 863//863 931//931 904//904
f 883//883 923//923 894//894
f 738//738 860//860 950//950
f 759//759 917//917 657//657
f 854//854 915//915 938//938
f 905//905 935//935 883//883
f 855//855 929//929 867//867
f 796//796 719//719 921//921
f 881//881 861//861 940//940
f 907//907 911//911 930//930
f 795//795 933//933 859//859
f 802//802 990//990 813//813
f 862//862 949//949 959//959
f 855//855 887//887 929//929
f 785//785 902//902 908//908
f 862//862 866//866 949//949
f 861//861 938//938 940//940
f 883//883 935//935 923//923
f 857//857 879//879 939//939
f 874//874 937//937 914//914
f 805//805 936//936 912//912
f 893//893 946//946 802//802
f 878//878 957//957 897//897
f 813//813 990//990 909//909
f 912//912 942//942 787//787
f 867//867 941//941 892//892
f 867//867 929//929 941//941
f 802//802 946//946 951//951
f 857//857 939//939 913//913
f 881//881 943//943 888//888
f 967//967 787//787 942//942
f 881//881 940//940 943//943
f 848//848 792//792 932//932
f 848//848 944//944 948//948
f 893//893 914//914 946//946
f 874//874 953//953 937//937
f 880//880 936//936 805//805
f 932//932 944//944 848//848
f 892//892 962//962 872//872
f 840//840 895//895 924//924
f 812//812 953//953 874//874
f 878//878 934//934 957//957
f 907//907 968//968 955//955
f 913//913 906//906 846//846
f 901//901 848//848 948//948
f 969//969 802//802 951//951
f 926//926 961//961 817//817
f 946//946 914//914 937//937
f 817//817 956//956 952//952
f 866//866 906//906 960//960
f 905//905 959//959 935//935
f 931//931 901//901 977//977
f 950//950 961//961 926//926
f 869//869 898//898 885//885
f 934//934 899//899 963//963
f 817//817 961//961 956//956
f 866//866 960//960 949//949
f 882//882 773//773 954//954
f 796//796 920//920 890//890
f 889//889 964//964 915//915
f 879//879 877//877 939//939
f 886//886 974//974 860//860
f 837//837 720//720 1035//1035
f 889//889 928//928 964//964
f 880//880 831//831 972//972
f 942//942 973//973 967//967
f 773//773 900//900 954//954
f 961//961 966//966 956//956
f 877//877 904//904 939//939
f 901//901 947//947 977//977
f 872//872 962//962 928//928
f 831//831 955//955 970//970
f 792//792 853//853 932//932
f 720//720 967//967 1035//1035
f 934//934 963//963 957//957
f 761//761 994//994 714//714
f 892//892 941//941 962//962
f 816//816 967//967 720//720
f 907//907 945//945 975//975
f 901//901 965//965 947//947
f 907//907 975//975 968//968
f 814//814 978//978 902//902
f 777//777 837//837 916//916
f 909//909 990//990 918//918
f 817//817 981//981 900//900
f 937//937 971//971 946//946
f 899//899 885//885 980//980
f 885//885 898//898 980//980
f 907//907 930//930 979//979
f 907//907 979//979 945//945
f 895//895 988//988 924//924
f 285//285 716//716 1036//1036
f 906//906 913//913 1007//1007
f 913//913 983//983 1007//1007
f 796//796 921//921 920//920
f 895//895 910//910 988//988
f 938//938 915//915 982//982
f 888//888 943//943 911//911
f 971//971 937//937 986//986
f 927//927 714//714 994//994
f 899//899 980//980 984//984
f 940//940 938//938 943//943
f 802//802 969//969 990//990
f 901//901 985//985 965//965
f 884//884 989//989 903//903
f 968//968 976//976 955//955
f 904//904 931//931 1000//1000
f 814//814 842//842 978//978
f 795//795 916//916 933//933
f 910//910 1002//1002 988//988
f 913//913 939//939 983//983
f 938//938 982//982 943//943
f 842//842 771//771 996//996
f 740//740 922//922 987//987
f 751//751 383//383 919//919
f 771//771 852//852 996//996
f 896//896 908//908 993//993
f 963//963 899//899 984//984
f 902//902 1012//1012 908//908
f 956//956 966//966 952//952
f 902//902 978//978 1012//1012
f 910//910 918//918 1002//1002
f 937//937 953//953 986//986
f 859//859 1071//1071 958//958
f 959//959 1034//1034 935//935
f 928//928 962//962 964//964
f 931//931 977//977 1000//1000
f 962//962 941//941 1014//1014
f 906//906 1007//1007 960//960
f 837//837 1035//1035 1013//1013
f 901//901 948//948 992//992
f 897//897 995//995 886//886
f 817//817 952//952 981//981
f 924//924 988//988 1025//1025
f 941//941 1006//1006 1014//1014
f 766//766 815//815 1078//1078
f 980//980 898//898 997//997
f 901//901 992//992 998//998
f 761//761 810//810 1004//1004
f 924//924 1025//1025 999//999
f 924//924 999//999 884//884
f 941//941 929//929 1006//1006
f 740//740 987//987 891//891
f 935//935 1034//1034 923//923
f 860//860 974//974 1005//1005
f 912//912 936//936 942//942
f 970//970 972//972 831//831
f 918//918 990//990 1002//1002
f 951//951 1001//1001 969//969
f 963//963 984//984 957//957
f 949//949 1040//1040 959//959
f 898//898 1020//1020 997//997
f 766//766 1078//1078 1084//1084
f 944//944 1003//1003 948//948
f 939//939 904//904 983//983
f 968//968 1027//1027 976//976
f 983//983 904//904 1007//1007
f 944//944 932//932 1003//1003
f 880//880 972//972 936//936
f 901//901 998//998 985//985
f 923//923 1034//1034 1008//1008
f 898//898 839//839 1020//1020
f 947//947 1009//1009 977//977
f 383//383 1036//1036 919//919
f 890//890 1004//1004 810//810
f 904//904 1000//1000 1007//1007
f 897//897 957//957 995//995
f 976//976 1031//1031 955//955
f 984//984 980//980 1021//1021
f 911//911 943//943 982//982
f 970//970 955//955 1031//1031
f 961//961 950//950 1011//1011
f 859//859 933//933 1071//1071
f 976//976 1010//1010 1031//1031
f 964//964 1018//1018 915//915
f 992//992 948//948 1010//1010
f 1000//1000 977//977 1022//1022
f 975//975 1023//1023 968//968
f 812//812 790//790 1043//1043
f 766//766 1084//1084 871//871
f 980//980 997//997 1021//1021
f 964//964 962//962 1018//1018
f 947//947 965//965 1009//1009
f 837//837 1013//1013 916//916
f 853//853 896//896 932//932
f 971//971 1032//1032 946//946
f 988//988 1016//1016 1025//1025
f 808//808 917//917 991//991
f 950//950 860//860 1005//1005
f 967//967 973//973 1024//1024
f 1002//1002 1016//1016 988//988
f 850//850 1039//1039 839//839
f 999//999 1025//1025 1019//1019
f 1010//1010 948//948 1003//1003
f 978//978 842//842 1037//1037
f 915//915 1018//1018 982//982
f 886//886 995//995 974//974
f 961//961 1011//1011 966//966
f 911//911 982//982 1018//1018
f 973//973 942//942 1012//1012
f 908//908 1012//1012 1026//1026
f 1020//1020 1029//1029 997//997
f 1002//1002 990//990 1028//1028
f 1019//1019 1025//1025 1033//1033
f 957//957 984//984 995//995
f 929//929 1048//1048 1006//1006
f 976//976 1189//1189 1010//1010
f 911//911 1018//1018 930//930
f 970//970 1031//1031 1003//1003
f 1002//1002 1028//1028 1016//1016
f 922//922 1038//1038 987//987
f 977//977 1009//1009 1041//1041
f 812//812 1043//1043 953//953
f 993//993 932//932 896//896
f 942//942 1026//1026 1012//1012
f 1042//1042 942//942 936//936
f 945//945 979//979 975//975
f 990//990 969//969 1028//1028
f 971//971 986//986 1032//1032
f 808//808 1053//1053 850//850
f 942//942 1042//1042 1026//1026
f 929//929 871//871 1048//1048
f 949//949 960//960 1040//1040
f 852//852 1121//1121 996//996
f 1010//1010 1045//1045 992//992
f 970//970 1003//1003 972//972
f 908//908 1026//1026 993//993
f 839//839 1044//1044 1020//1020
f 997//997 1029//1029 1021//1021
f 1009//1009 965//965 1015//1015
f 1003//1003 932//932 972//972
f 1003//1003 1031//1031 1010//1010
f 808//808 991//991 1053//1053
f 992//992 1045//1045 1049//1049
f 923//923 1008//1008 1105//1105
f 1025//1025 1016//1016 1033//1033
f 959//959 1040//1040 1034//1034
f 839//839 1039//1039 1044//1044
f 992//992 1049//1049 1017//1017
f 1014//1014 1006//1006 1047//1047
f 1041//1041 1022//1022 977//977
f 1028//1028 969//969 1051//1051
f 984//984 1021//1021 1056//1056
f 962//962 1014//1014 1018//1018
f 923//923 1054//1054 759//759
f 922//922 919//919 1038//1038
f 969//969 1001//1001 1051//1051
f 1007//1007 1000//1000 1046//1046
f 1029//1029 1050//1050 1021//1021
f 984//984 1056//1056 995//995
f 1033//1033 1016//1016 1052//1052
f 960//960 1007//1007 1046//1046
f 652//652 745//745 1030//1030
f 1055//1055 1045//1045 1010//1010
f 871//871 1075//1075 1048//1048
f 951//951 946//946 1001//1001
f 972//972 1066//1066 936//936
f 1028//1028 1051//1051 1134//1134
f 1008//1008 1034//1034 1067//1067
f 979//979 1023//1023 975//975
f 960//960 1046//1046 1040//1040
f 1034//1034 1040//1040 1069//1069
f 930//930 1064//1064 979//979
f 850//850 1053//1053 1039//1039
f 968//968 1063//1063 1027//1027
f 1020//1020 1060//1060 1029//1029
f 1000//1000 1022//1022 1046//1046
f 923//923 1105//1105 1054//1054
f 968//968 1023//1023 1063//1063
f 882//882 954//954 1068//1068
f 1014//1014 1047//1047 1057//1057
f 1020//1020 1061//1061 1060//1060
f 852//852 891//891 1121//1121
f 1042//1042 936//936 1066//1066
f 1052//1052 1016//1016 1028//1028
f 761//761 1004//1004 994//994
f 882//882 1068//1068 921//921
f 973//973 1012//1012 1024//1024
f 1020//1020 1044//1044 1061//1061
f 1026//1026 1066//1066 993//993
f 946//946 1032//1032 1096//1096
f 1012//1012 978//978 1024//1024
f 967//967 1024//1024 1035//1035
f 974//974 995//995 1065//1065
f 1006//1006 1079//1079 1047//1047
f 1026//1026 1042//1042 1066//1066
f 1006//1006 1048//1048 1079//1079
f 1009//1009 1015//1015 1058//1058
f 1021//1021 1050//1050 1056//1056
f 1009//1009 1058//1058 1070//1070
f 1069//1069 1067//1067 1034//1034
f 979//979 1073//1073 1023//1023
f 1009//1009 1070//1070 1041//1041
f 927//927 1080//1080 1062//1062
f 1064//1064 1081//1081 979//979
f 1056//1056 1050//1050 1072//1072
f 1014//1014 1057//1057 1018//1018
f 1040//1040 1046//1046 1069//1069
f 1043//1043 1088//1088 953//953
f 979//979 1086//1086 1073//1073
f 985//985 1103//1103 965//965
f 954//954 900//900 1059//1059
f 1008//1008 1077//1077 1105//1105
f 871//871 1084//1084 1075//1075
f 1027//1027 1184//1184 976//976
f 927//927 994//994 1080//1080
f 799//799 1092//1092 790//790
f 1069//1069 1046//1046 1067//1067
f 1057//1057 1047//1047 1079//1079
f 1057//1057 1079//1079 1018//1018
f 1018//1018 1074//1074 930//930
f 1001//1001 946//946 1096//1096
f 974//974 1065//1065 1005//1005
f 1005//1005 1011//1011 950//950
f 966//966 1011//1011 952//952
f 1022//1022 1041//1041 1099//1099
f 927//927 1062//1062 799//799
f 996//996 1085//1085 842//842
f 916//916 1146//1146 933//933
f 1008//1008 1067//1067 1077//1077
f 1051//1051 1001//1001 1083//1083
f 979//979 1081//1081 1086//1086
f 986//986 953//953 1032//1032
f 952//952 1093//1093 981//981
f 759//759 1054//1054 917//917
f 1018//1018 1079//1079 1076//1076
f 933//933 1090//1090 1071//1071
f 1015//1015 1087//1087 1058//1058
f 1018//1018 1076//1076 1074//1074
f 993//993 1066//1066 932//932
f 932//932 1066//1066 972//972
f 815//815 903//903 1078//1078
f 1015//1015 965//965 1103//1103
f 978//978 1037//1037 1024//1024
f 1073//1073 1089//1089 1023//1023
f 1046//1046 1022//1022 1104//1104
f 953//953 1088//1088 1032//1032
f 1041//1041 1106//1106 1099//1099
f 1073//1073 1086//1086 1089//1089
f 1019//1019 1082//1082 999//999
f 884//884 1150//1150 989//989
f 999//999 1150//1150 884//884
f 952//952 1011//1011 1093//1093
f 1005//1005 1065//1065 1119//1119
f 930//930 1074//1074 1064//1064
f 1106//1106 1041//1041 1094//1094
f 1010//1010 1189//1189 1055//1055
f 976//976 1184//1184 1189//1189
f 985//985 1101//1101 1103//1103
f 1019//1019 1033//1033 1100//1100
f 1019//1019 1100//1100 1082//1082
f 1032//1032 1088//1088 1096//1096
f 1067//1067 1102//1102 1077//1077
f 1028//1028 1134//1134 1091//1091
f 1001//1001 1096//1096 1083//1083
f 998//998 992//992 1095//1095
f 1011//1011 1005//1005 1119//1119
f 790//790 1092//1092 1043//1043
f 1087//1087 1015//1015 1103//1103
f 1051//1051 1083//1083 1097//1097
f 1051//1051 1097//1097 1134//1134
f 900//900 981//981 1130//1130
f 933//933 1146//1146 1090//1090
f 1150//1150 999//999 1082//1082
f 1029//1029 1060//1060 1107//1107
f 1067//1067 1046//1046 1102//1102
f 1022//1022 1099//1099 1104//1104
f 1105//1105 1077//1077 1102//1102
f 1079//1079 1048//1048 1098//1098
f 1079//1079 1098//1098 1076//1076
f 1087//1087 1103//1103 1113//1113
f 1027//1027 1063//1063 1128//1128
f 1023//1023 1089//1089 1108//1108
f 1063//1063 1023//1023 1108//1108
f 1011//1011 1110//1110 1093//1093
f 1052//1052 1028//1028 1122//1122
f 1046//1046 1104//1104 1102//1102
f 1058//1058 1113//1113 1070//1070
f 1099//1099 1106//1106 1111//1111
f 890//890 920//920 1112//1112
f 1050//1050 1029//1029 1107//1107
f 1070//1070 1114//1114 1041//1041
f 1024//1024 1117//1117 1035//1035
f 987//987 1038//1038 1123//1123
f 1119//1119 1110//1110 1011//1011
f 1058//1058 1087//1087 1113//1113
f 920//920 921//921 1125//1125
f 1027//1027 1128//1128 1184//1184
f 1033//1033 1133//1133 1100//1100
f 1150//1150 1120//1120 989//989
f 1052//1052 1133//1133 1033//1033
f 985//985 998//998 1101//1101
f 981//981 1093//1093 1118//1118
f 1072//1072 1050//1050 1116//1116
f 891//891 1127//1127 1121//1121
f 1028//1028 1091//1091 1122//1122
f 1076//1076 1098//1098 1129//1129
f 1086//1086 1081//1081 1124//1124
f 1088//1088 1115//1115 1126//1126
f 891//891 987//987 1127//1127
f 1050//1050 1107//1107 1116//1116
f 1088//1088 1043//1043 1115//1115
f 1093//1093 1110//1110 1118//1118
f 1048//1048 1075//1075 1129//1129
f 903//903 989//989 1120//1120
f 1017//1017 1049//1049 1135//1135
f 890//890 1112//1112 1004//1004
f 673//673 1314//1314 925//925
f 1088//1088 1126//1126 1096//1096
f 1041//1041 1114//1114 1094//1094
f 1061//1061 1044//1044 1132//1132
f 1086//1086 1156//1156 1089//1089
f 1097//1097 1165//1165 1134//1134
f 996//996 1121//1121 1085//1085
f 1048//1048 1129//1129 1098//1098
f 1118//1118 1130//1130 981//981
f 1100//1100 1136//1136 1082//1082
f 992//992 1017//1017 1137//1137
f 998//998 1095//1095 1101//1101
f 1060//1060 1061//1061 1132//1132
f 1064//1064 1074//1074 1138//1138
f 1105//1105 1102//1102 1054//1054
f 1056//1056 1072//1072 1116//1116
f 1076//1076 1129//1129 1074//1074
f 1189//1189 1157//1157 1055//1055
f 1060//1060 1132//1132 1107//1107
f 1017//1017 1135//1135 1137//1137
f 1065//1065 1142//1142 1119//1119
f 1107//1107 1132//1132 1168//1168
f 987//987 1123//1123 1127//1127
f 1052//1052 1122//1122 1133//1133
f 903//903 1198//1198 1078//1078
f 1064//1064 1109//1109 1144//1144
f 1121//1121 1141//1141 1085//1085
f 995//995 1056//1056 1065//1065
f 1099//1099 1143//1143 1104//1104
f 842//842 1085//1085 1037//1037
f 1102//1102 1104//1104 1163//1163
f 1099//1099 1111//1111 1143//1143
f 1070//1070 1113//1113 1114//1114
f 1101//1101 1095//1095 1131//1131
f 1013//1013 1035//1035 1117//1117
f 916//916 1013//1013 1145//1145
f 1054//1054 1188//1188 917//917
f 1095//1095 992//992 1147//1147
f 1082//1082 1152//1152 1150//1150
f 1038//1038 1151//1151 1123//1123
f 1100//1100 1133//1133 1136//1136
f 1136//1136 1152//1152 1082//1082
f 1064//1064 1138//1138 1109//1109
f 1065//1065 1140//1140 1142//1142
f 1103//1103 1101//1101 1131//1131
f 1135//1135 1049//1049 1153//1153
f 991//991 1166//1166 1053//1053
f 1104//1104 1143//1143 1163//1163
f 1118//1118 1110//1110 1139//1139
f 1132//1132 1044//1044 1154//1154
f 992//992 1137//1137 1147//1147
f 1188//1188 1159//1159 917//917
f 1063//1063 1108//1108 1149//1149
f 1089//1089 1156//1156 1108//1108
f 1113//1113 1103//1103 1158//1158
f 991//991 917//917 1159//1159
f 1063//1063 1149//1149 1128//1128
f 903//903 1120//1120 1198//1198
f 1044//1044 1164//1164 1154//1154
f 1103//1103 1131//1131 1158//1158
f 1102//1102 1163//1163 1054//1054
f 1074//1074 1129//1129 1138//1138
f 1130//1130 1118//1118 1155//1155
f 921//921 1068//1068 1125//1125
f 1096//1096 1165//1165 1083//1083
f 1013//1013 1117//1117 1145//1145
f 1056//1056 1116//1116 1205//1205
f 1121//1121 1127//1127 1141//1141
f 1081//1081 1064//1064 1124//1124
f 1143//1143 1111//1111 1161//1161
f 994//994 1004//1004 1169//1169
f 1148//1148 1218//1218 1128//1128
f 1128//1128 1149//1149 1148//1148
f 1118//1118 1139//1139 1155//1155
f 1107//1107 1168//1168 1185//1185
f 799//799 1062//1062 1092//1092
f 673//673 1030//1030 1314//1314
f 1129//1129 1075//1075 1138//1138
f 1038//1038 919//919 1151//1151
f 1128//1128 1218//1218 1184//1184
f 1068//1068 954//954 1249//1249
f 1062//1062 1080//1080 1175//1175
f 1168//1168 1132//1132 1186//1186
f 958//958 1071//1071 1171//1171
f 1136//1136 1133//1133 1174//1174
f 916//916 1145//1145 1146//1146
f 1131//1131 1095//1095 1215//1215
f 1136//1136 1172//1172 1152//1152
f 1126//1126 1115//1115 1177//1177
f 1086//1086 1124//1124 1156//1156
f 1078//1078 1180//1180 1084//1084
f 920//920 1125//1125 1112//1112
f 1176//1176 1154//1154 1164//1164
f 1173//1173 1150//1150 1191//1191
f 1078//1078 1198//1198 1209//1209
f 1111//1111 1106//1106 1182//1182
f 1116//1116 1107//1107 1185//1185
f 1191//1191 1150//1150 1152//1152
f 1132//1132 1154//1154 1186//1186
f 1176//1176 1178//1178 1154//1154
f 1144//1144 1162//1162 1064//1064
f 1071//1071 1090//1090 1171//1171
f 1174//1174 1172//1172 1136//1136
f 1158//1158 1179//1179 1113//1113
f 1156//1156 1194//1194 1108//1108
f 1049//1049 1045//1045 1167//1167
f 1064//1064 1201//1201 1124//1124
f 1158//1158 1131//1131 1181//1181
f 1091//1091 1197//1197 1122//1122
f 1108//1108 1183//1183 1149//1149
f 1122//1122 1174//1174 1133//1133
f 1131//1131 1215//1215 1181//1181
f 1126//1126 1193//1193 1096//1096
f 994//994 1169//1169 1080//1080
f 1024//1024 1037//1037 1117//1117
f 1190//1190 1188//1188 1054//1054
f 1075//1075 1202//1202 1138//1138
f 1085//1085 1216//1216 1037//1037
f 1054//1054 1163//1163 1190//1190
f 1055//1055 1157//1157 1045//1045
f 1113//1113 1179//1179 1114//1114
f 1122//1122 1197//1197 1174//1174
f 1160//1160 1161//1161 1111//1111
f 1178//1178 1186//1186 1154//1154
f 1083//1083 1165//1165 1097//1097
f 1215//1215 1095//1095 1240//1240
f 716//716 1327//1327 1036//1036
f 1163//1163 1143//1143 1211//1211
f 1204//1204 1224//1224 1094//1094
f 1075//1075 1220//1220 1202//1202
f 1111//1111 1182//1182 1160//1160
f 1056//1056 1140//1140 1065//1065
f 1178//1178 1192//1192 1186//1186
f 1064//1064 1162//1162 1201//1201
f 1094//1094 1114//1114 1179//1179
f 1146//1146 1145//1145 1206//1206
f 1168//1168 1186//1186 1195//1195
f 900//900 1130//1130 1296//1296
f 1141//1141 1127//1127 1199//1199
f 1156//1156 1124//1124 1194//1194
f 1124//1124 1201//1201 1196//1196
f 1085//1085 1141//1141 1216//1216
f 1109//1109 1138//1138 1202//1202
f 1075//1075 1084//1084 1180//1180
f 1094//1094 1224//1224 1106//1106
f 1056//1056 1205//1205 1140//1140
f 1091//1091 1134//1134 1197//1197
f 1039//1039 1053//1053 1237//1237
f 1191//1191 1152//1152 1172//1172
f 1039//1039 1237//1237 1044//1044
f 1192//1192 1195//1195 1186//1186
f 1134//1134 1165//1165 1203//1203
f 1167//1167 1045//1045 1207//1207
f 1116//1116 1185//1185 1205//1205
f 1240//1240 1095//1095 1147//1147
f 1146//1146 1206//1206 1090//1090
f 1163//1163 1211//1211 1190//1190
f 1109//1109 1162//1162 1144//1144
f 1191//1191 1172//1172 1223//1223
f 1004//1004 1112//1112 1169//1169
f 1115//1115 1200//1200 1177//1177
f 1094//1094 1179//1179 1233//1233
f 1045//1045 1208//1208 1207//1207
f 1094//1094 1233//1233 1204//1204
f 1173//1173 1191//1191 1238//1238
f 1108//1108 1194//1194 1183//1183
f 1164//1164 1044//1044 1237//1237
f 1115//1115 1043//1043 1200//1200
f 1178//1178 1176//1176 1217//1217
f 1168//1168 1195//1195 1185//1185
f 1124//1124 1196//1196 1194//1194
f 1162//1162 1109//1109 1226//1226
f 1160//1160 1210//1210 1161//1161
f 1197//1197 1134//1134 1203//1203
f 1167//1167 1207//1207 1187//1187
f 1049//1049 1167//1167 1153//1153
f 1127//1127 1123//1123 1214//1214
f 1117//1117 1037//1037 1216//1216
f 1078//1078 1209//1209 1180//1180
f 1157//1157 1189//1189 1219//1219
f 900//900 1296//1296 1059//1059
f 1179//1179 1158//1158 1240//1240
f 1126//1126 1177//1177 1193//1193
f 1158//1158 1181//1181 1215//1215
f 1190//1190 1211//1211 1188//1188
f 1153//1153 1229//1229 1135//1135
f 1106//1106 1224//1224 1182//1182
f 1096//1096 1193//1193 1165//1165
f 1151//1151 1214//1214 1123//1123
f 1194//1194 1148//1148 1183//1183
f 1149//1149 1183//1183 1148//1148
f 1140//1140 1205//1205 1245//1245
f 1160//1160 1182//1182 1224//1224
f 1174//1174 1221//1221 1172//1172
f 1045//1045 1157//1157 1208//1208
f 1158//1158 1215//1215 1240//1240
f 1189//1189 1170//1170 1225//1225
f 1201//1201 1162//1162 1213//1213
f 1167//1167 1187//1187 1153//1153
f 1192//1192 1222//1222 1195//1195
f 1135//1135 1228//1228 1137//1137
f 1194//1194 1235//1235 1148//1148
f 1162//1162 1226//1226 1227//1227
f 1162//1162 1227//1227 1213//1213
f 1109//1109 1202//1202 1226//1226
f 1178//1178 1217//1217 1234//1234
f 991//991 1159//1159 1166//1166
f 1164//1164 1259//1259 1176//1176
f 1075//1075 1180//1180 1236//1236
f 1110//1110 1212//1212 1139//1139
f 1189//1189 1225//1225 1219//1219
f 1161//1161 1210//1210 1243//1243
f 1150//1150 1173//1173 1258//1258
f 1053//1053 1289//1289 1237//1237
f 1196//1196 1231//1231 1194//1194
f 1139//1139 1232//1232 1155//1155
f 1075//1075 1236//1236 1220//1220
f 1135//1135 1229//1229 1230//1230
f 1178//1178 1234//1234 1192//1192
f 1135//1135 1230//1230 1228//1228
f 1237//1237 1259//1259 1164//1164
f 1172//1172 1221//1221 1223//1223
f 1127//1127 1214//1214 1199//1199
f 1141//1141 1145//1145 1117//1117
f 1141//1141 1117//1117 1216//1216
f 1171//1171 1090//1090 1269//1269
f 1143//1143 1243//1243 1211//1211
f 1143//1143 1161//1161 1243//1243
f 1185//1185 1195//1195 1205//1205
f 1189//1189 1184//1184 1244//1244
f 1165//1165 1239//1239 1203//1203
f 1141//1141 1199//1199 1145//1145
f 1197//1197 1221//1221 1174//1174
f 1223//1223 1221//1221 1241//1241
f 1119//1119 1212//1212 1110//1110
f 1150//1150 1258//1258 1120//1120
f 1201//1201 1213//1213 1196//1196
f 1177//1177 1248//1248 1193//1193
f 1145//1145 1199//1199 1206//1206
f 1160//1160 1243//1243 1210//1210
f 1053//1053 1166//1166 1289//1289
f 1155//1155 1232//1232 1130//1130
f 1200//1200 1043//1043 1266//1266
f 1238//1238 1191//1191 1254//1254
f 1176//1176 1259//1259 1217//1217
f 1200//1200 1248//1248 1177//1177
f 1197//1197 1203//1203 1221//1221
f 1195//1195 1247//1247 1205//1205
f 1175//1175 1080//1080 1283//1283
f 1223//1223 1252//1252 1191//1191
f 1184//1184 1218//1218 1310//1310
f 1119//1119 1142//1142 1212//1212
f 1191//1191 1252//1252 1254//1254
f 1200//1200 1266//1266 1248//1248
f 1179//1179 1240//1240 1233//1233
f 1142//1142 1140//1140 1246//1246
f 1202//1202 1220//1220 1226//1226
f 1068//1068 1250//1250 1125//1125
f 1192//1192 1242//1242 1222//1222
f 1139//1139 1212//1212 1232//1232
f 1192//1192 1234//1234 1242//1242
f 1194//1194 1231//1231 1235//1235
f 1205//1205 1247//1247 1245//1245
f 1204//1204 1233//1233 1224//1224
f 1195//1195 1222//1222 1247//1247
f 1151//1151 919//919 1263//1263
f 1173//1173 1238//1238 1258//1258
f 1220//1220 1227//1227 1226//1226
f 1196//1196 1213//1213 1231//1231
f 1151//1151 1263//1263 1214//1214
f 1242//1242 1234//1234 1251//1251
f 1142//1142 1246//1246 1212//1212
f 1153//1153 1187//1187 1229//1229
f 1184//1184 1310//1310 1244//1244
f 1233//1233 1256//1256 1224//1224
f 1140//1140 1245//1245 1265//1265
f 1171//1171 1269//1269 958//958
f 1229//1229 1253//1253 1230//1230
f 1189//1189 1244//1244 1170//1170
f 1157//1157 1219//1219 1208//1208
f 1243//1243 1160//1160 1255//1255
f 1160//1160 1224//1224 1255//1255
f 1193//1193 1248//1248 1266//1266
f 1233//1233 1240//1240 1256//1256
f 1165//1165 1193//1193 1273//1273
f 1090//1090 1206//1206 1269//1269
f 1137//1137 1228//1228 1260//1260
f 954//954 1059//1059 1249//1249
f 1238//1238 1261//1261 1258//1258
f 1219//1219 1225//1225 1257//1257
f 1137//1137 1260//1260 1147//1147
f 1217//1217 1259//1259 1262//1262
f 1259//1259 1237//1237 1288//1288
f 1232//1232 1212//1212 1130//1130
f 1217//1217 1262//1262 1234//1234
f 1112//1112 1274//1274 1169//1169
f 1043//1043 1264//1264 1266//1266
f 1245//1245 1247//1247 1265//1265
f 1223//1223 1241//1241 1252//1252
f 1062//1062 1267//1267 1092//1092
f 1238//1238 1254//1254 1261//1261
f 1080//1080 1169//1169 1283//1283
f 1231//1231 1213//1213 1235//1235
f 1148//1148 1235//1235 1218//1218
f 1125//1125 1274//1274 1112//1112
f 1203//1203 1282//1282 1221//1221
f 1239//1239 1165//1165 1273//1273
f 1227//1227 1268//1268 1213//1213
f 1203//1203 1239//1239 1282//1282
f 1246//1246 1279//1279 1212//1212
f 1266//1266 1264//1264 1270//1270
f 1211//1211 1243//1243 1188//1188
f 1255//1255 1272//1272 1243//1243
f 1247//1247 1222//1222 1276//1276
f 1092//1092 1267//1267 1043//1043
f 1265//1265 1247//1247 1349//1349
f 1263//1263 919//919 1269//1269
f 1212//1212 1279//1279 1130//1130
f 1193//1193 1266//1266 1315//1315
f 1140//1140 1328//1328 1246//1246
f 1263//1263 1269//1269 1214//1214
f 1234//1234 1262//1262 1297//1297
f 1222//1222 1242//1242 1276//1276
f 1240//1240 1278//1278 1256//1256
f 1059//1059 1296//1296 1285//1285
f 1240//1240 1284//1284 1278//1278
f 1261//1261 1291//1291 1280//1280
f 1258//1258 1261//1261 1280//1280
f 1219//1219 1257//1257 1208//1208
f 1130//1130 1279//1279 1271//1271
f 1225//1225 1170//1170 1257//1257
f 1269//1269 745//745 958//958
f 1269//1269 919//919 1281//1281
f 1269//1269 1281//1281 745//745
f 1036//1036 1281//1281 919//919
f 1234//1234 1297//1297 1251//1251
f 1239//1239 1273//1273 1325//1325
f 1206//1206 1199//1199 1214//1214
f 1187//1187 1253//1253 1229//1229
f 1262//1262 1259//1259 1287//1287
f 1206//1206 1214//1214 1269//1269
f 1261//1261 1254//1254 1294//1294
f 1230//1230 1253//1253 1228//1228
f 1227//1227 1277//1277 1268//1268
f 1259//1259 1288//1288 1287//1287
f 1265//1265 1328//1328 1140//1140
f 1266//1266 1270//1270 1315//1315
f 1193//1193 1315//1315 1273//1273
f 1187//1187 1290//1290 1253//1253
f 772//772 1327//1327 716//716
f 1187//1187 1207//1207 1290//1290
f 1125//1125 1250//1250 1274//1274
f 1240//1240 1147//1147 1300//1300
f 1208//1208 1257//1257 1275//1275
f 1270//1270 1264//1264 1315//1315
f 1059//1059 1285//1285 1249//1249
f 1243//1243 1272//1272 1298//1298
f 1120//1120 1313//1313 1198//1198
f 1220//1220 1340//1340 1227//1227
f 1292//1292 1280//1280 1291//1291
f 1224//1224 1256//1256 1255//1255
f 1218//1218 1235//1235 1307//1307
f 1293//1293 1287//1287 1288//1288
f 1175//1175 1316//1316 1062//1062
f 1244//1244 1301//1301 1170//1170
f 1175//1175 1283//1283 1316//1316
f 1243//1243 1306//1306 1188//1188
f 745//745 1281//1281 1324//1324
f 1262//1262 1287//1287 1305//1305
f 1208//1208 1275//1275 1299//1299
f 1281//1281 1036//1036 1327//1327
f 1043//1043 1322//1322 1264//1264
f 1255//1255 1309//1309 1272//1272
f 1169//1169 1274//1274 1308//1308
f 1220//1220 1236//1236 1340//1340
f 1299//1299 1311//1311 1208//1208
f 1227//1227 1340//1340 1277//1277
f 1264//1264 1322//1322 1304//1304
f 1213//1213 1268//1268 1235//1235
f 1130//1130 1271//1271 1296//1296
f 1307//1307 1312//1312 1218//1218
f 1207//1207 1302//1302 1290//1290
f 1241//1241 1221//1221 1332//1332
f 1239//1239 1325//1325 1282//1282
f 1120//1120 1258//1258 1313//1313
f 1288//1288 1237//1237 1395//1395
f 1286//1286 1271//1271 1279//1279
f 1271//1271 1337//1337 1296//1296
f 1208//1208 1321//1321 1207//1207
f 1319//1319 1287//1287 1293//1293
f 1255//1255 1256//1256 1278//1278
f 1261//1261 1294//1294 1291//1291
f 1286//1286 1337//1337 1271//1271
f 1342//1342 1292//1292 1291//1291
f 1294//1294 1361//1361 1291//1291
f 1268//1268 1307//1307 1235//1235
f 1311//1311 1321//1321 1208//1208
f 1262//1262 1305//1305 1297//1297
f 1249//1249 1295//1295 1250//1250
f 1237//1237 1289//1289 1395//1395
f 1278//1278 1284//1284 1309//1309
f 1169//1169 1308//1308 1283//1283
f 1249//1249 1250//1250 1068//1068
f 1257//1257 1170//1170 1341//1341
f 1284//1284 1240//1240 1317//1317
f 1292//1292 1303//1303 1280//1280
f 1062//1062 1316//1316 1267//1267
f 1251//1251 1297//1297 1323//1323
f 1319//1319 1305//1305 1287//1287
f 1257//1257 1341//1341 1275//1275
f 1247//1247 1276//1276 1326//1326
f 1228//1228 1253//1253 1338//1338
f 1282//1282 1332//1332 1221//1221
f 1293//1293 1362//1362 1318//1318
f 1240//1240 1300//1300 1317//1317
f 1278//1278 1309//1309 1255//1255
f 1166//1166 1331//1331 1289//1289
f 1218//1218 1334//1334 1310//1310
f 1244//1244 1386//1386 1301//1301
f 1252//1252 1241//1241 1335//1335
f 1207//1207 1356//1356 1302//1302
f 1268//1268 1277//1277 1307//1307
f 1243//1243 1298//1298 1306//1306
f 1288//1288 1362//1362 1293//1293
f 1198//1198 1313//1313 1391//1391
f 1297//1297 1305//1305 1329//1329
f 1228//1228 1338//1338 1260//1260
f 1254//1254 1252//1252 1294//1294
f 1272//1272 1309//1309 1298//1298
f 1286//1286 1279//1279 1336//1336
f 1253//1253 1320//1320 1338//1338
f 1147//1147 1260//1260 1300//1300
f 1252//1252 1335//1335 1294//1294
f 1241//1241 1332//1332 1335//1335
f 1170//1170 1301//1301 1341//1341
f 1242//1242 1251//1251 1346//1346
f 1180//1180 1343//1343 1236//1236
f 1290//1290 1320//1320 1253//1253
f 1218//1218 1312//1312 1334//1334
f 1273//1273 1315//1315 1325//1325
f 1292//1292 1342//1342 1351//1351
f 1341//1341 1301//1301 1363//1363
f 1198//1198 1391//1391 1209//1209
f 1342//1342 1291//1291 1361//1361
f 1246//1246 1411//1411 1279//1279
f 1274//1274 1250//1250 1359//1359
f 1264//1264 1304//1304 1344//1344
f 1276//1276 1242//1242 1346//1346
f 1247//1247 1326//1326 1349//1349
f 1293//1293 1318//1318 1347//1347
f 1258//1258 1280//1280 1345//1345
f 1319//1319 1329//1329 1305//1305
f 1325//1325 1315//1315 1385//1385
f 1292//1292 1351//1351 1303//1303
f 1276//1276 1346//1346 1326//1326
f 1319//1319 1293//1293 1347//1347
f 1281//1281 1327//1327 1324//1324
f 1298//1298 1339//1339 1306//1306
f 1264//1264 1344//1344 1315//1315
f 1265//1265 1349//1349 1328//1328
f 1304//1304 1322//1322 1348//1348
f 1309//1309 1317//1317 1298//1298
f 1297//1297 1329//1329 1323//1323
f 1282//1282 1355//1355 1332//1332
f 1207//1207 1321//1321 1356//1356
f 1258//1258 1345//1345 1313//1313
f 1260//1260 1352//1352 1330//1330
f 1251//1251 1323//1323 1346//1346
f 1301//1301 1386//1386 1354//1354
f 1043//1043 1267//1267 1322//1322
f 745//745 1324//1324 1030//1030
f 1260//1260 1333//1333 1352//1352
f 1338//1338 1320//1320 1357//1357
f 1319//1319 1347//1347 1364//1364
f 1260//1260 1366//1366 1300//1300
f 1288//1288 1378//1378 1362//1362
f 1302//1302 1320//1320 1290//1290
f 1341//1341 1363//1363 1299//1299
f 1309//1309 1284//1284 1317//1317
f 1341//1341 1299//1299 1275//1275
f 1279//1279 1411//1411 1336//1336
f 1307//1307 1334//1334 1312//1312
f 1286//1286 1336//1336 1337//1337
f 1337//1337 1353//1353 1296//1296
f 1307//1307 1277//1277 1334//1334
f 1244//1244 1310//1310 1369//1369
f 1335//1335 1361//1361 1294//1294
f 1289//1289 1350//1350 1395//1395
f 1188//1188 1370//1370 1159//1159
f 1366//1366 1260//1260 1330//1330
f 1250//1250 1295//1295 1359//1359
f 1342//1342 1368//1368 1351//1351
f 1298//1298 1317//1317 1339//1339
f 1209//1209 1343//1343 1180//1180
f 1289//1289 1331//1331 1350//1350
f 1188//1188 1306//1306 1370//1370
f 1320//1320 1302//1302 1357//1357
f 1260//1260 1338//1338 1333//1333
f 1303//1303 1365//1365 1280//1280
f 1315//1315 1344//1344 1385//1385
f 1334//1334 1369//1369 1310//1310
f 1342//1342 1361//1361 1360//1360
f 1319//1319 1372//1372 1329//1329
f 1299//1299 1363//1363 1311//1311
f 1338//1338 1357//1357 1333//1333
f 1378//1378 1288//1288 1395//1395
f 1359//1359 1308//1308 1274//1274
f 1282//1282 1325//1325 1355//1355
f 1319//1319 1364//1364 1372//1372
f 1303//1303 1351//1351 1365//1365
f 1277//1277 1340//1340 1334//1334
f 1318//1318 1362//1362 1347//1347
f 1351//1351 1380//1380 1365//1365
f 1249//1249 1358//1358 1295//1295
f 1347//1347 1362//1362 1387//1387
f 1283//1283 1308//1308 1400//1400
f 1339//1339 1317//1317 1306//1306
f 1364//1364 1347//1347 1402//1402
f 1317//1317 1300//1300 1367//1367
f 1209//1209 1371//1371 1343//1343
f 1346//1346 1323//1323 1326//1326
f 1246//1246 1328//1328 1411//1411
f 1304//1304 1348//1348 1344//1344
f 1166//1166 1159//1159 1331//1331
f 1337//1337 1336//1336 1353//1353
f 1244//1244 1377//1377 1386//1386
f 1311//1311 1363//1363 1321//1321
f 1368//1368 1373//1373 1351//1351
f 1236//1236 1407//1407 1340//1340
f 1280//1280 1365//1365 1345//1345
f 1322//1322 1409//1409 1348//1348
f 1354//1354 1390//1390 1301//1301
f 1317//1317 1367//1367 1306//1306
f 1209//1209 1391//1391 1371//1371
f 1302//1302 1356//1356 1419//1419
f 1328//1328 1448//1448 1411//1411
f 1348//1348 1409//1409 1344//1344
f 1366//1366 1374//1374 1300//1300
f 1329//1329 1372//1372 1414//1414
f 1244//1244 1369//1369 1377//1377
f 1283//1283 1400//1400 1316//1316
f 925//925 1327//1327 772//772
f 1314//1314 1030//1030 1324//1324
f 1314//1314 1324//1324 925//925
f 1324//1324 1327//1327 925//925
f 1333//1333 1357//1357 1417//1417
f 1249//1249 1285//1285 1392//1392
f 1349//1349 1326//1326 1420//1420
f 1340//1340 1381//1381 1334//1334
f 1342//1342 1360//1360 1368//1368
f 1301//1301 1393//1393 1363//1363
f 1380//1380 1379//1379 1365//1365
f 1335//1335 1383//1383 1361//1361
f 1354//1354 1386//1386 1390//1390
f 1336//1336 1397//1397 1353//1353
f 1355//1355 1325//1325 1403//1403
f 1359//1359 1400//1400 1308//1308
f 1356//1356 1389//1389 1419//1419
f 1376//1376 1384//1384 1378//1378
f 1362//1362 1378//1378 1384//1384
f 1375//1375 1379//1379 1382//1382
f 1362//1362 1384//1384 1387//1387
f 1302//1302 1419//1419 1357//1357
f 1326//1326 1323//1323 1420//1420
f 1347//1347 1387//1387 1399//1399
f 1374//1374 1367//1367 1300//1300
f 1407//1407 1381//1381 1340//1340
f 1376//1376 1388//1388 1384//1384
f 1353//1353 1397//1397 1296//1296
f 1352//1352 1417//1417 1394//1394
f 1390//1390 1393//1393 1301//1301
f 1323//1323 1426//1426 1420//1420
f 1403//1403 1325//1325 1463//1463
f 1249//1249 1392//1392 1358//1358
f 1365//1365 1379//1379 1375//1375
f 1334//1334 1381//1381 1369//1369
f 1333//1333 1417//1417 1352//1352
f 1349//1349 1448//1448 1328//1328
f 1336//1336 1411//1411 1397//1397
f 1390//1390 1398//1398 1412//1412
f 1359//1359 1295//1295 1400//1400
f 1410//1410 1404//1404 1321//1321
f 1361//1361 1383//1383 1360//1360
f 1325//1325 1396//1396 1463//1463
f 1376//1376 1416//1416 1388//1388
f 1365//1365 1375//1375 1345//1345
f 1382//1382 1401//1401 1375//1375
f 1390//1390 1412//1412 1393//1393
f 1323//1323 1329//1329 1414//1414
f 1345//1345 1375//1375 1445//1445
f 1347//1347 1399//1399 1402//1402
f 1296//1296 1408//1408 1405//1405
f 1351//1351 1373//1373 1380//1380
f 1363//1363 1410//1410 1321//1321
f 1236//1236 1343//1343 1407//1407
f 1335//1335 1332//1332 1383//1383
f 1325//1325 1433//1433 1396//1396
f 1325//1325 1385//1385 1433//1433
f 1403//1403 1332//1332 1355//1355
f 1344//1344 1409//1409 1385//1385
f 1386//1386 1398//1398 1390//1390
f 1296//1296 1405//1405 1285//1285
f 1267//1267 1436//1436 1322//1322
f 1321//1321 1404//1404 1356//1356
f 1377//1377 1369//1369 1381//1381
f 1306//1306 1367//1367 1374//1374
f 1375//1375 1401//1401 1423//1423
f 1363//1363 1393//1393 1410//1410
f 1370//1370 1475//1475 1159//1159
f 1382//1382 1379//1379 1444//1444
f 1386//1386 1377//1377 1422//1422
f 1374//1374 1366//1366 1306//1306
f 1375//1375 1423//1423 1445//1445
f 1322//1322 1406//1406 1409//1409
f 1378//1378 1395//1395 1413//1413
f 1376//1376 1415//1415 1416//1416
f 1352//1352 1394//1394 1330//1330
f 1387//1387 1384//1384 1418//1418
f 1296//1296 1397//1397 1408//1408
f 1378//1378 1413//1413 1415//1415
f 1422//1422 1427//1427 1386//1386
f 1330//1330 1434//1434 1366//1366
f 1323//1323 1414//1414 1426//1426
f 1372//1372 1364//1364 1414//1414
f 1417//1417 1419//1419 1421//1421
f 1391//1391 1313//1313 1431//1431
f 1366//1366 1424//1424 1306//1306
f 1412//1412 1410//1410 1393//1393
f 1376//1376 1378//1378 1415//1415
f 1358//1358 1441//1441 1295//1295
f 1424//1424 1370//1370 1306//1306
f 1395//1395 1350//1350 1413//1413
f 1357//1357 1419//1419 1417//1417
f 1394//1394 1417//1417 1421//1421
f 1377//1377 1381//1381 1422//1422
f 1368//1368 1360//1360 1425//1425
f 1349//1349 1420//1420 1439//1439
f 1422//1422 1381//1381 1427//1427
f 1332//1332 1403//1403 1443//1443
f 1388//1388 1418//1418 1384//1384
f 1370//1370 1424//1424 1475//1475
f 1316//1316 1400//1400 1428//1428
f 1356//1356 1432//1432 1389//1389
f 1373//1373 1437//1437 1380//1380
f 1380//1380 1437//1437 1379//1379
f 1424//1424 1366//1366 1434//1434
f 1349//1349 1429//1429 1448//1448
f 1267//1267 1440//1440 1436//1436
f 1391//1391 1431//1431 1371//1371
f 1408//1408 1397//1397 1448//1448
f 1330//1330 1394//1394 1434//1434
f 1386//1386 1427//1427 1398//1398
f 1409//1409 1406//1406 1433//1433
f 1409//1409 1433//1433 1385//1385
f 1349//1349 1439//1439 1429//1429
f 1322//1322 1436//1436 1406//1406
f 1316//1316 1440//1440 1267//1267
f 1408//1408 1448//1448 1430//1430
f 1420//1420 1426//1426 1439//1439
f 1398//1398 1427//1427 1412//1412
f 1379//1379 1437//1437 1444//1444
f 1424//1424 1434//1434 1475//1475
f 1392//1392 1285//1285 1405//1405
f 1411//1411 1448//1448 1397//1397
f 1434//1434 1394//1394 1446//1446
f 1387//1387 1418//1418 1399//1399
f 1394//1394 1421//1421 1446//1446
f 1415//1415 1450//1450 1416//1416
f 1427//1427 1453//1453 1412//1412
f 1406//1406 1435//1435 1433//1433
f 1332//1332 1443//1443 1383//1383
f 1406//1406 1436//1436 1489//1489
f 1431//1431 1458//1458 1371//1371
f 1408//1408 1459//1459 1405//1405
f 1423//1423 1401//1401 1457//1457
f 1368//1368 1500//1500 1373//1373
f 1159//1159 1475//1475 1331//1331
f 1423//1423 1457//1457 1445//1445
f 1427//1427 1381//1381 1453//1453
f 1364//1364 1452//1452 1414//1414
f 1415//1415 1413//1413 1451//1451
f 1356//1356 1404//1404 1483//1483
f 1447//1447 1462//1462 1442//1442
f 1434//1434 1446//1446 1475//1475
f 1425//1425 1360//1360 1383//1383
f 1442//1442 1464//1464 1447//1447
f 1408//1408 1430//1430 1459//1459
f 1419//1419 1389//1389 1421//1421
f 1368//1368 1425//1425 1500//1500
f 1404//1404 1410//1410 1469//1469
f 1350//1350 1467//1467 1413//1413
f 1442//1442 1462//1462 1454//1454
f 1445//1445 1456//1456 1345//1345
f 1442//1442 1454//1454 1464//1464
f 1350//1350 1331//1331 1467//1467
f 1404//1404 1469//1469 1483//1483
f 1382//1382 1444//1444 1461//1461
f 1449//1449 1438//1438 1456//1456
f 1449//1449 1456//1456 1479//1479
f 1449//1449 1478//1478 1438//1438
f 1450//1450 1415//1415 1462//1462
f 1415//1415 1451//1451 1462//1462
f 1416//1416 1465//1465 1388//1388
f 1438//1438 1478//1478 1455//1455
f 1447//1447 1466//1466 1462//1462
f 1403//1403 1463//1463 1443//1443
f 1407//1407 1343//1343 1468//1468
f 1445//1445 1457//1457 1456//1456
f 1412//1412 1453//1453 1410//1410
f 1343//1343 1371//1371 1468//1468
f 1450//1450 1462//1462 1466//1466
f 1431//1431 1313//1313 1471//1471
f 1407//1407 1470//1470 1381//1381
f 1414//1414 1497//1497 1426//1426
f 1345//1345 1471//1471 1313//1313
f 1406//1406 1489//1489 1435//1435
f 1438//1438 1455//1455 1456//1456
f 1389//1389 1446//1446 1421//1421
f 1455//1455 1478//1478 1492//1492
f 1410//1410 1453//1453 1469//1469
f 1389//1389 1432//1432 1446//1446
f 1440//1440 1514//1514 1436//1436
f 1382//1382 1461//1461 1401//1401
f 1381//1381 1470//1470 1453//1453
f 1460//1460 1418//1418 1388//1388
f 1464//1464 1454//1454 1477//1477
f 1413//1413 1467//1467 1451//1451
f 1432//1432 1356//1356 1483//1483
f 1388//1388 1465//1465 1460//1460
f 1345//1345 1456//1456 1471//1471
f 1371//1371 1458//1458 1468//1468
f 1364//1364 1402//1402 1476//1476
f 1364//1364 1476//1476 1452//1452
f 1402//1402 1399//1399 1476//1476
f 1456//1456 1457//1457 1479//1479
f 1373//1373 1500//1500 1437//1437
f 1401//1401 1487//1487 1457//1457
f 1447//1447 1464//1464 1474//1474
f 1455//1455 1454//1454 1456//1456
f 1454//1454 1462//1462 1451//1451
f 1469//1469 1453//1453 1472//1472
f 1454//1454 1455//1455 1492//1492
f 1454//1454 1451//1451 1456//1456
f 1414//1414 1452//1452 1497//1497
f 1454//1454 1492//1492 1477//1477
f 1446//1446 1432//1432 1473//1473
f 1461//1461 1482//1482 1401//1401
f 1331//1331 1475//1475 1496//1496
f 1433//1433 1491//1491 1396//1396
f 1407//1407 1468//1468 1470//1470
f 1435//1435 1491//1491 1433//1433
f 1453//1453 1486//1486 1472//1472
f 1446//1446 1486//1486 1475//1475
f 1486//1486 1453//1453 1470//1470
f 1446//1446 1473//1473 1486//1486
f 1473//1473 1432//1432 1483//1483
f 1467//1467 1331//1331 1496//1496
f 1449//1449 1479//1479 1485//1485
f 1451//1451 1471//1471 1456//1456
f 1316//1316 1428//1428 1440//1440
f 1437//1437 1500//1500 1444//1444
f 1449//1449 1488//1488 1478//1478
f 1425//1425 1383//1383 1500//1500
f 1469//1469 1484//1484 1483//1483
f 1472//1472 1486//1486 1484//1484
f 1448//1448 1429//1429 1511//1511
f 1431//1431 1471//1471 1467//1467
f 1465//1465 1416//1416 1481//1481
f 1431//1431 1467//1467 1458//1458
f 1474//1474 1464//1464 1490//1490
f 1416//1416 1450//1450 1499//1499
f 1457//1457 1487//1487 1479//1479
f 1473//1473 1484//1484 1486//1486
f 1467//1467 1496//1496 1458//1458
f 1472//1472 1484//1484 1469//1469
f 1451//1451 1467//1467 1471//1471
f 1449//1449 1485//1485 1488//1488
f 1399//1399 1418//1418 1501//1501
f 1295//1295 1441//1441 1400//1400
f 1500//1500 1502//1502 1444//1444
f 1435//1435 1489//1489 1491//1491
f 1416//1416 1499//1499 1481//1481
f 1470//1470 1468//1468 1486//1486
f 1473//1473 1483//1483 1484//1484
f 1486//1486 1468//1468 1475//1475
f 1464//1464 1477//1477 1490//1490
f 1396//1396 1491//1491 1463//1463
f 1448//1448 1495//1495 1430//1430
f 1478//1478 1488//1488 1492//1492
f 1461//1461 1444//1444 1480//1480
f 1430//1430 1495//1495 1459//1459
f 1426//1426 1497//1497 1509//1509
f 1485//1485 1479//1479 1498//1498
f 1452//1452 1476//1476 1497//1497
f 1405//1405 1522//1522 1392//1392
f 1440//1440 1539//1539 1514//1514
f 1447//1447 1474//1474 1466//1466
f 1489//1489 1436//1436 1494//1494
f 1460//1460 1493//1493 1418//1418
f 1400//1400 1503//1503 1428//1428
f 1479//1479 1487//1487 1498//1498
f 1358//1358 1392//1392 1441//1441
f 1468//1468 1458//1458 1496//1496
f 1401//1401 1482//1482 1487//1487
f 1475//1475 1468//1468 1496//1496
f 1480//1480 1444//1444 1502//1502
f 1383//1383 1443//1443 1500//1500
f 1461//1461 1512//1512 1482//1482
f 1460//1460 1465//1465 1493//1493
f 1500//1500 1443//1443 1504//1504
f 1459//1459 1495//1495 1405//1405
f 1463//1463 1504//1504 1443//1443
f 1489//1489 1494//1494 1510//1510
f 1448//1448 1511//1511 1495//1495
f 1450//1450 1505//1505 1499//1499
f 1439//1439 1511//1511 1429//1429
f 1400//1400 1441//1441 1503//1503
f 1450//1450 1466//1466 1505//1505
f 1474//1474 1505//1505 1466//1466
f 1399//1399 1501//1501 1476//1476
f 1463//1463 1506//1506 1504//1504
f 1489//1489 1510//1510 1491//1491
f 1418//1418 1493//1493 1501//1501
f 1426//1426 1509//1509 1439//1439
f 1436//1436 1508//1508 1494//1494
f 1508//1508 1436//1436 1514//1514
f 1488//1488 1525//1525 1492//1492
f 1476//1476 1517//1517 1497//1497
f 1497//1497 1517//1517 1509//1509
f 1500//1500 1516//1516 1502//1502
f 1510//1510 1494//1494 1491//1491
f 1463//1463 1491//1491 1506//1506
f 1465//1465 1481//1481 1515//1515
f 1495//1495 1511//1511 1405//1405
f 1439//1439 1509//1509 1513//1513
f 1392//1392 1522//1522 1544//1544
f 1465//1465 1515//1515 1493//1493
f 1461//1461 1480//1480 1512//1512
f 1500//1500 1504//1504 1516//1516
f 1440//1440 1535//1535 1539//1539
f 1405//1405 1518//1518 1507//1507
f 1490//1490 1477//1477 1520//1520
f 1492//1492 1525//1525 1477//1477
f 1485//1485 1533//1533 1488//1488
f 1392//1392 1544//1544 1441//1441
f 1405//1405 1511//1511 1518//1518
f 1509//1509 1517//1517 1527//1527
f 1405//1405 1507//1507 1529//1529
f 1508//1508 1523//1523 1494//1494
f 1519//1519 1516//1516 1504//1504
f 1480//1480 1502//1502 1524//1524
f 1519//1519 1504//1504 1506//1506
f 1509//1509 1527//1527 1513//1513
f 1477//1477 1525//1525 1520//1520
f 1507//1507 1518//1518 1521//1521
f 1405//1405 1529//1529 1522//1522
f 1440//1440 1428//1428 1535//1535
f 1481//1481 1499//1499 1515//1515
f 1439//1439 1513//1513 1518//1518
f 1507//1507 1521//1521 1529//1529
f 1439//1439 1518//1518 1511//1511
f 1508//1508 1514//1514 1523//1523
f 1505//1505 1530//1530 1499//1499
f 1491//1491 1494//1494 1523//1523
f 1502//1502 1516//1516 1524//1524
f 1491//1491 1523//1523 1506//1506
f 1488//1488 1534//1534 1525//1525
f 1474//1474 1528//1528 1530//1530
f 1487//1487 1482//1482 1531//1531
f 1474//1474 1530//1530 1505//1505
f 1526//1526 1506//1506 1523//1523
f 1512//1512 1480//1480 1524//1524
f 1476//1476 1541//1541 1517//1517
f 1482//1482 1512//1512 1531//1531
f 1515//1515 1536//1536 1493//1493
f 1513//1513 1527//1527 1538//1538
f 1524//1524 1516//1516 1540//1540
f 1487//1487 1531//1531 1498//1498
f 1493//1493 1536//1536 1501//1501
f 1476//1476 1501//1501 1536//1536
f 1499//1499 1530//1530 1515//1515
f 1474//1474 1490//1490 1537//1537
f 1519//1519 1506//1506 1540//1540
f 1476//1476 1536//1536 1541//1541
f 1498//1498 1531//1531 1543//1543
f 1485//1485 1498//1498 1533//1533
f 1503//1503 1441//1441 1544//1544
f 1506//1506 1526//1526 1540//1540
f 1514//1514 1546//1546 1523//1523
f 1474//1474 1537//1537 1528//1528
f 1517//1517 1541//1541 1527//1527
f 1532//1532 1514//1514 1539//1539
f 1513//1513 1538//1538 1518//1518
f 1533//1533 1498//1498 1543//1543
f 1516//1516 1519//1519 1540//1540
f 1490//1490 1520//1520 1537//1537
f 1522//1522 1529//1529 1545//1545
f 1512//1512 1524//1524 1531//1531
f 1488//1488 1533//1533 1534//1534
f 1523//1523 1542//1542 1526//1526
f 1525//1525 1534//1534 1520//1520
f 1514//1514 1532//1532 1546//1546
f 1530//1530 1556//1556 1547//1547
f 1515//1515 1530//1530 1547//1547
f 1515//1515 1547//1547 1536//1536
f 1503//1503 1544//1544 1576//1576
f 1536//1536 1547//1547 1541//1541
f 1428//1428 1503//1503 1535//1535
f 1523//1523 1546//1546 1542//1542
f 1531//1531 1553//1553 1543//1543
f 1524//1524 1540//1540 1553//1553
f 1531//1531 1524//1524 1553//1553
f 1522//1522 1550//1550 1544//1544
f 1533//1533 1543//1543 1552//1552
f 1527//1527 1548//1548 1538//1538
f 1527//1527 1541//1541 1548//1548
f 1532//1532 1542//1542 1546//1546
f 1532//1532 1539//1539 1542//1542
f 1528//1528 1537//1537 1530//1530
f 1521//1521 1555//1555 1529//1529
f 1518//1518 1555//1555 1521//1521
f 1550//1550 1522//1522 1545//1545
f 1530//1530 1563//1563 1556//1556
f 1526//1526 1567//1567 1540//1540
f 1529//1529 1555//1555 1545//1545
f 1520//1520 1534//1534 1559//1559
f 1552//1552 1534//1534 1533//1533
f 1541//1541 1547//1547 1548//1548
f 1550//1550 1560//1560 1544//1544
f 1543//1543 1553//1553 1558//1558
f 1550//1550 1554//1554 1560//1560
f 1540//1540 1567//1567 1551//1551
f 1558//1558 1561//1561 1543//1543
f 1540//1540 1551//1551 1553//1553
f 1538//1538 1555//1555 1518//1518
f 1520//1520 1559//1559 1537//1537
f 1542//1542 1539//1539 1567//1567
f 1549//1549 1562//1562 1539//1539
f 1542//1542 1567//1567 1526//1526
f 1503//1503 1576//1576 1535//1535
f 1556//1556 1548//1548 1547//1547
f 1557//1557 1549//1549 1571//1571
f 1549//1549 1539//1539 1571//1571
f 1556//1556 1564//1564 1548//1548
f 1548//1548 1564//1564 1538//1538
f 1549//1549 1557//1557 1562//1562
f 1539//1539 1562//1562 1567//1567
f 1553//1553 1565//1565 1558//1558
f 1552//1552 1543//1543 1561//1561
f 1553//1553 1551//1551 1565//1565
f 1559//1559 1578//1578 1537//1537
f 1550//1550 1566//1566 1554//1554
f 1545//1545 1555//1555 1550//1550
f 1561//1561 1558//1558 1569//1569
f 1530//1530 1537//1537 1563//1563
f 1551//1551 1567//1567 1565//1565
f 1539//1539 1535//1535 1571//1571
f 1563//1563 1570//1570 1556//1556
f 1534//1534 1552//1552 1559//1559
f 1554//1554 1572//1572 1560//1560
f 1552//1552 1561//1561 1559//1559
f 1560//1560 1572//1572 1544//1544
f 1550//1550 1555//1555 1566//1566
f 1571//1571 1535//1535 1573//1573
f 1558//1558 1565//1565 1569//1569
f 1571//1571 1573//1573 1593//1593
f 1537//1537 1578//1578 1563//1563
f 1568//1568 1559//1559 1574//1574
f 1544//1544 1575//1575 1576//1576
f 1563//1563 1577//1577 1570//1570
f 1544//1544 1580//1580 1575//1575
f 1556//1556 1570//1570 1564//1564
f 1568//1568 1578//1578 1559//1559
f 1557//1557 1589//1589 1562//1562
f 1566//1566 1587//1587 1554//1554
f 1572//1572 1580//1580 1544//1544
f 1557//1557 1571//1571 1589//1589
f 1538//1538 1564//1564 1555//1555
f 1563//1563 1578//1578 1577//1577
f 1562//1562 1589//1589 1567//1567
f 1573//1573 1535//1535 1581//1581
f 1561//1561 1569//1569 1574//1574
f 1576//1576 1575//1575 1582//1582
f 1573//1573 1581//1581 1579//1579
f 1559//1559 1561//1561 1574//1574
f 1582//1582 1575//1575 1583//1583
f 1574//1574 1578//1578 1568//1568
f 1575//1575 1580//1580 1590//1590
f 1555//1555 1587//1587 1566//1566
f 1564//1564 1587//1587 1555//1555
f 1574//1574 1591//1591 1578//1578
f 1535//1535 1584//1584 1581//1581
f 1565//1565 1589//1589 1569//1569
f 1535//1535 1576//1576 1585//1585
f 1564//1564 1570//1570 1599//1599
f 1571//1571 1593//1593 1589//1589
f 1535//1535 1585//1585 1584//1584
f 1576//1576 1582//1582 1586//1586
f 1575//1575 1590//1590 1583//1583
f 1554//1554 1587//1587 1572//1572
f 1565//1565 1567//1567 1589//1589
f 1585//1585 1576//1576 1586//1586
f 1581//1581 1584//1584 1588//1588
f 1569//1569 1591//1591 1574//1574
f 1582//1582 1592//1592 1586//1586
f 1564//1564 1599//1599 1587//1587
f 1584//1584 1585//1585 1594//1594
f 1569//1569 1589//1589 1595//1595
f 1573//1573 1579//1579 1595//1595
f 1580//1580 1572//1572 1587//1587
f 1582//1582 1583//1583 1592//1592
f 1581//1581 1588//1588 1601//1601
f 1573//1573 1595//1595 1593//1593
f 1577//1577 1578//1578 1596//1596
f 1584//1584 1594//1594 1588//1588
f 1585//1585 1597//1597 1598//1598
f 1591//1591 1600//1600 1578//1578
f 1580//1580 1587//1587 1599//1599
f 1585//1585 1586//1586 1597//1597
f 1585//1585 1598//1598 1594//1594
f 1581//1581 1601//1601 1579//1579
f 1593//1593 1595//1595 1589//1589
f 1569//1569 1595//1595 1600//1600
f 1569//1569 1600//1600 1591//1591
f 1580//1580 1599//1599 1590//1590
f 1590//1590 1599//1599 1583//1583
f 1570//1570 1577//1577 1599//1599
f 1599//1599 1592//1592 1583//1583
f 1579//1579 1600//1600 1595//1595
f 1579//1579 1601//1601 1600//1600
f 1597//1597 1586//1586 1596//1596
f 1594//1594 1602//1602 1588//1588
f 1577//1577 1596//1596 1599//1599
f 1578//1578 1600//1600 1596//1596
f 1601//1601 1588//1588 1600//1600
f 1592//1592 1596//1596 1586//1586
f 1598//1598 1602//1602 1594//1594
f 1599//1599 1596//1596 1592//1592
f 1600//1600 1588//1588 1602//1602
f 1602//1602 1598//1598 1597//1597
f 1600//1600 1602//1602 1596//1596
f 1597//1597 1596//1596 1602//1602
